# Blender 5.1.1
# www.blender.org
# image pulled from https://picryl.com/media/cow-animal-farm-animals-729480
# source pixbay.com, 2016
mtllib cow.mtl
o cow
v 2.292449 -0.871852 -0.882400
v 2.410367 -0.777999 -0.841105
v 2.407309 -0.974980 -0.805091
v 2.520417 -0.954785 -0.739445
v 2.514167 -1.077721 -0.706614
v 2.669281 -0.930664 -0.557166
v 2.670253 -1.108365 -0.544018
v 2.857666 -0.930625 -0.391195
v 2.757946 -1.099958 -0.471684
v 2.847364 -1.103812 -0.402301
v 2.803736 -1.255869 -0.438328
v 2.893096 -1.302168 -0.332049
v 2.824356 -1.407256 -0.355013
v 2.821376 -1.431534 0.000000
v 2.721135 -1.520418 -0.362378
v 2.706963 -1.528854 0.000000
v 2.534227 -1.617078 0.000000
v 2.545261 -1.593300 0.386310
v 2.396607 -1.593239 0.389972
v 2.422296 -1.510915 0.494169
v 2.243492 -1.584783 0.431143
v 2.249663 -1.492705 0.531270
v 2.048200 -1.581983 0.555832
v 2.079600 -1.473377 0.654997
v 1.963153 -1.588839 0.612861
v 2.059844 -1.561331 0.858957
v 1.991892 -1.748400 0.652770
v 2.053108 -1.738285 0.824853
v 1.945206 -2.015769 0.672724
v 2.047696 -2.050138 0.814712
v 1.921881 -2.157616 0.692678
v 2.024530 -2.195334 0.811284
v 1.947264 -2.443232 0.732587
v 1.953911 -2.462233 0.830594
v 1.994078 -2.713047 0.824553
v 1.960643 -2.712860 0.900890
v 2.057496 -2.887282 0.844225
v 2.021366 -2.881725 0.945561
v 2.113587 -3.011851 0.851648
v 2.091539 -3.032437 0.947029
v 2.217369 -3.156093 0.888927
v 2.170039 -3.134504 0.978866
v 2.201939 -3.226457 0.996503
v 2.148880 -3.221616 1.076203
v 2.247981 -3.342804 1.127459
v 2.138771 -3.397683 1.214726
v 2.254361 -3.550931 1.235118
v 2.025468 -3.556842 1.204841
v 2.197935 -3.583948 0.936437
v 2.078928 -3.584991 0.917088
v 2.126553 -3.549679 0.701005
v 2.002745 -3.523420 0.688103
v 2.107985 -3.363571 0.677007
v 1.941325 -3.434803 0.701314
v 1.929730 -3.298418 0.689538
v 1.839523 -3.405292 0.883488
v 1.832790 -3.296508 0.865078
v 1.841888 -3.246003 1.014774
v 1.811797 -3.135641 0.933096
v 1.886443 -3.191742 1.047318
v 1.855134 -3.083228 0.986129
v 1.898573 -3.068274 0.994338
v 1.806371 -2.949735 0.984058
v 1.848272 -2.927260 0.996966
v 1.771416 -2.769024 0.946100
v 1.830669 -2.736121 0.903313
v 1.737623 -2.485017 0.918334
v 1.801127 -2.484690 0.938593
v 1.818266 -2.313852 0.968652
v 1.864064 -2.469953 0.935601
v 1.906370 -2.282284 0.964887
v 1.930747 -2.463535 0.894743
v 1.985330 -2.221319 0.893145
v 1.880971 -2.733242 0.890200
v 1.911792 -2.895773 0.950117
v 1.980621 -3.043895 0.964237
v 1.970051 -3.141862 1.065178
v 1.926176 -3.288880 1.093746
v 1.865135 -3.353827 1.054981
v 1.933899 -3.546253 0.912438
v 1.919391 -3.487078 1.110869
v 1.981186 -3.441282 1.180532
v 2.031262 -3.256709 1.111122
v 2.110033 -3.148257 1.068816
v 2.229345 -0.992723 -0.862826
v 2.386465 -1.116066 -0.761367
v 2.180012 -1.130557 -0.821812
v 2.354287 -1.193746 -0.735189
v 2.158051 -1.209613 -0.783941
v 2.318787 -1.294090 -0.673863
v 2.126237 -1.330172 -0.721011
v 2.274533 -1.433487 -0.567366
v 2.079600 -1.473377 -0.654997
v 2.249663 -1.492705 -0.531270
v 2.048200 -1.581983 -0.555832
v 2.243492 -1.584783 -0.431143
v 1.920432 -1.567396 0.000000
v 2.167167 -1.596326 0.000000
v 1.721211 -1.590185 0.601932
v 1.604939 -1.556997 0.000000
v 1.599889 -1.595526 0.623185
v 1.223415 -1.532658 0.434522
v 1.451825 -1.576856 0.702758
v 1.210555 -1.460061 0.576841
v 1.328862 -1.352627 0.758733
v 1.192040 -1.330605 0.678707
v 1.219163 -1.218342 0.823029
v 0.922703 -1.296032 0.728307
v 0.930660 -1.216516 0.831196
v 0.538756 -1.408602 0.764911
v 0.530629 -1.316423 0.929842
v -0.063012 -1.583021 0.865082
v -0.072300 -1.450245 1.087397
v -0.535144 -1.615983 0.920556
v -0.526127 -1.495000 1.167736
v -0.953236 -1.545941 0.899180
v -0.952525 -1.440582 1.168650
v -1.198513 -1.456102 0.885435
v -1.407658 -1.236026 1.112930
v -1.366873 -1.340211 0.907567
v -1.456655 -1.295527 0.894240
v -1.552229 -1.555077 0.735708
v -1.592146 -1.408592 0.838483
v -1.659758 -1.544361 0.788181
v -1.686329 -1.414405 0.869373
v -1.777628 -1.473076 0.845827
v -1.776785 -1.275107 0.914703
v -2.042059 -1.312976 0.940911
v -2.031698 -1.097344 0.966701
v -2.119856 -1.128800 0.970960
v -2.033406 -0.910030 0.964220
v -2.306662 -1.116976 0.961238
v -2.299356 -1.025449 1.044687
v -2.566746 -1.211312 1.167101
v -2.292049 -0.933921 1.128136
v -2.430508 -0.822313 1.254486
v -2.276341 -0.689823 1.268026
v -2.382920 -0.417450 1.375045
v -2.187634 -0.375454 1.406902
v -2.414730 -0.108377 1.395384
v -2.064786 0.018789 1.411866
v -2.433366 0.078222 1.371269
v -2.070413 0.207766 1.335106
v -2.473750 0.300945 1.316695
v -2.158400 0.381542 1.272962
v -2.520947 0.559036 1.273617
v -2.256285 0.547326 1.238301
v -2.536112 0.656633 1.269661
v -2.298249 0.768333 1.203884
v -2.572286 0.835495 1.252192
v -2.296056 1.062810 1.171139
v -2.684930 1.262021 1.110490
v -2.205791 1.356023 1.081662
v -2.717480 1.576797 0.875971
v -2.172139 1.623010 0.805318
v -2.715246 1.746763 0.604653
v -2.137524 1.753182 0.433142
v -2.703112 1.825435 0.395127
v -2.100170 1.789980 0.229245
v -2.697367 1.871291 0.218796
v -2.672899 1.905110 0.067168
v -3.053102 1.968810 0.051104
v -3.037562 2.001526 -0.000000
v -3.242148 2.021387 -0.000000
v -3.238225 2.005405 -0.075645
v -3.469715 1.961504 -0.071141
v -3.445903 1.923509 -0.123229
v -3.660928 1.770041 -0.115431
v -3.609021 1.745588 -0.133304
v -3.768245 1.475619 -0.124295
v -3.714787 1.473248 -0.107668
v -3.752468 1.017751 -0.099865
v -3.716312 1.021474 -0.057693
v -3.686972 0.515966 -0.053185
v -3.674766 0.517345 -0.000063
v -3.661331 0.167886 0.000058
v -3.686972 0.515966 0.053185
v -3.672559 0.166625 0.048678
v -3.720269 0.512205 0.092064
v -3.703185 0.163182 0.084262
v -3.765736 0.507070 0.106281
v -3.745007 0.158482 0.097274
v -3.811194 0.501935 0.092033
v -3.786822 0.153783 0.084233
v -3.844470 0.498176 0.053132
v -3.817430 0.150343 0.048629
v -3.856649 0.496801 -0.000000
v -3.828633 0.149083 -0.000000
v -3.817381 0.150348 -0.048728
v -3.860740 -0.188349 -0.024962
v -3.845923 -0.188822 -0.069180
v -3.921874 -0.538502 -0.145307
v -3.805575 -0.190109 -0.101447
v -3.910546 -0.601719 -0.163159
v -3.873622 -0.759035 -0.197169
v -3.917882 -1.082831 -0.289171
v -3.742608 -0.729374 -0.149361
v -3.777709 -1.051411 -0.240495
v -3.581963 -1.413947 -0.104371
v -3.820370 -1.239135 -0.269807
v -3.683069 -1.591975 -0.115233
v -3.828485 -1.786559 -0.114095
v -3.890388 -1.750102 0.017612
v -3.977657 -1.750845 -0.184909
v -4.000019 -1.567512 -0.275350
v -4.073086 -1.649491 -0.238382
v -4.001496 -1.375703 -0.285641
v -4.111927 -1.333141 -0.267160
v -3.988138 -0.962789 -0.223649
v -4.042715 -0.876710 -0.168968
v -3.975337 -0.554961 -0.014407
v -3.845990 -0.188820 0.019164
v -3.786736 0.153792 -0.084291
v -3.750500 -0.191867 -0.113230
v -3.744907 0.158493 -0.097274
v -3.695452 -0.193624 -0.101369
v -3.703099 0.163192 -0.084205
v -3.655175 -0.194909 -0.069044
v -3.672510 0.166630 -0.048579
v -3.640457 -0.195379 -0.024909
v -3.655240 -0.194907 0.019209
v -3.695565 -0.193620 0.051497
v -3.750630 -0.191863 0.063305
v -3.720269 0.512205 -0.092064
v -3.801840 1.012668 -0.115288
v -3.821694 1.477989 -0.107631
v -3.698925 1.787941 -0.066640
v -3.478430 1.975409 -0.000000
v -3.469715 1.961504 0.071141
v -3.238225 2.005405 0.075645
v -3.445903 1.923509 0.123229
v -3.227504 1.961738 0.131029
v -3.413372 1.871604 0.142309
v -3.077669 1.871112 0.217368
v -3.358510 1.810253 0.380095
v -3.075310 1.846000 0.363149
v -3.109047 1.789477 0.565323
v -3.085650 1.657340 0.784479
v -3.028932 1.461517 0.941324
v -2.930312 1.103580 1.125876
v -2.825835 0.755899 1.209042
v -2.790630 0.468810 1.224273
v -3.765736 0.507070 -0.106281
v -3.851206 1.007586 -0.099831
v -3.860820 1.479723 -0.062137
v -3.712832 1.794492 -0.000000
v -3.698925 1.787941 0.066640
v -3.660928 1.770041 0.115431
v -3.609021 1.745588 0.133304
v -3.557104 1.721130 0.115470
v -3.380836 1.819691 0.123273
v -3.519086 1.703220 0.066709
v -3.357009 1.781675 0.071216
v -3.507689 1.700214 -0.000000
v -3.348274 1.767738 -0.000085
v -3.357009 1.781675 -0.071216
v -3.380836 1.819691 -0.123273
v -3.519086 1.703220 -0.066709
v -3.557104 1.721130 -0.115470
v -3.675638 1.471512 -0.062201
v -3.413372 1.871604 -0.142309
v -3.392806 1.769365 -0.000000
v -3.227504 1.961738 -0.131029
v -3.077669 1.871112 -0.217368
v -3.053102 1.968810 -0.051104
v -2.697367 1.871291 -0.218796
v -2.672899 1.905110 -0.067168
v -2.100170 1.789980 -0.229245
v -2.079597 1.817785 -0.138375
v -1.714432 1.747956 -0.247594
v -1.683863 1.789041 -0.121501
v -1.396332 1.723782 -0.267642
v -1.365948 1.769608 -0.133901
v -1.227613 1.709095 -0.276029
v -1.215563 1.757097 -0.133494
v -0.954897 1.677544 -0.293034
v -0.894132 1.712652 -0.151911
v -0.557624 1.641278 -0.271462
v -0.559706 1.694180 -0.186107
v -0.267035 1.627058 -0.266577
v -0.221516 1.686349 -0.151403
v 0.237330 1.595746 -0.288672
v 0.223642 1.684075 -0.160743
v 0.737904 1.604213 -0.281713
v 0.733818 1.740873 -0.000000
v 1.483832 1.697594 -0.288781
v 1.462507 1.745481 -0.222394
v 1.807583 1.756546 -0.177627
v 1.794465 1.787719 -0.000000
v 2.042206 1.777154 -0.000000
v 1.807583 1.756546 0.177627
v 2.069379 1.727818 0.212746
v 1.798719 1.714447 0.259352
v 2.096552 1.678482 0.326810
v 1.821946 1.618209 0.403751
v 2.189848 1.468992 0.517501
v 1.859443 1.450393 0.632222
v 2.266003 1.273253 0.663332
v 1.958254 1.130271 0.861813
v 2.347317 1.066114 0.758763
v 1.975941 0.827957 1.018423
v 2.399389 0.782091 0.915279
v 2.023441 0.529338 1.144399
v 2.448969 0.529858 1.037335
v 2.081700 0.283249 1.259461
v 2.495354 0.250522 1.132081
v 2.500490 -0.035029 1.170179
v 2.649413 0.031535 1.024796
v 2.607430 -0.208248 0.974218
v 2.734183 0.038769 0.865810
v 2.702577 -0.197406 0.795611
v 2.743995 -0.129852 0.718277
v 2.736198 -0.346225 0.659345
v 2.835437 -0.231101 0.577890
v 2.881063 -0.493146 0.521968
v 2.986408 -0.413503 0.428964
v 2.910769 -0.638444 0.431191
v 3.053144 -0.609681 0.326931
v 2.993075 -0.708434 0.342596
v 3.107533 -0.691019 0.264602
v 3.045715 -0.767786 0.261741
v 3.118124 -0.703925 0.000000
v 3.065544 -0.788768 0.000000
v 3.045715 -0.767786 -0.261741
v 2.970902 -0.959664 0.000000
v 2.960118 -0.941827 -0.284743
v 2.931756 -1.129655 0.000000
v 2.928787 -1.107467 -0.312054
v 2.960118 -0.941827 0.284743
v 2.928787 -1.107467 0.312054
v 2.857666 -0.930625 0.391195
v 2.847364 -1.103812 0.402301
v 2.757946 -1.099958 0.471684
v 2.803736 -1.255869 0.438328
v 2.617970 -1.235597 0.520238
v 2.740886 -1.339225 0.463604
v 2.549322 -1.335209 0.535156
v 2.663024 -1.440487 0.478149
v 2.457060 -1.400958 0.539866
v 2.515314 -1.507063 0.483275
v 2.721135 -1.520418 0.362378
v 2.824356 -1.407256 0.355013
v 2.896234 -1.319560 0.000000
v 2.893096 -1.302168 0.332049
v 2.710721 -0.830091 0.532493
v 2.669281 -0.930664 0.557166
v 2.637655 -0.768176 0.637039
v 2.520417 -0.954785 0.739445
v 2.539200 -0.727778 0.750475
v 2.410367 -0.777999 0.841105
v 2.543372 -0.548031 0.937182
v 2.384638 -0.591919 1.043058
v 2.439827 -0.395385 1.131324
v 2.108912 -0.357128 1.259691
v 2.136269 -0.187666 1.278057
v 1.664159 -0.189659 1.266729
v 2.141790 -0.055306 1.295565
v 1.660355 0.019397 1.246002
v 1.649027 0.224458 1.211969
v 0.950215 0.042751 1.256188
v 0.927775 0.195225 1.233043
v 0.539150 0.148262 1.321014
v 0.539252 0.353984 1.254493
v 0.005537 0.163519 1.472265
v -0.115190 0.458427 1.346197
v -0.752416 0.438132 1.467349
v -0.969076 0.901205 1.146223
v -1.147922 0.807955 1.254191
v -1.200768 0.978822 1.103391
v -1.454529 0.875045 1.238858
v -1.552899 1.128654 1.151040
v -1.733703 1.083864 1.181489
v -1.721806 1.391264 1.113307
v -1.980388 1.134038 1.143196
v -1.996117 1.387891 1.064104
v -2.013663 0.810726 1.158827
v -1.807421 0.657142 1.209422
v -1.405685 0.573835 1.352181
v -1.120716 0.424016 1.456990
v -0.645496 0.179261 1.584316
v 0.018086 0.002865 1.523199
v 0.516872 -0.020713 1.356627
v 0.943855 -0.101127 1.274771
v -2.030191 0.547622 1.189762
v -2.021159 0.411979 1.234679
v -1.932916 0.232972 1.304589
v -1.897394 0.037852 1.365798
v -1.795130 0.033439 1.371160
v -1.802864 -0.282523 1.401315
v -1.489699 -0.024215 1.510987
v -1.395501 -0.698702 1.553257
v -1.053434 -0.342553 1.690245
v -1.077209 -0.869649 1.633144
v -0.533528 -0.582280 1.701405
v -0.505045 -0.913827 1.645612
v 0.021051 -0.831931 1.511548
v -0.487217 -1.193519 1.504026
v -0.041570 -1.143825 1.395176
v -0.071941 -1.346991 1.237379
v 0.544825 -1.133123 1.096902
v -0.524231 -1.399266 1.313019
v -1.001366 -1.335897 1.353338
v -1.402349 -1.127845 1.309055
v -1.757573 -0.945337 1.075832
v -1.782928 -0.770786 1.173619
v -2.043593 -0.875823 1.028879
v -2.050292 -0.755566 1.114167
v -1.782298 -1.020581 0.943381
v -1.709172 -1.283232 0.897427
v -1.950547 -0.275573 1.377028
v -1.837859 -0.540871 1.295851
v -1.376176 -0.948757 1.451608
v -1.061272 -1.141877 1.496230
v -2.033655 -0.526012 1.277639
v -1.796156 0.452382 1.243643
v -1.479588 0.295746 1.440042
v -1.077307 0.165008 1.553393
v -0.536767 -0.144454 1.682232
v 0.034087 -0.225059 1.542949
v 0.542386 -0.188227 1.370375
v 0.960321 -0.308052 1.243133
v 1.678622 -0.410061 1.291177
v 2.013534 -0.662303 1.191491
v 2.346081 -0.745350 1.013296
v 2.292449 -0.871852 0.882400
v 2.407309 -0.974980 0.805091
v 2.229345 -0.992723 0.862826
v 2.386465 -1.116066 0.761367
v 2.180012 -1.130557 0.821812
v 2.354287 -1.193746 0.735189
v 2.158051 -1.209613 0.783941
v 2.318787 -1.294090 0.673863
v 2.126237 -1.330172 0.721011
v 2.274533 -1.433487 0.567366
v 2.486533 -1.274971 0.627822
v 2.510841 -1.158786 0.678057
v 2.514167 -1.077721 0.706614
v 2.670253 -1.108365 0.544018
v 2.111557 -1.376942 0.896570
v 2.071448 -1.410118 1.006192
v 2.099566 -1.259996 1.055763
v 1.966698 -1.228160 1.153716
v 2.024692 -1.074646 1.172465
v 1.838895 -1.087204 1.201408
v 1.867657 -0.920633 1.206933
v 1.635139 -0.965221 1.184968
v 1.644178 -0.857872 1.208494
v 1.640095 -0.674556 1.246804
v 1.428883 -0.986690 1.133905
v 1.373216 -0.564620 1.106245
v 1.337875 -0.945716 1.021299
v 1.252961 -0.928825 1.001643
v 1.310865 -1.136322 0.914838
v 1.230116 -1.085439 0.894543
v 0.956456 -1.070504 0.921063
v 0.939974 -0.894739 1.019809
v 0.527724 -0.862854 1.253811
v 0.948819 -0.638568 1.102958
v 0.550658 -0.633015 1.331311
v 0.974530 -0.525273 1.140353
v 0.546875 -0.390940 1.363244
v 0.010486 -0.502317 1.576297
v -1.810920 0.287592 1.292257
v 1.438439 -1.148029 1.098069
v 1.524407 -1.125312 1.142248
v 1.497480 -1.283201 1.088258
v 1.601721 -1.262359 1.141420
v 1.612396 -1.485728 1.099731
v 1.801794 -1.465464 1.129277
v 1.804927 -1.581954 1.089198
v 1.974215 -1.469208 1.068951
v 1.937009 -1.625419 1.026843
v 2.036036 -1.579080 0.967151
v 2.021591 -1.755289 0.912093
v 2.013095 -2.051912 0.911043
v 1.805207 -1.268427 1.165317
v 1.645819 -1.087442 1.173773
v 1.536037 -0.985876 1.185597
v 2.141273 -1.234642 0.941254
v 2.177450 -1.127765 0.974416
v 2.148553 -1.103067 1.065410
v 2.222082 -0.957342 1.014137
v 2.158585 -0.955809 1.113647
v 2.058189 -0.931238 1.163518
v -3.661286 1.470876 -0.000074
v -3.703058 1.022838 -0.000069
v -3.675638 1.471512 0.062201
v -3.716312 1.021474 0.057693
v -3.714787 1.473248 0.107668
v -3.752468 1.017751 0.099865
v -3.768245 1.475619 0.124295
v -3.801840 1.012668 0.115288
v -3.821694 1.477989 0.107631
v -3.851206 1.007586 0.099831
v -3.860820 1.479723 0.062137
v -3.887340 1.003866 0.057635
v -3.875140 1.480358 -0.000000
v -3.900566 1.002504 -0.000000
v -3.887340 1.003866 -0.057635
v -3.844470 0.498176 -0.053132
v -3.811194 0.501935 -0.092033
v 2.510841 -1.158786 -0.678057
v 2.486533 -1.274971 -0.627822
v 2.457060 -1.400958 -0.539866
v 2.422296 -1.510915 -0.494169
v 2.617970 -1.235597 -0.520238
v 2.549322 -1.335209 -0.535156
v 2.515314 -1.507063 -0.483275
v 2.396607 -1.593239 -0.389972
v 2.740886 -1.339225 -0.463604
v 2.663024 -1.440487 -0.478149
v 2.545261 -1.593300 -0.386310
v 2.348182 -1.624595 0.000000
v 2.539200 -0.727778 -0.750475
v 2.637655 -0.768176 -0.637039
v 2.710721 -0.830091 -0.532493
v 2.910769 -0.638444 -0.431191
v 2.993075 -0.708434 -0.342596
v 3.053144 -0.609681 -0.326931
v 3.107533 -0.691019 -0.264602
v 3.342159 -0.384674 -0.201349
v 3.335210 -0.375755 0.000000
v 3.342159 -0.384674 0.201349
v 3.486028 -0.141683 0.000000
v 3.514981 -0.121886 0.187589
v 3.731689 0.186391 -0.000000
v 3.737014 0.181837 0.176819
v 3.929251 0.411689 -0.000000
v 3.955635 0.432417 0.197586
v 4.126565 0.642027 -0.000000
v 4.120842 0.627141 0.185461
v 4.359048 0.700414 0.166651
v 4.319799 0.731007 0.291212
v 4.669690 0.738163 0.188296
v 4.712067 0.770512 0.333393
v 4.963526 0.797382 0.143440
v 4.996710 0.810560 0.280771
v 5.137075 0.824518 0.144842
v 5.153735 0.831575 0.218348
v 5.264430 0.855571 0.181694
v 5.197562 0.922406 0.302473
v 5.299005 0.908991 0.260177
v 5.223571 0.974029 0.362117
v 5.370709 0.980272 0.337432
v 5.241466 1.040469 0.383965
v 5.379461 1.045817 0.349748
v 5.250485 1.123029 0.385234
v 5.388455 1.119419 0.351883
v 5.260653 1.184173 0.352062
v 5.397967 1.174238 0.346802
v 5.296963 1.322443 0.357984
v 5.425783 1.264372 0.329687
v 5.334328 1.402713 0.332639
v 5.471928 1.345179 0.313899
v 5.373133 1.541142 0.246712
v 5.528186 1.440180 0.250666
v 5.566339 1.498677 0.190905
v 5.647186 1.394606 0.257833
v 5.685194 1.452202 0.188749
v 5.730427 1.435668 0.209848
v 5.741781 1.463956 0.124891
v 5.813217 1.415581 0.195261
v 5.842092 1.427708 0.130724
v 5.886832 1.385674 0.172365
v 5.915025 1.382159 0.136820
v 5.941384 1.330818 0.178936
v 5.979357 1.325532 0.125337
v 5.998088 1.231874 0.107334
v 5.963117 1.307775 0.001098
v 5.963527 1.232407 0.001121
v 5.998088 1.231874 -0.107334
v 5.961686 1.110978 -0.090324
v 5.959462 1.157227 -0.187097
v 5.950684 1.082725 -0.175648
v 5.912147 1.117911 -0.254197
v 5.884856 1.062202 -0.249545
v 5.837875 1.141493 -0.305184
v 5.800778 1.078596 -0.319450
v 5.672187 1.164767 -0.354080
v 5.763952 1.062109 -0.338641
v 5.690122 1.092917 -0.370850
v 5.681086 1.054964 -0.355860
v 5.598282 1.094735 -0.386994
v 5.580223 1.047470 -0.372696
v 5.470775 1.009574 -0.355371
v 5.535184 0.980180 -0.341257
v 5.434594 0.970412 -0.330823
v 5.480649 0.941387 -0.316248
v 5.373646 0.885375 -0.208840
v 5.546347 0.916044 -0.246782
v 5.511556 0.863525 -0.177613
v 5.603370 0.852748 -0.162335
v 5.449164 0.847535 -0.103909
v 5.568745 0.834653 -0.071390
v 5.469641 0.838722 0.000798
v 5.579253 0.837796 0.000896
v 5.568745 0.834653 0.071390
v 5.679621 0.839500 0.000985
v 5.704630 0.849158 0.128130
v 5.797411 0.880032 0.072306
v 5.748613 0.920490 0.205099
v 5.851404 0.929008 0.105362
v 5.757506 0.957900 0.210732
v 5.878630 0.986485 0.128292
v 5.857750 0.997026 0.236768
v 5.923808 1.025283 0.153084
v 5.884856 1.062202 0.249545
v 5.950684 1.082725 0.175648
v 5.912147 1.117911 0.254197
v 5.959462 1.157227 0.187097
v 5.895899 1.182730 0.164705
v 5.931474 1.233483 0.215613
v 5.847989 1.311569 0.261476
v 5.704630 0.849158 -0.128130
v 5.797411 0.880032 -0.072306
v 5.748613 0.920490 -0.205099
v 5.851404 0.929008 -0.105362
v 5.757506 0.957900 -0.210732
v 5.878630 0.986485 -0.128292
v 5.857750 0.997026 -0.236768
v 5.923808 1.025283 -0.153084
v 5.755282 1.004149 -0.307505
v 5.674999 0.950754 -0.227960
v 5.672385 1.007694 -0.341778
v 5.573803 0.952578 -0.243886
v 5.580727 0.999330 -0.349867
v 5.638369 0.904402 -0.222548
v 5.580797 1.174135 -0.351054
v 5.563253 1.235295 -0.317238
v 5.397967 1.174238 -0.346802
v 5.425783 1.264372 -0.329687
v 5.296963 1.322443 -0.357984
v 5.334328 1.402713 -0.332639
v 5.233176 1.442459 -0.362988
v 5.373133 1.541142 -0.246712
v 5.216855 1.636645 -0.279797
v 5.383208 1.619661 -0.202452
v 5.218821 1.803552 -0.199306
v 5.321136 1.795562 -0.119606
v 5.177545 1.932323 0.000214
v 5.378289 1.768448 0.000441
v 5.321136 1.795562 0.119606
v 5.424281 1.721152 0.000496
v 5.421809 1.685349 0.123555
v 5.588763 1.573846 0.000686
v 5.604888 1.546091 0.113773
v 5.680007 1.510009 0.000786
v 5.687035 1.499636 0.110765
v 5.743997 1.482739 0.000851
v 5.835498 1.436280 0.000946
v 5.908842 1.388968 0.001026
v 5.979357 1.325532 -0.125337
v 5.915025 1.382159 -0.136820
v 5.941384 1.330818 -0.178936
v 5.886832 1.385674 -0.172365
v 5.847989 1.311569 -0.261476
v 5.813217 1.415581 -0.195261
v 5.783731 1.341471 -0.284590
v 5.730427 1.435668 -0.209848
v 5.710154 1.360653 -0.290072
v 5.647186 1.394606 -0.257833
v 5.608974 1.317869 -0.319719
v 5.528186 1.440180 -0.250666
v 5.471928 1.345179 -0.313899
v 5.681726 1.282503 -0.333871
v 5.773410 1.225861 -0.323025
v 5.840665 1.221942 -0.187128
v 5.849792 1.193480 -0.181047
v 5.931474 1.233483 -0.215613
v 5.895899 1.182730 -0.164705
v 5.764774 1.279824 -0.308562
v 5.803425 1.260787 -0.210002
v 5.566339 1.498677 -0.190905
v 5.685194 1.452202 -0.188749
v 5.741781 1.463956 -0.124891
v 5.842092 1.427708 -0.130724
v 5.383208 1.619661 0.202452
v 5.218821 1.803552 0.199306
v 5.156645 1.942902 0.119993
v 5.127157 1.942759 0.211214
v 5.072165 2.043630 0.209228
v 5.060840 2.053335 0.309324
v 4.971394 2.146686 0.224781
v 4.995978 2.148785 0.344534
v 4.832890 2.262727 0.283787
v 4.893850 2.220523 0.417713
v 4.739441 2.299169 0.369987
v 4.837331 2.235678 0.479332
v 4.636582 2.263383 0.471997
v 4.744050 2.179337 0.556057
v 4.561299 2.133066 0.547248
v 4.688114 2.046378 0.604518
v 4.533113 1.989009 0.578975
v 4.551484 1.841749 0.575191
v 4.432610 1.878873 0.577888
v 4.459682 1.778884 0.588185
v 4.386380 1.770868 0.596666
v 4.477781 1.687858 0.597407
v 4.404221 1.662433 0.616610
v 4.560024 1.604023 0.589333
v 4.430999 1.535753 0.638888
v 4.596478 1.512987 0.598982
v 4.522247 1.398278 0.644892
v 4.679116 1.438434 0.589658
v 4.641547 1.285422 0.622034
v 4.761601 1.363013 0.571370
v 4.733657 1.227371 0.592883
v 4.955360 1.236724 0.505230
v 4.991713 1.163096 0.504149
v 5.158322 1.236770 0.418043
v 5.223191 1.371491 0.388069
v 4.927282 1.486953 0.526327
v 4.982822 1.503071 0.507606
v 4.917973 1.681480 0.544201
v 5.103427 1.624404 0.434275
v 5.019836 1.739907 0.485562
v 5.133171 1.715563 0.334258
v 5.058179 1.788186 0.417387
v 5.152698 1.830661 0.287042
v 5.105589 1.864086 0.347113
v 5.097062 1.954206 0.328795
v 5.095375 1.961238 0.401516
v 5.067202 2.027704 0.422291
v 5.057495 2.002751 0.451974
v 5.030641 2.102197 0.432329
v 5.002440 2.105746 0.468233
v 4.937950 2.181155 0.486939
v 4.927885 2.156560 0.516579
v 4.881855 2.194544 0.530288
v 4.872539 2.159259 0.542891
v 4.807794 2.143653 0.570393
v 4.798297 2.118191 0.591085
v 4.728963 2.036146 0.614307
v 4.751519 2.039658 0.634134
v 4.760921 1.881357 0.613120
v 4.788476 2.028047 0.608619
v 4.842883 2.021333 0.638025
v 4.825996 2.089176 0.576083
v 4.881574 2.094571 0.539949
v 4.697024 1.862575 0.604048
v 4.560751 1.785154 0.562428
v 5.216855 1.636645 0.279797
v 5.233176 1.442459 0.362988
v 4.798410 1.473149 0.570618
v 4.715646 1.502195 0.584339
v 5.049690 2.032731 0.000071
v 2.881063 -0.493146 -0.521968
v 2.736198 -0.346225 -0.659345
v 2.835437 -0.231101 -0.577890
v 2.743995 -0.129852 -0.718277
v 2.953029 -0.127690 -0.520499
v 2.919870 0.084875 -0.642460
v 3.136321 0.171237 -0.539896
v 2.898733 0.271916 -0.651298
v 3.061090 0.397226 -0.574193
v 2.811504 0.469098 -0.657443
v 2.948387 0.783357 -0.515058
v 2.747937 0.712253 -0.615674
v 2.637461 1.017260 -0.581611
v 2.679445 0.687427 -0.720573
v 2.542439 0.999928 -0.648592
v 2.604217 0.728827 -0.769671
v 2.514162 0.988713 -0.674527
v 2.570400 0.738683 -0.830405
v 2.482917 0.997637 -0.702425
v 2.399389 0.782091 -0.915279
v 2.347317 1.066114 -0.758763
v 1.975941 0.827957 -1.018423
v 1.958254 1.130271 -0.861813
v 1.570685 0.938327 -0.989108
v 1.517126 1.334367 -0.741076
v 0.760722 1.205036 -0.700545
v 0.725959 1.478055 -0.461804
v 0.289039 1.496446 -0.430055
v -0.247999 1.565146 -0.389142
v 1.504951 1.483493 -0.585976
v 1.859443 1.450393 -0.632222
v 2.266003 1.273253 -0.663332
v 2.396355 1.242239 -0.597722
v 2.553871 1.284278 -0.512335
v 2.854291 1.093951 -0.494650
v 3.189664 0.907503 -0.500122
v 3.280681 0.510802 -0.499434
v 3.559394 0.706516 -0.452535
v 3.619650 0.472046 -0.391742
v 3.849352 0.664451 -0.387198
v 3.861841 0.560638 -0.311961
v 4.105198 0.672581 -0.300001
v 3.889626 0.475277 -0.247365
v 4.120842 0.627141 -0.185461
v 3.955635 0.432417 -0.197586
v 3.737014 0.181837 -0.176819
v 3.514981 -0.121886 -0.187589
v 3.286426 -0.300744 -0.276331
v 3.438950 -0.082580 -0.257015
v 3.199571 -0.153739 -0.380150
v 3.378799 0.073736 -0.355362
v 3.166160 0.021310 -0.457261
v 3.360040 0.165487 -0.412685
v 3.321825 0.266690 -0.465750
v 3.641195 0.407454 -0.362198
v 3.674710 0.338839 -0.307840
v 3.700363 0.265794 -0.240762
v 2.986408 -0.413503 -0.428964
v 4.359048 0.700414 -0.166651
v 4.380854 0.704574 -0.000130
v 4.669690 0.738163 -0.188296
v 4.655453 0.758022 0.000098
v 4.920855 0.812339 0.000318
v 2.753156 0.400829 -0.713141
v 2.706960 0.393597 -0.849582
v 2.790681 0.219187 -0.718263
v 2.731512 0.219003 -0.891585
v 2.734183 0.038769 -0.865810
v 2.649413 0.031535 -1.024796
v 2.607430 -0.208248 -0.974218
v 2.500490 -0.035029 -1.170179
v 2.452588 -0.244072 -1.138797
v 2.136269 -0.187666 -1.278057
v 2.439827 -0.395385 -1.131324
v 2.108912 -0.357128 -1.259691
v 2.384638 -0.591919 -1.043058
v 2.013534 -0.662303 -1.191491
v 2.346081 -0.745350 -1.013296
v 2.245624 -0.864372 -0.995778
v 2.222082 -0.957342 -1.014137
v 2.177450 -1.127765 -0.974416
v 2.141273 -1.234642 -0.941254
v 2.111557 -1.376942 -0.896570
v 2.059844 -1.561331 -0.858957
v 1.963153 -1.588839 -0.612861
v 2.158585 -0.955809 -1.113647
v 2.058189 -0.931238 -1.163518
v 2.148553 -1.103067 -1.065410
v 2.024692 -1.074646 -1.172465
v 2.099566 -1.259996 -1.055763
v 1.966698 -1.228160 -1.153716
v 1.974215 -1.469208 -1.068951
v 1.805207 -1.268427 -1.165317
v 1.801794 -1.465464 -1.129277
v 1.612396 -1.485728 -1.099731
v 1.804927 -1.581954 -1.089198
v 1.650318 -1.645881 -1.053347
v 1.818846 -1.756976 -1.023593
v 1.717145 -1.809530 -1.004092
v 1.839224 -2.109267 -0.998351
v 1.720031 -2.105568 -0.971354
v 1.710406 -2.272223 -0.954296
v 1.624900 -2.087301 -0.963391
v 1.648793 -2.280014 -0.929365
v 1.586321 -2.273752 -0.880969
v 1.678986 -2.513137 -0.891745
v 1.655948 -2.520927 -0.844269
v 1.718315 -2.775468 -0.921796
v 1.700797 -2.794792 -0.824250
v 1.705953 -3.006628 -0.832630
v 1.776024 -2.980086 -0.707575
v 1.741854 -3.114181 -0.700705
v 1.857471 -2.950722 -0.669988
v 1.900481 -3.131932 -0.728621
v 1.998099 -3.039955 -0.718855
v 2.059222 -3.230076 -0.674936
v 2.187495 -3.161535 -0.800285
v 2.235942 -3.243103 -0.823955
v 2.236407 -3.220054 -0.892030
v 2.309358 -3.345468 -0.801508
v 2.327021 -3.352317 -0.958234
v 2.377814 -3.484109 -0.800332
v 2.440236 -3.509564 -1.019417
v 2.197935 -3.583948 -0.936437
v 2.386827 -3.462222 -1.136480
v 2.343303 -3.507846 -1.195262
v 2.247981 -3.342804 -1.127459
v 2.138771 -3.397683 -1.214726
v 2.148880 -3.221616 -1.076203
v 2.031262 -3.256709 -1.111122
v 2.110033 -3.148257 -1.068816
v 1.970051 -3.141862 -1.065178
v 1.980621 -3.043895 -0.964237
v 1.898573 -3.068274 -0.994338
v 1.848272 -2.927260 -0.996966
v 1.855134 -3.083228 -0.986129
v 1.806371 -2.949735 -0.984058
v 1.735077 -3.022732 -0.972751
v 1.734568 -2.965876 -0.986396
v 2.281229 -3.338250 -1.043475
v 2.201939 -3.226457 -0.996503
v 2.170039 -3.134504 -0.978866
v 2.217369 -3.156093 -0.888927
v 2.113587 -3.011851 -0.851648
v 2.073690 -3.020848 -0.782654
v 2.057496 -2.887282 -0.844225
v 2.001343 -2.847715 -0.762517
v 1.972647 -2.728848 -0.772496
v 1.884318 -2.724404 -0.701999
v 1.947264 -2.443232 -0.732587
v 1.828658 -2.477348 -0.673470
v 1.772999 -2.230292 -0.644940
v 1.756349 -2.446399 -0.705428
v 1.677597 -2.237953 -0.696318
v 1.601290 -2.267132 -0.787696
v 1.643403 -2.076583 -0.689565
v 1.544087 -2.080722 -0.786432
v 1.473886 -1.818947 -0.799576
v 1.529305 -2.092083 -0.887353
v 1.508714 -1.808578 -0.934359
v 1.572979 -1.827591 -0.985823
v 1.541750 -1.643613 -1.014190
v 1.663494 -2.485963 -0.790773
v 1.736425 -2.743683 -0.736866
v 1.841282 -2.716008 -0.708009
v 1.945632 -2.876710 -0.703118
v 2.091539 -3.032437 -0.947029
v 2.021366 -2.881725 -0.945561
v 1.960643 -2.712860 -0.900890
v 1.994078 -2.713047 -0.824553
v 1.953911 -2.462233 -0.830594
v 1.937009 -1.625419 -1.026843
v 1.941767 -1.759457 -0.997454
v 1.918641 -2.083654 -1.001275
v 1.906370 -2.282284 -0.964887
v 1.985330 -2.221319 -0.893145
v 1.930747 -2.463535 -0.894743
v 2.071448 -1.410118 -1.006192
v 2.036036 -1.579080 -0.967151
v 2.021591 -1.755289 -0.912093
v 2.013095 -2.051912 -0.911043
v 2.543372 -0.548031 -0.937182
v 2.594499 -0.422948 -0.981263
v 2.618307 -0.549092 -0.805491
v 2.690576 -0.368057 -0.819343
v 2.688131 -0.517509 -0.672975
v 2.702577 -0.197406 -0.795611
v 2.790657 0.044324 -0.717488
v 2.647368 -0.611550 -0.669485
v 2.825540 -0.567578 -0.552597
v 2.616001 0.447717 -0.960748
v 2.448969 0.529858 -1.037335
v 2.023441 0.529338 -1.144399
v 1.582203 0.771083 -1.068180
v 0.921312 0.755659 -0.999330
v 0.857323 0.985001 -0.874029
v 0.243473 1.134082 -0.819993
v 0.305671 1.298417 -0.629719
v -0.192546 1.305535 -0.700080
v -0.179548 1.471301 -0.544513
v -0.597781 1.489620 -0.641047
v -0.626493 1.585426 -0.443136
v -1.017767 1.607824 -0.541965
v -2.033406 -0.910030 -0.964220
v -2.119856 -1.128800 -0.970960
v -2.306662 -1.116976 -0.961238
v -2.161843 -1.325837 -0.957465
v -2.337617 -1.334842 -0.966761
v -2.223917 -1.541268 -0.879260
v -2.417777 -1.553136 -0.887222
v -2.267049 -1.753901 -0.662106
v -2.508885 -1.719933 -0.721675
v -2.466779 -1.857679 -0.570461
v -2.547737 -1.833025 -0.609321
v -2.571019 -1.995375 -0.586230
v -2.647220 -1.844010 -0.594347
v -2.641567 -2.003164 -0.575611
v -2.699966 -1.850397 -0.570070
v -2.678971 -2.007694 -0.558395
v -2.709403 -1.879947 -0.508775
v -2.685663 -2.028649 -0.514928
v -2.684452 -1.891207 -0.447388
v -2.667969 -2.036634 -0.471396
v -2.614084 -1.905005 -0.404925
v -2.618068 -2.046419 -0.441284
v -2.539874 -2.049824 -0.460098
v -2.552923 -2.142304 -0.454579
v -2.513187 -2.130859 -0.497920
v -2.603284 -2.176802 -0.510638
v -2.527301 -2.106246 -0.550735
v -2.583303 -2.089191 -0.577616
v -2.513608 -2.012858 -0.558673
v -2.652120 -2.096790 -0.567258
v -2.688607 -2.101208 -0.550465
v -2.695135 -2.121650 -0.508064
v -2.677875 -2.129439 -0.465600
v -2.629199 -2.138983 -0.436227
v -2.031698 -1.097344 -0.966701
v -1.782298 -1.020581 -0.943381
v -1.776785 -1.275107 -0.914703
v -1.709172 -1.283232 -0.897427
v -1.777628 -1.473076 -0.845827
v -1.686329 -1.414405 -0.869373
v -1.659758 -1.544361 -0.788181
v -1.592146 -1.408592 -0.838483
v -1.552229 -1.555077 -0.735708
v -1.456655 -1.295527 -0.894240
v -1.366873 -1.340211 -0.907567
v -1.407658 -1.236026 -1.112930
v -1.198513 -1.456102 -0.885435
v -0.952525 -1.440582 -1.168650
v -0.953236 -1.545941 -0.899180
v -0.526127 -1.495000 -1.167736
v -0.535144 -1.615983 -0.920556
v -0.072300 -1.450245 -1.087397
v -0.063012 -1.583021 -0.865082
v 0.530629 -1.316423 -0.929842
v 0.538756 -1.408602 -0.764911
v 0.922703 -1.296032 -0.728307
v 0.912699 -1.455066 -0.576185
v 1.192040 -1.330605 -0.678707
v 1.210555 -1.460061 -0.576841
v 1.328862 -1.352627 -0.758733
v 1.451825 -1.576856 -0.702758
v 1.454817 -1.430228 -0.976569
v 1.480629 -1.640132 -0.953447
v -1.757573 -0.945337 -1.075832
v -1.402349 -1.127845 -1.309055
v -1.782928 -0.770786 -1.173619
v -1.376176 -0.948757 -1.451608
v -1.837859 -0.540871 -1.295851
v -1.395501 -0.698702 -1.553257
v -1.802864 -0.282523 -1.401315
v -1.489699 -0.024215 -1.510987
v -1.795130 0.033439 -1.371160
v -1.479588 0.295746 -1.440042
v -1.810920 0.287592 -1.292257
v -1.796156 0.452382 -1.243643
v -2.021159 0.411979 -1.234679
v -2.030191 0.547622 -1.189762
v -2.158400 0.381542 -1.272962
v -2.256285 0.547326 -1.238301
v -2.520947 0.559036 -1.273617
v -2.536112 0.656633 -1.269661
v -2.825835 0.755899 -1.209042
v -2.572286 0.835495 -1.252192
v -2.930312 1.103580 -1.125876
v -2.684930 1.262021 -1.110490
v -3.028932 1.461517 -0.941324
v -2.717480 1.576797 -0.875971
v -3.085650 1.657340 -0.784479
v -2.715246 1.746763 -0.604653
v -3.109047 1.789477 -0.565323
v -3.075310 1.846000 -0.363149
v -3.358510 1.810253 -0.380095
v -3.519716 1.685231 -0.317130
v -3.690685 1.602080 -0.000000
v -3.519716 1.685231 0.317130
v -3.734989 1.589433 0.295202
v -3.697974 1.466697 0.433432
v -3.709741 1.351194 0.211745
v -3.701634 1.272650 0.270469
v -3.601668 1.293049 -0.000000
v -3.608593 1.163581 -0.000000
v -3.701634 1.272650 -0.270469
v -3.695872 1.156978 -0.316829
v -3.684619 1.350690 -0.501428
v -3.655148 1.190938 -0.573692
v -3.476235 1.287798 -0.704766
v -3.442151 1.105486 -0.762934
v -3.244771 1.195540 -0.910945
v -3.379131 0.767915 -0.885996
v -3.196410 0.797564 -0.985913
v -3.112555 0.457376 -1.084816
v -2.790630 0.468810 -1.224273
v -2.473750 0.300945 -1.316695
v -2.070413 0.207766 -1.335106
v -1.932916 0.232972 -1.304589
v -3.278080 1.432418 -0.853958
v -3.338742 1.598933 -0.689636
v -3.395381 1.726325 -0.554770
v -3.512997 1.448050 -0.611386
v -3.527168 1.583508 -0.512679
v -3.697974 1.466697 -0.433432
v -3.709741 1.351194 -0.211745
v -3.734989 1.589433 -0.295202
v -3.709827 1.417763 -0.000000
v -2.703112 1.825435 -0.395127
v -2.137524 1.753182 -0.433142
v -2.172139 1.623010 -0.805318
v -1.929731 1.617188 -0.806390
v -1.996117 1.387891 -1.064104
v -1.582187 1.567542 -0.982349
v -1.721806 1.391264 -1.113307
v -1.551526 1.400025 -1.050193
v -1.552899 1.128654 -1.151040
v -1.278903 1.192051 -0.946843
v -1.200768 0.978822 -1.103391
v -0.910602 1.204118 -0.837740
v -0.969076 0.901205 -1.146223
v -0.406155 1.005088 -0.971088
v -0.115190 0.458427 -1.346197
v 0.316341 0.785311 -1.086260
v 0.539252 0.353984 -1.254493
v 0.939271 0.379986 -1.185872
v 0.927775 0.195225 -1.233043
v 1.630080 0.420236 -1.172369
v 1.649027 0.224458 -1.211969
v 2.081700 0.283249 -1.259461
v 1.660355 0.019397 -1.246002
v 2.141790 -0.055306 -1.295565
v 1.664159 -0.189659 -1.266729
v 2.495354 0.250522 -1.132081
v -0.674657 1.333008 -0.761059
v -1.046070 1.509097 -0.761060
v -1.292756 1.656509 -0.514030
v -1.115594 1.392380 -0.819623
v -1.338488 1.613735 -0.725441
v -1.417595 1.676180 -0.529265
v -1.744732 1.734849 -0.433807
v -1.403848 1.533059 -0.902827
v -1.465432 1.655336 -0.722125
v -2.205791 1.356023 -1.081662
v -2.296056 1.062810 -1.171139
v -2.298249 0.768333 -1.203884
v -1.980388 1.134038 -1.143196
v -2.013663 0.810726 -1.158827
v -1.807421 0.657142 -1.209422
v -1.405685 0.573835 -1.352181
v -1.120716 0.424016 -1.456990
v -1.077307 0.165008 -1.553393
v -0.645496 0.179261 -1.584316
v -0.536767 -0.144454 -1.682232
v 0.018086 0.002865 -1.523199
v 0.034087 -0.225059 -1.542949
v 0.516872 -0.020713 -1.356627
v 0.542386 -0.188227 -1.370375
v 0.943855 -0.101127 -1.274771
v 0.960321 -0.308052 -1.243133
v 1.678622 -0.410061 -1.291177
v 0.950215 0.042751 -1.256188
v 0.539150 0.148262 -1.321014
v -1.053434 -0.342553 -1.690245
v -1.077209 -0.869649 -1.633144
v -1.061272 -1.141877 -1.496230
v -1.001366 -1.335897 -1.353338
v -0.533528 -0.582280 -1.701405
v -0.505045 -0.913827 -1.645612
v -0.487217 -1.193519 -1.504026
v -0.524231 -1.399266 -1.313019
v -1.733703 1.083864 -1.181489
v -1.454529 0.875045 -1.238858
v -1.147922 0.807955 -1.254191
v -0.752416 0.438132 -1.467349
v 0.005537 0.163519 -1.472265
v -2.043593 -0.875823 -1.028879
v -2.050292 -0.755566 -1.114167
v -2.033655 -0.526012 -1.277639
v -2.276341 -0.689823 -1.268026
v -2.187634 -0.375454 -1.406902
v -2.382920 -0.417450 -1.375045
v -2.414730 -0.108377 -1.395384
v -2.649338 -0.241719 -1.339644
v -2.687022 0.076781 -1.290565
v -2.971546 0.032038 -1.215971
v -2.787011 0.264495 -1.237352
v -3.044646 0.224321 -1.164934
v -1.950547 -0.275573 -1.377028
v -1.897394 0.037852 -1.365798
v -2.064786 0.018789 -1.411866
v -2.433366 0.078222 -1.371269
v -2.462835 -1.305500 -0.966395
v -2.591357 -1.510845 -0.885470
v -2.734184 -1.717948 -0.749581
v -2.811581 -1.798210 -0.712737
v -2.892438 -1.950810 -0.878120
v -2.964215 -1.978727 -0.776572
v -2.981187 -2.142718 -0.858353
v -3.040398 -2.156239 -0.808208
v -3.030605 -2.311222 -0.884330
v -3.144012 -2.333635 -0.829994
v -3.046610 -2.510881 -0.900772
v -3.132772 -2.528669 -0.848639
v -3.040038 -2.780893 -0.914614
v -3.137383 -2.776449 -0.844117
v -3.008412 -2.899760 -0.904635
v -3.069810 -2.928755 -0.845236
v -3.011987 -3.092000 -0.860973
v -3.166971 -3.002766 -0.812106
v -3.119570 -3.183977 -0.870739
v -3.294389 -3.166225 -0.842823
v -3.223246 -3.225388 -0.976573
v -3.330406 -3.185190 -0.950058
v -3.217306 -3.187686 -1.075214
v -3.316551 -3.168932 -1.121229
v -3.227676 -3.141660 -1.103969
v -3.301857 -3.074776 -1.114869
v -3.169546 -3.135273 -1.128247
v -3.223286 -3.001780 -1.126176
v -3.177108 -2.979305 -1.139084
v -3.261810 -2.821069 -1.088218
v -3.196508 -2.788166 -1.045431
v -3.251541 -2.564050 -1.023627
v -3.162498 -2.556375 -1.058409
v -3.281816 -2.305055 -1.001878
v -3.177824 -2.279173 -1.047580
v -3.327526 -2.075729 -1.005328
v -3.207447 -2.103206 -1.071366
v -3.232610 -1.834299 -1.087832
v -3.117476 -1.866892 -1.108034
v -3.063133 -1.440555 -1.090926
v -2.955052 -1.496840 -1.128812
v -2.982676 -1.264649 -1.133596
v -2.725776 -1.214862 -1.190384
v -2.937658 -1.002749 -1.219413
v -2.624856 -0.888200 -1.261176
v -2.901159 -0.619504 -1.284058
v -2.616467 -0.511373 -1.344133
v -2.907080 -0.345582 -1.281557
v -2.430508 -0.822313 -1.254486
v -2.566746 -1.211312 -1.167101
v -2.765069 -1.561164 -1.084313
v -2.862576 -1.546894 -1.117139
v -2.918293 -1.904184 -1.004659
v -3.010917 -1.884498 -1.083510
v -2.969687 -2.097941 -0.982836
v -3.047974 -2.109628 -1.063497
v -3.068444 -2.260195 -1.035070
v -3.169489 -2.110039 -1.076796
v -2.292049 -0.933921 -1.128136
v -2.299356 -1.025449 -1.044687
v -2.687162 -1.539807 -0.988048
v -2.837147 -1.791733 -0.921563
v -3.007483 -2.270712 -0.984279
v -3.022819 -2.522240 -0.979148
v -3.078699 -2.553982 -1.046834
v -3.016419 -2.765091 -0.966671
v -3.053267 -2.764905 -1.043008
v -2.986345 -2.933770 -1.087679
v -3.107105 -2.947818 -1.092235
v -3.031250 -3.095940 -1.106355
v -3.121673 -3.120319 -1.136456
v -3.042899 -3.193907 -1.207296
v -3.135041 -3.243787 -1.189436
v -3.091252 -3.340925 -1.235864
v -3.184143 -3.298048 -1.156892
v -3.158524 -3.405872 -1.197099
v -3.194170 -3.348553 -1.007196
v -3.186750 -3.457336 -1.025606
v -3.074557 -3.486847 -0.843432
v -3.082741 -3.598298 -1.054556
v -3.006867 -3.575464 -0.830221
v -2.922908 -3.637036 -1.059206
v -2.870422 -3.601724 -0.843123
v -2.791754 -3.635993 -1.078555
v -2.740824 -3.597601 -0.875006
v -2.593513 -3.536154 -0.942450
v -2.668957 -3.397513 -0.943626
v -2.649491 -3.404362 -1.100352
v -2.749355 -3.272099 -1.034148
v -2.787341 -3.278502 -1.138621
v -2.770335 -3.208138 -1.031045
v -2.822497 -3.186549 -1.120984
v -2.884711 -3.063896 -0.993766
v -2.909010 -3.084482 -1.089147
v -2.946527 -2.939327 -0.986343
v -2.888628 -3.200302 -1.210934
v -2.845816 -3.273661 -1.218321
v -2.975439 -3.308754 -1.253240
v -2.856957 -3.449728 -1.356844
v -3.030627 -3.493327 -1.322650
v -2.981824 -3.608887 -1.346959
v -3.098730 -3.539123 -1.252987
v -2.699957 -3.390295 -1.185593
v -2.736599 -3.394849 -1.269577
v -2.583580 -3.514267 -1.278598
v -2.631547 -3.559891 -1.337380
v -2.729567 -3.602976 -1.377236
v -2.928681 -3.072892 -0.924772
v -2.803260 -3.213580 -0.942403
v -3.141072 -2.785287 -1.032318
v -3.333954 -3.058673 -0.974748
v -3.302419 -3.017921 -1.128514
v -3.339637 -2.846837 -0.966368
v -3.320330 -2.827513 -1.063914
v -3.347304 -2.573628 -0.955211
v -3.256731 -3.032131 -0.849693
v -3.300372 -2.795728 -0.878984
v -3.372066 -2.569159 -0.904785
v -3.297886 -2.549020 -0.861657
v -3.412068 -2.356105 -0.865813
v -3.339489 -2.328145 -0.827572
v -3.463753 -2.079892 -0.844667
v -3.422698 -2.070796 -0.773898
v -3.381262 -1.828189 -0.697034
v -3.211005 -1.850398 -0.700723
v -3.304804 -1.582192 -0.643445
v -3.139394 -1.687482 -0.638546
v -3.314868 -1.599081 -0.439626
v -3.120907 -1.707924 -0.431829
v -3.271035 -1.609292 0.000000
v -3.110300 -1.691720 0.000000
v -3.120907 -1.707924 0.431829
v -2.892162 -1.781087 0.000000
v -2.941731 -1.787431 0.442574
v -2.684452 -1.891207 0.447388
v -2.709403 -1.879947 0.508775
v -2.685663 -2.028649 0.514928
v -2.678971 -2.007694 0.558395
v -2.688607 -2.101208 0.550465
v -2.652120 -2.096790 0.567258
v -2.603284 -2.176802 0.510638
v -2.583303 -2.089191 0.577616
v -2.527301 -2.106246 0.550735
v -2.513608 -2.012858 0.558673
v -2.499138 -2.038090 0.504529
v -2.446375 -1.893261 0.494110
v -2.503818 -1.909806 0.431456
v -2.348005 -1.869142 0.000000
v -2.614084 -1.905005 0.404925
v -2.656867 -1.853045 0.000000
v -2.503818 -1.909806 -0.431456
v -2.446375 -1.893261 -0.494110
v -2.499138 -2.038090 -0.504529
v -2.317557 -1.874200 -0.470587
v -2.176551 -1.873816 -0.445782
v -2.147113 -1.903198 -0.362462
v -2.141621 -2.024301 -0.470257
v -2.120746 -2.045137 -0.411171
v -2.144393 -2.117408 -0.464489
v -2.124030 -2.137733 -0.406853
v -2.048681 -2.165282 -0.450843
v -2.065655 -2.124623 -0.368720
v -1.985123 -2.116661 -0.394256
v -2.060902 -2.031698 -0.372079
v -1.978344 -2.023535 -0.398257
v -2.062725 -1.884246 -0.307336
v -1.946306 -1.872735 -0.344251
v -1.799827 -1.753136 0.000000
v -1.883160 -1.829718 -0.401567
v -1.764045 -1.764987 -0.406586
v -1.747790 -1.667608 -0.606340
v -1.576196 -1.696317 -0.358146
v -1.601625 -1.593321 -0.605607
v -1.519339 -1.653776 -0.501741
v -1.480217 -1.656600 -0.606638
v -1.397474 -1.693815 -0.570541
v -1.376186 -1.661988 -0.718954
v -1.266738 -1.691944 -0.557922
v -1.226563 -1.655159 -0.687343
v -1.089642 -1.757196 -0.685154
v -1.091175 -1.707120 -0.727242
v -0.972089 -1.774507 -0.768570
v -0.812845 -1.785424 -0.768511
v -0.680046 -1.768325 -0.819080
v -0.564074 -1.789401 -0.803191
v -0.543078 -1.810473 -0.563825
v -0.422877 -1.751200 -0.823423
v -0.094135 -1.769086 -0.556924
v -0.078470 -1.688266 -0.800230
v 0.489819 -1.524947 -0.672392
v 0.912989 -1.499314 -0.419547
v 0.480235 -1.631521 -0.401961
v 0.927497 -1.558489 0.000000
v 0.446550 -1.672950 0.000000
v 0.480235 -1.631521 0.401961
v -0.112666 -1.806584 0.383324
v -0.094135 -1.769086 0.556924
v -0.543078 -1.810473 0.563825
v -0.422877 -1.751200 0.823423
v -0.564074 -1.789401 0.803191
v -0.680046 -1.768325 0.819080
v -0.812845 -1.785424 0.768511
v -0.972089 -1.774507 0.768570
v -0.977375 -1.793126 0.498747
v -1.089642 -1.757196 0.685154
v -1.108758 -1.770749 0.473033
v -1.266738 -1.691944 0.557922
v -1.305099 -1.708460 0.484230
v -1.397474 -1.693815 0.570541
v -1.406693 -1.697325 0.450399
v -1.519339 -1.653776 0.501741
v -1.576196 -1.696317 0.358146
v -1.601625 -1.593321 0.605607
v -1.747790 -1.667608 0.606340
v -1.778934 -1.550199 0.776454
v -2.037371 -1.736360 0.656787
v -2.049879 -1.562369 0.829319
v -2.267049 -1.753901 0.662106
v -2.223917 -1.541268 0.879260
v -2.417777 -1.553136 0.887222
v -2.337617 -1.334842 0.966761
v -2.462835 -1.305500 0.966395
v -0.112666 -1.806584 -0.383324
v -0.523838 -1.850065 -0.388007
v -0.155114 -1.828285 0.000000
v -0.530369 -1.860806 0.000000
v -0.523838 -1.850065 0.388007
v -0.956007 -1.825728 0.000000
v -0.972514 -1.822778 0.372649
v -1.386502 -1.718441 0.350823
v -1.395728 -1.723811 0.000000
v -0.972514 -1.822778 -0.372649
v -0.977375 -1.793126 -0.498747
v -1.108758 -1.770749 -0.473033
v -1.305099 -1.708460 -0.484230
v -1.406693 -1.697325 -0.450399
v 1.223415 -1.532658 -0.434522
v 1.289448 -1.546597 0.000000
v 1.599889 -1.595526 -0.623185
v 1.721211 -1.590185 -0.601932
v 1.740323 -1.679830 -0.664098
v 1.991892 -1.748400 -0.652770
v 2.053108 -1.738285 -0.824853
v 2.047696 -2.050138 -0.814712
v -1.610025 -1.711571 0.000000
v -1.764045 -1.764987 0.406586
v -1.386502 -1.718441 -0.350823
v -2.092921 -1.839622 0.000000
v -2.062725 -1.884246 0.307336
v -1.946306 -1.872735 0.344251
v -1.883160 -1.829718 0.401567
v -1.933565 -1.993029 0.438902
v -1.936032 -1.829617 0.488916
v -1.971059 -1.992958 0.500845
v -2.035740 -1.981182 0.547873
v -2.041110 -2.075348 0.540201
v -2.106039 -2.019111 0.510759
v -2.109684 -2.112345 0.503997
v -2.141621 -2.024301 0.470257
v -2.144393 -2.117408 0.464489
v -2.120746 -2.045137 0.411171
v -2.124030 -2.137733 0.406853
v -2.065655 -2.124623 0.368720
v -2.048681 -2.165282 0.450843
v -1.985123 -2.116661 0.394256
v -1.941442 -2.086904 0.433904
v -1.978344 -2.023535 0.398257
v -2.060902 -2.031698 0.372079
v -2.147113 -1.903198 0.362462
v -2.317557 -1.874200 0.470587
v -2.466779 -1.857679 0.570461
v -2.508885 -1.719933 0.721675
v -2.547737 -1.833025 0.609321
v -2.734184 -1.717948 0.749581
v -2.647220 -1.844010 0.594347
v -2.699966 -1.850397 0.570070
v -2.641567 -2.003164 0.575611
v -2.571019 -1.995375 0.586230
v -3.008323 -1.759271 0.655672
v -2.591357 -1.510845 0.885470
v -2.687162 -1.539807 0.988048
v -2.837147 -1.791733 0.921563
v -2.765069 -1.561164 1.084313
v -2.918293 -1.904184 1.004659
v -2.862576 -1.546894 1.117139
v -3.010917 -1.884498 1.083510
v -2.955052 -1.496840 1.128812
v -3.117476 -1.866892 1.108034
v -3.063133 -1.440555 1.090926
v -3.232610 -1.834299 1.087832
v -3.188954 -1.408279 0.963611
v -3.357996 -1.811803 0.975625
v -3.342096 -1.533989 0.921628
v -3.490520 -1.760417 0.903104
v -3.365990 -1.485170 0.888076
v -3.498521 -1.762078 0.762472
v -3.387254 -1.486027 0.672861
v -3.304804 -1.582192 0.643445
v -3.314868 -1.599081 0.439626
v -3.139394 -1.687482 0.638546
v -3.442085 -1.484120 0.406377
v -3.417689 -1.494416 0.000000
v -3.557869 -1.325941 0.378030
v -3.522115 -1.366623 0.000000
v -3.639586 -1.140102 0.333800
v -3.650579 -1.142448 0.000000
v -3.686518 -0.955181 0.320349
v -3.678793 -0.926816 0.000000
v -3.676599 -0.729578 0.330724
v -3.673607 -0.720796 0.000000
v -3.616627 -0.350374 0.338492
v -3.637643 -0.356271 0.000000
v -3.583763 -0.052271 0.000000
v -3.616627 -0.350374 -0.338492
v -3.570243 -0.060093 -0.344854
v -3.595973 -0.346391 -0.426453
v -3.529709 -0.065998 -0.437217
v -3.526766 -0.317542 -0.560837
v -3.470778 -0.078218 -0.546398
v -3.415655 -0.308965 -0.671045
v -3.458251 -0.125950 -0.731712
v -3.406618 -0.343461 -0.746456
v -3.365413 -0.113447 -0.952400
v -3.290393 -0.424259 -0.984153
v -3.101125 -0.354760 -1.162409
v -3.233333 -0.683782 -1.015512
v -3.096267 -0.668100 -1.140081
v -3.122061 -0.998702 -1.065015
v -3.283698 -0.730967 -0.793898
v -3.438226 -0.721479 -0.728141
v -3.569993 -0.731989 -0.649435
v -3.665774 -0.734080 -0.446286
v -3.676599 -0.729578 -0.330724
v -3.686518 -0.955181 -0.320349
v -3.639586 -1.140102 -0.333800
v -3.557869 -1.325941 -0.378030
v -3.442085 -1.484120 -0.406377
v -3.533910 -1.330455 -0.568246
v -3.387254 -1.486027 -0.672861
v -3.335942 -1.365685 -0.724590
v -3.365990 -1.485170 -0.888076
v -3.319817 -1.365015 -0.886015
v -3.188954 -1.408279 -0.963611
v -3.277510 -1.177346 -0.915300
v -3.150210 -1.259588 -1.001021
v -3.357996 -1.811803 -0.975625
v -3.342096 -1.533989 -0.921628
v -3.490520 -1.760417 -0.903104
v -3.498521 -1.762078 -0.762472
v -3.451965 -2.077314 -0.931974
v -3.389388 -2.305625 -0.950348
v -3.667859 -0.964867 -0.464702
v -3.631179 -1.157838 -0.505610
v -3.550120 -0.984868 -0.675228
v -3.492599 -1.180646 -0.692282
v -3.355398 -0.969157 -0.766213
v -3.279790 -1.162072 -0.784602
v -3.238094 -0.979377 -0.961631
v -3.251210 -0.948205 -0.819868
v -3.533910 -1.330455 0.568246
v -3.631179 -1.157838 0.505610
v -3.667859 -0.964867 0.464702
v -3.665774 -0.734080 0.446286
v -3.319817 -1.365015 0.886015
v -3.335942 -1.365685 0.724590
v -3.279790 -1.162072 0.784602
v -3.492599 -1.180646 0.692282
v -3.355398 -0.969157 0.766213
v -3.550120 -0.984868 0.675228
v -3.438226 -0.721479 0.728141
v -3.569993 -0.731989 0.649435
v -3.526766 -0.317542 0.560837
v -3.595973 -0.346391 0.426453
v -3.570243 -0.060093 0.344854
v -3.535416 0.191408 0.338478
v -3.552320 0.219613 -0.000000
v -3.536654 0.442277 0.322000
v -3.544507 0.467147 -0.000000
v -3.566995 0.656967 -0.000000
v -3.536654 0.442277 -0.322000
v -3.556552 0.704883 -0.280630
v -3.631292 0.701013 -0.420276
v -3.578170 0.837714 -0.288502
v -3.664355 0.932851 -0.370749
v -3.623861 0.911561 -0.000000
v -3.622326 1.005378 -0.000000
v -3.664355 0.932851 0.370749
v -3.672431 1.044224 0.364991
v -3.639878 1.015186 0.615203
v -3.655148 1.190938 0.573692
v -3.442151 1.105486 0.762934
v -3.476235 1.287798 0.704766
v -3.244771 1.195540 0.910945
v -3.278080 1.432418 0.853958
v -3.196410 0.797564 0.985913
v -3.112555 0.457376 1.084816
v -3.044646 0.224321 1.164934
v -2.787011 0.264495 1.237352
v -2.971546 0.032038 1.215971
v -2.687022 0.076781 1.290565
v -2.649338 -0.241719 1.339644
v -2.616467 -0.511373 1.344133
v -2.624856 -0.888200 1.261176
v -2.725776 -1.214862 1.190384
v -2.982676 -1.264649 1.133596
v -3.150210 -1.259588 1.001021
v -3.535416 0.191408 -0.338478
v -1.978016 -2.086834 0.494327
v -2.027242 -1.813012 0.555232
v -2.126375 -1.866497 0.502895
v -2.176551 -1.873816 0.445782
v -2.667969 -2.036634 0.471396
v -2.695135 -2.121650 0.508064
v -2.941731 -1.787431 -0.442574
v -3.184812 -2.768053 -0.850127
v -3.240554 -2.555467 -0.856262
v -3.235873 -2.335338 -0.820588
v -3.253309 -2.137354 -0.760713
v -2.042059 -1.312976 -0.940911
v -2.049879 -1.562369 -0.829319
v -1.778934 -1.550199 -0.776454
v -2.037371 -1.736360 -0.656787
v -2.027242 -1.813012 -0.555232
v -1.936032 -1.829617 -0.488916
v -2.035740 -1.981182 -0.547873
v -1.971059 -1.992958 -0.500845
v -2.041110 -2.075348 -0.540201
v -1.978016 -2.086834 -0.494327
v -1.941442 -2.086904 -0.433904
v -1.933565 -1.993029 -0.438902
v -1.200688 -1.577575 -0.799188
v -2.126375 -1.866497 -0.502895
v -2.106039 -2.019111 -0.510759
v -2.109684 -2.112345 -0.503997
v -3.516840 0.149002 -0.430359
v -3.570384 0.385564 -0.524480
v -3.582867 0.734419 -0.697787
v -3.639878 1.015186 -0.615203
v -3.504525 0.405574 -0.847066
v -3.520188 0.140164 -0.618561
v -3.424258 0.158638 -0.918279
v -3.251181 0.175063 -1.053445
v -3.160225 -0.018852 -1.113626
v -3.306875 0.379713 -0.987620
v -3.672431 1.044224 -0.364991
v -3.695872 1.156978 0.316829
v -3.684619 1.350690 0.501428
v -3.512997 1.448050 0.611386
v -3.527168 1.583508 0.512679
v -3.338742 1.598933 0.689636
v -3.395381 1.726325 0.554770
v -3.599077 0.796217 -0.000000
v -3.556552 0.704883 0.280630
v -3.578170 0.837714 0.288502
v -3.631292 0.701013 0.420276
v 1.771416 -2.769024 -0.946100
v 1.830669 -2.736121 -0.903313
v 1.911792 -2.895773 -0.950117
v 1.880971 -2.733242 -0.890200
v 1.864064 -2.469953 -0.935601
v 1.721745 -3.116887 -0.979111
v 1.802387 -3.089615 -0.961851
v 1.811797 -3.135641 -0.933096
v 1.886443 -3.191742 -1.047318
v 1.841888 -3.246003 -1.014774
v 1.926176 -3.288880 -1.093746
v 1.865135 -3.353827 -1.054981
v 1.981186 -3.441282 -1.180532
v 1.919391 -3.487078 -1.110869
v 2.025468 -3.556842 -1.204841
v 2.078928 -3.584991 -0.917088
v 2.254361 -3.550931 -1.235118
v 1.709173 -3.133145 -0.807940
v 1.806407 -3.173343 -0.834455
v 1.832790 -3.296508 -0.865078
v 1.929730 -3.298418 -0.689538
v 1.941325 -3.434803 -0.701314
v 2.107985 -3.363571 -0.677007
v 2.002745 -3.523420 -0.688103
v 2.126553 -3.549679 -0.701005
v 1.839523 -3.405292 -0.883488
v 1.933899 -3.546253 -0.912438
v 2.244147 -3.545557 -0.732888
v -3.120761 -2.157770 -0.766432
v -3.066022 -1.953125 -0.719516
v -3.008323 -1.759271 -0.655672
v 2.024530 -2.195334 -0.811284
v 1.921881 -2.157616 -0.692678
v 1.747671 -2.067518 -0.638841
v 1.945206 -2.015769 -0.672724
v 1.596751 -1.722028 -0.684655
v 1.737623 -2.485017 -0.918334
v 1.801127 -2.484690 -0.938593
v 1.818266 -2.313852 -0.968652
v 1.601721 -1.262359 -1.141420
v 1.516700 -1.453050 -1.068516
v 1.497480 -1.283201 -1.088258
v 1.430817 -1.301205 -1.024924
v 1.438439 -1.148029 -1.098069
v 1.310865 -1.136322 -0.914838
v 1.337875 -0.945716 -1.021299
v 1.230116 -1.085439 -0.894543
v 1.252961 -0.928825 -1.001643
v 0.956456 -1.070504 -0.921063
v 0.939974 -0.894739 -1.019809
v 0.544825 -1.133123 -1.096902
v 0.527724 -0.862854 -1.253811
v -0.041570 -1.143825 -1.395176
v 0.021051 -0.831931 -1.511548
v -0.071941 -1.346991 -1.237379
v 0.930660 -1.216516 -0.831196
v 1.219163 -1.218342 -0.823029
v 1.348219 -1.282064 -0.845204
v 1.838895 -1.087204 -1.201408
v 1.645819 -1.087442 -1.173773
v 1.524407 -1.125312 -1.142248
v 1.635139 -0.965221 -1.184968
v 1.536037 -0.985876 -1.185597
v 1.644178 -0.857872 -1.208494
v 1.428883 -0.986690 -1.133905
v 1.640095 -0.674556 -1.246804
v 1.373216 -0.564620 -1.106245
v 1.867657 -0.920633 -1.206933
v 0.948819 -0.638568 -1.102958
v 3.009101 1.971604 -0.034220
v 2.985371 1.982663 -0.000000
v 3.247406 2.073333 -0.000000
v 3.009101 1.971604 0.034220
v 3.233975 2.059193 0.072431
v 3.036361 1.913989 0.169838
v 3.252224 2.026347 0.148215
v 3.276333 1.863773 0.294266
v 3.479418 1.978250 0.317478
v 3.337545 1.748927 0.340210
v 3.541188 1.849183 0.386366
v 3.590526 1.701090 0.411994
v 3.814876 1.968416 0.443000
v 3.881998 1.764428 0.476337
v 3.922437 1.972461 0.483563
v 4.059885 1.860460 0.470087
v 3.966639 1.969285 0.549291
v 4.094112 1.889281 0.578435
v 3.982910 1.987391 0.639809
v 4.017509 1.996169 0.731654
v 3.945464 2.130100 0.689536
v 3.989434 2.118832 0.765086
v 3.990744 2.205448 0.710795
v 4.024700 2.187859 0.814219
v 4.044730 2.254459 0.744209
v 4.079122 2.264104 0.845010
v 4.172143 2.303394 0.778972
v 4.104864 2.298353 0.915735
v 4.215419 2.350484 0.885764
v 4.194233 2.408334 1.008471
v 4.307092 2.367482 0.877202
v 4.266263 2.421651 1.054799
v 4.303193 2.347123 1.044413
v 4.245861 2.375093 1.141312
v 4.275405 2.319905 1.046400
v 4.218457 2.356834 1.142444
v 4.211815 2.282490 1.039137
v 4.199317 2.304652 1.174540
v 4.154566 2.190480 1.129552
v 4.152557 2.235471 1.217046
v 4.126160 2.120930 1.172520
v 4.133175 2.175231 1.259323
v 4.123290 2.086854 1.295135
v 4.112680 2.195089 1.366908
v 4.082988 2.175805 1.450930
v 4.111934 2.234814 1.399949
v 4.101726 2.312318 1.438163
v 4.129926 2.308770 1.402259
v 4.148927 2.388726 1.376879
v 4.149438 2.340550 1.353693
v 4.197644 2.394643 1.248646
v 4.197516 2.349135 1.253043
v 4.228523 2.435029 1.098575
v 4.170470 2.458441 1.241846
v 4.155551 2.388662 1.091960
v 4.097362 2.366600 1.239986
v 4.061989 2.231988 1.178382
v 4.058311 2.293363 1.338054
v 4.024858 2.106568 1.208099
v 4.103303 2.038565 1.363737
v 4.143794 2.013720 1.201386
v 4.119993 2.063095 1.049178
v 4.148865 2.148829 0.986567
v 4.222795 2.228178 0.952752
v 4.296538 2.243779 0.925459
v 4.369751 2.298204 0.921894
v 4.380990 2.207701 0.839016
v 4.274886 2.220030 0.679075
v 4.273005 2.310529 0.762172
v 4.229332 2.274522 0.672749
v 4.146067 2.278102 0.707372
v 4.010847 2.270246 0.622149
v 3.928869 2.223919 0.615683
v 3.892378 2.149432 0.603589
v 4.094116 2.426172 1.381032
v 4.046673 2.341349 1.452530
v 4.102304 2.299960 1.025862
v 4.047406 2.207209 1.015108
v 4.020299 2.141675 1.002365
v 4.059714 2.194906 0.888152
v 4.022592 2.123052 0.903284
v 4.031515 1.968248 0.918460
v 4.036947 1.992167 1.072561
v 4.152166 1.868775 1.225002
v 3.758215 2.206683 0.323051
v 3.460196 2.103494 0.180368
v 3.745669 2.266001 0.241930
v 3.458300 2.151656 0.102662
v 3.727093 2.308406 0.150049
v 3.716360 2.343387 -0.000000
v 3.828001 2.352540 0.233341
v 3.787342 2.396113 -0.001159
v 3.988172 2.489642 -0.001008
v 3.828001 2.352540 -0.233341
v 4.000110 2.424158 -0.313254
v 3.961908 2.347745 -0.374747
v 4.025364 2.359300 -0.402597
v 3.967085 2.280648 -0.537643
v 4.077563 2.305187 -0.510338
v 4.010847 2.270246 -0.622149
v 4.112302 2.285832 -0.595500
v 4.146067 2.278102 -0.707372
v 4.212058 2.279450 -0.625927
v 4.229332 2.274522 -0.672749
v 4.296769 2.260422 -0.528796
v 4.274886 2.220030 -0.679075
v 4.314791 2.142163 -0.540650
v 4.267320 2.121987 -0.614940
v 4.305411 2.059245 -0.539407
v 4.354411 2.102985 -0.802580
v 4.278045 1.976660 -0.537351
v 4.354941 2.064161 -0.778851
v 4.245225 2.008532 -0.772641
v 4.281287 2.055751 -0.787000
v 4.159229 1.949902 -0.923197
v 4.131949 2.050757 -0.921856
v 4.137657 1.944837 -1.061024
v 4.119993 2.063095 -1.049178
v 4.143794 2.013720 -1.201386
v 4.126160 2.120930 -1.172520
v 4.123290 2.086854 -1.295135
v 4.133175 2.175231 -1.259323
v 4.112680 2.195089 -1.366908
v 4.141759 2.279958 -1.295340
v 4.111934 2.234814 -1.399949
v 4.140097 2.295949 -1.367196
v 4.129926 2.308770 -1.402259
v 4.149438 2.340550 -1.353693
v 4.148927 2.388726 -1.376879
v 4.197516 2.349135 -1.253043
v 4.197644 2.394643 -1.248646
v 4.218457 2.356834 -1.142444
v 4.245861 2.375093 -1.141312
v 4.275405 2.319905 -1.046400
v 4.303193 2.347123 -1.044413
v 4.296538 2.243779 -0.925459
v 4.369751 2.298204 -0.921894
v 4.380990 2.207701 -0.839016
v 4.307092 2.367482 -0.877202
v 4.273005 2.310529 -0.762172
v 4.172143 2.303394 -0.778972
v 4.044730 2.254459 -0.744209
v 3.990744 2.205448 -0.710795
v 3.928869 2.223919 -0.615683
v 3.945464 2.130100 -0.689536
v 3.892378 2.149432 -0.603589
v 3.982910 1.987391 -0.639809
v 3.966639 1.969285 -0.549291
v 4.094112 1.889281 -0.578435
v 4.059885 1.860460 -0.470087
v 4.076852 1.746601 -0.527436
v 3.881998 1.764428 -0.476337
v 3.886058 1.550141 -0.504830
v 3.590526 1.701090 -0.411994
v 3.650974 1.463740 -0.478617
v 3.377233 1.587800 -0.400781
v 3.473410 1.366149 -0.454658
v 3.115383 1.492390 -0.380228
v 3.163181 1.209972 -0.462438
v 2.815366 1.377583 -0.413399
v 3.528445 1.060127 -0.489443
v 3.823137 0.853054 -0.461519
v 4.068249 0.798926 -0.400813
v 4.216374 0.852328 -0.405873
v 4.319799 0.731007 -0.291212
v 4.399629 0.850459 -0.391855
v 4.712067 0.770512 -0.333393
v 4.728809 0.878731 -0.405801
v 4.996710 0.810560 -0.280771
v 5.004627 0.908637 -0.345273
v 5.153735 0.831575 -0.218348
v 5.197562 0.922406 -0.302473
v 5.264430 0.855571 -0.181694
v 5.299005 0.908991 -0.260177
v 5.370709 0.980272 -0.337432
v 5.425352 1.035967 -0.342720
v 5.479630 1.111310 -0.364188
v 5.388455 1.119419 -0.351883
v 5.260653 1.184173 -0.352062
v 5.250485 1.123029 -0.385234
v 5.158322 1.236770 -0.418043
v 4.991713 1.163096 -0.504149
v 4.955360 1.236724 -0.505230
v 4.733657 1.227371 -0.592883
v 4.761601 1.363013 -0.571370
v 4.641547 1.285422 -0.622034
v 4.679116 1.438434 -0.589658
v 4.522247 1.398278 -0.644892
v 4.596478 1.512987 -0.598982
v 4.430999 1.535753 -0.638888
v 4.560024 1.604023 -0.589333
v 4.477781 1.687858 -0.597407
v 4.615408 1.639641 -0.577768
v 4.560751 1.785154 -0.562428
v 4.697607 1.768061 -0.576663
v 4.697024 1.862575 -0.604048
v 4.742358 1.882232 -0.621650
v 4.728963 2.036146 -0.614307
v 4.751519 2.039658 -0.634134
v 4.798297 2.118191 -0.591085
v 4.825996 2.089176 -0.576083
v 4.881574 2.094571 -0.539949
v 4.842883 2.021333 -0.638025
v 4.935880 2.051665 -0.572853
v 4.861611 2.001639 -0.621913
v 4.935561 2.016016 -0.585700
v 4.897808 1.946794 -0.628057
v 4.925394 1.955229 -0.618837
v 4.953739 1.952580 -0.592256
v 4.973133 1.992779 -0.533466
v 4.991746 2.009819 -0.523206
v 5.001903 1.914398 -0.486724
v 5.011430 1.875569 -0.463205
v 4.982364 1.873300 -0.536190
v 4.991709 1.844295 -0.520761
v 4.944706 1.840663 -0.575374
v 4.963546 1.783161 -0.553515
v 4.908019 1.796041 -0.587882
v 4.936066 1.737668 -0.557276
v 4.871155 1.741238 -0.592326
v 4.917973 1.681480 -0.544201
v 4.862636 1.684144 -0.570155
v 4.927282 1.486953 -0.526327
v 4.798410 1.473149 -0.570618
v 4.982822 1.503071 -0.507606
v 5.223191 1.371491 -0.388069
v 5.019836 1.739907 -0.485562
v 5.103427 1.624404 -0.434275
v 5.058179 1.788186 -0.417387
v 5.133171 1.715563 -0.334258
v 5.105589 1.864086 -0.347113
v 5.152698 1.830661 -0.287042
v 5.127157 1.942759 -0.211214
v 5.156645 1.942902 -0.119993
v 4.964945 2.053575 -0.499903
v 5.020077 1.978170 -0.480978
v 5.002440 2.105746 -0.468233
v 5.057495 2.002751 -0.451974
v 5.030641 2.102197 -0.432329
v 5.067202 2.027704 -0.422291
v 5.060840 2.053335 -0.309324
v 5.095375 1.961238 -0.401516
v 5.097062 1.954206 -0.328795
v 5.075994 1.900999 -0.443793
v 4.715646 1.502195 -0.584339
v 5.379461 1.045817 -0.349748
v 5.241466 1.040469 -0.383965
v 5.011084 1.066770 -0.458562
v 5.223571 0.974029 -0.362117
v 5.021254 0.951308 -0.405567
v 4.743250 1.059210 -0.563421
v 4.567896 1.149805 -0.642484
v 4.449011 1.260929 -0.647431
v 4.329607 1.464801 -0.661485
v 4.312225 1.683392 -0.639944
v 4.404221 1.662433 -0.616610
v 4.386380 1.770868 -0.596666
v 4.459682 1.778884 -0.588185
v 4.551484 1.841749 -0.575191
v 4.688114 2.046378 -0.604518
v 4.744050 2.179337 -0.556057
v 4.807794 2.143653 -0.570393
v 4.881855 2.194544 -0.530288
v 4.872539 2.159259 -0.542891
v 4.927885 2.156560 -0.516579
v 4.918466 2.084725 -0.532713
v 4.937950 2.181155 -0.486939
v 4.995978 2.148785 -0.344534
v 4.971394 2.146686 -0.224781
v 5.072165 2.043630 -0.209228
v 4.912303 2.162645 -0.000090
v 4.747988 2.300163 -0.000276
v 4.634996 2.369115 0.140117
v 4.528082 2.467537 -0.000521
v 4.577573 2.389535 0.256196
v 4.454962 2.523303 -0.000603
v 4.452383 2.524558 0.130255
v 4.317602 2.588926 -0.000745
v 4.342351 2.581176 0.140317
v 4.187258 2.590221 0.135844
v 4.332083 2.586481 0.194917
v 4.203325 2.589186 0.219164
v 4.339601 2.592642 0.258891
v 4.211652 2.602538 0.264011
v 4.328606 2.563996 0.343892
v 4.209941 2.600612 0.337597
v 4.224730 2.624525 0.491916
v 4.151183 2.579059 0.494606
v 4.176065 2.636883 0.618384
v 4.138494 2.557838 0.652651
v 4.235494 2.636171 0.803613
v 4.244622 2.554467 0.811726
v 4.343217 2.589542 0.893106
v 4.352603 2.524888 0.890532
v 4.497719 2.547480 0.937659
v 4.444739 2.475795 0.860515
v 4.554459 2.511417 0.850571
v 4.538177 2.513353 0.776566
v 4.601515 2.533324 0.794193
v 4.592620 2.569879 0.790452
v 4.683344 2.554221 0.821927
v 4.674691 2.598833 0.808006
v 4.729447 2.606204 0.807513
v 4.656565 2.680542 0.799684
v 4.748031 2.683805 0.800044
v 4.728931 2.721892 0.832625
v 4.811798 2.728680 0.815406
v 4.801436 2.750224 0.858918
v 5.096148 2.759720 0.774729
v 4.827733 2.754390 0.905049
v 4.863709 2.722151 0.936660
v 4.753015 2.699695 0.973279
v 4.854957 2.660227 0.924310
v 4.735139 2.645464 0.950890
v 4.763337 2.590834 0.929248
v 4.662221 2.556346 0.940618
v 4.755192 2.568818 0.876311
v 4.681847 2.551036 0.886235
v 4.615662 2.633870 0.977986
v 4.460582 2.622875 0.957002
v 4.460786 2.695616 0.949972
v 4.342998 2.664049 0.904347
v 4.462368 2.725999 0.882675
v 4.354196 2.711836 0.826545
v 4.418954 2.707401 0.782531
v 4.356680 2.682996 0.719050
v 4.411541 2.663824 0.713132
v 4.359483 2.615839 0.596817
v 4.423033 2.561337 0.603562
v 4.407729 2.531640 0.486692
v 4.440760 2.490353 0.629287
v 4.443850 2.449921 0.495432
v 4.440713 2.398472 0.629128
v 4.442912 2.343263 0.533220
v 4.314039 2.329460 0.577510
v 4.296769 2.260422 0.528796
v 4.193959 2.370476 0.616705
v 4.113935 2.334131 0.526471
v 4.121994 2.458034 0.570029
v 4.078510 2.411810 0.472193
v 4.104292 2.537976 0.543437
v 4.088356 2.510913 0.453793
v 4.117367 2.568514 0.384500
v 4.100907 2.560626 0.302396
v 4.101754 2.557092 0.265856
v 4.084506 2.570978 0.218168
v 4.079812 2.571649 -0.000951
v 4.189883 2.606916 -0.000863
v 4.187258 2.590221 -0.135844
v 4.342351 2.581176 -0.140317
v 4.452383 2.524558 -0.130255
v 4.634996 2.369115 -0.140117
v 4.832890 2.262727 -0.283787
v 4.893850 2.220523 -0.417713
v 4.837331 2.235678 -0.479332
v 4.636582 2.263383 -0.471997
v 4.739441 2.299169 -0.369987
v 4.577573 2.389535 -0.256196
v 4.138687 2.474013 0.642311
v 4.262798 2.490674 0.818316
v 4.382053 2.433474 0.798757
v 4.474625 2.465214 0.751890
v 4.484667 2.534451 0.708888
v 4.520165 2.557971 0.762427
v 4.476090 2.606654 0.692301
v 4.520603 2.639162 0.745542
v 4.465268 2.695425 0.757267
v 4.546655 2.709095 0.803780
v 4.509555 2.719807 0.819972
v 4.636909 2.750501 0.856859
v 4.616626 2.749486 0.939333
v 4.719171 2.751091 0.865965
v 4.735445 2.749285 0.940329
v 4.646703 2.728688 0.822295
v 4.574545 2.669863 0.780363
v 4.192789 2.411967 0.668016
v 4.320630 2.385528 0.682583
v 4.624800 2.708372 0.989445
v 4.273414 2.686575 0.753674
v 4.277169 2.652435 0.591369
v 4.344028 2.585635 0.470949
v 4.410844 2.500167 0.351972
v 4.474318 2.418432 0.361347
v 4.472349 2.325133 0.443764
v 4.389484 2.190421 0.473320
v 4.433020 2.024714 0.563794
v 4.342700 2.112281 0.516692
v 4.305411 2.059245 0.539407
v 4.314791 2.142163 0.540650
v 4.267320 2.121987 0.614940
v 4.429895 2.495758 0.306894
v 4.440143 2.510529 0.269164
v 4.883022 2.613658 0.893163
v 4.856249 2.593812 0.867067
v 4.963526 0.797382 -0.143440
v 5.137075 0.824518 -0.144842
v 5.112563 0.840686 0.000480
v 5.213434 0.856784 0.000565
v 5.247762 0.848549 0.108546
v 5.356900 0.851120 0.138324
v 5.373646 0.885375 0.208840
v 5.511556 0.863525 0.177613
v 5.546347 0.916044 0.246782
v 5.603370 0.852748 0.162335
v 5.638369 0.904402 0.222548
v 5.449164 0.847535 0.103909
v 5.323232 0.866039 0.000660
v 5.247762 0.848549 -0.108546
v 5.356900 0.851120 -0.138324
v 3.747724 1.184933 -0.518662
v 4.041657 1.039756 -0.496922
v 4.141189 1.008775 -0.499342
v 4.297891 0.911506 -0.447987
v 4.416475 0.921264 -0.458839
v 4.744871 0.950945 -0.491082
v 3.988510 1.297806 -0.539537
v 4.067576 1.572668 -0.534997
v 4.085564 1.288885 -0.544406
v 4.175444 1.350332 -0.613988
v 4.277227 1.077746 -0.550819
v 4.366867 1.131136 -0.630581
v 4.496191 1.024566 -0.579491
v 4.333503 0.951176 -0.481517
v 4.247733 1.381058 -0.649596
v 4.221814 1.660769 -0.594090
v 4.240116 1.770049 -0.583946
v 4.303615 1.799914 -0.610388
v 4.304562 1.906537 -0.572242
v 4.377095 1.871713 -0.595743
v 4.433020 2.024714 -0.563794
v 4.342700 2.112281 -0.516692
v 4.389484 2.190421 -0.473320
v 4.232341 1.903079 -0.534362
v 4.150297 1.820575 -0.917046
v 4.127903 1.828359 -1.090512
v 4.152166 1.868775 -1.225002
v 4.036947 1.992167 -1.072561
v 4.024858 2.106568 -1.208099
v 4.020299 2.141675 -1.002365
v 4.061989 2.231988 -1.178382
v 4.047406 2.207209 -1.015108
v 4.102304 2.299960 -1.025862
v 4.104864 2.298353 -0.915735
v 4.194233 2.408334 -1.008471
v 4.215419 2.350484 -0.885764
v 4.266263 2.421651 -1.054799
v 4.228523 2.435029 -1.098575
v 4.155551 2.388662 -1.091960
v 4.079122 2.264104 -0.845010
v 4.024700 2.187859 -0.814219
v 3.989434 2.118832 -0.765086
v 4.017509 1.996169 -0.731654
v 4.031515 1.968248 -0.918460
v 4.022592 2.123052 -0.903284
v 4.059714 2.194906 -0.888152
v 4.103303 2.038565 -1.363737
v 4.058311 2.293363 -1.338054
v 4.082988 2.175805 -1.450930
v 4.046673 2.341349 -1.452530
v 4.101726 2.312318 -1.438163
v 4.097362 2.366600 -1.239986
v 4.094116 2.426172 -1.381032
v 4.170470 2.458441 -1.241846
v 4.148883 1.759918 -0.573765
v 4.121121 1.614451 -0.587188
v 4.432610 1.878873 -0.577888
v 4.533113 1.989009 -0.578975
v 4.561299 2.133066 -0.547248
v 4.472349 2.325133 -0.443764
v 4.474318 2.418432 -0.361347
v 4.429895 2.495758 -0.306894
v 4.410844 2.500167 -0.351972
v 4.328606 2.563996 -0.343892
v 4.344028 2.585635 -0.470949
v 4.224730 2.624525 -0.491916
v 4.277169 2.652435 -0.591369
v 4.176065 2.636883 -0.618384
v 4.273414 2.686575 -0.753674
v 4.235494 2.636171 -0.803613
v 4.354196 2.711836 -0.826545
v 4.342998 2.664049 -0.904347
v 4.462368 2.725999 -0.882675
v 4.460786 2.695616 -0.949972
v 4.616626 2.749486 -0.939333
v 4.624800 2.708372 -0.989445
v 4.735445 2.749285 -0.940329
v 4.753015 2.699695 -0.973279
v 4.863709 2.722151 -0.936660
v 4.854957 2.660227 -0.924310
v 5.096148 2.759720 -0.774729
v 4.883022 2.613658 -0.893163
v 4.856249 2.593812 -0.867067
v 4.763337 2.590834 -0.929248
v 4.755192 2.568818 -0.876311
v 4.681847 2.551036 -0.886235
v 4.737893 2.564648 -0.830389
v 4.683344 2.554221 -0.821927
v 4.729447 2.606204 -0.807513
v 4.674691 2.598833 -0.808006
v 4.748031 2.683805 -0.800044
v 4.656565 2.680542 -0.799684
v 4.728931 2.721892 -0.832625
v 4.646703 2.728688 -0.822295
v 4.719171 2.751091 -0.865965
v 4.636909 2.750501 -0.856859
v 4.801436 2.750224 -0.858918
v 4.827733 2.754390 -0.905049
v 4.811798 2.728680 -0.815406
v 4.821325 2.691794 -0.791887
v 4.821336 2.621498 -0.789636
v 4.735139 2.645464 -0.950890
v 4.442912 2.343263 -0.533220
v 4.443850 2.449921 -0.495432
v 4.440713 2.398472 -0.629128
v 4.440760 2.490353 -0.629287
v 4.474625 2.465214 -0.751890
v 4.484667 2.534451 -0.708888
v 4.520165 2.557971 -0.762427
v 4.476090 2.606654 -0.692301
v 4.520603 2.639162 -0.745542
v 4.411541 2.663824 -0.713132
v 4.465268 2.695425 -0.757267
v 4.418954 2.707401 -0.782531
v 4.509555 2.719807 -0.819972
v 4.356680 2.682996 -0.719050
v 4.359483 2.615839 -0.596817
v 4.423033 2.561337 -0.603562
v 4.407729 2.531640 -0.486692
v 3.903911 2.241501 -0.512468
v 3.870548 2.292106 -0.368964
v 3.823349 2.141733 -0.428356
v 3.758215 2.206683 -0.323051
v 3.814876 1.968416 -0.443000
v 3.541188 1.849183 -0.386366
v 3.337545 1.748927 -0.340210
v 3.086666 1.632991 -0.338863
v 2.775680 1.538710 -0.352829
v 2.519027 1.485931 -0.422962
v 3.922437 1.972461 -0.483563
v 3.857922 2.141554 -0.521067
v 4.290375 2.112337 -0.800190
v 4.289048 2.172969 -0.858693
v 4.197609 2.164063 -0.857433
v 4.222795 2.228178 -0.952752
v 4.148865 2.148829 -0.986567
v 4.211815 2.282490 -1.039137
v 4.154566 2.190480 -1.129552
v 4.199317 2.304652 -1.174540
v 4.152557 2.235471 -1.217046
v 4.169404 2.306276 -1.284031
v 3.870548 2.292106 0.368964
v 3.823349 2.141733 0.428356
v 3.903911 2.241501 0.512468
v 3.857922 2.141554 0.521067
v 3.967085 2.280648 0.537643
v 3.961908 2.347745 0.374747
v 4.025364 2.359300 0.402597
v 4.000110 2.424158 0.313254
v 4.035753 2.399538 0.343957
v 4.055262 2.505284 0.297282
v 4.063205 2.509679 0.342987
v 4.029016 2.519175 0.249385
v 4.024214 2.527933 -0.000987
v 4.029016 2.519175 -0.249385
v 4.055262 2.505284 -0.297282
v 4.035753 2.399538 -0.343957
v 4.063205 2.509679 -0.342987
v 4.043796 2.386524 -0.400392
v 4.078510 2.411810 -0.472193
v 4.113935 2.334131 -0.526471
v 4.121994 2.458034 -0.570029
v 4.193959 2.370476 -0.616705
v 4.138687 2.474013 -0.642311
v 4.192789 2.411967 -0.668016
v 4.244622 2.554467 -0.811726
v 4.262798 2.490674 -0.818316
v 4.343217 2.589542 -0.893106
v 4.352603 2.524888 -0.890532
v 4.497719 2.547480 -0.937659
v 4.444739 2.475795 -0.860515
v 4.554459 2.511417 -0.850571
v 4.538177 2.513353 -0.776566
v 4.601515 2.533324 -0.794193
v 4.592620 2.569879 -0.790452
v 4.574545 2.669863 -0.780363
v 4.546655 2.709095 -0.803780
v 4.662221 2.556346 -0.940618
v 4.615662 2.633870 -0.977986
v 4.460582 2.622875 -0.957002
v 4.138494 2.557838 -0.652651
v 4.104292 2.537976 -0.543437
v 4.088356 2.510913 -0.453793
v 4.151183 2.579059 -0.494606
v 4.117367 2.568514 -0.384500
v 4.100907 2.560626 -0.302396
v 4.101754 2.557092 -0.265856
v 4.084506 2.570978 -0.218168
v 4.203325 2.589186 -0.219164
v 4.211652 2.602538 -0.264011
v 4.209941 2.600612 -0.337597
v 4.332083 2.586481 -0.194917
v 4.339601 2.592642 -0.258891
v 4.440143 2.510529 -0.269164
v 4.212974 2.303184 -0.587113
v 4.314039 2.329460 -0.577510
v 4.320630 2.385528 -0.682583
v 4.382053 2.433474 -0.798757
v 4.077563 2.305187 0.510338
v 4.043796 2.386524 0.400392
v 4.112302 2.285832 0.595500
v 4.212974 2.303184 0.587113
v 4.212058 2.279450 0.625927
v 3.233975 2.059193 -0.072431
v 3.454971 2.169877 -0.000000
v 3.458300 2.151656 -0.102662
v 3.727093 2.308406 -0.150049
v 3.036361 1.913989 -0.169838
v 3.252224 2.026347 -0.148215
v 3.276333 1.863773 -0.294266
v 3.479418 1.978250 -0.317478
v 3.460196 2.103494 -0.180368
v 3.745669 2.266001 -0.241930
v 3.058366 1.773346 -0.297337
v 2.361089 1.766660 -0.202595
v 2.339597 1.807702 -0.000000
v 2.723503 1.898839 -0.000000
v 2.715712 1.828219 0.167709
v 2.715712 1.828219 -0.167709
v 2.406969 1.645328 -0.341479
v 2.183003 1.654070 -0.341767
v 2.301359 1.397721 -0.546015
v 2.189848 1.468992 -0.517501
v 2.738132 1.687333 -0.295046
v 2.668936 0.206182 -1.014371
v 2.128139 1.788397 -0.000000
v 2.132390 1.755821 -0.180271
v 2.069379 1.727818 -0.212746
v 2.096552 1.678482 -0.326810
v 2.132390 1.755821 0.180271
v 2.183003 1.654070 0.341767
v 2.361089 1.766660 0.202595
v 2.738132 1.687333 0.295046
v 3.058366 1.773346 0.297337
v 3.086666 1.632991 0.338863
v 3.377233 1.587800 0.400781
v 3.650974 1.463740 0.478617
v 3.886058 1.550141 0.504830
v 3.988510 1.297806 0.539537
v 4.067576 1.572668 0.534997
v 4.085564 1.288885 0.544406
v 4.175444 1.350332 0.613988
v 4.277227 1.077746 0.550819
v 4.366867 1.131136 0.630581
v 4.333503 0.951176 0.481517
v 4.496191 1.024566 0.579491
v 4.416475 0.921264 0.458839
v 4.744871 0.950945 0.491082
v 4.728809 0.878731 0.405801
v 5.004627 0.908637 0.345273
v 5.021254 0.951308 0.405567
v 5.011084 1.066770 0.458562
v 4.743250 1.059210 0.563421
v 4.567896 1.149805 0.642484
v 4.449011 1.260929 0.647431
v 4.247733 1.381058 0.649596
v 4.329607 1.464801 0.661485
v 4.221814 1.660769 0.594090
v 4.312225 1.683392 0.639944
v 4.240116 1.770049 0.583946
v 4.303615 1.799914 0.610388
v 4.232341 1.903079 0.534362
v 4.304562 1.906537 0.572242
v 4.278045 1.976660 0.537351
v 4.377095 1.871713 0.595743
v 4.121121 1.614451 0.587188
v 4.076852 1.746601 0.527436
v 4.148883 1.759918 0.573765
v 4.245225 2.008532 0.772641
v 4.150297 1.820575 0.917046
v 4.159229 1.949902 0.923197
v 4.127903 1.828359 1.090512
v 4.137657 1.944837 1.061024
v 4.131949 2.050757 0.921856
v 4.151090 2.102939 0.889759
v 4.197609 2.164063 0.857433
v 4.153175 2.084823 0.799668
v 4.290375 2.112337 0.800190
v 4.281287 2.055751 0.787000
v 4.354411 2.102985 0.802580
v 4.354941 2.064161 0.778851
v 4.289048 2.172969 0.858693
v 4.399629 0.850459 0.391855
v 4.216374 0.852328 0.405873
v 4.105198 0.672581 0.300001
v 4.068249 0.798926 0.400813
v 3.849352 0.664451 0.387198
v 3.823137 0.853054 0.461519
v 3.559394 0.706516 0.452535
v 3.528445 1.060127 0.489443
v 3.189664 0.907503 0.500122
v 3.163181 1.209972 0.462438
v 2.854291 1.093951 0.494650
v 2.815366 1.377583 0.413399
v 2.553871 1.284278 0.512335
v 2.519027 1.485931 0.422962
v 2.301359 1.397721 0.546015
v 2.406969 1.645328 0.341479
v 2.775680 1.538710 0.352829
v 3.115383 1.492390 0.380228
v 3.473410 1.366149 0.454658
v 3.747724 1.184933 0.518662
v 4.041657 1.039756 0.496922
v 4.141189 1.008775 0.499342
v 4.297891 0.911506 0.447987
v 2.396355 1.242239 0.597722
v 2.482917 0.997637 0.702425
v 2.570400 0.738683 0.830405
v 2.616001 0.447717 0.960748
v 2.668936 0.206182 1.014371
v 2.637461 1.017260 0.581611
v 2.948387 0.783357 0.515058
v 3.280681 0.510802 0.499434
v 3.619650 0.472046 0.391742
v 3.861841 0.560638 0.311961
v 1.798719 1.714447 -0.259352
v 1.497138 1.618935 -0.401108
v 1.821946 1.618209 -0.403751
v 0.234527 1.730117 -0.000000
v -0.228904 1.734267 -0.000000
v -0.547248 1.742126 -0.000000
v -0.221516 1.686349 0.151403
v -0.559706 1.694180 0.186107
v -0.267035 1.627058 0.266577
v -0.557624 1.641278 0.271462
v -0.247999 1.565146 0.389142
v -0.626493 1.585426 0.443136
v -0.597781 1.489620 0.641047
v -1.017767 1.607824 0.541965
v -1.046070 1.509097 0.761060
v -1.292756 1.656509 0.514030
v -1.338488 1.613735 0.725441
v -1.417595 1.676180 0.529265
v -1.465432 1.655336 0.722125
v -1.744732 1.734849 0.433807
v -1.929731 1.617188 0.806390
v -1.582187 1.567542 0.982349
v -1.403848 1.533059 0.902827
v -1.115594 1.392380 0.819623
v -0.674657 1.333008 0.761059
v -0.192546 1.305535 0.700080
v -0.179548 1.471301 0.544513
v 0.305671 1.298417 0.629719
v 0.289039 1.496446 0.430055
v 0.760722 1.205036 0.700545
v 0.725959 1.478055 0.461804
v 1.517126 1.334367 0.741076
v 1.504951 1.483493 0.585976
v 1.570685 0.938327 0.989108
v 1.582203 0.771083 1.068180
v 1.630080 0.420236 1.172369
v 2.452588 -0.244072 1.138797
v 2.594499 -0.422948 0.981263
v 2.618307 -0.549092 0.805491
v 2.647368 -0.611550 0.669485
v 2.825540 -0.567578 0.552597
v 2.688131 -0.517509 0.672975
v 2.690576 -0.368057 0.819343
v 0.857323 0.985001 0.874029
v 0.921312 0.755659 0.999330
v 0.243473 1.134082 0.819993
v 0.316341 0.785311 1.086260
v -0.406155 1.005088 0.971088
v 0.939271 0.379986 1.185872
v -0.910602 1.204118 0.837740
v -1.278903 1.192051 0.946843
v -1.551526 1.400025 1.050193
v 0.237330 1.595746 0.288672
v 0.737904 1.604213 0.281713
v 1.497138 1.618935 0.401108
v -1.714432 1.747956 0.247594
v -2.079597 1.817785 0.138375
v -1.683863 1.789041 0.121501
v -2.057387 1.841308 -0.000000
v -1.676510 1.826886 -0.000000
v -2.629466 1.918204 -0.000000
v 0.223642 1.684075 0.160743
v 1.483832 1.697594 0.288781
v -0.866132 1.754670 -0.000000
v -0.894132 1.712652 0.151911
v -0.954897 1.677544 0.293034
v -1.179474 1.786649 -0.000000
v -1.215563 1.757097 0.133494
v -1.227613 1.709095 0.276029
v -1.365948 1.769608 0.133901
v -1.396332 1.723782 0.267642
v -1.350950 1.807009 -0.000000
v 0.546875 -0.390940 -1.363244
v 0.974530 -0.525273 -1.140353
v 0.550658 -0.633015 -1.331311
v 0.010486 -0.502317 -1.576297
v 1.456656 1.785879 -0.000000
v 1.462507 1.745481 0.222394
v -3.087335 -3.350463 -0.831656
v -2.890885 -3.415616 -0.819125
v -2.749867 -3.295148 -0.966073
v -2.524720 -3.561609 -1.161535
v -2.944625 -3.282121 -0.817054
v 4.971872 1.924079 -0.586026
v 4.953403 1.907939 -0.605609
v 4.925499 1.917814 -0.613413
v 4.852578 1.889721 -0.605031
v 4.926194 1.859813 -0.582137
v 4.861618 1.854067 -0.618095
v 4.824747 1.946835 -0.626358
v 4.760921 1.881357 -0.613120
v 4.788476 2.028047 -0.608619
v 4.816181 1.797860 -0.604026
v 4.752337 1.723388 -0.591296
v 4.852582 1.816115 -0.603105
v 4.983034 1.806343 -0.505779
v 5.030289 1.827419 -0.440803
v 5.085813 1.888503 -0.408327
v 4.991904 1.760829 -0.510386
v 5.421809 1.685349 -0.123555
v 5.604888 1.546091 -0.113773
v 5.687035 1.499636 -0.110765
v 5.927110 1.131195 0.001118
v 5.934596 1.054796 -0.077039
v 5.908782 1.066916 0.001121
v 5.934596 1.054796 0.077039
v 5.897758 1.009309 0.080583
v 5.836005 0.945722 0.001092
v 5.871947 1.021428 0.001102
v 5.897758 1.009309 -0.080583
v 5.780790 0.891286 0.001059
v 5.961686 1.110978 0.090324
v 4.829566 2.580797 -0.821827
v 4.153175 2.084823 -0.799668
v 4.151090 2.102939 -0.889759
v -2.161843 -1.325837 0.957465
v -1.480217 -1.656600 0.606638
v -1.376186 -1.661988 0.718954
v -1.200688 -1.577575 0.799188
v -1.091175 -1.707120 0.727242
v -1.226563 -1.655159 0.687343
v -0.078470 -1.688266 0.800230
v 0.489819 -1.524947 0.672392
v 0.912699 -1.455066 0.576185
v 0.912989 -1.499314 0.419547
v -2.811581 -1.798210 0.712737
v -2.892438 -1.950810 0.878120
v -2.964215 -1.978727 0.776572
v -2.981187 -2.142718 0.858353
v -3.040398 -2.156239 0.808208
v -3.030605 -2.311222 0.884330
v -3.144012 -2.333635 0.829994
v -3.046610 -2.510881 0.900772
v -3.132772 -2.528669 0.848639
v -3.040038 -2.780893 0.914614
v -3.137383 -2.776449 0.844117
v -3.069810 -2.928755 0.845236
v -3.166971 -3.002766 0.812106
v -3.011987 -3.092000 0.860973
v -3.119570 -3.183977 0.870739
v -2.944625 -3.282121 0.817054
v -3.087335 -3.350463 0.831656
v -2.890885 -3.415616 0.819125
v -3.074557 -3.486847 0.843432
v -3.006867 -3.575464 0.830221
v -3.082741 -3.598298 1.054556
v -2.922908 -3.637036 1.059206
v -3.098730 -3.539123 1.252987
v -2.981824 -3.608887 1.346959
v -3.030627 -3.493327 1.322650
v -2.856957 -3.449728 1.356844
v -2.975439 -3.308754 1.253240
v -2.845816 -3.273661 1.218321
v -2.888628 -3.200302 1.210934
v -2.822497 -3.186549 1.120984
v -3.031250 -3.095940 1.106355
v -2.909010 -3.084482 1.089147
v -2.986345 -2.933770 1.087679
v -2.946527 -2.939327 0.986343
v -3.016419 -2.765091 0.966671
v -3.008412 -2.899760 0.904635
v -2.928681 -3.072892 0.924772
v -2.803260 -3.213580 0.942403
v -2.749867 -3.295148 0.966073
v -2.668957 -3.397513 0.943626
v -2.649491 -3.404362 1.100352
v -2.593513 -3.536154 0.942450
v -2.524720 -3.561609 1.161535
v -2.791754 -3.635993 1.078555
v -2.729567 -3.602976 1.377236
v -2.870422 -3.601724 0.843123
v -2.740824 -3.597601 0.875006
v -2.884711 -3.063896 0.993766
v -2.770335 -3.208138 1.031045
v -2.749355 -3.272099 1.034148
v -2.787341 -3.278502 1.138621
v -2.699957 -3.390295 1.185593
v -2.583580 -3.514267 1.278598
v -2.736599 -3.394849 1.269577
v -2.631547 -3.559891 1.337380
v -3.022819 -2.522240 0.979148
v -3.053267 -2.764905 1.043008
v -3.078699 -2.553982 1.046834
v -3.141072 -2.785287 1.032318
v -3.162498 -2.556375 1.058409
v -3.196508 -2.788166 1.045431
v -3.251541 -2.564050 1.023627
v -3.261810 -2.821069 1.088218
v -3.320330 -2.827513 1.063914
v -3.302419 -3.017921 1.128514
v -3.333954 -3.058673 0.974748
v -3.301857 -3.074776 1.114869
v -3.330406 -3.185190 0.950058
v -3.316551 -3.168932 1.121229
v -3.217306 -3.187686 1.075214
v -3.227676 -3.141660 1.103969
v -3.169546 -3.135273 1.128247
v -3.223286 -3.001780 1.126176
v -3.177108 -2.979305 1.139084
v -3.107105 -2.947818 1.092235
v -3.121673 -3.120319 1.136456
v -3.042899 -3.193907 1.207296
v -3.135041 -3.243787 1.189436
v -3.091252 -3.340925 1.235864
v -3.184143 -3.298048 1.156892
v -3.158524 -3.405872 1.197099
v -3.186750 -3.457336 1.025606
v -3.194170 -3.348553 1.007196
v -3.223246 -3.225388 0.976573
v -3.294389 -3.166225 0.842823
v -3.256731 -3.032131 0.849693
v -3.300372 -2.795728 0.878984
v -3.339637 -2.846837 0.966368
v -3.372066 -2.569159 0.904785
v -3.347304 -2.573628 0.955211
v -3.389388 -2.305625 0.950348
v -3.281816 -2.305055 1.001878
v -3.327526 -2.075729 1.005328
v -3.207447 -2.103206 1.071366
v -3.451965 -2.077314 0.931974
v -3.463753 -2.079892 0.844667
v -3.412068 -2.356105 0.865813
v -3.339489 -2.328145 0.827572
v -3.297886 -2.549020 0.861657
v -3.235873 -2.335338 0.820588
v -3.240554 -2.555467 0.856262
v -3.184812 -2.768053 0.850127
v -3.253309 -2.137354 0.760713
v -3.120761 -2.157770 0.766432
v -3.211005 -1.850398 0.700723
v -3.066022 -1.953125 0.719516
v -3.422698 -2.070796 0.773898
v -3.381262 -1.828189 0.697034
v -3.177824 -2.279173 1.047580
v -3.169489 -2.110039 1.076796
v -3.068444 -2.260195 1.035070
v -3.047974 -2.109628 1.063497
v -3.007483 -2.270712 0.984279
v -2.969687 -2.097941 0.982836
v -3.529709 -0.065998 0.437217
v -3.470778 -0.078218 0.546398
v -3.415655 -0.308965 0.671045
v -3.458251 -0.125950 0.731712
v -3.406618 -0.343461 0.746456
v -3.365413 -0.113447 0.952400
v -3.290393 -0.424259 0.984153
v -3.101125 -0.354760 1.162409
v -3.233333 -0.683782 1.015512
v -3.096267 -0.668100 1.140081
v -3.122061 -0.998702 1.065015
v -2.937658 -1.002749 1.219413
v -2.901159 -0.619504 1.284058
v -2.907080 -0.345582 1.281557
v -3.160225 -0.018852 1.113626
v -3.251181 0.175063 1.053445
v -3.306875 0.379713 0.987620
v -3.379131 0.767915 0.885996
v -3.424258 0.158638 0.918279
v -3.504525 0.405574 0.847066
v -3.582867 0.734419 0.697787
v -3.570384 0.385564 0.524480
v -3.520188 0.140164 0.618561
v -3.516840 0.149002 0.430359
v -3.277510 -1.177346 0.915300
v -3.283698 -0.730967 0.793898
v -3.238094 -0.979377 0.961631
v -3.251210 -0.948205 0.819868
v 1.734568 -2.965876 0.986396
v 1.718315 -2.775468 0.921796
v 1.678986 -2.513137 0.891745
v 1.648793 -2.280014 0.929365
v 1.586321 -2.273752 0.880969
v 1.624900 -2.087301 0.963391
v 1.529305 -2.092083 0.887353
v 1.572979 -1.827591 0.985823
v 1.508714 -1.808578 0.934359
v 1.541750 -1.643613 1.014190
v 1.480629 -1.640132 0.953447
v 1.454817 -1.430228 0.976569
v 1.735077 -3.022732 0.972751
v 1.802387 -3.089615 0.961851
v 1.721745 -3.116887 0.979111
v 1.709173 -3.133145 0.807940
v 1.806407 -3.173343 0.834455
v 1.741854 -3.114181 0.700705
v 1.900481 -3.131932 0.728621
v 1.857471 -2.950722 0.669988
v 1.998099 -3.039955 0.718855
v 1.945632 -2.876710 0.703118
v 2.073690 -3.020848 0.782654
v 2.001343 -2.847715 0.762517
v 2.187495 -3.161535 0.800285
v 2.059222 -3.230076 0.674936
v 2.236407 -3.220054 0.892030
v 2.235942 -3.243103 0.823955
v 2.327021 -3.352317 0.958234
v 2.309358 -3.345468 0.801508
v 2.377814 -3.484109 0.800332
v 2.244147 -3.545557 0.732888
v 1.705953 -3.006628 0.832630
v 1.776024 -2.980086 0.707575
v 1.736425 -2.743683 0.736866
v 1.841282 -2.716008 0.708009
v 1.756349 -2.446399 0.705428
v 1.828658 -2.477348 0.673470
v 1.772999 -2.230292 0.644940
v 1.700797 -2.794792 0.824250
v 1.655948 -2.520927 0.844269
v 1.663494 -2.485963 0.790773
v 1.601290 -2.267132 0.787696
v 1.677597 -2.237953 0.696318
v 1.544087 -2.080722 0.786432
v 1.643403 -2.076583 0.689565
v 1.473886 -1.818947 0.799576
v 1.596751 -1.722028 0.684655
v 1.747671 -2.067518 0.638841
v 1.740323 -1.679830 0.664098
v 2.343303 -3.507846 1.195262
v 2.386827 -3.462222 1.136480
v 2.281229 -3.338250 1.043475
v 2.440236 -3.509564 1.019417
v 1.884318 -2.724404 0.701999
v 1.972647 -2.728848 0.772496
v 1.710406 -2.272223 0.954296
v 1.720031 -2.105568 0.971354
v 1.839224 -2.109267 0.998351
v 1.717145 -1.809530 1.004092
v 1.818846 -1.756976 1.023593
v 1.650318 -1.645881 1.053347
v 1.941767 -1.759457 0.997454
v 1.918641 -2.083654 1.001275
v 1.516700 -1.453050 1.068516
v 1.430817 -1.301205 1.024924
v 1.348219 -1.282064 0.845204
v 3.321825 0.266690 0.465750
v 3.641195 0.407454 0.362198
v 3.674710 0.338839 0.307840
v 3.889626 0.475277 0.247365
v 3.700363 0.265794 0.240762
v 3.438950 -0.082580 0.257015
v 3.286426 -0.300744 0.276331
v 3.199571 -0.153739 0.380150
v 2.953029 -0.127690 0.520499
v 3.360040 0.165487 0.412685
v 3.136321 0.171237 0.539896
v 3.166160 0.021310 0.457261
v 2.919870 0.084875 0.642460
v 3.378799 0.073736 0.355362
v 2.747937 0.712253 0.615674
v 2.542439 0.999928 0.648592
v 2.679445 0.687427 0.720573
v 2.514162 0.988713 0.674527
v 2.604217 0.728827 0.769671
v 3.061090 0.397226 0.574193
v 2.811504 0.469098 0.657443
v 2.753156 0.400829 0.713141
v 2.706960 0.393597 0.849582
v 2.790681 0.219187 0.718263
v 2.731512 0.219003 0.891585
v 2.790657 0.044324 0.717488
v 2.898733 0.271916 0.651298
v 2.245624 -0.864372 0.995778
v -3.676450 -0.551317 0.077574
v -3.740631 -0.558176 0.085478
v -3.729470 -0.869371 0.096946
v -3.778908 -0.541975 0.064258
v -3.805841 -0.798961 0.099237
v -3.900964 -0.780883 0.091579
v -3.949814 -0.963797 0.140806
v -4.029726 -1.043238 0.136305
v -3.974499 -1.169600 0.164243
v -4.129295 -1.228786 0.120745
v -4.018866 -1.413191 0.154149
v -4.184154 -1.598080 0.151191
v -4.154334 -1.677827 0.165852
v -4.297769 -1.889903 0.177707
v -4.207566 -1.922824 0.155104
v -4.192486 -1.953852 0.017313
v -4.075028 -1.904403 -0.041324
v -4.321269 -1.963488 0.025072
v -4.175757 -1.808223 -0.140659
v -4.273069 -1.798884 -0.099878
v -4.201904 -1.668554 -0.214859
v -4.252683 -1.437854 -0.145620
v -4.216296 -1.160854 -0.104034
v -4.233834 -1.166542 0.022074
v -4.112449 -0.875765 0.016326
v -4.070739 -0.947648 0.110554
v -3.932489 -0.556566 0.037354
v -3.896204 -0.629183 0.077883
v -3.805688 -0.190106 0.051472
v -3.818598 -0.522690 0.055572
v -3.569386 -0.761644 -0.035893
v -3.639696 -1.242349 0.057190
v -3.823638 -1.557534 0.081533
v -3.743747 -1.367219 0.100951
v -3.914006 -1.486854 0.149147
v -3.884588 -1.261469 0.148322
v -4.015306 -1.659952 0.130331
v -4.107191 -1.836520 0.120149
v -3.978115 -0.823440 0.099280
v -4.227645 -1.227895 0.069894
v -4.229164 -1.473093 0.111560
v -4.333831 -1.548255 0.056938
v -4.424122 -1.831742 0.130839
v -4.331331 -1.692590 -0.043593
v -4.387148 -1.967814 0.045602
v -4.351543 -1.947675 0.025020
v -4.309744 -1.743848 0.150329
v -4.405365 -1.921443 0.192978
v -4.445835 -2.015127 0.189702
v -3.699784 -0.759901 0.088664
v -3.697889 -0.951955 0.098793
v -3.666536 -1.140372 0.078261
v -3.733767 -1.141917 0.111139
v -3.843256 -0.981402 0.116282
v -2.618068 -2.046419 0.441284
v -2.539874 -2.049824 0.460098
v -2.552923 -2.142304 0.454579
v -2.513187 -2.130859 0.497920
v -2.629199 -2.138983 0.436227
v -2.677875 -2.129439 0.465600
v 4.925499 1.917814 0.613413
v 4.953403 1.907939 0.605609
v 4.971872 1.924079 0.586026
v 4.982364 1.873300 0.536190
v 5.001903 1.914398 0.486724
v 4.991709 1.844295 0.520761
v 5.011430 1.875569 0.463205
v 4.983034 1.806343 0.505779
v 5.030289 1.827419 0.440803
v 4.991904 1.760829 0.510386
v 4.936066 1.737668 0.557276
v 4.871155 1.741238 0.592326
v 4.862636 1.684144 0.570155
v 4.752337 1.723388 0.591296
v 4.615408 1.639641 0.577768
v 5.085813 1.888503 0.408327
v 5.075994 1.900999 0.443793
v 5.020077 1.978170 0.480978
v 4.991746 2.009819 0.523206
v 4.964945 2.053575 0.499903
v 4.935880 2.051665 0.572853
v 4.918466 2.084725 0.532713
v 4.935561 2.016016 0.585700
v 4.973133 1.992779 0.533466
v 4.953739 1.952580 0.592256
v 4.925394 1.955229 0.618837
v 4.861611 2.001639 0.621913
v 4.824747 1.946835 0.626358
v 4.852578 1.889721 0.605031
v 4.861618 1.854067 0.618095
v 4.926194 1.859813 0.582137
v 4.944706 1.840663 0.575374
v 4.897808 1.946794 0.628057
v 4.908019 1.796041 0.587882
v 4.852582 1.816115 0.603105
v 4.816181 1.797860 0.604026
v 4.697607 1.768061 0.576663
v 4.742358 1.882232 0.621650
v 4.963546 1.783161 0.553515
v 5.710154 1.360653 0.290072
v 5.608974 1.317869 0.319719
v 5.783731 1.341471 0.284590
v 5.681726 1.282503 0.333871
v 5.563253 1.235295 0.317238
v 5.580797 1.174135 0.351054
v 5.479630 1.111310 0.364188
v 5.425352 1.035967 0.342720
v 5.672187 1.164767 0.354080
v 5.773410 1.225861 0.323025
v 5.764774 1.279824 0.308562
v 5.840665 1.221942 0.187128
v 5.803425 1.260787 0.210002
v 5.849792 1.193480 0.181047
v 5.755282 1.004149 0.307505
v 5.763952 1.062109 0.338641
v 5.800778 1.078596 0.319450
v 5.837875 1.141493 0.305184
v 5.690122 1.092917 0.370850
v 5.681086 1.054964 0.355860
v 5.598282 1.094735 0.386994
v 5.580223 1.047470 0.372696
v 5.470775 1.009574 0.355371
v 5.535184 0.980180 0.341257
v 5.434594 0.970412 0.330823
v 5.480649 0.941387 0.316248
v 5.573803 0.952578 0.243886
v 5.580727 0.999330 0.349867
v 5.672385 1.007694 0.341778
v 5.674999 0.950754 0.227960
v 4.821336 2.621498 0.789636
v 4.821325 2.691794 0.791887
v 4.829566 2.580797 0.821827
v 4.737893 2.564648 0.830389
v 4.169404 2.306276 1.284031
v 4.140097 2.295949 1.367196
v 4.141759 2.279958 1.295340
vn 0.4422 -0.1679 -0.8810
vn 0.5168 -0.1617 -0.8407
vn 0.5190 -0.2451 -0.8189
vn 0.7716 -0.2004 -0.6037
vn 0.7161 -0.0476 -0.6964
vn 0.6602 -0.0518 -0.7493
vn 0.6368 -0.0085 -0.7710
vn 0.6134 0.0142 -0.7897
vn 0.6133 0.0112 -0.7898
vn 0.7511 -0.0597 -0.6575
vn 0.6680 -0.2869 -0.6866
vn 0.8395 -0.5426 -0.0301
vn 0.7395 -0.6720 -0.0397
vn 0.6479 -0.7617 0.0076
vn 0.4548 -0.8906 -0.0029
vn 0.4545 -0.8898 0.0418
vn 0.0011 -0.9981 0.0614
vn 0.0149 -0.7863 0.6176
vn 0.1169 -0.7931 0.5978
vn 0.0670 -0.7365 0.6731
vn 0.3814 -0.6920 0.6129
vn 0.3784 -0.6814 0.6265
vn 0.4501 -0.6696 0.5908
vn 0.7257 -0.6545 -0.2120
vn 0.9254 0.0737 -0.3718
vn 0.9412 0.0290 -0.3365
vn 0.9291 -0.1861 -0.3196
vn 0.8114 0.0049 -0.5845
vn 0.7675 -0.2113 -0.6052
vn 0.7360 -0.1016 -0.6693
vn 0.7519 -0.0252 -0.6588
vn 0.9581 -0.2619 -0.1158
vn 0.9866 0.1589 -0.0361
vn 0.9076 0.1358 0.3972
vn 0.8569 0.3542 0.3745
vn 0.8736 0.3909 0.2900
vn 0.8670 0.4075 0.2868
vn 0.8670 0.4065 0.2882
vn 0.7355 0.6070 0.3010
vn 0.7342 0.6375 0.2334
vn 0.8567 0.3668 0.3628
vn 0.7842 0.3679 0.4997
vn 0.6313 0.6766 0.3792
vn 0.3138 0.5759 0.7549
vn 0.4242 0.4263 0.7990
vn -0.1319 0.0324 0.9907
vn 0.0114 -0.9941 0.1077
vn -0.0069 -0.9953 0.0961
vn 0.0337 -0.9875 -0.1539
vn -0.1836 -0.9629 -0.1978
vn 0.0777 -0.1199 -0.9897
vn -0.1595 0.0365 -0.9865
vn -0.1041 -0.0943 -0.9901
vn -0.8750 -0.1150 -0.4703
vn -0.8680 -0.1346 -0.4779
vn -0.9959 -0.0486 0.0769
vn -0.9768 -0.1780 0.1194
vn -0.7503 0.2487 0.6125
vn -0.8129 0.0899 0.5754
vn -0.3015 0.4008 0.8651
vn -0.1699 -0.0468 0.9843
vn -0.2414 -0.1041 0.9648
vn -0.3533 0.1264 0.9269
vn 0.3539 0.4376 0.8266
vn 0.5253 0.1445 0.8386
vn -0.2989 -0.1670 0.9396
vn -0.3005 -0.1360 0.9441
vn 0.0890 -0.1813 0.9794
vn 0.1050 -0.1764 0.9787
vn 0.5235 -0.2453 0.8159
vn 0.7286 -0.1598 0.6661
vn 0.9218 -0.2056 0.3287
vn 0.9058 -0.2132 0.3661
vn 0.9330 0.1202 0.3393
vn 0.5148 0.0828 0.8533
vn -0.0869 -0.1747 0.9808
vn 0.2574 -0.1481 0.9549
vn 0.2139 0.3733 0.9027
vn 0.3852 0.4344 0.8142
vn 0.4673 0.2965 0.8329
vn 0.3176 0.0957 0.9434
vn 0.0438 0.7146 0.6981
vn -0.4104 0.3933 0.8227
vn -0.3573 0.2798 0.8911
vn -0.6563 0.0896 0.7491
vn -0.6360 0.1455 0.7578
vn -0.9723 -0.1398 0.1872
vn -0.8245 -0.4962 0.2720
vn -0.7525 -0.5712 -0.3280
vn -0.8046 -0.5130 -0.2991
vn -0.2490 -0.9529 -0.1734
vn -0.2570 -0.9311 0.2589
vn -0.9312 -0.3624 0.0400
vn -0.7412 -0.0204 0.6709
vn -0.6567 0.1800 0.7324
vn -0.2678 0.4019 0.8756
vn -0.2325 0.2519 0.9394
vn -0.0073 0.3680 0.9298
vn 0.0146 0.7168 0.6972
vn 0.3752 0.8457 0.3796
vn 0.1052 0.3689 0.9235
vn 0.1451 0.0772 0.9864
vn 0.0275 0.1075 0.9938
vn 0.0071 0.2581 0.9661
vn -0.2028 0.3046 0.9306
vn 0.7171 0.4346 0.5448
vn 0.2194 0.2121 0.9523
vn 0.0497 0.6158 0.7863
vn -0.2997 0.4060 0.8634
vn -0.2400 0.1109 0.9644
vn -0.7017 -0.1212 0.7021
vn -0.5385 -0.8425 -0.0176
vn 0.3212 -0.3125 -0.8940
vn 0.3210 -0.3233 -0.8902
vn 0.2851 -0.3657 -0.8860
vn 0.2827 -0.4094 -0.8674
vn 0.2482 -0.4737 -0.8450
vn 0.2415 -0.5668 -0.7876
vn 0.2933 -0.5021 -0.8136
vn 0.2939 -0.6374 -0.7123
vn 0.4389 -0.4901 -0.7531
vn 0.4277 -0.5946 -0.6808
vn 0.3784 -0.6814 -0.6265
vn 0.3814 -0.6920 -0.6129
vn -0.0271 -0.9994 0.0200
vn -0.1163 -0.9921 -0.0472
vn -0.1165 -0.9932 0.0007
vn 0.0025 -0.9997 0.0263
vn 0.0545 -0.9978 -0.0387
vn 0.0072 -0.9993 -0.0355
vn -0.0329 -0.9983 -0.0487
vn 0.0332 -0.9976 -0.0614
vn -0.1340 -0.9890 -0.0622
vn -0.1456 -0.9886 -0.0389
vn -0.5477 -0.7643 0.3404
vn -0.5772 -0.4812 0.6597
vn -0.4777 -0.5844 0.6559
vn -0.4560 -0.6589 0.5983
vn 0.0114 -0.7903 0.6126
vn 0.0123 -0.7916 0.6109
vn 0.2804 -0.7699 0.5733
vn 0.3216 -0.8197 0.4740
vn 0.3170 -0.8212 0.4746
vn 0.3098 -0.8105 0.4970
vn 0.1196 -0.8502 0.5128
vn 0.1635 -0.8884 0.4289
vn -0.1703 -0.8826 0.4382
vn -0.1173 -0.9248 0.3619
vn -0.3399 -0.8756 0.3432
vn -0.4156 -0.8141 0.4056
vn -0.5123 -0.8026 0.3054
vn -0.4595 -0.8256 0.3276
vn -0.3270 -0.4020 0.8553
vn 0.1173 -0.5488 0.8277
vn 0.3478 -0.4731 0.8094
vn 0.3022 -0.4599 0.8350
vn 0.1082 -0.5107 0.8529
vn -0.0325 -0.3283 0.9440
vn 0.1389 -0.3259 0.9351
vn 0.1150 -0.1234 0.9857
vn 0.0915 -0.1226 0.9882
vn 0.0434 0.0136 0.9990
vn -0.0488 0.0500 0.9976
vn 0.4609 -0.6177 0.6372
vn 0.6320 -0.5491 0.5469
vn 0.4649 -0.3459 0.8150
vn 0.3447 -0.4833 0.8047
vn 0.1753 -0.2998 0.9377
vn -0.0667 -0.3874 0.9195
vn -0.1438 -0.0797 0.9864
vn -0.0479 0.0023 0.9988
vn -0.0898 0.1188 0.9888
vn -0.0415 0.3749 0.9261
vn 0.0111 0.2399 0.9707
vn 0.0391 0.3540 0.9344
vn 0.0899 0.1799 0.9796
vn 0.1391 0.2807 0.9497
vn 0.1347 0.0610 0.9890
vn 0.1804 0.1847 0.9661
vn 0.2042 0.1360 0.9694
vn 0.1980 0.1069 0.9744
vn 0.0156 0.3189 0.9476
vn 0.0003 0.2918 0.9565
vn -0.0677 0.5916 0.8034
vn 0.0295 0.7171 0.6964
vn -0.0030 0.8475 0.5309
vn 0.0894 0.9375 0.3362
vn 0.0950 0.9301 0.3547
vn 0.1113 0.9742 0.1962
vn 0.1261 0.9591 0.2535
vn 0.1271 0.9636 0.2354
vn 0.1507 0.9594 0.2383
vn 0.1138 0.8206 0.5600
vn 0.0804 0.8282 0.5546
vn 0.0947 0.9750 -0.2011
vn -0.1861 0.9593 -0.2123
vn -0.1568 0.7624 -0.6278
vn -0.4565 0.6065 -0.6510
vn -0.2099 0.2460 -0.9463
vn -0.2690 0.1268 -0.9548
vn 0.2831 -0.1983 -0.9384
vn 0.2951 -0.0408 -0.9546
vn 0.7603 -0.0740 -0.6453
vn 0.7570 0.0381 -0.6523
vn 0.9728 0.0545 -0.2249
vn 0.9737 0.0374 -0.2247
vn 0.9738 0.0375 0.2242
vn 0.9735 0.0372 0.2258
vn 0.7582 0.0229 0.6516
vn 0.7567 0.0224 0.6534
vn 0.2991 -0.0067 0.9542
vn 0.2978 -0.0070 0.9546
vn -0.2945 -0.0422 0.9547
vn -0.2932 -0.0419 0.9551
vn -0.7549 -0.0675 0.6523
vn -0.7534 -0.0670 0.6541
vn -0.9713 -0.0784 0.2247
vn -0.9710 -0.0782 0.2257
vn -0.9709 -0.0782 -0.2262
vn -0.9692 0.1086 -0.2210
vn -0.9433 0.0985 -0.3171
vn -0.9133 0.2656 -0.3089
vn -0.5916 0.2921 -0.7514
vn -0.2851 0.2128 -0.9346
vn -0.1319 0.1798 -0.9748
vn 0.1744 0.2470 -0.9532
vn 0.2887 0.2250 -0.9306
vn 0.2716 0.2345 -0.9334
vn 0.7071 0.1201 -0.6968
vn 0.5696 -0.0011 -0.8219
vn 0.4527 -0.2041 -0.8680
vn 0.3431 -0.2617 -0.9021
vn 0.7055 -0.5244 0.4767
vn -0.9109 -0.1004 -0.4003
vn 0.8678 -0.3286 -0.3727
vn 0.5778 -0.3033 -0.7577
vn 0.0376 -0.4384 -0.8980
vn -0.4037 -0.0521 -0.9134
vn -0.2065 -0.1138 -0.9718
vn -0.1063 0.1510 -0.9828
vn -0.4562 0.2527 -0.8532
vn -0.4819 0.2313 -0.8451
vn -0.8852 0.3386 -0.3190
vn -0.9023 0.2724 -0.3343
vn -0.9061 0.2920 0.3060
vn -0.9461 0.0666 0.3170
vn -0.9729 0.0626 0.2225
vn -0.2732 0.2158 -0.9374
vn -0.4153 0.2364 -0.8784
vn -0.5340 0.1424 -0.8334
vn 0.3481 -0.1106 -0.9309
vn -0.0361 0.1622 -0.9861
vn -0.6196 0.0991 -0.7787
vn -0.7590 0.0738 -0.6469
vn -0.2070 0.0601 -0.9765
vn -0.3010 0.0482 -0.9524
vn 0.2117 0.0411 -0.9765
vn 0.2926 0.0522 -0.9548
vn 0.6261 0.0508 -0.7781
vn 0.7532 0.0731 -0.6537
vn 0.9469 0.0632 -0.3151
vn 0.9717 0.0713 -0.2252
vn 0.9478 0.0327 0.3172
vn 0.9738 0.0283 0.2256
vn 0.6240 -0.0337 0.7807
vn 0.7593 -0.0434 0.6493
vn 0.2063 -0.0851 0.9748
vn 0.3056 -0.0967 0.9472
vn -0.2876 -0.0879 0.9537
vn 0.9737 0.0373 -0.2248
vn 0.7582 0.0228 -0.6516
vn 0.7571 0.0382 -0.6521
vn 0.2978 0.0042 -0.9546
vn 0.3017 -0.0404 -0.9525
vn -0.2975 0.0030 -0.9547
vn -0.2895 0.1341 -0.9477
vn -0.6714 0.3522 -0.6521
vn -0.4865 0.6267 -0.6088
vn -0.5911 0.7749 -0.2239
vn -0.1867 0.9596 -0.2104
vn -0.1867 0.9596 0.2104
vn -0.1861 0.9593 0.2123
vn -0.1568 0.7624 0.6278
vn -0.1557 0.7608 0.6300
vn -0.0858 0.2959 0.9513
vn -0.1888 0.4955 0.8478
vn -0.0571 0.9634 0.2618
vn -0.1134 0.9788 0.1704
vn -0.1064 0.9621 0.2512
vn 0.0758 0.9569 0.2802
vn 0.0418 0.8576 0.5126
vn 0.0533 0.8460 0.5304
vn -0.0616 0.6130 0.7877
vn -0.0510 0.5933 0.8034
vn -0.2046 0.4035 0.8918
vn -0.1233 0.2834 0.9510
vn -0.2157 0.1654 0.9624
vn -0.1853 0.0583 0.9810
vn -0.1955 0.0280 0.9803
vn -0.1836 0.0113 0.9829
vn -0.2179 0.1218 0.9683
vn 0.0214 0.9356 0.3525
vn 0.0317 0.9671 0.2525
vn -0.0011 0.9855 0.1698
vn -0.0023 0.8623 0.5064
vn 0.2038 0.8306 0.5182
vn 0.2314 0.7852 0.5743
vn 0.7574 0.0226 -0.6525
vn 0.2991 -0.0068 -0.9542
vn 0.2980 0.0043 -0.9546
vn -0.2950 -0.0381 -0.9547
vn -0.2991 0.0029 -0.9542
vn -0.7570 0.0367 -0.6524
vn -0.7008 0.3591 -0.6164
vn -0.8640 0.4506 -0.2246
vn -0.5985 0.7755 -0.2011
vn -0.5985 0.7755 0.2011
vn -0.5911 0.7749 0.2239
vn -0.4865 0.6267 0.6088
vn -0.4565 0.6065 0.6510
vn -0.2099 0.2460 0.9463
vn -0.1922 0.2302 0.9540
vn 0.1666 -0.3252 0.9309
vn 0.1135 -0.2786 0.9537
vn 0.3829 -0.7297 0.5666
vn 0.3165 -0.6912 0.6497
vn 0.4303 -0.8955 0.1139
vn 0.3804 -0.8978 0.2221
vn 0.3801 -0.8977 -0.2226
vn 0.8473 0.5311 -0.0000
vn 0.3165 -0.6912 -0.6497
vn 0.3829 -0.7297 -0.5666
vn 0.6255 -0.4352 -0.6476
vn 0.6702 -0.4450 -0.5940
vn 0.7543 -0.0747 -0.6523
vn 0.2410 -0.1833 -0.9530
vn 0.1666 -0.3252 -0.9309
vn 0.1135 -0.2786 -0.9537
vn 0.7497 0.5840 0.3112
vn 0.0345 0.9241 0.3806
vn 0.0330 0.9242 -0.3805
vn 0.7497 0.5840 -0.3112
vn -0.9265 -0.3560 0.1219
vn -0.1922 0.2302 -0.9540
vn -0.0858 0.2959 -0.9513
vn -0.1888 0.4955 -0.8478
vn 0.2038 0.8306 -0.5182
vn -0.0023 0.8623 -0.5064
vn 0.1507 0.9594 -0.2383
vn 0.1271 0.9636 -0.2354
vn 0.1016 0.9446 -0.3120
vn 0.0884 0.9467 -0.3097
vn 0.0823 0.9415 -0.3267
vn 0.0517 0.9458 -0.3207
vn 0.0446 0.9419 -0.3329
vn 0.0650 0.9394 -0.3367
vn 0.0793 0.9427 -0.3242
vn 0.0887 0.9417 -0.3246
vn 0.1151 0.9512 -0.2862
vn 0.1024 0.9541 -0.2814
vn -0.0069 0.8499 -0.5269
vn 0.0504 0.8495 -0.5253
vn 0.0693 0.8755 -0.4781
vn 0.0343 0.8830 -0.4681
vn -0.0077 0.8225 -0.5687
vn -0.0060 0.8226 -0.5686
vn 0.0372 0.8993 -0.4357
vn -0.1159 0.8930 -0.4349
vn -0.1922 0.7656 -0.6140
vn 0.0483 0.8174 -0.5741
vn -0.0091 0.9848 -0.1735
vn 0.0420 0.9846 -0.1697
vn 0.0420 0.9846 0.1697
vn 0.0779 0.9733 0.2158
vn 0.0355 0.8868 0.4607
vn 0.0222 0.9195 0.3924
vn -0.0260 0.8299 0.5573
vn 0.0532 0.6850 0.7266
vn 0.1520 0.8083 0.5688
vn 0.2208 0.6365 0.7390
vn 0.2081 0.6116 0.7633
vn 0.2978 0.4934 0.8172
vn 0.2973 0.4528 0.8406
vn 0.2556 0.5021 0.8261
vn 0.2575 0.4101 0.8749
vn 0.2162 0.4594 0.8615
vn 0.2167 0.4551 0.8636
vn 0.3008 0.3508 0.8868
vn 0.3012 0.1314 0.9445
vn 0.6687 0.1101 0.7354
vn 0.7315 -0.2609 0.6299
vn 0.8601 -0.2450 0.4475
vn 0.8613 -0.2472 0.4438
vn 0.9266 -0.2156 0.3080
vn 0.9177 -0.1349 0.3737
vn 0.7493 -0.1990 0.6316
vn 0.6637 -0.0438 0.7467
vn 0.6776 -0.0387 0.7344
vn 0.7386 -0.2421 0.6292
vn 0.6048 -0.1957 0.7719
vn 0.6045 -0.2476 0.7572
vn 0.5719 -0.2226 0.7895
vn 0.5457 -0.4654 0.6969
vn 0.7763 -0.6274 0.0617
vn 0.8452 -0.5238 0.1060
vn 0.8452 -0.5238 -0.1060
vn 0.8700 -0.4818 -0.1045
vn 0.8988 -0.4340 -0.0612
vn 0.9732 -0.2241 -0.0509
vn 0.9830 -0.1823 -0.0223
vn 0.9838 -0.1781 -0.0220
vn 0.7395 -0.0668 -0.6699
vn 0.7424 -0.0012 -0.6699
vn 0.7192 -0.0215 -0.6945
vn 0.8700 -0.4818 0.1045
vn 0.8988 -0.4340 0.0612
vn 0.9829 -0.1779 0.0484
vn 0.7192 -0.0215 0.6945
vn 0.7424 -0.0012 0.6699
vn 0.6134 0.0142 0.7897
vn 0.6133 0.0112 0.7898
vn 0.3949 -0.0798 0.9153
vn 0.4011 -0.0247 0.9157
vn 0.3464 -0.0990 0.9329
vn 0.3445 -0.1313 0.9296
vn 0.2316 -0.2578 0.9380
vn 0.1998 -0.3735 0.9059
vn 0.1228 -0.4137 0.9021
vn 0.1096 -0.7257 0.6792
vn 0.3197 -0.6568 0.6829
vn 0.3656 -0.6700 0.6461
vn 0.5891 -0.4958 0.6380
vn 0.7395 -0.6720 0.0397
vn 0.8309 -0.5555 0.0310
vn 0.8308 -0.5554 -0.0369
vn 0.9828 -0.1838 -0.0189
vn 0.6479 -0.7617 -0.0076
vn 0.3836 -0.9235 0.0065
vn 0.6107 -0.3690 0.7006
vn 0.6624 -0.2900 0.6908
vn 0.7403 -0.0536 0.6701
vn 0.7484 -0.0695 0.6596
vn 0.9838 -0.1781 0.0220
vn 0.9828 -0.1838 0.0189
vn 0.8399 -0.5415 0.0363
vn 0.6680 -0.2869 0.6866
vn 0.7092 -0.2623 0.6543
vn 0.6806 -0.2654 0.6829
vn 0.6242 -0.2162 0.7507
vn 0.5969 -0.2143 0.7732
vn 0.6585 -0.0880 0.7474
vn 0.7621 -0.1601 0.6274
vn 0.7754 -0.1506 0.6133
vn 0.7352 -0.0935 0.6714
vn 0.5959 -0.0881 0.7982
vn 0.6080 -0.5787 0.5436
vn 0.5584 -0.5734 0.5995
vn 0.5768 -0.4639 0.6724
vn 0.2752 -0.4571 0.8457
vn 0.3416 -0.1556 0.9269
vn -0.0234 -0.1040 0.9943
vn -0.0232 -0.1301 0.9912
vn -0.0871 0.0967 0.9915
vn -0.0766 0.1591 0.9843
vn 0.0196 0.1647 0.9861
vn 0.0227 0.1533 0.9879
vn 0.1971 0.1754 0.9646
vn 0.1755 0.3028 0.9368
vn 0.2683 0.2963 0.9166
vn 0.1941 0.4517 0.8708
vn 0.1541 0.4410 0.8842
vn 0.1300 0.6054 0.7852
vn 0.1514 0.6101 0.7777
vn 0.0906 0.6746 0.7326
vn 0.1117 0.6768 0.7277
vn 0.2922 0.4122 0.8630
vn 0.0704 0.3507 0.9338
vn 0.1113 0.2111 0.9711
vn -0.1060 0.2192 0.9699
vn -0.1727 0.2832 0.9434
vn 0.0344 0.2992 0.9536
vn -0.0518 0.7214 0.6906
vn 0.0202 0.2861 0.9580
vn 0.0791 0.0400 0.9961
vn -0.1407 0.0623 0.9881
vn -0.1708 0.0937 0.9808
vn -0.1368 0.0882 0.9867
vn -0.2630 0.3021 0.9163
vn 0.0313 0.3564 0.9338
vn -0.0827 0.4609 0.8836
vn -0.0427 0.4643 0.8847
vn -0.0410 0.3973 0.9168
vn 0.1613 0.4609 0.8726
vn 0.1685 0.3098 0.9357
vn 0.2675 0.3101 0.9123
vn 0.3195 0.1549 0.9348
vn 0.1975 0.1772 0.9642
vn 0.2081 0.1162 0.9712
vn 0.0184 0.1273 0.9917
vn 0.0233 0.0991 0.9948
vn 0.1397 0.1084 0.9842
vn 0.1282 0.1763 0.9759
vn 0.2087 0.1013 0.9727
vn 0.1991 0.3118 0.9291
vn 0.1881 0.3200 0.9286
vn 0.1616 0.4038 0.9004
vn 0.1244 0.4136 0.9019
vn 0.1489 0.3206 0.9355
vn -0.0375 0.2929 0.9554
vn -0.0480 0.0961 0.9942
vn -0.3991 0.0968 0.9118
vn -0.3390 0.0116 0.9407
vn -0.3766 0.0055 0.9263
vn -0.2878 -0.0903 0.9534
vn -0.0694 -0.1043 0.9921
vn -0.0345 -0.1687 0.9851
vn 0.2647 -0.1379 0.9544
vn 0.2849 -0.4184 0.8624
vn 0.2593 -0.3829 0.8867
vn 0.2510 -0.6169 0.7460
vn 0.3702 -0.6037 0.7061
vn 0.3831 -0.7613 0.5232
vn 0.3239 -0.6509 0.6866
vn 0.1787 -0.8106 0.5576
vn 0.1851 -0.8217 0.5390
vn -0.1047 -0.8298 0.5482
vn -0.0761 -0.8759 0.4764
vn -0.4187 -0.8331 0.3615
vn -0.4513 -0.7761 0.4403
vn -0.6115 -0.6857 0.3948
vn -0.6399 -0.4442 0.6270
vn -0.2573 -0.5005 0.8266
vn -0.2088 -0.5735 0.7922
vn 0.4193 -0.5095 0.7514
vn 0.3962 -0.4756 0.7854
vn 0.4104 -0.6321 0.6573
vn 0.4672 -0.7490 0.4698
vn -0.2786 -0.8664 0.4145
vn -0.3099 -0.8007 0.5127
vn -0.5904 -0.6495 0.4792
vn -0.5787 -0.7448 0.3323
vn 0.0888 0.0140 0.9959
vn 0.1256 -0.1084 0.9861
vn 0.2345 -0.1038 0.9666
vn 0.2253 -0.1661 0.9600
vn 0.3164 -0.1454 0.9374
vn -0.0097 -0.4329 0.9014
vn 0.0041 -0.1712 0.9852
vn 0.1965 -0.6859 0.7007
vn -0.0279 -0.6774 0.7351
vn 0.2064 0.3735 0.9044
vn 0.2665 -0.0107 0.9638
vn -0.1591 0.0623 0.9853
vn -0.1680 -0.3530 0.9204
vn -0.5521 -0.2499 0.7955
vn -0.5612 -0.3485 0.7507
vn -0.4084 -0.3707 0.8341
vn -0.3813 -0.4331 0.8167
vn -0.0542 -0.4512 0.8908
vn -0.0529 -0.4537 0.8896
vn -0.0652 -0.6047 0.7938
vn -0.3967 -0.6206 0.6764
vn -0.4261 -0.5245 0.7371
vn -0.6301 -0.4251 0.6498
vn -0.6286 -0.4768 0.6144
vn -0.2151 -0.4980 0.8401
vn 0.1492 -0.0589 0.9871
vn 0.2905 -0.4347 0.8524
vn -0.1124 -0.3341 0.9358
vn -0.1189 -0.5702 0.8128
vn 0.3485 -0.5603 0.7514
vn 0.2714 -0.4520 0.8497
vn -0.1479 0.1246 0.9811
vn -0.1617 0.1540 0.9747
vn -0.3055 0.1406 0.9418
vn -0.3532 0.3659 0.8610
vn -0.1641 0.3366 0.9273
vn -0.1588 0.3209 0.9337
vn -0.0783 0.3362 0.9385
vn -0.0776 0.2647 0.9612
vn 0.1751 0.3385 0.9245
vn 0.2493 0.1010 0.9632
vn 0.3195 0.1040 0.9419
vn 0.3109 0.1247 0.9422
vn 0.2073 0.1113 0.9719
vn 0.2556 -0.1262 0.9585
vn -0.0076 -0.1517 0.9884
vn -0.0513 0.1068 0.9930
vn 0.0586 0.1139 0.9918
vn 0.1009 -0.2469 0.9638
vn 0.4035 -0.3178 0.8580
vn 0.4013 -0.2706 0.8751
vn 0.8757 -0.2943 0.3827
vn 0.6545 -0.6597 0.3694
vn 0.4422 -0.1679 0.8810
vn 0.3212 -0.3125 0.8940
vn 0.3210 -0.3233 0.8902
vn 0.2851 -0.3657 0.8860
vn 0.2827 -0.4094 0.8674
vn 0.2482 -0.4737 0.8450
vn 0.2415 -0.5668 0.7876
vn 0.2933 -0.5021 0.8136
vn 0.2939 -0.6374 0.7123
vn 0.4389 -0.4901 0.7531
vn 0.4277 -0.5946 0.6808
vn 0.1190 -0.5527 0.8248
vn 0.2091 -0.4309 0.8778
vn 0.2246 -0.6356 0.7386
vn 0.2753 -0.5928 0.7568
vn 0.2772 -0.5705 0.7731
vn 0.3928 -0.4330 0.8113
vn 0.3928 -0.4357 0.8099
vn 0.4521 -0.3128 0.8353
vn 0.4533 -0.3243 0.8303
vn 0.5190 -0.2451 0.8189
vn 0.5168 -0.1617 0.8407
vn 0.7716 -0.2004 0.6037
vn 0.7161 -0.0476 0.6964
vn 0.6602 -0.0518 0.7493
vn 0.6368 -0.0085 0.7710
vn 0.6099 -0.3805 0.6952
vn 0.6616 -0.3914 0.6396
vn 0.6478 -0.4125 0.6405
vn 0.6539 -0.3502 0.6707
vn 0.4480 -0.5799 0.6805
vn 0.9549 -0.2950 -0.0347
vn 0.9624 -0.2716 0.0081
vn 0.9198 -0.3076 0.2434
vn 0.9295 -0.2604 0.2613
vn 0.4983 -0.3546 0.7912
vn 0.5204 -0.2945 0.8016
vn 0.1633 -0.1802 0.9700
vn 0.1576 -0.0599 0.9857
vn -0.0907 -0.0174 0.9957
vn -0.1170 0.1250 0.9852
vn 0.1630 -0.2243 0.9608
vn 0.1500 -0.1990 0.9684
vn -0.2089 -0.2045 0.9563
vn -0.4672 -0.0037 0.8842
vn -0.7874 -0.0637 0.6132
vn -0.2568 -0.1875 0.9481
vn -0.2844 -0.4365 0.8536
vn -0.4734 -0.4491 0.7577
vn -0.4498 -0.3942 0.8014
vn 0.0590 -0.4768 0.8770
vn 0.0207 -0.5267 0.8498
vn 0.3260 -0.5366 0.7783
vn 0.3825 -0.6384 0.6680
vn 0.4099 -0.4172 0.8111
vn 0.4185 -0.4361 0.7967
vn 0.4556 -0.2890 0.8420
vn 0.4673 -0.3240 0.8226
vn 0.4582 -0.3706 0.8079
vn 0.4316 -0.1113 0.8952
vn 0.3279 -0.3864 0.8621
vn 0.2839 -0.0274 0.9584
vn 0.3231 -0.0261 0.9460
vn 0.3531 0.0820 0.9320
vn 0.3872 -0.1146 0.9149
vn 0.3734 -0.1673 0.9125
vn 0.4124 -0.3278 0.8500
vn 0.3985 -0.3898 0.8302
vn 0.4141 -0.4373 0.7983
vn 0.2454 -0.1793 0.9527
vn 0.2091 0.0992 0.9728
vn 0.2427 0.0442 0.9691
vn -0.0013 0.0437 0.9990
vn -0.0831 0.2558 0.9632
vn -0.2099 0.2453 0.9465
vn -0.1984 0.2181 0.9555
vn -0.3734 0.2120 0.9031
vn -0.3996 0.2491 0.8822
vn -0.0352 0.2943 0.9551
vn -0.0309 0.2854 0.9579
vn -0.0952 0.3211 0.9423
vn -0.0929 0.3074 0.9470
vn 0.0485 -0.5686 0.8212
vn -0.0028 -0.4900 0.8717
vn 0.0215 -0.3093 0.9507
vn 0.0429 -0.2889 0.9564
vn 0.0490 -0.3231 0.9451
vn 0.0354 -0.4255 0.9042
vn -0.1408 -0.6328 0.7614
vn -0.4886 -0.0747 0.8693
vn 0.1499 -0.1848 0.9713
vn -0.7964 -0.2050 0.5690
vn -0.8136 -0.1716 0.5555
vn -0.3989 -0.2213 0.8899
vn -0.3939 -0.2365 0.8882
vn -0.4043 -0.2334 0.8843
vn -0.4166 -0.1860 0.8898
vn -0.1317 -0.1880 0.9733
vn -0.1116 -0.3260 0.9388
vn 0.3090 -0.3020 0.9019
vn 0.3178 -0.3166 0.8938
vn 0.5969 -0.3383 0.7276
vn 0.5891 -0.2846 0.7563
vn 0.9717 -0.1393 0.1910
vn 0.9419 -0.0978 0.3212
vn 0.9418 -0.0272 0.3349
vn 0.9409 -0.0281 0.3375
vn 0.9305 -0.1563 0.3313
vn 0.9077 -0.1884 0.3749
vn 0.9557 -0.2398 0.1710
vn 0.6388 -0.2978 0.7094
vn 0.6256 -0.2414 0.7419
vn 0.1479 -0.3240 0.9344
vn 0.3217 -0.1757 0.9304
vn -0.1200 -0.1766 0.9769
vn 0.1234 -0.2158 0.9686
vn -0.1395 -0.1684 0.9758
vn -0.1197 -0.1513 0.9812
vn -0.2124 -0.1257 0.9691
vn -0.1408 -0.1025 0.9847
vn 0.0249 -0.0890 0.9957
vn -0.1581 -0.2811 0.9466
vn -0.4206 -0.2372 0.8757
vn -0.4267 0.2028 0.8813
vn 0.0516 -0.2179 0.9746
vn 0.9654 -0.2606 0.0113
vn 0.9721 -0.2244 0.0680
vn 0.9207 -0.2782 0.2737
vn 0.8938 -0.3776 0.2419
vn 0.8835 -0.2980 0.3615
vn 0.8768 -0.3144 0.3638
vn 0.8192 -0.2282 0.5262
vn 0.8145 0.2658 0.5157
vn 0.4408 -0.0201 0.8974
vn 0.2183 -0.0650 0.9737
vn 0.2226 0.0088 0.9749
vn 0.4354 -0.0456 0.8991
vn 0.5876 -0.2878 0.7562
vn 0.9549 -0.2918 0.0554
vn 0.9449 -0.3266 0.0218
vn 0.9392 -0.3427 0.0220
vn 0.9549 -0.2758 0.1103
vn -0.1557 0.7608 -0.6300
vn 0.2314 0.7852 -0.5743
vn 0.2314 0.7859 -0.5735
vn 0.1138 0.8206 -0.5600
vn 0.4303 -0.8955 -0.1139
vn 0.8195 -0.5488 -0.1647
vn 0.8113 -0.5519 -0.1931
vn 0.9701 -0.0905 -0.2250
vn 0.9711 -0.0900 -0.2212
vn 0.9728 0.0544 -0.2250
vn 0.8195 -0.5489 0.1647
vn 0.8113 -0.5519 0.1926
vn 0.9703 -0.0905 0.2245
vn 0.9712 -0.0900 0.2207
vn 0.9729 0.0545 0.2245
vn 0.9730 0.0545 0.2244
vn 0.6255 -0.4352 0.6476
vn 0.6702 -0.4450 0.5940
vn 0.7543 -0.0747 0.6523
vn 0.7603 -0.0740 0.6453
vn 0.7570 0.0381 0.6523
vn 0.7571 0.0382 0.6521
vn 0.2410 -0.1833 0.9530
vn 0.2831 -0.1983 0.9384
vn 0.2951 -0.0408 0.9546
vn 0.3017 -0.0404 0.9525
vn 0.2978 0.0042 0.9546
vn 0.2980 0.0043 0.9546
vn -0.2690 0.1268 0.9548
vn -0.2895 0.1341 0.9477
vn -0.2975 0.0030 0.9547
vn -0.2991 0.0029 0.9542
vn -0.2950 -0.0381 0.9547
vn -0.2950 -0.0381 0.9548
vn -0.6714 0.3522 0.6521
vn -0.7008 0.3591 0.6164
vn -0.7570 0.0367 0.6524
vn -0.7606 0.0363 0.6482
vn -0.7547 -0.0698 0.6524
vn -0.7547 -0.0698 0.6523
vn -0.8640 0.4506 0.2246
vn -0.8696 0.4493 0.2050
vn -0.9730 0.0521 0.2248
vn -0.9736 0.0518 0.2222
vn -0.9708 -0.0843 0.2248
vn -0.9708 -0.0843 0.2247
vn -0.8696 0.4493 -0.2050
vn -0.9730 0.0521 -0.2248
vn -0.9736 0.0518 -0.2222
vn -0.9708 -0.0843 -0.2248
vn -0.9708 -0.0843 -0.2247
vn -0.9713 -0.0785 -0.2247
vn -0.7526 -0.0669 -0.6550
vn -0.7549 -0.0675 -0.6523
vn -0.2919 -0.0418 -0.9555
vn -0.2945 -0.0423 -0.9547
vn 0.2990 -0.0068 -0.9542
vn -0.2950 -0.0381 -0.9548
vn -0.7547 -0.0698 -0.6524
vn -0.7606 0.0363 -0.6482
vn -0.1999 0.1858 -0.9620
vn 0.2126 0.0977 -0.9722
vn 0.3312 0.0552 -0.9419
vn 0.6261 0.0147 -0.7796
vn 0.9429 -0.1068 -0.3156
vn 0.4533 -0.3243 -0.8303
vn 0.4521 -0.3128 -0.8353
vn 0.3928 -0.4357 -0.8099
vn 0.3928 -0.4330 -0.8113
vn 0.2772 -0.5705 -0.7731
vn 0.2753 -0.5928 -0.7568
vn 0.2246 -0.6356 -0.7386
vn 0.2091 -0.4309 -0.8778
vn 0.1190 -0.5527 -0.8248
vn 0.0670 -0.7365 -0.6731
vn 0.6683 -0.2714 -0.6927
vn 0.6616 -0.3914 -0.6396
vn 0.6478 -0.4125 -0.6405
vn 0.6539 -0.3502 -0.6707
vn 0.4480 -0.5799 -0.6805
vn 0.2796 -0.3278 -0.9024
vn 0.1228 -0.4137 -0.9021
vn 0.1032 -0.7927 -0.6008
vn 0.1169 -0.7931 -0.5978
vn -0.0458 -0.9983 -0.0348
vn 0.6099 -0.3805 -0.6952
vn 0.3949 -0.0798 -0.9153
vn 0.4011 -0.0247 -0.9157
vn 0.6624 -0.2900 -0.6908
vn 0.6107 -0.3690 -0.7006
vn 0.5891 -0.4958 -0.6380
vn 0.3656 -0.6700 -0.6461
vn 0.3877 -0.9206 -0.0456
vn 0.0011 -0.9981 -0.0614
vn 0.0403 -0.9964 -0.0751
vn -0.1536 -0.9833 -0.0981
vn -0.1541 -0.9866 0.0537
vn -0.0324 -0.9959 0.0841
vn 0.0403 -0.9964 0.0751
vn 0.0161 -0.7447 -0.6673
vn 0.3197 -0.6568 -0.6829
vn 0.1748 -0.3161 -0.9325
vn 0.3445 -0.1313 -0.9296
vn 0.5959 -0.0881 -0.7982
vn 0.7352 -0.0935 -0.6714
vn 0.7754 -0.1506 -0.6133
vn 0.7621 -0.1601 -0.6274
vn 0.6585 -0.0880 -0.7474
vn 0.5969 -0.2143 -0.7732
vn 0.6242 -0.2162 -0.7507
vn 0.6045 -0.2476 -0.7572
vn 0.5719 -0.2226 -0.7895
vn 0.5433 -0.2507 -0.8012
vn 0.7985 -0.5989 -0.0612
vn 0.8329 -0.5509 0.0531
vn 0.8329 -0.5509 -0.0531
vn 0.8394 -0.5409 -0.0529
vn 0.8318 -0.5507 -0.0703
vn 0.7990 -0.5983 -0.0602
vn 0.8060 -0.5906 -0.0395
vn 0.7513 -0.6588 -0.0396
vn 0.7545 -0.6556 -0.0320
vn 0.7590 -0.6502 -0.0331
vn 0.7613 -0.6477 -0.0285
vn 0.2884 -0.9551 -0.0678
vn 0.3017 -0.8995 0.3160
vn 0.0980 -0.9589 0.2664
vn 0.0775 -0.9777 0.1953
vn 0.2175 -0.9642 0.1515
vn 0.1497 -0.9870 0.0585
vn 0.1538 -0.9864 0.0575
vn 0.1556 -0.9860 0.0594
vn 0.2251 -0.9734 0.0424
vn 0.3535 -0.7217 0.5951
vn 0.1080 -0.8433 0.5264
vn 0.1507 -0.7791 0.6086
vn 0.1344 -0.7873 0.6017
vn 0.1694 -0.3488 0.9218
vn 0.2430 -0.2104 0.9470
vn 0.2420 -0.0413 0.9694
vn 0.2332 -0.0567 0.9708
vn 0.2222 0.4361 0.8720
vn 0.0443 0.0846 0.9954
vn 0.0345 -0.0518 0.9981
vn 0.2575 0.1030 0.9608
vn 0.2826 0.1667 0.9446
vn 0.1725 0.0931 0.9806
vn 0.2997 0.4411 0.8460
vn 0.2555 0.4263 0.8678
vn 0.3411 0.5536 0.7597
vn 0.1979 0.6343 0.7473
vn 0.2711 0.6607 0.7000
vn -0.0143 0.7719 0.6356
vn 0.1831 0.9252 0.3325
vn 0.2776 0.8998 0.3367
vn 0.3076 0.9007 0.3069
vn 0.4444 0.8232 0.3535
vn 0.4861 0.8191 0.3046
vn 0.6165 0.6638 0.4234
vn 0.6461 0.6542 0.3932
vn 0.8173 0.0532 0.5738
vn 0.9621 0.2227 -0.1576
vn 0.9509 0.0051 -0.3094
vn 0.9528 0.0053 0.3036
vn 0.9253 -0.2370 0.2960
vn 0.9372 -0.3058 -0.1677
vn 0.9880 -0.1294 -0.0845
vn 0.8501 -0.1764 -0.4961
vn 0.7356 -0.4056 -0.5426
vn 0.4730 -0.3009 -0.8281
vn 0.6072 -0.1828 -0.7732
vn 0.2887 0.0466 -0.9563
vn 0.3794 0.2033 -0.9026
vn 0.4863 0.3119 -0.8163
vn 0.2194 -0.4031 -0.8885
vn 0.1515 -0.3941 -0.9065
vn 0.1794 -0.3470 -0.9205
vn -0.0593 -0.2682 -0.9615
vn 0.0041 -0.4255 -0.9049
vn -0.0406 -0.5035 -0.8631
vn -0.0412 -0.4998 -0.8652
vn -0.2574 -0.7276 -0.6358
vn 0.0736 -0.9125 -0.4025
vn 0.0097 -0.7987 -0.6016
vn 0.0066 -0.7980 -0.6026
vn -0.0685 -0.9614 -0.2666
vn -0.0474 -0.9761 -0.2123
vn -0.0890 -0.9938 -0.0662
vn -0.0085 -0.9990 0.0447
vn -0.0084 -0.9989 -0.0458
vn 0.0170 -0.9990 -0.0420
vn 0.0813 -0.9949 0.0596
vn 0.3205 -0.9472 0.0089
vn 0.5024 -0.7582 0.4156
vn 0.4625 -0.7863 0.4095
vn 0.6827 -0.2648 0.6810
vn 0.5607 -0.5220 0.6428
vn 0.3245 -0.9334 0.1532
vn 0.5783 -0.7938 0.1884
vn 0.7769 -0.4158 0.4728
vn 0.7046 -0.5195 0.4834
vn 0.7356 -0.4056 0.5426
vn 0.8501 -0.1764 0.4961
vn 0.1270 0.8141 0.5666
vn 0.0439 0.7187 0.6939
vn 0.5596 -0.7487 0.3554
vn 0.8473 0.1095 0.5197
vn 0.6200 0.2206 0.7530
vn 0.4812 0.5594 0.6749
vn 0.4476 0.5819 0.6790
vn 0.0169 -0.9990 0.0410
vn 0.0817 -0.9949 -0.0586
vn 0.3205 -0.9472 -0.0088
vn 0.5024 -0.7582 -0.4156
vn 0.4625 -0.7863 -0.4095
vn 0.6827 -0.2648 -0.6810
vn 0.5607 -0.5220 -0.6428
vn 0.3245 -0.9334 -0.1532
vn 0.5783 -0.7938 -0.1884
vn 0.7769 -0.4158 -0.4728
vn 0.7046 -0.5195 -0.4834
vn 0.5485 -0.3747 -0.7475
vn 0.4944 -0.4239 -0.7589
vn 0.5632 -0.4549 -0.6899
vn 0.2178 -0.4870 -0.8458
vn 0.2317 -0.8756 -0.4238
vn 0.1664 -0.8882 -0.4283
vn 0.1463 -0.8834 -0.4453
vn 0.0544 -0.8925 -0.4477
vn 0.1180 -0.9114 -0.3943
vn 0.3003 -0.8798 -0.3685
vn 0.0093 -0.4284 -0.9035
vn 0.1180 -0.4245 -0.8977
vn 0.1789 -0.3110 -0.9334
vn 0.3493 -0.3260 -0.8785
vn 0.2167 -0.1955 -0.9565
vn 0.1878 -0.2590 -0.9475
vn 0.1473 -0.2288 -0.9623
vn 0.2409 -0.1045 -0.9649
vn 0.7349 -0.5176 -0.4382
vn 0.2938 -0.7743 -0.5604
vn 0.0669 -0.7762 -0.6270
vn 0.1689 -0.7945 -0.5834
vn 0.0276 -0.9824 -0.1849
vn 0.1720 0.2644 -0.9489
vn 0.0124 0.4146 -0.9099
vn 0.0212 0.4884 -0.8724
vn -0.0201 0.4793 -0.8774
vn 0.1204 0.1492 -0.9814
vn 0.2575 0.1030 -0.9608
vn 0.2826 0.1667 -0.9446
vn 0.3342 0.1388 -0.9322
vn 0.4036 0.3982 -0.8237
vn 0.4116 0.3879 -0.8247
vn 0.4192 0.4044 -0.8128
vn 0.4207 0.3900 -0.8191
vn 0.5541 0.5066 -0.6605
vn 0.4026 0.8048 -0.4361
vn 0.6275 0.7685 -0.1252
vn 0.6273 0.7686 0.1260
vn 0.7048 0.6856 0.1821
vn 0.7185 0.6638 0.2076
vn 0.6500 0.7261 0.2243
vn 0.6055 0.7886 0.1072
vn 0.5691 0.8137 0.1185
vn 0.4930 0.8686 0.0504
vn 0.3913 0.9182 0.0616
vn 0.5157 0.8457 0.1373
vn 0.4480 0.8827 0.1417
vn 0.3372 0.9404 0.0450
vn 0.5418 0.8400 0.0280
vn 0.5285 0.8487 0.0185
vn 0.6615 0.7499 0.0075
vn 0.8171 0.5460 -0.1849
vn 0.8174 0.5466 0.1818
vn 0.6615 0.7500 -0.0074
vn 0.6461 0.6542 -0.3932
vn 0.6165 0.6638 -0.4234
vn 0.4812 0.5594 -0.6749
vn 0.4476 0.5819 -0.6790
vn 0.5007 0.5777 -0.6446
vn 0.2846 0.6895 -0.6660
vn 0.2294 0.6814 -0.6951
vn 0.0388 0.7250 -0.6877
vn -0.0466 0.6410 -0.7661
vn 0.1684 0.5666 -0.8066
vn 0.0685 0.5244 -0.8487
vn 0.2555 0.4263 -0.8678
vn 0.2997 0.4411 -0.8460
vn 0.1725 0.0931 -0.9806
vn 0.1159 0.1263 -0.9852
vn -0.0436 -0.0059 -0.9990
vn -0.1623 0.0603 -0.9849
vn -0.2074 0.1818 -0.9612
vn 0.2066 0.1492 -0.9670
vn 0.2850 0.0151 -0.9584
vn 0.7746 0.5139 -0.3685
vn 0.9447 0.2603 -0.1997
vn -0.2549 -0.2795 -0.9257
vn 0.0704 -0.7306 -0.6792
vn 0.5596 -0.7487 -0.3554
vn 0.0439 0.7187 -0.6939
vn 0.1270 0.8141 -0.5666
vn 0.3613 0.7851 -0.5030
vn 0.0582 0.4719 -0.8797
vn 0.2799 0.3899 -0.8773
vn 0.2875 0.2906 -0.9126
vn 0.9200 0.2319 -0.3160
vn 0.7700 0.5226 -0.3660
vn -0.1645 -0.6129 -0.7729
vn 0.1524 0.3171 -0.9361
vn 0.9139 -0.1318 -0.3839
vn -0.0577 -0.6852 -0.7260
vn -0.1668 -0.6259 -0.7619
vn 0.6200 0.2206 -0.7530
vn 0.8473 0.1095 -0.5197
vn 0.8173 0.0532 -0.5738
vn 0.9626 0.2223 0.1549
vn 0.2690 0.4465 -0.8534
vn 0.3915 0.5201 -0.7591
vn 0.1979 0.6343 -0.7473
vn 0.2711 0.6607 -0.7000
vn -0.0143 0.7719 -0.6356
vn 0.1831 0.9252 -0.3325
vn 0.2776 0.8998 -0.3367
vn 0.3076 0.9007 -0.3069
vn 0.4444 0.8232 -0.3535
vn 0.4861 0.8191 -0.3046
vn 0.5285 0.8487 -0.0182
vn 0.5419 0.8400 -0.0275
vn 0.3372 0.9404 -0.0443
vn 0.4484 0.8828 -0.1398
vn 0.3857 0.7842 0.4861
vn 0.3238 0.8049 0.4972
vn 0.4044 0.6751 0.6171
vn 0.4953 0.6075 0.6210
vn 0.4274 0.5809 0.6927
vn 0.5285 0.5071 0.6808
vn 0.5541 0.5066 0.6605
vn 0.5261 0.5857 0.6166
vn 0.8157 0.5145 0.2645
vn 0.8424 0.4646 0.2730
vn 0.8763 0.4788 0.0527
vn 0.7159 0.6980 0.0133
vn 0.7843 0.5962 -0.1715
vn 0.6011 0.7873 -0.1372
vn 0.5734 0.8193 -0.0028
vn 0.4306 0.8983 0.0871
vn 0.4099 0.8989 0.1549
vn 0.1085 0.8988 0.4247
vn 0.0803 0.7543 0.6516
vn -0.1826 0.5686 0.8020
vn -0.1429 0.3915 0.9090
vn -0.2482 0.2544 0.9347
vn -0.1467 -0.0437 0.9882
vn 0.0153 -0.0238 0.9996
vn 0.0594 0.1182 0.9912
vn 0.1001 0.1287 0.9866
vn 0.1011 0.1202 0.9876
vn 0.1797 0.2065 0.9618
vn 0.2132 0.1158 0.9701
vn 0.2471 0.2183 0.9441
vn 0.2558 0.2026 0.9452
vn 0.2565 0.2115 0.9431
vn 0.2812 0.1942 0.9398
vn 0.3006 0.1262 0.9454
vn 0.3188 0.1207 0.9401
vn 0.3448 0.0773 0.9355
vn 0.3641 0.0723 0.9286
vn 0.3568 0.1627 0.9199
vn 0.3883 0.1785 0.9041
vn 0.4270 0.0864 0.9001
vn 0.6198 0.2921 0.7284
vn 0.4747 -0.1617 0.8652
vn 0.3879 0.0182 0.9215
vn 0.4227 -0.0019 0.9063
vn 0.3598 -0.1753 0.9164
vn 0.3368 -0.0702 0.9389
vn 0.5121 0.0100 0.8588
vn 0.5060 -0.0167 0.8624
vn 0.7805 0.3287 0.5317
vn 0.8015 0.1721 0.5727
vn 0.7858 0.1159 0.6076
vn 0.8000 0.0536 0.5976
vn 0.8080 0.4452 0.3859
vn 0.9626 0.1384 0.2329
vn 0.9079 0.3703 0.1963
vn 0.9399 0.3412 -0.0112
vn 0.9240 0.3809 0.0344
vn 0.8582 0.2186 0.4644
vn 0.7900 0.3170 0.5248
vn 0.7608 0.3173 0.5662
vn 0.7117 0.4817 0.5113
vn 0.6795 0.4344 0.5912
vn 0.6004 0.5033 0.6215
vn 0.4286 0.2015 0.8808
vn 0.3303 0.2390 0.9131
vn 0.2001 0.5719 0.7956
vn -0.5775 0.6337 0.5147
vn -0.5661 0.6292 0.5326
vn -0.6416 -0.1383 0.7544
vn 0.5498 -0.0778 0.8317
vn -0.4615 0.1137 0.8798
vn -0.3254 0.5921 0.7372
vn 0.3538 0.6772 0.6452
vn 0.5421 0.0375 0.8395
vn 0.4300 0.0190 0.9026
vn 0.5211 0.0572 0.8516
vn 0.5532 0.1006 0.8269
vn 0.8992 0.4348 0.0480
vn 0.8228 0.5678 -0.0236
vn 0.6823 0.7222 0.1139
vn 0.6048 0.7936 0.0660
vn 0.4010 0.8823 0.2463
vn 0.4914 0.8357 0.2452
vn -0.1218 0.7176 0.6857
vn 0.2030 0.6550 0.7278
vn 0.0025 0.3766 0.9264
vn -0.1228 0.3850 0.9147
vn -0.2363 -0.0139 0.9716
vn -0.1928 -0.0119 0.9812
vn -0.1554 -0.2415 0.9579
vn 0.2533 -0.1732 0.9518
vn 0.2360 0.1443 0.9610
vn 0.7689 0.4691 0.4345
vn 0.8092 0.1002 0.5789
vn 0.7035 0.3020 0.6434
vn 0.7122 0.3262 0.6216
vn 0.4116 0.3879 0.8247
vn 0.4036 0.3982 0.8237
vn 0.7714 0.3391 0.5385
vn 0.5039 0.0210 0.8635
vn 0.5271 0.2163 0.8218
vn 0.3705 0.2627 0.8909
vn 0.4250 0.0866 0.9010
vn 0.4207 0.3901 0.8191
vn 0.4192 0.4044 0.8128
vn 0.3365 0.4293 0.8382
vn 0.3945 -0.0332 0.9183
vn 0.3288 -0.0426 0.9434
vn 0.2722 -0.0844 0.9585
vn 0.1487 -0.0430 0.9879
vn 0.1918 -0.0281 0.9810
vn 0.1230 0.0123 0.9923
vn 0.6664 0.7439 0.0506
vn 0.6172 0.7859 0.0383
vn 0.7100 0.6952 -0.1125
vn 0.7020 0.7033 -0.1121
vn 0.7985 -0.5989 0.0612
vn 0.5433 -0.2507 0.8012
vn 0.7763 -0.6274 -0.0617
vn 0.5457 -0.4654 -0.6969
vn 0.7092 -0.2623 -0.6543
vn 0.6806 -0.2654 -0.6829
vn 0.6637 -0.0438 -0.7467
vn 0.7493 -0.1990 -0.6316
vn 0.6440 -0.3567 -0.6768
vn 0.6584 -0.2947 -0.6926
vn 0.5136 -0.3653 -0.7764
vn 0.4264 0.0054 -0.9045
vn 0.4261 0.0046 -0.9047
vn 0.3459 0.1240 -0.9300
vn 0.3695 0.2451 -0.8963
vn 0.3625 0.2490 -0.8981
vn 0.3686 0.2340 -0.8997
vn 0.7505 0.3354 -0.5694
vn 0.4813 0.3916 -0.7842
vn 0.6473 0.4289 -0.6301
vn 0.5028 0.4454 -0.7408
vn 0.8184 0.4251 -0.3867
vn 0.6515 0.5014 -0.5693
vn 0.4825 0.5136 -0.7095
vn 0.5324 0.4813 -0.6963
vn 0.2556 0.5021 -0.8261
vn 0.2973 0.4528 -0.8406
vn 0.0618 0.4619 -0.8847
vn 0.0145 0.5321 -0.8465
vn -0.1332 0.5131 -0.8480
vn -0.1498 0.6400 -0.7537
vn -0.0272 0.6561 -0.7542
vn -0.0075 0.8170 -0.5766
vn 0.0633 0.8274 -0.5580
vn 0.0360 0.8942 -0.4461
vn 0.0512 0.8946 -0.4439
vn -0.0059 0.8192 -0.5735
vn -0.0961 0.8182 -0.5668
vn -0.1155 0.7115 -0.6931
vn -0.0233 0.7197 -0.6938
vn 0.0545 0.5930 -0.8034
vn 0.2081 0.6116 -0.7633
vn 0.2978 0.4934 -0.8172
vn 0.4800 0.5155 -0.7099
vn 0.5330 0.4853 -0.6931
vn 0.6563 0.4811 -0.5812
vn 0.4972 0.4549 -0.7388
vn 0.3552 0.3923 -0.8485
vn 0.4928 0.3598 -0.7922
vn 0.2544 0.3167 -0.9138
vn 0.3189 0.1580 -0.9345
vn 0.0242 0.0729 -0.9970
vn 0.0561 0.0111 -0.9984
vn 0.1444 0.0314 -0.9890
vn 0.2802 -0.1728 -0.9442
vn 0.1875 -0.2011 -0.9615
vn 0.4299 -0.4954 -0.7549
vn 0.2870 -0.5393 -0.7917
vn 0.2789 -0.5201 -0.8073
vn 0.5773 -0.7289 -0.3680
vn 0.4328 -0.3146 -0.8448
vn 0.7611 -0.6478 0.0337
vn 0.7545 -0.6556 0.0320
vn 0.7513 -0.6588 0.0396
vn 0.8060 -0.5906 0.0395
vn 0.7990 -0.5983 0.0602
vn 0.8384 -0.5402 0.0724
vn 0.8331 -0.5506 0.0531
vn 0.5509 -0.3220 -0.7699
vn 0.5468 -0.3135 -0.7763
vn 0.5036 -0.2797 -0.8174
vn 0.5062 -0.3112 -0.8043
vn 0.4701 -0.2791 -0.8373
vn 0.4744 -0.3946 -0.7869
vn 0.4544 -0.3589 -0.8153
vn 0.4718 -0.2631 -0.8416
vn 0.3777 -0.0148 -0.9258
vn 0.3534 -0.0692 -0.9329
vn 0.2164 0.2092 -0.9536
vn 0.2932 -0.0820 -0.9525
vn 0.4016 -0.2668 -0.8761
vn 0.4105 -0.2971 -0.8621
vn 0.4774 -0.3904 -0.7872
vn 0.4782 -0.3930 -0.7854
vn 0.5303 -0.4648 -0.7090
vn 0.4838 -0.3251 -0.8126
vn 0.5255 -0.3583 -0.7717
vn 0.5235 -0.3552 -0.7744
vn 0.3895 -0.2725 -0.8798
vn 0.4597 -0.4026 -0.7916
vn 0.4839 -0.4225 -0.7664
vn 0.5063 -0.4800 -0.7164
vn 0.4347 -0.4179 -0.7978
vn 0.3747 -0.3964 -0.8381
vn 0.4817 -0.3475 -0.8045
vn 0.4510 -0.2863 -0.8454
vn 0.4649 -0.2203 -0.8575
vn 0.5153 -0.2700 -0.8134
vn 0.5125 -0.2525 -0.8207
vn 0.5690 -0.3046 -0.7638
vn 0.6048 -0.1957 -0.7719
vn 0.7386 -0.2421 -0.6292
vn 0.6776 -0.0387 -0.7344
vn 0.7591 -0.6503 0.0288
vn 0.2884 -0.9551 0.0678
vn 0.2388 -0.9710 -0.0070
vn 0.1212 -0.9926 0.0089
vn 0.1896 -0.9748 0.1171
vn 0.1990 -0.9729 0.1176
vn 0.1992 -0.9729 -0.1177
vn 0.1727 -0.9730 -0.1532
vn 0.1898 -0.9748 -0.1172
vn 0.1212 -0.9926 -0.0089
vn 0.2388 -0.9710 0.0070
vn 0.7654 0.2981 -0.5703
vn 0.5982 0.1334 -0.7902
vn 0.9185 0.2279 -0.3231
vn 0.9247 0.2002 -0.3237
vn 0.9259 0.2063 -0.3163
vn 0.9459 -0.0322 -0.3229
vn 0.8821 -0.0538 -0.4679
vn 0.8601 -0.2450 -0.4475
vn 0.7315 -0.2609 -0.6299
vn 0.7307 -0.2621 -0.6304
vn 0.3602 -0.2187 -0.9069
vn 0.3900 -0.0782 -0.9175
vn 0.3416 -0.1556 -0.9269
vn 0.2752 -0.4571 -0.8457
vn 0.4035 -0.3178 -0.8580
vn 0.4013 -0.2706 -0.8751
vn 0.3465 -0.4162 -0.8407
vn 0.6969 -0.6368 -0.3298
vn 0.9096 -0.1541 -0.3858
vn 0.8656 -0.4767 -0.1530
vn 0.9549 -0.2758 -0.1103
vn 0.9392 -0.3427 -0.0220
vn 0.9449 -0.3266 -0.0218
vn 0.9549 -0.2918 -0.0554
vn 0.9721 -0.2244 -0.0680
vn 0.9654 -0.2606 -0.0113
vn 0.9624 -0.2716 -0.0081
vn 0.9549 -0.2950 0.0347
vn 0.7257 -0.6545 0.2120
vn 0.4501 -0.6696 -0.5908
vn 0.0545 -0.9978 0.0387
vn 0.6395 -0.0101 -0.7688
vn 0.8145 0.2658 -0.5157
vn 0.4408 -0.0201 -0.8974
vn 0.3602 -0.3125 -0.8790
vn 0.6372 -0.1012 -0.7641
vn 0.6041 -0.2354 -0.7614
vn 0.5204 -0.2945 -0.8016
vn 0.5297 -0.2666 -0.8052
vn 0.1479 -0.3240 -0.9344
vn 0.3217 -0.1757 -0.9304
vn -0.1333 -0.1761 -0.9753
vn -0.1116 -0.3260 -0.9388
vn -0.0970 -0.2980 -0.9496
vn -0.0694 -0.3550 -0.9323
vn -0.0285 -0.2988 -0.9539
vn -0.1481 -0.0792 -0.9858
vn -0.2228 -0.1093 -0.9687
vn -0.2226 -0.0865 -0.9711
vn -0.1012 -0.0955 -0.9903
vn -0.3448 -0.2045 -0.9161
vn -0.6118 -0.2105 -0.7625
vn -0.6123 -0.2026 -0.7642
vn -0.8368 -0.3034 -0.4558
vn -0.8912 -0.0825 -0.4460
vn -0.9629 -0.1728 -0.2072
vn -0.9835 -0.0168 -0.1800
vn -0.8680 -0.0407 0.4950
vn -0.8673 0.2433 0.4343
vn -0.4611 0.1622 0.8724
vn 0.1366 -0.2755 0.9516
vn 0.1590 -0.2696 0.9498
vn -0.2343 0.1467 0.9610
vn 0.5512 0.3520 0.7565
vn 0.6429 0.1648 0.7480
vn 0.8683 0.4680 0.1644
vn 0.7726 0.5998 0.2084
vn 0.8391 0.5393 0.0710
vn 0.8934 0.4418 0.0814
vn 0.8300 0.5295 0.1750
vn 0.3510 -0.9134 0.2061
vn 0.1307 -0.8970 -0.4224
vn 0.6297 -0.7662 0.1284
vn 0.4181 0.5412 -0.7296
vn 0.3556 0.5235 -0.7743
vn 0.3138 0.5759 -0.7549
vn 0.0497 0.6158 -0.7863
vn 0.2194 0.2121 -0.9523
vn -0.0074 0.3680 -0.9298
vn 0.0146 0.7168 -0.6972
vn 0.0438 0.7146 -0.6981
vn 0.3176 0.0957 -0.9434
vn -0.1600 -0.0754 -0.9842
vn -0.2550 -0.0782 -0.9638
vn -0.1259 -0.0306 -0.9916
vn 0.0837 -0.2318 -0.9691
vn -0.9788 -0.0560 -0.1970
vn -0.9820 -0.0200 -0.1880
vn 0.7853 0.6090 -0.1120
vn 0.6494 0.7251 -0.2292
vn 0.7219 0.6312 -0.2836
vn 0.6596 0.6361 -0.4005
vn 0.7842 0.3679 -0.4997
vn 0.7171 0.4346 -0.5448
vn 0.3752 0.8457 -0.3796
vn 0.6712 0.6768 -0.3024
vn 0.6147 0.7361 -0.2833
vn 0.7223 0.6336 -0.2771
vn 0.9050 0.2847 -0.3160
vn 0.9113 0.2556 0.3228
vn 0.8089 0.5036 0.3035
vn 0.7111 0.5153 0.4784
vn 0.7981 0.3293 0.5045
vn 0.8475 0.3035 0.4355
vn 0.8503 0.2444 0.4660
vn 0.6161 0.2124 0.7585
vn 0.6212 -0.0540 0.7818
vn 0.4467 -0.0027 0.8947
vn -0.4676 -0.2047 0.8599
vn -0.4507 -0.2082 0.8680
vn -0.6875 -0.2888 0.6663
vn -0.7255 -0.1815 0.6638
vn -0.6777 -0.2127 0.7039
vn -0.6873 -0.1486 0.7110
vn -0.9543 -0.2475 0.1676
vn -0.9599 -0.1123 -0.2567
vn -0.6462 -0.1703 -0.7440
vn -0.6487 -0.2223 -0.7279
vn -0.3362 -0.1990 -0.9205
vn -0.3260 -0.3334 -0.8846
vn -0.0800 -0.3171 -0.9450
vn -0.1113 -0.1103 -0.9876
vn -0.1031 -0.1060 -0.9890
vn -0.6056 -0.1879 -0.7732
vn -0.6012 -0.2157 -0.7694
vn -0.9417 -0.2895 0.1717
vn -0.9548 -0.2436 0.1705
vn -0.9158 -0.2646 0.3021
vn -0.9399 -0.2096 0.2696
vn -0.2919 0.1160 0.9494
vn -0.2954 0.1329 0.9461
vn -0.1076 0.1517 0.9825
vn 0.2731 0.1029 0.9565
vn 0.6411 0.2528 0.7247
vn 0.6833 0.1507 0.7144
vn 0.6113 0.1654 0.7739
vn 0.5507 0.3506 0.7575
vn -0.1654 -0.1498 0.9748
vn -0.4530 -0.1511 0.8786
vn -0.6151 -0.2011 0.7624
vn -0.6204 -0.1871 0.7617
vn -0.4304 0.0396 0.9017
vn -0.9001 -0.0982 0.4244
vn 0.8567 0.3668 -0.3628
vn 0.7342 0.6375 -0.2334
vn 0.7355 0.6070 -0.3010
vn 0.8670 0.4065 -0.2882
vn 0.8670 0.4075 -0.2868
vn 0.8736 0.3909 -0.2900
vn 0.8569 0.3542 -0.3745
vn 0.9076 0.1358 -0.3972
vn 0.8965 0.1536 0.4157
vn 0.9954 0.0812 0.0518
vn 0.1052 0.3689 -0.9235
vn 0.1451 0.0772 -0.9864
vn 0.3090 -0.3020 -0.9019
vn 0.3177 -0.3166 -0.8938
vn 0.3205 -0.3100 -0.8951
vn 0.1997 -0.2031 -0.9586
vn 0.2065 -0.0580 -0.9767
vn -0.0415 0.0147 -0.9990
vn 0.0223 -0.1815 -0.9831
vn 0.7304 -0.1665 -0.6624
vn 0.7286 -0.1598 -0.6661
vn 0.9218 -0.2056 -0.3287
vn 0.9330 0.1202 -0.3393
vn 0.8192 -0.2282 -0.5262
vn 0.8768 -0.3144 -0.3638
vn 0.8835 -0.2980 -0.3615
vn 0.8938 -0.3776 -0.2419
vn 0.9235 -0.2647 -0.2777
vn 0.9270 -0.2740 -0.2562
vn 0.9198 -0.3076 -0.2435
vn 0.6480 -0.3455 -0.6787
vn 0.6388 -0.2978 -0.7094
vn 0.5969 -0.3383 -0.7276
vn 0.5891 -0.2846 -0.7563
vn 0.7279 -0.1221 -0.6747
vn 0.7308 -0.0233 -0.6822
vn 0.6974 -0.0413 -0.7155
vn 0.7107 -0.1881 -0.6778
vn 0.9557 -0.2398 -0.1710
vn 0.9717 -0.1393 -0.1910
vn 0.6545 -0.6597 -0.3694
vn 0.8757 -0.2943 -0.3827
vn 0.5584 -0.5734 -0.5995
vn 0.5759 -0.4709 -0.6682
vn 0.7663 -0.4682 -0.4398
vn 0.8491 -0.3680 -0.3791
vn 0.8556 -0.3693 -0.3628
vn 0.9406 -0.2453 -0.2347
vn 0.6212 -0.1126 -0.7755
vn 0.5727 -0.4643 -0.6756
vn 0.6847 -0.0934 -0.7229
vn 0.7305 -0.0216 -0.6826
vn 0.8647 -0.0356 -0.5010
vn 0.8825 0.0033 -0.4703
vn 0.9623 -0.0301 -0.2703
vn 0.9177 -0.1349 -0.3737
vn 0.8613 -0.2472 -0.4438
vn 0.9137 -0.2232 -0.3395
vn 0.9274 -0.2472 -0.2808
vn 0.5294 -0.1380 -0.8371
vn 0.9346 -0.0017 -0.3558
vn 0.5031 -0.0039 -0.8642
vn 0.5202 0.0184 -0.8539
vn 0.4786 0.1234 -0.8693
vn 0.5345 0.2109 -0.8184
vn 0.6080 -0.5787 -0.5436
vn 0.7640 -0.4733 -0.4385
vn 0.7939 -0.4702 -0.3856
vn 0.8519 -0.3825 -0.3577
vn 0.5739 -0.2774 -0.7705
vn 0.6211 -0.1465 -0.7699
vn 0.7112 -0.2621 -0.6523
vn 0.6639 -0.3413 -0.6653
vn 0.6635 -0.3412 -0.6658
vn 0.5715 -0.2003 -0.7958
vn 0.7086 -0.1850 -0.6809
vn 0.6405 0.3582 -0.6793
vn 0.8003 0.3596 -0.4797
vn 0.8486 0.3213 -0.4204
vn 0.5396 0.4132 -0.7336
vn 0.4858 0.4563 -0.7455
vn 0.2162 0.4594 -0.8615
vn 0.2575 0.4101 -0.8749
vn 0.0586 0.3959 -0.9164
vn 0.0518 0.4298 -0.9014
vn -0.1037 0.4193 -0.9019
vn -0.1132 0.4519 -0.8849
vn 0.0418 0.4880 -0.8719
vn 0.1187 0.7319 -0.6710
vn 0.1051 0.7354 -0.6695
vn 0.1126 0.6753 -0.7289
vn 0.1958 0.6629 -0.7227
vn 0.1353 0.8994 -0.4157
vn 0.1555 0.8978 -0.4121
vn 0.1293 0.9459 -0.2976
vn 0.0921 0.9526 -0.2901
vn 0.1039 0.9328 -0.3451
vn 0.0990 0.9339 -0.3436
vn 0.1146 0.8719 -0.4761
vn 0.0735 0.8677 -0.4917
vn 0.1311 0.7093 -0.6926
vn 0.0366 0.7111 -0.7022
vn 0.0053 0.6206 -0.7841
vn -0.0905 0.5918 -0.8010
vn -0.0488 0.0500 -0.9976
vn -0.0555 -0.0565 -0.9969
vn 0.0519 0.0179 -0.9985
vn 0.0676 -0.3576 -0.9314
vn 0.0603 -0.3612 -0.9305
vn 0.0724 -0.7198 -0.6904
vn 0.0684 -0.7214 -0.6892
vn 0.0656 -0.7285 -0.6819
vn 0.1102 -0.7193 -0.6859
vn 0.3794 -0.1834 -0.9069
vn -0.1347 -0.1206 -0.9835
vn -0.4029 -0.1211 -0.9072
vn -0.9650 -0.1450 -0.2185
vn -0.9242 -0.1619 0.3459
vn -0.9242 -0.1619 0.3460
vn -0.5345 -0.1963 0.8220
vn 0.2163 -0.2488 0.9441
vn 0.2349 0.0248 0.9717
vn 0.7441 -0.0653 0.6649
vn 0.4304 -0.8883 0.1600
vn 0.4523 -0.7560 -0.4732
vn 0.1762 -0.6229 -0.7622
vn 0.3950 -0.1352 -0.9087
vn -0.1407 -0.0722 -0.9874
vn -0.1406 -0.0722 -0.9874
vn -0.4144 -0.0344 -0.9094
vn -0.9898 0.0929 -0.1076
vn -0.9115 0.1218 0.3928
vn -0.4982 0.1069 0.8604
vn 0.0755 -0.8781 0.4726
vn -0.3637 -0.8755 0.3183
vn -0.5130 -0.8568 0.0514
vn -0.4711 -0.7640 -0.4409
vn -0.2486 -0.6560 -0.7126
vn -0.0542 -0.5986 -0.7992
vn 0.0434 0.0136 -0.9990
vn 0.0888 0.0140 -0.9959
vn 0.1256 -0.1084 -0.9861
vn 0.2345 -0.1038 -0.9666
vn 0.1977 -0.3229 -0.9256
vn -0.1049 -0.2254 -0.9686
vn 0.1082 -0.5107 -0.8529
vn 0.3022 -0.4599 -0.8350
vn 0.3478 -0.4731 -0.8094
vn 0.1173 -0.5488 -0.8277
vn -0.3270 -0.4020 -0.8553
vn -0.4595 -0.8256 -0.3276
vn -0.5123 -0.8026 -0.3054
vn -0.4156 -0.8141 -0.4056
vn -0.3399 -0.8756 -0.3432
vn -0.1173 -0.9248 -0.3619
vn -0.1703 -0.8826 -0.4382
vn 0.1635 -0.8884 -0.4289
vn 0.1196 -0.8502 -0.5128
vn 0.3098 -0.8105 -0.4970
vn 0.3170 -0.8212 -0.4746
vn 0.2888 -0.8296 -0.4779
vn 0.2637 -0.6754 -0.6887
vn 0.0439 -0.6920 -0.7206
vn -0.0121 -0.6194 -0.7850
vn -0.4777 -0.5844 -0.6559
vn -0.5772 -0.4812 -0.6597
vn -0.8089 -0.5146 -0.2844
vn -0.9882 -0.1304 -0.0806
vn -0.7002 -0.1627 -0.6952
vn -0.6970 -0.1944 -0.6902
vn -0.9475 -0.1873 -0.2592
vn -0.9936 -0.0499 -0.1016
vn 0.2693 -0.6658 -0.6958
vn 0.0022 -0.2088 -0.9780
vn 0.0041 -0.1712 -0.9852
vn -0.5787 -0.7448 -0.3323
vn -0.5904 -0.6495 -0.4792
vn -0.6115 -0.6857 -0.3948
vn -0.6399 -0.4442 -0.6270
vn -0.6301 -0.4251 -0.6498
vn -0.6286 -0.4768 -0.6144
vn -0.5612 -0.3485 -0.7507
vn -0.5521 -0.2499 -0.7955
vn -0.3390 0.0116 -0.9407
vn -0.3991 0.0968 -0.9118
vn -0.3734 0.2120 -0.9031
vn -0.3996 0.2491 -0.8822
vn -0.3956 0.2923 -0.8707
vn -0.0899 0.2892 -0.9530
vn -0.0929 0.3074 -0.9470
vn 0.1881 0.3200 -0.9286
vn 0.1991 0.3118 -0.9291
vn 0.1391 0.2807 -0.9497
vn 0.1347 0.0610 -0.9890
vn -0.2021 0.0083 -0.9793
vn -0.1853 0.0583 -0.9810
vn -0.2157 0.1654 -0.9624
vn -0.1233 0.2834 -0.9510
vn -0.2046 0.4035 -0.8918
vn -0.0510 0.5933 -0.8034
vn -0.0616 0.6130 -0.7877
vn 0.0533 0.8460 -0.5304
vn 0.0418 0.8576 -0.5126
vn 0.0758 0.9569 -0.2802
vn -0.1064 0.9621 -0.2512
vn -0.1134 0.9788 -0.1704
vn -0.0571 0.9634 -0.2618
vn -0.9265 -0.3560 -0.1219
vn -0.6050 0.7957 0.0310
vn -0.5156 0.8566 -0.0209
vn -0.4725 0.8810 -0.0237
vn -0.4725 0.8810 0.0237
vn -0.4046 0.9142 -0.0216
vn -0.3572 0.6489 0.6718
vn -0.9802 -0.1494 0.1299
vn -0.9960 -0.0455 0.0766
vn -0.8698 -0.3499 -0.3479
vn -0.9380 0.0502 -0.3429
vn -0.9380 0.0502 0.3429
vn -0.9518 -0.1538 0.2654
vn -0.9967 -0.0178 -0.0794
vn -0.9801 -0.1043 -0.1692
vn -0.6494 0.2107 -0.7307
vn -0.6299 0.1267 -0.7662
vn -0.6313 0.1261 -0.7652
vn -0.6372 0.1562 -0.7547
vn -0.4901 0.1035 -0.8655
vn -0.4918 0.1291 -0.8611
vn -0.5014 0.1253 -0.8561
vn -0.3975 -0.0001 -0.9176
vn -0.1892 0.0289 -0.9815
vn -0.2179 0.1218 -0.9683
vn 0.0899 0.1799 -0.9796
vn 0.0391 0.3540 -0.9344
vn 0.1616 0.4038 -0.9004
vn 0.1244 0.4136 -0.9019
vn -0.0568 0.3388 -0.9391
vn -0.0352 0.2943 -0.9551
vn -0.5109 0.0517 -0.8581
vn -0.5436 0.0911 -0.8344
vn -0.4791 0.2944 -0.8269
vn -0.3439 0.1737 -0.9228
vn -0.3353 0.5279 -0.7803
vn -0.4007 0.5655 -0.7209
vn -0.3700 0.7776 -0.5084
vn -0.1758 0.6777 -0.7140
vn -0.2122 0.8976 -0.3865
vn -0.6494 0.7298 -0.2136
vn -0.6413 0.0930 -0.7616
vn -0.6896 0.2400 -0.6833
vn -0.6432 0.4062 -0.6491
vn -0.6431 0.4059 -0.6494
vn -0.6440 0.4025 -0.6506
vn -0.7448 0.6032 -0.2854
vn -0.6256 0.2807 -0.7279
vn -0.6356 0.3346 -0.6957
vn -0.6042 0.4270 -0.6728
vn -0.6331 0.6963 -0.3381
vn -0.9938 -0.0597 -0.0934
vn -0.9960 -0.0455 -0.0766
vn -0.9802 -0.1494 -0.1299
vn -0.9950 -0.0951 0.0295
vn -0.9844 0.1022 0.1434
vn -0.9844 0.1022 -0.1434
vn -0.9950 -0.0951 -0.0295
vn -0.7400 -0.6418 -0.2015
vn -0.7400 -0.6418 0.2015
vn -0.8698 -0.3499 0.3479
vn -0.4046 0.9142 0.0216
vn -0.3572 0.6489 -0.6718
vn -0.5156 0.8566 0.0209
vn -0.6050 0.7957 -0.0310
vn -0.0011 0.9855 -0.1698
vn 0.0317 0.9671 -0.2525
vn 0.0214 0.9356 -0.3525
vn 0.0950 0.9301 -0.3547
vn 0.0894 0.9375 -0.3362
vn 0.0212 0.9431 -0.3318
vn 0.0149 0.7451 -0.6668
vn -0.2060 0.7568 -0.6203
vn -0.1405 0.6597 -0.7382
vn 0.2994 0.4047 -0.8640
vn 0.3132 0.3294 -0.8907
vn 0.5266 0.2938 -0.7978
vn 0.3623 0.6342 -0.6830
vn 0.2024 0.6267 -0.7525
vn 0.1038 0.6998 -0.7068
vn 0.0902 0.7020 -0.7064
vn 0.1316 0.6075 -0.7833
vn 0.0478 0.5823 -0.8116
vn 0.1932 0.4416 -0.8762
vn 0.1273 0.4168 -0.9000
vn 0.1494 0.2359 -0.9602
vn 0.0045 0.2471 -0.9690
vn 0.0205 0.2001 -0.9796
vn -0.1319 0.1842 -0.9740
vn -0.1286 0.1554 -0.9794
vn -0.0881 0.0901 -0.9920
vn -0.0871 0.0967 -0.9915
vn -0.0232 -0.1301 -0.9912
vn -0.0234 -0.1040 -0.9943
vn 0.3338 -0.1373 -0.9326
vn 0.3181 0.1562 -0.9351
vn 0.3012 0.1314 -0.9445
vn 0.3008 0.3508 -0.8868
vn 0.5272 0.3502 -0.7742
vn 0.2167 0.4551 -0.8636
vn -0.0500 0.4133 -0.9092
vn -0.0104 0.2834 -0.9590
vn 0.0021 0.2849 -0.9585
vn -0.1032 0.4384 -0.8928
vn 0.1487 0.4455 -0.8829
vn 0.1413 0.6192 -0.7724
vn 0.0217 0.6095 -0.7925
vn 0.0724 0.6392 -0.7657
vn 0.1336 0.6097 -0.7813
vn 0.1353 0.5600 -0.8174
vn 0.2428 0.5121 -0.8239
vn 0.1519 0.8936 -0.4223
vn 0.1166 0.8998 -0.4205
vn 0.1440 0.9572 -0.2509
vn 0.0728 0.9695 -0.2341
vn -0.0146 0.5308 -0.8474
vn 0.1622 0.2680 -0.9497
vn 0.1702 0.3590 -0.9177
vn 0.0430 0.4275 -0.9030
vn 0.2989 0.9207 -0.2509
vn 0.1790 0.9561 -0.2322
vn 0.1754 0.9660 -0.1900
vn 0.1202 0.9749 -0.1872
vn 0.0704 0.9942 -0.0814
vn 0.1038 0.9908 -0.0866
vn 0.2538 0.3626 -0.8967
vn 0.3807 0.2542 -0.8891
vn 0.4919 0.7098 -0.5041
vn 0.2623 0.8383 -0.4779
vn 0.3024 0.9368 -0.1762
vn 0.1352 0.9809 -0.1396
vn 0.5277 0.2961 -0.7961
vn 0.4365 0.4052 -0.8033
vn 0.3550 0.8260 -0.4379
vn -0.0217 0.9502 -0.3109
vn -0.0261 0.9569 -0.2892
vn 0.0436 0.9462 -0.3205
vn 0.0455 0.9816 -0.1855
vn 0.1288 0.9715 -0.1989
vn -0.0030 0.8475 -0.5309
vn 0.0295 0.7171 -0.6964
vn -0.0677 0.5916 -0.8034
vn 0.0003 0.2918 -0.9565
vn 0.0156 0.3189 -0.9476
vn 0.1980 0.1069 -0.9744
vn 0.2042 0.1360 -0.9694
vn 0.1804 0.1847 -0.9661
vn -0.0518 0.7214 -0.6906
vn 0.0344 0.2992 -0.9536
vn 0.0202 0.2861 -0.9580
vn 0.0791 0.0400 -0.9961
vn 0.1397 0.1084 -0.9842
vn 0.1282 0.1763 -0.9759
vn 0.2087 0.1013 -0.9727
vn -0.1479 0.1246 -0.9811
vn -0.1617 0.1540 -0.9747
vn -0.3055 0.1406 -0.9418
vn -0.3532 0.3659 -0.8610
vn -0.1641 0.3366 -0.9273
vn -0.1588 0.3209 -0.9337
vn -0.0783 0.3362 -0.9385
vn -0.0776 0.2647 -0.9612
vn 0.1751 0.3385 -0.9245
vn 0.2493 0.1010 -0.9632
vn 0.3195 0.1040 -0.9419
vn 0.3109 0.1247 -0.9422
vn 0.2073 0.1113 -0.9719
vn 0.2556 -0.1262 -0.9585
vn -0.0076 -0.1517 -0.9884
vn -0.0513 0.1068 -0.9930
vn 0.0586 0.1139 -0.9918
vn 0.1009 -0.2469 -0.9638
vn 0.0233 0.0991 -0.9948
vn 0.0184 0.1273 -0.9917
vn 0.0196 0.1647 -0.9861
vn 0.0227 0.1533 -0.9879
vn 0.2081 0.1162 -0.9712
vn 0.1975 0.1772 -0.9642
vn 0.1971 0.1754 -0.9646
vn 0.1755 0.3028 -0.9368
vn -0.1984 0.2181 -0.9555
vn -0.2099 0.2453 -0.9465
vn -0.3766 0.0055 -0.9263
vn -0.2878 -0.0903 -0.9534
vn -0.4084 -0.3707 -0.8341
vn -0.3813 -0.4331 -0.8167
vn -0.4261 -0.5245 -0.7371
vn -0.3967 -0.6206 -0.6764
vn -0.4513 -0.7761 -0.4403
vn -0.4187 -0.8331 -0.3615
vn -0.0831 0.2558 -0.9632
vn -0.0013 0.0437 -0.9990
vn -0.0694 -0.1043 -0.9921
vn -0.0345 -0.1687 -0.9851
vn -0.0542 -0.4512 -0.8908
vn -0.0529 -0.4537 -0.8896
vn -0.0652 -0.6047 -0.7938
vn -0.0279 -0.6774 -0.7351
vn -0.0761 -0.8759 -0.4764
vn -0.1047 -0.8298 -0.5482
vn -0.1727 0.2832 -0.9434
vn -0.1060 0.2192 -0.9699
vn -0.1407 0.0623 -0.9881
vn -0.1708 0.0937 -0.9808
vn 0.1113 0.2111 -0.9711
vn 0.0704 0.3507 -0.9338
vn -0.1368 0.0882 -0.9867
vn -0.2630 0.3021 -0.9163
vn 0.2922 0.4122 -0.8630
vn 0.1117 0.6768 -0.7277
vn 0.0313 0.3564 -0.9338
vn -0.0827 0.4609 -0.8836
vn 0.0906 0.6746 -0.7326
vn 0.1514 0.6101 -0.7777
vn -0.0427 0.4643 -0.8847
vn -0.0410 0.3973 -0.9168
vn 0.1300 0.6054 -0.7852
vn 0.1541 0.4410 -0.8842
vn 0.1613 0.4609 -0.8726
vn 0.1685 0.3098 -0.9357
vn 0.3144 0.3091 -0.8976
vn 0.2734 0.1637 -0.9479
vn 0.2683 0.2963 -0.9166
vn 0.1941 0.4517 -0.8708
vn -0.3099 -0.8007 -0.5127
vn -0.2786 -0.8664 -0.4145
vn -0.2573 -0.5005 -0.8266
vn -0.2088 -0.5735 -0.7922
vn -0.2104 -0.5569 -0.8035
vn 0.3485 -0.5603 -0.7514
vn 0.2714 -0.4520 -0.8497
vn -0.0667 -0.3874 -0.9195
vn -0.1438 -0.0797 -0.9864
vn -0.1852 -0.0835 -0.9792
vn -0.2896 0.1122 -0.9505
vn -0.2689 0.1155 -0.9562
vn -0.2701 0.1267 -0.9545
vn -0.2883 0.1418 -0.9470
vn -0.2783 0.0564 -0.9588
vn -0.3958 0.1933 -0.8978
vn -0.2514 0.0574 -0.9662
vn -0.2579 0.1339 -0.9568
vn -0.1175 -0.4879 -0.8650
vn -0.1124 -0.3341 -0.9358
vn -0.1680 -0.3530 -0.9204
vn -0.1591 0.0623 -0.9853
vn -0.0480 0.0961 -0.9942
vn -0.0375 0.2929 -0.9554
vn 0.1489 0.3206 -0.9355
vn 0.2064 0.3735 -0.9044
vn -0.0415 0.3749 -0.9261
vn -0.0898 0.1188 -0.9888
vn -0.3024 0.0924 -0.9487
vn -0.2994 0.1755 -0.9378
vn 0.0111 0.2399 -0.9707
vn -0.0479 0.0023 -0.9988
vn 0.1492 -0.0589 -0.9871
vn 0.2905 -0.4347 -0.8524
vn 0.0029 0.0249 -0.9997
vn -0.0769 -0.3163 -0.9455
vn -0.0869 -0.3177 -0.9442
vn -0.1653 -0.6478 -0.7437
vn 0.0941 -0.5907 -0.8014
vn 0.0796 -0.7162 -0.6934
vn -0.0085 -0.7786 -0.6275
vn -0.1624 -0.8085 -0.5656
vn 0.4307 -0.6850 -0.5875
vn 0.7503 -0.6265 0.2113
vn 0.6767 -0.6756 0.2926
vn 0.8120 -0.3256 0.4844
vn 0.6448 -0.3935 0.6553
vn 0.6555 -0.2991 0.6934
vn 0.4599 -0.3679 0.8082
vn 0.4469 -0.1089 0.8879
vn 0.5247 -0.0510 0.8498
vn 0.5221 -0.0310 0.8523
vn 0.5867 0.0039 0.8098
vn 0.5787 0.2199 0.7853
vn 0.6040 0.2625 0.7525
vn 0.6473 0.1574 0.7459
vn 0.3102 0.0182 0.9505
vn 0.1446 -0.2702 0.9519
vn 0.1242 -0.2759 0.9531
vn -0.0311 -0.9201 0.3905
vn -0.2826 -0.9238 0.2583
vn -0.4035 -0.8463 -0.3478
vn -0.1376 -0.9849 -0.1047
vn 0.3023 -0.4551 -0.8375
vn 0.1791 0.0385 -0.9831
vn -0.2971 -0.4654 -0.8338
vn -0.1144 -0.0307 -0.9930
vn -0.2327 -0.0786 -0.9694
vn -0.3242 0.1278 -0.9373
vn 0.3247 0.4425 -0.8359
vn 0.4654 0.1982 -0.8626
vn -0.3639 0.0012 -0.9314
vn -0.3663 0.0353 -0.9298
vn -0.4051 0.0133 -0.9142
vn -0.3819 -0.0900 -0.9198
vn -0.5068 -0.1987 -0.8389
vn -0.4969 -0.0993 -0.8621
vn -0.1937 -0.0780 -0.9780
vn -0.1562 0.0595 -0.9859
vn -0.2945 0.0758 -0.9526
vn -0.3587 -0.0619 -0.9314
vn -0.2073 -0.0448 -0.9772
vn -0.1543 -0.2836 -0.9465
vn -0.0598 -0.1937 -0.9792
vn -0.0732 -0.1591 -0.9845
vn -0.1246 -0.2107 -0.9696
vn -0.2081 0.0044 -0.9781
vn -0.2160 -0.0101 -0.9763
vn -0.2644 0.1210 -0.9568
vn -0.1314 0.0005 -0.9913
vn -0.0127 -0.2840 -0.9587
vn 0.1066 -0.2160 -0.9705
vn 0.1203 -0.2575 -0.9588
vn 0.1457 -0.2523 -0.9566
vn 0.1446 -0.3048 -0.9414
vn 0.2623 -0.3097 -0.9139
vn 0.2583 -0.3265 -0.9092
vn 0.5716 -0.3262 -0.7529
vn 0.5979 -0.2446 -0.7634
vn 0.7189 -0.1781 -0.6719
vn 0.7155 -0.2223 -0.6623
vn 0.1073 -0.1985 -0.9742
vn 0.1418 -0.1753 -0.9742
vn -0.1679 -0.1598 -0.9728
vn -0.1573 -0.0927 -0.9832
vn 0.1081 -0.1494 -0.9829
vn 0.2038 -0.1199 -0.9716
vn 0.1997 -0.1421 -0.9695
vn 0.0579 -0.1241 -0.9906
vn 0.0054 -0.2176 -0.9760
vn 0.1753 -0.2998 -0.9377
vn 0.3447 -0.4833 -0.8047
vn 0.1216 -0.6740 -0.7286
vn 0.4104 -0.6321 -0.6573
vn 0.4672 -0.7490 -0.4698
vn 0.4609 -0.6177 -0.6372
vn 0.6320 -0.5491 -0.5469
vn 0.5860 -0.3675 -0.7222
vn 0.6392 -0.5139 -0.5721
vn 0.6179 -0.5387 -0.5727
vn 0.7178 -0.5172 -0.4662
vn 0.7083 -0.5413 -0.4531
vn 0.8630 -0.4422 -0.2443
vn 0.8646 -0.3878 -0.3195
vn 0.9168 -0.2757 -0.2889
vn 0.9027 -0.4246 -0.0693
vn 0.9768 -0.2138 0.0133
vn 0.9504 -0.2942 0.1006
vn 0.9775 -0.0554 0.2037
vn 0.9478 -0.1009 0.3023
vn 0.9572 0.0085 0.2893
vn 0.6214 -0.1295 -0.7727
vn 0.6336 -0.0544 -0.7717
vn 0.7715 -0.0015 -0.6362
vn 0.7739 -0.0121 -0.6332
vn 0.8961 0.1002 -0.4323
vn 0.8149 0.4267 -0.3923
vn 0.0064 0.2581 -0.9661
vn 0.0250 0.1075 -0.9939
vn 0.2542 0.2200 -0.9418
vn 0.0397 0.7147 -0.6983
vn -0.3781 0.3993 -0.8352
vn -0.3279 0.2830 -0.9013
vn -0.6196 0.0932 -0.7794
vn -0.5989 0.1510 -0.7864
vn -0.9746 -0.1841 -0.1274
vn -0.9841 -0.0378 -0.1733
vn -0.8529 -0.1432 0.5021
vn -0.7197 -0.6021 0.3457
vn -0.7757 -0.5452 0.3179
vn -0.2271 -0.9581 0.1743
vn -0.1671 -0.9658 0.1984
vn 0.0306 -0.9876 0.1540
vn 0.0724 -0.9832 0.1673
vn 0.4107 -0.9092 0.0687
vn 0.3407 0.1932 0.9201
vn 0.8747 0.4767 0.0878
vn 0.8137 0.5764 0.0759
vn 0.6879 0.6650 -0.2909
vn 0.8880 0.3078 -0.3417
vn 0.8332 0.3931 -0.3889
vn 0.7212 0.6402 -0.2646
vn 0.6729 0.6689 -0.3158
vn 0.8443 0.4374 -0.3095
vn 0.8452 0.4367 -0.3082
vn 0.8665 0.3836 -0.3194
vn 0.1319 0.0773 -0.9882
vn 0.0955 0.3693 -0.9244
vn 0.3448 0.8564 -0.3844
vn 0.6824 0.4558 -0.5714
vn 0.2000 0.2130 -0.9564
vn 0.0451 0.6159 -0.7865
vn -0.2741 0.4092 -0.8703
vn -0.2189 0.1115 -0.9694
vn -0.6663 -0.1268 -0.7348
vn -0.5016 -0.8649 0.0181
vn -0.2346 -0.9366 -0.2604
vn 0.7537 0.3897 -0.5293
vn 0.6229 0.6620 -0.4168
vn 0.6348 0.7054 -0.3152
vn 0.5774 0.7620 -0.2932
vn 0.3853 0.5498 -0.7411
vn 0.5925 -0.7945 0.1331
vn 0.4078 -0.9129 -0.0160
vn -0.0086 -0.9937 -0.1116
vn 0.0114 -0.9950 -0.0997
vn -0.1199 0.0324 -0.9923
vn 0.2343 0.3171 -0.9190
vn 0.3264 0.5294 -0.7831
vn 0.2873 0.5810 -0.7615
vn 0.6874 0.6624 -0.2977
vn 0.6125 0.7537 -0.2382
vn 0.0133 0.7168 -0.6972
vn -0.0067 0.3680 -0.9298
vn -0.2119 0.2531 -0.9439
vn -0.2446 0.4045 -0.8812
vn -0.6199 0.1873 -0.7620
vn -0.7078 -0.0215 -0.7061
vn -0.9182 -0.3938 -0.0435
vn 0.9044 0.0456 0.4242
vn 0.8380 0.2835 0.4663
vn 0.8261 0.2617 0.4990
vn 0.8230 0.3248 0.4660
vn 0.7688 0.3496 0.5355
vn 0.6761 0.5399 0.5013
vn 0.7805 0.5354 0.3228
vn 0.8952 0.2767 0.3495
vn 0.5740 0.1712 0.8008
vn 0.5137 0.3603 0.7787
vn 0.1074 0.0360 -0.9936
vn 0.1354 0.0461 -0.9897
vn 0.1369 -0.0015 -0.9906
vn -0.0922 -0.1213 -0.9883
vn 0.2336 -0.0885 -0.9683
vn 0.1949 0.3749 -0.9064
vn 0.3542 0.4402 -0.8251
vn 0.4911 0.1772 -0.8529
vn -0.1455 -0.0756 -0.9865
vn -0.2758 0.4041 -0.8722
vn -0.7849 0.0957 -0.6123
vn -0.7174 0.2621 -0.6454
vn -0.9720 -0.1952 -0.1309
vn -0.9714 -0.1961 -0.1335
vn -0.6094 -0.3238 0.7237
vn 0.8540 -0.3907 -0.3437
vn 0.8024 -0.5430 -0.2474
vn 0.6206 -0.6820 -0.3871
vn 0.6645 -0.5944 -0.4528
vn 0.4193 -0.5095 -0.7514
vn 0.3962 -0.4756 -0.7854
vn -0.9853 0.1581 -0.0647
vn -0.9741 -0.0693 -0.2152
vn -0.9744 -0.0615 -0.2161
vn -0.9785 -0.0181 -0.2055
vn -0.9797 -0.0247 -0.1988
vn -0.9800 -0.0194 -0.1978
vn -0.5776 0.2687 -0.7708
vn -0.5813 0.0004 -0.8137
vn -0.3948 0.2387 -0.8872
vn -0.3946 0.2617 -0.8808
vn -0.0125 0.2030 -0.9791
vn 0.0760 -0.2320 -0.9697
vn -0.9492 0.0344 0.3127
vn -0.8451 0.2612 0.4664
vn -0.8459 -0.0437 0.5316
vn -0.8823 -0.1061 0.4585
vn -0.8405 -0.2090 0.4999
vn -0.4904 -0.0561 0.8697
vn -0.4382 -0.2407 0.8661
vn -0.3905 -0.2118 0.8959
vn -0.4163 -0.1466 0.8973
vn -0.7865 -0.3591 0.5024
vn -0.8643 -0.0117 0.5029
vn -0.0183 -0.2991 0.9540
vn -0.0063 -0.2110 0.9775
vn -0.2005 -0.2712 0.9414
vn -0.5325 -0.8410 -0.0960
vn -0.4876 -0.8720 -0.0426
vn -0.4900 -0.8712 0.0286
vn -0.4559 -0.8889 0.0446
vn -0.4559 -0.8889 -0.0446
vn -0.3787 -0.9245 -0.0440
vn -0.4020 -0.9138 -0.0581
vn -0.3726 -0.9264 -0.0550
vn -0.3743 -0.9271 0.0179
vn -0.9242 -0.1619 -0.3459
vn -0.9650 -0.1450 0.2185
vn -0.9898 0.0929 0.1076
vn -0.4144 -0.0344 0.9094
vn -0.2486 -0.6560 0.7126
vn -0.0542 -0.5986 0.7992
vn 0.1762 -0.6229 0.7622
vn 0.3950 -0.1352 0.9087
vn 0.9312 -0.1642 0.3254
vn 0.8804 -0.2939 0.3723
vn 0.7399 -0.3124 -0.5958
vn 0.2700 -0.9628 0.0067
vn -0.0191 -0.9947 -0.1006
vn -0.0517 -0.9912 -0.1217
vn -0.2912 -0.9523 -0.0914
vn -0.2912 -0.9523 0.0914
vn -0.2582 -0.9591 0.1162
vn -0.0517 -0.9912 0.1217
vn -0.0191 -0.9947 0.1006
vn 0.2700 -0.9628 -0.0067
vn 0.7399 -0.3124 0.5958
vn 0.8804 -0.2939 -0.3723
vn 0.9312 -0.1642 -0.3254
vn 0.7440 -0.0653 0.6649
vn 0.2332 -0.8561 -0.4613
vn 0.2134 -0.8517 -0.4787
vn 0.0924 -0.8540 -0.5120
vn 0.0645 -0.9338 -0.3521
vn -0.9362 -0.2564 0.2404
vn -0.9361 0.0494 0.3482
vn -0.4223 -0.8913 -0.1651
vn -0.0784 -0.8998 0.4293
vn 0.2331 -0.8515 0.4697
vn 0.3005 0.0191 0.9536
vn 0.3136 -0.3785 0.8709
vn 0.1751 -0.9507 0.2558
vn 0.5834 -0.8115 0.0337
vn 0.4786 -0.8754 0.0676
vn 0.4323 -0.8239 -0.3665
vn 0.4020 -0.8355 -0.3746
vn 0.4197 -0.8219 -0.3852
vn -0.2186 -0.9087 -0.3557
vn -0.4581 -0.8766 -0.1473
vn -0.3666 -0.9236 -0.1119
vn -0.3084 -0.9201 -0.2415
vn 0.0338 -0.9782 -0.2049
vn 0.0957 -0.9649 -0.2445
vn -0.5484 -0.7440 -0.3817
vn -0.4281 -0.5891 -0.6853
vn -0.5347 -0.5532 -0.6388
vn -0.4943 -0.4002 -0.7717
vn -0.0335 -0.4938 -0.8689
vn -0.1321 -0.5333 -0.8355
vn -0.3028 -0.3119 -0.9006
vn 0.0113 -0.5617 -0.8272
vn -0.1688 -0.9830 -0.0717
vn 0.2455 -0.9636 -0.1064
vn 0.0930 -0.9792 -0.1805
vn 0.1910 -0.9352 -0.2983
vn 0.3228 -0.9042 -0.2796
vn 0.3282 -0.5300 -0.7819
vn 0.3065 -0.6681 -0.6780
vn 0.2684 -0.6662 -0.6958
vn 0.2157 -0.9396 -0.2658
vn 0.2613 -0.9012 -0.3459
vn 0.2838 -0.9481 -0.1435
vn 0.2308 -0.9697 -0.0806
vn 0.2308 -0.9697 0.0806
vn 0.2802 -0.9570 0.0752
vn 0.2737 -0.9457 0.1751
vn 0.0930 -0.9752 0.2007
vn 0.0930 -0.9792 0.1805
vn 0.2455 -0.9636 0.1064
vn 0.0344 -0.5641 0.8250
vn 0.0113 -0.5617 0.8272
vn -0.1229 -0.4665 0.8759
vn -0.2287 -0.5662 0.7919
vn -0.0335 -0.4938 0.8689
vn -0.0682 -0.9952 0.0700
vn -0.1947 -0.9783 0.0713
vn -0.1824 -0.9800 0.0791
vn -0.4033 -0.9102 0.0945
vn -0.2666 -0.9015 0.3408
vn 0.0335 -0.9788 0.2019
vn -0.1215 -0.9919 0.0383
vn -0.3388 -0.9393 0.0534
vn -0.1953 -0.9166 0.3489
vn -0.2186 -0.9087 0.3557
vn 0.4197 -0.8219 0.3852
vn 0.3738 -0.7299 0.5722
vn 0.2825 -0.7645 0.5794
vn 0.1686 -0.6879 0.7059
vn 0.0699 -0.6999 0.7108
vn 0.1090 -0.7210 0.6843
vn 0.0724 -0.7198 0.6904
vn 0.0603 -0.3612 0.9305
vn -0.0769 -0.3163 0.9455
vn 0.0029 0.0249 0.9997
vn 0.6392 -0.5139 0.5721
vn -0.1688 -0.9830 0.0717
vn 0.0536 -0.9802 0.1906
vn -0.0485 -0.9971 0.0581
vn 0.3048 -0.8897 -0.3398
vn 0.2737 -0.9457 -0.1751
vn 0.1053 -0.9743 -0.1992
vn 0.1056 -0.9934 -0.0445
vn 0.0863 -0.9959 -0.0261
vn 0.0863 -0.9959 0.0261
vn -0.0821 -0.9962 0.0290
vn -0.0609 -0.9981 0.0052
vn -0.2442 -0.9697 -0.0031
vn -0.2493 -0.9425 0.2226
vn -0.1640 -0.9712 0.1727
vn -0.1068 -0.9768 0.1855
vn -0.1151 -0.9932 0.0182
vn -0.2257 -0.9740 0.0208
vn -0.2258 -0.9742 0.0023
vn -0.0609 -0.9981 -0.0052
vn -0.0668 -0.9718 -0.2260
vn -0.0707 -0.9748 -0.2118
vn -0.0592 -0.9895 -0.1316
vn 0.1515 -0.9864 0.0642
vn -0.0682 -0.9952 -0.0700
vn -0.1947 -0.9783 -0.0713
vn -0.1824 -0.9800 -0.0791
vn -0.4033 -0.9102 -0.0945
vn -0.2666 -0.9015 -0.3408
vn 0.0335 -0.9788 -0.2019
vn -0.1215 -0.9919 -0.0383
vn -0.3388 -0.9393 -0.0534
vn -0.1953 -0.9166 -0.3489
vn -0.2050 -0.9545 -0.2166
vn -0.2965 -0.9508 -0.0904
vn -0.2965 -0.9508 0.0904
vn -0.2050 -0.9545 0.2166
vn -0.0668 -0.9718 0.2260
vn -0.0707 -0.9748 0.2118
vn 0.1049 -0.9677 0.2294
vn 0.1056 -0.9934 0.0446
vn 0.2499 -0.9679 0.0271
vn 0.2499 -0.9679 -0.0271
vn 0.2802 -0.9570 -0.0752
vn -0.0167 -0.9622 -0.2718
vn -0.1168 -0.8889 -0.4429
vn -0.1123 -0.9845 -0.1350
vn 0.0328 -0.9988 -0.0370
vn 0.0328 -0.9988 0.0370
vn -0.0329 -0.9991 0.0270
vn -0.0329 -0.9991 -0.0270
vn -0.1340 -0.9890 0.0622
vn 0.0332 -0.9976 0.0614
vn -0.1153 -0.5825 0.8046
vn 0.0404 -0.5636 0.8251
vn -0.1141 -0.2604 0.9587
vn 0.9372 0.0842 0.3384
vn 0.9422 -0.0055 0.3349
vn 0.9418 -0.0272 -0.3349
vn 0.9409 -0.0281 -0.3375
vn 0.9419 -0.0978 -0.3212
vn 0.9288 0.0357 0.3689
vn 0.0072 -0.9993 0.0355
vn -0.0329 -0.9983 0.0487
vn -0.5477 -0.7643 -0.3404
vn -0.1456 -0.9886 0.0389
vn 0.1537 -0.5346 -0.8310
vn 0.1354 -0.5014 -0.8545
vn 0.3299 -0.9423 0.0565
vn 0.2139 -0.9766 -0.0214
vn 0.2137 -0.9758 -0.0472
vn 0.3450 -0.9386 0.0074
vn 0.4020 -0.8355 0.3746
vn -0.0570 -0.9972 0.0479
vn -0.0570 -0.9972 -0.0479
vn -0.1151 -0.9932 -0.0182
vn -0.1068 -0.9768 -0.1855
vn -0.1640 -0.9712 -0.1727
vn -0.2493 -0.9425 -0.2226
vn -0.2454 -0.9692 -0.0213
vn -0.5551 0.0584 0.8297
vn -0.4509 -0.3635 0.8152
vn 0.1175 -0.9805 0.1572
vn 0.1136 -0.9816 0.1537
vn 0.1136 -0.9816 -0.1537
vn 0.2791 -0.9460 -0.1648
vn 0.1751 -0.9507 -0.2558
vn 0.5834 -0.8115 -0.0337
vn 0.7494 -0.3586 -0.5566
vn 0.8465 -0.1441 0.5125
vn 0.5791 -0.0648 0.8127
vn 0.5733 -0.0990 0.8133
vn -0.4462 -0.0474 0.8937
vn -0.4463 -0.0474 0.8937
vn -0.7499 -0.0186 0.6612
vn -0.9361 0.0494 -0.3482
vn -0.5551 0.0584 -0.8297
vn -0.0784 -0.8998 -0.4293
vn 0.2331 -0.8515 -0.4697
vn 0.5858 -0.8096 -0.0377
vn 0.6786 -0.0179 -0.7343
vn 0.7494 -0.3585 -0.5566
vn 0.3136 -0.3785 -0.8709
vn -0.4509 -0.3635 -0.8152
vn -0.9362 -0.2564 -0.2404
vn 0.3005 0.0191 -0.9536
vn 0.1175 -0.9805 -0.1572
vn -0.1676 -0.9859 0.0002
vn 0.1428 -0.9896 -0.0199
vn 0.2134 -0.8517 0.4787
vn 0.2332 -0.8561 0.4613
vn 0.0656 -0.7285 0.6819
vn 0.1102 -0.7193 0.6859
vn 0.0796 -0.7162 0.6934
vn -0.0085 -0.7786 0.6275
vn -0.1624 -0.8085 0.5656
vn -0.4029 -0.1211 0.9072
vn -0.1406 -0.0722 0.9874
vn -0.1407 -0.0722 0.9874
vn -0.1347 -0.1206 0.9835
vn 0.3794 -0.1834 0.9069
vn -0.1371 -0.8839 0.4472
vn -0.3716 -0.9284 0.0066
vn -0.4053 -0.9142 -0.0059
vn 0.0684 -0.7214 0.6892
vn -0.1653 -0.6478 0.7437
vn 0.0941 -0.5907 0.8014
vn 0.6206 -0.6820 0.3871
vn 0.8024 -0.5430 0.2474
vn 0.7083 -0.5413 0.4531
vn 0.8630 -0.4422 0.2443
vn 0.2583 -0.3265 0.9092
vn 0.5716 -0.3262 0.7529
vn 0.0579 -0.1241 0.9906
vn 0.1997 -0.1421 0.9695
vn -0.2945 0.0758 0.9526
vn -0.1562 0.0595 0.9859
vn -0.6486 0.2736 0.7103
vn -0.6122 0.2785 0.7400
vn -0.4061 0.1967 0.8924
vn -0.4109 0.1965 0.8902
vn -0.5344 0.2852 0.7956
vn -0.9091 0.4139 0.0468
vn -0.9135 0.3970 0.0887
vn -0.4447 -0.1093 -0.8890
vn -0.7419 -0.6642 0.0917
vn -0.5325 -0.8410 0.0960
vn -0.4876 -0.8720 0.0426
vn -0.4843 -0.8739 0.0431
vn -0.4900 -0.8712 -0.0286
vn -0.6626 -0.7474 -0.0487
vn -0.6166 -0.7871 -0.0171
vn -0.8036 -0.5942 -0.0332
vn -0.7743 -0.6327 -0.0051
vn -0.9109 -0.4105 -0.0420
vn -0.8672 -0.4969 0.0321
vn -0.9693 -0.2436 0.0336
vn -0.9909 -0.1297 -0.0354
vn -0.9988 0.0448 -0.0201
vn -0.9996 0.0252 -0.0084
vn -0.9877 0.1563 -0.0048
vn -0.9934 0.0980 0.0600
vn -0.9830 0.1742 0.0580
vn -0.9830 0.1742 -0.0580
vn -0.9867 0.1567 -0.0422
vn -0.9641 0.1492 -0.2196
vn -0.8934 0.1956 -0.4046
vn -0.8885 0.1940 -0.4159
vn -0.8462 0.2270 -0.4821
vn -0.6972 0.2046 -0.6870
vn -0.9734 -0.2288 -0.0069
vn -0.9731 -0.2302 -0.0113
vn -0.9016 -0.1876 -0.3899
vn -0.9065 -0.1798 -0.3821
vn -0.6664 -0.0852 -0.7407
vn -0.6729 -0.0588 -0.7374
vn -0.6672 -0.0632 -0.7421
vn -0.6606 -0.1168 -0.7416
vn -0.6387 -0.1226 -0.7596
vn -0.6376 -0.1387 -0.7578
vn -0.5785 -0.0818 -0.8116
vn -0.5816 -0.0668 -0.8107
vn -0.5231 -0.0035 -0.8522
vn -0.5244 0.0580 -0.8495
vn -0.9073 -0.1521 -0.3919
vn -0.9276 -0.2616 -0.2665
vn -0.9520 -0.3051 0.0255
vn -0.3796 0.1472 -0.9134
vn -0.7030 0.1351 -0.6982
vn -0.5125 0.2303 -0.8272
vn -0.8895 0.1823 -0.4190
vn -0.8902 0.1816 -0.4178
vn -0.9588 0.1837 -0.2168
vn -0.9833 0.1535 -0.0981
vn -0.9862 0.1548 -0.0585
vn -0.9951 0.0982 0.0064
vn -0.9996 0.0252 0.0084
vn -0.9988 0.0448 0.0201
vn -0.9909 -0.1297 0.0354
vn -0.9693 -0.2436 -0.0336
vn -0.8672 -0.4969 -0.0321
vn -0.9109 -0.4105 0.0420
vn -0.8058 -0.5921 0.0125
vn -0.8113 -0.5780 -0.0885
vn -0.7685 -0.6211 -0.1537
vn -0.6257 -0.0673 -0.7771
vn -0.9295 0.3575 -0.0904
vn -0.9290 0.3586 -0.0913
vn -0.4538 0.1893 -0.8708
vn -0.5143 -0.0179 -0.8574
vn -0.5811 -0.0529 -0.8121
vn -0.6090 -0.1264 -0.7831
vn -0.6181 -0.1237 -0.7763
vn -0.6162 0.0921 -0.7822
vn -0.7102 0.0080 -0.7039
vn -0.6486 0.2736 -0.7103
vn -0.6122 0.2785 -0.7400
vn -0.4061 0.1967 -0.8924
vn -0.4109 0.1965 -0.8902
vn -0.5344 0.2852 -0.7956
vn -0.9091 0.4139 -0.0468
vn -0.9135 0.3970 -0.0887
vn -0.4447 -0.1093 0.8890
vn -0.7288 -0.6692 -0.1452
vn -0.6809 -0.7264 -0.0938
vn -0.6626 -0.7474 0.0487
vn -0.6166 -0.7871 0.0171
vn -0.7740 -0.6325 0.0304
vn -0.5010 -0.0327 0.8648
vn -0.5790 -0.2629 0.7718
vn -0.9939 -0.0938 -0.0577
vn -0.9848 -0.1074 -0.1361
vn -0.9581 -0.2516 -0.1368
vn -0.5059 -0.0695 -0.8598
vn -0.4295 -0.0991 -0.8976
vn -0.4312 -0.0514 -0.9008
vn -0.9321 -0.1403 -0.3339
vn -0.9295 -0.1481 -0.3378
vn -0.8971 -0.0893 -0.4326
vn -0.8978 -0.0072 -0.4403
vn -0.4731 0.0227 -0.8807
vn -0.5078 0.0382 -0.8606
vn -0.9947 0.0394 -0.0947
vn -0.9914 0.0193 -0.1294
vn -0.9654 -0.2371 -0.1089
vn -0.9831 -0.1806 -0.0295
vn -0.9157 -0.4019 -0.0033
vn -0.8819 -0.4606 -0.1002
vn -0.9039 0.0421 -0.4257
vn -0.8734 -0.0190 -0.4866
vn -0.8736 -0.0638 -0.4825
vn -0.7997 -0.1852 -0.5711
vn -0.7927 -0.2440 -0.5587
vn -0.6112 -0.3980 -0.6842
vn -0.5150 0.0468 -0.8559
vn -0.4232 -0.0022 -0.9060
vn -0.4200 -0.0444 -0.9065
vn -0.3922 -0.0663 -0.9175
vn -0.3806 -0.1633 -0.9102
vn -0.9665 0.2384 -0.0956
vn -0.9760 0.2135 -0.0420
vn -0.9817 0.1864 -0.0389
vn -0.6685 -0.0407 -0.7426
vn -0.6715 -0.1224 -0.7308
vn -0.3910 0.0107 -0.9203
vn -0.4633 0.0366 -0.8854
vn -0.4420 -0.0881 -0.8927
vn -0.9868 0.1127 -0.1161
vn -0.9958 -0.0007 -0.0920
vn -0.9631 -0.1149 -0.2434
vn -0.6835 -0.7172 0.1355
vn -0.7685 -0.6211 0.1537
vn -0.8113 -0.5780 0.0885
vn -0.8819 -0.4606 0.1002
vn -0.9157 -0.4019 0.0033
vn -0.9831 -0.1806 0.0295
vn -0.9654 -0.2371 0.1089
vn -0.9914 0.0193 0.1294
vn -0.9947 0.0394 0.0947
vn -0.9833 0.1535 0.0981
vn -0.4861 0.3207 0.8129
vn -0.4538 0.1893 0.8708
vn -0.9290 0.3586 0.0913
vn -0.9665 0.2384 0.0956
vn -0.3806 -0.1633 0.9102
vn -0.3922 -0.0663 0.9175
vn -0.4200 -0.0444 0.9065
vn -0.4232 -0.0022 0.9060
vn -0.5150 0.0468 0.8559
vn -0.5125 0.2303 0.8272
vn -0.8901 0.1822 0.4178
vn -0.8896 0.1816 0.4191
vn -0.9588 0.1837 0.2168
vn -0.9641 0.1492 0.2196
vn -0.9867 0.1567 0.0422
vn -0.9895 0.1381 0.0419
vn -0.9916 0.1147 0.0591
vn -0.9988 -0.0017 0.0497
vn -0.9991 0.0315 0.0268
vn -0.9929 -0.1176 0.0151
vn -0.9929 -0.1176 -0.0151
vn -0.9965 -0.0678 -0.0487
vn -0.8713 -0.1401 0.4702
vn -0.8746 -0.1144 0.4712
vn -0.7937 -0.2332 0.5619
vn -0.7597 -0.6487 0.0457
vn -0.9939 0.0163 0.1095
vn -0.9939 0.0163 -0.1095
vn -0.9888 -0.0783 -0.1274
vn -0.9905 -0.0656 0.1213
vn -0.9908 -0.0572 0.1223
vn -0.6301 0.1262 0.7662
vn -0.6299 0.1267 0.7662
vn -0.6313 0.1261 0.7652
vn -0.6413 0.0930 0.7616
vn -0.3439 0.1737 0.9228
vn -0.3353 0.5279 0.7803
vn -0.4791 0.2944 0.8269
vn -0.5436 0.0911 0.8344
vn -0.5109 0.0517 0.8581
vn -0.5014 0.1253 0.8561
vn -0.3975 -0.0001 0.9176
vn -0.3958 0.1933 0.8978
vn -0.2783 0.0564 0.9588
vn -0.2883 0.1418 0.9470
vn -0.2701 0.1267 0.9545
vn -0.2689 0.1155 0.9562
vn -0.3019 0.1102 0.9469
vn -0.2811 0.0953 0.9549
vn -0.1852 -0.0835 0.9792
vn -0.1314 0.0005 0.9913
vn -0.0127 -0.2840 0.9587
vn 0.1066 -0.2160 0.9705
vn 0.1203 -0.2575 0.9588
vn 0.1457 -0.2523 0.9566
vn 0.1446 -0.3048 0.9414
vn 0.2623 -0.3097 0.9139
vn 0.0054 -0.2176 0.9760
vn -0.2073 -0.0448 0.9772
vn -0.3587 -0.0619 0.9314
vn -0.6162 0.0921 0.7822
vn -0.7102 0.0080 0.7039
vn -0.5270 -0.0757 0.8465
vn 0.7178 -0.5172 0.4662
vn 0.6179 -0.5387 0.5727
vn 0.6645 -0.5944 0.4528
vn -0.0869 -0.3177 0.9442
vn -0.2994 0.1755 0.9378
vn -0.2579 0.1339 0.9568
vn -0.9991 0.0315 -0.0268
vn -0.9988 -0.0017 -0.0497
vn -0.9916 0.1147 -0.0591
vn -0.9895 0.1381 -0.0419
vn -0.9039 0.0421 0.4257
vn -0.8734 -0.0190 0.4866
vn -0.8736 -0.0638 0.4825
vn -0.7997 -0.1852 0.5711
vn -0.7927 -0.2440 0.5587
vn -0.6112 -0.3980 0.6842
vn -0.6257 -0.0673 0.7771
vn -0.9295 0.3575 0.0904
vn -0.4223 -0.8913 0.1651
vn -0.3572 -0.8340 0.4207
vn 0.0060 -0.7051 0.7091
vn 0.3495 -0.6750 0.6498
vn 0.8512 -0.0989 0.5154
vn 0.5874 -0.7266 0.3564
vn 0.4786 -0.8754 -0.0676
vn 0.4323 -0.8239 0.3665
vn 0.5041 -0.8076 0.3061
vn 0.2875 -0.7582 0.5852
vn -0.4602 -0.0156 0.8877
vn -0.7455 -0.0652 0.6633
vn 0.2823 -0.7519 0.5957
vn 0.0745 -0.7924 0.6055
vn 0.0878 -0.7751 0.6257
vn -0.2903 -0.8833 0.3682
vn 0.0645 -0.9338 0.3521
vn 0.0924 -0.8540 0.5120
vn -0.1676 -0.9859 -0.0002
vn 0.1428 -0.9896 0.0199
vn -0.2582 -0.9591 -0.1162
vn -0.5345 -0.1963 -0.8220
vn -0.9242 -0.1619 -0.3460
vn -0.9115 0.1218 -0.3928
vn -0.4711 -0.7640 0.4409
vn -0.3787 -0.9245 0.0440
vn -0.4020 -0.9138 0.0581
vn -0.3726 -0.9264 0.0550
vn -0.3743 -0.9271 -0.0179
vn -0.4265 0.1653 0.8893
vn -0.3971 0.0403 0.9169
vn 0.2494 0.1036 0.9628
vn -0.0977 0.1519 0.9836
vn -0.2702 0.1339 0.9535
vn -0.2346 -0.0335 0.9715
vn -0.1011 -0.0687 0.9925
vn -0.1100 -0.1567 0.9815
vn -0.0778 -0.1663 0.9830
vn -0.0846 -0.2953 0.9517
vn -0.1741 -0.2547 0.9512
vn -0.1470 -0.1816 0.9723
vn -0.1221 0.0204 0.9923
vn -0.0729 0.0097 0.9973
vn -0.0460 -0.0977 0.9942
vn 0.1035 -0.1613 0.9815
vn 0.0915 -0.1226 -0.9882
vn 0.1150 -0.1234 -0.9857
vn 0.1389 -0.3259 -0.9351
vn 0.1466 -0.0987 -0.9843
vn 0.1678 -0.4070 -0.8979
vn 0.2108 -0.3866 -0.8978
vn 0.1090 -0.7210 -0.6843
vn 0.0791 -0.4092 -0.9090
vn 0.1723 -0.6604 -0.7309
vn 0.1686 -0.6879 -0.7059
vn 0.2825 -0.7645 -0.5794
vn 0.2823 -0.7519 -0.5957
vn 0.2875 -0.7582 -0.5852
vn 0.5791 -0.0648 -0.8127
vn 0.5733 -0.0990 -0.8133
vn 0.3495 -0.6750 -0.6498
vn 0.5874 -0.7266 -0.3564
vn 0.5858 -0.8096 0.0377
vn 0.6786 -0.0179 0.7343
vn 0.5041 -0.8076 -0.3061
vn 0.8465 -0.1441 -0.5125
vn 0.8512 -0.0989 -0.5154
vn 0.7495 -0.3585 0.5566
vn 0.7494 -0.3586 0.5566
vn 0.3738 -0.7299 -0.5722
vn 0.0211 -0.9640 -0.2652
vn 0.0356 -0.9624 -0.2694
vn -0.4262 -0.8112 -0.4003
vn -0.4531 -0.8059 -0.3811
vn -0.2166 -0.4890 -0.8450
vn -0.2250 -0.4879 -0.8434
vn -0.0948 -0.5752 -0.8125
vn -0.2487 -0.5578 -0.7919
vn -0.2275 -0.6127 -0.7569
vn -0.4352 -0.6895 -0.5790
vn 0.1518 -0.8282 -0.5394
vn 0.0699 -0.6999 -0.7108
vn 0.0745 -0.7924 -0.6055
vn 0.0878 -0.7751 -0.6257
vn -0.4602 -0.0156 -0.8877
vn -0.4462 -0.0474 -0.8937
vn -0.4463 -0.0474 -0.8937
vn 0.0060 -0.7051 -0.7091
vn -0.3572 -0.8340 -0.4207
vn -0.7499 -0.0186 -0.6612
vn -0.7455 -0.0652 -0.6633
vn -0.2903 -0.8833 -0.3682
vn -0.9562 0.1389 -0.2575
vn -0.9794 0.0084 -0.2019
vn -0.9697 -0.1396 0.2006
vn -0.9391 -0.2568 0.2284
vn -0.9744 -0.1269 -0.1853
vn -0.9720 -0.1424 -0.1868
vn -0.6247 0.1009 -0.7744
vn -0.6301 0.1262 -0.7662
vn -0.6842 0.1336 -0.7169
vn -0.6839 0.1602 -0.7118
vn -0.9688 -0.1372 -0.2063
vn -0.9713 -0.1198 -0.2057
vn -0.9772 -0.2103 0.0273
vn -0.9769 -0.2120 0.0273
vn -0.8748 0.0677 -0.4797
vn -0.9747 -0.2233 -0.0084
vn -0.9470 -0.0892 -0.3086
vn -0.9087 -0.1475 -0.3906
vn -0.6132 -0.0336 -0.7892
vn -0.6065 -0.0380 -0.7942
vn -0.4828 0.0450 -0.8746
vn -0.4860 0.0469 -0.8727
vn -0.4850 0.0415 -0.8735
vn -0.6193 0.0051 -0.7852
vn -0.4970 0.1491 -0.8549
vn -0.4881 0.1440 -0.8608
vn -0.4860 0.1356 -0.8634
vn -0.5667 0.1083 -0.8168
vn -0.6183 0.0831 -0.7816
vn -0.5746 0.0488 -0.8170
vn -0.9844 -0.1113 -0.1361
vn -0.9905 -0.0656 -0.1213
vn -0.9908 -0.0572 -0.1223
vn -0.9765 -0.1296 -0.1720
vn -0.9888 -0.0783 0.1274
vn -0.9635 -0.2456 0.1061
vn -0.9612 0.0834 0.2630
vn -0.9612 0.0834 -0.2630
vn -0.9518 -0.1538 -0.2654
vn -0.9967 -0.0178 0.0794
vn -0.9938 -0.0597 0.0934
vn -0.6356 0.3346 0.6957
vn -0.6042 0.4270 0.6728
vn -0.6431 0.4059 0.6494
vn -0.6440 0.4025 0.6506
vn -0.1758 0.6777 0.7140
vn -0.2122 0.8976 0.3865
vn -0.6494 0.7298 0.2136
vn -0.7448 0.6032 0.2854
vn -0.3700 0.7776 0.5084
vn -0.4007 0.5655 0.7209
vn -0.6432 0.4062 0.6491
vn -0.6896 0.2400 0.6833
vn -0.6256 0.2807 0.7279
vn -0.6494 0.2107 0.7307
vn -0.9801 -0.1043 0.1692
vn -0.9765 -0.1296 0.1720
vn -0.9718 -0.2239 -0.0744
vn -0.9718 -0.2239 0.0744
vn -0.9816 -0.1654 0.0949
vn -0.8746 -0.1144 -0.4712
vn -0.7937 -0.2332 -0.5619
vn -0.9844 -0.1113 0.1361
vn -0.7597 -0.6487 -0.0457
vn -0.9727 -0.2090 0.1006
vn -0.9727 -0.2090 -0.1006
vn -0.9816 -0.1654 -0.0949
vn -0.9965 -0.0678 0.0487
vn -0.8713 -0.1401 -0.4702
vn -0.0138 0.2030 -0.9791
vn -0.4278 0.2574 -0.8664
vn -0.4199 0.0409 -0.9066
vn -0.3533 0.1264 -0.9269
vn 0.3539 0.4376 -0.8266
vn 0.3852 0.4344 -0.8142
vn 0.2139 0.3733 -0.9027
vn -0.2028 0.3046 -0.9306
vn -0.0869 -0.1747 -0.9808
vn 0.5148 0.0828 -0.8533
vn 0.5235 -0.2453 -0.8159
vn 0.0071 0.2581 -0.9661
vn 0.0275 0.1075 -0.9938
vn 0.4673 0.2965 -0.8329
vn 0.1967 0.0383 -0.9797
vn -0.3243 -0.4610 -0.8260
vn -0.2937 -0.5490 -0.7825
vn -0.8129 0.0899 -0.5754
vn -0.7503 0.2487 -0.6125
vn -0.6563 0.0896 -0.7491
vn -0.6360 0.1455 -0.7578
vn -0.6567 0.1800 -0.7324
vn -0.7412 -0.0204 -0.6709
vn -0.7017 -0.1212 -0.7021
vn -0.5385 -0.8425 0.0176
vn 0.0125 -0.9949 -0.0997
vn -0.0094 -0.9937 -0.1116
vn 0.4416 -0.8971 -0.0157
vn 0.2567 0.3152 -0.9136
vn -0.1319 0.0324 -0.9907
vn -0.2400 0.1109 -0.9644
vn -0.2997 0.4060 -0.8634
vn -0.2678 0.4019 -0.8756
vn -0.2325 0.2519 -0.9394
vn -0.3573 0.2798 -0.8911
vn -0.4104 0.3933 -0.8227
vn -0.3015 0.4008 -0.8651
vn 0.3300 -0.4507 -0.8294
vn -0.1513 -0.9829 -0.1045
vn -0.9878 0.1439 -0.0589
vn -0.9785 -0.0632 -0.1961
vn -0.9576 0.0315 0.2863
vn -0.3088 -0.9160 0.2561
vn -0.0342 -0.9200 0.3904
vn -0.6464 -0.3116 0.6965
vn -0.8749 -0.0404 0.4827
vn -0.8701 -0.1153 0.4792
vn -0.1041 -0.0943 0.9901
vn -0.1595 0.0365 0.9865
vn 0.0777 -0.1199 0.9897
vn -0.1836 -0.9629 0.1978
vn 0.0337 -0.9875 0.1540
vn -0.2079 0.1888 0.9598
vn -0.0872 -0.0473 0.9951
vn 0.6381 0.2216 0.7374
vn 0.4308 0.4770 0.7661
vn -0.4371 -0.8319 -0.3418
vn -0.9763 -0.1789 -0.1217
vn -0.9768 -0.1780 -0.1194
vn -0.9790 -0.1678 -0.1161
vn -0.9869 -0.0344 -0.1577
vn -0.8245 -0.4962 -0.2720
vn -0.7525 -0.5712 0.3280
vn -0.8046 -0.5130 0.2991
vn -0.2490 -0.9529 0.1734
vn -0.2570 -0.9311 -0.2589
vn 0.0798 -0.9827 0.1672
vn 0.4447 -0.8932 0.0675
vn 0.3709 0.1908 0.9089
vn 0.5138 0.1237 0.8490
vn 0.2636 -0.0974 0.9597
vn 0.4363 -0.3563 0.8262
vn 0.4393 -0.3370 0.8327
vn 0.4057 -0.3060 0.8613
vn 0.3058 -0.5367 0.7864
vn 0.1939 -0.3585 0.9132
vn -0.2372 -0.9574 -0.1646
vn -0.1371 -0.8839 -0.4472
vn -0.3716 -0.9284 -0.0066
vn -0.4053 -0.9142 0.0058
vn -0.4843 -0.8739 -0.0431
vn -0.0594 -0.3330 0.9410
vn -0.0817 -0.2897 0.9536
vn -0.0164 -0.2023 0.9792
vn 0.0073 -0.2253 0.9743
vn -0.0033 -0.2897 0.9571
vn 0.1018 -0.3500 0.9312
vn 0.9058 -0.2132 -0.3661
vn 0.9077 -0.1884 -0.3749
vn 0.9305 -0.1563 -0.3313
vn 0.9581 -0.2619 0.1158
vn 0.7519 -0.0252 0.6588
vn 0.3475 -0.0994 0.9324
vn 0.3004 0.0110 0.9537
vn -0.4650 -0.1053 0.8791
vn -0.4249 -0.1275 0.8962
vn 0.7360 -0.1016 0.6693
vn 0.7675 -0.2113 0.6052
vn 0.2097 -0.1699 0.9629
vn 0.1516 0.0671 0.9862
vn -0.1591 0.0612 0.9854
vn -0.0003 -0.4370 0.8994
vn -0.4751 -0.3750 0.7960
vn -0.4661 -0.3648 0.8060
vn -0.6392 -0.0947 0.7632
vn -0.4315 -0.0692 0.8994
vn -0.0622 -0.0635 0.9960
vn 0.7762 -0.1806 0.6040
vn -0.4275 0.0374 -0.9032
vn -0.3276 -0.1917 -0.9252
vn -0.3458 -0.1992 -0.9169
vn 0.6000 -0.0416 -0.7989
vn -0.3037 0.0568 -0.9511
vn -0.3005 -0.1360 -0.9441
vn -0.2006 -0.1881 -0.9614
vn -0.1776 -0.1235 -0.9763
vn 0.0967 -0.1527 -0.9835
vn 0.1050 -0.1764 -0.9787
vn 0.0890 -0.1813 -0.9794
vn 0.0851 -0.1640 -0.9828
vn 0.2565 -0.1047 -0.9609
vn -0.1201 -0.1877 -0.9749
vn -0.3619 -0.1877 -0.9131
vn -0.4248 -0.1518 -0.8925
vn -0.6569 -0.1600 -0.7369
vn -0.6065 -0.3178 -0.7288
vn -0.8069 -0.2214 -0.5477
vn -0.8109 -0.1935 -0.5522
vn -0.4467 -0.3872 -0.8066
vn -0.2891 -0.5113 -0.8093
vn 0.0485 -0.5686 -0.8212
vn -0.0028 -0.4900 -0.8717
vn 0.4099 -0.4172 -0.8111
vn 0.4185 -0.4361 -0.7967
vn 0.4141 -0.4373 -0.7983
vn 0.3985 -0.3898 -0.8302
vn 0.2837 -0.3847 -0.8784
vn 0.2647 -0.1379 -0.9544
vn 0.2592 -0.4230 -0.8683
vn 0.2510 -0.6169 -0.7460
vn 0.1965 -0.6859 -0.7007
vn 0.1851 -0.8217 -0.5390
vn 0.1787 -0.8106 -0.5576
vn 0.3831 -0.7613 -0.5232
vn 0.3239 -0.6509 -0.6866
vn 0.3310 -0.6495 -0.6845
vn 0.3282 -0.7595 -0.5616
vn 0.0123 -0.7916 -0.6109
vn 0.0114 -0.7903 -0.6126
vn -0.4342 -0.6697 -0.6025
vn -0.4644 -0.6324 -0.6200
vn -0.8728 -0.2638 -0.4107
vn 0.4000 -0.5306 -0.7473
vn 0.0207 -0.5267 -0.8498
vn 0.0590 -0.4768 -0.8770
vn -0.4498 -0.3942 -0.8014
vn -0.3720 -0.4761 -0.7969
vn -0.8530 -0.3863 -0.3509
vn -0.8779 -0.3024 -0.3713
vn -0.8193 -0.3285 -0.4699
vn -0.8308 -0.2509 -0.4969
vn -0.3868 -0.2995 -0.8722
vn 0.1633 -0.1802 -0.9700
vn 0.1234 -0.2158 -0.9686
vn -0.1395 -0.1684 -0.9758
vn -0.1197 -0.1513 -0.9812
vn -0.2124 -0.1257 -0.9691
vn -0.4043 -0.2334 -0.8843
vn -0.3939 -0.2365 -0.8882
vn -0.1408 -0.1025 -0.9847
vn 0.0249 -0.0890 -0.9957
vn 0.0516 -0.2179 -0.9746
vn -0.4267 0.2028 -0.8813
vn -0.2089 -0.2045 -0.9563
vn -0.4672 -0.0037 -0.8842
vn -0.4886 -0.0747 -0.8693
vn -0.1408 -0.6328 -0.7614
vn 0.1499 -0.1848 -0.9713
vn 0.1500 -0.1990 -0.9684
vn 0.1630 -0.2243 -0.9608
vn -0.1170 0.1250 -0.9852
vn -0.0907 -0.0174 -0.9957
vn 0.1576 -0.0599 -0.9857
vn 0.2226 0.0088 -0.9749
vn 0.2183 -0.0650 -0.9737
vn -0.1581 -0.2811 -0.9466
vn -0.4206 -0.2372 -0.8757
vn -0.3989 -0.2213 -0.8899
vn -0.7959 -0.1758 -0.5793
vn -0.7874 -0.0637 -0.6132
vn -0.2568 -0.1875 -0.9481
vn 0.0429 -0.2889 -0.9564
vn 0.0215 -0.3093 -0.9507
vn 0.4556 -0.2890 -0.8420
vn -0.2887 0.8343 -0.4698
vn -0.2887 0.8343 0.4698
vn -0.3769 0.9197 0.1097
vn -0.3903 0.8165 0.4253
vn -0.3785 0.8125 0.4433
vn -0.2518 0.6258 0.7382
vn -0.4061 0.5767 0.7089
vn -0.2451 0.2446 0.9381
vn -0.3507 0.3048 0.8855
vn -0.2579 0.0807 0.9628
vn -0.2384 0.0879 0.9672
vn -0.2318 0.0821 0.9693
vn -0.3538 0.0363 0.9346
vn 0.0600 -0.0463 0.9971
vn -0.5714 -0.7431 0.3483
vn -0.5529 -0.7451 0.3729
vn -0.5552 -0.7907 0.2580
vn -0.5434 -0.7913 0.2803
vn -0.8643 -0.3520 0.3592
vn -0.8404 -0.3129 0.4425
vn -0.7928 0.3323 0.5110
vn -0.9135 0.2259 0.3383
vn -0.7388 0.5811 0.3414
vn -0.8335 0.4994 0.2366
vn -0.3669 0.9296 0.0362
vn -0.5074 0.8334 -0.2189
vn -0.4611 0.8657 -0.1949
vn -0.4778 0.7599 -0.4407
vn -0.2033 0.8716 -0.4460
vn 0.0094 0.9571 -0.2897
vn 0.8976 0.4345 0.0738
vn 0.8440 0.3633 0.3945
vn 0.6119 -0.5860 0.5312
vn 0.4794 -0.6856 0.5479
vn 0.3875 -0.7599 0.5219
vn 0.9541 -0.2687 0.1321
vn 0.8989 -0.4116 0.1503
vn 0.8664 -0.4357 0.2439
vn 0.9446 -0.2826 0.1670
vn 0.9640 -0.2535 0.0807
vn 0.9934 -0.1146 -0.0086
vn 0.9808 -0.0316 0.1927
vn 0.9447 -0.1118 0.3082
vn 0.9351 -0.2161 0.2809
vn 0.9057 -0.0855 0.4153
vn 0.7600 -0.2042 0.6171
vn 0.7868 0.0089 0.6171
vn 0.9466 -0.1316 0.2942
vn 0.9257 -0.1560 0.3445
vn 0.9003 0.0394 0.4334
vn 0.9822 0.0153 0.1870
vn 0.9545 -0.2496 0.1633
vn 0.5247 -0.7643 0.3749
vn 0.8409 0.4537 0.2951
vn 0.8699 0.4011 0.2869
vn -0.4850 0.8103 -0.3289
vn -0.7631 0.6117 -0.2088
vn -0.8834 0.3661 -0.2927
vn -0.9396 0.3116 -0.1414
vn -0.9593 0.2555 -0.1203
vn -0.9734 0.0152 0.2287
vn -0.8935 -0.3275 0.3073
vn 0.9643 -0.0247 0.2636
vn 0.9675 -0.0474 0.2485
vn 0.9807 0.1810 0.0733
vn 0.9850 0.1321 -0.1112
vn 0.9415 -0.3207 0.1033
vn 0.9564 -0.2885 0.0459
vn 0.8851 -0.4551 0.0973
vn 0.7464 -0.5166 0.4196
vn 0.3860 -0.7581 0.5257
vn 0.3610 -0.7595 0.5411
vn 0.5268 -0.6748 0.5168
vn 0.4565 -0.5694 0.6837
vn 0.7934 0.4617 -0.3966
vn 0.7555 0.4607 -0.4657
vn 0.7895 0.4239 -0.4439
vn 0.6780 0.5048 -0.5344
vn -0.1198 0.9398 -0.3199
vn -0.0856 0.9488 -0.3040
vn -0.2968 0.9292 -0.2201
vn -0.1644 0.9714 0.1713
vn -0.7349 0.6161 0.2837
vn -0.4658 0.7614 0.4509
vn -0.7702 0.3048 0.5603
vn -0.7822 0.2940 0.5493
vn -0.8263 -0.3660 0.4281
vn -0.8690 -0.4313 0.2425
vn -0.1250 0.9255 -0.3574
vn -0.2029 0.9001 -0.3855
vn 0.7042 0.7027 0.1020
vn 0.6016 -0.5736 0.5559
vn 0.8510 0.3989 0.3417
vn 0.5256 0.7188 0.4550
vn 0.3612 0.4374 0.8235
vn 0.4325 0.4273 0.7939
vn 0.2776 0.0516 0.9593
vn -0.9768 -0.2142 -0.0095
vn -0.9190 0.3216 -0.2282
vn -0.9415 0.3021 -0.1493
vn 0.7153 0.5309 0.4544
vn 0.0072 0.9580 -0.2866
vn -0.5326 0.8450 -0.0477
vn -0.7621 0.6130 -0.2087
vn -0.8581 0.5135 0.0021
vn -0.8605 0.5094 -0.0004
vn -0.9255 0.3779 0.0253
vn -0.9077 0.4001 -0.1268
vn -0.8924 0.4393 -0.1032
vn -0.8063 0.4872 0.3354
vn -0.9231 0.3210 0.2117
vn -0.9325 -0.2767 0.2322
vn -0.9964 -0.0509 0.0671
vn -0.9982 -0.0587 -0.0121
vn -0.9949 -0.0879 0.0487
vn -0.9940 -0.1091 0.0034
vn -0.8518 -0.4353 0.2915
vn -0.8627 -0.4448 0.2405
vn 0.9693 0.0931 0.2275
vn -0.8239 0.4477 0.3475
vn -0.9196 0.3584 0.1611
vn -0.8960 0.4252 -0.1281
vn -0.8588 0.5115 -0.0274
vn -0.7645 0.6441 -0.0272
vn -0.3237 0.3202 0.8903
vn -0.3168 0.3653 0.8753
vn -0.5048 0.6010 0.6197
vn -0.4976 0.6617 0.5608
vn -0.5120 0.7245 0.4615
vn -0.5086 0.7380 0.4434
vn -0.5202 0.8228 0.2290
vn -0.5416 0.8093 0.2274
vn -0.5756 0.7802 0.2448
vn -0.4105 0.8811 0.2349
vn -0.4100 0.8807 -0.2371
vn -0.4540 0.8684 -0.1995
vn -0.5223 0.6777 -0.5176
vn -0.3931 0.6877 -0.6104
vn -0.3209 0.8721 -0.3694
vn -0.0766 0.8756 -0.4769
vn -0.1640 0.9652 -0.2038
vn -0.0818 0.9641 -0.2525
vn -0.1238 0.9867 -0.1056
vn 0.0471 0.9974 -0.0547
vn 0.0748 0.9942 -0.0771
vn 0.2358 0.9717 -0.0153
vn 0.7215 0.6352 -0.2758
vn 0.9684 0.1662 -0.1857
vn 0.8298 -0.3489 -0.4355
vn 0.8507 -0.1040 -0.5153
vn 0.6729 0.6992 0.2415
vn 0.9428 -0.3093 0.1241
vn 0.8966 0.2399 0.3724
vn 0.4367 -0.8814 -0.1803
vn 0.1450 -0.3876 -0.9104
vn 0.7533 -0.6313 -0.1844
vn 0.6549 0.1869 -0.7322
vn 0.9526 0.2598 -0.1586
vn 0.9849 0.1549 -0.0775
vn 0.9846 0.1361 0.1098
vn 0.9850 0.1321 0.1112
vn 0.9807 0.1810 -0.0733
vn 0.9934 -0.1146 0.0086
vn 0.9808 -0.0316 -0.1927
vn 0.9654 -0.1520 -0.2120
vn 0.9657 -0.1552 -0.2084
vn 0.9233 -0.3698 -0.1036
vn 0.9083 -0.2319 -0.3482
vn 0.9445 -0.1034 -0.3118
vn 0.9466 -0.1316 -0.2942
vn 0.8924 -0.1880 -0.4102
vn 0.9339 0.0318 -0.3562
vn 0.9822 0.0153 -0.1870
vn 0.5247 -0.7643 -0.3749
vn 0.4794 -0.6856 -0.5479
vn 0.6119 -0.5860 -0.5312
vn 0.6275 -0.6048 -0.4904
vn 0.5173 -0.6602 -0.5446
vn 0.4565 -0.5694 -0.6837
vn 0.7934 0.4617 0.3966
vn 0.7555 0.4607 0.4657
vn 0.7895 0.4239 0.4439
vn 0.6780 0.5048 0.5344
vn -0.1198 0.9398 0.3199
vn -0.0856 0.9488 0.3040
vn -0.2968 0.9292 0.2201
vn -0.1644 0.9714 -0.1713
vn -0.7349 0.6161 -0.2837
vn -0.4658 0.7614 -0.4509
vn -0.7702 0.3048 -0.5603
vn -0.7822 0.2940 -0.5493
vn -0.8263 -0.3660 -0.4281
vn -0.8690 -0.4313 -0.2425
vn -0.5552 -0.7907 -0.2580
vn -0.5529 -0.7451 -0.3729
vn -0.9542 0.0085 -0.2992
vn -0.1945 0.4180 -0.8874
vn -0.2411 0.1234 -0.9626
vn -0.2394 0.1235 -0.9630
vn -0.1879 0.2208 -0.9571
vn -0.1704 0.2258 -0.9592
vn -0.2097 0.1441 -0.9671
vn -0.1405 0.1758 -0.9743
vn -0.1074 0.2611 -0.9593
vn -0.0007 0.2794 -0.9602
vn -0.0030 0.2750 -0.9614
vn 0.2430 0.2978 -0.9232
vn 0.0551 0.1282 -0.9902
vn -0.0235 0.1216 -0.9923
vn 0.0750 -0.0970 -0.9925
vn 0.0227 -0.1018 -0.9945
vn 0.1589 -0.3428 -0.9259
vn 0.1535 -0.3437 -0.9264
vn 0.2859 -0.5452 -0.7881
vn 0.1821 -0.5802 -0.7939
vn 0.1911 -0.5832 -0.7895
vn 0.0504 -0.6630 -0.7469
vn -0.0187 -0.6369 -0.7707
vn 0.0127 -0.5574 -0.8301
vn 0.2262 -0.5656 -0.7930
vn 0.2356 -0.5472 -0.8031
vn 0.3735 -0.5306 -0.7609
vn 0.1995 -0.7159 -0.6691
vn 0.3535 -0.7217 -0.5951
vn 0.1080 -0.8433 -0.5264
vn 0.0981 -0.8423 -0.5301
vn 0.1541 -0.7933 -0.5890
vn -0.0628 -0.8037 -0.5917
vn 0.0758 -0.1677 -0.9829
vn -0.3767 -0.2166 -0.9007
vn -0.2983 -0.0566 -0.9528
vn -0.1974 -0.0676 -0.9780
vn -0.1216 0.3870 -0.9140
vn -0.0224 0.2391 -0.9707
vn -0.1230 0.1127 -0.9860
vn 0.0443 0.0846 -0.9954
vn 0.2222 0.4361 -0.8720
vn 0.6198 0.2921 -0.7284
vn 0.4270 0.0864 -0.9001
vn 0.3883 0.1785 -0.9041
vn 0.3568 0.1627 -0.9199
vn 0.3641 0.0723 -0.9286
vn 0.3448 0.0773 -0.9355
vn 0.3188 0.1207 -0.9401
vn 0.3006 0.1262 -0.9454
vn 0.2812 0.1942 -0.9398
vn 0.2565 0.2115 -0.9431
vn 0.2558 0.2026 -0.9452
vn 0.2711 0.1748 -0.9466
vn 0.1634 0.0655 -0.9844
vn 0.1994 0.1765 -0.9639
vn -0.0947 0.0691 -0.9931
vn -0.1335 -0.2766 -0.9517
vn -0.2439 -0.2713 -0.9311
vn -0.3666 0.0125 -0.9303
vn -0.6582 -0.0214 -0.7526
vn -0.5661 0.6292 -0.5326
vn 0.5626 0.1137 -0.8188
vn 0.5379 0.0796 -0.8392
vn 0.3538 0.6772 -0.6452
vn 0.2029 0.7445 -0.6360
vn 0.5915 -0.0927 -0.8009
vn 0.3681 0.3123 -0.8757
vn 0.3608 0.3356 -0.8701
vn 0.1550 0.4527 -0.8781
vn 0.4023 -0.7636 -0.5051
vn 0.6728 0.2642 -0.6911
vn 0.8336 0.2876 -0.4716
vn 0.6782 -0.3526 -0.6447
vn 0.6188 -0.2222 -0.7535
vn 0.8440 -0.1109 -0.5248
vn 0.9290 0.0038 -0.3701
vn 0.9233 0.1003 -0.3708
vn 0.7574 -0.0992 -0.6453
vn 0.7579 0.0004 -0.6523
vn 0.4913 -0.1642 -0.8554
vn 0.4767 -0.2175 -0.8517
vn 0.4519 -0.2342 -0.8608
vn 0.4335 -0.3343 -0.8369
vn 0.3769 -0.3836 -0.8431
vn 0.4213 -0.0630 -0.9047
vn 0.3329 -0.0993 -0.9377
vn 0.3288 -0.0426 -0.9434
vn 0.2722 -0.0844 -0.9585
vn 0.3945 -0.0332 -0.9183
vn 0.3414 -0.0897 -0.9356
vn 0.4400 -0.0121 -0.8979
vn 0.5271 0.2163 -0.8218
vn 0.4935 0.2273 -0.8395
vn 0.3879 0.0182 -0.9215
vn 0.4747 -0.1617 -0.8652
vn 0.3368 -0.0702 -0.9389
vn 0.4976 0.0030 -0.8674
vn 0.5210 -0.0020 -0.8536
vn 0.7456 0.2689 -0.6097
vn 0.8214 0.2783 -0.4979
vn 0.7775 0.0905 -0.6223
vn 0.8092 0.1002 -0.5789
vn 0.8080 0.4452 -0.3859
vn 0.7689 0.4691 -0.4345
vn 0.8157 0.5145 -0.2645
vn 0.8818 0.4578 -0.1130
vn 0.6172 0.7859 -0.0382
vn 0.7035 0.3020 -0.6434
vn 0.7122 0.3262 -0.6216
vn 0.7714 0.3391 -0.5385
vn 0.5039 0.0210 -0.8635
vn 0.7357 0.2238 -0.6393
vn 0.7301 0.6106 -0.3069
vn 0.8156 0.5653 -0.1235
vn 0.5032 0.1545 -0.8503
vn 0.5385 0.1571 -0.8279
vn 0.7608 0.3173 -0.5662
vn 0.7900 0.3170 -0.5248
vn 0.8992 0.4348 -0.0480
vn 0.9240 0.3809 -0.0344
vn 0.9399 0.3412 0.0112
vn 0.9952 0.0969 -0.0137
vn 0.9626 0.1384 -0.2329
vn 0.8582 0.2186 -0.4644
vn 0.8359 0.1087 -0.5381
vn 0.5941 0.0434 -0.8032
vn 0.3501 -0.1884 -0.9176
vn 0.7528 -0.1734 -0.6350
vn 0.1099 0.1482 -0.9828
vn 0.1335 0.1443 -0.9805
vn 0.1230 0.0123 -0.9923
vn 0.1918 -0.0281 -0.9810
vn 0.1487 -0.0430 -0.9879
vn 0.1487 -0.0431 -0.9879
vn -0.1468 -0.1718 -0.9741
vn 0.1416 -0.0460 -0.9889
vn 0.2332 -0.0567 -0.9708
vn 0.2420 -0.0413 -0.9694
vn 0.3028 -0.0477 -0.9519
vn 0.2494 -0.3625 -0.8980
vn 0.2350 -0.3883 -0.8911
vn 0.2134 -0.7828 -0.5845
vn 0.1777 -0.8257 -0.5354
vn 0.1507 -0.7791 -0.6086
vn 0.1344 -0.7873 -0.6017
vn 0.1694 -0.3488 -0.9218
vn 0.2430 -0.2104 -0.9470
vn 0.1069 -0.1974 -0.9745
vn 0.3479 -0.3430 -0.8726
vn 0.3509 -0.3420 -0.8717
vn 0.2881 -0.1493 -0.9459
vn 0.3445 -0.1429 -0.9278
vn 0.2931 -0.0150 -0.9560
vn 0.1198 0.0841 -0.9892
vn 0.1375 -0.0550 -0.9890
vn 0.0779 -0.0231 -0.9967
vn 0.1291 0.1286 -0.9833
vn 0.1434 0.1083 -0.9837
vn 0.2873 0.2245 -0.9312
vn 0.2864 0.2187 -0.9328
vn 0.1797 0.2065 -0.9618
vn 0.1011 0.1202 -0.9876
vn 0.2360 0.1443 -0.9610
vn 0.2533 -0.1732 -0.9518
vn -0.1554 -0.2415 -0.9579
vn -0.1928 -0.0119 -0.9812
vn -0.2363 -0.0139 -0.9716
vn -0.1228 0.3850 -0.9147
vn 0.0025 0.3766 -0.9264
vn 0.1010 0.5209 -0.8476
vn 0.3303 0.2389 -0.9131
vn 0.4286 0.2015 -0.8808
vn 0.4306 0.1437 -0.8910
vn 0.6158 0.0949 -0.7822
vn 0.6636 0.6926 -0.2825
vn 0.3140 0.7952 -0.5187
vn 0.1877 -0.0184 -0.9821
vn 0.5302 0.0355 -0.8471
vn 0.2001 0.5719 -0.7956
vn 0.5788 0.0768 -0.8118
vn 0.6795 0.4344 -0.5912
vn 0.7117 0.4817 -0.5113
vn 0.6823 0.7222 -0.1139
vn 0.8228 0.5678 0.0236
vn 0.7843 0.5962 0.1715
vn 0.7159 0.6980 -0.0133
vn 0.6984 0.7031 0.1337
vn 0.6828 0.7222 0.1109
vn 0.6815 0.7205 -0.1279
vn 0.6119 0.7839 -0.1052
vn 0.6392 0.7637 -0.0904
vn 0.4913 0.8704 -0.0321
vn 0.6028 0.7921 0.0961
vn 0.5668 0.8123 0.1375
vn 0.6017 0.7891 0.1238
vn 0.7296 0.6838 0.0078
vn 0.4311 0.9023 -0.0002
vn 0.4551 0.8899 -0.0309
vn 0.0569 0.9974 0.0448
vn 0.0605 0.9945 -0.0853
vn 0.0225 0.9997 0.0081
vn 0.0028 0.9954 -0.0962
vn 0.0619 0.9534 -0.2953
vn 0.0859 0.9407 0.3281
vn 0.2932 0.9555 0.0318
vn 0.2988 0.9383 -0.1740
vn -0.5262 0.8465 -0.0807
vn -0.5126 0.8128 -0.2767
vn -0.9057 0.4236 -0.0158
vn -0.8211 0.5053 0.2654
vn -0.8316 -0.0379 0.5540
vn -0.6377 0.0052 0.7703
vn -0.6064 -0.1193 0.7861
vn -0.2964 -0.0809 0.9516
vn -0.1281 -0.6811 0.7209
vn 0.3052 -0.7930 0.5273
vn 0.3001 -0.9496 -0.0909
vn 0.3235 -0.9414 -0.0958
vn 0.2770 -0.0309 -0.9604
vn 0.3250 -0.0177 -0.9456
vn 0.2820 -0.2355 -0.9301
vn 0.0307 -0.2923 -0.9558
vn 0.0045 -0.1003 -0.9949
vn 0.0074 -0.0976 -0.9952
vn -0.0200 0.6441 -0.7647
vn -0.2115 0.5719 -0.7926
vn -0.1685 0.8668 -0.4693
vn -0.1618 0.8685 -0.4686
vn -0.0497 0.9969 -0.0617
vn 0.2463 0.8046 0.5403
vn 0.0721 0.7382 0.6707
vn 0.3474 -0.2304 0.9090
vn 0.2458 -0.4380 0.8647
vn 0.2389 -0.2486 0.9387
vn 0.1983 -0.2708 0.9420
vn 0.3379 -0.8863 0.3166
vn 0.2551 -0.9491 0.1847
vn 0.2299 -0.9723 -0.0428
vn 0.2605 -0.9646 -0.0417
vn 0.3206 -0.9421 -0.0985
vn 0.2454 -0.9523 0.1815
vn 0.0419 -0.9132 0.4054
vn 0.0070 -0.4308 0.9024
vn -0.1074 -0.2964 0.9490
vn -0.1401 0.0956 0.9855
vn -0.3806 0.0900 0.9203
vn -0.3726 0.8490 0.3746
vn -0.3437 0.8215 0.4551
vn -0.0439 0.9855 -0.1640
vn -0.1110 0.9592 -0.2599
vn 0.2266 0.8138 -0.5352
vn 0.2477 0.8515 -0.4622
vn 0.5875 0.6208 -0.5191
vn 0.6436 0.7174 -0.2666
vn 0.9685 0.1794 -0.1724
vn 0.9141 0.3936 -0.0978
vn 0.9997 -0.0006 0.0232
vn 0.2567 -0.8351 0.4866
vn 0.3170 -0.5985 0.7358
vn 0.0636 -0.5859 0.8079
vn -0.3111 -0.7534 0.5793
vn -0.6921 -0.1989 0.6939
vn -0.8915 -0.0975 0.4423
vn -0.9020 -0.0574 0.4280
vn -0.9828 0.1232 0.1375
vn -0.7060 0.7028 -0.0867
vn -0.7746 0.6064 0.1798
vn -0.3236 0.9462 0.0088
vn -0.3377 0.9410 -0.0227
vn -0.3489 0.9370 0.0164
vn -0.3817 0.9191 -0.0978
vn -0.3773 0.9044 -0.1992
vn -0.1459 0.9344 0.3249
vn -0.1517 0.9876 0.0415
vn -0.1788 0.9839 0.0068
vn -0.3034 0.9465 0.1098
vn -0.3032 0.9464 -0.1112
vn 0.1385 0.9825 -0.1242
vn 0.0569 0.9974 -0.0453
vn 0.4309 0.9020 0.0263
vn 0.4576 0.8892 -0.0005
vn 0.6064 0.7951 -0.0044
vn 0.6463 0.7619 -0.0422
vn 0.6029 0.7920 -0.0966
vn 0.4913 0.8704 0.0322
vn 0.6391 0.7638 0.0905
vn 0.6119 0.7839 0.1053
vn 0.6011 0.7873 0.1372
vn 0.5734 0.8192 0.0028
vn 0.3758 0.9191 -0.1186
vn 0.4545 0.8672 -0.2036
vn 0.4363 0.8473 -0.3028
vn 0.6004 0.5033 -0.6215
vn 0.0275 0.7894 -0.6132
vn 0.0803 0.7543 -0.6516
vn 0.1085 0.8988 -0.4247
vn 0.1588 0.8707 -0.4656
vn 0.4505 0.8903 -0.0662
vn 0.6319 0.7538 -0.1800
vn 0.4259 0.9012 -0.0807
vn 0.4493 0.8863 -0.1124
vn -0.6254 0.7784 0.0543
vn -0.9515 -0.0398 0.3052
vn -0.8305 -0.0701 0.5526
vn -0.7981 -0.1676 0.5787
vn -0.6031 -0.0899 0.7926
vn -0.2421 -0.7252 0.6446
vn -0.1686 -0.7249 0.6679
vn 0.4064 -0.8918 0.1987
vn 0.5310 -0.8167 0.2257
vn 0.6089 -0.4804 -0.6312
vn 0.7973 0.1355 -0.5882
vn 0.8383 -0.0255 -0.5446
vn 0.7977 -0.1269 -0.5895
vn 0.4276 0.5672 -0.7039
vn 0.3585 0.5149 -0.7787
vn 0.0826 0.9078 -0.4113
vn -0.0240 0.8076 -0.5892
vn -0.2224 0.9740 -0.0427
vn -0.0083 0.9999 0.0103
vn 0.0015 0.9997 0.0240
vn -0.0424 0.9985 0.0335
vn 0.2576 0.5964 0.7602
vn 0.0027 0.9958 -0.0914
vn -0.0492 0.7442 -0.6662
vn 0.1421 0.7649 -0.6283
vn 0.1477 0.4451 -0.8832
vn 0.1500 0.4453 -0.8827
vn 0.2348 -0.0468 -0.9709
vn 0.2280 -0.0569 -0.9720
vn 0.0517 0.8511 -0.5224
vn -0.0628 0.8359 -0.5453
vn 0.0503 0.5380 -0.8414
vn 0.1715 0.5919 -0.7875
vn 0.5374 0.0121 -0.8432
vn 0.3812 -0.1902 -0.9047
vn -0.9595 -0.1293 0.2502
vn -0.8092 -0.5059 0.2987
vn -0.7676 -0.5068 0.3923
vn -0.2266 -0.7599 0.6093
vn -0.2292 -0.8144 0.5332
vn -0.3075 -0.8112 0.4974
vn -0.1426 -0.8695 0.4729
vn 0.2864 -0.8526 0.4370
vn 0.2211 -0.9372 0.2699
vn 0.4505 -0.8307 0.3272
vn 0.9639 -0.0000 -0.2663
vn 0.8928 -0.3239 -0.3130
vn 0.8665 0.0360 -0.4979
vn 0.8614 -0.0143 -0.5077
vn 0.4145 0.6859 -0.5981
vn 0.2769 0.5892 -0.7590
vn -0.0673 0.8482 -0.5254
vn 0.0310 0.9240 -0.3812
vn -0.0723 0.9858 -0.1517
vn -0.0893 0.9824 -0.1642
vn -0.2769 0.8782 0.3900
vn -0.2115 0.7384 0.6403
vn -0.0040 0.7728 0.6347
vn 0.1404 0.5820 0.8010
vn 0.0874 -0.4046 0.9103
vn 0.2339 -0.1758 0.9562
vn 0.2386 -0.3016 0.9231
vn -0.3518 -0.3914 0.8503
vn -0.4439 -0.1350 0.8858
vn -0.6635 -0.1135 0.7395
vn -0.5484 0.7454 0.3789
vn -0.5508 0.7588 0.3476
vn -0.0667 0.9633 -0.2600
vn -0.0439 0.9774 -0.2066
vn 0.3895 0.8110 -0.4366
vn 0.3899 0.8124 -0.4336
vn 0.2588 0.9316 -0.2553
vn 0.2731 0.9423 -0.1936
vn 0.6618 0.7216 -0.2032
vn 0.6148 0.7711 -0.1659
vn 0.9151 0.3968 -0.0716
vn 0.7874 0.6154 0.0344
vn 0.9717 0.1446 0.1869
vn 0.6908 0.4704 0.5491
vn 0.2498 0.8642 0.4368
vn 0.1588 0.8707 0.4656
vn 0.4505 0.8903 0.0662
vn 0.4259 0.9012 0.0807
vn 0.0324 0.4857 0.8735
vn -0.2650 0.3593 0.8948
vn -0.2385 0.4164 0.8774
vn 0.0092 0.4811 0.8766
vn -0.0570 0.4267 0.9026
vn 0.5988 -0.0797 0.7969
vn 0.8507 -0.1040 0.5153
vn 0.8062 0.1794 0.5639
vn 0.9840 -0.1443 0.1045
vn 0.7215 0.6352 0.2758
vn 0.6627 0.0188 0.7486
vn 0.5971 0.1696 0.7840
vn 0.4607 -0.0896 0.8830
vn 0.4600 -0.8285 0.3193
vn -0.0664 0.2270 0.9716
vn -0.1157 0.0959 0.9886
vn 0.5587 0.7614 0.3289
vn 0.6615 0.7202 0.2091
vn 0.5444 0.7203 0.4299
vn 0.6201 0.6586 0.4263
vn 0.6620 0.7377 0.1328
vn 0.4630 0.8769 0.1294
vn 0.5630 0.8261 0.0256
vn 0.6346 0.7586 -0.1476
vn 0.6200 0.6576 0.4281
vn 0.7488 0.6110 0.2567
vn -0.1938 0.9664 -0.1690
vn -0.2023 0.9574 -0.2061
vn 0.5808 -0.2374 0.7787
vn 0.5726 -0.1886 0.7979
vn 0.5763 -0.8167 0.0298
vn 0.2825 -0.8808 0.3800
vn 0.2550 -0.9061 0.3376
vn 0.7100 0.6951 0.1124
vn 0.8424 0.4646 -0.2730
vn 0.8630 0.4739 -0.1748
vn 0.2570 -0.8858 -0.3865
vn 0.3017 -0.8995 -0.3160
vn 0.0980 -0.9589 -0.2664
vn 0.0775 -0.9777 -0.1953
vn 0.2175 -0.9642 -0.1515
vn 0.1497 -0.9870 -0.0585
vn 0.1538 -0.9864 -0.0575
vn 0.1556 -0.9860 -0.0594
vn 0.2251 -0.9734 -0.0424
vn 0.1728 -0.9731 0.1525
vn 0.1446 -0.9788 0.1448
vn 0.1448 -0.9787 -0.1455
vn 0.1541 -0.9787 -0.1358
vn 0.1541 -0.9788 0.1349
vn 0.1560 -0.9785 0.1352
vn 0.1562 -0.9783 -0.1361
vn 0.1700 -0.9770 -0.1285
vn 0.2252 -0.9734 0.0421
vn -0.0028 -0.9954 0.0962
vn 0.1460 -0.9030 0.4040
vn -0.0411 -0.8949 0.4445
vn 0.0097 -0.7987 0.6016
vn 0.0066 -0.7980 0.6026
vn 0.0669 -0.7762 0.6270
vn 0.1689 -0.7945 0.5834
vn 0.2076 -0.7738 0.5985
vn 0.0276 -0.9824 0.1849
vn -0.0474 -0.9761 0.2123
vn -0.0887 -0.9938 0.0673
vn -0.1833 -0.9819 0.0475
vn -0.1832 -0.9820 -0.0468
vn -0.0087 -0.9864 0.1640
vn -0.0028 -0.9954 -0.0962
vn 0.1460 -0.9030 -0.4040
vn -0.0411 -0.8949 -0.4445
vn 0.0314 -0.9820 -0.1865
vn 0.2252 -0.9734 -0.0421
vn 0.1704 -0.9771 0.1274
vn 0.0835 -0.9914 0.1011
vn 0.0836 -0.9912 -0.1022
vn -0.0088 -0.9861 -0.1660
vn 0.0314 -0.9820 0.1865
vn -0.0685 -0.9614 0.2666
vn 0.0981 -0.8423 0.5301
vn 0.1541 -0.7933 0.5890
vn -0.0293 0.1077 -0.9938
vn -0.1762 0.0798 -0.9811
vn -0.0307 -0.1764 -0.9838
vn -0.0123 -0.1724 -0.9850
vn 0.1511 -0.3520 -0.9237
vn -0.1406 -0.3803 -0.9141
vn 0.1356 -0.4593 -0.8779
vn -0.0520 -0.5305 -0.8461
vn 0.0531 -0.6265 -0.7776
vn -0.0101 -0.6859 -0.7276
vn 0.0287 -0.6905 -0.7227
vn 0.0056 -0.7637 -0.6456
vn 0.2161 -0.7648 -0.6069
vn 0.1676 -0.8259 -0.5383
vn 0.2737 -0.3812 -0.8830
vn 0.3236 -0.5223 -0.7890
vn -0.1436 0.0917 -0.9854
vn -0.1255 0.0850 -0.9884
vn -0.1715 0.0656 -0.9830
vn -0.0473 0.0301 -0.9984
vn -0.6069 -0.0121 -0.7947
vn -0.4127 -0.3491 -0.8413
vn -0.4876 -0.3658 -0.7928
vn -0.2517 -0.6494 -0.7176
vn -0.0118 -0.4439 -0.8960
vn 0.1261 -0.5024 -0.8554
vn 0.1307 -0.5494 -0.8252
vn 0.0051 -0.7613 -0.6484
vn -0.0783 -0.7311 -0.6777
vn -0.0183 -0.6358 -0.7716
vn -0.1015 -0.5875 -0.8029
vn -0.2378 -0.5457 -0.8036
vn -0.0708 -0.5031 -0.8613
vn -0.2550 -0.2027 -0.9455
vn -0.0778 -0.1734 -0.9818
vn -0.0654 -0.1757 -0.9823
vn -0.0083 -0.1646 -0.9863
vn -0.0498 -0.0975 -0.9940
vn -0.0481 -0.0986 -0.9940
vn -0.0465 -0.0957 -0.9943
vn -0.2992 0.1590 -0.9408
vn -0.4618 0.0505 -0.8856
vn -0.4781 0.1602 -0.8636
vn -0.4516 0.1879 -0.8722
vn -0.4832 0.2987 -0.8230
vn -0.1412 0.3346 -0.9317
vn -0.2104 0.2066 -0.9555
vn -0.1179 0.2441 -0.9626
vn -0.0570 0.4267 -0.9026
vn 0.0092 0.4811 -0.8766
vn 0.6627 0.0187 -0.7486
vn 0.5972 0.1696 -0.7840
vn -0.5839 0.1738 -0.7930
vn -0.4591 0.2505 -0.8524
vn 0.8311 -0.5238 -0.1869
vn 0.2126 -0.8977 -0.3858
vn 0.5965 -0.8021 -0.0284
vn 0.9827 -0.0595 0.1751
vn 0.9856 -0.0753 -0.1515
vn 0.9902 -0.0500 -0.1301
vn 0.9828 -0.1182 0.1418
vn -0.8507 -0.4410 -0.2860
vn -0.8518 -0.4353 -0.2915
vn -0.9940 -0.1091 -0.0034
vn -0.9516 0.2988 -0.0721
vn -0.9255 0.3779 -0.0253
vn -0.8605 0.5094 0.0004
vn -0.8588 0.5115 0.0274
vn -0.7645 0.6441 0.0272
vn -0.4778 0.7599 0.4407
vn 0.0966 0.9066 0.4108
vn -0.2018 0.9229 0.3279
vn 0.8976 0.4345 -0.0738
vn 0.7042 0.7027 -0.1020
vn 0.8440 0.3633 -0.3945
vn 0.7153 0.5309 -0.4544
vn 0.0072 0.9580 0.2866
vn -0.5326 0.8450 0.0477
vn -0.7621 0.6130 0.2087
vn -0.8581 0.5135 -0.0021
vn -0.2029 0.9001 0.3855
vn -0.1250 0.9255 0.3575
vn -0.4611 0.8657 0.1949
vn -0.5074 0.8334 0.2189
vn -0.3669 0.9296 -0.0362
vn -0.8335 0.4994 -0.2366
vn -0.7388 0.5811 -0.3414
vn -0.9135 0.2259 -0.3383
vn -0.7928 0.3323 -0.5110
vn -0.8404 -0.3129 -0.4425
vn -0.8643 -0.3520 -0.3592
vn -0.5434 -0.7913 -0.2803
vn -0.8040 -0.5945 -0.0128
vn -0.7789 -0.6262 0.0352
vn -0.7775 -0.6247 0.0723
vn -0.8743 -0.4740 -0.1044
vn -0.9949 -0.0879 -0.0487
vn -0.9982 -0.0587 0.0121
vn -0.9131 0.3963 0.0956
vn -0.8918 0.4337 0.1285
vn -0.8960 0.4252 0.1281
vn -0.9196 0.3584 -0.1611
vn -0.8239 0.4477 -0.3475
vn -0.8063 0.4872 -0.3354
vn -0.9231 0.3210 -0.2117
vn -0.9716 -0.0331 -0.2341
vn -0.9718 -0.2328 -0.0381
vn 0.9967 0.0467 0.0665
vn 0.9693 0.0931 -0.2275
vn 0.9675 -0.0474 -0.2485
vn 0.9692 -0.0629 -0.2381
vn -0.8627 -0.4448 -0.2405
vn -0.9066 -0.1193 -0.4048
vn -0.9847 -0.1700 -0.0382
vn -0.9768 -0.2142 0.0095
vn 0.2776 0.0516 -0.9593
vn 0.4212 0.3947 -0.8166
vn 0.7868 0.0089 -0.6171
vn 0.7600 -0.2042 -0.6171
vn 0.9057 -0.0855 -0.4153
vn 0.9351 -0.2161 -0.2809
vn 0.9454 -0.0631 -0.3196
vn -0.9593 0.2555 0.1203
vn -0.9396 0.3116 0.1414
vn -0.9415 0.3021 0.1493
vn -0.7502 0.6027 0.2718
vn 0.7699 0.3824 -0.5110
vn 0.8610 0.4002 -0.3139
vn 0.8541 0.4423 -0.2738
vn -0.4850 0.8103 0.3289
vn -0.7631 0.6117 0.2088
vn -0.8834 0.3661 0.2927
vn 0.5591 0.7908 -0.2489
vn 0.3777 0.4641 -0.8012
vn -0.9190 0.3216 0.2282
vn -0.4556 0.2874 -0.8425
vn -0.1414 0.3385 -0.9303
vn 0.2943 0.0903 -0.9514
vn -0.4936 -0.2392 -0.8362
vn -0.1225 0.1121 -0.9861
vn -0.1200 0.1139 -0.9862
vn -0.5555 0.1809 -0.8116
vn -0.7232 0.0684 -0.6872
vn -0.1700 0.0518 -0.9841
vn -0.6709 -0.0630 -0.7388
vn -0.4419 0.0001 -0.8971
vn -0.3474 -0.2347 -0.9079
vn 0.2447 0.2553 -0.9354
vn 0.1720 0.0248 -0.9848
vn 0.3017 0.0365 -0.9527
vn 0.2942 0.0911 -0.9514
vn -0.1157 0.0959 -0.9886
vn -0.0664 0.2270 -0.9716
vn -0.2482 0.2544 -0.9347
vn -0.1429 0.3915 -0.9090
vn -0.1826 0.5686 -0.8020
vn 0.0324 0.4857 -0.8735
vn 0.2498 0.8642 -0.4368
vn 0.6908 0.4704 -0.5491
vn 0.6200 0.6576 -0.4281
vn 0.7488 0.6110 -0.2567
vn 0.5931 0.7862 -0.1738
vn 0.6127 0.7635 0.2044
vn 0.2731 0.9423 0.1936
vn 0.2278 0.8996 0.3726
vn -0.1938 0.9664 0.1690
vn -0.2023 0.9574 0.2061
vn -0.6652 0.7147 -0.2162
vn -0.5508 0.7588 -0.3476
vn -0.5484 0.7454 -0.3789
vn -0.3437 0.8215 -0.4551
vn -0.3726 0.8490 -0.3746
vn -0.2769 0.8782 -0.3900
vn -0.2115 0.7384 -0.6403
vn -0.0040 0.7728 -0.6347
vn 0.1404 0.5820 -0.8010
vn 0.1462 0.5829 -0.7993
vn 0.3474 -0.2304 -0.9090
vn 0.5808 -0.2374 -0.7787
vn 0.5726 -0.1886 -0.7979
vn 0.5763 -0.8167 -0.0298
vn 0.2825 -0.8808 -0.3800
vn 0.2550 -0.9061 -0.3376
vn 0.2646 -0.9042 -0.3353
vn 0.2356 -0.9719 0.0005
vn 0.1941 -0.9800 0.0440
vn 0.2188 -0.4361 0.8729
vn 0.0307 -0.2923 0.9558
vn 0.0041 -0.0968 0.9953
vn 0.0075 -0.0997 0.9950
vn -0.0200 0.6441 0.7647
vn 0.1477 0.4451 0.8832
vn 0.1421 0.7649 0.6283
vn 0.0517 0.8511 0.5224
vn -0.0083 0.9999 -0.0103
vn -0.1423 0.9896 0.0228
vn 0.0015 0.9997 -0.0240
vn 0.0124 0.9997 -0.0216
vn -0.0735 0.9961 0.0481
vn -0.0497 0.9969 0.0617
vn 0.2463 0.8046 -0.5403
vn -0.0492 0.7442 0.6662
vn -0.1685 0.8668 0.4693
vn -0.1618 0.8685 0.4686
vn -0.1758 0.4966 0.8500
vn -0.0701 0.0319 0.9970
vn -0.1140 0.0318 0.9930
vn -0.1826 -0.0508 0.9819
vn -0.1496 0.5038 0.8508
vn -0.2115 0.5719 0.7926
vn 0.3326 -0.3776 -0.8642
vn 0.2389 -0.2486 -0.9387
vn 0.2458 -0.4380 -0.8647
vn 0.0874 -0.4046 -0.9103
vn -0.1467 -0.0437 -0.9882
vn 0.0153 -0.0238 -0.9996
vn 0.0594 0.1182 -0.9912
vn 0.1001 0.1287 -0.9866
vn -0.2385 0.4164 -0.8774
vn -0.2650 0.3593 -0.8948
vn 0.4607 -0.0896 -0.8830
vn 0.4600 -0.8285 -0.3193
vn 0.9511 0.0957 -0.2936
vn 0.9997 -0.0006 -0.0232
vn 0.9639 -0.0000 0.2663
vn 0.8928 -0.3239 0.3130
vn 0.8412 -0.3680 0.3961
vn 0.8383 -0.0255 0.5446
vn 0.7977 -0.1269 0.5895
vn 0.3482 0.6420 0.6831
vn 0.3489 0.5073 0.7880
vn -0.0673 0.8482 0.5254
vn 0.0310 0.9240 0.3812
vn -0.0723 0.9858 0.1517
vn -0.1676 0.9608 0.2210
vn -0.0439 0.9855 0.1640
vn -0.1110 0.9592 0.2599
vn 0.2266 0.8138 0.5352
vn 0.2477 0.8515 0.4622
vn 0.5875 0.6208 0.5191
vn 0.6436 0.7174 0.2666
vn 0.9018 0.3758 0.2136
vn 0.9151 0.3968 0.0716
vn 0.7874 0.6154 -0.0344
vn 0.6608 0.7341 0.1562
vn 0.6613 0.7070 0.2508
vn 0.4066 0.8758 0.2601
vn 0.3895 0.8110 0.4366
vn -0.0439 0.9774 0.2066
vn -0.0667 0.9633 0.2600
vn 0.9730 0.2263 0.0459
vn 0.8665 0.0360 0.4979
vn 0.8614 -0.0143 0.5077
vn -0.4818 0.8040 -0.3485
vn -0.5828 0.7660 -0.2714
vn -0.5922 0.7068 -0.3869
vn -0.8509 0.4011 -0.3393
vn -0.6089 0.4493 -0.6537
vn -0.8221 0.0877 -0.5626
vn -0.3364 0.3584 -0.8709
vn -0.2384 0.0879 -0.9672
vn -0.2579 0.0807 -0.9628
vn -0.2078 0.2990 -0.9314
vn -0.1507 0.3151 -0.9370
vn -0.1650 0.2472 -0.9548
vn -0.0401 0.2745 -0.9608
vn -0.0285 0.3456 -0.9380
vn 0.1694 0.3831 -0.9081
vn 0.1839 0.4247 -0.8865
vn 0.3391 0.4295 -0.8370
vn -0.2318 0.0821 -0.9693
vn -0.3538 0.0363 -0.9346
vn 0.0600 -0.0463 -0.9971
vn -0.5714 -0.7431 -0.3483
vn -0.3544 0.0959 -0.9302
vn -0.8595 -0.3988 -0.3197
vn -0.7682 -0.4034 -0.4971
vn -0.8089 -0.4482 -0.3805
vn -0.8506 0.4187 -0.3180
vn -0.8514 0.4189 -0.3155
vn -0.5044 0.7926 -0.3425
vn -0.4787 0.7363 -0.4783
vn 0.1521 -0.5139 -0.8442
vn -0.0679 -0.2161 -0.9740
vn -0.1274 -0.6901 -0.7124
vn 0.0575 -0.6926 -0.7191
vn 0.0740 -0.8364 -0.5431
vn 0.7585 -0.6156 -0.2137
vn 0.7464 -0.5166 -0.4196
vn 0.8851 -0.4551 -0.0973
vn 0.8989 -0.4116 -0.1503
vn 0.8664 -0.4357 -0.2439
vn 0.8664 -0.4362 -0.2432
vn 0.7100 -0.5657 -0.4193
vn 0.7149 -0.6789 -0.1676
vn 0.9422 -0.1006 -0.3195
vn 0.8732 -0.2890 -0.3925
vn 0.8825 -0.4002 -0.2470
vn 0.9545 -0.2496 -0.1633
vn 0.9541 -0.2687 -0.1321
vn 0.3875 -0.7599 -0.5219
vn 0.3804 -0.7513 -0.5393
vn 0.3585 -0.7691 -0.5291
vn 0.3802 -0.6555 -0.6525
vn 0.3863 -0.6541 -0.6504
vn 0.3296 -0.3838 -0.8626
vn 0.8325 -0.0186 0.5537
vn 0.8977 0.1906 0.3973
vn 0.9629 -0.1549 -0.2208
vn 0.9640 -0.2535 -0.0807
vn 0.9446 -0.2826 -0.1670
vn 0.9415 -0.3207 -0.1033
vn 0.9564 -0.2885 -0.0459
vn 0.9637 -0.2414 -0.1139
vn -0.6340 0.6454 0.4260
vn -0.5845 0.6093 0.5359
vn -0.6479 0.5992 0.4703
vn -0.6089 0.4493 0.6537
vn -0.8509 0.4011 0.3393
vn -0.8506 0.4187 0.3180
vn -0.8514 0.4189 0.3155
vn -0.8089 -0.4482 0.3805
vn -0.7682 -0.4034 0.4971
vn -0.8595 -0.3988 0.3197
vn -0.3544 0.0959 0.9302
vn -0.8221 0.0877 0.5626
vn -0.8796 0.3857 0.2784
vn -0.5828 0.7660 0.2714
vn -0.5882 0.7410 0.3239
vn -0.3209 0.8721 0.3694
vn -0.3931 0.6877 0.6104
vn 0.0706 0.8166 0.5729
vn -0.3994 0.4309 0.8092
vn -0.9599 0.2405 0.1437
vn -0.7727 0.6305 0.0737
vn -0.7641 0.6386 0.0918
vn -0.7820 0.5994 0.1708
vn -0.9664 0.1365 0.2178
vn -0.7654 0.6386 -0.0795
vn -0.4886 0.7291 0.4792
vn -0.6562 0.5482 0.5186
vn -0.9281 0.3559 0.1094
vn -0.4536 0.8689 0.1983
vn -0.5223 0.6777 0.5176
vn -0.4787 0.7363 0.4783
vn -0.4970 0.7756 0.3891
vn -0.4931 0.7710 0.4029
vn -0.6702 0.7412 0.0388
vn -0.7277 0.6849 0.0379
vn -0.7276 0.6849 -0.0382
vn -0.9278 0.3563 -0.1102
vn -0.6562 0.5482 -0.5186
vn -0.3994 0.4309 -0.8092
vn -0.9599 0.2405 -0.1437
vn -0.9521 0.2390 -0.1908
vn -0.8968 0.2950 -0.3297
vn -0.8852 -0.0840 -0.4576
vn -0.8915 -0.0975 -0.4423
vn -0.6921 -0.1989 -0.6939
vn -0.8092 -0.5059 -0.2987
vn -0.7676 -0.5068 -0.3923
vn -0.7042 -0.3607 -0.6116
vn -0.8479 -0.1905 -0.4947
vn -0.6137 -0.0939 -0.7840
vn -0.5946 -0.1180 -0.7953
vn -0.2964 -0.0809 -0.9516
vn -0.1281 -0.6811 -0.7209
vn 0.3052 -0.7930 -0.5273
vn 0.3001 -0.9496 0.0909
vn 0.3235 -0.9414 0.0958
vn 0.2770 -0.0309 0.9604
vn 0.3250 -0.0177 0.9456
vn 0.2820 -0.2355 0.9301
vn 0.2254 -0.0491 0.9730
vn 0.2358 -0.0553 0.9702
vn 0.5374 0.0121 0.8432
vn 0.1715 0.5919 0.7875
vn 0.3585 0.5149 0.7787
vn 0.0826 0.9078 0.4113
vn -0.0240 0.8076 0.5892
vn -0.0628 0.8359 0.5453
vn 0.0503 0.5380 0.8414
vn 0.1500 0.4453 0.8827
vn 0.3812 -0.1902 0.9047
vn 0.3769 -0.1381 0.9159
vn 0.4310 -0.1098 0.8957
vn 0.5310 -0.8167 -0.2257
vn 0.2605 -0.9646 0.0417
vn 0.3206 -0.9421 0.0985
vn 0.2454 -0.9523 -0.1815
vn 0.0419 -0.9132 -0.4054
vn 0.0070 -0.4308 -0.9024
vn -0.1074 -0.2964 -0.9490
vn -0.1401 0.0956 -0.9855
vn -0.3806 0.0900 -0.9203
vn -0.2233 -0.1214 -0.9672
vn 0.2339 -0.1758 -0.9562
vn 0.2386 -0.3016 -0.9231
vn 0.1983 -0.2708 -0.9420
vn 0.3367 -0.9176 -0.2111
vn -0.3518 -0.3914 -0.8503
vn -0.4439 -0.1350 -0.8858
vn -0.6635 -0.1135 -0.7395
vn -0.6377 0.0052 -0.7703
vn -0.8316 -0.0379 -0.5540
vn -0.8305 -0.0701 -0.5526
vn -0.9515 -0.0398 -0.3052
vn -0.9595 -0.1293 -0.2502
vn -0.9662 -0.1425 -0.2148
vn -0.9279 0.1551 -0.3391
vn -0.9664 0.1365 -0.2178
vn -0.8211 0.5053 -0.2654
vn -0.8559 0.4848 -0.1799
vn -0.7386 0.6555 0.1578
vn -0.7060 0.7028 0.0867
vn -0.7746 0.6064 -0.1798
vn -0.7820 0.5994 -0.1708
vn -0.7641 0.6386 -0.0918
vn -0.7727 0.6305 -0.0737
vn -0.7654 0.6386 0.0795
vn -0.4886 0.7291 -0.4792
vn -0.4931 0.7710 -0.4029
vn -0.6700 0.7413 -0.0391
vn -0.6180 0.7860 -0.0158
vn -0.6180 0.7860 0.0156
vn -0.1787 0.9839 -0.0069
vn -0.1517 0.9876 -0.0415
vn -0.1459 0.9344 -0.3249
vn -0.3773 0.9044 0.1992
vn -0.3817 0.9191 0.0978
vn -0.3489 0.9370 -0.0164
vn -0.3377 0.9410 0.0227
vn -0.3236 0.9462 -0.0088
vn 0.0582 0.9983 -0.0012
vn 0.0028 0.9954 0.0962
vn -0.0325 0.9596 0.2797
vn 0.0726 0.9919 0.1041
vn 0.0859 0.9407 -0.3281
vn 0.6071 0.7259 -0.3232
vn 0.2932 0.9555 -0.0318
vn 0.2988 0.9383 0.1740
vn -0.5262 0.8465 0.0807
vn -0.5126 0.8128 0.2767
vn 0.4575 0.8892 0.0004
vn 0.5084 0.8511 -0.1308
vn 0.6346 0.7586 0.1476
vn 0.5444 0.7203 -0.4299
vn 0.6201 0.6586 -0.4263
vn 0.6620 0.7377 -0.1328
vn 0.0706 0.8166 -0.5729
vn -0.7943 0.5574 -0.2417
vn -0.6599 0.4927 -0.5672
vn -0.6513 0.5005 -0.5703
vn -0.6722 0.6140 -0.4137
vn -0.0934 0.8168 -0.5693
vn -0.1034 0.8497 -0.5171
vn 0.6264 0.6583 -0.4173
vn 0.3718 0.9179 0.1388
vn -0.3111 -0.7534 -0.5793
vn 0.0636 -0.5859 -0.8079
vn -0.1426 -0.8695 -0.4729
vn 0.2864 -0.8526 -0.4370
vn 0.2725 -0.8749 -0.4004
vn 0.2567 -0.8351 -0.4866
vn 0.3170 -0.5985 -0.7358
vn -0.2266 -0.7599 -0.6093
vn -0.2292 -0.8144 -0.5332
vn -0.3075 -0.8112 -0.4974
vn -0.2421 -0.7252 -0.6446
vn -0.1686 -0.7249 -0.6679
vn 0.4064 -0.8918 -0.1987
vn 0.3936 -0.9043 -0.1651
vn -0.4818 0.8040 0.3485
vn -0.1640 0.9652 0.2038
vn -0.0766 0.8756 0.4769
vn -0.6599 0.4927 0.5672
vn -0.7943 0.5574 0.2417
vn -0.9521 0.2390 0.1908
vn -0.8968 0.2950 0.3297
vn -0.8852 -0.0840 0.4576
vn -0.6513 0.5006 0.5703
vn -0.6722 0.6140 0.4137
vn -0.0934 0.8168 0.5693
vn -0.1034 0.8497 0.5171
vn 0.6264 0.6583 0.4173
vn 0.2358 0.9717 0.0153
vn 0.0748 0.9942 0.0770
vn 0.0471 0.9974 0.0547
vn -0.1238 0.9867 0.1056
vn -0.0818 0.9641 0.2525
vn -0.3492 0.6670 0.6582
vn -0.3683 0.7862 0.4962
vn -0.3920 0.8059 0.4437
vn -0.3911 0.9142 0.1060
vn -0.3769 0.9197 -0.1097
vn -0.4197 0.9023 -0.0983
vn -0.3952 0.9022 -0.1729
vn -0.5456 0.8219 -0.1636
vn -0.5202 0.8228 -0.2290
vn -0.5835 0.7807 -0.2237
vn -0.5517 0.7969 -0.2462
vn -0.5456 0.8219 0.1636
vn -0.4155 0.8932 0.1720
vn -0.3840 0.8195 -0.4253
vn -0.3897 0.8070 -0.4436
vn -0.3920 0.8059 -0.4437
vn -0.2518 0.6258 -0.7382
vn -0.4061 0.5767 -0.7089
vn -0.2451 0.2446 -0.9381
vn -0.3507 0.3048 -0.8855
vn -0.2939 0.3368 -0.8945
vn -0.5048 0.6010 -0.6197
vn -0.4976 0.6617 -0.5608
vn -0.5138 0.7347 -0.4430
vn -0.6340 0.6454 -0.4261
vn -0.6140 0.6312 -0.4739
vn -0.6423 0.5680 -0.5147
vn -0.5060 0.7276 -0.4633
vn -0.3683 0.7862 -0.4962
vn -0.2503 0.6285 -0.7365
vn -0.1172 0.3144 -0.9420
vn -0.1245 0.2583 -0.9580
vn -0.2255 0.9499 -0.2164
vn -0.2145 0.9037 0.3706
vn -0.2707 0.8917 0.3629
vn -0.2371 0.8761 0.4198
vn -0.2706 0.8453 0.4608
vn -0.2706 0.8453 -0.4608
vn -0.2707 0.8917 -0.3629
vn -0.2371 0.8761 -0.4198
vn -0.1776 0.6456 -0.7428
vn -0.1217 0.9168 -0.3804
vn -0.0629 0.7412 -0.6683
vn 0.0304 0.7577 -0.6519
vn 0.0256 0.6301 -0.7761
vn 0.2508 0.6714 -0.6973
vn 0.2173 0.6361 -0.7404
vn 0.2208 0.6365 -0.7390
vn 0.4789 0.5263 -0.7027
vn 0.2902 0.4569 -0.8408
vn 0.2219 0.5630 -0.7961
vn 0.0603 0.4876 -0.8710
vn 0.1662 0.3935 -0.9042
vn -0.0634 0.3477 -0.9355
vn -0.0789 0.2682 -0.9601
vn -0.1783 0.6440 -0.7439
vn 0.8917 -0.0730 -0.4468
vn 0.7064 -0.0368 -0.7068
vn 0.5778 0.1181 -0.8076
vn 0.5867 0.2959 -0.7538
vn 0.8050 0.2912 -0.5169
vn 0.8568 0.2313 -0.4608
vn -0.0894 0.9797 -0.1792
vn -0.0663 0.9765 -0.2049
vn -0.0931 0.8290 -0.5515
vn -0.1751 0.8878 -0.4257
vn 0.1571 0.8570 -0.4907
vn 0.0694 0.6883 -0.7221
vn -0.3228 0.9300 -0.1757
vn -0.1260 0.9627 -0.2393
vn -0.1276 0.9755 0.1793
vn -0.2823 0.9260 0.2508
vn -0.0856 0.8306 0.5502
vn 0.1983 0.9159 0.3489
vn 0.0694 0.6883 0.7221
vn -0.0894 0.9797 0.1792
vn -0.0663 0.9765 0.2049
vn -0.1469 0.9663 0.2113
vn -0.0424 0.6662 0.7446
vn -0.1783 0.6440 0.7439
vn -0.0789 0.2682 0.9601
vn -0.1245 0.2583 0.9580
vn -0.1507 0.3151 0.9370
vn -0.2078 0.2990 0.9314
vn -0.1704 0.2258 0.9592
vn -0.1879 0.2208 0.9571
vn -0.1392 0.0793 0.9871
vn -0.1715 0.0656 0.9830
vn -0.0473 0.0301 0.9984
vn -0.6069 -0.0121 0.7947
vn -0.4127 -0.3491 0.8413
vn -0.4876 -0.3658 0.7928
vn -0.3364 -0.5629 0.7549
vn -0.1928 -0.6045 0.7729
vn -0.0783 -0.7311 0.6777
vn 0.0051 -0.7613 0.6484
vn 0.0056 -0.7637 0.6456
vn 0.2161 -0.7648 0.6069
vn 0.2356 -0.5472 0.8031
vn 0.3735 -0.5306 0.7609
vn 0.1995 -0.7159 0.6691
vn 0.1777 -0.8257 0.5354
vn 0.1676 -0.8259 0.5383
vn 0.2737 -0.3812 0.8830
vn 0.3236 -0.5223 0.7890
vn 0.3509 -0.3420 0.8717
vn 0.2881 -0.1493 0.9459
vn 0.3479 -0.3430 0.8726
vn 0.3028 -0.0477 0.9519
vn 0.2494 -0.3625 0.8980
vn 0.2350 -0.3883 0.8911
vn 0.2134 -0.7828 0.5845
vn 0.1307 -0.5494 0.8252
vn 0.1261 -0.5024 0.8554
vn -0.0118 -0.4439 0.8960
vn -0.0498 -0.0975 0.9940
vn -0.0481 -0.0986 0.9940
vn -0.0465 -0.0957 0.9943
vn -0.2992 0.1590 0.9408
vn -0.4618 0.0505 0.8856
vn -0.4781 0.1602 0.8636
vn -0.4516 0.1879 0.8722
vn -0.4788 0.2819 0.8314
vn -0.4539 0.3037 0.8377
vn -0.4591 0.2505 0.8524
vn -0.0941 0.4147 0.9051
vn -0.4121 0.1140 0.9040
vn -0.1179 0.2441 0.9626
vn 0.2942 0.0911 0.9514
vn 0.3017 0.0365 0.9527
vn -0.1412 0.3346 0.9317
vn 0.1720 0.0248 0.9848
vn 0.2447 0.2553 0.9354
vn 0.2864 0.2187 0.9328
vn 0.2873 0.2245 0.9312
vn 0.1434 0.1083 0.9837
vn 0.1291 0.1286 0.9833
vn 0.0779 -0.0231 0.9967
vn 0.1375 -0.0550 0.9890
vn 0.1198 0.0841 0.9892
vn 0.2931 -0.0150 0.9560
vn 0.3445 -0.1429 0.9278
vn -0.3474 -0.2347 0.9079
vn -0.4419 0.0001 0.8971
vn -0.6709 -0.0630 0.7388
vn -0.7232 0.0684 0.6872
vn -0.2485 0.0553 0.9670
vn -0.1945 0.4180 0.8874
vn -0.9542 0.0085 0.2992
vn -0.4936 -0.2392 0.8362
vn -0.1019 -0.0789 0.9917
vn -0.1225 0.1121 0.9861
vn 0.2525 0.3509 0.9017
vn 0.2126 -0.8977 0.3858
vn 0.7755 -0.5811 -0.2466
vn 0.8789 -0.0830 0.4697
vn 0.9886 -0.0745 0.1310
vn 0.9873 -0.0440 0.1529
vn 0.9828 -0.1182 -0.1418
vn 0.9967 0.0467 -0.0665
vn 0.9846 0.1361 -0.1098
vn 0.9849 0.1549 0.0775
vn 0.9637 -0.2414 0.1139
vn 0.9544 -0.2606 0.1455
vn 0.8297 -0.4968 0.2546
vn 0.8210 -0.5557 0.1307
vn 0.1232 -0.6288 0.7678
vn 0.0431 -0.2334 0.9714
vn -0.0679 -0.2161 0.9740
vn 0.1521 -0.5139 0.8442
vn 0.8966 0.2399 -0.3724
vn 0.4367 -0.8814 0.1803
vn 0.8311 -0.5238 0.1869
vn 0.1450 -0.3876 0.9104
vn 0.7533 -0.6313 0.1844
vn 0.2213 0.6639 0.7143
vn 0.9376 0.2567 0.2345
vn 0.9526 0.2598 0.1586
vn 0.9428 -0.3093 -0.1241
vn 0.6729 0.6992 -0.2415
vn 0.8977 0.1906 -0.3973
vn 0.8325 -0.0186 -0.5537
vn 0.3296 -0.3838 0.8626
vn -0.1274 -0.6901 0.7124
vn 0.0575 -0.6926 0.7191
vn 0.3863 -0.6541 0.6504
vn 0.3802 -0.6555 0.6525
vn 0.0740 -0.8364 0.5431
vn 0.7585 -0.6156 0.2137
vn -0.8507 -0.4410 0.2860
vn -0.8743 -0.4740 0.1044
vn -0.7775 -0.6247 -0.0723
vn -0.7789 -0.6262 -0.0352
vn -0.8040 -0.5945 0.0128
vn -0.5555 0.1809 0.8116
vn -0.1200 0.1139 0.9862
vn -0.1779 0.1264 0.9759
vn -0.2394 0.1235 0.9630
vn 0.2262 -0.5656 0.7930
vn 0.0127 -0.5574 0.8301
vn -0.0187 -0.6369 0.7707
vn 0.0504 -0.6630 0.7469
vn 0.1911 -0.5832 0.7895
vn 0.1821 -0.5802 0.7939
vn 0.2859 -0.5452 0.7881
vn 0.1535 -0.3437 0.9264
vn 0.1589 -0.3428 0.9259
vn 0.0227 -0.1018 0.9945
vn 0.0750 -0.0970 0.9925
vn -0.0235 0.1216 0.9923
vn 0.0551 0.1282 0.9902
vn -0.0030 0.2750 0.9614
vn 0.2430 0.2978 0.9232
vn 0.1839 0.4247 0.8865
vn 0.3063 0.4295 0.8496
vn 0.2219 0.5630 0.7961
vn 0.0256 0.6301 0.7761
vn 0.0304 0.7577 0.6519
vn -0.0931 0.8290 0.5515
vn -0.0031 0.7526 0.6585
vn 0.0603 0.4876 0.8710
vn 0.1662 0.3935 0.9042
vn 0.1694 0.3831 0.9081
vn -0.0285 0.3456 0.9380
vn -0.0007 0.2794 0.9602
vn -0.1074 0.2611 0.9593
vn -0.0293 0.1077 0.9938
vn -0.1762 0.0798 0.9811
vn -0.0307 -0.1764 0.9838
vn -0.0123 -0.1724 0.9850
vn 0.1511 -0.3520 0.9237
vn -0.1406 -0.3803 0.9141
vn 0.1356 -0.4593 0.8779
vn -0.0520 -0.5305 0.8461
vn 0.0531 -0.6265 0.7776
vn -0.0101 -0.6859 0.7276
vn 0.0287 -0.6905 0.7227
vn -0.0183 -0.6358 0.7716
vn -0.1015 -0.5875 0.8029
vn -0.0708 -0.5031 0.8613
vn -0.2550 -0.2027 0.9455
vn -0.0778 -0.1734 0.9818
vn -0.0654 -0.1757 0.9823
vn -0.0083 -0.1646 0.9863
vn -0.1307 0.0964 0.9867
vn -0.2097 0.1441 0.9671
vn -0.1405 0.1758 0.9743
vn -0.1650 0.2472 0.9548
vn -0.0401 0.2745 0.9608
vn -0.0634 0.3477 0.9355
vn 0.2508 0.6714 0.6973
vn 0.2173 0.6361 0.7404
vn 0.4789 0.5263 0.7027
vn 0.4800 0.5155 0.7099
vn 0.5330 0.4853 0.6931
vn 0.5324 0.4813 0.6963
vn 0.4825 0.5136 0.7095
vn 0.4858 0.4563 0.7455
vn 0.5396 0.4132 0.7336
vn 0.5272 0.3502 0.7742
vn 0.5867 0.2959 0.7538
vn 0.5589 -0.0130 0.8291
vn 0.8815 -0.0707 0.4668
vn 0.3206 0.4695 0.8227
vn 0.3760 0.3412 0.8615
vn 0.2544 0.3167 0.9138
vn 0.3189 0.1580 0.9345
vn 0.0242 0.0729 0.9970
vn 0.0561 0.0111 0.9984
vn 0.1444 0.0314 0.9890
vn 0.2802 -0.1728 0.9442
vn 0.1875 -0.2011 0.9615
vn 0.4299 -0.4954 0.7549
vn 0.2870 -0.5393 0.7917
vn 0.4013 -0.8313 0.3846
vn 0.2570 -0.8858 0.3865
vn -0.1172 0.3144 0.9420
vn -0.2503 0.6285 0.7365
vn -0.1776 0.6456 0.7428
vn 0.0779 0.9733 -0.2158
vn 0.0355 0.8868 -0.4607
vn -0.0048 0.8892 -0.4575
vn 0.0097 0.8196 -0.5728
vn -0.1067 0.8085 -0.5788
vn -0.1084 0.7997 -0.5905
vn 0.0222 0.9195 -0.3924
vn -0.0260 0.8299 -0.5573
vn -0.0027 0.8319 -0.5549
vn -0.0030 0.8066 -0.5911
vn -0.0020 0.8058 -0.5922
vn 0.1520 0.8083 -0.5688
vn -0.0207 0.9615 -0.2740
vn -0.0009 0.9614 -0.2753
vn 0.0085 0.9535 -0.3014
vn 0.0235 0.9535 -0.3006
vn 0.0235 0.9535 0.3006
vn 0.0483 0.9665 0.2522
vn 0.0693 0.8755 0.4781
vn 0.0504 0.8495 0.5253
vn 0.0512 0.8946 0.4439
vn 0.0990 0.9339 0.3436
vn 0.1082 0.9009 0.4204
vn 0.1555 0.8978 0.4121
vn 0.1519 0.8936 0.4223
vn 0.1166 0.8998 0.4205
vn 0.2989 0.9207 0.2509
vn 0.1790 0.9561 0.2322
vn 0.3024 0.9368 0.1762
vn 0.1352 0.9809 0.1396
vn -0.0261 0.9569 0.2892
vn 0.0436 0.9462 0.3205
vn 0.0212 0.9431 0.3318
vn 0.0149 0.7451 0.6668
vn -0.2060 0.7568 0.6203
vn -0.0217 0.9502 0.3109
vn 0.3550 0.8260 0.4379
vn 0.2623 0.8383 0.4779
vn 0.4919 0.7098 0.5041
vn 0.0430 0.4275 0.9030
vn 0.1702 0.3590 0.9177
vn 0.2428 0.5121 0.8239
vn 0.1353 0.5600 0.8174
vn 0.1958 0.6629 0.7227
vn 0.1126 0.6753 0.7289
vn 0.1311 0.7093 0.6926
vn 0.0366 0.7111 0.7022
vn -0.0272 0.6561 0.7542
vn -0.1498 0.6400 0.7537
vn -0.1155 0.7115 0.6931
vn -0.0233 0.7197 0.6938
vn -0.0020 0.8058 0.5922
vn 0.0545 0.5930 0.8034
vn 0.0145 0.5321 0.8465
vn 0.0618 0.4619 0.8847
vn 0.0518 0.4298 0.9014
vn 0.0586 0.3959 0.9164
vn -0.0104 0.2834 0.9590
vn -0.0500 0.4133 0.9092
vn -0.1319 0.1842 0.9740
vn -0.1200 0.0842 0.9892
vn 0.3181 0.1562 0.9351
vn 0.3338 -0.1373 0.9326
vn 0.3602 -0.2187 0.9069
vn 0.3900 -0.0782 0.9175
vn 0.6847 -0.0934 0.7229
vn 0.5699 -0.4704 0.6738
vn 0.7663 -0.4682 0.4398
vn 0.7640 -0.4733 0.4385
vn 0.7939 -0.4702 0.3856
vn 0.7086 -0.1850 0.6809
vn 0.5715 -0.2003 0.7958
vn 0.6635 -0.3412 0.6658
vn 0.6639 -0.3413 0.6653
vn 0.7112 -0.2621 0.6523
vn 0.6211 -0.1465 0.7699
vn 0.5739 -0.2774 0.7705
vn 0.8519 -0.3825 0.3577
vn 0.6212 -0.1126 0.7755
vn 0.9406 -0.2453 0.2347
vn 0.8556 -0.3693 0.3628
vn 0.8491 -0.3680 0.3791
vn 0.9623 -0.0301 0.2703
vn 0.8825 0.0033 0.4703
vn 0.8647 -0.0356 0.5010
vn 0.7305 -0.0216 0.6826
vn -0.1332 0.5131 0.8480
vn -0.0905 0.5918 0.8010
vn -0.1132 0.4519 0.8849
vn 0.0418 0.4880 0.8718
vn 0.1413 0.6192 0.7724
vn 0.0612 0.6137 0.7871
vn 0.0478 0.5823 0.8116
vn 0.1316 0.6075 0.7833
vn 0.1932 0.4416 0.8762
vn 0.1273 0.4168 0.9000
vn 0.1487 0.4455 0.8829
vn -0.1032 0.4384 0.8928
vn -0.1037 0.4193 0.9019
vn 0.0021 0.2849 0.9585
vn 0.0076 0.1990 0.9800
vn 0.0183 0.2463 0.9690
vn 0.1494 0.2359 0.9602
vn 0.0053 0.6206 0.7841
vn 0.1187 0.7319 0.6710
vn 0.1051 0.7354 0.6695
vn 0.0472 0.6503 0.7582
vn 0.1336 0.6097 0.7813
vn -0.0146 0.5308 0.8474
vn 0.0902 0.7020 0.7064
vn 0.1038 0.6998 0.7068
vn 0.1622 0.2680 0.9497
vn 0.2538 0.3626 0.8967
vn 0.2024 0.6267 0.7525
vn 0.3623 0.6342 0.6830
vn 0.3807 0.2542 0.8891
vn 0.5277 0.2961 0.7961
vn 0.5266 0.2938 0.7978
vn 0.3132 0.3294 0.8907
vn 0.4365 0.4052 0.8033
vn 0.2994 0.4047 0.8640
vn 0.1453 0.8739 0.4638
vn 0.0735 0.8677 0.4917
vn 0.0633 0.8274 0.5580
vn -0.0075 0.8170 0.5766
vn -0.0059 0.8192 0.5735
vn -0.0961 0.8182 0.5668
vn -0.1084 0.7997 0.5905
vn -0.0030 0.8066 0.5911
vn -0.0027 0.8319 0.5549
vn 0.0360 0.8942 0.4461
vn 0.0343 0.8830 0.4681
vn 0.0455 0.9816 0.1855
vn 0.1038 0.9908 0.0866
vn 0.0884 0.9467 0.3097
vn 0.0823 0.9415 0.3267
vn 0.0789 0.9806 0.1794
vn 0.0361 0.9535 0.2992
vn 0.0361 0.9535 -0.2992
vn 0.0466 0.9529 -0.2996
vn 0.0789 0.9806 -0.1794
vn 0.1309 0.9737 -0.1865
vn 0.1309 0.9737 0.1865
vn 0.1102 0.9597 0.2584
vn 0.1016 0.9446 0.3120
vn 0.1905 0.9331 0.3051
vn 0.1905 0.9331 -0.3051
vn 0.0085 0.9535 0.3014
vn -0.0009 0.9614 0.2753
vn -0.0207 0.9615 0.2740
vn 0.0372 0.8993 0.4357
vn -0.1159 0.8930 0.4349
vn -0.1067 0.8085 0.5788
vn 0.0097 0.8196 0.5728
vn -0.0060 0.8226 0.5686
vn -0.0077 0.8225 0.5687
vn 0.0483 0.9665 -0.2522
vn 0.0380 0.9671 -0.2517
vn 0.0380 0.9671 0.2517
vn 0.0255 0.9623 0.2709
vn -0.0069 0.8499 0.5269
vn 0.1024 0.9541 0.2814
vn 0.1039 0.9328 0.3451
vn 0.1293 0.9459 0.2976
vn 0.0255 0.9623 -0.2709
vn 0.0974 0.9545 -0.2820
vn 0.0974 0.9545 0.2820
vn 0.1190 0.9622 0.2452
vn 0.1112 0.9389 0.3256
vn 0.0793 0.9427 0.3242
vn 0.0650 0.9394 0.3367
vn 0.0446 0.9419 0.3329
vn 0.0517 0.9458 0.3207
vn 0.0704 0.9942 0.0814
vn 0.1202 0.9749 0.1872
vn 0.1754 0.9660 0.1900
vn 0.0728 0.9695 0.2341
vn 0.1440 0.9572 0.2509
vn 0.0921 0.9526 0.2901
vn 0.0466 0.9529 0.2996
vn 0.0586 0.9598 0.2746
vn 0.0586 0.9598 -0.2746
vn 0.0804 0.9576 -0.2765
vn 0.0804 0.9576 0.2765
vn 0.1143 0.9630 0.2441
vn 0.1143 0.9630 -0.2441
vn 0.1190 0.9622 -0.2452
vn 0.2839 -0.0274 -0.9584
vn 0.3279 -0.3864 -0.8621
vn 0.4316 -0.1113 -0.8952
vn 0.4582 -0.3706 -0.8079
vn 0.4673 -0.3240 -0.8226
vn 0.4124 -0.3278 -0.8500
vn 0.3734 -0.1673 -0.9125
vn 0.3872 -0.1146 -0.9149
vn 0.3531 0.0820 -0.9320
vn 0.3231 -0.0261 -0.9460
vn 0.2486 0.0948 -0.9640
vn 0.2177 0.0443 -0.9750
vn 0.0490 -0.3231 -0.9451
vn 0.0354 -0.4255 -0.9042
vn -0.0054 0.9839 -0.1789
vn -0.0611 0.9818 -0.1799
vn -0.0611 0.9818 0.1799
vn -0.1922 0.7656 0.6140
vn 0.0110 0.8126 0.5827
vn 0.0313 0.8872 0.4604
vn -0.0091 0.9848 0.1735
vn -0.0054 0.9839 0.1789
vn -0.8536 -0.0434 0.5191
vn -0.8482 -0.1239 0.5149
vn -0.0945 -0.0944 0.9910
vn -0.1450 0.0366 0.9887
vn 0.0706 -0.1199 0.9903
vn 0.2407 -0.0981 0.9656
vn 0.4774 0.1267 0.8695
vn 0.3975 0.4850 0.7790
vn 0.7412 0.6341 0.2203
vn 0.8462 0.5027 0.1766
vn 0.7548 0.6451 -0.1186
vn 0.8037 0.5650 0.1867
vn 0.3220 -0.9235 0.2084
vn -0.1893 0.1895 0.9635
vn -0.0792 -0.0473 0.9957
vn 0.6010 0.2301 0.7654
vn 0.6059 0.1712 0.7769
vn 0.5141 0.3618 0.7777
vn -0.2137 0.1474 0.9657
vn 0.5222 0.1487 -0.8398
vn 0.7707 0.3782 -0.5128
vn 0.9451 0.1874 -0.2676
vn 0.9503 -0.0948 -0.2966
vn 0.8066 -0.3206 -0.4965
vn 0.5402 0.3242 -0.7766
vn 0.1419 -0.3351 -0.9314
vn 0.0531 -0.4095 -0.9108
vn 0.0811 -0.4723 -0.8777
vn 0.4173 0.4041 -0.8140
vn 0.4710 0.1482 -0.8696
vn 0.4400 -0.1120 -0.8910
vn 0.5682 0.2754 -0.7754
vn 0.5886 -0.5981 -0.5440
vn -0.0219 -0.3591 -0.9331
vn 0.1110 -0.2997 -0.9475
vn -0.0616 -0.1398 -0.9883
vn -0.4615 0.1137 -0.8798
vn -0.3254 0.5921 -0.7372
vn 0.5822 0.0737 -0.8097
vn 0.5498 -0.0778 -0.8317
vn 0.4119 -0.0958 -0.9062
vn 0.3529 -0.4595 -0.8151
vn -0.1678 -0.2158 -0.9619
vn -0.2327 0.0333 -0.9720
vn 0.0192 -0.1844 -0.9827
vn 0.0472 -0.3677 -0.9287
vn 0.1677 -0.0588 -0.9841
vn -0.0882 -0.0167 -0.9960
vn -0.1674 0.1156 -0.9791
vn 0.4695 -0.2471 -0.8477
vn -0.0231 0.0962 -0.9951
vn 0.0500 0.3548 -0.9336
vn -0.1370 -0.3355 -0.9320
vn 0.0598 -0.0689 -0.9958
vn 0.0857 -0.1211 -0.9889
vn 0.2367 -0.0807 -0.9682
vn 0.1108 -0.3878 -0.9150
vn 0.9248 -0.3025 -0.2307
vn 0.9440 -0.2828 -0.1698
vn 0.8024 0.0372 -0.5956
vn 0.3725 -0.2675 -0.8886
vn 0.7751 -0.4973 -0.3898
vn 0.9499 -0.0971 -0.2972
vn 0.9364 -0.0914 -0.3389
vn 0.9013 -0.2142 -0.3766
vn 0.5697 -0.0831 -0.8177
vn 0.7831 0.2065 -0.5867
vn 0.7381 0.2352 -0.6323
vn 0.7570 0.2102 -0.6187
vn 0.8634 0.2145 -0.4566
vn 0.6830 -0.3600 -0.6355
vn 0.6828 -0.3669 -0.6318
vn 0.7010 0.6814 -0.2106
vn 0.6506 0.7261 -0.2225
vn 0.6056 0.7887 -0.1059
vn 0.5694 0.8137 -0.1171
vn 0.4930 0.8686 -0.0497
vn 0.3914 0.9182 -0.0607
vn 0.5162 0.8457 -0.1354
vn 0.3857 0.7842 -0.4861
vn 0.3238 0.8049 -0.4972
vn 0.4044 0.6751 -0.6171
vn 0.4953 0.6075 -0.6210
vn 0.4274 0.5809 -0.6927
vn 0.5285 0.5071 -0.6808
vn 0.7210 0.6655 -0.1930
vn 0.8642 -0.3110 0.3955
vn 0.8602 -0.3211 0.3962
vn 0.9028 -0.4292 0.0257
vn 0.9100 -0.4134 0.0314
vn 0.9048 -0.2580 0.3388
vn 0.9017 -0.2571 -0.3476
vn 0.7174 -0.6076 -0.3409
vn 0.7647 -0.6299 -0.1360
vn 0.6745 -0.7339 -0.0807
vn 0.8755 -0.4659 0.1282
vn 0.8184 -0.5362 -0.2068
vn 0.8503 -0.4037 -0.3377
vn 0.8529 -0.4050 0.3296
vn 0.7360 -0.5961 0.3210
vn 0.7201 -0.6091 0.3323
vn 0.7647 -0.6299 0.1360
vn 0.6745 -0.7339 0.0807
vn 0.8755 -0.4659 -0.1282
vn 0.8197 -0.5357 0.2027
vn 0.7240 -0.6577 0.2080
vn 0.6780 -0.6879 0.2591
vn 0.4430 -0.8657 0.2331
vn 0.4425 -0.8641 -0.2397
vn 0.6768 -0.6863 -0.2663
vn 0.7246 -0.6557 -0.2121
vn 0.9100 -0.4134 -0.0314
vn 0.9028 -0.4292 -0.0257
vn 0.9880 -0.1294 0.0845
vn 0.9372 -0.3058 0.1677
vn 0.9238 -0.2357 -0.3018
vn 0.8608 -0.3097 -0.4038
vn 0.1755 -0.9842 -0.0233
vn 0.2492 -0.9598 -0.1291
vn 0.5454 -0.8342 0.0817
vn 0.2445 -0.5706 0.7840
vn -0.0474 -0.6255 0.7788
vn 0.0030 -0.4818 0.8763
vn 0.1232 -0.6288 -0.7678
vn 0.0431 -0.2334 -0.9714
vn 0.2392 0.9238 -0.2991
vn 0.8210 -0.5557 -0.1307
vn 0.9509 -0.2984 -0.0820
vn 0.9544 -0.2606 -0.1455
vn -0.0555 -0.0565 0.9969
vn 0.0519 0.0179 0.9985
vn 0.0676 -0.3576 0.9314
vn 0.2108 -0.3866 0.8978
vn 0.1678 -0.4070 0.8979
vn 0.1466 -0.0987 0.9843
vn 0.0791 -0.4092 0.9090
vn 0.1723 -0.6604 0.7309
vn -0.0404 -0.6678 0.7432
vn 0.0211 -0.9640 0.2652
vn 0.0356 -0.9624 0.2694
vn -0.4262 -0.8112 0.4003
vn -0.4531 -0.8059 0.3811
vn -0.3084 -0.9201 0.2415
vn 0.0338 -0.9782 0.2049
vn -0.3666 -0.9236 0.1119
vn -0.4581 -0.8766 0.1473
vn -0.2166 -0.4890 0.8450
vn -0.1519 -0.4965 0.8546
vn -0.2773 -0.5529 0.7857
vn -0.2487 -0.5578 0.7919
vn -0.4352 -0.6895 0.5790
vn 0.1518 -0.8282 0.5394
vn 0.0957 -0.9649 0.2445
vn -0.5484 -0.7440 0.3817
vn -0.4281 -0.5891 0.6853
vn -0.5347 -0.5532 0.6388
vn -0.4943 -0.4002 0.7717
vn -0.2275 -0.6127 0.7569
vn 0.1353 -0.5341 0.8345
vn 0.1478 -0.4931 0.8573
vn 0.1910 -0.9352 0.2983
vn 0.3048 -0.8897 0.3398
vn 0.2297 -0.9082 0.3498
vn 0.2684 -0.6662 0.6958
vn 0.2637 -0.6754 0.6887
vn 0.0439 -0.6920 0.7206
vn -0.0121 -0.6194 0.7850
vn -0.0159 -0.8913 0.4532
vn -0.1157 -0.9559 0.2698
vn -0.1123 -0.9845 0.1350
vn 0.2838 -0.9481 0.1435
vn 0.3065 -0.6681 0.6780
vn 0.3282 -0.5300 0.7819
vn 0.3228 -0.9042 0.2796
vn 0.4307 -0.6850 0.5875
vn 0.7503 -0.6265 -0.2113
vn 0.6767 -0.6756 -0.2926
vn 0.8120 -0.3256 -0.4844
vn 0.6448 -0.3935 -0.6553
vn 0.6555 -0.2991 -0.6934
vn 0.4599 -0.3679 -0.8082
vn 0.4469 -0.1089 -0.8879
vn 0.5247 -0.0510 -0.8498
vn 0.5221 -0.0310 -0.8523
vn 0.5867 0.0039 -0.8098
vn 0.5754 0.2496 -0.7788
vn 0.2494 0.1036 -0.9628
vn 0.3102 0.0182 -0.9505
vn 0.1446 -0.2702 -0.9519
vn -0.2137 0.1474 -0.9657
vn -0.1893 0.1895 -0.9635
vn -0.0792 -0.0473 -0.9957
vn -0.0945 -0.0944 -0.9910
vn -0.1450 0.0366 -0.9887
vn -0.7757 -0.5452 -0.3179
vn -0.2271 -0.9581 -0.1743
vn -0.2346 -0.9366 0.2604
vn -0.5016 -0.8649 -0.0181
vn -0.6663 -0.1268 0.7348
vn -0.2189 0.1115 0.9694
vn -0.2741 0.4092 0.8703
vn 0.0451 0.6159 0.7865
vn 0.2000 0.2130 0.9564
vn 0.6824 0.4558 0.5714
vn 0.3448 0.8564 0.3844
vn 0.0955 0.3693 0.9244
vn 0.1319 0.0773 0.9882
vn 0.8452 0.4367 0.3082
vn 0.8665 0.3836 0.3194
vn 0.8258 0.2757 -0.4919
vn 0.8457 0.2640 -0.4638
vn 0.6193 0.2279 -0.7514
vn 0.6473 0.1574 -0.7459
vn 0.5740 0.1712 -0.8008
vn 0.5132 0.3616 -0.7784
vn 0.5145 0.3612 -0.7777
vn 0.5840 0.2230 -0.7805
vn 0.6258 0.1901 -0.7564
vn 0.3975 0.4850 -0.7790
vn 0.7753 0.6279 -0.0689
vn 0.8747 0.4767 -0.0878
vn 0.8037 0.5650 -0.1867
vn 0.3220 -0.9235 -0.2084
vn 0.2523 -0.9661 0.0543
vn 0.0104 -0.9941 0.1077
vn -0.1199 0.0324 0.9923
vn -0.0063 -0.9954 0.0961
vn 0.0306 -0.9876 -0.1540
vn 0.0724 -0.9832 -0.1673
vn 0.2407 -0.0981 -0.9656
vn 0.4774 0.1267 -0.8695
vn 0.3407 0.1932 -0.9201
vn 0.4107 -0.9092 -0.0687
vn 0.0706 -0.1199 -0.9903
vn -0.1671 -0.9658 -0.1984
vn 0.8230 0.3248 -0.4660
vn 0.7688 0.3496 -0.5355
vn 0.6761 0.5399 -0.5013
vn 0.7805 0.5354 -0.3228
vn 0.8952 0.2767 -0.3495
vn 0.8880 0.3078 0.3417
vn 0.6879 0.6650 0.2909
vn 0.6874 0.6624 0.2977
vn 0.6125 0.7537 0.2382
vn 0.5774 0.7620 0.2932
vn 0.3853 0.5498 0.7411
vn 0.1546 0.4580 0.8754
vn 0.4838 -0.8214 0.3020
vn 0.8326 -0.2209 0.5080
vn 0.7548 0.6451 0.1186
vn 0.3912 0.4332 0.8120
vn 0.2873 0.5810 0.7615
vn 0.6719 0.6635 0.3291
vn 0.5941 0.7017 0.3932
vn 0.7537 0.3897 0.5293
vn 0.8332 0.3931 0.3889
vn 0.7004 0.6702 0.2453
vn 0.7017 0.6383 0.3165
vn 0.8443 0.4374 0.3095
vn 0.8267 0.5311 -0.1860
vn 0.8462 0.5027 -0.1766
vn 0.9105 0.0010 -0.4134
vn 0.9577 0.0399 -0.2849
vn 0.9006 0.0014 0.4347
vn 0.7504 0.0786 0.6563
vn -0.1135 -0.0317 0.9930
vn 0.1389 -0.0993 0.9853
vn 0.2336 -0.0885 0.9683
vn -0.3639 0.0012 0.9314
vn 0.4654 0.1982 0.8626
vn -0.3948 0.2387 0.8872
vn -0.3946 0.2617 0.8808
vn -0.9782 -0.0220 0.2064
vn -0.9744 -0.0615 0.2161
vn -0.9741 -0.0693 0.2152
vn -0.9853 0.1581 0.0647
vn -0.1376 -0.9849 0.1047
vn 0.3023 -0.4551 0.8375
vn -0.2686 -0.5532 0.7886
vn -0.3693 -0.1344 0.9195
vn -0.2327 -0.0786 0.9694
vn -0.3242 0.1278 0.9373
vn 0.3247 0.4425 0.8359
vn 0.1838 0.4475 0.8752
vn 0.3851 0.3890 0.8369
vn -0.1847 0.3057 0.9340
vn 0.0064 0.2581 0.9661
vn 0.8149 0.4267 0.3923
vn 0.0250 0.1075 0.9939
vn 0.2542 0.2200 0.9418
vn 0.0397 0.7147 0.6983
vn -0.3781 0.3993 0.8352
vn -0.3279 0.2830 0.9013
vn -0.6196 0.0932 0.7794
vn -0.5989 0.1510 0.7864
vn -0.9667 -0.1532 0.2051
vn -0.7976 -0.5289 0.2900
vn -0.7197 -0.6021 -0.3457
vn -0.8538 -0.1237 -0.5058
vn -0.8460 -0.1446 -0.5133
vn -0.8126 -0.3139 -0.4911
vn -0.9714 -0.1961 0.1335
vn -0.4035 -0.8463 0.3478
vn -0.7188 0.0239 -0.6948
vn -0.0311 -0.9201 -0.3905
vn 0.1242 -0.2759 -0.9531
vn -0.4265 0.1653 -0.8893
vn -0.3971 0.0403 -0.9169
vn -0.8823 -0.1061 -0.4585
vn -0.8405 -0.2090 -0.4999
vn -0.8978 -0.0072 0.4403
vn -0.8943 -0.1327 0.4274
vn -0.4312 -0.0514 0.9008
vn -0.4295 -0.0991 0.8976
vn -0.4984 -0.1123 0.8596
vn -0.4969 -0.0993 0.8621
vn -0.1937 -0.0780 0.9780
vn -0.6661 0.0070 0.7458
vn -0.5078 0.0382 0.8606
vn -0.5059 -0.0695 0.8598
vn -0.9581 -0.2516 0.1368
vn -0.9295 -0.1481 0.3378
vn -0.4163 -0.1466 -0.8973
vn -0.3905 -0.2118 -0.8959
vn -0.0778 -0.1663 -0.9830
vn -0.1100 -0.1567 -0.9815
vn -0.0302 -0.1593 -0.9868
vn -0.0729 0.0097 -0.9973
vn -0.1221 0.0204 -0.9923
vn -0.0977 0.1519 -0.9836
vn -0.2702 0.1339 -0.9535
vn -0.2269 -0.0660 -0.9717
vn -0.0932 0.0043 -0.9956
vn -0.4904 -0.0561 -0.8697
vn -0.4382 -0.2407 -0.8661
vn 0.1031 -0.0888 -0.9907
vn 0.1029 -0.2796 -0.9546
vn -0.0115 -0.3385 -0.9409
vn 0.0105 -0.2061 -0.9785
vn -0.0269 -0.2165 -0.9759
vn -0.0817 -0.2897 -0.9536
vn 0.3741 -0.3887 -0.8420
vn 0.1654 -0.4502 -0.8775
vn 0.3991 -0.3242 -0.8577
vn 0.4430 -0.3112 -0.8408
vn -0.0594 -0.3330 -0.9410
vn -0.2005 -0.2712 -0.9414
vn -0.0846 -0.2953 -0.9517
vn -0.1741 -0.2547 -0.9512
vn -0.1470 -0.1816 -0.9723
vn -0.0183 -0.2991 -0.9540
vn -0.0063 -0.2110 -0.9775
vn -0.5010 -0.0327 -0.8648
vn -0.5501 -0.1654 -0.8186
vn -0.8305 -0.2229 -0.5105
vn -0.9939 -0.0938 0.0577
vn -0.9848 -0.1074 0.1361
vn -0.4731 0.0227 0.8807
vn -0.2826 -0.9238 -0.2583
vn -0.9492 0.0344 -0.3127
vn -0.8451 0.2612 -0.4664
vn -0.8459 -0.0437 -0.5316
vn -0.9801 -0.0185 0.1976
vn -0.9800 -0.0194 0.1978
vn -0.5776 0.2687 0.7708
vn -0.5813 0.0004 0.8137
vn -0.3663 0.0353 0.9298
vn -0.4051 0.0133 0.9142
vn -0.3568 -0.1839 0.9159
vn -0.1679 -0.1598 0.9728
vn -0.1573 -0.0927 0.9832
vn 0.1951 -0.1659 0.9667
vn 0.1354 0.0461 0.9897
vn 0.1074 0.0360 0.9936
vn 0.1418 -0.1753 0.9742
vn 0.1073 -0.1985 0.9742
vn 0.1085 -0.1057 0.9885
vn 0.6176 -0.1699 0.7679
vn -0.9950 -0.0535 0.0847
vn -0.9720 -0.1952 0.1309
vn -0.7174 0.2621 0.6454
vn -0.7849 0.0957 0.6123
vn -0.2758 0.4041 0.8722
vn -0.1455 -0.0756 0.9865
vn -0.9182 -0.3938 0.0435
vn -0.7078 -0.0215 0.7061
vn -0.6199 0.1873 0.7620
vn -0.2446 0.4045 0.8812
vn -0.2119 0.2531 0.9439
vn -0.0067 0.3680 0.9298
vn 0.0133 0.7168 0.6972
vn -0.0125 0.2030 0.9791
vn 0.0760 -0.2320 0.9697
vn 0.0036 -0.1569 0.9876
vn 0.1791 0.0385 0.9831
vn 0.9478 -0.1009 -0.3023
vn 0.9775 -0.0554 -0.2037
vn 0.7835 -0.0604 0.6185
vn 0.6409 0.0084 0.7675
vn 0.9504 -0.2942 -0.1006
vn 0.9768 -0.2138 -0.0133
vn 0.6214 -0.1295 0.7727
vn 0.7155 -0.2223 0.6623
vn 0.9168 -0.2757 0.2889
vn 0.8646 -0.3878 0.3195
vn 0.8540 -0.3907 0.3437
vn -0.8934 0.1956 0.4046
vn -0.8885 0.1940 0.4159
vn -0.8462 0.2270 0.4821
vn -0.6972 0.2046 0.6870
vn -0.9734 -0.2288 0.0069
vn -0.9731 -0.2302 0.0113
vn -0.9016 -0.1876 0.3899
vn -0.9065 -0.1798 0.3821
vn -0.6664 -0.0852 0.7407
vn -0.6729 -0.0588 0.7374
vn -0.6672 -0.0632 0.7421
vn -0.6606 -0.1168 0.7416
vn -0.6387 -0.1226 0.7596
vn -0.6376 -0.1387 0.7578
vn -0.1543 -0.2836 0.9465
vn -0.0598 -0.1937 0.9792
vn -0.0732 -0.1591 0.9845
vn -0.5785 -0.0818 0.8116
vn -0.5816 -0.0668 0.8107
vn -0.1246 -0.2107 0.9696
vn -0.2081 0.0044 0.9781
vn -0.5231 -0.0035 0.8522
vn -0.5244 0.0580 0.8495
vn -0.4850 0.0415 0.8735
vn -0.4860 0.0469 0.8727
vn -0.4828 0.0450 0.8746
vn -0.4970 0.1491 0.8549
vn -0.4881 0.1440 0.8608
vn -0.4851 0.1318 0.8645
vn -0.4921 0.1336 0.8602
vn -0.4901 0.1035 0.8655
vn -0.6372 0.1562 0.7547
vn -0.6193 0.0051 0.7852
vn -0.6065 -0.0380 0.7942
vn -0.6132 -0.0336 0.7892
vn -0.6183 0.0831 0.7816
vn -0.5746 0.0488 0.8170
vn -0.5667 0.1083 0.8168
vn -0.6839 0.1602 0.7118
vn -0.6842 0.1336 0.7169
vn -0.6247 0.1009 0.7744
vn -0.9720 -0.1424 0.1868
vn -0.9744 -0.1269 0.1853
vn -0.9688 -0.1372 0.2063
vn -0.9713 -0.1198 0.2057
vn -0.9269 -0.2120 0.3097
vn -0.9470 -0.0892 0.3086
vn -0.9087 -0.1475 0.3906
vn -0.9747 -0.2233 0.0084
vn -0.9769 -0.2120 -0.0273
vn -0.8748 0.0677 0.4797
vn -0.9120 0.0675 0.4046
vn -0.9562 0.1389 0.2575
vn -0.9794 0.0084 0.2019
vn -0.9772 -0.2103 -0.0273
vn -0.9697 -0.1396 -0.2006
vn -0.2644 0.1210 0.9568
vn -0.2160 -0.0101 0.9763
vn -0.6181 -0.1237 0.7763
vn -0.6090 -0.1264 0.7831
vn -0.5599 -0.0031 0.8285
vn -0.9760 0.2135 0.0420
vn -0.7030 0.1351 0.6982
vn -0.3796 0.1472 0.9134
vn -0.9520 -0.3051 -0.0255
vn -0.9016 -0.2421 0.3585
vn -0.9506 -0.1783 0.2540
vn -0.9736 -0.0256 0.2267
vn -0.6715 -0.1224 0.7308
vn -0.6685 -0.0407 0.7426
vn -0.3910 0.0107 0.9203
vn -0.4633 0.0366 0.8854
vn -0.9882 -0.1406 0.0605
vn -0.9781 0.1651 0.1268
vn -0.9914 0.1272 0.0322
vn -0.4420 -0.0881 0.8927
vn -0.4278 0.2574 0.8664
vn -0.4197 0.0387 0.9068
vn -0.4282 0.0392 0.9028
vn -0.3276 -0.1917 0.9252
vn -0.6123 -0.2026 0.7642
vn -0.6118 -0.2105 0.7625
vn -0.6012 -0.2157 0.7694
vn -0.6056 -0.1879 0.7732
vn -0.6462 -0.1703 0.7440
vn -0.6487 -0.2223 0.7279
vn -0.6970 -0.1944 0.6902
vn -0.7002 -0.1627 0.6952
vn -0.9882 -0.1304 0.0806
vn -0.8089 -0.5146 0.2844
vn -0.0138 0.2030 0.9791
vn 0.0837 -0.2318 0.9691
vn 0.0040 -0.1569 0.9876
vn 0.1967 0.0383 0.9797
vn 0.3300 -0.4507 0.8294
vn -0.1513 -0.9829 0.1045
vn -0.4371 -0.8319 0.3418
vn -0.3088 -0.9160 -0.2561
vn -0.0342 -0.9200 -0.3904
vn 0.1366 -0.2755 -0.9516
vn 0.1590 -0.2696 -0.9498
vn 0.3384 0.0181 -0.9408
vn 0.6213 0.1251 -0.7736
vn 0.6662 0.1947 -0.7199
vn 0.8475 0.3035 -0.4355
vn 0.8500 0.2575 -0.4595
vn 0.7981 0.3293 -0.5045
vn 0.7111 0.5153 -0.4784
vn 0.5515 0.3514 -0.7565
vn 0.6213 0.2152 -0.7535
vn -0.0872 -0.0473 -0.9951
vn 0.5502 0.3518 -0.7573
vn -0.2343 0.1467 -0.9610
vn -0.2079 0.1888 -0.9598
vn -0.7516 0.0227 -0.6592
vn -0.8381 -0.2938 -0.4596
vn -0.9763 -0.1789 0.1217
vn 0.8089 0.5036 -0.3035
vn 0.9113 0.2556 -0.3228
vn 0.8683 0.4680 -0.1644
vn 0.8508 0.4959 -0.1737
vn 0.8041 0.5909 -0.0648
vn 0.8934 0.4418 -0.0814
vn 0.3709 0.1908 -0.9089
vn 0.4447 -0.8932 -0.0675
vn 0.0798 -0.9827 -0.1672
vn 0.2636 -0.0974 -0.9597
vn 0.5138 0.1237 -0.8490
vn 0.4308 0.4770 -0.7661
vn 0.6624 0.1826 -0.7265
vn 0.9050 0.2847 0.3160
vn 0.7223 0.6336 0.2771
vn -0.9878 0.1439 0.0589
vn -0.9785 -0.0632 0.1961
vn -0.9576 0.0315 -0.2863
vn -0.8673 0.2433 -0.4343
vn -0.4611 0.1622 -0.8724
vn -0.4304 0.0396 -0.9017
vn -0.2954 0.1329 -0.9461
vn -0.2432 -0.0859 -0.9662
vn -0.4530 -0.1511 -0.8786
vn -0.4676 -0.2047 -0.8599
vn 0.4467 -0.0027 -0.8947
vn 0.3475 -0.0994 -0.9324
vn -0.9788 -0.0560 0.1970
vn -0.9822 -0.0165 0.1872
vn -0.8680 -0.0407 -0.4950
vn -0.9001 -0.0982 -0.4244
vn -0.9832 -0.0225 0.1810
vn -0.9629 -0.1728 0.2072
vn -0.8946 -0.1149 -0.4319
vn -0.9399 -0.2096 -0.2696
vn -0.6685 -0.0338 -0.7430
vn -0.6204 -0.1871 -0.7617
vn -0.6875 -0.2888 -0.6663
vn -0.7120 -0.2230 -0.6658
vn -0.6838 -0.1745 -0.7085
vn -0.6873 -0.1486 -0.7110
vn -0.6392 -0.0947 -0.7632
vn -0.4661 -0.3648 -0.8060
vn -0.4751 -0.3750 -0.7960
vn -0.9936 -0.0499 0.1016
vn -0.9475 -0.1873 0.2592
vn -0.9599 -0.1123 0.2567
vn -0.9543 -0.2475 -0.1676
vn -0.9417 -0.2901 -0.1706
vn -0.9417 -0.2895 -0.1717
vn -0.9470 -0.2716 -0.1713
vn -0.9348 -0.2222 -0.2771
vn -0.8368 -0.3034 0.4558
vn -0.8912 -0.0825 0.4460
vn -0.4507 -0.2082 -0.8680
vn -0.4650 -0.1053 -0.8791
vn 0.3004 0.0110 -0.9537
vn 0.2097 -0.1699 -0.9629
vn 0.1952 -0.1068 -0.9749
vn -0.0273 0.0645 -0.9975
vn -0.1141 -0.2604 -0.9587
vn 0.0404 -0.5636 -0.8251
vn -0.1153 -0.5825 -0.8046
vn -0.0003 -0.4370 -0.8994
vn -0.1591 0.0612 -0.9854
vn -0.4315 -0.0692 -0.8994
vn -0.2937 -0.5490 0.7825
vn -0.4011 -0.1325 0.9064
vn 0.1700 0.4569 0.8731
vn 0.4181 0.5412 0.7296
vn 0.6147 0.7361 0.2833
vn 0.6494 0.7251 0.2292
vn 0.7219 0.6312 0.2836
vn 0.7853 0.6090 0.1120
vn 0.8561 -0.2061 0.4739
vn 0.5203 -0.8015 0.2947
vn 0.2761 -0.9596 0.0539
vn 0.3510 -0.9134 -0.2061
vn 0.8300 0.5295 -0.1750
vn 0.2731 0.1029 -0.9565
vn -0.1076 0.1517 -0.9825
vn -0.1654 -0.1498 -0.9748
vn 0.6212 -0.0540 -0.7818
vn 0.6161 0.2124 -0.7585
vn 0.8678 0.2458 -0.4319
vn -0.3458 -0.1992 0.9169
vn -0.2006 -0.1881 0.9614
vn -0.1658 -0.0909 0.9820
vn -0.2228 -0.1177 0.9677
vn -0.2228 -0.1093 0.9687
vn -0.1481 -0.0792 0.9858
vn -0.0285 -0.2988 0.9539
vn -0.0694 -0.3550 0.9323
vn -0.0970 -0.2980 0.9496
vn 0.3205 -0.3100 0.8951
vn 0.1997 -0.2031 0.9586
vn 0.7279 -0.1221 0.6747
vn 0.7308 -0.0233 0.6822
vn 0.0967 -0.1527 0.9835
vn 0.0223 -0.1815 0.9831
vn -0.0134 -0.0722 0.9973
vn 0.2079 -0.0033 0.9781
vn 0.6974 -0.0413 0.7155
vn 0.7107 -0.1881 0.6778
vn -0.3448 -0.2045 0.9161
vn -0.1012 -0.0955 0.9903
vn -0.1039 -0.1103 0.9884
vn -0.1117 -0.1077 0.9879
vn -0.0800 -0.3171 0.9450
vn -0.3362 -0.1990 0.9205
vn -0.3260 -0.3334 0.8846
vn -0.3868 -0.2995 0.8722
vn -0.3518 -0.1473 0.9244
vn -0.6569 -0.1600 0.7369
vn -0.6065 -0.3178 0.7288
vn -0.8069 -0.2214 0.5477
vn -0.8308 -0.2509 0.4969
vn -0.8193 -0.3285 0.4699
vn -0.8779 -0.3024 0.3713
vn -0.8530 -0.3863 0.3509
vn -0.3720 -0.4761 0.7969
vn -0.4289 -0.6505 0.6268
vn -0.8728 -0.2638 0.4107
vn 0.2932 -0.0820 0.9525
vn 0.4016 -0.2668 0.8761
vn 0.3895 -0.2725 0.8798
vn 0.4597 -0.4026 0.7916
vn 0.4839 -0.4225 0.7664
vn 0.5063 -0.4800 0.7164
vn 0.3886 -0.3776 0.8405
vn 0.4158 -0.4292 0.8018
vn 0.5265 -0.3576 0.7713
vn 0.5229 -0.3563 0.7744
vn 0.5468 -0.3135 0.7763
vn 0.5036 -0.2797 0.8174
vn 0.5153 -0.2700 0.8134
vn 0.4649 -0.2203 0.8575
vn 0.5617 -0.1921 0.8047
vn 0.6440 -0.3567 0.6768
vn 0.5125 -0.2525 0.8207
vn 0.5690 -0.3046 0.7638
vn 0.5509 -0.3220 0.7699
vn 0.4328 -0.3146 0.8448
vn 0.4831 -0.4229 0.7667
vn 0.4105 -0.2971 0.8621
vn 0.4718 -0.2631 0.8416
vn 0.4544 -0.3589 0.8153
vn 0.5094 -0.3354 0.7925
vn 0.4940 -0.3734 0.7852
vn 0.6584 -0.2947 0.6926
vn 0.4510 -0.2863 0.8454
vn 0.4701 -0.2791 0.8373
vn 0.4744 -0.3946 0.7869
vn 0.4782 -0.3930 0.7854
vn 0.4774 -0.3904 0.7872
vn 0.5303 -0.4648 0.7090
vn 0.4838 -0.3251 0.8126
vn 0.3686 0.2340 0.8997
vn 0.5190 0.2782 0.8082
vn 0.7021 0.4373 0.5619
vn 0.5265 0.4032 0.7484
vn 0.6484 0.4496 0.6144
vn 0.6630 0.4490 0.5990
vn 0.8063 0.4576 0.3747
vn 0.6563 0.4811 0.5812
vn 0.4972 0.4549 0.7388
vn 0.4623 0.4403 0.7697
vn 0.3705 0.2505 0.8944
vn 0.7654 0.2981 0.5703
vn 0.5982 0.1334 0.7902
vn 0.9185 0.2279 0.3231
vn 0.9247 0.2002 0.3237
vn 0.9259 0.2063 0.3163
vn 0.9464 -0.0016 0.3231
vn 0.9344 -0.0368 0.3544
vn 0.9097 -0.2422 0.3373
vn 0.5294 -0.1380 0.8371
vn 0.5031 -0.0039 0.8642
vn 0.8920 -0.0510 0.4492
vn 0.8413 0.2862 0.4586
vn 0.8054 0.2433 0.5405
vn 0.8018 0.3444 0.4884
vn 0.8400 0.3552 0.4101
vn 0.6405 0.3582 0.6793
vn 0.3645 0.2440 0.8987
vn 0.2164 0.2092 0.9536
vn 0.3534 -0.0692 0.9329
vn 0.3777 -0.0148 0.9258
vn 0.3459 0.1240 0.9300
vn 0.5345 0.2109 0.8184
vn 0.4786 0.1234 0.8693
vn 0.5202 0.0184 0.8539
vn 0.4264 0.0054 0.9045
vn 0.4261 0.0046 0.9047
vn 0.6969 -0.6368 0.3298
vn 0.3465 -0.4162 0.8407
vn 0.6395 -0.0101 0.7688
vn 0.9691 -0.2258 0.0993
vn 0.8009 -0.4768 0.3622
vn 0.1178 0.0408 0.9922
vn -0.4799 0.0151 0.8772
vn 0.1394 0.1192 0.9830
vn -0.0530 0.1401 0.9887
vn -0.0269 0.2665 0.9635
vn -0.3803 0.3337 0.8626
vn -0.1873 0.1333 0.9732
vn -0.2979 0.0801 0.9512
vn -0.2741 0.0101 0.9617
vn -0.1303 0.1007 0.9864
vn -0.1545 0.1225 0.9804
vn -0.1198 0.1360 0.9834
vn 0.2115 -0.0887 0.9733
vn -0.2975 -0.9379 0.1786
vn 0.4768 -0.8449 0.2424
vn 0.0214 -0.7850 -0.6191
vn -0.0120 -0.7244 -0.6892
vn -0.3769 -0.4875 -0.7876
vn -0.3767 -0.4886 -0.7870
vn -0.8390 -0.0215 -0.5437
vn -0.3856 0.1863 -0.9036
vn -0.9804 0.1483 -0.1297
vn -0.9179 0.3810 -0.1105
vn -0.7486 0.3239 0.5785
vn -0.7162 0.3646 0.5951
vn -0.3806 0.2984 0.8753
vn -0.5685 0.1657 0.8058
vn 0.2748 0.0012 0.9615
vn -0.2095 0.0202 0.9776
vn -0.2048 0.0192 0.9786
vn 0.2092 -0.0142 0.9778
vn -0.4354 0.1368 0.8898
vn 0.1136 0.0783 0.9904
vn 0.6242 0.0899 0.7760
vn 0.7764 0.0566 0.6277
vn 0.9426 0.1122 0.3146
vn 0.5571 0.0859 -0.8260
vn 0.5562 0.0761 -0.8275
vn 0.9187 -0.0587 0.3906
vn 0.6934 -0.3563 0.6262
vn 0.6904 -0.3542 0.6309
vn 0.4329 -0.2695 0.8602
vn 0.2949 -0.0350 0.9549
vn 0.0460 -0.0023 0.9989
vn 0.1127 -0.0616 0.9917
vn 0.0578 0.0145 0.9982
vn 0.2702 -0.2589 0.9273
vn 0.3919 -0.3230 0.8614
vn 0.4262 -0.4146 0.8040
vn 0.6965 -0.4317 0.5732
vn 0.2582 -0.0983 0.9611
vn 0.5513 -0.3311 0.7658
vn 0.5045 -0.3090 0.8062
vn 0.5001 -0.7582 0.4184
vn 0.6666 -0.6889 -0.2847
vn 0.0417 -0.6964 -0.7165
vn -0.0479 -0.5010 -0.8641
vn -0.0883 -0.4802 -0.8727
vn -0.1629 -0.1092 -0.9806
vn -0.7787 0.1127 -0.6172
vn -0.6724 0.2517 -0.6961
vn -0.8396 0.4402 -0.3182
vn -0.8784 0.3436 -0.3323
vn -0.7125 0.3621 0.6010
vn -0.7454 0.2339 0.6243
vn -0.6159 0.1466 0.7741
vn -0.6257 -0.0151 0.7799
vn -0.7572 -0.0207 0.6529
vn -0.2119 -0.0812 0.9739
vn -0.1277 0.1768 0.9759
vn 0.0275 0.1294 0.9912
vn 0.0078 0.1643 0.9864
vn -0.5154 0.2586 0.8170
vn -0.4398 0.1531 0.8850
vn -0.5374 0.1445 0.8309
vn -0.6268 0.3773 0.6818
vn -0.9227 0.2095 -0.3237
vn -0.8941 0.0367 -0.4464
vn -0.3983 -0.2087 -0.8932
vn 0.5418 -0.8314 0.1238
vn -0.4149 -0.7929 0.4462
vn 0.0929 -0.9024 0.4208
vn -0.2749 -0.5290 -0.8029
vn -0.7821 -0.1033 -0.6145
vn -0.7347 -0.0443 -0.6769
vn -0.9431 0.1789 -0.2803
vn -0.9408 0.2231 -0.2553
vn -0.8530 0.2646 0.4498
vn -0.7627 0.3480 0.5451
vn 0.6942 -0.4680 0.5469
vn -0.0592 0.1339 0.9892
vn 0.3078 -0.0250 0.9511
vn 0.3385 -0.1032 -0.9353
vn -0.8093 0.3121 0.4977
vn -0.1224 0.0996 0.9875
vn -0.5381 0.4594 0.7067
vn 0.1290 0.0398 0.9909
vn 0.3080 -0.8959 0.3200
vn -0.3325 0.2299 0.9146
vn -0.3947 0.3228 0.8602
vn -0.8612 0.3837 -0.3332
vn 0.8896 -0.3925 0.2335
vn 0.1397 0.0370 0.9895
vn 0.0811 0.0533 0.9953
vn 0.0035 0.0527 0.9986
vn 0.5929 0.0109 0.8052
vn 0.7394 0.0132 0.6731
vn 0.6986 0.0362 0.7146
vn 0.4520 -0.0649 0.8897
vn 0.4396 -0.0600 0.8962
vn 0.2804 -0.0558 0.9583
vn 0.1732 0.0867 0.9811
vn 0.2468 0.0741 0.9662
vn 0.2364 0.0819 0.9682
vn 0.2309 0.0435 0.9720
vn 0.1397 0.0637 0.9881
vn 0.0766 0.0506 0.9958
vn 0.0743 0.0507 0.9959
vn 0.2163 -0.2488 -0.9441
vn 0.2349 0.0248 -0.9717
vn 0.7441 -0.0653 -0.6649
vn 0.4304 -0.8883 -0.1600
vn 0.4523 -0.7560 0.4732
vn 0.7440 -0.0653 -0.6649
vn 0.0755 -0.8781 -0.4726
vn -0.3637 -0.8755 -0.3183
vn -0.5130 -0.8568 -0.0514
vn -0.4982 0.1069 -0.8604
vn 0.3918 0.4936 0.7764
vn 0.8066 -0.3206 0.4965
vn 0.9503 -0.0948 0.2966
vn 0.9064 0.0704 0.4165
vn 0.9411 0.0268 0.3370
vn 0.9440 -0.2828 0.1698
vn 0.8024 0.0372 0.5956
vn 0.7570 0.2102 0.6187
vn 0.7381 0.2352 0.6323
vn 0.6505 -0.0319 0.7588
vn 0.6121 -0.3608 0.7037
vn 0.4335 -0.3343 0.8369
vn 0.3769 -0.3836 0.8431
vn 0.0472 -0.3677 0.9287
vn 0.1677 -0.0588 0.9841
vn -0.0882 -0.0167 0.9960
vn 0.1335 0.1443 0.9805
vn 0.1099 0.1482 0.9828
vn 0.1634 0.0655 0.9844
vn 0.1994 0.1765 0.9639
vn 0.1487 -0.0431 0.9879
vn 0.3329 -0.0993 0.9377
vn 0.4213 -0.0630 0.9047
vn 0.7831 0.2065 0.5867
vn 0.5697 -0.0831 0.8177
vn 0.7751 -0.4973 0.3898
vn 0.9499 -0.0971 0.2972
vn 0.8359 0.1087 0.5381
vn 0.9913 -0.1270 0.0353
vn 0.9571 0.1419 0.2526
vn 0.3725 -0.2675 0.8886
vn 0.3501 -0.1884 0.9176
vn 0.7528 -0.1735 0.6350
vn 0.8156 0.5653 0.1235
vn 0.7301 0.6106 0.3069
vn 0.6636 0.6926 0.2825
vn 0.3140 0.7952 0.5187
vn 0.2361 0.1834 0.9543
vn 0.5895 0.1027 0.8012
vn 0.5997 0.0537 0.7985
vn 0.5157 0.1423 0.8449
vn 0.5276 0.1772 0.8308
vn 0.5941 0.0434 0.8032
vn 0.2029 0.7445 0.6360
vn 0.4827 0.2931 0.8253
vn 0.8348 0.1800 0.5203
vn 0.8336 0.2876 0.4716
vn 0.7707 0.3782 0.5128
vn 0.4920 0.1247 0.8616
vn 0.9451 0.1874 0.2676
vn 0.6188 -0.2222 0.7535
vn 0.5854 -0.1611 0.7946
vn 0.6751 -0.1040 0.7303
vn 0.6728 0.2642 0.6911
vn 0.3368 0.4066 0.8492
vn 0.4647 -0.2524 0.8487
vn 0.4695 -0.2470 0.8477
vn -0.0616 -0.1398 0.9883
vn 0.1110 -0.2997 0.9475
vn 0.0500 0.3548 0.9336
vn 0.4173 0.4041 0.8140
vn 0.4710 0.1482 0.8696
vn 0.5682 0.2754 0.7754
vn 0.7574 -0.0992 0.6453
vn 0.5886 -0.5981 0.5440
vn 0.0783 -0.4724 0.8779
vn 0.0811 -0.4723 0.8777
vn 0.0531 -0.4095 0.9108
vn -0.0219 -0.3591 0.9331
vn -0.0231 0.0962 0.9951
vn 0.2339 0.2593 0.9370
vn 0.3506 -0.1334 0.9270
vn 0.4400 -0.1120 0.8910
vn 0.1108 -0.3878 0.9150
vn 0.2367 -0.0807 0.9682
vn 0.0857 -0.1211 0.9889
vn 0.0192 -0.1844 0.9827
vn -0.2327 0.0333 0.9720
vn -0.1674 0.1156 0.9791
vn -0.0947 0.0691 0.9931
vn -0.1335 -0.2766 0.9517
vn -0.2439 -0.2713 0.9311
vn -0.3666 0.0125 0.9303
vn 0.4193 0.0796 0.9043
vn 0.3529 -0.4595 0.8151
vn -0.1678 -0.2158 0.9619
vn 0.0598 -0.0689 0.9958
vn 0.4519 -0.2342 0.8608
vn 0.4767 -0.2175 0.8517
vn 0.4913 -0.1642 0.8554
vn 0.7579 0.0004 0.6523
vn 0.9248 -0.3025 0.2307
vn 0.8634 0.2145 0.4566
vn -0.0466 0.6410 0.7661
vn 0.1684 0.5666 0.8066
vn 0.0685 0.5244 0.8487
vn 0.0388 0.7250 0.6877
vn 0.2294 0.6814 0.6951
vn 0.2846 0.6895 0.6660
vn 0.5007 0.5777 0.6446
vn 0.0582 0.4719 0.8797
vn -0.1623 0.0603 0.9849
vn -0.2821 0.4010 0.8716
vn -0.0201 0.4793 0.8774
vn -0.0224 0.2391 0.9707
vn -0.1230 0.1127 0.9860
vn -0.1468 -0.1718 0.9741
vn 0.1416 -0.0460 0.9889
vn 0.1069 -0.1974 0.9745
vn 0.1204 0.1492 0.9814
vn 0.1159 0.1263 0.9852
vn -0.0152 0.1703 0.9853
vn 0.2066 0.1492 0.9670
vn 0.2875 0.2906 0.9126
vn 0.8700 0.2527 0.4233
vn 0.7605 0.6245 0.1776
vn -0.1769 -0.6198 0.7646
vn -0.0577 -0.6852 0.7260
vn 0.9139 -0.1318 0.3839
vn 0.1524 0.3171 0.9361
vn 0.2799 0.3899 0.8773
vn -0.1612 -0.6223 0.7660
vn -0.2549 -0.2795 0.9257
vn 0.0704 -0.7306 0.6792
vn 0.3613 0.7851 0.5030
vn 0.4791 -0.4699 0.7414
vn 0.5501 -0.3750 0.7461
vn 0.5531 -0.3623 0.7502
vn 0.6072 -0.1828 0.7732
vn 0.2887 0.0466 0.9563
vn 0.2850 0.0151 0.9584
vn 0.7746 0.5139 0.3685
vn 0.9447 0.2603 0.1997
vn 0.5041 0.7783 0.3743
vn 0.4730 -0.3009 0.8281
vn 0.3794 0.2033 0.9026
vn 0.4862 0.3119 0.8163
vn 0.2194 -0.4031 0.8885
vn 0.1515 -0.3941 0.9065
vn 0.1794 -0.3470 0.9205
vn -0.0593 -0.2682 0.9615
vn 0.0041 -0.4255 0.9049
vn -0.0406 -0.5035 0.8631
vn -0.0412 -0.4998 0.8652
vn -0.2574 -0.7276 0.6358
vn 0.0736 -0.9125 0.4025
vn 0.2938 -0.7744 0.5604
vn 0.7349 -0.5176 0.4382
vn 0.3003 -0.8798 0.3685
vn 0.1180 -0.9114 0.3943
vn 0.1180 -0.4245 0.8977
vn 0.1789 -0.3110 0.9334
vn 0.2409 -0.1045 0.9649
vn 0.1473 -0.2288 0.9623
vn 0.0544 -0.8925 0.4477
vn 0.1463 -0.8834 0.4453
vn 0.3493 -0.3260 0.8785
vn 0.2178 -0.4870 0.8458
vn 0.1878 -0.2590 0.9475
vn 0.2167 -0.1955 0.9565
vn 0.1664 -0.8882 0.4283
vn 0.2317 -0.8756 0.4238
vn -0.0628 -0.8037 0.5917
vn 0.0758 -0.1677 0.9829
vn -0.3767 -0.2166 0.9007
vn -0.2983 -0.0566 0.9528
vn -0.1974 -0.0676 0.9780
vn -0.1216 0.3870 0.9140
vn 0.0124 0.4146 0.9099
vn 0.1720 0.2644 0.9489
vn -0.1140 0.0318 -0.9930
vn -0.1496 0.5038 -0.8508
vn -0.1758 0.4966 -0.8500
vn -0.0701 0.0319 -0.9970
vn 0.2445 -0.5706 -0.7840
vn -0.0474 -0.6255 -0.7788
vn 0.0030 -0.4818 -0.8763
vn 0.2188 -0.4361 -0.8729
vn 0.1848 -0.9826 0.0196
vn 0.1755 -0.9842 0.0233
vn 0.2492 -0.9598 0.1291
vn 0.9422 -0.1006 0.3195
vn 0.9445 -0.1034 0.3118
vn 0.9083 -0.2319 0.3482
vn 0.9139 -0.2493 0.3204
vn 0.9618 -0.2617 0.0805
vn 0.7149 -0.6789 0.1676
vn 0.7100 -0.5657 0.4193
vn 0.8664 -0.4362 0.2432
vn 0.8825 -0.4002 0.2470
vn 0.8732 -0.2890 0.3925
vn 0.9629 -0.1549 0.2208
vn 0.9654 -0.1520 0.2120
vn 0.0773 -0.1296 0.9885
vn 0.1259 -0.0522 -0.9907
vn 0.2147 0.9578 0.1912
vn 0.9742 -0.2243 0.0252
vn 0.6683 -0.2714 0.6927
vn -0.3956 0.2923 0.8707
vn 0.6041 -0.2354 0.7614
vn -0.7547 -0.0698 -0.6523
vn 0.3464 -0.0990 -0.9329
vn 0.2076 -0.7738 -0.5985
vn 0.5041 0.7783 -0.3743
vn 0.5853 0.0929 0.8055
vn 0.5617 -0.1921 -0.8047
vn 0.3384 0.0181 0.9408
vn -0.8946 -0.1149 0.4319
vn -0.9417 -0.2901 0.1706
vn 0.8609 0.2643 0.4347
vn 0.1058 0.9615 -0.2535
vn 0.2665 -0.0107 -0.9638
vn -0.7976 -0.5289 -0.2900
vn -0.1847 0.3057 -0.9340
vn -0.2686 -0.5532 -0.7886
vn -0.0821 -0.9962 -0.0290
vn 0.0929 -0.9691 -0.2284
vn 0.0344 -0.5641 -0.8250
vn -0.4861 0.3207 -0.8129
vn -0.6661 0.0070 -0.7458
vn -0.2514 0.0574 0.9662
vn 0.2791 -0.9460 0.1648
vn -0.0404 -0.6678 -0.7432
vn -0.9269 -0.2120 -0.3097
vn -0.6331 0.6963 0.3381
vn -0.9635 -0.2456 -0.1061
vn -0.9120 0.0675 -0.4046
vn -0.9312 -0.3624 -0.0400
vn -0.8742 -0.1331 0.4670
vn 0.3702 -0.6037 -0.7061
vn -0.7502 0.6027 -0.2718
vn -0.9516 0.2988 0.0721
vn 0.0345 -0.0518 -0.9981
vn 0.6048 0.7936 -0.0660
vn 0.1383 0.9828 0.1227
vn 0.3769 -0.1381 -0.9159
vn -0.2233 -0.1214 0.9672
vn -0.7282 -0.4063 0.5520
vn 0.9511 0.0957 0.2936
vn 0.6612 0.7070 -0.2508
vn -0.6652 0.7147 0.2162
vn 0.3326 -0.3776 0.8642
vn 0.9323 0.3546 -0.0711
vn -0.5775 0.6337 -0.5147
vn 0.1795 0.2071 -0.9617
vn 0.5988 -0.0797 -0.7969
vn -0.1491 0.1792 -0.9725
vn 0.1830 0.7848 -0.5921
vn 0.4145 0.6859 0.5981
vn 0.9717 0.1445 -0.1869
vn -0.8796 0.3857 -0.2784
vn 0.3718 0.9179 -0.1388
vn -0.3492 0.6670 -0.6582
vn 0.0186 0.6720 -0.7403
vn 0.9509 -0.2984 0.0820
vn -0.1491 0.1792 0.9725
vn 0.0532 0.6850 -0.7266
vn 0.7307 -0.2621 0.6304
vn -0.1405 0.6597 0.7382
vn 0.1102 0.9597 -0.2584
vn 0.0933 0.9560 0.2780
vn 0.2454 -0.1793 -0.9527
vn 0.1188 -0.8983 -0.4230
vn 0.0783 -0.4724 -0.8779
vn 0.5692 -0.1894 -0.8001
vn 0.7340 -0.5942 -0.3290
vn 0.8576 -0.3179 -0.4044
vn 0.8297 -0.4968 -0.2546
vn 0.2722 -0.9259 0.2620
vn 0.4363 -0.3563 -0.8262
vn -0.7865 -0.3591 -0.5024
vn -0.9394 -0.1174 0.3222
vn 0.4911 0.1772 0.8529
vn 0.9027 -0.4246 0.0693
vn -0.2372 -0.9574 0.1646
vn -0.9391 -0.2568 -0.2284
vn -0.4249 -0.1275 -0.8962
vn 0.7070 0.6335 0.3143
vn 0.9214 0.0277 -0.3877
vn 0.6411 0.2528 -0.7247
vn 0.7304 -0.1665 0.6624
vn 0.5062 -0.3112 0.8043
vn 0.6740 -0.6234 0.3963
vn 0.6970 -0.4308 0.5733
vn -0.9246 -0.0127 -0.3807
vn 0.4396 -0.0247 0.8978
vn 0.8440 -0.1109 0.5248
vn 0.9013 -0.2142 0.3766
vn 0.6830 -0.3600 0.6355
vn -0.1370 -0.3355 0.9320
vn -0.0436 -0.0059 0.9990
vn 0.0093 -0.4284 0.9035
vn 0.5454 -0.8342 -0.0817
vn -0.1826 -0.0508 -0.9819
vt 0.578001 0.896464
vt 0.580311 0.885307
vt 0.587765 0.893631
vt 0.592465 0.885367
vt 0.596688 0.890391
vt 0.948447 0.729018
vt 0.942885 0.721418
vt 0.952968 0.716847
vt 0.597146 0.871249
vt 0.604413 0.879271
vt 0.605429 0.857112
vt 0.608001 0.872461
vt 0.612252 0.866266
vt 0.616651 0.876751
vt 0.622055 0.871302
vt 0.622796 0.880184
vt 0.450847 0.432250
vt 0.449844 0.439530
vt 0.425165 0.428867
vt 0.450237 0.424485
vt 0.370284 0.511279
vt 0.363168 0.491878
vt 0.371223 0.489470
vt 0.383478 0.487240
vt 0.382655 0.464794
vt 0.393325 0.464476
vt 0.808182 0.524353
vt 0.818684 0.526173
vt 0.808739 0.533312
vt 0.797193 0.524095
vt 0.796249 0.533371
vt 0.783172 0.525196
vt 0.783791 0.535927
vt 0.777169 0.525185
vt 0.977724 0.326896
vt 0.970027 0.323407
vt 0.978595 0.309329
vt 0.827333 0.672102
vt 0.843760 0.670587
vt 0.830067 0.684036
vt 0.841660 0.683610
vt 0.832610 0.703460
vt 0.841493 0.706583
vt 0.834619 0.713770
vt 0.650338 0.818839
vt 0.663171 0.811048
vt 0.659190 0.819571
vt 0.648354 0.835695
vt 0.837600 0.734982
vt 0.841807 0.717150
vt 0.844648 0.736390
vt 0.844025 0.755143
vt 0.850049 0.754893
vt 0.844813 0.768384
vt 0.852682 0.767712
vt 0.844739 0.777919
vt 0.852013 0.779266
vt 0.846176 0.789193
vt 0.853353 0.787273
vt 0.854318 0.794248
vt 0.860861 0.793531
vt 0.703171 0.603888
vt 0.705191 0.598426
vt 0.711364 0.602075
vt 0.713843 0.591669
vt 0.719757 0.596687
vt 0.628348 0.591160
vt 0.635109 0.599228
vt 0.628348 0.608220
vt 0.841490 0.578720
vt 0.842805 0.595618
vt 0.829969 0.587137
vt 0.830465 0.595994
vt 0.820165 0.596176
vt 0.820528 0.605491
vt 0.642703 0.909154
vt 0.634243 0.905075
vt 0.643892 0.898056
vt 0.631625 0.897731
vt 0.632749 0.889449
vt 0.687804 0.922536
vt 0.677769 0.923463
vt 0.677147 0.909826
vt 0.685278 0.909743
vt 0.687027 0.898172
vt 0.696014 0.902683
vt 0.690716 0.895081
vt 0.699295 0.898123
vt 0.595614 0.908627
vt 0.602456 0.904363
vt 0.598021 0.910825
vt 0.788819 0.429581
vt 0.791675 0.431415
vt 0.783605 0.438226
vt 0.786245 0.440695
vt 0.778795 0.449363
vt 0.897558 0.617871
vt 0.897558 0.607534
vt 0.901250 0.618943
vt 0.782608 0.451252
vt 0.772678 0.468018
vt 0.777126 0.469421
vt 0.776019 0.482416
vt 0.781378 0.471184
vt 0.781826 0.485661
vt 0.786065 0.471371
vt 0.854799 0.722771
vt 0.849641 0.736318
vt 0.848356 0.718792
vt 0.791480 0.454495
vt 0.786142 0.451744
vt 0.903579 0.617829
vt 0.901488 0.608631
vt 0.790385 0.442429
vt 0.797191 0.433353
vt 0.600589 0.917022
vt 0.606720 0.909069
vt 0.859637 0.607547
vt 0.859734 0.614862
vt 0.855709 0.615220
vt 0.858464 0.620191
vt 0.854392 0.622070
vt 0.678742 0.896651
vt 0.666866 0.909543
vt 0.671725 0.925573
vt 0.831200 0.606806
vt 0.838796 0.605246
vt 0.668518 0.894314
vt 0.671170 0.888624
vt 0.683189 0.892962
vt 0.703171 0.581754
vt 0.710535 0.581054
vt 0.705106 0.589012
vt 0.854392 0.607249
vt 0.614637 0.906852
vt 0.614637 0.915744
vt 0.613531 0.923372
vt 0.605592 0.923709
vt 0.804898 0.435117
vt 0.797942 0.444705
vt 0.860770 0.787880
vt 0.971481 0.265468
vt 0.977189 0.265768
vt 0.974267 0.273688
vt 0.633154 0.611186
vt 0.630191 0.616269
vt 0.579021 0.904363
vt 0.591707 0.899788
vt 0.406531 0.553401
vt 0.395035 0.544509
vt 0.409841 0.547623
vt 0.397213 0.541067
vt 0.411282 0.543459
vt 0.399588 0.534986
vt 0.413358 0.536801
vt 0.402518 0.525272
vt 0.416462 0.529406
vt 0.404201 0.521686
vt 0.418521 0.520875
vt 0.404477 0.513510
vt 0.427616 0.488011
vt 0.409859 0.487487
vt 0.418322 0.454623
vt 0.404322 0.462120
vt 0.424405 0.451002
vt 0.441771 0.451456
vt 0.450279 0.488045
vt 0.450467 0.449979
vt 0.477626 0.462471
vt 0.461111 0.445582
vt 0.724468 0.514620
vt 0.740765 0.521876
vt 0.722373 0.523449
vt 0.729015 0.537503
vt 0.719186 0.535067
vt 0.719384 0.547242
vt 0.699631 0.535361
vt 0.698976 0.543858
vt 0.673960 0.523526
vt 0.671903 0.534408
vt 0.633631 0.506295
vt 0.630863 0.521582
vt 0.600645 0.499403
vt 0.599288 0.514787
vt 0.570226 0.498296
vt 0.758402 0.537281
vt 0.758402 0.501562
vt 0.767182 0.530051
vt 0.762026 0.554971
vt 0.551735 0.501022
vt 0.568456 0.513094
vt 0.533687 0.519967
vt 0.655003 0.608940
vt 0.651632 0.591160
vt 0.658024 0.597117
vt 0.660401 0.591160
vt 0.538272 0.507554
vt 0.531360 0.509148
vt 0.528308 0.485396
vt 0.523383 0.497952
vt 0.520491 0.486198
vt 0.516761 0.497176
vt 0.511131 0.491243
vt 0.508452 0.506993
vt 0.490184 0.501631
vt 0.488009 0.517553
vt 0.482196 0.514329
vt 0.485403 0.530559
vt 0.468863 0.512468
vt 0.468033 0.521261
vt 0.593688 0.917479
vt 0.585845 0.921673
vt 0.578001 0.905787
vt 0.578001 0.925867
vt 0.451431 0.508173
vt 0.467202 0.530053
vt 0.455745 0.539544
vt 0.464849 0.551177
vt 0.453536 0.571788
vt 0.466717 0.578132
vt 0.447151 0.593547
vt 0.470144 0.607425
vt 0.443393 0.605688
vt 0.952333 0.530759
vt 0.962322 0.556505
vt 0.950949 0.558689
vt 0.467355 0.618451
vt 0.437666 0.619235
vt 0.955822 0.878096
vt 0.967944 0.905510
vt 0.956565 0.902222
vt 0.458930 0.627750
vt 0.430971 0.635482
vt 0.449869 0.637119
vt 0.428609 0.642001
vt 0.444023 0.651080
vt 0.423705 0.653557
vt 0.440315 0.670796
vt 0.410304 0.678017
vt 0.442932 0.690002
vt 0.890385 0.785323
vt 0.850704 0.775984
vt 0.880136 0.824619
vt 0.835002 0.814604
vt 0.868830 0.859036
vt 0.818981 0.855595
vt 0.860279 0.882638
vt 0.809428 0.875693
vt 0.853810 0.901646
vt 0.846841 0.917029
vt 0.874597 0.935048
vt 0.871285 0.941036
vt 0.886743 0.949186
vt 0.884523 0.955518
vt 0.903391 0.961010
vt 0.771161 0.843140
vt 0.752930 0.842842
vt 0.770388 0.837905
vt 0.788086 0.830191
vt 0.784507 0.826950
vt 0.798699 0.810080
vt 0.794309 0.809838
vt 0.800429 0.777793
vt 0.453368 0.571162
vt 0.450847 0.604478
vt 0.450847 0.570897
vt 0.796945 0.779292
vt 0.798273 0.742548
vt 0.937836 0.699185
vt 0.935894 0.736607
vt 0.934165 0.698959
vt 0.935623 0.673139
vt 0.930132 0.698655
vt 0.931940 0.672862
vt 0.926836 0.698356
vt 0.928921 0.672589
vt 0.775694 0.496056
vt 0.781331 0.472337
vt 0.784600 0.472856
vt 0.778701 0.496534
vt 0.787835 0.474137
vt 0.781677 0.497709
vt 0.921652 0.436600
vt 0.922771 0.462231
vt 0.919899 0.461887
vt 0.919023 0.436284
vt 0.915969 0.461820
vt 0.915426 0.436223
vt 0.911818 0.436432
vt 0.913075 0.411198
vt 0.909796 0.411285
vt 0.903655 0.385268
vt 0.825604 0.665906
vt 0.815991 0.693233
vt 0.813363 0.691235
vt 0.825459 0.660441
vt 0.824258 0.647149
vt 0.831465 0.620586
vt 0.813131 0.649409
vt 0.819601 0.622879
vt 0.804941 0.599542
vt 0.824730 0.608713
vt 0.814256 0.587668
vt 0.826948 0.575722
vt 0.948504 0.530557
vt 0.950037 0.544150
vt 0.937914 0.532906
vt 0.773438 0.824348
vt 0.783174 0.821721
vt 0.783174 0.865316
vt 0.955822 0.834571
vt 0.967077 0.841930
vt 0.839364 0.577490
vt 0.841158 0.587312
vt 0.731943 0.928217
vt 0.720946 0.925120
vt 0.729847 0.921367
vt 0.846861 0.583955
vt 0.840036 0.600763
vt 0.848019 0.606167
vt 0.835042 0.632961
vt 0.837814 0.642212
vt 0.910919 0.361809
vt 0.913338 0.383654
vt 0.916334 0.411152
vt 0.810993 0.718173
vt 0.907391 0.411390
vt 0.909180 0.436855
vt 0.809135 0.716517
vt 0.809279 0.689840
vt 0.806051 0.715727
vt 0.804834 0.689422
vt 0.802569 0.716014
vt 0.801218 0.690094
vt 0.799620 0.717300
vt 0.942036 0.646719
vt 0.938985 0.673346
vt 0.939059 0.646388
vt 0.935643 0.646280
vt 0.932701 0.646422
vt 0.770621 0.521086
vt 0.774674 0.521318
vt 0.801485 0.741142
vt 0.804538 0.777489
vt 0.802578 0.811698
vt 0.909300 0.556841
vt 0.909491 0.534640
vt 0.912953 0.557949
vt 0.790157 0.834040
vt 0.912799 0.571643
vt 0.918089 0.572531
vt 0.905889 0.955175
vt 0.907559 0.947348
vt 0.888955 0.940992
vt 0.907954 0.939626
vt 0.890567 0.933129
vt 0.797514 0.374584
vt 0.779071 0.372274
vt 0.809954 0.382660
vt 0.906968 0.934076
vt 0.883199 0.915090
vt 0.910838 0.906275
vt 0.887758 0.899762
vt 0.897351 0.878723
vt 0.904436 0.850296
vt 0.908311 0.823522
vt 0.912792 0.784566
vt 0.395059 0.664185
vt 0.406927 0.643519
vt 0.413205 0.624321
vt 0.805272 0.740829
vt 0.808171 0.778461
vt 0.909359 0.499747
vt 0.912875 0.534553
vt 0.917900 0.558280
vt 0.927416 0.954395
vt 0.928415 0.947184
vt 0.927240 0.940279
vt 0.792820 0.385517
vt 0.788747 0.386072
vt 0.784633 0.387581
vt 0.806907 0.386303
vt 0.781578 0.389642
vt 0.804631 0.389989
vt 0.956896 0.269075
vt 0.958593 0.257171
vt 0.962637 0.259344
vt 0.961005 0.271081
vt 0.966228 0.272039
vt 0.453957 0.666669
vt 0.455139 0.671700
vt 0.453957 0.676108
vt 0.971173 0.271697
vt 0.967335 0.259947
vt 0.971832 0.258395
vt 0.964215 0.247198
vt 0.968087 0.245388
vt 0.450847 0.544208
vt 0.454028 0.542487
vt 0.454028 0.570897
vt 0.780378 0.825185
vt 0.768533 0.832906
vt 0.766090 0.829482
vt 0.734572 0.900988
vt 0.731943 0.904194
vt 0.731943 0.891467
vt 0.817993 0.597983
vt 0.817993 0.588140
vt 0.820077 0.588373
vt 0.796277 0.600206
vt 0.794222 0.600750
vt 0.794222 0.592702
vt 0.453957 0.666668
vt 0.453957 0.656474
vt 0.455055 0.661386
vt 0.768579 0.544204
vt 0.767182 0.553388
vt 0.767182 0.540383
vt 0.916688 0.874925
vt 0.910427 0.886239
vt 0.910427 0.857940
vt 0.753267 0.837247
vt 0.743615 0.825008
vt 0.738440 0.838588
vt 0.714097 0.819569
vt 0.939365 0.654086
vt 0.945732 0.627886
vt 0.948184 0.655761
vt 0.943533 0.697918
vt 0.668463 0.804796
vt 0.709619 0.827931
vt 0.665266 0.810268
vt 0.639090 0.795532
vt 0.634478 0.803277
vt 0.614867 0.788447
vt 0.610117 0.796853
vt 0.601998 0.784647
vt 0.598521 0.793833
vt 0.581306 0.777797
vt 0.574161 0.785304
vt 0.550381 0.770436
vt 0.548846 0.777814
vt 0.527839 0.765490
vt 0.522101 0.773887
vt 0.489231 0.755163
vt 0.487685 0.767024
vt 0.450182 0.748964
vt 0.445174 0.770535
vt 0.391673 0.744839
vt 0.391961 0.751344
vt 0.364389 0.749100
vt 0.495751 0.776273
vt 0.521349 0.792104
vt 0.501386 0.761225
vt 0.482413 0.752026
vt 0.506159 0.742162
vt 0.487468 0.728196
vt 0.510027 0.732534
vt 0.489631 0.713841
vt 0.514263 0.713074
vt 0.491923 0.681857
vt 0.521199 0.681487
vt 0.493970 0.655464
vt 0.526277 0.640079
vt 0.494354 0.633164
vt 0.535161 0.609403
vt 0.500232 0.602202
vt 0.540771 0.580809
vt 0.504697 0.576216
vt 0.544244 0.555495
vt 0.509117 0.551617
vt 0.789492 0.674987
vt 0.759650 0.675426
vt 0.793590 0.656137
vt 0.332595 0.549416
vt 0.330882 0.528171
vt 0.343394 0.532954
vt 0.347253 0.515731
vt 0.356144 0.533763
vt 0.361565 0.516840
vt 0.367552 0.521952
vt 0.372442 0.506314
vt 0.379422 0.514647
vt 0.385040 0.495347
vt 0.393068 0.501086
vt 0.392552 0.484894
vt 0.494153 0.804974
vt 0.508392 0.826862
vt 0.493618 0.832717
vt 0.502591 0.840831
vt 0.490773 0.845926
vt 0.499648 0.852329
vt 0.407714 0.480742
vt 0.407267 0.475421
vt 0.427086 0.480935
vt 0.426595 0.474957
vt 0.445194 0.477795
vt 0.425775 0.462859
vt 0.446184 0.465521
vt 0.425773 0.450536
vt 0.448262 0.453602
vt 0.615675 0.859683
vt 0.610132 0.849395
vt 0.404925 0.462939
vt 0.403045 0.450772
vt 0.395657 0.463820
vt 0.395288 0.451060
vt 0.388924 0.451499
vt 0.392549 0.439919
vt 0.832370 0.554547
vt 0.827012 0.565774
vt 0.818855 0.555814
vt 0.829000 0.548601
vt 0.815309 0.548371
vt 0.824825 0.540913
vt 0.809661 0.542709
vt 0.815272 0.534486
vt 0.830172 0.532888
vt 0.835968 0.541934
vt 0.399406 0.429031
vt 0.397728 0.421199
vt 0.425893 0.436726
vt 0.370154 0.468085
vt 0.390071 0.433991
vt 0.401730 0.436519
vt 0.400427 0.479705
vt 0.522599 0.858539
vt 0.533868 0.836941
vt 0.382901 0.471361
vt 0.380842 0.464054
vt 0.374033 0.475834
vt 0.365512 0.462232
vt 0.364219 0.478814
vt 0.807893 0.580223
vt 0.806185 0.596642
vt 0.797614 0.593958
vt 0.803799 0.614406
vt 0.793009 0.612198
vt 0.794156 0.629085
vt 0.770081 0.631010
vt 0.769732 0.643719
vt 0.736441 0.637152
vt 0.768336 0.653527
vt 0.733426 0.651149
vt 0.729954 0.664403
vt 0.682957 0.643864
vt 0.679383 0.653597
vt 0.652429 0.647703
vt 0.649806 0.660256
vt 0.614311 0.646024
vt 0.713376 0.601809
vt 0.662129 0.613494
vt 0.713499 0.632792
vt 0.766738 0.642463
vt 0.765419 0.703888
vt 0.784168 0.695151
vt 0.780639 0.719969
vt 0.806188 0.710691
vt 0.806475 0.735167
vt 0.822197 0.736349
vt 0.479727 0.679837
vt 0.491946 0.684472
vt 0.476588 0.699607
vt 0.461701 0.679095
vt 0.457341 0.694462
vt 0.833368 0.771911
vt 0.463624 0.656489
vt 0.480149 0.649816
vt 0.502125 0.670433
vt 0.509400 0.653126
vt 0.811371 0.683136
vt 0.795198 0.655652
vt 0.766741 0.614628
vt 0.567958 0.641778
vt 0.617253 0.636357
vt 0.653046 0.636581
vt 0.684391 0.634234
vt 0.465906 0.638731
vt 0.468276 0.630601
vt 0.955822 0.912977
vt 0.967870 0.916099
vt 0.476777 0.621154
vt 0.481782 0.609657
vt 0.489054 0.610821
vt 0.492660 0.589459
vt 0.511168 0.614597
vt 0.526717 0.569822
vt 0.545923 0.602927
vt 0.551339 0.564192
vt 0.585802 0.593207
vt 0.592307 0.568858
vt 0.628575 0.577706
vt 0.597504 0.545633
vt 0.628480 0.551882
vt 0.629282 0.532937
vt 0.670209 0.552010
vt 0.597923 0.525507
vt 0.563327 0.524868
vt 0.532318 0.533001
vt 0.505175 0.534737
vt 0.500912 0.549307
vt 0.484128 0.534600
vt 0.481924 0.545270
vt 0.504636 0.525508
vt 0.513361 0.506825
vt 0.961162 0.569355
vt 0.482177 0.587363
vt 0.493787 0.568038
vt 0.531564 0.549788
vt 0.556296 0.541594
vt 0.479793 0.566039
vt 0.483612 0.636587
vt 0.730262 0.581054
vt 0.725199 0.609401
vt 0.719757 0.581054
vt 0.507740 0.635145
vt 0.531349 0.649229
vt 0.537706 0.634337
vt 0.579785 0.623250
vt 0.621381 0.621171
vt 0.657052 0.625577
vt 0.688353 0.619108
vt 0.740353 0.622603
vt 0.767509 0.606558
vt 0.792372 0.600151
vt 0.850911 0.601039
vt 0.849549 0.612127
vt 0.836174 0.614999
vt 0.841020 0.621171
vt 0.790471 0.587006
vt 0.800072 0.579154
vt 0.787652 0.577198
vt 0.800544 0.567815
vt 0.786064 0.565792
vt 0.799345 0.561246
vt 0.785624 0.558937
vt 0.798268 0.552081
vt 0.785078 0.548362
vt 0.797162 0.538828
vt 0.809930 0.554322
vt 0.810024 0.564144
vt 0.809137 0.570642
vt 0.368217 0.453353
vt 0.382413 0.451012
vt 0.820819 0.566042
vt 0.383794 0.442017
vt 0.370512 0.447525
vt 0.374187 0.439318
vt 0.382035 0.434968
vt 0.828530 0.664296
vt 0.832424 0.654000
vt 0.845454 0.657295
vt 0.854042 0.659452
vt 0.856998 0.648536
vt 0.781826 0.549918
vt 0.781739 0.562144
vt 0.771781 0.565347
vt 0.773807 0.577348
vt 0.760809 0.574861
vt 0.760618 0.587032
vt 0.744827 0.580298
vt 0.744002 0.588568
vt 0.741217 0.602388
vt 0.730628 0.574718
vt 0.721131 0.602746
vt 0.671808 0.654651
vt 0.676116 0.623889
vt 0.680279 0.652584
vt 0.723833 0.573303
vt 0.717644 0.572843
vt 0.724626 0.556694
vt 0.718279 0.558647
vt 0.698716 0.556877
vt 0.695063 0.571672
vt 0.665165 0.575007
vt 0.692153 0.591988
vt 0.663608 0.593509
vt 0.692404 0.601273
vt 0.660074 0.611265
vt 0.623347 0.602399
vt 0.484684 0.626213
vt 0.687077 0.667323
vt 0.673579 0.666708
vt 0.733503 0.562574
vt 0.739202 0.566493
vt 0.739484 0.553618
vt 0.746484 0.557890
vt 0.750272 0.541262
vt 0.763329 0.545946
vt 0.765161 0.536737
vt 0.775648 0.546255
vt 0.775163 0.533692
vt 0.781632 0.536570
vt 0.783040 0.522546
vt 0.851985 0.671708
vt 0.848474 0.684636
vt 0.848988 0.706463
vt 0.860093 0.663181
vt 0.760895 0.560759
vt 0.747223 0.571582
vt 0.738103 0.577587
vt 0.836343 0.645283
vt 0.848045 0.646967
vt 0.849762 0.639297
vt 0.856745 0.637263
vt 0.851733 0.626991
vt 0.859870 0.626445
vt 0.867150 0.603863
vt 0.781773 0.585771
vt 0.774280 0.587562
vt 0.783097 0.574016
vt 0.838651 0.639575
vt 0.840700 0.629700
vt 0.736209 0.842843
vt 0.936998 0.785869
vt 0.932346 0.785256
vt 0.930906 0.769150
vt 0.935191 0.769581
vt 0.931912 0.736352
vt 0.927334 0.785204
vt 0.926180 0.768961
vt 0.927536 0.736032
vt 0.790084 0.407405
vt 0.923174 0.786477
vt 0.922300 0.769064
vt 0.923959 0.735734
vt 0.793014 0.406546
vt 0.796963 0.406588
vt 0.790035 0.438164
vt 0.793591 0.438696
vt 0.800872 0.407520
vt 0.797110 0.440053
vt 0.926386 0.556493
vt 0.922817 0.557747
vt 0.925422 0.534315
vt 0.922072 0.534365
vt 0.924136 0.499445
vt 0.921021 0.499099
vt 0.917480 0.534452
vt 0.916759 0.499035
vt 0.912490 0.499273
vt 0.912034 0.462047
vt 0.909148 0.462509
vt 0.808621 0.741691
vt 0.948496 0.608188
vt 0.696834 0.622604
vt 0.696834 0.610110
vt 0.700307 0.618182
vt 0.599404 0.893427
vt 0.386023 0.538606
vt 0.387570 0.532814
vt 0.389465 0.524536
vt 0.391773 0.519157
vt 0.374638 0.531933
vt 0.378180 0.527435
vt 0.382948 0.525892
vt 0.385101 0.518663
vt 0.393465 0.510959
vt 0.368345 0.527883
vt 0.606264 0.886851
vt 0.616868 0.884411
vt 0.369179 0.521663
vt 0.363057 0.513619
vt 0.374606 0.520052
vt 0.382794 0.510840
vt 0.396820 0.486934
vt 0.610965 0.903114
vt 0.606646 0.895184
vt 0.616772 0.893218
vt 0.584261 0.874032
vt 0.589832 0.867648
vt 0.943586 0.707276
vt 0.951514 0.709746
vt 0.594961 0.863728
vt 0.597001 0.842150
vt 0.603278 0.838769
vt 0.602414 0.830829
vt 0.607966 0.830146
vt 0.607878 0.802871
vt 0.446055 0.483141
vt 0.443906 0.504200
vt 0.429185 0.503981
vt 0.414730 0.502374
vt 0.430623 0.520441
vt 0.417393 0.520897
vt 0.433146 0.543330
vt 0.420429 0.542165
vt 0.435306 0.558898
vt 0.421311 0.559391
vt 0.437445 0.574838
vt 0.423974 0.572930
vt 0.709287 0.688333
vt 0.722432 0.688959
vt 0.712441 0.705902
vt 0.704758 0.702815
vt 0.711787 0.728824
vt 0.702686 0.731753
vt 0.716304 0.750557
vt 0.707213 0.752836
vt 0.716839 0.763369
vt 0.711975 0.764507
vt 0.715080 0.772716
vt 0.226225 0.750712
vt 0.213997 0.753299
vt 0.217679 0.738900
vt 0.207547 0.745481
vt 0.212515 0.731747
vt 0.196562 0.737016
vt 0.208444 0.724227
vt 0.193670 0.729669
vt 0.205245 0.715478
vt 0.190698 0.721862
vt 0.700307 0.619503
vt 0.703085 0.610110
vt 0.703085 0.619678
vt 0.203029 0.710489
vt 0.188280 0.716410
vt 0.195281 0.696399
vt 0.183103 0.708208
vt 0.189445 0.689926
vt 0.176138 0.701588
vt 0.768008 0.832344
vt 0.769246 0.842319
vt 0.757732 0.835910
vt 0.762016 0.846963
vt 0.756216 0.850119
vt 0.764469 0.855565
vt 0.758091 0.858723
vt 0.760196 0.861963
vt 0.753705 0.863064
vt 0.760222 0.868028
vt 0.755684 0.870324
vt 0.760013 0.873391
vt 0.757908 0.875523
vt 0.762528 0.877194
vt 0.734799 0.887562
vt 0.738581 0.884596
vt 0.739465 0.888985
vt 0.746563 0.890034
vt 0.741188 0.897661
vt 0.746736 0.897247
vt 0.747480 0.905590
vt 0.756047 0.903175
vt 0.753042 0.910413
vt 0.758413 0.909046
vt 0.755890 0.914391
vt 0.759778 0.913361
vt 0.239977 0.489288
vt 0.246735 0.488588
vt 0.246477 0.497281
vt 0.255828 0.496664
vt 0.259439 0.514786
vt 0.261234 0.498933
vt 0.265818 0.507814
vt 0.759294 0.804608
vt 0.756181 0.810068
vt 0.757223 0.803964
vt 0.760515 0.797828
vt 0.758240 0.796528
vt 0.273304 0.517061
vt 0.277997 0.516193
vt 0.288205 0.525489
vt 0.756078 0.788450
vt 0.754253 0.793233
vt 0.753335 0.785787
vt 0.751501 0.789211
vt 0.742650 0.781228
vt 0.745986 0.794019
vt 0.739809 0.791422
vt 0.738399 0.798211
vt 0.734347 0.786735
vt 0.731677 0.795561
vt 0.726899 0.788137
vt 0.726792 0.796250
vt 0.721871 0.795392
vt 0.726765 0.803676
vt 0.718283 0.805366
vt 0.722907 0.812263
vt 0.166618 0.770983
vt 0.156478 0.772989
vt 0.158684 0.761590
vt 0.148726 0.768138
vt 0.734465 0.918577
vt 0.731943 0.926942
vt 0.731943 0.917570
vt 0.681129 0.925573
vt 0.681129 0.933763
vt 0.676235 0.932714
vt 0.965425 0.569579
vt 0.963118 0.580379
vt 0.959506 0.573977
vt 0.960267 0.582105
vt 0.762305 0.877377
vt 0.761047 0.884528
vt 0.757646 0.877194
vt 0.756913 0.883589
vt 0.753718 0.877550
vt 0.751444 0.883296
vt 0.979933 0.250962
vt 0.979600 0.257691
vt 0.974416 0.256992
vt 0.977634 0.265792
vt 0.574220 0.931757
vt 0.567945 0.935947
vt 0.568779 0.930544
vt 0.745516 0.881259
vt 0.738990 0.877194
vt 0.768269 0.870070
vt 0.735882 0.805669
vt 0.732838 0.812435
vt 0.743109 0.808935
vt 0.736425 0.816415
vt 0.663171 0.811161
vt 0.666016 0.820064
vt 0.663964 0.819259
vt 0.744523 0.809557
vt 0.739568 0.818392
vt 0.747324 0.816963
vt 0.742312 0.821721
vt 0.625951 0.611817
vt 0.626039 0.617170
vt 0.622961 0.617170
vt 0.856429 0.917388
vt 0.856429 0.925558
vt 0.853525 0.919645
vt 0.749983 0.818911
vt 0.755294 0.812753
vt 0.752448 0.809455
vt 0.745565 0.803480
vt 0.754956 0.803357
vt 0.746777 0.796007
vt 0.755343 0.796592
vt 0.734334 0.910654
vt 0.731943 0.917570
vt 0.731943 0.909981
vt 0.734203 0.904194
vt 0.663993 0.825521
vt 0.666268 0.828394
vt 0.663171 0.833059
vt 0.665241 0.835322
vt 0.743938 0.800814
vt 0.264954 0.524950
vt 0.258416 0.531600
vt 0.277810 0.544020
vt 0.266447 0.547452
vt 0.272234 0.563915
vt 0.260552 0.565913
vt 0.266161 0.578257
vt 0.239499 0.573052
vt 0.244145 0.594694
vt 0.228708 0.578230
vt 0.223489 0.607383
vt 0.211677 0.598206
vt 0.201681 0.624983
vt 0.886125 0.912004
vt 0.886125 0.896740
vt 0.893455 0.908190
vt 0.864474 0.609941
vt 0.859734 0.623587
vt 0.859734 0.607249
vt 0.898610 0.899935
vt 0.895643 0.911322
vt 0.903947 0.906946
vt 0.902329 0.921383
vt 0.741261 0.852410
vt 0.744857 0.840294
vt 0.749666 0.853292
vt 0.743790 0.858901
vt 0.751359 0.859184
vt 0.744957 0.863522
vt 0.746885 0.870100
vt 0.748779 0.875334
vt 0.734835 0.897353
vt 0.740536 0.907151
vt 0.735968 0.907392
vt 0.207944 0.509155
vt 0.207755 0.499062
vt 0.213490 0.502030
vt 0.211963 0.511437
vt 0.227339 0.508430
vt 0.216008 0.520465
vt 0.230726 0.516483
vt 0.221070 0.530006
vt 0.234616 0.525233
vt 0.233935 0.534775
vt 0.247734 0.532199
vt 0.237852 0.550272
vt 0.254706 0.548340
vt 0.246663 0.521994
vt 0.244550 0.509047
vt 0.849299 0.607249
vt 0.847914 0.613518
vt 0.842897 0.609366
vt 0.843236 0.607249
vt 0.455555 0.568744
vt 0.454028 0.569677
vt 0.454028 0.563265
vt 0.800319 0.621825
vt 0.796983 0.617284
vt 0.800461 0.618131
vt 0.800461 0.610232
vt 0.229387 0.497409
vt 0.213809 0.491435
vt 0.228610 0.488600
vt 0.232781 0.502493
vt 0.239291 0.513827
vt 0.846258 0.616789
vt 0.842805 0.612671
vt 0.644780 0.611990
vt 0.644648 0.615833
vt 0.640919 0.608333
vt 0.844337 0.620313
vt 0.641714 0.621750
vt 0.640919 0.616540
vt 0.225499 0.495790
vt 0.747358 0.912508
vt 0.740110 0.910530
vt 0.225865 0.551609
vt 0.221435 0.536296
vt 0.212134 0.532764
vt 0.208621 0.519848
vt 0.740030 0.876008
vt 0.738601 0.870787
vt 0.737385 0.863507
vt 0.752155 0.837043
vt 0.740438 0.833296
vt 0.745019 0.825626
vt 0.734799 0.821721
vt 0.197320 0.633846
vt 0.210354 0.656406
vt 0.195418 0.658698
vt 0.196012 0.676295
vt 0.180426 0.680065
vt 0.192598 0.695409
vt 0.174892 0.697672
vt 0.181621 0.718191
vt 0.256979 0.633983
vt 0.265685 0.651186
vt 0.265682 0.634096
vt 0.274758 0.647992
vt 0.271576 0.630911
vt 0.286377 0.640020
vt 0.282098 0.624011
vt 0.296848 0.628957
vt 0.290337 0.614711
vt 0.239156 0.587038
vt 0.251700 0.575619
vt 0.258117 0.589099
vt 0.260058 0.605926
vt 0.272100 0.597765
vt 0.271611 0.609164
vt 0.279748 0.607228
vt 0.271888 0.619327
vt 0.280346 0.618849
vt 0.265195 0.631563
vt 0.280409 0.632666
vt 0.263448 0.642329
vt 0.273926 0.650487
vt 0.256486 0.653616
vt 0.264161 0.667730
vt 0.249704 0.665354
vt 0.256031 0.678336
vt 0.232790 0.688312
vt 0.230761 0.697607
vt 0.211847 0.698652
vt 0.685219 0.925573
vt 0.685219 0.935220
vt 0.681129 0.932064
vt 0.201618 0.687355
vt 0.228915 0.659235
vt 0.222677 0.660102
vt 0.224504 0.636993
vt 0.207357 0.653887
vt 0.212680 0.636414
vt 0.146137 0.632488
vt 0.154322 0.610921
vt 0.172337 0.623484
vt 0.158685 0.638442
vt 0.182361 0.641220
vt 0.172345 0.648756
vt 0.176618 0.663432
vt 0.165486 0.666052
vt 0.162709 0.677938
vt 0.157376 0.674572
vt 0.161492 0.691087
vt 0.155194 0.692879
vt 0.151838 0.706845
vt 0.146508 0.703544
vt 0.143759 0.710903
vt 0.912622 0.895177
vt 0.910427 0.891212
vt 0.912610 0.891069
vt 0.913946 0.886571
vt 0.272146 0.619779
vt 0.278254 0.618630
vt 0.280072 0.615711
vt 0.287655 0.611832
vt 0.286424 0.609313
vt 0.231899 0.588715
vt 0.234783 0.589135
vt 0.235390 0.607136
vt 0.228545 0.592252
vt 0.222280 0.593634
vt 0.694179 0.610110
vt 0.696834 0.611992
vt 0.693162 0.614988
vt 0.693466 0.619774
vt 0.917171 0.888740
vt 0.916896 0.892759
vt 0.915256 0.886239
vt 0.702450 0.931271
vt 0.699927 0.932318
vt 0.702490 0.926059
vt 0.265035 0.623949
vt 0.270395 0.622415
vt 0.243054 0.607397
vt 0.260739 0.612922
vt 0.181704 0.607896
vt 0.165694 0.577168
vt 0.756052 0.824679
vt 0.768269 0.824972
vt 0.199034 0.680963
vt 0.967299 0.701882
vt 0.972481 0.687510
vt 0.972481 0.703912
vt 0.242751 0.654616
vt 0.250864 0.648109
vt 0.870567 0.619650
vt 0.865066 0.610109
vt 0.870567 0.607560
vt 0.958292 0.598467
vt 0.963484 0.604012
vt 0.957625 0.611932
vt 0.227401 0.670785
vt 0.457859 0.822975
vt 0.671988 0.925573
vt 0.676235 0.928278
vt 0.671988 0.935290
vt 0.450070 0.482812
vt 0.590702 0.839671
vt 0.578351 0.843833
vt 0.578001 0.831072
vt 0.918155 0.812205
vt 0.922820 0.804513
vt 0.926803 0.820607
vt 0.973788 0.372321
vt 0.968313 0.385396
vt 0.969326 0.364957
vt 0.294396 0.582585
vt 0.313689 0.577219
vt 0.297301 0.593369
vt 0.737716 0.603588
vt 0.751985 0.601039
vt 0.747180 0.616840
vt 0.278283 0.600776
vt 0.297718 0.606814
vt 0.283010 0.616749
vt 0.303154 0.622040
vt 0.288047 0.648682
vt 0.305680 0.642231
vt 0.311519 0.667236
vt 0.312794 0.637074
vt 0.320055 0.664564
vt 0.319090 0.639102
vt 0.322732 0.663083
vt 0.918155 0.904252
vt 0.926867 0.884872
vt 0.930756 0.885971
vt 0.322579 0.637784
vt 0.325523 0.663018
vt 0.336851 0.639837
vt 0.336424 0.667559
vt 0.370994 0.644892
vt 0.367761 0.673451
vt 0.401217 0.659822
vt 0.398683 0.699439
vt 0.457752 0.702498
vt 0.454796 0.732578
vt 0.488111 0.741414
vt 0.528695 0.755683
vt 0.396160 0.716793
vt 0.369577 0.707464
vt 0.339766 0.687618
vt 0.328858 0.686240
vt 0.315004 0.690572
vt 0.292782 0.673295
vt 0.268173 0.654845
vt 0.263979 0.624929
vt 0.240186 0.637051
vt 0.236276 0.621773
vt 0.216966 0.632601
vt 0.744985 0.652097
vt 0.749831 0.668875
vt 0.741788 0.669828
vt 0.743894 0.687698
vt 0.734976 0.671903
vt 0.734762 0.688771
vt 0.794222 0.592702
vt 0.794222 0.572084
vt 0.796654 0.588767
vt 0.449941 0.561183
vt 0.450847 0.574612
vt 0.446050 0.543768
vt 0.444575 0.522598
vt 0.714632 0.644778
vt 0.708436 0.632299
vt 0.715941 0.628169
vt 0.720537 0.639188
vt 0.601865 0.786053
vt 0.602352 0.803933
vt 0.592842 0.804353
vt 0.593443 0.784656
vt 0.584852 0.800131
vt 0.731649 0.634677
vt 0.737344 0.619119
vt 0.738133 0.633253
vt 0.258992 0.602445
vt 0.262041 0.608104
vt 0.234618 0.618023
vt 0.741157 0.653729
vt 0.735507 0.656223
vt 0.728865 0.658124
vt 0.722130 0.660856
vt 0.215594 0.628035
vt 0.730328 0.676778
vt 0.579623 0.818907
vt 0.592001 0.827939
vt 0.976685 0.215819
vt 0.977486 0.199668
vt 0.982424 0.211286
vt 0.735332 0.706296
vt 0.723996 0.707708
vt 0.737651 0.729270
vt 0.725270 0.727971
vt 0.726575 0.747552
vt 0.309038 0.615634
vt 0.924489 0.881252
vt 0.925571 0.859681
vt 0.934801 0.859818
vt 0.926835 0.846091
vt 0.938536 0.846932
vt 0.937043 0.833546
vt 0.947342 0.833965
vt 0.943506 0.816360
vt 0.955822 0.830324
vt 0.953233 0.815077
vt 0.338861 0.568847
vt 0.343619 0.555723
vt 0.369920 0.558528
vt 0.345596 0.545283
vt 0.372995 0.547434
vt 0.982238 0.182708
vt 0.966769 0.161278
vt 0.976151 0.153634
vt 0.349955 0.535517
vt 0.381574 0.529562
vt 0.353608 0.526212
vt 0.867102 0.914868
vt 0.856429 0.888338
vt 0.864937 0.889215
vt 0.867102 0.880797
vt 0.816392 0.797354
vt 0.808838 0.796441
vt 0.817336 0.790649
vt 0.806440 0.787891
vt 0.813718 0.778317
vt 0.802677 0.777991
vt 0.810732 0.770627
vt 0.799569 0.772264
vt 0.806985 0.760277
vt 0.794478 0.763518
vt 0.803410 0.746959
vt 0.788936 0.753189
vt 0.784129 0.745343
vt 0.424625 0.524052
vt 0.973375 0.853775
vt 0.967077 0.856223
vt 0.967077 0.834571
vt 0.827333 0.813796
vt 0.823639 0.791213
vt 0.371245 0.509521
vt 0.379631 0.510659
vt 0.372354 0.501020
vt 0.383414 0.500405
vt 0.377152 0.490778
vt 0.388747 0.490914
vt 0.388613 0.476899
vt 0.401761 0.489816
vt 0.402905 0.477121
vt 0.417309 0.479564
vt 0.973236 0.703912
vt 0.973236 0.718156
vt 0.967299 0.717435
vt 0.976519 0.349574
vt 0.975740 0.365295
vt 0.969776 0.355887
vt 0.952805 0.411622
vt 0.954915 0.423579
vt 0.945508 0.423084
vt 0.414815 0.469375
vt 0.402076 0.460191
vt 0.410058 0.458642
vt 0.402667 0.435498
vt 0.411483 0.438571
vt 0.413181 0.427375
vt 0.418617 0.441569
vt 0.417640 0.428716
vt 0.911753 0.499800
vt 0.913938 0.485595
vt 0.917553 0.485754
vt 0.916319 0.468420
vt 0.919827 0.467690
vt 0.913638 0.449218
vt 0.920831 0.447584
vt 0.919852 0.431956
vt 0.929126 0.434001
vt 0.929421 0.423950
vt 0.953610 0.226532
vt 0.957575 0.235044
vt 0.968398 0.223189
vt 0.946474 0.239085
vt 0.938246 0.233866
vt 0.935627 0.246524
vt 0.791592 0.638145
vt 0.789194 0.623719
vt 0.800189 0.628089
vt 0.802569 0.621795
vt 0.807529 0.623540
vt 0.801953 0.613785
vt 0.813583 0.613281
vt 0.802791 0.603143
vt 0.819587 0.601039
vt 0.855326 0.607249
vt 0.846693 0.600632
vt 0.851935 0.588510
vt 0.861540 0.604556
vt 0.863549 0.601821
vt 0.372098 0.324297
vt 0.376714 0.319190
vt 0.381875 0.335265
vt 0.392099 0.329243
vt 0.387903 0.347542
vt 0.397831 0.345232
vt 0.390273 0.353697
vt 0.401044 0.356294
vt 0.397958 0.367392
vt 0.404971 0.365551
vt 0.407893 0.376341
vt 0.408328 0.365426
vt 0.411112 0.375846
vt 0.417007 0.372051
vt 0.416843 0.375601
vt 0.908531 0.435296
vt 0.909445 0.431075
vt 0.827333 0.604935
vt 0.819113 0.614654
vt 0.814609 0.623347
vt 0.382592 0.349734
vt 0.377968 0.338593
vt 0.384129 0.357557
vt 0.807060 0.628371
vt 0.802921 0.639613
vt 0.797330 0.639143
vt 0.801632 0.649137
vt 0.794906 0.652338
vt 0.795274 0.661288
vt 0.788877 0.662100
vt 0.792154 0.682486
vt 0.964112 0.208933
vt 0.956562 0.191382
vt 0.965097 0.190614
vt 0.966082 0.172296
vt 0.970256 0.188356
vt 0.973518 0.172858
vt 0.958789 0.177632
vt 0.974101 0.161225
vt 0.960801 0.164125
vt 0.963011 0.145674
vt 0.924889 0.499730
vt 0.924384 0.518838
vt 0.917408 0.498980
vt 0.914414 0.519928
vt 0.910550 0.518837
vt 0.908772 0.532361
vt 0.708354 0.620597
vt 0.708354 0.609480
vt 0.712695 0.613361
vt 0.719757 0.610138
vt 0.725120 0.609401
vt 0.720522 0.618227
vt 0.657619 0.618826
vt 0.651632 0.618826
vt 0.654390 0.608940
vt 0.421106 0.460137
vt 0.924461 0.486166
vt 0.923842 0.470226
vt 0.927370 0.451371
vt 0.956800 0.193462
vt 0.954016 0.210632
vt 0.967192 0.207939
vt 0.961409 0.220165
vt 0.789771 0.650494
vt 0.812913 0.630311
vt 0.809515 0.638293
vt 0.808466 0.649834
vt 0.804428 0.662628
vt 0.799372 0.662360
vt 0.799355 0.681111
vt 0.388995 0.367358
vt 0.393327 0.379300
vt 0.402893 0.470319
vt 0.391991 0.467883
vt 0.392145 0.459348
vt 0.396358 0.436101
vt 0.398196 0.423431
vt 0.972675 0.892216
vt 0.972675 0.907111
vt 0.967944 0.895321
vt 0.390516 0.429680
vt 0.396542 0.412892
vt 0.803675 0.681199
vt 0.804474 0.698739
vt 0.819917 0.780376
vt 0.818426 0.769087
vt 0.814343 0.758147
vt 0.807749 0.618017
vt 0.807749 0.610232
vt 0.812525 0.611101
vt 0.803867 0.619814
vt 0.803867 0.610232
vt 0.807749 0.617326
vt 0.800461 0.621292
vt 0.800461 0.610232
vt 0.803867 0.615843
vt 0.383045 0.472293
vt 0.384602 0.462045
vt 0.387403 0.440783
vt 0.810909 0.745867
vt 0.806613 0.732916
vt 0.860452 0.875377
vt 0.967077 0.856223
vt 0.973077 0.866551
vt 0.967077 0.876309
vt 0.984529 0.136473
vt 0.969529 0.142293
vt 0.963003 0.145826
vt 0.940515 0.791542
vt 0.944229 0.800617
vt 0.932067 0.790648
vt 0.933795 0.803641
vt 0.923423 0.792188
vt 0.582918 0.854651
vt 0.331476 0.547300
vt 0.328801 0.562916
vt 0.931930 0.816089
vt 0.927106 0.833192
vt 0.308785 0.589171
vt 0.307524 0.601770
vt 0.979131 0.127349
vt 0.927249 0.777742
vt 0.922747 0.785468
vt 0.584397 0.860841
vt 0.591066 0.846768
vt 0.984381 0.206347
vt 0.970606 0.425168
vt 0.969884 0.439731
vt 0.960745 0.432133
vt 0.961367 0.445707
vt 0.314777 0.610128
vt 0.941425 0.864653
vt 0.323158 0.610733
vt 0.336712 0.615870
vt 0.371413 0.617442
vt 0.402755 0.644311
vt 0.453141 0.655414
vt 0.454517 0.678065
vt 0.500281 0.699772
vt 0.491329 0.718623
vt 0.531057 0.723294
vt 0.526450 0.741513
vt 0.560286 0.744777
vt 0.558776 0.760284
vt 0.590524 0.763366
vt 0.768618 0.559950
vt 0.777891 0.563949
vt 0.778028 0.577701
vt 0.785599 0.564851
vt 0.786983 0.577646
vt 0.733805 0.548289
vt 0.721201 0.548071
vt 0.725293 0.538210
vt 0.739190 0.538269
vt 0.728005 0.520149
vt 0.745429 0.524347
vt 0.742156 0.512067
vt 0.748014 0.514918
vt 0.635167 0.597520
vt 0.635109 0.591160
vt 0.641165 0.598046
vt 0.635374 0.604659
vt 0.641311 0.603108
vt 0.635109 0.608333
vt 0.641123 0.605714
vt 0.967343 0.486392
vt 0.965042 0.497737
vt 0.962559 0.488007
vt 0.961649 0.498882
vt 0.957969 0.488154
vt 0.958394 0.498986
vt 0.605155 0.592016
vt 0.603458 0.602447
vt 0.601795 0.591160
vt 0.601075 0.601840
vt 0.597410 0.601840
vt 0.597429 0.608138
vt 0.954701 0.682040
vt 0.955343 0.688790
vt 0.951615 0.688147
vt 0.835223 0.619809
vt 0.833554 0.616255
vt 0.835825 0.613267
vt 0.838036 0.619652
vt 0.840011 0.616054
vt 0.644704 0.593895
vt 0.644744 0.598295
vt 0.641123 0.593535
vt 0.644887 0.603233
vt 0.644704 0.605775
vt 0.963581 0.504553
vt 0.960271 0.505670
vt 0.957096 0.505772
vt 0.603329 0.608730
vt 0.601004 0.608138
vt 0.599548 0.612472
vt 0.833554 0.610475
vt 0.835435 0.607411
vt 0.837545 0.606806
vt 0.839645 0.607978
vt 0.840091 0.610884
vt 0.776133 0.557823
vt 0.771372 0.540315
vt 0.780783 0.537065
vt 0.780376 0.531965
vt 0.786983 0.534730
vt 0.784809 0.528775
vt 0.693364 0.538155
vt 0.686910 0.541025
vt 0.684777 0.533093
vt 0.680153 0.539387
vt 0.677032 0.529783
vt 0.670622 0.545509
vt 0.664107 0.545295
vt 0.667241 0.560001
vt 0.651830 0.541317
vt 0.634249 0.558735
vt 0.634081 0.540153
vt 0.603555 0.557669
vt 0.603961 0.540035
vt 0.571037 0.554262
vt 0.570115 0.537840
vt 0.527949 0.548487
vt 0.527186 0.536456
vt 0.499803 0.537232
vt 0.500236 0.524352
vt 0.480406 0.533632
vt 0.478848 0.524474
vt 0.470563 0.537967
vt 0.461363 0.529347
vt 0.931964 0.536513
vt 0.928244 0.552708
vt 0.911947 0.547756
vt 0.913295 0.532302
vt 0.779643 0.513352
vt 0.694452 0.554798
vt 0.692823 0.564510
vt 0.667070 0.574283
vt 0.694944 0.574499
vt 0.665508 0.587083
vt 0.699282 0.587250
vt 0.667320 0.599114
vt 0.777690 0.618523
vt 0.768618 0.602180
vt 0.777690 0.587118
vt 0.652188 0.560325
vt 0.678466 0.602442
vt 0.653949 0.612127
vt 0.675104 0.626401
vt 0.649746 0.638027
vt 0.673268 0.648244
vt 0.670175 0.661946
vt 0.687808 0.662589
vt 0.686832 0.674371
vt 0.699278 0.660755
vt 0.705142 0.675550
vt 0.726157 0.678690
vt 0.726564 0.686118
vt 0.747414 0.699902
vt 0.727804 0.700272
vt 0.751721 0.729934
vt 0.731273 0.738534
vt 0.753940 0.764814
vt 0.727906 0.771425
vt 0.754510 0.786244
vt 0.722324 0.794882
vt 0.751996 0.805177
vt 0.745856 0.817137
vt 0.929522 0.626311
vt 0.918155 0.623951
vt 0.928688 0.605271
vt 0.938169 0.625979
vt 0.941913 0.601039
vt 0.916692 0.840903
vt 0.910427 0.829613
vt 0.903124 0.941941
vt 0.888569 0.979268
vt 0.905230 0.972656
vt 0.913309 0.942528
vt 0.929308 0.944061
vt 0.923810 0.911755
vt 0.941621 0.916639
vt 0.945106 0.895973
vt 0.917880 0.859129
vt 0.903283 0.873123
vt 0.892874 0.847464
vt 0.898945 0.838570
vt 0.869202 0.842732
vt 0.868552 0.828445
vt 0.839336 0.841285
vt 0.833642 0.828820
vt 0.814272 0.851128
vt 0.805491 0.834074
vt 0.791462 0.846393
vt 0.904989 0.896740
vt 0.916676 0.898014
vt 0.916676 0.912103
vt 0.784118 0.826811
vt 0.768180 0.838569
vt 0.768827 0.790630
vt 0.785335 0.721966
vt 0.772172 0.749918
vt 0.772463 0.717387
vt 0.769945 0.687538
vt 0.747001 0.678036
vt 0.725030 0.657598
vt 0.694663 0.644387
vt 0.683331 0.645519
vt 0.772160 0.769855
vt 0.773134 0.789534
vt 0.774533 0.805112
vt 0.768374 0.817870
vt 0.954832 0.926643
vt 0.940444 0.926520
vt 0.954832 0.915720
vt 0.775669 0.864166
vt 0.802576 0.863355
vt 0.786564 0.784340
vt 0.785161 0.798404
vt 0.938517 0.915185
vt 0.786309 0.768384
vt 0.798911 0.784285
vt 0.798059 0.795664
vt 0.939855 0.904252
vt 0.822356 0.863479
vt 0.846207 0.849589
vt 0.838223 0.876086
vt 0.869876 0.855852
vt 0.870798 0.876244
vt 0.924325 0.973329
vt 0.941876 0.741770
vt 0.951881 0.729199
vt 0.950770 0.751610
vt 0.929413 0.653792
vt 0.717588 0.809052
vt 0.674767 0.794241
vt 0.684125 0.769949
vt 0.665356 0.766047
vt 0.676142 0.739775
vt 0.641428 0.750261
vt 0.655568 0.734096
vt 0.641308 0.734922
vt 0.644939 0.711172
vt 0.620056 0.720305
vt 0.617945 0.697325
vt 0.589684 0.720462
vt 0.601172 0.686663
vt 0.554000 0.693422
vt 0.541144 0.634308
vt 0.501252 0.662542
vt 0.489662 0.621273
vt 0.457347 0.620315
vt 0.460309 0.605183
vt 0.403190 0.613984
vt 0.403751 0.597937
vt 0.370447 0.594086
vt 0.404886 0.581558
vt 0.368797 0.567287
vt 0.406430 0.565547
vt 0.336597 0.591120
vt 0.569241 0.729596
vt 0.596809 0.747582
vt 0.611099 0.771936
vt 0.933097 0.777742
vt 0.932299 0.757563
vt 0.946250 0.762164
vt 0.945715 0.749739
vt 0.603958 0.737717
vt 0.618213 0.760759
vt 0.919812 0.754387
vt 0.930197 0.748441
vt 0.933288 0.724328
vt 0.945104 0.726291
vt 0.626604 0.748527
vt 0.627719 0.765701
vt 0.918155 0.745164
vt 0.644402 0.787320
vt 0.931358 0.695372
vt 0.692930 0.739721
vt 0.703449 0.716124
vt 0.706265 0.693531
vt 0.677983 0.717947
vt 0.683159 0.694420
vt 0.669035 0.678311
vt 0.640632 0.660697
vt 0.621199 0.641503
vt 0.621194 0.618195
vt 0.588026 0.611823
vt 0.583440 0.582852
vt 0.536827 0.592197
vt 0.537546 0.574690
vt 0.495696 0.590305
vt 0.495144 0.577275
vt 0.461857 0.581824
vt 0.461597 0.567951
vt 0.407285 0.548411
vt 0.460031 0.592894
vt 0.492189 0.603666
vt 0.625135 0.575538
vt 0.629937 0.540162
vt 0.644210 0.600000
vt 0.642599 0.585335
vt 0.637958 0.572215
vt 0.586668 0.550389
vt 0.586009 0.528342
vt 0.603071 0.600076
vt 0.601312 0.584955
vt 0.603600 0.568620
vt 0.659776 0.709243
vt 0.640493 0.687830
vt 0.617402 0.678002
vt 0.592649 0.636872
vt 0.535850 0.606084
vt 0.712659 0.558515
vt 0.713457 0.563180
vt 0.714149 0.571137
vt 0.713357 0.586387
vt 0.730509 0.581727
vt 0.724677 0.597590
vt 0.738620 0.594552
vt 0.709114 0.600955
vt 0.724098 0.602007
vt 0.724633 0.623943
vt 0.742969 0.619941
vt 0.742824 0.645510
vt 0.764102 0.649395
vt 0.748407 0.662686
vt 0.767597 0.666430
vt 0.707816 0.598362
vt 0.697209 0.599744
vt 0.689513 0.606042
vt 0.682932 0.628392
vt 0.696781 0.627485
vt 0.724353 0.638682
vt 0.786372 0.587118
vt 0.742841 0.548884
vt 0.751718 0.539058
vt 0.761609 0.525904
vt 0.755135 0.513694
vt 0.758906 0.512058
vt 0.767027 0.521734
vt 0.940889 0.283766
vt 0.945042 0.289026
vt 0.934931 0.300264
vt 0.943443 0.301491
vt 0.938545 0.313725
vt 0.943083 0.314149
vt 0.938174 0.325883
vt 0.888619 0.666757
vt 0.887530 0.654054
vt 0.896738 0.665733
vt 0.891558 0.680717
vt 0.897658 0.679711
vt 0.893408 0.699666
vt 0.938379 0.360508
vt 0.943255 0.341080
vt 0.944845 0.359281
vt 0.939230 0.369444
vt 0.944544 0.370962
vt 0.943374 0.383431
vt 0.893562 0.719908
vt 0.896337 0.707712
vt 0.903838 0.710943
vt 0.902270 0.725375
vt 0.914735 0.721655
vt 0.573923 0.571441
vt 0.586743 0.592185
vt 0.582465 0.598592
vt 0.587540 0.599389
vt 0.581261 0.606187
vt 0.585406 0.611174
vt 0.581383 0.609528
vt 0.690822 0.925573
vt 0.690822 0.932534
vt 0.685219 0.929746
vt 0.584554 0.613120
vt 0.578478 0.610534
vt 0.801169 0.427047
vt 0.810801 0.433845
vt 0.804341 0.437537
vt 0.800789 0.437972
vt 0.805435 0.452705
vt 0.799466 0.455924
vt 0.801775 0.473793
vt 0.795338 0.471648
vt 0.801908 0.493829
vt 0.794346 0.492335
vt 0.803844 0.510900
vt 0.795732 0.504483
vt 0.795984 0.523583
vt 0.787589 0.518761
vt 0.780004 0.549493
vt 0.772601 0.542329
vt 0.773132 0.559295
vt 0.753689 0.556901
vt 0.769050 0.574028
vt 0.744562 0.576140
vt 0.764421 0.598521
vt 0.742446 0.599812
vt 0.762850 0.618495
vt 0.728885 0.578420
vt 0.740953 0.555865
vt 0.757628 0.536828
vt 0.765603 0.537885
vt 0.770800 0.517515
vt 0.845048 0.935361
vt 0.845048 0.917388
vt 0.852966 0.921815
vt 0.779063 0.516992
vt 0.775865 0.505150
vt 0.783271 0.502083
vt 0.779384 0.924827
vt 0.783939 0.923572
vt 0.783939 0.935137
vt 0.785519 0.492672
vt 0.792917 0.503227
vt 0.716155 0.585244
vt 0.741357 0.577643
vt 0.731215 0.567535
vt 0.731575 0.560366
vt 0.731936 0.553197
vt 0.750488 0.563030
vt 0.758566 0.544413
vt 0.764141 0.549586
vt 0.768911 0.534317
vt 0.925789 0.275083
vt 0.930232 0.289071
vt 0.925898 0.297076
vt 0.929142 0.310921
vt 0.930406 0.323391
vt 0.932209 0.341793
vt 0.938172 0.340532
vt 0.780080 0.493147
vt 0.783022 0.475408
vt 0.788634 0.471111
vt 0.928245 0.343975
vt 0.934195 0.359679
vt 0.929181 0.359669
vt 0.925812 0.372710
vt 0.788134 0.455673
vt 0.784850 0.440680
vt 0.794403 0.441190
vt 0.789805 0.428831
vt 0.797469 0.427109
vt 0.792974 0.417749
vt 0.800219 0.416190
vt 0.798239 0.406634
vt 0.803928 0.414312
vt 0.803340 0.404499
vt 0.900624 0.592954
vt 0.895659 0.596090
vt 0.898098 0.581941
vt 0.893026 0.583460
vt 0.891748 0.570060
vt 0.886682 0.585840
vt 0.887737 0.569233
vt 0.822366 0.879036
vt 0.837690 0.875377
vt 0.835528 0.887088
vt 0.821317 0.889125
vt 0.835718 0.896897
vt 0.822459 0.898935
vt 0.827449 0.910467
vt 0.877985 0.757720
vt 0.867150 0.756750
vt 0.871536 0.746500
vt 0.934008 0.408546
vt 0.933696 0.419267
vt 0.922404 0.409707
vt 0.927976 0.399064
vt 0.768081 0.415093
vt 0.762304 0.401388
vt 0.772684 0.410852
vt 0.920970 0.399625
vt 0.928189 0.394200
vt 0.922301 0.392555
vt 0.931812 0.382673
vt 0.776459 0.433721
vt 0.774475 0.418722
vt 0.779962 0.428637
vt 0.925340 0.384342
vt 0.932623 0.373053
vt 0.781094 0.414949
vt 0.778416 0.408737
vt 0.789276 0.406598
vt 0.782692 0.390453
vt 0.795973 0.391180
vt 0.793396 0.381136
vt 0.891969 0.605554
vt 0.886682 0.607534
vt 0.889596 0.600437
vt 0.852982 0.876050
vt 0.856429 0.885328
vt 0.767432 0.399597
vt 0.771603 0.396317
vt 0.760724 0.385148
vt 0.765686 0.380104
vt 0.854037 0.911078
vt 0.850867 0.914177
vt 0.856429 0.904140
vt 0.774225 0.376735
vt 0.937479 0.382805
vt 0.935107 0.394080
vt 0.794937 0.455887
vt 0.908275 0.590610
vt 0.903317 0.595305
vt 0.905654 0.586741
vt 0.903784 0.579491
vt 0.972696 0.679595
vt 0.967299 0.687510
vt 0.967299 0.671447
vt 0.922076 0.271764
vt 0.756900 0.366655
vt 0.775686 0.363929
vt 0.758070 0.377067
vt 0.773606 0.377957
vt 0.756854 0.383390
vt 0.775600 0.401196
vt 0.764941 0.403921
vt 0.778211 0.431166
vt 0.809654 0.454074
vt 0.808231 0.477287
vt 0.810641 0.437396
vt 0.787584 0.365679
vt 0.787488 0.380682
vt 0.785471 0.406602
vt 0.783801 0.431266
vt 0.915905 0.681504
vt 0.912353 0.697111
vt 0.910009 0.679762
vt 0.916803 0.665472
vt 0.910993 0.663303
vt 0.918155 0.645448
vt 0.916147 0.778789
vt 0.910427 0.795782
vt 0.911309 0.776661
vt 0.910427 0.757720
vt 0.909015 0.625200
vt 0.914587 0.643411
vt 0.896754 0.628553
vt 0.901010 0.607715
vt 0.889733 0.616497
vt 0.802769 0.522439
vt 0.790724 0.519740
vt 0.803428 0.509881
vt 0.789327 0.506943
vt 0.800186 0.483466
vt 0.788515 0.481602
vt 0.789172 0.455471
vt 0.772712 0.479612
vt 0.776180 0.453050
vt 0.757543 0.450454
vt 0.759342 0.447048
vt 0.962766 0.484279
vt 0.958193 0.483647
vt 0.962918 0.473366
vt 0.966174 0.474865
vt 0.965405 0.467930
vt 0.455042 0.434271
vt 0.455616 0.427390
vt 0.458108 0.428634
vt 0.462708 0.422112
vt 0.462850 0.430342
vt 0.467073 0.429134
vt 0.466786 0.436060
vt 0.926586 0.609240
vt 0.927890 0.602747
vt 0.929429 0.608445
vt 0.928729 0.618883
vt 0.931139 0.619024
vt 0.740443 0.447783
vt 0.744550 0.451082
vt 0.733509 0.477875
vt 0.752477 0.452703
vt 0.755705 0.478050
vt 0.752623 0.500968
vt 0.757704 0.503781
vt 0.744705 0.502509
vt 0.740620 0.506678
vt 0.950788 0.671019
vt 0.956178 0.671950
vt 0.950879 0.681380
vt 0.947145 0.679385
vt 0.947972 0.686201
vt 0.596626 0.591160
vt 0.945522 0.668206
vt 0.731400 0.505821
vt 0.721275 0.504448
vt 0.719099 0.498799
vt 0.760457 0.915260
vt 0.766889 0.914391
vt 0.766620 0.925535
vt 0.762059 0.926151
vt 0.764906 0.932226
vt 0.760457 0.932827
vt 0.839612 0.917388
vt 0.844181 0.918735
vt 0.838248 0.923309
vt 0.565711 0.612843
vt 0.561990 0.615071
vt 0.563114 0.610289
vt 0.559420 0.609546
vt 0.563569 0.603995
vt 0.559783 0.603233
vt 0.564759 0.592234
vt 0.559420 0.591160
vt 0.713063 0.496025
vt 0.704732 0.498580
vt 0.694350 0.481026
vt 0.700279 0.503069
vt 0.691836 0.504998
vt 0.690863 0.519246
vt 0.678455 0.503884
vt 0.680492 0.521080
vt 0.674469 0.513499
vt 0.671675 0.519709
vt 0.665669 0.516724
vt 0.664219 0.526345
vt 0.656285 0.516106
vt 0.653485 0.524727
vt 0.643490 0.522247
vt 0.643689 0.525953
vt 0.635039 0.526884
vt 0.623591 0.526728
vt 0.614096 0.530242
vt 0.605735 0.528869
vt 0.604150 0.514114
vt 0.595665 0.531086
vt 0.571992 0.515000
vt 0.571042 0.531445
vt 0.530493 0.528124
vt 0.500115 0.513957
vt 0.530960 0.509449
vt 0.498902 0.487547
vt 0.533238 0.484479
vt 0.530816 0.461538
vt 0.573093 0.458053
vt 0.571792 0.448617
vt 0.603948 0.446909
vt 0.595370 0.432938
vt 0.605447 0.433133
vt 0.601091 0.483670
vt 0.610521 0.488727
vt 0.592597 0.484079
vt 0.583526 0.479771
vt 0.572137 0.478473
vt 0.623316 0.435126
vt 0.634764 0.435275
vt 0.635162 0.450906
vt 0.643245 0.440580
vt 0.644633 0.452885
vt 0.656086 0.449604
vt 0.658825 0.453574
vt 0.665464 0.448718
vt 0.666142 0.455788
vt 0.674289 0.453694
vt 0.678326 0.461195
vt 0.680275 0.448895
vt 0.529083 0.464811
vt 0.525532 0.478499
vt 0.516197 0.471432
vt 0.512172 0.483923
vt 0.496585 0.464263
vt 0.493120 0.481019
vt 0.480592 0.460208
vt 0.480473 0.481615
vt 0.466930 0.478494
vt 0.469565 0.496986
vt 0.460334 0.497406
vt 0.595614 0.904363
vt 0.613802 0.432612
vt 0.573230 0.503743
vt 0.602674 0.502701
vt 0.576173 0.480349
vt 0.603055 0.479315
vt 0.602534 0.456452
vt 0.633664 0.479864
vt 0.634787 0.457715
vt 0.664676 0.461231
vt 0.665392 0.482004
vt 0.634920 0.502133
vt 0.635340 0.510354
vt 0.644802 0.509268
vt 0.658999 0.511292
vt 0.666303 0.509473
vt 0.477782 0.514264
vt 0.472941 0.488078
vt 0.450691 0.524259
vt 0.441987 0.523203
vt 0.962167 0.126858
vt 0.971217 0.126146
vt 0.962306 0.134814
vt 0.944654 0.130274
vt 0.944715 0.142558
vt 0.787362 0.733425
vt 0.800747 0.733921
vt 0.799773 0.710939
vt 0.806263 0.711083
vt 0.680794 0.482151
vt 0.691690 0.456535
vt 0.516656 0.458911
vt 0.664802 0.503047
vt 0.566232 0.606613
vt 0.568514 0.595927
vt 0.715248 0.478756
vt 0.712953 0.459392
vt 0.704609 0.457547
vt 0.700135 0.455204
vt 0.651632 0.613187
vt 0.649387 0.615526
vt 0.648079 0.603413
vt 0.644887 0.614923
vt 0.644887 0.602985
vt 0.504921 0.442886
vt 0.505242 0.454432
vt 0.500124 0.444167
vt 0.501008 0.437302
vt 0.495722 0.439582
vt 0.496715 0.432830
vt 0.791694 0.601430
vt 0.792823 0.608122
vt 0.790901 0.608170
vt 0.789819 0.601476
vt 0.787993 0.607549
vt 0.786983 0.600871
vt 0.852985 0.623340
vt 0.849299 0.621654
vt 0.854118 0.619776
vt 0.872604 0.620993
vt 0.870567 0.616836
vt 0.874812 0.615208
vt 0.871337 0.610827
vt 0.872435 0.607560
vt 0.852985 0.609289
vt 0.854392 0.613537
vt 0.850742 0.611604
vt 0.649670 0.601754
vt 0.706653 0.450696
vt 0.712571 0.452005
vt 0.718969 0.455595
vt 0.716838 0.449312
vt 0.786983 0.618432
vt 0.850460 0.618000
vt 0.731231 0.449729
vt 0.470045 0.443515
vt 0.478924 0.445868
vt 0.468012 0.447841
vt 0.462972 0.461092
vt 0.461907 0.449587
vt 0.446994 0.459081
vt 0.455052 0.447118
vt 0.451450 0.445319
vt 0.457596 0.435547
vt 0.462457 0.437298
vt 0.924718 0.620004
vt 0.967357 0.486393
vt 0.454468 0.542487
vt 0.450847 0.541438
vt 0.454468 0.517504
vt 0.780967 0.440978
vt 0.454114 0.479154
vt 0.923107 0.752780
vt 0.913589 0.765930
vt 0.905033 0.763112
vt 0.909872 0.745980
vt 0.897132 0.760847
vt 0.903714 0.737201
vt 0.436071 0.450701
vt 0.442207 0.478863
vt 0.435081 0.479502
vt 0.429146 0.453049
vt 0.427868 0.482125
vt 0.421349 0.453575
vt 0.419547 0.483617
vt 0.412818 0.453807
vt 0.958645 0.569222
vt 0.958268 0.598965
vt 0.948868 0.600682
vt 0.950376 0.570241
vt 0.403841 0.450665
vt 0.410433 0.480738
vt 0.401356 0.468808
vt 0.393914 0.450544
vt 0.399072 0.470988
vt 0.953266 0.502773
vt 0.952947 0.533837
vt 0.937764 0.503251
vt 0.929236 0.534704
vt 0.877513 0.768649
vt 0.888393 0.757720
vt 0.891650 0.766718
vt 0.925475 0.524729
vt 0.902934 0.523837
vt 0.802538 0.445744
vt 0.803270 0.457480
vt 0.790495 0.443628
vt 0.812594 0.462127
vt 0.810899 0.486116
vt 0.856853 0.564717
vt 0.899903 0.535944
vt 0.897626 0.552847
vt 0.855749 0.550467
vt 0.893724 0.573064
vt 0.856933 0.574420
vt 0.893194 0.593221
vt 0.858033 0.597993
vt 0.895471 0.618053
vt 0.859070 0.620696
vt 0.898216 0.660083
vt 0.860895 0.661015
vt 0.862406 0.694773
vt 0.823615 0.663480
vt 0.824360 0.695718
vt 0.813934 0.664475
vt 0.814135 0.695759
vt 0.799242 0.668712
vt 0.802018 0.695292
vt 0.787095 0.670831
vt 0.781351 0.691038
vt 0.778607 0.667463
vt 0.757057 0.694041
vt 0.751958 0.660414
vt 0.732587 0.670016
vt 0.747169 0.632329
vt 0.733465 0.635447
vt 0.740079 0.598541
vt 0.722968 0.599903
vt 0.731122 0.570397
vt 0.777715 0.603728
vt 0.776157 0.625507
vt 0.771373 0.625742
vt 0.968385 0.279316
vt 0.970568 0.312489
vt 0.960849 0.306636
vt 0.778731 0.625592
vt 0.962298 0.273883
vt 0.952730 0.302021
vt 0.787406 0.623303
vt 0.809821 0.621517
vt 0.822583 0.621372
vt 0.822592 0.596436
vt 0.820157 0.576414
vt 0.814312 0.556641
vt 0.810342 0.540023
vt 0.793318 0.557233
vt 0.780944 0.541457
vt 0.775830 0.555248
vt 0.757224 0.542750
vt 0.758038 0.556222
vt 0.800733 0.558948
vt 0.796241 0.567057
vt 0.787585 0.558870
vt 0.792041 0.578803
vt 0.784069 0.567515
vt 0.745826 0.569351
vt 0.755740 0.577260
vt 0.964073 0.423699
vt 0.955501 0.411764
vt 0.965162 0.412273
vt 0.803834 0.531623
vt 0.799748 0.553696
vt 0.812639 0.540211
vt 0.754231 0.511837
vt 0.769723 0.510903
vt 0.906454 0.601039
vt 0.917505 0.621164
vt 0.783666 0.531187
vt 0.812740 0.510565
vt 0.759047 0.476533
vt 0.749434 0.477321
vt 0.746232 0.452637
vt 0.809476 0.497443
vt 0.812393 0.515581
vt 0.755302 0.446530
vt 0.806628 0.596199
vt 0.801132 0.575372
vt 0.783280 0.595713
vt 0.780389 0.574574
vt 0.833530 0.917388
vt 0.833530 0.930376
vt 0.821317 0.930229
vt 0.950662 0.319098
vt 0.963100 0.325027
vt 0.952101 0.333029
vt 0.965835 0.339173
vt 0.960443 0.348727
vt 0.770221 0.578272
vt 0.751617 0.599500
vt 0.969820 0.327588
vt 0.767402 0.602146
vt 0.918554 0.551530
vt 0.912563 0.570297
vt 0.909044 0.591535
vt 0.908179 0.617038
vt 0.663313 0.899866
vt 0.666866 0.888624
vt 0.666866 0.902186
vt 0.400739 0.479930
vt 0.953307 0.547329
vt 0.935522 0.547976
vt 0.943139 0.570397
vt 0.942301 0.495706
vt 0.937853 0.480126
vt 0.953945 0.483547
vt 0.943449 0.467171
vt 0.958198 0.470385
vt 0.949637 0.450943
vt 0.959683 0.453564
vt 0.956692 0.427333
vt 0.930535 0.616785
vt 0.922845 0.663083
vt 0.907920 0.660195
vt 0.900362 0.692257
vt 0.900914 0.720163
vt 0.863765 0.724871
vt 0.900365 0.747848
vt 0.865011 0.752157
vt 0.865978 0.772922
vt 0.829399 0.751080
vt 0.835291 0.779662
vt 0.819915 0.779519
vt 0.835103 0.794199
vt 0.826556 0.804600
vt 0.867286 0.800623
vt 0.867759 0.810957
vt 0.908265 0.800879
vt 0.908196 0.813120
vt 0.935608 0.808851
vt 0.931927 0.828316
vt 0.343580 0.645695
vt 0.346929 0.634748
vt 0.359460 0.647692
vt 0.354721 0.658395
vt 0.371969 0.660622
vt 0.366558 0.675183
vt 0.383627 0.682851
vt 0.925576 0.839189
vt 0.380556 0.635487
vt 0.390843 0.615511
vt 0.398611 0.602302
vt 0.416155 0.610443
vt 0.406248 0.591211
vt 0.425627 0.600079
vt 0.432444 0.579650
vt 0.438342 0.561345
vt 0.442887 0.532604
vt 0.440213 0.506507
vt 0.422824 0.498134
vt 0.411134 0.492666
vt 0.951421 0.611877
vt 0.890946 0.784779
vt 0.958814 0.612266
vt 0.957382 0.641144
vt 0.947876 0.620701
vt 0.907819 0.779587
vt 0.826317 0.723560
vt 0.932093 0.588936
vt 0.932961 0.567626
vt 0.957524 0.497128
vt 0.946333 0.505320
vt 0.874812 0.622376
vt 0.494393 0.430938
vt 0.501808 0.428455
vt 0.505688 0.436053
vt 0.645625 0.596197
vt 0.648738 0.596614
vt 0.647356 0.591160
vt 0.690645 0.446973
vt 0.703915 0.449964
vt 0.498478 0.456238
vt 0.492270 0.449773
vt 0.793793 0.619239
vt 0.968019 0.734843
vt 0.973087 0.722632
vt 0.973087 0.736127
vt 0.791083 0.619307
vt 0.721115 0.451313
vt 0.488914 0.447038
vt 0.734799 0.914391
vt 0.739379 0.917447
vt 0.735865 0.922894
vt 0.959675 0.472917
vt 0.962229 0.466468
vt 0.455493 0.424708
vt 0.776339 0.505802
vt 0.759524 0.507692
vt 0.910914 0.713016
vt 0.900017 0.696546
vt 0.903462 0.695642
vt 0.905826 0.680649
vt 0.903415 0.664671
vt 0.902641 0.649362
vt 0.784137 0.556163
vt 0.712621 0.547474
vt 0.693637 0.546999
vt 0.712758 0.534848
vt 0.693320 0.532173
vt 0.711546 0.520409
vt 0.710676 0.512528
vt 0.704091 0.508241
vt 0.655883 0.910951
vt 0.663307 0.910577
vt 0.654543 0.921261
vt 0.659808 0.920996
vt 0.653795 0.926898
vt 0.658931 0.926639
vt 0.845048 0.928629
vt 0.839540 0.930475
vt 0.834605 0.930300
vt 0.833530 0.925637
vt 0.962817 0.526144
vt 0.959089 0.524591
vt 0.961600 0.519402
vt 0.952736 0.506189
vt 0.958317 0.505951
vt 0.957778 0.517810
vt 0.953821 0.517979
vt 0.955229 0.524755
vt 0.963706 0.508197
vt 0.651773 0.533267
vt 0.717696 0.508061
vt 0.649110 0.911352
vt 0.649740 0.921546
vt 0.649110 0.927176
vt 0.845048 0.922485
vt 0.767889 0.932283
vt 0.769678 0.925593
vt 0.771200 0.914474
vt 0.815971 0.719458
vt 0.806815 0.745666
vt 0.789483 0.784859
vt 0.800023 0.815025
vt 0.904380 0.931054
vt 0.903948 0.909537
vt 0.771341 0.749855
vt 0.795188 0.719411
vt 0.762214 0.723485
vt 0.747330 0.726940
vt 0.739683 0.706409
vt 0.777554 0.652625
vt 0.782283 0.670408
vt 0.784109 0.688701
vt 0.797111 0.699180
vt 0.793768 0.677262
vt 0.827756 0.816783
vt 0.903468 0.825640
vt 0.924782 0.846095
vt 0.937319 0.857219
vt 0.936355 0.871482
vt 0.932022 0.888186
vt 0.922336 0.865363
vt 0.920381 0.886624
vt 0.966060 0.916099
vt 0.966060 0.933982
vt 0.955822 0.921265
vt 0.963873 0.855595
vt 0.946785 0.839319
vt 0.866694 0.788068
vt 0.897139 0.776846
vt 0.898686 0.791304
vt 0.912539 0.775301
vt 0.411929 0.390963
vt 0.415727 0.392255
vt 0.416412 0.413003
vt 0.406430 0.394268
vt 0.402010 0.379651
vt 0.402300 0.394304
vt 0.396128 0.394205
vt 0.402397 0.411686
vt 0.578001 0.929009
vt 0.583401 0.925867
vt 0.583401 0.932436
vt 0.607800 0.609320
vt 0.610692 0.612738
vt 0.605155 0.610473
vt 0.607685 0.605995
vt 0.884068 0.586726
vt 0.886682 0.590587
vt 0.881722 0.595293
vt 0.879038 0.592950
vt 0.877301 0.598892
vt 0.874070 0.596099
vt 0.870361 0.605568
vt 0.867998 0.600459
vt 0.865066 0.607560
vt 0.862881 0.569958
vt 0.865066 0.578482
vt 0.851815 0.579590
vt 0.865066 0.595579
vt 0.384549 0.315692
vt 0.401905 0.319762
vt 0.404130 0.329742
vt 0.405960 0.345117
vt 0.407626 0.354615
vt 0.611459 0.610752
vt 0.613403 0.598894
vt 0.908821 0.424074
vt 0.921465 0.422580
vt 0.612681 0.591755
vt 0.608779 0.598360
vt 0.605155 0.591160
vt 0.951881 0.729199
vt 0.956461 0.737198
vt 0.951095 0.745065
vt 0.884258 0.571620
vt 0.876502 0.581945
vt 0.876476 0.568992
vt 0.870113 0.570076
vt 0.945940 0.249829
vt 0.946754 0.259585
vt 0.933629 0.256330
vt 0.943199 0.266109
vt 0.934605 0.269882
vt 0.842805 0.581099
vt 0.843471 0.571950
vt 0.789984 0.613578
vt 0.977581 0.197744
vt 0.985313 0.182870
vt 0.984462 0.200035
vt 0.882192 0.579481
vt 0.871430 0.583476
vt 0.865066 0.585869
vt 0.866087 0.569256
vt 0.853185 0.568992
vt 0.843529 0.590041
vt 0.926267 0.271985
vt 0.925879 0.273259
vt 0.919788 0.260965
vt 0.893142 0.652260
vt 0.880263 0.641833
vt 0.887116 0.637564
vt 0.867150 0.629352
vt 0.880846 0.623200
vt 0.781203 0.519131
vt 0.799114 0.700364
vt 0.789034 0.703683
vt 0.954813 0.170547
vt 0.966009 0.160703
vt 0.787997 0.713994
vt 0.951332 0.160676
vt 0.973390 0.136301
vt 0.961060 0.126397
vt 0.412062 0.413104
vt 0.407438 0.411390
vt 0.405327 0.422245
vt 0.417155 0.494127
vt 0.424025 0.484572
vt 0.424586 0.496297
vt 0.903914 0.558944
vt 0.905082 0.546432
vt 0.908595 0.557273
vt 0.903437 0.568730
vt 0.917063 0.568855
vt 0.909496 0.583199
vt 0.470624 0.563363
vt 0.472235 0.552436
vt 0.478110 0.552390
vt 0.476743 0.562538
vt 0.497782 0.554141
vt 0.499268 0.564223
vt 0.527258 0.562841
vt 0.528953 0.578651
vt 0.569385 0.579961
vt 0.565418 0.594406
vt 0.542489 0.532337
vt 0.571206 0.565672
vt 0.499380 0.545272
vt 0.478667 0.544939
vt 0.469304 0.544823
vt 0.921957 0.558121
vt 0.725120 0.618632
vt 0.398381 0.500937
vt 0.412955 0.504800
vt 0.422176 0.505089
vt 0.428339 0.506493
vt 0.413068 0.513317
vt 0.420925 0.513204
vt 0.411946 0.519971
vt 0.428459 0.516801
vt 0.411519 0.531686
vt 0.429288 0.549221
vt 0.447085 0.592502
vt 0.468722 0.577572
vt 0.498801 0.591591
vt 0.395021 0.512333
vt 0.901061 0.580672
vt 0.903839 0.611625
vt 0.949223 0.348136
vt 0.970035 0.350647
vt 0.967562 0.356576
vt 0.950452 0.379277
vt 0.963594 0.379568
vt 0.966977 0.412369
vt 0.267295 0.753522
vt 0.268532 0.756071
vt 0.247520 0.758905
vt 0.383605 0.724541
vt 0.405581 0.729211
vt 0.404954 0.724545
vt 0.387031 0.717354
vt 0.407897 0.707707
vt 0.388455 0.707806
vt 0.393914 0.684862
vt 0.376734 0.681210
vt 0.378343 0.565299
vt 0.404065 0.571873
vt 0.399657 0.584607
vt 0.373889 0.578679
vt 0.371986 0.595457
vt 0.339754 0.572621
vt 0.337256 0.595781
vt 0.327185 0.574171
vt 0.315255 0.591554
vt 0.321377 0.573361
vt 0.309026 0.585205
vt 0.881857 0.617664
vt 0.880246 0.607560
vt 0.884280 0.613259
vt 0.886343 0.607560
vt 0.742071 0.565823
vt 0.741677 0.559023
vt 0.748065 0.560078
vt 0.746928 0.554758
vt 0.751432 0.557386
vt 0.749714 0.550145
vt 0.753493 0.554208
vt 0.753053 0.546746
vt 0.340316 0.634163
vt 0.340427 0.623759
vt 0.330558 0.628794
vt 0.339865 0.617768
vt 0.329456 0.619364
vt 0.782209 0.600765
vt 0.777690 0.604321
vt 0.780671 0.592730
vt 0.786233 0.598796
vt 0.783848 0.589125
vt 0.091419 0.738719
vt 0.071526 0.750073
vt 0.071373 0.740454
vt 0.059743 0.746980
vt 0.791537 0.521056
vt 0.794402 0.517099
vt 0.792655 0.523129
vt 0.795560 0.518580
vt 0.795373 0.526490
vt 0.068235 0.734029
vt 0.058519 0.745253
vt 0.052910 0.740145
vt 0.053934 0.726198
vt 0.045034 0.733690
vt 0.046376 0.719438
vt 0.038010 0.727881
vt 0.031130 0.718445
vt 0.025678 0.733164
vt 0.014768 0.733375
vt 0.022966 0.738683
vt 0.020535 0.748939
vt 0.025184 0.747225
vt 0.030804 0.755785
vt 0.032127 0.749510
vt 0.046853 0.752630
vt 0.045042 0.747355
vt 0.796789 0.513352
vt 0.066046 0.753285
vt 0.048895 0.760415
vt 0.975810 0.233479
vt 0.980010 0.239918
vt 0.975300 0.243784
vt 0.758402 0.515025
vt 0.756595 0.526945
vt 0.754025 0.516569
vt 0.748344 0.523075
vt 0.749627 0.510579
vt 0.742206 0.522825
vt 0.743201 0.504164
vt 0.737777 0.512546
vt 0.021383 0.714704
vt 0.040338 0.707196
vt 0.058895 0.709671
vt 0.069201 0.717859
vt 0.076927 0.725328
vt 0.794497 0.532409
vt 0.791161 0.531367
vt 0.788104 0.527041
vt 0.786983 0.535338
vt 0.085568 0.730686
vt 0.092827 0.717785
vt 0.969875 0.326482
vt 0.977285 0.337185
vt 0.969023 0.343667
vt 0.455525 0.459491
vt 0.455525 0.476891
vt 0.453896 0.468089
vt 0.785230 0.607235
vt 0.786233 0.616003
vt 0.783577 0.613521
vt 0.780685 0.608402
vt 0.779732 0.613097
vt 0.330952 0.635326
vt 0.339066 0.647853
vt 0.755307 0.562827
vt 0.344433 0.636827
vt 0.346089 0.649043
vt 0.753044 0.564020
vt 0.749650 0.566032
vt 0.742067 0.572661
vt 0.796747 0.561429
vt 0.794243 0.572084
vt 0.794222 0.560456
vt 0.796747 0.553859
vt 0.794497 0.552029
vt 0.817993 0.579608
vt 0.820124 0.576302
vt 0.820124 0.588140
vt 0.750708 0.501562
vt 0.755404 0.505449
vt 0.781990 0.587118
vt 0.591542 0.929231
vt 0.587015 0.932617
vt 0.587015 0.925867
vt 0.758391 0.532687
vt 0.753024 0.533091
vt 0.748734 0.535287
vt 0.745779 0.537208
vt 0.749413 0.544669
vt 0.745878 0.544668
vt 0.738639 0.545901
vt 0.738275 0.534370
vt 0.731419 0.525146
vt 0.033639 0.690498
vt 0.754011 0.541095
vt 0.354638 0.656923
vt 0.351044 0.682261
vt 0.371858 0.701270
vt 0.348527 0.693436
vt 0.368826 0.711190
vt 0.346478 0.705016
vt 0.342258 0.721537
vt 0.340283 0.695677
vt 0.335743 0.721782
vt 0.318455 0.719382
vt 0.326612 0.740488
vt 0.309611 0.745693
vt 0.932695 0.521748
vt 0.936849 0.510713
vt 0.941833 0.516684
vt 0.944181 0.512959
vt 0.950815 0.522106
vt 0.952367 0.513636
vt 0.948184 0.601039
vt 0.956394 0.602367
vt 0.949789 0.606846
vt 0.957407 0.607729
vt 0.957766 0.615141
vt 0.963989 0.611402
vt 0.964375 0.614509
vt 0.971984 0.606358
vt 0.949682 0.738437
vt 0.948184 0.728952
vt 0.954099 0.738132
vt 0.956899 0.727199
vt 0.959461 0.731296
vt 0.962572 0.725047
vt 0.965823 0.744861
vt 0.968019 0.722632
vt 0.968019 0.742311
vt 0.614637 0.924205
vt 0.614637 0.904363
vt 0.621780 0.920012
vt 0.619936 0.922956
vt 0.663313 0.902186
vt 0.666830 0.903129
vt 0.663313 0.912849
vt 0.967537 0.451317
vt 0.968601 0.466533
vt 0.962420 0.463434
vt 0.323385 0.699226
vt 0.324777 0.683881
vt 0.343556 0.683728
vt 0.340888 0.701524
vt 0.363170 0.694264
vt 0.358158 0.710372
vt 0.375454 0.705636
vt 0.370330 0.718592
vt 0.384783 0.722063
vt 0.375196 0.734178
vt 0.389239 0.728071
vt 0.385181 0.736759
vt 0.389765 0.738877
vt 0.383362 0.743256
vt 0.386403 0.750496
vt 0.370550 0.743710
vt 0.369744 0.750476
vt 0.355569 0.744331
vt 0.764653 0.611841
vt 0.765517 0.620210
vt 0.763376 0.612226
vt 0.762079 0.604139
vt 0.760790 0.604712
vt 0.761200 0.593699
vt 0.757792 0.594846
vt 0.757322 0.586637
vt 0.959579 0.750165
vt 0.954965 0.757897
vt 0.948492 0.755693
vt 0.949586 0.745990
vt 0.965551 0.622205
vt 0.958100 0.621005
vt 0.950022 0.614623
vt 0.727689 0.519755
vt 0.725876 0.528407
vt 0.723819 0.525186
vt 0.819809 0.613367
vt 0.819809 0.621083
vt 0.816671 0.617370
vt 0.725435 0.518494
vt 0.720455 0.522462
vt 0.722043 0.516458
vt 0.714453 0.516764
vt 0.714447 0.509912
vt 0.953848 0.694046
vt 0.954805 0.700810
vt 0.944712 0.696844
vt 0.944530 0.688221
vt 0.603972 0.923709
vt 0.612319 0.923709
vt 0.605808 0.932903
vt 0.193189 0.712581
vt 0.193581 0.701746
vt 0.207800 0.707908
vt 0.209481 0.691195
vt 0.229911 0.710125
vt 0.227966 0.689371
vt 0.247129 0.705430
vt 0.242099 0.685830
vt 0.267846 0.703101
vt 0.267451 0.678626
vt 0.292494 0.697692
vt 0.240585 0.661507
vt 0.218773 0.643525
vt 0.755677 0.647446
vt 0.760162 0.666811
vt 0.754332 0.684941
vt 0.756054 0.695849
vt 0.744758 0.703504
vt 0.754915 0.709397
vt 0.748480 0.732541
vt 0.756431 0.733744
vt 0.745780 0.753500
vt 0.752913 0.754052
vt 0.741966 0.765024
vt 0.750223 0.768265
vt 0.740037 0.773146
vt 0.746879 0.775738
vt 0.754105 0.781056
vt 0.292791 0.527282
vt 0.296911 0.534389
vt 0.288231 0.532236
vt 0.278831 0.531009
vt 0.283842 0.541296
vt 0.287113 0.558781
vt 0.295599 0.555021
vt 0.293950 0.571214
vt 0.318274 0.581559
vt 0.314219 0.590118
vt 0.336718 0.610346
vt 0.320894 0.616849
vt 0.339923 0.622980
vt 0.321111 0.629887
vt 0.339657 0.642172
vt 0.320834 0.643105
vt 0.333244 0.660775
vt 0.314495 0.653077
vt 0.313259 0.666891
vt 0.306501 0.649947
vt 0.296114 0.665510
vt 0.288768 0.649850
vt 0.281942 0.655421
vt 0.278030 0.651574
vt 0.264428 0.663211
vt 0.453896 0.476891
vt 0.455342 0.488142
vt 0.453896 0.488601
vt 0.263776 0.660615
vt 0.250424 0.661958
vt 0.250112 0.657555
vt 0.243271 0.653032
vt 0.259140 0.649846
vt 0.245436 0.643786
vt 0.258547 0.647011
vt 0.249558 0.641172
vt 0.261365 0.639519
vt 0.258010 0.637437
vt 0.927025 0.278363
vt 0.926386 0.276401
vt 0.927025 0.273652
vt 0.254484 0.634977
vt 0.959364 0.530828
vt 0.956038 0.527305
vt 0.959604 0.525975
vt 0.455298 0.518592
vt 0.454468 0.523586
vt 0.454468 0.517504
vt 0.453368 0.600258
vt 0.455114 0.599263
vt 0.455114 0.604155
vt 0.942476 0.761922
vt 0.943193 0.769460
vt 0.941660 0.758681
vt 0.946370 0.759952
vt 0.945945 0.757565
vt 0.949111 0.758434
vt 0.264278 0.629007
vt 0.257011 0.625710
vt 0.266763 0.623828
vt 0.271813 0.629585
vt 0.273147 0.623610
vt 0.279768 0.629714
vt 0.950301 0.761358
vt 0.951960 0.756218
vt 0.954588 0.757062
vt 0.953450 0.761399
vt 0.284162 0.627407
vt 0.278738 0.622131
vt 0.294710 0.608880
vt 0.308119 0.620254
vt 0.288023 0.604634
vt 0.275006 0.574035
vt 0.262252 0.616829
vt 0.263476 0.601864
vt 0.250639 0.617684
vt 0.689494 0.622585
vt 0.689494 0.610110
vt 0.693162 0.615197
vt 0.930478 0.932868
vt 0.923838 0.932868
vt 0.925793 0.924754
vt 0.275431 0.610352
vt 0.279404 0.635119
vt 0.270892 0.629943
vt 0.260562 0.650400
vt 0.258792 0.626016
vt 0.247363 0.651692
vt 0.229239 0.651936
vt 0.246483 0.607197
vt 0.242018 0.636474
vt 0.945069 0.773511
vt 0.940367 0.772214
vt 0.941229 0.766339
vt 0.240129 0.632502
vt 0.238423 0.642687
vt 0.228891 0.642989
vt 0.233302 0.630942
vt 0.224852 0.640714
vt 0.228388 0.632296
vt 0.292954 0.661347
vt 0.294833 0.674102
vt 0.275830 0.667912
vt 0.289325 0.650278
vt 0.278027 0.650515
vt 0.296777 0.656815
vt 0.294140 0.639842
vt 0.240752 0.622568
vt 0.248984 0.627124
vt 0.312303 0.630400
vt 0.291086 0.537467
vt 0.303721 0.550587
vt 0.322730 0.574368
vt 0.765056 0.754486
vt 0.759051 0.771478
vt 0.755727 0.770202
vt 0.758221 0.755306
vt 0.761412 0.772054
vt 0.770861 0.752998
vt 0.772231 0.734796
vt 0.349500 0.599074
vt 0.358960 0.621244
vt 0.357657 0.640720
vt 0.348497 0.666093
vt 0.328338 0.682723
vt 0.322124 0.672385
vt 0.312184 0.681817
vt 0.305629 0.674948
vt 0.292431 0.669860
vt 0.265791 0.668357
vt 0.246446 0.672443
vt 0.246064 0.663146
vt 0.233472 0.659779
vt 0.238192 0.658128
vt 0.232748 0.652858
vt 0.241049 0.648740
vt 0.227843 0.654150
vt 0.302023 0.687715
vt 0.281155 0.684136
vt 0.261927 0.686578
vt 0.260543 0.668075
vt 0.225843 0.694676
vt 0.223641 0.720300
vt 0.263231 0.683294
vt 0.274796 0.677196
vt 0.277105 0.699332
vt 0.282257 0.669075
vt 0.281715 0.704671
vt 0.866193 0.914868
vt 0.866193 0.934941
vt 0.861055 0.926908
vt 0.285725 0.692259
vt 0.291111 0.712754
vt 0.293473 0.697958
vt 0.305174 0.704267
vt 0.295768 0.693338
vt 0.306391 0.695653
vt 0.296945 0.687238
vt 0.665685 0.912849
vt 0.665685 0.923296
vt 0.663313 0.921991
vt 0.306810 0.691718
vt 0.300823 0.678038
vt 0.309134 0.684617
vt 0.312063 0.670469
vt 0.318685 0.670528
vt 0.319302 0.660644
vt 0.757321 0.594246
vt 0.755963 0.604160
vt 0.753250 0.593144
vt 0.755422 0.580891
vt 0.751624 0.581698
vt 0.815035 0.869688
vt 0.810167 0.872224
vt 0.809474 0.863451
vt 0.805352 0.865492
vt 0.801260 0.855051
vt 0.797983 0.862463
vt 0.795046 0.854666
vt 0.960762 0.794786
vt 0.959091 0.786710
vt 0.965898 0.793616
vt 0.965241 0.798267
vt 0.964014 0.692806
vt 0.963681 0.697877
vt 0.961685 0.692608
vt 0.964581 0.686254
vt 0.962098 0.686088
vt 0.963454 0.682313
vt 0.956946 0.685529
vt 0.959708 0.679411
vt 0.955839 0.678989
vt 0.958656 0.673770
vt 0.955709 0.672908
vt 0.967299 0.655241
vt 0.250384 0.619518
vt 0.275833 0.621281
vt 0.275072 0.616138
vt 0.273818 0.610242
vt 0.283877 0.609486
vt 0.795261 0.826249
vt 0.799510 0.833098
vt 0.791889 0.829446
vt 0.796772 0.836720
vt 0.792028 0.837586
vt 0.794683 0.844797
vt 0.957559 0.810095
vt 0.955822 0.802653
vt 0.960587 0.809550
vt 0.959411 0.804141
vt 0.963917 0.804280
vt 0.801831 0.843839
vt 0.807525 0.853942
vt 0.811501 0.851182
vt 0.813927 0.860314
vt 0.314253 0.628690
vt 0.305884 0.621753
vt 0.303220 0.629669
vt 0.310212 0.638143
vt 0.303994 0.639881
vt 0.307411 0.646945
vt 0.949559 0.707155
vt 0.948184 0.700962
vt 0.952651 0.704136
vt 0.957376 0.711469
vt 0.962444 0.708421
vt 0.967299 0.712907
vt 0.734610 0.599870
vt 0.733651 0.591515
vt 0.737114 0.590201
vt 0.738579 0.600102
vt 0.741411 0.590580
vt 0.743688 0.597779
vt 0.784129 0.873773
vt 0.789235 0.869975
vt 0.789807 0.881229
vt 0.785688 0.885879
vt 0.798111 0.886083
vt 0.797753 0.893956
vt 0.805280 0.887781
vt 0.744341 0.606062
vt 0.749548 0.600806
vt 0.748393 0.608660
vt 0.753445 0.601364
vt 0.753143 0.608290
vt 0.756594 0.612285
vt 0.318273 0.681760
vt 0.317290 0.689828
vt 0.316220 0.693132
vt 0.315897 0.699004
vt 0.309829 0.720241
vt 0.300653 0.718131
vt 0.297215 0.730355
vt 0.285252 0.724904
vt 0.278093 0.717273
vt 0.587540 0.603908
vt 0.587953 0.594324
vt 0.595632 0.601406
vt 0.592071 0.571441
vt 0.924845 0.592609
vt 0.926346 0.578552
vt 0.934534 0.591379
vt 0.269149 0.707042
vt 0.931721 0.568992
vt 0.937416 0.586688
vt 0.940600 0.593017
vt 0.938403 0.602862
vt 0.937289 0.608819
vt 0.229590 0.668338
vt 0.222904 0.662998
vt 0.241007 0.691148
vt 0.223698 0.685326
vt 0.219654 0.710815
vt 0.932540 0.600645
vt 0.924718 0.601971
vt 0.596626 0.609093
vt 0.702461 0.911745
vt 0.699295 0.906887
vt 0.702461 0.900651
vt 0.749534 0.595319
vt 0.748682 0.582304
vt 0.805892 0.873537
vt 0.797092 0.869014
vt 0.962162 0.782161
vt 0.966261 0.788993
vt 0.971127 0.789661
vt 0.736835 0.580891
vt 0.735453 0.584912
vt 0.734643 0.581468
vt 0.731993 0.585696
vt 0.730791 0.582372
vt 0.956645 0.696765
vt 0.958759 0.701738
vt 0.951170 0.698793
vt 0.951571 0.691998
vt 0.949237 0.693805
vt 0.950421 0.683800
vt 0.288499 0.627254
vt 0.297848 0.633730
vt 0.292504 0.619994
vt 0.282389 0.623528
vt 0.283342 0.615729
vt 0.952773 0.678145
vt 0.953089 0.684494
vt 0.955511 0.691650
vt 0.960900 0.698334
vt 0.745213 0.598908
vt 0.746549 0.594504
vt 0.801520 0.883579
vt 0.794760 0.876704
vt 0.968815 0.777742
vt 0.972849 0.786639
vt 0.738800 0.581927
vt 0.294110 0.612854
vt 0.805882 0.840138
vt 0.320143 0.640742
vt 0.314801 0.646713
vt 0.310396 0.660471
vt 0.952715 0.716152
vt 0.955724 0.722632
vt 0.962533 0.716191
vt 0.302946 0.666374
vt 0.732373 0.608905
vt 0.731825 0.599847
vt 0.735653 0.609797
vt 0.739714 0.610390
vt 0.744341 0.604767
vt 0.741059 0.619653
vt 0.297101 0.651550
vt 0.306903 0.644921
vt 0.309289 0.626477
vt 0.313258 0.638512
vt 0.317802 0.635002
vt 0.918086 0.828517
vt 0.915796 0.825203
vt 0.918086 0.822724
vt 0.698568 0.607468
vt 0.694923 0.605519
vt 0.696970 0.600200
vt 0.689494 0.603176
vt 0.693654 0.593570
vt 0.691119 0.591964
vt 0.695880 0.608315
vt 0.691759 0.610110
vt 0.635109 0.618678
vt 0.635109 0.608333
vt 0.640919 0.617313
vt 0.957131 0.707990
vt 0.956387 0.723002
vt 0.952910 0.718007
vt 0.268412 0.582445
vt 0.295892 0.671212
vt 0.730791 0.615108
vt 0.735774 0.613362
vt 0.939040 0.804898
vt 0.941351 0.780195
vt 0.943685 0.782198
vt 0.949778 0.773759
vt 0.856429 0.917680
vt 0.291005 0.678652
vt 0.620839 0.611817
vt 0.622961 0.618413
vt 0.620074 0.618413
vt 0.940316 0.773260
vt 0.784129 0.813796
vt 0.787421 0.830174
vt 0.972849 0.834571
vt 0.960673 0.818939
vt 0.961916 0.816999
vt 0.736006 0.750897
vt 0.736734 0.763712
vt 0.727217 0.761708
vt 0.727587 0.769155
vt 0.719921 0.771577
vt 0.717873 0.779616
vt 0.204632 0.758645
vt 0.200775 0.752637
vt 0.186684 0.760921
vt 0.180381 0.753584
vt 0.177117 0.765804
vt 0.170955 0.758928
vt 0.716101 0.797827
vt 0.720075 0.786489
vt 0.727762 0.777270
vt 0.734830 0.771834
vt 0.736872 0.779943
vt 0.715412 0.791002
vt 0.223095 0.666205
vt 0.200986 0.652449
vt 0.767602 0.682815
vt 0.766845 0.690219
vt 0.760525 0.701865
vt 0.761460 0.710643
vt 0.764271 0.734953
vt 0.203893 0.670081
vt 0.195682 0.689001
vt 0.196494 0.667859
vt 0.910427 0.829613
vt 0.910502 0.808688
vt 0.915796 0.824933
vt 0.777714 0.685841
vt 0.784129 0.692506
vt 0.772193 0.700271
vt 0.779085 0.706939
vt 0.772545 0.716570
vt 0.780282 0.721810
vt 0.763900 0.704496
vt 0.183241 0.649625
vt 0.193518 0.648700
vt 0.374344 0.641162
vt 0.361272 0.669398
vt 0.333921 0.691744
vt 0.321944 0.697244
vt 0.316368 0.691963
vt 0.304058 0.699776
vt 0.303561 0.689400
vt 0.287883 0.710483
vt 0.283459 0.694392
vt 0.278870 0.710643
vt 0.265532 0.711967
vt 0.279701 0.714903
vt 0.269401 0.724799
vt 0.297275 0.707969
vt 0.307100 0.707969
vt 0.450847 0.607425
vt 0.455175 0.604478
vt 0.455175 0.623699
vt 0.615152 0.610263
vt 0.613403 0.591160
vt 0.620074 0.591815
vt 0.620074 0.617643
vt 0.274714 0.674771
vt 0.324203 0.664710
vt 0.347914 0.666569
vt 0.367340 0.672634
vt 0.703801 0.557608
vt 0.703171 0.547225
vt 0.710667 0.548269
vt 0.714606 0.559792
vt 0.718172 0.545400
vt 0.720740 0.559562
vt 0.721125 0.547338
vt 0.725411 0.549573
vt 0.726394 0.541570
vt 0.730768 0.550046
vt 0.954617 0.639394
vt 0.950773 0.628056
vt 0.958843 0.630159
vt 0.958785 0.644182
vt 0.965415 0.632028
vt 0.948204 0.768767
vt 0.953564 0.766731
vt 0.953158 0.773410
vt 0.786912 0.926576
vt 0.786912 0.933123
vt 0.784129 0.928300
vt 0.955178 0.646628
vt 0.950432 0.643179
vt 0.728979 0.555757
vt 0.950510 0.621947
vt 0.725435 0.535899
vt 0.722100 0.532460
vt 0.719316 0.527822
vt 0.714059 0.523594
vt 0.954411 0.707846
vt 0.710780 0.510979
vt 0.704519 0.534561
vt 0.711025 0.536734
vt 0.718266 0.537942
vt 0.721798 0.537966
vt 0.384730 0.698853
vt 0.710173 0.570149
vt 0.722030 0.572051
vt 0.715604 0.578501
vt 0.723118 0.581054
vt 0.670357 0.811161
vt 0.663171 0.802832
vt 0.667629 0.802384
vt 0.668186 0.794373
vt 0.393992 0.739832
vt 0.395828 0.719755
vt 0.726421 0.566086
vt 0.727807 0.577199
vt 0.730791 0.567685
vt 0.663427 0.793947
vt 0.666637 0.784656
vt 0.670357 0.787776
vt 0.671801 0.935142
vt 0.666866 0.935387
vt 0.671988 0.927817
vt 0.666866 0.925573
vt 0.948184 0.655241
vt 0.328767 0.706292
vt 0.321168 0.720319
vt 0.699927 0.933097
vt 0.695170 0.929871
vt 0.699927 0.925573
vt 0.344949 0.699326
vt 0.332147 0.714027
vt 0.910427 0.795782
vt 0.914509 0.805547
vt 0.366962 0.675758
vt 0.297754 0.684549
vt 0.280520 0.681305
vt 0.263244 0.688583
vt 0.245323 0.712911
vt 0.231277 0.720832
vt 0.223848 0.731834
vt 0.868389 0.896740
vt 0.875783 0.897895
vt 0.869413 0.899597
vt 0.227748 0.732991
vt 0.227292 0.745893
vt 0.280674 0.744079
vt 0.275269 0.738804
vt 0.275353 0.756814
vt 0.283241 0.764937
vt 0.275747 0.774036
vt 0.283071 0.779398
vt 0.270643 0.791448
vt 0.923986 0.595815
vt 0.924718 0.606592
vt 0.921719 0.609083
vt 0.962992 0.245119
vt 0.958257 0.241608
vt 0.960017 0.236517
vt 0.965838 0.238406
vt 0.962091 0.229258
vt 0.966498 0.230269
vt 0.963976 0.218614
vt 0.968511 0.218736
vt 0.965014 0.209953
vt 0.969532 0.209207
vt 0.967671 0.200623
vt 0.971080 0.201288
vt 0.961230 0.181601
vt 0.973123 0.198996
vt 0.679510 0.878753
vt 0.666866 0.888624
vt 0.678836 0.875770
vt 0.686307 0.872856
vt 0.683290 0.869811
vt 0.686706 0.865626
vt 0.681472 0.866799
vt 0.683215 0.863065
vt 0.787424 0.585193
vt 0.787146 0.581193
vt 0.789383 0.580977
vt 0.789652 0.585030
vt 0.792629 0.578429
vt 0.793484 0.585055
vt 0.239760 0.782151
vt 0.232611 0.779145
vt 0.232421 0.784834
vt 0.238959 0.787059
vt 0.231652 0.789828
vt 0.238295 0.791804
vt 0.237468 0.800383
vt 0.251504 0.799178
vt 0.228248 0.796309
vt 0.225509 0.786228
vt 0.222045 0.789943
vt 0.204992 0.768297
vt 0.964154 0.202778
vt 0.226386 0.780617
vt 0.227028 0.776192
vt 0.792521 0.552029
vt 0.792308 0.572962
vt 0.789330 0.573974
vt 0.683522 0.879132
vt 0.974912 0.208231
vt 0.972004 0.210396
vt 0.666367 0.835322
vt 0.666367 0.844268
vt 0.663171 0.843504
vt 0.663343 0.853091
vt 0.666866 0.831183
vt 0.677870 0.823392
vt 0.673461 0.833484
vt 0.884596 0.899811
vt 0.886125 0.905899
vt 0.877964 0.907308
vt 0.885816 0.913996
vt 0.879896 0.917297
vt 0.886125 0.924581
vt 0.880311 0.924406
vt 0.881060 0.929026
vt 0.874982 0.925846
vt 0.875251 0.930858
vt 0.258255 0.774489
vt 0.252642 0.779657
vt 0.261569 0.781589
vt 0.255526 0.785515
vt 0.258146 0.790158
vt 0.249806 0.791197
vt 0.261784 0.796872
vt 0.265282 0.785031
vt 0.269904 0.769859
vt 0.265810 0.765574
vt 0.874220 0.918018
vt 0.869696 0.918912
vt 0.871952 0.909320
vt 0.867150 0.909619
vt 0.817604 0.610232
vt 0.728874 0.513733
vt 0.727171 0.511246
vt 0.730791 0.501562
vt 0.723204 0.503558
vt 0.603972 0.923954
vt 0.595614 0.932899
vt 0.595614 0.923709
vt 0.793793 0.600871
vt 0.796898 0.608495
vt 0.793793 0.620423
vt 0.211841 0.747943
vt 0.211017 0.724972
vt 0.232272 0.722581
vt 0.248109 0.720135
vt 0.268417 0.715374
vt 0.293473 0.712396
vt 0.314870 0.709325
vt 0.203257 0.722063
vt 0.955590 0.688803
vt 0.208873 0.737976
vt 0.715120 0.505142
vt 0.722390 0.510317
vt 0.941756 0.523902
vt 0.615489 0.926769
vt 0.969611 0.446141
vt 0.965669 0.448831
vt 0.758563 0.581283
vt 0.761580 0.581476
vt 0.761599 0.587170
vt 0.765893 0.586978
vt 0.764622 0.595256
vt 0.329572 0.724644
vt 0.315726 0.715157
vt 0.332550 0.713793
vt 0.768013 0.595499
vt 0.765057 0.602704
vt 0.341172 0.733080
vt 0.352635 0.720284
vt 0.359754 0.736867
vt 0.364686 0.727228
vt 0.374284 0.737740
vt 0.916147 0.764080
vt 0.918129 0.757720
vt 0.918129 0.764376
vt 0.917574 0.769726
vt 0.342096 0.678162
vt 0.350306 0.666642
vt 0.758402 0.580891
vt 0.750810 0.578870
vt 0.754782 0.571244
vt 0.749996 0.572143
vt 0.742737 0.577391
vt 0.334461 0.554599
vt 0.968313 0.385396
vt 0.972571 0.397577
vt 0.967347 0.404894
vt 0.344667 0.660701
vt 0.339782 0.658017
vt 0.334154 0.677172
vt 0.329843 0.672850
vt 0.327964 0.685535
vt 0.326567 0.680116
vt 0.321709 0.689168
vt 0.754504 0.619673
vt 0.749121 0.618125
vt 0.754228 0.616303
vt 0.757085 0.618341
vt 0.757321 0.621033
vt 0.322076 0.695376
vt 0.771810 0.877194
vt 0.778943 0.881933
vt 0.776607 0.900451
vt 0.782981 0.884268
vt 0.779573 0.900465
vt 0.778943 0.918855
vt 0.771810 0.923572
vt 0.778014 0.922413
vt 0.933543 0.504646
vt 0.940433 0.509797
vt 0.916456 0.571299
vt 0.921873 0.570124
vt 0.921506 0.573480
vt 0.915165 0.575071
vt 0.915467 0.580743
vt 0.911342 0.583103
vt 0.916402 0.588704
vt 0.912009 0.590377
vt 0.916238 0.594198
vt 0.913226 0.594863
vt 0.917944 0.608035
vt 0.915017 0.607251
vt 0.918707 0.614679
vt 0.915839 0.613212
vt 0.699295 0.891017
vt 0.702663 0.888624
vt 0.702663 0.900651
vt 0.701077 0.845990
vt 0.697661 0.856875
vt 0.694201 0.849396
vt 0.689563 0.856002
vt 0.686312 0.851966
vt 0.684892 0.856751
vt 0.787965 0.595819
vt 0.787855 0.591131
vt 0.789578 0.591199
vt 0.794222 0.590935
vt 0.794044 0.594945
vt 0.246873 0.782637
vt 0.247610 0.787811
vt 0.790299 0.596327
vt 0.786983 0.600871
vt 0.686716 0.846433
vt 0.690663 0.866835
vt 0.696548 0.866867
vt 0.972749 0.219476
vt 0.975769 0.227843
vt 0.971381 0.230574
vt 0.976684 0.215846
vt 0.657619 0.620613
vt 0.657619 0.608940
vt 0.660049 0.618364
vt 0.970162 0.238465
vt 0.921930 0.616975
vt 0.919893 0.596616
vt 0.920315 0.588388
vt 0.920202 0.581435
vt 0.922899 0.585801
vt 0.923754 0.577696
vt 0.924409 0.571665
vt 0.924718 0.568992
vt 0.970758 0.758775
vt 0.972301 0.764200
vt 0.969160 0.763881
vt 0.968019 0.757932
vt 0.782981 0.916568
vt 0.303115 0.740901
vt 0.314949 0.720020
vt 0.293550 0.737741
vt 0.972301 0.750345
vt 0.300643 0.744186
vt 0.291342 0.742419
vt 0.299572 0.747900
vt 0.289355 0.749449
vt 0.295745 0.755599
vt 0.289705 0.765512
vt 0.284348 0.730770
vt 0.281776 0.736956
vt 0.226971 0.762503
vt 0.218346 0.748713
vt 0.275234 0.730343
vt 0.219303 0.732663
vt 0.590768 0.612445
vt 0.913866 0.574655
vt 0.910160 0.581320
vt 0.908275 0.587049
vt 0.958941 0.585386
vt 0.964527 0.584217
vt 0.962373 0.592085
vt 0.959437 0.592668
vt 0.963806 0.598757
vt 0.842705 0.613821
vt 0.840091 0.620372
vt 0.840091 0.606806
vt 0.687608 0.813665
vt 0.689762 0.822737
vt 0.681322 0.827531
vt 0.688020 0.833204
vt 0.680035 0.838241
vt 0.693552 0.825468
vt 0.700388 0.837131
vt 0.692682 0.842448
vt 0.329974 0.657989
vt 0.327842 0.673769
vt 0.746623 0.614592
vt 0.747934 0.614279
vt 0.327089 0.656605
vt 0.330143 0.647634
vt 0.321782 0.645777
vt 0.323435 0.640903
vt 0.314391 0.646318
vt 0.323562 0.635557
vt 0.402949 0.731117
vt 0.382788 0.731264
vt 0.365735 0.722069
vt 0.362811 0.730905
vt 0.337687 0.733831
vt 0.666866 0.888624
vt 0.663251 0.877812
vt 0.666866 0.875742
vt 0.267682 0.743369
vt 0.249766 0.749318
vt 0.249779 0.755081
vt 0.232148 0.757329
vt 0.251321 0.731197
vt 0.235072 0.735627
vt 0.233546 0.750612
vt 0.211137 0.755758
vt 0.210858 0.762882
vt 0.815035 0.893372
vt 0.815035 0.885903
vt 0.820903 0.890072
vt 0.935160 0.529535
vt 0.923838 0.924754
vt 0.923838 0.934513
vt 0.918155 0.929517
vt 0.268956 0.727629
vt 0.452000 0.759793
vt 0.458829 0.743131
vt 0.427415 0.734216
vt 0.434254 0.714877
vt 0.289481 0.753730
vt 0.293179 0.741809
vt 0.321707 0.740949
vt 0.321162 0.725795
vt 0.338498 0.729591
vt 0.334310 0.700955
vt 0.342015 0.708863
vt 0.294420 0.726052
vt 0.946546 0.846706
vt 0.321627 0.590320
vt 0.324574 0.577551
vt 0.475553 0.749576
vt 0.470554 0.765118
vt 0.339206 0.744332
vt 0.344804 0.741861
vt 0.344806 0.733198
vt 0.475003 0.769052
vt 0.481116 0.730499
vt 0.483837 0.708165
vt 0.463870 0.720886
vt 0.438889 0.694867
vt 0.412565 0.687707
vt 0.430374 0.574266
vt 0.467891 0.572948
vt 0.430328 0.588851
vt 0.398611 0.601075
vt 0.370582 0.620690
vt 0.342039 0.618134
vt 0.336916 0.647701
vt 0.321014 0.620579
vt 0.326407 0.651747
vt 0.313805 0.645275
vt 0.310831 0.680966
vt 0.298309 0.674955
vt 0.309087 0.699450
vt 0.287719 0.692986
vt 0.301115 0.706419
vt 0.263722 0.712948
vt 0.268741 0.723712
vt 0.238580 0.732179
vt 0.243062 0.745201
vt 0.234674 0.725660
vt 0.231900 0.710597
vt 0.259895 0.698179
vt 0.275528 0.679213
vt 0.285575 0.662893
vt 0.304485 0.642928
vt 0.293079 0.636077
vt 0.300796 0.613792
vt 0.289537 0.612525
vt 0.296048 0.602902
vt 0.287861 0.600720
vt 0.294158 0.590131
vt 0.285532 0.590662
vt 0.287137 0.583528
vt 0.918083 0.780066
vt 0.916147 0.775385
vt 0.918083 0.769725
vt 0.278111 0.595957
vt 0.281909 0.575363
vt 0.313201 0.615727
vt 0.968019 0.764200
vt 0.971999 0.767320
vt 0.968019 0.777107
vt 0.315505 0.602232
vt 0.903579 0.622505
vt 0.903579 0.607534
vt 0.908121 0.610595
vt 0.703171 0.618846
vt 0.703171 0.609480
vt 0.708354 0.617241
vt 0.306506 0.601342
vt 0.779384 0.932163
vt 0.771810 0.934314
vt 0.833554 0.619786
vt 0.826703 0.619786
vt 0.828995 0.606806
vt 0.107963 0.677980
vt 0.092006 0.694603
vt 0.067923 0.677295
vt 0.071087 0.692617
vt 0.047570 0.682788
vt 0.054515 0.695706
vt 0.073551 0.704922
vt 0.079160 0.710029
vt 0.085622 0.715784
vt 0.089130 0.705653
vt 0.795241 0.539585
vt 0.796789 0.546973
vt 0.790579 0.543764
vt 0.790634 0.548071
vt 0.787537 0.543725
vt 0.787258 0.547009
vt 0.700833 0.589239
vt 0.702175 0.591807
vt 0.702175 0.609182
vt 0.891597 0.623036
vt 0.886682 0.609978
vt 0.891597 0.607534
vt 0.966505 0.421880
vt 0.972247 0.405153
vt 0.971325 0.423776
vt 0.792005 0.552029
vt 0.092441 0.700008
vt 0.897558 0.619909
vt 0.891597 0.620302
vt 0.696792 0.584633
vt 0.791042 0.538066
vt 0.730791 0.535511
vt 0.732148 0.548193
vt 0.738415 0.571715
vt 0.274587 0.737861
vt 0.305896 0.716267
vt 0.319418 0.730651
vt 0.325771 0.709326
vt 0.344418 0.729438
vt 0.343548 0.710362
vt 0.371388 0.718197
vt 0.368105 0.693760
vt 0.401121 0.701214
vt 0.394575 0.660132
vt 0.435692 0.664930
vt 0.431182 0.632577
vt 0.467706 0.633524
vt 0.465747 0.604559
vt 0.495410 0.601941
vt 0.467064 0.660431
vt 0.442183 0.665410
vt 0.463364 0.680251
vt 0.485465 0.671674
vt 0.466662 0.699917
vt 0.440461 0.680620
vt 0.466793 0.588092
vt 0.430247 0.603483
vt 0.393064 0.626313
vt 0.366704 0.652736
vt 0.338580 0.679341
vt 0.328422 0.685974
vt 0.314580 0.703925
vt 0.482542 0.655659
vt 0.483494 0.630423
vt 0.485326 0.602207
vt 0.353902 0.586368
vt 0.337822 0.570677
vt 0.346124 0.564093
vt 0.343845 0.545770
vt 0.660401 0.603064
vt 0.665030 0.591160
vt 0.665030 0.612407
vt 0.467628 0.637588
vt 0.492207 0.631082
vt 0.465270 0.669737
vt 0.436208 0.711276
vt 0.401665 0.731254
vt 0.373948 0.732964
vt 0.345703 0.739529
vt 0.702686 0.686988
vt 0.366640 0.742807
vt 0.392939 0.734327
vt 0.367756 0.729559
vt 0.484033 0.776838
vt 0.519998 0.783710
vt 0.544668 0.788792
vt 0.658957 0.829417
vt 0.683443 0.840953
vt 0.663718 0.812240
vt 0.690758 0.821138
vt 0.671725 0.799829
vt 0.694088 0.810241
vt 0.675003 0.784318
vt 0.705493 0.793394
vt 0.710864 0.768626
vt 0.738245 0.798717
vt 0.748704 0.773766
vt 0.757794 0.813447
vt 0.768327 0.792623
vt 0.767531 0.817332
vt 0.777274 0.799453
vt 0.788950 0.840867
vt 0.816385 0.805724
vt 0.795576 0.774193
vt 0.780093 0.773872
vt 0.757986 0.764779
vt 0.723263 0.752014
vt 0.684685 0.739623
vt 0.676016 0.762341
vt 0.644205 0.728581
vt 0.635933 0.758173
vt 0.612817 0.701208
vt 0.603398 0.738912
vt 0.553051 0.677257
vt 0.546655 0.699984
vt 0.563593 0.631891
vt 0.568151 0.615587
vt 0.752445 0.688708
vt 0.718196 0.697796
vt 0.726076 0.676755
vt 0.574073 0.586476
vt 0.793035 0.640036
vt 0.333157 0.513158
vt 0.334024 0.502107
vt 0.347281 0.499943
vt 0.805678 0.625028
vt 0.350143 0.491193
vt 0.360798 0.491318
vt 0.371294 0.487179
vt 0.759170 0.921479
vt 0.753139 0.931506
vt 0.748582 0.914391
vt 0.382252 0.490014
vt 0.371325 0.493880
vt 0.760457 0.914391
vt 0.360249 0.504219
vt 0.614547 0.670237
vt 0.617564 0.644572
vt 0.657671 0.704325
vt 0.666368 0.658881
vt 0.714783 0.706155
vt 0.628677 0.607369
vt 0.677812 0.665365
vt 0.746182 0.746509
vt 0.810614 0.926934
vt 0.810614 0.893955
vt 0.820303 0.911327
vt 0.778104 0.748329
vt 0.758402 0.579316
vt 0.758402 0.554971
vt 0.767745 0.574493
vt 0.677223 0.588920
vt 0.677223 0.614909
vt 0.669384 0.605127
vt 0.665407 0.584633
vt 0.488593 0.700686
vt 0.798330 0.758283
vt 0.813519 0.757750
vt 0.633931 0.778492
vt 0.594834 0.762054
vt 0.539306 0.724737
vt 0.780904 0.858337
vt 0.804653 0.885079
vt 0.774075 0.871415
vt 0.798440 0.898757
vt 0.769238 0.884704
vt 0.661242 0.817370
vt 0.631764 0.810928
vt 0.766957 0.894748
vt 0.796546 0.911653
vt 0.841267 0.922608
vt 0.705118 0.831037
vt 0.623174 0.812984
vt 0.629588 0.795643
vt 0.584337 0.796036
vt 0.535571 0.739896
vt 0.654847 0.841315
vt 0.679853 0.856878
vt 0.707883 0.852742
vt 0.715288 0.837049
vt 0.724782 0.823882
vt 0.569345 0.794220
vt 0.593450 0.800973
vt 0.731531 0.865302
vt 0.738788 0.852280
vt 0.744795 0.836631
vt 0.750203 0.858128
vt 0.757330 0.844073
vt 0.744418 0.872317
vt 0.606621 0.804875
vt 0.730966 0.877916
vt 0.706387 0.866222
vt 0.496160 0.562863
vt 0.528364 0.596483
vt 0.497409 0.580275
vt 0.460493 0.556307
vt 0.497135 0.546644
vt 0.527694 0.588787
vt 0.499064 0.575317
vt 0.541908 0.553620
vt 0.527560 0.772962
vt 0.534379 0.749396
vt 0.905881 0.571639
vt 0.898109 0.568992
vt 0.901020 0.736114
vt 0.901294 0.745906
vt 0.887085 0.742260
vt 0.896980 0.752333
vt 0.887292 0.755858
vt 0.967174 0.916099
vt 0.973715 0.933417
vt 0.966060 0.933417
vt 0.933030 0.400531
vt 0.909080 0.418845
vt 0.916964 0.422343
vt 0.841066 0.917388
vt 0.889901 0.732501
vt 0.946524 0.397745
vt 0.946258 0.407949
vt 0.690822 0.934468
vt 0.692840 0.930236
vt 0.695017 0.930361
vt 0.690822 0.925573
vt 0.948807 0.764545
vt 0.943924 0.768474
vt 0.950180 0.763798
vt 0.695171 0.932633
vt 0.968019 0.745642
vt 0.968344 0.740743
vt 0.968619 0.742952
vt 0.972357 0.747028
vt 0.971863 0.741069
vt 0.268340 0.641042
vt 0.264295 0.632013
vt 0.271804 0.637451
vt 0.256033 0.628198
vt 0.972357 0.736127
vt 0.970692 0.750345
vt 0.266502 0.647140
vt 0.276221 0.649801
vt 0.260521 0.656649
vt 0.455346 0.495455
vt 0.453896 0.495841
vt 0.453896 0.488601
vt 0.279298 0.638832
vt 0.289875 0.640894
vt 0.952340 0.769913
vt 0.701522 0.923472
vt 0.699295 0.916305
vt 0.701460 0.916167
vt 0.274951 0.636274
vt 0.701522 0.911745
vt 0.948886 0.753866
vt 0.945430 0.754587
vt 0.941232 0.754772
vt 0.250577 0.622568
vt 0.290951 0.628559
vt 0.288723 0.638301
vt 0.287419 0.622044
vt 0.238881 0.621603
vt 0.263961 0.620485
vt 0.260133 0.624495
vt 0.946695 0.751395
vt 0.950643 0.754442
vt 0.953814 0.751770
vt 0.891050 0.919414
vt 0.897703 0.928840
vt 0.734799 0.853695
vt 0.736885 0.859577
vt 0.211884 0.541122
vt 0.213733 0.552606
vt 0.214785 0.580460
vt 0.753927 0.896174
vt 0.759934 0.901519
vt 0.762355 0.906714
vt 0.758528 0.895559
vt 0.759276 0.890354
vt 0.626039 0.618240
vt 0.626039 0.612379
vt 0.627948 0.611817
vt 0.762349 0.889326
vt 0.964699 0.584226
vt 0.763691 0.885473
vt 0.767826 0.886433
vt 0.766934 0.893865
vt 0.761616 0.894790
vt 0.763038 0.901005
vt 0.736909 0.819726
vt 0.764787 0.904067
vt 0.768727 0.901703
vt 0.771810 0.898277
vt 0.770553 0.892789
vt 0.728122 0.811105
vt 0.729586 0.815130
vt 0.721952 0.816165
vt 0.755276 0.890084
vt 0.677273 0.872096
vt 0.786983 0.574279
vt 0.768013 0.580891
vt 0.959522 0.456827
vt 0.306672 0.703742
vt 0.319200 0.706690
vt 0.481871 0.499636
vt 0.974516 0.281031
vt 0.980811 0.274859
vt 0.979972 0.291792
vt 0.971722 0.289218
vt 0.534944 0.475675
vt 0.542186 0.479740
vt 0.663961 0.440650
vt 0.671457 0.447401
vt 0.553330 0.490125
vt 0.562897 0.480504
vt 0.552709 0.481285
vt 0.653238 0.442799
vt 0.550563 0.474628
vt 0.563737 0.475863
vt 0.634039 0.496950
vt 0.570755 0.436062
vt 0.530252 0.447978
vt 0.500030 0.455673
vt 0.672195 0.512209
vt 0.701276 0.519922
vt 0.499965 0.463950
vt 0.442653 0.451452
vt 0.680185 0.600606
vt 0.677223 0.603717
vt 0.677223 0.584633
vt 0.682238 0.586459
vt 0.920097 0.734335
vt 0.913631 0.735020
vt 0.915486 0.721541
vt 0.578478 0.612583
vt 0.572217 0.609963
vt 0.574567 0.606150
vt 0.568514 0.605576
vt 0.571280 0.597820
vt 0.892631 0.810604
vt 0.901956 0.810455
vt 0.897499 0.821649
vt 0.890175 0.822164
vt 0.893232 0.837809
vt 0.885170 0.837277
vt 0.887003 0.848299
vt 0.878278 0.851323
vt 0.888269 0.859250
vt 0.879390 0.861687
vt 0.888448 0.874046
vt 0.877699 0.873957
vt 0.889700 0.883526
vt 0.876292 0.882212
vt 0.879015 0.889829
vt 0.981842 0.233797
vt 0.975912 0.231429
vt 0.982717 0.216137
vt 0.807612 0.576302
vt 0.796983 0.573185
vt 0.807297 0.564351
vt 0.815272 0.575775
vt 0.819660 0.565870
vt 0.948419 0.668359
vt 0.945961 0.659351
vt 0.953355 0.663094
vt 0.957081 0.650148
vt 0.795889 0.894031
vt 0.801164 0.905927
vt 0.787214 0.902053
vt 0.787349 0.912297
vt 0.934503 0.933411
vt 0.930478 0.924755
vt 0.936352 0.924755
vt 0.901380 0.640071
vt 0.902180 0.634455
vt 0.908719 0.641761
vt 0.930576 0.904252
vt 0.938517 0.904962
vt 0.931307 0.919013
vt 0.938517 0.913338
vt 0.443775 0.368712
vt 0.452280 0.370622
vt 0.444819 0.380118
vt 0.906277 0.661264
vt 0.908745 0.649911
vt 0.914214 0.661766
vt 0.912948 0.675002
vt 0.918778 0.665770
vt 0.916477 0.674489
vt 0.892989 0.846209
vt 0.895666 0.858197
vt 0.902025 0.869500
vt 0.904667 0.875101
vt 0.907849 0.884208
vt 0.925753 0.627580
vt 0.921961 0.635157
vt 0.914851 0.625349
vt 0.928271 0.617146
vt 0.913810 0.612699
vt 0.798097 0.542046
vt 0.807475 0.534628
vt 0.807145 0.554573
vt 0.819001 0.547155
vt 0.946890 0.640592
vt 0.796983 0.562930
vt 0.797331 0.553154
vt 0.897781 0.896740
vt 0.888153 0.894611
vt 0.910427 0.894681
vt 0.920149 0.652571
vt 0.898202 0.847575
vt 0.900285 0.856550
vt 0.922094 0.641589
vt 0.915776 0.652326
vt 0.916174 0.640921
vt 0.916864 0.636124
vt 0.908840 0.634706
vt 0.907830 0.625682
vt 0.789374 0.926576
vt 0.792853 0.921415
vt 0.805557 0.925623
vt 0.797207 0.916968
vt 0.809364 0.920350
vt 0.810614 0.912068
vt 0.815819 0.540645
vt 0.899538 0.611399
vt 0.904066 0.615165
vt 0.901282 0.624610
vt 0.784129 0.918024
vt 0.914864 0.694418
vt 0.909699 0.692665
vt 0.906902 0.674358
vt 0.904282 0.689853
vt 0.437919 0.389827
vt 0.433314 0.404351
vt 0.432007 0.386971
vt 0.427411 0.403417
vt 0.428111 0.386412
vt 0.421280 0.400769
vt 0.423870 0.384445
vt 0.419862 0.382567
vt 0.423556 0.371265
vt 0.971682 0.364299
vt 0.965531 0.385479
vt 0.954545 0.360410
vt 0.969891 0.358114
vt 0.951184 0.346630
vt 0.970123 0.347637
vt 0.625478 0.591160
vt 0.628348 0.601566
vt 0.621577 0.596055
vt 0.424576 0.360322
vt 0.431905 0.359029
vt 0.430516 0.362905
vt 0.434498 0.364773
vt 0.428933 0.373354
vt 0.431874 0.375879
vt 0.773438 0.875966
vt 0.773438 0.865316
vt 0.779666 0.876516
vt 0.783593 0.875020
vt 0.780069 0.865855
vt 0.436472 0.377697
vt 0.437667 0.366665
vt 0.924712 0.922088
vt 0.923252 0.913003
vt 0.918155 0.917771
vt 0.629925 0.910577
vt 0.635149 0.916446
vt 0.630091 0.920537
vt 0.637175 0.921981
vt 0.633114 0.927356
vt 0.803585 0.583476
vt 0.808913 0.584100
vt 0.803471 0.596747
vt 0.796983 0.597565
vt 0.971616 0.291351
vt 0.979389 0.297390
vt 0.970746 0.308916
vt 0.804819 0.610232
vt 0.811087 0.608233
vt 0.808597 0.595792
vt 0.814482 0.595417
vt 0.814888 0.587621
vt 0.622956 0.601373
vt 0.817993 0.602006
vt 0.620074 0.611817
vt 0.628348 0.609904
vt 0.867150 0.856901
vt 0.872362 0.849507
vt 0.874363 0.833000
vt 0.945305 0.390016
vt 0.940866 0.364390
vt 0.954693 0.383733
vt 0.949321 0.414421
vt 0.954845 0.413814
vt 0.955679 0.443099
vt 0.408227 0.415034
vt 0.414752 0.396975
vt 0.415734 0.417887
vt 0.409454 0.433424
vt 0.418194 0.434877
vt 0.400803 0.429681
vt 0.954832 0.467967
vt 0.945203 0.468056
vt 0.946118 0.437840
vt 0.874581 0.803713
vt 0.875718 0.786223
vt 0.879279 0.805183
vt 0.878747 0.818613
vt 0.886105 0.808588
vt 0.882446 0.820697
vt 0.882199 0.835315
vt 0.874186 0.816465
vt 0.887332 0.798036
vt 0.578478 0.591160
vt 0.576919 0.600732
vt 0.896162 0.802594
vt 0.894303 0.783649
vt 0.902731 0.793119
vt 0.908951 0.784934
vt 0.687830 0.585629
vt 0.689494 0.595840
vt 0.910427 0.795498
vt 0.902571 0.803256
vt 0.795359 0.435974
vt 0.900938 0.777661
vt 0.877226 0.789075
vt 0.882963 0.777918
vt 0.930171 0.496959
vt 0.937434 0.469642
vt 0.939448 0.349456
vt 0.422662 0.422302
vt 0.420957 0.435041
vt 0.430152 0.424701
vt 0.429552 0.436277
vt 0.811042 0.580626
vt 0.816659 0.582732
vt 0.922313 0.924754
vt 0.796983 0.582248
vt 0.798284 0.576302
vt 0.622796 0.926778
vt 0.784129 0.893956
vt 0.622796 0.915283
vt 0.921284 0.904762
vt 0.424372 0.366921
vt 0.914434 0.709136
vt 0.907228 0.710954
vt 0.902555 0.711432
vt 0.906301 0.723460
vt 0.899425 0.722067
vt 0.910494 0.691371
vt 0.922439 0.689808
vt 0.934987 0.664096
vt 0.942613 0.683695
vt 0.943119 0.659971
vt 0.966957 0.684483
vt 0.968856 0.650537
vt 0.380782 0.568677
vt 0.390161 0.548792
vt 0.402323 0.561012
vt 0.397590 0.532249
vt 0.406865 0.538552
vt 0.409555 0.513034
vt 0.422388 0.519393
vt 0.419771 0.548442
vt 0.415716 0.567449
vt 0.393762 0.582390
vt 0.384856 0.593112
vt 0.378307 0.604887
vt 0.368204 0.628295
vt 0.373064 0.585999
vt 0.364226 0.600264
vt 0.958026 0.741354
vt 0.964092 0.781737
vt 0.943268 0.777856
vt 0.952261 0.819154
vt 0.354557 0.618130
vt 0.922405 0.740402
vt 0.931513 0.713203
vt 0.964594 0.714269
vt 0.910818 0.715139
vt 0.401186 0.494407
vt 0.957464 0.568073
vt 0.939207 0.618284
vt 0.948053 0.423980
vt 0.937965 0.450080
vt 0.946341 0.617774
vt 0.970978 0.622137
vt 0.963551 0.589849
vt 0.401266 0.510035
vt 0.935535 0.464452
vt 0.948093 0.593917
vt 0.778746 0.436231
vt 0.775169 0.447555
vt 0.768952 0.464560
vt 0.763664 0.481505
vt 0.759245 0.479800
vt 0.759362 0.495607
vt 0.752795 0.491940
vt 0.752210 0.513711
vt 0.747499 0.512790
vt 0.747515 0.526951
vt 0.743248 0.524730
vt 0.738600 0.539709
vt 0.681597 0.703629
vt 0.681019 0.688121
vt 0.700428 0.700448
vt 0.697432 0.684062
vt 0.779559 0.431887
vt 0.785218 0.427782
vt 0.779859 0.425306
vt 0.786539 0.423894
vt 0.639348 0.915094
vt 0.644977 0.910577
vt 0.649110 0.921134
vt 0.641329 0.920483
vt 0.649110 0.929396
vt 0.637175 0.930584
vt 0.634107 0.877187
vt 0.622796 0.873323
vt 0.632845 0.866985
vt 0.642175 0.874129
vt 0.640802 0.863369
vt 0.648981 0.872571
vt 0.646294 0.860885
vt 0.840321 0.778359
vt 0.839630 0.765144
vt 0.653240 0.870627
vt 0.655022 0.883311
vt 0.642570 0.888756
vt 0.699295 0.917513
vt 0.694542 0.910366
vt 0.840180 0.789440
vt 0.846227 0.794029
vt 0.841328 0.795750
vt 0.849934 0.804326
vt 0.838801 0.803767
vt 0.837947 0.814421
vt 0.660621 0.897458
vt 0.663171 0.907644
vt 0.651578 0.910577
vt 0.820165 0.587252
vt 0.820535 0.577066
vt 0.657564 0.888675
vt 0.671808 0.811480
vt 0.672802 0.804523
vt 0.684347 0.813665
vt 0.683213 0.804213
vt 0.692390 0.812735
vt 0.692641 0.802684
vt 0.627434 0.865625
vt 0.628989 0.849141
vt 0.636173 0.850858
vt 0.634478 0.832340
vt 0.638405 0.837015
vt 0.637889 0.821445
vt 0.672105 0.800258
vt 0.684985 0.788660
vt 0.691741 0.785240
vt 0.677903 0.786634
vt 0.684971 0.768523
vt 0.689117 0.766211
vt 0.695701 0.763420
vt 0.690495 0.750323
vt 0.697455 0.748392
vt 0.691565 0.736798
vt 0.698811 0.736658
vt 0.691974 0.717684
vt 0.701077 0.710715
vt 0.450476 0.443285
vt 0.454593 0.431427
vt 0.682106 0.716050
vt 0.684042 0.737135
vt 0.683562 0.750354
vt 0.681526 0.767603
vt 0.632117 0.817956
vt 0.638585 0.811024
vt 0.653823 0.811313
vt 0.660925 0.796595
vt 0.644705 0.786104
vt 0.660677 0.787431
vt 0.440242 0.445618
vt 0.634433 0.784656
vt 0.632161 0.807437
vt 0.718975 0.604387
vt 0.716590 0.609480
vt 0.708633 0.606433
vt 0.856760 0.802972
vt 0.862184 0.812742
vt 0.852990 0.816609
vt 0.867150 0.815814
vt 0.829593 0.568992
vt 0.838098 0.573268
vt 0.638922 0.852585
vt 0.646371 0.852551
vt 0.840581 0.756194
vt 0.767872 0.483534
vt 0.766310 0.495781
vt 0.774733 0.497810
vt 0.762120 0.517344
vt 0.768573 0.522873
vt 0.755150 0.529278
vt 0.777326 0.523572
vt 0.857820 0.674487
vt 0.855829 0.684415
vt 0.779996 0.500710
vt 0.856950 0.708183
vt 0.743129 0.541447
vt 0.735115 0.549751
vt 0.678137 0.678432
vt 0.677139 0.703327
vt 0.674151 0.689070
vt 0.691448 0.678313
vt 0.729309 0.545069
vt 0.438682 0.740633
vt 0.401472 0.740211
vt 0.400460 0.751009
vt 0.374170 0.745806
vt 0.400630 0.762536
vt 0.368832 0.754706
vt 0.399830 0.775497
vt 0.432115 0.800699
vt 0.438341 0.791059
vt 0.460584 0.808929
vt 0.464605 0.785798
vt 0.488811 0.769005
vt 0.503576 0.774009
vt 0.384970 0.521911
vt 0.437996 0.755089
vt 0.460438 0.741807
vt 0.462428 0.762484
vt 0.484908 0.739804
vt 0.374920 0.537198
vt 0.439266 0.768032
vt 0.487608 0.666688
vt 0.372179 0.584461
vt 0.371973 0.607675
vt 0.365772 0.606593
vt 0.363649 0.582516
vt 0.363512 0.605797
vt 0.358837 0.585739
vt 0.360998 0.606493
vt 0.365274 0.615590
vt 0.480426 0.631565
vt 0.477268 0.633622
vt 0.462181 0.713253
vt 0.486405 0.693659
vt 0.370922 0.566017
vt 0.366254 0.561040
vt 0.355710 0.560130
vt 0.367057 0.547432
vt 0.353624 0.546943
vt 0.367708 0.534548
vt 0.508739 0.754240
vt 0.499007 0.736853
vt 0.494359 0.717758
vt 0.482137 0.718343
vt 0.373330 0.551054
vt 0.493753 0.696896
vt 0.849914 0.620286
vt 0.786888 0.590045
vt 0.764767 0.544464
vt 0.769372 0.545496
vt 0.764664 0.566202
vt 0.772343 0.545427
vt 0.771122 0.562281
vt 0.778278 0.562410
vt 0.779603 0.574116
vt 0.798772 0.519163
vt 0.796806 0.529063
vt 0.796806 0.513352
vt 0.784429 0.580603
vt 0.778847 0.587773
vt 0.789345 0.594835
vt 0.779014 0.605134
vt 0.788746 0.619780
vt 0.785587 0.624446
vt 0.793401 0.640279
vt 0.786382 0.642027
vt 0.702686 0.897839
vt 0.704958 0.891467
vt 0.709959 0.902607
vt 0.711173 0.912734
vt 0.713272 0.893644
vt 0.722951 0.909930
vt 0.723715 0.902297
vt 0.731943 0.911835
vt 0.906371 0.302751
vt 0.914708 0.292677
vt 0.911867 0.319509
vt 0.453896 0.496028
vt 0.450847 0.478492
vt 0.453896 0.459490
vt 0.915355 0.340057
vt 0.924686 0.339381
vt 0.924660 0.361338
vt 0.922021 0.354082
vt 0.917150 0.383618
vt 0.783331 0.549000
vt 0.788591 0.575293
vt 0.779820 0.552410
vt 0.778698 0.522183
vt 0.775470 0.544830
vt 0.932394 0.619836
vt 0.942963 0.604351
vt 0.799399 0.691675
vt 0.798167 0.649311
vt 0.950103 0.556693
vt 0.936923 0.568830
vt 0.933576 0.546433
vt 0.932663 0.559947
vt 0.762876 0.614519
vt 0.759460 0.600098
vt 0.770434 0.609003
vt 0.771117 0.593352
vt 0.775629 0.622496
vt 0.765254 0.630123
vt 0.780103 0.635881
vt 0.776717 0.644423
vt 0.705675 0.924979
vt 0.858874 0.588474
vt 0.902980 0.327959
vt 0.918708 0.411159
vt 0.821307 0.865389
vt 0.815035 0.836426
vt 0.817886 0.837836
vt 0.821307 0.813795
vt 0.783381 0.566032
vt 0.796472 0.597326
vt 0.793553 0.612893
vt 0.800181 0.620730
vt 0.821092 0.885903
vt 0.815035 0.880609
vt 0.821092 0.865389
vt 0.922302 0.287378
vt 0.926720 0.310738
vt 0.919058 0.300231
vt 0.925259 0.279543
vt 0.915796 0.810020
vt 0.915796 0.795782
vt 0.918060 0.809173
vt 0.728057 0.617644
vt 0.726146 0.618942
vt 0.725120 0.609401
vt 0.874812 0.607560
vt 0.880246 0.610863
vt 0.879599 0.613155
vt 0.874812 0.618931
vt 0.714630 0.891781
vt 0.923753 0.281196
vt 0.928129 0.334797
vt 0.453368 0.590532
vt 0.455076 0.570897
vt 0.455076 0.599263
vt 0.454816 0.625449
vt 0.454816 0.656474
vt 0.453957 0.639437
vt 0.768269 0.540383
vt 0.767182 0.522016
vt 0.768269 0.501562
vt 0.796077 0.631231
vt 0.666367 0.875153
vt 0.664143 0.864523
vt 0.666367 0.853091
vt 0.800872 0.643318
vt 0.730300 0.609401
vt 0.454444 0.421199
vt 0.455099 0.449162
vt 0.450847 0.439358
vt 0.450847 0.459490
vt 0.454028 0.563265
vt 0.454028 0.542487
vt 0.455264 0.549460
vt 0.712695 0.609480
vt 0.716809 0.611095
vt 0.712695 0.620943
vt 0.763863 0.558624
vt 0.761326 0.571381
vt 0.931993 0.590320
vt 0.934628 0.576377
vt 0.753387 0.591522
vt 0.756650 0.584354
vt 0.761573 0.584395
vt 0.771580 0.574677
vt 0.739113 0.925061
vt 0.745037 0.925263
vt 0.743746 0.931233
vt 0.747204 0.929250
vt 0.949607 0.777196
vt 0.951687 0.773859
vt 0.955013 0.779973
vt 0.468479 0.426141
vt 0.930664 0.601971
vt 0.748582 0.923230
vt 0.931139 0.608545
vt 0.747732 0.917731
vt 0.737967 0.931036
vt 0.949320 0.782988
vt 0.951715 0.786241
vt 0.954612 0.787040
vt 0.959066 0.466030
vt 0.734799 0.928922
vt 0.454468 0.523587
vt 0.455355 0.525422
vt 0.454468 0.527545
vt 0.132708 0.665731
vt 0.128841 0.663777
vt 0.139744 0.656179
vt 0.148720 0.661648
vt 0.141851 0.650919
vt 0.151895 0.654604
vt 0.143191 0.644511
vt 0.154995 0.645877
vt 0.141883 0.636927
vt 0.132577 0.635013
vt 0.220821 0.630950
vt 0.227311 0.626963
vt 0.230108 0.633794
vt 0.240861 0.624948
vt 0.258345 0.630011
vt 0.594406 0.930164
vt 0.591541 0.932819
vt 0.591541 0.925867
vt 0.162784 0.654343
vt 0.157263 0.657277
vt 0.718651 0.620870
vt 0.716809 0.615473
vt 0.719713 0.617063
vt 0.719713 0.609480
vt 0.151342 0.671745
vt 0.144595 0.678305
vt 0.148226 0.685549
vt 0.136088 0.687183
vt 0.142390 0.692163
vt 0.696834 0.620676
vt 0.694449 0.621988
vt 0.917171 0.895600
vt 0.583401 0.925867
vt 0.587015 0.927034
vt 0.583401 0.934479
vt 0.122736 0.685103
vt 0.133425 0.681553
vt 0.142145 0.676022
vt 0.131752 0.670882
vt 0.821307 0.813795
vt 0.823836 0.813795
vt 0.823342 0.816450
vt 0.917361 0.815775
vt 0.917941 0.822724
vt 0.915796 0.815433
vt 0.917941 0.810020
vt 0.127005 0.666057
vt 0.126871 0.672345
vt 0.951776 0.525563
vt 0.956091 0.526230
vt 0.951538 0.530374
vt 0.220996 0.597060
vt 0.213055 0.599441
vt 0.226430 0.601615
vt 0.225219 0.609637
vt 0.817993 0.604818
vt 0.818145 0.597983
vt 0.819350 0.605240
vt 0.817993 0.610185
vt 0.218279 0.616300
vt 0.224965 0.613304
vt 0.216858 0.619283
vt 0.130755 0.655850
vt 0.131981 0.652226
vt 0.212469 0.618570
vt 0.213644 0.611024
vt 0.216327 0.608694
vt 0.218373 0.604012
vt 0.215262 0.604393
vt 0.221876 0.622409
vt 0.227199 0.617740
vt 0.231670 0.618467
vt 0.245924 0.618823
vt 0.237273 0.606072
vt 0.216654 0.627067
vt 0.134821 0.641966
vt 0.767967 0.860027
vt 0.771040 0.852328
vt 0.768524 0.865398
vt 0.773438 0.857540
vt 0.154421 0.714685
vt 0.161704 0.708948
vt 0.168957 0.716511
vt 0.450847 0.517504
vt 0.450847 0.508591
vt 0.455250 0.509515
vt 0.454127 0.496028
vt 0.168117 0.722409
vt 0.180697 0.725322
vt 0.188997 0.732572
vt 0.158272 0.726387
vt 0.146014 0.724386
vt 0.145761 0.718793
vt 0.824821 0.610123
vt 0.826369 0.613487
vt 0.820165 0.618221
vt 0.820690 0.614543
vt 0.573845 0.922298
vt 0.574473 0.926527
vt 0.567945 0.921571
vt 0.569099 0.916272
vt 0.822532 0.606806
vt 0.666580 0.929898
vt 0.663313 0.927896
vt 0.666580 0.923296
vt 0.772161 0.863712
vt 0.575595 0.928463
vt 0.972024 0.254517
vt 0.154125 0.748573
vt 0.144161 0.755648
vt 0.151147 0.741293
vt 0.139254 0.748941
vt 0.146963 0.741508
vt 0.141443 0.736474
vt 0.826703 0.620421
vt 0.820364 0.620421
vt 0.976901 0.245852
vt 0.134705 0.743599
vt 0.967944 0.915574
vt 0.967944 0.907111
vt 0.970434 0.912027
vt 0.157940 0.734150
vt 0.160175 0.738587
vt 0.167734 0.730209
vt 0.171196 0.735329
vt 0.184504 0.736471
vt 0.178424 0.742413
vt 0.189905 0.740510
vt 0.185840 0.745812
vt 0.855972 0.925558
vt 0.855972 0.933998
vt 0.853524 0.933097
vt 0.816670 0.617994
vt 0.812525 0.619088
vt 0.815457 0.615254
vt 0.812525 0.610232
vt 0.172775 0.741513
vt 0.162605 0.744014
vt 0.176441 0.750642
vt 0.165615 0.754891
vt 0.156626 0.757584
vt 0.969326 0.892216
vt 0.967944 0.883315
vt 0.972950 0.884859
vt 0.972950 0.878096
vt 0.966082 0.676312
vt 0.961865 0.674580
vt 0.967998 0.814416
vt 0.964664 0.815066
vt 0.966344 0.807627
vt 0.963626 0.808299
vt 0.039641 0.743456
vt 0.029095 0.744700
vt 0.037002 0.741027
vt 0.699927 0.925573
vt 0.931139 0.621496
vt 0.931139 0.601971
vt 0.935726 0.610956
vt 0.941049 0.604315
vt 0.730873 0.590841
vt 0.627896 0.617909
vt 0.942015 0.441515
vt 0.679102 0.612342
vt 0.863343 0.803070
vt 0.967299 0.659523
vt 0.972907 0.655241
vt 0.972907 0.671447
vt 0.926386 0.273652
s 0
usemtl Material.001
f 1/1/1 2/2/1 3/3/1
f 3/3/2 2/2/2 4/4/2
f 3/3/3 4/4/3 5/5/3
f 5/6/4 4/7/4 6/8/4
f 5/5/5 6/9/5 7/10/5
f 7/10/6 6/9/6 8/11/6
f 7/10/7 8/11/7 9/12/7
f 9/12/8 8/11/8 10/13/8
f 9/12/9 10/13/9 11/14/9
f 11/14/10 10/13/10 12/15/10
f 11/14/11 12/15/11 13/16/11
f 13/17/12 12/18/12 14/19/12
f 13/17/13 14/19/13 15/20/13
f 15/21/14 14/22/14 16/23/14
f 15/21/15 16/23/15 17/24/15
f 17/24/16 16/23/16 18/25/16
f 17/24/17 18/25/17 19/26/17
f 19/27/18 18/28/18 20/29/18
f 19/27/19 20/29/19 21/30/19
f 21/30/20 20/29/20 22/31/20
f 21/30/21 22/31/21 23/32/21
f 23/32/22 22/31/22 24/33/22
f 23/32/23 24/33/23 25/34/23
f 25/35/24 24/36/24 26/37/24
f 25/38/25 26/39/25 27/40/25
f 27/40/26 26/39/26 28/41/26
f 27/40/27 28/41/27 29/42/27
f 29/42/28 28/41/28 30/43/28
f 29/42/29 30/43/29 31/44/29
f 31/45/30 30/46/30 32/47/30
f 31/45/31 32/47/31 33/48/31
f 33/49/32 32/50/32 34/51/32
f 33/49/33 34/51/33 35/52/33
f 35/52/34 34/51/34 36/53/34
f 35/52/35 36/53/35 37/54/35
f 37/54/36 36/53/36 38/55/36
f 37/54/37 38/55/37 39/56/37
f 39/56/38 38/55/38 40/57/38
f 39/56/39 40/57/39 41/58/39
f 41/58/40 40/57/40 42/59/40
f 41/58/41 42/59/41 43/60/41
f 43/60/42 42/59/42 44/61/42
f 43/62/43 44/63/43 45/64/43
f 45/64/44 44/63/44 46/65/44
f 45/64/45 46/65/45 47/66/45
f 47/67/46 46/68/46 48/69/46
f 47/70/47 48/71/47 49/72/47
f 49/72/48 48/71/48 50/73/48
f 49/72/49 50/73/49 51/74/49
f 51/74/50 50/73/50 52/75/50
f 51/76/51 52/77/51 53/78/51
f 53/78/52 52/77/52 54/79/52
f 53/78/53 54/79/53 55/80/53
f 55/81/54 54/82/54 56/83/54
f 55/81/55 56/83/55 57/84/55
f 57/84/56 56/83/56 58/85/56
f 57/84/57 58/85/57 59/86/57
f 59/86/58 58/85/58 60/87/58
f 59/86/59 60/87/59 61/88/59
f 61/89/60 60/90/60 62/91/60
f 61/92/61 62/93/61 63/94/61
f 63/94/62 62/93/62 64/95/62
f 63/94/63 64/95/63 65/96/63
f 65/97/64 64/98/64 66/99/64
f 65/96/65 66/100/65 67/101/65
f 67/101/66 66/100/66 68/102/66
f 67/101/67 68/102/67 69/103/67
f 69/103/68 68/102/68 70/104/68
f 69/103/69 70/104/69 71/105/69
f 71/105/70 70/104/70 72/106/70
f 71/107/71 72/108/71 73/109/71
f 73/109/72 72/108/72 34/51/72
f 73/109/73 34/51/73 32/50/73
f 34/51/74 72/108/74 36/53/74
f 36/110/75 72/106/75 70/104/75
f 36/110/76 70/104/76 74/111/76
f 74/111/77 70/104/77 66/100/77
f 74/112/78 66/99/78 75/113/78
f 75/113/79 66/99/79 64/98/79
f 75/114/80 64/95/80 76/115/80
f 76/115/81 64/95/81 62/93/81
f 76/116/82 62/91/82 77/117/82
f 77/117/83 62/91/83 60/90/83
f 77/118/84 60/119/84 78/120/84
f 78/120/85 60/119/85 58/121/85
f 78/120/86 58/121/86 79/122/86
f 79/123/87 58/85/87 56/83/87
f 79/123/88 56/83/88 80/124/88
f 80/124/89 56/83/89 54/82/89
f 80/124/90 54/82/90 52/125/90
f 52/75/91 50/73/91 80/126/91
f 80/126/92 50/73/92 81/127/92
f 80/124/93 81/128/93 79/123/93
f 79/123/94 81/128/94 82/129/94
f 79/123/95 82/129/95 78/130/95
f 78/131/96 82/132/96 83/133/96
f 78/120/97 83/134/97 77/118/97
f 77/117/98 83/135/98 84/136/98
f 77/117/99 84/136/99 76/116/99
f 76/116/100 84/136/100 42/137/100
f 76/116/101 42/137/101 40/138/101
f 40/139/102 38/140/102 76/115/102
f 76/115/103 38/140/103 75/114/103
f 38/140/104 36/110/104 75/114/104
f 75/114/105 36/110/105 74/111/105
f 42/59/106 84/141/106 44/61/106
f 44/142/107 84/143/107 83/144/107
f 44/63/108 83/133/108 46/65/108
f 46/65/109 83/133/109 82/132/109
f 46/68/110 82/145/110 48/69/110
f 48/69/111 82/145/111 81/146/111
f 48/71/112 81/127/112 50/73/112
f 1/1/113 3/3/113 85/147/113
f 85/147/114 3/3/114 86/148/114
f 85/149/115 86/150/115 87/151/115
f 87/151/116 86/150/116 88/152/116
f 87/151/117 88/152/117 89/153/117
f 89/153/118 88/152/118 90/154/118
f 89/153/119 90/154/119 91/155/119
f 91/155/120 90/154/120 92/156/120
f 91/155/121 92/156/121 93/157/121
f 93/157/122 92/156/122 94/158/122
f 93/157/123 94/158/123 95/159/123
f 95/159/124 94/158/124 96/160/124
f 95/159/125 96/160/125 97/161/125
f 97/161/126 96/160/126 98/162/126
f 97/161/127 98/162/127 23/163/127
f 23/163/128 98/162/128 21/164/128
f 23/163/129 25/165/129 97/161/129
f 97/161/130 25/165/130 99/166/130
f 97/161/131 99/166/131 100/167/131
f 100/167/132 99/166/132 101/168/132
f 100/167/133 101/168/133 102/169/133
f 102/169/134 101/168/134 103/170/134
f 102/171/135 103/172/135 104/173/135
f 104/173/136 103/172/136 105/174/136
f 104/173/137 105/174/137 106/175/137
f 106/175/138 105/174/138 107/176/138
f 106/175/139 107/176/139 108/177/139
f 108/177/140 107/176/140 109/178/140
f 108/177/141 109/178/141 110/179/141
f 110/179/142 109/178/142 111/180/142
f 110/179/143 111/180/143 112/181/143
f 112/181/144 111/180/144 113/182/144
f 112/181/145 113/182/145 114/183/145
f 114/183/146 113/182/146 115/184/146
f 114/183/147 115/184/147 116/185/147
f 116/186/148 115/187/148 117/188/148
f 116/186/149 117/188/149 118/189/149
f 118/190/150 117/191/150 119/192/150
f 118/193/151 119/194/151 120/195/151
f 120/195/152 119/194/152 121/196/152
f 120/197/153 121/198/153 122/199/153
f 122/199/154 121/198/154 123/200/154
f 122/199/155 123/200/155 124/201/155
f 124/201/156 123/200/156 125/202/156
f 124/201/157 125/202/157 126/203/157
f 126/203/158 125/202/158 127/204/158
f 126/203/159 127/204/159 128/205/159
f 128/205/160 127/204/160 129/206/160
f 128/205/161 129/206/161 130/207/161
f 130/207/162 129/206/162 131/208/162
f 130/207/163 131/208/163 132/209/163
f 132/209/164 131/208/164 133/210/164
f 132/211/165 133/212/165 134/213/165
f 134/213/165 133/212/165 135/214/165
f 134/215/166 135/216/166 136/217/166
f 136/217/167 135/216/167 137/218/167
f 136/217/168 137/218/168 138/219/168
f 138/219/169 137/218/169 139/220/169
f 138/219/170 139/220/170 140/221/170
f 140/221/171 139/220/171 141/222/171
f 140/221/172 141/222/172 142/223/172
f 142/224/173 141/225/173 143/226/173
f 142/223/174 143/227/174 144/228/174
f 144/229/175 143/230/175 145/231/175
f 144/228/176 145/232/176 146/233/176
f 146/233/177 145/232/177 147/234/177
f 146/233/178 147/234/178 148/235/178
f 148/235/179 147/234/179 149/236/179
f 148/235/180 149/236/180 150/237/180
f 150/237/181 149/236/181 151/238/181
f 150/237/182 151/238/182 152/239/182
f 152/239/183 151/238/183 153/240/183
f 152/241/184 153/242/184 154/243/184
f 154/243/185 153/242/185 155/244/185
f 154/243/186 155/244/186 156/245/186
f 156/245/187 155/244/187 157/246/187
f 156/245/188 157/246/188 158/247/188
f 158/247/189 157/246/189 159/248/189
f 158/247/190 159/248/190 160/249/190
f 160/249/191 159/248/191 161/250/191
f 160/249/192 161/250/192 162/251/192
f 162/251/193 161/250/193 163/252/193
f 162/251/194 163/252/194 164/253/194
f 164/253/195 163/252/195 165/254/195
f 164/253/196 165/254/196 166/255/196
f 166/256/197 165/257/197 167/258/197
f 166/256/198 167/258/198 168/259/198
f 168/259/199 167/258/199 169/260/199
f 168/259/200 169/260/200 170/261/200
f 170/261/201 169/260/201 171/262/201
f 170/261/202 171/262/202 172/263/202
f 172/264/203 171/265/203 173/266/203
f 172/263/204 173/267/204 174/268/204
f 174/269/205 173/270/205 175/271/205
f 174/269/206 175/271/206 176/272/206
f 176/272/207 175/271/207 177/273/207
f 176/272/208 177/273/208 178/274/208
f 178/274/209 177/273/209 179/275/209
f 178/274/210 179/275/210 180/276/210
f 180/277/211 179/278/211 181/279/211
f 180/277/212 181/279/212 182/280/212
f 182/280/213 181/279/213 183/281/213
f 182/280/214 183/281/214 184/282/214
f 184/283/215 183/284/215 185/285/215
f 184/283/216 185/285/216 186/286/216
f 186/286/217 185/285/217 187/287/217
f 186/286/218 187/287/218 188/288/218
f 188/288/219 187/287/219 189/289/219
f 188/288/220 189/289/220 190/290/220
f 190/290/221 189/289/221 191/291/221
f 190/290/222 191/291/222 192/292/222
f 192/293/223 191/294/223 193/295/223
f 192/293/224 193/295/224 194/296/224
f 194/296/225 193/295/225 195/297/225
f 194/296/226 195/297/226 196/298/226
f 196/298/227 195/297/227 197/299/227
f 196/298/228 197/299/228 198/300/228
f 198/300/229 197/299/229 199/301/229
f 198/300/230 199/301/230 200/302/230
f 200/302/231 199/301/231 201/303/231
f 200/302/232 201/303/232 202/304/232
f 202/305/233 201/306/233 203/307/233
f 202/308/234 203/309/234 200/310/234
f 200/229/235 203/311/235 204/312/235
f 200/302/236 204/313/236 205/314/236
f 205/315/237 204/316/237 206/317/237
f 205/314/238 206/318/238 207/319/238
f 207/319/239 206/318/239 208/320/239
f 207/319/240 208/320/240 209/321/240
f 209/321/241 208/320/241 210/322/241
f 209/321/242 210/322/242 192/293/242
f 192/292/243 210/323/243 211/324/243
f 192/292/244 211/324/244 190/290/244
f 190/290/245 211/324/245 212/325/245
f 190/290/246 212/325/246 188/288/246
f 188/288/247 212/325/247 186/286/247
f 192/293/248 194/296/248 209/321/248
f 209/321/249 194/296/249 196/298/249
f 209/321/250 196/298/250 207/319/250
f 207/319/251 196/298/251 198/300/251
f 207/319/252 198/300/252 200/302/252
f 191/294/253 189/326/253 193/295/253
f 193/327/254 189/289/254 213/328/254
f 193/295/255 213/329/255 214/330/255
f 214/330/256 213/329/256 215/331/256
f 214/330/257 215/331/257 216/332/257
f 216/332/258 215/331/258 217/333/258
f 216/332/259 217/333/259 218/334/259
f 218/334/260 217/333/260 219/335/260
f 218/336/261 219/337/261 220/338/261
f 220/338/262 219/337/262 176/272/262
f 220/338/263 176/272/263 221/339/263
f 221/339/264 176/272/264 178/274/264
f 221/339/265 178/274/265 222/340/265
f 222/340/266 178/274/266 180/276/266
f 222/341/267 180/277/267 223/342/267
f 223/342/268 180/277/268 182/280/268
f 223/342/269 182/280/269 184/282/269
f 176/272/270 219/337/270 174/269/270
f 174/268/271 219/335/271 224/343/271
f 174/268/272 224/343/272 172/263/272
f 172/263/273 224/343/273 225/344/273
f 172/263/274 225/344/274 170/261/274
f 170/261/275 225/344/275 226/345/275
f 170/261/276 226/345/276 168/259/276
f 168/346/277 226/347/277 227/348/277
f 168/259/278 227/349/278 166/256/278
f 166/350/279 227/348/279 228/351/279
f 166/255/280 228/352/280 164/253/280
f 164/253/281 228/352/281 229/353/281
f 164/253/282 229/353/282 230/354/282
f 230/354/283 229/353/283 231/355/283
f 230/354/284 231/355/284 232/356/284
f 232/357/285 231/358/285 233/359/285
f 232/356/286 233/360/286 234/361/286
f 234/361/287 233/360/287 235/362/287
f 234/361/288 235/362/288 236/363/288
f 236/363/289 235/362/289 237/364/289
f 236/363/290 237/364/290 156/245/290
f 156/245/291 237/364/291 238/365/291
f 156/245/292 238/365/292 154/243/292
f 154/243/293 238/365/293 239/366/293
f 154/243/294 239/366/294 152/241/294
f 152/241/295 239/366/295 240/367/295
f 152/239/296 240/368/296 150/237/296
f 150/237/297 240/368/297 241/369/297
f 150/237/298 241/369/298 148/235/298
f 148/235/299 241/369/299 242/370/299
f 148/235/300 242/370/300 146/233/300
f 146/233/301 242/370/301 144/228/301
f 156/245/302 158/247/302 236/363/302
f 236/363/303 158/247/303 160/249/303
f 236/363/304 160/249/304 234/361/304
f 234/361/305 160/249/305 162/251/305
f 234/361/306 162/251/306 232/356/306
f 232/356/307 162/251/307 230/354/307
f 219/335/308 217/333/308 224/343/308
f 224/343/309 217/333/309 243/371/309
f 224/343/310 243/371/310 225/344/310
f 225/344/311 243/371/311 244/372/311
f 225/344/312 244/372/312 226/345/312
f 226/347/313 244/373/313 245/374/313
f 226/347/314 245/374/314 227/348/314
f 227/348/315 245/374/315 246/375/315
f 227/348/316 246/375/316 228/351/316
f 228/352/317 246/376/317 247/377/317
f 228/352/318 247/377/318 229/353/318
f 229/353/319 247/377/319 248/378/319
f 229/353/320 248/378/320 231/355/320
f 231/358/321 248/379/321 249/380/321
f 231/358/322 249/380/322 233/359/322
f 233/359/323 249/380/323 250/381/323
f 233/359/324 250/381/324 251/382/324
f 251/382/325 250/381/325 252/383/325
f 251/382/326 252/383/326 253/384/326
f 253/385/327 252/386/327 254/387/327
f 253/385/328 254/387/328 255/388/328
f 255/388/329 254/387/329 256/389/329
f 255/390/330 256/391/330 257/392/330
f 257/393/331 256/389/331 258/394/331
f 257/393/332 258/394/332 259/395/332
f 259/395/333 258/394/333 260/396/333
f 259/395/334 260/396/334 171/397/334
f 171/398/335 260/399/335 173/400/335
f 171/262/336 169/260/336 259/401/336
f 259/401/337 169/260/337 261/402/337
f 259/401/338 261/402/338 257/403/338
f 257/404/339 261/405/339 262/406/339
f 257/407/340 262/408/340 255/409/340
f 255/410/341 262/411/341 251/412/341
f 255/413/330 251/414/330 253/415/330
f 251/416/342 262/417/342 233/418/342
f 233/419/343 262/420/343 235/421/343
f 169/260/344 167/258/344 261/402/344
f 261/402/345 167/258/345 263/422/345
f 261/402/346 263/422/346 264/423/346
f 264/423/347 263/422/347 265/424/347
f 264/423/348 265/424/348 266/425/348
f 266/426/349 265/427/349 267/428/349
f 266/426/350 267/428/350 268/429/350
f 268/430/351 267/431/351 269/432/351
f 268/430/352 269/432/352 270/433/352
f 270/433/353 269/432/353 271/434/353
f 270/433/354 271/434/354 272/435/354
f 272/435/355 271/434/355 273/436/355
f 272/435/356 273/436/356 274/437/356
f 274/437/357 273/436/357 275/438/357
f 274/437/358 275/438/358 276/439/358
f 276/439/359 275/438/359 277/440/359
f 276/439/360 277/440/360 278/441/360
f 278/441/361 277/440/361 279/442/361
f 278/441/362 279/442/362 280/443/362
f 280/443/363 279/442/363 281/444/363
f 280/443/364 281/444/364 282/445/364
f 282/445/365 281/444/365 283/446/365
f 282/445/366 283/446/366 284/447/366
f 284/447/367 283/446/367 285/448/367
f 284/447/368 285/448/368 286/449/368
f 286/449/369 285/448/369 287/450/369
f 286/449/370 287/450/370 288/451/370
f 288/452/371 287/453/371 289/454/371
f 288/452/372 289/454/372 290/455/372
f 290/455/373 289/454/373 291/456/373
f 290/455/374 291/456/374 292/457/374
f 292/457/375 291/456/375 293/458/375
f 292/457/376 293/458/376 294/459/376
f 294/459/377 293/458/377 295/460/377
f 294/459/378 295/460/378 296/461/378
f 296/461/379 295/460/379 297/462/379
f 296/461/380 297/462/380 298/463/380
f 298/463/381 297/462/381 299/464/381
f 298/463/382 299/464/382 300/465/382
f 300/465/383 299/464/383 301/466/383
f 300/465/384 301/466/384 302/467/384
f 302/467/385 301/466/385 303/468/385
f 302/467/386 303/468/386 304/469/386
f 304/469/387 303/468/387 305/470/387
f 304/469/388 305/470/388 306/471/388
f 306/472/389 305/473/389 307/474/389
f 306/475/390 307/476/390 308/477/390
f 308/477/391 307/476/391 309/478/391
f 308/477/392 309/478/392 310/479/392
f 310/479/393 309/478/393 311/480/393
f 310/479/394 311/480/394 312/481/394
f 312/481/395 311/480/395 313/482/395
f 312/481/396 313/482/396 314/483/396
f 314/483/397 313/482/397 315/484/397
f 314/483/398 315/484/398 316/485/398
f 316/485/399 315/484/399 317/486/399
f 316/487/400 317/488/400 318/489/400
f 318/489/401 317/488/401 319/490/401
f 318/489/402 319/490/402 320/491/402
f 320/491/403 319/490/403 321/492/403
f 320/493/404 321/494/404 322/495/404
f 322/495/405 321/494/405 323/496/405
f 322/495/406 323/496/406 324/497/406
f 324/497/407 323/496/407 325/498/407
f 324/497/408 325/498/408 326/499/408
f 326/499/409 325/498/409 327/500/409
f 326/499/410 327/500/410 328/501/410
f 328/501/411 327/500/411 12/18/411
f 328/502/412 12/15/412 10/13/412
f 10/13/413 8/11/413 328/502/413
f 328/502/414 8/11/414 326/503/414
f 323/496/415 321/494/415 325/498/415
f 325/498/416 321/494/416 329/504/416
f 325/498/417 329/504/417 330/505/417
f 330/505/418 329/504/418 331/506/418
f 330/505/419 331/506/419 332/507/419
f 332/507/420 331/506/420 333/508/420
f 332/507/421 333/508/421 334/509/421
f 334/510/422 333/511/422 335/512/422
f 334/510/423 335/512/423 336/513/423
f 336/513/424 335/512/424 337/514/424
f 336/513/425 337/514/425 338/515/425
f 338/515/426 337/514/426 339/516/426
f 338/515/427 339/516/427 340/517/427
f 340/517/428 339/516/428 20/29/428
f 340/517/429 20/29/429 18/28/429
f 340/517/430 18/28/430 338/515/430
f 338/515/431 18/28/431 341/518/431
f 338/515/432 341/518/432 342/519/432
f 342/520/433 341/521/433 14/19/433
f 342/520/434 14/19/434 343/522/434
f 343/522/435 14/19/435 12/18/435
f 343/522/436 12/18/436 327/500/436
f 14/22/437 341/523/437 16/23/437
f 16/23/438 341/523/438 18/25/438
f 338/515/439 342/519/439 336/513/439
f 336/524/440 342/520/440 334/509/440
f 332/507/441 334/509/441 330/505/441
f 330/505/442 334/509/442 344/525/442
f 330/505/443 344/525/443 327/500/443
f 327/500/444 344/525/444 343/522/444
f 343/522/445 344/525/445 342/520/445
f 342/520/446 344/525/446 334/509/446
f 321/494/447 319/526/447 329/504/447
f 329/504/448 319/526/448 331/506/448
f 319/490/449 317/488/449 331/527/449
f 331/527/450 317/488/450 345/528/450
f 331/506/451 345/529/451 346/530/451
f 346/530/452 345/529/452 347/531/452
f 346/530/453 347/531/453 348/532/453
f 348/532/454 347/531/454 349/533/454
f 348/534/455 349/535/455 350/536/455
f 350/536/456 349/535/456 351/537/456
f 350/536/457 351/537/457 352/538/457
f 352/538/458 351/537/458 353/539/458
f 352/538/459 353/539/459 354/540/459
f 354/540/460 353/539/460 355/541/460
f 354/540/461 355/541/461 356/542/461
f 356/542/462 355/541/462 357/543/462
f 356/542/463 357/543/463 358/544/463
f 358/544/464 357/543/464 359/545/464
f 358/544/465 359/545/465 360/546/465
f 360/546/466 359/545/466 361/547/466
f 360/546/467 361/547/467 362/548/467
f 362/548/468 361/547/468 363/549/468
f 362/548/469 363/549/469 364/550/469
f 364/551/470 363/552/470 365/553/470
f 364/551/471 365/553/471 366/554/471
f 366/554/472 365/553/472 367/555/472
f 366/554/473 367/555/473 368/556/473
f 368/556/474 367/555/474 369/557/474
f 368/556/475 369/557/475 370/558/475
f 370/558/476 369/557/476 371/559/476
f 370/558/477 371/559/477 372/560/477
f 372/561/478 371/562/478 373/563/478
f 372/561/479 373/563/479 374/564/479
f 374/564/480 373/563/480 375/565/480
f 374/564/481 375/565/481 153/240/481
f 153/242/482 375/566/482 155/244/482
f 153/240/483 151/238/483 374/564/483
f 374/564/484 151/238/484 376/567/484
f 374/564/485 376/567/485 372/561/485
f 372/561/486 376/567/486 377/568/486
f 372/561/487 377/568/487 370/569/487
f 370/569/488 377/568/488 378/570/488
f 370/558/489 378/571/489 368/556/489
f 368/556/490 378/571/490 379/572/490
f 368/556/491 379/572/491 366/554/491
f 366/554/492 379/572/492 380/573/492
f 366/554/493 380/573/493 364/551/493
f 364/550/494 380/574/494 381/575/494
f 364/550/495 381/575/495 362/548/495
f 362/548/496 381/575/496 382/576/496
f 362/548/497 382/576/497 360/546/497
f 360/546/498 382/576/498 383/577/498
f 360/546/499 383/577/499 358/544/499
f 358/544/500 383/577/500 356/542/500
f 151/238/501 149/236/501 376/567/501
f 376/567/502 149/236/502 147/234/502
f 376/567/503 147/234/503 384/578/503
f 384/578/504 147/234/504 145/232/504
f 384/578/505 145/232/505 385/579/505
f 385/580/506 145/231/506 143/230/506
f 385/580/507 143/230/507 386/581/507
f 386/582/508 143/227/508 387/583/508
f 386/582/509 387/583/509 388/584/509
f 388/584/510 387/583/510 389/585/510
f 388/584/511 389/585/511 390/586/511
f 390/586/512 389/585/512 391/587/512
f 390/586/513 391/587/513 392/588/513
f 392/588/514 391/587/514 393/589/514
f 392/588/515 393/589/515 394/590/515
f 394/590/516 393/589/516 395/591/516
f 394/590/517 395/591/517 396/592/517
f 396/592/518 395/591/518 397/593/518
f 396/592/519 397/593/519 398/594/519
f 398/594/520 397/593/520 399/595/520
f 398/594/521 399/595/521 400/596/521
f 400/596/522 399/595/522 113/182/522
f 400/596/523 113/182/523 111/180/523
f 113/182/524 399/595/524 115/184/524
f 115/184/525 399/595/525 401/597/525
f 115/184/526 401/597/526 117/191/526
f 117/191/527 401/597/527 402/598/527
f 117/191/528 402/598/528 119/192/528
f 119/192/529 402/598/529 403/599/529
f 119/192/530 403/599/530 404/600/530
f 404/600/531 403/599/531 405/601/531
f 404/600/532 405/601/532 406/602/532
f 406/602/533 405/601/533 407/603/533
f 406/602/534 407/603/534 135/216/534
f 135/216/535 407/603/535 137/218/535
f 135/216/536 133/210/536 406/602/536
f 406/602/537 133/210/537 131/208/537
f 406/602/538 131/208/538 404/600/538
f 404/600/539 131/208/539 408/604/539
f 404/600/540 408/604/540 119/192/540
f 119/192/541 408/604/541 121/198/541
f 131/208/542 129/206/542 408/604/542
f 408/604/543 129/206/543 127/204/543
f 408/604/544 127/204/544 409/605/544
f 409/605/545 127/204/545 125/202/545
f 409/605/546 125/202/546 123/200/546
f 123/200/547 121/198/547 409/605/547
f 409/605/548 121/198/548 408/604/548
f 399/595/549 397/593/549 401/597/549
f 401/597/550 397/593/550 402/598/550
f 143/226/551 141/225/551 387/606/551
f 387/583/552 141/222/552 410/607/552
f 387/583/553 410/607/553 389/585/553
f 389/585/554 410/607/554 411/608/554
f 389/585/555 411/608/555 391/587/555
f 391/587/556 411/608/556 412/609/556
f 391/587/557 412/609/557 393/589/557
f 393/589/558 412/609/558 413/610/558
f 393/589/559 413/610/559 395/591/559
f 395/591/560 413/610/560 397/593/560
f 397/593/561 413/610/561 402/598/561
f 402/598/562 413/610/562 403/599/562
f 413/610/563 412/609/563 403/599/563
f 403/599/564 412/609/564 405/601/564
f 412/609/565 411/608/565 405/601/565
f 405/601/566 411/608/566 407/603/566
f 141/222/567 139/220/567 410/607/567
f 410/607/568 139/220/568 414/611/568
f 410/607/569 414/611/569 411/608/569
f 411/608/570 414/611/570 407/603/570
f 407/603/571 414/611/571 137/218/571
f 137/218/572 414/611/572 139/220/572
f 376/567/573 384/578/573 377/568/573
f 377/568/574 384/578/574 415/612/574
f 377/568/575 415/612/575 378/570/575
f 378/613/576 415/614/576 416/615/576
f 378/570/577 416/616/577 379/617/577
f 379/617/578 416/616/578 417/618/578
f 379/617/579 417/618/579 380/574/579
f 380/574/580 417/618/580 418/619/580
f 380/574/581 418/619/581 381/575/581
f 381/575/582 418/619/582 419/620/582
f 381/575/583 419/620/583 382/576/583
f 382/576/584 419/620/584 420/621/584
f 382/576/585 420/621/585 383/577/585
f 383/577/586 420/621/586 421/622/586
f 383/577/587 421/622/587 356/542/587
f 356/542/588 421/622/588 422/623/588
f 356/542/589 422/623/589 354/540/589
f 354/540/590 422/623/590 423/624/590
f 354/540/591 423/624/591 352/538/591
f 352/538/592 423/624/592 424/625/592
f 352/626/593 424/627/593 350/628/593
f 350/628/594 424/627/594 425/629/594
f 350/536/595 425/630/595 426/631/595
f 426/631/596 425/630/596 427/632/596
f 426/631/597 427/632/597 428/633/597
f 428/633/598 427/632/598 429/634/598
f 428/633/599 429/634/599 430/635/599
f 430/635/600 429/634/600 431/636/600
f 430/635/601 431/636/601 432/637/601
f 432/637/602 431/636/602 433/638/602
f 432/637/603 433/638/603 434/639/603
f 434/639/604 433/638/604 24/33/604
f 434/639/605 24/33/605 22/31/605
f 22/31/606 20/29/606 434/639/606
f 434/639/607 20/29/607 339/516/607
f 434/639/608 339/516/608 432/637/608
f 432/637/609 339/516/609 435/640/609
f 432/637/610 435/640/610 430/635/610
f 430/635/611 435/640/611 436/641/611
f 430/635/612 436/641/612 428/633/612
f 428/633/613 436/641/613 437/642/613
f 428/633/614 437/642/614 426/631/614
f 426/631/615 437/642/615 348/534/615
f 426/631/616 348/534/616 350/536/616
f 348/532/617 437/643/617 346/530/617
f 346/530/618 437/643/618 438/644/618
f 346/530/619 438/644/619 331/506/619
f 331/506/620 438/644/620 333/508/620
f 333/511/621 438/645/621 335/512/621
f 335/646/622 438/644/622 436/647/622
f 335/646/623 436/647/623 435/648/623
f 335/646/624 435/648/624 337/649/624
f 337/514/625 435/640/625 339/516/625
f 24/650/626 433/651/626 26/39/626
f 26/39/627 433/651/627 439/652/627
f 26/39/628 439/652/628 440/653/628
f 440/653/629 439/652/629 441/654/629
f 440/655/630 441/656/630 442/657/630
f 442/657/631 441/656/631 443/658/631
f 442/657/632 443/658/632 444/659/632
f 444/659/633 443/658/633 445/660/633
f 444/659/634 445/660/634 446/661/634
f 446/661/635 445/660/635 423/624/635
f 446/661/636 423/624/636 447/662/636
f 447/662/637 423/624/637 448/663/637
f 447/662/638 448/663/638 449/664/638
f 449/664/639 448/663/639 450/665/639
f 449/666/640 450/667/640 451/668/640
f 451/669/641 450/665/641 452/670/641
f 451/669/642 452/670/642 453/671/642
f 453/671/643 452/670/643 454/672/643
f 453/671/644 454/672/644 107/176/644
f 107/176/645 454/672/645 455/673/645
f 107/176/646 455/673/646 109/178/646
f 109/178/647 455/673/647 111/180/647
f 111/180/648 455/673/648 400/596/648
f 400/596/649 455/673/649 456/674/649
f 400/596/650 456/674/650 457/675/650
f 457/675/651 456/674/651 458/676/651
f 457/675/652 458/676/652 459/677/652
f 459/677/653 458/676/653 460/678/653
f 459/677/654 460/678/654 461/679/654
f 461/679/655 460/678/655 421/622/655
f 461/679/656 421/622/656 420/621/656
f 420/621/657 419/620/657 461/679/657
f 461/679/658 419/620/658 462/680/658
f 461/679/659 462/680/659 459/677/659
f 459/677/660 462/680/660 396/592/660
f 459/677/661 396/592/661 457/675/661
f 457/675/662 396/592/662 398/594/662
f 457/675/663 398/594/663 400/596/663
f 396/592/664 462/680/664 394/590/664
f 394/590/665 462/680/665 419/620/665
f 394/590/666 419/620/666 418/619/666
f 394/590/667 418/619/667 392/588/667
f 392/588/668 418/619/668 417/618/668
f 392/588/669 417/618/669 390/586/669
f 390/586/670 417/618/670 416/616/670
f 390/586/671 416/616/671 388/584/671
f 388/584/672 416/616/672 463/681/672
f 388/584/673 463/681/673 386/582/673
f 386/582/674 463/681/674 415/612/674
f 386/582/675 415/612/675 385/579/675
f 385/579/676 415/612/676 384/578/676
f 454/672/677 452/670/677 455/673/677
f 455/673/678 452/670/678 456/674/678
f 456/674/679 452/670/679 458/676/679
f 458/676/680 452/670/680 450/665/680
f 458/676/681 450/665/681 460/678/681
f 460/678/682 450/665/682 421/622/682
f 421/622/683 450/665/683 422/623/683
f 422/623/684 450/665/684 448/663/684
f 422/623/685 448/663/685 423/624/685
f 451/668/686 453/682/686 449/666/686
f 449/666/687 453/682/687 464/683/687
f 449/664/688 464/684/688 465/685/688
f 465/685/689 464/684/689 466/686/689
f 465/685/690 466/686/690 467/687/690
f 467/687/691 466/686/691 468/688/691
f 467/687/692 468/688/692 469/689/692
f 469/689/693 468/688/693 470/690/693
f 469/689/694 470/690/694 471/691/694
f 471/691/695 470/690/695 472/692/695
f 471/691/696 472/692/696 473/693/696
f 473/693/697 472/692/697 474/694/697
f 473/695/698 474/696/698 26/39/698
f 26/39/699 474/696/699 28/41/699
f 28/41/700 474/696/700 30/43/700
f 30/43/701 474/696/701 475/697/701
f 30/43/702 475/697/702 32/50/702
f 32/50/703 475/697/703 73/109/703
f 26/39/704 440/653/704 473/695/704
f 473/695/705 440/653/705 471/698/705
f 440/655/706 442/657/706 471/691/706
f 471/691/707 442/657/707 476/699/707
f 471/691/708 476/699/708 469/689/708
f 469/689/709 476/699/709 467/687/709
f 442/657/710 444/659/710 476/699/710
f 476/699/711 444/659/711 477/700/711
f 476/699/712 477/700/712 467/687/712
f 467/687/713 477/700/713 465/685/713
f 444/659/714 446/661/714 477/700/714
f 477/700/715 446/661/715 478/701/715
f 477/700/716 478/701/716 465/685/716
f 465/685/717 478/701/717 449/664/717
f 449/664/718 478/701/718 447/662/718
f 447/662/719 478/701/719 446/661/719
f 433/651/720 431/702/720 439/652/720
f 439/652/721 431/702/721 479/703/721
f 439/652/722 479/703/722 441/654/722
f 441/654/723 479/703/723 480/704/723
f 441/654/724 480/704/724 481/705/724
f 481/705/725 480/704/725 482/706/725
f 481/705/726 482/706/726 483/707/726
f 483/707/727 482/706/727 423/708/727
f 483/709/728 423/624/728 484/710/728
f 484/710/729 423/624/729 445/660/729
f 484/710/730 445/660/730 443/658/730
f 484/710/731 443/658/731 483/709/731
f 483/709/732 443/658/732 481/711/732
f 431/702/733 429/712/733 479/703/733
f 479/703/734 429/712/734 480/704/734
f 429/712/735 427/713/735 480/704/735
f 480/704/736 427/713/736 482/706/736
f 167/258/737 165/257/737 263/422/737
f 263/422/738 165/257/738 265/424/738
f 165/257/739 163/714/739 265/424/739
f 265/424/740 163/714/740 267/431/740
f 256/389/741 254/387/741 258/394/741
f 258/715/742 254/716/742 485/717/742
f 258/715/743 485/717/743 260/718/743
f 260/718/744 485/717/744 486/719/744
f 260/718/745 486/719/745 173/270/745
f 173/270/746 486/719/746 175/271/746
f 254/716/747 252/720/747 485/717/747
f 485/717/748 252/720/748 487/721/748
f 485/717/749 487/721/749 486/719/749
f 486/719/750 487/721/750 488/722/750
f 486/719/751 488/722/751 175/271/751
f 175/271/752 488/722/752 177/273/752
f 252/383/753 250/381/753 487/723/753
f 487/721/754 250/724/754 489/725/754
f 487/721/755 489/725/755 488/722/755
f 488/722/756 489/725/756 490/726/756
f 488/722/757 490/726/757 177/273/757
f 177/273/758 490/726/758 179/275/758
f 250/381/759 249/380/759 489/727/759
f 489/727/760 249/380/760 491/728/760
f 489/727/761 491/728/761 490/729/761
f 490/729/762 491/728/762 492/730/762
f 490/729/763 492/730/763 179/278/763
f 179/278/764 492/730/764 181/279/764
f 249/380/765 248/379/765 491/728/765
f 491/728/766 248/379/766 493/731/766
f 491/728/767 493/731/767 492/730/767
f 492/730/768 493/731/768 494/732/768
f 492/730/769 494/732/769 181/279/769
f 181/279/770 494/732/770 183/281/770
f 248/733/771 247/734/771 493/735/771
f 493/735/772 247/734/772 495/736/772
f 493/735/773 495/736/773 494/737/773
f 494/737/774 495/736/774 496/738/774
f 494/737/775 496/738/775 183/284/775
f 183/284/776 496/738/776 185/285/776
f 247/734/777 246/375/777 495/736/777
f 495/736/778 246/375/778 497/739/778
f 495/736/779 497/739/779 496/738/779
f 496/738/780 497/739/780 498/740/780
f 496/738/781 498/740/781 185/285/781
f 185/285/782 498/740/782 187/287/782
f 246/375/783 245/374/783 497/739/783
f 497/739/784 245/374/784 499/741/784
f 497/739/785 499/741/785 498/740/785
f 498/740/786 499/741/786 500/742/786
f 498/740/787 500/742/787 187/287/787
f 187/287/788 500/742/788 189/289/788
f 189/289/789 500/742/789 213/328/789
f 213/328/790 500/742/790 501/743/790
f 213/329/791 501/744/791 215/331/791
f 215/331/792 501/744/792 243/371/792
f 215/331/793 243/371/793 217/333/793
f 243/371/794 501/744/794 244/372/794
f 244/373/795 501/743/795 499/741/795
f 244/373/796 499/741/796 245/374/796
f 193/295/797 214/330/797 195/297/797
f 195/297/798 214/330/798 216/332/798
f 195/297/799 216/332/799 197/299/799
f 197/299/800 216/332/800 218/334/800
f 197/745/801 218/336/801 220/338/801
f 3/746/802 5/747/802 86/748/802
f 86/148/803 5/5/803 502/749/803
f 86/150/804 502/750/804 88/152/804
f 88/152/805 502/750/805 503/751/805
f 88/152/806 503/751/806 90/154/806
f 90/154/807 503/751/807 504/752/807
f 90/154/808 504/752/808 92/156/808
f 92/156/809 504/752/809 505/753/809
f 92/156/810 505/753/810 94/158/810
f 94/158/811 505/753/811 96/160/811
f 5/5/812 7/10/812 502/749/812
f 502/750/813 7/754/813 506/755/813
f 502/750/814 506/755/814 503/751/814
f 503/751/815 506/755/815 507/756/815
f 503/751/816 507/756/816 504/752/816
f 504/752/817 507/756/817 508/757/817
f 504/752/818 508/757/818 505/753/818
f 505/753/819 508/757/819 509/758/819
f 505/753/820 509/758/820 96/160/820
f 96/160/821 509/758/821 98/162/821
f 7/754/822 9/759/822 506/755/822
f 506/760/823 9/12/823 11/14/823
f 506/760/824 11/14/824 510/761/824
f 510/761/825 11/14/825 13/16/825
f 510/762/826 13/763/826 511/764/826
f 511/764/827 13/763/827 15/21/827
f 511/764/828 15/21/828 512/765/828
f 512/765/829 15/21/829 17/24/829
f 512/765/830 17/24/830 509/758/830
f 509/758/831 17/24/831 513/766/831
f 509/758/832 513/766/832 98/162/832
f 98/162/833 513/766/833 21/164/833
f 21/164/834 513/766/834 19/26/834
f 19/26/835 513/766/835 17/24/835
f 509/758/836 508/757/836 512/765/836
f 512/765/837 508/757/837 511/764/837
f 508/767/838 507/768/838 511/769/838
f 511/769/839 507/768/839 510/761/839
f 2/2/840 514/770/840 4/4/840
f 4/4/841 514/770/841 515/771/841
f 4/7/842 515/772/842 6/8/842
f 6/8/843 515/772/843 516/773/843
f 6/9/844 516/774/844 8/11/844
f 8/11/845 516/774/845 517/775/845
f 8/11/846 517/775/846 518/776/846
f 518/776/847 517/775/847 519/777/847
f 518/776/848 519/777/848 520/778/848
f 520/778/849 519/777/849 521/779/849
f 520/780/850 521/781/850 322/495/850
f 322/495/851 521/781/851 522/782/851
f 322/495/852 522/782/852 523/783/852
f 523/783/853 522/782/853 524/784/853
f 523/783/854 524/784/854 525/785/854
f 525/785/855 524/784/855 526/786/855
f 525/785/856 526/786/856 527/787/856
f 527/787/857 526/786/857 528/788/857
f 527/787/858 528/788/858 529/789/858
f 529/789/859 528/788/859 530/790/859
f 529/789/860 530/790/860 531/791/860
f 531/792/861 530/793/861 532/794/861
f 531/792/862 532/794/862 533/795/862
f 533/795/863 532/794/863 534/796/863
f 533/795/864 534/796/864 535/797/864
f 535/797/865 534/796/865 536/798/865
f 535/797/866 536/798/866 537/799/866
f 537/799/867 536/798/867 538/800/867
f 537/799/868 538/800/868 539/801/868
f 539/801/869 538/800/869 540/802/869
f 539/803/870 540/804/870 541/805/870
f 541/805/871 540/804/871 542/806/871
f 541/805/872 542/806/872 543/807/872
f 543/807/873 542/806/873 544/808/873
f 543/807/874 544/808/874 545/809/874
f 545/809/875 544/808/875 546/810/875
f 545/809/876 546/810/876 547/811/876
f 547/811/877 546/810/877 548/812/877
f 547/813/878 548/814/878 549/815/878
f 549/816/879 548/812/879 550/817/879
f 549/816/880 550/817/880 551/818/880
f 551/818/881 550/817/881 552/819/881
f 551/818/882 552/819/882 553/820/882
f 553/820/883 552/819/883 554/821/883
f 553/822/884 554/823/884 555/824/884
f 555/824/885 554/823/885 556/825/885
f 555/824/886 556/825/886 557/826/886
f 557/826/887 556/825/887 558/827/887
f 557/826/888 558/827/888 559/828/888
f 559/828/889 558/827/889 560/829/889
f 559/828/890 560/829/890 561/830/890
f 561/830/891 560/829/891 562/831/891
f 561/830/892 562/831/892 563/832/892
f 563/832/893 562/831/893 564/833/893
f 563/832/894 564/833/894 565/834/894
f 565/834/895 564/833/895 566/835/895
f 565/836/896 566/837/896 567/838/896
f 567/838/897 566/837/897 568/839/897
f 567/838/898 568/839/898 569/840/898
f 569/840/899 568/839/899 570/841/899
f 569/840/900 570/841/900 571/842/900
f 571/842/901 570/841/901 572/843/901
f 571/842/902 572/843/902 573/844/902
f 573/844/903 572/843/903 574/845/903
f 573/844/904 574/845/904 575/846/904
f 575/846/905 574/845/905 576/847/905
f 575/848/906 576/849/906 577/850/906
f 577/850/907 576/849/907 578/851/907
f 577/850/908 578/851/908 579/852/908
f 579/852/909 578/851/909 580/853/909
f 579/852/910 580/853/910 581/854/910
f 581/855/911 580/856/911 582/857/911
f 581/855/912 582/857/912 583/858/912
f 583/858/913 582/857/913 584/859/913
f 583/860/914 584/861/914 585/862/914
f 585/863/915 584/859/915 586/864/915
f 585/863/916 586/864/916 587/865/916
f 587/865/917 586/864/917 588/866/917
f 587/865/918 588/866/918 589/867/918
f 589/867/919 588/866/919 590/868/919
f 589/867/920 590/868/920 591/869/920
f 591/869/921 590/868/921 592/870/921
f 591/869/922 592/870/922 593/871/922
f 593/871/923 592/870/923 594/872/923
f 593/871/924 594/872/924 595/873/924
f 595/873/925 594/872/925 596/874/925
f 595/873/926 596/874/926 597/875/926
f 597/875/927 596/874/927 598/876/927
f 597/875/928 598/876/928 599/877/928
f 599/877/929 598/876/929 600/878/929
f 599/879/930 600/880/930 601/881/930
f 601/881/931 600/880/931 602/882/931
f 601/883/932 602/884/932 603/885/932
f 603/886/933 602/887/933 604/888/933
f 603/889/934 604/890/934 605/891/934
f 605/891/935 604/890/935 606/892/935
f 605/893/936 606/894/936 607/895/936
f 607/895/937 606/894/937 608/896/937
f 607/895/938 608/896/938 609/897/938
f 609/897/939 608/896/939 610/898/939
f 609/899/940 610/900/940 611/901/940
f 611/901/941 610/900/941 568/902/941
f 611/903/942 568/904/942 612/905/942
f 612/906/943 568/839/943 566/837/943
f 612/906/944 566/837/944 613/907/944
f 613/908/945 566/835/945 564/833/945
f 613/908/946 564/833/946 562/831/946
f 596/874/947 594/872/947 598/876/947
f 598/876/948 594/872/948 614/909/948
f 598/876/949 614/909/949 615/910/949
f 615/910/950 614/909/950 616/911/950
f 615/910/951 616/911/951 617/912/951
f 617/913/952 616/914/952 618/915/952
f 617/912/953 618/916/953 619/917/953
f 619/917/954 618/916/954 620/918/954
f 619/917/955 620/918/955 621/919/955
f 621/920/956 620/921/956 576/922/956
f 621/923/957 576/924/957 574/925/957
f 576/926/958 620/918/958 578/927/958
f 578/927/959 620/918/959 622/928/959
f 578/927/960 622/928/960 580/856/960
f 580/856/961 622/928/961 582/857/961
f 620/918/962 618/916/962 622/928/962
f 622/928/963 618/916/963 623/929/963
f 622/928/964 623/929/964 624/930/964
f 624/930/965 623/929/965 625/931/965
f 624/930/966 625/931/966 626/932/966
f 626/932/967 625/931/967 586/864/967
f 626/932/968 586/864/968 584/859/968
f 626/932/969 584/859/969 624/930/969
f 624/933/970 584/934/970 582/935/970
f 624/933/971 582/935/971 622/936/971
f 618/915/972 616/914/972 623/937/972
f 623/937/973 616/914/973 627/938/973
f 623/937/974 627/938/974 625/939/974
f 625/939/975 627/938/975 590/940/975
f 625/931/976 590/868/976 586/864/976
f 586/864/977 590/868/977 588/866/977
f 590/868/978 627/941/978 592/870/978
f 592/870/979 627/941/979 614/909/979
f 592/870/980 614/909/980 594/872/980
f 581/854/981 583/860/981 579/852/981
f 579/852/982 583/860/982 628/942/982
f 579/852/983 628/942/983 629/943/983
f 629/943/984 628/942/984 630/944/984
f 629/943/985 630/944/985 631/945/985
f 631/945/986 630/944/986 632/946/986
f 631/945/987 632/946/987 633/947/987
f 633/947/988 632/946/988 634/948/988
f 633/947/989 634/948/989 635/949/989
f 635/949/990 634/948/990 636/950/990
f 635/949/991 636/950/991 637/951/991
f 637/951/992 636/950/992 638/952/992
f 637/951/993 638/952/993 639/953/993
f 639/953/994 638/952/994 640/954/994
f 639/955/995 640/956/995 641/957/995
f 641/958/996 640/959/996 642/960/996
f 641/957/997 642/961/997 643/962/997
f 643/962/998 642/961/998 644/963/998
f 643/962/999 644/963/999 645/964/999
f 645/965/1000 644/966/1000 646/967/1000
f 645/965/1001 646/967/1001 647/968/1001
f 647/968/1002 646/967/1002 648/969/1002
f 647/968/1003 648/969/1003 649/970/1003
f 649/970/1004 648/969/1004 561/830/1004
f 649/970/1005 561/830/1005 650/971/1005
f 650/971/1006 561/830/1006 563/832/1006
f 650/971/1007 563/832/1007 651/972/1007
f 651/972/1008 563/832/1008 565/834/1008
f 651/973/1009 565/836/1009 567/838/1009
f 567/838/1010 569/840/1010 651/973/1010
f 651/973/1011 569/840/1011 652/974/1011
f 651/973/1012 652/974/1012 653/975/1012
f 653/976/1013 652/977/1013 654/978/1013
f 653/976/1014 654/978/1014 655/979/1014
f 655/979/1015 654/978/1015 656/980/1015
f 655/979/1016 656/980/1016 657/981/1016
f 657/981/1017 656/980/1017 658/982/1017
f 657/981/1018 658/982/1018 659/983/1018
f 659/983/1019 658/982/1019 660/984/1019
f 659/983/1020 660/984/1020 661/985/1020
f 661/985/1021 660/984/1021 662/986/1021
f 661/985/1022 662/986/1022 663/987/1022
f 663/987/1023 662/986/1023 664/988/1023
f 663/987/1024 664/988/1024 635/949/1024
f 635/949/1025 664/988/1025 633/947/1025
f 633/947/1026 664/988/1026 631/945/1026
f 631/945/1027 664/988/1027 629/943/1027
f 664/988/1028 662/986/1028 629/943/1028
f 629/943/1029 662/986/1029 665/989/1029
f 629/943/1030 665/989/1030 579/852/1030
f 579/852/1031 665/989/1031 666/990/1031
f 579/852/1032 666/990/1032 577/850/1032
f 577/991/1033 666/992/1033 667/993/1033
f 577/991/1034 667/993/1034 668/994/1034
f 668/995/1035 667/996/1035 669/997/1035
f 668/998/1036 669/999/1036 670/1000/1036
f 670/1000/1037 669/999/1037 571/1001/1037
f 670/1002/1038 571/1003/1038 573/1004/1038
f 573/1004/1039 575/848/1039 670/1002/1039
f 670/1002/1040 575/848/1040 668/1005/1040
f 662/986/1041 660/984/1041 665/989/1041
f 665/989/1042 660/984/1042 671/1006/1042
f 665/989/1043 671/1006/1043 666/990/1043
f 666/992/1044 671/1007/1044 672/1008/1044
f 666/992/1045 672/1008/1045 667/993/1045
f 667/1009/1046 672/1010/1046 669/1011/1046
f 660/984/1047 658/982/1047 671/1006/1047
f 671/1007/1048 658/1012/1048 672/1008/1048
f 658/1013/1049 656/1014/1049 672/1010/1049
f 672/1010/1050 656/1014/1050 669/1011/1050
f 656/980/1051 654/978/1051 669/1015/1051
f 669/1016/1052 654/1017/1052 571/842/1052
f 654/1017/1053 652/974/1053 571/842/1053
f 571/842/1054 652/974/1054 569/840/1054
f 635/949/1055 637/951/1055 663/987/1055
f 663/987/1056 637/951/1056 673/1018/1056
f 663/987/1057 673/1018/1057 661/985/1057
f 661/985/1058 673/1018/1058 674/1019/1058
f 661/985/1059 674/1019/1059 659/983/1059
f 659/983/1060 674/1019/1060 675/1020/1060
f 659/983/1061 675/1020/1061 657/981/1061
f 657/981/1062 675/1020/1062 676/1021/1062
f 657/981/1063 676/1021/1063 655/979/1063
f 655/979/1064 676/1021/1064 653/976/1064
f 653/1022/1065 676/1023/1065 651/972/1065
f 651/972/1066 676/1023/1066 650/971/1066
f 676/1023/1067 675/1024/1067 650/971/1067
f 650/971/1068 675/1024/1068 649/970/1068
f 561/830/1069 648/969/1069 559/828/1069
f 559/828/1070 648/969/1070 557/826/1070
f 648/969/1071 646/967/1071 557/826/1071
f 557/826/1072 646/967/1072 644/966/1072
f 557/826/1073 644/966/1073 677/1025/1073
f 677/1025/1074 644/966/1074 642/1026/1074
f 677/1025/1075 642/1026/1075 678/1027/1075
f 678/1027/1076 642/1026/1076 679/1028/1076
f 678/1029/1077 679/1030/1077 680/1031/1077
f 680/1031/1078 679/1030/1078 681/1032/1078
f 680/1031/1079 681/1032/1079 682/1033/1079
f 682/1033/1080 681/1032/1080 683/1034/1080
f 682/1033/1081 683/1034/1081 684/1035/1081
f 684/1035/1082 683/1034/1082 685/1036/1082
f 684/1037/1083 685/1038/1083 686/1039/1083
f 686/1039/1084 685/1038/1084 687/1040/1084
f 686/1039/1085 687/1040/1085 688/1041/1085
f 688/1041/1086 687/1040/1086 689/1042/1086
f 688/1041/1087 689/1042/1087 690/1043/1087
f 690/1043/1088 689/1042/1088 691/1044/1088
f 690/1043/1089 691/1044/1089 692/1045/1089
f 692/1046/1090 691/1047/1090 693/1048/1090
f 692/1046/1091 693/1048/1091 694/1049/1091
f 694/1049/1092 693/1048/1092 695/1050/1092
f 694/1049/1093 695/1050/1093 696/1051/1093
f 696/1051/1094 695/1050/1094 697/1052/1094
f 696/1051/1095 697/1052/1095 698/1053/1095
f 698/1053/1096 697/1052/1096 699/1054/1096
f 698/1053/1097 699/1054/1097 700/1055/1097
f 700/1055/1098 699/1054/1098 701/1056/1098
f 700/1055/1099 701/1056/1099 702/1057/1099
f 702/1057/1100 701/1056/1100 703/1058/1100
f 702/1057/1101 703/1058/1101 704/1059/1101
f 704/1059/1102 703/1058/1102 705/1060/1102
f 704/1059/1103 705/1060/1103 706/1061/1103
f 706/1061/1104 705/1060/1104 707/1062/1104
f 706/1061/1105 707/1062/1105 708/1063/1105
f 708/1063/1106 707/1062/1106 709/1064/1106
f 708/1063/1107 709/1064/1107 710/1065/1107
f 710/1065/1108 709/1064/1108 547/811/1108
f 710/1066/1109 547/1067/1109 549/1068/1109
f 549/816/1110 551/818/1110 710/1065/1110
f 710/1065/1111 551/818/1111 711/1069/1111
f 710/1065/1112 711/1069/1112 712/1070/1112
f 712/1070/1113 711/1069/1113 713/1071/1113
f 712/1070/1114 713/1071/1114 714/1072/1114
f 714/1072/1115 713/1071/1115 715/1073/1115
f 714/1072/1116 715/1073/1116 716/1074/1116
f 716/1075/1117 715/1076/1117 717/1077/1117
f 716/1075/1118 717/1077/1118 718/1078/1118
f 718/1078/1119 717/1077/1119 719/1079/1119
f 718/1078/1120 719/1079/1120 720/1080/1120
f 720/1080/1121 719/1079/1121 680/1031/1121
f 720/1080/1122 680/1031/1122 721/1081/1122
f 721/1081/1123 680/1031/1123 682/1033/1123
f 721/1081/1124 682/1033/1124 722/1082/1124
f 722/1082/1125 682/1033/1125 723/1083/1125
f 722/1082/1126 723/1083/1126 724/1084/1126
f 724/1084/1127 723/1083/1127 725/1085/1127
f 724/1084/1128 725/1085/1128 726/1086/1128
f 726/1086/1129 725/1085/1129 727/1087/1129
f 726/1086/1130 727/1087/1130 728/1088/1130
f 728/1088/1131 727/1087/1131 729/1089/1131
f 728/1090/1132 729/1091/1132 730/1092/1132
f 730/1092/1133 729/1091/1133 731/1093/1133
f 730/1094/1134 731/1095/1134 732/1096/1134
f 732/1096/1135 731/1095/1135 733/1097/1135
f 732/1096/1136 733/1097/1136 734/1098/1136
f 734/1099/1137 733/1100/1137 735/1101/1137
f 734/1099/1138 735/1101/1138 736/1102/1138
f 736/1102/1139 735/1101/1139 737/1103/1139
f 736/1104/1140 737/1105/1140 738/1106/1140
f 738/1106/1141 737/1105/1141 739/1107/1141
f 738/1108/1142 739/1109/1142 730/1092/1142
f 730/1092/1143 739/1109/1143 728/1090/1143
f 730/1092/1144 732/1110/1144 738/1108/1144
f 738/1111/1145 732/1112/1145 736/1113/1145
f 723/1083/1146 682/1033/1146 725/1085/1146
f 725/1085/1147 682/1033/1147 684/1035/1147
f 725/1085/1148 684/1035/1148 727/1087/1148
f 727/1114/1149 684/1037/1149 686/1039/1149
f 727/1114/1150 686/1039/1150 729/1115/1150
f 729/1115/1151 686/1039/1151 688/1041/1151
f 729/1115/1152 688/1041/1152 731/1095/1152
f 731/1095/1153 688/1041/1153 690/1043/1153
f 731/1095/1154 690/1043/1154 733/1097/1154
f 733/1097/1155 690/1043/1155 692/1045/1155
f 733/1100/1156 692/1046/1156 740/1116/1156
f 740/1116/1157 692/1046/1157 694/1049/1157
f 740/1116/1158 694/1049/1158 741/1117/1158
f 741/1117/1159 694/1049/1159 696/1051/1159
f 741/1117/1160 696/1051/1160 698/1053/1160
f 680/1031/1161 719/1079/1161 678/1029/1161
f 678/1029/1162 719/1079/1162 717/1077/1162
f 678/1029/1163 717/1077/1163 742/1118/1163
f 742/1118/1164 717/1077/1164 743/1119/1164
f 742/1120/1165 743/1121/1165 555/824/1165
f 555/824/1166 743/1121/1166 553/822/1166
f 717/1077/1167 715/1076/1167 743/1119/1167
f 743/1122/1168 715/1073/1168 713/1071/1168
f 743/1123/1169 713/1124/1169 711/1125/1169
f 743/1122/1170 711/1069/1170 553/820/1170
f 553/820/1171 711/1069/1171 551/818/1171
f 678/1027/1172 742/1120/1172 677/1025/1172
f 677/1025/1173 742/1120/1173 555/824/1173
f 677/1025/1174 555/824/1174 557/826/1174
f 710/1065/1175 712/1070/1175 708/1063/1175
f 708/1063/1176 712/1070/1176 744/1126/1176
f 708/1063/1177 744/1126/1177 706/1061/1177
f 706/1061/1178 744/1126/1178 745/1127/1178
f 706/1061/1179 745/1127/1179 704/1059/1179
f 704/1059/1180 745/1127/1180 702/1057/1180
f 642/1128/1181 640/1129/1181 679/1130/1181
f 679/1131/1182 640/1132/1182 746/1133/1182
f 679/1030/1183 746/1134/1183 681/1032/1183
f 681/1032/1184 746/1134/1184 683/1034/1184
f 322/495/1185 523/783/1185 320/493/1185
f 320/491/1186 523/1135/1186 318/489/1186
f 322/495/1187 324/497/1187 520/780/1187
f 520/1136/1188 324/1137/1188 518/1138/1188
f 324/497/1189 326/499/1189 518/1139/1189
f 518/776/1190 326/503/1190 8/11/1190
f 747/1140/1191 748/1141/1191 749/1142/1191
f 749/1143/1192 748/1144/1192 750/1145/1192
f 749/1146/1193 750/1147/1193 751/1148/1193
f 751/1149/1194 750/1150/1194 752/1151/1194
f 751/1152/1195 752/1153/1195 753/1154/1195
f 753/1155/1196 752/1151/1196 754/1156/1196
f 753/1155/1197 754/1156/1197 755/1157/1197
f 755/1157/1198 754/1156/1198 756/1158/1198
f 755/1157/1199 756/1158/1199 757/1159/1199
f 757/1159/1200 756/1158/1200 758/1160/1200
f 757/1159/1201 758/1160/1201 759/1161/1201
f 759/1161/1202 758/1160/1202 760/1162/1202
f 759/1161/1203 760/1162/1203 761/1163/1203
f 761/1163/1204 760/1162/1204 762/1164/1204
f 761/1163/1205 762/1164/1205 763/1165/1205
f 763/1166/1206 762/1167/1206 764/1168/1206
f 763/1165/1207 764/1169/1207 765/1170/1207
f 765/1170/1208 764/1169/1208 766/1171/1208
f 765/1170/1209 766/1171/1209 767/1172/1209
f 767/1172/1210 766/1171/1210 768/1173/1210
f 767/1172/1211 768/1173/1211 769/1174/1211
f 769/1174/1212 768/1173/1212 770/1175/1212
f 769/1174/1213 770/1175/1213 771/1176/1213
f 771/1176/1214 770/1175/1214 772/1177/1214
f 771/1176/1215 772/1177/1215 773/1178/1215
f 773/1178/1216 772/1177/1216 774/1179/1216
f 773/1178/1217 774/1179/1217 282/445/1217
f 282/445/1218 774/1179/1218 775/1180/1218
f 282/445/1219 775/1180/1219 280/443/1219
f 280/443/1220 775/1180/1220 278/441/1220
f 282/445/1221 284/447/1221 773/1178/1221
f 773/1178/1222 284/447/1222 776/1181/1222
f 773/1178/1223 776/1181/1223 771/1176/1223
f 771/1176/1224 776/1181/1224 777/1182/1224
f 771/1176/1225 777/1182/1225 769/1174/1225
f 769/1174/1226 777/1182/1226 778/1183/1226
f 769/1174/1227 778/1183/1227 767/1172/1227
f 767/1172/1228 778/1183/1228 779/1184/1228
f 767/1172/1229 779/1184/1229 765/1170/1229
f 765/1170/1230 779/1184/1230 763/1165/1230
f 763/1165/1231 779/1184/1231 761/1163/1231
f 761/1163/1232 779/1184/1232 780/1185/1232
f 761/1163/1233 780/1185/1233 759/1161/1233
f 759/1161/1234 780/1185/1234 781/1186/1234
f 759/1161/1235 781/1186/1235 757/1159/1235
f 757/1159/1236 781/1186/1236 782/1187/1236
f 757/1159/1237 782/1187/1237 783/1188/1237
f 783/1188/1238 782/1187/1238 784/1189/1238
f 783/1188/1239 784/1189/1239 785/1190/1239
f 785/1190/1240 784/1189/1240 786/1191/1240
f 785/1192/1241 786/1193/1241 787/1194/1241
f 787/1194/1242 786/1193/1242 788/1195/1242
f 787/1194/1243 788/1195/1243 789/1196/1243
f 789/1196/1244 788/1195/1244 790/1197/1244
f 789/1198/1245 790/1199/1245 791/1200/1245
f 791/1201/1246 790/1202/1246 528/788/1246
f 791/1201/1247 528/788/1247 792/1203/1247
f 792/1203/1248 528/788/1248 526/786/1248
f 792/1203/1249 526/786/1249 793/1204/1249
f 793/1204/1250 526/786/1250 524/784/1250
f 793/1204/1251 524/784/1251 522/782/1251
f 522/782/1252 521/781/1252 793/1204/1252
f 793/1205/1253 521/1206/1253 794/1207/1253
f 793/1205/1254 794/1207/1254 795/1208/1254
f 795/1209/1255 794/1210/1255 796/1211/1255
f 795/1209/1256 796/1211/1256 797/1212/1256
f 797/1212/1257 796/1211/1257 798/1213/1257
f 797/1214/1258 798/1215/1258 799/1216/1258
f 799/1216/1259 798/1215/1259 753/1154/1259
f 799/1217/1260 753/1155/1260 800/1218/1260
f 800/1218/1261 753/1155/1261 755/1157/1261
f 800/1218/1262 755/1157/1262 783/1188/1262
f 783/1188/1263 755/1157/1263 757/1159/1263
f 783/1188/1264 785/1190/1264 800/1218/1264
f 800/1218/1265 785/1190/1265 801/1219/1265
f 800/1218/1266 801/1219/1266 799/1217/1266
f 799/1216/1267 801/1220/1267 802/1221/1267
f 799/1216/1268 802/1221/1268 797/1214/1268
f 797/1214/1269 802/1221/1269 803/1222/1269
f 797/1214/1270 803/1222/1270 795/1208/1270
f 795/1208/1271 803/1222/1271 792/1223/1271
f 795/1208/1272 792/1223/1272 793/1205/1272
f 785/1190/1273 787/1224/1273 801/1219/1273
f 801/1220/1274 787/1194/1274 802/1221/1274
f 787/1194/1275 789/1196/1275 802/1221/1275
f 802/1221/1276 789/1196/1276 803/1222/1276
f 803/1222/1277 789/1196/1277 792/1223/1277
f 792/1223/1278 789/1196/1278 791/1225/1278
f 753/1154/1279 798/1215/1279 751/1152/1279
f 751/1226/1280 798/1213/1280 796/1211/1280
f 751/1226/1281 796/1211/1281 804/1227/1281
f 804/1227/1282 796/1211/1282 794/1210/1282
f 804/1227/1283 794/1210/1283 519/777/1283
f 519/777/1284 794/1210/1284 521/779/1284
f 519/777/1285 517/775/1285 804/1227/1285
f 804/1228/1286 517/1229/1286 747/1230/1286
f 804/1227/1287 747/1140/1287 749/1142/1287
f 528/788/1288 790/1202/1288 530/790/1288
f 530/793/1289 790/1197/1289 805/1231/1289
f 530/793/1290 805/1231/1290 806/1232/1290
f 806/1232/1291 805/1231/1291 807/1233/1291
f 806/1232/1292 807/1233/1292 808/1234/1292
f 808/1234/1293 807/1233/1293 809/1235/1293
f 808/1234/1294 809/1235/1294 534/796/1294
f 534/796/1295 809/1235/1295 536/798/1295
f 808/1234/1296 534/796/1296 806/1232/1296
f 806/1232/1297 534/796/1297 532/794/1297
f 806/1232/1298 532/794/1298 530/793/1298
f 758/1160/1299 756/1158/1299 760/1162/1299
f 760/1162/1300 756/1158/1300 810/1236/1300
f 760/1237/1301 810/1238/1301 811/1239/1301
f 811/1239/1302 810/1238/1302 812/1240/1302
f 811/1239/1303 812/1240/1303 813/1241/1303
f 813/1241/1304 812/1240/1304 814/1242/1304
f 813/1241/1305 814/1242/1305 815/1243/1305
f 815/1243/1306 814/1242/1306 816/1244/1306
f 815/1243/1307 816/1244/1307 817/1245/1307
f 817/1245/1308 816/1244/1308 818/1246/1308
f 817/1247/1309 818/1248/1309 819/1249/1309
f 819/1249/1310 818/1248/1310 820/1250/1310
f 819/1249/1311 820/1250/1311 821/1251/1311
f 821/1252/1312 820/1253/1312 822/1254/1312
f 821/1251/1313 822/1255/1313 823/1256/1313
f 823/1256/1314 822/1255/1314 824/1257/1314
f 823/1258/1315 824/1259/1315 825/1260/1315
f 825/1260/1316 824/1259/1316 1/1261/1316
f 825/1262/1317 1/1263/1317 826/1264/1317
f 826/1264/1318 1/1263/1318 85/1265/1318
f 826/1264/1319 85/1265/1319 827/1266/1319
f 827/1266/1320 85/1265/1320 87/1267/1320
f 827/1266/1321 87/1267/1321 828/1268/1321
f 828/1268/1322 87/1267/1322 89/1269/1322
f 828/1268/1323 89/1269/1323 829/1270/1323
f 829/1270/1324 89/1269/1324 91/1271/1324
f 829/1270/1325 91/1271/1325 830/1272/1325
f 830/1272/1326 91/1271/1326 93/1273/1326
f 830/1272/1327 93/1273/1327 831/1274/1327
f 831/1275/1328 93/157/1328 95/159/1328
f 831/1275/1329 95/159/1329 97/161/1329
f 825/1276/1330 826/1277/1330 823/1278/1330
f 823/1279/1331 826/1264/1331 832/1280/1331
f 823/1256/1332 832/1281/1332 833/1282/1332
f 833/1282/1333 832/1281/1333 834/1283/1333
f 833/1282/1334 834/1283/1334 835/1284/1334
f 835/1284/1335 834/1283/1335 836/1285/1335
f 835/1284/1336 836/1285/1336 837/1286/1336
f 837/1286/1337 836/1285/1337 838/1287/1337
f 837/1286/1338 838/1287/1338 839/1288/1338
f 839/1288/1339 838/1287/1339 840/1289/1339
f 839/1288/1340 840/1289/1340 841/1290/1340
f 841/1291/1341 840/1292/1341 842/1293/1341
f 841/1294/1342 842/1295/1342 843/1296/1342
f 843/1297/1343 842/1298/1343 844/1299/1343
f 843/1300/1344 844/1301/1344 845/1302/1344
f 845/1302/1345 844/1301/1345 846/1303/1345
f 845/1302/1346 846/1303/1346 847/1304/1346
f 847/1304/1347 846/1303/1347 848/1305/1347
f 847/1304/1348 848/1305/1348 849/1306/1348
f 849/1306/1349 848/1305/1349 850/1307/1349
f 849/1308/1350 850/1309/1350 851/1310/1350
f 851/1310/1351 850/1309/1351 852/1311/1351
f 851/1310/1352 852/1311/1352 853/1312/1352
f 853/1312/1353 852/1311/1353 854/1313/1353
f 853/1312/1354 854/1313/1354 855/1314/1354
f 855/1314/1355 854/1313/1355 856/1315/1355
f 855/1314/1356 856/1315/1356 857/1316/1356
f 857/1316/1357 856/1315/1357 858/1317/1357
f 857/1318/1358 858/1319/1358 859/1320/1358
f 859/1320/1359 858/1319/1359 860/1321/1359
f 859/1320/1360 860/1321/1360 861/1322/1360
f 861/1322/1361 860/1321/1361 862/1323/1361
f 861/1324/1362 862/1325/1362 863/1326/1362
f 863/1326/1363 862/1325/1363 864/1327/1363
f 863/1326/1364 864/1327/1364 865/1328/1364
f 865/1328/1365 864/1327/1365 866/1329/1365
f 865/1328/1366 866/1329/1366 867/1330/1366
f 867/1330/1367 866/1329/1367 868/1331/1367
f 867/1330/1368 868/1331/1368 869/1332/1368
f 869/1333/1369 868/1334/1369 870/1335/1369
f 869/1333/1370 870/1335/1370 871/1336/1370
f 871/1336/1371 870/1335/1371 872/1337/1371
f 871/1338/1372 872/1339/1372 873/1340/1372
f 873/1340/1373 872/1339/1373 874/1341/1373
f 873/1340/1374 874/1341/1374 875/1342/1374
f 875/1342/1375 874/1341/1375 876/1343/1375
f 875/1342/1376 876/1343/1376 877/1344/1376
f 877/1344/1377 876/1343/1377 878/1345/1377
f 877/1344/1378 878/1345/1378 879/1346/1378
f 879/1346/1379 878/1345/1379 880/1347/1379
f 879/1346/1380 880/1347/1380 881/1348/1380
f 881/1348/1381 880/1347/1381 882/1349/1381
f 881/1348/1382 882/1349/1382 883/1350/1382
f 883/1350/1383 882/1349/1383 884/1351/1383
f 883/1350/1384 884/1351/1384 885/1352/1384
f 885/1353/1385 884/1354/1385 856/1315/1385
f 885/1353/1386 856/1315/1386 854/1313/1386
f 869/1332/1387 871/1355/1387 867/1330/1387
f 867/1330/1388 871/1355/1388 886/1356/1388
f 867/1330/1389 886/1356/1389 887/1357/1389
f 887/1358/1390 886/1359/1390 875/1342/1390
f 887/1358/1391 875/1342/1391 888/1360/1391
f 888/1360/1392 875/1342/1392 877/1344/1392
f 888/1360/1393 877/1344/1393 879/1346/1393
f 875/1342/1394 886/1359/1394 873/1340/1394
f 873/1340/1395 886/1359/1395 871/1338/1395
f 867/1330/1396 887/1357/1396 865/1328/1396
f 865/1328/1397 887/1357/1397 889/1361/1397
f 865/1328/1398 889/1361/1398 863/1326/1398
f 863/1326/1399 889/1361/1399 890/1362/1399
f 863/1326/1400 890/1362/1400 891/1363/1400
f 891/1363/1401 890/1362/1401 892/1364/1401
f 891/1363/1402 892/1364/1402 893/1365/1402
f 893/1365/1403 892/1364/1403 894/1366/1403
f 893/1365/1404 894/1366/1404 895/1367/1404
f 895/1367/1405 894/1366/1405 896/1368/1405
f 895/1369/1406 896/1370/1406 897/1371/1406
f 897/1371/1406 896/1370/1406 898/1372/1406
f 897/1371/1407 898/1372/1407 899/1373/1407
f 899/1373/1408 898/1372/1408 900/1374/1408
f 899/1373/1409 900/1374/1409 901/1375/1409
f 901/1375/1410 900/1374/1410 902/1376/1410
f 901/1375/1411 902/1376/1411 903/1377/1411
f 903/1377/1412 902/1376/1412 904/1378/1412
f 903/1379/1413 904/1380/1413 905/1381/1413
f 905/1381/1414 904/1380/1414 906/1382/1414
f 905/1381/1415 906/1382/1415 907/1383/1415
f 907/1383/1416 906/1382/1416 908/1384/1416
f 907/1385/1417 908/1386/1417 843/1387/1417
f 843/1388/1418 908/1389/1418 841/1390/1418
f 843/1391/1419 845/1392/1419 907/1393/1419
f 907/1394/1420 845/1302/1420 847/1304/1420
f 907/1394/1421 847/1304/1421 849/1306/1421
f 907/1383/1422 849/1308/1422 905/1381/1422
f 905/1381/1423 849/1308/1423 851/1310/1423
f 905/1381/1424 851/1310/1424 901/1395/1424
f 901/1395/1425 851/1310/1425 853/1312/1425
f 901/1395/1426 853/1312/1426 909/1396/1426
f 909/1396/1427 853/1312/1427 910/1397/1427
f 909/1398/1428 910/1399/1428 911/1400/1428
f 911/1400/1429 910/1399/1429 859/1320/1429
f 911/1400/1430 859/1320/1430 895/1369/1430
f 895/1369/1431 859/1320/1431 912/1401/1431
f 895/1367/1432 912/1402/1432 893/1365/1432
f 893/1365/1433 912/1402/1433 861/1324/1433
f 893/1365/1434 861/1324/1434 891/1363/1434
f 891/1363/1435 861/1324/1435 863/1326/1435
f 895/1369/1436 897/1371/1436 911/1400/1436
f 911/1400/1437 897/1371/1437 899/1373/1437
f 911/1400/1438 899/1373/1438 909/1398/1438
f 909/1398/1439 899/1373/1439 901/1375/1439
f 859/1320/1440 910/1399/1440 857/1318/1440
f 857/1316/1441 910/1397/1441 855/1314/1441
f 887/1357/1442 888/1403/1442 889/1361/1442
f 889/1361/1443 888/1403/1443 913/1404/1443
f 889/1361/1444 913/1404/1444 890/1362/1444
f 890/1362/1445 913/1404/1445 914/1405/1445
f 890/1362/1446 914/1405/1446 892/1364/1446
f 892/1364/1447 914/1405/1447 915/1406/1447
f 892/1364/1448 915/1406/1448 916/1407/1448
f 916/1407/1449 915/1406/1449 917/1408/1449
f 916/1407/1450 917/1408/1450 894/1366/1450
f 894/1366/1451 917/1408/1451 896/1368/1451
f 888/1360/1452 879/1346/1452 913/1409/1452
f 913/1409/1453 879/1346/1453 914/1410/1453
f 840/1289/1454 838/1287/1454 842/1411/1454
f 842/1411/1455 838/1287/1455 918/1412/1455
f 842/1411/1456 918/1412/1456 844/1301/1456
f 844/1301/1457 918/1412/1457 919/1413/1457
f 844/1301/1458 919/1413/1458 846/1303/1458
f 846/1303/1459 919/1413/1459 920/1414/1459
f 846/1303/1460 920/1414/1460 921/1415/1460
f 921/1416/1461 920/1417/1461 922/1418/1461
f 921/1415/1462 922/1419/1462 923/1420/1462
f 923/1421/1463 922/1422/1463 917/1408/1463
f 923/1421/1464 917/1408/1464 915/1406/1464
f 832/1280/1465 826/1264/1465 834/1423/1465
f 834/1423/1466 826/1264/1466 827/1266/1466
f 834/1423/1467 827/1266/1467 836/1424/1467
f 836/1424/1468 827/1266/1468 828/1268/1468
f 836/1424/1469 828/1268/1469 924/1425/1469
f 924/1425/1470 828/1268/1470 829/1270/1470
f 924/1425/1471 829/1270/1471 830/1272/1471
f 836/1426/1472 924/1427/1472 838/1428/1472
f 838/1429/1473 924/1430/1473 925/1431/1473
f 838/1432/1474 925/1433/1474 918/1434/1474
f 918/1412/1475 925/1435/1475 926/1436/1475
f 918/1412/1476 926/1436/1476 919/1413/1476
f 919/1413/1477 926/1436/1477 927/1437/1477
f 919/1413/1478 927/1437/1478 920/1414/1478
f 920/1414/1479 927/1437/1479 922/1419/1479
f 924/1425/1480 830/1272/1480 925/1438/1480
f 925/1438/1481 830/1272/1481 926/1439/1481
f 1/1261/1482 824/1259/1482 2/1440/1482
f 2/1441/1483 824/1442/1483 822/1443/1483
f 2/1444/1484 822/1254/1484 928/1445/1484
f 928/1445/1485 822/1254/1485 929/1446/1485
f 928/1447/1486 929/1448/1486 930/1449/1486
f 930/1449/1487 929/1448/1487 931/1450/1487
f 930/1449/1488 931/1450/1488 932/1451/1488
f 932/1451/1489 931/1450/1489 748/1144/1489
f 932/1452/1490 748/1141/1490 747/1140/1490
f 822/1254/1491 820/1253/1491 929/1446/1491
f 929/1453/1492 820/1250/1492 818/1248/1492
f 929/1453/1493 818/1248/1493 816/1454/1493
f 929/1448/1494 816/1244/1494 931/1450/1494
f 931/1450/1495 816/1244/1495 933/1455/1495
f 931/1450/1496 933/1455/1496 748/1144/1496
f 748/1144/1497 933/1455/1497 750/1145/1497
f 816/1244/1498 814/1242/1498 933/1455/1498
f 933/1455/1499 814/1242/1499 934/1456/1499
f 933/1455/1500 934/1456/1500 750/1145/1500
f 750/1150/1501 934/1457/1501 752/1151/1501
f 814/1242/1502 812/1240/1502 934/1456/1502
f 934/1457/1503 812/1458/1503 752/1151/1503
f 752/1151/1504 812/1458/1504 754/1156/1504
f 754/1156/1505 812/1458/1505 810/1236/1505
f 754/1156/1506 810/1236/1506 756/1158/1506
f 2/1444/1507 928/1445/1507 514/1459/1507
f 514/1460/1508 928/1447/1508 930/1449/1508
f 514/1460/1509 930/1449/1509 935/1461/1509
f 935/1461/1510 930/1449/1510 932/1451/1510
f 935/1462/1511 932/1452/1511 936/1463/1511
f 936/1463/1512 932/1452/1512 747/1140/1512
f 936/1464/1513 747/1230/1513 517/1229/1513
f 517/1465/1514 516/1466/1514 936/1467/1514
f 936/1467/1515 516/1466/1515 515/1468/1515
f 936/1463/1516 515/771/1516 935/1462/1516
f 935/1462/1517 515/771/1517 514/770/1517
f 760/1162/1518 811/1469/1518 762/1164/1518
f 762/1167/1519 811/1239/1519 937/1470/1519
f 762/1167/1520 937/1470/1520 764/1168/1520
f 764/1169/1521 937/1471/1521 938/1472/1521
f 764/1169/1522 938/1472/1522 766/1171/1522
f 766/1171/1523 938/1472/1523 939/1473/1523
f 766/1171/1524 939/1473/1524 768/1173/1524
f 768/1173/1525 939/1473/1525 940/1474/1525
f 768/1173/1526 940/1474/1526 770/1175/1526
f 770/1175/1527 940/1474/1527 941/1475/1527
f 770/1175/1528 941/1475/1528 942/1476/1528
f 942/1476/1529 941/1475/1529 943/1477/1529
f 942/1476/1530 943/1477/1530 944/1478/1530
f 944/1478/1531 943/1477/1531 945/1479/1531
f 944/1478/1532 945/1479/1532 946/1480/1532
f 946/1480/1533 945/1479/1533 947/1481/1533
f 946/1480/1534 947/1481/1534 948/1482/1534
f 948/1482/1535 947/1481/1535 949/1483/1535
f 948/1482/1536 949/1483/1536 276/439/1536
f 276/439/1537 949/1483/1537 274/437/1537
f 276/439/1538 278/441/1538 948/1482/1538
f 948/1482/1539 278/441/1539 775/1180/1539
f 948/1482/1540 775/1180/1540 946/1480/1540
f 946/1480/1541 775/1180/1541 774/1179/1541
f 946/1480/1542 774/1179/1542 944/1478/1542
f 944/1478/1543 774/1179/1543 772/1177/1543
f 944/1478/1544 772/1177/1544 942/1476/1544
f 942/1476/1545 772/1177/1545 770/1175/1545
f 950/1484/1546 951/1485/1546 952/1486/1546
f 952/1486/1547 951/1485/1547 953/1487/1547
f 952/1486/1548 953/1487/1548 954/1488/1548
f 954/1489/1549 953/1490/1549 955/1491/1549
f 954/1489/1550 955/1491/1550 956/1492/1550
f 956/1492/1551 955/1491/1551 957/1493/1551
f 956/1492/1552 957/1493/1552 958/1494/1552
f 958/1494/1553 957/1493/1553 959/1495/1553
f 958/1494/1554 959/1495/1554 960/1496/1554
f 960/1497/1555 959/1498/1555 961/1499/1555
f 960/1497/1556 961/1499/1556 962/1500/1556
f 962/1500/1556 961/1499/1556 963/1501/1556
f 962/1500/1557 963/1501/1557 964/1502/1557
f 964/1502/1557 963/1501/1557 965/1503/1557
f 964/1504/1558 965/1505/1558 966/1506/1558
f 966/1506/1558 965/1505/1558 967/1507/1558
f 966/1506/1559 967/1507/1559 968/1508/1559
f 968/1508/1560 967/1507/1560 969/1509/1560
f 968/1510/1561 969/1511/1561 970/1512/1561
f 970/1512/1561 969/1511/1561 971/1513/1561
f 970/1512/1562 971/1513/1562 972/1514/1562
f 972/1514/1563 971/1513/1563 973/1515/1563
f 972/1516/1564 973/1517/1564 974/1518/1564
f 974/1519/1565 973/1520/1565 975/1521/1565
f 974/1519/1566 975/1521/1566 976/1522/1566
f 976/1522/1567 975/1521/1567 977/1523/1567
f 976/1524/1568 977/1525/1568 978/1526/1568
f 978/1526/1568 977/1525/1568 961/1499/1568
f 978/1526/1555 961/1499/1555 959/1498/1555
f 961/1499/1569 977/1525/1569 963/1501/1569
f 963/1501/1570 977/1525/1570 979/1527/1570
f 963/1501/1571 979/1527/1571 965/1503/1571
f 965/1503/1571 979/1527/1571 980/1528/1571
f 965/1505/1572 980/1529/1572 967/1507/1572
f 967/1507/1572 980/1529/1572 981/1530/1572
f 967/1507/1573 981/1530/1573 969/1509/1573
f 969/1509/1573 981/1530/1573 982/1531/1573
f 969/1511/1574 982/1532/1574 971/1513/1574
f 971/1513/1574 982/1532/1574 983/1533/1574
f 971/1513/1563 983/1533/1563 973/1515/1563
f 973/1515/1575 983/1533/1575 975/1534/1575
f 983/1535/1576 982/1536/1576 975/1521/1576
f 975/1521/1577 982/1536/1577 981/1537/1577
f 975/1521/1578 981/1537/1578 980/1538/1578
f 980/1538/1579 979/1539/1579 975/1521/1579
f 975/1521/1580 979/1539/1580 977/1523/1580
f 951/1485/1581 950/1484/1581 984/1540/1581
f 984/1540/1582 950/1484/1582 985/1541/1582
f 984/1540/1583 985/1541/1583 986/1542/1583
f 986/1542/1584 985/1541/1584 987/1543/1584
f 986/1542/1585 987/1543/1585 988/1544/1585
f 988/1544/1586 987/1543/1586 989/1545/1586
f 988/1546/1587 989/1547/1587 990/1548/1587
f 990/1548/1588 989/1547/1588 991/1549/1588
f 990/1548/1589 991/1549/1589 992/1550/1589
f 992/1550/1590 991/1549/1590 993/1551/1590
f 992/1550/1591 993/1551/1591 994/1552/1591
f 994/1552/1592 993/1551/1592 995/1553/1592
f 994/1552/1593 995/1553/1593 996/1554/1593
f 996/1554/1594 995/1553/1594 997/1555/1594
f 996/1554/1595 997/1555/1595 998/1556/1595
f 998/1556/1596 997/1555/1596 999/1557/1596
f 998/1556/1597 999/1557/1597 1000/1558/1597
f 1000/1558/1598 999/1557/1598 1001/1559/1598
f 1000/1558/1599 1001/1559/1599 1002/1560/1599
f 1002/1560/1600 1001/1559/1600 1003/1561/1600
f 1002/1560/1601 1003/1561/1601 1004/1562/1601
f 1004/1562/1602 1003/1561/1602 1005/1563/1602
f 1004/1562/1603 1005/1563/1603 1006/1564/1603
f 1006/1564/1604 1005/1563/1604 1007/1565/1604
f 1006/1564/1605 1007/1565/1605 1008/1566/1605
f 1008/1566/1606 1007/1565/1606 1009/1567/1606
f 1008/1566/1607 1009/1567/1607 1010/1568/1607
f 1010/1569/1608 1009/1570/1608 1011/1571/1608
f 1010/1569/1609 1011/1571/1609 1012/1572/1609
f 1012/1572/1610 1011/1571/1610 908/1384/1610
f 1012/1572/1611 908/1384/1611 906/1382/1611
f 906/1382/1612 904/1380/1612 1012/1572/1612
f 1012/1572/1613 904/1380/1613 1010/1569/1613
f 991/1549/1614 989/1547/1614 993/1551/1614
f 993/1573/1615 989/1545/1615 987/1543/1615
f 993/1573/1616 987/1543/1616 985/1541/1616
f 993/1551/1617 985/1574/1617 995/1553/1617
f 995/1553/1618 985/1574/1618 1013/1575/1618
f 995/1553/1619 1013/1575/1619 1014/1576/1619
f 1014/1576/1620 1013/1575/1620 1015/1577/1620
f 1014/1576/1621 1015/1577/1621 1016/1578/1621
f 1016/1578/1622 1015/1577/1622 1017/1579/1622
f 1016/1578/1623 1017/1579/1623 1018/1580/1623
f 1018/1581/1624 1017/1582/1624 1019/1583/1624
f 1018/1584/1625 1019/1585/1625 1020/1586/1625
f 1020/1586/1626 1019/1585/1626 1021/1587/1626
f 1020/1586/1627 1021/1587/1627 1022/1588/1627
f 1022/1588/1628 1021/1587/1628 1023/1589/1628
f 1022/1588/1629 1023/1589/1629 1024/1590/1629
f 1024/1590/1630 1023/1589/1630 1025/1591/1630
f 1024/1590/1631 1025/1591/1631 1026/1592/1631
f 1026/1592/1632 1025/1591/1632 1027/1593/1632
f 1026/1592/1633 1027/1593/1633 1028/1594/1633
f 1028/1594/1634 1027/1593/1634 1029/1595/1634
f 1028/1594/1635 1029/1595/1635 1030/1596/1635
f 1030/1596/1636 1029/1595/1636 1031/1597/1636
f 1030/1596/1637 1031/1597/1637 1032/1598/1637
f 1032/1598/1638 1031/1597/1638 1033/1599/1638
f 1032/1598/1639 1033/1599/1639 1034/1600/1639
f 1034/1600/1640 1033/1599/1640 1035/1601/1640
f 1034/1600/1641 1035/1601/1641 1036/1602/1641
f 1036/1602/1642 1035/1601/1642 1037/1603/1642
f 1036/1602/1643 1037/1603/1643 1038/1604/1643
f 1038/1604/1644 1037/1603/1644 1039/1605/1644
f 1038/1604/1645 1039/1605/1645 1040/1606/1645
f 1040/1607/1646 1039/1608/1646 1041/1609/1646
f 1040/1607/1647 1041/1609/1647 264/1610/1647
f 264/1610/1648 1041/1609/1648 261/1611/1648
f 261/1612/1649 1041/421/1649 262/1613/1649
f 262/1614/1650 1041/1615/1650 1042/1616/1650
f 262/1614/1651 1042/1616/1651 254/1617/1651
f 254/1617/1652 1042/1616/1652 1043/1618/1652
f 254/1617/1653 1043/1618/1653 1044/1619/1653
f 1044/1619/1654 1043/1618/1654 1045/1620/1654
f 1044/1619/1655 1045/1620/1655 1046/1621/1655
f 1046/1622/1656 1045/1623/1656 1047/1624/1656
f 1046/1622/1657 1047/1624/1657 1048/1625/1657
f 1048/1625/1658 1047/1624/1658 1049/1626/1658
f 1048/1625/1659 1049/1626/1659 1050/1627/1659
f 1050/1627/1660 1049/1626/1660 1051/1628/1660
f 1050/1627/1661 1051/1628/1661 1052/1629/1661
f 1052/1629/1662 1051/1628/1662 1053/1630/1662
f 1052/1629/1663 1053/1630/1663 1054/1631/1663
f 1054/1631/1664 1053/1630/1664 1055/1632/1664
f 1054/1633/1665 1055/1634/1665 1056/1635/1665
f 1056/1636/1666 1055/1632/1666 1057/1637/1666
f 1056/1636/1667 1057/1637/1667 1058/1638/1667
f 1058/1639/1668 1057/1640/1668 1059/1641/1668
f 1058/1639/1669 1059/1641/1669 1060/1642/1669
f 1060/1642/1670 1059/1641/1670 1031/1597/1670
f 1060/1642/1671 1031/1597/1671 1061/1643/1671
f 1061/1643/1672 1031/1597/1672 1029/1595/1672
f 1061/1643/1673 1029/1595/1673 1062/1644/1673
f 1062/1644/1674 1029/1595/1674 1027/1593/1674
f 1062/1644/1675 1027/1593/1675 1063/1645/1675
f 1063/1645/1676 1027/1593/1676 1025/1591/1676
f 1063/1645/1677 1025/1591/1677 1064/1646/1677
f 1064/1646/1678 1025/1591/1678 1023/1589/1678
f 1064/1646/1679 1023/1589/1679 1021/1587/1679
f 1031/1597/1680 1059/1641/1680 1033/1599/1680
f 1033/1599/1681 1059/1641/1681 1057/1640/1681
f 1033/1599/1682 1057/1640/1682 1035/1601/1682
f 1035/1601/1683 1057/1640/1683 1065/1647/1683
f 1035/1601/1684 1065/1647/1684 1037/1603/1684
f 1037/1603/1685 1065/1647/1685 1066/1648/1685
f 1037/1603/1686 1066/1648/1686 1039/1605/1686
f 1039/1605/1687 1066/1648/1687 1067/1649/1687
f 1039/1605/1688 1067/1649/1688 1041/1650/1688
f 1041/1651/1689 1067/1652/1689 1042/1653/1689
f 1057/1637/1690 1055/1632/1690 1065/1654/1690
f 1065/1654/1691 1055/1632/1691 1068/1655/1691
f 1065/1647/1692 1068/1656/1692 1066/1648/1692
f 1066/1648/1693 1068/1656/1693 1069/1657/1693
f 1066/1648/1694 1069/1657/1694 1067/1649/1694
f 1067/1652/1695 1069/1658/1695 1042/1653/1695
f 1055/1659/1696 1053/1660/1696 1068/1656/1696
f 1068/1656/1697 1053/1660/1697 1070/1661/1697
f 1068/1656/1698 1070/1661/1698 1069/1657/1698
f 1069/1658/1699 1070/1662/1699 1042/1653/1699
f 1053/1630/1700 1051/1628/1700 1070/1663/1700
f 1070/1663/1701 1051/1628/1701 1071/1664/1701
f 1070/1663/1702 1071/1664/1702 1072/1665/1702
f 1072/1665/1703 1071/1664/1703 1073/1666/1703
f 1072/1665/1704 1073/1666/1704 1043/1667/1704
f 1043/1667/1705 1073/1666/1705 1045/1623/1705
f 1045/1623/1706 1073/1666/1706 1047/1624/1706
f 1047/1624/1707 1073/1666/1707 1049/1626/1707
f 1073/1666/1708 1071/1664/1708 1049/1626/1708
f 1049/1626/1709 1071/1664/1709 1051/1628/1709
f 1043/1618/1710 1042/1616/1710 1072/1668/1710
f 1072/1669/1711 1042/1670/1711 1070/1671/1711
f 254/1617/1712 1044/1619/1712 262/1614/1712
f 262/1614/1713 1044/1619/1713 235/362/1713
f 264/1610/1714 266/426/1714 1040/1607/1714
f 1040/1607/1715 266/426/1715 1074/1672/1715
f 1040/1606/1716 1074/1673/1716 1038/1604/1716
f 1038/1604/1717 1074/1673/1717 1075/1674/1717
f 1038/1604/1718 1075/1674/1718 1076/1675/1718
f 1076/1675/1719 1075/1674/1719 1077/1676/1719
f 1076/1675/1720 1077/1676/1720 1078/1677/1720
f 1078/1677/1721 1077/1676/1721 1079/1678/1721
f 1078/1677/1722 1079/1678/1722 1080/1679/1722
f 1080/1679/1723 1079/1678/1723 1081/1680/1723
f 1080/1679/1724 1081/1680/1724 1082/1681/1724
f 1082/1681/1725 1081/1680/1725 1083/1682/1725
f 1082/1681/1726 1083/1682/1726 1084/1683/1726
f 1084/1683/1727 1083/1682/1727 1085/1684/1727
f 1084/1683/1728 1085/1684/1728 1086/1685/1728
f 1086/1685/1729 1085/1684/1729 1087/1686/1729
f 1086/1685/1730 1087/1686/1730 1088/1687/1730
f 1088/1687/1731 1087/1686/1731 1089/1688/1731
f 1088/1687/1732 1089/1688/1732 1090/1689/1732
f 1090/1689/1733 1089/1688/1733 1091/1690/1733
f 1090/1689/1734 1091/1690/1734 1092/1691/1734
f 1092/1691/1735 1091/1690/1735 1093/1692/1735
f 1092/1691/1736 1093/1692/1736 1094/1693/1736
f 1094/1693/1737 1093/1692/1737 1095/1694/1737
f 1094/1693/1738 1095/1694/1738 1096/1695/1738
f 1096/1695/1739 1095/1694/1739 1097/1696/1739
f 1096/1695/1740 1097/1696/1740 1098/1697/1740
f 1098/1697/1741 1097/1696/1741 819/1249/1741
f 1098/1697/1742 819/1249/1742 821/1251/1742
f 819/1249/1743 1097/1696/1743 817/1247/1743
f 817/1247/1744 1097/1696/1744 1095/1694/1744
f 817/1247/1745 1095/1694/1745 1099/1698/1745
f 1099/1698/1746 1095/1694/1746 938/1472/1746
f 1099/1698/1747 938/1472/1747 937/1471/1747
f 938/1472/1748 1095/1694/1748 939/1473/1748
f 939/1473/1749 1095/1694/1749 1093/1692/1749
f 939/1473/1750 1093/1692/1750 940/1474/1750
f 940/1474/1751 1093/1692/1751 1091/1690/1751
f 940/1474/1752 1091/1690/1752 941/1475/1752
f 941/1475/1753 1091/1690/1753 1089/1688/1753
f 941/1475/1754 1089/1688/1754 943/1477/1754
f 943/1477/1755 1089/1688/1755 945/1479/1755
f 1089/1688/1756 1087/1686/1756 945/1479/1756
f 945/1479/1757 1087/1686/1757 1100/1699/1757
f 945/1479/1758 1100/1699/1758 947/1481/1758
f 947/1481/1759 1100/1699/1759 1101/1700/1759
f 947/1481/1760 1101/1700/1760 949/1483/1760
f 949/1483/1761 1101/1700/1761 1102/1701/1761
f 949/1702/1762 1102/1703/1762 274/1704/1762
f 274/1704/1763 1102/1703/1763 272/1705/1763
f 1087/1686/1764 1085/1684/1764 1100/1699/1764
f 1100/1699/1765 1085/1684/1765 1103/1706/1765
f 1100/1699/1766 1103/1706/1766 1101/1700/1766
f 1101/1700/1767 1103/1706/1767 1104/1707/1767
f 1101/1700/1768 1104/1707/1768 1102/1701/1768
f 1102/1703/1769 1104/1708/1769 1105/1709/1769
f 1102/1703/1770 1105/1709/1770 272/1705/1770
f 272/1705/1771 1105/1709/1771 1106/1710/1771
f 272/1705/1772 1106/1710/1772 270/1711/1772
f 270/1711/1773 1106/1710/1773 268/429/1773
f 1085/1684/1774 1083/1682/1774 1103/1706/1774
f 1103/1706/1775 1083/1682/1775 1107/1712/1775
f 1103/1706/1776 1107/1712/1776 1104/1707/1776
f 1104/1707/1777 1107/1712/1777 1108/1713/1777
f 1104/1708/1778 1108/1714/1778 1105/1709/1778
f 1105/1709/1779 1108/1714/1779 1106/1710/1779
f 1083/1682/1780 1081/1680/1780 1107/1712/1780
f 1107/1712/1781 1081/1680/1781 1079/1678/1781
f 1107/1712/1782 1079/1678/1782 1108/1713/1782
f 1108/1713/1783 1079/1678/1783 1077/1676/1783
f 1108/1713/1784 1077/1676/1784 1106/1715/1784
f 1106/1715/1785 1077/1676/1785 1075/1674/1785
f 1106/1710/1786 1075/1716/1786 268/429/1786
f 268/429/1787 1075/1716/1787 266/426/1787
f 1038/1604/1788 1076/1675/1788 1036/1602/1788
f 1036/1602/1789 1076/1675/1789 1109/1717/1789
f 1036/1602/1790 1109/1717/1790 1034/1600/1790
f 1034/1600/1791 1109/1717/1791 1110/1718/1791
f 1034/1600/1792 1110/1718/1792 1032/1598/1792
f 1032/1598/1793 1110/1718/1793 1111/1719/1793
f 1032/1598/1794 1111/1719/1794 1030/1596/1794
f 1030/1596/1795 1111/1719/1795 1028/1594/1795
f 1076/1675/1796 1078/1677/1796 1109/1717/1796
f 1109/1717/1797 1078/1677/1797 1112/1720/1797
f 1109/1717/1798 1112/1720/1798 1110/1718/1798
f 1110/1718/1799 1112/1720/1799 1113/1721/1799
f 1110/1718/1800 1113/1721/1800 1111/1719/1800
f 1111/1719/1801 1113/1721/1801 1028/1594/1801
f 1028/1594/1802 1113/1721/1802 1026/1592/1802
f 1026/1592/1803 1113/1721/1803 1114/1722/1803
f 1026/1592/1804 1114/1722/1804 1024/1590/1804
f 1024/1590/1805 1114/1722/1805 1115/1723/1805
f 1024/1590/1806 1115/1723/1806 1022/1588/1806
f 1022/1588/1807 1115/1723/1807 1116/1724/1807
f 1022/1588/1808 1116/1724/1808 1117/1725/1808
f 1117/1725/1809 1116/1724/1809 1118/1726/1809
f 1117/1725/1810 1118/1726/1810 1119/1727/1810
f 1119/1727/1811 1118/1726/1811 1120/1728/1811
f 1119/1727/1812 1120/1728/1812 1121/1729/1812
f 1121/1729/1813 1120/1728/1813 1122/1730/1813
f 1121/1729/1814 1122/1730/1814 1123/1731/1814
f 1123/1731/1815 1122/1730/1815 1124/1732/1815
f 1123/1731/1816 1124/1732/1816 1125/1733/1816
f 1125/1733/1817 1124/1732/1817 1098/1697/1817
f 1125/1733/1818 1098/1697/1818 1126/1734/1818
f 1126/1734/1819 1098/1697/1819 821/1251/1819
f 1126/1734/1820 821/1251/1820 823/1256/1820
f 1098/1697/1821 1124/1732/1821 1096/1695/1821
f 1096/1695/1822 1124/1732/1822 1127/1735/1822
f 1096/1695/1823 1127/1735/1823 1094/1693/1823
f 1094/1693/1824 1127/1735/1824 1092/1691/1824
f 1124/1732/1825 1122/1730/1825 1127/1735/1825
f 1127/1735/1826 1122/1730/1826 1128/1736/1826
f 1127/1735/1827 1128/1736/1827 1092/1691/1827
f 1092/1691/1828 1128/1736/1828 1090/1689/1828
f 1022/1588/1829 1117/1725/1829 1020/1586/1829
f 1020/1586/1830 1117/1725/1830 1129/1737/1830
f 1020/1586/1831 1129/1737/1831 1018/1584/1831
f 1018/1584/1832 1129/1737/1832 1130/1738/1832
f 1018/1580/1833 1130/1739/1833 1016/1578/1833
f 1016/1578/1834 1130/1739/1834 1131/1740/1834
f 1016/1578/1835 1131/1740/1835 1014/1576/1835
f 1014/1576/1836 1131/1740/1836 1132/1741/1836
f 1014/1576/1837 1132/1741/1837 995/1553/1837
f 995/1553/1838 1132/1741/1838 997/1555/1838
f 1117/1725/1839 1119/1727/1839 1129/1737/1839
f 1129/1737/1840 1119/1727/1840 1133/1742/1840
f 1129/1737/1841 1133/1742/1841 1130/1738/1841
f 1130/1738/1842 1133/1742/1842 1134/1743/1842
f 1130/1739/1843 1134/1744/1843 1131/1740/1843
f 1131/1740/1844 1134/1744/1844 1135/1745/1844
f 1131/1740/1845 1135/1745/1845 1132/1741/1845
f 1132/1741/1846 1135/1745/1846 1136/1746/1846
f 1132/1741/1847 1136/1746/1847 997/1555/1847
f 997/1555/1848 1136/1746/1848 999/1557/1848
f 1078/1677/1849 1080/1679/1849 1112/1720/1849
f 1112/1720/1850 1080/1679/1850 1137/1747/1850
f 1112/1720/1851 1137/1747/1851 1113/1721/1851
f 1113/1721/1852 1137/1747/1852 1114/1722/1852
f 1080/1679/1853 1082/1681/1853 1137/1747/1853
f 1137/1747/1854 1082/1681/1854 1138/1748/1854
f 1137/1747/1855 1138/1748/1855 1114/1722/1855
f 1114/1722/1856 1138/1748/1856 1115/1723/1856
f 1082/1681/1857 1084/1683/1857 1138/1748/1857
f 1138/1748/1858 1084/1683/1858 1139/1749/1858
f 1138/1748/1859 1139/1749/1859 1115/1723/1859
f 1115/1723/1860 1139/1749/1860 1116/1724/1860
f 1084/1683/1861 1086/1685/1861 1139/1749/1861
f 1139/1749/1862 1086/1685/1862 1140/1750/1862
f 1139/1749/1863 1140/1750/1863 1116/1724/1863
f 1116/1724/1864 1140/1750/1864 1118/1726/1864
f 1086/1685/1865 1088/1687/1865 1140/1750/1865
f 1140/1750/1866 1088/1687/1866 1141/1751/1866
f 1140/1750/1867 1141/1751/1867 1118/1726/1867
f 1118/1726/1868 1141/1751/1868 1120/1728/1868
f 1120/1728/1869 1141/1751/1869 1122/1730/1869
f 1122/1730/1870 1141/1751/1870 1128/1736/1870
f 1128/1736/1871 1141/1751/1871 1090/1689/1871
f 1090/1689/1872 1141/1751/1872 1088/1687/1872
f 985/1574/1873 950/1752/1873 1013/1575/1873
f 1013/1575/1874 950/1752/1874 1142/1753/1874
f 1013/1575/1875 1142/1753/1875 1015/1577/1875
f 1015/1577/1876 1142/1753/1876 1143/1754/1876
f 1015/1577/1877 1143/1754/1877 1144/1755/1877
f 1144/1755/1878 1143/1754/1878 1145/1756/1878
f 1144/1755/1879 1145/1756/1879 1146/1757/1879
f 1146/1757/1880 1145/1756/1880 1147/1758/1880
f 1146/1759/1881 1147/1760/1881 1148/1761/1881
f 1148/1761/1882 1147/1760/1882 1149/1762/1882
f 1148/1761/1883 1149/1762/1883 1150/1763/1883
f 1150/1763/1884 1149/1762/1884 1151/1764/1884
f 1150/1763/1885 1151/1764/1885 1152/1765/1885
f 1152/1765/1886 1151/1764/1886 1153/1766/1886
f 1152/1765/1887 1153/1766/1887 1061/1643/1887
f 1061/1643/1888 1153/1766/1888 1060/1642/1888
f 1061/1643/1889 1062/1644/1889 1152/1765/1889
f 1152/1765/1890 1062/1644/1890 1150/1763/1890
f 1015/1577/1891 1144/1755/1891 1017/1579/1891
f 1017/1579/1892 1144/1755/1892 1154/1767/1892
f 1017/1579/1893 1154/1767/1893 1019/1768/1893
f 1019/1585/1894 1154/1769/1894 1155/1770/1894
f 1019/1585/1895 1155/1770/1895 1021/1587/1895
f 1021/1587/1896 1155/1770/1896 1064/1646/1896
f 1064/1646/1897 1155/1770/1897 1063/1645/1897
f 1063/1645/1898 1155/1770/1898 1156/1771/1898
f 1063/1645/1899 1156/1771/1899 1157/1772/1899
f 1157/1772/1900 1156/1771/1900 1148/1761/1900
f 1157/1772/1901 1148/1761/1901 1150/1763/1901
f 1150/1763/1902 1062/1644/1902 1157/1772/1902
f 1157/1772/1903 1062/1644/1903 1063/1645/1903
f 1148/1761/1904 1156/1771/1904 1146/1759/1904
f 1146/1759/1905 1156/1771/1905 1154/1769/1905
f 1146/1757/1906 1154/1767/1906 1144/1755/1906
f 952/1486/1907 954/1488/1907 1158/1773/1907
f 1158/1774/1908 954/1489/1908 956/1492/1908
f 1158/1774/1909 956/1492/1909 1159/1775/1909
f 1159/1775/1910 956/1492/1910 958/1494/1910
f 1159/1775/1911 958/1494/1911 1160/1776/1911
f 1160/1776/1912 958/1494/1912 960/1496/1912
f 1160/1776/1913 960/1496/1913 962/1777/1913
f 962/1777/1914 964/1778/1914 1160/1776/1914
f 1160/1776/1915 964/1778/1915 1161/1779/1915
f 1160/1780/1916 1161/1781/1916 1162/1782/1916
f 1162/1782/1917 1161/1781/1917 1163/1783/1917
f 1162/1782/1918 1163/1783/1918 1164/1784/1918
f 1164/1784/1919 1163/1783/1919 1165/1785/1919
f 1164/1784/1920 1165/1785/1920 1166/1786/1920
f 1166/1787/1921 1165/1788/1921 1167/1789/1921
f 1166/1787/1922 1167/1789/1922 1168/1790/1922
f 1168/1790/1923 1167/1789/1923 1169/1791/1923
f 1168/1790/1924 1169/1791/1924 1170/1792/1924
f 1170/1793/1925 1169/1794/1925 1171/1795/1925
f 1170/1793/1926 1171/1795/1926 1172/1796/1926
f 1172/1796/1927 1171/1795/1927 1173/1797/1927
f 1172/1796/1928 1173/1797/1928 1174/1798/1928
f 1174/1799/1929 1173/1800/1929 1175/1801/1929
f 1174/1799/1930 1175/1801/1930 1176/1802/1930
f 1176/1802/1931 1175/1801/1931 1177/1803/1931
f 1176/1804/1932 1177/1805/1932 1178/1806/1932
f 1178/1806/1933 1177/1805/1933 1179/1807/1933
f 1178/1806/1934 1179/1807/1934 1180/1808/1934
f 1180/1808/1935 1179/1807/1935 1181/1809/1935
f 1180/1808/1936 1181/1809/1936 1182/1810/1936
f 1182/1811/1937 1181/1812/1937 1183/1813/1937
f 1182/1810/1938 1183/1814/1938 1184/1815/1938
f 1184/1816/1939 1183/1817/1939 1185/1818/1939
f 1184/1816/1940 1185/1818/1940 1186/1819/1940
f 1186/1819/1941 1185/1818/1941 1187/1820/1941
f 1186/1819/1942 1187/1820/1942 1188/1821/1942
f 1188/1821/1943 1187/1820/1943 1189/1822/1943
f 1188/1821/1944 1189/1822/1944 1190/1823/1944
f 1190/1823/1945 1189/1822/1945 1191/1824/1945
f 1190/1823/1946 1191/1824/1946 1192/1825/1946
f 1192/1825/1947 1191/1824/1947 1193/1826/1947
f 1192/1825/1948 1193/1826/1948 1194/1827/1948
f 1194/1827/1949 1193/1826/1949 1195/1828/1949
f 1194/1827/1950 1195/1828/1950 1196/1829/1950
f 1196/1829/1951 1195/1828/1951 1197/1830/1951
f 1196/1829/1952 1197/1830/1952 1198/1831/1952
f 1198/1831/1953 1197/1830/1953 1199/1832/1953
f 1198/1831/1954 1199/1832/1954 1200/1833/1954
f 1200/1833/1955 1199/1832/1955 1201/1834/1955
f 1200/1833/1956 1201/1834/1956 1202/1835/1956
f 1202/1835/1957 1201/1834/1957 1203/1836/1957
f 1202/1835/1958 1203/1836/1958 1204/1837/1958
f 1204/1837/1959 1203/1836/1959 1205/1838/1959
f 1204/1837/1960 1205/1838/1960 1149/1762/1960
f 1149/1762/1961 1205/1838/1961 1151/1764/1961
f 1149/1762/1962 1147/1760/1962 1204/1837/1962
f 1204/1837/1963 1147/1760/1963 1206/1839/1963
f 1204/1837/1964 1206/1839/1964 1202/1835/1964
f 1202/1835/1965 1206/1839/1965 1207/1840/1965
f 1202/1835/1966 1207/1840/1966 1200/1833/1966
f 1200/1833/1967 1207/1840/1967 1208/1841/1967
f 1200/1833/1968 1208/1841/1968 1209/1842/1968
f 1209/1842/1969 1208/1841/1969 1210/1843/1969
f 1209/1844/1970 1210/1845/1970 1211/1846/1970
f 1211/1847/1971 1210/1843/1971 1212/1848/1971
f 1211/1847/1972 1212/1848/1972 1213/1849/1972
f 1213/1850/1973 1212/1851/1973 1214/1852/1973
f 1213/1849/1974 1214/1853/1974 1215/1854/1974
f 1215/1854/1975 1214/1853/1975 1192/1825/1975
f 1215/1854/1976 1192/1825/1976 1194/1827/1976
f 1194/1827/1977 1196/1829/1977 1215/1854/1977
f 1215/1854/1978 1196/1829/1978 1213/1849/1978
f 1213/1849/1979 1196/1829/1979 1211/1847/1979
f 1211/1847/1980 1196/1829/1980 1198/1831/1980
f 1211/1847/1981 1198/1831/1981 1209/1842/1981
f 1209/1842/1982 1198/1831/1982 1200/1833/1982
f 1147/1760/1983 1145/1855/1983 1206/1839/1983
f 1206/1856/1984 1145/1756/1984 1216/1857/1984
f 1206/1856/1985 1216/1857/1985 1217/1858/1985
f 1217/1858/1986 1216/1857/1986 1142/1753/1986
f 1217/1858/1987 1142/1753/1987 950/1752/1987
f 950/1752/1988 952/1859/1988 1217/1858/1988
f 1217/1858/1989 952/1859/1989 1207/1860/1989
f 1217/1858/1990 1207/1860/1990 1206/1856/1990
f 952/1859/1991 1158/1774/1991 1207/1860/1991
f 1207/1860/1992 1158/1774/1992 1218/1861/1992
f 1207/1860/1993 1218/1861/1993 1208/1862/1993
f 1208/1862/1994 1218/1861/1994 1219/1863/1994
f 1208/1864/1995 1219/1865/1995 1210/1866/1995
f 1210/1866/1996 1219/1865/1996 1162/1782/1996
f 1210/1866/1997 1162/1782/1997 1212/1867/1997
f 1212/1867/1998 1162/1782/1998 1164/1784/1998
f 1212/1867/1999 1164/1784/1999 1220/1868/1999
f 1220/1868/2000 1164/1784/2000 1166/1786/2000
f 1220/1868/2001 1166/1786/2001 1221/1869/2001
f 1221/1869/2002 1166/1786/2002 1168/1870/2002
f 1221/1869/2003 1168/1870/2003 1170/1793/2003
f 1212/1848/2004 1220/1871/2004 1214/1853/2004
f 1214/1853/2005 1220/1871/2005 1221/1872/2005
f 1214/1853/2006 1221/1872/2006 1222/1873/2006
f 1222/1874/2007 1221/1869/2007 1223/1875/2007
f 1222/1874/2008 1223/1875/2008 1224/1876/2008
f 1224/1876/2009 1223/1875/2009 1225/1877/2009
f 1224/1878/2010 1225/1879/2010 1226/1880/2010
f 1226/1880/2011 1225/1879/2011 1227/1881/2011
f 1226/1880/2012 1227/1881/2012 1228/1882/2012
f 1228/1882/2013 1227/1881/2013 1229/1883/2013
f 1228/1882/2014 1229/1883/2014 1230/1884/2014
f 1230/1884/2015 1229/1883/2015 1231/1885/2015
f 1230/1884/2016 1231/1885/2016 1232/1886/2016
f 1232/1886/2017 1231/1885/2017 1233/1887/2017
f 1232/1888/2018 1233/1889/2018 1234/1890/2018
f 1234/1890/2019 1233/1889/2019 1235/1891/2019
f 1234/1890/2020 1235/1891/2020 1236/1892/2020
f 1236/1892/2021 1235/1891/2021 1237/1893/2021
f 1236/1892/2022 1237/1893/2022 1238/1894/2022
f 1238/1895/2023 1237/1896/2023 1239/1897/2023
f 1238/1895/2024 1239/1897/2024 1240/1898/2024
f 1240/1898/2025 1239/1897/2025 1241/1899/2025
f 1240/1898/2026 1241/1899/2026 1242/1900/2026
f 1242/1900/2027 1241/1899/2027 1243/1901/2027
f 1242/1902/2028 1243/1903/2028 1244/1904/2028
f 1244/1905/2029 1243/1906/2029 1245/1907/2029
f 1244/1905/2030 1245/1907/2030 1246/1908/2030
f 1246/1909/2031 1245/1910/2031 1247/1911/2031
f 1246/1908/2032 1247/1912/2032 1248/1913/2032
f 1248/1913/2033 1247/1912/2033 1249/1914/2033
f 1248/1913/2034 1249/1914/2034 1250/1915/2034
f 1250/1916/2035 1249/1917/2035 1251/1918/2035
f 1250/1915/2036 1251/1919/2036 1252/1920/2036
f 1252/1920/2037 1251/1919/2037 1225/1877/2037
f 1252/1920/2038 1225/1877/2038 1223/1875/2038
f 1225/1879/2039 1251/1918/2039 1227/1881/2039
f 1227/1881/2040 1251/1918/2040 1249/1917/2040
f 1227/1881/2041 1249/1917/2041 1253/1921/2041
f 1253/1921/2042 1249/1917/2042 1254/1922/2042
f 1253/1921/2043 1254/1922/2043 1255/1923/2043
f 1255/1923/2044 1254/1922/2044 1256/1924/2044
f 1255/1923/2045 1256/1924/2045 1257/1925/2045
f 1257/1925/2046 1256/1924/2046 1258/1926/2046
f 1257/1927/2047 1258/1928/2047 1259/1929/2047
f 1259/1930/2048 1258/1931/2048 1239/1897/2048
f 1259/1930/2049 1239/1897/2049 1237/1896/2049
f 1249/1917/2050 1247/1911/2050 1254/1922/2050
f 1254/1922/2051 1247/1911/2051 1260/1932/2051
f 1254/1922/2052 1260/1932/2052 1261/1933/2052
f 1261/1933/2053 1260/1932/2053 1262/1934/2053
f 1261/1933/2054 1262/1934/2054 1263/1935/2054
f 1263/1936/2055 1262/1937/2055 1241/1899/2055
f 1263/1936/2056 1241/1899/2056 1264/1938/2056
f 1264/1938/2057 1241/1899/2057 1239/1897/2057
f 1264/1938/2058 1239/1897/2058 1258/1931/2058
f 1258/1926/2059 1256/1924/2059 1264/1939/2059
f 1264/1939/2060 1256/1924/2060 1263/1935/2060
f 1263/1935/2061 1256/1924/2061 1261/1933/2061
f 1261/1933/2062 1256/1924/2062 1254/1922/2062
f 1247/1911/2063 1245/1910/2063 1260/1932/2063
f 1260/1932/2064 1245/1910/2064 1262/1934/2064
f 1227/1881/2065 1253/1921/2065 1229/1883/2065
f 1229/1883/2066 1253/1921/2066 1255/1923/2066
f 1229/1883/2067 1255/1923/2067 1231/1885/2067
f 1231/1885/2068 1255/1923/2068 1257/1925/2068
f 1231/1885/2069 1257/1925/2069 1233/1887/2069
f 1233/1889/2070 1257/1927/2070 1259/1929/2070
f 1233/1889/2071 1259/1929/2071 1237/1893/2071
f 1221/1869/2072 1170/1793/2072 1223/1875/2072
f 1223/1875/2073 1170/1793/2073 1252/1920/2073
f 1170/1793/2074 1172/1796/2074 1252/1920/2074
f 1252/1920/2075 1172/1796/2075 1265/1940/2075
f 1252/1920/2076 1265/1940/2076 1250/1915/2076
f 1250/1915/2077 1265/1940/2077 1266/1941/2077
f 1250/1915/2078 1266/1941/2078 1248/1913/2078
f 1248/1913/2079 1266/1941/2079 1246/1908/2079
f 1172/1796/2080 1174/1798/2080 1265/1940/2080
f 1265/1940/2081 1174/1798/2081 1266/1941/2081
f 1214/1853/2082 1222/1873/2082 1192/1825/2082
f 1192/1825/2083 1222/1873/2083 1190/1823/2083
f 1222/1873/2084 1224/1878/2084 1190/1823/2084
f 1190/1823/2085 1224/1878/2085 1267/1942/2085
f 1190/1823/2086 1267/1942/2086 1188/1821/2086
f 1188/1821/2087 1267/1942/2087 1226/1880/2087
f 1188/1821/2088 1226/1880/2088 1186/1819/2088
f 1186/1819/2089 1226/1880/2089 1228/1882/2089
f 1186/1819/2090 1228/1882/2090 1184/1816/2090
f 1184/1816/2091 1228/1882/2091 1230/1884/2091
f 1184/1943/2092 1230/1944/2092 1180/1945/2092
f 1180/1945/2093 1230/1944/2093 1232/1888/2093
f 1180/1945/2094 1232/1888/2094 1234/1890/2094
f 1180/1945/2095 1234/1890/2095 1178/1946/2095
f 1178/1947/2096 1234/1948/2096 1176/1949/2096
f 1162/1782/2097 1219/1865/2097 1160/1780/2097
f 1160/1780/2098 1219/1865/2098 1218/1950/2098
f 1160/1776/2099 1218/1861/2099 1159/1775/2099
f 1159/1775/2100 1218/1861/2100 1158/1774/2100
f 1142/1753/2101 1216/1857/2101 1143/1754/2101
f 1143/1754/2102 1216/1857/2102 1145/1756/2102
f 1181/1951/2103 1179/1952/2103 1183/1953/2103
f 1183/1953/2104 1179/1952/2104 1268/1954/2104
f 1183/1953/2105 1268/1954/2105 1269/1955/2105
f 1269/1955/2106 1268/1954/2106 1270/1956/2106
f 1269/1955/2107 1270/1956/2107 1271/1957/2107
f 1271/1957/2108 1270/1956/2108 1272/1958/2108
f 1271/1959/2109 1272/1960/2109 1189/1822/2109
f 1189/1822/2110 1272/1960/2110 1191/1824/2110
f 1189/1822/2111 1187/1820/2111 1271/1959/2111
f 1271/1959/2112 1187/1820/2112 1269/1961/2112
f 1187/1820/2113 1185/1818/2113 1269/1961/2113
f 1269/1961/2114 1185/1818/2114 1183/1817/2114
f 1179/1952/2115 1177/1962/2115 1268/1954/2115
f 1268/1954/2116 1177/1962/2116 1273/1963/2116
f 1268/1954/2117 1273/1963/2117 1270/1956/2117
f 1270/1956/2118 1273/1963/2118 1274/1964/2118
f 1270/1956/2119 1274/1964/2119 1275/1965/2119
f 1275/1966/2120 1274/1967/2120 1276/1968/2120
f 1275/1966/2121 1276/1968/2121 1277/1969/2121
f 1277/1969/2122 1276/1968/2122 1278/1970/2122
f 1277/1969/2123 1278/1970/2123 1279/1971/2123
f 1279/1972/2124 1278/1973/2124 1280/1974/2124
f 1279/1972/2125 1280/1974/2125 1281/1975/2125
f 1281/1976/2126 1280/1977/2126 1282/1978/2126
f 1281/1976/2127 1282/1978/2127 1283/1979/2127
f 1283/1979/2128 1282/1978/2128 1284/1980/2128
f 1283/1981/2129 1284/1982/2129 1285/1983/2129
f 1285/1983/2130 1284/1982/2130 1286/1984/2130
f 1285/1983/2131 1286/1984/2131 1287/1985/2131
f 1287/1985/2132 1286/1984/2132 1288/1986/2132
f 1287/1985/2133 1288/1986/2133 1289/1987/2133
f 1289/1987/2134 1288/1986/2134 1290/1988/2134
f 1289/1987/2135 1290/1988/2135 1291/1989/2135
f 1291/1989/2136 1290/1988/2136 1292/1990/2136
f 1291/1989/2137 1292/1990/2137 1293/1991/2137
f 1293/1992/2138 1292/1993/2138 1294/1994/2138
f 1293/1992/2139 1294/1994/2139 1295/1995/2139
f 1295/1995/2140 1294/1994/2140 1296/1996/2140
f 1295/1997/2141 1296/1998/2141 1297/1999/2141
f 1297/1999/2142 1296/1998/2142 1298/2000/2142
f 1297/1999/2143 1298/2000/2143 1299/2001/2143
f 1299/2001/2144 1298/2000/2144 1300/2002/2144
f 1299/2001/2145 1300/2002/2145 1301/2003/2145
f 1301/2004/2146 1300/2005/2146 1302/2006/2146
f 1301/2004/2147 1302/2006/2147 1303/2007/2147
f 1303/2007/2148 1302/2006/2148 1304/2008/2148
f 1303/2009/2149 1304/2010/2149 1305/2011/2149
f 1305/2011/2150 1304/2010/2150 1306/2012/2150
f 1305/2011/2151 1306/2012/2151 1307/2013/2151
f 1307/2013/2152 1306/2012/2152 1290/1988/2152
f 1307/2013/2153 1290/1988/2153 970/2014/2153
f 970/2014/2154 1290/1988/2154 968/2015/2154
f 1307/2013/2155 970/2014/2155 1305/2011/2155
f 1305/2011/2156 970/2014/2156 1308/2016/2156
f 1305/2011/2157 1308/2016/2157 1309/2017/2157
f 1309/2018/2158 1308/2019/2158 1310/2020/2158
f 1309/2018/2159 1310/2020/2159 978/2021/2159
f 978/2021/2160 1310/2020/2160 976/2022/2160
f 976/2022/2160 1310/2020/2160 974/1518/2160
f 974/1518/2161 1310/2020/2161 972/1516/2161
f 1310/2020/2158 1308/2019/2158 972/1516/2158
f 972/1514/1562 1308/2023/1562 970/1512/1562
f 978/2021/2159 959/2024/2159 1309/2018/2159
f 1309/2017/2162 959/1495/2162 957/1493/2162
f 1309/2017/2163 957/1493/2163 1311/2025/2163
f 1311/2025/2164 957/1493/2164 1312/2026/2164
f 1311/2025/2165 1312/2026/2165 1313/2027/2165
f 1313/2028/2166 1312/2029/2166 1314/2030/2166
f 1313/2028/2166 1314/2030/2166 1315/2031/2166
f 1315/2031/2167 1314/2030/2167 1316/2032/2167
f 1315/2031/2167 1316/2032/2167 1317/2033/2167
f 1317/2034/2168 1316/2035/2168 1318/2036/2168
f 1317/2037/2169 1318/2038/2169 1319/2039/2169
f 1319/2039/2170 1318/2038/2170 1320/2040/2170
f 1319/2039/2171 1320/2040/2171 1321/2041/2171
f 1321/2041/2171 1320/2040/2171 1322/2042/2171
f 1321/2041/2172 1322/2042/2172 1323/2043/2172
f 1323/2043/2172 1322/2042/2172 1324/2044/2172
f 1323/2045/2173 1324/2046/2173 1325/2047/2173
f 1325/2047/2174 1324/2046/2174 1326/2048/2174
f 1325/2047/2175 1326/2048/2175 1327/2049/2175
f 1327/2049/2176 1326/2048/2176 1328/2050/2176
f 1327/2049/2177 1328/2050/2177 1329/2051/2177
f 1329/2051/2178 1328/2050/2178 1330/2052/2178
f 1329/2051/2179 1330/2052/2179 1331/2053/2179
f 1331/2053/2180 1330/2052/2180 1332/2054/2180
f 1331/2053/2181 1332/2054/2181 1333/2055/2181
f 1333/2055/2182 1332/2054/2182 1334/2056/2182
f 1333/2055/2183 1334/2056/2183 1335/2057/2183
f 1335/2057/2184 1334/2056/2184 1336/2058/2184
f 1335/2057/2185 1336/2058/2185 1337/2059/2185
f 1337/2059/2186 1336/2058/2186 1338/2060/2186
f 1337/2059/2187 1338/2060/2187 1339/2061/2187
f 1339/2061/2188 1338/2060/2188 998/1556/2188
f 1339/2061/2189 998/1556/2189 1340/2062/2189
f 1340/2062/2190 998/1556/2190 1000/1558/2190
f 1340/2062/2191 1000/1558/2191 1341/2063/2191
f 1341/2063/2192 1000/1558/2192 1342/2064/2192
f 1341/2063/2193 1342/2064/2193 1343/2065/2193
f 1343/2065/2194 1342/2064/2194 1344/2066/2194
f 1343/2065/2195 1344/2066/2195 1345/2067/2195
f 1345/2067/2196 1344/2066/2196 1346/2068/2196
f 1345/2067/2197 1346/2068/2197 1347/2069/2197
f 1347/2069/2198 1346/2068/2198 1002/1560/2198
f 1347/2069/2199 1002/1560/2199 1004/1562/2199
f 1004/1562/2200 1006/1564/2200 1347/2069/2200
f 1347/2069/2201 1006/1564/2201 1348/2070/2201
f 1347/2069/2202 1348/2070/2202 1349/2071/2202
f 1349/2071/2203 1348/2070/2203 1350/2072/2203
f 1349/2071/2204 1350/2072/2204 1351/2073/2204
f 1351/2073/2205 1350/2072/2205 1352/2074/2205
f 1351/2073/2206 1352/2074/2206 1353/2075/2206
f 1353/2075/2207 1352/2074/2207 1354/2076/2207
f 1353/2075/2208 1354/2076/2208 1355/2077/2208
f 1355/2077/2209 1354/2076/2209 1356/2078/2209
f 1355/2077/2210 1356/2078/2210 1357/2079/2210
f 1357/2080/2211 1356/2081/2211 114/183/2211
f 1357/2080/2212 114/183/2212 1358/2082/2212
f 1358/2082/2213 114/183/2213 116/185/2213
f 1358/2082/2214 116/185/2214 1359/2083/2214
f 1359/2083/2215 116/185/2215 1360/2084/2215
f 1359/2085/2216 1360/2086/2216 1361/2087/2216
f 1361/2087/2217 1360/2086/2217 1362/2088/2217
f 1361/2087/2218 1362/2088/2218 1363/2089/2218
f 1363/2089/2219 1362/2088/2219 1364/2090/2219
f 1363/2089/2220 1364/2090/2220 1365/2091/2220
f 1365/2091/2221 1364/2090/2221 1366/2092/2221
f 1365/2091/2222 1366/2092/2222 1367/2093/2222
f 1367/2093/2223 1366/2092/2223 1368/2094/2223
f 1367/2093/2224 1368/2094/2224 1369/2095/2224
f 1369/2095/2225 1368/2094/2225 1370/2096/2225
f 1369/2097/2226 1370/2098/2226 1371/2099/2226
f 1371/2099/2227 1370/2098/2227 1372/2100/2227
f 1371/2099/2228 1372/2100/2228 1373/2101/2228
f 1373/2101/2229 1372/2100/2229 1374/2102/2229
f 1373/2101/2230 1374/2102/2230 1375/2103/2230
f 1375/2103/2231 1374/2102/2231 1376/2104/2231
f 1375/2103/2232 1376/2104/2232 1377/2105/2232
f 1377/2105/2233 1376/2104/2233 1378/2106/2233
f 1377/2105/2234 1378/2106/2234 1379/2107/2234
f 1379/2107/2235 1378/2106/2235 132/209/2235
f 1379/2108/2236 132/211/2236 134/213/2236
f 1357/2079/2237 1358/2109/2237 1355/2077/2237
f 1355/2077/2238 1358/2109/2238 1359/2085/2238
f 1355/2077/2239 1359/2085/2239 1361/2087/2239
f 1347/2069/2240 1349/2071/2240 1345/2067/2240
f 1345/2067/2241 1349/2071/2241 1380/2110/2241
f 1345/2067/2242 1380/2110/2242 1381/2111/2242
f 1381/2111/2243 1380/2110/2243 1382/2112/2243
f 1381/2111/2244 1382/2112/2244 1383/2113/2244
f 1383/2113/2245 1382/2112/2245 1384/2114/2245
f 1383/2113/2246 1384/2114/2246 1385/2115/2246
f 1385/2115/2247 1384/2114/2247 1386/2116/2247
f 1385/2115/2248 1386/2116/2248 1387/2117/2248
f 1387/2117/2249 1386/2116/2249 1365/2091/2249
f 1387/2117/2250 1365/2091/2250 1367/2093/2250
f 1367/2093/2251 1369/2095/2251 1387/2117/2251
f 1387/2117/2252 1369/2095/2252 1388/2118/2252
f 1387/2117/2253 1388/2118/2253 1385/2115/2253
f 1385/2115/2254 1388/2118/2254 1389/2119/2254
f 1385/2115/2255 1389/2119/2255 1381/2111/2255
f 1381/2111/2256 1389/2119/2256 1390/2120/2256
f 1381/2111/2257 1390/2120/2257 1343/2065/2257
f 1343/2065/2258 1390/2120/2258 1341/2063/2258
f 1341/2063/2259 1390/2120/2259 1340/2062/2259
f 1340/2062/2260 1390/2120/2260 1339/2061/2260
f 1339/2061/2261 1390/2120/2261 1337/2059/2261
f 1337/2059/2262 1390/2120/2262 1391/2121/2262
f 1337/2059/2263 1391/2121/2263 1335/2057/2263
f 1335/2057/2264 1391/2121/2264 1392/2122/2264
f 1335/2057/2265 1392/2122/2265 1333/2055/2265
f 1333/2055/2266 1392/2122/2266 1393/2123/2266
f 1333/2055/2267 1393/2123/2267 1331/2053/2267
f 1331/2053/2268 1393/2123/2268 1329/2051/2268
f 1390/2120/2269 1389/2119/2269 1391/2121/2269
f 1391/2121/2270 1389/2119/2270 1392/2122/2270
f 1365/2091/2271 1386/2116/2271 1363/2089/2271
f 1363/2089/2272 1386/2116/2272 1361/2087/2272
f 1386/2116/2273 1384/2114/2273 1361/2087/2273
f 1361/2087/2274 1384/2114/2274 1355/2077/2274
f 1355/2077/2275 1384/2114/2275 1353/2075/2275
f 1353/2075/2276 1384/2114/2276 1382/2112/2276
f 1353/2075/2277 1382/2112/2277 1351/2073/2277
f 1351/2073/2278 1382/2112/2278 1380/2110/2278
f 1351/2073/2279 1380/2110/2279 1349/2071/2279
f 1006/1564/2280 1008/1566/2280 1348/2070/2280
f 1348/2070/2281 1008/1566/2281 1394/2124/2281
f 1348/2070/2282 1394/2124/2282 1350/2072/2282
f 1350/2072/2283 1394/2124/2283 1395/2125/2283
f 1350/2072/2284 1395/2125/2284 102/169/2284
f 102/169/2285 1395/2125/2285 100/167/2285
f 1395/2125/2286 1394/2124/2286 100/167/2286
f 100/167/2287 1394/2124/2287 1396/2126/2287
f 100/167/2288 1396/2126/2288 1397/2127/2288
f 1397/2128/2289 1396/2129/2289 1398/2130/2289
f 1397/2128/2290 1398/2130/2290 831/2131/2290
f 831/2131/2291 1398/2130/2291 1399/2132/2291
f 831/1274/2292 1399/2133/2292 1400/2134/2292
f 1400/2134/2293 1399/2133/2293 1401/2135/2293
f 1400/2134/2294 1401/2135/2294 926/1439/2294
f 926/1439/2295 1401/2135/2295 927/2136/2295
f 926/1439/2296 830/1272/2296 1400/2134/2296
f 1400/2134/2297 830/1272/2297 831/1274/2297
f 831/1275/2298 97/161/2298 1397/2127/2298
f 1397/2127/2299 97/161/2299 100/167/2299
f 1008/1566/2300 1010/1568/2300 1394/2124/2300
f 1394/2124/2301 1010/1568/2301 1396/2126/2301
f 1346/2068/2302 1344/2066/2302 1002/1560/2302
f 1002/1560/2303 1344/2066/2303 1000/1558/2303
f 1327/2049/2304 1329/2051/2304 1325/2047/2304
f 1325/2047/2305 1329/2051/2305 1402/2137/2305
f 1325/2047/2306 1402/2137/2306 1403/2138/2306
f 1403/2138/2307 1402/2137/2307 1369/2095/2307
f 1403/2139/2308 1369/2097/2308 1371/2099/2308
f 1369/2095/2309 1402/2137/2309 1388/2118/2309
f 1388/2118/2310 1402/2137/2310 1329/2051/2310
f 1388/2118/2311 1329/2051/2311 1404/2140/2311
f 1404/2140/2312 1329/2051/2312 1393/2123/2312
f 1404/2140/2313 1393/2123/2313 1392/2122/2313
f 1392/2122/2314 1389/2119/2314 1404/2140/2314
f 1404/2140/2315 1389/2119/2315 1388/2118/2315
f 1317/2037/2316 1319/2039/2316 1315/2141/2316
f 1315/2141/2316 1319/2039/2316 1321/2041/2316
f 1315/2141/2317 1321/2041/2317 1313/2142/2317
f 1313/2142/2317 1321/2041/2317 1323/2043/2317
f 1313/2027/2318 1323/2045/2318 1305/2011/2318
f 1305/2011/2319 1323/2045/2319 1405/2143/2319
f 1305/2011/2320 1405/2143/2320 1406/2144/2320
f 1406/2144/2321 1405/2143/2321 1325/2047/2321
f 1406/2144/2322 1325/2047/2322 1407/2145/2322
f 1407/2145/2323 1325/2047/2323 1408/2146/2323
f 1407/2147/2324 1408/2148/2324 1409/2149/2324
f 1409/2149/2325 1408/2148/2325 1410/2150/2325
f 1409/2149/2325 1410/2150/2325 1411/2151/2325
f 1411/2152/2326 1410/2153/2326 1412/2154/2326
f 1411/2152/2327 1412/2154/2327 1413/2155/2327
f 1413/2155/2328 1412/2154/2328 1414/2156/2328
f 1413/2155/2329 1414/2156/2329 1415/2157/2329
f 1415/2158/2330 1414/2159/2330 1416/2160/2330
f 1415/2158/2330 1416/2160/2330 1417/2161/2330
f 1417/2161/2331 1416/2160/2331 1418/2162/2331
f 1417/2161/2331 1418/2162/2331 1419/2163/2331
f 1419/2164/2332 1418/2165/2332 1420/2166/2332
f 1419/2167/2333 1420/2168/2333 1421/2169/2333
f 1421/2169/2334 1420/2168/2334 1422/2170/2334
f 1421/2169/2335 1422/2170/2335 1423/2171/2335
f 1423/2172/2336 1422/2173/2336 1424/2174/2336
f 1423/2172/2336 1424/2174/2336 1409/991/2336
f 1409/2149/2337 1424/2175/2337 1407/2147/2337
f 1407/2145/2338 1424/2176/2338 1406/2144/2338
f 1406/2144/2338 1424/2176/2338 1425/2177/2338
f 1406/2144/2339 1425/2177/2339 1426/2178/2339
f 1426/2178/2339 1425/2177/2339 1418/2179/2339
f 1426/2180/2340 1418/2162/2340 1416/2160/2340
f 1418/2165/2332 1425/2181/2332 1420/2166/2332
f 1420/2166/2341 1425/2181/2341 1422/2173/2341
f 1406/2144/2342 1426/2178/2342 1305/2011/2342
f 1305/2011/2343 1426/2178/2343 1427/2182/2343
f 1305/2011/2344 1427/2182/2344 1303/2009/2344
f 1303/2183/2345 1427/2184/2345 1375/2103/2345
f 1303/2183/2346 1375/2103/2346 1428/2185/2346
f 1428/2185/2347 1375/2103/2347 1429/2186/2347
f 1428/2185/2348 1429/2186/2348 1430/2187/2348
f 1430/2187/2349 1429/2186/2349 1431/2188/2349
f 1430/2187/2350 1431/2188/2350 1432/2189/2350
f 1432/2189/2351 1431/2188/2351 1433/2190/2351
f 1432/2189/2352 1433/2190/2352 1434/2191/2352
f 1434/2191/2352 1433/2190/2352 1295/1997/2352
f 1434/2191/2141 1295/1997/2141 1297/1999/2141
f 1297/1999/2353 1299/2001/2353 1434/2191/2353
f 1434/2191/2354 1299/2001/2354 1435/2192/2354
f 1434/2191/2355 1435/2192/2355 1432/2189/2355
f 1432/2189/2355 1435/2192/2355 1430/2187/2355
f 1430/2187/2356 1435/2192/2356 1428/2185/2356
f 1428/2185/2356 1435/2192/2356 1301/2003/2356
f 1428/2193/2147 1301/2004/2147 1303/2007/2147
f 1295/1995/2139 1433/2194/2139 1293/1992/2139
f 1293/2195/2357 1433/2196/2357 1436/2197/2357
f 1293/1991/2358 1436/2198/2358 1291/1989/2358
f 1291/1989/2359 1436/2198/2359 1289/1987/2359
f 1375/2103/2360 1377/2105/2360 1429/2186/2360
f 1429/2186/2361 1377/2105/2361 1437/2199/2361
f 1429/2186/2362 1437/2199/2362 1431/2188/2362
f 1431/2200/2363 1437/2201/2363 1438/2202/2363
f 1431/2200/2364 1438/2202/2364 1439/2203/2364
f 1439/2203/2365 1438/2202/2365 1440/2204/2365
f 1439/2203/2366 1440/2204/2366 1441/2205/2366
f 1441/2206/2367 1440/2207/2367 1442/2208/2367
f 1441/2206/2368 1442/2208/2368 1443/2209/2368
f 1443/2209/2369 1442/2208/2369 1444/2210/2369
f 1443/2209/2370 1444/2210/2370 1445/2211/2370
f 1445/2211/2371 1444/2210/2371 1446/2212/2371
f 1445/2211/2372 1446/2212/2372 1447/2213/2372
f 1447/2214/2373 1446/2215/2373 1448/2216/2373
f 1447/2214/2374 1448/2216/2374 1449/2217/2374
f 1449/2218/2375 1448/2219/2375 1450/2220/2375
f 1449/2218/2376 1450/2220/2376 1451/2221/2376
f 1451/2221/2377 1450/2220/2377 1452/2222/2377
f 1451/2223/2378 1452/2224/2378 1453/2225/2378
f 1453/2225/2379 1452/2224/2379 1454/2226/2379
f 1453/2227/2380 1454/2228/2380 1455/2229/2380
f 1455/2230/2381 1454/2226/2381 1456/2231/2381
f 1455/2232/2382 1456/2233/2382 1457/2234/2382
f 1457/2234/2383 1456/2233/2383 1289/1987/2383
f 1457/2234/2384 1289/1987/2384 1436/2198/2384
f 1289/1987/2385 1456/2233/2385 1287/1985/2385
f 1287/1985/2386 1456/2233/2386 1458/2235/2386
f 1287/1985/2387 1458/2235/2387 1459/2236/2387
f 1459/2237/2388 1458/2238/2388 1460/2239/2388
f 1459/2237/2389 1460/2239/2389 1461/2240/2389
f 1461/2240/2390 1460/2239/2390 1462/2241/2390
f 1461/2240/2391 1462/2241/2391 1463/2242/2391
f 1463/2242/2392 1462/2241/2392 1464/2243/2392
f 1463/2242/2393 1464/2243/2393 1465/2244/2393
f 1465/2244/2394 1464/2243/2394 1466/2245/2394
f 1465/2244/2395 1466/2245/2395 1467/2246/2395
f 1467/2246/2396 1466/2245/2396 1468/2247/2396
f 1467/2246/2397 1468/2247/2397 1469/2248/2397
f 1469/2248/2398 1468/2247/2398 1470/2249/2398
f 1469/2248/2399 1470/2249/2399 1471/2250/2399
f 1471/2250/2400 1470/2249/2400 1472/2251/2400
f 1471/2250/2401 1472/2251/2401 1473/2252/2401
f 1473/2252/2402 1472/2251/2402 1474/2253/2402
f 1473/2252/2403 1474/2253/2403 1475/2254/2403
f 1475/2254/2404 1474/2253/2404 1476/2255/2404
f 1475/2254/2405 1476/2255/2405 1477/2256/2405
f 1477/2256/2406 1476/2255/2406 1478/2257/2406
f 1477/2256/2407 1478/2257/2407 1479/2258/2407
f 1479/2258/2408 1478/2257/2408 1480/2259/2408
f 1479/2258/2409 1480/2259/2409 1481/2260/2409
f 1481/2260/2410 1480/2259/2410 1482/2261/2410
f 1481/2260/2411 1482/2261/2411 1483/2262/2411
f 1483/2262/2412 1482/2261/2412 1484/2263/2412
f 1483/2262/2413 1484/2263/2413 1485/2264/2413
f 1485/2264/2414 1484/2263/2414 1201/2265/2414
f 1485/2264/2415 1201/2265/2415 1199/2266/2415
f 1201/1834/2416 1484/2267/2416 1203/1836/2416
f 1203/1836/2417 1484/2267/2417 1482/2268/2417
f 1203/1836/2418 1482/2268/2418 1205/1838/2418
f 1205/1838/2419 1482/2268/2419 1151/1764/2419
f 1481/2260/2420 1483/2262/2420 1479/2258/2420
f 1479/2258/2421 1483/2262/2421 1486/2269/2421
f 1479/2258/2422 1486/2269/2422 1477/2256/2422
f 1477/2270/2423 1486/2271/2423 1487/2272/2423
f 1477/2256/2424 1487/2273/2424 1475/2254/2424
f 1475/2274/2425 1487/2272/2425 1488/2275/2425
f 1475/2254/2426 1488/2276/2426 1473/2252/2426
f 1473/2252/2427 1488/2276/2427 1489/2277/2427
f 1473/2252/2428 1489/2277/2428 1471/2250/2428
f 1471/2250/2429 1489/2277/2429 1490/2278/2429
f 1471/2250/2430 1490/2278/2430 1469/2248/2430
f 1469/2248/2431 1490/2278/2431 1467/2246/2431
f 1467/2246/2432 1490/2278/2432 1465/2244/2432
f 1465/2244/2433 1490/2278/2433 1491/2279/2433
f 1465/2244/2434 1491/2279/2434 1463/2242/2434
f 1463/2242/2435 1491/2279/2435 1492/2280/2435
f 1463/2242/2436 1492/2280/2436 1461/2240/2436
f 1461/2240/2437 1492/2280/2437 1493/2281/2437
f 1461/2240/2438 1493/2281/2438 1494/2282/2438
f 1494/2282/2439 1493/2281/2439 1495/2283/2439
f 1494/2282/2440 1495/2283/2440 1496/2284/2440
f 1496/2284/2441 1495/2283/2441 1497/2285/2441
f 1496/2284/2442 1497/2285/2442 1498/2286/2442
f 1498/2286/2443 1497/2285/2443 1499/2287/2443
f 1498/2288/2444 1499/2289/2444 1500/2290/2444
f 1500/2290/2445 1499/2289/2445 1501/2291/2445
f 1500/2290/2446 1501/2291/2446 1502/2292/2446
f 1502/2293/2447 1501/2294/2447 1485/2264/2447
f 1502/2293/2448 1485/2264/2448 1199/2266/2448
f 1199/1832/2449 1197/1830/2449 1502/2292/2449
f 1502/2295/2450 1197/2296/2450 1500/2297/2450
f 1197/1830/2451 1195/1828/2451 1500/2290/2451
f 1500/2290/2452 1195/1828/2452 1503/2298/2452
f 1500/2290/2453 1503/2298/2453 1504/2299/2453
f 1504/2299/2454 1503/2298/2454 1505/2300/2454
f 1504/2299/2455 1505/2300/2455 1498/2288/2455
f 1498/2286/2456 1505/2301/2456 1506/2302/2456
f 1498/2286/2457 1506/2302/2457 1496/2284/2457
f 1496/2303/2458 1506/2304/2458 1283/1979/2458
f 1496/2284/2459 1283/2305/2459 1494/2282/2459
f 1494/2306/2460 1283/1981/2460 1285/1983/2460
f 1494/2306/2461 1285/1983/2461 1287/1985/2461
f 1287/1985/2462 1459/2236/2462 1494/2306/2462
f 1494/2282/2463 1459/2237/2463 1461/2240/2463
f 1283/1979/2464 1506/2304/2464 1281/1976/2464
f 1281/1976/2465 1506/2304/2465 1279/1971/2465
f 1506/2302/2466 1505/2301/2466 1279/2307/2466
f 1279/2307/2467 1505/2301/2467 1507/2308/2467
f 1279/2307/2468 1507/2308/2468 1508/2309/2468
f 1508/2310/2469 1507/2311/2469 1193/1826/2469
f 1508/2310/2470 1193/1826/2470 1191/1824/2470
f 1191/1824/2471 1272/1960/2471 1508/2310/2471
f 1508/2309/2472 1272/1958/2472 1277/2312/2472
f 1508/2309/2473 1277/2312/2473 1279/2307/2473
f 1277/2312/2474 1272/1958/2474 1275/1965/2474
f 1275/1965/2475 1272/1958/2475 1270/1956/2475
f 1505/2300/2476 1503/2298/2476 1507/2311/2476
f 1507/2311/2477 1503/2298/2477 1193/1826/2477
f 1490/2278/2478 1489/2277/2478 1491/2279/2478
f 1491/2279/2479 1489/2277/2479 1509/2313/2479
f 1491/2279/2480 1509/2313/2480 1492/2280/2480
f 1492/2280/2481 1509/2313/2481 1510/2314/2481
f 1492/2280/2482 1510/2314/2482 1493/2281/2482
f 1493/2281/2483 1510/2314/2483 1495/2283/2483
f 1489/2277/2484 1488/2276/2484 1509/2313/2484
f 1509/2313/2485 1488/2276/2485 1511/2315/2485
f 1509/2313/2486 1511/2315/2486 1510/2314/2486
f 1510/2314/2487 1511/2315/2487 1512/2316/2487
f 1510/2314/2488 1512/2316/2488 1495/2283/2488
f 1495/2317/2489 1512/2318/2489 1497/2319/2489
f 1488/2275/2490 1487/2272/2490 1511/2320/2490
f 1511/2320/2491 1487/2272/2491 1513/2321/2491
f 1511/2320/2492 1513/2321/2492 1512/2322/2492
f 1512/2322/2493 1513/2321/2493 1514/2323/2493
f 1512/2322/2494 1514/2323/2494 1497/2324/2494
f 1497/2285/2495 1514/2325/2495 1499/2287/2495
f 1499/2287/2496 1514/2325/2496 1501/2294/2496
f 1501/2294/2497 1514/2325/2497 1515/2326/2497
f 1501/2294/2498 1515/2326/2498 1485/2264/2498
f 1485/2264/2499 1515/2326/2499 1483/2262/2499
f 1487/2272/2500 1486/2271/2500 1513/2321/2500
f 1513/2321/2501 1486/2271/2501 1516/2327/2501
f 1513/2321/2502 1516/2327/2502 1514/2323/2502
f 1514/2325/2503 1516/2328/2503 1515/2326/2503
f 1515/2326/2504 1516/2328/2504 1483/2262/2504
f 1483/2262/2505 1516/2328/2505 1486/2269/2505
f 1456/2231/2506 1454/2226/2506 1458/2238/2506
f 1458/2238/2507 1454/2226/2507 1517/2329/2507
f 1458/2238/2508 1517/2329/2508 1460/2239/2508
f 1460/2239/2509 1517/2329/2509 1518/2330/2509
f 1460/2239/2510 1518/2330/2510 1462/2241/2510
f 1462/2241/2511 1518/2330/2511 1519/2331/2511
f 1462/2241/2512 1519/2331/2512 1464/2243/2512
f 1464/2243/2513 1519/2331/2513 1520/2332/2513
f 1464/2243/2514 1520/2332/2514 1466/2245/2514
f 1466/2245/2515 1520/2332/2515 1468/2247/2515
f 1450/2333/2516 1448/2334/2516 1452/2335/2516
f 1452/2222/2517 1448/2219/2517 1521/2336/2517
f 1452/2224/2518 1521/2337/2518 1522/2338/2518
f 1522/2338/2519 1521/2337/2519 1523/2339/2519
f 1522/2340/2520 1523/2341/2520 1524/2342/2520
f 1524/2342/2521 1523/2341/2521 1525/2343/2521
f 1524/2342/2522 1525/2343/2522 1526/2344/2522
f 1526/2344/2523 1525/2343/2523 1527/2345/2523
f 1526/2344/2524 1527/2345/2524 1528/2346/2524
f 1528/2346/2525 1527/2345/2525 1529/2347/2525
f 1528/2348/2526 1529/2349/2526 1520/2332/2526
f 1520/2332/2527 1529/2349/2527 1530/2350/2527
f 1520/2332/2528 1530/2350/2528 1468/2247/2528
f 1468/2247/2529 1530/2350/2529 1531/2351/2529
f 1468/2247/2530 1531/2351/2530 1470/2249/2530
f 1470/2249/2531 1531/2351/2531 1532/2352/2531
f 1470/2249/2532 1532/2352/2532 1533/2353/2532
f 1533/2353/2533 1532/2352/2533 1534/2354/2533
f 1533/2353/2534 1534/2354/2534 1535/2355/2534
f 1535/2355/2535 1534/2354/2535 1536/2356/2535
f 1535/2355/2536 1536/2356/2536 1537/2357/2536
f 1537/2357/2537 1536/2356/2537 1538/2358/2537
f 1537/2357/2538 1538/2358/2538 1539/2359/2538
f 1539/2359/2539 1538/2358/2539 1540/2360/2539
f 1539/2359/2540 1540/2360/2540 1541/2361/2540
f 1541/2361/2541 1540/2360/2541 1542/2362/2541
f 1541/2361/2542 1542/2362/2542 1543/2363/2542
f 1543/2363/2543 1542/2362/2543 1544/2364/2543
f 1543/2363/2544 1544/2364/2544 1545/2365/2544
f 1545/2365/2545 1544/2364/2545 1546/2366/2545
f 1545/2365/2546 1546/2366/2546 1547/2367/2546
f 1547/2368/2547 1546/2369/2547 1548/2370/2547
f 1547/2368/2548 1548/2370/2548 1549/2371/2548
f 1549/2371/2549 1548/2370/2549 1550/2372/2549
f 1549/2371/2550 1550/2372/2550 1551/2373/2550
f 1551/2373/2551 1550/2372/2551 239/2374/2551
f 1551/2375/2552 239/366/2552 238/365/2552
f 239/2374/2553 1550/2372/2553 240/368/2553
f 240/368/2554 1550/2372/2554 1552/2376/2554
f 240/368/2555 1552/2376/2555 241/369/2555
f 241/369/2556 1552/2376/2556 1553/2377/2556
f 241/369/2557 1553/2377/2557 242/370/2557
f 242/370/2558 1553/2377/2558 1554/2378/2558
f 242/370/2559 1554/2378/2559 1555/2379/2559
f 1555/2379/2560 1554/2378/2560 1556/2380/2560
f 1555/2379/2561 1556/2380/2561 1557/2381/2561
f 1557/2381/2562 1556/2380/2562 1558/2382/2562
f 1557/2381/2563 1558/2382/2563 142/223/2563
f 142/223/2564 1558/2382/2564 140/221/2564
f 140/221/2565 1558/2382/2565 138/219/2565
f 138/219/2566 1558/2382/2566 1559/2383/2566
f 138/219/2567 1559/2383/2567 136/217/2567
f 136/217/2568 1559/2383/2568 1560/2384/2568
f 136/217/2569 1560/2384/2569 134/215/2569
f 134/215/2570 1560/2384/2570 1561/2385/2570
f 134/215/2571 1561/2385/2571 1440/2207/2571
f 1440/2207/2572 1561/2385/2572 1442/2208/2572
f 1442/2208/2573 1561/2385/2573 1444/2210/2573
f 1444/2210/2574 1561/2385/2574 1562/2386/2574
f 1444/2210/2575 1562/2386/2575 1446/2212/2575
f 1446/2212/2576 1562/2386/2576 1563/2387/2576
f 1446/2215/2577 1563/2388/2577 1448/2216/2577
f 1448/2219/2578 1563/2387/2578 1521/2336/2578
f 1440/2204/2579 1438/2202/2579 134/2389/2579
f 134/2390/2580 1438/2391/2580 1379/2392/2580
f 1438/2202/2581 1437/2201/2581 1379/2393/2581
f 1379/2107/2582 1437/2199/2582 1377/2105/2582
f 142/223/2583 144/228/2583 1557/2381/2583
f 1557/2381/2584 144/228/2584 1555/2379/2584
f 1535/2355/2585 1537/2357/2585 1533/2353/2585
f 1533/2353/2586 1537/2357/2586 1564/2394/2586
f 1533/2353/2587 1564/2394/2587 1470/2249/2587
f 1470/2249/2588 1564/2394/2588 1472/2251/2588
f 1520/2332/2589 1519/2331/2589 1528/2348/2589
f 1528/2348/2590 1519/2331/2590 1526/2395/2590
f 1519/2331/2591 1518/2330/2591 1526/2395/2591
f 1526/2395/2592 1518/2330/2592 1524/2396/2592
f 1518/2330/2593 1517/2329/2593 1524/2396/2593
f 1524/2342/2594 1517/2397/2594 1522/2340/2594
f 1517/2397/2595 1454/2398/2595 1522/2340/2595
f 1522/2338/2596 1454/2226/2596 1452/2224/2596
f 1419/2167/2597 1421/2169/2597 1417/2399/2597
f 1417/2400/2598 1421/2401/2598 1415/2157/2598
f 1415/2157/2599 1421/2401/2599 1413/2155/2599
f 1413/2155/2600 1421/2401/2600 1565/2402/2600
f 1413/2155/2327 1565/2402/2327 1411/2152/2327
f 1411/2151/2601 1565/2403/2601 1409/2149/2601
f 1409/2149/2601 1565/2403/2601 1423/2404/2601
f 1423/2404/2602 1565/2403/2602 1421/2405/2602
f 1325/2047/2603 1403/2138/2603 1408/2146/2603
f 1408/2146/2604 1403/2138/2604 1371/2406/2604
f 1408/2146/2605 1371/2406/2605 1410/2407/2605
f 1410/2153/2606 1371/2099/2606 1566/2408/2606
f 1410/2153/2326 1566/2408/2326 1412/2154/2326
f 1412/2154/2607 1566/2408/2607 1567/2409/2607
f 1412/2154/2607 1567/2409/2607 1414/2156/2607
f 1414/2159/2608 1567/2410/2608 1416/2160/2608
f 1371/2099/2609 1373/2101/2609 1566/2408/2609
f 1566/2408/2610 1373/2101/2610 1375/2103/2610
f 1566/2408/2611 1375/2103/2611 1567/2409/2611
f 1567/2411/2612 1375/2412/2612 1568/2413/2612
f 1567/2410/2608 1568/2414/2608 1416/2160/2608
f 1416/2160/2340 1568/2414/2340 1426/2180/2340
f 1426/2178/2613 1568/2415/2613 1427/2182/2613
f 1427/2184/2614 1568/2416/2614 1375/2103/2614
f 1313/2027/2615 1305/2011/2615 1311/2025/2615
f 1311/2025/2616 1305/2011/2616 1309/2017/2616
f 1290/1988/2617 1306/2012/2617 1292/1990/2617
f 1292/2417/2618 1306/2418/2618 1569/2419/2618
f 1292/1993/2619 1569/2420/2619 1294/1994/2619
f 1294/1994/2620 1569/2420/2620 1570/2421/2620
f 1294/1994/2140 1570/2421/2140 1296/1996/2140
f 1296/1998/2621 1570/2422/2621 1298/2000/2621
f 1288/1986/2622 1286/1984/2622 1290/1988/2622
f 1290/1988/2623 1286/1984/2623 1571/2423/2623
f 1290/1988/2624 1571/2423/2624 968/2015/2624
f 968/2015/2625 1571/2423/2625 966/2424/2625
f 1177/1803/2626 1175/1801/2626 1273/2425/2626
f 1273/2425/2627 1175/1801/2627 1274/1967/2627
f 1173/1800/2628 1171/2426/2628 1175/1801/2628
f 1175/1801/2629 1171/2426/2629 1572/2427/2629
f 1175/1801/2630 1572/2427/2630 1274/1967/2630
f 1274/1967/2631 1572/2427/2631 1573/2428/2631
f 1274/1967/2632 1573/2428/2632 1276/1968/2632
f 1276/1968/2633 1573/2428/2633 1574/2429/2633
f 1276/1968/2634 1574/2429/2634 1278/1970/2634
f 1278/1970/2635 1574/2429/2635 1575/2430/2635
f 1278/1970/2636 1575/2430/2636 1280/1977/2636
f 1280/1977/2637 1575/2430/2637 1282/1978/2637
f 1171/2426/2638 1169/1791/2638 1572/2427/2638
f 1572/2427/2639 1169/1791/2639 1573/2428/2639
f 1169/1791/2640 1167/1789/2640 1573/2428/2640
f 1573/2428/2641 1167/1789/2641 1574/2429/2641
f 951/1485/2642 984/1540/2642 1576/2431/2642
f 1576/2431/2643 984/1540/2643 986/1542/2643
f 1576/2432/2644 986/2433/2644 988/1546/2644
f 951/1485/2645 1576/2431/2645 953/1487/2645
f 953/1490/2646 1576/2432/2646 1577/2434/2646
f 953/1490/2647 1577/2434/2647 955/1491/2647
f 955/1491/2648 1577/2434/2648 957/1493/2648
f 1576/2432/2649 988/1546/2649 1577/2434/2649
f 1577/2434/2650 988/1546/2650 1578/2435/2650
f 1577/2434/2651 1578/2435/2651 1579/2436/2651
f 1579/2436/2652 1578/2435/2652 1328/2050/2652
f 1579/2436/2653 1328/2050/2653 1580/2437/2653
f 1580/2437/2654 1328/2050/2654 1581/2438/2654
f 1580/2439/2655 1581/2440/2655 1582/2441/2655
f 1582/2441/2655 1581/2440/2655 1583/2442/2655
f 1582/2441/2656 1583/2442/2656 1584/2443/2656
f 1584/2443/2656 1583/2442/2656 1585/2444/2656
f 1584/2445/2657 1585/2446/2657 1318/2036/2657
f 1318/2036/2658 1585/2446/2658 1586/2447/2658
f 1318/2036/2659 1586/2447/2659 1320/2448/2659
f 1320/2449/2660 1586/2450/2660 1322/2451/2660
f 1328/2050/2661 1326/2048/2661 1581/2438/2661
f 1581/2452/2662 1326/2453/2662 1587/2454/2662
f 1581/2452/2662 1587/2454/2662 1583/2455/2662
f 1583/2455/2663 1587/2454/2663 1585/2456/2663
f 1585/2456/2663 1587/2454/2663 1586/2450/2663
f 1586/2450/2660 1587/2454/2660 1322/2451/2660
f 1322/2451/2664 1587/2454/2664 1324/2457/2664
f 1324/2457/2665 1587/2454/2665 1326/2453/2665
f 1328/2050/2666 1578/2435/2666 1330/2052/2666
f 1330/2052/2667 1578/2435/2667 990/1548/2667
f 1330/2052/2668 990/1548/2668 992/1550/2668
f 1330/2052/2669 992/1550/2669 1332/2054/2669
f 1332/2054/2670 992/1550/2670 1334/2056/2670
f 992/1550/2671 994/1552/2671 1334/2056/2671
f 1334/2056/2672 994/1552/2672 996/1554/2672
f 1334/2056/2673 996/1554/2673 1588/2458/2673
f 1588/2458/2674 996/1554/2674 998/1556/2674
f 1588/2458/2675 998/1556/2675 1338/2060/2675
f 1338/2060/2676 1336/2058/2676 1588/2458/2676
f 1588/2458/2677 1336/2058/2677 1334/2056/2677
f 1577/2434/2678 1579/2436/2678 957/1493/2678
f 957/1493/2679 1579/2436/2679 1580/2437/2679
f 957/1493/2680 1580/2437/2680 1589/2459/2680
f 1589/2460/2681 1580/2439/2681 1582/2441/2681
f 1589/2460/2681 1582/2441/2681 1590/2461/2681
f 1590/2461/2682 1582/2441/2682 1584/2443/2682
f 1590/2461/2683 1584/2443/2683 1591/2462/2683
f 1591/2463/2684 1584/2445/2684 1318/2036/2684
f 1591/2463/2685 1318/2036/2685 1316/2035/2685
f 1316/2032/2686 1314/2030/2686 1591/2464/2686
f 1591/2464/2686 1314/2030/2686 1590/2465/2686
f 1590/2465/2687 1314/2030/2687 1589/2466/2687
f 1589/2466/2687 1314/2030/2687 1312/2029/2687
f 1589/2459/2688 1312/2026/2688 957/1493/2688
f 1472/2251/2689 1564/2394/2689 1592/2467/2689
f 1592/2467/2690 1564/2394/2690 1537/2357/2690
f 1592/2467/2691 1537/2357/2691 1593/2468/2691
f 1593/2468/2692 1537/2357/2692 1539/2359/2692
f 1593/2468/2693 1539/2359/2693 1594/2469/2693
f 1594/2469/2694 1539/2359/2694 1595/2470/2694
f 1594/2471/2695 1595/2472/2695 1056/1635/2695
f 1056/1635/2696 1595/2472/2696 1054/1633/2696
f 1056/1636/2697 1058/1638/2697 1594/2469/2697
f 1594/2469/2698 1058/1638/2698 1596/2473/2698
f 1594/2469/2699 1596/2473/2699 1593/2468/2699
f 1593/2468/2700 1596/2473/2700 1597/2474/2700
f 1593/2468/2701 1597/2474/2701 1592/2467/2701
f 1592/2467/2702 1597/2474/2702 1476/2255/2702
f 1592/2467/2703 1476/2255/2703 1474/2253/2703
f 1476/2255/2704 1597/2474/2704 1478/2257/2704
f 1478/2257/2705 1597/2474/2705 1598/2475/2705
f 1478/2257/2706 1598/2475/2706 1480/2259/2706
f 1480/2259/2707 1598/2475/2707 1599/2476/2707
f 1480/2259/2708 1599/2476/2708 1600/2477/2708
f 1600/2478/2709 1599/2479/2709 1153/1766/2709
f 1600/2478/2710 1153/1766/2710 1151/1764/2710
f 1151/1764/2711 1482/2268/2711 1600/2478/2711
f 1600/2477/2712 1482/2261/2712 1480/2259/2712
f 1153/1766/2713 1599/2479/2713 1060/1642/2713
f 1060/1642/2714 1599/2479/2714 1601/2480/2714
f 1060/1642/2715 1601/2480/2715 1058/1639/2715
f 1058/1639/2716 1601/2480/2716 1596/2481/2716
f 1599/2479/2717 1598/2482/2717 1601/2480/2717
f 1601/2480/2718 1598/2482/2718 1596/2481/2718
f 1539/2359/2719 1541/2361/2719 1595/2470/2719
f 1595/2470/2720 1541/2361/2720 1602/2483/2720
f 1595/2470/2721 1602/2483/2721 1054/1631/2721
f 1054/1631/2722 1602/2483/2722 1052/1629/2722
f 1541/2361/2723 1543/2363/2723 1602/2483/2723
f 1602/2483/2724 1543/2363/2724 1052/1629/2724
f 1052/1629/2725 1543/2363/2725 1050/1627/2725
f 1050/1627/2726 1543/2363/2726 1603/2484/2726
f 1050/1627/2727 1603/2484/2727 1048/1625/2727
f 1048/1625/2728 1603/2484/2728 1604/2485/2728
f 1048/1625/2729 1604/2485/2729 1046/1622/2729
f 1046/1622/2730 1604/2485/2730 1605/2486/2730
f 1046/1621/2731 1605/2487/2731 1606/2488/2731
f 1606/2488/2732 1605/2487/2732 1607/2489/2732
f 1606/2488/2733 1607/2489/2733 1608/2490/2733
f 1608/2490/2734 1607/2489/2734 237/364/2734
f 1608/2490/2735 237/364/2735 235/362/2735
f 235/362/2736 1044/1619/2736 1608/2490/2736
f 1608/2491/2737 1044/2492/2737 1606/2493/2737
f 237/364/2738 1607/2489/2738 238/365/2738
f 238/365/2739 1607/2489/2739 1551/2375/2739
f 1607/2489/2740 1605/2487/2740 1551/2375/2740
f 1551/2494/2741 1605/2486/2741 1549/2495/2741
f 1605/2486/2742 1604/2485/2742 1549/2495/2742
f 1549/2495/2743 1604/2485/2743 1547/2367/2743
f 1604/2485/2744 1603/2484/2744 1547/2367/2744
f 1547/2367/2745 1603/2484/2745 1545/2365/2745
f 1538/2358/2746 1536/2356/2746 1609/2496/2746
f 1609/2496/2747 1536/2356/2747 1610/2497/2747
f 1609/2496/2748 1610/2497/2748 1611/2498/2748
f 1611/2498/2749 1610/2497/2749 1612/2499/2749
f 1611/2498/2750 1612/2499/2750 1544/2364/2750
f 1544/2364/2751 1612/2499/2751 1546/2366/2751
f 1544/2364/2752 1542/2362/2752 1611/2498/2752
f 1611/2498/2753 1542/2362/2753 1609/2496/2753
f 1542/2362/2754 1540/2360/2754 1609/2496/2754
f 1609/2496/2755 1540/2360/2755 1538/2358/2755
f 1536/2356/2756 1534/2354/2756 1610/2497/2756
f 1610/2497/2757 1534/2354/2757 1612/2499/2757
f 883/1350/2758 885/1352/2758 1613/2500/2758
f 1613/2500/2759 885/1352/2759 854/2501/2759
f 1613/2500/2760 854/2501/2760 852/2502/2760
f 883/1350/2761 1613/2500/2761 881/1348/2761
f 881/1348/2762 1613/2500/2762 1614/2503/2762
f 881/1348/2763 1614/2503/2763 1615/2504/2763
f 1615/2504/2764 1614/2503/2764 1616/2505/2764
f 1615/2504/2765 1616/2505/2765 915/2506/2765
f 915/2506/2766 1616/2505/2766 1617/2507/2766
f 915/2506/2767 1617/2507/2767 923/1420/2767
f 923/1420/2768 1617/2507/2768 921/1415/2768
f 915/2506/2769 914/1410/2769 1615/2504/2769
f 1615/2504/2770 914/1410/2770 879/1346/2770
f 1615/2504/2771 879/1346/2771 881/1348/2771
f 1618/2508/2772 884/2509/2772 1619/2510/2772
f 1619/2511/2773 884/2512/2773 882/2513/2773
f 1619/2511/2774 882/2513/2774 1620/2514/2774
f 1620/2515/2775 882/2516/2775 1621/2517/2775
f 1620/2515/2776 1621/2517/2776 1622/2518/2776
f 1622/2518/2777 1621/2517/2777 1623/2519/2777
f 1622/2518/2778 1623/2519/2778 1624/2520/2778
f 1624/2520/2779 1623/2519/2779 1625/2521/2779
f 1624/2520/2780 1625/2521/2780 1626/2522/2780
f 1626/2522/2781 1625/2521/2781 1627/2523/2781
f 1626/2524/2782 1627/2525/2782 1628/2526/2782
f 1628/2526/2783 1627/2525/2783 1629/2527/2783
f 1628/2526/2784 1629/2527/2784 870/1335/2784
f 870/1335/2785 1629/2527/2785 872/1337/2785
f 872/1339/2786 1629/2528/2786 874/1341/2786
f 874/1341/2787 1629/2528/2787 1627/2529/2787
f 874/1341/2788 1627/2529/2788 1625/2530/2788
f 874/1341/2789 1625/2530/2789 876/1343/2789
f 876/1343/2790 1625/2530/2790 1623/2531/2790
f 876/1343/2791 1623/2531/2791 878/1345/2791
f 878/1345/2792 1623/2531/2792 1621/2532/2792
f 878/1345/2793 1621/2532/2793 880/1347/2793
f 880/1347/2794 1621/2532/2794 882/1349/2794
f 1619/2511/2795 1620/2514/2795 1618/2533/2795
f 1618/2533/2796 1620/2514/2796 1630/2534/2796
f 1618/2535/2797 1630/2536/2797 884/1354/2797
f 884/1354/2798 1630/2536/2798 856/1315/2798
f 856/1315/2799 1630/2536/2799 858/1317/2799
f 858/2537/2800 1630/2534/2800 1631/2538/2800
f 858/2537/2801 1631/2538/2801 860/2539/2801
f 860/2540/2802 1631/2541/2802 1632/2542/2802
f 860/2543/2803 1632/2544/2803 1633/2545/2803
f 1633/2545/2804 1632/2544/2804 1634/2546/2804
f 1633/2547/2805 1634/2548/2805 1635/2549/2805
f 1635/2549/2806 1634/2548/2806 1636/2550/2806
f 1635/2549/2807 1636/2550/2807 1637/2551/2807
f 1637/2552/2808 1636/2553/2808 1628/2526/2808
f 1637/2552/2809 1628/2526/2809 870/1335/2809
f 860/1321/2810 1633/2547/2810 862/1323/2810
f 862/1323/2811 1633/2547/2811 1635/2549/2811
f 862/1325/2812 1635/2554/2812 864/1327/2812
f 864/2555/2813 1635/2556/2813 866/2557/2813
f 1630/2534/2814 1620/2514/2814 1631/2538/2814
f 1631/2558/2815 1620/2515/2815 1632/2544/2815
f 1620/2515/2816 1622/2518/2816 1632/2544/2816
f 1632/2544/2817 1622/2518/2817 1624/2520/2817
f 1632/2544/2818 1624/2520/2818 1638/2559/2818
f 1638/2559/2819 1624/2520/2819 1639/2560/2819
f 1638/2559/2820 1639/2560/2820 1634/2546/2820
f 1634/2546/2821 1639/2560/2821 1636/2561/2821
f 1636/2553/2822 1639/2562/2822 1628/2526/2822
f 1628/2526/2823 1639/2562/2823 1626/2524/2823
f 1637/2552/2824 870/1335/2824 1640/2563/2824
f 1640/2563/2825 870/1335/2825 868/1334/2825
f 1640/2564/2826 868/2565/2826 866/2566/2826
f 866/2566/2827 1635/2549/2827 1640/2564/2827
f 1640/2564/2828 1635/2549/2828 1637/2551/2828
f 1167/1789/2829 1165/1788/2829 1641/2567/2829
f 1641/2567/2830 1165/1788/2830 1163/2568/2830
f 1641/2567/2831 1163/2568/2831 1642/2569/2831
f 1642/2569/2832 1163/2568/2832 1161/2570/2832
f 1642/2569/2833 1161/2570/2833 1643/2571/2833
f 1643/2572/2834 1161/1779/2834 964/1778/2834
f 1643/2572/2835 964/1778/2835 966/2424/2835
f 966/2424/2836 1571/2423/2836 1643/2572/2836
f 1643/2572/2837 1571/2423/2837 1286/1984/2837
f 1643/2572/2838 1286/1984/2838 1284/1982/2838
f 1284/1980/2839 1282/1978/2839 1643/2571/2839
f 1643/2571/2840 1282/1978/2840 1642/2569/2840
f 1282/1978/2841 1575/2430/2841 1642/2569/2841
f 1642/2569/2842 1575/2430/2842 1641/2567/2842
f 1575/2430/2843 1574/2429/2843 1641/2567/2843
f 1641/2567/2844 1574/2429/2844 1167/1789/2844
f 917/1408/2845 922/1422/2845 1644/2573/2845
f 1644/2573/2846 922/1422/2846 927/2136/2846
f 1644/2573/2847 927/2136/2847 1401/2135/2847
f 917/1408/2848 1644/2573/2848 896/1368/2848
f 896/1368/2849 1644/2573/2849 1645/2574/2849
f 896/1370/2850 1645/2575/2850 898/1372/2850
f 898/1372/2851 1645/2575/2851 1646/2576/2851
f 898/1372/2852 1646/2576/2852 900/1374/2852
f 900/1374/2853 1646/2576/2853 902/1376/2853
f 1644/2573/2854 1401/2135/2854 1645/2574/2854
f 1645/2574/2855 1401/2135/2855 1647/2577/2855
f 1645/2575/2856 1647/2578/2856 1646/2576/2856
f 1646/2576/2857 1647/2578/2857 1398/2130/2857
f 1646/2576/2858 1398/2130/2858 1648/2579/2858
f 1648/2579/2859 1398/2130/2859 1396/2129/2859
f 1648/2579/2860 1396/2129/2860 1010/2580/2860
f 1010/2580/2861 904/1378/2861 1648/2579/2861
f 1648/2579/2862 904/1378/2862 902/1376/2862
f 1648/2579/2863 902/1376/2863 1646/2576/2863
f 1398/2130/2864 1647/2578/2864 1399/2132/2864
f 1399/2133/2865 1647/2577/2865 1401/2135/2865
f 1613/2500/2866 852/2502/2866 1649/2581/2866
f 1649/2581/2867 852/2502/2867 850/1307/2867
f 1649/2581/2868 850/1307/2868 848/1305/2868
f 1614/2503/2869 1613/2500/2869 1650/2582/2869
f 1650/2582/2870 1613/2500/2870 1649/2581/2870
f 1650/2582/2871 1649/2581/2871 1651/2583/2871
f 1651/2583/2872 1649/2581/2872 848/1305/2872
f 1651/2583/2873 848/1305/2873 846/1303/2873
f 846/1303/2874 921/1415/2874 1651/2583/2874
f 1651/2583/2875 921/1415/2875 1617/2507/2875
f 1651/2583/2876 1617/2507/2876 1650/2582/2876
f 1650/2582/2877 1617/2507/2877 1616/2505/2877
f 1650/2582/2878 1616/2505/2878 1614/2503/2878
f 839/1288/2879 841/1290/2879 1652/2584/2879
f 1652/2584/2880 841/1290/2880 1653/2585/2880
f 1652/2584/2881 1653/2585/2881 1654/2586/2881
f 1654/2587/2882 1653/2588/2882 1655/2589/2882
f 1654/2587/2883 1655/2589/2883 1656/2590/2883
f 1656/2590/2884 1655/2589/2884 1657/2591/2884
f 1656/2590/2885 1657/2591/2885 1658/2592/2885
f 1658/2593/2886 1657/2594/2886 1659/2595/2886
f 1658/2593/2887 1659/2595/2887 1660/2596/2887
f 1660/2596/2888 1659/2595/2888 1661/2597/2888
f 1660/2596/2889 1661/2597/2889 1662/2598/2889
f 1662/2598/2890 1661/2597/2890 1663/2599/2890
f 1662/2598/2891 1663/2599/2891 1664/2600/2891
f 1664/2600/2892 1663/2599/2892 1665/2601/2892
f 1664/2600/2893 1665/2601/2893 1666/2602/2893
f 1666/2602/2894 1665/2601/2894 1134/1744/2894
f 1666/2603/2895 1134/1743/2895 1133/1742/2895
f 1134/1744/2896 1665/2601/2896 1135/1745/2896
f 1135/1745/2897 1665/2601/2897 1667/2604/2897
f 1135/1745/2898 1667/2604/2898 1136/1746/2898
f 1136/1746/2899 1667/2604/2899 999/1557/2899
f 999/1557/2900 1667/2604/2900 1001/1559/2900
f 1001/1559/2901 1667/2604/2901 1663/2599/2901
f 1001/1559/2902 1663/2599/2902 1003/1561/2902
f 1003/1561/2903 1663/2599/2903 1668/2605/2903
f 1003/1561/2904 1668/2605/2904 1005/1563/2904
f 1005/1563/2905 1668/2605/2905 1669/2606/2905
f 1005/1563/2906 1669/2606/2906 1007/1565/2906
f 1007/1565/2907 1669/2606/2907 1670/2607/2907
f 1007/1565/2908 1670/2607/2908 1009/1567/2908
f 1009/1570/2909 1670/2608/2909 1011/1571/2909
f 1663/2599/2910 1661/2597/2910 1668/2605/2910
f 1668/2605/2911 1661/2597/2911 1669/2606/2911
f 1661/2597/2912 1659/2595/2912 1669/2606/2912
f 1669/2606/2913 1659/2595/2913 1657/2594/2913
f 1669/2606/2914 1657/2594/2914 1670/2607/2914
f 1670/2608/2915 1657/2591/2915 1655/2589/2915
f 1670/2608/2916 1655/2589/2916 1011/1571/2916
f 1011/1571/2917 1655/2589/2917 1653/2588/2917
f 1011/1571/2918 1653/2588/2918 908/1384/2918
f 908/1389/2919 1653/2609/2919 841/1390/2919
f 835/1284/2920 837/1286/2920 1671/2610/2920
f 1671/2610/2921 837/1286/2921 839/1288/2921
f 1671/2610/2922 839/1288/2922 1672/2611/2922
f 1672/2611/2923 839/1288/2923 1652/2584/2923
f 1672/2611/2924 1652/2584/2924 1673/2612/2924
f 1673/2612/2925 1652/2584/2925 1654/2586/2925
f 1673/2612/2926 1654/2586/2926 1656/2613/2926
f 1671/2610/2927 1672/2611/2927 1674/2614/2927
f 1674/2614/2928 1672/2611/2928 1675/2615/2928
f 1674/2614/2929 1675/2615/2929 1676/2616/2929
f 1676/2616/2930 1675/2615/2930 1677/2617/2930
f 1676/2616/2931 1677/2617/2931 1678/2618/2931
f 1678/2618/2932 1677/2617/2932 1679/2619/2932
f 1678/2618/2933 1679/2619/2933 1126/1734/2933
f 1126/2620/2934 1679/2621/2934 1125/2622/2934
f 1126/1734/2935 823/1256/2935 1678/2618/2935
f 1678/2618/2936 823/1256/2936 1676/2616/2936
f 1676/2616/2937 823/1256/2937 1674/2614/2937
f 1674/2614/2938 823/1256/2938 1680/2623/2938
f 1674/2614/2939 1680/2623/2939 1671/2610/2939
f 1671/2610/2940 1680/2623/2940 835/1284/2940
f 835/1284/2941 1680/2623/2941 833/1282/2941
f 833/1282/2942 1680/2623/2942 823/1256/2942
f 1672/2611/2943 1673/2612/2943 1675/2615/2943
f 1675/2615/2944 1673/2612/2944 1677/2617/2944
f 1673/2612/2945 1656/2613/2945 1677/2617/2945
f 1677/2624/2946 1656/2590/2946 1658/2592/2946
f 1677/2624/2947 1658/2592/2947 1679/2625/2947
f 1679/2626/2948 1658/2627/2948 1660/2628/2948
f 1679/2626/2949 1660/2628/2949 1681/2629/2949
f 1681/2629/2950 1660/2628/2950 1662/2630/2950
f 1681/2629/2951 1662/2630/2951 1664/2631/2951
f 1682/2632/2952 1683/2633/2952 1684/2634/2952
f 1684/2635/2953 1683/2636/2953 1685/2637/2953
f 1684/2635/2954 1685/2637/2954 1686/2638/2954
f 1686/2638/2955 1685/2637/2955 1687/2639/2955
f 1686/2638/2956 1687/2639/2956 1688/2640/2956
f 1688/2640/2957 1687/2639/2957 1689/2641/2957
f 1688/2640/2958 1689/2641/2958 1690/2642/2958
f 1690/2643/2959 1689/2644/2959 1691/2645/2959
f 1690/2643/2960 1691/2645/2960 1692/2646/2960
f 1692/2646/2961 1691/2645/2961 1693/2647/2961
f 1692/2646/2962 1693/2647/2962 1694/2648/2962
f 1694/2648/2963 1693/2647/2963 1695/2649/2963
f 1694/2648/2964 1695/2649/2964 1696/2650/2964
f 1696/2650/2965 1695/2649/2965 1697/2651/2965
f 1696/2650/2966 1697/2651/2966 1698/2652/2966
f 1698/2652/2967 1697/2651/2967 1699/2653/2967
f 1698/2654/2968 1699/2655/2968 1700/2656/2968
f 1700/2656/2969 1699/2655/2969 1701/2657/2969
f 1700/2658/2970 1701/2659/2970 1702/2660/2970
f 1702/2660/2971 1701/2659/2971 1703/2661/2971
f 1702/2660/2972 1703/2661/2972 1704/2662/2972
f 1704/2662/2973 1703/2661/2973 1705/2663/2973
f 1704/2662/2974 1705/2663/2974 1706/2664/2974
f 1706/2664/2975 1705/2663/2975 1707/2665/2975
f 1706/2666/2976 1707/2667/2976 1708/2668/2976
f 1708/2668/2977 1707/2667/2977 1709/2669/2977
f 1708/2668/2978 1709/2669/2978 1710/2670/2978
f 1710/2671/2979 1709/2672/2979 1711/2673/2979
f 1710/2671/2980 1711/2673/2980 1712/2674/2980
f 1712/2674/2981 1711/2673/2981 1713/2675/2981
f 1712/2676/2982 1713/2677/2982 1714/2678/2982
f 1714/2678/2983 1713/2677/2983 1715/2679/2983
f 1714/2680/2984 1715/2681/2984 1716/2682/2984
f 1716/2682/2985 1715/2681/2985 1717/2683/2985
f 1716/2682/2986 1717/2683/2986 1718/2684/2986
f 1718/2685/2987 1717/2686/2987 1719/2687/2987
f 1718/2685/2988 1719/2687/2988 1720/2688/2988
f 1720/2688/2989 1719/2687/2989 1721/2689/2989
f 1720/2688/2990 1721/2689/2990 1722/2690/2990
f 1722/2690/2991 1721/2689/2991 1723/2691/2991
f 1722/2690/2992 1723/2691/2992 1724/2692/2992
f 1724/2692/2993 1723/2691/2993 1725/2693/2993
f 1724/2692/2994 1725/2693/2994 1726/2694/2994
f 1726/2694/2995 1725/2693/2995 1727/2695/2995
f 1726/2694/2996 1727/2695/2996 1728/2696/2996
f 1728/2696/2997 1727/2695/2997 1729/2697/2997
f 1728/2696/2998 1729/2697/2998 1730/2698/2998
f 1730/2698/2999 1729/2697/2999 1731/2699/2999
f 1730/2698/3000 1731/2699/3000 1732/2700/3000
f 1732/2700/3001 1731/2699/3001 1733/2701/3001
f 1732/2700/3002 1733/2701/3002 1717/2686/3002
f 1717/2686/3003 1733/2701/3003 1719/2687/3003
f 1717/2683/3004 1715/2681/3004 1732/2702/3004
f 1732/2700/3005 1715/2679/3005 1734/2703/3005
f 1732/2700/3006 1734/2703/3006 1735/2704/3006
f 1735/2705/3007 1734/2706/3007 1736/2707/3007
f 1735/2708/3008 1736/2709/3008 1737/2710/3008
f 1737/2710/3009 1736/2709/3009 1738/2711/3009
f 1737/2710/3010 1738/2711/3010 1739/2712/3010
f 1739/2712/3011 1738/2711/3011 1740/2713/3011
f 1739/2712/3012 1740/2713/3012 1726/2714/3012
f 1726/2714/3013 1740/2713/3013 1741/2715/3013
f 1726/2694/3014 1741/2716/3014 1724/2692/3014
f 1724/2692/3015 1741/2716/3015 1742/2717/3015
f 1724/2692/3016 1742/2717/3016 1722/2690/3016
f 1722/2690/3017 1742/2717/3017 1743/2718/3017
f 1722/2690/3018 1743/2718/3018 1720/2688/3018
f 1720/2688/3019 1743/2718/3019 1744/2719/3019
f 1720/2688/3020 1744/2719/3020 1718/2685/3020
f 1718/2685/3021 1744/2719/3021 1745/2720/3021
f 1718/2684/3022 1745/2721/3022 1716/2682/3022
f 1716/2682/3023 1745/2721/3023 1746/2722/3023
f 1716/2682/3024 1746/2722/3024 1747/2723/3024
f 1747/2723/3025 1746/2722/3025 1748/2724/3025
f 1747/2725/3026 1748/2726/3026 1712/2676/3026
f 1712/2727/3027 1748/2728/3027 1749/2729/3027
f 1712/2730/3028 1749/2731/3028 1750/2732/3028
f 1750/2733/3029 1749/2734/3029 1751/2735/3029
f 1750/2733/3030 1751/2735/3030 1708/2736/3030
f 1708/2736/3031 1751/2735/3031 1752/2737/3031
f 1708/2668/3032 1752/2738/3032 1706/2666/3032
f 1706/2666/3033 1752/2738/3033 1753/2739/3033
f 1706/2664/3034 1753/2740/3034 1704/2662/3034
f 1704/2741/3035 1753/2739/3035 1754/2742/3035
f 1704/2662/3036 1754/2743/3036 1702/2660/3036
f 1702/2660/3037 1754/2743/3037 1755/2744/3037
f 1702/2660/3038 1755/2744/3038 1700/2658/3038
f 1700/2658/3039 1755/2744/3039 1698/2745/3039
f 1708/2736/3040 1710/2671/3040 1750/2733/3040
f 1750/2733/3041 1710/2671/3041 1712/2674/3041
f 1712/2676/3042 1714/2678/3042 1747/2725/3042
f 1747/2723/3043 1714/2680/3043 1716/2682/3043
f 1732/2700/3044 1735/2704/3044 1730/2698/3044
f 1730/2746/3045 1735/2747/3045 1756/2748/3045
f 1730/2746/3046 1756/2748/3046 1728/2749/3046
f 1728/2749/3047 1756/2748/3047 1757/2750/3047
f 1728/2751/3048 1757/2752/3048 1726/2753/3048
f 1726/2714/3049 1757/2754/3049 1739/2712/3049
f 1757/2754/3050 1756/2755/3050 1739/2712/3050
f 1739/2712/3051 1756/2755/3051 1737/2710/3051
f 1715/2679/3052 1713/2677/3052 1734/2703/3052
f 1734/2756/3053 1713/2675/3053 1711/2673/3053
f 1734/2757/3054 1711/2758/3054 1736/2759/3054
f 1736/2709/3055 1711/2760/3055 1758/2761/3055
f 1736/2709/3056 1758/2761/3056 1738/2711/3056
f 1738/2711/3057 1758/2761/3057 1759/2762/3057
f 1738/2711/3058 1759/2762/3058 1760/2763/3058
f 1760/2763/3059 1759/2762/3059 1761/2764/3059
f 1760/2763/3060 1761/2764/3060 1762/2765/3060
f 1762/2765/3061 1761/2764/3061 1705/2663/3061
f 1762/2765/3062 1705/2663/3062 1703/2661/3062
f 1703/2661/3063 1701/2659/3063 1762/2765/3063
f 1762/2765/3064 1701/2659/3064 1763/2766/3064
f 1762/2765/3065 1763/2766/3065 1760/2763/3065
f 1760/2763/3066 1763/2766/3066 1764/2767/3066
f 1760/2763/3067 1764/2767/3067 1740/2713/3067
f 1740/2713/3068 1764/2767/3068 1765/2768/3068
f 1740/2713/3069 1765/2768/3069 1741/2715/3069
f 1741/2716/3070 1765/2769/3070 1742/2717/3070
f 1705/2663/3071 1761/2764/3071 1707/2665/3071
f 1707/2665/3072 1761/2764/3072 1709/2770/3072
f 1761/2764/3073 1759/2762/3073 1709/2770/3073
f 1709/2770/3074 1759/2762/3074 1758/2761/3074
f 1709/2770/3075 1758/2761/3075 1711/2760/3075
f 1692/2646/3076 1694/2648/3076 1690/2643/3076
f 1690/2642/3077 1694/2771/3077 1766/2772/3077
f 1690/2642/3078 1766/2772/3078 1767/2773/3078
f 1767/2773/3079 1766/2772/3079 1768/2774/3079
f 1767/2773/3080 1768/2774/3080 1769/2775/3080
f 1769/2775/3081 1768/2774/3081 1770/2776/3081
f 1769/2775/3082 1770/2776/3082 1771/2777/3082
f 1771/2777/3083 1770/2776/3083 1772/2778/3083
f 1771/2777/3084 1772/2778/3084 1773/2779/3084
f 1773/2779/3085 1772/2778/3085 1774/2780/3085
f 1773/2779/3086 1774/2780/3086 1775/2781/3086
f 1775/2781/3087 1774/2780/3087 1776/2782/3087
f 1775/2783/3088 1776/2784/3088 1777/2785/3088
f 1777/2785/3089 1776/2784/3089 1778/2786/3089
f 1777/2785/3090 1778/2786/3090 1779/2787/3090
f 1779/2787/3091 1778/2786/3091 1780/2788/3091
f 1779/2789/3092 1780/2790/3092 1781/2791/3092
f 1781/2791/3093 1780/2790/3093 1782/2792/3093
f 1781/2791/3094 1782/2792/3094 1783/2793/3094
f 1783/2793/3095 1782/2792/3095 1784/2794/3095
f 1783/2793/3096 1784/2794/3096 1785/2795/3096
f 1785/2795/3097 1784/2794/3097 1786/2796/3097
f 1785/2797/3098 1786/2798/3098 1787/2799/3098
f 1787/2799/3099 1786/2798/3099 1788/2800/3099
f 1787/2799/3100 1788/2800/3100 1789/2801/3100
f 1789/2801/3101 1788/2800/3101 1790/2802/3101
f 1789/2801/3102 1790/2802/3102 1791/2803/3102
f 1791/2803/3103 1790/2802/3103 1792/2804/3103
f 1791/2803/3104 1792/2804/3104 1793/2805/3104
f 1793/2806/3105 1792/2807/3105 1794/2808/3105
f 1793/2806/3106 1794/2808/3106 1795/2809/3106
f 1795/2810/3107 1794/2811/3107 1796/2812/3107
f 1795/2813/3108 1796/2814/3108 1797/2815/3108
f 1797/2816/3109 1796/2817/3109 1798/2818/3109
f 1797/2816/3110 1798/2818/3110 1799/2819/3110
f 1799/2819/3111 1798/2818/3111 1800/2820/3111
f 1799/2819/3112 1800/2820/3112 1801/2821/3112
f 1801/2821/3113 1800/2820/3113 1802/2822/3113
f 1801/2821/3114 1802/2822/3114 1803/2823/3114
f 1803/2823/3115 1802/2822/3115 1804/2824/3115
f 1803/2823/3116 1804/2824/3116 1805/2825/3116
f 1805/2825/3117 1804/2824/3117 1806/2826/3117
f 1805/2825/3118 1806/2826/3118 1807/2827/3118
f 1807/2827/3119 1806/2826/3119 1808/2828/3119
f 1807/2827/3120 1808/2828/3120 1809/2829/3120
f 1809/2829/3121 1808/2828/3121 1810/2830/3121
f 1809/2829/3122 1810/2830/3122 1811/2831/3122
f 1811/2831/3123 1810/2830/3123 1812/2832/3123
f 1811/2831/3124 1812/2832/3124 1813/2833/3124
f 1813/2834/3125 1812/2835/3125 1814/2836/3125
f 1813/2834/3126 1814/2836/3126 1815/2837/3126
f 1815/2837/3127 1814/2836/3127 1816/2838/3127
f 1815/2837/3128 1816/2838/3128 1817/2839/3128
f 1817/2839/3129 1816/2838/3129 1818/2840/3129
f 1817/2839/3130 1818/2840/3130 1819/2841/3130
f 1819/2842/3131 1818/2843/3131 1820/2844/3131
f 1819/2842/3132 1820/2844/3132 1787/2799/3132
f 1787/2799/3133 1820/2844/3133 1821/2845/3133
f 1787/2799/3134 1821/2845/3134 1785/2797/3134
f 1785/2795/3135 1821/2846/3135 1822/2847/3135
f 1785/2795/3136 1822/2847/3136 1783/2793/3136
f 1783/2793/3137 1822/2847/3137 1823/2848/3137
f 1783/2793/3138 1823/2848/3138 1781/2791/3138
f 1781/2849/3139 1823/2850/3139 1824/2851/3139
f 1781/2852/3140 1824/2853/3140 1825/2854/3140
f 1825/2855/3141 1824/2851/3141 1826/2856/3141
f 1825/2855/3142 1826/2856/3142 1827/2857/3142
f 1827/2857/3143 1826/2856/3143 1828/2858/3143
f 1827/2857/3144 1828/2858/3144 1829/2859/3144
f 1829/2860/3145 1828/2861/3145 1830/2862/3145
f 1829/2860/3146 1830/2862/3146 1831/2863/3146
f 1831/2864/3147 1830/2865/3147 1832/2866/3147
f 1831/2867/3148 1832/2868/3148 1833/2869/3148
f 1833/2869/3149 1832/2868/3149 1834/2870/3149
f 1833/2869/3150 1834/2870/3150 1835/2871/3150
f 1835/2871/3151 1834/2870/3151 1836/2872/3151
f 1835/2871/3152 1836/2872/3152 1837/2873/3152
f 1837/2873/3153 1836/2872/3153 1838/2874/3153
f 1837/2873/3154 1838/2874/3154 1839/2875/3154
f 1839/2875/3155 1838/2874/3155 1840/2876/3155
f 1839/2875/3156 1840/2876/3156 1841/2877/3156
f 1841/2877/3157 1840/2876/3157 781/1186/3157
f 1841/2877/3158 781/1186/3158 780/1185/3158
f 781/1186/3159 1840/2876/3159 782/1187/3159
f 782/1187/3160 1840/2876/3160 1842/2878/3160
f 782/1187/3161 1842/2878/3161 784/1189/3161
f 784/1189/3162 1842/2878/3162 1843/2879/3162
f 784/2880/3163 1843/2881/3163 786/1193/3163
f 786/1193/3164 1843/2881/3164 1844/2882/3164
f 786/1193/3165 1844/2882/3165 788/1195/3165
f 788/1195/3166 1844/2882/3166 1845/2883/3166
f 788/1195/3167 1845/2883/3167 1846/2884/3167
f 1846/2884/3168 1845/2883/3168 1847/2885/3168
f 1846/2884/3169 1847/2885/3169 1848/2886/3169
f 1848/2886/3170 1847/2885/3170 1849/2887/3170
f 1848/2886/3171 1849/2887/3171 1850/2888/3171
f 1850/2888/3172 1849/2887/3172 1851/2889/3172
f 1850/2888/3173 1851/2889/3173 1852/2890/3173
f 1852/2890/3174 1851/2889/3174 1853/2891/3174
f 1852/2890/3175 1853/2891/3175 1854/2892/3175
f 1854/2892/3176 1853/2891/3176 1855/2893/3176
f 1854/2892/3177 1855/2893/3177 589/867/3177
f 589/867/3178 1855/2893/3178 1856/2894/3178
f 589/867/3179 1856/2894/3179 587/865/3179
f 587/2895/3180 1856/2896/3180 1857/2897/3180
f 587/2895/3181 1857/2897/3181 585/862/3181
f 585/862/3182 1857/2897/3182 1858/2898/3182
f 585/862/3183 1858/2898/3183 583/860/3183
f 583/860/3184 1858/2898/3184 628/942/3184
f 628/942/3185 1858/2898/3185 630/944/3185
f 630/944/3186 1858/2898/3186 1859/2899/3186
f 630/944/3187 1859/2899/3187 1860/2900/3187
f 1860/2900/3188 1859/2899/3188 1861/2901/3188
f 1860/2900/3189 1861/2901/3189 1862/2902/3189
f 1862/2902/3190 1861/2901/3190 1863/2903/3190
f 1862/2902/3191 1863/2903/3191 1864/2904/3191
f 1864/2904/3192 1863/2903/3192 1865/2905/3192
f 1864/2904/3193 1865/2905/3193 1866/2906/3193
f 1866/2906/3194 1865/2905/3194 1867/2907/3194
f 1866/2906/3195 1867/2907/3195 1868/2908/3195
f 1868/2908/3196 1867/2907/3196 1869/2909/3196
f 1868/2908/3197 1869/2909/3197 1870/2910/3197
f 1870/2910/3198 1869/2909/3198 1871/2911/3198
f 1870/2910/3199 1871/2911/3199 1872/2912/3199
f 1872/2912/3200 1871/2911/3200 1873/2913/3200
f 1872/2912/3201 1873/2913/3201 1874/2914/3201
f 1874/2914/3202 1873/2913/3202 1875/2915/3202
f 1874/2914/3203 1875/2915/3203 1876/2916/3203
f 1876/2916/3204 1875/2915/3204 1877/2917/3204
f 1876/2916/3205 1877/2917/3205 1878/2918/3205
f 1878/2918/3206 1877/2917/3206 1879/2919/3206
f 1878/2920/3207 1879/2921/3207 1880/2922/3207
f 1880/2923/3208 1879/2919/3208 1881/2924/3208
f 1880/2923/3209 1881/2924/3209 1882/2925/3209
f 1882/2925/3210 1881/2924/3210 1883/2926/3210
f 1882/2925/3211 1883/2926/3211 1884/2927/3211
f 1884/2927/3212 1883/2926/3212 1885/2928/3212
f 1884/2927/3213 1885/2928/3213 1886/2929/3213
f 1886/2929/3214 1885/2928/3214 1887/2930/3214
f 1886/2929/3215 1887/2930/3215 1888/2931/3215
f 1888/2931/3216 1887/2930/3216 1889/2932/3216
f 1888/2933/3217 1889/2934/3217 1890/2935/3217
f 1890/2936/3218 1889/2932/3218 1887/2930/3218
f 1890/2937/3219 1887/2938/3219 1891/2939/3219
f 1891/2940/3220 1887/2941/3220 1892/2942/3220
f 1891/2943/3221 1892/2944/3221 1893/2945/3221
f 1893/2946/3222 1892/2947/3222 1894/2948/3222
f 1893/2946/3223 1894/2948/3223 1895/2949/3223
f 1895/2949/3224 1894/2948/3224 1896/2950/3224
f 1895/2949/3225 1896/2950/3225 1897/2951/3225
f 1897/2952/3226 1896/2953/3226 1898/2954/3226
f 1897/2952/3227 1898/2954/3227 1899/2955/3227
f 1899/2955/3228 1898/2954/3228 1900/2956/3228
f 1899/2955/3229 1900/2956/3229 1901/2957/3229
f 1901/2958/3230 1900/2959/3230 1902/2960/3230
f 1901/2958/3231 1902/2960/3231 1903/2961/3231
f 1903/2962/3232 1902/2963/3232 1904/2964/3232
f 1903/2962/3233 1904/2964/3233 1905/2965/3233
f 1905/2965/3234 1904/2964/3234 1864/2904/3234
f 1905/2965/3235 1864/2904/3235 1866/2906/3235
f 1864/2904/3236 1904/2964/3236 1862/2902/3236
f 1862/2902/3237 1904/2964/3237 1906/2966/3237
f 1862/2902/3238 1906/2966/3238 1907/2967/3238
f 1907/2967/3239 1906/2966/3239 634/948/3239
f 1907/2967/3240 634/948/3240 632/946/3240
f 1907/2967/3241 632/946/3241 1862/2902/3241
f 1862/2902/3242 632/946/3242 1860/2900/3242
f 1904/2964/3243 1902/2963/3243 1906/2966/3243
f 1906/2966/3244 1902/2963/3244 1908/2968/3244
f 1906/2966/3245 1908/2968/3245 1909/2969/3245
f 1909/2969/3246 1908/2968/3246 1910/2970/3246
f 1909/2971/3247 1910/2972/3247 1911/2973/3247
f 1911/2974/3248 1910/2975/3248 1912/2976/3248
f 1911/2977/3249 1912/2978/3249 1913/2979/3249
f 1913/2979/3250 1912/2978/3250 1914/2980/3250
f 1913/2979/3251 1914/2980/3251 638/2981/3251
f 638/2981/3252 1914/2980/3252 1915/2982/3252
f 638/2981/3253 1915/2982/3253 640/2983/3253
f 640/2983/3254 1915/2982/3254 746/1134/3254
f 1913/2979/3249 638/2981/3249 1911/2977/3249
f 1911/2984/3255 638/952/3255 636/950/3255
f 1911/2984/3256 636/950/3256 634/948/3256
f 1911/2984/3257 634/948/3257 1909/2969/3257
f 1909/2969/3258 634/948/3258 1906/2966/3258
f 1887/2930/3259 1885/2928/3259 1892/2985/3259
f 1892/2947/3260 1885/2986/3260 1916/2987/3260
f 1892/2947/3261 1916/2987/3261 1917/2988/3261
f 1917/2989/3262 1916/2990/3262 1918/2991/3262
f 1917/2989/3263 1918/2991/3263 1919/2992/3263
f 1919/2992/3264 1918/2991/3264 1920/2993/3264
f 1919/2992/3265 1920/2993/3265 1921/2994/3265
f 1921/2995/3266 1920/2996/3266 1922/2997/3266
f 1921/2995/3267 1922/2997/3267 1923/2998/3267
f 1923/2998/3268 1922/2997/3268 1924/2999/3268
f 1923/2998/3269 1924/2999/3269 1912/2978/3269
f 1912/2978/3270 1924/2999/3270 1914/2980/3270
f 1921/2995/3271 1923/2998/3271 1919/3000/3271
f 1919/3000/3272 1923/2998/3272 1925/3001/3272
f 1919/2992/3273 1925/3002/3273 1917/2989/3273
f 1917/2989/3274 1925/3002/3274 1894/3003/3274
f 1917/2988/3275 1894/2948/3275 1892/2947/3275
f 1872/2912/3276 1874/2914/3276 1870/2910/3276
f 1870/2910/3277 1874/2914/3277 1926/3004/3277
f 1870/2910/3278 1926/3004/3278 1868/2908/3278
f 1868/2908/3279 1926/3004/3279 1866/2906/3279
f 1866/2906/3280 1926/3004/3280 1905/2965/3280
f 1905/2965/3281 1926/3004/3281 1903/2962/3281
f 1858/2898/3282 1857/2897/3282 1859/2899/3282
f 1859/2899/3283 1857/2897/3283 1927/3005/3283
f 1859/2899/3284 1927/3005/3284 1861/2901/3284
f 1861/2901/3285 1927/3005/3285 1928/3006/3285
f 1861/2901/3286 1928/3006/3286 1929/3007/3286
f 1929/3008/3287 1928/3009/3287 1930/3010/3287
f 1929/3008/3288 1930/3010/3288 1931/3011/3288
f 1931/3011/3289 1930/3010/3289 1853/2891/3289
f 1931/3011/3290 1853/2891/3290 1851/2889/3290
f 1853/2891/3291 1930/3010/3291 1855/2893/3291
f 1855/2893/3292 1930/3010/3292 1856/2894/3292
f 1930/3010/3293 1928/3009/3293 1856/2894/3293
f 1856/2896/3294 1928/3006/3294 1927/3005/3294
f 1856/2896/3295 1927/3005/3295 1857/2897/3295
f 1861/3012/3296 1929/3008/3296 1863/3013/3296
f 1863/3013/3297 1929/3008/3297 1932/3014/3297
f 1863/2903/3298 1932/3015/3298 1865/2905/3298
f 1865/2905/3299 1932/3015/3299 1933/3016/3299
f 1865/2905/3300 1933/3016/3300 1867/2907/3300
f 1867/2907/3301 1933/3016/3301 1934/3017/3301
f 1867/2907/3302 1934/3017/3302 1869/2909/3302
f 1869/2909/3303 1934/3017/3303 1935/3018/3303
f 1869/2909/3304 1935/3018/3304 1871/2911/3304
f 1871/2911/3305 1935/3018/3305 1936/3019/3305
f 1871/2911/3306 1936/3019/3306 1937/3020/3306
f 1937/3020/3307 1936/3019/3307 1938/3021/3307
f 1937/3020/3308 1938/3021/3308 1873/2913/3308
f 1873/2913/3309 1938/3021/3309 1939/3022/3309
f 1873/2913/3310 1939/3022/3310 1875/2915/3310
f 1875/2915/3311 1939/3022/3311 1940/3023/3311
f 1875/2915/3312 1940/3023/3312 1877/2917/3312
f 1877/2917/3313 1940/3023/3313 1941/3024/3313
f 1877/2917/3314 1941/3024/3314 1879/2919/3314
f 1879/2919/3315 1941/3024/3315 1942/3025/3315
f 1879/2919/3316 1942/3025/3316 1943/3026/3316
f 1943/3026/3317 1942/3025/3317 1944/3027/3317
f 1943/3026/3318 1944/3027/3318 1945/3028/3318
f 1945/3028/3319 1944/3027/3319 1946/3029/3319
f 1945/3028/3320 1946/3029/3320 1947/3030/3320
f 1947/3030/3321 1946/3029/3321 1916/2990/3321
f 1947/3030/3322 1916/2990/3322 1885/2928/3322
f 1885/2928/3323 1883/2926/3323 1947/3030/3323
f 1947/3030/3324 1883/2926/3324 1945/3028/3324
f 1883/2926/3325 1881/2924/3325 1945/3028/3325
f 1945/3028/3326 1881/2924/3326 1943/3026/3326
f 1916/2990/3327 1946/3029/3327 1918/2991/3327
f 1918/2991/3328 1946/3029/3328 1948/3031/3328
f 1918/2991/3329 1948/3031/3329 1920/2993/3329
f 1920/2996/3330 1948/3032/3330 1949/3033/3330
f 1920/2996/3331 1949/3033/3331 1922/2997/3331
f 1922/2997/3332 1949/3033/3332 1950/3034/3332
f 1922/2997/3333 1950/3034/3333 1951/3035/3333
f 1951/3035/3334 1950/3034/3334 1952/3036/3334
f 1951/3035/3335 1952/3036/3335 746/1134/3335
f 746/1134/3336 1952/3036/3336 683/1034/3336
f 683/1034/3337 1952/3036/3337 685/1036/3337
f 685/1036/3338 1952/3036/3338 1953/3037/3338
f 685/1038/3339 1953/3038/3339 1954/3039/3339
f 1954/3039/3340 1953/3038/3340 1955/3040/3340
f 1954/3039/3341 1955/3040/3341 1956/3041/3341
f 1956/3041/3342 1955/3040/3342 1957/3042/3342
f 1956/3043/3343 1957/3044/3343 1958/3045/3343
f 1958/3046/3344 1957/3042/3344 1959/3047/3344
f 1958/3046/3345 1959/3047/3345 1960/3048/3345
f 1960/3048/3346 1959/3047/3346 1961/3049/3346
f 1960/3048/3347 1961/3049/3347 1962/3050/3347
f 1962/3050/3348 1961/3049/3348 1963/3051/3348
f 1962/3050/3349 1963/3051/3349 1964/3052/3349
f 1964/3053/3350 1963/3054/3350 1965/3055/3350
f 1964/3052/3351 1965/3056/3351 1966/3057/3351
f 1966/3057/3352 1965/3056/3352 1967/3058/3352
f 1966/3057/3353 1967/3058/3353 1968/3059/3353
f 1968/3059/3354 1967/3058/3354 1969/3060/3354
f 1968/3059/3355 1969/3060/3355 1970/3061/3355
f 1970/3062/3356 1969/3063/3356 1971/3064/3356
f 1970/3062/3357 1971/3064/3357 1972/3065/3357
f 1972/3065/3358 1971/3064/3358 1973/3066/3358
f 1972/3067/3359 1973/3068/3359 1974/3069/3359
f 1974/3069/3360 1973/3068/3360 1975/3070/3360
f 1974/3069/3361 1975/3070/3361 1976/3071/3361
f 1976/3071/3362 1975/3070/3362 1977/3072/3362
f 1976/3071/3363 1977/3072/3363 1978/3073/3363
f 1978/3074/3364 1977/3075/3364 1979/3076/3364
f 1978/3074/3365 1979/3076/3365 1980/3077/3365
f 1980/3078/3366 1979/3079/3366 1981/3080/3366
f 1980/3078/3367 1981/3080/3367 1982/3081/3367
f 1982/3081/3368 1981/3080/3368 1983/3082/3368
f 1982/3081/3369 1983/3082/3369 1984/3083/3369
f 1984/3083/3370 1983/3082/3370 1985/3084/3370
f 1984/3083/3371 1985/3084/3371 1986/3085/3371
f 1986/3085/3372 1985/3084/3372 1987/3086/3372
f 1986/3085/3373 1987/3086/3373 1988/3087/3373
f 1988/3087/3374 1987/3086/3374 1989/3088/3374
f 1988/3087/3375 1989/3088/3375 1990/3089/3375
f 1990/3090/3376 1989/3091/3376 1991/3092/3376
f 1990/3090/3377 1991/3092/3377 1992/3093/3377
f 1992/3093/3378 1991/3092/3378 1993/3094/3378
f 1992/3095/3379 1993/3096/3379 1994/3097/3379
f 1994/3097/3380 1993/3096/3380 1995/3098/3380
f 1994/3097/3381 1995/3098/3381 1996/3099/3381
f 1996/3099/3382 1995/3098/3382 1997/3100/3382
f 1996/3101/3383 1997/3102/3383 1998/3103/3383
f 1998/3103/3384 1997/3102/3384 1999/3104/3384
f 1998/3103/3385 1999/3104/3385 1982/3105/3385
f 1982/3105/3386 1999/3104/3386 1980/3077/3386
f 1980/3077/3387 1999/3104/3387 1978/3074/3387
f 1978/3074/3388 1999/3104/3388 1997/3102/3388
f 1978/3073/3389 1997/3100/3389 1976/3071/3389
f 1976/3071/3390 1997/3100/3390 2000/3106/3390
f 1976/3071/3391 2000/3106/3391 2001/3107/3391
f 2001/3107/3392 2000/3106/3392 2002/3108/3392
f 2001/3107/3393 2002/3108/3393 2003/3109/3393
f 2003/3110/3394 2002/3111/3394 2004/3112/3394
f 2003/3110/3395 2004/3112/3395 2005/3113/3395
f 2005/3113/3396 2004/3112/3396 2006/3114/3396
f 2005/3113/3397 2006/3114/3397 2007/3115/3397
f 2007/3116/3398 2006/3117/3398 2008/3118/3398
f 2007/3116/3399 2008/3118/3399 2009/3119/3399
f 2009/3119/3400 2008/3118/3400 2010/3120/3400
f 2009/3119/3401 2010/3120/3401 2011/3121/3401
f 2011/3122/3402 2010/3123/3402 2012/3124/3402
f 2011/3122/3403 2012/3124/3403 2013/3125/3403
f 2013/3125/3404 2012/3124/3404 2014/3126/3404
f 2013/3125/3404 2014/3126/3404 2015/3127/3404
f 2015/3128/3405 2014/3129/3405 2016/3130/3405
f 2015/3128/3406 2016/3130/3406 2017/3131/3406
f 2017/3131/3407 2016/3130/3407 2018/3132/3407
f 2017/3131/3408 2018/3132/3408 2019/3133/3408
f 2019/3133/3409 2018/3132/3409 2020/3134/3409
f 2019/3135/3410 2020/3136/3410 2021/3137/3410
f 2021/3137/3411 2020/3136/3411 2022/3138/3411
f 2021/3137/3412 2022/3138/3412 2023/3139/3412
f 2023/3139/3413 2022/3138/3413 1969/3063/3413
f 2023/3139/3414 1969/3063/3414 2024/3140/3414
f 2024/3141/3415 1969/3060/3415 1967/3058/3415
f 2024/3141/3416 1967/3058/3416 2025/3142/3416
f 2025/3142/3417 1967/3058/3417 1965/3056/3417
f 2025/3142/3418 1965/3056/3418 2026/3143/3418
f 2026/3143/3419 1965/3056/3419 1963/3051/3419
f 2026/3143/3420 1963/3051/3420 2027/3144/3420
f 2027/3144/3421 1963/3051/3421 1961/3049/3421
f 2027/3144/3422 1961/3049/3422 2028/3145/3422
f 2028/3145/3423 1961/3049/3423 2029/3146/3423
f 2028/3145/3424 2029/3146/3424 2030/3147/3424
f 2030/3147/3425 2029/3146/3425 1959/3047/3425
f 2030/3147/3426 1959/3047/3426 2031/3148/3426
f 2031/3148/3427 1959/3047/3427 1957/3042/3427
f 2031/3148/3428 1957/3042/3428 2032/3149/3428
f 2032/3149/3429 1957/3042/3429 1955/3040/3429
f 2032/3150/3430 1955/3151/3430 2033/3152/3430
f 2033/3152/3431 1955/3151/3431 1953/3153/3431
f 2033/3154/3432 1953/3155/3432 2034/3156/3432
f 2034/3157/3433 1953/3037/3433 1952/3036/3433
f 2034/3156/3434 1952/3158/3434 1950/3159/3434
f 1950/3159/3435 1949/3160/3435 2034/3156/3435
f 2034/3156/3436 1949/3160/3436 2035/3161/3436
f 2034/3156/3437 2035/3161/3437 2036/3162/3437
f 2036/3163/3438 2035/3164/3438 1948/3031/3438
f 2036/3163/3439 1948/3031/3439 1944/3027/3439
f 1944/3027/3440 1948/3031/3440 1946/3029/3440
f 1944/3027/3441 1942/3025/3441 2036/3163/3441
f 2036/3163/3442 1942/3025/3442 2037/3165/3442
f 2036/3163/3443 2037/3165/3443 2038/3166/3443
f 2038/3166/3444 2037/3165/3444 2039/3167/3444
f 2038/3168/3445 2039/3169/3445 2033/3154/3445
f 2033/3152/3446 2039/3170/3446 2032/3150/3446
f 2033/3154/3447 2034/3156/3447 2038/3168/3447
f 2038/3168/3448 2034/3156/3448 2036/3162/3448
f 1969/3171/3449 2022/3172/3449 1971/3173/3449
f 1971/3064/3450 2022/3138/3450 2040/3174/3450
f 1971/3064/3451 2040/3174/3451 1973/3066/3451
f 1973/3066/3452 2040/3174/3452 2041/3175/3452
f 1973/3068/3453 2041/3176/3453 1975/3070/3453
f 1975/3070/3454 2041/3176/3454 2042/3177/3454
f 1975/3070/3455 2042/3177/3455 1977/3072/3455
f 1977/3075/3456 2042/3178/3456 2043/3179/3456
f 1977/3075/3457 2043/3179/3457 1979/3076/3457
f 1979/3076/3458 2043/3179/3458 2044/3180/3458
f 1979/3181/3459 2044/3182/3459 2045/3183/3459
f 2045/3183/3460 2044/3182/3460 2046/3184/3460
f 2045/3183/3461 2046/3184/3461 2047/3185/3461
f 2047/3186/3462 2046/3187/3462 2048/3188/3462
f 2047/3186/3463 2048/3188/3463 2049/3189/3463
f 2049/3189/3464 2048/3188/3464 2050/3190/3464
f 2049/3189/3465 2050/3190/3465 2051/3191/3465
f 2051/3192/3466 2050/3193/3466 2052/3194/3466
f 2051/3192/3467 2052/3194/3467 2053/3195/3467
f 2053/3195/3468 2052/3194/3468 2054/3196/3468
f 2053/3195/3469 2054/3196/3469 1991/3092/3469
f 1991/3092/3470 2054/3196/3470 1993/3094/3470
f 1991/3092/3471 1989/3091/3471 2053/3195/3471
f 2053/3197/3472 1989/3088/3472 1987/3086/3472
f 2053/3197/3473 1987/3086/3473 2055/3198/3473
f 2055/3198/3474 1987/3086/3474 1985/3084/3474
f 2055/3198/3475 1985/3084/3475 2056/3199/3475
f 2056/3199/3476 1985/3084/3476 1983/3082/3476
f 2056/3199/3477 1983/3082/3477 1981/3080/3477
f 2053/3197/3478 2055/3198/3478 2051/3191/3478
f 2051/3191/3479 2055/3198/3479 2049/3189/3479
f 2055/3198/3480 2056/3199/3480 2049/3189/3480
f 2049/3189/3481 2056/3199/3481 2047/3186/3481
f 2056/3199/3482 1981/3080/3482 2047/3186/3482
f 2047/3186/3483 1981/3080/3483 2045/3200/3483
f 2022/3138/3484 2020/3136/3484 2040/3174/3484
f 2040/3174/3485 2020/3136/3485 2018/3201/3485
f 2040/3174/3486 2018/3201/3486 2057/3202/3486
f 2057/3203/3487 2018/3132/3487 2058/3204/3487
f 2057/3203/3488 2058/3204/3488 2041/3176/3488
f 2041/3176/3489 2058/3204/3489 2042/3177/3489
f 2018/3132/3490 2016/3130/3490 2058/3204/3490
f 2058/3204/3491 2016/3130/3491 2014/3129/3491
f 2058/3205/3492 2014/3206/3492 2042/3178/3492
f 2042/3178/3493 2014/3206/3493 2043/3179/3493
f 2014/3126/3494 2012/3124/3494 2043/3207/3494
f 2043/3207/3495 2012/3124/3495 2044/3182/3495
f 2012/3124/3496 2010/3123/3496 2044/3182/3496
f 2044/3182/3497 2010/3123/3497 2046/3184/3497
f 2010/3120/3498 2008/3118/3498 2046/3187/3498
f 2046/3187/3499 2008/3118/3499 2048/3188/3499
f 2008/3118/3500 2006/3117/3500 2048/3188/3500
f 2048/3188/3501 2006/3117/3501 2050/3190/3501
f 2006/3114/3502 2004/3112/3502 2050/3193/3502
f 2050/3193/3503 2004/3112/3503 2052/3194/3503
f 2004/3112/3504 2002/3111/3504 2052/3194/3504
f 2052/3194/3505 2002/3111/3505 2059/3208/3505
f 2052/3194/3506 2059/3208/3506 2054/3196/3506
f 2054/3196/3507 2059/3208/3507 1993/3094/3507
f 1993/3096/3508 2059/3209/3508 1995/3098/3508
f 1995/3098/3509 2059/3209/3509 2000/3106/3509
f 1995/3098/3510 2000/3106/3510 1997/3100/3510
f 1976/3071/3511 2001/3107/3511 1974/3069/3511
f 1974/3069/3512 2001/3107/3512 2003/3109/3512
f 1974/3069/3513 2003/3109/3513 1972/3067/3513
f 1972/3210/3514 2003/3110/3514 2005/3113/3514
f 1972/3210/3515 2005/3113/3515 2060/3211/3515
f 2060/3211/3516 2005/3113/3516 2007/3115/3516
f 2060/3211/3517 2007/3115/3517 2061/3212/3517
f 2061/3213/3518 2007/3116/3518 2009/3119/3518
f 2061/3213/3519 2009/3119/3519 1968/3214/3519
f 1968/3214/3520 2009/3119/3520 2062/3215/3520
f 1968/3059/3521 2062/3216/3521 1966/3057/3521
f 1966/3217/3522 2062/3218/3522 2011/3122/3522
f 1966/3217/3523 2011/3122/3523 2063/3219/3523
f 2063/3219/3524 2011/3122/3524 2013/3125/3524
f 2063/3219/3525 2013/3125/3525 2064/3220/3525
f 2064/3220/3526 2013/3125/3526 2065/3221/3526
f 2064/3220/3527 2065/3221/3527 1956/3222/3527
f 1956/3041/3528 2065/3223/3528 689/1042/3528
f 1956/3041/3529 689/1042/3529 687/1040/3529
f 1956/3041/3530 687/1040/3530 1954/3039/3530
f 1954/3039/3531 687/1040/3531 685/1038/3531
f 689/1042/3532 2065/3223/3532 691/1044/3532
f 691/1044/3533 2065/3223/3533 2066/3224/3533
f 691/1044/3534 2066/3224/3534 2067/3225/3534
f 2067/3225/3535 2066/3224/3535 2068/3226/3535
f 2067/3225/3536 2068/3226/3536 2069/3227/3536
f 2069/3228/3537 2068/3229/3537 2070/3230/3537
f 2069/3231/3538 2070/3232/3538 2071/3233/3538
f 2071/3233/3539 2070/3232/3539 2017/3234/3539
f 2071/3233/3540 2017/3234/3540 1749/3235/3540
f 1749/3235/3541 2017/3234/3541 1751/3236/3541
f 2068/3237/3542 2066/3238/3542 2070/3232/3542
f 2070/3232/3543 2066/3238/3543 2017/3234/3543
f 2066/3239/3544 2065/3240/3544 2017/3241/3544
f 2017/3242/3545 2065/3243/3545 2015/3244/3545
f 691/1047/3546 2067/3245/3546 693/1048/3546
f 693/1048/3547 2067/3245/3547 695/1050/3547
f 1966/3057/3548 2063/3246/3548 1964/3052/3548
f 1964/3247/3549 2063/3219/3549 2072/3248/3549
f 1964/3249/3550 2072/3250/3550 2073/3251/3550
f 2073/3251/3551 2072/3250/3551 1956/3252/3551
f 2073/3253/3552 1956/3043/3552 1958/3045/3552
f 1958/3046/3553 1960/3048/3553 2073/3254/3553
f 2073/3254/3554 1960/3048/3554 1962/3050/3554
f 2073/3255/3555 1962/3256/3555 1964/3257/3555
f 1956/3252/3556 2072/3250/3556 2064/3258/3556
f 2064/3220/3557 2072/3248/3557 2063/3219/3557
f 1968/3059/3558 1970/3061/3558 2061/3212/3558
f 2061/3212/3559 1970/3061/3559 2060/3211/3559
f 1992/3095/3560 1994/3097/3560 1990/3259/3560
f 1990/3259/3561 1994/3097/3561 2074/3260/3561
f 1990/3261/3562 2074/3262/3562 2075/3263/3562
f 2075/3263/3563 2074/3262/3563 1996/3101/3563
f 2075/3263/3564 1996/3101/3564 1998/3103/3564
f 746/1134/3565 1915/2982/3565 1951/3035/3565
f 1951/3035/3566 1915/2982/3566 1914/2980/3566
f 1951/3035/3567 1914/2980/3567 1924/2999/3567
f 788/1195/3568 1846/2884/3568 790/1197/3568
f 790/1197/3569 1846/2884/3569 805/1231/3569
f 805/1231/3570 1846/2884/3570 807/1233/3570
f 807/1233/3571 1846/2884/3571 1848/2886/3571
f 807/1233/3572 1848/2886/3572 2076/3264/3572
f 2076/3264/3573 1848/2886/3573 1850/2888/3573
f 2076/3264/3574 1850/2888/3574 2077/3265/3574
f 2077/3265/3575 1850/2888/3575 1852/2890/3575
f 2077/3265/3576 1852/2890/3576 1854/2892/3576
f 807/1233/3577 2076/3264/3577 809/1235/3577
f 809/1235/3578 2076/3264/3578 2078/3266/3578
f 809/1235/3579 2078/3266/3579 536/798/3579
f 536/798/3580 2078/3266/3580 538/800/3580
f 2076/3264/3581 2077/3265/3581 2078/3266/3581
f 2078/3266/3582 2077/3265/3582 2079/3267/3582
f 2078/3266/3583 2079/3267/3583 538/800/3583
f 538/800/3584 2079/3267/3584 2080/3268/3584
f 538/800/3585 2080/3268/3585 540/802/3585
f 540/802/3586 2080/3268/3586 2081/3269/3586
f 540/804/3587 2081/3270/3587 2082/3271/3587
f 2082/3271/3588 2081/3270/3588 2083/3272/3588
f 2082/3271/3589 2083/3272/3589 2084/3273/3589
f 2084/3273/3590 2083/3272/3590 2085/3274/3590
f 2084/3273/3591 2085/3274/3591 2086/3275/3591
f 2086/3275/3592 2085/3274/3592 599/879/3592
f 2086/3275/3593 599/879/3593 601/881/3593
f 599/877/3594 2085/3276/3594 597/875/3594
f 597/875/3595 2085/3276/3595 2087/3277/3595
f 597/875/3596 2087/3277/3596 595/873/3596
f 595/873/3597 2087/3277/3597 2088/3278/3597
f 595/873/3598 2088/3278/3598 593/871/3598
f 593/871/3599 2088/3278/3599 2089/3279/3599
f 593/871/3600 2089/3279/3600 2090/3280/3600
f 2090/3280/3600 2089/3279/3600 1854/2892/3600
f 2090/3280/3601 1854/2892/3601 589/867/3601
f 589/867/3602 591/869/3602 2090/3280/3602
f 2090/3280/3603 591/869/3603 593/871/3603
f 1854/2892/3604 2089/3279/3604 2077/3265/3604
f 2077/3265/3605 2089/3279/3605 2079/3267/3605
f 2089/3279/3606 2088/3278/3606 2079/3267/3606
f 2079/3267/3607 2088/3278/3607 2080/3268/3607
f 2088/3278/3608 2087/3277/3608 2080/3268/3608
f 2080/3268/3586 2087/3277/3586 2081/3269/3586
f 2081/3269/3609 2087/3277/3609 2083/3281/3609
f 2083/3281/3610 2087/3277/3610 2085/3276/3610
f 540/804/3611 2082/3271/3611 542/806/3611
f 542/806/3612 2082/3271/3612 544/808/3612
f 1840/2876/3613 1838/2874/3613 1842/2878/3613
f 1842/2878/3614 1838/2874/3614 2091/3282/3614
f 1842/2878/3615 2091/3282/3615 1843/2879/3615
f 1843/2879/3616 2091/3282/3616 2092/3283/3616
f 1843/2881/3617 2092/3284/3617 1844/2882/3617
f 1844/2882/3618 2092/3284/3618 2093/3285/3618
f 1844/2882/3619 2093/3285/3619 1845/2883/3619
f 1845/2883/3620 2093/3285/3620 2094/3286/3620
f 1845/2883/3621 2094/3286/3621 1847/2885/3621
f 1847/2885/3622 2094/3286/3622 2095/3287/3622
f 1847/2885/3623 2095/3287/3623 1849/2887/3623
f 1849/2887/3624 2095/3287/3624 2096/3288/3624
f 1849/2887/3625 2096/3288/3625 1851/2889/3625
f 1851/2889/3626 2096/3288/3626 1931/3011/3626
f 1931/3011/3627 2096/3288/3627 1929/3008/3627
f 1929/3008/3628 2096/3288/3628 1932/3014/3628
f 1838/2874/3614 1836/2872/3614 2091/3282/3614
f 2091/3282/3629 1836/2872/3629 1834/2870/3629
f 2091/3282/3630 1834/2870/3630 2097/3289/3630
f 2097/3289/3631 1834/2870/3631 2098/3290/3631
f 2097/3289/3632 2098/3290/3632 2099/3291/3632
f 2099/3292/3633 2098/3293/3633 2100/3294/3633
f 2099/3295/3634 2100/3296/3634 2101/3297/3634
f 2101/3297/3635 2100/3296/3635 2102/3298/3635
f 2101/3297/3636 2102/3298/3636 2103/3299/3636
f 2103/3299/3637 2102/3298/3637 1933/3300/3637
f 2103/3299/3638 1933/3300/3638 1932/3014/3638
f 1932/3014/3639 2096/3288/3639 2103/3299/3639
f 2103/3299/3640 2096/3288/3640 2095/3287/3640
f 2103/3299/3641 2095/3287/3641 2104/3301/3641
f 2104/3301/3642 2095/3287/3642 2094/3286/3642
f 2104/3301/3643 2094/3286/3643 2093/3285/3643
f 2103/3299/3644 2104/3301/3644 2101/3297/3644
f 2101/3297/3645 2104/3301/3645 2093/3285/3645
f 2101/3302/3646 2093/3303/3646 2099/3291/3646
f 2099/3291/3647 2093/3303/3647 2092/3283/3647
f 2099/3291/3648 2092/3283/3648 2097/3289/3648
f 2097/3289/3649 2092/3283/3649 2091/3282/3649
f 1933/3016/3650 2102/3304/3650 1934/3017/3650
f 1934/3017/3651 2102/3304/3651 2105/3305/3651
f 1934/3017/3652 2105/3305/3652 1935/3018/3652
f 1935/3018/3653 2105/3305/3653 2106/3306/3653
f 1935/3018/3654 2106/3306/3654 1936/3019/3654
f 1936/3019/3655 2106/3306/3655 2107/3307/3655
f 1936/3019/3656 2107/3307/3656 2108/3308/3656
f 2108/3308/3657 2107/3307/3657 2109/3309/3657
f 2108/3308/3658 2109/3309/3658 2110/3310/3658
f 2110/3310/3659 2109/3309/3659 1790/3311/3659
f 2110/3310/3660 1790/3311/3660 2111/3312/3660
f 2111/3312/3661 1790/3311/3661 2112/3313/3661
f 2111/3312/3662 2112/3313/3662 2113/3314/3662
f 2113/3314/3663 2112/3313/3663 1788/3315/3663
f 2113/3314/3664 1788/3315/3664 1786/3316/3664
f 1790/3311/3665 2109/3309/3665 1792/3317/3665
f 1792/3317/3666 2109/3309/3666 2114/3318/3666
f 1792/3319/3667 2114/3320/3667 1794/3321/3667
f 1794/3322/3668 2114/3323/3668 1830/3324/3668
f 1794/3322/3669 1830/3324/3669 1796/3325/3669
f 1796/2817/3670 1830/3326/3670 2115/3327/3670
f 1796/2817/3671 2115/3327/3671 1798/2818/3671
f 1798/2818/3672 2115/3327/3672 2116/3328/3672
f 1798/2818/3673 2116/3328/3673 2117/3329/3673
f 2117/3330/3674 2116/3331/3674 2118/3332/3674
f 2117/3330/3675 2118/3332/3675 2119/3333/3675
f 2119/3333/3676 2118/3332/3676 2120/3334/3676
f 2119/3333/3677 2120/3334/3677 2121/3335/3677
f 2121/3335/3678 2120/3334/3678 2122/3336/3678
f 2121/3335/3679 2122/3336/3679 2123/3337/3679
f 2123/3337/3680 2122/3336/3680 2124/3338/3680
f 2123/3337/3681 2124/3338/3681 2125/3339/3681
f 2125/3340/3682 2124/3341/3682 2126/3342/3682
f 2125/3340/3683 2126/3342/3683 2127/3343/3683
f 2127/3343/3684 2126/3342/3684 1820/3344/3684
f 2127/3345/3685 1820/2844/3685 1816/3346/3685
f 1816/3346/3686 1820/2844/3686 1818/2843/3686
f 1816/3346/3687 1814/3347/3687 2127/3345/3687
f 2127/3348/3688 1814/3349/3688 2128/3350/3688
f 2127/3343/3689 2128/3351/3689 2125/3340/3689
f 2125/3340/3690 2128/3351/3690 2129/3352/3690
f 2125/3339/3691 2129/3353/3691 2123/3337/3691
f 2123/3337/3692 2129/3353/3692 2121/3335/3692
f 1820/3344/3693 2126/3342/3693 1821/2846/3693
f 1821/2846/3694 2126/3342/3694 1822/2847/3694
f 2126/3342/3695 2124/3341/3695 1822/2847/3695
f 1822/2847/3696 2124/3341/3696 2130/3354/3696
f 1822/2847/3697 2130/3354/3697 1823/2848/3697
f 1823/2850/3698 2130/3355/3698 2131/3356/3698
f 1823/2850/3699 2131/3356/3699 1824/2851/3699
f 1824/2851/3700 2131/3356/3700 2132/3357/3700
f 1824/2851/3701 2132/3357/3701 1826/2856/3701
f 1826/2856/3702 2132/3357/3702 2133/3358/3702
f 1826/2856/3703 2133/3358/3703 1828/2858/3703
f 1828/2861/3704 2133/3359/3704 1830/2862/3704
f 1830/3360/3705 2133/3358/3705 2115/3361/3705
f 2115/3361/3706 2133/3358/3706 2134/3362/3706
f 2115/3361/3707 2134/3362/3707 2116/3331/3707
f 2116/3331/3708 2134/3362/3708 2118/3332/3708
f 2118/3332/3709 2134/3362/3709 2120/3334/3709
f 2120/3334/3710 2134/3362/3710 2135/3363/3710
f 2120/3334/3711 2135/3363/3711 2122/3336/3711
f 2122/3336/3712 2135/3363/3712 2136/3364/3712
f 2122/3336/3713 2136/3364/3713 2124/3338/3713
f 2124/3338/3714 2136/3364/3714 2130/3355/3714
f 2130/3355/3715 2136/3364/3715 2131/3356/3715
f 2131/3356/3716 2136/3364/3716 2135/3363/3716
f 2131/3356/3717 2135/3363/3717 2132/3357/3717
f 2132/3357/3718 2135/3363/3718 2134/3362/3718
f 2132/3357/3719 2134/3362/3719 2133/3358/3719
f 1798/2818/3720 2117/3329/3720 1800/2820/3720
f 1800/2820/3721 2117/3329/3721 2137/3365/3721
f 1800/2820/3722 2137/3365/3722 1802/2822/3722
f 1802/2822/3723 2137/3365/3723 1804/2824/3723
f 2117/3330/3724 2119/3333/3724 2137/3366/3724
f 2137/3366/3725 2119/3333/3725 2138/3367/3725
f 2137/3366/3726 2138/3367/3726 2139/3368/3726
f 2139/3368/3727 2138/3367/3727 2140/3369/3727
f 2139/3370/3728 2140/3371/3728 2141/3372/3728
f 2141/3372/3729 2140/3371/3729 1810/3373/3729
f 2141/3374/3730 1810/2830/3730 1808/2828/3730
f 1808/2828/3731 1806/2826/3731 2141/3374/3731
f 2141/3374/3732 1806/2826/3732 2139/3375/3732
f 1806/2826/3733 1804/2824/3733 2139/3375/3733
f 2139/3375/3734 1804/2824/3734 2137/3365/3734
f 2119/3333/3735 2121/3335/3735 2138/3367/3735
f 2138/3367/3736 2121/3335/3736 2142/3376/3736
f 2138/3367/3737 2142/3376/3737 2143/3377/3737
f 2143/3377/3738 2142/3376/3738 2144/3378/3738
f 2143/3379/3739 2144/3380/3739 1812/3381/3739
f 1812/3382/3740 2144/3383/3740 1814/3384/3740
f 1814/3384/3741 2144/3383/3741 2128/3385/3741
f 2128/3351/3742 2144/3386/3742 2129/3352/3742
f 2144/3378/3743 2142/3376/3743 2129/3353/3743
f 2129/3353/3744 2142/3376/3744 2121/3335/3744
f 1812/3381/3745 1810/3373/3745 2143/3379/3745
f 2143/3379/3746 1810/3373/3746 2140/3371/3746
f 2143/3377/3747 2140/3369/3747 2138/3367/3747
f 2109/3309/3748 2107/3307/3748 2114/3318/3748
f 2114/3318/3749 2107/3307/3749 2145/3387/3749
f 2114/3318/3750 2145/3387/3750 1830/3388/3750
f 1830/3389/3751 2145/3390/3751 1832/3391/3751
f 2107/3307/3752 2106/3306/3752 2145/3387/3752
f 2145/3387/3753 2106/3306/3753 2146/3392/3753
f 2145/3387/3754 2146/3392/3754 1832/3393/3754
f 1832/3394/3755 2146/3395/3755 2098/3293/3755
f 1832/2868/3756 2098/3290/3756 1834/2870/3756
f 2098/3293/3757 2146/3395/3757 2100/3294/3757
f 2100/3396/3758 2146/3392/3758 2105/3305/3758
f 2100/3396/3759 2105/3305/3759 2102/3304/3759
f 1936/3019/3760 2108/3308/3760 1938/3021/3760
f 1938/3021/3761 2108/3308/3761 2110/3310/3761
f 1938/3021/3762 2110/3310/3762 2147/3397/3762
f 2147/3397/3763 2110/3310/3763 2111/3312/3763
f 2147/3397/3764 2111/3312/3764 2148/3398/3764
f 2148/3398/3765 2111/3312/3765 2149/3399/3765
f 2148/3398/3766 2149/3399/3766 1941/3024/3766
f 1941/3024/3767 2149/3399/3767 1942/3025/3767
f 1942/3025/3768 2149/3399/3768 2037/3165/3768
f 2037/3165/3769 2149/3399/3769 2150/3400/3769
f 2037/3165/3770 2150/3400/3770 2039/3167/3770
f 2039/3167/3771 2150/3400/3771 2151/3401/3771
f 2039/3167/3772 2151/3401/3772 2152/3402/3772
f 2152/3403/3773 2151/3404/3773 2153/3405/3773
f 2152/3402/3774 2153/3406/3774 2154/3407/3774
f 2154/3408/3775 2153/3409/3775 2155/3410/3775
f 2154/3408/3776 2155/3410/3776 2156/3411/3776
f 2156/3411/3777 2155/3410/3777 2157/3412/3777
f 2156/3411/3778 2157/3412/3778 2158/3413/3778
f 2158/3413/3779 2157/3412/3779 2159/3414/3779
f 2158/3415/3780 2159/3416/3780 2160/3417/3780
f 2160/3418/3781 2159/3419/3781 2161/3420/3781
f 2160/3418/3782 2161/3420/3782 2162/3421/3782
f 2162/3421/3783 2161/3420/3783 2163/3422/3783
f 2162/3421/3784 2163/3422/3784 2164/3423/3784
f 2164/3423/3785 2163/3422/3785 2165/3424/3785
f 2164/3423/3786 2165/3424/3786 2166/3425/3786
f 2166/3425/3787 2165/3424/3787 2167/3426/3787
f 2166/3425/3788 2167/3426/3788 2168/3427/3788
f 2168/3427/3789 2167/3426/3789 2169/3428/3789
f 2168/3427/3790 2169/3428/3790 2170/3429/3790
f 2170/3429/3791 2169/3428/3791 2171/3430/3791
f 2170/3429/3792 2171/3430/3792 2172/3431/3792
f 2172/3432/3793 2171/3433/3793 2173/3434/3793
f 2172/3432/3794 2173/3434/3794 2174/3435/3794
f 2174/3435/3795 2173/3434/3795 2175/3436/3795
f 2174/3435/3796 2175/3436/3796 2176/3437/3796
f 2176/3437/3797 2175/3436/3797 2177/3438/3797
f 2176/3437/3798 2177/3438/3798 2178/3439/3798
f 2178/3440/3799 2177/3441/3799 2179/3442/3799
f 2178/3440/3800 2179/3442/3800 2180/3443/3800
f 2180/3443/3801 2179/3442/3801 2181/3444/3801
f 2180/3443/3802 2181/3444/3802 2182/3445/3802
f 2182/3446/3803 2181/3447/3803 2183/3448/3803
f 2182/3446/3804 2183/3448/3804 2184/3449/3804
f 2184/3449/3805 2183/3448/3805 2185/3450/3805
f 2184/3449/3806 2185/3450/3806 2186/3451/3806
f 2186/3451/3807 2185/3450/3807 2165/3452/3807
f 2186/3451/3808 2165/3452/3808 2163/3453/3808
f 2165/3452/3809 2185/3450/3809 2167/3454/3809
f 2167/3454/3810 2185/3450/3810 2187/3455/3810
f 2167/3454/3811 2187/3455/3811 2188/3456/3811
f 2188/3456/3812 2187/3455/3812 2171/3457/3812
f 2188/3458/3813 2171/3430/3813 2169/3428/3813
f 2185/3450/3814 2183/3448/3814 2187/3455/3814
f 2187/3455/3815 2183/3448/3815 2189/3459/3815
f 2187/3455/3816 2189/3459/3816 2171/3457/3816
f 2171/3457/3817 2189/3459/3817 2190/3460/3817
f 2171/3461/3818 2190/3462/3818 2191/3463/3818
f 2191/3463/3819 2190/3462/3819 2181/3444/3819
f 2191/3463/3820 2181/3444/3820 2179/3442/3820
f 2190/3460/3821 2189/3459/3821 2181/3447/3821
f 2181/3447/3822 2189/3459/3822 2183/3448/3822
f 2172/3432/3823 2174/3435/3823 2170/3464/3823
f 2170/3429/3824 2174/3465/3824 2192/3466/3824
f 2170/3467/3825 2192/3468/3825 2168/3469/3825
f 2168/3469/3826 2192/3468/3826 2166/3470/3826
f 1941/3024/3827 1940/3023/3827 2148/3398/3827
f 2148/3398/3828 1940/3023/3828 2147/3397/3828
f 1940/3023/3829 1939/3022/3829 2147/3397/3829
f 2147/3397/3830 1939/3022/3830 1938/3021/3830
f 2111/3312/3831 2113/3314/3831 2149/3399/3831
f 2149/3399/3832 2113/3314/3832 2150/3400/3832
f 2113/3314/3833 1786/3316/3833 2150/3400/3833
f 2150/3471/3834 1786/3472/3834 2193/3473/3834
f 2150/3474/3835 2193/3475/3835 2194/3476/3835
f 2194/3476/3836 2193/3475/3836 2195/3477/3836
f 2194/3476/3836 2195/3477/3836 2196/3478/3836
f 2196/3478/3837 2195/3477/3837 2197/3479/3837
f 2196/3478/3838 2197/3479/3838 2198/3480/3838
f 2198/3480/3839 2197/3479/3839 2199/3481/3839
f 2198/3480/3840 2199/3481/3840 2200/3482/3840
f 2200/3482/3841 2199/3481/3841 2201/3483/3841
f 2200/3484/3842 2201/3485/3842 2202/3486/3842
f 2202/3486/3843 2201/3485/3843 2203/3487/3843
f 2202/3486/3844 2203/3487/3844 2204/3488/3844
f 2204/3488/3845 2203/3487/3845 2205/3489/3845
f 2204/3488/3846 2205/3489/3846 2163/3453/3846
f 2163/3453/3847 2205/3489/3847 2186/3451/3847
f 2163/3453/3848 2161/3490/3848 2204/3488/3848
f 2204/3488/3849 2161/3490/3849 2206/3491/3849
f 2204/3488/3850 2206/3491/3850 2202/3486/3850
f 2202/3486/3851 2206/3491/3851 2207/3492/3851
f 2202/3486/3852 2207/3492/3852 2208/3493/3852
f 2208/3494/3853 2207/3495/3853 2209/3496/3853
f 2208/3494/3854 2209/3496/3854 2194/3476/3854
f 2194/3476/3855 2209/3496/3855 2153/3405/3855
f 2194/3476/3856 2153/3405/3856 2151/3404/3856
f 2153/3405/3857 2209/3496/3857 2155/3497/3857
f 2155/3497/3858 2209/3496/3858 2207/3495/3858
f 2155/3410/3859 2207/3492/3859 2157/3412/3859
f 2157/3412/3860 2207/3492/3860 2206/3491/3860
f 2157/3412/3861 2206/3491/3861 2159/3414/3861
f 2159/3414/3862 2206/3491/3862 2161/3490/3862
f 2194/3476/3863 2196/3478/3863 2208/3494/3863
f 2208/3494/3864 2196/3478/3864 2198/3480/3864
f 2208/3494/3865 2198/3480/3865 2200/3482/3865
f 1781/2852/3866 1825/2854/3866 1779/3498/3866
f 1779/3499/3867 1825/2855/3867 2210/3500/3867
f 1779/3499/3868 2210/3500/3868 2211/3501/3868
f 2211/3501/3869 2210/3500/3869 2212/3502/3869
f 2211/3503/3870 2212/3504/3870 2213/3505/3870
f 2213/3506/3871 2212/3507/3871 2214/3508/3871
f 2213/3509/3872 2214/3510/3872 2215/3511/3872
f 2215/3511/3873 2214/3510/3873 1835/2871/3873
f 2215/3511/3874 1835/2871/3874 2216/3512/3874
f 2216/3512/3875 1835/2871/3875 1837/2873/3875
f 2216/3512/3876 1837/2873/3876 2217/3513/3876
f 2217/3513/3877 1837/2873/3877 1839/2875/3877
f 2217/3513/3878 1839/2875/3878 2218/3514/3878
f 2218/3514/3879 1839/2875/3879 1841/2877/3879
f 2218/3514/3880 1841/2877/3880 2219/3515/3880
f 2219/3515/3881 1841/2877/3881 780/1185/3881
f 2219/3515/3882 780/1185/3882 779/1184/3882
f 1835/2871/3883 2214/3510/3883 1833/2869/3883
f 1833/2869/3884 2214/3510/3884 2220/3516/3884
f 1833/2869/3885 2220/3516/3885 1831/2867/3885
f 1831/2863/3886 2220/3517/3886 1829/2860/3886
f 2214/3510/3887 2212/3518/3887 2220/3516/3887
f 2220/3519/3888 2212/3502/3888 2221/3520/3888
f 2220/3519/3889 2221/3520/3889 1829/2859/3889
f 1829/2859/3890 2221/3520/3890 1827/2857/3890
f 2212/3502/3891 2210/3500/3891 2221/3520/3891
f 2221/3520/3892 2210/3500/3892 1827/2857/3892
f 1779/2787/3893 2211/3521/3893 1777/2785/3893
f 1777/2785/3894 2211/3521/3894 1775/2783/3894
f 1793/2806/3895 1795/2809/3895 1791/3522/3895
f 1791/3523/3896 1795/2813/3896 2222/3524/3896
f 1791/3525/3897 2222/3526/3897 2223/3527/3897
f 2223/3527/3898 2222/3526/3898 2224/3528/3898
f 2223/3527/3899 2224/3528/3899 2225/3529/3899
f 2225/3530/3900 2224/3531/3900 2226/3532/3900
f 2225/3529/3901 2226/3533/3901 2227/3534/3901
f 2227/3535/3902 2226/3532/3902 2228/3536/3902
f 2227/3535/3903 2228/3536/3903 2229/3537/3903
f 2229/3537/3904 2228/3536/3904 2230/3538/3904
f 2229/3537/3905 2230/3538/3905 2231/3539/3905
f 2231/3540/3906 2230/3541/3906 1805/3542/3906
f 2231/3540/3907 1805/3542/3907 1807/3543/3907
f 1807/2827/3908 1809/2829/3908 2231/3539/3908
f 2231/3539/3909 1809/2829/3909 1811/2831/3909
f 2231/3539/3910 1811/2831/3910 2229/3537/3910
f 2229/3537/3911 1811/2831/3911 1813/2833/3911
f 2229/3537/3912 1813/2833/3912 2227/3535/3912
f 2227/3534/3913 1813/2834/3913 1815/2837/3913
f 2227/3534/3914 1815/2837/3914 1817/2839/3914
f 2227/3534/3915 1817/2839/3915 2225/3529/3915
f 2225/3529/3916 1817/2839/3916 2223/3527/3916
f 1817/2839/3917 1819/2841/3917 2223/3527/3917
f 2223/3527/3918 1819/2841/3918 1791/3525/3918
f 1819/2842/3919 1787/2799/3919 1791/2803/3919
f 1791/2803/3920 1787/2799/3920 1789/2801/3920
f 1805/2825/3921 2230/3538/3921 1803/2823/3921
f 1803/2823/3922 2230/3538/3922 1801/2821/3922
f 2230/3538/3923 2228/3536/3923 1801/2821/3923
f 1801/2821/3924 2228/3536/3924 1799/2819/3924
f 2228/3536/3925 2226/3532/3925 1799/2819/3925
f 1799/2819/3926 2226/3532/3926 1797/2816/3926
f 1770/2776/3927 1768/2774/3927 1772/2778/3927
f 1772/2778/3928 1768/2774/3928 1766/2772/3928
f 1772/2778/3929 1766/2772/3929 2232/3544/3929
f 2232/3544/3930 1766/2772/3930 2233/3545/3930
f 2232/3546/3931 2233/3547/3931 2234/3548/3931
f 2234/3548/3932 2233/3547/3932 2235/3549/3932
f 2234/3548/3933 2235/3549/3933 1755/2744/3933
f 1755/2744/3934 2235/3549/3934 1698/2745/3934
f 1698/2745/3935 2235/3549/3935 1696/3550/3935
f 1696/3550/3936 2235/3549/3936 2233/3547/3936
f 1696/2650/3937 2233/3551/3937 1694/2648/3937
f 1694/3552/3938 2233/3553/3938 1766/3554/3938
f 1755/2744/3939 1754/2743/3939 2234/3548/3939
f 2234/3555/3940 1754/2742/3940 2236/3556/3940
f 2234/3555/3941 2236/3556/3941 2237/3557/3941
f 2237/3557/3942 2236/3556/3942 2238/3558/3942
f 2237/3557/3943 2238/3558/3943 2239/3559/3943
f 2239/3559/3944 2238/3558/3944 2240/3560/3944
f 2239/3559/3945 2240/3560/3945 2241/3561/3945
f 2241/3562/3946 2240/3563/3946 2242/3564/3946
f 2241/3562/3947 2242/3564/3947 2025/3565/3947
f 2025/3565/3948 2242/3564/3948 2024/3140/3948
f 2024/3140/3949 2242/3564/3949 2023/3139/3949
f 2023/3139/3950 2242/3564/3950 2021/3137/3950
f 2025/3565/3951 2026/3566/3951 2241/3562/3951
f 2241/3561/3952 2026/3143/3952 2243/3567/3952
f 2241/3561/3953 2243/3567/3953 2239/3559/3953
f 2239/3568/3954 2243/3569/3954 1774/3570/3954
f 2239/3559/3955 1774/2780/3955 1772/2778/3955
f 2239/3559/3956 1772/2778/3956 2237/3557/3956
f 2237/3557/3957 1772/2778/3957 2232/3544/3957
f 2237/3557/3958 2232/3544/3958 2234/3555/3958
f 2026/3143/3959 2027/3144/3959 2243/3567/3959
f 2243/3569/3960 2027/3571/3960 2244/3572/3960
f 2243/3569/3961 2244/3572/3961 1774/3570/3961
f 1774/3570/3962 2244/3572/3962 2245/3573/3962
f 1774/3570/3963 2245/3573/3963 1776/3574/3963
f 1776/3574/3964 2245/3573/3964 2246/3575/3964
f 1776/2784/3965 2246/3576/3965 2247/3577/3965
f 2247/3578/3966 2246/3579/3966 2248/3580/3966
f 2247/3578/3967 2248/3580/3967 2249/3581/3967
f 2249/3581/3968 2248/3580/3968 2250/3582/3968
f 2249/3581/3969 2250/3582/3969 2251/3583/3969
f 2251/3583/3970 2250/3582/3970 2252/3584/3970
f 2251/3583/3971 2252/3584/3971 2253/3585/3971
f 2253/3585/3972 2252/3584/3972 2254/3586/3972
f 2253/3585/3973 2254/3586/3973 2255/3587/3973
f 2255/3587/3974 2254/3586/3974 2256/3588/3974
f 2255/3587/3975 2256/3588/3975 2257/3589/3975
f 2257/3589/3976 2256/3588/3976 2258/3590/3976
f 2257/3589/3977 2258/3590/3977 2259/3591/3977
f 2259/3592/3978 2258/3593/3978 2260/3594/3978
f 2259/3595/3979 2260/3596/3979 2261/3597/3979
f 2261/3597/3980 2260/3596/3980 2262/3598/3980
f 2261/3597/3981 2262/3598/3981 2263/3599/3981
f 2263/3599/3982 2262/3598/3982 2264/3600/3982
f 2263/3601/3983 2264/3602/3983 2265/3603/3983
f 2265/3603/3984 2264/3602/3984 2178/3440/3984
f 2265/3603/3985 2178/3440/3985 2180/3443/3985
f 2180/3443/3986 2182/3445/3986 2265/3603/3986
f 2265/3603/3987 2182/3445/3987 2266/3604/3987
f 2265/3603/3988 2266/3604/3988 2201/3605/3988
f 2201/3485/3989 2266/3606/3989 2267/3607/3989
f 2201/3485/3990 2267/3607/3990 2203/3487/3990
f 2203/3487/3991 2267/3607/3991 2205/3489/3991
f 2205/3489/3992 2267/3607/3992 2186/3451/3992
f 2186/3451/3993 2267/3607/3993 2184/3449/3993
f 2267/3607/3994 2266/3606/3994 2184/3449/3994
f 2184/3449/3995 2266/3606/3995 2182/3446/3995
f 2201/3605/3996 2199/3608/3996 2265/3603/3996
f 2265/3603/3997 2199/3608/3997 2263/3601/3997
f 2199/3608/3998 2197/3609/3998 2263/3601/3998
f 2263/3599/3999 2197/3610/3999 2261/3597/3999
f 2178/3439/4000 2264/3600/4000 2176/3437/4000
f 2176/3437/4001 2264/3600/4001 2262/3598/4001
f 2176/3437/4002 2262/3598/4002 2268/3611/4002
f 2268/3611/4003 2262/3598/4003 2260/3596/4003
f 2268/3611/4004 2260/3596/4004 2269/3612/4004
f 2269/3613/4005 2260/3614/4005 2270/3615/4005
f 2269/3613/4006 2270/3615/4006 2164/3423/4006
f 2164/3423/4007 2270/3615/4007 2162/3421/4007
f 2164/3423/4008 2166/3425/4008 2269/3613/4008
f 2269/3613/4009 2166/3425/4009 2192/3466/4009
f 2269/3613/4010 2192/3466/4010 2268/3616/4010
f 2268/3616/4011 2192/3466/4011 2174/3465/4011
f 2268/3611/4012 2174/3435/4012 2176/3437/4012
f 2260/3617/4013 2258/3618/4013 2270/3619/4013
f 2270/3615/4014 2258/3620/4014 2162/3421/4014
f 2162/3621/4015 2258/3590/4015 2160/3417/4015
f 2160/3417/4016 2258/3590/4016 2256/3588/4016
f 2160/3417/4017 2256/3588/4017 2271/3622/4017
f 2271/3622/4018 2256/3588/4018 2254/3586/4018
f 2271/3622/4019 2254/3586/4019 2272/3623/4019
f 2272/3623/4020 2254/3586/4020 2252/3584/4020
f 2272/3623/4021 2252/3584/4021 2273/3624/4021
f 2273/3624/4022 2252/3584/4022 2250/3582/4022
f 2273/3624/4023 2250/3582/4023 2248/3580/4023
f 2160/3417/4024 2271/3622/4024 2158/3415/4024
f 2158/3415/4025 2271/3622/4025 2272/3623/4025
f 2158/3415/4026 2272/3623/4026 2274/3625/4026
f 2274/3625/4027 2272/3623/4027 2273/3624/4027
f 2274/3625/4028 2273/3624/4028 2275/3626/4028
f 2275/3626/4029 2273/3624/4029 2248/3580/4029
f 2275/3626/4030 2248/3580/4030 2276/3627/4030
f 2276/3627/4031 2248/3580/4031 2246/3579/4031
f 2276/3627/4032 2246/3579/4032 2277/3628/4032
f 2277/3629/4033 2246/3630/4033 2245/3631/4033
f 2277/3629/4034 2245/3631/4034 2278/3632/4034
f 2278/3633/4035 2245/3573/4035 2244/3572/4035
f 2278/3634/4036 2244/3635/4036 2028/3145/4036
f 2028/3145/4037 2244/3635/4037 2027/3144/4037
f 2028/3145/4038 2030/3147/4038 2278/3634/4038
f 2278/3634/4039 2030/3147/4039 2279/3636/4039
f 2278/3632/4040 2279/3637/4040 2277/3629/4040
f 2277/3638/4041 2279/3636/4041 2280/3639/4041
f 2277/3638/4042 2280/3639/4042 2276/3640/4042
f 2276/3640/4043 2280/3639/4043 2281/3641/4043
f 2276/3640/4044 2281/3641/4044 2275/3642/4044
f 2275/3642/4045 2281/3641/4045 2274/3643/4045
f 2030/3147/4046 2031/3148/4046 2279/3636/4046
f 2279/3636/4047 2031/3148/4047 2282/3644/4047
f 2279/3636/4048 2282/3644/4048 2280/3639/4048
f 2280/3639/4049 2282/3644/4049 2283/3645/4049
f 2280/3646/4050 2283/3647/4050 2154/3407/4050
f 2154/3407/4051 2283/3647/4051 2152/3402/4051
f 2280/3639/4052 2154/3408/4052 2281/3641/4052
f 2281/3641/4053 2154/3408/4053 2156/3411/4053
f 2281/3641/4054 2156/3411/4054 2274/3643/4054
f 2274/3643/4055 2156/3411/4055 2158/3413/4055
f 2031/3148/4056 2032/3149/4056 2282/3644/4056
f 2282/3644/4057 2032/3149/4057 2284/3648/4057
f 2282/3644/4058 2284/3648/4058 2283/3645/4058
f 2283/3647/4059 2284/3649/4059 2152/3402/4059
f 2152/3402/4060 2284/3649/4060 2039/3167/4060
f 2039/3170/4061 2284/3650/4061 2032/3150/4061
f 1776/2784/4062 2247/3577/4062 1778/2786/4062
f 1778/3651/4063 2247/3578/4063 2249/3581/4063
f 1778/3651/4064 2249/3581/4064 1780/3652/4064
f 1780/3652/4065 2249/3581/4065 2251/3583/4065
f 1780/3652/4066 2251/3583/4066 1782/3653/4066
f 1782/3654/4067 2251/3655/4067 2285/3656/4067
f 1782/3654/4068 2285/3656/4068 1784/3657/4068
f 1784/3657/4069 2285/3656/4069 1786/3658/4069
f 2285/3659/4070 2251/3660/4070 1786/3661/4070
f 1786/3472/4071 2251/3662/4071 2253/3663/4071
f 1786/3472/4072 2253/3663/4072 2286/3664/4072
f 2286/3664/4073 2253/3663/4073 2287/3665/4073
f 2286/3664/4074 2287/3665/4074 2195/3666/4074
f 2195/3666/4075 2287/3665/4075 2197/3610/4075
f 2195/3666/4076 2193/3473/4076 2286/3664/4076
f 2286/3664/4077 2193/3473/4077 1786/3472/4077
f 2253/3663/4078 2255/3667/4078 2287/3665/4078
f 2287/3665/4079 2255/3667/4079 2257/3668/4079
f 2287/3665/4080 2257/3668/4080 2288/3669/4080
f 2288/3669/4081 2257/3668/4081 2259/3595/4081
f 2288/3669/4082 2259/3595/4082 2261/3597/4082
f 2261/3597/4083 2197/3610/4083 2288/3669/4083
f 2288/3669/4084 2197/3610/4084 2287/3665/4084
f 1754/2742/4085 1753/2739/4085 2236/3556/4085
f 2236/3556/4086 1753/2739/4086 2289/3670/4086
f 2236/3556/4087 2289/3670/4087 2238/3558/4087
f 2238/3558/4088 2289/3670/4088 2290/3671/4088
f 2238/3672/4089 2290/3673/4089 2240/3563/4089
f 2240/3563/4090 2290/3673/4090 2242/3564/4090
f 2242/3564/4091 2290/3673/4091 2021/3137/4091
f 2021/3137/4092 2290/3673/4092 2019/3135/4092
f 2290/3671/4093 2289/3670/4093 2019/3674/4093
f 2019/3674/4094 2289/3670/4094 2291/3675/4094
f 2019/3674/4095 2291/3675/4095 2292/3676/4095
f 2292/3676/4096 2291/3675/4096 2293/3677/4096
f 2292/3676/4097 2293/3677/4097 2017/3678/4097
f 2017/3678/4098 2293/3677/4098 1751/3679/4098
f 1751/3679/4099 2293/3677/4099 1752/2738/4099
f 1752/2738/4100 2293/3677/4100 2291/3675/4100
f 1752/2738/4101 2291/3675/4101 1753/2739/4101
f 1753/2739/4102 2291/3675/4102 2289/3670/4102
f 1690/2642/4103 1767/2773/4103 1688/2640/4103
f 1688/2640/4104 1767/2773/4104 1769/2775/4104
f 1688/2640/4105 1769/2775/4105 1686/2638/4105
f 1686/2638/4106 1769/2775/4106 1684/2635/4106
f 1682/3680/4107 1684/2635/4107 2294/3681/4107
f 2294/3681/4108 1684/2635/4108 2295/3682/4108
f 2294/3681/4109 2295/3682/4109 2296/3683/4109
f 2296/3683/4110 2295/3682/4110 1771/2777/4110
f 2296/3683/4111 1771/2777/4111 2297/3684/4111
f 2297/3685/4112 1771/3686/4112 1773/3687/4112
f 2297/3684/4113 1773/2779/4113 1775/2781/4113
f 1771/2777/4114 2295/3682/4114 1769/2775/4114
f 1769/2775/4115 2295/3682/4115 1684/2635/4115
f 2298/3688/4116 1682/2632/4116 2299/3689/4116
f 2299/3689/4117 1682/2632/4117 2294/3690/4117
f 2299/3689/4118 2294/3690/4118 2296/3691/4118
f 2298/3688/4119 2299/3689/4119 2300/3692/4119
f 2300/3692/4120 2299/3689/4120 2301/3693/4120
f 2300/3692/4121 2301/3693/4121 2216/3512/4121
f 2216/3512/4122 2301/3693/4122 2215/3511/4122
f 2215/3511/4123 2301/3693/4123 2213/3509/4123
f 2213/3509/4124 2301/3693/4124 2302/3694/4124
f 2213/3509/4125 2302/3694/4125 2303/3695/4125
f 2303/3695/4126 2302/3694/4126 2297/3696/4126
f 2303/3697/4127 2297/3698/4127 1775/3699/4127
f 1775/2783/4128 2211/3521/4128 2303/3700/4128
f 2303/3701/4129 2211/3702/4129 2213/3703/4129
f 2297/3696/4130 2302/3694/4130 2296/3691/4130
f 2296/3691/4131 2302/3694/4131 2299/3689/4131
f 2298/3688/4132 2300/3692/4132 2304/3704/4132
f 2304/3704/4133 2300/3692/4133 2216/3512/4133
f 2304/3704/4134 2216/3512/4134 2217/3513/4134
f 2305/3705/4135 2306/3706/4135 2307/3707/4135
f 2307/3707/4136 2306/3706/4136 2308/3708/4136
f 2307/3707/4137 2308/3708/4137 1685/2637/4137
f 1685/2637/4138 2308/3708/4138 1687/2639/4138
f 1685/2637/4139 1683/2636/4139 2307/3707/4139
f 2307/3709/4140 1683/2633/4140 1682/2632/4140
f 2307/3709/4141 1682/2632/4141 2309/3710/4141
f 2309/3710/4142 1682/2632/4142 2298/3688/4142
f 2309/3710/4143 2298/3688/4143 2304/3704/4143
f 2307/3709/4144 2309/3710/4144 2305/3711/4144
f 2305/3711/4145 2309/3710/4145 2310/3712/4145
f 2305/3711/4146 2310/3712/4146 2311/3713/4146
f 2311/3713/4147 2310/3712/4147 2312/3714/4147
f 2311/3713/4148 2312/3714/4148 2313/3715/4148
f 2313/3715/4149 2312/3714/4149 778/1183/4149
f 2313/3715/4150 778/1183/4150 777/1182/4150
f 778/1183/4151 2312/3714/4151 779/1184/4151
f 779/1184/4152 2312/3714/4152 2219/3515/4152
f 2312/3714/4153 2310/3712/4153 2219/3515/4153
f 2219/3515/4154 2310/3712/4154 2314/3716/4154
f 2219/3515/4155 2314/3716/4155 2218/3514/4155
f 2218/3514/4156 2314/3716/4156 2217/3513/4156
f 2217/3513/4157 2314/3716/4157 2304/3704/4157
f 2304/3704/4158 2314/3716/4158 2309/3710/4158
f 813/1241/4159 815/1243/4159 2315/3717/4159
f 2315/3718/4160 815/3719/4160 817/1247/4160
f 2315/3718/4161 817/1247/4161 1099/1698/4161
f 1099/1698/4162 937/1471/4162 2315/3718/4162
f 2315/3717/4163 937/1470/4163 811/1239/4163
f 2315/3717/4164 811/1239/4164 813/1241/4164
f 2316/3720/4165 2306/3706/4165 2317/3721/4165
f 2317/3721/4166 2306/3706/4166 2305/3705/4166
f 2317/3722/4167 2305/3711/4167 2311/3713/4167
f 2318/3723/4168 2317/3722/4168 2319/3724/4168
f 2319/3724/4169 2317/3722/4169 2311/3713/4169
f 2319/3724/4170 2311/3713/4170 2313/3715/4170
f 2317/3721/4171 2318/3725/4171 2316/3720/4171
f 2316/3720/4172 2318/3725/4172 290/455/4172
f 2316/3720/4173 290/455/4173 2320/3726/4173
f 2320/3726/4174 290/455/4174 292/457/4174
f 2320/3726/4175 292/457/4175 2321/3727/4175
f 2321/3727/4176 292/457/4176 294/459/4176
f 2321/3727/4177 294/459/4177 296/461/4177
f 2316/3720/4178 2320/3726/4178 2306/3706/4178
f 2306/3706/4179 2320/3726/4179 2322/3728/4179
f 2306/3706/4180 2322/3728/4180 2308/3708/4180
f 2308/3708/4181 2322/3728/4181 2323/3729/4181
f 2308/3708/4182 2323/3729/4182 2324/3730/4182
f 2324/3731/4183 2323/3732/4183 2325/3733/4183
f 2324/3731/4184 2325/3733/4184 1691/2645/4184
f 1691/2645/4185 2325/3733/4185 2326/3734/4185
f 1691/2645/4186 2326/3734/4186 1693/2647/4186
f 1693/2647/4187 2326/3734/4187 2327/3735/4187
f 1693/2647/4188 2327/3735/4188 2328/3736/4188
f 2328/3736/4189 2327/3735/4189 2329/3737/4189
f 2328/3736/4190 2329/3737/4190 2330/3738/4190
f 2330/3738/4191 2329/3737/4191 2331/3739/4191
f 2330/3738/4192 2331/3739/4192 2332/3740/4192
f 2332/3740/4193 2331/3739/4193 2333/3741/4193
f 2332/3740/4194 2333/3741/4194 2334/3742/4194
f 2334/3742/4195 2333/3741/4195 2335/3743/4195
f 2334/3742/4196 2335/3743/4196 2336/3744/4196
f 2336/3744/4197 2335/3743/4197 2337/3745/4197
f 2336/3744/4198 2337/3745/4198 2338/3746/4198
f 2338/3746/4199 2337/3745/4199 2339/3747/4199
f 2338/3746/4200 2339/3747/4200 2340/3748/4200
f 2340/3748/4201 2339/3747/4201 537/3749/4201
f 2340/3748/4202 537/3749/4202 539/803/4202
f 539/803/4203 541/805/4203 2340/3748/4203
f 2340/3748/4204 541/805/4204 2341/3750/4204
f 2340/3748/4205 2341/3750/4205 2338/3746/4205
f 2338/3746/4206 2341/3750/4206 2342/3751/4206
f 2338/3746/4207 2342/3751/4207 2343/3752/4207
f 2343/3752/4208 2342/3751/4208 709/1064/4208
f 2343/3752/4209 709/1064/4209 707/1062/4209
f 709/1064/4210 2342/3751/4210 547/811/4210
f 547/811/4211 2342/3751/4211 545/809/4211
f 545/809/4212 2342/3751/4212 543/807/4212
f 543/807/4213 2342/3751/4213 2341/3750/4213
f 543/807/4214 2341/3750/4214 541/805/4214
f 2338/3746/4215 2343/3752/4215 2336/3744/4215
f 2336/3744/4216 2343/3752/4216 2344/3753/4216
f 2336/3744/4217 2344/3753/4217 2334/3742/4217
f 2334/3742/4218 2344/3753/4218 2345/3754/4218
f 2334/3742/4219 2345/3754/4219 2346/3755/4219
f 2346/3755/4220 2345/3754/4220 2347/3756/4220
f 2346/3755/4221 2347/3756/4221 2348/3757/4221
f 2348/3757/4222 2347/3756/4222 2349/3758/4222
f 2348/3757/4223 2349/3758/4223 2350/3759/4223
f 2350/3759/4224 2349/3758/4224 2351/3760/4224
f 2350/3759/4225 2351/3760/4225 2352/3761/4225
f 2352/3761/4226 2351/3760/4226 2353/3762/4226
f 2352/3761/4227 2353/3762/4227 2354/3763/4227
f 2354/3764/4228 2353/3765/4228 2355/3766/4228
f 2354/3763/4229 2355/3767/4229 2069/3768/4229
f 2069/3768/4230 2355/3767/4230 2067/3245/4230
f 2067/3245/4231 2355/3767/4231 695/1050/4231
f 695/1050/4232 2355/3767/4232 697/1052/4232
f 2353/3762/4233 2351/3760/4233 2355/3767/4233
f 2355/3767/4234 2351/3760/4234 697/1052/4234
f 2351/3760/4235 2349/3758/4235 697/1052/4235
f 697/1052/4236 2349/3758/4236 699/1054/4236
f 699/1054/4237 2349/3758/4237 701/1056/4237
f 701/1056/4238 2349/3758/4238 2347/3756/4238
f 701/1056/4239 2347/3756/4239 703/1058/4239
f 703/1058/4240 2347/3756/4240 2345/3754/4240
f 703/1058/4241 2345/3754/4241 705/1060/4241
f 705/1060/4242 2345/3754/4242 2344/3753/4242
f 705/1060/4243 2344/3753/4243 707/1062/4243
f 707/1062/4244 2344/3753/4244 2343/3752/4244
f 2334/3742/4245 2346/3755/4245 2332/3740/4245
f 2332/3740/4246 2346/3755/4246 2356/3769/4246
f 2332/3740/4247 2356/3769/4247 2330/3738/4247
f 2330/3770/4248 2356/3771/4248 2357/3772/4248
f 2330/3738/4249 2357/3773/4249 1695/2649/4249
f 1695/3774/4250 2357/3775/4250 1697/3776/4250
f 1697/3777/4251 2357/3778/4251 1699/3779/4251
f 1699/2653/4252 2357/3773/4252 2358/3780/4252
f 1699/2653/4253 2358/3780/4253 2350/3759/4253
f 2350/3759/4254 2358/3780/4254 2348/3757/4254
f 2350/3781/4255 2352/3782/4255 1699/3574/4255
f 1699/3783/4256 2352/3784/4256 2359/3785/4256
f 1699/3786/4257 2359/3787/4257 2360/3788/4257
f 2360/3788/4258 2359/3787/4258 2361/3789/4258
f 2360/3788/4259 2361/3789/4259 2362/3790/4259
f 2362/3790/4260 2361/3789/4260 2363/3791/4260
f 2362/3790/4261 2363/3791/4261 1765/2769/4261
f 1765/2769/4262 2363/3791/4262 1742/2717/4262
f 1742/2717/4263 2363/3791/4263 1743/2718/4263
f 1743/2718/4264 2363/3791/4264 2364/3792/4264
f 1743/2718/4265 2364/3792/4265 1744/2719/4265
f 1744/2719/4266 2364/3792/4266 2365/3793/4266
f 1744/2719/4267 2365/3793/4267 2366/3794/4267
f 2366/3794/4268 2365/3793/4268 2367/3795/4268
f 2366/3796/4269 2367/3797/4269 2368/3798/4269
f 2368/3798/4270 2367/3797/4270 2369/3799/4270
f 2368/3798/4271 2369/3799/4271 2370/3800/4271
f 2370/3800/4272 2369/3799/4272 2371/3801/4272
f 2370/3802/4273 2371/3803/4273 2354/3804/4273
f 2354/3805/4274 2371/3806/4274 2359/3807/4274
f 2354/3808/4275 2359/3809/4275 2352/3810/4275
f 2371/3801/4276 2369/3799/4276 2359/3811/4276
f 2359/3787/4277 2369/3812/4277 2361/3789/4277
f 2369/3813/4278 2367/3814/4278 2361/3807/4278
f 2361/3789/4279 2367/3795/4279 2364/3792/4279
f 2361/3789/4280 2364/3792/4280 2363/3791/4280
f 2354/3804/4281 2069/3231/4281 2370/3802/4281
f 2370/3802/4282 2069/3231/4282 2071/3233/4282
f 2370/3802/4283 2071/3233/4283 1749/3235/4283
f 1749/3235/4284 1748/3815/4284 2370/3802/4284
f 2370/3800/4285 1748/2724/4285 2372/3816/4285
f 2370/3800/4286 2372/3816/4286 2368/3798/4286
f 2368/3798/4287 2372/3816/4287 2366/3796/4287
f 1748/2724/4288 1746/2722/4288 2372/3816/4288
f 2372/3816/4289 1746/2722/4289 1745/2721/4289
f 2372/3816/4290 1745/2721/4290 2366/3796/4290
f 2366/3794/4291 1745/2720/4291 1744/2719/4291
f 1765/2768/4292 1764/2767/4292 2362/3817/4292
f 2362/3817/4293 1764/2767/4293 1763/2766/4293
f 2362/3817/4294 1763/2766/4294 2360/3818/4294
f 2360/3818/4295 1763/2766/4295 1701/2659/4295
f 2360/3818/4296 1701/2659/4296 1699/3819/4296
f 2357/3773/4297 2356/3769/4297 2358/3780/4297
f 2358/3780/4298 2356/3769/4298 2348/3757/4298
f 2330/3738/4299 1695/2649/4299 2328/3736/4299
f 2328/3736/4300 1695/2649/4300 1693/2647/4300
f 537/3749/4301 2339/3747/4301 535/3820/4301
f 535/3820/4302 2339/3747/4302 2373/3821/4302
f 535/3820/4303 2373/3821/4303 533/3822/4303
f 533/3822/4304 2373/3821/4304 2374/3823/4304
f 533/3822/4305 2374/3823/4305 2375/3824/4305
f 2375/3824/4306 2374/3823/4306 2376/3825/4306
f 2375/3824/4307 2376/3825/4307 2377/3826/4307
f 2377/3826/4308 2376/3825/4308 2378/3827/4308
f 2377/3826/4309 2378/3827/4309 2379/3828/4309
f 2379/3828/4310 2378/3827/4310 2380/3829/4310
f 2379/3828/4311 2380/3829/4311 2381/3830/4311
f 2381/3830/4312 2380/3829/4312 2382/3831/4312
f 2381/3830/4313 2382/3831/4313 2383/3832/4313
f 2383/3832/4314 2382/3831/4314 2384/3833/4314
f 2383/3832/4315 2384/3833/4315 2385/3834/4315
f 2385/3835/4316 2384/3836/4316 2386/3837/4316
f 2385/3835/4317 2386/3837/4317 2387/3838/4317
f 2387/3838/4318 2386/3837/4318 2388/3839/4318
f 2387/3838/4319 2388/3839/4319 2321/3727/4319
f 2321/3727/4320 2388/3839/4320 2322/3728/4320
f 2321/3727/4321 2322/3728/4321 2320/3726/4321
f 2322/3728/4322 2388/3839/4322 2323/3729/4322
f 2323/3729/4323 2388/3839/4323 2386/3837/4323
f 2323/3729/4324 2386/3837/4324 2389/3840/4324
f 2389/3840/4325 2386/3837/4325 2384/3836/4325
f 2389/3841/4326 2384/3833/4326 2390/3842/4326
f 2390/3842/4327 2384/3833/4327 2382/3831/4327
f 2390/3842/4328 2382/3831/4328 2391/3843/4328
f 2391/3843/4329 2382/3831/4329 2380/3829/4329
f 2391/3843/4330 2380/3829/4330 2392/3844/4330
f 2392/3844/4331 2380/3829/4331 2378/3827/4331
f 2392/3844/4332 2378/3827/4332 2393/3845/4332
f 2393/3845/4333 2378/3827/4333 2376/3825/4333
f 2393/3845/4334 2376/3825/4334 2394/3846/4334
f 2394/3846/4335 2376/3825/4335 2374/3823/4335
f 2394/3846/4336 2374/3823/4336 2395/3847/4336
f 2395/3847/4337 2374/3823/4337 2373/3821/4337
f 2395/3847/4338 2373/3821/4338 2337/3745/4338
f 2337/3745/4339 2373/3821/4339 2339/3747/4339
f 2337/3745/4340 2335/3743/4340 2395/3847/4340
f 2395/3847/4341 2335/3743/4341 2394/3846/4341
f 2335/3743/4342 2333/3741/4342 2394/3846/4342
f 2394/3846/4343 2333/3741/4343 2331/3739/4343
f 2394/3846/4344 2331/3739/4344 2393/3845/4344
f 2393/3845/4345 2331/3739/4345 2329/3737/4345
f 2393/3845/4346 2329/3737/4346 2392/3844/4346
f 2392/3844/4347 2329/3737/4347 2327/3735/4347
f 2392/3844/4330 2327/3735/4330 2391/3843/4330
f 2391/3843/4348 2327/3735/4348 2326/3734/4348
f 2391/3843/4349 2326/3734/4349 2390/3842/4349
f 2390/3842/4350 2326/3734/4350 2325/3733/4350
f 2390/3842/4351 2325/3733/4351 2389/3841/4351
f 2389/3841/4352 2325/3733/4352 2323/3732/4352
f 2321/3727/4353 296/461/4353 2387/3838/4353
f 2387/3838/4354 296/461/4354 298/463/4354
f 2387/3838/4355 298/463/4355 2396/3848/4355
f 2396/3848/4356 298/463/4356 300/465/4356
f 2396/3848/4357 300/465/4357 2397/3849/4357
f 2397/3849/4358 300/465/4358 302/467/4358
f 2397/3849/4359 302/467/4359 2398/3850/4359
f 2398/3850/4360 302/467/4360 304/469/4360
f 2398/3851/4361 304/3852/4361 2399/3853/4361
f 2399/3853/4362 304/3852/4362 306/475/4362
f 2399/3853/4363 306/475/4363 2400/3854/4363
f 2400/3855/4364 306/3856/4364 308/3857/4364
f 2400/3854/4365 308/477/4365 310/479/4365
f 2387/3838/4366 2396/3848/4366 2385/3835/4366
f 2385/3835/4367 2396/3848/4367 2401/3858/4367
f 2385/3834/4368 2401/3859/4368 2383/3832/4368
f 2383/3832/4369 2401/3859/4369 2402/3860/4369
f 2383/3832/4370 2402/3860/4370 2381/3830/4370
f 2381/3830/4371 2402/3860/4371 2403/3861/4371
f 2381/3830/4372 2403/3861/4372 2379/3828/4372
f 2379/3828/4373 2403/3861/4373 2404/3862/4373
f 2379/3828/4374 2404/3862/4374 2377/3826/4374
f 2377/3826/4375 2404/3862/4375 2405/3863/4375
f 2377/3826/4376 2405/3863/4376 2375/3824/4376
f 2375/3824/4377 2405/3863/4377 531/3864/4377
f 2375/3865/4378 531/792/4378 533/795/4378
f 1691/2645/4379 1689/2644/4379 2324/3731/4379
f 2324/3730/4380 1689/2641/4380 1687/2639/4380
f 2324/3730/4381 1687/2639/4381 2308/3708/4381
f 290/455/4382 2318/3725/4382 288/452/4382
f 288/451/4383 2318/3723/4383 2406/3866/4383
f 288/451/4384 2406/3866/4384 286/449/4384
f 286/449/4385 2406/3866/4385 2407/3867/4385
f 286/449/4386 2407/3867/4386 284/447/4386
f 284/447/4387 2407/3867/4387 776/1181/4387
f 2318/3723/4388 2319/3724/4388 2406/3866/4388
f 2406/3866/4389 2319/3724/4389 2408/3868/4389
f 2406/3866/4390 2408/3868/4390 2407/3867/4390
f 2407/3867/4391 2408/3868/4391 776/1181/4391
f 776/1181/4392 2408/3868/4392 777/1182/4392
f 777/1182/4393 2408/3868/4393 2313/3715/4393
f 285/448/4394 283/446/4394 2409/3869/4394
f 2409/3869/4395 283/446/4395 281/444/4395
f 2409/3869/4396 281/444/4396 2410/3870/4396
f 2410/3870/4397 281/444/4397 2411/3871/4397
f 2410/3872/4398 2411/3873/4398 2412/3874/4398
f 2412/3874/4399 2411/3873/4399 2413/3875/4399
f 2412/3874/4400 2413/3875/4400 2414/3876/4400
f 2414/3876/4401 2413/3875/4401 2415/3877/4401
f 2414/3876/4402 2415/3877/4402 2416/3878/4402
f 2416/3878/4403 2415/3877/4403 2417/3879/4403
f 2416/3878/4404 2417/3879/4404 2418/3880/4404
f 2418/3880/4405 2417/3879/4405 2419/3881/4405
f 2418/3880/4406 2419/3881/4406 2420/3882/4406
f 2420/3882/4407 2419/3881/4407 2421/3883/4407
f 2420/3882/4408 2421/3883/4408 2422/3884/4408
f 2422/3884/4409 2421/3883/4409 2423/3885/4409
f 2422/3884/4410 2423/3885/4410 2424/3886/4410
f 2424/3886/4411 2423/3885/4411 2425/3887/4411
f 2424/3886/4412 2425/3887/4412 2426/3888/4412
f 2426/3888/4413 2425/3887/4413 157/246/4413
f 2426/3888/4414 157/246/4414 155/244/4414
f 155/244/4415 375/566/4415 2426/3888/4415
f 2426/3888/4416 375/566/4416 2427/3889/4416
f 2426/3888/4417 2427/3889/4417 2424/3886/4417
f 2424/3886/4418 2427/3889/4418 2428/3890/4418
f 2424/3886/4419 2428/3890/4419 2422/3884/4419
f 2422/3884/4420 2428/3890/4420 2429/3891/4420
f 2422/3884/4421 2429/3891/4421 2420/3882/4421
f 2420/3882/4422 2429/3891/4422 2430/3892/4422
f 2420/3882/4423 2430/3892/4423 2418/3880/4423
f 2418/3880/4424 2430/3892/4424 2431/3893/4424
f 2418/3880/4425 2431/3893/4425 2432/3894/4425
f 2432/3894/4426 2431/3893/4426 2433/3895/4426
f 2432/3894/4427 2433/3895/4427 2434/3896/4427
f 2434/3896/4428 2433/3895/4428 2435/3897/4428
f 2434/3896/4429 2435/3897/4429 2436/3898/4429
f 2436/3898/4430 2435/3897/4430 2437/3899/4430
f 2436/3898/4431 2437/3899/4431 2438/3900/4431
f 2438/3900/4432 2437/3899/4432 297/462/4432
f 2438/3900/4433 297/462/4433 295/460/4433
f 297/462/4434 2437/3899/4434 299/464/4434
f 299/464/4435 2437/3899/4435 2439/3901/4435
f 299/464/4436 2439/3901/4436 301/466/4436
f 301/466/4437 2439/3901/4437 2440/3902/4437
f 301/466/4438 2440/3902/4438 303/468/4438
f 303/3903/4439 2440/3904/4439 2441/3905/4439
f 303/468/4440 2441/3906/4440 305/470/4440
f 305/473/4441 2441/3905/4441 359/545/4441
f 305/473/4442 359/545/4442 357/543/4442
f 305/473/4443 357/543/4443 307/474/4443
f 307/474/4444 357/543/4444 355/541/4444
f 307/474/4445 355/541/4445 2442/3907/4445
f 2442/3907/4446 355/541/4446 353/539/4446
f 2442/3908/4447 353/3909/4447 2443/3910/4447
f 2443/3911/4448 353/539/4448 351/537/4448
f 2443/3910/4449 351/3912/4449 2444/3913/4449
f 2444/3913/4450 351/3912/4450 349/533/4450
f 2444/3913/4451 349/533/4451 2445/3914/4451
f 2445/3914/4452 349/533/4452 347/531/4452
f 2445/3915/4453 347/3916/4453 2446/3917/4453
f 2446/3918/4454 347/531/4454 345/529/4454
f 2446/3918/4455 345/529/4455 317/486/4455
f 317/486/4456 315/484/4456 2446/3918/4456
f 2446/3918/4457 315/484/4457 2447/3919/4457
f 2446/3917/4458 2447/3920/4458 2445/3915/4458
f 2445/3914/4459 2447/3919/4459 2444/3913/4459
f 315/484/4460 313/482/4460 2447/3919/4460
f 2447/3919/4461 313/482/4461 2448/3921/4461
f 2447/3919/4462 2448/3921/4462 2444/3913/4462
f 2444/3913/4463 2448/3921/4463 2443/3910/4463
f 313/482/4464 311/480/4464 2448/3921/4464
f 2448/3921/4465 311/480/4465 309/478/4465
f 2448/3921/4466 309/478/4466 2443/3910/4466
f 2443/3910/4467 309/478/4467 2442/3908/4467
f 2437/3899/4468 2435/3897/4468 2439/3901/4468
f 2439/3901/4469 2435/3897/4469 2449/3922/4469
f 2439/3901/4470 2449/3922/4470 2450/3923/4470
f 2450/3923/4471 2449/3922/4471 2451/3924/4471
f 2450/3923/4472 2451/3924/4472 2452/3925/4472
f 2452/3925/4473 2451/3924/4473 2453/3926/4473
f 2452/3925/4474 2453/3926/4474 365/553/4474
f 365/553/4475 2453/3926/4475 367/555/4475
f 365/553/4476 363/552/4476 2452/3925/4476
f 2452/3925/4477 363/552/4477 2454/3927/4477
f 2452/3925/4478 2454/3927/4478 2450/3923/4478
f 2450/3923/4479 2454/3927/4479 2440/3902/4479
f 2450/3923/4480 2440/3902/4480 2439/3901/4480
f 2440/3904/4481 2454/3928/4481 2441/3905/4481
f 2441/3905/4482 2454/3928/4482 359/545/4482
f 359/545/4483 2454/3928/4483 361/547/4483
f 361/547/4484 2454/3928/4484 363/549/4484
f 2435/3897/4485 2433/3895/4485 2449/3922/4485
f 2449/3922/4486 2433/3895/4486 2451/3924/4486
f 2433/3895/4487 2431/3893/4487 2451/3924/4487
f 2451/3924/4488 2431/3893/4488 2453/3926/4488
f 2431/3893/4489 2430/3892/4489 2453/3926/4489
f 2453/3926/4490 2430/3892/4490 2455/3929/4490
f 2453/3926/4491 2455/3929/4491 367/555/4491
f 367/555/4492 2455/3929/4492 369/557/4492
f 2430/3930/4493 2429/3931/4493 2455/3932/4493
f 2455/3929/4494 2429/3891/4494 2456/3933/4494
f 2455/3929/4495 2456/3933/4495 369/557/4495
f 369/557/4496 2456/3933/4496 371/559/4496
f 2429/3934/4497 2428/3935/4497 2456/3936/4497
f 2456/3937/4498 2428/3938/4498 2457/3939/4498
f 2456/3937/4499 2457/3939/4499 371/3940/4499
f 371/562/4500 2457/3941/4500 373/563/4500
f 2428/3890/4501 2427/3889/4501 2457/3942/4501
f 2457/3942/4502 2427/3889/4502 373/3943/4502
f 2418/3880/4503 2432/3894/4503 2416/3878/4503
f 2416/3878/4504 2432/3894/4504 2434/3896/4504
f 2416/3878/4505 2434/3896/4505 2458/3944/4505
f 2458/3944/4506 2434/3896/4506 2436/3898/4506
f 2458/3944/4507 2436/3898/4507 2459/3945/4507
f 2459/3945/4508 2436/3898/4508 2438/3900/4508
f 2459/3945/4509 2438/3900/4509 2460/3946/4509
f 2460/3946/4510 2438/3900/4510 295/460/4510
f 2460/3946/4511 295/460/4511 293/458/4511
f 2416/3878/4512 2458/3944/4512 2414/3876/4512
f 2414/3876/4513 2458/3944/4513 2412/3874/4513
f 157/246/4514 2425/3887/4514 159/248/4514
f 159/248/4515 2425/3887/4515 2461/3947/4515
f 159/248/4516 2461/3947/4516 2462/3948/4516
f 2462/3948/4517 2461/3947/4517 2463/3949/4517
f 2462/3948/4518 2463/3949/4518 2464/3950/4518
f 2464/3950/4519 2463/3949/4519 2465/3951/4519
f 2464/3952/4520 2465/3953/4520 271/434/4520
f 271/434/4521 2465/3953/4521 273/436/4521
f 271/3954/4522 269/3955/4522 2464/3950/4522
f 2464/3950/4523 269/3955/4523 2466/3956/4523
f 2464/3950/4524 2466/3956/4524 2462/3948/4524
f 2462/3948/4525 2466/3956/4525 161/250/4525
f 2462/3948/4526 161/250/4526 159/248/4526
f 161/250/4527 2466/3956/4527 163/252/4527
f 163/714/4528 2466/3957/4528 267/431/4528
f 2410/3872/4529 2412/3874/4529 2409/3958/4529
f 2409/3958/4530 2412/3874/4530 2467/3959/4530
f 2409/3958/4531 2467/3959/4531 285/3960/4531
f 285/3960/4532 2467/3959/4532 2459/3945/4532
f 285/3960/4533 2459/3945/4533 2468/3961/4533
f 2468/3961/4534 2459/3945/4534 2460/3946/4534
f 2468/3961/4535 2460/3946/4535 293/458/4535
f 2459/3945/4536 2467/3959/4536 2458/3944/4536
f 2458/3944/4537 2467/3959/4537 2412/3874/4537
f 281/3962/4538 279/3963/4538 2411/3873/4538
f 2411/3873/4539 279/3963/4539 2469/3964/4539
f 2411/3873/4540 2469/3964/4540 2413/3875/4540
f 2413/3875/4541 2469/3964/4541 2470/3965/4541
f 2413/3875/4542 2470/3965/4542 2415/3877/4542
f 2415/3877/4543 2470/3965/4543 2471/3966/4543
f 2415/3877/4544 2471/3966/4544 2417/3879/4544
f 2417/3879/4545 2471/3966/4545 2419/3881/4545
f 279/442/4546 277/440/4546 2469/3967/4546
f 2469/3967/4547 277/440/4547 2472/3968/4547
f 2469/3964/4548 2472/3969/4548 2470/3965/4548
f 2470/3965/4549 2472/3969/4549 2473/3970/4549
f 2470/3965/4550 2473/3970/4550 2474/3971/4550
f 2474/3971/4551 2473/3970/4551 2475/3972/4551
f 2474/3971/4552 2475/3972/4552 2476/3973/4552
f 2476/3973/4553 2475/3972/4553 2463/3949/4553
f 2476/3973/4554 2463/3949/4554 2461/3947/4554
f 2461/3947/4555 2425/3887/4555 2476/3973/4555
f 2476/3973/4556 2425/3887/4556 2423/3885/4556
f 2476/3973/4557 2423/3885/4557 2421/3883/4557
f 2476/3973/4558 2421/3883/4558 2474/3971/4558
f 2474/3971/4559 2421/3883/4559 2419/3881/4559
f 2474/3971/4560 2419/3881/4560 2471/3966/4560
f 2463/3949/4561 2475/3972/4561 2465/3951/4561
f 2465/3951/4562 2475/3972/4562 2477/3974/4562
f 2465/3953/4563 2477/3975/4563 273/436/4563
f 273/436/4564 2477/3975/4564 275/438/4564
f 2475/3972/4565 2473/3970/4565 2477/3974/4565
f 2477/3974/4566 2473/3970/4566 2472/3969/4566
f 2477/3974/4567 2472/3969/4567 275/3976/4567
f 275/3976/4568 2472/3969/4568 277/3977/4568
f 1123/1731/4569 1125/1733/4569 2478/3978/4569
f 2478/3979/4570 1125/2622/4570 2479/3980/4570
f 2478/3978/4571 2479/3981/4571 2480/3982/4571
f 2480/3983/4572 2479/3980/4572 1681/3984/4572
f 2480/3983/4573 1681/3984/4573 1664/2600/4573
f 1664/2600/4574 1666/2602/4574 2480/3983/4574
f 2480/3982/4575 1666/2603/4575 2481/3985/4575
f 2480/3982/4576 2481/3985/4576 2478/3978/4576
f 2478/3978/4577 2481/3985/4577 1121/1729/4577
f 2478/3978/4578 1121/1729/4578 1123/1731/4578
f 1121/1729/4579 2481/3985/4579 1119/1727/4579
f 1119/1727/4580 2481/3985/4580 1133/1742/4580
f 1681/3984/4581 2479/3980/4581 1679/2621/4581
f 1679/2621/4582 2479/3980/4582 1125/2622/4582
f 289/454/4583 287/453/4583 2482/3986/4583
f 2482/3986/4584 287/453/4584 285/3960/4584
f 2482/3986/4585 285/3960/4585 2483/3987/4585
f 2483/3987/4586 285/3960/4586 2468/3961/4586
f 2483/3987/4587 2468/3961/4587 293/458/4587
f 293/458/4588 291/456/4588 2483/3987/4588
f 2483/3987/4589 291/456/4589 289/454/4589
f 2483/3987/4590 289/454/4590 2482/3986/4590
f 1176/3988/4591 1234/1890/4591 2484/3989/4591
f 2484/3989/4592 1234/1890/4592 1236/1892/4592
f 2484/3990/4593 1236/3991/4593 2485/3992/4593
f 2485/3992/4594 1236/3991/4594 1238/3993/4594
f 2485/3992/4595 1238/3993/4595 1240/3994/4595
f 1240/3994/4596 1242/1902/4596 2485/3992/4596
f 2485/3992/4597 1242/1902/4597 1244/1904/4597
f 2485/3995/4598 1244/3996/4598 2486/3997/4598
f 2486/3998/4599 1244/1905/4599 1246/1908/4599
f 2486/3998/4600 1246/1908/4600 1266/1941/4600
f 1262/3999/4601 1245/1907/4601 2487/4000/4601
f 2487/4000/4602 1245/1907/4602 1243/1906/4602
f 2487/4001/4603 1243/1901/4603 1241/1899/4603
f 1176/1802/4604 2484/3990/4604 2488/4002/4604
f 2488/4002/4605 2484/3990/4605 2485/3992/4605
f 2488/4003/4606 2485/4004/4606 2486/3998/4606
f 2486/3998/4607 1266/1941/4607 2488/4003/4607
f 2488/4003/4608 1266/1941/4608 1174/1798/4608
f 2488/4002/4609 1174/1799/4609 1176/1802/4609
f 1888/4005/4610 1890/4006/4610 2489/4007/4610
f 2489/4007/4611 1890/4006/4611 1891/4008/4611
f 2489/4009/4612 1891/4010/4612 1893/2946/4612
f 1893/2946/4613 1895/2949/4613 2489/4009/4613
f 2489/4009/4614 1895/2949/4614 2490/4011/4614
f 2489/4007/4615 2490/4012/4615 1888/4005/4615
f 1888/4013/4616 2490/4014/4616 2491/4015/4616
f 1888/4013/4617 2491/4015/4617 2492/4016/4617
f 2492/4016/4618 2491/4015/4618 2493/4017/4618
f 2492/4018/4619 2493/4019/4619 2494/4020/4619
f 2494/4020/4620 2493/4019/4620 1897/2952/4620
f 2494/4020/4621 1897/2952/4621 1899/2955/4621
f 1897/2952/4622 2493/4019/4622 1895/4021/4622
f 1895/4022/4623 2493/4017/4623 2490/4014/4623
f 1888/4013/4624 2492/4016/4624 2495/4023/4624
f 2495/4024/4625 2492/4018/4625 2496/4025/4625
f 2495/4024/4626 2496/4025/4626 1884/2927/4626
f 1884/2927/4627 2496/4025/4627 2497/4026/4627
f 1884/2927/4628 2497/4026/4628 1882/2925/4628
f 1882/2925/4629 2497/4026/4629 1880/2923/4629
f 2497/4026/4630 2496/4025/4630 1880/2923/4630
f 1880/2923/4631 2496/4025/4631 1878/2918/4631
f 1878/4027/4632 2496/4028/4632 1876/4029/4632
f 1876/2916/4633 2496/4025/4633 2498/4030/4633
f 1876/2916/4634 2498/4030/4634 2499/4031/4634
f 2499/4031/4635 2498/4030/4635 1901/2957/4635
f 2499/4032/4636 1901/2958/4636 1903/2961/4636
f 1903/2962/4637 1926/3004/4637 2499/4031/4637
f 2499/4031/4638 1926/3004/4638 1874/2914/4638
f 2499/4031/4639 1874/2914/4639 1876/2916/4639
f 1884/2927/4640 1886/2929/4640 2495/4024/4640
f 2495/4024/4641 1886/2929/4641 1888/2931/4641
f 2492/4018/4642 2494/4020/4642 2496/4025/4642
f 2496/4033/4643 2494/4034/4643 2500/4035/4643
f 2496/4025/4644 2500/4036/4644 2498/4030/4644
f 2498/4030/4645 2500/4036/4645 1901/2957/4645
f 1901/2957/4646 2500/4036/4646 1899/2955/4646
f 1899/4037/4647 2500/4035/4647 2494/4034/4647
f 1898/4038/4648 1896/2950/4648 2501/4039/4648
f 2501/4039/4649 1896/2950/4649 1894/2948/4649
f 2501/4039/4650 1894/2948/4650 2502/4040/4650
f 2502/4041/4651 1894/3003/4651 1925/3002/4651
f 2502/4042/4652 1925/3001/4652 2503/4043/4652
f 2503/4043/4653 1925/3001/4653 1923/2998/4653
f 2503/4043/4654 1923/2998/4654 1912/2978/4654
f 1912/2978/4655 1910/4044/4655 2503/4043/4655
f 2503/4045/4656 1910/2970/4656 2502/4041/4656
f 1910/2970/4657 1908/2968/4657 2502/4041/4657
f 2502/4041/4658 1908/2968/4658 2504/4046/4658
f 2502/4041/4659 2504/4046/4659 2501/4047/4659
f 2501/4039/4660 2504/4048/4660 1898/4038/4660
f 1898/4049/4661 2504/4050/4661 1900/2959/4661
f 1900/2959/4662 2504/4050/4662 1902/2960/4662
f 641/957/4663 643/962/4663 2505/4051/4663
f 2505/4051/4664 643/962/4664 645/964/4664
f 2505/4051/4665 645/964/4665 2506/4052/4665
f 2506/4053/4666 645/965/4666 647/968/4666
f 2506/4053/4667 647/968/4667 2507/4054/4667
f 2507/4054/4668 647/968/4668 649/970/4668
f 2507/4054/4669 649/970/4669 675/1024/4669
f 675/1020/4670 674/1019/4670 2507/4055/4670
f 2507/4055/4671 674/1019/4671 673/1018/4671
f 2507/4055/4672 673/1018/4672 2506/4056/4672
f 2506/4056/4673 673/1018/4673 2505/4057/4673
f 673/1018/4674 637/951/4674 2505/4057/4674
f 2505/4057/4675 637/951/4675 639/953/4675
f 2505/4051/4676 639/955/4676 641/957/4676
f 570/841/4677 2508/4058/4677 572/843/4677
f 572/843/4678 2508/4058/4678 2509/4059/4678
f 572/843/4679 2509/4059/4679 574/845/4679
f 574/845/4680 2509/4059/4680 621/4060/4680
f 2509/4059/4681 2508/4058/4681 2510/4061/4681
f 2510/4061/4682 2508/4058/4682 2511/4062/4682
f 2510/4063/4683 2511/4064/4683 2512/4065/4683
f 2512/4066/4684 2511/4062/4684 606/894/4684
f 2512/4067/4685 606/892/4685 604/890/4685
f 604/4068/4686 602/4069/4686 2512/4066/4686
f 2512/4066/4687 602/4069/4687 2513/4070/4687
f 2512/4066/4688 2513/4070/4688 2514/4071/4688
f 2514/4071/4689 2513/4070/4689 2515/4072/4689
f 2514/4071/4690 2515/4072/4690 2510/4061/4690
f 2510/4061/4691 2515/4072/4691 2509/4059/4691
f 2509/4059/4692 2515/4072/4692 621/4060/4692
f 621/919/4693 2515/4073/4693 619/917/4693
f 619/4074/4694 2515/4072/4694 617/4075/4694
f 617/4075/4695 2515/4072/4695 2513/4070/4695
f 617/4075/4696 2513/4070/4696 615/4076/4696
f 615/4076/4697 2513/4070/4697 2516/4077/4697
f 615/910/4698 2516/4078/4698 598/876/4698
f 598/876/4699 2516/4078/4699 600/878/4699
f 2516/4078/4700 2513/4079/4700 600/878/4700
f 600/878/4701 2513/4079/4701 602/4080/4701
f 606/894/4702 2511/4062/4702 608/896/4702
f 608/896/4703 2511/4062/4703 2517/4081/4703
f 608/896/4704 2517/4081/4704 610/898/4704
f 610/898/4705 2517/4081/4705 568/839/4705
f 568/839/4706 2517/4081/4706 570/841/4706
f 570/841/4707 2517/4081/4707 2508/4058/4707
f 2177/3438/4708 2175/3436/4708 2518/4082/4708
f 2518/4082/4709 2175/3436/4709 2173/3434/4709
f 2518/4082/4710 2173/3434/4710 2171/3433/4710
f 2171/3461/4711 2191/3463/4711 2518/4083/4711
f 2518/4083/4712 2191/3463/4712 2179/3442/4712
f 2518/4083/4713 2179/3442/4713 2177/3441/4713
f 2224/3528/4714 2222/3526/4714 2519/4084/4714
f 2519/4085/4715 2222/3524/4715 1795/2813/4715
f 2519/4085/4716 1795/2813/4716 1797/2815/4716
f 2224/3531/4717 2519/4086/4717 2520/4087/4717
f 2520/4087/4718 2519/4086/4718 1797/2816/4718
f 2520/4087/4719 1797/2816/4719 2226/3532/4719
f 130/207/4720 132/209/4720 2521/4088/4720
f 2521/4088/4721 132/209/4721 1378/2106/4721
f 2521/4088/4722 1378/2106/4722 1376/2104/4722
f 1376/2104/4723 1374/2102/4723 2521/4088/4723
f 2521/4088/4724 1374/2102/4724 128/205/4724
f 2521/4088/4725 128/205/4725 130/207/4725
f 128/205/4726 1374/2102/4726 126/203/4726
f 126/203/4727 1374/2102/4727 1372/2100/4727
f 126/203/4728 1372/2100/4728 124/201/4728
f 124/4089/4729 1372/4090/4729 1370/4091/4729
f 124/4089/4730 1370/4091/4730 122/4092/4730
f 122/199/4731 1370/2098/4731 2522/4093/4731
f 122/199/4732 2522/4093/4732 2523/4094/4732
f 2523/4095/4733 2522/4096/4733 1366/2092/4733
f 2523/4095/4734 1366/2092/4734 1364/2090/4734
f 1366/2092/4735 2522/4096/4735 1368/2094/4735
f 1368/2094/4736 2522/4096/4736 1370/2096/4736
f 122/199/4737 2523/4094/4737 120/197/4737
f 120/197/4738 2523/4094/4738 2524/4097/4738
f 120/197/4739 2524/4097/4739 118/190/4739
f 118/190/4740 2524/4097/4740 116/185/4740
f 2525/4098/4741 2524/4097/4741 2526/4099/4741
f 2526/4099/4742 2524/4097/4742 2523/4094/4742
f 2526/4100/4743 2523/4095/4743 1364/2090/4743
f 1364/4101/4744 1362/4102/4744 2526/4099/4744
f 2526/4099/4745 1362/4102/4745 2525/4098/4745
f 1362/4102/4746 1360/2084/4746 2525/4098/4746
f 2525/4098/4747 1360/2084/4747 116/185/4747
f 2525/4098/4748 116/185/4748 2524/4097/4748
f 112/181/4749 114/183/4749 2527/4103/4749
f 2527/4103/4750 114/183/4750 1356/2081/4750
f 2527/4104/4751 1356/2078/4751 1354/2076/4751
f 1354/2076/4752 1352/2074/4752 2528/4105/4752
f 2528/4105/4753 1352/2074/4753 2529/4106/4753
f 2528/4107/4754 2529/4108/4754 110/179/4754
f 110/179/4755 2529/4108/4755 108/177/4755
f 108/177/4756 2529/4108/4756 106/175/4756
f 106/175/4757 2529/4108/4757 104/173/4757
f 104/173/4758 2529/4108/4758 102/171/4758
f 102/169/4759 2529/4106/4759 2530/4109/4759
f 102/169/4760 2530/4109/4760 1350/2072/4760
f 1350/2072/4761 2530/4109/4761 1352/2074/4761
f 110/179/4762 112/181/4762 2528/4107/4762
f 2528/4107/4763 112/181/4763 2527/4103/4763
f 2528/4105/4764 2527/4104/4764 1354/2076/4764
f 1433/2190/4765 1431/2188/4765 2531/4110/4765
f 2531/4111/4766 1431/4112/4766 2532/4113/4766
f 2531/4111/4767 2532/4113/4767 2533/4114/4767
f 2533/4115/4768 2532/4116/4768 2534/4117/4768
f 2533/4118/4769 2534/4119/4769 2535/4120/4769
f 2535/4120/4770 2534/4119/4770 2536/4121/4770
f 2535/4120/4771 2536/4121/4771 2537/4122/4771
f 2537/4123/4772 2536/4124/4772 2538/4125/4772
f 2537/4123/4773 2538/4125/4773 2539/4126/4773
f 2539/4126/4774 2538/4125/4774 2540/4127/4774
f 2539/4126/4775 2540/4127/4775 2541/4128/4775
f 2541/4128/4776 2540/4127/4776 2542/4129/4776
f 2541/4128/4777 2542/4129/4777 2543/4130/4777
f 2543/4130/4778 2542/4129/4778 2544/4131/4778
f 2543/4130/4779 2544/4131/4779 2545/4132/4779
f 2545/4132/4780 2544/4131/4780 2546/4133/4780
f 2545/4132/4781 2546/4133/4781 2547/4134/4781
f 2547/4134/4782 2546/4133/4782 2548/4135/4782
f 2547/4134/4783 2548/4135/4783 2549/4136/4783
f 2549/4136/4784 2548/4135/4784 2550/4137/4784
f 2549/4138/4785 2550/4139/4785 2551/4140/4785
f 2551/4141/4786 2550/4142/4786 2552/4143/4786
f 2551/4141/4787 2552/4143/4787 2553/4144/4787
f 2553/4144/4788 2552/4143/4788 2554/4145/4788
f 2553/4146/4789 2554/4147/4789 2555/4148/4789
f 2555/4148/4790 2554/4147/4790 2556/4149/4790
f 2555/4150/4791 2556/4151/4791 2557/4152/4791
f 2557/4152/4792 2556/4151/4792 2558/4153/4792
f 2557/4154/4793 2558/4155/4793 2559/4156/4793
f 2559/4157/4794 2558/4158/4794 2560/4159/4794
f 2559/4160/4795 2560/4161/4795 2561/4162/4795
f 2561/4162/4796 2560/4161/4796 2562/4163/4796
f 2561/4164/4797 2562/4165/4797 2563/4166/4797
f 2563/4167/4798 2562/4168/4798 2564/4169/4798
f 2563/4167/4799 2564/4169/4799 2565/4170/4799
f 2565/4170/4800 2564/4169/4800 2566/4171/4800
f 2565/4170/4801 2566/4171/4801 2540/4172/4801
f 2540/4127/4802 2566/4173/4802 2542/4129/4802
f 2542/4129/4803 2566/4173/4803 2544/4131/4803
f 2544/4131/4804 2566/4173/4804 2567/4174/4804
f 2544/4131/4805 2567/4174/4805 2546/4133/4805
f 2546/4133/4806 2567/4174/4806 2568/4175/4806
f 2546/4133/4807 2568/4175/4807 2548/4135/4807
f 2548/4135/4808 2568/4175/4808 2569/4176/4808
f 2548/4135/4809 2569/4176/4809 2570/4177/4809
f 2570/4178/4810 2569/4179/4810 2571/4180/4810
f 2570/4178/4811 2571/4180/4811 2572/4181/4811
f 2572/4181/4812 2571/4180/4812 2573/4182/4812
f 2572/4183/4813 2573/4184/4813 2574/4185/4813
f 2574/4185/4814 2573/4184/4814 2575/4186/4814
f 2574/4185/4815 2575/4186/4815 2554/4145/4815
f 2554/4147/4816 2575/4187/4816 2556/4149/4816
f 2554/4145/4817 2552/4143/4817 2574/4185/4817
f 2574/4185/4818 2552/4143/4818 2576/4188/4818
f 2574/4185/4819 2576/4188/4819 2577/4189/4819
f 2577/4190/4820 2576/4191/4820 2548/4135/4820
f 2577/4190/4821 2548/4135/4821 2570/4177/4821
f 2570/4177/4822 2572/4192/4822 2577/4190/4822
f 2577/4189/4823 2572/4183/4823 2574/4185/4823
f 2548/4135/4824 2576/4191/4824 2550/4137/4824
f 2550/4142/4825 2576/4188/4825 2552/4143/4825
f 2566/4171/4826 2564/4169/4826 2567/4193/4826
f 2567/4174/4827 2564/4194/4827 2578/4195/4827
f 2567/4174/4828 2578/4195/4828 2568/4175/4828
f 2568/4196/4829 2578/4197/4829 2579/4198/4829
f 2568/4196/4830 2579/4198/4830 2580/4199/4830
f 2580/4199/4831 2579/4198/4831 2581/4200/4831
f 2580/4199/4832 2581/4200/4832 2571/4180/4832
f 2571/4180/4833 2581/4200/4833 2582/4201/4833
f 2571/4202/4834 2582/4203/4834 2583/4204/4834
f 2583/4204/4835 2582/4203/4835 2584/4205/4835
f 2583/4204/4836 2584/4205/4836 2585/4206/4836
f 2585/4206/4837 2584/4205/4837 2575/4207/4837
f 2585/4208/4838 2575/4186/4838 2573/4184/4838
f 2585/4209/4839 2573/4182/4839 2583/4210/4839
f 2583/4210/4840 2573/4182/4840 2571/4180/4840
f 2575/4207/4841 2584/4205/4841 2556/4151/4841
f 2556/4151/4842 2584/4205/4842 2558/4153/4842
f 2582/4201/4843 2581/4200/4843 2584/4211/4843
f 2584/4205/4844 2581/4212/4844 2558/4153/4844
f 2558/4158/4845 2581/4200/4845 2560/4159/4845
f 2560/4159/4846 2581/4200/4846 2579/4198/4846
f 2560/4159/4847 2579/4198/4847 2562/4168/4847
f 2562/4168/4848 2579/4198/4848 2578/4197/4848
f 2562/4168/4849 2578/4197/4849 2564/4169/4849
f 2571/4180/4850 2569/4179/4850 2580/4199/4850
f 2580/4199/4851 2569/4179/4851 2568/4196/4851
f 2540/4172/4852 2538/4213/4852 2565/4170/4852
f 2565/4170/4853 2538/4213/4853 2586/4214/4853
f 2565/4170/4854 2586/4214/4854 2587/4215/4854
f 2587/4215/4855 2586/4214/4855 2588/4216/4855
f 2587/4217/4856 2588/4218/4856 2589/4219/4856
f 2589/4219/4857 2588/4218/4857 2590/4220/4857
f 2589/4219/4858 2590/4220/4858 2591/4221/4858
f 2591/4221/4859 2590/4220/4859 2592/4222/4859
f 2591/4221/4860 2592/4222/4860 2593/4223/4860
f 2593/4223/4861 2592/4222/4861 2594/4224/4861
f 2593/4223/4862 2594/4224/4862 2595/4225/4862
f 2595/4226/4863 2594/4227/4863 2596/4228/4863
f 2595/4226/4864 2596/4228/4864 2597/4229/4864
f 2597/4229/4865 2596/4228/4865 2598/4230/4865
f 2597/4229/4866 2598/4230/4866 2599/4231/4866
f 2599/4232/4867 2598/4233/4867 2600/4234/4867
f 2599/4235/4868 2600/4236/4868 2601/4237/4868
f 2601/4237/4869 2600/4236/4869 2602/4238/4869
f 2601/4237/4870 2602/4238/4870 2603/4239/4870
f 2603/4239/4871 2602/4238/4871 2604/4240/4871
f 2603/4239/4872 2604/4240/4872 2593/4223/4872
f 2593/4241/4873 2604/4242/4873 2591/4243/4873
f 2591/4243/4874 2604/4242/4874 2589/4244/4874
f 2589/4244/4875 2604/4242/4875 2605/4245/4875
f 2589/4219/4876 2605/4246/4876 2587/4217/4876
f 2587/4217/4877 2605/4246/4877 2563/4166/4877
f 2587/4215/4878 2563/4167/4878 2565/4170/4878
f 2563/4166/4879 2605/4246/4879 2561/4164/4879
f 2561/4164/4880 2605/4246/4880 2606/4247/4880
f 2561/4162/4881 2606/4248/4881 2607/4249/4881
f 2607/4249/4882 2606/4248/4882 2608/4250/4882
f 2607/4251/4883 2608/4252/4883 2609/4253/4883
f 2609/4253/4884 2608/4252/4884 2610/4254/4884
f 2609/4253/4885 2610/4254/4885 2611/4255/4885
f 2611/4256/4886 2610/4257/4886 2612/4258/4886
f 2611/4256/4887 2612/4258/4887 2551/4259/4887
f 2551/4260/4888 2612/4261/4888 2549/4262/4888
f 2549/4263/4889 2612/4258/4889 2547/4264/4889
f 2547/4264/4890 2612/4258/4890 2613/4265/4890
f 2547/4264/4891 2613/4265/4891 2614/4266/4891
f 2614/4266/4892 2613/4265/4892 2600/4267/4892
f 2614/4268/4893 2600/4234/4893 2598/4233/4893
f 2547/4264/4894 2614/4266/4894 2545/4269/4894
f 2545/4270/4895 2614/4268/4895 2615/4271/4895
f 2545/4132/4896 2615/4272/4896 2543/4130/4896
f 2543/4130/4897 2615/4272/4897 2616/4273/4897
f 2543/4130/4898 2616/4273/4898 2617/4274/4898
f 2617/4275/4899 2616/4276/4899 2618/4277/4899
f 2617/4275/4900 2618/4277/4900 2619/4278/4900
f 2619/4278/4901 2618/4277/4901 2620/4279/4901
f 2619/4278/4902 2620/4279/4902 2621/4280/4902
f 2621/4281/4903 2620/4282/4903 2622/4283/4903
f 2621/4281/4904 2622/4283/4904 2623/4284/4904
f 2623/4284/4905 2622/4283/4905 2624/4285/4905
f 2623/4284/4906 2624/4285/4906 1447/2213/4906
f 1447/2213/4907 2624/4285/4907 1445/2211/4907
f 1447/2213/4908 1449/2218/4908 2623/4284/4908
f 2623/4284/4909 1449/2218/4909 2625/4286/4909
f 2623/4284/4910 2625/4286/4910 2621/4281/4910
f 2621/4280/4911 2625/4287/4911 2626/4288/4911
f 2621/4280/4912 2626/4288/4912 2627/4289/4912
f 2627/4290/4913 2626/4291/4913 2628/4292/4913
f 2627/4290/4914 2628/4292/4914 2629/4293/4914
f 2629/4293/4915 2628/4292/4915 2630/4294/4915
f 2629/4293/4916 2630/4294/4916 2631/4295/4916
f 2631/4295/4917 2630/4294/4917 2539/4126/4917
f 2631/4295/4918 2539/4126/4918 2632/4296/4918
f 2632/4296/4919 2539/4126/4919 2541/4128/4919
f 2632/4296/4920 2541/4128/4920 2543/4130/4920
f 2543/4130/4921 2617/4274/4921 2632/4296/4921
f 2632/4296/4922 2617/4274/4922 2629/4293/4922
f 2632/4296/4923 2629/4293/4923 2631/4295/4923
f 2617/4274/4924 2619/4297/4924 2629/4293/4924
f 2629/4293/4925 2619/4297/4925 2627/4290/4925
f 2539/4126/4926 2630/4294/4926 2537/4123/4926
f 2537/4123/4927 2630/4294/4927 2633/4298/4927
f 2537/4122/4928 2633/4299/4928 2634/4300/4928
f 2634/4301/4929 2633/4298/4929 2635/4302/4929
f 2634/4301/4930 2635/4302/4930 2636/4303/4930
f 2636/4303/4931 2635/4302/4931 1436/4304/4931
f 2636/4305/4932 1436/4306/4932 2533/4114/4932
f 2533/4114/4933 1436/4306/4933 2531/4111/4933
f 2533/4307/4934 2535/4308/4934 2636/4303/4934
f 2636/4303/4935 2535/4308/4935 2634/4301/4935
f 1436/2198/4936 2635/4309/4936 1457/2234/4936
f 1457/4310/4937 2635/4302/4937 1455/2229/4937
f 2630/4294/4938 2628/4292/4938 2633/4298/4938
f 2633/4298/4939 2628/4292/4939 2637/4311/4939
f 2633/4298/4940 2637/4311/4940 2635/4302/4940
f 2635/4302/4941 2637/4311/4941 2638/4312/4941
f 2635/4302/4942 2638/4312/4942 1455/2229/4942
f 1455/2229/4943 2638/4312/4943 1453/2227/4943
f 2638/4313/4944 2637/4314/4944 1453/2225/4944
f 1453/2225/4945 2637/4314/4945 2626/4288/4945
f 1453/2225/4946 2626/4288/4946 1451/2223/4946
f 1451/2223/4947 2626/4288/4947 2625/4287/4947
f 1451/2221/4948 2625/4286/4948 1449/2218/4948
f 2614/4268/4949 2598/4233/4949 2615/4271/4949
f 2615/4315/4950 2598/4230/4950 2596/4228/4950
f 2615/4315/4951 2596/4228/4951 2616/4276/4951
f 2616/4276/4952 2596/4228/4952 2618/4277/4952
f 2596/4228/4953 2594/4227/4953 2618/4277/4953
f 2618/4277/4954 2594/4227/4954 2620/4279/4954
f 2594/4224/4955 2592/4222/4955 2620/4282/4955
f 2620/4282/4956 2592/4222/4956 2622/4283/4956
f 2592/4222/4957 2590/4220/4957 2622/4283/4957
f 2622/4283/4958 2590/4220/4958 2639/4316/4958
f 2622/4283/4959 2639/4316/4959 2624/4285/4959
f 2624/4285/4960 2639/4316/4960 2640/4317/4960
f 2624/4285/4961 2640/4317/4961 1445/2211/4961
f 1445/2211/4962 2640/4317/4962 1443/2209/4962
f 2590/4220/4963 2588/4218/4963 2639/4316/4963
f 2639/4316/4964 2588/4218/4964 2641/4318/4964
f 2639/4316/4965 2641/4318/4965 2640/4317/4965
f 2640/4317/4966 2641/4318/4966 2642/4319/4966
f 2640/4317/4967 2642/4319/4967 1443/2209/4967
f 1443/2209/4968 2642/4319/4968 1441/2206/4968
f 2612/4258/4969 2610/4257/4969 2613/4265/4969
f 2613/4265/4970 2610/4257/4970 2600/4267/4970
f 2610/4257/4971 2608/4320/4971 2600/4267/4971
f 2600/4267/4972 2608/4320/4972 2602/4321/4972
f 2608/4250/4973 2606/4248/4973 2602/4322/4973
f 2602/4238/4974 2606/4247/4974 2604/4240/4974
f 2551/4259/4975 2553/4323/4975 2611/4256/4975
f 2611/4256/4976 2553/4323/4976 2555/4324/4976
f 2611/4255/4977 2555/4325/4977 2609/4253/4977
f 2609/4326/4978 2555/4150/4978 2557/4152/4978
f 2609/4253/4979 2557/4327/4979 2607/4251/4979
f 2607/4249/4980 2557/4328/4980 2559/4160/4980
f 2607/4249/4981 2559/4160/4981 2561/4162/4981
f 2593/4223/4982 2595/4225/4982 2603/4239/4982
f 2603/4239/4983 2595/4225/4983 2597/4329/4983
f 2603/4239/4984 2597/4329/4984 2601/4237/4984
f 2601/4237/4985 2597/4329/4985 2599/4235/4985
f 2538/4213/4986 2536/4330/4986 2586/4214/4986
f 2586/4214/4987 2536/4330/4987 2643/4331/4987
f 2586/4214/4988 2643/4331/4988 2588/4216/4988
f 2588/4216/4989 2643/4331/4989 2641/4332/4989
f 2536/4330/4990 2534/4117/4990 2643/4331/4990
f 2643/4331/4991 2534/4117/4991 2644/4333/4991
f 2643/4331/4992 2644/4333/4992 2641/4332/4992
f 2641/4332/4993 2644/4333/4993 2642/4334/4993
f 2642/4334/4456 2644/4333/4456 1441/2205/4456
f 1441/2205/4994 2644/4333/4994 2532/4116/4994
f 1441/2205/4995 2532/4116/4995 1439/2203/4995
f 1439/2203/4996 2532/4116/4996 1431/2200/4996
f 1531/2351/4997 1530/2350/4997 2645/4335/4997
f 2645/4335/4998 1530/2350/4998 1529/2349/4998
f 2645/4335/4999 1529/2349/4999 2646/4336/4999
f 2646/4336/5000 1529/2349/5000 2647/4337/5000
f 2646/4336/5001 2647/4337/5001 2648/4338/5001
f 2648/4338/5002 2647/4337/5002 2649/4339/5002
f 2648/4338/5003 2649/4339/5003 2650/4340/5003
f 2650/4340/5004 2649/4339/5004 2651/4341/5004
f 2650/4342/5005 2651/4343/5005 2652/4344/5005
f 2652/4344/5006 2651/4343/5006 2653/4345/5006
f 2652/4344/5007 2653/4345/5007 2654/4346/5007
f 2654/4346/5008 2653/4345/5008 2655/4347/5008
f 2654/4346/5009 2655/4347/5009 2656/4348/5009
f 2656/4348/5010 2655/4347/5010 1562/2386/5010
f 2656/4348/5011 1562/2386/5011 1561/2385/5011
f 1561/2385/5012 1560/2384/5012 2656/4348/5012
f 2656/4348/5013 1560/2384/5013 2657/4349/5013
f 2656/4348/5014 2657/4349/5014 2654/4346/5014
f 2654/4346/5015 2657/4349/5015 2652/4344/5015
f 1560/2384/5016 1559/2383/5016 2657/4349/5016
f 2657/4349/5017 1559/2383/5017 2658/4350/5017
f 2657/4349/5018 2658/4350/5018 2652/4344/5018
f 2652/4344/5019 2658/4350/5019 1556/2380/5019
f 2652/4344/5020 1556/2380/5020 2659/4351/5020
f 2659/4351/5021 1556/2380/5021 1554/2378/5021
f 2659/4351/5022 1554/2378/5022 2660/4352/5022
f 2660/4352/5023 1554/2378/5023 1553/2377/5023
f 2660/4352/5024 1553/2377/5024 2661/4353/5024
f 2661/4353/5025 1553/2377/5025 1552/2376/5025
f 2661/4353/5026 1552/2376/5026 2662/4354/5026
f 2662/4354/5027 1552/2376/5027 1550/2372/5027
f 2662/4354/5028 1550/2372/5028 1548/2370/5028
f 2652/4344/5029 2659/4351/5029 2650/4342/5029
f 2650/4342/5030 2659/4351/5030 2660/4352/5030
f 2650/4342/5031 2660/4352/5031 2663/4355/5031
f 2663/4355/5032 2660/4352/5032 2661/4353/5032
f 2663/4355/5033 2661/4353/5033 2664/4356/5033
f 2664/4356/5034 2661/4353/5034 2662/4354/5034
f 2664/4357/5035 2662/4358/5035 2665/4359/5035
f 2665/4359/5036 2662/4358/5036 1548/4360/5036
f 2665/4361/5037 1548/2370/5037 1546/2369/5037
f 1546/2366/5038 1612/2499/5038 2665/4359/5038
f 2665/4359/5039 1612/2499/5039 2666/4362/5039
f 2665/4359/5040 2666/4362/5040 2664/4357/5040
f 2664/4357/5041 2666/4362/5041 2667/4363/5041
f 2664/4357/5042 2667/4363/5042 2663/4364/5042
f 2663/4364/5043 2667/4363/5043 2648/4338/5043
f 2663/4364/5044 2648/4338/5044 2650/4340/5044
f 2648/4338/5045 2667/4363/5045 2646/4336/5045
f 2646/4336/5046 2667/4363/5046 2668/4365/5046
f 2646/4336/5047 2668/4365/5047 2645/4335/5047
f 2645/4335/5048 2668/4365/5048 1531/2351/5048
f 1531/2351/5049 2668/4365/5049 1532/2352/5049
f 1532/2352/5050 2668/4365/5050 1534/2354/5050
f 2667/4363/5051 2666/4362/5051 2668/4365/5051
f 2668/4365/5052 2666/4362/5052 1534/2354/5052
f 1556/2380/5053 2658/4350/5053 1558/2382/5053
f 1558/2382/5054 2658/4350/5054 1559/2383/5054
f 1562/2386/5055 2655/4347/5055 1563/2387/5055
f 1563/2387/5056 2655/4347/5056 2669/4366/5056
f 1563/2387/5057 2669/4366/5057 1521/2336/5057
f 1521/2337/5058 2669/4367/5058 1523/2339/5058
f 1529/2349/5059 1527/4368/5059 2647/4337/5059
f 2647/4369/5060 1527/2345/5060 2670/4370/5060
f 2647/4337/5061 2670/4371/5061 2649/4339/5061
f 2649/4339/5062 2670/4371/5062 2651/4341/5062
f 2651/4341/5063 2670/4371/5063 2653/4372/5063
f 2653/4372/5064 2670/4371/5064 2671/4373/5064
f 2653/4345/5065 2671/4374/5065 2655/4347/5065
f 2655/4347/5066 2671/4374/5066 2669/4366/5066
f 1527/2345/5067 1525/2343/5067 2670/4370/5067
f 2670/4370/5068 1525/2343/5068 2672/4375/5068
f 2670/4371/5069 2672/4376/5069 2671/4373/5069
f 2671/4373/5070 2672/4376/5070 2669/4367/5070
f 2669/4367/5071 2672/4376/5071 1523/2339/5071
f 1523/2341/5072 2672/4375/5072 1525/2343/5072
f 2673/4377/5073 65/96/5073 2674/4378/5073
f 2674/4378/5074 65/96/5074 67/101/5074
f 2674/4378/5075 67/101/5075 2675/4379/5075
f 2675/4379/5076 67/101/5076 2676/4380/5076
f 2675/4379/5077 2676/4380/5077 2677/4381/5077
f 2677/4381/5078 2676/4380/5078 2678/4382/5078
f 2677/4381/5079 2678/4382/5079 2679/4383/5079
f 2679/4383/5080 2678/4382/5080 2680/4384/5080
f 2679/4383/5081 2680/4384/5081 2681/4385/5081
f 2681/4385/5082 2680/4384/5082 2682/4386/5082
f 2681/4385/5083 2682/4386/5083 2683/4387/5083
f 2683/4387/5084 2682/4386/5084 2684/4388/5084
f 2683/4389/5085 2684/4390/5085 103/4391/5085
f 103/4391/5086 2684/4390/5086 105/4392/5086
f 65/96/5087 2673/4377/5087 63/94/5087
f 63/94/5088 2673/4377/5088 2685/4393/5088
f 63/94/5089 2685/4393/5089 2686/4394/5089
f 2686/4394/5090 2685/4393/5090 2687/4395/5090
f 2686/4394/5091 2687/4395/5091 59/4396/5091
f 59/4397/5092 2687/4398/5092 2688/4399/5092
f 59/4397/5093 2688/4399/5093 2689/4400/5093
f 2689/4400/5094 2688/4399/5094 2690/4401/5094
f 2689/4400/5095 2690/4401/5095 2691/4402/5095
f 2691/4403/5096 2690/4404/5096 2692/4405/5096
f 2691/4403/5097 2692/4405/5097 2693/4406/5097
f 2693/4406/5098 2692/4405/5098 2694/4407/5098
f 2693/4406/5099 2694/4407/5099 2695/4408/5099
f 2695/4408/5100 2694/4407/5100 2696/4409/5100
f 2695/4410/5101 2696/4411/5101 37/54/5101
f 37/54/5102 2696/4411/5102 35/52/5102
f 37/54/5103 39/56/5103 2695/4410/5103
f 2695/4408/5104 39/4412/5104 2697/4413/5104
f 2695/4408/5105 2697/4413/5105 2698/4414/5105
f 2698/4414/5106 2697/4413/5106 53/78/5106
f 2698/4414/5107 53/78/5107 55/80/5107
f 2695/4408/5108 2698/4414/5108 2693/4406/5108
f 2693/4406/5109 2698/4414/5109 2691/4403/5109
f 2698/4414/5110 55/80/5110 2691/4403/5110
f 2691/4415/5111 55/81/5111 2689/4416/5111
f 55/81/5112 57/84/5112 2689/4416/5112
f 2689/4416/5113 57/84/5113 59/86/5113
f 39/56/5114 41/58/5114 2697/4417/5114
f 2697/4417/5115 41/58/5115 2699/4418/5115
f 2697/4417/5116 2699/4418/5116 2700/4419/5116
f 2700/4419/5117 2699/4418/5117 2701/4420/5117
f 2700/4419/5118 2701/4420/5118 2702/4421/5118
f 2702/4421/5119 2701/4420/5119 2703/4422/5119
f 2702/4423/5120 2703/4424/5120 2704/4425/5120
f 2704/4426/5121 2703/4427/5121 49/72/5121
f 2704/4426/5122 49/72/5122 51/74/5122
f 51/76/5123 53/78/5123 2704/4425/5123
f 2704/4425/5124 53/78/5124 2702/4423/5124
f 2702/4423/5125 53/78/5125 2700/4428/5125
f 2700/4428/5126 53/78/5126 2697/4413/5126
f 41/58/5127 43/60/5127 2699/4418/5127
f 2699/4418/5128 43/60/5128 2701/4420/5128
f 2687/4429/5129 2685/4430/5129 2688/4431/5129
f 2688/4431/5130 2685/4430/5130 2705/4432/5130
f 2688/4431/5131 2705/4432/5131 2690/4433/5131
f 2690/4433/5132 2705/4432/5132 2706/4434/5132
f 2690/4404/5133 2706/4435/5133 2692/4405/5133
f 2692/4405/5134 2706/4435/5134 2707/4436/5134
f 2692/4405/5135 2707/4436/5135 2708/4437/5135
f 2708/4437/5136 2707/4436/5136 2709/4438/5136
f 2708/4437/5137 2709/4438/5137 2710/4439/5137
f 2710/4439/5138 2709/4438/5138 2711/4440/5138
f 2710/4439/5139 2711/4440/5139 33/48/5139
f 33/48/5140 2711/4440/5140 31/45/5140
f 2685/4430/5141 2673/4441/5141 2705/4432/5141
f 2705/4432/5142 2673/4441/5142 2712/4442/5142
f 2705/4432/5143 2712/4442/5143 2706/4434/5143
f 2706/4434/5144 2712/4442/5144 2707/4443/5144
f 2673/4441/5145 2674/4444/5145 2712/4442/5145
f 2712/4442/5146 2674/4444/5146 2713/4445/5146
f 2712/4442/5147 2713/4445/5147 2707/4443/5147
f 2707/4443/5148 2713/4445/5148 2714/4446/5148
f 2707/4443/5149 2714/4446/5149 2709/4447/5149
f 2709/4447/5150 2714/4446/5150 2715/4448/5150
f 2709/4447/5151 2715/4448/5151 2716/4449/5151
f 2716/4449/5152 2715/4448/5152 2717/4450/5152
f 2716/4449/5153 2717/4450/5153 2718/4451/5153
f 2718/4451/5154 2717/4450/5154 2719/4452/5154
f 2718/4451/5155 2719/4452/5155 2720/4453/5155
f 2720/4454/5156 2719/4455/5156 103/170/5156
f 2720/4454/5157 103/170/5157 101/168/5157
f 103/4391/5158 2719/4452/5158 2683/4389/5158
f 2683/4389/5159 2719/4452/5159 2681/4456/5159
f 2681/4456/5160 2719/4452/5160 2679/4457/5160
f 2679/4457/5161 2719/4452/5161 2717/4450/5161
f 2679/4457/5162 2717/4450/5162 2715/4448/5162
f 2679/4457/5163 2715/4448/5163 2677/4458/5163
f 2677/4458/5164 2715/4448/5164 2714/4446/5164
f 2677/4458/5165 2714/4446/5165 2713/4445/5165
f 2677/4458/5166 2713/4445/5166 2675/4459/5166
f 2675/4459/5167 2713/4445/5167 2674/4444/5167
f 2709/4438/5168 2716/4460/5168 2711/4440/5168
f 2711/4440/5169 2716/4460/5169 2721/4461/5169
f 2711/4440/5170 2721/4461/5170 31/45/5170
f 31/45/5171 2721/4461/5171 29/4462/5171
f 29/4462/5172 2721/4461/5172 27/4463/5172
f 27/4463/5173 2721/4461/5173 2722/4464/5173
f 27/4463/5174 2722/4464/5174 25/4465/5174
f 25/165/5175 2722/4466/5175 99/166/5175
f 99/166/5176 2722/4466/5176 101/168/5176
f 101/168/5177 2722/4466/5177 2720/4454/5177
f 2722/4464/5178 2721/4461/5178 2720/4467/5178
f 2720/4467/5179 2721/4461/5179 2718/4468/5179
f 59/4396/5180 61/92/5180 2686/4394/5180
f 2686/4394/5181 61/92/5181 63/94/5181
f 47/66/5182 2723/4469/5182 45/64/5182
f 45/64/5183 2723/4469/5183 2724/4470/5183
f 45/64/5184 2724/4470/5184 2725/4471/5184
f 2725/4472/5185 2724/4473/5185 2701/4420/5185
f 2725/4472/5186 2701/4420/5186 43/60/5186
f 2701/4420/5187 2724/4473/5187 2726/4474/5187
f 2726/4474/5188 2724/4473/5188 2723/4475/5188
f 2726/4476/5189 2723/4477/5189 47/70/5189
f 47/70/5190 49/72/5190 2726/4476/5190
f 2726/4476/5191 49/72/5191 2703/4427/5191
f 2726/4474/5192 2703/4422/5192 2701/4420/5192
f 2694/4407/5193 2692/4405/5193 2727/4478/5193
f 2727/4478/5194 2692/4405/5194 2708/4437/5194
f 2727/4478/5195 2708/4437/5195 2710/4439/5195
f 2710/4439/5139 33/48/5139 2727/4478/5139
f 2727/4478/5196 33/48/5196 2728/4479/5196
f 2727/4478/5197 2728/4479/5197 2696/4409/5197
f 2696/4411/5198 2728/4480/5198 35/52/5198
f 2676/4380/5199 67/101/5199 2729/4481/5199
f 2729/4481/5200 67/101/5200 69/103/5200
f 2729/4481/5201 69/103/5201 2730/4482/5201
f 2730/4482/5202 69/103/5202 2731/4483/5202
f 2730/4482/5203 2731/4483/5203 2732/4484/5203
f 2732/4484/5204 2731/4483/5204 2733/4485/5204
f 2732/4484/5205 2733/4485/5205 2734/4486/5205
f 2734/4486/5206 2733/4485/5206 470/690/5206
f 2734/4486/5207 470/690/5207 468/688/5207
f 470/690/5208 2733/4485/5208 472/692/5208
f 472/692/5209 2733/4485/5209 2735/4487/5209
f 472/4488/5210 2735/4489/5210 474/696/5210
f 474/696/5211 2735/4489/5211 475/697/5211
f 69/103/5212 71/105/5212 2731/4483/5212
f 2731/4483/5213 71/105/5213 2736/4490/5213
f 2731/4483/5214 2736/4490/5214 2733/4485/5214
f 2733/4485/5215 2736/4490/5215 2735/4487/5215
f 2735/4489/5216 2736/4491/5216 475/697/5216
f 475/697/5217 2736/4491/5217 73/109/5217
f 2676/4380/5218 2729/4481/5218 2678/4382/5218
f 2678/4382/5219 2729/4481/5219 2730/4482/5219
f 2678/4382/5220 2730/4482/5220 2732/4484/5220
f 2678/4382/5221 2732/4484/5221 2680/4384/5221
f 2680/4384/5222 2732/4484/5222 2734/4486/5222
f 2680/4384/5223 2734/4486/5223 2682/4386/5223
f 2682/4386/5224 2734/4486/5224 468/688/5224
f 2682/4386/5225 468/688/5225 2737/4492/5225
f 2737/4492/5226 468/688/5226 466/686/5226
f 2737/4492/5227 466/686/5227 2738/4493/5227
f 2738/4493/5228 466/686/5228 464/684/5228
f 2738/4494/5229 464/683/5229 453/682/5229
f 2682/4495/5230 2737/4496/5230 2684/4390/5230
f 2684/4390/5231 2737/4496/5231 2738/4494/5231
f 2684/4390/5232 2738/4494/5232 2739/4497/5232
f 2739/4497/5233 2738/4494/5233 453/682/5233
f 2739/4498/5234 453/671/5234 107/176/5234
f 107/176/5235 105/174/5235 2739/4498/5235
f 2739/4497/5236 105/4392/5236 2684/4390/5236
f 2403/3861/5237 2740/4499/5237 2404/3862/5237
f 2404/3862/5238 2740/4499/5238 2741/4500/5238
f 2404/3862/5239 2741/4500/5239 2405/3863/5239
f 2405/3863/5240 2741/4500/5240 2742/4501/5240
f 2405/3863/5241 2742/4501/5241 2743/4502/5241
f 2743/4502/5242 2742/4501/5242 2744/4503/5242
f 2743/4502/5243 2744/4503/5243 529/4504/5243
f 529/4504/5244 2744/4503/5244 527/4505/5244
f 527/4505/5245 2744/4503/5245 525/4506/5245
f 525/4506/5246 2744/4503/5246 2745/4507/5246
f 525/4506/5247 2745/4507/5247 2746/4508/5247
f 2746/4508/5248 2745/4507/5248 2747/4509/5248
f 2746/4508/5249 2747/4509/5249 316/487/5249
f 316/487/5250 2747/4509/5250 2748/4510/5250
f 316/487/5251 2748/4510/5251 314/4511/5251
f 314/483/5252 2748/4512/5252 312/481/5252
f 316/487/5253 318/489/5253 2746/4508/5253
f 2746/4508/5254 318/489/5254 523/1135/5254
f 2746/4508/5255 523/1135/5255 525/4506/5255
f 529/4504/5256 531/3864/5256 2743/4502/5256
f 2743/4502/5257 531/3864/5257 2405/3863/5257
f 2741/4500/5258 2740/4499/5258 2749/4513/5258
f 2749/4513/5259 2740/4499/5259 2750/4514/5259
f 2749/4513/5260 2750/4514/5260 2751/4515/5260
f 2751/4515/5261 2750/4514/5261 2752/4516/5261
f 2751/4515/5262 2752/4516/5262 2748/4510/5262
f 2748/4512/5263 2752/4517/5263 312/481/5263
f 2748/4510/5264 2747/4509/5264 2751/4515/5264
f 2751/4515/5265 2747/4509/5265 2753/4518/5265
f 2751/4515/5266 2753/4518/5266 2749/4513/5266
f 2749/4513/5267 2753/4518/5267 2742/4501/5267
f 2749/4513/5268 2742/4501/5268 2741/4500/5268
f 2742/4501/5269 2753/4518/5269 2744/4503/5269
f 2744/4503/5270 2753/4518/5270 2745/4507/5270
f 2402/3860/5271 2401/3859/5271 2754/4519/5271
f 2754/4520/5272 2401/4521/5272 2755/4522/5272
f 2754/4520/5273 2755/4522/5273 2756/4523/5273
f 2756/4523/5274 2755/4522/5274 2757/4524/5274
f 2756/4523/5275 2757/4524/5275 2758/4525/5275
f 2758/4525/5276 2757/4524/5276 2397/4526/5276
f 2758/4525/5277 2397/4526/5277 2398/3851/5277
f 2397/4526/5278 2757/4524/5278 2396/4527/5278
f 2396/3848/5279 2757/4528/5279 2755/4529/5279
f 2396/3848/5280 2755/4529/5280 2401/3858/5280
f 2759/4530/5281 2754/4519/5281 2760/4531/5281
f 2760/4532/5282 2754/4520/5282 2756/4523/5282
f 2760/4532/5283 2756/4523/5283 2761/4533/5283
f 2761/4533/5284 2756/4523/5284 2762/4534/5284
f 2761/4533/5285 2762/4534/5285 2763/4535/5285
f 2763/4535/5286 2762/4534/5286 2764/4536/5286
f 2763/4535/5287 2764/4536/5287 2765/4537/5287
f 2765/4537/5288 2764/4536/5288 310/479/5288
f 2765/4537/5289 310/479/5289 312/481/5289
f 312/4538/5290 2752/4516/5290 2765/4539/5290
f 2765/4539/5291 2752/4516/5291 2763/4540/5291
f 310/479/5292 2764/4536/5292 2400/3854/5292
f 2400/3854/5293 2764/4536/5293 2399/3853/5293
f 2764/4536/5294 2762/4534/5294 2399/3853/5294
f 2399/3853/5295 2762/4534/5295 2398/3851/5295
f 2398/3851/5296 2762/4534/5296 2758/4525/5296
f 2758/4525/5297 2762/4534/5297 2756/4523/5297
f 2754/4519/5298 2759/4530/5298 2402/3860/5298
f 2402/3860/5299 2759/4530/5299 2403/3861/5299
f 2403/3861/5300 2759/4530/5300 2740/4499/5300
f 2740/4499/5301 2759/4530/5301 2750/4514/5301
f 2759/4530/5302 2760/4531/5302 2766/4541/5302
f 2766/4542/5303 2760/4532/5303 2761/4533/5303
f 2766/4541/5304 2761/4543/5304 2763/4540/5304
f 2763/4540/5305 2752/4516/5305 2766/4541/5305
f 2766/4541/5306 2752/4516/5306 2750/4514/5306
f 2766/4541/5307 2750/4514/5307 2759/4530/5307
f 425/629/5308 424/627/5308 2767/4544/5308
f 2767/4545/5309 424/625/5309 423/624/5309
f 2767/4544/5310 423/708/5310 482/706/5310
f 482/706/5311 427/713/5311 2767/4544/5311
f 2767/4544/5312 427/713/5312 425/629/5312
f 2768/4546/5313 2769/4547/5313 2770/4548/5313
f 2770/4548/5314 2769/4547/5314 2771/4549/5314
f 2770/4548/5315 2771/4549/5315 2772/4550/5315
f 2772/4550/5316 2771/4549/5316 2773/4551/5316
f 2772/4550/5317 2773/4551/5317 2774/4552/5317
f 2774/4553/5318 2773/4554/5318 2775/4555/5318
f 2774/4552/5319 2775/4556/5319 2776/4557/5319
f 2776/4557/5320 2775/4556/5320 2777/4558/5320
f 2776/4557/5321 2777/4558/5321 2778/4559/5321
f 2778/4559/5322 2777/4558/5322 2779/4560/5322
f 2778/4559/5323 2779/4560/5323 2780/4561/5323
f 2780/4561/5324 2779/4560/5324 2781/4562/5324
f 2780/4561/5325 2781/4562/5325 2782/4563/5325
f 2782/4564/5326 2781/4565/5326 2783/4566/5326
f 2782/4564/5327 2783/4566/5327 2784/4567/5327
f 2784/4567/5328 2783/4566/5328 2785/4568/5328
f 2784/4567/5329 2785/4568/5329 2786/4569/5329
f 2786/4569/5330 2785/4568/5330 2787/4570/5330
f 2786/4569/5331 2787/4570/5331 2788/4571/5331
f 2788/4572/5332 2787/4573/5332 2789/4574/5332
f 2788/4575/5333 2789/4576/5333 2790/4577/5333
f 2790/4578/5334 2789/4574/5334 2791/4579/5334
f 2790/4578/5335 2791/4579/5335 2792/4580/5335
f 2792/4580/5336 2791/4579/5336 2793/4581/5336
f 2792/4580/5337 2793/4581/5337 2794/4582/5337
f 2794/4583/5338 2793/4584/5338 2795/4585/5338
f 2794/4583/5339 2795/4585/5339 2796/4586/5339
f 2796/4586/5340 2795/4585/5340 2797/4587/5340
f 2796/4586/5341 2797/4587/5341 223/342/5341
f 223/342/5342 2797/4587/5342 2771/4549/5342
f 223/342/5343 2771/4549/5343 222/341/5343
f 222/341/5344 2771/4549/5344 2769/4547/5344
f 222/341/5345 2769/4547/5345 2768/4546/5345
f 222/340/5346 2768/4588/5346 221/339/5346
f 221/339/5347 2768/4588/5347 2798/4589/5347
f 221/339/5348 2798/4589/5348 220/338/5348
f 220/4590/5349 2798/4591/5349 197/299/5349
f 197/299/5350 2798/4591/5350 199/301/5350
f 199/4592/5351 2798/4589/5351 2799/4593/5351
f 199/4592/5352 2799/4593/5352 2800/4594/5352
f 2800/4594/5353 2799/4593/5353 2801/4595/5353
f 2800/4596/5354 2801/4597/5354 2802/4598/5354
f 2802/4598/5355 2801/4597/5355 2803/4599/5355
f 2802/4598/5356 2803/4599/5356 2778/4559/5356
f 2778/4559/5357 2803/4599/5357 2776/4557/5357
f 2778/4559/5358 2780/4561/5358 2802/4598/5358
f 2802/4598/5359 2780/4561/5359 2804/4600/5359
f 2802/4598/5360 2804/4600/5360 2800/4596/5360
f 2800/4596/5361 2804/4600/5361 203/4601/5361
f 2800/4594/5362 203/307/5362 201/306/5362
f 2780/4561/5363 2782/4563/5363 2804/4600/5363
f 2804/4600/5364 2782/4563/5364 2805/4602/5364
f 2804/4600/5365 2805/4602/5365 203/4601/5365
f 203/4601/5366 2805/4602/5366 2784/4603/5366
f 203/4604/5367 2784/4567/5367 204/316/5367
f 204/316/5368 2784/4567/5368 2786/4569/5368
f 204/316/5369 2786/4569/5369 206/317/5369
f 206/317/5370 2786/4569/5370 2788/4571/5370
f 206/318/5371 2788/4605/5371 208/320/5371
f 208/4606/5372 2788/4572/5372 2790/4578/5372
f 208/4606/5373 2790/4578/5373 210/323/5373
f 210/323/5374 2790/4578/5374 2792/4580/5374
f 210/323/5375 2792/4580/5375 211/324/5375
f 211/324/5376 2792/4580/5376 2794/4582/5376
f 211/324/5377 2794/4582/5377 2796/4607/5377
f 211/4608/5378 2796/4609/5378 212/4610/5378
f 212/4610/5379 2796/4609/5379 186/4611/5379
f 186/286/5380 2796/4607/5380 184/283/5380
f 184/282/5381 2796/4586/5381 223/342/5381
f 2771/4549/5382 2797/4587/5382 2773/4551/5382
f 2773/4551/5383 2797/4587/5383 2806/4612/5383
f 2773/4551/5384 2806/4612/5384 2775/4556/5384
f 2775/4556/5385 2806/4612/5385 2807/4613/5385
f 2775/4556/5386 2807/4613/5386 2808/4614/5386
f 2808/4614/5387 2807/4613/5387 2809/4615/5387
f 2808/4616/5388 2809/4617/5388 2810/4618/5388
f 2810/4619/5389 2809/4620/5389 2811/4621/5389
f 2810/4619/5390 2811/4621/5390 2812/4622/5390
f 2812/4623/5391 2811/4624/5391 2813/4625/5391
f 2812/4626/5392 2813/4627/5392 2781/4628/5392
f 2781/4629/5393 2813/4630/5393 2785/4631/5393
f 2781/4629/5394 2785/4631/5394 2783/4632/5394
f 2785/4568/5395 2813/4633/5395 2787/4570/5395
f 2787/4573/5396 2813/4634/5396 2811/4621/5396
f 2787/4573/5397 2811/4621/5397 2789/4574/5397
f 2789/4574/5398 2811/4621/5398 2809/4620/5398
f 2789/4574/5399 2809/4620/5399 2791/4579/5399
f 2791/4579/5400 2809/4620/5400 2807/4635/5400
f 2791/4579/5401 2807/4635/5401 2793/4581/5401
f 2793/4636/5402 2807/4637/5402 2806/4638/5402
f 2793/4584/5403 2806/4612/5403 2795/4585/5403
f 2795/4585/5404 2806/4612/5404 2797/4587/5404
f 2775/4639/5405 2808/4640/5405 2777/4641/5405
f 2777/4642/5406 2808/4643/5406 2814/4644/5406
f 2777/4558/5407 2814/4645/5407 2779/4560/5407
f 2779/4646/5408 2814/4647/5408 2815/4648/5408
f 2779/4560/5409 2815/4649/5409 2781/4562/5409
f 2781/4628/5410 2815/4650/5410 2812/4626/5410
f 2808/4651/5411 2810/4652/5411 2814/4653/5411
f 2814/4653/5412 2810/4652/5412 2816/4654/5412
f 2814/4655/5413 2816/4656/5413 2815/4657/5413
f 2815/4658/5414 2816/4659/5414 2812/4660/5414
f 2768/4546/5415 2770/4548/5415 2817/4661/5415
f 2817/4661/5416 2770/4548/5416 2818/4662/5416
f 2817/4661/5417 2818/4662/5417 2768/4546/5417
f 2768/4588/5418 2818/4663/5418 2819/4664/5418
f 2768/4588/5419 2819/4664/5419 2798/4589/5419
f 2798/4589/5420 2819/4664/5420 2799/4593/5420
f 2799/4665/5421 2819/4666/5421 2801/4597/5421
f 2801/4597/5422 2819/4666/5422 2820/4667/5422
f 2801/4597/5423 2820/4667/5423 2803/4599/5423
f 2803/4599/5424 2820/4667/5424 2821/4668/5424
f 2803/4599/5425 2821/4668/5425 2776/4557/5425
f 2776/4557/5426 2821/4668/5426 2774/4552/5426
f 2774/4552/5427 2821/4668/5427 2772/4550/5427
f 2772/4550/5428 2821/4668/5428 2820/4667/5428
f 2772/4550/5429 2820/4667/5429 2770/4548/5429
f 2770/4548/5430 2820/4667/5430 2818/4662/5430
f 1569/2419/2618 1306/2418/2618 2822/4669/2618
f 2822/4669/5431 1306/2418/5431 2823/4670/5431
f 2822/4669/5432 2823/4670/5432 2824/4671/5432
f 2824/4671/5433 2823/4670/5433 2825/4672/5433
f 2824/4673/5434 2825/4674/5434 1298/4675/5434
f 1298/2000/5435 2825/4676/5435 1300/2002/5435
f 1300/2005/2146 2825/4677/2146 1302/2006/2146
f 1302/4678/5436 2825/4672/5436 2823/4670/5436
f 1302/2006/2148 2823/4679/2148 1304/2008/2148
f 1304/4680/5431 2823/4670/5431 1306/2418/5431
f 2822/4669/5432 2824/4671/5432 2826/4681/5432
f 2826/4682/5437 2824/4673/5437 1298/4675/5437
f 2826/4682/5438 1298/4675/5438 2827/4683/5438
f 2827/4683/5439 1298/4675/5439 1570/4684/5439
f 2827/4685/2620 1570/2421/2620 1569/2420/2620
f 1569/2419/5440 2822/4669/5440 2827/4686/5440
f 2827/4686/5440 2822/4669/5440 2826/4681/5440
f 2828/4687/5441 2829/4688/5441 2830/4689/5441
f 2830/4690/5442 2829/4691/5442 2831/4692/5442
f 2830/4690/5443 2831/4692/5443 2832/4693/5443
f 2832/4693/5444 2831/4692/5444 2833/4694/5444
f 2832/4693/5445 2833/4694/5445 2834/4695/5445
f 2834/4695/5446 2833/4694/5446 2835/4696/5446
f 2834/4695/5447 2835/4696/5447 2836/4697/5447
f 2836/4697/5448 2835/4696/5448 2837/4698/5448
f 2836/4697/5449 2837/4698/5449 716/1075/5449
f 716/1075/5450 2837/4698/5450 2838/4699/5450
f 716/1074/5451 2838/4700/5451 714/1072/5451
f 714/1072/5452 2838/4700/5452 2839/4701/5452
f 714/1072/5453 2839/4701/5453 2840/4702/5453
f 2840/4702/5454 2839/4701/5454 2841/4703/5454
f 2840/4702/5455 2841/4703/5455 745/1127/5455
f 745/1127/5456 2841/4703/5456 2842/4704/5456
f 745/1127/5457 2842/4704/5457 702/1057/5457
f 702/1057/5458 2842/4704/5458 700/1055/5458
f 700/1055/5459 2842/4704/5459 698/1053/5459
f 698/1053/5460 2842/4704/5460 741/1117/5460
f 745/1127/5461 744/1126/5461 2840/4702/5461
f 2840/4702/5462 744/1126/5462 712/1070/5462
f 2840/4702/5463 712/1070/5463 714/1072/5463
f 716/1075/5464 718/1078/5464 2836/4697/5464
f 2836/4705/5465 718/4706/5465 2843/4707/5465
f 2836/4697/5466 2843/4708/5466 2844/4709/5466
f 2844/4709/5467 2843/4708/5467 722/1082/5467
f 2844/4709/5468 722/1082/5468 724/1084/5468
f 722/1082/5469 2843/4708/5469 721/1081/5469
f 721/1081/5470 2843/4708/5470 720/1080/5470
f 2836/4710/5471 2844/4711/5471 2834/4712/5471
f 2834/4712/5472 2844/4711/5472 2845/4713/5472
f 2834/4695/5473 2845/4714/5473 2846/4715/5473
f 2846/4715/5474 2845/4714/5474 2847/4716/5474
f 2846/4715/5475 2847/4716/5475 2848/4717/5475
f 2848/4717/5476 2847/4716/5476 2849/4718/5476
f 2848/4719/5477 2849/4720/5477 739/1107/5477
f 739/1109/5478 2849/4721/5478 728/1090/5478
f 728/1088/5479 2849/4718/5479 726/1086/5479
f 726/1086/5480 2849/4718/5480 2847/4716/5480
f 726/4722/5481 2847/4723/5481 724/4724/5481
f 724/1084/5482 2847/4716/5482 2845/4714/5482
f 724/1084/5483 2845/4714/5483 2844/4709/5483
f 739/1107/5484 737/1105/5484 2848/4719/5484
f 2848/4717/5485 737/4725/5485 2850/4726/5485
f 2848/4717/5486 2850/4726/5486 2851/4727/5486
f 2851/4727/5487 2850/4726/5487 2852/4728/5487
f 2851/4727/5488 2852/4728/5488 2830/4690/5488
f 2830/4729/5489 2852/4730/5489 2828/4731/5489
f 2830/4690/5490 2832/4693/5490 2851/4727/5490
f 2851/4732/5491 2832/4733/5491 2846/4734/5491
f 2851/4732/5492 2846/4734/5492 2848/4735/5492
f 2828/4736/5493 2852/4728/5493 2853/4737/5493
f 2853/4737/5494 2852/4728/5494 2850/4726/5494
f 2853/4738/5495 2850/4739/5495 2854/4740/5495
f 2854/4741/5496 2850/4742/5496 737/1103/5496
f 2854/4741/5497 737/1103/5497 2855/4743/5497
f 2855/4743/5498 737/1103/5498 735/1101/5498
f 2855/4743/5499 735/1101/5499 2856/4744/5499
f 2856/4745/5500 735/4746/5500 2857/4747/5500
f 2856/4745/5501 2857/4747/5501 2858/4748/5501
f 2858/4749/5502 2857/4750/5502 2859/4751/5502
f 2858/4752/5503 2859/4753/5503 2831/4692/5503
f 2831/4692/5504 2859/4753/5504 2833/4694/5504
f 2831/4754/5505 2829/4755/5505 2858/4749/5505
f 2858/4749/5506 2829/4755/5506 2828/4756/5506
f 2858/4749/5507 2828/4756/5507 2856/4744/5507
f 2856/4744/5508 2828/4756/5508 2860/4757/5508
f 2856/4744/5509 2860/4757/5509 2855/4743/5509
f 2855/4743/5510 2860/4757/5510 2854/4741/5510
f 2854/4741/5511 2860/4757/5511 2853/4758/5511
f 2853/4758/5512 2860/4757/5512 2828/4756/5512
f 2859/4751/5513 2857/4750/5513 2861/4759/5513
f 2861/4759/5514 2857/4750/5514 2862/4760/5514
f 2861/4759/5515 2862/4760/5515 2839/4701/5515
f 2839/4701/5516 2862/4760/5516 2863/4761/5516
f 2839/4701/5517 2863/4761/5517 2841/4703/5517
f 2841/4703/5518 2863/4761/5518 2864/4762/5518
f 2841/4703/5519 2864/4762/5519 2842/4704/5519
f 2842/4704/5520 2864/4762/5520 741/1117/5520
f 741/1117/5521 2864/4762/5521 740/1116/5521
f 740/1116/5522 2864/4762/5522 2865/4763/5522
f 740/1116/5523 2865/4763/5523 733/1100/5523
f 733/1100/5524 2865/4763/5524 735/1101/5524
f 2865/4763/5525 2864/4762/5525 735/1101/5525
f 735/1101/5526 2864/4762/5526 2863/4761/5526
f 735/1101/5527 2863/4761/5527 2862/4760/5527
f 2839/4701/5528 2838/4700/5528 2861/4759/5528
f 2861/4759/5529 2838/4700/5529 2866/4764/5529
f 2861/4759/5530 2866/4764/5530 2859/4751/5530
f 2859/4753/5531 2866/4765/5531 2833/4694/5531
f 2833/4694/5532 2866/4765/5532 2835/4696/5532
f 2835/4696/5533 2866/4765/5533 2837/4698/5533
f 2867/4766/5534 558/827/5534 2868/4767/5534
f 2868/4767/5535 558/827/5535 556/825/5535
f 2868/4767/5536 556/825/5536 554/823/5536
f 558/827/5537 2867/4766/5537 560/829/5537
f 560/829/5538 2867/4766/5538 2869/4768/5538
f 560/829/5539 2869/4768/5539 562/831/5539
f 562/831/5540 2869/4768/5540 613/908/5540
f 2867/4766/5541 2868/4767/5541 2870/4769/5541
f 2870/4770/5542 2868/4771/5542 2871/4772/5542
f 2870/4773/5543 2871/4774/5543 2872/4775/5543
f 2872/4775/5544 2871/4774/5544 550/4776/5544
f 2872/4777/5545 550/817/5545 2873/4778/5545
f 2873/4778/5546 550/817/5546 548/812/5546
f 2873/4778/5547 548/812/5547 2874/4779/5547
f 2874/4779/5548 548/812/5548 546/810/5548
f 2874/4779/5549 546/810/5549 544/808/5549
f 550/817/5550 2871/4772/5550 552/819/5550
f 552/819/5551 2871/4772/5551 554/821/5551
f 2872/4777/5552 2875/4780/5552 2870/4770/5552
f 2870/4770/5553 2875/4780/5553 2876/4781/5553
f 2870/4770/5554 2876/4781/5554 2877/4782/5554
f 2877/4783/5555 2876/4784/5555 2878/4785/5555
f 2877/4783/5556 2878/4785/5556 2879/4786/5556
f 2879/4787/5557 2878/4788/5557 613/4789/5557
f 2879/4787/5558 613/4789/5558 2869/4790/5558
f 2879/4786/5559 2869/4791/5559 2877/4783/5559
f 2877/4792/5560 2869/4793/5560 2867/4794/5560
f 2877/4795/5561 2867/4766/5561 2870/4769/5561
f 613/4789/5562 2878/4788/5562 612/905/5562
f 612/905/5563 2878/4788/5563 2880/4796/5563
f 612/905/5564 2880/4796/5564 611/903/5564
f 611/901/5565 2880/4797/5565 609/899/5565
f 2881/4798/5566 605/4799/5566 2882/4800/5566
f 2882/4800/5567 605/4799/5567 607/4801/5567
f 2882/4800/5568 607/4801/5568 2883/4802/5568
f 2883/4802/5569 607/4801/5569 2884/4803/5569
f 2883/4802/5570 2884/4803/5570 2875/4780/5570
f 2875/4780/5571 2884/4803/5571 2876/4781/5571
f 2876/4784/5572 2884/4804/5572 2878/4785/5572
f 2878/4785/5573 2884/4804/5573 2880/4805/5573
f 2880/4797/5574 2884/4806/5574 609/899/5574
f 609/4807/5575 2884/4803/5575 607/4801/5575
f 2883/4802/5576 2875/4780/5576 2882/4800/5576
f 2882/4808/5577 2875/4809/5577 2885/4810/5577
f 2882/4800/5578 2885/4811/5578 2886/4812/5578
f 2886/4812/5579 2885/4811/5579 2887/4813/5579
f 2886/4812/5580 2887/4813/5580 2888/4814/5580
f 2888/4814/5581 2887/4813/5581 2889/4815/5581
f 2888/4814/5582 2889/4815/5582 2890/4816/5582
f 2890/4816/5583 2889/4815/5583 2891/4817/5583
f 2890/4816/5584 2891/4817/5584 2892/4818/5584
f 2892/4818/5585 2891/4817/5585 2082/3271/5585
f 2892/4818/5586 2082/3271/5586 2084/3273/5586
f 2892/4818/5587 2084/3273/5587 2890/4816/5587
f 2890/4819/5588 2084/4820/5588 2893/4821/5588
f 2890/4822/5589 2893/4823/5589 2894/4824/5589
f 2894/4824/5590 2893/4823/5590 2895/4825/5590
f 2894/4826/5591 2895/4827/5591 2888/4814/5591
f 2888/4814/5592 2895/4827/5592 2886/4812/5592
f 2084/3273/5593 2086/3275/5593 2893/4828/5593
f 2893/4828/5594 2086/3275/5594 2896/4829/5594
f 2893/4828/5595 2896/4829/5595 2895/4827/5595
f 2895/4827/5596 2896/4829/5596 2881/4798/5596
f 2895/4827/5597 2881/4798/5597 2886/4812/5597
f 2886/4812/5598 2881/4798/5598 2882/4800/5598
f 2086/3275/5599 601/881/5599 2896/4829/5599
f 2896/4829/5600 601/881/5600 603/4830/5600
f 2896/4829/5601 603/4830/5601 2881/4798/5601
f 2881/4798/5602 603/4830/5602 605/4799/5602
f 2082/3271/5603 2891/4817/5603 544/808/5603
f 544/808/5604 2891/4817/5604 2874/4779/5604
f 2891/4817/5605 2889/4815/5605 2874/4779/5605
f 2874/4779/5606 2889/4815/5606 2873/4778/5606
f 2889/4815/5607 2887/4813/5607 2873/4778/5607
f 2873/4831/5608 2887/4832/5608 2872/4833/5608
f 2872/4833/5609 2887/4832/5609 2875/4834/5609
f 2875/4780/5610 2887/4813/5610 2885/4811/5610
f 2897/4835/5611 1986/3085/5611 2898/4836/5611
f 2898/4836/5612 1986/3085/5612 1988/3087/5612
f 2898/4836/5613 1988/3087/5613 1990/3089/5613
f 2898/4836/5614 1990/3089/5614 2897/4835/5614
f 2897/4837/5615 1990/3261/5615 2899/4838/5615
f 2897/4837/5616 2899/4838/5616 1984/4839/5616
f 1984/4839/5617 2899/4838/5617 2900/4840/5617
f 1984/4839/5618 2900/4840/5618 1982/3105/5618
f 1982/3105/5619 2900/4840/5619 1998/3103/5619
f 2900/4840/5620 2899/4838/5620 1998/3103/5620
f 1998/3103/5621 2899/4838/5621 2075/3263/5621
f 2901/4841/5622 1731/2699/5622 2902/4842/5622
f 2902/4842/5623 1731/2699/5623 1729/2697/5623
f 2902/4842/5624 1729/2697/5624 1727/2695/5624
f 1727/2695/5625 1725/2693/5625 2902/4842/5625
f 2902/4842/5626 1725/2693/5626 2903/4843/5626
f 2902/4842/5627 2903/4843/5627 2901/4841/5627
f 2901/4841/5628 2903/4843/5628 1721/2689/5628
f 2901/4841/5629 1721/2689/5629 1719/2687/5629
f 1719/2687/5630 1733/2701/5630 2901/4841/5630
f 2901/4841/5631 1733/2701/5631 1731/2699/5631
f 1721/2689/5632 2903/4843/5632 1723/2691/5632
f 1723/2691/5633 2903/4843/5633 1725/2693/5633
f 66/100/5634 70/104/5634 68/102/5634
f 200/302/5635 205/314/5635 207/319/5635
f 162/251/5636 164/253/5636 230/354/5636
f 325/498/5637 330/505/5637 327/500/5637
f 437/643/5638 436/647/5638 438/644/5638
f 415/612/5639 463/681/5639 416/616/5639
f 443/658/5640 441/656/5640 481/711/5640
f 501/743/5641 500/742/5641 499/741/5641
f 510/761/5642 507/768/5642 506/760/5642
f 627/941/5643 616/911/5643 614/909/5643
f 668/1005/5644 575/848/5644 577/850/5644
f 736/1113/5645 732/1112/5645 734/4844/5645
f 804/1227/5646 749/1142/5646 751/1226/5646
f 861/1322/5647 912/1401/5647 859/1320/5647
f 853/1312/5648 855/1314/5648 910/1397/5648
f 905/1381/5649 901/1395/5649 903/1379/5649
f 894/1366/5650 892/1364/5650 916/1407/5650
f 1075/1716/5651 1074/1672/5651 266/426/5651
f 1154/1769/5652 1156/1771/5652 1155/1770/5652
f 1233/1889/5653 1237/1893/5653 1235/1891/5653
f 1224/1878/5654 1226/1880/5654 1267/1942/5654
f 1182/1810/5655 1184/1815/5655 1180/1808/5655
f 1385/2115/5656 1381/2111/5656 1383/2113/5656
f 1381/2111/5657 1343/2065/5657 1345/2067/5657
f 1342/2064/5658 1000/1558/5658 1344/2066/5658
f 1299/2001/2145 1301/2003/2145 1435/2192/2145
f 1498/2288/5659 1500/2290/5659 1504/2299/5659
f 1193/4845/5660 1503/4846/5660 1195/4847/5660
f 242/370/5661 1555/2379/5661 144/228/5661
f 1422/2173/2341 1425/2181/2341 1424/2174/2341
f 1323/2045/5662 1325/2047/5662 1405/2143/5662
f 990/1548/5663 1578/2435/5663 988/1546/5663
f 1597/2474/5664 1596/2473/5664 1598/2475/5664
f 1046/1621/5665 1606/2488/5665 1044/1619/5665
f 1603/2484/5666 1543/2363/5666 1545/2365/5666
f 1472/2251/5667 1592/2467/5667 1474/2253/5667
f 1624/2520/5668 1626/2522/5668 1639/2560/5668
f 1632/2544/5669 1638/2559/5669 1634/2546/5669
f 1665/2601/5670 1663/2599/5670 1667/2604/5670
f 1756/2755/5671 1735/2708/5671 1737/2710/5671
f 1740/2713/5672 1738/2711/5672 1760/2763/5672
f 630/944/5673 1860/2900/5673 632/946/5673
f 1949/3160/5674 1948/4848/5674 2035/3161/5674
f 1959/3047/5675 2029/3146/5675 1961/3049/5675
f 1979/3079/5676 2045/3200/5676 1981/3080/5676
f 2000/3106/5677 2059/3209/5677 2002/3108/5677
f 2041/3175/5678 2040/3174/5678 2057/3202/5678
f 2065/3221/5679 2013/3125/5679 2015/3127/5679
f 2011/3122/5680 2062/3218/5680 2009/4849/5680
f 1970/3061/5681 1972/3210/5681 2060/3211/5681
f 1994/3097/5682 1996/3099/5682 2074/3260/5682
f 1951/3035/5683 1924/2999/5683 1922/2997/5683
f 1881/2924/5684 1879/2919/5684 1943/3026/5684
f 1873/2913/5685 1871/2911/5685 1937/3020/5685
f 1788/3315/5686 2112/3313/5686 1790/3311/5686
f 2146/3392/5687 2106/3306/5687 2105/3305/5687
f 2167/3426/5688 2188/3458/5688 2169/3428/5688
f 2208/3493/5689 2200/3484/5689 2202/3486/5689
f 2194/3476/5690 2151/3404/5690 2150/3474/5690
f 1827/2857/5691 2210/3500/5691 1825/2855/5691
f 2292/3676/5692 2017/3678/5692 2019/3674/5692
f 2301/3693/5693 2299/3689/5693 2302/3694/5693
f 2310/3712/5694 2309/3710/5694 2314/3716/5694
f 2367/3795/5695 2365/3793/5695 2364/3792/5695
f 2346/3755/5696 2348/3757/5696 2356/3769/5696
f 2408/3868/5697 2319/3724/5697 2313/3715/5697
f 307/476/5698 2442/3908/5698 309/478/5698
f 375/566/5699 373/3943/5699 2427/3889/5699
f 2466/3957/5700 269/432/5700 267/431/5700
f 2474/3971/5701 2471/3966/5701 2470/3965/5701
f 1666/2603/5702 1133/1742/5702 2481/3985/5702
f 1241/1899/5703 1262/1937/5703 2487/4001/5703
f 2491/4015/5704 2490/4014/5704 2493/4017/5704
f 2504/4046/5705 1908/2968/5705 1902/2963/5705
f 2512/4065/5706 2514/4850/5706 2510/4063/5706
f 2511/4062/5707 2508/4058/5707 2517/4081/5707
f 2224/3531/5708 2520/4087/5708 2226/3532/5708
f 2529/4106/5709 1352/2074/5709 2530/4109/5709
f 2535/4120/5710 2537/4122/5710 2634/4300/5710
f 2628/4851/5711 2626/4288/5711 2637/4314/5711
f 2619/4278/5712 2621/4280/5712 2627/4289/5712
f 2606/4247/5713 2605/4246/5713 2604/4240/5713
f 2644/4333/5714 2534/4117/5714 2532/4116/5714
f 1433/4852/5715 2531/4111/5715 1436/4306/5715
f 1612/2499/5716 1534/2354/5716 2666/4362/5716
f 2716/4460/5717 2718/4468/5717 2721/4461/5717
f 43/60/5718 45/4853/5718 2725/4472/5718
f 35/52/5719 2728/4480/5719 33/49/5719
f 2696/4409/5720 2694/4407/5720 2727/4478/5720
f 73/109/5721 2736/4491/5721 71/107/5721
f 2745/4507/5722 2753/4518/5722 2747/4509/5722
f 2805/4854/5723 2782/4855/5723 2784/4856/5723
f 199/4592/5724 2800/4594/5724 201/306/5724
f 2810/4619/5725 2812/4622/5725 2816/4857/5725
f 2818/4662/5726 2820/4667/5726 2819/4666/5726
f 2832/4693/5727 2834/4695/5727 2846/4715/5727
f 718/1078/5728 720/1080/5728 2843/4708/5728
f 2866/4765/5729 2838/4699/5729 2837/4698/5729
f 2862/4760/5730 2857/4750/5730 735/1101/5730
f 2871/4772/5731 2868/4771/5731 554/821/5731
f 2890/4816/5732 2894/4826/5732 2888/4814/5732
f 1990/3261/5733 2075/3263/5733 2899/4838/5733
f 1986/3085/5734 2897/4835/5734 1984/3083/5734
