# Blender 5.1.1
# www.blender.org
# Original model and tex pulled from
# "Green cucumber low poly 10k 13mb 2k" (https://skfb.ly/pHqyU) by 3dUVpro is licensed under Creative Commons Attribution 
# (http://creativecommons.org/licenses/by/4.0/).
mtllib cucumber.mtl
o mesh_0
v 0.585127 -0.283757 -0.029354
v 0.553816 -0.283757 -0.025440
v 0.585127 -0.279843 -0.048924
v 0.616438 -0.275930 -0.048924
v 0.620352 -0.279843 -0.029354
v 0.620352 -0.279843 -0.029354
v 0.620352 -0.283757 -0.009785
v 0.589041 -0.283757 -0.005871
v 0.553816 -0.283757 -0.005871
v 0.553816 -0.283757 0.017613
v 0.522505 -0.283757 0.017613
v 0.522505 -0.283757 0.017613
v 0.522505 -0.283757 -0.001957
v 0.522505 -0.283757 -0.001957
v 0.522505 -0.283757 -0.001957
v 0.522505 -0.279843 -0.025440
v 0.522505 -0.279843 -0.025440
v 0.553816 -0.279843 -0.048924
v 0.522505 -0.279843 -0.048924
v 0.522505 -0.279843 -0.048924
v 0.522505 -0.272016 -0.068493
v 0.522505 -0.272016 -0.068493
v 0.522505 -0.272016 -0.068493
v 0.553816 -0.272016 -0.068493
v 0.589041 -0.283757 0.013699
v 0.620352 -0.283757 0.013699
v 0.620352 -0.279843 0.033268
v 0.620352 -0.279843 0.033268
v 0.589041 -0.279843 0.037182
v 0.589041 -0.279843 0.037182
v 0.651663 -0.279843 -0.009785
v 0.651663 -0.279843 -0.009785
v 0.651663 -0.275930 -0.029354
v 0.682975 -0.272016 -0.009785
v 0.651663 -0.279843 0.009785
v 0.651663 -0.279843 0.009785
v 0.491194 -0.279843 0.017613
v 0.491194 -0.279843 0.017613
v 0.522505 -0.279843 0.037182
v 0.522505 -0.279843 0.037182
v 0.522505 -0.279843 0.037182
v 0.491194 -0.275930 0.041096
v 0.459883 -0.279843 0.021526
v 0.459883 -0.279843 0.021526
v 0.491194 -0.279843 -0.001957
v 0.491194 -0.279843 -0.001957
v 0.491194 -0.279843 -0.025440
v 0.459883 -0.279843 -0.021526
v 0.491194 -0.275930 -0.045010
v 0.651663 -0.275930 0.033268
v 0.651663 -0.275930 0.033268
v 0.651663 -0.275930 0.033268
v 0.682975 -0.272016 0.029354
v 0.682975 -0.272016 0.029354
v 0.651663 -0.272016 0.052838
v 0.620352 -0.275930 0.056751
v 0.553816 -0.279843 0.037182
v 0.553816 -0.279843 0.037182
v 0.553816 -0.275930 0.060665
v 0.287671 -0.021526 -0.213307
v 0.522505 -0.275930 0.060665
v 0.522505 -0.275930 0.060665
v 0.307241 -0.025440 -0.217221
v 0.307241 -0.025440 -0.217221
v 0.279843 -0.041096 -0.213307
v 0.279843 -0.041096 -0.213307
v 0.279843 -0.041096 -0.213307
v 0.491194 -0.272016 -0.068493
v 0.150685 -0.017612 -0.209393
v 0.150685 -0.017612 -0.209393
v 0.459883 -0.268102 -0.064579
v 0.146771 -0.041096 -0.205479
v 0.146771 -0.041096 -0.205479
v 0.491194 -0.264188 -0.088063
v 0.491194 -0.264188 -0.088063
v 0.123288 -0.037182 -0.205479
v 0.522505 -0.264188 -0.088063
v 0.522505 -0.264188 -0.088063
v 0.522505 -0.264188 -0.088063
v 0.585127 -0.272016 -0.068493
v 0.131115 -0.013699 -0.209393
v 0.154599 -0.001957 -0.217221
v 0.154599 -0.001957 -0.217221
v 0.585127 -0.264188 -0.091977
v 0.585127 -0.264188 -0.091977
v 0.174168 -0.021526 -0.209393
v 0.616438 -0.264188 -0.091977
v 0.616438 -0.264188 -0.091977
v 0.616438 -0.264188 -0.091977
v 0.616438 -0.272016 -0.068493
v 0.616438 -0.272016 -0.068493
v -0.119374 -0.021526 -0.197652
v -0.119374 -0.021526 -0.197652
v -0.119374 -0.021526 -0.197652
v -0.146771 -0.021526 -0.197652
v -0.146771 -0.021526 -0.197652
v 0.651663 -0.272016 -0.048924
v 0.651663 -0.272016 -0.048924
v -0.123288 -0.005871 -0.201566
v -0.091977 -0.009785 -0.201566
v -0.091977 -0.009785 -0.201566
v -0.091977 -0.009785 -0.201566
v 0.647750 -0.268102 -0.068493
v -0.088063 -0.033268 -0.197652
v 0.682975 -0.268102 -0.048924
v -0.115460 -0.041096 -0.197652
v -0.115460 -0.041096 -0.197652
v -0.459883 -0.021526 -0.181996
v -0.459883 -0.021526 -0.181996
v -0.459883 -0.021526 -0.181996
v 0.416830 -0.279843 -0.021526
v -0.459883 -0.041096 -0.178082
v 0.424658 -0.279843 -0.001957
v 0.424658 -0.279843 -0.001957
v -0.487280 -0.037182 -0.178082
v -0.487280 -0.037182 -0.178082
v 0.397260 -0.272016 -0.001957
v 0.397260 -0.272016 -0.001957
v -0.487280 -0.017612 -0.178082
v -0.487280 -0.017612 -0.178082
v 0.393346 -0.272016 -0.017613
v 0.393346 -0.272016 -0.017613
v -0.487280 0.001957 -0.185910
v -0.487280 0.001957 -0.185910
v 0.393346 -0.268102 -0.037182
v -0.459883 -0.001957 -0.185910
v 0.416830 -0.272016 -0.041096
v -0.432485 -0.005871 -0.181996
v -0.432485 -0.005871 -0.181996
v -0.432485 -0.025440 -0.181996
v 0.452055 -0.272016 -0.045010
v -0.749511 -0.017612 -0.158513
v -0.749511 -0.017612 -0.158513
v -0.776908 -0.041096 -0.154599
v -0.776908 -0.041096 -0.154599
v 0.444227 -0.275930 -0.021526
v -0.776908 -0.021526 -0.154599
v -0.776908 -0.021526 -0.154599
v 0.459883 -0.279843 -0.001957
v 0.459883 -0.279843 -0.001957
v -0.753425 0.001957 -0.154599
v -0.722113 -0.017612 -0.162427
v -0.722113 -0.017612 -0.162427
v 0.436399 -0.275930 0.021526
v 0.436399 -0.275930 0.021526
v -0.722113 -0.037182 -0.162427
v -0.722113 -0.037182 -0.162427
v -0.722113 -0.037182 -0.162427
v 0.804305 -0.021526 -0.123288
v 0.440313 -0.279843 -0.001957
v 0.788650 -0.017612 -0.135029
v 0.804305 -0.009785 -0.115460
v 0.816047 -0.029354 -0.111546
v 0.816047 -0.029354 -0.111546
v 0.420744 -0.264188 -0.064579
v 0.816047 -0.041096 -0.115460
v 0.816047 -0.041096 -0.115460
v 0.804305 -0.033268 -0.127202
v 0.416830 -0.279843 0.021526
v 0.416830 -0.279843 0.021526
v 0.835616 -0.029354 -0.084149
v 0.835616 -0.041096 -0.091977
v 0.440313 -0.272016 0.041096
v 0.823875 -0.021526 -0.095890
v 0.416830 -0.272016 0.041096
v 0.823875 -0.013699 -0.088063
v 0.835616 -0.021526 -0.076321
v 0.843444 -0.029354 -0.068493
v 0.393346 -0.268102 0.041096
v 0.843444 -0.037182 -0.076321
v 0.393346 -0.272016 0.017613
v 0.393346 -0.272016 0.017613
v 0.393346 -0.272016 0.017613
v 0.393346 -0.272016 0.017613
v 0.863014 -0.033268 -0.033268
v 0.863014 -0.041096 -0.037182
v 0.863014 -0.041096 -0.037182
v 0.855186 -0.025440 -0.037182
v 0.682975 -0.275930 0.009785
v 0.866928 -0.025440 -0.025440
v 0.870842 -0.029354 -0.021526
v 0.714286 -0.268102 -0.013699
v 0.866928 -0.037182 -0.025440
v 0.714286 -0.268102 0.005871
v 0.886497 -0.033268 -0.013699
v 0.886497 -0.033268 -0.013699
v 0.714286 -0.268102 0.025440
v 0.714286 -0.268102 0.025440
v 0.878669 -0.041096 -0.013699
v 0.874755 -0.037182 -0.017613
v 0.491194 -0.272016 0.060665
v 0.459883 -0.268102 0.064579
v 0.589041 -0.275930 0.056751
v 0.620352 -0.268102 0.076321
v 0.882583 -0.029354 -0.017613
v 0.890411 -0.021526 -0.013699
v 0.890411 -0.021526 -0.013699
v 0.589041 -0.268102 0.080235
v 0.886497 -0.033268 -0.005871
v 0.886497 -0.033268 -0.005871
v 0.878669 -0.041096 -0.005871
v 0.878669 -0.041096 -0.005871
v 0.557730 -0.268102 0.080235
v 0.894325 -0.025440 -0.005871
v 0.894325 -0.025440 -0.005871
v 0.894325 -0.025440 -0.005871
v 0.526419 -0.268102 0.080235
v 0.526419 -0.268102 0.080235
v 0.894325 -0.025440 0.001957
v 0.894325 -0.025440 0.001957
v 0.682975 -0.272016 -0.029354
v 0.886497 -0.037182 0.001957
v 0.886497 -0.037182 0.001957
v 0.874755 -0.025440 0.021526
v 0.874755 -0.025440 0.021526
v 0.714286 -0.260274 -0.052838
v 0.863014 -0.041096 0.037182
v 0.863014 -0.041096 0.037182
v 0.714286 -0.264188 -0.033268
v 0.870842 -0.037182 0.025440
v 0.870842 -0.037182 0.025440
v 0.870842 -0.037182 0.025440
v 0.874755 -0.037182 0.017613
v 0.651663 -0.268102 0.072407
v 0.682975 -0.264188 0.068493
v 0.882583 -0.025440 0.017613
v 0.651663 -0.260274 0.091976
v 0.894325 -0.013699 0.017613
v 0.620352 -0.260274 0.095890
v 0.886497 -0.013699 0.021527
v 0.886497 -0.013699 0.021527
v 0.589041 -0.260274 0.099804
v 0.870842 -0.017613 0.025440
v 0.870842 -0.017613 0.025440
v 0.870842 -0.017613 0.025440
v 0.557730 -0.260274 0.099804
v 0.557730 -0.260274 0.099804
v 0.863014 -0.029354 0.033268
v 0.553816 -0.264188 -0.091977
v 0.553816 -0.264188 -0.091977
v 0.863014 -0.021526 0.029354
v 0.855186 -0.025440 0.041096
v 0.855186 -0.025440 0.041096
v 0.522505 -0.256360 -0.111546
v 0.522505 -0.256360 -0.111546
v 0.859100 -0.033268 0.045010
v 0.859100 -0.033268 0.045010
v 0.553816 -0.256360 -0.111546
v 0.647750 -0.260274 -0.088063
v 0.616438 -0.252446 -0.111546
v 0.616438 -0.252446 -0.111546
v 0.647750 -0.248532 -0.107632
v 0.647750 -0.248532 -0.107632
v -0.925636 -0.029354 0.056752
v 0.679061 -0.252446 -0.088063
v -0.921722 -0.041096 0.064579
v -0.909980 -0.041096 0.084149
v -0.909980 -0.041096 0.084149
v -0.909980 -0.025440 0.080235
v -0.909980 -0.025440 0.080235
v -0.909980 -0.025440 0.080235
v -0.929550 -0.017613 0.045010
v -0.929550 -0.017613 0.045010
v 0.393346 -0.260274 -0.060665
v 0.393346 -0.260274 -0.060665
v -0.941292 -0.037182 0.029354
v 0.389432 -0.252446 -0.084149
v 0.389432 -0.252446 -0.084149
v 0.389432 -0.252446 -0.084149
v 0.851272 -0.033268 0.060665
v 0.420744 -0.256360 -0.084149
v 0.855186 -0.041096 0.064579
v 0.459883 -0.264188 -0.088063
v 0.459883 -0.264188 -0.088063
v 0.851272 -0.025440 0.052838
v 0.851272 -0.025440 0.052838
v 0.369863 -0.268102 -0.001957
v 0.369863 -0.268102 -0.001957
v 0.369863 -0.268102 -0.001957
v 0.843444 -0.021526 0.068493
v 0.369863 -0.268102 0.017613
v 0.369863 -0.268102 0.017613
v 0.369863 -0.268102 0.017613
v 0.342466 -0.264188 -0.001957
v 0.342466 -0.264188 -0.001957
v 0.342466 -0.264188 -0.001957
v 0.369863 -0.268102 -0.017613
v 0.369863 -0.268102 -0.017613
v 0.847358 -0.029354 0.076321
v 0.369863 -0.264188 -0.037182
v 0.369863 -0.264188 -0.037182
v -0.749511 -0.017613 0.158513
v -0.722113 -0.037182 0.162427
v -0.722113 -0.037182 0.162427
v 0.346380 -0.260274 -0.037182
v -0.722113 -0.017613 0.162427
v -0.722113 -0.017613 0.162427
v 0.346380 -0.256360 -0.064579
v -0.753425 0.001957 0.154599
v -0.776908 -0.021526 0.154599
v 0.369863 -0.260274 -0.060665
v -0.776908 -0.041096 0.154599
v -0.459883 -0.021526 0.181996
v -0.459883 -0.021526 0.181996
v -0.459883 -0.021526 0.181996
v -0.459883 -0.041096 0.178082
v 0.369863 -0.264188 0.041096
v 0.369863 -0.264188 0.041096
v -0.432485 -0.025440 0.181996
v -0.432485 -0.005871 0.181996
v 0.393346 -0.260274 0.064579
v 0.393346 -0.260274 0.064579
v -0.459883 -0.001957 0.185910
v 0.369863 -0.260274 0.064579
v -0.487280 0.001957 0.185910
v -0.487280 0.001957 0.185910
v 0.346380 -0.256360 0.064579
v -0.487280 -0.017613 0.178082
v -0.487280 -0.017613 0.178082
v 0.346380 -0.260274 0.041096
v 0.455969 -0.009785 -0.225049
v 0.475538 -0.037182 -0.228963
v 0.475538 -0.037182 -0.228963
v 0.475538 -0.037182 -0.228963
v 0.682975 -0.268102 0.048924
v 0.452055 -0.029354 -0.225049
v 0.714286 -0.264188 0.045010
v 0.714286 -0.264188 0.045010
v 0.432485 -0.009785 -0.228963
v 0.432485 0.001957 -0.228963
v 0.714286 -0.256360 0.064579
v 0.452055 0.013699 -0.221135
v 0.479452 -0.013699 -0.225049
v 0.479452 -0.013699 -0.225049
v 0.495108 -0.268102 0.084149
v 0.405088 -0.017612 -0.221135
v 0.393346 -0.037182 -0.221135
v 0.463796 -0.264188 0.084149
v 0.381605 -0.009785 -0.217221
v 0.381605 -0.009785 -0.217221
v 0.420744 -0.264188 0.064579
v 0.397260 0.009785 -0.213307
v 0.397260 0.009785 -0.213307
v 0.416830 -0.001957 -0.225049
v 0.424658 -0.256360 0.088063
v 0.393346 -0.252446 0.088063
v 0.393346 -0.252446 0.088063
v 0.428571 -0.025440 -0.225049
v 0.103718 -0.009785 -0.205479
v 0.526419 -0.260274 0.103718
v 0.526419 -0.260274 0.103718
v 0.526419 -0.260274 0.103718
v 0.076321 -0.005871 -0.205479
v 0.076321 -0.005871 -0.205479
v 0.495108 -0.256360 0.103718
v 0.084149 0.009785 -0.209393
v 0.107632 0.005871 -0.205479
v 0.682975 -0.260274 -0.068493
v 0.135029 0.001957 -0.213307
v 0.714286 -0.244618 -0.088063
v 0.714286 -0.252446 -0.068493
v 0.095890 -0.033268 -0.201566
v 0.095890 -0.033268 -0.201566
v 0.041096 -0.017612 -0.205479
v 0.424658 -0.248532 -0.107632
v 0.424658 -0.248532 -0.107632
v 0.424658 -0.248532 -0.107632
v 0.033268 -0.037182 -0.201566
v 0.459883 -0.252446 -0.107632
v 0.459883 -0.252446 -0.107632
v 0.005871 -0.033268 -0.201566
v 0.005871 -0.033268 -0.201566
v 0.009785 -0.009785 -0.201566
v 0.009785 -0.009785 -0.201566
v 0.021527 0.009785 -0.201566
v 0.021527 0.009785 -0.201566
v 0.346380 -0.264188 -0.017613
v 0.052838 0.001957 -0.205479
v 0.052838 0.001957 -0.205479
v 0.322896 -0.264188 0.001957
v 0.322896 -0.264188 0.001957
v 0.322896 -0.264188 0.001957
v -0.726027 0.005871 -0.158513
v -0.726027 0.005871 -0.158513
v 0.326810 -0.264188 -0.021526
v 0.326810 -0.264188 -0.021526
v -0.698630 0.005871 -0.166341
v -0.698630 0.005871 -0.166341
v 0.330724 -0.260274 -0.041096
v 0.330724 -0.260274 -0.041096
v -0.694716 -0.017612 -0.166341
v -0.694716 -0.017612 -0.166341
v -0.894325 -0.021526 -0.099804
v -0.894325 -0.021526 -0.099804
v 0.745597 -0.256360 -0.013699
v 0.745597 -0.256360 -0.013699
v -0.894325 -0.037182 -0.103718
v 0.745597 -0.256360 -0.033268
v 0.745597 -0.256360 -0.033268
v -0.909980 -0.025440 -0.080235
v -0.909980 -0.025440 -0.080235
v -0.909980 -0.025440 -0.080235
v 0.772994 -0.244618 -0.017613
v -0.909980 -0.009785 -0.072407
v 0.745597 -0.256360 0.001957
v 0.745597 -0.256360 0.001957
v -0.894325 -0.005871 -0.095890
v -0.874755 -0.001957 -0.111546
v 0.745597 -0.256360 0.021526
v 0.745597 -0.256360 0.021526
v 0.745597 -0.256360 0.021526
v -0.874755 -0.017612 -0.115460
v -0.874755 -0.017612 -0.115460
v 0.772994 -0.244618 0.017613
v -0.874755 -0.033268 -0.119374
v -0.874755 -0.033268 -0.119374
v 0.745597 -0.256360 0.041096
v 0.745597 -0.256360 0.041096
v 0.745597 -0.256360 0.041096
v 0.843444 -0.017612 -0.060665
v 0.847358 -0.037182 -0.060665
v 0.847358 -0.037182 -0.060665
v 0.346380 -0.264188 0.017613
v 0.346380 -0.264188 0.017613
v 0.835616 -0.009785 -0.068493
v 0.330724 -0.260274 0.041096
v 0.330724 -0.260274 0.041096
v 0.831703 -0.001957 -0.060665
v 0.843444 -0.009785 -0.052838
v 0.843444 -0.009785 -0.052838
v 0.326810 -0.264188 0.021526
v 0.326810 -0.264188 0.021526
v 0.847358 -0.017612 -0.045010
v 0.847358 -0.017612 -0.045010
v 0.851272 -0.025440 -0.052838
v 0.851272 -0.025440 -0.052838
v 0.874755 -0.021526 -0.021526
v 0.651663 -0.248532 0.111546
v 0.620352 -0.248532 0.115460
v 0.870842 -0.017612 -0.025440
v 0.882583 -0.013699 -0.021526
v 0.589041 -0.248532 0.119374
v 0.589041 -0.248532 0.119374
v 0.557730 -0.248532 0.123288
v 0.557730 -0.248532 0.123288
v -0.941292 -0.021526 -0.005871
v -0.941292 -0.021526 -0.005871
v -0.941292 -0.021526 -0.005871
v 0.467710 -0.256360 0.107632
v -0.949119 -0.037182 -0.009785
v -0.949119 -0.037182 -0.009785
v -0.949119 -0.037182 0.009785
v -0.949119 -0.037182 0.009785
v 0.499022 -0.244618 0.127202
v -0.941292 -0.021526 0.005871
v -0.941292 -0.021526 0.005871
v 0.471624 -0.248532 0.127202
v -0.933464 -0.005871 -0.005871
v -0.933464 -0.005871 -0.005871
v 0.428571 -0.248532 0.107632
v -0.937378 -0.021526 -0.025440
v -0.937378 -0.021526 -0.025440
v 0.585127 -0.252446 -0.111546
v 0.898239 -0.013699 0.001957
v 0.898239 -0.013699 0.001957
v 0.585127 -0.240704 -0.131115
v 0.890411 -0.029354 0.009785
v 0.616438 -0.240704 -0.127202
v 0.882583 -0.037182 0.009785
v -0.937378 -0.021526 0.025440
v -0.937378 -0.021526 0.025440
v -0.933464 -0.005871 0.005871
v -0.933464 -0.005871 0.005871
v -0.933464 -0.005871 0.005871
v 0.491194 -0.256360 -0.107632
v 0.898239 -0.017613 0.009785
v 0.898239 -0.017613 0.009785
v 0.491194 -0.244618 -0.131115
v 0.522505 -0.240704 -0.131115
v 0.522505 -0.240704 -0.131115
v -0.909980 -0.009785 0.072407
v -0.925636 -0.001957 0.041096
v -0.925636 -0.001957 0.041096
v 0.745597 -0.248532 -0.052838
v 0.745597 -0.248532 -0.052838
v 0.745597 -0.248532 -0.052838
v -0.694716 -0.017613 0.166340
v -0.694716 -0.017613 0.166340
v -0.671233 -0.017613 0.170254
v 0.745597 -0.244618 -0.068493
v 0.745597 -0.244618 -0.068493
v 0.772994 -0.236791 -0.052838
v 0.772994 -0.236791 -0.052838
v -0.671233 0.005871 0.166340
v -0.698630 0.005871 0.166340
v -0.698630 0.005871 0.166340
v 0.303327 -0.260274 0.001957
v 0.303327 -0.260274 0.001957
v 0.131115 -0.013699 0.209393
v 0.131115 -0.013699 0.209393
v 0.123288 -0.037182 0.205480
v 0.123288 -0.037182 0.205480
v 0.123288 -0.037182 0.205480
v 0.150685 -0.017613 0.209393
v 0.154599 -0.001957 0.217221
v 0.154599 -0.001957 0.217221
v 0.135029 0.001957 0.213307
v 0.135029 0.001957 0.213307
v 0.303327 -0.260274 0.021526
v 0.103718 -0.009785 0.205480
v 0.103718 -0.009785 0.205480
v 0.279843 -0.256360 0.001957
v 0.279843 -0.256360 0.001957
v 0.236791 -0.013699 -0.213307
v 0.221135 -0.017612 -0.213307
v 0.240705 0.001957 -0.209393
v 0.240705 0.001957 -0.209393
v 0.303327 -0.260274 -0.021526
v 0.264188 -0.017612 -0.213307
v 0.264188 -0.017612 -0.213307
v 0.303327 -0.256360 -0.041096
v 0.303327 -0.256360 -0.041096
v 0.256360 -0.033268 -0.213307
v 0.256360 -0.033268 -0.213307
v 0.279843 -0.252446 -0.041096
v -0.025440 -0.029354 -0.197652
v 0.303327 -0.252446 -0.068493
v 0.303327 -0.252446 -0.068493
v 0.326810 -0.256360 -0.064579
v 0.326810 -0.256360 -0.064579
v -0.021526 -0.009785 -0.201566
v -0.017613 0.009785 -0.201566
v -0.017613 0.009785 -0.201566
v -0.017613 0.009785 -0.201566
v 0.303327 -0.256360 0.041096
v -0.115460 0.005871 -0.201566
v -0.115460 0.005871 -0.201566
v 0.326810 -0.256360 0.064579
v 0.326810 -0.256360 0.064579
v 0.303327 -0.252446 0.068493
v 0.303327 -0.252446 0.068493
v -0.084149 0.013699 -0.201566
v -0.084149 0.013699 -0.201566
v 0.279843 -0.252446 0.041096
v -0.052838 0.009785 -0.201566
v -0.052838 0.009785 -0.201566
v 0.745597 -0.248532 0.060665
v 0.745597 -0.248532 0.060665
v -0.056752 -0.009785 -0.201566
v -0.056752 -0.009785 -0.201566
v 0.651663 -0.009785 -0.197652
v 0.772994 -0.240704 0.052838
v 0.624266 -0.025440 -0.213307
v 0.624266 -0.025440 -0.213307
v 0.745597 -0.244618 0.076321
v 0.745597 -0.244618 0.076321
v 0.745597 -0.244618 0.076321
v 0.624266 -0.005871 -0.205479
v 0.624266 -0.005871 -0.205479
v 0.714286 -0.252446 0.084149
v 0.714286 -0.252446 0.084149
v 0.624266 0.017613 -0.197652
v 0.624266 0.017613 -0.197652
v 0.682975 -0.256360 0.088063
v 0.651663 0.013699 -0.189824
v 0.679061 0.009785 -0.181996
v 0.714286 -0.240704 0.103718
v 0.682975 -0.244618 0.107632
v 0.679061 -0.009785 -0.189824
v 0.679061 -0.033268 -0.197652
v 0.436399 -0.244618 0.127202
v 0.706458 0.005871 -0.174168
v 0.706458 0.005871 -0.174168
v 0.393346 -0.244618 0.107632
v 0.393346 -0.244618 0.107632
v 0.706458 -0.013699 -0.181996
v 0.365949 -0.252446 -0.084149
v 0.365949 -0.252446 -0.084149
v -0.256360 -0.009785 -0.193738
v -0.260274 -0.033268 -0.189824
v -0.260274 -0.033268 -0.189824
v -0.287671 -0.029354 -0.189824
v 0.346380 -0.252446 -0.088063
v -0.287671 -0.009785 -0.193738
v -0.283757 0.009785 -0.197652
v 0.342466 -0.244618 -0.103718
v 0.342466 -0.244618 -0.103718
v 0.365949 -0.240704 -0.103718
v -0.256360 0.009785 -0.197652
v 0.389432 -0.244618 -0.107632
v 0.389432 -0.244618 -0.107632
v -0.228963 -0.013699 -0.197652
v -0.592955 -0.009785 -0.174168
v -0.592955 -0.009785 -0.174168
v 0.315068 -0.256360 -0.091977
v -0.620352 -0.013699 -0.170254
v -0.620352 0.009785 -0.174168
v -0.596869 0.009785 -0.178082
v -0.596869 0.009785 -0.178082
v 0.330724 -0.256360 -0.088063
v -0.565558 -0.009785 -0.174168
v -0.565558 -0.009785 -0.174168
v 0.279843 -0.256360 -0.021526
v -0.592955 -0.033268 -0.170254
v -0.592955 -0.033268 -0.170254
v -0.592955 -0.033268 -0.170254
v -0.592955 -0.033268 -0.170254
v 0.772994 -0.017612 -0.146771
v 0.772994 -0.017612 -0.146771
v 0.260274 -0.256360 0.001957
v 0.260274 -0.256360 0.001957
v 0.772994 -0.033268 -0.154599
v 0.772994 -0.033268 -0.154599
v 0.753425 -0.033268 -0.166341
v 0.753425 -0.033268 -0.166341
v 0.260274 -0.256360 -0.017613
v 0.753425 -0.013699 -0.162427
v 0.753425 -0.013699 -0.162427
v 0.753425 -0.013699 -0.162427
v 0.256360 -0.252446 -0.037182
v 0.256360 -0.252446 -0.037182
v 0.772994 -0.001957 -0.142857
v 0.279843 -0.256360 0.021526
v 0.729941 -0.013699 -0.170254
v 0.729941 -0.013699 -0.170254
v 0.256360 -0.252446 0.037182
v 0.729941 0.005871 -0.162427
v 0.729941 0.005871 -0.162427
v 0.260274 -0.256360 0.017613
v 0.753425 0.001957 -0.154599
v 0.753425 0.001957 -0.154599
v 0.346380 -0.252446 0.088063
v -0.851272 -0.017612 -0.131115
v -0.851272 -0.017612 -0.131115
v -0.851272 -0.017612 -0.131115
v 0.330724 -0.252446 0.088063
v -0.851272 -0.033268 -0.131115
v -0.851272 -0.033268 -0.131115
v -0.851272 0.001957 -0.123288
v -0.851272 0.001957 -0.123288
v 0.315068 -0.256360 0.091976
v -0.827789 -0.013699 -0.138943
v -0.827789 -0.013699 -0.138943
v -0.827789 -0.029354 -0.142857
v -0.827789 -0.029354 -0.142857
v -0.827789 -0.029354 -0.142857
v 0.365949 -0.252446 0.088063
v -0.851272 -0.017613 0.131115
v -0.851272 -0.017613 0.131115
v -0.874755 -0.033268 0.119374
v -0.874755 -0.033268 0.119374
v -0.851272 -0.033268 0.131115
v -0.851272 -0.033268 0.131115
v -0.851272 -0.033268 0.131115
v -0.827789 -0.013699 0.138943
v 0.365949 -0.240704 0.103718
v -0.851272 0.001957 0.123288
v -0.851272 0.001957 0.123288
v 0.342466 -0.244618 0.103718
v -0.874755 -0.017613 0.115460
v -0.894325 -0.021526 0.099804
v -0.894325 -0.021526 0.099804
v -0.874755 -0.001957 0.111546
v 0.682975 -0.232877 0.127202
v 0.651663 -0.236791 0.131115
v -0.894325 -0.005871 0.095890
v 0.823875 -0.021526 0.111546
v 0.823875 -0.021526 0.111546
v 0.835616 -0.025440 0.091977
v 0.620352 -0.236791 0.135029
v 0.823875 -0.009785 0.103718
v 0.823875 -0.009785 0.103718
v 0.589041 -0.236791 0.138943
v 0.589041 -0.236791 0.138943
v 0.808219 -0.013699 0.127202
v 0.808219 -0.029354 0.135029
v 0.530333 -0.248532 0.123288
v 0.530333 -0.248532 0.123288
v 0.823875 -0.033268 0.119374
v 0.823875 -0.033268 0.119374
v -0.827789 -0.029354 0.142857
v -0.827789 -0.029354 0.142857
v 0.530333 -0.232877 0.142857
v -0.565558 -0.009785 0.174168
v -0.565558 -0.009785 0.174168
v 0.499022 -0.232877 0.146771
v 0.499022 -0.232877 0.146771
v -0.538160 -0.033268 0.174168
v -0.538160 -0.033268 0.174168
v -0.542074 -0.009785 0.174168
v -0.569472 0.009785 0.178082
v 0.553816 -0.240704 -0.131115
v -0.596869 0.009785 0.178082
v -0.596869 0.009785 0.178082
v 0.522505 -0.228963 -0.150685
v 0.522505 -0.228963 -0.150685
v -0.592955 -0.009785 0.174168
v -0.592955 -0.009785 0.174168
v 0.553816 -0.228963 -0.150685
v 0.303327 -0.248532 -0.099804
v 0.303327 -0.248532 -0.099804
v -0.592955 -0.033268 0.170254
v -0.592955 -0.033268 0.170254
v -0.592955 -0.033268 0.170254
v -0.592955 -0.033268 0.170254
v 0.291585 -0.244618 -0.088063
v -0.514677 -0.013699 0.178082
v -0.514677 -0.013699 0.178082
v -0.514677 0.005871 0.178082
v 0.287671 -0.236791 -0.103718
v 0.287671 -0.236791 -0.103718
v 0.287671 -0.236791 -0.103718
v -0.542074 0.009785 0.178082
v 0.299413 -0.240704 -0.107632
v 0.299413 -0.240704 -0.107632
v -0.201566 -0.017613 0.197652
v -0.201566 -0.017613 0.197652
v -0.201566 -0.017613 0.197652
v -0.174168 -0.017613 0.197652
v -0.174168 -0.017613 0.197652
v 0.315068 -0.248532 -0.107632
v 0.315068 -0.248532 -0.107632
v -0.201566 0.001957 0.197652
v -0.228963 0.005871 0.197652
v -0.228963 0.005871 0.197652
v 0.307241 -0.236791 -0.115460
v -0.228963 -0.013699 0.197652
v 0.318982 -0.232877 -0.123288
v 0.326810 -0.248532 -0.107632
v 0.326810 -0.248532 -0.107632
v -0.228963 -0.033268 0.193738
v -0.228963 -0.033268 0.193738
v -0.056752 -0.009785 0.201566
v 0.342466 -0.232877 -0.119374
v -0.021526 -0.009785 0.201566
v -0.052838 0.009785 0.201566
v -0.052838 0.009785 0.201566
v 0.428571 -0.240704 -0.127202
v 0.428571 -0.240704 -0.127202
v 0.463796 -0.244618 -0.131115
v 0.772994 -0.240704 -0.037182
v -0.091977 -0.009785 0.201566
v -0.091977 -0.009785 0.201566
v 0.796477 -0.221135 -0.052838
v 0.796477 -0.221135 -0.052838
v -0.088063 -0.033268 0.197652
v 0.796477 -0.225049 -0.037182
v -0.056752 -0.029354 0.197652
v 0.796477 -0.228963 -0.021526
v -0.084149 0.013699 0.201566
v -0.084149 0.013699 0.201566
v -0.084149 0.013699 0.201566
v 0.232877 -0.256360 -0.025440
v -0.115460 0.005871 0.201566
v -0.115460 0.005871 0.201566
v 0.240705 -0.256360 -0.025440
v 0.240705 -0.256360 -0.025440
v -0.123288 -0.005871 0.201566
v -0.123288 -0.005871 0.201566
v -0.123288 -0.005871 0.201566
v 0.232877 -0.256360 -0.017613
v 0.232877 -0.256360 -0.017613
v -0.119374 -0.021526 0.197652
v -0.119374 -0.021526 0.197652
v 0.217221 -0.252446 -0.017613
v 0.041096 -0.017613 0.205480
v 0.221135 -0.248532 -0.033268
v 0.068493 -0.025440 0.201566
v 0.052838 0.001957 0.205480
v 0.232877 -0.248532 -0.041096
v 0.232877 -0.248532 -0.041096
v 0.021527 0.009785 0.201566
v 0.021527 0.009785 0.201566
v 0.009785 -0.009785 0.201566
v 0.009785 -0.009785 0.201566
v 0.240705 -0.256360 -0.013699
v 0.240705 -0.256360 -0.013699
v 0.005871 -0.033268 0.201566
v 0.005871 -0.033268 0.201566
v 0.240705 -0.256360 0.001957
v 0.240705 -0.256360 0.001957
v 0.240705 -0.256360 0.001957
v 0.444227 -0.009785 0.228963
v 0.228963 -0.256360 -0.009785
v 0.228963 -0.256360 -0.009785
v 0.467710 -0.013699 0.225049
v 0.444227 0.013699 0.221135
v 0.432485 0.001957 0.228963
v 0.228963 -0.240704 -0.064579
v 0.228963 -0.240704 -0.064579
v 0.428571 -0.009785 0.228963
v 0.440313 -0.033268 0.225049
v 0.221135 -0.252446 0.001957
v 0.221135 -0.252446 0.001957
v 0.197652 -0.248532 0.001957
v 0.197652 -0.248532 0.001957
v 0.197652 -0.248532 -0.021526
v 0.326810 -0.025440 -0.221135
v 0.326810 -0.025440 -0.221135
v 0.197652 -0.244618 -0.045010
v 0.311155 -0.005871 -0.213307
v 0.330724 -0.013699 -0.217221
v 0.240705 -0.256360 0.013699
v 0.350294 -0.021526 -0.217221
v 0.350294 -0.021526 -0.217221
v 0.346380 -0.029354 -0.221135
v 0.228963 -0.256360 0.009785
v 0.205480 -0.009785 -0.209393
v 0.213307 -0.029354 -0.213307
v 0.197652 -0.025440 -0.209393
v 0.772994 -0.244618 0.001957
v 0.178082 -0.001957 -0.209393
v 0.178082 -0.001957 -0.209393
v 0.189824 0.013699 -0.205479
v 0.213307 0.009785 -0.205479
v 0.796477 -0.228963 -0.001957
v 0.796477 -0.228963 0.013699
v 0.816047 -0.017612 -0.103718
v 0.816047 -0.017612 -0.103718
v 0.232877 -0.256360 0.017613
v 0.816047 -0.005871 -0.099804
v 0.816047 -0.005871 -0.099804
v 0.240705 -0.256360 0.025440
v 0.232877 -0.256360 0.025440
v -0.929550 -0.017612 -0.045010
v -0.929550 -0.017612 -0.045010
v 0.217221 -0.252446 0.017613
v -0.925636 -0.001957 -0.041096
v 0.221135 -0.248532 0.033268
v -0.925636 -0.029354 -0.056752
v -0.925636 -0.029354 -0.056752
v 0.197652 -0.244618 0.045010
v 0.886497 -0.017613 -0.017613
v 0.197652 -0.248532 0.021526
v 0.886497 -0.005871 -0.025440
v 0.886497 -0.005871 -0.025440
v 0.894325 -0.009785 -0.017613
v 0.894325 -0.009785 -0.017613
v 0.232877 -0.248532 0.041096
v 0.898239 -0.009785 -0.013699
v 0.898239 -0.009785 -0.013699
v 0.898239 -0.009785 -0.013699
v 0.228963 -0.240704 0.064579
v 0.843444 -0.013699 0.060665
v 0.835616 -0.017613 0.084149
v 0.772994 -0.244618 0.037182
v 0.772994 -0.244618 0.037182
v 0.788650 -0.005871 0.142857
v 0.788650 0.005871 0.131115
v 0.796477 -0.228963 0.029354
v 0.765166 0.001957 0.154599
v 0.796477 -0.225049 0.045010
v 0.796477 -0.225049 0.045010
v 0.761252 -0.013699 0.166340
v 0.761252 -0.013699 0.166340
v 0.315068 -0.248532 0.107632
v 0.788650 -0.021526 0.150685
v 0.788650 -0.021526 0.150685
v 0.326810 -0.248532 0.107632
v -0.287671 -0.009785 0.193738
v -0.287671 -0.029354 0.189824
v -0.287671 -0.029354 0.189824
v 0.318982 -0.232877 0.123288
v -0.256360 -0.009785 0.193738
v 0.307241 -0.236791 0.115460
v -0.283757 0.009785 0.197652
v 0.299413 -0.240704 0.107632
v 0.299413 -0.240704 0.107632
v -0.315068 -0.005871 0.189824
v -0.318982 -0.025440 0.189824
v 0.303327 -0.248532 0.099804
v 0.303327 -0.248532 0.099804
v 0.706458 -0.017613 0.189824
v 0.733855 -0.025440 0.181996
v 0.287671 -0.236791 0.103718
v 0.287671 -0.236791 0.103718
v 0.706458 0.001957 0.181996
v 0.706458 0.001957 0.181996
v 0.291585 -0.244618 0.088063
v 0.679061 0.009785 0.189824
v 0.679061 0.009785 0.189824
v 0.647750 -0.236791 -0.127202
v 0.675147 -0.009785 0.197652
v 0.675147 -0.009785 0.197652
v 0.671233 -0.029354 0.205480
v 0.236791 -0.013699 0.213307
v 0.616438 -0.225049 -0.146771
v 0.264188 -0.017613 0.213307
v 0.264188 -0.017613 0.213307
v 0.647750 -0.221135 -0.142857
v 0.679061 -0.232877 -0.123288
v 0.679061 -0.232877 -0.123288
v 0.240705 0.001957 0.209393
v 0.240705 0.001957 0.209393
v 0.221135 -0.017613 0.213307
v 0.432485 -0.228963 -0.142857
v 0.432485 -0.228963 -0.142857
v 0.232877 -0.029354 0.213307
v 0.291585 -0.001957 -0.213307
v 0.268102 0.001957 -0.213307
v 0.459883 -0.236791 -0.146771
v 0.295499 0.017613 -0.209393
v 0.318982 0.009785 -0.209393
v 0.679061 -0.244618 -0.107632
v -0.346380 -0.005871 -0.189824
v -0.346380 -0.005871 -0.189824
v 0.710372 -0.225049 -0.119374
v 0.710372 -0.225049 -0.119374
v 0.710372 -0.225049 -0.119374
v -0.377691 -0.025440 -0.185910
v -0.373777 -0.001957 -0.189824
v 0.710372 -0.236791 -0.103718
v 0.710372 -0.236791 -0.103718
v -0.365949 0.013699 -0.193738
v -0.365949 0.013699 -0.193738
v -0.365949 0.013699 -0.193738
v 0.279843 -0.248532 -0.064579
v -0.342466 0.013699 -0.189824
v -0.342466 0.013699 -0.189824
v 0.252446 -0.244618 -0.064579
v 0.252446 -0.244618 -0.064579
v -0.315068 -0.005871 -0.189824
v 0.272016 -0.240704 -0.084149
v -0.346380 -0.025440 -0.185910
v -0.346380 -0.025440 -0.185910
v 0.248532 -0.236791 -0.084149
v 0.248532 -0.236791 -0.084149
v 0.268102 -0.232877 -0.103718
v 0.268102 -0.232877 -0.103718
v 0.847358 -0.013699 -0.037182
v 0.847358 -0.013699 -0.037182
v 0.859100 -0.017612 -0.029354
v 0.741683 -0.236791 -0.088063
v 0.741683 -0.236791 -0.088063
v 0.859100 -0.009785 -0.025440
v 0.741683 -0.225049 -0.103718
v 0.866928 -0.005871 -0.021526
v 0.866928 -0.005871 -0.021526
v 0.769080 -0.221135 -0.084149
v 0.874755 -0.009785 -0.025440
v 0.874755 -0.009785 -0.025440
v 0.205480 -0.236791 -0.068493
v 0.902153 0.001957 -0.013699
v 0.902153 0.001957 -0.013699
v 0.898239 -0.013699 -0.005871
v 0.898239 -0.013699 -0.005871
v 0.898239 -0.013699 -0.005871
v 0.205480 -0.228963 -0.091977
v 0.906067 -0.001957 -0.005871
v 0.225049 -0.232877 -0.088063
v 0.906067 -0.001957 0.001957
v 0.906067 -0.001957 0.001957
v 0.279843 -0.248532 0.064579
v 0.855186 -0.017613 0.033268
v 0.855186 -0.017613 0.033268
v 0.863014 -0.017613 0.025440
v 0.863014 -0.017613 0.025440
v 0.855186 -0.013699 0.029354
v 0.855186 -0.013699 0.029354
v 0.855186 -0.013699 0.029354
v 0.272016 -0.240704 0.084149
v 0.252446 -0.244618 0.064579
v 0.851272 -0.017613 0.045010
v 0.851272 -0.017613 0.045010
v 0.225049 -0.232877 0.088063
v 0.225049 -0.232877 0.088063
v 0.205480 -0.228963 0.091976
v 0.205480 -0.228963 0.091976
v 0.205480 -0.236791 0.068493
v 0.847358 -0.009785 0.041096
v 0.847358 -0.009785 0.041096
v 0.843444 -0.005871 0.052838
v 0.268102 -0.232877 0.103718
v 0.268102 -0.232877 0.103718
v 0.248532 -0.236791 0.084149
v 0.835616 -0.005871 0.076321
v 0.745597 -0.236791 0.095890
v 0.745597 -0.236791 0.095890
v 0.823875 0.001957 0.091977
v 0.823875 0.001957 0.091977
v 0.772994 -0.225049 0.084149
v 0.772994 -0.225049 0.084149
v 0.745597 -0.225049 0.111546
v -0.405088 -0.025440 0.181996
v -0.405088 -0.005871 0.185910
v 0.714286 -0.228963 0.119374
v 0.714286 -0.228963 0.119374
v -0.405088 0.013699 0.185910
v -0.432485 0.013699 0.181996
v -0.432485 0.013699 0.181996
v 0.342466 -0.232877 0.119374
v -0.459883 0.013699 0.185910
v -0.459883 0.013699 0.185910
v -0.459883 0.013699 0.185910
v -0.373777 -0.001957 0.189824
v -0.377691 -0.025440 0.185910
v 0.322896 -0.217221 -0.138943
v -0.346380 -0.005871 0.189824
v -0.346380 -0.005871 0.189824
v -0.365949 0.013699 0.193738
v -0.365949 0.013699 0.193738
v 0.342466 -0.221135 -0.138943
v 0.365949 -0.221135 -0.138943
v -0.385519 0.013699 0.193738
v 0.365949 -0.232877 -0.123288
v 0.178082 -0.248532 -0.021526
v 0.737769 -0.005871 0.174168
v 0.737769 -0.005871 0.174168
v 0.178082 -0.248532 0.001957
v 0.178082 -0.248532 0.001957
v 0.737769 0.009785 0.166340
v 0.737769 0.009785 0.166340
v 0.737769 0.009785 0.166340
v 0.158513 -0.248532 0.001957
v 0.158513 -0.248532 0.001957
v 0.158513 -0.248532 0.001957
v 0.158513 -0.248532 0.001957
v 0.710372 0.021526 0.170254
v 0.710372 0.021526 0.170254
v 0.154599 -0.244618 -0.021526
v 0.154599 -0.244618 -0.021526
v 0.076321 -0.005871 0.205480
v 0.076321 -0.005871 0.205480
v 0.154599 -0.240704 -0.045010
v 0.154599 -0.240704 -0.045010
v 0.084149 0.009785 0.209393
v 0.084149 0.009785 0.209393
v 0.060665 0.017613 0.213307
v 0.174168 -0.244618 -0.045010
v 0.205480 -0.009785 0.209393
v 0.213307 0.009785 0.205480
v 0.178082 -0.248532 0.021526
v 0.189824 0.013699 0.205480
v 0.178082 -0.001957 0.209393
v 0.174168 -0.240704 -0.068493
v 0.174168 -0.240704 -0.068493
v 0.174168 -0.021526 0.209393
v 0.189824 -0.244618 -0.064579
v 0.197652 -0.025440 0.209393
v 0.330724 -0.013699 0.217221
v 0.330724 -0.013699 0.217221
v 0.326810 -0.025440 0.221135
v 0.326810 -0.025440 0.221135
v 0.326810 -0.025440 0.221135
v 0.154599 -0.244618 0.021526
v 0.154599 -0.244618 0.021526
v 0.350294 -0.021526 0.217221
v 0.362035 -0.001957 0.213307
v 0.362035 -0.001957 0.213307
v 0.154599 -0.240704 0.045010
v 0.154599 -0.240704 0.045010
v 0.338552 0.005871 0.213307
v 0.131115 -0.236791 0.045010
v 0.311155 -0.005871 0.213307
v 0.131115 -0.240704 0.021526
v 0.557730 -0.001957 0.217221
v 0.131115 -0.244618 0.001957
v 0.131115 -0.244618 0.001957
v 0.585127 -0.005871 0.217221
v 0.561644 0.021526 0.209393
v 0.111546 -0.240704 0.001957
v 0.111546 -0.240704 0.001957
v 0.526419 0.001957 0.217221
v 0.526419 0.001957 0.217221
v 0.131115 -0.240704 -0.021526
v 0.522505 -0.021526 0.225049
v 0.549902 -0.025440 0.221135
v 0.549902 -0.025440 0.221135
v 0.174168 -0.244618 0.045010
v 0.362035 -0.001957 -0.213307
v 0.362035 -0.001957 -0.213307
v 0.362035 -0.001957 -0.213307
v 0.189824 -0.244618 0.064579
v 0.338552 0.005871 -0.213307
v 0.338552 0.005871 -0.213307
v 0.174168 -0.240704 0.068493
v 0.174168 -0.240704 0.068493
v 0.369863 0.017613 -0.209393
v 0.369863 0.017613 -0.209393
v 0.365949 -0.232877 0.123288
v 0.142857 0.013699 -0.217221
v 0.162427 0.009785 -0.213307
v 0.162427 0.009785 -0.213307
v 0.365949 -0.221135 0.138943
v -0.174168 0.001957 -0.201566
v 0.342466 -0.221135 0.138943
v -0.174168 -0.017612 -0.197652
v -0.174168 -0.017612 -0.197652
v 0.322896 -0.217221 0.138943
v -0.201566 0.001957 -0.197652
v -0.174168 0.017613 -0.205479
v -0.146771 -0.001957 -0.201566
v -0.142857 0.013699 -0.205479
v 0.682975 -0.221135 0.142857
v 0.651663 -0.221135 0.146771
v -0.776908 -0.001957 -0.150685
v -0.780822 0.017613 -0.146771
v 0.561644 -0.232877 0.142857
v -0.753425 0.021527 -0.150685
v -0.726027 0.025440 -0.154599
v 0.592955 -0.221135 0.158513
v 0.812133 0.005871 -0.091977
v 0.812133 0.005871 -0.091977
v 0.561644 -0.217221 0.158513
v 0.823875 -0.001957 -0.080235
v -0.929550 -0.005871 -0.021526
v 0.467710 -0.236791 0.142857
v -0.921722 0.013699 -0.021526
v -0.917808 0.013699 -0.037182
v 0.502935 -0.217221 0.162427
v -0.906067 0.017613 -0.060665
v 0.471624 -0.217221 0.162427
v -0.909980 0.001957 -0.064579
v 0.436399 -0.232877 0.142857
v -0.925636 0.013699 -0.005871
v -0.925636 0.013699 -0.005871
v 0.436399 -0.217221 0.158513
v 0.401174 -0.225049 0.142857
v 0.401174 -0.225049 0.142857
v -0.929550 -0.005871 0.021527
v -0.929550 -0.005871 0.021527
v -0.921722 0.013699 0.021527
v 0.491194 -0.228963 -0.146771
v -0.925636 0.013699 0.005871
v -0.925636 0.013699 0.005871
v 0.491194 -0.213307 -0.162427
v 0.522505 -0.209393 -0.166341
v 0.522505 -0.209393 -0.166341
v 0.878669 -0.009785 0.025440
v 0.874755 -0.005871 0.025440
v 0.874755 -0.005871 0.025440
v 0.863014 -0.009785 0.025440
v 0.393346 -0.232877 -0.123288
v -0.726027 0.005871 0.158513
v -0.726027 0.005871 0.158513
v -0.726027 0.025440 0.154599
v 0.248532 -0.228963 -0.107632
v 0.248532 -0.228963 -0.107632
v -0.753425 0.021526 0.150685
v 0.248532 -0.217221 -0.123288
v 0.248532 -0.217221 -0.123288
v 0.248532 -0.217221 -0.123288
v -0.780822 0.017613 0.146771
v 0.268102 -0.221135 -0.119374
v 0.268102 -0.221135 -0.119374
v -0.776908 -0.001957 0.150685
v 0.287671 -0.225049 -0.119374
v 0.287671 -0.225049 -0.119374
v -0.146771 -0.021526 0.197652
v -0.146771 -0.021526 0.197652
v -0.146771 -0.001957 0.201566
v -0.146771 -0.001957 0.201566
v -0.174168 0.001957 0.201566
v 0.772994 -0.228963 -0.068493
v 0.792564 -0.205479 -0.084149
v 0.162427 0.009785 0.213307
v 0.162427 0.009785 0.213307
v 0.142857 0.013699 0.217221
v 0.142857 0.013699 0.217221
v 0.796477 -0.213307 -0.068493
v 0.268102 0.001957 0.213307
v 0.268102 0.001957 0.213307
v 0.287671 -0.021526 0.213307
v 0.287671 -0.021526 0.213307
v 0.291585 -0.001957 0.213307
v 0.174168 -0.228963 -0.088063
v 0.174168 -0.228963 -0.088063
v 0.295499 0.017613 0.209393
v 0.154599 -0.232877 -0.068493
v 0.154599 -0.232877 -0.068493
v 0.272016 0.017613 0.213307
v 0.272016 0.017613 0.213307
v 0.154599 -0.225049 -0.091977
v 0.154599 -0.225049 -0.091977
v 0.154599 -0.225049 -0.091977
v 0.381605 -0.009785 0.217221
v 0.178082 -0.217221 -0.111546
v 0.178082 -0.217221 -0.111546
v 0.178082 -0.217221 -0.111546
v 0.401174 -0.017613 0.221135
v 0.397260 0.009785 0.213307
v 0.397260 0.009785 0.213307
v 0.189824 -0.232877 -0.084149
v 0.369863 0.017613 0.209393
v 0.369863 0.017613 0.209393
v 0.499022 0.005871 0.217221
v 0.499022 0.005871 0.217221
v 0.499022 0.005871 0.217221
v 0.228963 -0.225049 -0.111546
v 0.502935 0.029354 0.213307
v 0.502935 0.029354 0.213307
v 0.471624 0.009785 0.217221
v 0.471624 0.009785 0.217221
v 0.131115 -0.236791 -0.045010
v 0.495108 -0.017613 0.225049
v 0.495108 -0.017613 0.225049
v 0.107632 -0.232877 -0.045010
v 0.131115 -0.228963 -0.068493
v 0.225049 0.029354 -0.205479
v 0.225049 0.029354 -0.205479
v 0.252446 0.021527 -0.213307
v 0.252446 0.021527 -0.213307
v 0.189824 -0.232877 0.084149
v 0.189824 -0.232877 0.084149
v 0.272016 0.017613 -0.213307
v 0.174168 -0.228963 0.088063
v 0.174168 -0.228963 0.088063
v 0.174168 -0.228963 0.088063
v -0.228963 0.005871 -0.197652
v -0.228963 0.005871 -0.197652
v -0.201566 -0.017612 -0.197652
v -0.201566 -0.017612 -0.197652
v -0.228963 0.029354 -0.197652
v -0.228963 0.029354 -0.197652
v 0.248532 -0.228963 0.107632
v 0.248532 -0.228963 0.107632
v -0.201566 0.021527 -0.201566
v -0.201566 0.021527 -0.201566
v 0.228963 -0.225049 0.111546
v 0.228963 -0.225049 0.111546
v 0.772994 -0.232877 0.068493
v -0.514677 0.005871 -0.178082
v -0.514677 -0.013699 -0.178082
v -0.514677 -0.013699 -0.178082
v -0.542074 -0.009785 -0.174168
v -0.542074 0.009785 -0.178082
v 0.796477 -0.221135 0.060665
v -0.542074 0.029354 -0.174168
v 0.796477 -0.213307 0.076321
v -0.514677 0.025440 -0.178082
v -0.487280 0.021527 -0.185910
v -0.487280 0.021527 -0.185910
v -0.671233 0.005871 -0.166341
v 0.287671 -0.225049 0.119374
v 0.287671 -0.225049 0.119374
v 0.287671 -0.225049 0.119374
v -0.671233 -0.017612 -0.170254
v 0.268102 -0.221135 0.119374
v -0.698630 0.025440 -0.158513
v -0.698630 0.025440 -0.158513
v 0.248532 -0.217221 0.123288
v 0.393346 -0.232877 0.123288
v 0.393346 -0.232877 0.123288
v -0.671233 0.029354 -0.162427
v 0.381605 -0.221135 0.150685
v -0.643836 0.009785 -0.170254
v -0.643836 0.029354 -0.166341
v 0.585127 -0.225049 -0.150685
v -0.643836 -0.013699 -0.170254
v 0.585127 -0.209393 -0.166341
v 0.788650 -0.005871 -0.131115
v 0.788650 0.009785 -0.123288
v 0.616438 -0.209393 -0.162427
v -0.874755 0.013699 -0.103718
v 0.397260 -0.225049 -0.142857
v 0.397260 -0.225049 -0.142857
v -0.851272 0.017613 -0.115460
v -0.851272 0.017613 -0.115460
v 0.381605 -0.221135 -0.150685
v -0.831703 0.025440 -0.127202
v 0.405088 -0.213307 -0.158513
v -0.827789 0.005871 -0.131115
v 0.432485 -0.213307 -0.158513
v 0.432485 -0.213307 -0.158513
v 0.839530 -0.005871 -0.045010
v 0.839530 -0.005871 -0.045010
v 0.839530 0.001957 -0.037182
v 0.839530 0.001957 -0.037182
v 0.847358 -0.005871 -0.029354
v 0.111546 -0.240704 -0.021526
v 0.902153 -0.001957 0.009785
v 0.902153 -0.001957 0.009785
v 0.898239 -0.001957 0.017613
v 0.898239 -0.001957 0.017613
v 0.088063 -0.236791 0.001957
v 0.088063 -0.236791 0.001957
v 0.894325 -0.001957 0.021527
v 0.894325 -0.001957 0.021527
v 0.088063 -0.236791 -0.017613
v 0.886497 0.001957 0.025440
v 0.886497 0.001957 0.025440
v 0.886497 0.001957 0.025440
v 0.084149 -0.232877 -0.041096
v 0.111546 -0.240704 0.021526
v -0.827789 0.005871 0.131115
v 0.107632 -0.232877 0.045010
v -0.831703 0.025440 0.127202
v -0.831703 0.025440 0.127202
v 0.084149 -0.232877 0.041096
v -0.851272 0.017613 0.115460
v -0.851272 0.017613 0.115460
v -0.874755 0.013699 0.103718
v 0.088063 -0.236791 0.017613
v -0.698630 0.025440 0.158513
v -0.698630 0.025440 0.158513
v -0.643836 0.009785 0.170254
v 0.154599 -0.232877 0.068493
v -0.643836 -0.013699 0.170254
v -0.620352 0.009785 0.174168
v 0.131115 -0.228963 0.068493
v -0.643836 0.029354 0.166340
v -0.671233 0.029354 0.162427
v 0.154599 -0.225049 0.091976
v -0.487280 0.021526 0.185910
v -0.487280 0.021526 0.185910
v -0.514677 0.025440 0.178082
v -0.542074 0.029354 0.174168
v 0.745597 -0.213307 0.127202
v 0.745597 -0.213307 0.127202
v -0.174168 0.017613 0.205480
v 0.714286 -0.217221 0.135029
v 0.714286 -0.217221 0.135029
v -0.201566 0.021526 0.201566
v -0.201566 0.021526 0.201566
v 0.412916 -0.001957 0.225049
v 0.459883 -0.217221 -0.162427
v 0.420744 0.005871 0.225049
v 0.432485 -0.197652 -0.174168
v 0.432485 -0.197652 -0.174168
v 0.432485 -0.197652 -0.174168
v 0.432485 -0.197652 -0.174168
v 0.483366 0.009785 -0.217221
v 0.483366 0.009785 -0.217221
v 0.459883 -0.197652 -0.178082
v 0.459883 -0.197652 -0.178082
v 0.483366 0.029354 -0.209393
v 0.483366 0.029354 -0.209393
v 0.510763 0.029354 -0.213307
v 0.510763 0.005871 -0.217221
v 0.741683 -0.213307 -0.119374
v 0.741683 -0.213307 -0.119374
v 0.741683 -0.213307 -0.119374
v 0.322896 0.029354 -0.205479
v 0.710372 -0.209393 -0.135029
v 0.710372 -0.209393 -0.135029
v 0.741683 -0.201566 -0.131115
v 0.741683 -0.201566 -0.131115
v 0.346380 0.025440 -0.205479
v 0.346380 0.025440 -0.205479
v 0.769080 -0.201566 -0.115460
v 0.749511 0.017613 -0.142857
v 0.056752 -0.236791 -0.025440
v 0.769080 0.013699 -0.135029
v 0.064579 -0.236791 0.001957
v 0.064579 -0.236791 0.001957
v -0.804305 0.013699 -0.138943
v -0.808219 0.029354 -0.135029
v 0.037182 -0.232877 0.001957
v 0.037182 -0.232877 0.001957
v -0.804305 -0.005871 -0.146771
v 0.037182 -0.232877 -0.021526
v 0.874755 0.001957 -0.025440
v 0.874755 0.001957 -0.025440
v 0.037182 -0.228963 -0.041096
v 0.878669 -0.001957 -0.025440
v 0.878669 -0.001957 -0.025440
v 0.060665 -0.232877 -0.041096
v 0.056752 -0.236791 0.017613
v 0.855186 -0.009785 0.025440
v 0.855186 -0.009785 0.025440
v 0.859100 -0.005871 0.021527
v 0.060665 -0.221135 -0.064579
v 0.859100 -0.001957 0.017613
v 0.084149 -0.225049 -0.064579
v 0.851272 -0.005871 0.021527
v 0.847358 -0.005871 0.033268
v 0.847358 -0.005871 0.033268
v -0.178082 -0.236791 0.001957
v -0.178082 -0.236791 0.001957
v 0.870842 -0.001957 0.025440
v 0.870842 -0.001957 0.025440
v -0.162427 -0.236791 0.001957
v -0.162427 -0.236791 0.001957
v -0.166341 -0.232877 0.013699
v 0.866928 0.001957 0.021527
v 0.866928 0.001957 0.021527
v -0.181996 -0.232877 0.009785
v 0.843444 -0.001957 0.045010
v -0.201566 -0.228963 0.001957
v -0.201566 -0.228963 0.001957
v 0.835616 0.001957 0.068493
v -0.181996 -0.232877 -0.009785
v -0.166341 -0.232877 -0.013699
v 0.808219 -0.001957 0.119374
v -0.142857 -0.232877 -0.013699
v 0.808219 0.009785 0.107632
v -0.174168 -0.225049 -0.029354
v 0.792564 0.021526 0.119374
v -0.146771 -0.225049 -0.033268
v -0.119374 -0.232877 -0.013699
v -0.804305 0.013699 0.138943
v -0.142857 -0.232877 0.001957
v -0.142857 -0.232877 0.001957
v -0.804305 -0.005871 0.146771
v -0.142857 -0.232877 0.013699
v -0.808219 0.029354 0.135029
v -0.119374 -0.232877 0.013699
v 0.769080 0.017613 0.142857
v -0.146771 -0.225049 0.033268
v 0.741683 0.025440 0.150685
v -0.174168 -0.225049 0.029354
v -0.620352 -0.013699 0.170254
v 0.060665 -0.232877 0.041096
v -0.596869 0.025440 0.181996
v -0.596869 0.025440 0.181996
v 0.084149 -0.225049 0.064579
v 0.084149 -0.225049 0.064579
v -0.620352 0.029354 0.174168
v 0.060665 -0.221135 0.064579
v 0.060665 -0.221135 0.064579
v -0.256360 0.009785 0.197652
v 0.037182 -0.228963 0.041096
v 0.037182 -0.228963 0.041096
v -0.228963 0.029354 0.197652
v -0.228963 0.029354 0.197652
v 0.037182 -0.232877 0.021526
v -0.256360 0.029354 0.197652
v 0.013699 -0.225049 0.045010
v 0.013699 -0.225049 0.045010
v 0.013699 -0.225049 0.045010
v 0.013699 -0.228963 0.021526
v 0.013699 -0.228963 0.021526
v 0.620352 0.009785 0.209393
v 0.647750 -0.001957 0.201566
v 0.647750 -0.001957 0.201566
v 0.651663 0.017613 0.193738
v 0.013699 -0.228963 0.001957
v 0.013699 -0.228963 0.001957
v 0.013699 -0.228963 0.001957
v 0.013699 -0.228963 0.001957
v 0.624266 0.025440 0.197652
v 0.209393 -0.221135 0.115460
v 0.596869 0.033268 0.201566
v 0.589041 0.013699 0.213307
v 0.189824 -0.221135 0.107632
v 0.189824 -0.221135 0.107632
v 0.612525 -0.013699 0.213307
v 0.612525 -0.013699 0.213307
v 0.475538 0.029354 0.209393
v 0.475538 0.029354 0.209393
v 0.448141 0.033268 0.209393
v 0.448141 0.033268 0.209393
v 0.620352 -0.221135 0.154599
v 0.620352 -0.221135 0.154599
v 0.424658 0.037182 0.205480
v 0.424658 0.037182 0.205480
v 0.624266 -0.201566 0.170254
v 0.624266 -0.201566 0.170254
v 0.420744 0.017613 0.217221
v 0.420744 0.017613 0.217221
v 0.592955 -0.201566 0.174168
v 0.295499 -0.213307 -0.135029
v 0.268102 -0.209393 -0.135029
v 0.268102 -0.209393 -0.135029
v 0.268102 -0.209393 -0.135029
v 0.268102 -0.209393 -0.135029
v 0.291585 -0.197652 -0.150685
v 0.291585 -0.197652 -0.150685
v 0.291585 -0.197652 -0.150685
v 0.420744 0.005871 -0.225049
v 0.432485 0.009785 -0.225049
v 0.365949 -0.209393 -0.158513
v 0.365949 -0.209393 -0.158513
v 0.397260 0.033268 -0.205479
v 0.416830 0.017613 -0.217221
v 0.416830 0.017613 -0.217221
v 0.679061 -0.217221 -0.138943
v -0.315068 0.009785 -0.189824
v 0.679061 -0.201566 -0.154599
v -0.283757 0.029354 -0.197652
v 0.710372 -0.193738 -0.150685
v 0.710372 -0.193738 -0.150685
v -0.256360 0.029354 -0.197652
v -0.569472 0.009785 -0.178082
v 0.189824 -0.221135 -0.107632
v 0.189824 -0.221135 -0.107632
v -0.569472 0.025440 -0.178082
v 0.193738 -0.209393 -0.127202
v 0.209393 -0.221135 -0.115460
v 0.209393 -0.221135 -0.115460
v 0.800391 0.001957 -0.111546
v 0.107632 -0.225049 -0.068493
v 0.800391 0.013699 -0.099804
v 0.107632 -0.221135 -0.091977
v 0.131115 -0.221135 -0.091977
v -0.894325 0.009785 -0.088063
v -0.890411 0.021527 -0.080235
v 0.823875 0.005871 -0.072407
v 0.823875 0.013699 -0.060665
v 0.823875 0.013699 -0.060665
v 0.831703 0.005871 -0.052838
v 0.084149 -0.217221 -0.088063
v 0.855186 -0.005871 -0.017613
v 0.855186 -0.005871 -0.017613
v 0.847358 -0.001957 -0.021526
v 0.851272 -0.001957 -0.013699
v 0.851272 -0.001957 -0.013699
v 0.013699 -0.228963 -0.021526
v 0.013699 -0.228963 -0.021526
v 0.859100 0.001957 -0.013699
v 0.859100 0.001957 -0.013699
v 0.013699 -0.225049 -0.045010
v 0.013699 -0.225049 -0.045010
v 0.863014 -0.001957 -0.017613
v 0.863014 -0.001957 -0.017613
v 0.863014 -0.001957 -0.017613
v -0.197652 -0.225049 -0.021526
v 0.890411 0.005871 -0.025440
v -0.174168 -0.217221 -0.052838
v 0.886497 0.009785 -0.025440
v 0.894325 0.017613 -0.025440
v -0.119374 -0.232877 0.001957
v -0.119374 -0.232877 0.001957
v 0.898239 0.001957 -0.021526
v -0.091977 -0.228963 -0.017613
v -0.091977 -0.228963 -0.017613
v 0.902153 0.017613 -0.021526
v -0.091977 -0.232877 0.001957
v -0.091977 -0.232877 0.001957
v -0.091977 -0.232877 0.001957
v -0.091977 -0.232877 0.001957
v 0.906067 0.013699 -0.013699
v 0.906067 0.013699 -0.013699
v -0.091977 -0.228963 0.017613
v -0.091977 -0.228963 0.017613
v 0.882583 0.005871 0.025440
v 0.882583 0.005871 0.025440
v 0.882583 0.005871 0.025440
v 0.874755 0.005871 0.025440
v 0.874755 0.005871 0.025440
v -0.119374 -0.225049 -0.033268
v 0.898239 0.013699 0.021527
v 0.894325 0.013699 0.025440
v -0.123288 -0.221135 -0.052838
v -0.095890 -0.225049 -0.037182
v -0.095890 -0.225049 -0.037182
v 0.847358 -0.001957 0.025440
v 0.847358 -0.001957 0.025440
v 0.839530 0.001957 0.037182
v -0.228963 -0.225049 0.001957
v -0.228963 -0.225049 0.001957
v -0.228963 -0.225049 0.001957
v -0.228963 -0.225049 0.001957
v -0.894325 0.009785 0.088063
v -0.228963 -0.221135 -0.021526
v -0.228963 -0.221135 -0.021526
v -0.228963 -0.217221 -0.045010
v -0.228963 -0.217221 -0.045010
v -0.228963 -0.217221 -0.045010
v -0.890411 0.021526 0.080235
v -0.906067 0.017613 0.060665
v -0.201566 -0.217221 -0.048924
v -0.201566 -0.217221 -0.048924
v -0.909980 0.001957 0.064579
v -0.068493 -0.228963 -0.017613
v -0.917808 0.013699 0.037182
v 0.682975 0.029354 0.178082
v 0.682975 0.029354 0.178082
v 0.682975 0.029354 0.178082
v -0.068493 -0.225049 -0.041096
v 0.655577 0.037182 0.181996
v -0.045010 -0.225049 -0.021526
v -0.017613 0.009785 0.201566
v -0.017613 0.009785 0.201566
v -0.017613 0.009785 0.201566
v -0.017613 0.009785 0.201566
v -0.068493 -0.228963 0.001957
v -0.068493 -0.228963 0.001957
v -0.017613 0.025440 0.197652
v -0.017613 0.025440 0.197652
v -0.017613 0.025440 0.197652
v -0.068493 -0.228963 0.017613
v -0.048924 0.029354 0.193738
v -0.045010 -0.225049 0.021526
v -0.068493 -0.225049 0.041096
v 0.107632 0.005871 0.205480
v -0.095890 -0.225049 0.037182
v -0.095890 -0.225049 0.037182
v 0.115460 0.017613 0.205480
v 0.060665 0.017613 -0.213307
v 0.060665 0.017613 -0.213307
v 0.045010 0.021527 -0.209393
v 0.045010 0.021527 -0.209393
v -0.174168 -0.217221 0.052838
v 0.060665 0.029354 -0.213307
v 0.596869 -0.001957 -0.213307
v -0.197652 -0.225049 0.021526
v -0.197652 -0.225049 0.021526
v 0.596869 0.021527 -0.205479
v 0.596869 0.021527 -0.205479
v 0.596869 0.037182 -0.193738
v 0.596869 0.037182 -0.193738
v 0.596869 0.037182 -0.193738
v -0.201566 -0.217221 0.048924
v -0.201566 -0.217221 0.048924
v 0.624266 0.037182 -0.185910
v 0.624266 0.037182 -0.185910
v -0.228963 -0.217221 0.045010
v -0.228963 -0.217221 0.045010
v -0.228963 -0.217221 0.045010
v 0.651663 0.033268 -0.178082
v -0.228963 -0.221135 0.021526
v -0.338552 0.029354 -0.189824
v -0.338552 0.029354 -0.189824
v -0.119374 -0.225049 0.033268
v -0.311155 0.029354 -0.189824
v -0.405088 0.013699 -0.185910
v -0.405088 0.013699 -0.185910
v -0.123288 -0.221135 0.052838
v -0.405088 -0.005871 -0.185910
v -0.432485 0.013699 -0.181996
v -0.432485 0.013699 -0.181996
v 0.107632 -0.225049 0.068493
v -0.409002 0.029354 -0.185910
v -0.385519 0.013699 -0.193738
v -0.385519 0.013699 -0.193738
v 0.107632 -0.221135 0.091976
v 0.107632 -0.221135 0.091976
v -0.459883 0.013699 -0.185910
v -0.459883 0.013699 -0.185910
v -0.459883 0.013699 -0.185910
v 0.084149 -0.217221 0.088063
v 0.084149 -0.217221 0.088063
v -0.459883 0.033268 -0.181996
v -0.459883 0.033268 -0.181996
v 0.178082 -0.217221 0.111546
v 0.178082 -0.217221 0.111546
v 0.178082 -0.217221 0.111546
v 0.193738 -0.209393 0.127202
v 0.193738 -0.209393 0.127202
v 0.831703 0.009785 -0.045010
v 0.831703 0.009785 -0.045010
v 0.178082 -0.209393 0.127202
v 0.831703 0.013699 -0.033268
v 0.831703 0.013699 -0.033268
v 0.158513 -0.205479 0.127202
v 0.839530 0.005871 -0.029354
v 0.839530 0.005871 -0.029354
v 0.839530 0.005871 -0.029354
v 0.158513 -0.217221 0.111546
v 0.158513 -0.217221 0.111546
v -0.913894 0.029354 -0.005871
v -0.913894 0.029354 -0.005871
v -0.913894 0.029354 -0.005871
v -0.909980 0.029354 -0.017612
v -0.909980 0.029354 -0.017612
v -0.906067 0.029354 -0.033268
v -0.906067 0.029354 -0.033268
v 0.346380 -0.205479 0.154599
v 0.866928 0.005871 -0.021526
v 0.322896 -0.201566 0.154599
v 0.870842 0.013699 -0.021526
v 0.878669 0.013699 -0.025440
v 0.291585 -0.197652 0.150685
v 0.291585 -0.197652 0.150685
v -0.913894 0.029354 0.005871
v -0.913894 0.029354 0.005871
v 0.295499 -0.213307 0.135029
v 0.851272 -0.001957 0.017613
v 0.268102 -0.209393 0.135029
v 0.268102 -0.209393 0.135029
v 0.855186 0.001957 0.013699
v 0.855186 0.001957 0.013699
v 0.851272 0.001957 0.009785
v 0.851272 0.001957 0.009785
v 0.851272 0.001957 0.009785
v 0.847358 0.001957 0.021527
v 0.847358 0.001957 0.021527
v 0.847358 0.001957 0.021527
v 0.714286 -0.201566 0.150685
v 0.714286 -0.201566 0.150685
v 0.714286 -0.201566 0.150685
v 0.863014 0.005871 0.017613
v 0.863014 0.005871 0.017613
v 0.859100 0.005871 0.013699
v 0.682975 -0.205479 0.158513
v 0.682975 -0.205479 0.158513
v 0.855186 0.001957 0.009785
v 0.823875 0.009785 0.080235
v 0.823875 0.009785 0.080235
v 0.530333 -0.217221 0.162427
v 0.530333 -0.217221 0.162427
v 0.823875 0.017613 0.068493
v 0.534247 -0.197652 0.178082
v 0.808219 0.021526 0.095890
v 0.808219 0.021526 0.095890
v 0.502935 -0.197652 0.178082
v 0.502935 -0.197652 0.178082
v 0.553816 -0.209393 -0.166341
v -0.342466 0.013699 0.189824
v -0.342466 0.013699 0.189824
v 0.522505 -0.189824 -0.181996
v 0.522505 -0.189824 -0.181996
v -0.315068 0.009785 0.189824
v 0.553816 -0.189824 -0.181996
v -0.338552 0.029354 0.189824
v -0.338552 0.029354 0.189824
v -0.283757 0.029354 0.197652
v 0.228963 -0.221135 -0.127202
v 0.228963 -0.221135 -0.127202
v -0.311155 0.029354 0.189824
v -0.111546 0.021526 0.205480
v 0.217221 -0.217221 -0.131115
v 0.217221 -0.217221 -0.131115
v -0.142857 0.013699 0.205480
v 0.228963 -0.209393 -0.138943
v 0.318982 0.009785 0.209393
v 0.322896 0.029354 0.205480
v 0.037182 -0.221135 -0.064579
v 0.303327 0.033268 0.205480
v 0.013699 -0.217221 -0.068493
v 0.013699 -0.217221 -0.068493
v 0.013699 -0.209393 -0.091977
v 0.013699 -0.209393 -0.091977
v 0.013699 -0.209393 -0.091977
v 0.565558 0.037182 0.197652
v 0.565558 0.037182 0.197652
v 0.037182 -0.213307 -0.088063
v 0.538160 0.045010 0.197652
v 0.538160 0.045010 0.197652
v 0.530333 0.025440 0.209393
v 0.530333 0.025440 0.209393
v -0.013699 -0.228963 -0.021526
v 0.569472 0.021527 -0.209393
v 0.569472 0.021527 -0.209393
v -0.013699 -0.228963 0.001957
v -0.013699 -0.228963 0.001957
v 0.565558 0.001957 -0.213307
v 0.565558 0.001957 -0.213307
v -0.045010 -0.228963 0.001957
v -0.045010 -0.228963 0.001957
v 0.538160 0.005871 -0.213307
v 0.538160 0.025440 -0.209393
v -0.041096 -0.221135 -0.045010
v 0.538160 0.045010 -0.197652
v -0.013699 -0.225049 -0.045010
v 0.569472 0.041096 -0.193738
v -0.013699 -0.228963 0.021526
v 0.166340 0.021527 -0.209393
v 0.166340 0.021527 -0.209393
v 0.197652 0.033268 -0.201566
v 0.197652 0.033268 -0.201566
v -0.037182 -0.221135 -0.068493
v -0.009785 -0.217221 -0.068493
v -0.385519 0.029354 -0.193738
v -0.365949 0.029354 -0.193738
v -0.365949 0.029354 -0.193738
v 0.800391 0.025440 -0.091977
v 0.800391 0.025440 -0.091977
v 0.816047 -0.209393 -0.021526
v 0.812133 0.013699 -0.080235
v 0.812133 0.013699 -0.080235
v 0.816047 -0.205479 -0.037182
v 0.831703 -0.189824 -0.021526
v 0.831703 -0.189824 -0.021526
v 0.882583 0.025440 -0.025440
v 0.890411 0.021527 -0.025440
v 0.816047 -0.213307 -0.005871
v 0.847358 0.001957 -0.017613
v 0.847358 0.001957 -0.017613
v 0.816047 -0.213307 0.009785
v 0.839530 0.009785 -0.021526
v 0.831703 -0.193738 0.005871
v 0.831703 -0.193738 0.005871
v 0.843444 0.005871 -0.009785
v 0.843444 0.005871 -0.009785
v 0.816047 -0.213307 0.025440
v 0.851272 0.001957 -0.009785
v 0.855186 0.001957 -0.009785
v 0.855186 0.001957 -0.009785
v 0.859100 0.009785 -0.009785
v 0.859100 0.009785 -0.009785
v 0.859100 0.009785 -0.009785
v -0.041096 -0.221135 0.045010
v -0.013699 -0.225049 0.045010
v 0.863014 0.009785 -0.013699
v 0.013699 -0.217221 0.068493
v 0.013699 -0.217221 0.068493
v -0.009785 -0.217221 0.068493
v -0.037182 -0.221135 0.068493
v 0.839530 0.013699 -0.013699
v 0.816047 -0.209393 0.041096
v 0.816047 -0.209393 0.041096
v 0.839530 0.013699 -0.001957
v 0.839530 0.013699 -0.001957
v 0.831703 -0.193738 0.037182
v 0.831703 -0.193738 0.037182
v 0.831703 -0.193738 0.037182
v 0.843444 0.005871 -0.001957
v 0.816047 -0.205479 0.052838
v 0.816047 -0.205479 0.052838
v 0.851272 0.001957 -0.001957
v 0.851272 0.001957 -0.001957
v 0.851272 0.001957 -0.001957
v 0.037182 -0.221135 0.064579
v 0.909980 0.013699 -0.005871
v 0.037182 -0.213307 0.088063
v 0.909980 0.009785 0.001957
v 0.013699 -0.209393 0.091976
v 0.013699 -0.209393 0.091976
v 0.013699 -0.209393 0.091976
v 0.913894 0.025440 0.001957
v 0.913894 0.025440 0.001957
v 0.909980 0.009785 0.009785
v 0.131115 -0.221135 0.091976
v 0.906067 0.013699 0.017613
v 0.135029 -0.213307 0.111546
v 0.135029 -0.213307 0.111546
v 0.135029 -0.213307 0.111546
v 0.913894 0.025440 0.009785
v 0.909980 0.025440 0.013699
v 0.909980 0.025440 0.013699
v 0.228963 -0.221135 0.127202
v 0.906067 0.029354 0.021527
v 0.906067 0.029354 0.021527
v 0.228963 -0.209393 0.138943
v 0.870842 0.009785 0.021527
v 0.217221 -0.217221 0.131115
v 0.866928 0.013699 0.017613
v 0.647750 -0.205479 -0.158513
v 0.839530 0.005871 0.029354
v 0.839530 0.005871 0.029354
v 0.616438 -0.189824 -0.178082
v 0.839530 0.009785 0.017613
v 0.839530 0.009785 0.017613
v 0.647750 -0.185910 -0.174168
v 0.831703 0.017613 0.037182
v 0.831703 0.017613 0.037182
v 0.831703 0.013699 0.045010
v 0.831703 0.013699 0.045010
v 0.244618 -0.205479 -0.138943
v 0.886497 0.017613 0.025440
v 0.886497 0.017613 0.025440
v 0.264188 -0.193738 -0.150685
v 0.264188 -0.193738 -0.150685
v 0.878669 0.021526 0.025440
v 0.878669 0.021526 0.025440
v 0.769080 -0.213307 -0.099804
v 0.835616 0.005871 0.056752
v 0.792564 -0.185910 -0.111546
v 0.792564 -0.197652 -0.095890
v 0.823875 0.025440 0.056752
v 0.823875 0.025440 0.056752
v 0.135029 -0.213307 -0.111546
v 0.135029 -0.213307 -0.111546
v -0.459883 0.033268 0.181996
v -0.459883 0.033268 0.181996
v -0.142857 0.025440 0.205480
v 0.111546 -0.213307 -0.111546
v 0.111546 -0.213307 -0.111546
v -0.174168 0.029354 0.205480
v 0.115460 -0.201566 -0.127202
v 0.115460 -0.201566 -0.127202
v 0.225049 0.029354 0.205480
v 0.197652 0.033268 0.201566
v 0.138943 -0.201566 -0.127202
v 0.166340 0.021526 0.209393
v 0.166340 0.021526 0.209393
v 0.158513 -0.205479 -0.127202
v 0.397260 0.033268 0.205480
v 0.397260 0.033268 0.205480
v 0.397260 0.033268 0.205480
v 0.158513 -0.217221 -0.111546
v 0.373777 0.041096 0.201566
v 0.346380 0.025440 0.205480
v 0.115460 0.017613 -0.205479
v 0.178082 -0.209393 -0.127202
v 0.178082 -0.209393 -0.127202
v 0.060665 -0.217221 -0.088063
v 0.088063 0.021527 -0.209393
v 0.119374 0.033268 -0.197652
v 0.060665 -0.213307 -0.103718
v 0.264188 0.033268 -0.217221
v 0.084149 -0.213307 -0.107632
v 0.279843 0.033268 -0.213307
v -0.201566 0.033268 -0.201566
v -0.068493 -0.221135 -0.064579
v -0.174168 0.029354 -0.205479
v -0.095890 -0.221135 -0.056752
v -0.095890 -0.221135 -0.056752
v 0.729941 0.021527 -0.154599
v -0.076321 -0.221135 -0.080235
v -0.076321 -0.221135 -0.080235
v 0.729941 0.037182 -0.142857
v 0.749511 0.033268 -0.135029
v 0.769080 0.025440 -0.123288
v -0.056752 -0.221135 -0.080235
v 0.843444 0.005871 0.005871
v 0.851272 0.001957 0.005871
v 0.851272 0.001957 0.005871
v 0.855186 0.005871 0.001957
v 0.855186 0.005871 -0.001957
v 0.859100 0.009785 -0.001957
v 0.859100 0.017613 -0.005871
v 0.859100 0.017613 -0.005871
v 0.863014 0.017613 -0.009785
v 0.866928 0.017613 -0.017613
v 0.859100 0.009785 0.009785
v 0.855186 0.009785 0.001957
v 0.847358 0.005871 0.013699
v 0.847358 0.005871 0.013699
v 0.839530 0.013699 0.009785
v -0.146771 -0.221135 -0.052838
v -0.123288 -0.217221 -0.072407
v 0.816047 -0.201566 -0.052838
v 0.816047 -0.201566 -0.052838
v 0.863014 0.013699 0.013699
v 0.816047 -0.193738 -0.064579
v 0.816047 -0.193738 -0.064579
v 0.859100 0.017613 0.009785
v 0.831703 -0.181996 -0.048924
v 0.831703 -0.181996 -0.048924
v 0.831703 -0.181996 -0.048924
v 0.831703 -0.181996 -0.048924
v 0.060665 0.029354 0.213307
v 0.060665 0.029354 0.213307
v 0.060665 0.029354 0.213307
v 0.045010 0.021526 0.209393
v 0.045010 0.021526 0.209393
v 0.252446 0.021526 0.213307
v 0.252446 0.021526 0.213307
v -0.174168 -0.213307 -0.072407
v -0.174168 -0.213307 -0.072407
v 0.264188 0.033268 0.217221
v 0.252446 0.033268 0.213307
v 0.252446 0.033268 0.213307
v -0.146771 -0.217221 -0.072407
v -0.146771 -0.217221 -0.072407
v -0.287671 -0.225049 0.001957
v -0.287671 -0.225049 0.001957
v -0.256360 -0.225049 0.001957
v -0.256360 -0.225049 0.001957
v -0.260274 -0.221135 0.021526
v -0.287671 -0.221135 0.017613
v -0.311155 -0.221135 0.001957
v -0.311155 -0.221135 0.001957
v -0.287671 -0.221135 -0.017613
v 0.146771 0.025440 0.205480
v -0.260274 -0.221135 -0.021526
v 0.119374 0.033268 0.197652
v 0.514677 0.041096 0.209393
v 0.495108 0.045010 0.213307
v -0.146771 -0.221135 0.052838
v 0.420744 0.029354 -0.209393
v 0.420744 0.029354 -0.209393
v -0.123288 -0.217221 0.072407
v -0.146771 -0.217221 0.072407
v -0.146771 -0.217221 0.072407
v 0.499022 0.045010 -0.213307
v -0.174168 -0.213307 0.072407
v -0.174168 -0.213307 0.072407
v 0.518591 0.041096 -0.209393
v -0.068493 -0.221135 0.064579
v -0.111546 0.021527 -0.205479
v -0.111546 0.021527 -0.205479
v -0.056752 -0.221135 0.080235
v -0.142857 0.025440 -0.205479
v -0.142857 0.037182 -0.201566
v -0.076321 -0.221135 0.080235
v -0.111546 0.033268 -0.197652
v -0.111546 0.033268 -0.197652
v -0.095890 -0.221135 0.056751
v -0.095890 -0.221135 0.056751
v 0.679061 0.029354 -0.170254
v 0.679061 0.029354 -0.170254
v -0.099804 -0.221135 0.072407
v -0.099804 -0.221135 0.072407
v 0.651663 0.052838 -0.166341
v 0.651663 0.052838 -0.166341
v 0.651663 0.052838 -0.166341
v 0.060665 -0.217221 0.088063
v 0.679061 0.048924 -0.158513
v 0.679061 0.048924 -0.158513
v 0.084149 -0.213307 0.107632
v 0.702544 0.041096 -0.150685
v 0.702544 0.041096 -0.150685
v 0.060665 -0.213307 0.103718
v 0.706458 0.025440 -0.162427
v 0.706458 0.025440 -0.162427
v 0.706458 0.025440 -0.162427
v 0.772994 -0.217221 0.099804
v 0.772994 -0.217221 0.099804
v -0.726027 0.045010 -0.146771
v -0.726027 0.045010 -0.146771
v 0.796477 -0.205479 0.091976
v -0.698630 0.048924 -0.150685
v -0.671233 0.048924 -0.154599
v 0.796477 -0.197652 0.103718
v -0.831703 0.037182 -0.119374
v 0.772994 -0.205479 0.115460
v 0.772994 -0.205479 0.115460
v 0.772994 -0.205479 0.115460
v -0.808219 0.045010 -0.127202
v -0.784736 0.052838 -0.131115
v -0.780822 0.037182 -0.138943
v 0.138943 -0.201566 0.127202
v 0.138943 -0.201566 0.127202
v 0.812133 0.025440 -0.072407
v 0.812133 0.025440 -0.072407
v 0.812133 0.025440 -0.072407
v 0.812133 0.029354 -0.060665
v 0.812133 0.029354 -0.060665
v 0.115460 -0.201566 0.127202
v 0.115460 -0.201566 0.127202
v 0.823875 0.021527 -0.052838
v 0.823875 0.021527 -0.052838
v 0.111546 -0.213307 0.111546
v 0.823875 0.025440 -0.041096
v 0.823875 0.029354 -0.029354
v 0.831703 0.017613 -0.025440
v 0.217221 -0.205479 0.138943
v 0.870842 0.029354 -0.017612
v 0.874755 0.025440 -0.021526
v 0.831703 0.021527 -0.013699
v 0.831703 0.021527 -0.013699
v 0.772994 -0.193738 0.127202
v 0.772994 -0.193738 0.127202
v 0.831703 0.025440 -0.001957
v 0.831703 0.025440 -0.001957
v 0.745597 -0.197652 0.138943
v 0.831703 0.025440 0.009785
v 0.264188 -0.193738 0.150685
v 0.264188 -0.193738 0.150685
v 0.264188 -0.193738 0.150685
v 0.874755 0.021527 0.021527
v 0.244618 -0.205479 0.138943
v 0.870842 0.025440 0.017613
v 0.405088 -0.213307 0.158513
v 0.405088 -0.213307 0.158513
v 0.898239 0.029354 0.025440
v 0.898239 0.029354 0.025440
v 0.409002 -0.193738 0.174168
v 0.409002 -0.193738 0.174168
v 0.409002 -0.193738 0.174168
v 0.409002 -0.193738 0.174168
v 0.894325 0.033268 0.025440
v 0.894325 0.033268 0.025440
v 0.385519 -0.189824 0.174168
v 0.385519 -0.189824 0.174168
v -0.780822 0.037182 0.138943
v 0.385519 -0.209393 0.162427
v -0.784736 0.052838 0.131115
v -0.808219 0.045010 0.127202
v 0.385519 -0.209393 -0.162427
v -0.831703 0.037182 0.119374
v -0.831703 0.037182 0.119374
v 0.362035 -0.185910 -0.170254
v 0.362035 -0.185910 -0.170254
v 0.385519 -0.189824 -0.174168
v 0.385519 -0.189824 -0.174168
v 0.792564 0.033268 0.107632
v 0.346380 -0.205479 -0.154599
v 0.346380 -0.205479 -0.154599
v 0.769080 0.029354 0.131115
v 0.769080 0.029354 0.131115
v 0.322896 -0.201566 -0.154599
v 0.322896 -0.201566 -0.154599
v 0.322896 -0.185910 -0.166341
v 0.322896 -0.185910 -0.166341
v -0.671233 0.048924 0.154599
v 0.342466 -0.185910 -0.166341
v 0.342466 -0.185910 -0.166341
v -0.698630 0.048924 0.150685
v -0.726027 0.045010 0.146771
v -0.726027 0.045010 0.146771
v 0.236791 -0.189824 -0.150685
v -0.201566 0.033268 0.201566
v -0.228963 0.045010 0.189824
v -0.228963 0.045010 0.189824
v -0.228963 0.045010 0.189824
v -0.256360 0.045010 0.189824
v 0.088063 -0.201566 -0.123288
v 0.088063 -0.201566 -0.123288
v -0.099804 -0.221135 -0.072407
v -0.099804 -0.221135 -0.072407
v 0.350294 0.045010 0.201566
v 0.326810 0.048924 0.197652
v -0.123288 -0.213307 -0.084149
v -0.123288 -0.213307 -0.084149
v -0.099804 -0.217221 -0.084149
v -0.099804 -0.217221 -0.084149
v -0.099804 -0.217221 -0.084149
v -0.099804 -0.217221 -0.084149
v -0.080235 -0.217221 -0.088063
v -0.080235 -0.217221 -0.088063
v 0.146771 0.025440 -0.205479
v -0.060665 -0.217221 -0.088063
v -0.060665 -0.217221 -0.088063
v 0.174168 0.037182 -0.197652
v -0.080235 -0.213307 -0.095890
v 0.041096 0.033268 -0.201566
v 0.041096 0.033268 -0.201566
v -0.060665 -0.209393 -0.095890
v 0.064579 0.037182 -0.205479
v -0.037182 -0.213307 -0.088063
v -0.037182 -0.213307 -0.088063
v 0.303327 0.033268 -0.205479
v -0.060665 -0.197652 -0.103718
v 0.303327 0.048924 -0.197652
v 0.303327 0.048924 -0.197652
v -0.033268 -0.201566 -0.103718
v -0.009785 -0.201566 -0.107632
v 0.326810 0.048924 -0.197652
v -0.009785 -0.209393 -0.088063
v -0.009785 -0.209393 -0.088063
v -0.048924 0.029354 -0.193738
v -0.283757 -0.213307 -0.041096
v -0.080235 0.033268 -0.197652
v -0.048924 0.048924 -0.189824
v -0.017613 0.048924 -0.185910
v -0.017613 0.048924 -0.185910
v -0.017613 0.025440 -0.197652
v -0.017613 0.025440 -0.197652
v -0.311155 -0.213307 -0.041096
v 0.013699 0.029354 -0.197652
v 0.013699 0.029354 -0.197652
v -0.283757 -0.209393 -0.064579
v 0.013699 0.045010 -0.189824
v 0.013699 0.045010 -0.189824
v 0.013699 0.045010 -0.189824
v -0.256360 -0.209393 -0.068493
v -0.256360 -0.213307 -0.045010
v -0.283757 0.045010 -0.189824
v -0.256360 0.045010 -0.189824
v -0.228963 -0.213307 -0.068493
v -0.228963 -0.213307 -0.068493
v -0.596869 0.025440 -0.181996
v -0.596869 0.025440 -0.181996
v -0.201566 -0.213307 -0.072407
v -0.201566 -0.213307 -0.072407
v -0.620352 0.029354 -0.174168
v -0.596869 0.037182 -0.178082
v -0.596869 0.037182 -0.178082
v -0.311155 -0.221135 -0.017613
v -0.338552 -0.217221 0.001957
v -0.338552 -0.217221 0.001957
v -0.636008 0.052838 -0.158513
v -0.338552 -0.217221 -0.017613
v -0.612524 0.041096 -0.170254
v -0.338552 -0.209393 -0.041096
v 0.749511 0.048924 -0.119374
v 0.749511 0.048924 -0.119374
v 0.769080 0.041096 -0.111546
v -0.311155 -0.221135 0.017613
v 0.784736 0.033268 -0.103718
v -0.311155 -0.213307 0.041096
v -0.338552 -0.209393 0.041096
v 0.784736 0.021527 -0.111546
v -0.338552 -0.217221 0.017613
v -0.338552 -0.217221 0.017613
v -0.283757 -0.213307 0.041096
v -0.256360 -0.213307 0.045010
v 0.886497 0.037182 -0.025440
v 0.886497 0.037182 -0.025440
v -0.256360 -0.209393 0.068493
v 0.894325 0.037182 -0.025440
v 0.894325 0.037182 -0.025440
v -0.283757 -0.209393 0.064579
v -0.201566 -0.213307 0.072407
v 0.859100 0.017613 0.001957
v -0.228963 -0.213307 0.068493
v -0.228963 -0.213307 0.068493
v 0.863014 0.029354 0.001957
v 0.863014 0.029354 -0.005871
v 0.863014 0.029354 -0.005871
v 0.816047 -0.201566 0.068493
v 0.866928 0.029354 -0.013699
v 0.827789 -0.185910 0.060665
v 0.816047 -0.193738 0.080235
v 0.863014 0.029354 0.009785
v -0.009785 -0.209393 0.088063
v -0.009785 -0.209393 0.088063
v -0.009785 -0.201566 0.107632
v 0.913894 0.025440 -0.005871
v 0.913894 0.025440 -0.005871
v -0.037182 -0.213307 0.088063
v -0.037182 -0.213307 0.088063
v 0.917808 0.041096 -0.005871
v 0.917808 0.041096 -0.005871
v -0.033268 -0.201566 0.103718
v 0.917808 0.041096 0.001957
v -0.060665 -0.197652 0.103718
v 0.917808 0.041096 0.005871
v 0.917808 0.041096 0.005871
v -0.060665 -0.209393 0.095890
v -0.060665 -0.209393 0.095890
v 0.831703 0.021526 0.025440
v -0.060665 -0.217221 0.088063
v -0.060665 -0.217221 0.088063
v 0.819961 0.037182 0.017613
v -0.080235 -0.217221 0.088063
v 0.823875 0.033268 0.029354
v 0.886497 0.033268 0.025440
v 0.886497 0.033268 0.025440
v 0.886497 0.033268 0.025440
v 0.886497 0.033268 0.025440
v -0.080235 -0.213307 0.095890
v -0.080235 -0.213307 0.095890
v -0.099804 -0.217221 0.084149
v -0.099804 -0.217221 0.084149
v -0.099804 -0.217221 0.084149
v 0.878669 0.037182 0.021527
v 0.878669 0.037182 0.021527
v 0.878669 0.037182 0.021527
v -0.123288 -0.213307 0.084149
v -0.123288 -0.213307 0.084149
v -0.123288 -0.209393 0.095890
v -0.123288 -0.209393 0.095890
v 0.808219 0.029354 0.080235
v 0.808219 0.029354 0.080235
v 0.808219 0.029354 0.080235
v 0.808219 0.029354 0.080235
v 0.792564 0.041096 0.091977
v 0.792564 0.041096 0.091977
v -0.146771 -0.209393 0.088063
v -0.146771 -0.209393 0.088063
v 0.745597 0.041096 0.138943
v 0.745597 0.041096 0.138943
v 0.714286 0.037182 0.158513
v 0.714286 0.037182 0.158513
v 0.714286 0.037182 0.158513
v 0.714286 0.037182 0.158513
v 0.088063 -0.201566 0.123288
v -0.569472 0.025440 0.178082
v 0.236791 -0.189824 0.150685
v -0.573385 0.041096 0.174168
v -0.596869 0.037182 0.178082
v -0.596869 0.037182 0.178082
v -0.283757 0.045010 0.189824
v -0.017613 0.048924 0.185910
v -0.017613 0.048924 0.185910
v 0.365949 -0.209393 0.158513
v -0.048924 0.048924 0.189824
v 0.362035 -0.185910 0.170254
v 0.362035 -0.185910 0.170254
v -0.080235 0.033268 0.197652
v 0.342466 -0.185910 0.166340
v 0.342466 -0.185910 0.166340
v 0.651663 -0.205479 0.162427
v 0.651663 -0.205479 0.162427
v 0.013699 0.029354 0.197652
v 0.013699 0.029354 0.197652
v 0.013699 0.029354 0.197652
v 0.013699 0.029354 0.197652
v 0.686888 -0.185910 0.170254
v 0.686888 -0.185910 0.170254
v 0.686888 -0.185910 0.170254
v 0.686888 -0.185910 0.170254
v 0.041096 0.033268 0.201566
v 0.655577 -0.185910 0.178082
v 0.655577 -0.185910 0.178082
v 0.013699 0.045010 0.189824
v 0.013699 0.045010 0.189824
v 0.013699 0.045010 0.189824
v 0.561644 -0.201566 0.178082
v 0.088063 0.021526 0.209393
v 0.592955 -0.181996 0.189824
v 0.565558 -0.178082 0.189824
v 0.088063 0.037182 0.201566
v 0.264188 -0.181996 -0.166341
v 0.264188 -0.181996 -0.166341
v 0.064579 0.037182 0.205480
v 0.064579 0.037182 0.205480
v 0.295499 -0.185910 -0.170254
v 0.295499 -0.185910 -0.170254
v 0.452055 0.033268 -0.209393
v 0.452055 0.033268 -0.209393
v 0.217221 -0.205479 -0.138943
v 0.424658 0.052838 -0.201566
v 0.193738 -0.193738 -0.138943
v 0.452055 0.052838 -0.205479
v 0.452055 0.052838 -0.205479
v 0.209393 -0.181996 -0.150685
v 0.479452 0.048924 -0.209393
v 0.479452 0.048924 -0.209393
v 0.479452 0.048924 -0.209393
v 0.088063 0.037182 -0.201566
v -0.099804 -0.209393 -0.095890
v -0.099804 -0.209393 -0.095890
v -0.084149 -0.201566 -0.103718
v 0.088063 0.052838 -0.189824
v 0.088063 0.052838 -0.189824
v -0.123288 -0.209393 -0.095890
v -0.123288 -0.209393 -0.095890
v 0.123288 0.052838 -0.185910
v 0.123288 0.052838 -0.185910
v 0.123288 0.052838 -0.185910
v -0.146771 -0.209393 -0.088063
v -0.146771 -0.205479 -0.099804
v -0.115460 -0.201566 -0.103718
v -0.115460 -0.201566 -0.103718
v -0.174168 -0.209393 -0.088063
v -0.174168 0.041096 -0.201566
v -0.362035 -0.213307 0.001957
v -0.362035 -0.213307 0.001957
v -0.362035 -0.213307 0.001957
v -0.362035 -0.213307 0.017613
v -0.111546 0.048924 -0.189824
v -0.111546 0.048924 -0.189824
v -0.381605 -0.217221 0.001957
v -0.381605 -0.217221 0.001957
v -0.362035 -0.213307 -0.017613
v -0.080235 0.048924 -0.189824
v -0.365949 -0.209393 -0.037182
v -0.432485 0.029354 -0.181996
v -0.389432 -0.209393 -0.033268
v -0.389432 -0.209393 -0.033268
v -0.432485 0.045010 -0.178082
v -0.409002 0.045010 -0.181996
v -0.362035 -0.205479 -0.064579
v -0.362035 -0.205479 -0.064579
v -0.385519 0.045010 -0.189824
v -0.334638 -0.205479 -0.064579
v -0.487280 0.041096 -0.178082
v -0.487280 0.041096 -0.178082
v -0.401174 -0.217221 0.001957
v -0.401174 -0.217221 0.001957
v -0.459883 0.048924 -0.178082
v -0.459883 0.048924 -0.178082
v -0.401174 -0.217221 -0.013699
v -0.401174 -0.217221 -0.013699
v -0.381605 -0.217221 -0.013699
v -0.381605 -0.217221 -0.013699
v -0.381605 -0.217221 -0.013699
v -0.874755 0.025440 -0.099804
v -0.381605 -0.217221 0.013699
v -0.870842 0.037182 -0.091977
v -0.401174 -0.217221 0.013699
v -0.851272 0.041096 -0.103718
v -0.851272 0.041096 -0.103718
v -0.420744 -0.217221 0.001957
v -0.420744 -0.217221 0.001957
v -0.855186 0.033268 -0.111546
v -0.855186 0.033268 -0.111546
v -0.420744 -0.209393 -0.021526
v -0.448141 -0.209393 0.001957
v -0.448141 -0.209393 0.001957
v 0.784736 0.041096 -0.088063
v 0.784736 0.041096 -0.088063
v 0.800391 0.033268 -0.080235
v 0.800391 0.033268 -0.080235
v -0.448141 -0.209393 -0.021526
v -0.448141 -0.209393 -0.021526
v -0.898239 0.045010 -0.017612
v -0.898239 0.045010 -0.017612
v -0.444227 -0.205479 -0.045010
v -0.894325 0.045010 -0.033268
v -0.894325 0.045010 -0.033268
v -0.890411 0.045010 -0.052838
v -0.890411 0.045010 -0.052838
v -0.898239 0.029354 -0.056752
v -0.416830 -0.205479 -0.045010
v 0.909980 0.029354 -0.013699
v 0.909980 0.029354 -0.013699
v 0.909980 0.029354 -0.013699
v -0.420744 -0.209393 0.021526
v 0.906067 0.029354 -0.021526
v 0.906067 0.029354 -0.021526
v -0.389432 -0.209393 0.033268
v 0.913894 0.045010 -0.013699
v 0.913894 0.045010 -0.013699
v 0.913894 0.045010 -0.013699
v 0.866928 0.025440 0.013699
v -0.416830 -0.205479 0.045010
v -0.444227 -0.205479 0.045010
v 0.870842 0.041096 0.013699
v 0.870842 0.041096 0.013699
v -0.448141 -0.209393 0.021526
v 0.866928 0.041096 0.005871
v 0.866928 0.041096 0.005871
v -0.365949 -0.209393 0.037182
v -0.365949 -0.209393 0.037182
v -0.906067 0.029354 0.033268
v -0.311155 -0.205479 0.064579
v -0.334638 -0.205479 0.064579
v -0.334638 -0.205479 0.064579
v -0.898239 0.029354 0.056752
v -0.890411 0.045010 0.052838
v -0.174168 -0.209393 0.088063
v -0.894325 0.045010 0.033268
v -0.898239 0.045010 0.017613
v -0.909980 0.029354 0.017613
v -0.146771 -0.205479 0.099804
v -0.902153 0.045010 0.005871
v -0.902153 0.045010 0.005871
v -0.174168 -0.201566 0.099804
v -0.902153 0.045010 -0.005871
v -0.084149 -0.201566 0.103718
v -0.099804 -0.209393 0.095890
v -0.099804 -0.209393 0.095890
v -0.099804 -0.209393 0.095890
v 0.913894 0.041096 0.013699
v 0.913894 0.041096 0.013699
v 0.909980 0.045010 0.017613
v 0.909980 0.045010 0.017613
v -0.115460 -0.201566 0.103718
v -0.115460 -0.201566 0.103718
v 0.823875 0.029354 0.045010
v 0.440313 -0.197652 0.174168
v 0.812133 0.041096 0.052838
v 0.812133 0.037182 0.068493
v 0.812133 0.037182 0.068493
v 0.471624 -0.197652 0.178082
v -0.855186 0.033268 0.111546
v 0.475538 -0.178082 0.193738
v 0.475538 -0.178082 0.193738
v -0.851272 0.041096 0.103718
v -0.851272 0.041096 0.103718
v 0.444227 -0.178082 0.189824
v 0.444227 -0.178082 0.189824
v 0.444227 -0.178082 0.189824
v -0.874755 0.025440 0.099804
v -0.870842 0.037182 0.091977
v -0.886497 0.033268 0.076321
v -0.409002 0.029354 0.185910
v -0.409002 0.029354 0.185910
v 0.506849 -0.178082 0.193738
v 0.506849 -0.178082 0.193738
v 0.506849 -0.178082 0.193738
v -0.385519 0.029354 0.193738
v -0.385519 0.029354 0.193738
v -0.385519 0.045010 0.189824
v 0.491194 -0.193738 -0.181996
v 0.491194 -0.193738 -0.181996
v -0.409002 0.045010 0.181996
v -0.432485 0.045010 0.178082
v 0.491194 -0.174168 -0.193738
v 0.491194 -0.174168 -0.193738
v 0.491194 -0.174168 -0.193738
v -0.432485 0.029354 0.181996
v -0.459883 0.048924 0.178082
v -0.459883 0.048924 0.178082
v -0.487280 0.041096 0.178082
v -0.487280 0.041096 0.178082
v 0.409002 -0.193738 -0.174168
v 0.409002 -0.193738 -0.174168
v 0.385519 -0.170254 -0.185910
v 0.409002 -0.174168 -0.189824
v -0.365949 0.029354 0.193738
v -0.365949 0.029354 0.193738
v -0.365949 0.029354 0.193738
v 0.436399 -0.178082 -0.193738
v 0.436399 -0.178082 -0.193738
v -0.365949 0.045010 0.189824
v -0.365949 0.045010 0.189824
v 0.064579 -0.205479 -0.115460
v -0.338552 0.045010 0.185910
v -0.338552 0.045010 0.185910
v 0.041096 -0.205479 -0.107632
v 0.045010 -0.193738 -0.127202
v -0.111546 0.033268 0.197652
v -0.111546 0.033268 0.197652
v 0.064579 -0.193738 -0.127202
v -0.080235 0.048924 0.189824
v -0.080235 0.048924 0.189824
v -0.111546 0.048924 0.189824
v -0.111546 0.048924 0.189824
v 0.013699 -0.201566 -0.115460
v 0.013699 -0.201566 -0.115460
v -0.142857 0.037182 0.201566
v -0.228963 -0.209393 -0.084149
v -0.228963 -0.209393 -0.084149
v -0.228963 -0.209393 -0.084149
v 0.373777 0.041096 -0.201566
v -0.256360 -0.209393 -0.084149
v -0.256360 -0.209393 -0.084149
v 0.350294 0.045010 -0.201566
v 0.350294 0.045010 -0.201566
v -0.228963 -0.201566 -0.095890
v -0.228963 -0.201566 -0.095890
v 0.354207 0.064579 -0.197652
v 0.354207 0.064579 -0.197652
v -0.209393 -0.209393 -0.084149
v 0.373777 0.060665 -0.197652
v -0.189824 -0.209393 -0.088063
v -0.193738 -0.205479 -0.095890
v -0.753425 0.041096 -0.142857
v -0.174168 -0.201566 -0.099804
v -0.209393 -0.201566 -0.095890
v -0.197652 -0.189824 -0.107632
v -0.757339 0.056752 -0.135029
v 0.812133 -0.185910 -0.080235
v -0.886497 0.033268 -0.076321
v 0.812133 -0.178082 -0.091977
v 0.812133 -0.178082 -0.091977
v 0.827789 -0.166341 -0.076321
v 0.827789 -0.166341 -0.076321
v -0.878669 0.045010 -0.068493
v -0.878669 0.045010 -0.068493
v -0.311155 -0.205479 -0.064579
v -0.307241 -0.205479 -0.084149
v 0.902153 0.033268 -0.025440
v -0.283757 -0.209393 -0.084149
v 0.902153 0.048924 -0.021526
v 0.902153 0.048924 -0.021526
v 0.831703 -0.193738 -0.005871
v 0.831703 -0.193738 -0.005871
v 0.843444 -0.170254 -0.021526
v 0.843444 -0.174168 -0.005871
v 0.843444 -0.174168 0.005871
v 0.831703 -0.193738 0.021526
v 0.831703 -0.193738 0.021526
v 0.870842 0.041096 -0.013699
v 0.870842 0.041096 -0.013699
v 0.870842 0.041096 -0.013699
v 0.843444 -0.174168 0.021526
v 0.874755 0.041096 -0.017612
v 0.874755 0.041096 -0.017612
v 0.843444 -0.174168 0.033268
v 0.878669 0.041096 -0.021526
v 0.906067 0.045010 0.021527
v 0.906067 0.045010 0.021527
v 0.898239 0.048924 0.025440
v 0.898239 0.048924 0.025440
v -0.283757 -0.209393 0.084149
v -0.307241 -0.205479 0.084149
v -0.878669 0.045010 0.068493
v -0.228963 -0.209393 0.084149
v -0.228963 -0.209393 0.084149
v -0.209393 -0.209393 0.084149
v -0.228963 -0.201566 0.095890
v -0.228963 -0.201566 0.095890
v -0.228963 -0.201566 0.095890
v 0.796477 0.048924 0.076321
v 0.796477 0.048924 0.076321
v -0.256360 -0.209393 0.084149
v -0.193738 -0.205479 0.095890
v 0.772994 0.045010 0.115460
v 0.772994 0.045010 0.115460
v -0.189824 -0.209393 0.088063
v 0.749511 0.052838 0.123288
v -0.197652 -0.189824 0.107632
v -0.753425 0.041096 0.142857
v -0.209393 -0.201566 0.095890
v -0.757339 0.056751 0.135029
v 0.041096 -0.205479 0.107632
v 0.064579 -0.205479 0.115460
v 0.686888 0.045010 0.162427
v 0.686888 0.045010 0.162427
v 0.686888 0.045010 0.162427
v 0.045010 -0.193738 0.127202
v 0.013699 -0.201566 0.115460
v 0.013699 -0.201566 0.115460
v 0.659491 0.056751 0.166340
v 0.659491 0.056751 0.166340
v 0.632094 0.064579 0.166340
v 0.628180 0.045010 0.181996
v -0.174168 0.041096 0.201566
v 0.064579 -0.193738 0.127202
v 0.279843 0.033268 0.213307
v 0.772994 -0.178082 0.138943
v 0.303327 0.048924 0.197652
v 0.745597 -0.181996 0.150685
v 0.279843 0.045010 0.209393
v 0.585127 -0.189824 -0.181996
v 0.252446 0.033268 -0.213307
v 0.252446 0.033268 -0.213307
v 0.252446 0.033268 -0.213307
v 0.585127 -0.170254 -0.193738
v 0.616438 -0.166341 -0.189824
v 0.228963 0.045010 -0.201566
v 0.228963 0.045010 -0.201566
v 0.252446 0.045010 -0.209393
v 0.252446 0.045010 -0.209393
v 0.338552 -0.166341 -0.181996
v 0.041096 0.048924 -0.189824
v 0.041096 0.048924 -0.189824
v 0.041096 0.048924 -0.189824
v 0.362035 -0.166341 -0.185910
v 0.064579 0.052838 -0.193738
v 0.064579 0.052838 -0.193738
v -0.545988 0.045010 -0.170254
v -0.514677 0.045010 -0.170254
v 0.737769 -0.185910 -0.142857
v 0.800391 0.041096 -0.068493
v 0.800391 0.041096 -0.068493
v 0.800391 0.041096 -0.068493
v 0.710372 -0.178082 -0.162427
v 0.737769 -0.170254 -0.154599
v 0.800391 0.048924 -0.056752
v 0.800391 0.048924 -0.056752
v 0.765166 -0.174168 -0.138943
v 0.812133 0.037182 -0.048924
v 0.178082 -0.201566 -0.135029
v 0.178082 -0.201566 -0.135029
v 0.162427 -0.197652 -0.138943
v 0.178082 -0.185910 -0.142857
v 0.178082 -0.185910 -0.142857
v 0.812133 0.041096 -0.037182
v 0.812133 0.045010 -0.021526
v 0.823875 0.033268 -0.017612
v -0.146771 -0.193738 -0.107632
v 0.823875 0.033268 -0.005871
v 0.823875 0.033268 -0.005871
v -0.142857 -0.181996 -0.123288
v 0.823875 0.037182 0.005871
v -0.115460 -0.181996 -0.119374
v -0.115460 -0.181996 -0.119374
v 0.874755 0.037182 0.017613
v 0.874755 0.037182 0.017613
v 0.001957 -0.197652 -0.127202
v 0.001957 -0.197652 -0.127202
v 0.882583 0.052838 0.021527
v 0.882583 0.052838 0.021527
v 0.882583 0.052838 0.021527
v 0.009785 -0.193738 -0.131115
v 0.009785 -0.193738 -0.131115
v 0.009785 -0.193738 -0.131115
v 0.878669 0.052838 0.017613
v 0.878669 0.052838 0.017613
v 0.021527 -0.193738 -0.131115
v 0.021527 -0.193738 -0.131115
v 0.718200 0.052838 0.142857
v 0.718200 0.052838 0.142857
v 0.690802 0.060665 0.146771
v 0.690802 0.060665 0.146771
v -0.170254 -0.193738 -0.111546
v -0.483366 0.064579 0.166340
v -0.483366 0.064579 0.166340
v -0.514677 0.045010 0.170254
v -0.307241 -0.197652 -0.095890
v -0.142857 0.048924 0.189824
v -0.283757 -0.205479 -0.095890
v -0.256360 -0.205479 -0.095890
v -0.256360 -0.205479 -0.095890
v 0.041096 0.048924 0.189824
v 0.041096 0.048924 0.189824
v -0.256360 -0.193738 -0.103718
v -0.256360 -0.193738 -0.103718
v 0.174168 0.037182 0.197652
v 0.174168 0.037182 0.197652
v -0.228963 -0.189824 -0.103718
v -0.228963 -0.189824 -0.103718
v 0.181996 0.052838 0.193738
v 0.181996 0.052838 0.193738
v 0.162427 0.060665 0.185910
v 0.150685 0.041096 0.193738
v -0.389432 -0.205479 -0.064579
v -0.416830 -0.201566 -0.064579
v -0.416830 -0.193738 -0.084149
v 0.506849 0.052838 -0.209393
v 0.514677 0.060665 -0.197652
v -0.389432 -0.197652 -0.084149
v 0.542074 0.064579 -0.181996
v 0.542074 0.064579 -0.181996
v -0.444227 -0.197652 -0.068493
v -0.201566 0.045010 -0.197652
v -0.201566 0.045010 -0.197652
v -0.471624 -0.209393 -0.025440
v -0.471624 -0.209393 -0.025440
v -0.197652 0.056752 -0.185910
v -0.197652 0.056752 -0.185910
v -0.170254 0.052838 -0.189824
v -0.170254 0.052838 -0.189824
v -0.471624 -0.209393 0.001957
v -0.471624 -0.209393 0.001957
v -0.471624 -0.209393 0.001957
v -0.471624 -0.209393 0.001957
v -0.142857 0.048924 -0.189824
v -0.499022 -0.209393 0.001957
v -0.499022 -0.209393 0.001957
v -0.499022 -0.205479 -0.021526
v 0.150685 0.041096 -0.193738
v -0.499022 -0.201566 -0.048924
v 0.162427 0.060665 -0.185910
v 0.162427 0.060665 -0.185910
v -0.471624 -0.201566 -0.048924
v -0.471624 -0.201566 -0.048924
v 0.330724 0.068493 -0.189824
v 0.330724 0.068493 -0.189824
v 0.330724 0.068493 -0.189824
v -0.471624 -0.209393 0.025440
v -0.471624 -0.209393 0.025440
v -0.573385 0.041096 -0.174168
v -0.471624 -0.197652 -0.072407
v -0.471624 -0.197652 -0.072407
v -0.589041 0.052838 -0.166341
v -0.589041 0.052838 -0.166341
v -0.499022 -0.205479 0.021526
v 0.702544 0.060665 -0.135029
v 0.702544 0.060665 -0.135029
v 0.702544 0.060665 -0.135029
v -0.499022 -0.201566 0.048924
v 0.726027 0.052838 -0.127202
v 0.726027 0.052838 -0.127202
v -0.526419 -0.197652 0.045010
v -0.526419 -0.205479 0.021526
v -0.526419 -0.205479 0.001957
v -0.526419 -0.205479 0.001957
v 0.882583 0.052838 -0.021526
v 0.882583 0.052838 -0.021526
v 0.890411 0.052838 -0.025440
v -0.553816 -0.205479 0.001957
v -0.553816 -0.205479 0.001957
v 0.898239 0.048924 -0.025440
v 0.898239 0.048924 -0.025440
v -0.526419 -0.205479 -0.021526
v 0.909980 0.045010 -0.021526
v -0.416830 -0.201566 0.064579
v 0.913894 0.060665 -0.017612
v -0.444227 -0.197652 0.068493
v -0.444227 -0.197652 0.068493
v 0.917808 0.060665 -0.013699
v 0.917808 0.060665 -0.013699
v -0.471624 -0.197652 0.072407
v -0.471624 -0.197652 0.072407
v 0.921722 0.060665 -0.005871
v -0.471624 -0.201566 0.048924
v -0.471624 -0.201566 0.048924
v 0.812133 0.048924 -0.009785
v 0.812133 0.048924 -0.009785
v -0.362035 -0.205479 0.064579
v 0.812133 0.048924 0.005871
v -0.362035 -0.197652 0.084149
v -0.362035 -0.197652 0.084149
v 0.812133 0.048924 0.021527
v -0.389432 -0.197652 0.084149
v -0.389432 -0.197652 0.084149
v -0.389432 -0.205479 0.064579
v 0.921722 0.056752 -0.001957
v 0.921722 0.056752 0.005871
v -0.416830 -0.193738 0.084149
v -0.416830 -0.193738 0.084149
v 0.917808 0.060665 0.013699
v -0.256360 -0.205479 0.095890
v -0.283757 -0.205479 0.095890
v -0.307241 -0.197652 0.095890
v -0.831703 0.048924 0.111546
v -0.831703 0.048924 0.111546
v -0.228963 -0.189824 0.103718
v -0.228963 -0.189824 0.103718
v -0.831703 0.060665 0.099804
v -0.831703 0.060665 0.099804
v -0.831703 0.060665 0.099804
v -0.831703 0.060665 0.099804
v -0.256360 -0.193738 0.103718
v -0.256360 -0.193738 0.103718
v -0.847358 0.052838 0.091977
v -0.847358 0.052838 0.091977
v -0.866928 0.048924 0.084149
v 0.021527 -0.193738 0.131115
v -0.545988 0.045010 0.170254
v 0.009785 -0.193738 0.131115
v 0.009785 -0.193738 0.131115
v 0.001957 -0.197652 0.127202
v -0.553816 0.060665 0.162427
v -0.589041 0.052838 0.166340
v -0.589041 0.052838 0.166340
v -0.115460 -0.181996 0.119374
v -0.115460 -0.181996 0.119374
v -0.142857 -0.181996 0.123288
v -0.146771 -0.193738 0.107632
v -0.612524 0.041096 0.170254
v 0.178082 -0.201566 0.135029
v 0.193738 -0.193738 0.138943
v 0.193738 -0.193738 0.138943
v 0.600783 0.052838 0.181996
v 0.178082 -0.185910 0.142857
v 0.569472 0.056751 0.181996
v 0.569472 0.056751 0.181996
v 0.162427 -0.197652 0.138943
v 0.123288 0.052838 0.185910
v 0.209393 -0.181996 0.150685
v 0.209393 -0.181996 0.150685
v 0.142857 0.064579 0.178082
v 0.119374 0.072407 0.174168
v 0.119374 0.072407 0.174168
v 0.385519 -0.170254 0.185910
v 0.385519 -0.170254 0.185910
v 0.091977 0.072407 0.178082
v 0.091977 0.072407 0.178082
v 0.362035 -0.166341 0.185910
v 0.088063 0.052838 0.189824
v 0.119374 -0.185910 -0.142857
v 0.542074 0.064579 0.181996
v 0.542074 0.064579 0.181996
v 0.142857 -0.189824 -0.135029
v 0.510763 0.060665 0.197652
v 0.502935 0.052838 0.209393
v -0.170254 -0.178082 -0.123288
v -0.279843 -0.193738 -0.103718
v -0.279843 -0.193738 -0.103718
v 0.397260 0.052838 -0.197652
v 0.424658 0.068493 -0.189824
v -0.303327 -0.189824 -0.103718
v 0.448141 0.068493 -0.197652
v -0.303327 -0.178082 -0.111546
v -0.303327 -0.178082 -0.111546
v 0.479452 0.060665 -0.205479
v 0.479452 0.060665 -0.205479
v -0.279843 -0.178082 -0.111546
v 0.205480 0.048924 -0.197652
v 0.205480 0.048924 -0.197652
v 0.181996 0.052838 -0.193738
v 0.181996 0.052838 -0.193738
v -0.334638 -0.201566 -0.084149
v 0.189824 0.068493 -0.197652
v 0.189824 0.068493 -0.197652
v 0.189824 0.068493 -0.197652
v -0.362035 -0.197652 -0.084149
v -0.362035 -0.197652 -0.084149
v -0.334638 -0.197652 -0.099804
v -0.334638 -0.197652 -0.099804
v 0.213307 0.064579 -0.197652
v 0.213307 0.064579 -0.197652
v 0.236791 0.056752 -0.197652
v 0.236791 0.056752 -0.197652
v -0.311155 0.045010 -0.185910
v -0.311155 0.064579 -0.178082
v -0.283757 0.064579 -0.178082
v -0.362035 -0.193738 -0.099804
v -0.362035 -0.193738 -0.099804
v -0.256360 0.064579 -0.181996
v -0.362035 -0.185910 -0.107632
v -0.362035 -0.185910 -0.107632
v -0.330724 -0.189824 -0.107632
v -0.330724 -0.189824 -0.107632
v -0.228963 0.045010 -0.189824
v -0.228963 0.045010 -0.189824
v -0.228963 0.045010 -0.189824
v -0.389432 -0.189824 -0.099804
v -0.225049 0.068493 -0.178082
v -0.225049 0.068493 -0.178082
v -0.365949 0.045010 -0.189824
v -0.365949 0.045010 -0.189824
v -0.389432 0.056752 -0.178082
v -0.365949 0.060665 -0.178082
v -0.365949 0.060665 -0.178082
v -0.338552 0.045010 -0.185910
v -0.338552 0.045010 -0.185910
v -0.338552 0.060665 -0.178082
v -0.483366 0.064579 -0.166341
v -0.483366 0.064579 -0.166341
v -0.455969 0.064579 -0.170254
v -0.495108 -0.197652 -0.072407
v -0.671233 0.072407 -0.142857
v -0.471624 -0.189824 -0.088063
v -0.471624 -0.189824 -0.088063
v 0.831703 -0.185910 -0.037182
v 0.831703 -0.185910 -0.037182
v 0.843444 -0.162427 -0.048924
v 0.843444 -0.162427 -0.048924
v 0.843444 -0.166341 -0.033268
v -0.643836 0.076321 -0.142857
v -0.612524 0.084149 -0.138943
v -0.612524 0.084149 -0.138943
v -0.553816 -0.201566 -0.021526
v -0.553816 -0.201566 -0.021526
v -0.604697 0.064579 -0.154599
v -0.604697 0.064579 -0.154599
v -0.581213 -0.205479 0.001957
v -0.581213 -0.205479 0.001957
v -0.581213 -0.205479 0.001957
v -0.581213 -0.205479 0.001957
v -0.874755 0.056752 -0.048924
v -0.874755 0.056752 -0.048924
v -0.581213 -0.201566 -0.021526
v -0.581213 -0.201566 -0.021526
v -0.866928 0.056752 -0.068493
v -0.866928 0.056752 -0.068493
v -0.859100 0.056752 -0.076321
v -0.859100 0.056752 -0.076321
v -0.553816 -0.197652 -0.045010
v -0.866928 0.048924 -0.084149
v -0.581213 -0.197652 -0.045010
v -0.581213 -0.197652 -0.045010
v -0.581213 -0.193738 -0.064579
v -0.581213 -0.193738 -0.064579
v -0.553816 -0.193738 -0.064579
v -0.522505 -0.193738 -0.072407
v 0.902153 0.064579 -0.025440
v -0.526419 -0.197652 -0.045010
v 0.906067 0.064579 -0.021526
v -0.553816 -0.201566 0.021526
v -0.553816 -0.201566 0.021526
v -0.886497 0.060665 -0.005871
v -0.882583 0.060665 -0.017612
v -0.553816 -0.197652 0.045010
v -0.878669 0.056752 -0.033268
v -0.581213 -0.201566 0.021526
v -0.581213 -0.201566 0.021526
v 0.866928 0.041096 -0.005871
v 0.866928 0.041096 -0.005871
v -0.608611 -0.201566 0.001957
v -0.608611 -0.201566 0.001957
v 0.870842 0.056752 -0.005871
v 0.870842 0.056752 -0.005871
v 0.870842 0.056752 -0.005871
v -0.608611 -0.201566 0.021526
v 0.874755 0.056752 -0.013699
v -0.636008 -0.201566 0.001957
v -0.636008 -0.201566 0.001957
v 0.878669 0.056752 -0.017612
v 0.878669 0.056752 -0.017612
v -0.608611 -0.201566 -0.021526
v 0.866928 0.041096 0.001957
v 0.866928 0.041096 0.001957
v -0.522505 -0.193738 0.072407
v 0.870842 0.056752 0.001957
v 0.870842 0.056752 0.001957
v -0.553816 -0.193738 0.064579
v -0.581213 -0.193738 0.064579
v -0.581213 -0.193738 0.064579
v 0.870842 0.056752 0.005871
v 0.870842 0.056752 0.005871
v -0.581213 -0.197652 0.045010
v -0.581213 -0.197652 0.045010
v 0.913894 0.060665 0.017613
v 0.909980 0.060665 0.021527
v 0.831703 -0.189824 0.048924
v 0.831703 -0.189824 0.048924
v -0.859100 0.056752 0.076321
v -0.859100 0.056752 0.076321
v -0.866928 0.056752 0.068493
v 0.843444 -0.174168 0.045010
v 0.843444 -0.174168 0.045010
v -0.874755 0.056752 0.048924
v -0.874755 0.056752 0.048924
v 0.839530 -0.170254 0.060665
v -0.389432 -0.189824 0.099804
v -0.636008 0.052838 0.158513
v -0.416830 -0.185910 0.099804
v -0.444227 -0.189824 0.088063
v -0.334638 -0.201566 0.084149
v -0.334638 -0.201566 0.084149
v -0.334638 -0.201566 0.084149
v -0.604697 0.064579 0.154599
v -0.604697 0.064579 0.154599
v -0.334638 -0.197652 0.099804
v -0.334638 -0.197652 0.099804
v -0.612524 0.084149 0.138943
v -0.612524 0.084149 0.138943
v -0.643836 0.076321 0.142857
v -0.303327 -0.189824 0.103718
v -0.330724 -0.189824 0.107632
v -0.330724 -0.189824 0.107632
v -0.362035 -0.185910 0.107632
v -0.671233 0.072407 0.142857
v -0.362035 -0.193738 0.099804
v -0.432485 0.060665 0.170254
v -0.455969 0.064579 0.170254
v 0.816047 -0.185910 0.091976
v 0.823875 -0.178082 0.084149
v -0.256360 0.064579 0.181996
v 0.816047 -0.178082 0.099804
v -0.283757 0.064579 0.178082
v 0.796477 -0.185910 0.115460
v -0.311155 0.064579 0.178082
v -0.311155 0.045010 0.185910
v -0.252446 -0.178082 0.115460
v -0.279843 -0.178082 0.111546
v -0.279843 -0.178082 0.111546
v -0.279843 -0.193738 0.103718
v -0.338552 0.060665 0.178082
v -0.365949 0.060665 0.178082
v -0.365949 0.060665 0.178082
v 0.228963 0.045010 0.201566
v -0.303327 -0.178082 0.111546
v -0.303327 -0.178082 0.111546
v 0.252446 0.045010 0.209393
v 0.252446 0.045010 0.209393
v 0.236791 0.056751 0.197652
v 0.236791 0.056751 0.197652
v 0.236791 0.056751 0.197652
v -0.170254 -0.193738 0.111546
v 0.205480 0.048924 0.197652
v 0.205480 0.048924 0.197652
v -0.170254 -0.178082 0.123288
v 0.213307 0.064579 0.197652
v 0.213307 0.064579 0.197652
v 0.189824 0.068493 0.197652
v 0.189824 0.068493 0.197652
v 0.142857 -0.189824 0.135029
v 0.119374 -0.185910 0.142857
v 0.119374 -0.185910 0.142857
v 0.330724 0.068493 0.193738
v 0.330724 0.068493 0.193738
v 0.322896 -0.185910 0.166340
v 0.322896 -0.185910 0.166340
v 0.475538 0.048924 0.209393
v 0.475538 0.048924 0.209393
v 0.479452 0.060665 0.205480
v 0.479452 0.060665 0.205480
v 0.479452 0.060665 0.205480
v 0.338552 -0.166341 0.181996
v 0.452055 0.052838 0.201566
v 0.452055 0.052838 0.201566
v 0.279843 0.045010 -0.209393
v 0.279843 0.045010 -0.209393
v 0.318982 -0.170254 0.178082
v 0.295499 -0.185910 0.170254
v 0.264188 0.045010 -0.213307
v 0.264188 0.045010 -0.213307
v 0.268102 0.052838 -0.205479
v 0.268102 0.052838 -0.205479
v 0.279843 0.056752 -0.201566
v 0.279843 0.056752 -0.201566
v 0.718200 -0.185910 0.162427
v 0.718200 -0.185910 0.162427
v 0.718200 -0.185910 0.162427
v 0.256360 0.056752 -0.205479
v 0.718200 -0.166341 0.174168
v 0.718200 -0.166341 0.174168
v 0.686888 -0.166341 0.181996
v 0.686888 -0.166341 0.181996
v 0.679061 -0.181996 -0.170254
v 0.679061 -0.181996 -0.170254
v 0.679061 -0.162427 -0.178082
v 0.679061 -0.162427 -0.178082
v 0.706458 -0.158513 -0.174168
v 0.706458 -0.158513 -0.174168
v 0.358121 0.076321 -0.193738
v 0.373777 0.076321 -0.185910
v 0.765166 -0.189824 -0.127202
v 0.765166 -0.189824 -0.127202
v 0.788650 -0.158513 -0.131115
v 0.788650 -0.158513 -0.131115
v 0.788650 -0.158513 -0.131115
v 0.788650 -0.174168 -0.123288
v 0.788650 -0.174168 -0.123288
v -0.013699 0.068493 -0.178082
v -0.013699 0.068493 -0.178082
v 0.013699 0.064579 -0.178082
v 0.091977 -0.181996 -0.138943
v 0.095890 -0.162427 -0.154599
v 0.095890 -0.162427 -0.154599
v -0.111546 0.064579 -0.181996
v -0.111546 0.064579 -0.181996
v 0.131115 -0.170254 -0.154599
v -0.088063 0.064579 -0.185910
v 0.068493 -0.178082 -0.138943
v 0.068493 -0.178082 -0.138943
v 0.068493 -0.178082 -0.138943
v -0.068493 0.064579 -0.189824
v 0.045010 -0.178082 -0.138943
v 0.045010 -0.178082 -0.138943
v 0.624266 0.056752 -0.170254
v 0.041096 -0.162427 -0.150685
v 0.624266 0.072407 -0.154599
v 0.624266 0.072407 -0.154599
v 0.624266 0.072407 -0.154599
v 0.068493 -0.162427 -0.150685
v 0.068493 -0.162427 -0.150685
v 0.651663 0.068493 -0.150685
v 0.651663 0.068493 -0.150685
v -0.009785 -0.189824 -0.123288
v -0.033268 -0.189824 -0.119374
v -0.001957 -0.178082 -0.135029
v -0.001957 -0.178082 -0.135029
v -0.084149 -0.185910 -0.119374
v -0.084149 -0.170254 -0.135029
v -0.056752 -0.170254 -0.135029
v 0.679061 0.064579 -0.142857
v -0.056752 -0.185910 -0.119374
v 0.769080 0.052838 -0.099804
v 0.769080 0.052838 -0.099804
v -0.029354 -0.174168 -0.135029
v 0.769080 0.060665 -0.084149
v 0.784736 0.052838 -0.076321
v 0.800391 0.052838 -0.041096
v 0.800391 0.056752 -0.025440
v -0.530333 -0.185910 -0.088063
v 0.800391 0.060665 -0.009785
v -0.506849 -0.193738 -0.088063
v 0.890411 0.048924 0.025440
v 0.890411 0.048924 0.025440
v 0.890411 0.048924 0.025440
v 0.890411 0.048924 0.025440
v -0.636008 -0.197652 -0.021526
v -0.663405 -0.197652 0.001957
v -0.663405 -0.197652 0.001957
v 0.894325 0.064579 0.021527
v 0.894325 0.064579 0.021527
v -0.663405 -0.197652 -0.021526
v 0.890411 0.068493 0.021527
v -0.663405 -0.189824 -0.045010
v -0.636008 -0.193738 -0.045010
v 0.812133 0.045010 0.037182
v -0.608611 -0.197652 -0.045010
v 0.800391 0.060665 0.025440
v 0.796477 0.060665 0.041096
v 0.796477 0.060665 0.041096
v -0.608611 -0.197652 -0.064579
v 0.772994 0.052838 0.099804
v 0.753425 0.064579 0.103718
v -0.636008 -0.197652 0.021526
v -0.068493 0.064579 0.189824
v -0.636008 -0.193738 0.045010
v -0.088063 0.064579 0.185910
v -0.663405 -0.189824 0.045010
v -0.111546 0.064579 0.181996
v -0.111546 0.064579 0.181996
v -0.663405 -0.197652 0.021526
v 0.064579 0.052838 0.193738
v -0.608611 -0.197652 0.045010
v -0.201566 0.045010 0.197652
v -0.201566 0.045010 0.197652
v -0.608611 -0.197652 0.064579
v -0.495108 -0.197652 0.072407
v -0.197652 0.056751 0.185910
v -0.197652 0.056751 0.185910
v -0.225049 0.068493 0.178082
v -0.225049 0.068493 0.178082
v -0.471624 -0.189824 0.088063
v -0.471624 -0.189824 0.088063
v -0.471624 -0.189824 0.088063
v -0.491194 -0.193738 0.088063
v 0.424658 0.052838 0.197652
v -0.506849 -0.193738 0.088063
v 0.448141 0.072407 0.197652
v -0.084149 -0.185910 0.119374
v 0.424658 0.068493 0.189824
v -0.056752 -0.185910 0.119374
v 0.397260 0.052838 0.193738
v -0.056752 -0.170254 0.135029
v -0.084149 -0.170254 0.135029
v 0.373777 0.060665 0.197652
v 0.373777 0.060665 0.197652
v 0.373777 0.076321 0.185910
v 0.373777 0.076321 0.185910
v 0.373777 0.076321 0.185910
v -0.009785 -0.189824 0.123288
v 0.358121 0.076321 0.193738
v 0.354207 0.064579 0.197652
v -0.001957 -0.178082 0.135029
v -0.001957 -0.178082 0.135029
v -0.033268 -0.189824 0.119374
v 0.264188 0.045010 0.213307
v 0.268102 0.052838 0.205480
v 0.256360 0.056751 0.205480
v 0.256360 0.056751 0.205480
v -0.029354 -0.174168 0.135029
v 0.279843 0.056751 0.201566
v 0.279843 0.056751 0.201566
v 0.131115 -0.170254 0.154599
v 0.095890 -0.162427 0.154599
v 0.095890 -0.162427 0.154599
v -0.138943 0.064579 -0.178082
v -0.138943 0.064579 -0.178082
v 0.569472 0.060665 -0.178082
v 0.091977 -0.181996 0.138943
v 0.091977 -0.181996 0.138943
v 0.569472 0.080235 -0.162427
v 0.569472 0.080235 -0.162427
v 0.068493 -0.178082 0.138943
v 0.596869 0.056752 -0.174168
v 0.596869 0.056752 -0.174168
v 0.068493 -0.162427 0.150685
v 0.068493 -0.162427 0.150685
v 0.041096 -0.162427 0.150685
v 0.041096 -0.162427 0.150685
v 0.596869 0.076321 -0.158513
v 0.596869 0.076321 -0.158513
v 0.045010 -0.178082 0.138943
v 0.624266 -0.181996 0.181996
v -0.784736 0.064579 -0.123288
v 0.624266 -0.162427 0.193738
v -0.757339 0.068493 -0.123288
v 0.596869 -0.158513 0.201566
v -0.729941 0.076321 -0.127202
v -0.729941 0.076321 -0.127202
v 0.463796 -0.178082 -0.193738
v 0.463796 -0.178082 -0.193738
v -0.729941 0.060665 -0.138943
v 0.463796 -0.154599 -0.205479
v 0.491194 -0.150685 -0.205479
v 0.491194 -0.150685 -0.205479
v 0.154599 -0.178082 -0.146771
v 0.166340 -0.166341 -0.162427
v -0.847358 0.052838 -0.091977
v -0.847358 0.052838 -0.091977
v -0.847358 0.052838 -0.091977
v 0.189824 -0.174168 -0.154599
v 0.189824 -0.174168 -0.154599
v -0.831703 0.060665 -0.099804
v -0.831703 0.048924 -0.111546
v -0.029354 -0.158513 -0.150685
v -0.029354 -0.158513 -0.150685
v -0.808219 0.056752 -0.119374
v -0.001957 -0.158513 -0.150685
v -0.001957 -0.158513 -0.150685
v -0.001957 -0.158513 -0.150685
v 0.021527 -0.178082 -0.138943
v 0.021527 -0.178082 -0.138943
v -0.808219 0.068493 -0.107632
v 0.808219 -0.166341 -0.103718
v 0.808219 -0.166341 -0.103718
v 0.808219 -0.154599 -0.115460
v 0.808219 -0.154599 -0.115460
v 0.823875 -0.146771 -0.099804
v 0.784736 0.060665 -0.060665
v -0.491194 -0.193738 -0.088063
v 0.784736 0.064579 -0.045010
v 0.784736 0.064579 -0.045010
v -0.510763 -0.185910 -0.099804
v 0.796477 0.056752 0.060665
v 0.796477 0.056752 0.060665
v -0.491194 -0.181996 -0.103718
v -0.444227 -0.189824 -0.088063
v 0.780822 0.068493 0.064579
v 0.780822 0.068493 0.064579
v 0.776908 0.060665 0.080235
v -0.444227 -0.178082 -0.103718
v -0.416830 -0.185910 -0.099804
v -0.808219 0.056751 0.119374
v -0.608611 -0.189824 -0.080235
v -0.784736 0.064579 0.123288
v -0.784736 0.064579 0.123288
v -0.632094 -0.193738 -0.064579
v -0.808219 0.068493 0.107632
v -0.808219 0.068493 0.107632
v -0.632094 -0.185910 -0.076321
v -0.729941 0.060665 0.138943
v -0.608611 -0.178082 -0.091977
v -0.729941 0.076321 0.127202
v -0.729941 0.076321 0.127202
v -0.729941 0.076321 0.127202
v -0.581213 -0.174168 -0.095890
v -0.581213 -0.174168 -0.095890
v -0.757339 0.068493 0.123288
v -0.757339 0.068493 0.123288
v -0.581213 -0.185910 -0.080235
v -0.581213 -0.185910 -0.080235
v 0.573385 0.076321 0.166340
v 0.573385 0.076321 0.166340
v -0.659491 -0.185910 -0.068493
v 0.545988 0.084149 0.166340
v -0.690802 -0.197652 0.001957
v -0.690802 -0.197652 0.001957
v -0.690802 -0.197652 0.001957
v 0.514677 0.072407 0.181996
v -0.690802 -0.193738 0.021526
v -0.690802 -0.193738 0.021526
v 0.064579 0.068493 0.181996
v -0.718200 -0.197652 0.001957
v -0.718200 -0.197652 0.001957
v 0.041096 0.068493 0.178082
v 0.041096 0.068493 0.178082
v 0.041096 0.068493 0.178082
v -0.690802 -0.193738 -0.021526
v -0.690802 -0.193738 -0.021526
v -0.690802 -0.193738 -0.021526
v -0.518591 0.064579 -0.162427
v -0.690802 -0.189824 -0.045010
v -0.690802 -0.189824 -0.045010
v -0.495108 0.088063 -0.150685
v -0.718200 -0.189824 -0.045010
v -0.459883 0.080235 -0.166341
v -0.459883 0.080235 -0.166341
v -0.690802 -0.181996 -0.068493
v -0.690802 -0.181996 -0.068493
v 0.679061 0.080235 -0.127202
v -0.718200 -0.193738 -0.021526
v -0.718200 -0.193738 -0.021526
v 0.702544 0.072407 -0.119374
v 0.726027 0.068493 -0.115460
v 0.726027 0.068493 -0.115460
v -0.745597 -0.193738 0.001957
v -0.745597 -0.193738 0.001957
v -0.745597 -0.189824 -0.021526
v -0.745597 -0.189824 -0.021526
v 0.749511 0.060665 -0.107632
v -0.745597 -0.185910 -0.045010
v -0.718200 -0.193738 0.021526
v 0.882583 0.068493 -0.017612
v -0.718200 -0.189824 0.045010
v -0.745597 -0.185910 0.045010
v 0.890411 0.068493 -0.021526
v -0.745597 -0.189824 0.021526
v 0.894325 0.068493 -0.025440
v -0.690802 -0.189824 0.045010
v -0.690802 -0.189824 0.045010
v -0.659491 -0.185910 0.068493
v 0.921722 0.076321 -0.013699
v 0.921722 0.076321 -0.013699
v -0.690802 -0.181996 0.068493
v -0.690802 -0.181996 0.068493
v 0.925636 0.076321 -0.009785
v 0.925636 0.076321 -0.009785
v -0.632094 -0.193738 0.064579
v 0.925636 0.076321 -0.001957
v 0.925636 0.076321 -0.001957
v -0.608611 -0.189824 0.080235
v -0.632094 -0.185910 0.076321
v 0.874755 0.052838 0.013699
v 0.874755 0.052838 0.013699
v -0.581213 -0.185910 0.080235
v -0.581213 -0.185910 0.080235
v 0.878669 0.068493 0.013699
v -0.581213 -0.174168 0.095890
v -0.581213 -0.174168 0.095890
v 0.878669 0.068493 0.005871
v -0.608611 -0.178082 0.091976
v 0.925636 0.076321 0.005871
v 0.925636 0.076321 0.005871
v 0.921722 0.076321 0.009785
v 0.921722 0.076321 0.009785
v -0.444227 -0.178082 0.103718
v -0.467710 -0.178082 0.103718
v -0.467710 -0.178082 0.103718
v -0.491194 -0.181996 0.103718
v 0.757339 0.076321 0.088063
v -0.385519 -0.178082 0.107632
v 0.722113 0.064579 0.127202
v 0.722113 0.064579 0.127202
v 0.816047 -0.166341 0.107632
v 0.698630 0.076321 0.127202
v 0.698630 0.076321 0.127202
v 0.796477 -0.174168 0.123288
v 0.796477 -0.174168 0.123288
v -0.170254 0.052838 0.189824
v 0.021527 -0.178082 0.138943
v 0.021527 -0.178082 0.138943
v 0.021527 -0.178082 0.138943
v -0.138943 0.064579 0.178082
v -0.001957 -0.158513 0.150685
v -0.001957 -0.158513 0.150685
v -0.001957 -0.158513 0.150685
v -0.166341 0.068493 0.178082
v -0.166341 0.068493 0.178082
v -0.029354 -0.158513 0.150685
v -0.029354 -0.158513 0.150685
v -0.189824 0.068493 0.178082
v -0.189824 0.068493 0.178082
v 0.189824 -0.174168 0.154599
v 0.166340 -0.166341 0.162427
v 0.154599 -0.178082 0.146771
v 0.483366 0.072407 0.193738
v 0.483366 0.072407 0.193738
v 0.264188 -0.181996 0.166340
v 0.264188 -0.181996 0.166340
v 0.264188 -0.181996 0.166340
v 0.275930 -0.174168 0.178082
v 0.275930 -0.174168 0.178082
v 0.299413 0.068493 -0.189824
v 0.299413 0.068493 -0.189824
v 0.244618 -0.170254 0.166340
v 0.244618 -0.170254 0.166340
v 0.326810 0.084149 -0.181996
v 0.534247 -0.178082 0.193738
v 0.342466 0.080235 -0.189824
v 0.342466 0.080235 -0.189824
v 0.538160 -0.154599 0.205480
v 0.506849 -0.154599 0.205480
v 0.506849 -0.154599 0.205480
v -0.236791 0.084149 -0.174168
v -0.236791 0.084149 -0.174168
v 0.221135 -0.162427 -0.166341
v -0.217221 0.084149 -0.166341
v 0.244618 -0.170254 -0.166341
v 0.244618 -0.170254 -0.166341
v -0.189824 0.068493 -0.178082
v 0.201566 -0.158513 -0.170254
v 0.201566 -0.158513 -0.170254
v -0.409002 0.060665 -0.174168
v -0.397260 0.076321 -0.166341
v -0.369863 0.080235 -0.166341
v -0.369863 0.080235 -0.166341
v -0.342466 0.080235 -0.170254
v -0.311155 0.084149 -0.170254
v -0.432485 0.060665 -0.170254
v -0.428571 0.080235 -0.166341
v -0.553816 0.060665 -0.162427
v -0.577299 0.072407 -0.150685
v -0.577299 0.072407 -0.150685
v -0.553816 0.080235 -0.150685
v 0.021527 -0.162427 -0.150685
v -0.702544 0.064579 -0.138943
v -0.702544 0.064579 -0.138943
v -0.702544 0.080235 -0.127202
v -0.197652 -0.178082 -0.119374
v -0.170254 -0.162427 -0.138943
v -0.170254 -0.162427 -0.138943
v -0.142857 -0.166341 -0.138943
v -0.142857 -0.166341 -0.138943
v -0.863014 0.068493 -0.033268
v -0.859100 0.068493 -0.048924
v -0.252446 -0.178082 -0.115460
v -0.855186 0.068493 -0.064579
v -0.252446 -0.162427 -0.131115
v -0.225049 -0.162427 -0.135029
v -0.225049 -0.162427 -0.135029
v -0.225049 -0.162427 -0.135029
v 0.909980 0.080235 -0.021526
v -0.225049 -0.178082 -0.119374
v -0.225049 -0.178082 -0.119374
v 0.917808 0.076321 -0.017612
v 0.917808 0.076321 -0.017612
v -0.385519 -0.178082 -0.107632
v -0.886497 0.060665 0.005871
v -0.886497 0.060665 0.005871
v -0.886497 0.060665 0.005871
v -0.412916 -0.170254 -0.115460
v -0.866928 0.076321 -0.005871
v -0.866928 0.072407 -0.017612
v -0.385519 -0.166341 -0.119374
v -0.882583 0.060665 0.017613
v -0.882583 0.060665 0.017613
v -0.553816 -0.185910 -0.084149
v -0.866928 0.072407 0.017613
v -0.553816 -0.170254 -0.099804
v -0.866928 0.076321 0.005871
v -0.866928 0.076321 0.005871
v -0.530333 -0.170254 -0.107632
v -0.878669 0.056752 0.033268
v -0.878669 0.056752 0.033268
v -0.863014 0.068493 0.033268
v 0.831703 -0.174168 -0.064579
v 0.902153 0.064579 0.021527
v 0.902153 0.064579 0.021527
v 0.839530 -0.146771 -0.072407
v 0.843444 -0.154599 -0.060665
v 0.913894 0.076321 0.021527
v 0.913894 0.076321 0.021527
v 0.913894 0.076321 0.021527
v 0.913894 0.076321 0.021527
v 0.906067 0.080235 0.021527
v -0.772994 -0.189824 0.001957
v -0.772994 -0.189824 0.001957
v -0.772994 -0.189824 0.021526
v -0.800391 -0.185910 0.001957
v -0.800391 -0.185910 0.001957
v -0.702544 0.064579 0.138943
v -0.702544 0.064579 0.138943
v -0.772994 -0.189824 -0.021526
v -0.772994 -0.189824 -0.021526
v -0.702544 0.080235 0.127202
v -0.553816 -0.185910 0.084149
v -0.530333 -0.185910 0.088063
v -0.553816 -0.170254 0.099804
v 0.663405 0.072407 0.146771
v 0.636008 0.080235 0.146771
v 0.636008 0.080235 0.146771
v -0.518591 0.064579 0.162427
v -0.510763 -0.185910 0.099804
v -0.495108 0.088063 0.150685
v -0.530333 -0.170254 0.107632
v -0.522505 0.084149 0.150685
v 0.827789 -0.181996 0.072407
v -0.553816 0.080235 0.150685
v 0.835616 -0.170254 0.072407
v -0.389432 0.056751 0.178082
v -0.510763 -0.166341 0.111546
v -0.369863 0.080235 0.166340
v -0.369863 0.080235 0.166340
v -0.142857 -0.166341 0.138943
v -0.142857 -0.166341 0.138943
v -0.397260 0.076321 0.166340
v -0.170254 -0.162427 0.138943
v -0.170254 -0.162427 0.138943
v -0.409002 0.060665 0.174168
v -0.197652 -0.178082 0.119374
v -0.428571 0.080235 0.166340
v 0.021527 -0.162427 0.150685
v 0.021527 -0.162427 0.150685
v 0.800391 -0.158513 0.135029
v 0.800391 -0.158513 0.135029
v 0.800391 -0.158513 0.135029
v 0.800391 -0.158513 0.135029
v 0.776908 -0.162427 0.150685
v 0.776908 -0.162427 0.150685
v 0.604697 0.072407 0.166340
v 0.221135 -0.162427 0.166340
v 0.221135 -0.162427 0.166340
v -0.311155 0.084149 0.170254
v 0.201566 -0.158513 0.170254
v -0.342466 0.080235 0.170254
v 0.412916 -0.178082 0.189824
v 0.412916 -0.178082 0.189824
v 0.412916 -0.178082 0.189824
v 0.444227 -0.158513 0.205480
v 0.444227 -0.158513 0.205480
v 0.420744 -0.166341 0.205480
v 0.420744 -0.166341 0.205480
v 0.405088 -0.162427 0.201566
v -0.217221 0.084149 0.166340
v -0.236791 0.084149 0.174168
v -0.236791 0.084149 0.174168
v 0.013699 0.064579 0.178082
v 0.013699 0.064579 0.178082
v 0.013699 0.084149 0.166340
v 0.013699 0.084149 0.166340
v -0.013699 0.068493 0.178082
v -0.013699 0.068493 0.178082
v -0.013699 0.068493 0.178082
v 0.522505 -0.170254 -0.197652
v 0.522505 -0.170254 -0.197652
v 0.522505 -0.170254 -0.197652
v -0.009785 0.084149 0.166340
v -0.009785 0.084149 0.166340
v -0.033268 0.088063 0.166340
v -0.037182 0.072407 0.178082
v 0.522505 -0.146771 -0.209393
v 0.522505 -0.146771 -0.209393
v -0.045010 0.060665 0.189824
v 0.553816 -0.146771 -0.209393
v 0.553816 -0.146771 -0.209393
v 0.553816 -0.170254 -0.197652
v 0.483366 0.072407 -0.193738
v 0.483366 0.072407 -0.193738
v 0.483366 0.072407 -0.193738
v 0.647750 -0.166341 -0.185910
v 0.264188 0.064579 -0.193738
v 0.616438 -0.146771 -0.201566
v 0.616438 -0.146771 -0.201566
v 0.275930 0.076321 -0.181996
v 0.647750 -0.142857 -0.197652
v 0.647750 -0.142857 -0.197652
v 0.283757 0.091977 -0.170254
v 0.307241 0.088063 -0.178082
v 0.385519 -0.154599 -0.197652
v -0.166341 0.068493 -0.178082
v -0.166341 0.068493 -0.178082
v 0.405088 -0.162427 -0.201566
v -0.138943 0.084149 -0.170254
v -0.138943 0.084149 -0.170254
v 0.131115 -0.150685 -0.170254
v -0.045010 0.060665 -0.189824
v -0.358121 -0.170254 -0.115460
v -0.358121 -0.170254 -0.115460
v -0.358121 -0.158513 -0.131115
v -0.358121 -0.158513 -0.131115
v -0.060665 0.076321 -0.181996
v -0.037182 0.072407 -0.178082
v -0.330724 -0.162427 -0.127202
v -0.330724 -0.162427 -0.127202
v -0.330724 -0.162427 -0.127202
v -0.330724 -0.178082 -0.115460
v -0.330724 -0.178082 -0.115460
v -0.330724 -0.178082 -0.115460
v 0.041096 0.068493 -0.178082
v -0.303327 -0.162427 -0.127202
v 0.013699 0.084149 -0.166341
v 0.013699 0.084149 -0.166341
v 0.037182 0.084149 -0.166341
v 0.052838 0.084149 -0.178082
v -0.197652 -0.162427 -0.138943
v -0.197652 -0.162427 -0.138943
v 0.064579 0.068493 -0.181996
v -0.467710 -0.178082 -0.103718
v -0.467710 -0.178082 -0.103718
v -0.847358 0.060665 -0.080235
v -0.847358 0.060665 -0.080235
v -0.847358 0.060665 -0.080235
v -0.491194 -0.162427 -0.115460
v -0.467710 -0.162427 -0.119374
v -0.467710 -0.162427 -0.119374
v -0.718200 -0.181996 -0.068493
v 0.898239 0.084149 -0.021526
v -0.745597 -0.178082 -0.068493
v 0.906067 0.080235 -0.021526
v -0.745597 -0.170254 -0.088063
v -0.718200 -0.170254 -0.088063
v 0.800391 0.060665 0.005871
v 0.800391 0.060665 0.005871
v 0.784736 0.072407 -0.013699
v 0.784736 0.072407 -0.013699
v -0.772994 -0.185910 -0.045010
v 0.784736 0.076321 0.005871
v -0.800391 -0.181996 -0.045010
v 0.784736 0.076321 0.025440
v -0.772994 -0.178082 -0.068493
v -0.831703 0.068493 0.084149
v -0.831703 0.068493 0.084149
v -0.800391 -0.185910 -0.021526
v -0.800391 -0.185910 -0.021526
v -0.847358 0.060665 0.080235
v -0.847358 0.060665 0.080235
v -0.827789 -0.181996 0.001957
v -0.827789 -0.181996 0.001957
v -0.827789 -0.181996 0.001957
v -0.827789 -0.181996 -0.021526
v -0.827789 -0.181996 -0.021526
v -0.827789 -0.181996 -0.021526
v -0.827789 -0.178082 -0.041096
v -0.459883 0.080235 0.166340
v -0.459883 0.080235 0.166340
v -0.772994 -0.185910 0.045010
v -0.060665 0.076321 0.181996
v -0.745597 -0.178082 0.068493
v -0.772994 -0.178082 0.068493
v -0.800391 -0.181996 0.045010
v -0.138943 0.084149 0.170254
v -0.138943 0.084149 0.170254
v -0.800391 -0.185910 0.021526
v 0.299413 0.068493 0.189824
v 0.299413 0.068493 0.189824
v -0.827789 -0.178082 0.041096
v 0.326810 0.084149 0.189824
v -0.827789 -0.181996 0.021526
v -0.827789 -0.181996 0.021526
v 0.307241 0.088063 0.178082
v 0.283757 0.091976 0.170254
v -0.718200 -0.181996 0.068493
v 0.275930 0.076321 0.181996
v -0.718200 -0.170254 0.088063
v 0.264188 0.064579 0.193738
v 0.264188 0.064579 0.193738
v -0.745597 -0.170254 0.088063
v 0.452055 0.080235 -0.185910
v 0.459883 0.091977 -0.174168
v 0.459883 0.091977 -0.174168
v -0.412916 -0.170254 0.115460
v 0.487280 0.080235 -0.178082
v 0.487280 0.080235 -0.178082
v -0.440313 -0.162427 0.119374
v -0.467710 -0.162427 0.119374
v -0.467710 -0.162427 0.119374
v 0.244618 0.068493 -0.189824
v -0.385519 -0.166341 0.119374
v 0.397260 0.072407 -0.185910
v -0.405088 -0.150685 0.135029
v -0.405088 -0.150685 0.135029
v 0.397260 0.088063 -0.174168
v -0.330724 -0.178082 0.115460
v -0.330724 -0.178082 0.115460
v -0.330724 -0.178082 0.115460
v 0.424658 0.084149 -0.178082
v -0.303327 -0.162427 0.127202
v 0.091977 0.072407 -0.178082
v 0.091977 0.072407 -0.178082
v -0.330724 -0.162427 0.127202
v -0.330724 -0.162427 0.127202
v 0.064579 0.084149 -0.181996
v -0.358121 -0.170254 0.115460
v -0.358121 -0.170254 0.115460
v 0.076321 0.088063 -0.181996
v 0.080235 0.095890 -0.174168
v -0.225049 -0.178082 0.119374
v -0.225049 -0.178082 0.119374
v 0.095890 0.091977 -0.170254
v 0.095890 0.091977 -0.170254
v -0.197652 -0.162427 0.138943
v -0.197652 -0.162427 0.138943
v 0.119374 0.072407 -0.174168
v 0.119374 0.072407 -0.174168
v -0.225049 -0.162427 0.135029
v -0.225049 -0.162427 0.135029
v -0.225049 -0.162427 0.135029
v -0.189824 0.084149 -0.166341
v -0.358121 -0.158513 0.131115
v -0.358121 -0.158513 0.131115
v -0.358121 -0.158513 0.131115
v 0.142857 0.064579 -0.178082
v 0.131115 -0.150685 0.170254
v 0.146771 0.084149 -0.170254
v 0.162427 0.076321 -0.181996
v 0.268102 -0.166341 0.178082
v 0.252446 -0.150685 0.178082
v 0.252446 -0.150685 0.178082
v 0.749511 0.072407 -0.091977
v 0.228963 -0.146771 0.178082
v 0.228963 -0.146771 0.178082
v 0.228963 -0.146771 0.178082
v 0.228963 -0.146771 0.178082
v 0.749511 0.080235 -0.072407
v 0.769080 0.072407 -0.068493
v 0.275930 -0.174168 -0.178082
v -0.831703 0.068493 -0.084149
v -0.831703 0.068493 -0.084149
v 0.268102 -0.166341 -0.178082
v 0.283757 -0.166341 -0.181996
v -0.835616 0.080235 -0.068493
v -0.835616 0.080235 -0.068493
v -0.808219 0.076321 -0.088063
v -0.808219 0.076321 -0.088063
v 0.295499 -0.174168 -0.178082
v 0.295499 -0.174168 -0.178082
v 0.318982 -0.170254 -0.178082
v 0.769080 0.076321 -0.052838
v 0.299413 -0.162427 -0.181996
v 0.299413 -0.162427 -0.181996
v 0.769080 0.084149 -0.033268
v 0.769080 0.084149 -0.033268
v 0.315068 -0.158513 -0.185910
v 0.315068 -0.158513 -0.185910
v 0.784736 0.072407 -0.029354
v 0.784736 0.072407 -0.029354
v 0.334638 -0.154599 -0.193738
v 0.882583 0.068493 0.017613
v -0.510763 -0.166341 -0.111546
v 0.894325 0.080235 0.021527
v -0.510763 -0.150685 -0.127202
v -0.510763 -0.150685 -0.127202
v 0.890411 0.084149 0.017613
v -0.491194 -0.150685 -0.131115
v -0.491194 -0.150685 -0.131115
v 0.729941 0.076321 0.107632
v 0.729941 0.076321 0.107632
v 0.702544 0.088063 0.111546
v 0.702544 0.088063 0.111546
v -0.659491 -0.174168 -0.088063
v -0.577299 0.072407 0.150685
v -0.577299 0.072407 0.150685
v -0.690802 -0.174168 -0.088063
v -0.690802 -0.174168 -0.088063
v -0.663405 -0.162427 -0.107632
v -0.663405 -0.162427 -0.107632
v -0.632094 -0.174168 -0.091977
v 0.201566 0.076321 0.197652
v 0.189824 0.080235 0.197652
v -0.636008 -0.162427 -0.107632
v -0.636008 -0.162427 -0.107632
v 0.178082 0.072407 0.193738
v -0.608611 -0.158513 -0.107632
v -0.608611 -0.158513 -0.107632
v -0.690802 -0.162427 -0.107632
v -0.690802 -0.162427 -0.107632
v -0.690802 -0.162427 -0.107632
v 0.397260 0.072407 0.185910
v -0.659491 -0.174168 0.088063
v 0.424658 0.084149 0.178082
v -0.632094 -0.174168 0.091976
v 0.397260 0.088063 0.174168
v -0.663405 -0.162427 0.107632
v -0.663405 -0.162427 0.107632
v -0.690802 -0.174168 0.088063
v -0.690802 -0.174168 0.088063
v 0.452055 0.084149 0.185910
v -0.690802 -0.162427 0.107632
v -0.690802 -0.162427 0.107632
v -0.690802 -0.162427 0.107632
v -0.690802 -0.162427 0.107632
v 0.244618 0.068493 0.189824
v 0.244618 0.068493 0.189824
v 0.221135 0.076321 -0.189824
v 0.221135 0.076321 -0.189824
v 0.221135 0.076321 -0.189824
v 0.228963 0.088063 -0.178082
v -0.608611 -0.158513 0.107632
v -0.608611 -0.158513 0.107632
v 0.252446 0.080235 -0.178082
v -0.636008 -0.162427 0.107632
v -0.636008 -0.162427 0.107632
v -0.843444 0.084149 -0.017612
v 0.385519 -0.154599 0.197652
v -0.839530 0.080235 -0.033268
v 0.362035 -0.150685 0.193738
v -0.839530 0.080235 -0.052838
v -0.839530 0.080235 -0.052838
v 0.334638 -0.154599 0.193738
v 0.295499 -0.174168 0.178082
v 0.878669 0.072407 -0.013699
v 0.878669 0.072407 -0.013699
v 0.299413 -0.162427 0.181996
v 0.886497 0.084149 -0.009785
v 0.886497 0.084149 -0.009785
v 0.283757 -0.166341 0.181996
v 0.283757 -0.166341 0.181996
v 0.886497 0.084149 -0.017612
v 0.894325 0.084149 -0.021526
v 0.655577 -0.166341 0.189824
v 0.655577 -0.166341 0.189824
v 0.686888 -0.146771 0.189824
v 0.878669 0.072407 -0.005871
v 0.882583 0.084149 -0.005871
v 0.659491 -0.142857 0.197652
v 0.659491 -0.142857 0.197652
v 0.878669 0.072407 0.001957
v 0.882583 0.084149 0.001957
v -0.111546 -0.166341 -0.135029
v -0.111546 -0.166341 -0.135029
v -0.111546 -0.166341 -0.135029
v 0.925636 0.091977 -0.005871
v 0.925636 0.091977 -0.001957
v 0.925636 0.091977 0.005871
v -0.138943 -0.154599 -0.154599
v -0.138943 -0.154599 -0.154599
v -0.111546 -0.154599 -0.150685
v -0.111546 -0.154599 -0.150685
v -0.111546 -0.154599 -0.150685
v 0.882583 0.084149 0.005871
v -0.855186 0.068493 0.064579
v -0.855186 0.068493 0.064579
v -0.800391 -0.178082 -0.064579
v -0.835616 0.080235 0.068493
v -0.835616 0.080235 0.068493
v -0.859100 0.068493 0.048924
v -0.839530 0.080235 0.052838
v -0.839530 0.080235 0.033268
v -0.827789 -0.170254 -0.060665
v -0.843444 0.084149 0.017613
v -0.827789 -0.162427 -0.084149
v -0.800391 -0.166341 -0.088063
v 0.252446 0.080235 0.178082
v -0.851272 -0.174168 0.001957
v -0.851272 -0.174168 0.001957
v -0.851272 -0.174168 0.001957
v -0.851272 -0.174168 0.001957
v 0.228963 0.088063 0.178082
v 0.228963 0.088063 0.178082
v -0.851272 -0.174168 0.017613
v 0.221135 0.076321 0.189824
v 0.221135 0.076321 0.189824
v 0.221135 0.076321 0.189824
v -0.870842 -0.162427 0.001957
v -0.870842 -0.162427 0.001957
v -0.851272 -0.174168 -0.017613
v -0.851272 -0.174168 -0.017613
v 0.514677 0.072407 -0.181996
v 0.514677 0.072407 -0.181996
v -0.851272 -0.170254 -0.037182
v -0.851272 -0.170254 -0.037182
v -0.874755 -0.158513 -0.033268
v 0.514677 0.088063 -0.162427
v -0.851272 -0.162427 -0.056752
v -0.851272 -0.162427 -0.056752
v -0.851272 -0.162427 -0.056752
v 0.542074 0.084149 -0.162427
v -0.851272 -0.170254 0.037182
v -0.851272 -0.170254 0.037182
v 0.178082 0.072407 -0.193738
v 0.178082 0.072407 -0.193738
v -0.827789 -0.170254 0.060665
v 0.174168 0.080235 -0.189824
v -0.851272 -0.162427 0.056751
v -0.851272 -0.162427 0.056751
v 0.189824 0.080235 -0.197652
v -0.874755 -0.158513 0.033268
v -0.800391 -0.178082 0.064579
v -0.463796 0.095890 -0.154599
v -0.463796 0.095890 -0.154599
v -0.463796 0.095890 -0.154599
v -0.800391 -0.166341 0.088063
v -0.800391 -0.166341 0.088063
v -0.432485 0.095890 -0.154599
v -0.432485 0.095890 -0.154599
v -0.827789 -0.162427 0.084149
v -0.827789 -0.162427 0.084149
v 0.702544 0.088063 -0.103718
v -0.491194 -0.162427 0.115460
v 0.726027 0.080235 -0.095890
v 0.726027 0.080235 -0.095890
v -0.467710 -0.146771 0.135029
v -0.467710 -0.146771 0.135029
v -0.467710 -0.146771 0.135029
v -0.816047 0.088063 -0.052838
v -0.491194 -0.150685 0.131115
v -0.491194 -0.150685 0.131115
v -0.812133 0.088063 -0.072407
v -0.111546 -0.166341 0.135029
v -0.111546 -0.166341 0.135029
v -0.111546 -0.166341 0.135029
v 0.913894 0.095890 -0.021526
v 0.913894 0.095890 -0.021526
v 0.913894 0.095890 -0.021526
v 0.913894 0.095890 -0.021526
v 0.917808 0.095890 -0.017612
v 0.917808 0.095890 -0.017612
v 0.917808 0.095890 -0.017612
v 0.921722 0.091977 -0.013699
v 0.921722 0.091977 -0.013699
v 0.921722 0.091977 -0.013699
v -0.111546 -0.154599 0.150685
v -0.111546 -0.154599 0.150685
v -0.111546 -0.154599 0.150685
v -0.138943 -0.154599 0.154599
v -0.138943 -0.154599 0.154599
v 0.917808 0.076321 0.017613
v 0.917808 0.076321 0.017613
v 0.917808 0.076321 0.017613
v 0.745597 -0.166341 0.162427
v 0.745597 -0.166341 0.162427
v 0.921722 0.091977 0.013699
v 0.921722 0.091977 0.013699
v 0.921722 0.091977 0.013699
v 0.776908 -0.146771 0.158513
v 0.776908 -0.146771 0.158513
v 0.913894 0.095890 0.017613
v 0.913894 0.095890 0.017613
v 0.913894 0.095890 0.017613
v 0.749511 -0.146771 0.170254
v 0.749511 -0.146771 0.170254
v 0.565558 -0.154599 0.201566
v 0.780822 0.072407 0.045010
v 0.780822 0.072407 0.045010
v 0.596869 -0.135029 0.209393
v 0.765166 0.088063 0.025440
v 0.765166 0.088063 0.025440
v 0.565558 -0.131115 0.213307
v 0.761252 0.084149 0.045010
v 0.420744 -0.166341 -0.205479
v 0.420744 -0.166341 -0.205479
v -0.808219 0.076321 0.088063
v -0.808219 0.076321 0.088063
v 0.420744 -0.154599 -0.209393
v 0.420744 -0.154599 -0.209393
v -0.812133 0.088063 0.072407
v -0.812133 0.088063 0.072407
v 0.440313 -0.162427 -0.205479
v -0.816047 0.088063 0.052838
v -0.816047 0.088063 0.052838
v 0.761252 0.080235 0.068493
v 0.436399 -0.146771 -0.209393
v 0.737769 0.091977 0.068493
v 0.737769 0.091977 0.068493
v 0.455969 -0.127202 -0.213307
v 0.737769 -0.150685 -0.166341
v 0.733855 0.088063 0.088063
v 0.733855 0.088063 0.088063
v 0.706458 -0.135029 -0.181996
v 0.733855 -0.131115 -0.174168
v 0.761252 -0.138943 -0.158513
v -0.784736 0.072407 0.111546
v -0.784736 0.072407 0.111546
v -0.784736 0.084149 0.091977
v 0.021527 -0.142857 -0.162427
v 0.021527 -0.142857 -0.162427
v 0.045010 -0.142857 -0.166341
v 0.671233 0.084149 0.127202
v 0.643836 0.095890 0.127202
v -0.225049 -0.146771 -0.150685
v 0.162427 0.076321 0.181996
v -0.197652 -0.150685 -0.154599
v 0.174168 0.080235 0.189824
v 0.174168 0.088063 0.181996
v 0.146771 0.084149 0.170254
v 0.146771 0.084149 0.170254
v 0.487280 0.080235 0.178082
v 0.518591 0.088063 0.162427
v 0.491194 0.095890 0.158513
v 0.491194 0.095890 0.158513
v -0.279843 -0.162427 -0.127202
v 0.459883 0.091976 0.170254
v 0.459883 0.091976 0.170254
v -0.303327 -0.150685 -0.142857
v 0.201566 0.076321 -0.197652
v 0.201566 0.076321 -0.197652
v -0.279843 -0.146771 -0.146771
v 0.205480 0.084149 -0.189824
v 0.205480 0.084149 -0.189824
v -0.440313 -0.162427 -0.119374
v -0.084149 0.080235 -0.178082
v -0.467710 -0.146771 -0.135029
v -0.467710 -0.146771 -0.135029
v -0.467710 -0.146771 -0.135029
v -0.440313 -0.146771 -0.135029
v -0.111546 0.080235 -0.174168
v -0.111546 0.080235 -0.174168
v -0.111546 0.080235 -0.174168
v -0.405088 -0.150685 -0.135029
v -0.405088 -0.150685 -0.135029
v -0.084149 0.091977 -0.166341
v 0.827789 -0.158513 -0.088063
v -0.060665 0.091977 -0.166341
v 0.835616 -0.127202 -0.091977
v 0.839530 -0.138943 -0.084149
v -0.111546 0.095890 -0.166341
v -0.111546 0.095890 -0.166341
v -0.283757 0.084149 -0.170254
v -0.772994 -0.170254 -0.088063
v -0.772994 -0.158513 -0.103718
v -0.315068 0.099804 -0.158513
v -0.315068 0.099804 -0.158513
v -0.745597 -0.158513 -0.103718
v -0.287671 0.099804 -0.158513
v -0.287671 0.099804 -0.158513
v -0.260274 0.091977 -0.170254
v -0.772994 -0.170254 0.088063
v -0.256360 0.080235 -0.178082
v -0.745597 -0.158513 0.103718
v -0.745597 -0.158513 0.103718
v -0.236791 0.095890 -0.166341
v -0.236791 0.095890 -0.166341
v -0.772994 -0.158513 0.103718
v -0.772994 -0.158513 0.103718
v -0.772994 -0.158513 0.103718
v 0.542074 0.103718 -0.142857
v 0.569472 0.099804 -0.142857
v 0.847358 -0.158513 0.060665
v 0.596869 0.095890 -0.138943
v 0.596869 0.095890 -0.138943
v 0.839530 -0.158513 0.076321
v 0.839530 -0.158513 0.076321
v -0.033268 0.088063 -0.166341
v 0.831703 -0.158513 0.091976
v 0.831703 -0.158513 0.091976
v -0.009785 0.084149 -0.166341
v -0.009785 0.084149 -0.166341
v 0.827789 -0.170254 0.088063
v -0.522505 0.084149 -0.150685
v -0.557730 0.095890 -0.135029
v -0.557730 0.095890 -0.135029
v -0.279843 -0.162427 0.127202
v -0.530333 0.099804 -0.135029
v -0.530333 0.099804 -0.135029
v -0.252446 -0.162427 0.131115
v -0.647750 0.095890 -0.127202
v -0.647750 0.095890 -0.127202
v -0.620352 0.099804 -0.123288
v -0.620352 0.099804 -0.123288
v -0.585127 0.088063 -0.135029
v -0.585127 0.088063 -0.135029
v -0.279843 -0.146771 0.146771
v -0.303327 -0.150685 0.142857
v 0.651663 0.084149 -0.131115
v 0.651663 0.099804 -0.111546
v 0.679061 0.095890 -0.107632
v -0.252446 -0.146771 0.146771
v -0.252446 -0.146771 0.146771
v -0.784736 0.072407 -0.111546
v -0.784736 0.072407 -0.111546
v -0.170254 -0.150685 0.154599
v -0.784736 0.084149 -0.091977
v -0.784736 0.084149 -0.091977
v -0.197652 -0.150685 0.154599
v -0.761252 0.088063 -0.091977
v -0.761252 0.088063 -0.091977
v -0.757339 0.080235 -0.111546
v -0.757339 0.080235 -0.111546
v -0.733855 0.084149 -0.111546
v -0.733855 0.084149 -0.111546
v 0.045010 -0.142857 0.166340
v 0.898239 0.080235 0.021527
v 0.021527 -0.142857 0.162427
v 0.021527 -0.142857 0.162427
v 0.902153 0.095890 0.021527
v 0.902153 0.095890 0.021527
v 0.898239 0.095890 0.017613
v 0.898239 0.095890 0.017613
v 0.898239 0.095890 0.017613
v 0.475538 -0.154599 0.205480
v 0.710372 0.095890 0.088063
v 0.710372 0.095890 0.088063
v -0.757339 0.080235 0.111546
v 0.475538 -0.127202 0.213307
v -0.733855 0.084149 0.111546
v -0.761252 0.088063 0.091977
v 0.272016 -0.150685 -0.181996
v 0.287671 -0.154599 -0.185910
v -0.585127 0.088063 0.135029
v -0.585127 0.088063 0.135029
v -0.620352 0.099804 0.123288
v -0.620352 0.099804 0.123288
v 0.761252 -0.158513 -0.150685
v -0.647750 0.095890 0.127202
v 0.780822 -0.127202 -0.146771
v 0.780822 -0.127202 -0.146771
v 0.784736 -0.142857 -0.142857
v 0.784736 -0.142857 -0.142857
v -0.463796 0.095890 0.154599
v -0.463796 0.095890 0.154599
v -0.463796 0.095890 0.154599
v -0.056752 -0.154599 -0.150685
v -0.056752 -0.154599 -0.150685
v -0.499022 0.107632 0.135029
v -0.499022 0.107632 0.135029
v -0.084149 -0.154599 -0.150685
v -0.084149 -0.154599 -0.150685
v -0.530333 0.099804 0.135029
v -0.530333 0.099804 0.135029
v -0.056752 -0.138943 -0.162427
v -0.029354 -0.138943 -0.162427
v 0.608611 0.088063 0.146771
v 0.608611 0.088063 0.146771
v 0.608611 0.088063 0.146771
v 0.804305 -0.142857 -0.123288
v 0.804305 -0.142857 -0.123288
v 0.804305 -0.142857 -0.123288
v 0.804305 -0.127202 -0.131115
v 0.804305 -0.127202 -0.131115
v -0.283757 0.084149 0.170254
v 0.819961 -0.123288 -0.115460
v 0.819961 -0.123288 -0.115460
v -0.256360 0.080235 0.178082
v -0.553816 -0.154599 -0.119374
v -0.553816 -0.154599 -0.119374
v -0.260274 0.091976 0.170254
v -0.287671 0.099804 0.158513
v -0.287671 0.099804 0.158513
v -0.581213 -0.158513 -0.111546
v -0.581213 -0.158513 -0.111546
v -0.581213 -0.142857 -0.127202
v -0.581213 -0.142857 -0.127202
v -0.581213 -0.142857 -0.127202
v -0.581213 -0.142857 -0.127202
v -0.315068 0.099804 0.158513
v -0.315068 0.099804 0.158513
v -0.553816 -0.138943 -0.131115
v -0.530333 -0.154599 -0.123288
v -0.530333 -0.154599 -0.123288
v 0.166340 0.095890 0.166340
v 0.166340 0.095890 0.166340
v 0.135029 0.103718 0.154599
v -0.608611 -0.142857 -0.123288
v -0.608611 -0.142857 -0.123288
v 0.111546 0.095890 0.162427
v 0.111546 0.095890 0.162427
v 0.111546 0.095890 0.162427
v 0.111546 0.095890 0.162427
v -0.663405 -0.146771 -0.123288
v -0.663405 -0.146771 -0.123288
v -0.636008 -0.146771 -0.123288
v -0.636008 -0.146771 -0.123288
v -0.236791 0.095890 0.166340
v -0.236791 0.095890 0.166340
v -0.870842 -0.162427 -0.017613
v -0.870842 -0.162427 -0.017613
v -0.111546 0.080235 0.174168
v -0.111546 0.080235 0.174168
v -0.111546 0.080235 0.174168
v -0.890411 -0.146771 0.001957
v -0.890411 -0.146771 0.001957
v -0.890411 -0.146771 0.001957
v -0.084149 0.080235 0.178082
v -0.890411 -0.146771 -0.013699
v -0.890411 -0.146771 -0.013699
v -0.084149 0.091976 0.166340
v -0.111546 0.095890 0.166340
v -0.111546 0.095890 0.166340
v -0.894325 -0.142857 -0.025440
v 0.855186 -0.150685 -0.017613
v -0.060665 0.091976 0.166340
v 0.855186 -0.146771 -0.029354
v 0.859100 -0.135029 -0.013699
v 0.205480 0.084149 0.189824
v 0.855186 -0.154599 -0.005871
v 0.855186 -0.158513 0.009785
v 0.428571 0.099804 -0.162427
v 0.859100 -0.138943 0.009785
v 0.851272 -0.158513 0.021526
v 0.052838 0.091977 -0.174168
v 0.068493 0.095890 -0.178082
v -0.870842 -0.162427 0.017613
v -0.162427 0.084149 -0.166341
v -0.894325 -0.142857 0.025440
v -0.890411 -0.146771 0.013699
v -0.890411 -0.146771 0.013699
v -0.185910 0.103718 -0.154599
v 0.851272 -0.158513 0.033268
v -0.162427 0.099804 -0.158513
v -0.135029 0.099804 -0.162427
v 0.855186 -0.142857 0.037182
v 0.847358 -0.158513 0.048924
v 0.847358 -0.158513 0.048924
v 0.855186 -0.142857 0.048924
v 0.855186 -0.142857 0.048924
v 0.855186 -0.142857 0.048924
v 0.624266 0.091977 -0.135029
v 0.624266 0.091977 -0.135029
v 0.851272 -0.142857 0.064579
v 0.851272 -0.142857 0.064579
v -0.733855 0.095890 -0.091976
v -0.608611 -0.142857 0.123288
v -0.608611 -0.142857 0.123288
v -0.706458 0.091977 -0.111546
v -0.706458 0.091977 -0.111546
v -0.706458 0.091977 -0.111546
v -0.636008 -0.146771 0.123288
v -0.636008 -0.146771 0.123288
v -0.788650 0.091977 -0.072407
v -0.553816 -0.154599 0.119374
v -0.553816 -0.154599 0.119374
v -0.530333 -0.154599 0.123288
v -0.530333 -0.154599 0.123288
v -0.553816 -0.138943 0.131115
v -0.581213 -0.142857 0.127202
v -0.581213 -0.142857 0.127202
v -0.581213 -0.142857 0.127202
v -0.581213 -0.142857 0.127202
v 0.898239 0.099804 -0.017612
v 0.898239 0.099804 -0.017612
v -0.581213 -0.158513 0.111546
v -0.581213 -0.158513 0.111546
v 0.902153 0.095890 -0.021526
v 0.902153 0.095890 -0.021526
v 0.906067 0.095890 -0.021526
v 0.906067 0.095890 -0.021526
v -0.056752 -0.154599 0.150685
v -0.056752 -0.154599 0.150685
v 0.886497 0.084149 0.013699
v -0.029354 -0.138943 0.162427
v 0.890411 0.099804 0.009785
v 0.890411 0.099804 0.009785
v -0.056752 -0.138943 0.162427
v 0.886497 0.099804 0.005871
v 0.886497 0.099804 0.005871
v -0.084149 -0.154599 0.150685
v -0.084149 -0.154599 0.150685
v -0.706458 0.091976 0.111546
v -0.706458 0.091976 0.111546
v 0.287671 -0.154599 0.185910
v 0.287671 -0.154599 0.185910
v 0.272016 -0.150685 0.181996
v -0.733855 0.095890 0.091977
v 0.585127 -0.146771 -0.205479
v 0.585127 -0.146771 -0.205479
v -0.189824 0.084149 0.166340
v 0.553816 -0.119374 -0.217221
v -0.162427 0.084149 0.166340
v 0.585127 -0.123288 -0.213307
v -0.185910 0.103718 0.154599
v 0.616438 -0.123288 -0.209393
v -0.213307 0.103718 0.154599
v -0.135029 0.099804 0.162427
v 0.228963 -0.146771 -0.178082
v 0.228963 -0.146771 -0.178082
v -0.162427 0.099804 0.158513
v 0.205480 -0.142857 -0.181996
v 0.205480 -0.142857 -0.181996
v 0.052838 0.084149 0.178082
v 0.052838 0.084149 0.178082
v 0.205480 -0.127202 -0.193738
v 0.205480 -0.127202 -0.193738
v 0.228963 -0.131115 -0.193738
v 0.228963 -0.131115 -0.193738
v 0.064579 0.084149 0.181996
v 0.064579 0.084149 0.181996
v 0.252446 -0.131115 -0.189824
v 0.068493 0.095890 0.178082
v 0.252446 -0.150685 -0.178082
v 0.252446 -0.150685 -0.178082
v 0.052838 0.091976 0.174168
v 0.279843 -0.135029 -0.189824
v 0.037182 0.084149 0.166340
v 0.037182 0.103718 0.154599
v -0.111546 -0.146771 -0.166341
v -0.111546 -0.146771 -0.166341
v 0.013699 0.103718 0.154599
v 0.013699 0.103718 0.154599
v -0.084149 -0.142857 -0.166341
v -0.440313 -0.131115 -0.150685
v -0.440313 -0.131115 -0.150685
v 0.095890 0.091976 0.170254
v 0.095890 0.091976 0.170254
v 0.095890 0.091976 0.170254
v -0.409002 -0.131115 -0.154599
v -0.409002 -0.131115 -0.154599
v 0.080235 0.095890 0.174168
v 0.076321 0.088063 0.181996
v 0.076321 0.088063 0.181996
v -0.381605 -0.131115 -0.154599
v 0.342466 0.080235 0.193738
v 0.342466 0.080235 0.193738
v -0.381605 -0.142857 -0.142857
v -0.381605 -0.142857 -0.142857
v 0.358121 0.088063 0.181996
v 0.358121 0.088063 0.181996
v 0.338552 0.091976 0.185910
v -0.381605 -0.154599 -0.131115
v -0.530333 -0.142857 -0.138943
v -0.056752 0.107632 -0.150685
v -0.033268 0.107632 -0.154599
v -0.718200 -0.158513 -0.103718
v 0.111546 0.095890 -0.162427
v 0.111546 0.095890 -0.162427
v -0.745597 -0.146771 -0.115460
v -0.745597 -0.146771 -0.115460
v 0.088063 0.103718 -0.162427
v -0.718200 -0.146771 -0.119374
v -0.718200 -0.146771 -0.119374
v 0.095890 0.115460 -0.150685
v 0.095890 0.115460 -0.150685
v 0.135029 0.103718 -0.154599
v -0.851272 -0.154599 -0.076321
v -0.851272 -0.154599 -0.076321
v -0.874755 -0.142857 -0.064579
v -0.874755 -0.142857 -0.064579
v -0.592955 0.107632 -0.123288
v -0.592955 0.107632 -0.123288
v -0.592955 0.107632 -0.123288
v -0.592955 0.107632 -0.123288
v -0.855186 -0.146771 -0.091977
v -0.855186 -0.146771 -0.091977
v -0.565558 0.111546 -0.119374
v -0.565558 0.111546 -0.119374
v -0.534247 0.119374 -0.119374
v -0.534247 0.119374 -0.119374
v -0.827789 -0.154599 -0.099804
v -0.675147 0.088063 -0.127202
v -0.851272 -0.154599 0.076321
v -0.851272 -0.154599 0.076321
v -0.851272 -0.154599 0.076321
v -0.827789 -0.154599 0.099804
v -0.679061 0.099804 -0.111546
v -0.679061 0.099804 -0.111546
v -0.855186 -0.146771 0.091976
v -0.855186 -0.146771 0.091976
v -0.874755 -0.142857 0.064579
v -0.651663 0.107632 -0.111546
v -0.651663 0.107632 -0.111546
v -0.718200 -0.158513 0.103718
v -0.718200 -0.158513 0.103718
v -0.718200 -0.146771 0.119374
v -0.745597 -0.146771 0.115460
v 0.726027 0.091977 -0.080235
v 0.726027 0.091977 -0.080235
v 0.726027 0.099804 -0.060665
v 0.726027 0.099804 -0.060665
v 0.749511 0.088063 -0.056751
v -0.510763 -0.150685 0.127202
v -0.510763 -0.150685 0.127202
v -0.530333 -0.142857 0.138943
v -0.847358 0.088063 -0.005871
v -0.510763 -0.142857 0.142857
v -0.819961 0.095890 -0.005871
v -0.819961 0.095890 -0.005871
v -0.819961 0.091977 -0.017612
v -0.819961 0.091977 -0.017612
v -0.816047 0.088063 -0.037182
v -0.816047 0.088063 -0.037182
v -0.084149 -0.142857 0.166340
v 0.749511 0.095890 -0.037182
v 0.749511 0.095890 -0.037182
v 0.362035 -0.135029 0.201566
v 0.749511 0.099804 -0.017612
v 0.749511 0.099804 -0.017612
v 0.338552 -0.138943 0.205480
v 0.769080 0.088063 -0.013699
v 0.769080 0.088063 -0.013699
v 0.769080 0.088063 -0.013699
v 0.322896 -0.142857 0.205480
v 0.769080 0.088063 0.005871
v 0.769080 0.088063 0.005871
v 0.315068 -0.158513 0.185910
v 0.745597 0.099804 0.005871
v 0.745597 0.099804 0.005871
v 0.745597 0.099804 0.005871
v 0.745597 0.099804 0.005871
v 0.745597 0.099804 0.005871
v 0.307241 -0.146771 0.193738
v 0.307241 -0.146771 0.193738
v -0.816047 0.088063 0.037182
v -0.816047 0.088063 0.037182
v -0.819961 0.091977 0.017613
v 0.420744 -0.154599 0.209393
v 0.420744 -0.154599 0.209393
v -0.819961 0.095890 0.005871
v -0.819961 0.095890 0.005871
v -0.819961 0.095890 0.005871
v 0.405088 -0.150685 0.205480
v 0.405088 -0.150685 0.205480
v -0.847358 0.088063 0.005871
v -0.847358 0.088063 0.005871
v 0.322896 -0.142857 -0.205479
v 0.322896 -0.142857 -0.205479
v 0.322896 -0.142857 -0.205479
v -0.737769 0.107632 0.072407
v 0.338552 -0.138943 -0.205479
v 0.338552 -0.138943 -0.205479
v -0.765166 0.099804 0.072407
v 0.362035 -0.135029 -0.201566
v -0.788650 0.091977 0.072407
v 0.362035 -0.150685 -0.193738
v -0.675147 0.088063 0.127202
v -0.651663 0.107632 0.111546
v -0.651663 0.107632 0.111546
v 0.389432 -0.135029 -0.205479
v 0.389432 -0.135029 -0.205479
v -0.679061 0.099804 0.111546
v -0.679061 0.099804 0.111546
v 0.405088 -0.150685 -0.205479
v 0.405088 -0.150685 -0.205479
v 0.178082 -0.154599 -0.178082
v 0.178082 -0.154599 -0.178082
v -0.557730 0.095890 0.135029
v -0.557730 0.095890 0.135029
v 0.158513 -0.150685 -0.178082
v 0.162427 -0.142857 -0.185910
v 0.181996 -0.142857 -0.185910
v -0.534247 0.119374 0.119374
v -0.534247 0.119374 0.119374
v -0.565558 0.111546 0.119374
v -0.565558 0.111546 0.119374
v -0.592955 0.107632 0.123288
v -0.592955 0.107632 0.123288
v -0.592955 0.107632 0.123288
v -0.592955 0.107632 0.123288
v 0.099804 -0.146771 -0.166341
v 0.099804 -0.146771 -0.166341
v 0.131115 -0.131115 -0.181996
v 0.131115 -0.131115 -0.181996
v 0.616438 0.103718 0.127202
v 0.616438 0.103718 0.127202
v 0.585127 0.111546 0.127202
v 0.585127 0.111546 0.127202
v -0.170254 -0.150685 -0.154599
v 0.581213 0.095890 0.146771
v -0.170254 -0.142857 -0.166341
v -0.138943 -0.146771 -0.166341
v 0.095890 0.115460 0.150685
v 0.095890 0.115460 0.150685
v 0.088063 0.103718 0.162427
v -0.033268 0.107632 0.154599
v -0.056752 0.107632 0.150685
v -0.354207 -0.146771 -0.142857
v -0.354207 -0.146771 -0.142857
v -0.800391 -0.158513 -0.103718
v -0.827789 -0.142857 -0.111546
v -0.827789 -0.142857 -0.111546
v 0.549902 0.099804 0.146771
v -0.800391 -0.146771 -0.115460
v -0.800391 -0.146771 -0.115460
v 0.522505 0.107632 0.142857
v 0.851272 -0.142857 -0.045010
v 0.851272 -0.142857 -0.045010
v 0.189824 0.088063 0.189824
v 0.851272 -0.135029 -0.056752
v 0.463796 0.103718 0.154599
v 0.463796 0.103718 0.154599
v 0.859100 -0.123288 -0.037182
v 0.859100 -0.123288 -0.037182
v 0.428571 0.099804 0.162427
v -0.800391 -0.158513 0.103718
v 0.358121 0.088063 -0.181996
v -0.800391 -0.146771 0.115460
v -0.827789 -0.142857 0.111546
v 0.338552 0.091977 -0.178082
v 0.338552 0.091977 -0.178082
v 0.338552 0.103718 -0.162427
v 0.338552 0.103718 -0.162427
v 0.369863 0.091977 -0.170254
v 0.819961 -0.154599 0.115460
v 0.819961 -0.154599 0.115460
v 0.209393 0.095890 -0.178082
v 0.209393 0.095890 -0.178082
v 0.831703 -0.146771 0.099804
v 0.831703 -0.146771 0.099804
v 0.213307 0.103718 -0.162427
v 0.213307 0.103718 -0.162427
v 0.835616 -0.135029 0.103718
v 0.236791 0.099804 -0.162427
v 0.236791 0.099804 -0.162427
v 0.819961 -0.138943 0.123288
v 0.819961 -0.138943 0.123288
v 0.260274 0.095890 -0.166341
v -0.354207 -0.146771 0.142857
v -0.354207 -0.146771 0.142857
v 0.369863 0.111546 -0.154599
v 0.369863 0.111546 -0.154599
v -0.381605 -0.142857 0.142857
v -0.381605 -0.154599 0.131115
v -0.381605 -0.154599 0.131115
v 0.397260 0.103718 -0.158513
v 0.174168 0.088063 -0.181996
v -0.381605 -0.131115 0.154599
v 0.166340 0.095890 -0.166341
v -0.409002 -0.131115 0.154599
v 0.189824 0.095890 -0.178082
v 0.189824 0.088063 -0.189824
v -0.440313 -0.131115 0.150685
v -0.440313 -0.131115 0.150685
v -0.440313 -0.146771 0.135029
v 0.264188 0.111546 -0.150685
v 0.264188 0.111546 -0.150685
v -0.401174 0.095890 -0.150685
v -0.401174 0.095890 -0.150685
v -0.111546 -0.146771 0.166340
v -0.111546 -0.146771 0.166340
v -0.405088 0.115460 -0.138943
v -0.138943 -0.146771 0.166340
v -0.373777 0.099804 -0.154599
v -0.373777 0.099804 -0.154599
v -0.373777 0.099804 -0.154599
v -0.373777 0.099804 -0.154599
v 0.178082 -0.154599 0.178082
v -0.710372 0.103718 -0.091976
v -0.710372 0.103718 -0.091976
v -0.710372 0.103718 -0.091976
v 0.205480 -0.142857 0.181996
v 0.181996 -0.142857 0.185910
v 0.162427 -0.142857 0.185910
v 0.158513 -0.150685 0.178082
v 0.131115 -0.131115 0.181996
v 0.131115 -0.131115 0.181996
v 0.099804 -0.146771 0.166340
v 0.099804 -0.146771 0.166340
v 0.917808 0.111546 -0.017612
v 0.917808 0.111546 -0.017612
v 0.917808 0.111546 -0.017612
v 0.718200 -0.146771 0.181996
v 0.718200 -0.146771 0.181996
v 0.718200 -0.146771 0.181996
v 0.718200 -0.146771 0.181996
v 0.921722 0.111546 -0.013699
v 0.921722 0.111546 -0.013699
v 0.722113 -0.127202 0.189824
v 0.722113 -0.127202 0.189824
v 0.925636 0.111546 -0.005871
v 0.925636 0.111546 -0.005871
v 0.690802 -0.123288 0.197652
v 0.921722 0.091977 0.009785
v 0.921722 0.091977 0.009785
v 0.279843 -0.135029 0.189824
v 0.925636 0.111546 0.001957
v 0.925636 0.111546 0.001957
v 0.252446 -0.131115 0.189824
v 0.252446 -0.131115 0.189824
v 0.925636 0.111546 0.009785
v 0.925636 0.111546 0.009785
v 0.436399 -0.135029 0.213307
v 0.909980 0.095890 0.021527
v 0.909980 0.095890 0.021527
v 0.416830 -0.135029 -0.209393
v 0.917808 0.111546 0.017613
v 0.917808 0.111546 0.017613
v 0.913894 0.111546 0.017613
v 0.913894 0.111546 0.017613
v 0.913894 0.111546 0.017613
v 0.307241 -0.146771 -0.193738
v 0.679061 -0.142857 -0.189824
v 0.679061 -0.142857 -0.189824
v -0.792564 0.099804 0.056752
v -0.792564 0.099804 0.056752
v 0.679061 -0.119374 -0.197652
v 0.679061 -0.119374 -0.197652
v 0.679061 -0.119374 -0.197652
v 0.679061 -0.119374 -0.197652
v 0.706458 -0.115460 -0.185910
v 0.072407 -0.142857 -0.166341
v -0.710372 0.103718 0.091977
v -0.710372 0.103718 0.091977
v -0.710372 0.103718 0.091977
v 0.072407 -0.127202 -0.181996
v 0.675147 0.099804 0.111546
v 0.647750 0.107632 0.107632
v -0.252446 -0.146771 -0.146771
v -0.252446 -0.146771 -0.146771
v -0.401174 0.095890 0.150685
v -0.252446 -0.135029 -0.162427
v -0.373777 0.099804 0.154599
v -0.373777 0.099804 0.154599
v -0.373777 0.099804 0.154599
v -0.373777 0.099804 0.154599
v -0.405088 0.115460 0.138943
v -0.405088 0.115460 0.138943
v -0.225049 -0.138943 -0.166341
v -0.225049 -0.138943 -0.166341
v -0.432485 0.095890 0.154599
v -0.432485 0.095890 0.154599
v -0.330724 -0.158513 -0.142857
v -0.436399 0.115460 0.138943
v -0.436399 0.115460 0.138943
v -0.330724 -0.150685 -0.150685
v -0.330724 -0.150685 -0.150685
v 0.553816 0.119374 0.127202
v 0.260274 0.095890 0.166340
v 0.264188 0.111546 0.150685
v 0.236791 0.099804 0.162427
v -0.495108 -0.138943 -0.146771
v 0.369863 0.091976 0.170254
v 0.369863 0.091976 0.170254
v -0.471624 -0.131115 -0.146771
v -0.471624 -0.131115 -0.146771
v -0.690802 -0.146771 -0.123288
v -0.690802 -0.146771 -0.123288
v -0.690802 -0.146771 -0.123288
v 0.369863 0.111546 0.154599
v -0.722113 -0.127202 -0.131115
v 0.338552 0.119374 0.150685
v 0.338552 0.119374 0.150685
v -0.690802 -0.131115 -0.135029
v -0.690802 -0.131115 -0.135029
v 0.338552 0.103718 0.166340
v -0.663405 -0.131115 -0.135029
v -0.636008 -0.127202 -0.135029
v -0.874755 -0.150685 -0.048924
v -0.874755 -0.150685 -0.048924
v 0.318982 0.099804 -0.166341
v -0.894325 -0.138943 -0.041096
v 0.432485 0.115460 -0.146771
v 0.432485 0.115460 -0.146771
v -0.894325 -0.131115 -0.052838
v -0.894325 -0.131115 -0.052838
v 0.463796 0.103718 -0.154599
v 0.463796 0.103718 -0.154599
v -0.874755 -0.150685 0.048924
v 0.491194 0.095890 -0.158513
v 0.491194 0.095890 -0.158513
v -0.894325 -0.131115 0.052838
v -0.894325 -0.138943 0.041096
v -0.894325 -0.138943 0.041096
v 0.471624 0.119374 -0.142857
v 0.471624 0.119374 -0.142857
v 0.471624 0.119374 -0.142857
v -0.663405 -0.146771 0.123288
v -0.663405 -0.146771 0.123288
v 0.495108 0.111546 -0.146771
v -0.663405 -0.131115 0.135029
v -0.377691 0.115460 -0.142857
v -0.377691 0.115460 -0.142857
v -0.690802 -0.131115 0.135029
v -0.690802 -0.131115 0.135029
v -0.346380 0.119374 -0.146771
v -0.690802 -0.146771 0.123288
v -0.690802 -0.146771 0.123288
v -0.342466 0.099804 -0.158513
v -0.342466 0.099804 -0.158513
v -0.722113 -0.127202 0.131115
v -0.745597 -0.131115 0.127202
v -0.318982 0.119374 -0.146771
v -0.471624 -0.131115 0.146771
v -0.471624 -0.131115 0.146771
v -0.471624 -0.131115 0.146771
v -0.499022 0.107632 -0.135029
v -0.499022 0.107632 -0.135029
v -0.467710 0.111546 -0.138943
v -0.467710 0.111546 -0.138943
v -0.467710 0.111546 -0.138943
v -0.495108 -0.138943 0.146771
v -0.330724 -0.158513 0.142857
v 0.679061 0.107632 -0.088063
v 0.702544 0.099804 -0.084149
v -0.792564 0.099804 -0.021526
v -0.792564 0.095890 -0.037182
v -0.792564 0.099804 -0.056751
v -0.330724 -0.150685 0.150685
v -0.225049 -0.146771 0.150685
v -0.225049 -0.146771 0.150685
v 0.909980 0.111546 -0.021526
v -0.197652 -0.142857 0.166340
v 0.913894 0.111546 -0.017612
v 0.913894 0.111546 -0.017612
v 0.913894 0.111546 -0.017612
v 0.913894 0.111546 -0.017612
v -0.225049 -0.138943 0.166340
v -0.225049 -0.138943 0.166340
v 0.894325 0.099804 0.013699
v 0.894325 0.099804 0.013699
v 0.072407 -0.142857 0.166340
v 0.072407 -0.142857 0.166340
v 0.072407 -0.142857 0.166340
v 0.902153 0.111546 0.017613
v 0.902153 0.111546 0.017613
v 0.898239 0.115460 0.013699
v 0.898239 0.115460 0.013699
v 0.072407 -0.127202 0.181996
v 0.800391 -0.142857 0.138943
v -0.792564 0.095890 0.037182
v -0.792564 0.095890 0.037182
v 0.800391 -0.127202 0.146771
v 0.800391 -0.127202 0.146771
v 0.776908 -0.127202 0.162427
v -0.792564 0.099804 0.021527
v -0.792564 0.099804 0.021527
v 0.228963 -0.131115 0.193738
v 0.228963 -0.131115 0.193738
v 0.228963 -0.131115 0.193738
v -0.342466 0.099804 0.158513
v 0.205480 -0.127202 0.193738
v -0.346380 0.119374 0.146771
v -0.346380 0.119374 0.146771
v 0.628180 -0.138943 0.205480
v 0.628180 -0.138943 0.205480
v -0.377691 0.115460 0.142857
v -0.377691 0.115460 0.142857
v 0.628180 -0.115460 0.213307
v 0.628180 -0.115460 0.213307
v -0.318982 0.119374 0.146771
v -0.318982 0.119374 0.146771
v 0.600783 -0.111546 0.217221
v 0.600783 -0.111546 0.217221
v 0.209393 0.095890 0.178082
v 0.189824 0.095890 0.178082
v 0.189824 0.095890 0.178082
v 0.303327 -0.135029 -0.201566
v 0.303327 -0.135029 -0.201566
v 0.322896 -0.135029 -0.209393
v 0.322896 -0.135029 -0.209393
v 0.072407 0.103718 -0.170254
v -0.001957 -0.142857 -0.162427
v -0.131115 0.115460 -0.146771
v -0.131115 0.115460 -0.146771
v -0.131115 0.115460 -0.146771
v -0.131115 0.115460 -0.146771
v -0.029354 -0.123288 -0.170254
v -0.107632 0.111546 -0.150685
v -0.107632 0.111546 -0.150685
v -0.001957 -0.123288 -0.174168
v -0.001957 -0.123288 -0.174168
v 0.123288 0.123288 -0.142857
v -0.772994 -0.146771 -0.119374
v -0.772994 -0.146771 -0.119374
v 0.150685 0.127202 -0.138943
v 0.158513 0.111546 -0.150685
v -0.772994 -0.131115 -0.127202
v -0.236791 0.107632 -0.154599
v -0.236791 0.107632 -0.154599
v -0.236791 0.107632 -0.154599
v -0.745597 -0.131115 -0.127202
v -0.264188 0.103718 -0.158513
v -0.264188 0.103718 -0.158513
v 0.859100 -0.142857 0.021526
v -0.240704 0.119374 -0.142857
v -0.240704 0.119374 -0.142857
v 0.863014 -0.123288 0.013699
v 0.863014 -0.127202 0.025440
v -0.213307 0.119374 -0.142857
v -0.213307 0.119374 -0.142857
v 0.859100 -0.127202 0.041096
v 0.859100 -0.127202 0.041096
v -0.213307 0.103718 -0.154599
v 0.851272 -0.131115 0.068493
v -0.185910 0.119374 -0.142857
v -0.185910 0.119374 -0.142857
v 0.843444 -0.146771 0.080235
v 0.013699 0.103718 -0.154599
v 0.013699 0.103718 -0.154599
v 0.013699 0.103718 -0.154599
v 0.847358 -0.131115 0.084149
v -0.009785 0.103718 -0.154599
v -0.009785 0.123288 -0.150685
v -0.009785 0.123288 -0.150685
v -0.009785 0.123288 -0.150685
v -0.772994 -0.146771 0.119374
v -0.772994 -0.146771 0.119374
v 0.017613 0.119374 -0.146771
v 0.017613 0.119374 -0.146771
v 0.041096 0.119374 -0.146771
v 0.041096 0.119374 -0.146771
v -0.772994 -0.131115 0.127202
v -0.772994 -0.131115 0.127202
v 0.037182 0.103718 -0.154599
v -0.001957 -0.142857 0.162427
v -0.001957 -0.142857 0.162427
v -0.033268 0.123288 -0.146771
v -0.033268 0.123288 -0.146771
v -0.001957 -0.123288 0.174168
v -0.001957 -0.123288 0.174168
v -0.029354 -0.123288 0.170254
v 0.056752 0.103718 -0.162427
v 0.518591 0.107632 -0.146771
v 0.424658 -0.111546 -0.217221
v 0.499022 0.127202 -0.138943
v 0.514677 0.127202 -0.131115
v 0.491194 -0.123288 -0.217221
v 0.491194 -0.123288 -0.217221
v 0.542074 0.119374 -0.127202
v 0.463796 -0.091976 -0.221135
v 0.495108 -0.095890 -0.221135
v 0.495108 -0.095890 -0.221135
v 0.624266 0.107632 -0.119374
v 0.624266 0.107632 -0.119374
v 0.651663 0.115460 -0.091976
v 0.526419 -0.095890 -0.225049
v 0.522505 -0.119374 -0.217221
v -0.765166 0.099804 -0.072407
v -0.170254 -0.131115 -0.170254
v 0.890411 0.099804 -0.013699
v 0.890411 0.099804 -0.013699
v 0.890411 0.099804 -0.013699
v -0.138943 -0.135029 -0.170254
v 0.894325 0.115460 -0.013699
v 0.898239 0.115460 -0.017612
v 0.906067 0.111546 -0.017612
v -0.111546 -0.135029 -0.174168
v -0.111546 -0.135029 -0.174168
v -0.084149 -0.131115 -0.174168
v 0.890411 0.099804 -0.009785
v 0.890411 0.099804 -0.009785
v 0.894325 0.115460 -0.009785
v 0.823875 -0.135029 -0.107632
v 0.886497 0.099804 -0.005871
v 0.886497 0.099804 -0.005871
v 0.827789 -0.107632 -0.107632
v 0.890411 0.115460 -0.005871
v 0.831703 -0.119374 -0.099804
v 0.886497 0.099804 0.001957
v 0.886497 0.099804 0.001957
v 0.890411 0.115460 0.001957
v -0.855186 -0.135029 -0.099804
v -0.855186 -0.135029 -0.099804
v -0.855186 -0.135029 -0.099804
v -0.878669 -0.123288 -0.088063
v -0.855186 -0.119374 -0.107632
v -0.855186 -0.119374 -0.107632
v 0.890411 0.115460 0.005871
v -0.827789 -0.127202 -0.115460
v 0.741683 0.095890 0.048924
v 0.745597 0.099804 0.025440
v 0.745597 0.099804 0.025440
v 0.847358 -0.127202 -0.064579
v 0.718200 0.107632 0.048924
v 0.718200 0.107632 0.048924
v 0.847358 -0.119374 -0.076321
v 0.855186 -0.111546 -0.060665
v 0.859100 -0.138943 -0.001957
v 0.863014 -0.119374 -0.009785
v -0.236791 0.107632 0.154599
v -0.236791 0.107632 0.154599
v -0.236791 0.107632 0.154599
v 0.866928 -0.123288 0.001957
v -0.213307 0.119374 0.142857
v -0.213307 0.119374 0.142857
v -0.855186 -0.135029 0.099804
v -0.855186 -0.135029 0.099804
v -0.240704 0.119374 0.142857
v -0.240704 0.119374 0.142857
v -0.264188 0.103718 0.158513
v -0.264188 0.103718 0.158513
v -0.827789 -0.127202 0.115460
v -0.855186 -0.119374 0.107632
v -0.855186 -0.119374 0.107632
v -0.878669 -0.123288 0.088063
v 0.041096 0.119374 0.146771
v 0.017613 0.119374 0.146771
v 0.017613 0.119374 0.146771
v -0.084149 -0.131115 0.174168
v -0.009785 0.123288 0.150685
v -0.009785 0.123288 0.150685
v -0.111546 -0.135029 0.174168
v -0.111546 -0.135029 0.174168
v -0.009785 0.103718 0.154599
v 0.303327 -0.135029 0.201566
v 0.303327 -0.135029 0.201566
v -0.033268 0.123288 0.146771
v 0.303327 -0.123288 0.205480
v -0.107632 0.111546 0.150685
v 0.283757 -0.115460 0.201566
v 0.252446 -0.115460 0.197652
v -0.131115 0.115460 0.146771
v -0.131115 0.115460 0.146771
v 0.389432 -0.135029 0.205480
v 0.389432 -0.135029 0.205480
v 0.432485 0.115460 0.146771
v 0.412916 -0.135029 0.209393
v 0.412916 -0.135029 0.209393
v 0.397260 0.103718 0.158513
v 0.072407 0.103718 0.170254
v 0.213307 0.103718 0.162427
v 0.213307 0.103718 0.162427
v 0.213307 0.103718 0.162427
v 0.185910 0.107632 0.158513
v 0.185910 0.107632 0.158513
v 0.318982 0.099804 0.170254
v 0.295499 0.107632 0.154599
v 0.295499 0.107632 -0.154599
v 0.295499 0.107632 -0.154599
v 0.295499 0.127202 -0.135029
v 0.322896 0.115460 -0.150685
v 0.322896 0.115460 -0.150685
v 0.322896 0.115460 -0.150685
v -0.624266 0.111546 -0.107632
v -0.624266 0.111546 -0.107632
v -0.596869 0.119374 -0.103718
v -0.596869 0.119374 -0.103718
v -0.737769 0.107632 -0.072407
v -0.741683 0.107632 -0.052838
v -0.714286 0.111546 -0.072407
v -0.714286 0.111546 -0.072407
v 0.702544 0.107632 -0.064579
v 0.702544 0.115460 -0.041096
v 0.726027 0.103718 -0.041096
v 0.726027 0.103718 -0.041096
v 0.416830 -0.111546 0.217221
v 0.389432 -0.111546 0.217221
v 0.389432 -0.111546 0.217221
v 0.726027 0.107632 -0.017612
v 0.726027 0.107632 -0.017612
v 0.362035 -0.115460 0.209393
v 0.726027 0.111546 0.001957
v 0.726027 0.111546 0.001957
v 0.722113 0.111546 0.025440
v 0.722113 0.111546 0.025440
v 0.538160 -0.127202 0.213307
v -0.796477 0.103718 0.005871
v -0.796477 0.103718 0.005871
v -0.796477 0.103718 -0.005871
v 0.538160 -0.103718 0.221135
v 0.506849 -0.127202 0.217221
v 0.506849 -0.127202 0.217221
v 0.714286 0.103718 0.068493
v 0.714286 0.103718 0.068493
v 0.510763 -0.099804 0.221135
v 0.510763 -0.099804 0.221135
v 0.686888 0.115460 0.068493
v 0.479452 -0.099804 0.221135
v 0.479452 -0.099804 0.221135
v 0.682975 0.107632 0.088063
v 0.655577 0.115460 0.088063
v 0.444227 -0.095890 0.221135
v -0.569472 0.123288 0.103718
v -0.596869 0.119374 0.103718
v -0.596869 0.119374 0.103718
v 0.362035 -0.115460 -0.209393
v 0.362035 -0.115460 -0.209393
v 0.518591 0.127202 0.127202
v 0.389432 -0.111546 -0.217221
v 0.389432 -0.111546 -0.217221
v 0.499022 0.127202 0.138943
v 0.495108 0.111546 0.146771
v 0.099804 -0.127202 -0.181996
v 0.123288 -0.107632 -0.189824
v 0.123288 -0.107632 -0.189824
v 0.471624 0.119374 0.142857
v 0.471624 0.119374 0.142857
v 0.401174 0.123288 0.142857
v 0.162427 -0.123288 -0.189824
v 0.162427 -0.123288 -0.189824
v 0.162427 -0.123288 -0.189824
v 0.369863 0.127202 0.138943
v -0.197652 -0.142857 -0.166341
v 0.240705 0.115460 0.150685
v 0.240705 0.115460 0.150685
v 0.217221 0.119374 0.146771
v 0.217221 0.119374 0.146771
v 0.217221 0.119374 0.146771
v -0.225049 -0.127202 -0.170254
v 0.318982 0.115460 0.154599
v -0.197652 -0.131115 -0.170254
v 0.295499 0.127202 0.138943
v 0.158513 0.111546 0.150685
v -0.350294 -0.135029 -0.154599
v 0.068493 0.115460 -0.154599
v -0.291585 0.119374 -0.146771
v -0.354207 -0.115460 -0.162427
v -0.264188 0.119374 -0.142857
v -0.326810 -0.131115 -0.158513
v -0.326810 -0.131115 -0.158513
v -0.303327 -0.138943 -0.154599
v -0.326810 -0.115460 -0.162427
v -0.326810 -0.115460 -0.162427
v 0.342466 0.119374 -0.150685
v 0.342466 0.119374 -0.150685
v 0.342466 0.119374 -0.150685
v -0.299413 -0.119374 -0.166341
v 0.350294 0.135029 -0.142857
v 0.369863 0.127202 -0.138943
v 0.369863 0.127202 -0.138943
v -0.275930 -0.119374 -0.170254
v -0.080235 0.107632 -0.150685
v -0.279843 -0.135029 -0.158513
v -0.080235 0.123288 -0.135029
v -0.080235 0.123288 -0.135029
v -0.056752 0.123288 -0.138943
v -0.056752 0.123288 -0.138943
v 0.596869 0.111546 -0.123288
v 0.596869 0.111546 -0.123288
v 0.596869 0.111546 -0.123288
v -0.510763 -0.142857 -0.142857
v 0.569472 0.115460 -0.123288
v 0.569472 0.115460 -0.123288
v 0.596869 0.127202 -0.103718
v 0.596869 0.127202 -0.103718
v -0.510763 -0.135029 -0.150685
v -0.475538 -0.115460 0.154599
v -0.475538 -0.115460 0.154599
v -0.769080 0.107632 -0.005871
v -0.502935 -0.127202 0.154599
v -0.769080 0.107632 -0.021526
v -0.510763 -0.135029 0.150685
v -0.769080 0.103718 -0.037182
v 0.921722 0.127202 -0.009785
v -0.279843 -0.135029 0.158513
v 0.925636 0.127202 -0.005871
v 0.925636 0.127202 -0.005871
v 0.925636 0.127202 -0.005871
v -0.252446 -0.135029 0.162427
v 0.925636 0.127202 -0.001957
v 0.925636 0.127202 -0.001957
v 0.925636 0.127202 -0.001957
v -0.275930 -0.119374 0.170254
v 0.925636 0.111546 -0.001957
v 0.925636 0.111546 -0.001957
v -0.303327 -0.138943 0.154599
v 0.925636 0.127202 0.001957
v 0.925636 0.127202 0.001957
v -0.299413 -0.119374 0.166340
v -0.326810 -0.115460 0.162427
v -0.326810 -0.115460 0.162427
v 0.921722 0.111546 0.013699
v 0.921722 0.111546 0.013699
v -0.326810 -0.131115 0.158513
v 0.921722 0.127202 0.009785
v 0.917808 0.127202 0.013699
v 0.917808 0.127202 0.013699
v -0.350294 -0.135029 0.154599
v -0.350294 -0.135029 0.154599
v -0.080235 0.107632 0.150685
v -0.354207 -0.115460 0.162427
v -0.354207 -0.115460 0.162427
v -0.056752 0.123288 0.138943
v -0.056752 0.123288 0.138943
v -0.080235 0.123288 0.135029
v -0.080235 0.123288 0.135029
v -0.170254 -0.142857 0.166340
v -0.264188 0.119374 0.142857
v -0.264188 0.119374 0.142857
v -0.170254 -0.131115 0.170254
v -0.197652 -0.131115 0.170254
v 0.068493 0.115460 0.154599
v 0.056752 0.103718 0.162427
v 0.162427 -0.123288 0.189824
v 0.185910 0.107632 -0.158513
v 0.185910 0.107632 -0.158513
v 0.185910 0.107632 -0.158513
v 0.123288 -0.107632 0.189824
v 0.123288 -0.107632 0.189824
v 0.189824 0.127202 -0.138943
v 0.189824 0.127202 -0.138943
v 0.099804 -0.127202 0.181996
v 0.099804 -0.127202 0.181996
v 0.217221 0.119374 -0.146771
v 0.217221 0.119374 -0.146771
v -0.436399 0.115460 -0.138943
v -0.471624 0.127202 -0.123288
v -0.471624 0.127202 -0.123288
v 0.557730 -0.095890 -0.221135
v -0.440313 0.131115 -0.123288
v 0.647750 -0.123288 -0.201566
v 0.647750 -0.123288 -0.201566
v -0.682975 0.111546 -0.091976
v 0.616438 -0.099804 -0.213307
v -0.655577 0.119374 -0.091976
v 0.647750 -0.099804 -0.209393
v 0.647750 -0.099804 -0.209393
v -0.714286 0.115460 -0.052838
v -0.714286 0.115460 -0.052838
v -0.686888 0.119374 -0.072407
v 0.252446 -0.115460 -0.197652
v 0.252446 -0.115460 -0.197652
v 0.283757 -0.115460 -0.201566
v 0.283757 -0.115460 -0.201566
v 0.303327 -0.123288 -0.205479
v 0.303327 -0.123288 -0.205479
v -0.142857 -0.119374 -0.174168
v -0.115460 -0.119374 -0.174168
v -0.115460 -0.119374 -0.174168
v -0.741683 0.111546 -0.033268
v -0.765166 0.103718 -0.056751
v 0.048924 -0.127202 -0.178082
v 0.072407 -0.115460 -0.189824
v 0.906067 0.127202 -0.017612
v 0.906067 0.127202 -0.017612
v 0.906067 0.127202 -0.017612
v 0.909980 0.127202 -0.017612
v 0.909980 0.127202 -0.017612
v 0.909980 0.127202 -0.017612
v 0.909980 0.127202 -0.017612
v 0.913894 0.127202 -0.017612
v 0.913894 0.127202 -0.017612
v 0.913894 0.127202 -0.017612
v -0.694716 -0.111546 -0.142857
v -0.694716 -0.111546 -0.142857
v 0.917808 0.127202 -0.013699
v 0.917808 0.127202 -0.013699
v 0.917808 0.127202 -0.013699
v -0.667319 -0.111546 -0.142857
v 0.906067 0.111546 0.017613
v 0.906067 0.111546 0.017613
v 0.906067 0.111546 0.017613
v 0.909980 0.127202 0.013699
v 0.909980 0.127202 0.013699
v 0.909980 0.127202 0.013699
v -0.745597 -0.111546 -0.135029
v 0.906067 0.127202 0.013699
v 0.906067 0.127202 0.013699
v -0.800391 -0.131115 -0.123288
v -0.769080 0.103718 0.037182
v -0.765166 0.103718 0.056752
v -0.827789 -0.111546 -0.123288
v -0.741683 0.107632 0.052838
v -0.800391 -0.111546 -0.127202
v -0.741683 0.111546 0.033268
v -0.878669 -0.135029 -0.080235
v -0.878669 -0.135029 -0.080235
v -0.769080 0.107632 0.021527
v -0.894325 -0.123288 -0.064579
v -0.894325 -0.123288 -0.064579
v -0.894325 -0.123288 -0.064579
v -0.894325 -0.123288 -0.064579
v -0.714286 0.111546 0.072407
v -0.714286 0.111546 0.072407
v -0.898239 -0.111546 -0.072407
v -0.898239 -0.111546 -0.072407
v -0.898239 -0.111546 -0.072407
v -0.686888 0.119374 0.072407
v -0.714286 0.115460 0.052838
v -0.714286 0.115460 0.052838
v 0.859100 -0.131115 -0.025440
v -0.624266 0.111546 0.107632
v -0.624266 0.111546 0.107632
v 0.863014 -0.107632 -0.033268
v 0.863014 -0.107632 -0.033268
v 0.863014 -0.115460 -0.021526
v -0.628180 0.123288 0.088063
v -0.655577 0.119374 0.091977
v -0.909980 -0.127202 0.001957
v -0.909980 -0.127202 0.001957
v -0.909980 -0.127202 0.009785
v 0.620352 0.119374 0.107632
v 0.620352 0.119374 0.107632
v 0.592955 0.123288 0.107632
v 0.592955 0.123288 0.107632
v 0.592955 0.123288 0.107632
v -0.921722 -0.111546 0.001957
v -0.467710 0.111546 0.138943
v -0.467710 0.111546 0.138943
v -0.467710 0.111546 0.138943
v -0.909980 -0.127202 -0.009785
v -0.909980 -0.127202 -0.009785
v -0.909980 -0.127202 -0.009785
v -0.471624 0.127202 0.123288
v -0.471624 0.127202 0.123288
v 0.479452 0.135029 0.135029
v 0.479452 0.135029 0.135029
v -0.909980 -0.123288 -0.021526
v 0.452055 0.142857 0.115460
v 0.452055 0.142857 0.115460
v -0.925636 -0.107632 -0.013699
v -0.925636 -0.107632 -0.013699
v 0.440313 0.131115 0.131115
v -0.909980 -0.119374 -0.033268
v -0.909980 -0.119374 -0.033268
v -0.158513 0.115460 -0.142857
v -0.158513 0.115460 -0.142857
v -0.909980 -0.123288 0.021526
v -0.909980 -0.123288 0.021526
v -0.154599 0.131115 -0.127202
v -0.154599 0.131115 -0.127202
v -0.131115 0.131115 -0.131115
v -0.131115 0.131115 -0.131115
v -0.909980 -0.119374 0.033268
v -0.909980 -0.119374 0.033268
v -0.925636 -0.107632 0.013699
v -0.103718 0.127202 -0.135029
v -0.103718 0.127202 -0.135029
v -0.878669 -0.135029 0.080235
v 0.225049 0.135029 -0.138943
v -0.898239 -0.111546 0.072407
v 0.240705 0.115460 -0.150685
v 0.240705 0.115460 -0.150685
v -0.894325 -0.123288 0.064579
v 0.244618 0.131115 -0.138943
v -0.800391 -0.131115 0.123288
v 0.268102 0.127202 -0.135029
v -0.800391 -0.111546 0.127202
v -0.827789 -0.111546 0.123288
v -0.181996 0.131115 -0.127202
v 0.542074 0.135029 -0.107632
v 0.542074 0.135029 -0.107632
v 0.542074 0.135029 -0.107632
v 0.542074 0.135029 -0.107632
v -0.502935 0.123288 -0.119374
v -0.694716 -0.111546 0.142857
v -0.694716 -0.111546 0.142857
v -0.538160 0.131115 -0.103718
v -0.722113 -0.111546 0.138943
v -0.510763 0.135029 -0.103718
v -0.745597 -0.111546 0.135029
v -0.636008 -0.127202 0.135029
v -0.659491 0.123288 -0.068493
v 0.651663 0.123288 -0.072407
v 0.651663 0.123288 -0.072407
v -0.608611 -0.127202 0.138943
v 0.679061 0.115460 -0.068493
v -0.612524 -0.107632 0.146771
v -0.639922 -0.107632 0.146771
v 0.894325 0.115460 0.009785
v 0.898239 0.131115 0.009785
v 0.898239 0.131115 0.009785
v 0.898239 0.131115 0.009785
v 0.898239 0.131115 0.005871
v 0.898239 0.131115 0.005871
v -0.252446 -0.123288 0.170254
v -0.252446 -0.123288 0.170254
v 0.749511 -0.127202 0.178082
v -0.769080 0.107632 0.005871
v -0.769080 0.107632 0.005871
v -0.769080 0.107632 0.005871
v -0.745597 0.115460 0.017613
v 0.780822 -0.111546 0.166340
v -0.745597 0.115460 0.005871
v -0.745597 0.115460 0.005871
v -0.745597 0.115460 -0.005871
v 0.753425 -0.107632 0.181996
v 0.753425 -0.107632 0.181996
v 0.698630 0.119374 0.025440
v -0.138943 -0.135029 0.170254
v 0.694716 0.119374 0.045010
v -0.115460 -0.119374 0.174168
v -0.115460 -0.119374 0.174168
v -0.682975 0.111546 0.091977
v -0.142857 -0.119374 0.174168
v -0.659491 0.123288 0.068493
v 0.095890 -0.111546 0.185910
v 0.072407 -0.115460 0.189824
v -0.502935 0.123288 0.119374
v 0.659491 -0.119374 0.205480
v -0.510763 0.135029 0.103718
v -0.538160 0.131115 0.103718
v 0.690802 -0.103718 0.201566
v -0.291585 0.119374 0.146771
v 0.663405 -0.099804 0.209393
v -0.268102 0.135029 0.131115
v -0.295499 0.135029 0.131115
v 0.322896 -0.135029 0.209393
v 0.322896 -0.135029 0.209393
v -0.103718 0.127202 0.135029
v -0.103718 0.127202 0.135029
v 0.150685 -0.107632 -0.193738
v 0.150685 -0.107632 -0.193738
v -0.131115 0.131115 0.131115
v -0.131115 0.131115 0.131115
v -0.131115 0.131115 0.131115
v -0.131115 0.131115 0.131115
v -0.154599 0.131115 0.127202
v -0.154599 0.131115 0.127202
v 0.178082 -0.115460 -0.193738
v 0.178082 -0.115460 -0.193738
v -0.158513 0.115460 0.142857
v 0.181996 -0.127202 -0.189824
v 0.181996 -0.127202 -0.189824
v -0.181996 0.131115 0.127202
v -0.181996 0.131115 0.127202
v 0.201566 -0.107632 -0.197652
v 0.201566 -0.107632 -0.197652
v 0.201566 -0.107632 -0.197652
v -0.185910 0.119374 0.142857
v -0.185910 0.119374 0.142857
v 0.045010 0.131115 -0.135029
v -0.197652 -0.115460 -0.174168
v -0.197652 -0.115460 -0.174168
v 0.072407 0.131115 -0.138943
v 0.072407 0.131115 -0.138943
v -0.170254 -0.119374 -0.174168
v 0.025440 -0.123288 -0.174168
v 0.095890 0.135029 -0.138943
v 0.095890 0.135029 -0.138943
v 0.322896 0.131115 -0.138943
v 0.322896 0.131115 -0.138943
v 0.025440 -0.103718 -0.185910
v -0.268102 0.135029 -0.131115
v -0.240704 0.135029 -0.131115
v -0.240704 0.135029 -0.131115
v -0.240704 0.135029 -0.131115
v 0.800391 -0.115460 -0.138943
v 0.401174 0.123288 -0.142857
v 0.401174 0.123288 -0.142857
v 0.373777 0.138943 -0.123288
v 0.405088 0.135029 -0.123288
v 0.780822 -0.111546 -0.154599
v 0.440313 0.131115 -0.131115
v 0.440313 0.131115 -0.131115
v 0.796477 -0.099804 -0.142857
v 0.452055 0.142857 -0.115460
v 0.452055 0.142857 -0.115460
v 0.812133 -0.099804 -0.127202
v -0.209393 0.135029 0.127202
v -0.209393 0.135029 0.127202
v -0.530333 -0.131115 -0.150685
v 0.150685 0.127202 0.138943
v -0.553816 -0.127202 -0.142857
v -0.522505 -0.119374 -0.154599
v 0.189824 0.127202 0.138943
v 0.189824 0.127202 0.138943
v 0.181996 0.142857 0.123288
v 0.181996 0.142857 0.123288
v -0.608611 -0.127202 -0.138943
v 0.146771 0.142857 0.123288
v -0.612524 -0.107632 -0.146771
v 0.119374 0.138943 0.135029
v -0.581213 -0.127202 -0.138943
v -0.581213 -0.127202 -0.138943
v 0.123288 0.123288 0.142857
v -0.581213 -0.107632 -0.150685
v -0.581213 -0.107632 -0.150685
v 0.095890 0.135029 0.138943
v 0.095890 0.135029 0.138943
v -0.549902 -0.111546 -0.150685
v 0.072407 0.131115 0.138943
v 0.863014 -0.115460 0.041096
v 0.863014 -0.115460 0.041096
v 0.405088 0.135029 0.123288
v 0.859100 -0.131115 0.052838
v 0.225049 0.135029 0.138943
v 0.859100 -0.115460 0.056751
v 0.855186 -0.119374 0.072407
v 0.350294 0.135029 0.142857
v 0.350294 0.135029 0.142857
v 0.322896 0.131115 0.138943
v -0.080235 0.138943 -0.123288
v -0.553816 -0.127202 0.142857
v -0.052838 0.135029 -0.127202
v -0.581213 -0.127202 0.138943
v -0.581213 -0.127202 0.138943
v -0.569472 0.123288 -0.103718
v -0.600783 0.131115 -0.088063
v -0.600783 0.131115 -0.088063
v -0.522505 -0.119374 0.154599
v -0.530333 -0.131115 0.150685
v -0.573385 0.135029 -0.084149
v 0.624266 0.119374 -0.099804
v 0.624266 0.119374 -0.099804
v 0.025440 -0.123288 0.174168
v 0.624266 0.131115 -0.076321
v 0.624266 0.131115 -0.076321
v 0.048924 -0.127202 0.178082
v 0.679061 0.123288 -0.045010
v 0.025440 -0.103718 0.185910
v 0.675147 0.127202 -0.025440
v 0.702544 0.119374 -0.021526
v -0.225049 -0.127202 0.170254
v -0.718200 0.119374 -0.029354
v -0.718200 0.119374 -0.029354
v -0.745597 0.115460 -0.017612
v -0.722113 0.119374 -0.013699
v -0.722113 0.119374 -0.013699
v -0.698630 0.127202 -0.009785
v -0.698630 0.127202 -0.009785
v -0.694716 0.123288 -0.025440
v -0.690802 0.119374 -0.048924
v 0.698630 0.119374 0.001957
v 0.698630 0.119374 0.001957
v 0.675147 0.131115 -0.001957
v 0.675147 0.131115 -0.001957
v 0.675147 0.131115 -0.001957
v 0.675147 0.131115 -0.001957
v -0.197652 -0.115460 0.174168
v -0.225049 -0.111546 0.174168
v -0.225049 -0.111546 0.174168
v -0.718200 0.119374 0.029354
v -0.718200 0.119374 0.029354
v -0.722113 0.119374 0.013699
v -0.722113 0.119374 0.013699
v 0.056752 -0.107632 0.185910
v -0.690802 0.119374 0.048924
v 0.181996 -0.127202 0.189824
v -0.694716 0.123288 0.025440
v 0.201566 -0.107632 0.197652
v -0.698630 0.127202 0.009785
v -0.698630 0.127202 0.009785
v 0.663405 0.123288 0.068493
v 0.178082 -0.115460 0.193738
v 0.667319 0.127202 0.045010
v 0.639922 0.135029 0.045010
v 0.639922 0.135029 0.045010
v 0.632094 0.131115 0.064579
v 0.632094 0.131115 0.064579
v 0.334638 -0.123288 -0.209393
v 0.334638 -0.123288 -0.209393
v 0.628180 0.127202 0.088063
v 0.628180 0.127202 0.088063
v 0.318982 -0.123288 -0.209393
v 0.596869 0.135029 0.088063
v 0.596869 0.135029 0.088063
v 0.326810 -0.103718 -0.209393
v -0.029354 0.135029 0.138943
v -0.029354 0.135029 0.138943
v -0.052838 0.135029 0.127202
v -0.052838 0.135029 0.127202
v -0.252446 -0.123288 -0.170254
v -0.252446 -0.123288 -0.170254
v -0.103718 0.138943 -0.123288
v -0.272016 -0.103718 -0.174168
v -0.248532 -0.107632 -0.174168
v -0.225049 -0.111546 -0.174168
v -0.225049 -0.111546 -0.174168
v -0.225049 -0.111546 -0.174168
v 0.479452 0.135029 -0.135029
v 0.495108 0.138943 -0.127202
v -0.056752 -0.123288 -0.170254
v -0.064579 -0.103718 -0.178082
v -0.628180 0.123288 -0.088063
v -0.029354 -0.103718 -0.181996
v -0.632094 0.127202 -0.064579
v -0.604697 0.131115 -0.064579
v -0.604697 0.131115 -0.064579
v 0.757339 -0.123288 -0.162427
v 0.757339 -0.123288 -0.162427
v 0.902153 0.131115 -0.013699
v 0.902153 0.131115 -0.013699
v 0.757339 -0.103718 -0.170254
v 0.757339 -0.103718 -0.170254
v 0.906067 0.142857 -0.013699
v 0.776908 -0.095890 -0.158513
v 0.909980 0.142857 -0.013699
v 0.909980 0.142857 -0.013699
v 0.913894 0.142857 -0.013699
v 0.913894 0.142857 -0.013699
v -0.502935 -0.127202 -0.154599
v 0.917808 0.142857 -0.013699
v -0.475538 -0.115460 -0.154599
v -0.475538 -0.115460 -0.154599
v 0.921722 0.142857 -0.009785
v 0.921722 0.142857 -0.009785
v -0.510763 -0.103718 -0.158513
v -0.471624 -0.091976 -0.162427
v -0.471624 -0.091976 -0.162427
v -0.471624 -0.091976 -0.162427
v -0.471624 -0.091976 -0.162427
v 0.925636 0.127202 0.005871
v 0.925636 0.127202 0.005871
v -0.440313 -0.115460 -0.158513
v -0.440313 -0.115460 -0.158513
v 0.925636 0.142857 0.001957
v 0.925636 0.142857 0.001957
v 0.843444 -0.111546 -0.084149
v 0.921722 0.142857 0.005871
v 0.921722 0.142857 0.005871
v 0.839530 -0.099804 -0.091977
v 0.902153 0.127202 0.009785
v 0.902153 0.127202 0.009785
v 0.847358 -0.095890 -0.076321
v 0.906067 0.142857 0.009785
v 0.906067 0.142857 0.009785
v 0.913894 0.127202 0.013699
v 0.913894 0.127202 0.013699
v -0.909980 -0.115460 -0.041096
v -0.909980 -0.115460 -0.041096
v 0.917808 0.142857 0.009785
v 0.917808 0.142857 0.009785
v -0.925636 -0.099804 -0.029354
v 0.913894 0.142857 0.009785
v 0.913894 0.142857 0.009785
v -0.913894 -0.107632 -0.052838
v -0.913894 -0.107632 -0.052838
v -0.514677 0.142857 0.084149
v -0.542074 0.135029 0.084149
v -0.573385 0.135029 0.084149
v -0.909980 -0.115460 0.041096
v -0.909980 -0.115460 0.041096
v 0.561644 0.131115 0.107632
v 0.561644 0.131115 0.107632
v -0.913894 -0.107632 0.052838
v -0.913894 -0.107632 0.052838
v 0.530333 0.138943 0.103718
v 0.530333 0.138943 0.103718
v -0.925636 -0.099804 0.029354
v -0.080235 0.138943 0.123288
v -0.080235 0.138943 0.123288
v -0.103718 0.138943 0.123288
v -0.103718 0.138943 0.123288
v 0.819961 -0.123288 0.127202
v 0.819961 -0.123288 0.127202
v 0.268102 0.127202 0.135029
v 0.268102 0.127202 0.135029
v 0.835616 -0.123288 0.107632
v 0.295499 0.142857 0.123288
v 0.295499 0.142857 0.123288
v 0.823875 -0.107632 0.131115
v 0.823875 -0.107632 0.131115
v 0.268102 0.142857 0.123288
v 0.244618 0.142857 0.127202
v -0.056752 -0.123288 0.170254
v 0.244618 0.131115 0.138943
v 0.244618 0.131115 0.138943
v -0.029354 -0.103718 0.181996
v -0.064579 -0.103718 0.178082
v 0.373777 -0.099804 0.221135
v 0.373777 0.138943 0.123288
v 0.354207 -0.095890 0.213307
v 0.354207 -0.095890 0.213307
v 0.350294 0.146771 0.127202
v 0.350294 0.146771 0.127202
v 0.326810 -0.103718 0.209393
v 0.326810 -0.103718 0.209393
v 0.322896 0.146771 0.123288
v 0.322896 0.146771 0.123288
v 0.322896 0.146771 0.123288
v 0.322896 0.146771 0.123288
v 0.334638 -0.123288 0.209393
v 0.334638 -0.123288 0.209393
v 0.209393 0.142857 -0.135029
v 0.225049 0.146771 -0.131115
v 0.318982 -0.123288 0.209393
v 0.318982 -0.123288 0.209393
v 0.244618 0.142857 -0.127202
v -0.381605 0.131115 -0.127202
v -0.381605 0.131115 -0.127202
v -0.412916 0.131115 -0.123288
v 0.733855 -0.111546 -0.178082
v 0.733855 -0.111546 -0.178082
v -0.385519 0.142857 -0.107632
v -0.385519 0.142857 -0.107632
v -0.350294 0.131115 -0.127202
v -0.350294 0.131115 -0.127202
v 0.706458 -0.095890 -0.189824
v 0.706458 -0.095890 -0.189824
v -0.354207 0.142857 -0.107632
v -0.354207 0.142857 -0.107632
v -0.322896 0.131115 -0.127202
v 0.733855 -0.091976 -0.181996
v 0.733855 -0.091976 -0.181996
v -0.444227 0.138943 -0.103718
v -0.088063 -0.115460 -0.178082
v -0.416830 0.142857 -0.107632
v 0.569472 0.131115 -0.103718
v 0.569472 0.131115 -0.103718
v -0.115460 -0.099804 -0.178082
v -0.115460 -0.099804 -0.178082
v 0.569472 0.138943 -0.080235
v 0.569472 0.138943 -0.080235
v -0.088063 -0.099804 -0.178082
v 0.624266 0.138943 -0.052838
v 0.855186 -0.119374 -0.048924
v 0.651663 0.131115 -0.048924
v 0.651663 0.131115 -0.048924
v 0.859100 -0.095890 -0.052838
v 0.859100 -0.095890 -0.052838
v -0.663405 0.123288 -0.045010
v 0.898239 0.131115 -0.013699
v 0.898239 0.131115 -0.013699
v 0.859100 -0.103718 -0.045010
v 0.859100 -0.103718 -0.045010
v 0.859100 -0.103718 -0.045010
v 0.859100 -0.103718 -0.045010
v 0.902153 0.142857 -0.009785
v 0.898239 0.131115 -0.009785
v 0.898239 0.131115 -0.009785
v 0.902153 0.142857 -0.005871
v 0.847358 -0.119374 0.088063
v 0.894325 0.131115 -0.005871
v 0.894325 0.131115 -0.005871
v 0.898239 0.142857 -0.001957
v -0.722113 0.123288 -0.005871
v -0.722113 0.123288 -0.005871
v -0.722113 0.123288 0.005871
v -0.722113 0.123288 0.005871
v -0.722113 0.123288 0.005871
v -0.722113 0.123288 0.005871
v 0.847358 -0.107632 0.091976
v -0.088063 -0.115460 0.178082
v 0.894325 0.131115 0.001957
v 0.894325 0.131115 0.001957
v -0.088063 -0.099804 0.178082
v 0.898239 0.142857 0.001957
v -0.115460 -0.099804 0.178082
v -0.115460 -0.099804 0.178082
v 0.902153 0.142857 0.001957
v 0.569472 -0.107632 0.221135
v -0.663405 0.127202 0.045010
v 0.600783 -0.088063 0.221135
v 0.600783 -0.088063 0.221135
v 0.573385 -0.080235 0.225049
v 0.573385 -0.080235 0.225049
v -0.440313 0.131115 0.123288
v -0.412916 0.131115 0.123288
v 0.542074 -0.076321 0.225049
v -0.444227 0.138943 0.103718
v -0.381605 0.131115 0.127202
v 0.225049 -0.119374 -0.201566
v 0.225049 -0.119374 -0.201566
v -0.350294 0.131115 0.127202
v -0.350294 0.131115 0.127202
v -0.385519 0.142857 0.107632
v -0.385519 0.142857 0.107632
v 0.225049 -0.103718 -0.201566
v 0.225049 -0.103718 -0.201566
v 0.225049 -0.103718 -0.201566
v -0.322896 0.131115 0.127202
v -0.197652 -0.095890 -0.178082
v -0.197652 -0.095890 -0.178082
v -0.354207 0.142857 0.107632
v -0.354207 0.142857 0.107632
v -0.170254 -0.099804 -0.178082
v -0.170254 -0.099804 -0.178082
v 0.072407 0.146771 0.127202
v 0.045010 0.131115 0.135029
v -0.381605 -0.115460 -0.162427
v -0.381605 -0.095890 -0.170254
v 0.322896 0.146771 -0.123288
v 0.322896 0.146771 -0.123288
v 0.350294 0.146771 -0.127202
v -0.354207 -0.095890 -0.170254
v -0.326810 0.142857 -0.111546
v -0.295499 0.135029 -0.131115
v -0.409002 -0.115460 -0.162427
v -0.299413 0.146771 -0.115460
v -0.440313 -0.095890 -0.162427
v -0.409002 -0.095890 -0.166341
v -0.009785 0.135029 -0.138943
v -0.009785 0.135029 -0.138943
v -0.029354 0.135029 -0.138943
v -0.639922 -0.107632 -0.146771
v -0.017613 0.142857 -0.123288
v -0.667319 -0.091976 -0.154599
v 0.013699 0.142857 -0.119374
v 0.013699 0.142857 -0.119374
v -0.643836 -0.088063 -0.154599
v 0.017613 0.131115 -0.135029
v 0.045010 0.142857 -0.119374
v -0.772994 -0.111546 -0.131115
v 0.072407 0.146771 -0.127202
v 0.072407 0.146771 -0.127202
v -0.800391 -0.095890 -0.138943
v -0.209393 0.135029 -0.127202
v -0.772994 -0.095890 -0.142857
v -0.209393 0.142857 -0.111546
v -0.181996 0.142857 -0.111546
v -0.745597 -0.095890 -0.142857
v 0.409002 0.150685 -0.107632
v 0.412916 0.162427 -0.091976
v -0.745597 -0.095890 0.142857
v 0.452055 0.158513 -0.095890
v 0.452055 0.158513 -0.095890
v -0.772994 -0.111546 0.131115
v -0.772994 -0.111546 0.131115
v 0.487280 0.142857 -0.115460
v 0.487280 0.142857 -0.115460
v 0.487280 0.142857 -0.115460
v -0.772994 -0.095890 0.142857
v -0.772994 -0.095890 0.142857
v -0.636008 0.131115 -0.041096
v -0.800391 -0.095890 0.138943
v -0.667319 -0.111546 0.142857
v 0.647750 0.135029 -0.025440
v 0.647750 0.135029 -0.025440
v 0.647750 0.138943 -0.001957
v 0.647750 0.138943 -0.001957
v -0.667319 -0.091977 0.154599
v 0.643836 0.138943 0.021527
v -0.440313 -0.115460 0.158513
v 0.671233 0.131115 0.021527
v 0.671233 0.131115 0.021527
v -0.409002 -0.115460 0.162427
v -0.632094 0.127202 0.064579
v -0.440313 -0.095890 0.162427
v -0.636008 0.131115 0.041096
v -0.471624 -0.091977 0.162427
v -0.471624 -0.091977 0.162427
v -0.639922 0.135029 0.017613
v -0.667319 0.127202 0.021527
v -0.600783 0.131115 0.088063
v -0.600783 0.131115 0.088063
v -0.381605 -0.115460 0.162427
v -0.604697 0.131115 0.064579
v -0.604697 0.131115 0.064579
v -0.409002 -0.095890 0.166340
v -0.577299 0.138943 0.064579
v -0.577299 0.138943 0.064579
v -0.240704 0.135029 0.131115
v -0.240704 0.135029 0.131115
v -0.240704 0.135029 0.131115
v -0.381605 -0.095890 0.170254
v -0.240704 0.142857 0.111546
v -0.240704 0.142857 0.111546
v -0.326810 -0.095890 0.170254
v -0.272016 0.146771 0.115460
v -0.354207 -0.095890 0.170254
v -0.354207 -0.095890 0.170254
v -0.299413 0.146771 0.115460
v -0.170254 -0.119374 0.174168
v -0.209393 0.142857 0.111546
v -0.170254 -0.099804 0.178082
v -0.170254 -0.099804 0.178082
v -0.326810 0.142857 0.111546
v -0.197652 -0.095890 0.178082
v -0.197652 -0.095890 0.178082
v 0.017613 0.131115 0.135029
v -0.009785 0.135029 0.138943
v -0.009785 0.135029 0.138943
v -0.009785 0.135029 0.138943
v 0.248532 -0.099804 0.205480
v -0.048924 0.146771 -0.111546
v 0.225049 -0.103718 0.201566
v 0.225049 -0.103718 0.201566
v 0.225049 -0.119374 0.201566
v 0.225049 -0.119374 0.201566
v 0.119374 0.138943 -0.135029
v 0.091977 0.146771 -0.131115
v 0.091977 0.146771 -0.131115
v 0.091977 0.146771 -0.131115
v 0.405088 -0.095890 -0.225049
v 0.111546 0.150685 -0.123288
v 0.111546 0.150685 -0.123288
v 0.432485 -0.088063 -0.221135
v 0.432485 -0.088063 -0.221135
v 0.146771 0.142857 -0.123288
v 0.095890 -0.111546 -0.185910
v 0.056752 -0.107632 -0.185910
v 0.088063 -0.091976 -0.193738
v -0.127202 0.142857 -0.123288
v -0.127202 0.142857 -0.123288
v -0.107632 0.150685 -0.107632
v -0.080235 0.146771 -0.107632
v 0.052838 -0.088063 -0.193738
v -0.667319 0.127202 -0.021526
v -0.671233 0.131115 -0.005871
v -0.671233 0.131115 -0.005871
v -0.248532 -0.091976 -0.178082
v -0.248532 -0.091976 -0.178082
v -0.639922 0.135029 -0.017612
v -0.225049 -0.091976 -0.178082
v -0.225049 -0.091976 -0.178082
v -0.643836 0.135029 -0.005871
v -0.643836 0.135029 -0.005871
v -0.616438 0.142857 -0.005871
v -0.616438 0.142857 -0.005871
v -0.612524 0.138943 -0.017612
v -0.612524 -0.088063 -0.154599
v -0.608611 0.135029 -0.041096
v -0.608611 0.135029 -0.041096
v -0.581213 -0.088063 -0.154599
v -0.581213 -0.088063 -0.154599
v -0.722113 -0.111546 -0.138943
v -0.671233 0.131115 0.005871
v -0.671233 0.131115 0.005871
v -0.722113 -0.091976 -0.146771
v -0.643836 0.135029 0.005871
v -0.643836 0.135029 0.005871
v -0.694716 -0.091976 -0.150685
v -0.694716 -0.091976 -0.150685
v 0.816047 -0.111546 -0.123288
v 0.816047 -0.111546 -0.123288
v 0.604697 0.138943 0.064579
v 0.819961 -0.084149 -0.119374
v 0.577299 0.146771 0.060665
v 0.823875 -0.095890 -0.115460
v 0.823875 -0.095890 -0.115460
v 0.569472 0.138943 0.084149
v 0.569472 0.138943 0.084149
v -0.851272 -0.103718 -0.115460
v -0.851272 -0.103718 -0.115460
v -0.048924 0.146771 0.111546
v -0.878669 -0.107632 -0.095890
v -0.080235 0.146771 0.107632
v -0.874755 -0.095890 -0.103718
v -0.851272 -0.091976 -0.123288
v -0.851272 -0.091976 -0.123288
v 0.111546 0.150685 0.123288
v -0.921722 -0.107632 -0.005871
v -0.921722 -0.107632 -0.005871
v 0.091977 0.146771 0.131115
v 0.091977 0.146771 0.131115
v -0.933464 -0.095890 0.001957
v 0.409002 0.150685 0.107632
v 0.409002 0.150685 0.107632
v 0.377691 0.150685 0.107632
v 0.377691 0.150685 0.107632
v -0.933464 -0.095890 -0.001957
v -0.933464 -0.095890 -0.001957
v -0.933464 -0.091977 -0.005871
v -0.933464 -0.091977 -0.005871
v 0.013699 0.142857 0.119374
v 0.013699 0.142857 0.119374
v -0.921722 -0.107632 0.005871
v -0.017613 0.142857 0.123288
v -0.017613 0.142857 0.123288
v -0.933464 -0.091977 0.005871
v 0.181996 0.142857 -0.123288
v 0.181996 0.142857 -0.123288
v 0.866928 -0.111546 0.017613
v 0.174168 0.154599 -0.103718
v 0.174168 0.154599 -0.103718
v 0.174168 0.154599 -0.103718
v 0.866928 -0.107632 0.005871
v 0.866928 -0.107632 0.005871
v 0.213307 0.150685 -0.119374
v 0.870842 -0.095890 0.017613
v 0.870842 -0.095890 0.017613
v 0.866928 -0.111546 0.029354
v 0.866928 -0.099804 0.029354
v 0.866928 -0.099804 0.029354
v 0.863014 -0.099804 0.045010
v 0.863014 -0.099804 0.045010
v 0.863014 -0.099804 0.045010
v 0.268102 0.142857 -0.123288
v 0.295499 0.142857 -0.123288
v -0.851272 -0.103718 0.115460
v -0.851272 -0.103718 0.115460
v 0.295499 0.154599 -0.107632
v -0.851272 -0.091977 0.123288
v -0.851272 -0.091977 0.123288
v -0.874755 -0.095890 0.103718
v -0.878669 -0.107632 0.095890
v 0.514677 0.138943 -0.111546
v 0.514677 0.138943 -0.111546
v 0.483366 0.150685 -0.091976
v 0.483366 0.150685 -0.091976
v -0.581213 -0.107632 0.150685
v -0.581213 -0.107632 0.150685
v 0.514677 0.146771 -0.088063
v 0.514677 0.146771 -0.088063
v -0.479452 0.138943 -0.103718
v -0.479452 0.138943 -0.103718
v -0.581213 -0.088063 0.154599
v -0.581213 -0.088063 0.154599
v -0.612524 -0.088063 0.154599
v -0.643836 -0.088063 0.154599
v -0.514677 0.142857 -0.084149
v -0.549902 -0.111546 0.150685
v 0.804305 -0.111546 0.150685
v -0.483366 0.150685 -0.084149
v -0.483366 0.150685 -0.084149
v 0.804305 -0.091977 0.150685
v 0.780822 -0.091977 0.166340
v 0.596869 0.135029 -0.080235
v 0.596869 0.142857 -0.056751
v -0.510763 -0.103718 0.158513
v 0.909980 0.158513 -0.009785
v 0.909980 0.158513 -0.009785
v 0.913894 0.158513 -0.009785
v 0.913894 0.158513 -0.009785
v 0.722113 -0.107632 0.193738
v 0.722113 -0.107632 0.193738
v 0.917808 0.158513 -0.009785
v 0.917808 0.158513 -0.009785
v 0.726027 -0.084149 0.193738
v 0.917808 0.158513 -0.005871
v 0.917808 0.158513 -0.005871
v 0.694716 -0.080235 0.201566
v 0.921722 0.158513 -0.005871
v 0.921722 0.158513 -0.005871
v 0.921722 0.142857 -0.005871
v 0.921722 0.142857 -0.005871
v 0.589041 -0.095890 -0.221135
v 0.921722 0.158513 -0.001957
v 0.921722 0.158513 -0.001957
v 0.921722 0.158513 -0.001957
v 0.620352 -0.076321 -0.217221
v 0.925636 0.142857 -0.001957
v 0.925636 0.142857 -0.001957
v 0.925636 0.142857 -0.001957
v 0.921722 0.158513 0.001957
v 0.921722 0.158513 0.001957
v 0.557730 -0.068493 -0.225049
v 0.917808 0.158513 0.005871
v 0.917808 0.158513 0.005871
v 0.307241 -0.107632 -0.205479
v 0.909980 0.142857 0.009785
v 0.909980 0.142857 0.009785
v 0.909980 0.142857 0.009785
v 0.275930 -0.095890 -0.205479
v 0.909980 0.158513 0.009785
v 0.909980 0.158513 0.009785
v 0.909980 0.158513 0.009785
v 0.295499 -0.088063 -0.209393
v 0.909980 0.158513 0.005871
v 0.909980 0.158513 0.005871
v -0.029354 -0.084149 -0.189824
v -0.608611 0.135029 0.041096
v -0.608611 0.135029 0.041096
v -0.001957 -0.103718 -0.181996
v -0.001957 -0.103718 -0.181996
v -0.479452 0.138943 0.103718
v -0.479452 0.138943 0.103718
v -0.001957 -0.084149 -0.189824
v -0.001957 -0.084149 -0.189824
v -0.001957 -0.084149 -0.189824
v -0.483366 0.150685 0.084149
v -0.483366 0.150685 0.084149
v 0.025440 -0.088063 -0.193738
v 0.025440 -0.088063 -0.193738
v 0.538160 0.146771 0.084149
v 0.538160 0.146771 0.084149
v 0.538160 0.146771 0.084149
v 0.510763 0.154599 0.080235
v -0.898239 -0.095890 -0.080235
v -0.898239 -0.095890 -0.080235
v 0.502935 0.146771 0.103718
v 0.502935 0.146771 0.103718
v -0.898239 -0.080235 -0.091977
v -0.898239 -0.080235 -0.091977
v 0.495108 0.138943 0.123288
v -0.913894 -0.095890 -0.056752
v -0.913894 -0.095890 -0.056752
v 0.479452 0.146771 0.115460
v 0.479452 0.146771 0.115460
v 0.479452 0.146771 0.115460
v -0.925636 -0.091977 -0.037182
v -0.107632 0.150685 0.107632
v -0.925636 -0.084149 -0.041096
v -0.127202 0.142857 0.123288
v -0.127202 0.142857 0.123288
v -0.929550 -0.076321 -0.048924
v -0.913894 -0.084149 -0.064579
v -0.913894 -0.084149 -0.064579
v 0.866928 -0.103718 -0.005871
v 0.866928 -0.103718 -0.005871
v 0.209393 0.142857 0.135029
v 0.209393 0.142857 0.135029
v 0.866928 -0.099804 -0.017613
v 0.866928 -0.099804 -0.017613
v 0.225049 0.146771 0.131115
v 0.870842 -0.088063 -0.005871
v 0.870842 -0.088063 -0.005871
v 0.870842 -0.088063 -0.005871
v 0.213307 0.150685 0.119374
v -0.913894 -0.095890 0.056751
v -0.913894 -0.095890 0.056751
v -0.913894 -0.095890 0.056751
v 0.072407 0.154599 -0.111546
v -0.898239 -0.095890 0.080235
v 0.091977 0.154599 -0.123288
v -0.913894 -0.084149 0.064579
v -0.913894 -0.084149 0.064579
v -0.017613 0.154599 -0.099804
v -0.017613 0.154599 -0.099804
v -0.929550 -0.076321 0.048924
v 0.013699 0.154599 -0.099804
v -0.925636 -0.084149 0.041096
v -0.925636 -0.084149 0.041096
v -0.154599 0.142857 -0.115460
v -0.127202 0.150685 -0.111546
v -0.127202 0.150685 -0.111546
v -0.925636 -0.091977 0.037182
v -0.925636 -0.091977 0.037182
v -0.898239 -0.080235 0.091977
v -0.178082 0.158513 -0.095890
v -0.146771 0.154599 -0.099804
v -0.146771 0.154599 -0.099804
v 0.835616 -0.107632 0.111546
v -0.542074 0.135029 -0.084149
v 0.847358 -0.091977 0.091977
v -0.545988 0.142857 -0.060665
v 0.839530 -0.091977 0.111546
v -0.518591 0.146771 -0.060665
v -0.248532 -0.107632 0.174168
v -0.248532 -0.107632 0.174168
v -0.248532 -0.091977 0.178082
v -0.248532 -0.091977 0.178082
v -0.248532 -0.091977 0.178082
v -0.272016 -0.088063 0.181996
v -0.272016 -0.103718 0.174168
v -0.577299 0.138943 -0.064579
v -0.299413 -0.099804 0.170254
v -0.581213 0.138943 -0.041096
v 0.902153 0.142857 0.005871
v -0.001957 -0.103718 0.181996
v -0.001957 -0.103718 0.181996
v 0.906067 0.158513 0.005871
v 0.906067 0.158513 0.005871
v 0.902153 0.158513 0.001957
v 0.902153 0.158513 0.001957
v -0.029354 -0.084149 0.189824
v 0.052838 -0.088063 0.193738
v 0.616438 0.146771 0.017613
v 0.025440 -0.088063 0.193738
v 0.612525 0.142857 0.041096
v 0.150685 -0.107632 0.193738
v 0.150685 -0.107632 0.193738
v -0.581213 0.138943 0.041096
v 0.170254 -0.099804 0.197652
v 0.170254 -0.099804 0.197652
v 0.170254 -0.099804 0.197652
v -0.585127 0.146771 0.017613
v -0.585127 0.146771 0.017613
v 0.162427 -0.088063 0.205480
v 0.162427 -0.088063 0.205480
v -0.612524 0.138943 0.017613
v 0.142857 -0.091977 0.201566
v 0.142857 -0.091977 0.201566
v -0.416830 0.142857 0.107632
v 0.119374 -0.088063 0.197652
v -0.420744 0.150685 0.088063
v -0.154599 0.142857 0.115460
v -0.154599 0.142857 0.115460
v 0.307241 -0.107632 0.205480
v -0.127202 0.150685 0.111546
v -0.127202 0.150685 0.111546
v 0.275930 -0.095890 0.205480
v -0.146771 0.154599 0.099804
v -0.146771 0.154599 0.099804
v -0.178082 0.158513 0.095890
v -0.181996 0.142857 0.111546
v 0.295499 -0.088063 0.209393
v 0.679061 -0.095890 -0.201566
v 0.679061 -0.095890 -0.201566
v 0.045010 0.142857 0.119374
v 0.679061 -0.076321 -0.201566
v 0.706458 -0.072407 -0.193738
v 0.706458 -0.072407 -0.193738
v 0.706458 -0.072407 -0.193738
v 0.072407 0.154599 0.111546
v 0.072407 0.154599 0.111546
v 0.045010 0.154599 0.103718
v 0.045010 0.154599 0.103718
v -0.142857 -0.099804 -0.178082
v -0.142857 -0.099804 -0.178082
v 0.013699 0.154599 0.099804
v 0.013699 0.154599 0.099804
v -0.142857 -0.084149 -0.189824
v -0.115460 -0.084149 -0.189824
v -0.115460 -0.084149 -0.189824
v -0.115460 -0.084149 -0.189824
v -0.240704 0.142857 -0.111546
v -0.240704 0.142857 -0.111546
v -0.272016 0.146771 -0.115460
v -0.299413 -0.099804 -0.170254
v -0.244618 0.154599 -0.095890
v -0.244618 0.154599 -0.095890
v -0.326810 -0.095890 -0.170254
v -0.326810 -0.095890 -0.170254
v -0.295499 -0.080235 -0.181996
v -0.295499 -0.080235 -0.181996
v -0.272016 -0.088063 -0.181996
v -0.330724 0.154599 -0.095890
v -0.303327 0.158513 -0.099804
v -0.322896 -0.076321 -0.178082
v -0.084149 0.158513 -0.088063
v -0.545988 -0.091976 -0.158513
v -0.048924 0.158513 -0.088063
v 0.835616 -0.091976 -0.099804
v 0.377691 0.150685 -0.107632
v 0.350294 0.154599 -0.107632
v 0.831703 -0.080235 -0.107632
v 0.831703 -0.080235 -0.107632
v 0.831703 -0.080235 -0.107632
v 0.381605 0.162427 -0.088063
v 0.839530 -0.076321 -0.091977
v 0.839530 -0.076321 -0.091977
v 0.542074 0.142857 -0.084149
v 0.542074 0.142857 -0.084149
v 0.542074 0.142857 -0.084149
v 0.851272 -0.103718 -0.068493
v 0.538160 0.154599 -0.060665
v 0.538160 0.154599 -0.060665
v 0.851272 -0.080235 -0.072407
v 0.851272 -0.080235 -0.072407
v 0.851272 -0.080235 -0.072407
v -0.585127 0.146771 -0.017612
v -0.585127 0.146771 -0.017612
v 0.855186 -0.088063 -0.060665
v 0.855186 -0.088063 -0.060665
v -0.585127 0.150685 -0.005871
v -0.585127 0.150685 -0.005871
v -0.585127 0.150685 -0.005871
v -0.925636 -0.103718 -0.021526
v -0.557730 0.150685 -0.005871
v -0.557730 0.150685 -0.005871
v -0.553816 0.146771 -0.017612
v -0.937378 -0.091977 -0.013699
v -0.549902 0.142857 -0.037182
v -0.925636 -0.103718 0.021526
v 0.620352 0.142857 -0.029354
v -0.937378 -0.091977 0.013699
v 0.592955 0.146771 -0.033268
v 0.859100 -0.103718 0.060665
v 0.592955 0.150685 -0.009785
v 0.592955 0.150685 -0.009785
v 0.863014 -0.088063 0.060665
v 0.863014 -0.088063 0.060665
v 0.620352 0.146771 -0.005871
v 0.620352 0.146771 -0.005871
v 0.855186 -0.103718 0.076321
v -0.616438 0.142857 0.005871
v -0.616438 0.142857 0.005871
v 0.855186 -0.091977 0.076321
v 0.855186 -0.091977 0.076321
v 0.855186 -0.091977 0.076321
v -0.585127 0.150685 0.005871
v -0.585127 0.150685 0.005871
v -0.585127 0.150685 0.005871
v -0.502935 -0.088063 0.162427
v -0.545988 0.142857 0.060665
v -0.545988 -0.091977 0.158513
v -0.518591 0.146771 0.060665
v -0.549902 0.142857 0.037182
v -0.295499 -0.080235 0.181996
v -0.487280 0.154599 0.060665
v -0.522505 0.146771 0.037182
v -0.142857 -0.099804 0.178082
v -0.115460 -0.084149 0.189824
v -0.115460 -0.084149 0.189824
v -0.115460 -0.084149 0.189824
v -0.017613 0.154599 0.099804
v -0.017613 0.154599 0.099804
v -0.017613 0.154599 0.099804
v -0.142857 -0.084149 0.189824
v -0.142857 -0.084149 0.189824
v -0.048924 0.158513 0.088063
v 0.354207 -0.095890 -0.213307
v 0.354207 -0.095890 -0.213307
v -0.084149 0.158513 0.088063
v 0.318982 -0.084149 -0.213307
v 0.346380 -0.080235 -0.217221
v -0.303327 0.158513 0.099804
v 0.369863 -0.084149 -0.225049
v 0.369863 -0.084149 -0.225049
v 0.369863 -0.084149 -0.225049
v 0.369863 -0.084149 -0.225049
v -0.330724 0.154599 0.095890
v 0.373777 -0.099804 -0.221135
v 0.373777 -0.099804 -0.221135
v 0.479452 0.150685 0.099804
v 0.479452 0.150685 0.099804
v 0.389432 -0.095890 -0.228963
v 0.389432 -0.095890 -0.228963
v 0.452055 0.158513 0.095890
v 0.452055 0.158513 0.095890
v 0.452055 0.158513 0.095890
v 0.452055 0.158513 0.095890
v 0.248532 -0.099804 -0.205479
v 0.091977 0.154599 0.123288
v 0.091977 0.154599 0.123288
v 0.244618 -0.084149 -0.209393
v 0.240705 0.154599 0.111546
v 0.170254 -0.099804 -0.197652
v 0.170254 -0.099804 -0.197652
v -0.452055 0.150685 -0.084149
v 0.162427 -0.088063 -0.205479
v 0.193738 -0.088063 -0.201566
v 0.193738 -0.088063 -0.201566
v -0.455969 0.158513 -0.060665
v -0.455969 0.158513 -0.060665
v -0.424658 0.158513 -0.060665
v -0.420744 0.150685 -0.088063
v -0.225049 -0.076321 -0.189824
v -0.389432 0.154599 -0.088063
v -0.197652 -0.080235 -0.189824
v 0.569472 0.146771 -0.056751
v 0.565558 0.154599 -0.033268
v -0.409002 -0.076321 -0.174168
v -0.409002 -0.076321 -0.174168
v -0.381605 -0.076321 -0.174168
v -0.381605 -0.076321 -0.174168
v -0.526419 0.154599 -0.017612
v -0.502935 -0.088063 -0.162427
v -0.522505 0.146771 -0.037182
v -0.495108 -0.072407 -0.170254
v -0.467710 -0.076321 -0.170254
v -0.467710 -0.076321 -0.170254
v -0.526419 0.154599 0.017613
v -0.553816 0.146771 0.017613
v -0.436399 -0.076321 -0.174168
v -0.436399 -0.076321 -0.174168
v 0.581213 0.150685 0.037182
v 0.866928 -0.095890 -0.029354
v 0.866928 -0.095890 -0.029354
v 0.866928 -0.095890 -0.029354
v 0.553816 0.158513 0.037182
v 0.545988 0.154599 0.060665
v 0.545988 0.154599 0.060665
v 0.863014 -0.088063 -0.037182
v 0.863014 -0.088063 -0.037182
v -0.452055 0.150685 0.084149
v 0.866928 -0.080235 -0.025440
v -0.424658 0.158513 0.060665
v -0.455969 0.158513 0.060665
v -0.455969 0.158513 0.060665
v 0.412916 0.162427 0.091977
v 0.412916 0.162427 0.091977
v -0.322896 -0.076321 0.178082
v -0.322896 -0.076321 0.178082
v 0.381605 0.162427 0.088063
v -0.350294 -0.076321 0.174168
v 0.350294 0.154599 0.107632
v 0.350294 0.154599 0.107632
v 0.205480 0.158513 -0.099804
v 0.236791 0.162427 -0.095890
v 0.240705 0.154599 -0.111546
v -0.225049 -0.091977 0.178082
v -0.225049 -0.091977 0.178082
v 0.268102 0.154599 -0.107632
v -0.197652 -0.080235 0.189824
v -0.225049 -0.076321 0.189824
v 0.138943 0.154599 -0.111546
v 0.138943 0.154599 -0.111546
v 0.088063 -0.091977 0.193738
v 0.103718 0.158513 -0.111546
v 0.127202 0.162427 -0.088063
v 0.264188 0.166340 -0.091976
v 0.193738 -0.088063 0.201566
v 0.193738 -0.088063 0.201566
v 0.295499 0.166340 -0.088063
v 0.045010 0.154599 -0.103718
v 0.632094 -0.091977 0.217221
v 0.045010 0.162427 -0.084149
v 0.636008 -0.068493 0.217221
v 0.452055 0.166340 -0.072407
v 0.604697 -0.060665 0.221135
v 0.483366 0.162427 -0.072407
v 0.483366 0.162427 -0.072407
v 0.385519 -0.084149 -0.228963
v -0.362035 0.154599 -0.091976
v -0.362035 0.154599 -0.091976
v 0.405088 -0.080235 -0.228963
v 0.405088 -0.080235 -0.228963
v -0.334638 0.162427 -0.084149
v -0.307241 0.162427 -0.080235
v 0.792564 -0.088063 -0.146771
v -0.272016 0.158513 -0.099804
v 0.776908 -0.080235 -0.158513
v -0.275930 0.162427 -0.080235
v -0.275930 0.162427 -0.080235
v 0.792564 -0.072407 -0.146771
v -0.244618 0.166340 -0.080235
v 0.804305 -0.080235 -0.138943
v -0.213307 0.166340 -0.076321
v -0.213307 0.154599 -0.091976
v -0.671233 -0.084149 -0.162427
v -0.181996 0.170254 -0.076321
v -0.655577 -0.080235 -0.162427
v -0.365949 0.162427 -0.064579
v -0.365949 0.162427 -0.064579
v -0.487280 0.154599 -0.060665
v -0.827789 -0.095890 -0.131115
v -0.491194 0.150685 -0.037182
v -0.491194 0.150685 -0.037182
v -0.800391 -0.084149 -0.142857
v 0.906067 0.158513 -0.009785
v 0.906067 0.158513 -0.009785
v -0.874755 -0.084149 -0.111546
v 0.906067 0.158513 -0.005871
v 0.906067 0.158513 -0.005871
v 0.906067 0.158513 -0.005871
v -0.851272 -0.080235 -0.127202
v -0.851272 -0.080235 -0.127202
v 0.906067 0.174168 -0.005871
v 0.906067 0.174168 -0.005871
v -0.800391 -0.084149 0.142857
v -0.827789 -0.095890 0.131115
v 0.913894 0.174168 -0.009785
v -0.827789 -0.084149 0.138943
v -0.851272 -0.080235 0.127202
v -0.851272 -0.080235 0.127202
v 0.902153 0.158513 -0.005871
v 0.902153 0.158513 -0.005871
v 0.906067 0.174168 -0.001957
v -0.694716 -0.091977 0.150685
v -0.694716 -0.091977 0.150685
v 0.902153 0.158513 -0.001957
v 0.902153 0.158513 -0.001957
v 0.902153 0.174168 -0.001957
v -0.671233 -0.084149 0.162427
v 0.902153 0.174168 0.001957
v -0.694716 -0.076321 0.158513
v -0.694716 -0.076321 0.158513
v 0.909980 0.174168 0.005871
v -0.722113 -0.076321 0.154599
v -0.722113 -0.076321 0.154599
v 0.906067 0.174168 0.005871
v -0.722113 -0.091977 0.146771
v 0.913894 0.158513 0.009785
v 0.913894 0.158513 0.009785
v -0.749511 -0.076321 0.150685
v 0.913894 0.174168 0.005871
v -0.526419 -0.080235 0.166340
v 0.589041 0.154599 0.013699
v -0.557730 -0.072407 0.166340
v -0.491194 0.150685 0.037182
v -0.491194 0.150685 0.037182
v -0.585127 -0.072407 0.162427
v -0.585127 -0.072407 0.162427
v -0.362035 0.154599 0.091977
v -0.362035 0.154599 0.091977
v -0.334638 0.162427 0.084149
v -0.365949 0.162427 0.064579
v -0.365949 0.162427 0.064579
v -0.389432 0.154599 0.088063
v 0.753425 -0.088063 0.181996
v 0.753425 -0.088063 0.181996
v -0.397260 0.158513 0.064579
v 0.780822 -0.072407 0.166340
v -0.244618 0.154599 0.095890
v -0.244618 0.154599 0.095890
v 0.757339 -0.068493 0.181996
v 0.757339 -0.068493 0.181996
v -0.213307 0.154599 0.091977
v -0.213307 0.166340 0.076321
v 0.405088 -0.095890 0.225049
v -0.244618 0.166340 0.080235
v -0.275930 0.162427 0.080235
v -0.275930 0.162427 0.080235
v -0.272016 0.158513 0.099804
v 0.424658 -0.084149 0.225049
v 0.424658 -0.084149 0.225049
v 0.405088 -0.080235 0.228963
v 0.405088 -0.080235 0.228963
v -0.181996 0.170254 0.076321
v 0.389432 -0.095890 0.228963
v 0.389432 -0.095890 0.228963
v 0.452055 0.166340 0.072407
v 0.452055 0.166340 0.072407
v 0.452055 0.166340 0.072407
v 0.385519 -0.084149 0.228963
v 0.385519 -0.084149 0.228963
v 0.420744 0.170254 0.068493
v 0.369863 -0.084149 0.225049
v 0.369863 -0.084149 0.225049
v 0.369863 -0.084149 0.225049
v 0.369863 -0.084149 0.225049
v 0.385519 0.170254 0.064579
v 0.178082 -0.076321 -0.209393
v 0.197652 -0.068493 -0.205479
v 0.013699 0.162427 0.084149
v 0.013699 0.162427 0.084149
v 0.221135 -0.084149 -0.205479
v 0.221135 -0.084149 -0.205479
v 0.221135 -0.084149 -0.205479
v -0.017613 0.166340 0.084149
v -0.017613 0.166340 0.084149
v -0.115460 0.158513 0.091977
v -0.115460 0.158513 0.091977
v 0.142857 -0.091976 -0.201566
v 0.142857 -0.091976 -0.201566
v 0.174168 0.154599 0.103718
v 0.174168 0.154599 0.103718
v 0.119374 -0.088063 -0.197652
v 0.119374 -0.088063 -0.197652
v 0.119374 -0.088063 -0.197652
v 0.135029 -0.076321 -0.205479
v 0.135029 -0.076321 -0.205479
v 0.205480 0.158513 0.099804
v 0.166340 0.166340 0.080235
v 0.166340 0.166340 0.080235
v 0.166340 0.166340 0.080235
v 0.154599 -0.080235 -0.213307
v 0.127202 0.162427 0.088063
v 0.127202 0.162427 0.088063
v 0.138943 0.154599 0.111546
v 0.064579 -0.072407 -0.201566
v 0.064579 -0.072407 -0.201566
v 0.088063 -0.072407 -0.197652
v 0.088063 -0.072407 -0.197652
v -0.268102 -0.072407 -0.189824
v 0.103718 0.158513 0.111546
v -0.937378 -0.084149 -0.017613
v 0.295499 0.154599 0.107632
v -0.937378 -0.080235 -0.025440
v 0.322896 0.154599 0.107632
v 0.322896 0.154599 0.107632
v 0.870842 -0.091977 0.005871
v 0.295499 0.166340 0.088063
v 0.268102 0.154599 0.107632
v 0.870842 -0.076321 -0.001957
v 0.870842 -0.076321 -0.001957
v 0.264188 0.166340 0.091977
v 0.870842 -0.080235 0.009785
v 0.236791 0.162427 0.095890
v 0.870842 -0.084149 0.021526
v 0.080235 0.162427 -0.095890
v -0.937378 -0.080235 0.025440
v -0.937378 -0.080235 0.025440
v -0.937378 -0.084149 0.017613
v -0.937378 -0.084149 0.017613
v 0.322896 0.154599 -0.107632
v 0.322896 0.154599 -0.107632
v 0.322896 0.162427 -0.088063
v 0.322896 0.162427 -0.088063
v 0.823875 -0.091977 0.131115
v 0.823875 -0.091977 0.131115
v 0.354207 0.162427 -0.088063
v 0.839530 -0.080235 0.111546
v 0.839530 -0.080235 0.111546
v 0.839530 -0.080235 0.111546
v 0.823875 -0.076321 0.131115
v 0.823875 -0.076321 0.131115
v 0.804305 -0.076321 0.150685
v -0.639922 -0.072407 0.162427
v -0.655577 -0.080235 0.162427
v -0.115460 0.158513 -0.091976
v -0.115460 0.158513 -0.091976
v 0.088063 -0.072407 0.197652
v -0.088063 0.166340 -0.068493
v 0.064579 -0.072407 0.201566
v 0.510763 0.158513 -0.064579
v 0.479452 0.166340 -0.045010
v 0.510763 0.162427 -0.041096
v 0.510763 0.162427 -0.041096
v 0.279843 -0.084149 -0.217221
v 0.295499 -0.072407 -0.217221
v -0.526419 0.158513 -0.005871
v -0.526419 0.158513 -0.005871
v 0.315068 -0.064579 -0.213307
v -0.499022 0.158513 -0.005871
v -0.499022 0.158513 -0.005871
v -0.495108 0.154599 -0.017612
v 0.221135 -0.064579 -0.209393
v 0.538160 0.158513 -0.037182
v 0.538160 0.158513 -0.037182
v 0.244618 -0.068493 -0.213307
v 0.244618 -0.068493 -0.213307
v 0.534247 0.162427 -0.013699
v 0.534247 0.162427 -0.013699
v 0.565558 0.158513 -0.009785
v 0.565558 0.158513 -0.009785
v 0.025440 -0.072407 -0.201566
v 0.045010 -0.076321 -0.201566
v 0.045010 -0.076321 -0.201566
v -0.060665 -0.084149 -0.189824
v -0.088063 -0.084149 -0.189824
v -0.557730 0.150685 0.005871
v -0.557730 0.150685 0.005871
v -0.056752 -0.068493 -0.193738
v -0.526419 0.158513 0.005871
v -0.526419 0.158513 0.005871
v -0.029354 -0.068493 -0.193738
v -0.459883 0.154599 0.037182
v 0.757339 -0.084149 -0.170254
v -0.463796 0.158513 0.017613
v -0.463796 0.158513 0.017613
v 0.753425 -0.068493 -0.170254
v -0.495108 0.154599 0.017613
v 0.772994 -0.064579 -0.158513
v 0.526419 0.162427 0.033268
v 0.526419 0.162427 0.033268
v -0.585127 -0.072407 -0.162427
v -0.585127 -0.072407 -0.162427
v 0.518591 0.158513 0.056752
v 0.518591 0.158513 0.056752
v -0.557730 -0.072407 -0.166341
v -0.526419 -0.080235 -0.166341
v 0.483366 0.158513 0.076321
v 0.859100 -0.084149 -0.048924
v 0.859100 -0.084149 -0.048924
v 0.487280 0.166340 0.052838
v 0.855186 -0.076321 -0.056752
v 0.863014 -0.068493 -0.041096
v -0.307241 0.162427 0.080235
v -0.060665 -0.084149 0.189824
v 0.354207 0.162427 0.088063
v 0.322896 0.162427 0.088063
v 0.322896 0.162427 0.088063
v -0.029354 -0.068493 0.193738
v 0.080235 0.162427 0.095890
v 0.080235 0.162427 0.095890
v 0.080235 0.162427 0.095890
v -0.056752 -0.068493 0.193738
v -0.088063 -0.084149 0.189824
v -0.150685 0.166340 -0.076321
v -0.150685 0.166340 -0.076321
v -0.001957 -0.084149 0.189824
v -0.001957 -0.084149 0.189824
v -0.119374 0.162427 -0.072407
v -0.119374 0.162427 -0.072407
v 0.025440 -0.072407 0.201566
v -0.459883 0.154599 -0.037182
v -0.001957 -0.068493 0.197652
v -0.001957 -0.068493 0.197652
v -0.463796 0.158513 -0.017612
v -0.463796 0.158513 -0.017612
v -0.428571 0.158513 -0.037182
v 0.244618 -0.084149 0.209393
v -0.467710 0.162427 -0.005871
v -0.467710 0.162427 -0.005871
v -0.467710 0.162427 -0.005871
v 0.264188 -0.084149 0.213307
v -0.436399 0.166340 -0.005871
v -0.436399 0.166340 -0.005871
v 0.244618 -0.068493 0.213307
v 0.244618 -0.068493 0.213307
v -0.432485 0.162427 -0.017612
v 0.221135 -0.084149 0.205480
v 0.221135 -0.084149 0.205480
v 0.221135 -0.084149 0.205480
v 0.557730 0.158513 0.013699
v 0.530333 0.166340 0.009785
v 0.530333 0.166340 0.009785
v 0.197652 -0.068493 0.205480
v 0.197652 -0.068493 0.205480
v 0.178082 -0.076321 0.209393
v 0.663405 -0.076321 0.209393
v -0.088063 0.166340 0.068493
v -0.119374 0.162427 0.072407
v 0.698630 -0.060665 0.201566
v 0.667319 -0.052838 0.209393
v -0.150685 0.166340 0.076321
v -0.150685 0.166340 0.076321
v 0.318982 -0.084149 0.213307
v 0.346380 -0.080235 0.217221
v 0.315068 -0.064579 0.213307
v 0.045010 0.174168 -0.060665
v 0.076321 0.174168 -0.064579
v 0.577299 -0.056752 0.225049
v 0.577299 -0.056752 0.225049
v 0.103718 0.166340 -0.080235
v 0.545988 -0.048924 0.225049
v 0.545988 -0.048924 0.225049
v 0.545988 -0.048924 0.225049
v 0.518591 -0.045010 0.225049
v 0.518591 -0.045010 0.225049
v 0.514677 -0.072407 0.225049
v 0.514677 -0.072407 0.225049
v 0.166340 0.166340 -0.080235
v 0.166340 0.166340 -0.080235
v 0.162427 0.174168 -0.056751
v 0.162427 0.174168 -0.056751
v 0.647750 -0.076321 -0.209393
v 0.647750 -0.076321 -0.209393
v 0.201566 0.166340 -0.076321
v 0.620352 -0.048924 -0.217221
v 0.620352 -0.048924 -0.217221
v -0.217221 0.170254 -0.056751
v 0.651663 -0.052838 -0.209393
v 0.651663 -0.052838 -0.209393
v -0.185910 0.174168 -0.056751
v 0.679061 -0.052838 -0.201566
v -0.154599 0.170254 -0.052838
v -0.170254 -0.080235 -0.189824
v -0.017613 0.166340 -0.084149
v -0.017613 0.166340 -0.084149
v -0.170254 -0.068493 -0.193738
v -0.037182 0.170254 -0.080235
v -0.142857 -0.068493 -0.197652
v -0.017613 0.178082 -0.072407
v -0.115460 -0.068493 -0.197652
v -0.115460 -0.068493 -0.197652
v 0.009785 0.170254 -0.068493
v 0.009785 0.170254 -0.068493
v 0.013699 0.162427 -0.084149
v 0.013699 0.162427 -0.084149
v 0.808219 -0.088063 -0.131115
v 0.816047 -0.076321 -0.127202
v -0.397260 0.158513 -0.064579
v 0.843444 -0.084149 -0.084149
v 0.843444 -0.084149 -0.084149
v -0.401174 0.162427 -0.037182
v -0.369863 0.166340 -0.037182
v 0.839530 -0.060665 -0.088063
v -0.338552 0.166340 -0.060665
v -0.338552 0.166340 -0.060665
v 0.847358 -0.072407 -0.080235
v 0.506849 0.170254 -0.017612
v 0.506849 0.170254 -0.017612
v 0.506849 0.170254 -0.017612
v 0.870842 -0.084149 -0.013699
v -0.499022 0.158513 0.005871
v -0.499022 0.158513 0.005871
v 0.870842 -0.068493 -0.021526
v 0.870842 -0.072407 -0.009785
v 0.870842 -0.072407 -0.009785
v -0.467710 0.162427 0.005871
v -0.467710 0.162427 0.005871
v -0.467710 0.162427 0.005871
v -0.428571 0.158513 0.037182
v 0.870842 -0.068493 0.021526
v -0.401174 0.162427 0.037182
v 0.866928 -0.084149 0.033268
v 0.870842 -0.072407 0.033268
v 0.866928 -0.088063 0.045010
v -0.405088 0.166340 0.017613
v -0.432485 0.162427 0.017613
v 0.866928 -0.076321 0.045010
v 0.863014 -0.076321 0.060665
v -0.170254 -0.080235 0.189824
v -0.170254 -0.080235 0.189824
v -0.142857 -0.068493 0.197652
v -0.170254 -0.068493 0.193738
v -0.154599 0.170254 0.052838
v -0.185910 0.174168 0.056752
v -0.217221 0.170254 0.056752
v -0.307241 0.166340 0.060665
v -0.115460 -0.068493 0.197652
v -0.115460 -0.068493 0.197652
v -0.338552 0.166340 0.060665
v -0.338552 0.166340 0.060665
v 0.365949 -0.072407 0.225049
v 0.365949 -0.072407 0.225049
v 0.045010 0.162427 0.084149
v 0.045010 0.162427 0.084149
v 0.045010 0.174168 0.060665
v 0.483366 -0.068493 0.225049
v 0.483366 -0.068493 0.225049
v 0.483366 -0.068493 0.225049
v 0.483366 -0.068493 0.225049
v 0.009785 0.170254 0.068493
v 0.009785 0.170254 0.068493
v 0.455969 -0.064579 0.225049
v 0.455969 -0.064579 0.225049
v 0.322896 0.170254 0.064579
v 0.322896 0.170254 0.064579
v 0.295499 0.170254 0.068493
v 0.385519 -0.072407 -0.228963
v 0.264188 0.170254 0.068493
v 0.397260 -0.064579 -0.225049
v 0.232877 0.170254 -0.072407
v 0.420744 -0.068493 -0.225049
v 0.228963 0.178082 -0.048924
v 0.264188 0.170254 -0.068493
v 0.530333 -0.068493 -0.225049
v 0.499022 -0.064579 -0.225049
v 0.499022 -0.064579 -0.225049
v 0.499022 -0.064579 -0.225049
v -0.060665 0.170254 -0.068493
v 0.534247 -0.041096 -0.225049
v -0.091977 0.170254 -0.048924
v 0.471624 -0.060665 -0.225049
v 0.471624 -0.060665 -0.225049
v -0.064579 0.174168 -0.048924
v 0.444227 -0.056751 -0.225049
v -0.041096 0.178082 -0.068493
v -0.405088 0.166340 -0.017612
v 0.589041 -0.072407 -0.221135
v -0.405088 0.170254 -0.005871
v -0.405088 0.170254 -0.005871
v 0.592955 -0.048924 -0.221135
v -0.373777 0.170254 -0.001957
v -0.373777 0.170254 -0.001957
v -0.373777 0.170254 -0.017612
v 0.264188 -0.084149 -0.213307
v 0.479452 0.174168 -0.021526
v 0.479452 0.174168 -0.021526
v 0.471624 0.178082 0.001957
v 0.471624 0.178082 0.001957
v 0.260274 -0.072407 -0.221135
v 0.260274 -0.072407 -0.221135
v 0.502935 0.170254 0.005871
v 0.275930 -0.072407 -0.221135
v 0.909980 0.174168 -0.009785
v 0.906067 0.189824 -0.009785
v 0.906067 0.189824 -0.009785
v 0.909980 0.189824 -0.009785
v 0.909980 0.189824 -0.009785
v 0.729941 -0.072407 -0.181996
v 0.913894 0.189824 -0.009785
v 0.913894 0.189824 -0.009785
v 0.913894 0.189824 -0.005871
v 0.913894 0.189824 -0.005871
v 0.706458 -0.052838 -0.189824
v 0.706458 -0.052838 -0.189824
v 0.917808 0.174168 -0.005871
v 0.729941 -0.052838 -0.181996
v 0.729941 -0.052838 -0.181996
v 0.902153 0.189824 -0.005871
v 0.902153 0.189824 -0.005871
v 0.906067 0.189824 -0.005871
v 0.906067 0.189824 -0.005871
v 0.906067 0.189824 -0.005871
v -0.350294 -0.076321 -0.174168
v -0.350294 -0.076321 -0.174168
v 0.917808 0.189824 -0.005871
v 0.917808 0.189824 -0.005871
v -0.377691 -0.060665 -0.181996
v -0.377691 -0.060665 -0.181996
v -0.350294 -0.060665 -0.181996
v -0.350294 -0.060665 -0.181996
v -0.350294 -0.060665 -0.181996
v 0.917808 0.189824 -0.001957
v 0.917808 0.189824 -0.001957
v 0.917808 0.174168 -0.001957
v -0.463796 -0.060665 -0.174168
v -0.463796 -0.060665 -0.174168
v -0.436399 -0.064579 -0.181996
v -0.772994 -0.080235 -0.146771
v 0.917808 0.189824 0.001957
v 0.917808 0.189824 0.001957
v -0.800391 -0.064579 -0.146771
v 0.917808 0.174168 0.001957
v -0.772994 -0.060665 -0.150685
v 0.906067 0.189824 0.009785
v 0.906067 0.189824 0.009785
v -0.749511 -0.056751 -0.154599
v 0.902153 0.189824 0.005871
v 0.902153 0.189824 0.005871
v 0.902153 0.189824 0.005871
v -0.749511 -0.076321 -0.150685
v -0.722113 -0.076321 -0.154599
v -0.722113 -0.076321 -0.154599
v 0.913894 0.189824 0.005871
v 0.913894 0.189824 0.005871
v 0.917808 0.174168 0.005871
v -0.722113 -0.056751 -0.158513
v -0.722113 -0.056751 -0.158513
v 0.909980 0.189824 0.009785
v 0.909980 0.189824 0.009785
v -0.694716 -0.060665 -0.162427
v -0.694716 -0.060665 -0.162427
v -0.694716 -0.076321 -0.158513
v -0.694716 -0.076321 -0.158513
v -0.436399 0.166340 0.005871
v -0.436399 0.166340 0.005871
v -0.405088 0.170254 0.005871
v -0.827789 -0.084149 -0.138943
v 0.495108 0.170254 0.029354
v -0.851272 -0.064579 -0.131115
v -0.851272 -0.064579 -0.131115
v 0.463796 0.174168 0.025440
v 0.463796 0.174168 0.025440
v -0.827789 -0.064579 -0.138943
v -0.827789 -0.064579 -0.138943
v 0.823875 -0.072407 -0.115460
v 0.823875 -0.072407 -0.115460
v -0.369863 0.166340 0.037182
v -0.037182 0.170254 0.080235
v 0.816047 -0.064579 -0.123288
v 0.816047 -0.064579 -0.123288
v 0.816047 -0.064579 -0.123288
v -0.060665 0.170254 0.068493
v 0.827789 -0.056751 -0.107632
v 0.827789 -0.056751 -0.107632
v 0.232877 0.170254 0.072407
v 0.228963 0.178082 0.048924
v -0.917808 -0.068493 -0.068493
v 0.201566 0.166340 0.076321
v -0.917808 -0.052838 -0.068493
v -0.917808 -0.052838 -0.068493
v 0.197652 0.178082 0.052838
v -0.906067 -0.056751 -0.088063
v -0.906067 -0.056751 -0.088063
v 0.162427 0.174168 0.056752
v 0.162427 0.174168 0.056752
v -0.886497 -0.072407 -0.107632
v 0.127202 0.174168 0.064579
v -0.941292 -0.088063 0.001957
v 0.103718 0.166340 0.080235
v 0.385519 0.170254 -0.064579
v -0.941292 -0.084149 0.005871
v 0.354207 0.170254 -0.064579
v -0.945205 -0.080235 0.001957
v -0.945205 -0.080235 0.001957
v 0.354207 0.178082 -0.041096
v -0.941292 -0.084149 -0.005871
v -0.941292 -0.084149 -0.005871
v 0.389432 0.174168 -0.045010
v -0.874755 -0.084149 0.111546
v 0.420744 0.174168 -0.045010
v 0.420744 0.170254 -0.068493
v -0.886497 -0.072407 0.107632
v 0.452055 0.170254 -0.048924
v 0.452055 0.170254 -0.048924
v -0.906067 -0.056752 0.088063
v -0.906067 -0.056752 0.088063
v -0.917808 -0.052838 0.068493
v -0.917808 -0.052838 0.068493
v -0.917808 -0.068493 0.068493
v -0.917808 -0.068493 0.068493
v 0.127202 0.174168 -0.064579
v -0.866928 -0.076321 0.119374
v 0.099804 0.178082 -0.064579
v -0.772994 -0.080235 0.146771
v -0.772994 -0.080235 0.146771
v 0.099804 0.185910 -0.048924
v -0.749511 -0.056752 0.154599
v -0.749511 -0.056752 0.154599
v 0.127202 0.181996 -0.045010
v -0.772994 -0.060665 0.150685
v -0.772994 -0.060665 0.150685
v -0.772994 -0.060665 0.150685
v -0.800391 -0.064579 0.146771
v 0.322896 0.170254 -0.064579
v 0.322896 0.170254 -0.064579
v -0.409002 -0.076321 0.174168
v -0.409002 -0.076321 0.174168
v 0.295499 0.170254 -0.068493
v 0.291585 0.174168 -0.045010
v -0.381605 -0.076321 0.174168
v 0.322896 0.174168 -0.041096
v 0.322896 0.174168 -0.041096
v -0.405088 -0.060665 0.178082
v -0.405088 -0.060665 0.178082
v -0.307241 0.166340 -0.060665
v -0.436399 -0.064579 0.181996
v -0.436399 -0.064579 0.181996
v -0.311155 0.174168 -0.037182
v -0.436399 -0.076321 0.174168
v -0.436399 -0.076321 0.174168
v -0.279843 0.170254 -0.056751
v -0.279843 0.170254 -0.056751
v -0.017613 0.178082 -0.052838
v -0.017613 0.178082 -0.052838
v -0.463796 -0.060665 0.174168
v -0.463796 -0.060665 0.174168
v 0.009785 0.174168 -0.052838
v 0.009785 0.174168 -0.052838
v -0.467710 -0.076321 0.170254
v -0.467710 -0.076321 0.170254
v -0.467710 -0.076321 0.170254
v -0.248532 0.170254 -0.056751
v -0.248532 0.170254 -0.056751
v -0.248532 0.174168 -0.033268
v -0.248532 0.174168 -0.033268
v -0.123288 0.170254 -0.052838
v -0.123288 0.170254 -0.052838
v -0.377691 -0.060665 0.181996
v -0.377691 -0.060665 0.181996
v -0.154599 0.174168 -0.033268
v -0.123288 0.174168 -0.029354
v -0.123288 0.174168 -0.029354
v -0.268102 -0.072407 0.189824
v -0.291585 -0.064579 0.189824
v 0.448141 0.178082 -0.021526
v -0.322896 -0.060665 0.185910
v -0.322896 -0.060665 0.185910
v -0.338552 0.170254 0.037182
v -0.338552 0.170254 0.037182
v 0.279843 -0.084149 0.217221
v -0.342466 0.174168 0.017613
v -0.342466 0.174168 0.017613
v -0.373777 0.170254 0.017613
v 0.295499 -0.072407 0.217221
v 0.275930 -0.072407 0.221135
v -0.091977 0.170254 0.048924
v -0.064579 0.174168 0.048924
v 0.463796 -0.037182 0.225049
v -0.064579 0.178082 0.029354
v -0.091977 0.174168 0.029354
v 0.432485 -0.060665 0.221135
v 0.432485 -0.060665 0.221135
v -0.123288 0.174168 0.029354
v -0.123288 0.174168 0.029354
v -0.248532 -0.076321 -0.189824
v -0.248532 -0.076321 -0.189824
v -0.248532 -0.076321 -0.189824
v -0.123288 0.170254 0.052838
v -0.123288 0.170254 0.052838
v -0.248532 -0.064579 -0.193738
v -0.248532 -0.064579 -0.193738
v -0.154599 0.174168 0.033268
v -0.225049 -0.064579 -0.197652
v -0.225049 -0.064579 -0.197652
v -0.671233 -0.072407 -0.166341
v -0.248532 0.170254 0.056752
v -0.248532 0.170254 0.056752
v -0.279843 0.170254 0.056752
v -0.279843 0.170254 0.056752
v -0.945205 -0.080235 -0.009785
v -0.945205 -0.076321 -0.013699
v 0.009785 0.174168 0.052838
v 0.009785 0.174168 0.052838
v -0.949119 -0.068493 -0.017613
v -0.017613 0.178082 0.052838
v -0.017613 0.178082 0.052838
v -0.937378 -0.072407 -0.029354
v -0.017613 0.178082 0.072407
v 0.354207 0.170254 0.064579
v -0.949119 -0.076321 -0.001957
v -0.949119 -0.076321 -0.001957
v -0.949119 -0.076321 -0.001957
v 0.354207 0.178082 0.041096
v 0.322896 0.174168 0.041096
v 0.322896 0.174168 0.041096
v 0.291585 0.174168 0.045010
v -0.945205 -0.080235 0.009785
v -0.945205 -0.080235 0.009785
v 0.420744 0.174168 0.045010
v -0.949119 -0.076321 0.001957
v -0.949119 -0.076321 0.001957
v 0.389432 0.174168 0.045010
v -0.937378 -0.072407 0.029354
v 0.076321 0.174168 0.064579
v -0.949119 -0.068493 0.017613
v 0.099804 0.178082 0.064579
v -0.945205 -0.076321 0.013699
v 0.099804 0.185910 0.048924
v 0.072407 0.181996 0.045010
v 0.855186 -0.076321 0.076321
v 0.855186 -0.076321 0.076321
v 0.045010 0.178082 0.041096
v 0.847358 -0.080235 0.091977
v 0.847358 -0.080235 0.091977
v 0.260274 0.178082 -0.048924
v 0.847358 -0.064579 0.091977
v 0.045010 0.178082 -0.041096
v 0.072407 0.181996 -0.045010
v 0.823875 -0.060665 0.127202
v 0.823875 -0.060665 0.127202
v 0.823875 -0.060665 0.127202
v 0.808219 -0.060665 0.146771
v 0.808219 -0.060665 0.146771
v 0.197652 0.178082 -0.052838
v 0.784736 -0.056752 0.162427
v 0.193738 0.181996 -0.029354
v 0.193738 0.181996 -0.029354
v 0.225049 0.181996 -0.025440
v 0.225049 0.181996 -0.025440
v -0.655577 -0.072407 0.166340
v -0.338552 0.170254 -0.037182
v -0.338552 0.170254 -0.037182
v -0.671233 -0.072407 0.166340
v -0.342466 0.174168 -0.017612
v -0.342466 0.174168 -0.017612
v -0.495108 -0.072407 0.170254
v -0.342466 0.174168 -0.001957
v -0.342466 0.174168 -0.001957
v -0.342466 0.174168 -0.001957
v -0.315068 0.181996 -0.001957
v -0.315068 0.181996 -0.001957
v -0.315068 0.181996 -0.001957
v -0.491194 -0.056752 0.174168
v -0.311155 0.178082 -0.017612
v -0.373777 0.170254 0.001957
v -0.342466 0.174168 0.001957
v -0.342466 0.174168 0.001957
v -0.514677 -0.068493 0.170254
v 0.455969 0.170254 0.048924
v 0.455969 0.170254 0.048924
v -0.248532 -0.076321 0.189824
v -0.248532 -0.076321 0.189824
v -0.311155 0.174168 0.037182
v -0.248532 -0.064579 0.193738
v -0.248532 -0.064579 0.193738
v -0.279843 0.174168 0.037182
v -0.260274 -0.052838 0.193738
v -0.260274 -0.052838 0.193738
v -0.283757 0.178082 0.017613
v -0.283757 0.178082 0.017613
v -0.311155 0.178082 0.017613
v -0.225049 -0.064579 0.197652
v -0.185910 0.178082 0.033268
v -0.217221 0.174168 0.033268
v 0.154599 -0.080235 0.213307
v 0.154599 -0.080235 0.213307
v -0.248532 0.174168 0.033268
v -0.248532 0.174168 0.033268
v 0.162427 -0.068493 0.213307
v 0.127202 0.181996 0.045010
v 0.142857 -0.060665 0.209393
v 0.142857 -0.060665 0.209393
v 0.135029 -0.076321 0.205480
v 0.135029 -0.076321 0.205480
v -0.041096 0.178082 0.068493
v 0.115460 -0.072407 0.201566
v -0.041096 0.178082 -0.052838
v 0.420744 -0.045010 -0.221135
v -0.279843 0.174168 -0.037182
v -0.283757 0.178082 -0.017612
v -0.283757 0.178082 -0.017612
v -0.217221 0.174168 -0.033268
v -0.217221 0.178082 -0.013699
v 0.142857 -0.060665 -0.209393
v 0.142857 -0.060665 -0.209393
v 0.162427 -0.068493 -0.213307
v -0.185910 0.181996 -0.013699
v 0.115460 -0.072407 -0.201566
v 0.115460 -0.072407 -0.201566
v 0.115460 -0.072407 -0.201566
v 0.115460 -0.072407 -0.201566
v 0.115460 -0.072407 -0.201566
v -0.185910 0.178082 -0.033268
v 0.091977 -0.052838 -0.201566
v 0.091977 -0.052838 -0.201566
v -0.091977 0.174168 -0.029354
v 0.119374 -0.056751 -0.201566
v -0.123288 0.181996 -0.009785
v -0.123288 0.181996 -0.009785
v -0.123288 0.181996 -0.009785
v -0.091977 0.181996 -0.009785
v -0.091977 0.181996 -0.009785
v 0.025440 -0.056751 -0.201566
v -0.064579 0.178082 -0.029354
v 0.048924 -0.064579 -0.201566
v -0.064579 0.181996 -0.009785
v -0.514677 -0.068493 -0.170254
v -0.041096 0.181996 -0.029354
v -0.534247 -0.068493 -0.170254
v -0.538160 -0.052838 -0.174168
v -0.514677 -0.052838 -0.174168
v 0.444227 0.185910 -0.001957
v 0.444227 0.185910 -0.001957
v 0.444227 0.185910 -0.001957
v 0.424658 0.181996 0.017613
v -0.491194 -0.056751 -0.174168
v -0.123288 0.181996 0.009785
v -0.123288 0.181996 0.009785
v -0.154599 0.185910 0.013699
v -0.639922 -0.072407 -0.162427
v -0.185910 0.181996 0.013699
v -0.655577 -0.072407 -0.166341
v -0.217221 0.178082 0.013699
v -0.663405 -0.056751 -0.166341
v -0.252446 0.178082 0.013699
v -0.639922 -0.052838 -0.166341
v -0.616438 -0.052838 -0.166341
v -0.612524 -0.072407 -0.162427
v -0.041096 0.178082 0.052838
v 0.322896 0.181996 0.021527
v 0.322896 0.181996 0.021527
v 0.291585 0.181996 0.021527
v 0.256360 0.181996 0.025440
v 0.260274 0.178082 0.048924
v 0.225049 0.181996 0.025440
v 0.013699 0.178082 -0.033268
v 0.013699 0.181996 -0.017612
v 0.013699 0.181996 -0.017612
v 0.013699 0.181996 -0.017612
v 0.045010 0.181996 -0.021526
v 0.045010 0.181996 -0.021526
v 0.072407 0.185910 -0.021526
v 0.072407 0.185910 -0.021526
v -0.589041 -0.052838 -0.170254
v -0.589041 -0.052838 -0.170254
v -0.561644 -0.052838 -0.170254
v 0.154599 0.181996 -0.029354
v 0.154599 0.181996 -0.029354
v 0.154599 0.181996 -0.029354
v 0.127202 0.181996 -0.025440
v 0.127202 0.181996 -0.025440
v 0.127202 0.185910 0.001957
v 0.127202 0.185910 0.001957
v 0.158513 0.181996 0.001957
v 0.158513 0.181996 0.001957
v 0.158513 0.181996 0.001957
v 0.851272 -0.068493 -0.064579
v 0.851272 -0.068493 -0.064579
v -0.013699 0.178082 -0.033268
v -0.013699 0.178082 -0.033268
v -0.013699 0.185910 -0.013699
v 0.847358 -0.056752 -0.072407
v 0.855186 -0.052838 -0.056752
v 0.855186 -0.052838 -0.056752
v 0.256360 0.181996 -0.025440
v 0.256360 0.181996 -0.025440
v 0.866928 -0.076321 -0.033268
v 0.256360 0.181996 0.001957
v 0.256360 0.181996 0.001957
v 0.287671 0.181996 0.001957
v 0.287671 0.181996 0.001957
v 0.291585 0.181996 -0.021526
v 0.291585 0.181996 -0.021526
v 0.291585 0.181996 -0.021526
v 0.863014 -0.056752 -0.037182
v 0.322896 0.181996 -0.021526
v 0.322896 0.181996 -0.021526
v 0.866928 -0.064579 -0.029354
v 0.322896 0.185910 0.001957
v 0.322896 0.185910 0.001957
v 0.322896 0.185910 0.001957
v 0.354207 0.181996 -0.021526
v 0.354207 0.181996 -0.021526
v -0.561644 -0.052838 0.170254
v 0.389432 0.181996 -0.021526
v 0.389432 0.181996 -0.021526
v -0.589041 -0.052838 0.170254
v -0.589041 -0.052838 0.170254
v 0.358121 0.181996 0.001957
v 0.358121 0.181996 0.001957
v -0.616438 -0.052838 0.166340
v 0.389432 0.181996 0.001957
v 0.389432 0.181996 0.001957
v -0.612524 -0.072407 0.162427
v 0.420744 0.181996 -0.021526
v 0.420744 0.181996 -0.001957
v 0.420744 0.181996 -0.001957
v -0.639922 -0.052838 0.166340
v -0.663405 -0.056752 0.166340
v -0.283757 0.181996 -0.001957
v -0.283757 0.181996 -0.001957
v -0.514677 -0.052838 0.174168
v -0.252446 0.178082 -0.001957
v -0.252446 0.178082 -0.001957
v -0.252446 0.178082 -0.001957
v -0.252446 0.178082 -0.001957
v -0.538160 -0.052838 0.174168
v -0.534247 -0.068493 0.170254
v -0.252446 0.178082 -0.013699
v 0.045010 -0.076321 0.201566
v -0.217221 0.181996 -0.001957
v -0.217221 0.181996 -0.001957
v 0.048924 -0.064579 0.201566
v -0.154599 0.185910 -0.013699
v 0.025440 -0.056752 0.201566
v 0.025440 -0.056752 0.201566
v 0.119374 -0.056752 0.201566
v 0.119374 -0.056752 0.201566
v 0.091977 -0.052838 0.201566
v 0.091977 -0.052838 0.201566
v -0.154599 0.189824 -0.001957
v -0.154599 0.189824 -0.001957
v -0.135029 0.185910 -0.001957
v -0.135029 0.185910 -0.001957
v -0.135029 0.185910 -0.001957
v 0.346380 -0.060665 0.217221
v 0.346380 -0.060665 0.217221
v 0.307241 -0.045010 0.213307
v -0.315068 0.181996 0.001957
v 0.902153 0.189824 -0.001957
v 0.902153 0.189824 -0.001957
v 0.639922 -0.045010 0.213307
v 0.902153 0.189824 0.001957
v 0.902153 0.189824 0.001957
v 0.608611 -0.037182 0.217221
v 0.898239 0.205480 0.001957
v 0.898239 0.205480 -0.001957
v 0.581213 -0.029354 0.221135
v 0.581213 -0.029354 0.221135
v 0.906067 0.205480 0.009785
v 0.365949 -0.072407 -0.225049
v 0.365949 -0.072407 -0.225049
v 0.902153 0.205480 0.009785
v 0.902153 0.205480 0.005871
v 0.902153 0.205480 0.005871
v 0.346380 -0.060665 -0.217221
v 0.346380 -0.060665 -0.217221
v 0.377691 -0.056751 -0.221135
v 0.913894 0.205480 0.005871
v 0.909980 0.205480 0.009785
v 0.275930 -0.060665 -0.221135
v 0.275930 -0.060665 -0.221135
v -0.283757 0.181996 0.001957
v -0.283757 0.181996 0.001957
v 0.291585 -0.060665 -0.217221
v -0.091977 0.181996 0.009785
v 0.307241 -0.045010 -0.213307
v 0.307241 -0.045010 -0.213307
v -0.135029 0.185910 0.001957
v -0.142857 -0.056751 -0.201566
v -0.142857 -0.056751 -0.201566
v -0.142857 -0.056751 -0.201566
v -0.041096 0.181996 0.029354
v -0.064579 0.181996 0.009785
v -0.115460 -0.056751 -0.201566
v -0.154599 0.189824 0.001957
v -0.185910 0.185910 0.001957
v -0.217221 0.181996 0.001957
v -0.088063 -0.068493 -0.197652
v 0.389432 0.181996 0.021527
v 0.354207 0.181996 0.021527
v -0.088063 -0.052838 -0.197652
v -0.056752 -0.048924 -0.197652
v -0.013699 0.178082 0.033268
v -0.013699 0.178082 0.033268
v -0.029354 -0.048924 -0.197652
v -0.041096 0.189824 0.009785
v -0.001957 -0.068493 -0.197652
v -0.001957 -0.068493 -0.197652
v 0.072407 0.185910 0.021527
v 0.045010 0.181996 0.021527
v 0.001957 -0.052838 -0.197652
v 0.001957 -0.052838 -0.197652
v 0.013699 0.181996 0.017613
v 0.013699 0.181996 0.017613
v 0.013699 0.178082 0.033268
v -0.013699 0.185910 0.013699
v -0.866928 -0.076321 -0.119374
v 0.193738 0.181996 0.029354
v -0.870842 -0.064579 -0.119374
v 0.193738 0.181996 0.001957
v 0.193738 0.181996 0.001957
v 0.154599 0.181996 0.029354
v 0.154599 0.181996 0.029354
v -0.929550 -0.064579 -0.048924
v 0.127202 0.181996 0.025440
v -0.937378 -0.064579 -0.033268
v -0.252446 0.178082 0.001957
v -0.252446 0.178082 0.001957
v -0.937378 -0.056752 -0.037182
v 0.099804 0.185910 -0.025440
v 0.099804 0.185910 -0.025440
v -0.929550 -0.052838 -0.052838
v 0.072407 0.185910 0.001957
v 0.072407 0.185910 0.001957
v 0.099804 0.185910 0.001957
v 0.099804 0.185910 0.001957
v -0.949119 -0.060665 -0.021526
v -0.041096 0.189824 -0.009785
v -0.041096 0.189824 -0.009785
v -0.929550 -0.064579 0.048924
v -0.064579 0.185910 -0.001957
v -0.064579 0.185910 -0.001957
v -0.937378 -0.064579 0.033268
v -0.041096 0.189824 -0.001957
v -0.041096 0.189824 -0.001957
v 0.225049 0.181996 0.001957
v -0.929550 -0.052838 0.052838
v 0.099804 0.185910 0.025440
v -0.937378 -0.056752 0.037182
v 0.013699 0.185910 0.001957
v 0.013699 0.185910 0.001957
v -0.827789 -0.064579 0.138943
v -0.827789 -0.064579 0.138943
v -0.013699 0.189824 -0.001957
v -0.013699 0.189824 -0.001957
v -0.013699 0.189824 -0.001957
v -0.851272 -0.064579 0.131115
v -0.851272 -0.064579 0.131115
v 0.045010 0.185910 0.001957
v 0.045010 0.185910 0.001957
v -0.694716 -0.060665 0.162427
v -0.694716 -0.060665 0.162427
v -0.088063 -0.068493 0.197652
v -0.115460 -0.056752 0.201566
v -0.115460 -0.056752 0.201566
v -0.142857 -0.056752 0.201566
v -0.185910 0.185910 -0.001957
v -0.185910 0.185910 -0.001957
v -0.056752 -0.048924 0.197652
v -0.088063 -0.052838 0.197652
v 0.726027 -0.064579 0.193738
v 0.729941 -0.045010 0.189824
v 0.702544 -0.037182 0.197652
v 0.902153 0.205480 -0.005871
v 0.221135 -0.064579 0.209393
v 0.221135 -0.064579 0.209393
v 0.248532 -0.048924 0.213307
v 0.248532 -0.048924 0.213307
v 0.902153 0.221135 -0.005871
v 0.902153 0.221135 -0.005871
v 0.902153 0.221135 -0.005871
v 0.221135 -0.045010 0.213307
v 0.902153 0.221135 -0.009785
v 0.902153 0.221135 -0.009785
v 0.906067 0.221135 -0.009785
v 0.906067 0.221135 -0.009785
v 0.193738 -0.048924 0.209393
v 0.906067 0.205480 -0.009785
v 0.260274 -0.072407 0.221135
v 0.275930 -0.060665 0.221135
v 0.264188 -0.056752 0.217221
v 0.264188 -0.056752 0.217221
v 0.412916 -0.068493 0.225049
v 0.412916 -0.068493 0.225049
v 0.909980 0.221135 -0.009785
v 0.909980 0.221135 -0.009785
v 0.909980 0.221135 -0.009785
v 0.909980 0.205480 -0.009785
v 0.409002 -0.048924 0.221135
v 0.913894 0.221135 -0.009785
v 0.913894 0.221135 -0.009785
v 0.397260 -0.064579 0.225049
v 0.913894 0.205480 -0.009785
v 0.385519 -0.072407 0.228963
v 0.913894 0.205480 -0.005871
v 0.377691 -0.056752 0.221135
v 0.917808 0.221135 -0.005871
v 0.917808 0.221135 -0.005871
v -0.228963 -0.052838 -0.197652
v -0.228963 -0.052838 -0.197652
v -0.228963 -0.052838 -0.197652
v 0.917808 0.205480 -0.005871
v -0.197652 -0.064579 -0.197652
v -0.197652 -0.064579 -0.197652
v -0.201566 -0.052838 -0.197652
v -0.174168 -0.052838 -0.197652
v -0.174168 -0.052838 -0.197652
v 0.917808 0.221135 -0.001957
v 0.917808 0.221135 -0.001957
v -0.322896 -0.060665 -0.185910
v -0.322896 -0.060665 -0.185910
v 0.917808 0.205480 -0.001957
v 0.917808 0.221135 0.001957
v 0.917808 0.221135 0.001957
v 0.917808 0.221135 0.001957
v 0.917808 0.205480 0.001957
v -0.318982 -0.045010 -0.189824
v -0.318982 -0.045010 -0.189824
v -0.291585 -0.045010 -0.189824
v -0.291585 -0.045010 -0.189824
v -0.291585 -0.045010 -0.189824
v -0.291585 -0.064579 -0.189824
v -0.291585 -0.064579 -0.189824
v 0.902153 0.221135 0.005871
v 0.902153 0.221135 0.005871
v 0.902153 0.221135 0.005871
v 0.902153 0.221135 0.005871
v -0.260274 -0.052838 -0.193738
v -0.260274 -0.052838 -0.193738
v 0.902153 0.221135 0.001957
v 0.902153 0.221135 0.001957
v 0.792564 -0.060665 -0.146771
v 0.917808 0.221135 0.005871
v 0.917808 0.221135 0.005871
v 0.792564 -0.045010 -0.142857
v 0.792564 -0.045010 -0.142857
v 0.804305 -0.048924 -0.131115
v 0.804305 -0.048924 -0.131115
v 0.913894 0.221135 0.009785
v 0.913894 0.221135 0.009785
v 0.808219 -0.060665 -0.131115
v 0.909980 0.221135 0.009785
v 0.909980 0.221135 0.009785
v 0.804305 -0.072407 -0.135029
v 0.906067 0.221135 0.009785
v 0.906067 0.221135 0.009785
v 0.902153 0.221135 -0.001957
v 0.902153 0.221135 -0.001957
v 0.902153 0.221135 -0.001957
v 0.902153 0.240705 0.001957
v 0.902153 0.240705 0.001957
v 0.902153 0.240705 0.001957
v 0.831703 -0.068493 -0.099804
v 0.831703 -0.068493 -0.099804
v 0.902153 0.240705 -0.001957
v 0.902153 0.240705 -0.001957
v 0.902153 0.240705 -0.001957
v 0.902153 0.240705 -0.005871
v 0.902153 0.240705 -0.005871
v 0.902153 0.240705 -0.005871
v 0.827789 -0.045010 -0.103718
v 0.913894 0.221135 0.005871
v 0.913894 0.221135 0.005871
v 0.835616 -0.052838 -0.095890
v 0.921722 0.232877 0.005871
v 0.921722 0.232877 0.005871
v 0.917808 0.232877 0.009785
v 0.917808 0.232877 0.009785
v -0.949119 -0.072407 0.005871
v 0.902153 0.221135 0.009785
v 0.902153 0.221135 0.009785
v -0.949119 -0.072407 -0.005871
v -0.949119 -0.072407 -0.005871
v 0.909980 0.236791 0.009785
v 0.909980 0.236791 0.009785
v 0.909980 0.236791 0.009785
v 0.906067 0.236791 0.009785
v 0.906067 0.236791 0.009785
v 0.906067 0.236791 0.009785
v -0.949119 -0.064579 0.005871
v 0.906067 0.236791 -0.009785
v 0.906067 0.236791 -0.009785
v 0.906067 0.236791 -0.009785
v 0.906067 0.236791 -0.009785
v 0.909980 0.252446 -0.009785
v 0.909980 0.252446 -0.009785
v 0.909980 0.252446 -0.009785
v 0.874755 -0.064579 0.001957
v 0.913894 0.252446 -0.013699
v 0.870842 -0.060665 -0.009785
v 0.870842 -0.060665 -0.009785
v 0.917808 0.248532 -0.017612
v 0.917808 0.248532 -0.017612
v 0.917808 0.248532 -0.017612
v 0.874755 -0.052838 0.001957
v 0.874755 -0.052838 0.001957
v 0.874755 -0.068493 0.009785
v 0.909980 0.236791 -0.013699
v 0.909980 0.236791 -0.013699
v 0.909980 0.236791 -0.013699
v 0.874755 -0.056752 0.009785
v 0.874755 -0.056752 0.009785
v 0.921722 0.248532 -0.017612
v 0.921722 0.248532 -0.017612
v 0.870842 -0.056752 0.021526
v 0.913894 0.236791 -0.013699
v 0.913894 0.236791 -0.013699
v 0.839530 -0.064579 0.107632
v 0.839530 -0.064579 0.107632
v 0.925636 0.244618 -0.013699
v 0.925636 0.244618 -0.013699
v 0.847358 -0.052838 0.088063
v 0.917808 0.232877 -0.013699
v 0.835616 -0.048924 0.103718
v 0.835616 -0.048924 0.103718
v 0.921722 0.232877 -0.009785
v 0.921722 0.232877 -0.009785
v 0.929550 0.244618 -0.009785
v 0.823875 -0.048924 0.123288
v 0.823875 -0.048924 0.123288
v 0.929550 0.244618 -0.005871
v 0.929550 0.244618 -0.005871
v 0.921722 0.232877 -0.005871
v 0.921722 0.232877 -0.005871
v -0.851272 -0.048924 0.131115
v -0.851272 -0.048924 0.131115
v -0.851272 -0.048924 0.131115
v -0.851272 -0.048924 0.131115
v -0.870842 -0.064579 0.119374
v 0.921722 0.232877 -0.001957
v 0.921722 0.232877 -0.001957
v 0.929550 0.244618 -0.001957
v 0.929550 0.244618 -0.001957
v 0.929550 0.244618 -0.001957
v 0.929550 0.244618 0.001957
v 0.929550 0.244618 0.001957
v 0.921722 0.232877 0.001957
v 0.921722 0.232877 0.001957
v 0.921722 0.232877 0.001957
v -0.197652 -0.064579 0.197652
v 0.906067 0.240705 0.005871
v 0.906067 0.240705 0.005871
v 0.906067 0.240705 0.005871
v -0.174168 -0.052838 0.197652
v 0.913894 0.252446 0.005871
v 0.913894 0.252446 0.005871
v 0.913894 0.252446 0.005871
v -0.201566 -0.052838 0.197652
v 0.909980 0.256360 0.001957
v 0.909980 0.256360 0.001957
v 0.909980 0.256360 0.001957
v 0.909980 0.256360 0.001957
v -0.228963 -0.052838 0.197652
v -0.228963 -0.052838 0.197652
v 0.929550 0.244618 0.005871
v 0.929550 0.244618 0.005871
v 0.358121 -0.045010 0.217221
v 0.358121 -0.045010 0.217221
v 0.330724 -0.041096 0.221135
v 0.913894 0.236791 0.009785
v 0.913894 0.236791 0.009785
v 0.913894 0.236791 0.009785
v 0.917808 0.236791 0.009785
v 0.917808 0.236791 0.009785
v 0.193738 -0.048924 -0.209393
v 0.921722 0.248532 0.013699
v 0.921722 0.248532 0.013699
v 0.166340 -0.045010 -0.205479
v 0.917808 0.252446 0.013699
v 0.917808 0.252446 0.013699
v 0.917808 0.252446 0.013699
v 0.221135 -0.045010 -0.213307
v 0.925636 0.248532 0.009785
v 0.925636 0.248532 0.009785
v 0.925636 0.248532 0.009785
v 0.937378 0.252446 -0.013699
v 0.937378 0.252446 -0.013699
v -0.405088 -0.060665 -0.178082
v 0.937378 0.252446 -0.009785
v 0.937378 0.252446 -0.009785
v -0.405088 -0.045010 -0.181996
v 0.925636 0.244618 0.009785
v 0.925636 0.244618 0.009785
v -0.377691 -0.045010 -0.185910
v 0.937378 0.256360 0.005871
v 0.937378 0.256360 0.005871
v 0.937378 0.256360 0.009785
v 0.937378 0.256360 0.009785
v 0.937378 0.256360 0.009785
v 0.913894 0.252446 0.009785
v 0.913894 0.252446 0.009785
v -0.432485 -0.045010 -0.181996
v 0.925636 0.264188 0.013699
v 0.925636 0.264188 0.013699
v 0.925636 0.264188 0.013699
v 0.925636 0.264188 0.009785
v 0.925636 0.264188 0.009785
v 0.816047 -0.052838 -0.119374
v 0.816047 -0.052838 -0.119374
v 0.859100 -0.060665 -0.048924
v 0.909980 0.256360 -0.005871
v 0.909980 0.256360 -0.005871
v 0.855186 -0.045010 -0.052838
v 0.855186 -0.045010 -0.052838
v 0.855186 -0.045010 -0.052838
v 0.859100 -0.048924 -0.045010
v 0.859100 -0.048924 -0.045010
v 0.909980 0.256360 -0.001957
v 0.909980 0.256360 -0.001957
v 0.917808 0.268102 -0.001957
v 0.917808 0.268102 -0.001957
v 0.917808 0.268102 -0.001957
v -0.949119 -0.064579 -0.005871
v -0.949119 -0.064579 -0.005871
v 0.917808 0.268102 -0.009785
v 0.917808 0.268102 -0.009785
v -0.949119 -0.056752 -0.005871
v -0.949119 -0.056752 -0.005871
v 0.921722 0.268102 0.001957
v 0.921722 0.268102 0.001957
v 0.870842 -0.060665 0.033268
v 0.870842 -0.048924 0.029354
v 0.870842 -0.048924 0.029354
v 0.929550 0.260274 -0.017612
v 0.929550 0.260274 -0.017612
v 0.866928 -0.060665 0.045010
v 0.925636 0.260274 -0.017612
v 0.925636 0.260274 -0.017612
v 0.863014 -0.064579 0.056752
v 0.863014 -0.064579 0.056752
v 0.937378 0.268102 -0.021526
v 0.937378 0.268102 -0.021526
v 0.859100 -0.052838 0.056752
v 0.859100 -0.052838 0.056752
v 0.855186 -0.064579 0.072407
v 0.855186 -0.064579 0.072407
v 0.937378 0.264188 -0.021526
v 0.937378 0.264188 -0.021526
v 0.929550 0.256360 -0.017612
v 0.929550 0.256360 -0.017612
v 0.855186 -0.052838 0.072407
v 0.933464 0.256360 -0.013699
v 0.933464 0.256360 -0.013699
v -0.874755 -0.048924 0.119374
v 0.941292 0.264188 -0.017612
v 0.941292 0.264188 -0.017612
v -0.890411 -0.052838 0.103718
v 0.945205 0.260274 -0.013699
v 0.945205 0.260274 -0.013699
v -0.722113 -0.056752 0.158513
v -0.722113 -0.056752 0.158513
v -0.722113 -0.056752 0.158513
v -0.350294 -0.060665 0.181996
v -0.350294 -0.060665 0.181996
v 0.937378 0.252446 -0.001957
v 0.937378 0.252446 -0.001957
v 0.937378 0.252446 -0.001957
v 0.937378 0.252446 -0.001957
v -0.318982 -0.045010 0.189824
v -0.318982 -0.045010 0.189824
v -0.318982 -0.045010 0.189824
v -0.318982 -0.045010 0.189824
v 0.945205 0.260274 -0.005871
v 0.945205 0.260274 -0.005871
v 0.945205 0.260274 -0.005871
v -0.350294 -0.045010 0.185910
v -0.350294 -0.045010 0.185910
v 0.945205 0.264188 -0.001957
v 0.937378 0.252446 0.001957
v 0.937378 0.252446 0.001957
v 0.213307 -0.029354 0.213307
v 0.945205 0.264188 0.005871
v 0.166340 -0.045010 0.205480
v 0.921722 0.264188 -0.017612
v 0.921722 0.264188 -0.017612
v 0.921722 0.264188 -0.017612
v 0.921722 0.264188 -0.013699
v 0.921722 0.264188 -0.013699
v 0.921722 0.264188 -0.013699
v 0.358121 -0.045010 -0.217221
v 0.929550 0.272016 -0.017612
v 0.929550 0.272016 -0.017612
v 0.933464 0.268102 -0.021526
v 0.933464 0.268102 -0.021526
v 0.369863 -0.029354 -0.217221
v 0.933464 0.260274 0.009785
v 0.933464 0.260274 0.009785
v 0.264188 -0.056751 -0.217221
v 0.264188 -0.056751 -0.217221
v 0.941292 0.268102 0.009785
v 0.941292 0.268102 0.009785
v 0.937378 0.272016 0.009785
v 0.937378 0.272016 0.009785
v 0.248532 -0.048924 -0.213307
v 0.929550 0.260274 0.013699
v 0.929550 0.260274 0.013699
v 0.933464 0.272016 0.009785
v 0.933464 0.272016 0.009785
v 0.330724 -0.041096 -0.221135
v 0.330724 -0.041096 -0.221135
v 0.330724 -0.041096 -0.221135
v 0.060665 -0.048924 -0.201566
v 0.929550 0.275930 -0.013699
v 0.929550 0.275930 -0.013699
v 0.945205 0.260274 -0.009785
v 0.945205 0.260274 -0.009785
v 0.068493 -0.025440 -0.201566
v 0.068493 -0.025440 -0.201566
v 0.949119 0.268102 -0.017612
v 0.949119 0.268102 -0.013699
v -0.890411 -0.052838 -0.103718
v 0.921722 0.268102 0.005871
v 0.921722 0.268102 0.005871
v 0.921722 0.268102 0.005871
v 0.929550 0.275930 0.001957
v 0.929550 0.275930 0.001957
v 0.929550 0.275930 0.001957
v 0.929550 0.275930 -0.001957
v -0.874755 -0.048924 -0.119374
v 0.941292 0.272016 -0.021526
v 0.941292 0.272016 -0.021526
v 0.843444 -0.048924 -0.080235
v 0.945205 0.272016 -0.021526
v 0.945205 0.272016 -0.021526
v 0.945205 0.264188 0.009785
v 0.945205 0.264188 0.009785
v 0.949119 0.268102 0.001957
v 0.949119 0.272016 0.005871
v 0.937378 0.279843 -0.021526
v 0.937378 0.279843 -0.021526
v 0.937378 0.279843 -0.021526
v 0.941292 0.275930 -0.021526
v 0.941292 0.275930 -0.021526
v 0.941292 0.275930 -0.021526
v 0.945205 0.268102 -0.021526
v 0.945205 0.268102 -0.021526
v 0.870842 -0.056752 -0.017613
v 0.949119 0.272016 -0.017612
v 0.949119 0.268102 -0.005871
v 0.949119 0.268102 -0.005871
v 0.870842 -0.052838 -0.025440
v 0.870842 -0.052838 -0.025440
v 0.874755 -0.048924 -0.013699
v 0.874755 -0.048924 -0.013699
v 0.953033 0.272016 -0.009785
v 0.953033 0.272016 -0.009785
v 0.953033 0.272016 -0.009785
v 0.949119 0.268102 -0.001957
v 0.949119 0.268102 -0.001957
v -0.949119 -0.060665 0.021526
v -0.945205 -0.048924 0.021526
v 0.949119 0.275930 -0.001957
v 0.949119 0.275930 -0.001957
v -0.949119 -0.056752 0.005871
v -0.949119 -0.056752 0.005871
v 0.949119 0.275930 0.001957
v -0.894325 -0.037182 0.103718
v 0.933464 0.275930 0.005871
v 0.933464 0.275930 0.005871
v 0.757339 -0.048924 0.178082
v 0.757339 -0.048924 0.178082
v 0.941292 0.275930 0.009785
v 0.784736 -0.037182 0.158513
v 0.784736 -0.037182 0.158513
v 0.784736 -0.037182 0.158513
v 0.784736 -0.037182 0.158513
v 0.761252 -0.033268 0.174168
v 0.761252 -0.033268 0.174168
v 0.761252 -0.033268 0.174168
v 0.937378 0.279843 0.005871
v 0.060665 -0.048924 0.201566
v 0.060665 -0.048924 0.201566
v 0.937378 0.279843 0.001957
v 0.033268 -0.037182 0.201566
v 0.941292 0.279843 -0.021526
v 0.941292 0.279843 -0.021526
v 0.945205 0.279843 -0.021526
v 0.945205 0.279843 -0.021526
v 0.945205 0.279843 -0.021526
v 0.945205 0.275930 -0.021526
v 0.945205 0.275930 -0.021526
v 0.001957 -0.052838 0.197652
v 0.001957 -0.052838 0.197652
v 0.001957 -0.052838 0.197652
v -0.029354 -0.048924 0.197652
v 0.953033 0.272016 -0.013699
v 0.953033 0.272016 -0.013699
v 0.291585 -0.060665 0.217221
v 0.949119 0.275930 -0.013699
v 0.949119 0.275930 -0.013699
v 0.929550 0.275930 -0.009785
v 0.929550 0.275930 -0.009785
v 0.279843 -0.041096 0.213307
v 0.279843 -0.041096 0.213307
v 0.279843 -0.041096 0.213307
v 0.929550 0.275930 -0.005871
v 0.929550 0.275930 -0.005871
v 0.929550 0.275930 -0.005871
v 0.937378 0.283757 -0.005871
v 0.937378 0.283757 -0.005871
v 0.937378 0.283757 -0.005871
v 0.937378 0.283757 -0.013699
v 0.491194 -0.041096 0.228963
v 0.491194 -0.041096 0.228963
v 0.937378 0.283757 -0.001957
v 0.937378 0.283757 -0.001957
v 0.561644 -0.045010 -0.225049
v 0.945205 0.279843 0.001957
v 0.565558 -0.021526 -0.221135
v 0.949119 0.275930 0.005871
v 0.592955 -0.025440 -0.217221
v 0.945205 0.272016 0.005871
v 0.949119 0.279843 -0.017612
v 0.949119 0.279843 -0.017612
v 0.949119 0.275930 -0.021526
v -0.174168 -0.037182 -0.197652
v 0.937378 0.279843 -0.017612
v 0.937378 0.279843 -0.017612
v 0.941292 0.283757 -0.017612
v 0.753425 -0.048924 -0.170254
v 0.949119 0.275930 -0.009785
v 0.945205 0.279843 -0.013699
v 0.772994 -0.048924 -0.158513
v 0.945205 0.279843 -0.009785
v 0.949119 0.279843 -0.005871
v 0.949119 0.279843 -0.005871
v -0.933464 -0.045010 -0.045010
v -0.921722 -0.041096 -0.064579
v 0.945205 0.279843 -0.005871
v 0.945205 0.279843 -0.005871
v 0.945205 0.279843 -0.005871
v -0.949119 -0.048924 -0.009785
v -0.949119 -0.048924 -0.009785
v -0.945205 -0.048924 -0.021526
v 0.941292 0.283757 -0.013699
v 0.941292 0.279843 0.001957
v 0.941292 0.283757 -0.001957
v -0.174168 -0.037182 0.197652
v -0.025440 -0.029354 0.197652
v 0.941292 0.283757 -0.005871
v 0.941292 0.283757 -0.005871
v 0.945205 0.279843 0.005871
v 0.146771 -0.041096 0.205480
v 0.945205 0.279843 -0.001957
v 0.256360 -0.033268 0.213307
v 0.643836 -0.021526 0.209393
v 0.643836 -0.021526 0.209393
v 0.502935 -0.041096 -0.228963
v 0.502935 -0.041096 -0.228963
v 0.506849 -0.017612 -0.225049
v 0.506849 -0.017612 -0.225049
v 0.506849 -0.017612 -0.225049
v 0.506849 -0.017612 -0.225049
v -0.405088 -0.025440 -0.181996
v 0.788650 -0.033268 -0.138943
v 0.788650 -0.033268 -0.138943
v -0.800391 -0.045010 -0.146771
v -0.827789 -0.045010 -0.138943
v -0.804305 -0.025440 -0.150685
v -0.804305 -0.025440 -0.150685
v -0.851272 -0.048924 -0.131115
v -0.851272 -0.048924 -0.131115
v -0.941292 -0.037182 -0.029354
v 0.866928 -0.045010 -0.029354
v 0.866928 -0.045010 -0.029354
v -0.949119 -0.048924 0.009785
v -0.949119 -0.048924 0.009785
v -0.800391 -0.045010 0.146771
v -0.800391 -0.045010 0.146771
v -0.804305 -0.025440 0.150685
v -0.827789 -0.045010 0.138943
v -0.827789 -0.045010 0.138943
v -0.827789 -0.045010 0.138943
v -0.405088 -0.045010 0.181996
v -0.377691 -0.045010 0.185910
v -0.432485 -0.045010 0.181996
v -0.291585 -0.045010 0.189824
v -0.291585 -0.045010 0.189824
v -0.260274 -0.033268 0.189824
v -0.260274 -0.033268 0.189824
v -0.260274 -0.033268 0.189824
v 0.389432 -0.037182 0.221135
v 0.420744 -0.025440 0.225049
v 0.369863 -0.029354 0.217221
v -0.350294 -0.045010 -0.185910
v -0.350294 -0.045010 -0.185910
v -0.694716 -0.037182 -0.162427
v -0.694716 -0.037182 -0.162427
v -0.694716 -0.037182 -0.162427
v -0.667319 -0.037182 -0.166341
v -0.667319 -0.037182 -0.166341
v -0.643836 -0.033268 -0.166341
v -0.643836 -0.033268 -0.166341
v -0.749511 -0.037182 -0.158513
v 0.874755 -0.052838 -0.005871
v 0.874755 -0.052838 -0.005871
v 0.874755 -0.052838 -0.005871
v 0.874755 -0.052838 -0.005871
v 0.878669 -0.045010 0.001957
v 0.878669 -0.045010 0.001957
v 0.878669 -0.045010 0.001957
v 0.866928 -0.048924 0.041096
v 0.866928 -0.048924 0.041096
v 0.866928 -0.048924 0.041096
v 0.859100 -0.041096 0.052838
v 0.859100 -0.041096 0.052838
v 0.859100 -0.041096 0.052838
v 0.808219 -0.045010 0.142857
v 0.808219 -0.045010 0.142857
v -0.749511 -0.037182 0.158513
v -0.667319 -0.037182 0.166340
v -0.667319 -0.037182 0.166340
v -0.643836 -0.033268 0.166340
v -0.643836 -0.033268 0.166340
v -0.694716 -0.037182 0.162427
v -0.694716 -0.037182 0.162427
v -0.694716 -0.037182 0.162427
v -0.487280 -0.037182 0.178082
v -0.487280 -0.037182 0.178082
v -0.514677 -0.033268 0.174168
v -0.146771 -0.041096 -0.197652
v -0.146771 -0.041096 -0.197652
v -0.514677 -0.033268 -0.174168
v -0.538160 -0.033268 -0.174168
v -0.538160 -0.033268 -0.174168
v -0.616438 -0.033268 -0.170254
v -0.616438 -0.033268 -0.170254
v -0.909980 -0.041096 -0.084149
v -0.909980 -0.041096 -0.084149
v 0.847358 -0.045010 -0.064579
v 0.847358 -0.045010 -0.064579
v 0.874755 -0.045010 0.009785
v 0.874755 -0.045010 0.009785
v 0.870842 -0.048924 0.017613
v 0.870842 -0.048924 0.017613
v 0.870842 -0.048924 0.017613
v -0.933464 -0.045010 0.045010
v -0.616438 -0.033268 0.170254
v -0.616438 -0.033268 0.170254
v -0.115460 -0.041096 0.197652
v -0.115460 -0.041096 0.197652
v -0.146771 -0.041096 0.197652
v 0.095890 -0.033268 0.201566
v 0.095890 -0.033268 0.201566
v 0.095890 -0.033268 0.201566
v 0.346380 -0.029354 0.221135
v 0.346380 -0.029354 0.221135
v 0.651663 -0.029354 -0.205479
v 0.651663 -0.029354 -0.205479
v -0.228963 -0.033268 -0.193738
v -0.228963 -0.033268 -0.193738
v -0.228963 -0.033268 -0.193738
v -0.201566 -0.037182 -0.197652
v -0.201566 -0.037182 -0.197652
v -0.056752 -0.029354 -0.197652
v 0.706458 -0.033268 -0.185910
v 0.729941 -0.033268 -0.178082
v 0.729941 -0.033268 -0.178082
v -0.565558 -0.033268 -0.174168
v -0.565558 -0.033268 -0.174168
v 0.827789 -0.033268 -0.099804
v 0.870842 -0.045010 -0.021526
v 0.870842 -0.045010 -0.021526
v 0.847358 -0.041096 0.084149
v 0.835616 -0.037182 0.099804
v 0.835616 -0.037182 0.099804
v -0.565558 -0.033268 0.174168
v -0.565558 -0.033268 0.174168
v -0.201566 -0.037182 0.197652
v 0.855186 -0.033268 -0.045010
v 0.232877 -0.029354 -0.213307
v -0.318982 -0.025440 -0.189824
v -0.346380 -0.025440 0.185910
v -0.346380 -0.025440 0.185910
v 0.307241 -0.025440 0.217221
v 0.307241 -0.025440 0.217221
v 0.534247 -0.017612 -0.221135
v 0.534247 -0.017612 -0.221135
vn 0.0314 -0.9923 -0.1198
vn -0.0638 -0.9946 -0.0815
vn 0.0558 -0.9583 -0.2803
vn 0.0929 -0.9709 -0.2207
vn 0.1127 -0.9726 -0.2034
vn 0.0802 -0.9934 -0.0819
vn -0.0000 -1.0000 -0.0000
vn -0.0223 -0.9996 -0.0181
vn 0.0018 -0.9951 0.0988
vn -0.0616 -0.9933 0.0980
vn -0.0487 -0.9969 -0.0624
vn -0.0271 -0.9960 -0.0847
vn -0.0184 -0.9672 -0.2532
vn -0.0283 -0.9817 -0.1885
vn -0.0067 -0.9308 -0.3656
vn -0.0000 -0.9390 -0.3439
vn 0.0076 -0.9966 0.0825
vn 0.0638 -0.9931 0.0983
vn 0.0655 -0.9815 0.1798
vn 0.0178 -0.9834 0.1805
vn 0.1821 -0.9785 -0.0966
vn 0.1417 -0.9739 -0.1772
vn 0.1378 -0.9852 -0.1018
vn 0.1512 -0.9864 0.0641
vn -0.0540 -0.9951 0.0823
vn -0.0569 -0.9821 0.1798
vn -0.0753 -0.9776 0.1968
vn -0.0805 -0.9877 0.1340
vn -0.0621 -0.9981 -0.0000
vn -0.0469 -0.9940 -0.0992
vn -0.1293 -0.9843 -0.1203
vn -0.1170 -0.9737 -0.1956
vn 0.1398 -0.9739 0.1786
vn 0.1414 -0.9714 0.1908
vn 0.1455 -0.9701 0.1940
vn 0.0526 -0.9646 0.2583
vn -0.0000 -0.9836 0.1803
vn 0.0053 -0.9630 0.2696
vn -0.0628 -0.9599 0.2734
vn -0.0987 -0.9518 -0.2904
vn -0.0939 -0.9731 -0.2105
vn -0.0414 -0.9299 -0.3654
vn -0.0278 -0.9363 -0.3501
vn 0.0186 -0.9444 -0.3284
vn 0.0168 -0.9146 -0.4041
vn 0.0817 -0.9046 -0.4183
vn 0.0633 -0.9628 -0.2626
vn 0.1191 -0.9712 -0.2063
vn 0.1498 -0.9394 -0.3083
vn 0.1758 -0.9484 -0.2638
vn -0.1225 -0.9837 -0.1314
vn -0.0571 -0.9984 0.0048
vn -0.2276 -0.9737 0.0060
vn -0.2354 -0.9696 -0.0661
vn -0.2011 -0.9408 -0.2729
vn -0.1296 -0.9272 -0.3513
vn -0.0754 -0.9643 -0.2538
vn -0.0230 -0.9901 -0.1382
vn -0.0474 -0.9988 -0.0076
vn -0.0475 -0.9988 -0.0076
vn 0.0334 -0.9896 0.1399
vn -0.0000 -0.9999 -0.0161
vn -0.1389 -0.9399 -0.3119
vn -0.0870 -0.9872 0.1336
vn -0.0240 -0.9742 0.2246
vn -0.0948 -0.9359 0.3393
vn -0.1798 -0.9479 0.2631
vn -0.2364 -0.9700 0.0564
vn 0.1456 -0.9893 0.0053
vn 0.2688 -0.9584 -0.0961
vn 0.2973 -0.9548 -0.0000
vn 0.2700 -0.9563 0.1122
vn -0.0857 -0.9759 0.2007
vn -0.0891 -0.9716 0.2190
vn 0.0238 -0.9662 0.2567
vn 0.0384 -0.9302 0.3650
vn 0.0274 -0.9365 0.3496
vn 0.0067 -0.9308 0.3656
vn -0.0245 -0.9379 0.3461
vn 0.1534 -0.9819 -0.1111
vn 0.2725 -0.9115 -0.3081
vn 0.2625 -0.9464 -0.1883
vn 0.1172 -0.9469 0.2993
vn 0.2090 -0.9377 0.2775
vn 0.1100 -0.8911 0.4403
vn 0.0555 -0.8945 0.4437
vn 0.0280 -0.8942 0.4467
vn 0.0338 -0.9092 0.4151
vn -0.0085 -0.9391 -0.3436
vn -0.0366 -0.8722 -0.4877
vn 0.0215 -0.8635 -0.5039
vn 0.1848 -0.8850 -0.4273
vn 0.0740 -0.8330 -0.5484
vn 0.1650 -0.8490 -0.5019
vn 0.1900 -0.8994 -0.3936
vn -0.1126 -0.9508 -0.2885
vn -0.0612 -0.9457 -0.3191
vn -0.1643 -0.9216 -0.3516
vn -0.0701 -0.9361 -0.3448
vn -0.1483 -0.9889 0.0002
vn -0.1603 -0.9834 0.0846
vn -0.0668 -0.9978 -0.0013
vn -0.1597 -0.9820 -0.1006
vn -0.1384 -0.9709 -0.1955
vn -0.0623 -0.9828 -0.1738
vn -0.0461 -0.9830 -0.1775
vn -0.0593 -0.9707 -0.2327
vn -0.1418 -0.9729 0.1828
vn -0.0870 -0.9511 0.2963
vn -0.0762 -0.9692 0.2342
vn -0.0631 -0.9811 0.1828
vn -0.0814 -0.9831 0.1639
vn 0.1669 -0.9633 0.2103
vn 0.2255 -0.9383 0.2620
vn 0.2307 -0.9327 0.2772
vn -0.0062 -0.9425 0.3342
vn -0.1322 -0.9481 0.2892
vn -0.1235 -0.9394 0.3197
vn -0.1315 -0.9224 0.3631
vn -0.0583 -0.9359 0.3475
vn -0.0483 -0.9062 0.4202
vn -0.0483 -0.9061 0.4202
vn 0.0147 -0.8831 0.4690
vn 0.2008 -0.9012 -0.3841
vn 0.2403 -0.8777 -0.4147
vn 0.2472 -0.8888 -0.3859
vn -0.1309 -0.9191 -0.3717
vn -0.0761 -0.9034 -0.4220
vn -0.0795 -0.9914 -0.1036
vn -0.1098 -0.9940 0.0020
vn -0.0722 -0.9913 -0.1099
vn -0.0379 -0.9827 -0.1813
vn 0.3553 -0.9346 -0.0163
vn 0.3254 -0.9284 -0.1794
vn 0.3255 -0.9284 -0.1794
vn 0.4834 -0.8727 -0.0681
vn 0.3726 -0.9280 -0.0000
vn 0.3584 -0.9334 0.0152
vn 0.4763 -0.8793 -0.0000
vn 0.3208 -0.9321 0.1683
vn 0.3584 -0.9335 0.0152
vn 0.2256 -0.9383 0.2620
vn -0.0829 -0.9925 0.0898
vn -0.0572 -0.9829 0.1752
vn -0.0716 -0.9912 0.1109
vn 0.1168 -0.8516 0.5110
vn 0.0642 -0.8557 0.5134
vn 0.0412 -0.8544 0.5179
vn 0.0401 -0.8371 0.5455
vn 0.0338 -0.9091 0.4151
vn -0.0791 -0.9187 0.3871
vn 0.0123 -0.8738 0.4861
vn 0.0123 -0.8781 0.4783
vn -0.1271 -0.9392 0.3188
vn 0.0637 -0.8510 -0.5213
vn 0.0657 -0.8175 -0.5722
vn 0.0742 -0.7955 -0.6014
vn -0.0541 -0.9058 -0.4203
vn 0.0648 -0.8349 -0.5465
vn 0.0001 -0.8205 -0.5716
vn 0.3229 -0.8996 -0.2940
vn 0.3431 -0.8755 -0.3403
vn 0.3432 -0.8754 -0.3403
vn 0.4814 -0.8242 -0.2982
vn -0.1718 -0.9851 0.0002
vn -0.1098 -0.9939 0.0020
vn -0.1636 -0.9817 0.0972
vn -0.0825 -0.9966 -0.0000
vn -0.1636 -0.9817 -0.0972
vn -0.1538 -0.9734 -0.1698
vn -0.0991 -0.9795 -0.1753
vn -0.2275 -0.9664 -0.1193
vn -0.0472 -0.9953 -0.0844
vn -0.1538 -0.9734 0.1698
vn -0.0461 -0.9922 0.1155
vn -0.2275 -0.9664 0.1193
vn -0.0991 -0.9795 0.1753
vn 0.3066 -0.9077 0.2866
vn 0.4986 -0.8147 0.2960
vn 0.3652 -0.8793 0.3056
vn 0.3652 -0.8794 0.3056
vn 0.2117 -0.9145 0.3447
vn 0.1814 -0.8876 0.4234
vn 0.2140 -0.8153 0.5381
vn 0.1690 -0.8452 0.5071
vn -0.1400 -0.8891 0.4357
vn -0.1231 -0.8778 0.4629
vn -0.0116 -0.9342 -0.3565
vn 0.1208 -0.9434 -0.3089
vn 0.2213 -0.8246 -0.5206
vn -0.0695 -0.8799 -0.4701
vn -0.1223 -0.8848 -0.4496
vn -0.1759 -0.9591 -0.2220
vn 0.1555 -0.9688 -0.1929
vn -0.0923 -0.9903 -0.1038
vn -0.0106 -0.9952 -0.0973
vn -0.0986 -0.9734 -0.2066
vn -0.0923 -0.9903 0.1038
vn -0.0986 -0.9734 0.2066
vn -0.0106 -0.9952 0.0973
vn -0.0000 -0.9510 0.3093
vn 0.1460 -0.9588 0.2435
vn -0.0768 -0.9686 0.2365
vn -0.0314 -0.9160 0.3999
vn -0.0578 -0.8558 0.5141
vn 0.1795 -0.8471 0.5002
vn 0.1960 -0.8084 0.5551
vn 0.1098 -0.7927 0.5996
vn 0.0850 -0.8117 0.5779
vn 0.0160 -0.8226 0.5684
vn -0.0142 -0.8327 0.5536
vn 0.0508 -0.7731 0.6323
vn 0.0206 -0.7808 0.6244
vn -0.0000 -0.8210 -0.5709
vn 0.0001 -0.8206 -0.5716
vn -0.0413 -0.7489 -0.6614
vn 0.0193 -0.7528 -0.6580
vn -0.4221 -0.8334 -0.3567
vn -0.3412 -0.9090 -0.2393
vn -0.2982 -0.8158 -0.4956
vn -0.2982 -0.8157 -0.4956
vn -0.4023 -0.6661 -0.6281
vn -0.1538 -0.8020 -0.5772
vn -0.2961 -0.6672 -0.6835
vn -0.0711 -0.6947 -0.7157
vn 0.1367 -0.8247 -0.5488
vn 0.1367 -0.8247 -0.5487
vn 0.0561 -0.8062 -0.5889
vn -0.1468 -0.8518 -0.5028
vn -0.0817 -0.9135 -0.3987
vn 0.5015 -0.8432 -0.1939
vn 0.6069 -0.7452 -0.2764
vn 0.6227 -0.7591 -0.1898
vn 0.6255 -0.7743 -0.0959
vn -0.1515 -0.9603 -0.2344
vn 0.0804 -0.9546 -0.2869
vn -0.1043 -0.9943 -0.0216
vn -0.2251 -0.9694 -0.0977
vn -0.1676 -0.9376 -0.3045
vn -0.1379 -0.9329 -0.3327
vn -0.0432 -0.9991 -0.0031
vn -0.1879 -0.9816 0.0324
vn -0.1880 -0.9816 0.0324
vn -0.1251 -0.9488 -0.2902
vn -0.2344 -0.9721 -0.0131
vn -0.0912 -0.9958 -0.0003
vn -0.0895 -0.9921 -0.0877
vn 0.0136 -0.9841 -0.1771
vn -0.1910 -0.9789 -0.0726
vn 0.6018 -0.7985 -0.0147
vn 0.5902 -0.8072 -0.0000
vn -0.1043 -0.9943 0.0216
vn 0.0804 -0.9546 0.2869
vn -0.1515 -0.9603 0.2344
vn -0.2248 -0.9699 0.0933
vn -0.1676 -0.9376 0.3045
vn 0.0136 -0.9841 0.1771
vn -0.0895 -0.9921 0.0877
vn -0.1379 -0.9329 0.3327
vn -0.1251 -0.9488 0.2902
vn 0.4898 -0.8650 0.1091
vn 0.6021 -0.7931 0.0925
vn 0.6009 -0.7717 0.2083
vn -0.1295 -0.8199 0.5577
vn 0.1323 -0.8704 0.4743
vn -0.0711 -0.6947 0.7157
vn -0.2961 -0.6672 0.6835
vn -0.4023 -0.6661 0.6281
vn -0.4221 -0.8334 0.3567
vn -0.2982 -0.8158 0.4956
vn -0.3412 -0.9090 0.2393
vn 0.1581 -0.7782 -0.6078
vn 0.1169 -0.7340 -0.6690
vn 0.1741 -0.6963 -0.6963
vn 0.2062 -0.7471 -0.6319
vn 0.1650 -0.8491 -0.5019
vn -0.1558 -0.7433 -0.6505
vn -0.1146 -0.7790 -0.6165
vn 0.1759 -0.8523 -0.4925
vn 0.2679 -0.7300 -0.6287
vn 0.2698 -0.7994 -0.5368
vn -0.1582 -0.9569 -0.2434
vn -0.1438 -0.9464 -0.2892
vn -0.1889 -0.9301 -0.3151
vn -0.1220 -0.9341 -0.3354
vn -0.1419 -0.8734 -0.4658
vn 0.3653 -0.8023 -0.4721
vn 0.3589 -0.7551 -0.5487
vn 0.4705 -0.7600 -0.4484
vn 0.0702 -0.9369 -0.3424
vn -0.0625 -0.9347 -0.3499
vn -0.1233 -0.9411 -0.3149
vn -0.1582 -0.9569 0.2434
vn -0.1889 -0.9301 0.3151
vn -0.1438 -0.9464 0.2892
vn -0.1233 -0.9411 0.3148
vn -0.0625 -0.9347 0.3499
vn 0.0702 -0.9369 0.3424
vn -0.1419 -0.8734 0.4658
vn -0.1220 -0.9341 0.3354
vn 0.3843 -0.7972 0.4656
vn 0.4862 -0.7791 0.3957
vn 0.3526 -0.7557 0.5519
vn 0.2425 -0.7761 0.5821
vn 0.0561 -0.8062 0.5889
vn -0.1307 -0.7188 -0.6828
vn -0.1099 -0.7977 -0.5930
vn -0.1157 -0.8583 -0.4999
vn -0.0721 -0.8518 -0.5188
vn -0.0624 -0.9932 -0.0979
vn -0.1107 -0.9938 0.0121
vn -0.1590 -0.9754 -0.1530
vn -0.1931 -0.9582 -0.2113
vn -0.1246 -0.9835 -0.1309
vn -0.0600 -0.9932 0.0993
vn -0.2196 -0.9035 -0.3680
vn 0.1015 -0.9538 -0.2829
vn -0.1582 -0.9732 0.1667
vn -0.1931 -0.9582 0.2113
vn -0.1597 -0.9581 0.2380
vn -0.1256 -0.9766 0.1744
vn -0.1744 -0.9845 0.0157
vn -0.1107 -0.9938 0.0122
vn -0.1345 -0.9909 0.0017
vn -0.1744 -0.9845 0.0156
vn -0.1231 -0.9793 -0.1604
vn -0.1246 -0.9835 0.1309
vn 0.1015 -0.9538 0.2829
vn -0.2196 -0.9035 0.3680
vn -0.0699 -0.8536 0.5162
vn -0.1157 -0.8583 0.4999
vn -0.1099 -0.7977 0.5930
vn -0.1307 -0.7188 0.6828
vn 0.1831 -0.7330 0.6551
vn 0.1079 -0.7060 0.7000
vn -0.0103 -0.7609 0.6487
vn 0.0436 -0.7162 0.6966
vn -0.0408 -0.7373 0.6743
vn -0.0322 -0.7658 0.6423
vn -0.0000 -0.6669 0.7451
vn -0.0424 -0.6630 0.7474
vn -0.1267 -0.7503 0.6488
vn -0.0957 -0.6691 0.7370
vn -0.0949 -0.8447 0.5268
vn 0.0851 -0.7146 -0.6943
vn 0.0404 -0.6897 -0.7230
vn -0.0013 -0.6429 -0.7659
vn -0.1455 -0.8408 -0.5214
vn -0.0510 -0.8991 -0.4347
vn -0.1419 -0.8734 -0.4659
vn 0.0978 -0.7863 -0.6101
vn -0.0986 -0.7965 -0.5965
vn -0.2088 -0.7578 -0.6182
vn 0.4742 -0.7634 -0.4386
vn 0.5925 -0.6677 -0.4507
vn 0.5945 -0.6834 -0.4237
vn -0.1300 -0.8828 -0.4515
vn -0.2246 -0.9143 -0.3369
vn -0.2246 -0.9144 -0.3369
vn -0.1213 -0.9233 -0.3643
vn -0.0804 -0.8756 -0.4763
vn 0.0043 -0.8919 -0.4523
vn -0.1383 -0.9458 -0.2939
vn -0.1597 -0.9581 -0.2380
vn -0.0877 -0.9515 -0.2950
vn -0.1384 -0.9454 -0.2952
vn 0.0043 -0.8919 0.4523
vn -0.1300 -0.8828 0.4515
vn -0.0510 -0.8991 0.4347
vn -0.1233 -0.9411 0.3149
vn -0.1383 -0.9458 0.2939
vn 0.4977 -0.7822 0.3748
vn 0.5655 -0.7779 0.2741
vn 0.5475 -0.7485 0.3742
vn -0.2088 -0.7578 0.6182
vn -0.0986 -0.7965 0.5965
vn 0.0978 -0.7863 0.6101
vn -0.1444 -0.8428 0.5185
vn -0.1427 -0.8329 0.5346
vn 0.0880 -0.7402 -0.6666
vn 0.0591 -0.6557 -0.7527
vn 0.1331 -0.6622 -0.7374
vn -0.0545 -0.8596 -0.5081
vn -0.1411 -0.8330 -0.5349
vn 0.0051 -0.7055 -0.7087
vn -0.1269 -0.6993 -0.7035
vn -0.2982 -0.8157 -0.4957
vn -0.0671 -0.9874 -0.1434
vn -0.0881 -0.9937 -0.0691
vn -0.0412 -0.9669 -0.2520
vn -0.0671 -0.9874 0.1434
vn -0.0877 -0.9515 0.2950
vn -0.0412 -0.9669 0.2520
vn -0.0924 -0.9932 0.0705
vn -0.2246 -0.9144 0.3369
vn -0.1384 -0.9454 0.2952
vn -0.1213 -0.9233 0.3643
vn 0.3643 -0.6682 0.6487
vn 0.2500 -0.7315 0.6343
vn -0.2982 -0.8157 0.4957
vn -0.0606 -0.6416 -0.7647
vn -0.1141 -0.6806 -0.7237
vn -0.0408 -0.6229 -0.7812
vn 0.3279 -0.7123 -0.6205
vn 0.2726 -0.6684 -0.6920
vn 0.3138 -0.6010 -0.7351
vn 0.4576 -0.6446 -0.6125
vn -0.0902 -0.9876 -0.1286
vn -0.0542 -0.9985 -0.0042
vn -0.1663 -0.9861 -0.0014
vn -0.1843 -0.9790 -0.0871
vn -0.1286 -0.9515 -0.2794
vn -0.0788 -0.9429 -0.3236
vn -0.0969 -0.9929 0.0684
vn -0.1160 -0.9447 -0.3068
vn -0.0668 -0.9464 -0.3161
vn -0.1501 -0.9873 0.0520
vn 0.0391 -0.9986 0.0368
vn -0.0316 -0.9218 0.3863
vn -0.1931 -0.9148 0.3547
vn -0.2179 -0.9757 0.0224
vn -0.2179 -0.9757 0.0222
vn -0.1889 -0.9346 -0.3015
vn -0.0305 -0.9360 -0.3506
vn 0.0391 -0.9986 0.0366
vn 0.0214 -0.9751 -0.2207
vn -0.0797 -0.9296 -0.3598
vn -0.0396 -0.9551 -0.2935
vn 0.0576 -0.9821 -0.1794
vn 0.0985 -0.9951 -0.0000
vn 0.0256 -0.9746 0.2225
vn 0.0576 -0.9821 0.1794
vn -0.0396 -0.9551 0.2935
vn -0.0798 -0.9296 0.3598
vn -0.0917 -0.9515 0.2938
vn -0.0668 -0.9464 0.3161
vn -0.1160 -0.9447 0.3068
vn -0.1189 -0.9555 0.2701
vn -0.1649 -0.9813 0.0996
vn -0.0623 -0.9666 0.2484
vn -0.0826 -0.9932 0.0826
vn -0.1897 -0.9072 0.3756
vn -0.1309 -0.8793 0.4579
vn 0.1303 -0.7073 0.6948
vn 0.1074 -0.5934 0.7977
vn 0.1150 -0.6111 0.7832
vn -0.1727 -0.7212 -0.6709
vn -0.0713 -0.7556 -0.6512
vn -0.1179 -0.7573 -0.6423
vn -0.2030 -0.6391 -0.7419
vn 0.2154 -0.6905 -0.6905
vn 0.2127 -0.6528 -0.7271
vn 0.3154 -0.6230 -0.7158
vn -0.1309 -0.8793 -0.4579
vn -0.1517 -0.7469 -0.6474
vn -0.1897 -0.9071 -0.3756
vn -0.1897 -0.9072 -0.3756
vn -0.1247 -0.9586 -0.2559
vn -0.1281 -0.9448 -0.3015
vn -0.0728 -0.9340 -0.3497
vn -0.0572 -0.9642 -0.2587
vn -0.0826 -0.9932 -0.0826
vn -0.0623 -0.9666 -0.2484
vn -0.1376 -0.9567 -0.2566
vn -0.0789 -0.9688 -0.2349
vn 0.0453 -0.9990 0.0009
vn 0.0154 -0.9795 -0.2010
vn 0.0342 -0.9992 0.0226
vn 0.0342 -0.9992 0.0227
vn 0.0131 -0.9746 0.2234
vn 0.0016 -0.9635 -0.2679
vn -0.0136 -0.9807 -0.1953
vn -0.0285 -0.9820 -0.1867
vn -0.0660 -0.9977 0.0162
vn -0.0613 -0.9845 -0.1641
vn -0.0770 -0.9775 -0.1963
vn -0.0282 -0.9751 -0.2201
vn 0.0956 -0.9901 -0.1030
vn 0.0341 -0.9889 -0.1448
vn -0.0030 -0.9887 -0.1499
vn 0.1262 -0.9920 0.0013
vn 0.0984 -0.9897 0.1042
vn -0.0052 -0.9864 0.1644
vn 0.0341 -0.9889 0.1448
vn -0.0285 -0.9820 0.1867
vn -0.0789 -0.9688 0.2349
vn -0.1332 -0.9535 0.2704
vn -0.0282 -0.9751 0.2201
vn -0.0770 -0.9775 0.1963
vn -0.0611 -0.9818 0.1798
vn -0.0660 -0.9977 0.0163
vn 0.0016 -0.9635 0.2679
vn -0.0136 -0.9807 0.1953
vn -0.1247 -0.9586 0.2559
vn -0.1281 -0.9448 0.3015
vn -0.0572 -0.9643 0.2587
vn -0.0804 -0.8756 0.4763
vn -0.1517 -0.7469 0.6474
vn -0.0803 -0.8119 0.5783
vn -0.1220 -0.8010 0.5861
vn -0.0669 -0.8682 0.4917
vn -0.0669 -0.8682 0.4916
vn -0.1928 -0.6125 0.7666
vn -0.1406 -0.6467 0.7496
vn -0.1179 -0.7573 0.6423
vn -0.1727 -0.7212 0.6709
vn -0.0713 -0.7556 0.6512
vn 0.2938 -0.6371 0.7126
vn 0.1655 -0.6249 0.7629
vn 0.0534 -0.6987 0.7134
vn 0.0092 -0.6248 0.7807
vn -0.0000 -0.6247 0.7809
vn -0.0000 -0.6247 -0.7809
vn 0.0219 -0.6135 -0.7894
vn 0.0147 -0.6141 -0.7891
vn 0.0106 -0.8622 -0.5064
vn -0.2124 -0.7716 -0.5996
vn 0.0106 -0.8622 -0.5065
vn -0.2124 -0.7715 -0.5997
vn 0.0189 -0.6103 -0.7919
vn -0.0525 -0.9474 -0.3158
vn -0.0706 -0.9390 -0.3365
vn -0.1235 -0.9393 -0.3201
vn -0.0455 -0.9938 -0.1012
vn -0.0385 -0.9991 0.0155
vn 0.0002 -0.9971 -0.0756
vn -0.0328 -0.9789 -0.2018
vn -0.0438 -0.9938 0.1019
vn 0.0803 -0.9746 -0.2089
vn 0.0561 -0.9415 -0.3323
vn -0.0623 -0.9667 -0.2484
vn 0.7248 -0.6723 -0.1507
vn 0.7371 -0.6548 -0.1670
vn 0.8129 -0.5650 -0.1413
vn 0.6933 -0.7145 -0.0941
vn 0.7071 -0.7071 -0.0000
vn 0.8210 -0.5709 -0.0000
vn 0.6977 -0.7126 0.0732
vn 0.0002 -0.9971 0.0756
vn -0.0328 -0.9789 0.2018
vn -0.0623 -0.9667 0.2484
vn -0.0525 -0.9474 0.3158
vn 0.0561 -0.9415 0.3323
vn 0.0803 -0.9746 0.2089
vn 0.6817 -0.7040 0.1993
vn 0.8014 -0.5873 0.1131
vn 0.7091 -0.6692 0.2222
vn -0.1235 -0.9393 0.3201
vn -0.0706 -0.9390 0.3365
vn -0.0728 -0.9340 0.3497
vn -0.0747 -0.8621 0.5013
vn 0.0106 -0.8622 0.5065
vn 0.0189 -0.6103 0.7919
vn -0.2124 -0.7716 0.5997
vn 0.1738 -0.6568 -0.7338
vn 0.1295 -0.5434 -0.8294
vn 0.1865 -0.5494 -0.8145
vn 0.0550 -0.6978 -0.7142
vn -0.0897 -0.7458 -0.6601
vn 0.4649 -0.7497 -0.4709
vn 0.6521 -0.5228 -0.5490
vn 0.6247 -0.6264 -0.4662
vn -0.0747 -0.8620 -0.5013
vn -0.0534 -0.8714 -0.4876
vn -0.0479 -0.7472 -0.6629
vn -0.0798 -0.7107 -0.6989
vn -0.1220 -0.8010 -0.5861
vn -0.0669 -0.8682 -0.4916
vn -0.0803 -0.8119 -0.5783
vn -0.1061 -0.9705 -0.2167
vn -0.1408 -0.8985 -0.4158
vn -0.0542 -0.9080 -0.4155
vn -0.0131 -0.9966 -0.0811
vn -0.0473 -0.9919 -0.1182
vn -0.0308 -0.9707 -0.2385
vn 0.0704 -0.9609 -0.2678
vn -0.0695 -0.9782 -0.1956
vn -0.0586 -0.9694 -0.2383
vn 0.7339 -0.6221 -0.2728
vn 0.7339 -0.6221 -0.2729
vn 0.7132 -0.5654 -0.4144
vn 0.8019 -0.5512 -0.2305
vn -0.0731 -0.9738 -0.2154
vn -0.0603 -0.9536 -0.2950
vn -0.0907 -0.9956 0.0223
vn -0.0000 -0.9999 0.0161
vn -0.0329 -0.9673 0.2517
vn -0.0444 -0.9653 0.2573
vn -0.1046 -0.9945 0.0013
vn -0.0400 -0.9713 -0.2343
vn -0.0328 -0.9712 -0.2360
vn -0.0695 -0.9782 0.1956
vn -0.0586 -0.9694 0.2383
vn -0.0603 -0.9536 0.2950
vn -0.0731 -0.9738 0.2154
vn -0.0131 -0.9966 0.0811
vn 0.0704 -0.9609 0.2678
vn -0.0308 -0.9706 0.2385
vn -0.0473 -0.9919 0.1182
vn -0.1045 -0.9853 0.1351
vn -0.1061 -0.9705 0.2167
vn -0.0542 -0.9080 0.4155
vn -0.1408 -0.8985 0.4158
vn 0.4642 -0.7578 0.4586
vn 0.5691 -0.7068 0.4203
vn 0.5765 -0.6303 0.5199
vn 0.4630 -0.6620 0.5894
vn -0.0747 -0.8620 0.5014
vn -0.0798 -0.7107 0.6989
vn -0.0747 -0.8620 0.5013
vn -0.0798 -0.7108 0.6989
vn -0.0479 -0.7472 0.6629
vn -0.0534 -0.8714 0.4876
vn -0.2163 -0.5154 0.8292
vn 0.4521 -0.5835 0.6746
vn 0.3816 -0.5622 0.7337
vn -0.0897 -0.7458 0.6601
vn 0.0550 -0.6978 0.7142
vn -0.0390 -0.6954 0.7176
vn -0.1056 -0.6212 0.7765
vn -0.1421 -0.5226 0.8407
vn -0.0613 -0.5913 0.8041
vn -0.0613 -0.5913 -0.8041
vn -0.1719 -0.5369 -0.8260
vn -0.1421 -0.5226 -0.8407
vn -0.1928 -0.6125 -0.7666
vn -0.1406 -0.6468 -0.7496
vn -0.0144 -0.6240 -0.7813
vn -0.0878 -0.5668 -0.8192
vn -0.1288 -0.5764 -0.8070
vn -0.1026 -0.7097 -0.6970
vn -0.1045 -0.9853 -0.1351
vn -0.1093 -0.9379 -0.3292
vn -0.1028 -0.9093 -0.4032
vn -0.0572 -0.9032 -0.4254
vn 0.0824 -0.8165 -0.5714
vn -0.0308 -0.9706 -0.2386
vn -0.0155 -0.7382 -0.6744
vn 0.1405 -0.6163 -0.7749
vn 0.0875 -0.8568 -0.5082
vn 0.0250 -0.7010 -0.7128
vn -0.1087 -0.7870 -0.6074
vn -0.1167 -0.8830 -0.4546
vn 0.0350 -0.9279 -0.3712
vn -0.0191 -0.9690 -0.2464
vn -0.0858 -0.9507 -0.2981
vn -0.0579 -0.9928 -0.1048
vn -0.0518 -0.9938 -0.0987
vn -0.0875 -0.9661 -0.2429
vn -0.0836 -0.9761 -0.2008
vn -0.0181 -0.9731 -0.2295
vn -0.0695 -0.9849 -0.1587
vn -0.1529 -0.9882 -0.0000
vn -0.1350 -0.9803 -0.1441
vn -0.0665 -0.9646 -0.2553
vn -0.0695 -0.9849 0.1587
vn -0.0858 -0.9507 0.2981
vn -0.0665 -0.9646 0.2553
vn -0.1350 -0.9803 0.1441
vn -0.0191 -0.9690 0.2464
vn -0.0875 -0.9661 0.2429
vn -0.0518 -0.9938 0.0987
vn -0.0579 -0.9928 0.1048
vn -0.0181 -0.9732 0.2295
vn -0.0836 -0.9761 0.2008
vn 0.7294 -0.6232 0.2822
vn 0.7635 -0.5687 0.3060
vn 0.7252 -0.5759 0.3774
vn 0.0350 -0.9279 0.3712
vn -0.1167 -0.8830 0.4546
vn 0.0875 -0.8568 0.5082
vn -0.1087 -0.7870 0.6074
vn 0.0250 -0.7010 0.7128
vn 0.1405 -0.6163 0.7749
vn 0.0824 -0.8165 0.5714
vn -0.0572 -0.9032 0.4254
vn -0.0155 -0.7382 0.6744
vn -0.1028 -0.9093 0.4032
vn -0.1093 -0.9379 0.3292
vn -0.0573 -0.8456 0.5307
vn -0.0573 -0.8456 0.5308
vn -0.0697 -0.9157 0.3958
vn -0.1026 -0.7097 0.6970
vn -0.1287 -0.5764 0.8070
vn -0.2030 -0.6391 0.7419
vn -0.1719 -0.5369 0.8260
vn -0.0878 -0.5668 0.8192
vn 0.1169 -0.6635 0.7390
vn 0.1920 -0.5292 0.8265
vn 0.1373 -0.5626 0.8152
vn 0.1373 -0.5626 0.8153
vn -0.0468 -0.6275 0.7772
vn 0.0896 -0.5198 0.8496
vn -0.0015 -0.4665 0.8845
vn -0.2316 -0.6950 -0.6807
vn -0.0088 -0.7350 -0.6780
vn -0.2163 -0.5154 -0.8292
vn -0.1191 -0.5684 -0.8141
vn -0.1394 -0.5604 -0.8164
vn -0.0525 -0.7568 -0.6515
vn 0.0121 -0.6371 -0.7707
vn -0.0573 -0.8456 -0.5307
vn -0.0573 -0.8456 -0.5308
vn -0.0697 -0.9157 -0.3958
vn -0.0563 -0.8092 -0.5849
vn 0.0013 -0.6744 -0.7383
vn -0.1028 -0.9093 -0.4033
vn -0.0225 -0.9061 -0.4225
vn 0.0161 -0.9999 -0.0000
vn 0.0160 -0.9999 -0.0000
vn -0.0364 -0.9917 0.1230
vn -0.0364 -0.9917 -0.1230
vn -0.0422 -0.9824 -0.1820
vn -0.0431 -0.9673 -0.2501
vn -0.0022 -0.9666 -0.2562
vn -0.0445 -0.9831 -0.1775
vn -0.0889 -0.9668 -0.2396
vn 0.0847 -0.9790 -0.1854
vn 0.0847 -0.9790 0.1854
vn -0.0794 -0.9670 0.2421
vn -0.2096 -0.9773 0.0301
vn -0.1149 -0.9657 -0.2330
vn -0.0590 -0.9983 0.0019
vn -0.0095 -0.9951 -0.0986
vn -0.0484 -0.9757 -0.2138
vn -0.0315 -0.9823 -0.1845
vn -0.1129 -0.9600 0.2561
vn -0.0431 -0.9673 0.2501
vn -0.0315 -0.9823 0.1845
vn -0.0484 -0.9757 0.2138
vn -0.0095 -0.9951 0.0986
vn -0.0422 -0.9824 0.1820
vn -0.0864 -0.9857 0.1446
vn -0.0445 -0.9831 0.1775
vn -0.0225 -0.9061 0.4225
vn -0.0563 -0.8092 0.5849
vn -0.0753 -0.8085 0.5837
vn 0.0121 -0.6371 0.7707
vn -0.0525 -0.7568 0.6515
vn -0.1028 -0.9093 0.4033
vn 0.0013 -0.6744 0.7383
vn -0.0855 -0.6133 0.7852
vn -0.0514 -0.6204 0.7826
vn -0.0502 -0.5337 0.8442
vn -0.0402 -0.6097 0.7916
vn -0.0000 -0.5390 0.8423
vn 0.0120 -0.6032 -0.7975
vn 0.0161 -0.5078 -0.8613
vn -0.1172 -0.6252 -0.7716
vn -0.1870 -0.5923 -0.7837
vn -0.2319 -0.6848 -0.6909
vn -0.0225 -0.6657 -0.7459
vn -0.1130 -0.7751 -0.6217
vn -0.1265 -0.8788 -0.4600
vn 0.0111 -0.7327 -0.6804
vn -0.0400 -0.6461 -0.7622
vn -0.0171 -0.9299 -0.3675
vn -0.0302 -0.9199 -0.3909
vn 0.0242 -0.9834 -0.1796
vn -0.0302 -0.9199 -0.3910
vn 0.0122 -0.7254 -0.6882
vn -0.0303 -0.9100 -0.4136
vn -0.0449 -0.9274 -0.3715
vn -0.0699 -0.7903 -0.6087
vn -0.0753 -0.8085 -0.5837
vn -0.0748 -0.7552 -0.6512
vn -0.0914 -0.6797 -0.7277
vn 0.7143 -0.5612 -0.4181
vn 0.6875 -0.5101 -0.5169
vn 0.7724 -0.4711 -0.4260
vn -0.0864 -0.9857 -0.1446
vn -0.0979 -0.9518 -0.2907
vn -0.1011 -0.9782 -0.1816
vn 0.8165 -0.5729 -0.0715
vn 0.8576 -0.4947 -0.1405
vn 0.8488 -0.5227 -0.0799
vn 0.8299 -0.5580 -0.0000
vn 0.8618 -0.5066 0.0258
vn 0.8705 -0.4920 0.0132
vn -0.1011 -0.9782 0.1816
vn -0.0979 -0.9518 0.2907
vn -0.0302 -0.9199 0.3909
vn -0.0303 -0.9100 0.4136
vn 0.0122 -0.7254 0.6882
vn 0.0242 -0.9834 0.1796
vn -0.0699 -0.7903 0.6087
vn -0.0449 -0.9274 0.3715
vn -0.0914 -0.6797 0.7277
vn -0.0748 -0.7552 0.6512
vn -0.1265 -0.8788 0.4600
vn -0.1130 -0.7751 0.6217
vn 0.0111 -0.7327 0.6804
vn -0.0171 -0.9299 0.3675
vn -0.0400 -0.6461 0.7622
vn 0.4480 -0.5667 0.6915
vn 0.3775 -0.5538 0.7422
vn 0.0609 -0.5615 -0.8253
vn 0.1213 -0.4918 -0.8622
vn 0.1212 -0.4777 -0.8701
vn -0.0661 -0.6745 -0.7353
vn -0.1021 -0.5756 -0.8114
vn 0.3347 -0.5559 -0.7609
vn 0.3135 -0.5152 -0.7977
vn 0.3758 -0.5028 -0.7785
vn 0.4627 -0.4971 -0.7341
vn 0.0061 -0.6160 -0.7877
vn -0.1393 -0.4845 -0.8636
vn -0.0584 -0.5709 -0.8190
vn -0.0059 -0.6646 -0.7472
vn -0.0314 -0.7316 -0.6810
vn 0.0249 -0.6759 -0.7365
vn -0.2348 -0.7509 -0.6172
vn -0.2347 -0.7509 -0.6173
vn -0.0546 -0.6337 -0.7717
vn 0.0380 -0.7192 -0.6938
vn -0.0662 -0.6856 -0.7250
vn -0.0246 -0.7720 -0.6352
vn -0.1346 -0.7910 -0.5968
vn 0.0565 -0.7985 -0.5993
vn 0.0179 -0.5611 -0.8276
vn -0.0309 -0.6606 -0.7501
vn -0.0683 -0.9664 -0.2478
vn -0.0883 -0.9542 -0.2858
vn -0.1009 -0.9083 -0.4060
vn -0.0859 -0.9166 -0.3905
vn -0.0245 -0.9361 -0.3508
vn -0.0242 -0.9856 -0.1675
vn -0.1143 -0.9933 0.0143
vn -0.1216 -0.9805 -0.1546
vn -0.1030 -0.9789 -0.1766
vn -0.0395 -0.9743 -0.2217
vn -0.0226 -0.9854 0.1685
vn 0.0078 -0.9436 -0.3310
vn -0.1244 -0.9776 0.1700
vn -0.1030 -0.9789 0.1766
vn -0.0557 -0.9752 0.2140
vn -0.0300 -0.9864 0.1613
vn -0.0300 -0.9995 0.0009
vn -0.0411 -0.9990 0.0153
vn -0.0320 -0.9865 -0.1604
vn -0.0883 -0.9542 0.2858
vn -0.0245 -0.9361 0.3508
vn 0.0078 -0.9436 0.3310
vn -0.0395 -0.9743 0.2217
vn -0.0022 -0.9666 0.2562
vn -0.0489 -0.9559 0.2896
vn -0.0859 -0.9166 0.3905
vn -0.0683 -0.9664 0.2478
vn -0.1009 -0.9083 0.4060
vn 0.0565 -0.7985 0.5993
vn -0.1346 -0.7910 0.5968
vn -0.0246 -0.7720 0.6352
vn -0.0309 -0.6606 0.7501
vn 0.0179 -0.5611 0.8276
vn 0.0380 -0.7192 0.6938
vn -0.0546 -0.6337 0.7717
vn -0.2347 -0.7509 0.6172
vn 0.0249 -0.6759 0.7365
vn -0.0314 -0.7316 0.6810
vn -0.0059 -0.6646 0.7472
vn 0.0061 -0.6160 0.7877
vn -0.1191 -0.5684 0.8141
vn -0.0584 -0.5709 0.8190
vn -0.1393 -0.4845 0.8636
vn -0.1394 -0.5604 0.8164
vn -0.2006 -0.5899 0.7821
vn -0.1021 -0.5756 0.8114
vn -0.0395 -0.6291 -0.7763
vn -0.0562 -0.5655 -0.8229
vn -0.0868 -0.6847 -0.7237
vn -0.0427 -0.5143 -0.8565
vn -0.0085 -0.6299 -0.7767
vn 0.0413 -0.6214 -0.7824
vn -0.0373 -0.5951 -0.8028
vn -0.1380 -0.9663 -0.2173
vn -0.0489 -0.9559 -0.2896
vn -0.0595 -0.8541 -0.5166
vn -0.1179 -0.8453 -0.5211
vn -0.0595 -0.8541 -0.5167
vn -0.1120 -0.6050 -0.7883
vn -0.1120 -0.6051 -0.7882
vn 0.0133 -0.6277 -0.7783
vn -0.0827 -0.7587 -0.6461
vn -0.0304 -0.9772 -0.2102
vn 0.0707 -0.8659 -0.4951
vn 0.8117 -0.5605 -0.1641
vn 0.8880 -0.4196 -0.1883
vn 0.8713 -0.4646 -0.1580
vn -0.0699 -0.9840 -0.1640
vn -0.0703 -0.9974 0.0160
vn -0.0194 -0.9891 -0.1460
vn -0.0254 -0.9811 -0.1919
vn -0.0000 -0.9836 -0.1803
vn 0.0378 -0.9533 -0.2997
vn -0.0311 -0.9590 -0.2816
vn -0.1462 -0.9583 -0.2456
vn -0.0557 -0.9752 -0.2140
vn -0.0697 -0.9813 0.1797
vn -0.0703 -0.9974 0.0161
vn -0.0254 -0.9811 0.1919
vn -0.0213 -0.9867 0.1611
vn -0.0487 -0.9936 0.1015
vn -0.1112 -0.9937 0.0150
vn -0.0507 -0.9936 -0.1006
vn -0.1462 -0.9583 0.2456
vn -0.0311 -0.9590 0.2816
vn 0.0378 -0.9533 0.2997
vn 0.7641 -0.5784 0.2857
vn 0.8622 -0.4853 0.1453
vn 0.7894 -0.5359 0.2995
vn -0.0827 -0.7587 0.6461
vn -0.1042 -0.7964 0.5957
vn -0.0503 -0.8752 0.4811
vn -0.1380 -0.9663 0.2173
vn -0.0595 -0.8541 0.5166
vn -0.0085 -0.6299 0.7767
vn 0.0133 -0.6277 0.7783
vn -0.1120 -0.6051 0.7883
vn -0.1179 -0.8453 0.5211
vn 0.7321 -0.5271 0.4316
vn 0.7684 -0.5109 0.3854
vn 0.7144 -0.4576 0.5293
vn 0.5853 -0.5127 0.6281
vn -0.0680 -0.6750 0.7347
vn -0.0373 -0.5951 0.8028
vn -0.0427 -0.5143 0.8565
vn 0.0413 -0.6214 0.7824
vn -0.0662 -0.6856 0.7250
vn -0.0868 -0.6847 0.7237
vn -0.0562 -0.5655 0.8229
vn -0.0395 -0.6291 0.7763
vn -0.0144 -0.6240 0.7813
vn -0.0661 -0.6745 0.7353
vn -0.0139 -0.5806 0.8141
vn -0.0088 -0.7350 0.6780
vn -0.1179 -0.7574 0.6423
vn 0.3158 -0.5473 0.7751
vn 0.2871 -0.4370 0.8524
vn 0.2185 -0.4338 0.8741
vn 0.2027 -0.4981 -0.8431
vn 0.2039 -0.4399 -0.8746
vn 0.2837 -0.3910 -0.8756
vn 0.4421 -0.5390 -0.7169
vn 0.5954 -0.3811 -0.7073
vn 0.5577 -0.4291 -0.7105
vn -0.1490 -0.5994 -0.7865
vn -0.1305 -0.5884 -0.7980
vn -0.0609 -0.6425 -0.7639
vn -0.0507 -0.6011 -0.7975
vn 0.0198 -0.5852 -0.8107
vn -0.0000 -0.6124 -0.7905
vn -0.0538 -0.6083 -0.7919
vn -0.3242 -0.6576 -0.6800
vn -0.1141 -0.7463 -0.6558
vn -0.1669 -0.5687 -0.8054
vn -0.0276 -0.7178 -0.6957
vn -0.0352 -0.7146 -0.6986
vn -0.0503 -0.7062 -0.7062
vn -0.0605 -0.7485 -0.6604
vn -0.1018 -0.6984 -0.7084
vn -0.2129 -0.8398 -0.4994
vn -0.1275 -0.9204 -0.3696
vn -0.1081 -0.9807 -0.1631
vn -0.0628 -0.9741 -0.2170
vn -0.1436 -0.9852 -0.0936
vn -0.0494 -0.9935 -0.1023
vn -0.0074 -0.9736 -0.2280
vn -0.1097 -0.9779 0.1780
vn -0.1436 -0.9852 0.0936
vn -0.0628 -0.9741 0.2170
vn -0.0494 -0.9935 0.1023
vn -0.0074 -0.9736 0.2280
vn -0.0304 -0.9772 0.2102
vn 0.0707 -0.8659 0.4951
vn 0.1030 -0.9083 0.4054
vn -0.1275 -0.9204 0.3696
vn -0.0276 -0.7178 0.6957
vn -0.0605 -0.7485 0.6604
vn -0.0503 -0.7062 0.7062
vn -0.0352 -0.7146 0.6986
vn -0.3242 -0.6576 0.6800
vn -0.1669 -0.5687 0.8055
vn -0.1141 -0.7463 0.6558
vn -0.1018 -0.6984 0.7084
vn -0.0609 -0.6425 0.7639
vn -0.1305 -0.5884 0.7980
vn -0.1490 -0.5994 0.7865
vn -0.0507 -0.6011 0.7975
vn -0.0538 -0.6083 0.7919
vn -0.0000 -0.6124 0.7905
vn 0.0198 -0.5852 0.8107
vn 0.1042 -0.5204 0.8475
vn 0.1333 -0.4745 0.8701
vn 0.0599 -0.4075 0.9112
vn 0.0289 -0.5545 -0.8317
vn 0.0507 -0.3845 -0.9217
vn -0.0003 -0.4210 -0.9070
vn -0.0713 -0.7211 -0.6891
vn -0.0766 -0.7374 -0.6711
vn -0.0429 -0.6723 -0.7390
vn -0.0687 -0.6150 -0.7855
vn -0.0380 -0.5982 -0.8005
vn -0.0531 -0.5179 -0.8538
vn -0.1669 -0.5686 -0.8055
vn -0.0546 -0.6336 -0.7717
vn 0.6963 -0.4517 -0.5579
vn 0.6825 -0.3814 -0.6234
vn 0.7605 -0.3530 -0.5449
vn 0.1030 -0.9083 -0.4054
vn -0.1462 -0.7246 -0.6735
vn 0.0481 -0.6643 -0.7459
vn -0.0503 -0.8752 -0.4811
vn -0.0549 -0.7470 -0.6625
vn -0.1042 -0.7964 -0.5957
vn -0.0576 -0.8133 -0.5790
vn -0.1823 -0.9388 -0.2922
vn -0.1650 -0.8037 -0.5718
vn -0.0555 -0.7000 -0.7119
vn -0.0255 -0.7348 -0.6778
vn 0.0234 -0.8511 -0.5245
vn -0.1275 -0.9209 -0.3682
vn -0.0697 -0.9812 0.1797
vn -0.0363 -0.9694 -0.2429
vn -0.0686 -0.9684 -0.2397
vn -0.0770 -0.9299 -0.3598
vn -0.1414 -0.9898 0.0160
vn -0.0893 -0.9853 -0.1454
vn -0.0690 -0.9680 -0.2413
vn -0.0698 -0.9812 0.1800
vn -0.0686 -0.9684 0.2397
vn -0.0690 -0.9680 0.2413
vn -0.0910 -0.9829 0.1603
vn -0.0363 -0.9694 0.2429
vn -0.1275 -0.9209 0.3682
vn -0.0770 -0.9299 0.3598
vn -0.1823 -0.9388 0.2922
vn -0.0576 -0.8133 0.5790
vn -0.1650 -0.8037 0.5718
vn 0.0234 -0.8511 0.5245
vn -0.0255 -0.7348 0.6778
vn -0.0555 -0.7000 0.7119
vn -0.0549 -0.7470 0.6625
vn 0.0223 -0.7359 0.6767
vn 0.0481 -0.6643 0.7459
vn -0.0765 -0.6384 0.7659
vn 0.6922 -0.4751 0.5432
vn 0.5869 -0.5159 0.6240
vn -0.1669 -0.5686 0.8055
vn -0.0531 -0.5179 0.8538
vn -0.0380 -0.5982 0.8005
vn -0.0687 -0.6150 0.7855
vn -0.0429 -0.6723 0.7390
vn -0.0766 -0.7374 0.6711
vn -0.0713 -0.7211 0.6891
vn -0.2316 -0.6950 0.6807
vn -0.1975 -0.5030 0.8414
vn -0.2487 -0.5070 0.8253
vn -0.2491 -0.5079 0.8246
vn 0.0495 -0.5397 0.8404
vn 0.0420 -0.3843 0.9223
vn -0.0000 -0.3936 0.9193
vn -0.0882 -0.5928 -0.8005
vn -0.2491 -0.5078 -0.8247
vn 0.0502 -0.6761 -0.7351
vn -0.0637 -0.5731 -0.8170
vn 0.0380 -0.7191 -0.6938
vn -0.0370 -0.7359 -0.6760
vn -0.0671 -0.7636 -0.6422
vn -0.0165 -0.7554 -0.6551
vn -0.0680 -0.6750 -0.7347
vn -0.0849 -0.7142 -0.6948
vn -0.1005 -0.7035 -0.7035
vn -0.0728 -0.7481 -0.6596
vn -0.0765 -0.6384 -0.7659
vn -0.0583 -0.6874 -0.7240
vn -0.0436 -0.6946 -0.7180
vn -0.0592 -0.8384 -0.5419
vn -0.0751 -0.7460 -0.6617
vn -0.1719 -0.6963 -0.6969
vn 0.7613 -0.4958 -0.4179
vn 0.8725 -0.3324 -0.3582
vn 0.8646 -0.3368 -0.3729
vn -0.1009 -0.9949 0.0009
vn -0.0704 -0.9941 0.0820
vn -0.1414 -0.9899 -0.0000
vn -0.0704 -0.9941 -0.0820
vn -0.0592 -0.8384 0.5419
vn -0.2129 -0.8398 0.4994
vn -0.0751 -0.7460 0.6617
vn -0.1462 -0.7246 0.6735
vn -0.1719 -0.6963 0.6969
vn 0.7736 -0.5566 0.3029
vn 0.8003 -0.4854 0.3520
vn -0.0456 -0.6260 0.7785
vn -0.0165 -0.7554 0.6551
vn -0.0671 -0.7636 0.6422
vn -0.0370 -0.7359 0.6760
vn -0.0637 -0.5731 0.8170
vn 0.6086 -0.4032 0.6834
vn 0.4722 -0.4857 0.7356
vn -0.0881 -0.5928 0.8005
vn 0.0502 -0.6761 0.7351
vn -0.1373 -0.6962 0.7046
vn -0.1372 -0.6962 0.7046
vn 0.0839 -0.4777 0.8745
vn -0.0175 -0.6179 0.7861
vn -0.3205 -0.4872 0.8123
vn -0.2006 -0.5899 0.7822
vn -0.0199 -0.5341 -0.8452
vn 0.0161 -0.5079 -0.8613
vn -0.0199 -0.5340 -0.8452
vn -0.0163 -0.3735 -0.9275
vn 0.0578 -0.3607 -0.9309
vn 0.0524 -0.5364 -0.8424
vn 0.2061 -0.4702 -0.8581
vn 0.1395 -0.4003 -0.9057
vn 0.1848 -0.3312 -0.9253
vn -0.2567 -0.4290 -0.8661
vn -0.3136 -0.5149 -0.7978
vn -0.1703 -0.5760 -0.7995
vn -0.0354 -0.6254 -0.7795
vn 0.0133 -0.6277 -0.7784
vn -0.0501 -0.7402 -0.6706
vn -0.1024 -0.8065 -0.5823
vn -0.0420 -0.5891 -0.8070
vn 0.0542 -0.7665 -0.6399
vn -0.0522 -0.7729 -0.6324
vn 0.0223 -0.7359 -0.6767
vn -0.0147 -0.6883 -0.7253
vn -0.0586 -0.7059 -0.7059
vn -0.0482 -0.9147 -0.4011
vn -0.0667 -0.9367 -0.3436
vn -0.0187 -0.8628 -0.5052
vn -0.0566 -0.8430 -0.5350
vn -0.1363 -0.9715 -0.1937
vn -0.0481 -0.9377 -0.3442
vn -0.1443 -0.9859 -0.0847
vn -0.2298 -0.9732 -0.0000
vn -0.2349 -0.9669 -0.0998
vn -0.2711 -0.9287 -0.2529
vn -0.0667 -0.9367 0.3436
vn -0.0481 -0.9377 0.3442
vn -0.1363 -0.9715 0.1937
vn -0.1443 -0.9859 0.0847
vn -0.2711 -0.9287 0.2529
vn -0.2349 -0.9669 0.0998
vn -0.0482 -0.9147 0.4011
vn -0.0566 -0.8430 0.5350
vn -0.0187 -0.8628 0.5052
vn -0.0583 -0.6874 0.7240
vn -0.0471 -0.7012 0.7114
vn -0.0586 -0.7059 0.7059
vn -0.0436 -0.6946 0.7180
vn -0.0370 -0.7054 0.7078
vn -0.0420 -0.5891 0.8070
vn 0.0542 -0.7665 0.6399
vn -0.1024 -0.8065 0.5823
vn -0.0354 -0.6254 0.7795
vn -0.0728 -0.7481 0.6596
vn -0.0522 -0.7729 0.6324
vn -0.1005 -0.7035 0.7035
vn -0.0354 -0.6255 0.7795
vn -0.0501 -0.7402 0.6706
vn -0.0501 -0.7402 0.6705
vn -0.1704 -0.5760 0.7995
vn -0.2968 -0.2845 0.9116
vn -0.1607 -0.4317 0.8876
vn -0.0363 -0.5968 0.8016
vn -0.1975 -0.5030 -0.8414
vn -0.2967 -0.2845 -0.9116
vn -0.0860 -0.3172 -0.9445
vn 0.0521 -0.4647 -0.8839
vn -0.0139 -0.5806 -0.8141
vn 0.0047 -0.4373 -0.8993
vn -0.1469 -0.6189 -0.7716
vn 0.0020 -0.6523 -0.7580
vn -0.0456 -0.6260 -0.7785
vn -0.0669 -0.7977 -0.5993
vn -0.0011 -0.8017 -0.5977
vn -0.0516 -0.8525 -0.5202
vn -0.0809 -0.8864 -0.4559
vn -0.0097 -0.7835 -0.6213
vn -0.0986 -0.8082 -0.5806
vn 0.0196 -0.7380 -0.6745
vn 0.0092 -0.6763 -0.7366
vn -0.0724 -0.7880 -0.6114
vn -0.0516 -0.8525 0.5202
vn -0.0986 -0.8082 0.5806
vn -0.0097 -0.7835 0.6213
vn -0.0809 -0.8864 0.4559
vn -0.0724 -0.7880 0.6114
vn 0.0092 -0.6763 0.7366
vn 0.0196 -0.7380 0.6745
vn -0.2567 -0.4291 0.8660
vn -0.0628 -0.4345 0.8985
vn 0.0020 -0.6523 0.7580
vn 0.0521 -0.4647 0.8839
vn 0.0047 -0.4373 0.8993
vn -0.0860 -0.3172 0.9445
vn 0.1329 -0.4283 0.8938
vn 0.2191 -0.3461 0.9122
vn 0.1858 -0.3375 0.9228
vn -0.0148 -0.7548 -0.6558
vn -0.0209 -0.8220 -0.5691
vn 0.0410 -0.8302 -0.5560
vn -0.1388 -0.9376 -0.3189
vn -0.3316 -0.8837 -0.3304
vn -0.3106 -0.8706 -0.3815
vn -0.1282 -0.8826 -0.4524
vn -0.4178 -0.9085 -0.0000
vn -0.2299 -0.9732 -0.0000
vn -0.4134 -0.9072 0.0781
vn -0.5709 -0.8210 -0.0000
vn -0.4134 -0.9072 -0.0781
vn -0.4047 -0.8769 -0.2592
vn -0.5813 -0.7831 -0.2208
vn -0.4312 -0.8328 -0.3471
vn -0.4047 -0.8769 0.2592
vn -0.3316 -0.8837 0.3304
vn -0.4312 -0.8328 0.3471
vn -0.5813 -0.7831 0.2208
vn -0.1388 -0.9376 0.3189
vn -0.1282 -0.8826 0.4524
vn -0.3106 -0.8706 0.3815
vn -0.0147 -0.6883 0.7253
vn 0.0030 -0.6936 0.7203
vn -0.0011 -0.8017 0.5977
vn -0.0148 -0.7548 0.6558
vn 0.0410 -0.8302 0.5560
vn -0.0209 -0.8220 0.5691
vn 0.3551 -0.4959 0.7925
vn 0.5240 -0.2937 0.7995
vn 0.3575 -0.3767 0.8546
vn 0.0540 -0.4313 0.9006
vn 0.0568 -0.3375 0.9396
vn 0.0330 -0.3601 0.9323
vn -0.1386 -0.5643 -0.8139
vn -0.1068 -0.1868 -0.9766
vn -0.1067 -0.1868 -0.9766
vn 0.1311 -0.4509 -0.8829
vn 0.0151 -0.1617 -0.9867
vn -0.0305 -0.2377 -0.9709
vn 0.3932 -0.3773 -0.8385
vn 0.3139 -0.2413 -0.9183
vn 0.3631 -0.2370 -0.9011
vn 0.5161 -0.2336 -0.8241
vn -0.0795 -0.5182 -0.8516
vn -0.0872 -0.5873 -0.8046
vn -0.1126 -0.8114 -0.5736
vn -0.0983 -0.8126 -0.5745
vn -0.0440 -0.7455 -0.6651
vn 0.1097 -0.7486 -0.6539
vn -0.0225 -0.7436 -0.6683
vn -0.0471 -0.7012 -0.7114
vn 0.0030 -0.6936 -0.7203
vn -0.0392 -0.7066 -0.7066
vn -0.0370 -0.7054 -0.7078
vn 0.7706 -0.4251 -0.4748
vn 0.8041 -0.1725 -0.5689
vn 0.8338 -0.2892 -0.4702
vn -0.0618 -0.8715 -0.4865
vn -0.0323 -0.8019 -0.5965
vn 0.0153 -0.7645 -0.6445
vn -0.0618 -0.8715 0.4865
vn 0.0153 -0.7645 0.6445
vn -0.0323 -0.8019 0.5965
vn 0.9078 -0.3559 0.2218
vn 0.8253 -0.3878 0.4106
vn 0.8143 -0.3649 0.4515
vn 0.7735 -0.4750 0.4196
vn -0.0440 -0.7455 0.6651
vn -0.0849 -0.7142 0.6948
vn -0.0225 -0.7436 0.6683
vn 0.1097 -0.7486 0.6539
vn -0.0619 -0.7621 0.6445
vn -0.0527 -0.8145 0.5778
vn -0.0983 -0.8125 0.5746
vn -0.0872 -0.5873 0.8046
vn -0.0795 -0.5182 0.8516
vn 0.0022 -0.3789 0.9254
vn -0.0139 -0.2907 0.9567
vn -0.2300 -0.2737 -0.9339
vn -0.1751 -0.3401 -0.9239
vn 0.4343 -0.3859 -0.8139
vn 0.4854 -0.2399 -0.8407
vn 0.5295 -0.2654 -0.8057
vn -0.0322 -0.6438 -0.7645
vn 0.0306 -0.7366 -0.6756
vn 0.0802 -0.5539 -0.8287
vn -0.0453 -0.4882 -0.8715
vn 0.6634 -0.3009 -0.6851
vn 0.6932 -0.2528 -0.6750
vn 0.7553 -0.1829 -0.6294
vn -0.0826 -0.6940 -0.7152
vn -0.0721 -0.6640 -0.7442
vn -0.0721 -0.6640 -0.7443
vn -0.1423 -0.6731 -0.7257
vn -0.0965 -0.7367 -0.6693
vn -0.0335 -0.6863 -0.7266
vn -0.0000 -0.6552 -0.7555
vn 0.0553 -0.6258 -0.7780
vn -0.5665 -0.8233 -0.0346
vn -0.6669 -0.7451 -0.0000
vn -0.6749 -0.7376 -0.0218
vn -0.7159 -0.6921 -0.0921
vn 0.9247 -0.3623 -0.1168
vn 0.9173 -0.3445 -0.1997
vn 0.9717 -0.2242 -0.0748
vn 0.9224 -0.3716 -0.1048
vn 0.9224 -0.3750 0.0924
vn 0.9671 -0.2540 -0.0171
vn 0.9131 -0.3820 0.1423
vn -0.5665 -0.8233 0.0346
vn -0.7159 -0.6921 0.0921
vn -0.6749 -0.7376 0.0218
vn 0.9386 -0.3342 0.0857
vn 0.9374 -0.3243 0.1271
vn 0.9450 -0.3067 0.1132
vn 0.9255 -0.3602 0.1171
vn 0.9274 -0.2256 0.2984
vn -0.0335 -0.6863 0.7266
vn 0.0553 -0.6258 0.7780
vn -0.0826 -0.6940 0.7152
vn -0.0965 -0.7367 0.6693
vn -0.1423 -0.6731 0.7257
vn -0.0721 -0.6640 0.7443
vn -0.0721 -0.6640 0.7442
vn -0.0322 -0.6438 0.7645
vn -0.0453 -0.4882 0.8715
vn 0.0802 -0.5539 0.8287
vn 0.0306 -0.7366 0.6756
vn -0.1751 -0.3401 0.9239
vn -0.2300 -0.2737 0.9339
vn 0.1175 -0.3822 -0.9166
vn 0.0479 -0.2251 -0.9732
vn 0.1029 -0.2778 -0.9551
vn 0.1779 -0.2366 -0.9552
vn -0.0363 -0.5968 -0.8015
vn 0.0470 -0.5745 -0.8171
vn -0.1476 -0.4596 -0.8758
vn 0.0331 -0.6196 -0.7842
vn 0.0040 -0.5076 -0.8616
vn -0.1607 -0.4317 -0.8876
vn -0.2252 -0.4208 -0.8787
vn 0.0426 -0.7356 -0.6760
vn 0.1310 -0.6887 -0.7131
vn -0.0875 -0.5745 -0.8138
vn -0.0523 -0.5836 -0.8103
vn -0.0523 -0.5836 -0.8104
vn -0.0280 -0.5722 -0.8196
vn -0.0524 -0.7046 -0.7077
vn -0.0621 -0.7006 -0.7108
vn -0.2011 -0.7553 -0.6238
vn -0.0669 -0.7978 -0.5992
vn -0.1125 -0.7875 -0.6060
vn 0.0179 -0.6693 -0.7428
vn -0.1140 -0.6661 -0.7371
vn -0.4498 -0.8341 -0.3194
vn -0.4498 -0.8340 -0.3194
vn -0.5704 -0.7641 -0.3015
vn -0.4749 -0.6910 -0.5450
vn -0.3043 -0.7693 -0.5618
vn -0.4498 -0.8341 0.3194
vn -0.3043 -0.7693 0.5618
vn -0.4749 -0.6910 0.5450
vn -0.4498 -0.8340 0.3194
vn -0.5704 -0.7641 0.3015
vn -0.1125 -0.7875 0.6060
vn -0.1140 -0.6661 0.7371
vn 0.0179 -0.6693 0.7428
vn -0.0669 -0.7977 0.5993
vn -0.0669 -0.7978 0.5992
vn -0.2011 -0.7553 0.6238
vn -0.0655 -0.7978 0.5993
vn 0.1310 -0.6887 0.7131
vn 0.0225 -0.4285 0.9033
vn 0.1739 -0.4514 0.8752
vn -0.1211 -0.5817 0.8044
vn -0.1469 -0.6189 0.7716
vn -0.2805 -0.5845 0.7614
vn -0.1230 -0.2082 0.9703
vn -0.2553 -0.2286 0.9394
vn -0.1211 -0.5817 -0.8043
vn 0.1739 -0.4514 -0.8752
vn 0.0225 -0.4285 -0.9033
vn -0.0628 -0.4345 -0.8985
vn -0.1607 -0.3468 -0.9241
vn -0.2583 -0.2211 -0.9404
vn 0.0130 -0.6955 -0.7184
vn -0.2030 -0.6669 -0.7170
vn -0.1420 -0.4349 -0.8892
vn 0.0743 -0.4041 -0.9117
vn 0.0470 -0.5745 -0.8172
vn -0.1067 -0.5961 -0.7958
vn -0.1519 -0.4289 -0.8905
vn -0.0527 -0.8145 -0.5778
vn -0.0371 -0.5982 -0.8005
vn -0.0385 -0.6143 -0.7881
vn -0.0501 -0.7401 -0.6706
vn -0.1746 -0.7056 -0.6867
vn -0.0973 -0.8065 -0.5832
vn -0.3431 -0.4791 -0.8079
vn -0.1369 -0.5960 -0.7912
vn 0.9163 -0.3252 -0.2336
vn 0.8905 -0.2365 -0.3887
vn 0.9517 -0.1877 -0.2430
vn -0.0973 -0.8065 0.5832
vn -0.1369 -0.5960 0.7913
vn -0.3431 -0.4791 0.8080
vn 0.7292 -0.4254 0.5361
vn 0.8125 -0.3741 0.4470
vn 0.8174 -0.2702 0.5088
vn 0.7333 -0.2354 0.6378
vn -0.1746 -0.7056 0.6867
vn -0.0501 -0.7401 0.6706
vn -0.0524 -0.7046 0.7077
vn -0.0621 -0.7006 0.7108
vn -0.0280 -0.5722 0.8196
vn -0.0523 -0.5836 0.8104
vn -0.0875 -0.5745 0.8138
vn -0.0392 -0.7066 0.7066
vn 0.0426 -0.7357 0.6760
vn -0.0385 -0.6143 0.7881
vn 0.0130 -0.6955 0.7184
vn 0.0470 -0.5745 0.8171
vn 0.0743 -0.4041 0.9117
vn -0.1420 -0.4349 0.8892
vn -0.2030 -0.6669 0.7170
vn -0.1519 -0.4290 0.8905
vn -0.1067 -0.5961 0.7958
vn 0.2657 -0.3740 0.8886
vn 0.2766 -0.2999 0.9130
vn 0.2075 -0.2718 0.9397
vn -0.2252 -0.4208 0.8787
vn 0.0040 -0.5076 0.8616
vn -0.0363 -0.5968 0.8015
vn -0.0226 -0.2381 0.9710
vn -0.0175 -0.6178 0.7861
vn -0.1116 -0.1768 -0.9779
vn -0.2805 -0.5845 -0.7614
vn 0.2682 -0.3788 -0.8858
vn 0.3103 -0.2342 -0.9213
vn 0.3104 -0.2342 -0.9213
vn 0.3375 -0.1936 -0.9212
vn -0.0529 -0.6616 -0.7479
vn -0.0624 -0.6081 -0.7914
vn -0.0619 -0.7621 -0.6445
vn -0.1359 -0.6712 -0.7287
vn -0.0999 -0.6442 -0.7583
vn -0.1313 -0.8559 -0.5001
vn -0.1746 -0.7057 -0.6867
vn -0.0701 -0.5931 -0.8021
vn 0.0990 -0.6368 -0.7647
vn 0.0304 -0.5133 -0.8577
vn -0.0640 -0.6458 -0.7608
vn -0.1156 -0.4731 -0.8734
vn -0.0793 -0.4955 -0.8650
vn 0.0056 -0.5003 -0.8659
vn 0.0194 -0.5224 -0.8525
vn -0.5695 -0.7381 -0.3617
vn -0.6848 -0.6691 -0.2888
vn -0.7191 -0.5955 -0.3582
vn -0.5695 -0.7381 0.3617
vn -0.7191 -0.5955 0.3582
vn -0.6848 -0.6691 0.2888
vn -0.0000 -0.6552 0.7555
vn 0.0056 -0.5003 0.8659
vn -0.0793 -0.4955 0.8650
vn -0.0640 -0.6458 0.7608
vn -0.1156 -0.4731 0.8734
vn -0.0270 -0.4733 0.8805
vn 0.0304 -0.5133 0.8577
vn 0.0990 -0.6368 0.7647
vn -0.1313 -0.8559 0.5001
vn -0.0701 -0.5931 0.8021
vn -0.1126 -0.8114 0.5736
vn -0.0593 -0.6233 0.7797
vn -0.0999 -0.6442 0.7583
vn -0.1126 -0.8113 0.5736
vn -0.0529 -0.6616 0.7479
vn -0.0529 -0.6616 0.7480
vn -0.0624 -0.6081 0.7914
vn 0.6098 -0.2713 0.7447
vn 0.5947 -0.3375 0.7297
vn 0.5222 -0.2627 0.8113
vn 0.0331 -0.6196 0.7842
vn -0.1476 -0.4596 0.8758
vn 0.1467 -0.3727 0.9163
vn 0.1463 -0.2541 0.9560
vn 0.0926 -0.2463 0.9648
vn -0.1212 -0.5817 -0.8043
vn -0.3849 -0.4370 -0.8130
vn -0.0868 -0.2690 -0.9592
vn -0.1211 -0.5817 -0.8044
vn -0.0867 -0.2690 -0.9592
vn -0.0319 -0.5439 -0.8385
vn -0.0524 -0.4874 -0.8716
vn -0.0617 -0.4738 -0.8785
vn -0.0343 -0.6355 -0.7713
vn -0.1369 -0.5959 -0.7913
vn -0.0874 -0.3397 -0.9365
vn -0.0270 -0.4733 -0.8805
vn 0.9314 -0.3615 0.0424
vn 0.9394 -0.3327 0.0825
vn 0.9587 -0.2719 0.0831
vn 0.9519 -0.2998 0.0640
vn 0.8927 -0.3068 0.3300
vn 0.8487 -0.3535 0.3934
vn 0.8887 -0.2537 0.3819
vn 0.8126 -0.3741 0.4470
vn -0.0343 -0.6355 0.7713
vn -0.0874 -0.3397 0.9365
vn -0.0319 -0.5439 0.8385
vn -0.0617 -0.4738 0.8785
vn -0.0524 -0.4874 0.8716
vn 0.0161 -0.2897 -0.9570
vn -0.0351 -0.2642 -0.9638
vn -0.0226 -0.1517 -0.9882
vn -0.0571 -0.1119 -0.9921
vn 0.0038 -0.1551 -0.9879
vn 0.0352 -0.2861 -0.9575
vn -0.0118 -0.3105 -0.9505
vn -0.0389 -0.2838 -0.9581
vn -0.0613 -0.3312 -0.9416
vn 0.1270 -0.3940 -0.9103
vn 0.7681 -0.2507 -0.5891
vn 0.8083 -0.1155 -0.5773
vn 0.8180 -0.1233 -0.5619
vn -0.4798 -0.4405 -0.7588
vn -0.6351 -0.3864 -0.6688
vn -0.4591 -0.3531 -0.8152
vn -0.3538 -0.3316 -0.8746
vn -0.3431 -0.4790 -0.8080
vn 0.8692 -0.2764 -0.4101
vn 0.9041 -0.1695 -0.3923
vn 0.9392 -0.1416 -0.3129
vn 0.9616 -0.2705 -0.0454
vn 0.9546 -0.2233 -0.1974
vn 0.9534 -0.2983 -0.0453
vn -0.4798 -0.4405 0.7588
vn -0.3538 -0.3316 0.8746
vn -0.4591 -0.3531 0.8152
vn -0.6351 -0.3864 0.6688
vn 0.1270 -0.3940 0.9103
vn -0.0613 -0.3312 0.9416
vn -0.2805 -0.5844 0.7614
vn -0.3849 -0.4370 0.8129
vn -0.3085 -0.2200 0.9255
vn -0.1556 -0.3233 0.9334
vn -0.0110 -0.4320 0.9018
vn -0.1685 -0.3476 0.9224
vn -0.1601 -0.2259 0.9609
vn -0.0213 -0.3396 0.9403
vn -0.0774 -0.4971 0.8643
vn -0.0775 -0.4971 0.8642
vn -0.1108 -0.3308 0.9372
vn 0.0218 -0.3110 0.9502
vn -0.0041 -0.2060 0.9786
vn -0.0054 -0.3002 0.9539
vn -0.0099 -0.1400 0.9901
vn -0.0195 -0.1742 0.9845
vn 0.0259 -0.1856 0.9823
vn -0.2553 -0.2286 0.9395
vn -0.1108 -0.3308 -0.9372
vn -0.0775 -0.4971 -0.8642
vn -0.0138 -0.4685 -0.8833
vn -0.1112 -0.3728 -0.9212
vn -0.1023 -0.2741 -0.9562
vn -0.0593 -0.6233 -0.7797
vn -0.0399 -0.2793 -0.9594
vn -0.0265 -0.2860 -0.9579
vn -0.1317 -0.5002 -0.8558
vn -0.0211 -0.3713 -0.9283
vn 0.0026 -0.3111 -0.9504
vn 0.0001 -0.5777 -0.8162
vn -0.0610 -0.3372 -0.9394
vn -0.1486 -0.3659 -0.9187
vn -0.1066 -0.3809 -0.9184
vn -0.0617 -0.6463 -0.7606
vn -0.0655 -0.7978 -0.5993
vn -0.0601 -0.5489 -0.8337
vn -0.0075 -0.3548 0.9349
vn 0.0368 -0.2785 0.9597
vn -0.0601 -0.5489 0.8337
vn -0.0617 -0.6463 0.7606
vn -0.1359 -0.6712 0.7287
vn -0.1066 -0.3809 0.9184
vn 0.0001 -0.5777 0.8162
vn -0.1486 -0.3659 0.9187
vn -0.0610 -0.3372 0.9395
vn 0.0026 -0.3111 0.9504
vn -0.1317 -0.5002 0.8558
vn -0.0211 -0.3713 0.9283
vn -0.0371 -0.5982 0.8005
vn -0.0118 -0.3105 0.9505
vn -0.0265 -0.2861 0.9578
vn -0.1023 -0.2741 0.9562
vn -0.0982 -0.3591 0.9281
vn -0.0138 -0.4685 0.8834
vn -0.0138 -0.4686 0.8833
vn 0.0569 -0.1864 -0.9808
vn 0.1632 -0.2486 -0.9548
vn 0.1821 -0.2096 -0.9607
vn 0.1921 -0.1678 -0.9669
vn -0.0110 -0.4320 -0.9018
vn -0.1556 -0.3232 -0.9334
vn -0.3085 -0.2202 -0.9254
vn -0.0069 -0.2261 -0.9741
vn -0.0851 -0.1316 -0.9876
vn -0.1737 -0.4876 -0.8556
vn -0.0398 -0.0348 -0.9986
vn -0.0936 -0.3978 -0.9127
vn -0.0301 -0.4431 -0.8960
vn -0.1118 -0.3986 -0.9103
vn -0.1735 -0.3271 -0.9289
vn -0.3087 -0.4243 -0.8513
vn -0.1293 -0.4051 -0.9051
vn -0.6408 -0.6121 -0.4634
vn -0.6409 -0.6121 -0.4633
vn -0.7674 -0.5224 -0.3718
vn -0.7766 -0.3974 -0.4888
vn 0.9706 -0.2160 -0.1066
vn 0.9434 -0.2009 -0.2640
vn 0.9693 -0.2228 -0.1039
vn -0.7555 -0.6552 -0.0000
vn -0.7515 -0.6531 0.0932
vn -0.8436 -0.5284 0.0959
vn -0.7532 -0.6513 -0.0923
vn -0.7557 -0.6274 -0.1878
vn -0.8379 -0.5452 0.0244
vn -0.7852 -0.5694 -0.2434
vn -0.7557 -0.6274 0.1878
vn -0.7852 -0.5694 0.2434
vn -0.8379 -0.5452 -0.0244
vn -0.6408 -0.6121 0.4633
vn -0.7766 -0.3974 0.4888
vn -0.7674 -0.5224 0.3718
vn -0.1735 -0.3271 0.9289
vn -0.1293 -0.4051 0.9051
vn -0.3087 -0.4243 0.8513
vn -0.0936 -0.3978 0.9127
vn -0.1298 -0.4139 0.9010
vn -0.1118 -0.3986 0.9103
vn 0.0194 -0.5224 0.8525
vn -0.0705 -0.5378 0.8401
vn -0.0424 -0.3930 0.9186
vn 0.0043 -0.4409 0.8975
vn -0.0811 -0.3849 0.9194
vn 0.4046 -0.2913 0.8669
vn 0.5166 -0.1648 0.8402
vn 0.4285 -0.1241 0.8950
vn -0.0389 -0.2838 0.9581
vn -0.0851 -0.1316 0.9876
vn -0.0069 -0.2261 0.9741
vn 0.0031 -0.2713 0.9625
vn -0.0398 -0.0348 0.9986
vn 0.2088 -0.2708 0.9397
vn 0.2331 -0.1168 0.9654
vn 0.2434 -0.1207 0.9624
vn -0.0867 -0.2689 0.9593
vn -0.3849 -0.4371 0.8129
vn -0.0944 -0.3994 -0.9119
vn -0.0664 -0.3062 -0.9497
vn -0.0441 -0.3143 -0.9483
vn -0.1351 -0.2220 -0.9656
vn -0.0313 -0.2193 -0.9752
vn -0.0095 -0.2527 -0.9675
vn -0.1067 -0.5141 -0.8511
vn -0.0842 -0.4391 -0.8945
vn 0.6699 -0.1459 -0.7280
vn 0.5116 -0.2092 -0.8334
vn 0.6600 -0.0505 -0.7496
vn 0.7040 -0.0188 -0.7100
vn -0.2458 -0.4311 -0.8682
vn -0.1831 -0.5434 -0.8192
vn -0.1326 -0.2015 -0.9705
vn -0.0705 -0.5378 -0.8401
vn -0.0424 -0.3930 -0.9186
vn -0.0758 -0.5450 -0.8350
vn -0.0872 -0.3438 -0.9350
vn -0.1347 -0.3497 -0.9271
vn 0.9624 -0.1645 0.2164
vn 0.9408 -0.2821 0.1879
vn 0.9706 -0.0653 0.2317
vn 0.9267 -0.1861 0.3264
vn -0.1831 -0.5434 0.8192
vn -0.0758 -0.5450 0.8350
vn -0.1326 -0.2015 0.9705
vn -0.2458 -0.4311 0.8682
vn -0.1066 -0.5141 0.8510
vn -0.1737 -0.4876 0.8556
vn -0.0842 -0.4391 0.8945
vn -0.0399 -0.2794 0.9594
vn -0.0313 -0.2193 0.9752
vn -0.0290 -0.2226 0.9745
vn -0.0811 -0.3848 0.9194
vn -0.1141 -0.2881 0.9508
vn -0.0441 -0.3143 0.9483
vn -0.1351 -0.2220 0.9657
vn -0.0664 -0.3062 0.9497
vn 0.0489 -0.0905 -0.9947
vn -0.1387 -0.0036 -0.9903
vn -0.0903 -0.1260 -0.9879
vn -0.0811 -0.3849 -0.9194
vn -0.1143 -0.3358 -0.9350
vn -0.0212 -0.2573 -0.9661
vn -0.0290 -0.2226 -0.9745
vn 0.0842 -0.4121 -0.9073
vn -0.0074 -0.3739 -0.9275
vn -0.0548 -0.4164 -0.9076
vn 0.5030 -0.2142 -0.8374
vn 0.4937 -0.1665 -0.8535
vn 0.5030 -0.2142 -0.8373
vn 0.5467 -0.0639 -0.8349
vn 0.0368 -0.2785 -0.9597
vn -0.0075 -0.3548 -0.9349
vn -0.0462 -0.2395 -0.9698
vn -0.0596 -0.3623 -0.9301
vn -0.0596 -0.3623 -0.9302
vn -0.1002 -0.3355 -0.9367
vn 0.8597 -0.0615 -0.5070
vn 0.8669 -0.0530 -0.4957
vn 0.8752 -0.0387 -0.4822
vn -0.7638 -0.5931 -0.2547
vn -0.8163 -0.4827 -0.3173
vn -0.7733 -0.4335 -0.4626
vn -0.7733 -0.4336 -0.4626
vn -0.7638 -0.5931 0.2547
vn -0.7733 -0.4335 0.4626
vn -0.7734 -0.4335 0.4626
vn -0.8163 -0.4827 0.3173
vn 0.7335 -0.2555 0.6299
vn 0.8217 -0.1796 0.5408
vn 0.7579 -0.1606 0.6322
vn 0.0842 -0.4121 0.9073
vn -0.0548 -0.4164 0.9076
vn -0.0074 -0.3739 0.9275
vn -0.3161 -0.4124 0.8544
vn -0.2384 -0.3017 0.9231
vn -0.1068 -0.1595 0.9814
vn 0.0292 -0.0779 0.9965
vn -0.1047 0.0690 0.9921
vn -0.3085 -0.2201 -0.9254
vn -0.1556 -0.3232 -0.9335
vn -0.3849 -0.4369 -0.8130
vn 0.3301 -0.1851 -0.9256
vn 0.3608 -0.1483 -0.9208
vn 0.3522 -0.0417 -0.9350
vn 0.0128 -0.1278 -0.9917
vn -0.0194 -0.3934 -0.9192
vn -0.0106 -0.3177 -0.9481
vn 0.9586 -0.1417 -0.2471
vn 0.9731 -0.0172 -0.2297
vn 0.9514 -0.1291 -0.2797
vn 0.8727 -0.1544 0.4632
vn 0.8763 -0.0745 0.4759
vn 0.0128 -0.1278 0.9917
vn -0.0106 -0.3177 0.9481
vn -0.0194 -0.3934 0.9192
vn 0.0304 -0.2342 0.9717
vn 0.1143 -0.0935 0.9890
vn 0.0546 -0.0754 0.9957
vn -0.0094 -0.0700 0.9975
vn -0.0142 -0.2850 -0.9584
vn -0.0821 -0.1646 -0.9829
vn -0.0434 -0.3965 -0.9170
vn -0.0362 -0.3630 -0.9311
vn -0.0200 -0.3929 -0.9194
vn -0.0678 -0.2832 -0.9567
vn -0.0178 -0.2981 -0.9544
vn -0.0586 -0.3224 -0.9448
vn -0.0655 -0.3356 -0.9397
vn -0.0874 -0.2852 -0.9545
vn 0.0043 -0.4409 -0.8975
vn 0.0049 -0.5729 -0.8196
vn 0.0715 -0.4425 -0.8939
vn -0.1127 -0.3920 -0.9130
vn -0.1712 -0.4426 -0.8802
vn -0.0734 -0.4442 -0.8929
vn -0.0816 -0.4273 -0.9004
vn -0.0816 -0.4273 0.9004
vn -0.1127 -0.3920 0.9130
vn -0.0734 -0.4442 0.8929
vn -0.1712 -0.4426 0.8802
vn -0.0301 -0.4431 0.8960
vn 0.0049 -0.5729 0.8196
vn -0.1002 -0.3355 0.9367
vn -0.0586 -0.3224 0.9448
vn -0.0655 -0.3356 0.9397
vn -0.0596 -0.3623 0.9301
vn -0.0200 -0.3929 0.9194
vn -0.0874 -0.2852 0.9545
vn -0.0678 -0.2832 0.9567
vn -0.0603 -0.3657 0.9288
vn -0.0178 -0.2981 0.9544
vn -0.0610 -0.3372 0.9394
vn -0.0095 -0.2527 0.9675
vn -0.0362 -0.3630 0.9311
vn -0.0434 -0.3966 0.9170
vn -0.0512 -0.3322 0.9418
vn -0.0821 -0.1647 0.9829
vn -0.0142 -0.2850 0.9584
vn 0.1617 -0.3465 -0.9240
vn 0.0839 -0.1534 -0.9846
vn 0.0031 -0.2713 -0.9625
vn -0.1141 -0.2881 -0.9508
vn -0.0334 -0.3225 -0.9460
vn -0.0079 -0.4455 -0.8952
vn 0.0225 -0.3974 -0.9174
vn -0.0302 -0.4162 -0.9088
vn -0.0302 -0.4161 -0.9088
vn -0.0000 -0.4097 -0.9122
vn -0.0802 -0.3646 -0.9277
vn -0.1298 -0.4139 -0.9010
vn -0.1057 -0.4093 -0.9063
vn -0.1562 -0.4260 -0.8911
vn 0.7154 -0.0985 -0.6917
vn 0.7438 -0.0650 -0.6653
vn 0.7616 -0.0580 -0.6455
vn -0.4581 -0.4163 -0.7854
vn -0.4582 -0.4163 -0.7853
vn -0.6103 -0.3414 -0.7148
vn -0.5547 -0.3919 -0.7339
vn -0.4408 -0.3855 -0.8106
vn -0.8201 -0.5709 0.0391
vn -0.7193 -0.6433 0.2624
vn -0.7327 -0.6250 -0.2694
vn -0.8201 -0.5709 0.0392
vn -0.7542 -0.6483 -0.1044
vn -0.8210 -0.5653 0.0805
vn -0.6452 -0.7521 0.1348
vn 0.9735 -0.2288 0.0034
vn 0.9917 -0.1219 -0.0406
vn 0.9892 -0.1236 0.0793
vn 0.9718 -0.1674 0.1661
vn 0.9598 -0.0337 0.2787
vn 0.9679 -0.1482 0.2029
vn -0.4581 -0.4163 0.7854
vn -0.4408 -0.3855 0.8106
vn -0.4582 -0.4163 0.7854
vn -0.5547 -0.3919 0.7339
vn -0.6103 -0.3414 0.7148
vn -0.0872 -0.3438 0.9350
vn -0.0802 -0.3646 0.9277
vn -0.0000 -0.4097 0.9122
vn 0.0715 -0.4425 0.8939
vn -0.1347 -0.3497 0.9271
vn 0.6349 -0.1743 0.7527
vn 0.6340 -0.0000 0.7733
vn 0.5257 -0.0000 0.8506
vn -0.0462 -0.2395 0.9698
vn 0.2841 -0.1211 0.9511
vn 0.3057 -0.0265 0.9518
vn 0.2423 -0.0401 0.9694
vn 0.1198 -0.1757 -0.9771
vn 0.1960 -0.0578 -0.9789
vn 0.0583 -0.0434 -0.9974
vn -0.1598 -0.0906 -0.9830
vn -0.0297 -0.4097 -0.9118
vn 0.0537 -0.3592 -0.9317
vn -0.0165 -0.3214 -0.9468
vn -0.0735 -0.3770 -0.9233
vn -0.1142 -0.3909 -0.9133
vn -0.0980 -0.4483 -0.8885
vn -0.7509 -0.3530 -0.5581
vn -0.7415 -0.2933 -0.6034
vn -0.7983 -0.3116 -0.5153
vn -0.8468 -0.3042 -0.4364
vn -0.8325 -0.4212 -0.3599
vn -0.8410 -0.2771 -0.4647
vn -0.7845 -0.3280 -0.5262
vn -0.7984 -0.3116 -0.5153
vn 0.9759 -0.1950 -0.0976
vn 0.9771 -0.1886 -0.0985
vn 0.9914 -0.1220 -0.0479
vn -0.7983 -0.3116 0.5153
vn -0.7509 -0.3530 0.5581
vn -0.7845 -0.3280 0.5262
vn -0.8410 -0.2771 0.4647
vn -0.8325 -0.4212 0.3599
vn -0.8337 -0.4203 0.3582
vn -0.8468 -0.3042 0.4364
vn -0.7415 -0.2933 0.6034
vn 0.8583 -0.1515 0.4902
vn 0.9016 -0.0223 0.4319
vn 0.8720 -0.0910 0.4809
vn -0.0212 -0.2573 0.9661
vn 0.0225 -0.3974 0.9174
vn -0.0679 -0.4324 0.8991
vn -0.1143 -0.3358 0.9350
vn -0.1060 -0.3432 0.9332
vn -0.0735 -0.3770 0.9233
vn -0.0165 -0.3214 0.9468
vn -0.0079 -0.4455 0.8952
vn -0.0980 -0.4483 0.8885
vn -0.1051 -0.3930 0.9135
vn 0.0017 -0.3927 0.9197
vn 0.0017 -0.3927 0.9196
vn 0.0831 -0.5588 0.8251
vn -0.2029 -0.4884 0.8487
vn -0.1502 -0.3407 0.9281
vn -0.1426 -0.0978 0.9849
vn -0.0297 -0.4097 0.9118
vn 0.0537 -0.3591 0.9317
vn 0.3067 -0.0941 -0.9471
vn 0.2587 -0.0000 -0.9660
vn 0.3953 0.0139 -0.9184
vn 0.3953 0.0138 -0.9184
vn -0.0000 -0.4082 -0.9129
vn -0.0234 -0.5183 -0.8549
vn -0.0000 -0.5257 -0.8507
vn -0.0000 -0.5257 -0.8506
vn -0.1060 -0.3432 -0.9333
vn -0.0603 -0.3657 -0.9288
vn -0.1481 -0.4366 -0.8874
vn -0.0679 -0.4324 -0.8991
vn -0.1427 -0.3820 -0.9131
vn -0.1133 -0.3863 -0.9154
vn 0.8563 -0.0622 -0.5128
vn 0.8259 0.0547 -0.5612
vn 0.8801 0.1054 -0.4630
vn 0.8954 -0.0156 -0.4449
vn 0.9246 0.0364 -0.3792
vn 0.9328 0.0504 -0.3569
vn -0.7990 -0.5549 -0.2318
vn -0.8426 -0.5318 -0.0846
vn -0.7990 -0.5549 0.2318
vn -0.8256 -0.5461 0.1422
vn 0.9638 -0.1483 0.2214
vn 0.9453 -0.0997 0.3106
vn 0.9244 -0.0681 0.3753
vn 0.8944 -0.0000 0.4472
vn -0.0409 -0.3303 0.9430
vn -0.1133 -0.3863 0.9154
vn -0.1481 -0.4366 0.8874
vn -0.0000 -0.4082 0.9129
vn -0.0000 -0.5257 0.8506
vn -0.0234 -0.5183 0.8549
vn -0.2384 -0.3017 -0.9231
vn -0.1268 -0.1364 -0.9825
vn -0.2236 -0.1635 -0.9609
vn -0.3199 -0.1991 -0.9263
vn -0.3161 -0.4124 -0.8544
vn -0.0467 -0.3530 -0.9345
vn -0.0512 -0.3322 -0.9418
vn -0.1314 -0.2744 -0.9526
vn 0.0017 -0.3926 -0.9197
vn 0.0831 -0.5588 -0.8251
vn 0.0103 -0.2681 -0.9633
vn -0.0411 -0.5763 -0.8162
vn -0.0169 -0.5279 -0.8491
vn -0.0434 -0.3966 -0.9170
vn 0.0157 -0.3545 -0.9349
vn -0.0453 -0.3173 -0.9472
vn -0.0409 -0.3303 -0.9430
vn -0.0541 -0.3305 -0.9423
vn -0.0820 -0.3336 -0.9391
vn -0.0826 -0.4994 -0.8624
vn 0.9716 -0.0687 -0.2265
vn 0.9716 -0.0687 -0.2266
vn 0.9286 -0.0446 -0.3683
vn 0.9716 -0.0686 -0.2265
vn 0.9287 -0.0446 -0.3683
vn 0.9567 -0.1632 -0.2409
vn -0.1427 -0.3820 0.9131
vn -0.0714 -0.3146 0.9465
vn -0.0302 -0.4162 0.9088
vn -0.0169 -0.5279 0.8491
vn -0.0652 -0.5588 0.8267
vn -0.0334 -0.3225 0.9460
vn 0.0103 -0.2681 0.9633
vn 0.1646 -0.1032 0.9810
vn 0.1845 0.0370 0.9821
vn 0.1465 0.0584 0.9875
vn -0.0467 -0.3529 -0.9345
vn -0.1265 -0.0313 -0.9915
vn 0.1374 0.0103 -0.9905
vn 0.1374 0.0102 -0.9905
vn 0.5944 -0.0318 -0.8035
vn 0.5396 0.0496 -0.8405
vn 0.6293 0.0287 -0.7766
vn 0.6878 0.0442 -0.7246
vn -0.0555 -0.5166 -0.8544
vn 0.1370 -0.5064 -0.8513
vn -0.3007 -0.4471 -0.8425
vn -0.1494 -0.2678 -0.9518
vn -0.5552 -0.3782 -0.7408
vn -0.4580 -0.2708 -0.8467
vn -0.1494 -0.2678 0.9518
vn -0.3007 -0.4471 0.8425
vn -0.2963 -0.3171 0.9009
vn -0.4580 -0.2708 0.8467
vn -0.1562 -0.4260 0.8911
vn -0.0555 -0.5165 0.8545
vn -0.2064 -0.3358 0.9191
vn -0.2064 -0.3358 0.9190
vn -0.1318 -0.3195 0.9384
vn -0.1057 -0.4093 0.9063
vn -0.1108 -0.2734 0.9555
vn -0.0291 -0.4157 0.9090
vn -0.1245 -0.3281 0.9364
vn -0.0643 -0.3854 0.9205
vn 0.4475 -0.0360 0.8936
vn 0.5391 0.0355 0.8415
vn 0.4752 0.0404 0.8790
vn 0.4751 0.0404 0.8790
vn 0.1341 -0.3563 0.9247
vn 0.1040 -0.0503 0.9933
vn 0.1323 0.0303 0.9907
vn -0.0467 -0.3529 0.9345
vn -0.1265 -0.0313 0.9915
vn -0.3199 -0.1991 0.9263
vn 0.1952 -0.2767 -0.9409
vn 0.0472 -0.1938 -0.9799
vn -0.1417 -0.2080 -0.9678
vn -0.1820 -0.4659 -0.8659
vn -0.1605 -0.3320 -0.9295
vn -0.2875 -0.2272 -0.9304
vn -0.0886 -0.3346 -0.9382
vn 0.0675 -0.1796 -0.9814
vn -0.0023 -0.1712 -0.9852
vn -0.0787 -0.3405 -0.9370
vn -0.8095 -0.4804 -0.3376
vn -0.7993 -0.4078 -0.4413
vn 0.9893 -0.1351 -0.0555
vn 0.9948 -0.1004 0.0166
vn 0.9847 -0.0261 0.1721
vn -0.7993 -0.4078 0.4413
vn -0.8095 -0.4804 0.3376
vn 0.7451 -0.0000 0.6669
vn 0.8563 0.0517 0.5139
vn 0.7441 0.0856 0.6625
vn 0.6379 0.0274 0.7697
vn 0.0825 -0.3066 0.9482
vn 0.1369 -0.5064 0.8514
vn -0.0023 -0.1712 0.9852
vn 0.0675 -0.1796 0.9814
vn 0.0408 -0.5124 -0.8578
vn 0.2594 -0.1949 -0.9459
vn -0.0151 -0.0448 -0.9989
vn -0.1273 -0.1734 -0.9766
vn -0.2397 -0.0993 -0.9658
vn -0.2397 -0.0993 -0.9657
vn -0.1049 -0.2214 -0.9695
vn 0.0089 -0.2973 -0.9548
vn 0.0089 -0.2974 -0.9547
vn -0.0105 -0.3904 -0.9206
vn 0.0197 -0.5116 -0.8590
vn 0.0226 -0.2230 -0.9746
vn -0.0459 -0.2388 -0.9700
vn 0.4707 0.0590 -0.8803
vn 0.4681 0.0554 -0.8819
vn 0.5179 0.0790 -0.8518
vn -0.0643 -0.3854 -0.9205
vn -0.1246 -0.3281 -0.9364
vn -0.0291 -0.4157 -0.9090
vn 0.9407 0.0110 -0.3392
vn 0.9406 0.0110 -0.3392
vn 0.9150 0.0583 -0.3992
vn 0.9171 0.0397 -0.3966
vn -0.0105 -0.3904 0.9206
vn -0.0459 -0.2388 0.9700
vn 0.0226 -0.2230 0.9746
vn 0.0197 -0.5116 0.8590
vn -0.1142 -0.3909 0.9133
vn -0.1049 -0.2214 0.9695
vn -0.1280 -0.2308 0.9645
vn -0.1314 -0.2744 0.9526
vn -0.1895 -0.5647 0.8033
vn -0.2397 -0.0993 0.9658
vn -0.1417 -0.2080 0.9678
vn 0.0471 -0.1938 0.9799
vn 0.0472 -0.1938 0.9799
vn 0.1952 -0.2767 0.9409
vn 0.2584 -0.0245 0.9657
vn 0.2650 0.0295 0.9638
vn 0.2278 0.0607 0.9718
vn -0.1268 -0.1364 0.9825
vn -0.2236 -0.1635 0.9609
vn -0.0151 -0.0448 0.9989
vn 0.0824 0.0556 0.9950
vn 0.0128 0.0804 0.9967
vn 0.0535 0.0105 0.9985
vn -0.0069 -0.0674 0.9977
vn 0.2578 -0.0118 -0.9661
vn 0.1954 0.0677 -0.9784
vn 0.2652 0.0570 -0.9625
vn 0.3085 0.1058 -0.9453
vn -0.0582 -0.4345 -0.8988
vn -0.0469 -0.2993 -0.9530
vn -0.0590 -0.3694 -0.9274
vn -0.0000 -0.3827 -0.9239
vn 0.7367 -0.1368 -0.6622
vn 0.7498 -0.0123 -0.6616
vn 0.8666 -0.0201 -0.4987
vn 0.8362 0.0482 -0.5462
vn 0.8571 0.0554 -0.5122
vn 0.9805 -0.1087 -0.1640
vn 0.9754 -0.0012 -0.2203
vn 0.9961 -0.0467 -0.0743
vn 0.9870 -0.0723 0.1433
vn 0.9772 -0.1882 0.0978
vn 0.9877 -0.1307 0.0860
vn 0.9723 -0.2056 0.1110
vn 0.9573 0.0098 0.2891
vn 0.9326 0.0605 0.3559
vn -0.0582 -0.4345 0.8988
vn -0.0590 -0.3694 0.9274
vn -0.0469 -0.2993 0.9530
vn -0.0000 -0.3827 0.9239
vn -0.0000 -0.5257 0.8507
vn -0.2533 0.1154 0.9605
vn -0.2533 0.1153 0.9605
vn -0.0159 -0.0941 0.9954
vn -0.0359 -0.0408 0.9985
vn -0.0642 0.2145 -0.9746
vn 0.0191 0.2482 -0.9685
vn 0.0797 0.0569 -0.9952
vn -0.0172 -0.0132 -0.9998
vn 0.0021 -0.1263 -0.9920
vn 0.0511 0.0661 -0.9965
vn -0.0378 -0.1147 -0.9927
vn -0.0306 -0.0388 -0.9988
vn -0.0428 -0.0349 -0.9985
vn -0.0689 -0.0131 -0.9975
vn 0.1255 -0.0081 -0.9921
vn 0.1369 0.0670 -0.9883
vn -0.1895 -0.5647 -0.8033
vn -0.2926 -0.2117 -0.9325
vn 0.0580 -0.1888 -0.9803
vn 0.3981 0.0309 -0.9168
vn 0.3707 0.1627 -0.9144
vn 0.3773 0.0903 -0.9217
vn -0.0714 -0.3146 -0.9465
vn -0.0622 -0.3392 -0.9387
vn -0.0714 -0.3147 -0.9465
vn -0.0640 -0.3455 -0.9362
vn -0.1107 -0.2059 -0.9723
vn -0.1307 -0.2774 -0.9518
vn -0.1162 -0.2181 -0.9690
vn -0.1802 -0.0834 -0.9801
vn -0.1443 -0.1849 -0.9721
vn -0.1342 -0.1943 -0.9717
vn -0.1108 -0.2734 -0.9555
vn -0.1318 -0.3195 -0.9384
vn -0.1250 -0.1716 -0.9772
vn -0.1662 -0.0991 -0.9811
vn -0.2064 -0.3358 -0.9190
vn -0.2963 -0.3171 -0.9009
vn -0.4341 -0.0804 -0.8973
vn -0.2956 -0.0000 -0.9553
vn 0.7696 0.0773 -0.6338
vn 0.7493 0.2003 -0.6312
vn 0.8498 0.1575 -0.5031
vn 0.8258 0.0547 -0.5613
vn -0.8185 -0.1657 -0.5500
vn -0.8232 -0.0676 -0.5637
vn -0.8050 -0.1241 -0.5802
vn -0.6468 -0.1805 -0.7410
vn -0.8166 -0.5772 -0.0100
vn -0.8372 -0.4885 0.2458
vn -0.7618 -0.6477 0.0101
vn -0.7603 -0.6355 -0.1345
vn -0.7542 -0.6482 -0.1045
vn -0.5552 -0.3782 0.7408
vn -0.6468 -0.1805 0.7410
vn -0.8050 -0.1241 0.5802
vn -0.8232 -0.0676 0.5637
vn -0.8185 -0.1657 0.5501
vn -0.5057 -0.2452 0.8271
vn -0.1162 -0.2181 0.9690
vn -0.1342 -0.1943 0.9717
vn -0.1443 -0.1849 0.9721
vn -0.1802 -0.0834 0.9801
vn 0.0157 -0.3545 0.9349
vn -0.0453 -0.3173 0.9473
vn 0.0233 -0.2685 0.9630
vn -0.1307 -0.2774 0.9518
vn -0.1307 -0.2775 0.9518
vn -0.0826 -0.4994 0.8624
vn -0.0827 -0.4994 0.8624
vn -0.1107 -0.2059 0.9723
vn -0.0820 -0.3336 0.9392
vn -0.0820 -0.3336 0.9391
vn -0.0622 -0.3392 0.9387
vn -0.0787 -0.3405 0.9370
vn -0.1317 -0.2149 0.9677
vn -0.1269 -0.3064 0.9434
vn 0.0408 -0.5124 0.8578
vn 0.2594 -0.1949 0.9459
vn 0.0580 -0.1888 0.9803
vn -0.0177 -0.0165 0.9997
vn -0.0511 -0.1248 0.9909
vn -0.0545 0.0524 0.9971
vn -0.0739 -0.4907 -0.8682
vn -0.1280 -0.2057 -0.9702
vn -0.0739 -0.4906 -0.8682
vn -0.0598 -0.2665 -0.9620
vn -0.0598 -0.2666 -0.9620
vn -0.1046 -0.1674 -0.9803
vn -0.7835 -0.5782 -0.2277
vn -0.8677 -0.4003 -0.2947
vn -0.9236 -0.3002 -0.2383
vn -0.8023 -0.3021 -0.5148
vn -0.9232 -0.3784 -0.0671
vn -0.7835 -0.5782 0.2277
vn -0.9232 -0.3784 0.0671
vn -0.8023 -0.3021 0.5148
vn -0.9236 -0.3002 0.2383
vn -0.8677 -0.4003 0.2947
vn -0.7835 -0.5781 0.2277
vn -0.8094 -0.4804 0.3376
vn 0.9004 0.0551 0.4315
vn 0.9122 -0.0000 0.4097
vn 0.9066 0.0918 0.4120
vn 0.7683 0.1661 0.6182
vn 0.6916 0.0867 0.7171
vn 0.5433 0.1181 0.8312
vn 0.1366 -0.1862 0.9730
vn -0.1045 -0.1674 0.9803
vn -0.0541 -0.3305 0.9423
vn -0.0517 -0.1905 0.9803
vn -0.0157 -0.2973 0.9546
vn -0.0476 -0.4713 0.8807
vn -0.1000 -0.2293 0.9682
vn -0.0978 0.0140 0.9951
vn -0.0820 -0.2842 0.9553
vn -0.0886 -0.3345 0.9382
vn 0.0228 0.0877 0.9959
vn -0.2064 0.1334 0.9693
vn -0.2876 -0.2272 0.9304
vn -0.1680 -0.1533 0.9738
vn -0.0749 -0.0008 -0.9972
vn -0.1138 -0.1312 -0.9848
vn -0.2064 0.1334 -0.9693
vn 0.0228 0.0877 -0.9959
vn -0.1680 -0.1534 -0.9738
vn -0.1680 -0.1533 -0.9738
vn -0.0299 -0.0748 -0.9968
vn -0.1417 -0.0049 -0.9899
vn -0.0846 0.0211 -0.9962
vn -0.0000 -0.0000 -1.0000
vn -0.0157 -0.2973 -0.9546
vn -0.0635 -0.2963 -0.9530
vn -0.0871 -0.1316 -0.9875
vn -0.0091 -0.1158 -0.9932
vn -0.0517 -0.1905 -0.9803
vn 0.0825 -0.3067 -0.9482
vn 0.1367 -0.1862 -0.9730
vn -0.0252 -0.0090 -0.9996
vn -0.0170 -0.1202 -0.9926
vn -0.0468 -0.2153 -0.9754
vn -0.0000 -0.3245 -0.9459
vn -0.0749 -0.2388 -0.9682
vn -0.0720 -0.2106 -0.9749
vn 0.9301 0.0790 -0.3588
vn 0.9263 0.1434 -0.3484
vn 0.8872 0.1505 -0.4362
vn 0.9374 -0.1085 -0.3310
vn 0.9198 0.0604 -0.3877
vn -0.0720 -0.2106 0.9749
vn -0.0750 -0.2388 0.9682
vn -0.0468 -0.2153 0.9754
vn -0.0000 -0.3245 0.9459
vn -0.0170 -0.1202 0.9926
vn -0.0252 -0.0090 0.9996
vn -0.0091 -0.1158 0.9932
vn -0.0871 -0.1316 0.9875
vn -0.0635 -0.2963 0.9530
vn 0.0089 -0.2973 0.9547
vn -0.0000 -0.0000 1.0000
vn -0.0846 0.0211 0.9962
vn -0.1417 -0.0049 0.9899
vn -0.0299 -0.0748 0.9967
vn -0.1317 -0.0066 0.9913
vn -0.0693 -0.0835 0.9941
vn 0.1669 0.1350 0.9767
vn 0.0982 0.1416 0.9850
vn -0.2533 0.1154 -0.9605
vn -0.1317 -0.0066 -0.9913
vn -0.1345 0.2268 -0.9646
vn 0.0399 0.2087 -0.9772
vn 0.1700 0.1340 -0.9763
vn -0.0693 -0.0835 -0.9941
vn -0.0474 -0.0637 -0.9968
vn 0.0161 -0.0449 -0.9989
vn 0.0869 -0.2482 -0.9648
vn 0.0951 -0.0187 -0.9953
vn 0.0057 -0.0947 -0.9955
vn -0.0214 -0.0791 -0.9966
vn -0.1280 -0.2308 -0.9645
vn -0.0857 -0.0396 -0.9955
vn -0.5057 -0.2452 -0.8271
vn -0.5446 -0.1181 -0.8303
vn -0.8579 -0.1198 -0.4996
vn -0.8591 -0.1630 -0.4852
vn -0.8956 -0.1158 -0.4295
vn -0.8590 -0.0449 -0.5101
vn -0.9041 0.0458 -0.4249
vn -0.8579 -0.1198 0.4996
vn -0.8591 -0.1630 0.4853
vn -0.8185 -0.1657 0.5500
vn -0.8590 -0.0449 0.5101
vn -0.8956 -0.1158 0.4295
vn -0.2956 -0.0000 0.9553
vn -0.4341 -0.0804 0.8973
vn -0.1662 -0.0991 0.9811
vn 0.0869 -0.2482 0.9648
vn 0.0161 -0.0449 0.9989
vn -0.0474 -0.0637 0.9968
vn 0.0057 -0.0947 0.9955
vn 0.0951 -0.0187 0.9953
vn 0.3130 0.0531 0.9483
vn 0.3471 0.1956 0.9172
vn 0.3019 0.2076 0.9305
vn -0.1273 -0.1733 0.9766
vn -0.0805 0.0297 0.9963
vn -0.0581 -0.1023 0.9931
vn -0.0676 -0.0350 0.9971
vn -0.2926 -0.2117 0.9325
vn 0.0399 0.2087 0.9772
vn -0.1903 0.2841 0.9397
vn 0.1226 0.1955 0.9730
vn 0.0119 0.0357 0.9993
vn 0.0377 0.2573 0.9656
vn 0.1323 0.0304 0.9907
vn -0.0642 0.2145 0.9746
vn -0.1411 0.2208 0.9651
vn -0.0770 0.0757 -0.9942
vn 0.0254 -0.2384 -0.9708
vn -0.0215 0.0197 -0.9996
vn -0.0385 -0.1034 -0.9939
vn -0.1269 -0.3064 -0.9434
vn -0.0619 -0.1145 -0.9915
vn -0.0774 -0.0111 -0.9969
vn -0.1317 -0.2149 -0.9677
vn -0.0776 -0.0116 -0.9969
vn -0.0978 0.0140 -0.9951
vn 0.6108 0.1208 -0.7825
vn 0.6370 0.3066 -0.7073
vn 0.7003 0.2196 -0.6793
vn 0.7057 0.1719 -0.6874
vn 0.6511 0.1782 -0.7378
vn 0.8767 0.1526 -0.4562
vn 0.7661 0.1786 -0.6174
vn 0.8162 0.0493 -0.5756
vn -0.9660 -0.0932 0.2410
vn -0.9661 -0.0932 -0.2410
vn -0.9660 -0.0932 -0.2411
vn -0.9985 -0.0441 0.0311
vn 0.9833 -0.0981 -0.1533
vn 0.9961 -0.0467 -0.0744
vn 0.9786 -0.1318 -0.1582
vn 0.9448 -0.3036 -0.1230
vn 0.9780 -0.1802 0.1054
vn 0.9817 -0.0408 0.1858
vn 0.9881 0.0170 0.1526
vn 0.8346 0.1983 0.5139
vn 0.8680 0.1612 0.4698
vn 0.8230 0.2411 0.5143
vn 0.8018 0.1805 0.5697
vn 0.7683 0.1661 0.6181
vn -0.4100 -0.0294 0.9116
vn -0.5446 -0.1181 0.8303
vn 0.0254 -0.2384 0.9708
vn -0.0385 -0.1034 0.9939
vn -0.0215 0.0197 0.9996
vn -0.0770 0.0757 0.9942
vn 0.0020 -0.0101 0.9999
vn -0.1064 -0.1835 0.9772
vn -0.0676 -0.0350 -0.9971
vn -0.0526 0.0938 -0.9942
vn -0.1244 0.0176 -0.9921
vn -0.1255 0.0283 -0.9917
vn -0.0581 -0.1023 -0.9931
vn 0.3217 0.2323 -0.9179
vn 0.0233 -0.2685 -0.9630
vn -0.0461 -0.1012 -0.9938
vn -0.0700 -0.1212 -0.9902
vn -0.1053 -0.1096 -0.9884
vn -0.0751 -0.1661 -0.9832
vn -0.0876 -0.0076 -0.9961
vn 0.7298 0.2103 -0.6505
vn 0.9142 0.0631 -0.4004
vn 0.8665 0.2415 -0.4370
vn 0.8981 0.1250 -0.4216
vn -0.9985 -0.0441 -0.0311
vn -0.9989 0.0202 -0.0429
vn 0.9839 0.0318 0.1759
vn 0.9858 0.0532 0.1595
vn 0.9274 0.0948 0.3618
vn 0.9107 0.1753 0.3739
vn 0.9170 0.1614 0.3649
vn 0.9130 0.1105 0.3926
vn 0.9107 0.1753 0.3740
vn 0.9170 0.1614 0.3648
vn 0.9316 0.0936 0.3512
vn -0.5853 -0.0676 0.8080
vn -0.6689 -0.0788 0.7391
vn -0.1250 -0.1716 0.9772
vn -0.0640 -0.3455 0.9362
vn -0.0619 -0.1145 0.9915
vn -0.0581 -0.1171 0.9914
vn -0.1255 0.0283 0.9917
vn -0.1244 0.0176 0.9921
vn -0.0526 0.0938 0.9942
vn 0.0020 -0.0101 -0.9999
vn -0.0354 0.0558 -0.9978
vn -0.0967 0.0787 -0.9922
vn -0.1903 0.2841 -0.9397
vn -0.2925 -0.2117 -0.9325
vn -0.0805 0.0297 -0.9963
vn -0.0148 0.1229 -0.9923
vn -0.1533 0.0203 -0.9880
vn -0.1064 -0.1835 -0.9772
vn 0.0162 -0.0150 -0.9998
vn -0.0178 -0.0967 -0.9952
vn 0.0058 -0.0953 -0.9954
vn -0.0265 -0.0720 -0.9971
vn -0.0616 0.0258 -0.9978
vn -0.6689 -0.0788 -0.7391
vn -0.6968 0.0181 -0.7170
vn -0.5693 0.0717 -0.8190
vn -0.5853 -0.0676 -0.8080
vn 0.8956 0.1243 -0.4272
vn 0.8208 0.2422 -0.5173
vn 0.8985 0.2514 -0.3600
vn 0.9627 -0.2175 -0.1607
vn 0.8967 -0.0560 -0.4390
vn 0.8913 -0.3357 -0.3049
vn -0.9041 0.0458 0.4249
vn -0.9164 0.0772 0.3926
vn -0.9989 0.0202 0.0429
vn -0.5693 0.0717 0.8190
vn -0.6968 0.0181 0.7170
vn 0.4741 0.1373 0.8697
vn 0.5667 0.2019 0.7988
vn 0.4743 0.2118 0.8545
vn 0.0162 -0.0150 0.9998
vn -0.0299 -0.0748 0.9968
vn 0.0058 -0.0954 0.9954
vn -0.0178 -0.0967 0.9952
vn -0.0857 -0.0396 0.9955
vn -0.0214 -0.0791 0.9966
vn 0.1700 0.1340 0.9763
vn -0.0148 0.1229 0.9923
vn 0.0720 0.1265 0.9893
vn 0.0689 0.1296 0.9892
vn 0.0292 0.2001 0.9793
vn 0.0065 0.0109 0.9999
vn -0.0158 -0.0941 0.9954
vn 0.0741 0.0718 -0.9947
vn 0.1034 0.2322 -0.9672
vn 0.1448 0.1865 -0.9717
vn -0.0477 -0.0194 -0.9987
vn 0.0295 -0.1351 -0.9904
vn -0.0176 0.0171 -0.9997
vn -0.0204 0.1327 -0.9909
vn 0.0057 -0.0574 -0.9983
vn 0.4684 0.1137 -0.8762
vn 0.4667 0.2294 -0.8541
vn 0.5728 0.1114 -0.8121
vn -0.8813 0.0395 -0.4710
vn -0.8476 0.0004 -0.5306
vn -0.9819 -0.0509 -0.1824
vn -0.9164 0.0772 -0.3926
vn -0.8050 -0.1241 0.5801
vn -0.8243 0.0255 0.5655
vn -0.8476 0.0004 0.5306
vn -0.0176 0.0171 0.9997
vn -0.0258 -0.0963 0.9950
vn 0.0066 -0.1024 0.9947
vn 0.0057 -0.0574 0.9983
vn 0.0295 -0.1351 0.9904
vn -0.0477 -0.0194 0.9987
vn 0.2426 0.2178 0.9453
vn 0.2102 0.2024 0.9565
vn 0.1006 0.1472 0.9840
vn 0.1154 0.0647 0.9912
vn 0.0619 -0.0174 -0.9979
vn 0.0619 -0.0173 -0.9979
vn 0.0831 0.2257 -0.9706
vn 0.0831 0.2257 -0.9707
vn -0.0268 -0.0209 -0.9994
vn -0.0856 -0.0728 -0.9937
vn 0.5879 0.2810 -0.7586
vn 0.6204 0.2831 -0.7314
vn -0.2512 -0.1413 -0.9576
vn -0.2842 -0.1242 -0.9507
vn -0.2614 0.0047 -0.9652
vn -0.1809 -0.1402 -0.9735
vn -0.4100 -0.0294 -0.9116
vn -0.4313 0.0183 -0.9020
vn -0.3626 0.0114 -0.9319
vn -0.3626 0.0113 -0.9319
vn -0.9522 0.2457 -0.1817
vn -0.9098 0.1651 -0.3808
vn 0.8831 0.1208 -0.4534
vn 0.8580 0.1707 -0.4844
vn 0.8446 0.0345 -0.5343
vn -0.9098 0.1651 0.3808
vn -0.9522 0.2457 0.1817
vn -0.9819 -0.0509 0.1824
vn -0.2512 -0.1413 0.9576
vn -0.1809 -0.1402 0.9735
vn -0.2614 0.0047 0.9652
vn -0.2842 -0.1242 0.9507
vn -0.3626 0.0113 0.9319
vn -0.3626 0.0114 0.9319
vn -0.4313 0.0183 0.9020
vn -0.0461 -0.1012 0.9938
vn -0.0700 -0.1212 0.9902
vn -0.0856 -0.0728 0.9937
vn -0.0876 -0.0076 0.9961
vn -0.0268 -0.0209 0.9994
vn -0.0751 -0.1661 0.9832
vn -0.0774 -0.0111 0.9969
vn -0.0265 -0.0720 0.9971
vn -0.0976 -0.0067 0.9952
vn -0.0932 -0.0031 0.9956
vn -0.0616 0.0258 0.9978
vn -0.1162 0.0728 0.9906
vn -0.1271 -0.1188 0.9848
vn -0.2192 0.0983 0.9707
vn -0.0970 0.1818 0.9785
vn -0.0445 0.0573 0.9974
vn -0.0695 0.1459 -0.9869
vn 0.1080 0.1336 -0.9851
vn -0.0624 -0.0804 -0.9948
vn -0.0972 -0.1543 -0.9832
vn -0.0581 -0.1171 -0.9914
vn -0.0777 -0.0785 -0.9939
vn -0.0495 -0.0740 -0.9960
vn -0.0918 -0.1174 -0.9888
vn -0.1250 -0.1715 -0.9772
vn -0.1042 -0.0670 -0.9923
vn -0.0621 -0.1000 -0.9930
vn -0.0621 -0.1000 -0.9931
vn -0.1000 -0.0491 -0.9938
vn -0.0576 -0.1085 -0.9924
vn -0.1366 -0.0955 -0.9860
vn -0.1463 0.0865 -0.9855
vn 0.9124 -0.4004 -0.0846
vn 0.8912 -0.3357 -0.3049
vn 0.7755 -0.4519 -0.4408
vn 0.8289 -0.5426 -0.1360
vn 0.8631 -0.5025 0.0500
vn 0.8841 0.2685 0.3825
vn 0.9041 -0.0598 0.4231
vn 0.9040 -0.0598 0.4232
vn 0.8081 0.3764 0.4532
vn 0.9139 0.2527 0.3177
vn 0.7898 0.2671 0.5521
vn 0.6918 0.2231 0.6868
vn 0.6916 0.0867 0.7170
vn 0.6931 0.3285 0.6416
vn 0.5983 0.3155 0.7366
vn 0.6917 0.2231 0.6868
vn -0.1366 -0.0955 0.9860
vn -0.1339 -0.1944 0.9718
vn -0.0918 -0.1174 0.9888
vn -0.1463 0.0865 0.9855
vn -0.0621 -0.1000 0.9931
vn -0.0576 -0.1086 0.9924
vn -0.0621 -0.1000 0.9930
vn -0.1001 -0.0491 0.9938
vn -0.1042 -0.0670 0.9923
vn -0.0917 -0.1174 0.9888
vn -0.1250 -0.1715 0.9772
vn -0.1053 -0.1096 0.9884
vn -0.0288 -0.1731 0.9845
vn -0.1541 -0.1717 0.9730
vn -0.0366 -0.0991 0.9944
vn -0.0777 -0.0785 0.9939
vn 0.3335 0.2974 0.8946
vn 0.3303 0.3180 0.8887
vn -0.0537 -0.2960 0.9537
vn -0.0973 -0.1543 0.9832
vn -0.1228 -0.0644 0.9903
vn 0.0112 0.1303 -0.9914
vn -0.0290 -0.0835 -0.9961
vn -0.0115 -0.0986 -0.9951
vn -0.0151 -0.1291 -0.9915
vn -0.0258 -0.0963 -0.9950
vn -0.0937 -0.0977 -0.9908
vn -0.0366 -0.0991 -0.9944
vn -0.0472 -0.0480 -0.9977
vn -0.0582 -0.0756 -0.9954
vn -0.1541 -0.1717 -0.9730
vn -0.0357 -0.0954 -0.9948
vn -0.0726 -0.1049 -0.9918
vn 0.6694 0.2150 -0.7111
vn 0.7416 0.2121 -0.6364
vn -0.8243 0.0255 -0.5655
vn -0.8529 0.1446 -0.5016
vn -0.8058 0.2050 -0.5556
vn 0.8926 0.2323 -0.3863
vn 0.8951 0.2748 -0.3512
vn 0.8789 0.1917 -0.4367
vn 0.8664 0.2415 -0.4370
vn 0.8926 0.2323 -0.3864
vn -0.8926 0.4387 -0.1041
vn -0.9089 0.3556 -0.2179
vn -0.8688 0.2642 -0.4187
vn -0.9819 -0.0509 0.1823
vn -0.9819 -0.0509 -0.1823
vn 0.7716 -0.6355 0.0289
vn 0.8631 -0.5025 0.0501
vn 0.7716 -0.6355 0.0290
vn 0.8536 -0.2916 0.4317
vn 0.9817 -0.0408 0.1859
vn 0.6545 -0.5791 0.4860
vn 0.7669 -0.3455 0.5408
vn 0.9465 0.0240 0.3217
vn 0.9041 -0.0599 0.4232
vn 0.9466 0.0240 0.3217
vn -0.8813 0.0395 0.4710
vn -0.8529 0.1446 0.5016
vn -0.7243 0.1786 0.6660
vn -0.8058 0.2050 0.5556
vn -0.0726 -0.1049 0.9918
vn -0.0357 -0.0954 0.9948
vn -0.0582 -0.0755 0.9954
vn -0.0471 -0.0479 0.9977
vn -0.0204 0.1327 0.9909
vn -0.0151 -0.1291 0.9915
vn 0.0112 0.1303 0.9914
vn -0.0115 -0.0986 0.9951
vn -0.0290 -0.0835 0.9961
vn -0.0030 -0.0766 0.9971
vn -0.0937 -0.0977 0.9908
vn -0.0625 -0.0804 0.9948
vn -0.0845 -0.1041 0.9910
vn 0.0701 0.2596 0.9632
vn 0.1080 0.1336 0.9851
vn 0.1644 0.1224 0.9788
vn 0.0820 0.1748 0.9812
vn 0.0490 0.2460 0.9680
vn 0.2936 0.2523 -0.9220
vn 0.2128 0.2500 -0.9446
vn 0.2933 0.3286 -0.8978
vn -0.0030 -0.0766 -0.9971
vn -0.0982 -0.2148 -0.9717
vn -0.0316 -0.2292 -0.9729
vn -0.0845 -0.1041 -0.9910
vn -0.0932 -0.0031 -0.9956
vn -0.0770 0.0757 -0.9941
vn -0.0590 -0.1092 -0.9923
vn -0.0268 -0.0210 -0.9994
vn -0.0709 -0.0000 -0.9975
vn 0.0066 -0.1024 -0.9947
vn 0.0036 -0.0952 -0.9955
vn 0.3662 0.2003 -0.9087
vn 0.3802 0.2727 -0.8838
vn 0.3742 0.3180 -0.8711
vn 0.3679 0.2644 -0.8915
vn 0.4667 0.2294 -0.8542
vn -0.0513 -0.0799 -0.9955
vn -0.0196 -0.1172 -0.9929
vn -0.0490 -0.0871 -0.9950
vn -0.0582 -0.0755 -0.9954
vn -0.0598 -0.0850 -0.9946
vn -0.0481 -0.1672 -0.9847
vn -0.0471 -0.0701 -0.9964
vn 0.7723 0.3269 -0.5446
vn 0.7486 0.2899 -0.5963
vn 0.7477 0.4350 -0.5017
vn 0.8451 0.0728 -0.5296
vn 0.6262 -0.1249 -0.7696
vn 0.5727 -0.1531 -0.8054
vn 0.8496 0.3978 0.3464
vn 0.8961 0.3278 0.2993
vn 0.8489 0.2410 0.4704
vn 0.8234 0.4701 0.3177
vn 0.8307 0.2466 0.4992
vn -0.0471 -0.0701 0.9964
vn -0.0481 -0.1672 0.9847
vn -0.0598 -0.0850 0.9946
vn -0.0513 -0.0799 0.9955
vn -0.0196 -0.1172 0.9929
vn -0.0932 -0.0032 0.9956
vn -0.0590 -0.1092 0.9923
vn -0.0888 -0.1759 0.9804
vn -0.0709 -0.0000 0.9975
vn -0.0268 -0.0210 0.9994
vn -0.0677 0.0047 0.9977
vn -0.0000 -0.0985 0.9951
vn 0.0036 -0.0952 0.9954
vn 0.0488 0.2370 -0.9703
vn 0.1814 0.2107 -0.9606
vn 0.2738 0.3057 -0.9119
vn 0.6086 0.2389 -0.7567
vn 0.6263 0.2299 -0.7449
vn 0.6860 0.3181 -0.6544
vn 0.8787 0.2534 -0.4045
vn 0.8690 0.3075 -0.3876
vn 0.7639 0.4093 -0.4988
vn 0.8270 0.3617 0.4305
vn 0.7910 0.3323 0.5137
vn 0.7899 0.2671 0.5521
vn 0.0701 0.2596 -0.9632
vn -0.0893 0.1748 -0.9805
vn -0.0770 0.1370 -0.9876
vn -0.0132 0.1401 -0.9901
vn -0.0976 -0.0067 -0.9952
vn -0.1131 -0.0225 -0.9933
vn -0.0602 -0.1666 -0.9842
vn -0.0053 -0.0407 -0.9992
vn -0.1254 -0.1016 -0.9869
vn -0.0780 -0.2013 -0.9764
vn -0.2614 0.0048 -0.9652
vn -0.3785 0.2593 -0.8885
vn -0.3000 0.2523 -0.9200
vn -0.1779 0.1762 -0.9682
vn -0.1574 0.0938 -0.9831
vn -0.1574 0.0938 0.9831
vn -0.1779 0.1762 0.9682
vn -0.3000 0.2523 0.9200
vn -0.3785 0.2593 0.8885
vn -0.0495 -0.0740 0.9960
vn -0.1131 -0.0225 0.9933
vn 0.0200 -0.1278 0.9916
vn 0.4716 0.3771 0.7971
vn 0.3506 0.3625 0.8635
vn -0.0983 0.0298 0.9947
vn -0.0213 0.0260 0.9994
vn -0.0132 0.1401 0.9901
vn -0.0770 0.1370 0.9876
vn -0.0620 0.1483 0.9870
vn -0.1533 0.0203 0.9880
vn -0.0695 0.1459 0.9869
vn -0.0359 0.2353 0.9713
vn 0.0027 0.1272 0.9919
vn 0.2628 0.3126 0.9128
vn 0.2991 0.3022 0.9051
vn 0.2393 0.3286 0.9136
vn 0.1080 0.1335 0.9851
vn 0.0496 0.2181 -0.9747
vn 0.0889 0.2367 -0.9675
vn 0.0873 0.2421 -0.9663
vn 0.0876 0.2371 -0.9675
vn -0.0983 0.0298 -0.9947
vn -0.0213 0.0260 -0.9994
vn -0.0472 0.0322 -0.9984
vn 0.0027 0.1272 -0.9919
vn -0.0537 -0.2960 -0.9537
vn -0.1277 -0.1932 -0.9728
vn 0.0614 -0.1297 -0.9896
vn 0.0614 -0.1298 -0.9896
vn -0.0101 -0.1194 -0.9928
vn -0.0165 -0.0954 -0.9953
vn -0.0288 -0.1731 -0.9845
vn -0.1744 -0.1650 -0.9708
vn 0.0565 -0.0981 -0.9936
vn -0.1663 0.1749 -0.9705
vn -0.1648 0.0479 -0.9852
vn 0.7184 0.3605 -0.5949
vn 0.7906 0.3906 -0.4716
vn 0.7897 0.3885 -0.4749
vn 0.7930 0.3839 -0.4731
vn 0.7765 0.2366 -0.5840
vn 0.6257 0.0299 -0.7795
vn 0.7641 -0.4808 -0.4301
vn 0.4192 -0.2691 -0.8671
vn 0.6483 -0.3684 -0.6664
vn 0.7690 -0.6107 -0.1889
vn 0.6483 -0.3684 -0.6663
vn 0.8003 -0.5393 -0.2620
vn 0.8825 -0.4578 0.1077
vn 0.5760 -0.1964 0.7935
vn 0.4714 -0.4200 0.7754
vn 0.6046 -0.3138 0.7321
vn 0.3878 -0.3102 0.8680
vn 0.2687 0.0128 0.9631
vn 0.2687 0.0129 0.9631
vn 0.7187 0.2813 0.6359
vn 0.4174 0.5360 0.7339
vn 0.8035 0.4342 0.4073
vn -0.8688 0.2642 0.4187
vn 0.8377 0.4765 0.2668
vn 0.8880 0.3251 0.3251
vn 0.8510 0.4318 0.2990
vn -0.1648 0.0479 0.9852
vn -0.1663 0.1749 0.9705
vn -0.0053 -0.0407 0.9992
vn 0.0565 -0.0981 0.9936
vn -0.1744 -0.1650 0.9708
vn -0.1746 -0.1646 0.9708
vn 0.0805 0.0999 -0.9917
vn -0.0556 -0.0790 -0.9953
vn -0.0206 0.2066 -0.9782
vn 0.0878 0.4043 -0.9104
vn -0.2029 0.0779 -0.9761
vn -0.2029 0.2785 -0.9388
vn -0.3435 0.0839 -0.9354
vn 0.0912 -0.1349 -0.9866
vn -0.0324 0.0075 -0.9994
vn -0.2680 -0.1007 -0.9581
vn -0.0677 0.0047 -0.9977
vn -0.1451 0.0409 -0.9886
vn -0.1937 0.1800 -0.9644
vn -0.1202 0.1950 -0.9734
vn -0.7243 0.1786 -0.6660
vn -0.8188 0.2744 -0.5043
vn -0.7356 0.2345 -0.6356
vn -0.5497 0.2887 -0.7839
vn -0.5775 0.2107 -0.7887
vn 0.8343 0.3766 -0.4026
vn 0.7852 0.4927 -0.3752
vn 0.7987 0.5097 -0.3197
vn 0.7974 0.5522 -0.2436
vn 0.8643 0.4587 -0.2066
vn 0.3882 -0.2904 -0.8746
vn 0.3085 -0.0648 -0.9490
vn 0.3118 -0.4047 -0.8596
vn -0.8926 0.4387 -0.1040
vn -0.8926 0.4387 0.1041
vn -0.9042 0.4140 -0.1053
vn 0.8725 -0.4792 -0.0958
vn 0.7043 -0.5990 0.3809
vn -0.9089 0.3556 0.2179
vn -0.9041 0.4140 0.1053
vn 0.8600 -0.4725 0.1925
vn -0.8188 0.2744 0.5043
vn -0.8671 0.3896 0.3105
vn -0.8671 0.3895 0.3105
vn -0.1260 0.1648 0.9782
vn -0.1202 0.1950 0.9734
vn -0.1276 -0.1932 0.9728
vn 0.0614 -0.1297 0.9896
vn -0.2680 -0.1008 0.9581
vn -0.1080 0.1029 -0.9888
vn -0.0000 -0.0985 -0.9951
vn -0.0143 0.1348 -0.9908
vn 0.0324 -0.1297 -0.9910
vn 0.0493 0.1083 -0.9929
vn 0.0120 0.1797 -0.9836
vn 0.2940 0.4084 -0.8642
vn 0.3041 0.3980 -0.8655
vn 0.2978 0.4182 -0.8581
vn 0.2807 0.3312 -0.9008
vn 0.3521 0.4068 -0.8429
vn -0.0888 -0.1759 -0.9804
vn -0.1027 -0.0793 -0.9915
vn -0.0233 -0.0764 -0.9968
vn -0.1841 -0.0697 -0.9804
vn -0.0620 -0.2080 -0.9762
vn 0.4557 0.2781 -0.8456
vn 0.4556 0.2781 -0.8456
vn 0.5611 0.3648 -0.7430
vn 0.4083 0.4001 -0.8205
vn 0.4295 0.4998 -0.7521
vn -0.4199 0.1769 -0.8901
vn -0.4509 0.3223 -0.8323
vn -0.4199 0.1769 -0.8902
vn -0.4200 0.1769 0.8901
vn -0.4199 0.1769 0.8902
vn -0.4509 0.3223 0.8324
vn -0.4509 0.3223 0.8323
vn -0.5775 0.2107 0.7887
vn -0.5497 0.2887 0.7839
vn -0.7356 0.2345 0.6356
vn 0.7946 0.3903 0.4651
vn 0.7945 0.3903 0.4651
vn 0.6928 0.3753 0.6157
vn -0.0472 -0.0480 0.9977
vn -0.0490 -0.0871 0.9950
vn 0.0217 -0.0790 0.9966
vn -0.0620 -0.2080 0.9762
vn -0.1491 -0.0383 0.9881
vn 0.0013 0.0089 1.0000
vn -0.0593 -0.1167 0.9914
vn 0.0120 0.1796 0.9837
vn -0.0165 -0.0954 0.9953
vn 0.0493 0.1083 0.9929
vn 0.0324 -0.1297 0.9910
vn 0.0324 -0.1296 0.9910
vn -0.0101 -0.1194 0.9928
vn -0.0982 -0.2148 0.9717
vn -0.1451 0.0409 0.9886
vn 0.0856 0.4389 0.8945
vn 0.0015 0.3050 0.9523
vn -0.0359 0.2353 -0.9713
vn 0.0029 0.2559 -0.9667
vn -0.0620 0.1483 -0.9870
vn 0.1825 0.0457 -0.9822
vn 0.1060 0.1461 -0.9836
vn -0.0385 0.1148 -0.9926
vn 0.0120 0.1797 -0.9837
vn 0.7778 0.3094 -0.5471
vn 0.7959 0.3754 -0.4750
vn -0.8671 0.3896 -0.3105
vn 0.5280 -0.3245 -0.7848
vn 0.3097 -0.2568 -0.9155
vn 0.5942 -0.4392 -0.6738
vn 0.8098 -0.3512 -0.4699
vn 0.8853 0.3233 0.3341
vn 0.8663 0.3317 0.3734
vn 0.5909 0.4737 0.6530
vn 0.6049 0.4480 0.6583
vn 0.4890 0.4709 0.7343
vn -0.0602 -0.1666 0.9842
vn -0.1027 -0.0793 0.9915
vn 0.3388 0.3857 0.8582
vn 0.2888 0.3825 0.8777
vn -0.1080 0.1029 0.9888
vn 0.1340 0.1192 -0.9838
vn -0.0506 0.2357 -0.9705
vn 0.0200 -0.1278 -0.9916
vn 0.0518 -0.0962 -0.9940
vn 0.0837 -0.0191 -0.9963
vn 0.7526 0.4994 -0.4292
vn 0.5293 0.3260 -0.7833
vn 0.2920 0.6708 -0.6817
vn -0.3057 0.3534 -0.8841
vn -0.0622 -0.0746 -0.9953
vn 0.8099 -0.3512 -0.4699
vn 0.8154 -0.3277 -0.4773
vn 0.9115 -0.3940 -0.1182
vn 0.8003 -0.5393 -0.2621
vn 0.8153 -0.3277 -0.4773
vn 0.8641 -0.4147 -0.2853
vn 0.9076 -0.3821 0.1738
vn 0.7662 0.4544 0.4544
vn 0.2715 0.3854 0.8819
vn 0.6487 0.4841 0.5872
vn 0.8731 0.3880 0.2952
vn 0.8881 0.3251 0.3251
vn 0.6489 0.4838 0.5872
vn 0.8472 0.4785 0.2308
vn 0.8871 0.3875 0.2509
vn 0.8578 0.3384 0.3869
vn 0.7708 0.4879 0.4097
vn -0.1254 -0.1016 0.9869
vn -0.2221 -0.0723 0.9723
vn -0.0252 0.0165 0.9995
vn 0.0818 0.0891 0.9927
vn -0.0780 -0.2013 0.9764
vn 0.0518 -0.0962 0.9940
vn -0.2043 -0.2058 0.9570
vn 0.3871 0.5084 0.7692
vn 0.3871 0.5085 0.7692
vn 0.3612 0.4774 0.8010
vn -0.0316 -0.2293 0.9728
vn -0.0316 -0.2292 0.9729
vn 0.0912 -0.1349 0.9867
vn -0.0646 -0.1538 0.9860
vn -0.0385 0.1147 0.9927
vn 0.1060 0.1461 0.9836
vn 0.1825 0.0457 0.9822
vn 0.0029 0.2559 0.9667
vn -0.0227 0.2083 0.9778
vn -0.0176 0.2553 0.9667
vn 0.0385 0.4342 0.9000
vn 0.0574 0.2898 0.9554
vn -0.0227 0.2083 -0.9778
vn -0.0176 0.2554 -0.9667
vn -0.0412 0.2887 -0.9565
vn -0.1046 0.2881 -0.9519
vn 0.2585 0.1674 -0.9514
vn 0.1825 0.0457 -0.9821
vn -0.0850 -0.2198 -0.9718
vn -0.0593 -0.1167 -0.9914
vn -0.0805 -0.1161 -0.9900
vn -0.0120 -0.2054 -0.9786
vn 0.0143 -0.1396 -0.9901
vn -0.2196 0.2683 -0.9380
vn -0.1749 0.2804 -0.9438
vn -0.1553 0.2852 -0.9458
vn 0.7433 0.4954 -0.4495
vn 0.7820 0.4121 -0.4676
vn -0.8919 0.4221 -0.1624
vn -0.8394 0.5061 -0.1983
vn -0.7978 0.5485 -0.2504
vn -0.7867 0.4822 -0.3854
vn -0.8217 0.3193 -0.4720
vn -0.9042 0.4140 0.1053
vn -0.8691 0.4830 -0.1067
vn -0.8919 0.4221 0.1624
vn -0.8394 0.5061 0.1983
vn -0.8691 0.4830 0.1067
vn 0.1733 -0.1461 0.9740
vn -0.0210 0.2901 0.9568
vn -0.1937 0.1800 0.9644
vn -0.1553 0.2852 0.9458
vn -0.1749 0.2804 0.9438
vn -0.2196 0.2683 0.9380
vn -0.0120 -0.2054 0.9786
vn -0.0850 -0.2198 0.9718
vn 0.2585 0.1674 0.9514
vn -0.1046 0.2880 0.9519
vn 0.0614 -0.1297 0.9897
vn -0.0472 0.0322 0.9984
vn 0.1340 0.1191 0.9838
vn 0.0819 -0.0983 0.9918
vn -0.2021 0.3035 0.9312
vn -0.0412 0.2886 0.9566
vn 0.0337 0.2357 0.9712
vn 0.0570 0.1496 0.9871
vn 0.0867 0.3065 0.9479
vn 0.0868 0.3065 0.9479
vn -0.1723 0.1647 -0.9712
vn -0.1759 -0.1018 -0.9791
vn 0.0819 -0.0983 -0.9918
vn -0.0852 0.2212 -0.9715
vn -0.1291 -0.0777 -0.9886
vn -0.1491 -0.0383 -0.9881
vn 0.0013 0.0089 -1.0000
vn -0.0084 0.1879 -0.9821
vn -0.1698 0.1782 -0.9692
vn -0.1225 0.1739 -0.9771
vn -0.1260 0.1648 -0.9782
vn -0.1494 0.3110 -0.9386
vn -0.1601 0.2718 -0.9490
vn -0.1396 0.1148 -0.9835
vn -0.1941 0.2647 -0.9446
vn 0.6666 0.2846 -0.6890
vn 0.6386 0.5077 -0.5783
vn -0.5958 0.3228 -0.7354
vn -0.4890 0.2898 -0.8228
vn -0.4890 0.2898 -0.8227
vn -0.4363 0.3410 -0.8327
vn -0.3588 0.2413 -0.9017
vn 0.7974 0.5521 -0.2436
vn 0.7980 0.5521 -0.2416
vn 0.7966 0.5535 -0.2431
vn 0.8127 0.4914 -0.3131
vn 0.6652 0.6174 -0.4199
vn 0.8531 -0.3185 0.4132
vn 0.7427 -0.3274 0.5841
vn 0.5223 -0.2786 0.8060
vn 0.2044 -0.1036 0.9734
vn -0.3588 0.2413 0.9017
vn -0.4363 0.3410 0.8327
vn -0.4890 0.2898 0.8228
vn -0.5958 0.3228 0.7354
vn -0.1494 0.3110 0.9386
vn -0.1396 0.1148 0.9835
vn -0.1841 -0.0697 0.9804
vn -0.1941 0.2647 0.9446
vn -0.1601 0.2718 0.9490
vn -0.1225 0.1739 0.9771
vn -0.1698 0.1782 0.9692
vn -0.0084 0.1879 0.9821
vn -0.0805 -0.1162 0.9900
vn -0.1291 -0.0777 0.9886
vn -0.3475 0.1611 0.9237
vn -0.2169 0.4296 0.8766
vn 0.0693 0.3117 -0.9476
vn -0.0504 0.1921 -0.9801
vn 0.0780 0.1602 -0.9840
vn 0.0320 0.3005 -0.9532
vn -0.0070 0.3170 -0.9484
vn 0.4650 0.5057 -0.7266
vn 0.4496 0.5615 -0.6947
vn -0.3594 0.2420 -0.9012
vn -0.3289 0.3045 -0.8939
vn -0.2630 0.0352 -0.9641
vn -0.2630 0.0352 -0.9642
vn 0.3129 0.7485 0.5847
vn -0.2037 0.6379 0.7427
vn -0.3473 0.5609 0.7515
vn 0.4800 0.6985 0.5307
vn 0.7405 0.6241 0.2495
vn 0.3145 0.7452 0.5880
vn -0.2224 0.1644 0.9610
vn -0.5109 0.3308 0.7934
vn 0.8271 0.5519 0.1064
vn 0.8289 0.4640 0.3126
vn 0.6836 0.4378 0.5840
vn 0.7335 0.4873 0.4738
vn 0.6219 0.5021 0.6009
vn -0.3594 0.2420 0.9012
vn -0.3289 0.3045 0.8939
vn 0.5121 0.4883 0.7066
vn 0.4025 0.5207 0.7529
vn -0.0525 0.0499 0.9974
vn -0.2951 0.2215 0.9294
vn -0.0233 -0.0764 0.9968
vn -0.0852 0.2212 0.9715
vn -0.0000 0.2298 0.9732
vn 0.2681 0.4062 0.8736
vn 0.2540 0.5439 0.7998
vn 0.1257 0.5845 0.8016
vn 0.0581 0.3319 0.9415
vn -0.0482 0.2059 0.9774
vn -0.0563 0.4256 0.9031
vn -0.0670 0.4807 0.8743
vn -0.1423 0.5047 0.8515
vn -0.2765 0.3306 -0.9024
vn -0.0282 0.5568 -0.8302
vn -0.0867 0.3456 -0.9344
vn -0.1725 0.5014 -0.8479
vn -0.1725 0.5014 -0.8478
vn -0.1190 0.0073 -0.9929
vn -0.1271 0.2283 -0.9653
vn -0.0000 0.2298 -0.9732
vn 0.0217 -0.0790 -0.9966
vn 0.1037 0.1113 -0.9884
vn 0.7286 0.4585 -0.5089
vn 0.6880 0.4697 -0.5531
vn -0.7130 0.4192 -0.5621
vn -0.7047 0.4782 -0.5241
vn 0.7884 0.4849 -0.3786
vn 0.8009 0.4671 -0.3746
vn 0.8325 0.4444 -0.3308
vn 0.1066 0.8033 -0.5859
vn 0.7237 0.5889 -0.3599
vn 0.2714 0.7709 -0.5762
vn 0.1066 0.8033 -0.5860
vn -0.5451 0.4426 -0.7120
vn -0.4770 0.2921 -0.8289
vn -0.4770 0.2922 -0.8289
vn 0.2155 -0.1097 -0.9703
vn 0.3097 -0.2567 -0.9155
vn 0.2123 -0.0770 -0.9742
vn 0.6065 -0.3209 -0.7274
vn 0.6685 -0.2032 -0.7154
vn 0.8490 -0.2246 -0.4783
vn -0.2809 0.1111 0.9533
vn -0.2808 0.1111 0.9533
vn 0.5303 -0.1992 0.8241
vn 0.3983 -0.1933 0.8967
vn 0.7809 0.5115 0.3585
vn 0.7926 0.5924 0.1447
vn -0.7130 0.4192 0.5621
vn -0.7047 0.4782 0.5241
vn -0.7867 0.4822 0.3854
vn -0.8217 0.3193 0.4720
vn -0.7978 0.5485 0.2504
vn 0.3058 0.5309 0.7903
vn 0.2406 0.5420 0.8052
vn -0.0143 0.1348 0.9908
vn -0.0526 0.3331 0.9414
vn 0.0598 0.2857 0.9565
vn 0.0120 0.1797 0.9836
vn -0.0324 0.0075 0.9994
vn -0.0914 0.2648 0.9600
vn -0.0646 -0.1539 -0.9860
vn -0.0647 -0.1539 -0.9860
vn -0.3074 0.1436 -0.9407
vn -0.0566 0.4022 -0.9138
vn 0.2136 0.4562 -0.8639
vn 0.1730 0.6170 -0.7677
vn 0.1730 0.6170 -0.7678
vn 0.2511 0.5438 -0.8008
vn 0.3035 0.4902 -0.8171
vn 0.0683 0.1173 -0.9907
vn -0.1239 0.1580 -0.9796
vn -0.2221 -0.0723 -0.9723
vn -0.0252 0.0165 -0.9995
vn -0.2381 0.1011 -0.9660
vn -0.2043 -0.2058 -0.9570
vn 0.0818 0.0891 -0.9927
vn 0.0240 0.2243 -0.9742
vn 0.8282 0.5102 -0.2319
vn 0.8108 0.5395 -0.2272
vn 0.7678 0.5679 -0.2966
vn -0.7893 0.6020 -0.1209
vn -0.7663 0.6018 -0.2252
vn -0.7759 0.5929 -0.2154
vn -0.3058 0.3534 -0.8841
vn -0.6056 0.1395 -0.7835
vn -0.5558 0.1757 -0.8125
vn -0.2279 0.0760 -0.9707
vn -0.7893 0.6020 0.1209
vn 0.4366 0.7004 0.5646
vn -0.4408 0.7773 0.4489
vn 0.3181 0.9229 0.2169
vn 0.7341 0.5708 0.3678
vn -0.5826 0.3155 0.7490
vn -0.5828 0.3152 0.7490
vn -0.7299 0.4603 0.5053
vn -0.4384 0.8659 0.2410
vn 0.3181 0.9229 0.2168
vn 0.7594 0.5286 0.3794
vn 0.7583 0.5555 0.3412
vn 0.7408 0.5411 0.3981
vn 0.0837 -0.0191 0.9963
vn -0.1190 0.0073 0.9929
vn 0.0683 0.1173 0.9907
vn -0.1271 0.2283 0.9653
vn -0.1239 0.1580 0.9796
vn 0.1471 0.1727 0.9739
vn 0.0143 -0.1396 0.9901
vn -0.0506 0.2357 0.9705
vn 0.0320 0.3005 0.9532
vn 0.1581 0.3036 0.9396
vn 0.0712 0.6006 0.7964
vn 0.2374 0.5298 0.8142
vn 0.1539 0.3434 0.9265
vn 0.0824 0.4065 -0.9099
vn 0.1439 0.3313 -0.9325
vn 0.2701 0.5465 -0.7927
vn 0.1342 0.6166 -0.7757
vn 0.2136 0.4563 -0.8638
vn 0.1048 0.4369 -0.8934
vn -0.0583 0.2889 -0.9556
vn -0.1572 0.1193 -0.9803
vn 0.0700 0.1212 -0.9902
vn 0.6913 0.5267 -0.4947
vn 0.7704 0.4750 -0.4253
vn -0.2278 0.0759 -0.9707
vn 0.7835 0.5824 -0.2168
vn 0.7711 0.5862 -0.2485
vn 0.7404 0.6682 -0.0732
vn 0.1531 0.9242 -0.3498
vn -0.4148 0.8785 -0.2372
vn -0.8397 0.3286 -0.4324
vn -0.7252 0.2014 -0.6584
vn 0.8149 0.5649 -0.1299
vn 0.8526 0.5220 -0.0242
vn 0.7071 0.7071 -0.0000
vn -0.1023 0.9916 -0.0791
vn 0.9274 -0.2450 -0.2826
vn 0.9505 -0.3106 -0.0108
vn 0.9670 -0.2544 -0.0109
vn 0.8741 -0.3963 0.2808
vn 0.6769 -0.2436 0.6946
vn 0.9101 -0.1439 0.3887
vn 0.7930 -0.0902 0.6025
vn 0.6302 -0.0904 0.7712
vn -0.5762 0.2238 0.7861
vn -0.6241 0.2488 0.7407
vn 0.7991 0.5471 0.2491
vn 0.7375 0.6185 0.2712
vn 0.8670 0.4628 0.1846
vn 0.8671 0.4627 0.1846
vn 0.8680 0.4773 0.1369
vn -0.3665 0.1167 0.9231
vn 0.8178 0.5553 0.1513
vn 0.8180 0.5191 0.2477
vn 0.0240 0.2243 0.9742
vn 0.0200 0.1601 0.9869
vn -0.0489 0.1583 0.9862
vn -0.1723 0.1648 0.9712
vn -0.0583 0.2889 0.9556
vn 0.1048 0.4369 0.8934
vn -0.0583 0.3981 0.9155
vn -0.0364 0.2410 0.9698
vn -0.0070 0.3170 0.9484
vn -0.0915 0.2648 -0.9600
vn 0.1603 0.2041 -0.9657
vn 0.0027 0.5184 -0.8551
vn -0.0256 0.0796 -0.9965
vn 0.2638 0.1369 -0.9548
vn -0.1548 0.1842 -0.9706
vn -0.0489 0.1583 -0.9862
vn 0.4438 0.4769 -0.7587
vn 0.3834 0.5999 -0.7022
vn 0.4922 0.5111 -0.7046
vn 0.5295 0.5585 -0.6385
vn 0.6956 0.7060 -0.1329
vn -0.1309 0.9904 -0.0435
vn -0.8377 0.5446 0.0405
vn -0.7373 0.6679 -0.1015
vn -0.4148 0.8784 -0.2372
vn -0.8397 0.3286 -0.4323
vn -0.9142 0.1923 -0.3567
vn -0.9162 0.2211 -0.3343
vn -0.9161 0.2211 -0.3343
vn -0.7728 0.2297 -0.5917
vn -0.7444 0.1893 -0.6403
vn -0.9637 0.1911 0.1864
vn -0.9888 0.1282 -0.0766
vn 0.6861 0.7165 0.1262
vn 0.8243 0.5626 0.0627
vn -0.6209 0.2669 0.7371
vn -0.9001 0.1971 0.3887
vn -0.0566 0.4022 0.9138
vn -0.3074 0.1436 0.9407
vn -0.1759 -0.1018 0.9791
vn -0.0256 0.0796 0.9965
vn -0.3027 0.1594 0.9397
vn -0.0141 0.6523 0.7578
vn 0.0027 0.5184 0.8551
vn 0.1540 0.3434 0.9265
vn 0.2829 0.2662 0.9215
vn -0.0007 0.1829 0.9831
vn -0.0566 0.4555 -0.8884
vn -0.0566 0.4556 -0.8884
vn -0.0106 0.1714 -0.9851
vn 0.3016 0.3163 -0.8994
vn 0.1471 0.1727 -0.9739
vn 0.0200 0.1601 -0.9869
vn 0.0647 0.5131 -0.8559
vn 0.1266 0.4649 -0.8763
vn 0.3196 0.5013 -0.8041
vn 0.2632 0.6038 -0.7524
vn 0.3479 0.5707 -0.7438
vn 0.3434 0.5842 -0.7354
vn 0.3171 0.5486 -0.7736
vn -0.1570 0.4009 -0.9026
vn -0.1570 0.4009 -0.9025
vn -0.1763 0.4270 -0.8869
vn -0.1448 0.3977 -0.9060
vn -0.4360 0.4751 -0.7643
vn -0.3554 0.4675 -0.8094
vn -0.2400 0.4736 -0.8474
vn -0.2078 0.3798 -0.9014
vn 0.7614 0.5408 -0.3576
vn 0.7458 0.5858 -0.3172
vn 0.7729 0.5452 -0.3247
vn 0.7729 0.5451 -0.3247
vn 0.8071 0.5542 -0.2034
vn 0.8026 0.5661 -0.1881
vn 0.7932 0.5584 -0.2429
vn -0.6764 0.1818 -0.7138
vn -0.5183 0.1603 -0.8400
vn 0.7962 0.5825 -0.1635
vn 0.8121 0.5764 -0.0910
vn 0.8095 0.5796 0.0937
vn -0.6486 0.2000 0.7344
vn -0.6354 0.1988 0.7461
vn 0.2706 -0.0204 0.9625
vn 0.0784 0.0313 0.9964
vn -0.2078 0.3798 0.9014
vn -0.2400 0.4736 0.8474
vn -0.3554 0.4675 0.8094
vn -0.4360 0.4751 0.7643
vn 0.6425 0.6112 0.4622
vn 0.5037 0.5951 0.6262
vn -0.1448 0.3977 0.9060
vn -0.1763 0.4270 0.8869
vn -0.1570 0.4009 0.9025
vn -0.1570 0.4009 0.9026
vn -0.1549 0.1842 0.9706
vn -0.1088 0.4449 0.8890
vn -0.1087 0.4449 0.8890
vn 0.0097 0.4181 0.9084
vn -0.0468 0.2049 0.9777
vn -0.0286 0.2735 0.9614
vn -0.0141 0.6524 -0.7578
vn -0.0849 0.4820 -0.8720
vn -0.2182 0.5425 -0.8112
vn 0.0051 0.6262 -0.7797
vn 0.1581 0.3036 -0.9396
vn 0.1433 0.4190 -0.8966
vn -0.0199 0.3640 -0.9312
vn 0.0598 0.2857 -0.9565
vn 0.0522 0.2971 -0.9534
vn 0.0810 0.1114 -0.9905
vn 0.0414 0.3535 -0.9345
vn -0.0526 0.3331 -0.9414
vn -0.1308 0.3233 -0.9372
vn -0.0699 0.4810 -0.8739
vn -0.0870 0.4335 -0.8970
vn 0.0097 0.4181 -0.9084
vn -0.0525 0.0499 -0.9974
vn -0.2951 0.2215 -0.9294
vn -0.0936 0.4618 -0.8820
vn -0.0523 0.0499 -0.9974
vn -0.0935 0.4618 -0.8820
vn -0.1436 0.4823 -0.8642
vn -0.2122 0.5177 -0.8288
vn 0.4487 0.6168 -0.6467
vn 0.5592 0.5627 -0.6088
vn 0.6192 0.5899 -0.5183
vn 0.6228 0.5441 -0.5622
vn -0.2073 0.0593 -0.9765
vn 0.0695 0.0421 -0.9967
vn -0.9425 0.3290 0.0578
vn -0.9487 0.3162 -0.0000
vn -0.9255 0.3085 -0.2197
vn -0.7811 0.1707 -0.6007
vn -0.7874 0.3692 0.4936
vn 0.9228 -0.2718 -0.2729
vn 0.9401 -0.2135 -0.2657
vn 0.9719 -0.2354 -0.0069
vn 0.9481 -0.2202 0.2295
vn 0.8374 0.5286 0.1389
vn 0.8049 0.5723 0.1570
vn 0.7928 0.6075 0.0489
vn -0.1706 0.0763 0.9824
vn -0.5661 0.1658 0.8075
vn 0.7230 0.5605 0.4039
vn 0.6506 0.6457 0.3997
vn 0.4273 0.5983 0.6779
vn 0.3579 0.5616 0.7460
vn 0.1037 0.1113 0.9884
vn 0.0713 0.4343 0.8979
vn -0.0934 0.4619 0.8820
vn -0.0523 0.0499 0.9974
vn -0.0870 0.4335 0.8970
vn 0.0414 0.3535 0.9345
vn 0.0810 0.1114 0.9905
vn 0.0522 0.2971 0.9534
vn -0.1308 0.3233 0.9372
vn -0.2182 0.5425 0.8112
vn -0.0699 0.4810 0.8739
vn 0.1603 0.2041 0.9657
vn 0.1547 0.5225 0.8385
vn 0.0051 0.6261 0.7797
vn -0.0448 0.3449 -0.9376
vn -0.1307 0.4380 -0.8894
vn -0.1233 0.3062 -0.9440
vn -0.1076 0.1754 -0.9786
vn 0.1547 0.5225 -0.8385
vn 0.1306 0.5337 -0.8355
vn 0.0230 0.5266 -0.8498
vn 0.0058 0.5173 -0.8558
vn 0.0098 0.4846 -0.8747
vn -0.0515 0.3063 -0.9506
vn -0.0745 0.1172 -0.9903
vn -0.0524 0.3428 -0.9380
vn -0.1927 0.3702 -0.9088
vn -0.1323 0.4692 -0.8731
vn -0.1390 0.3977 -0.9069
vn -0.0338 0.3637 -0.9309
vn -0.6680 0.4010 -0.6269
vn -0.6015 0.5758 -0.5538
vn -0.4630 0.6689 -0.5816
vn -0.4652 0.4758 -0.7465
vn 0.6298 0.6353 -0.4469
vn 0.6386 0.6496 -0.4125
vn -0.7235 0.6514 -0.2286
vn -0.7760 0.5929 -0.2154
vn -0.6946 0.7015 -0.1592
vn -0.6947 0.7015 -0.1592
vn -0.6810 0.6590 -0.3193
vn -0.7620 0.5646 -0.3172
vn 0.8466 -0.2295 -0.4802
vn 0.7498 -0.1761 -0.6378
vn 0.8549 -0.1804 -0.4864
vn -0.6529 0.2284 0.7222
vn -0.7646 0.2210 0.6055
vn -0.9289 0.2833 0.2387
vn -0.7760 0.5929 0.2154
vn -0.7620 0.5646 0.3172
vn -0.6810 0.6590 0.3193
vn -0.6946 0.7015 0.1592
vn -0.7235 0.6514 0.2286
vn -0.7663 0.6018 0.2252
vn -0.7526 0.6468 0.1233
vn -0.7526 0.6468 -0.1233
vn 0.8064 -0.1486 0.5725
vn 0.8063 -0.1486 0.5725
vn 0.6623 -0.1146 0.7404
vn 0.8192 0.5507 0.1603
vn 0.7400 0.6534 0.1592
vn 0.7577 0.5304 0.3802
vn -0.4652 0.4758 0.7465
vn -0.4630 0.6689 0.5816
vn -0.6680 0.4010 0.6269
vn -0.6015 0.5758 0.5538
vn -0.6941 0.5630 0.4486
vn -0.2381 0.1011 0.9660
vn -0.1572 0.1193 0.9803
vn -0.1323 0.4692 0.8731
vn -0.1927 0.3702 0.9088
vn -0.0524 0.3428 0.9380
vn -0.0745 0.1172 0.9903
vn -0.0338 0.3637 0.9309
vn -0.1390 0.3977 0.9069
vn 0.0240 0.2244 0.9742
vn 0.0700 0.1212 0.9902
vn 0.0483 0.4385 0.8974
vn 0.0454 0.3654 0.9297
vn 0.1266 0.4649 0.8763
vn -0.0515 0.3063 0.9505
vn 0.0098 0.4846 0.8747
vn 0.0647 0.5131 0.8559
vn -0.0364 0.2410 -0.9698
vn -0.0634 0.2280 -0.9716
vn -0.1094 0.2812 -0.9534
vn 0.1275 0.3949 -0.9098
vn -0.1841 0.3836 -0.9050
vn -0.1912 0.5336 -0.8238
vn -0.6941 0.5630 -0.4486
vn -0.6404 0.6692 -0.3769
vn 0.4309 0.0562 -0.9006
vn 0.3800 -0.0590 -0.9231
vn -0.7877 0.2299 -0.5715
vn -0.6862 0.2090 -0.6968
vn -0.5501 0.1722 -0.8172
vn 0.5545 -0.0937 0.8269
vn 0.2284 0.0775 0.9705
vn 0.2283 0.0775 0.9705
vn -0.6404 0.6692 0.3769
vn 0.7230 0.5604 0.4039
vn 0.6251 0.6593 0.4178
vn -0.4890 0.2898 0.8227
vn 0.5222 0.6559 0.5451
vn 0.4226 0.6944 0.5824
vn 0.4273 0.5983 0.6778
vn -0.1841 0.3836 0.9050
vn -0.1912 0.5336 0.8238
vn 0.3112 0.6235 0.7172
vn 0.2638 0.6438 0.7183
vn 0.1921 0.6722 0.7150
vn 0.1868 0.6020 0.7763
vn 0.0058 0.5173 0.8558
vn 0.2638 0.1369 0.9548
vn 0.1226 0.3997 0.9084
vn 0.2703 0.4308 0.8610
vn -0.3027 0.1593 -0.9397
vn -0.1723 0.1646 -0.9712
vn -0.1900 0.3464 -0.9186
vn -0.2548 0.3907 -0.8846
vn -0.1523 0.5505 -0.8208
vn -0.0477 0.5784 -0.8143
vn 0.0151 0.3770 -0.9261
vn -0.0934 0.3832 -0.9189
vn 0.7613 0.5408 -0.3576
vn 0.7087 0.5775 -0.4053
vn 0.6964 0.6575 -0.2877
vn 0.7658 0.5780 -0.2817
vn 0.7437 0.6431 -0.1823
vn 0.7389 0.6523 -0.1688
vn 0.7698 0.6274 -0.1172
vn 0.8121 0.5764 -0.0909
vn 0.7546 0.6465 -0.1123
vn 0.7871 0.6162 0.0298
vn -0.6431 0.1791 0.7445
vn -0.5372 0.1669 0.8268
vn -0.6900 0.1813 0.7007
vn 0.3389 0.6623 0.6682
vn 0.3031 0.6673 0.6804
vn 0.3058 0.5310 0.7903
vn -0.1661 0.4332 0.8858
vn -0.0934 0.3832 0.9189
vn 0.0465 0.6516 0.7572
vn 0.0050 0.6261 0.7797
vn -0.1523 0.5505 0.8208
vn -0.0849 0.4820 0.8720
vn -0.2347 0.1320 0.9631
vn -0.2874 0.2937 0.9117
vn -0.0384 0.5171 0.8551
vn 0.2250 0.5173 -0.8257
vn 0.2825 0.7086 -0.6466
vn 0.2107 0.6493 -0.7308
vn -0.1097 0.4961 -0.8613
vn 0.0188 0.6389 -0.7691
vn 0.0431 0.6458 -0.7623
vn 0.0465 0.6516 -0.7572
vn -0.0384 0.5171 -0.8551
vn -0.2874 0.2937 -0.9117
vn -0.1355 0.3617 -0.9224
vn 0.0713 0.4343 -0.8980
vn -0.0625 0.6120 -0.7884
vn 0.3611 0.6627 -0.6560
vn 0.3836 0.6327 -0.6727
vn -0.5286 0.1613 -0.8334
vn -0.2287 0.0572 -0.9718
vn 0.3839 -0.1139 -0.9163
vn 0.5353 -0.0868 -0.8402
vn 0.6106 -0.0845 -0.7874
vn 0.7946 -0.1987 -0.5737
vn 0.7947 -0.1987 -0.5736
vn 0.9238 -0.2225 -0.3115
vn 0.7416 0.6583 -0.1289
vn 0.7656 0.6358 0.0980
vn 0.9562 -0.2515 -0.1495
vn 0.9401 -0.2135 0.2657
vn 0.7729 -0.1102 0.6249
vn -0.4570 0.5639 0.6879
vn -0.4810 0.7186 0.5023
vn -0.4752 0.7269 0.4957
vn -0.5555 0.7000 0.4489
vn 0.0151 0.3771 0.9261
vn -0.0523 0.4946 0.8675
vn -0.0625 0.6120 0.7884
vn -0.0935 0.4619 0.8820
vn -0.2122 0.5178 0.8288
vn 0.1316 0.6449 0.7529
vn 0.1113 0.6176 0.7786
vn 0.0230 0.5266 0.8498
vn -0.1566 0.5124 0.8443
vn 0.0643 0.4655 0.8827
vn 0.1690 0.3801 0.9094
vn 0.1306 0.5337 0.8355
vn 0.2375 0.5298 0.8142
vn 0.1994 0.6055 0.7705
vn 0.2681 0.7097 0.6515
vn 0.2174 0.5114 0.8314
vn 0.0131 0.4568 -0.8895
vn -0.1601 0.5822 -0.7971
vn -0.1165 0.5882 -0.8003
vn -0.0229 0.5364 -0.8437
vn -0.0821 0.1523 -0.9849
vn -0.2347 0.1320 -0.9631
vn -0.1828 -0.0460 -0.9821
vn 0.1139 0.1828 -0.9765
vn -0.1200 0.4643 -0.8775
vn -0.0761 0.3148 -0.9461
vn -0.0451 0.3873 -0.9208
vn -0.0635 0.4421 -0.8947
vn -0.0163 0.3478 -0.9374
vn -0.1087 0.4449 -0.8890
vn 0.0514 0.4830 -0.8741
vn -0.1088 0.4449 -0.8889
vn -0.1088 0.4449 -0.8890
vn 0.0483 0.4385 -0.8974
vn -0.1067 0.5603 -0.8214
vn -0.0250 0.5394 -0.8417
vn 0.0454 0.3654 -0.9298
vn -0.0346 0.4132 -0.9100
vn -0.1661 0.4332 -0.8858
vn -0.1661 0.4332 -0.8859
vn -0.0361 0.3348 -0.9416
vn -0.1482 0.5798 -0.8012
vn -0.0763 0.5834 -0.8086
vn -0.0351 0.6516 -0.7578
vn -0.0995 0.6115 -0.7849
vn -0.5958 0.7766 -0.2048
vn -0.5958 0.7766 -0.2047
vn -0.6112 0.6681 -0.4243
vn -0.6112 0.6681 -0.4244
vn -0.4683 0.7407 -0.4817
vn -0.5555 0.7000 -0.4489
vn 0.3719 -0.0260 -0.9279
vn 0.5498 -0.1028 -0.8290
vn -0.6627 0.7404 -0.1126
vn -0.6268 0.7303 -0.2715
vn -0.6005 0.7677 -0.2236
vn -0.7878 0.2299 -0.5714
vn -0.9356 0.2739 -0.2229
vn -0.9321 0.3066 -0.1928
vn -0.7878 0.2299 -0.5715
vn -0.9321 0.3066 -0.1927
vn -0.7891 0.2062 -0.5786
vn -0.6478 0.1936 -0.7368
vn -0.9601 0.2796 -0.0000
vn -0.9379 0.3469 -0.0000
vn -0.8805 0.3677 0.2992
vn 0.7122 -0.1432 0.6872
vn 0.3780 -0.0945 0.9210
vn -0.4684 0.7407 0.4817
vn -0.6112 0.6681 0.4243
vn -0.5958 0.7766 0.2047
vn -0.1436 0.4823 0.8642
vn -0.0995 0.6115 0.7850
vn -0.0351 0.6516 0.7578
vn -0.0763 0.5834 0.8086
vn -0.1482 0.5798 0.8012
vn -0.0437 0.3336 0.9417
vn -0.0361 0.3349 0.9416
vn -0.0163 0.3478 0.9374
vn -0.0635 0.4421 0.8947
vn -0.0451 0.3873 0.9208
vn -0.0761 0.3148 0.9461
vn -0.0346 0.4132 0.9100
vn -0.0250 0.5394 0.8417
vn 0.0454 0.3653 0.9298
vn -0.1900 0.3465 0.9186
vn -0.2548 0.3906 0.8846
vn -0.1200 0.4643 0.8775
vn -0.0821 0.1523 0.9849
vn 0.1139 0.1828 0.9765
vn -0.1828 -0.0460 0.9821
vn -0.1082 0.2169 0.9702
vn -0.1617 0.2326 0.9590
vn -0.0320 0.5245 0.8508
vn -0.1779 0.2896 0.9405
vn 0.2703 0.4309 -0.8610
vn -0.0494 0.5154 -0.8555
vn 0.0841 0.6391 -0.7645
vn 0.1261 0.6077 -0.7841
vn -0.0324 0.5758 -0.8169
vn -0.0495 0.5154 -0.8555
vn 0.0859 0.5284 -0.8446
vn 0.2198 0.6317 -0.7434
vn 0.0845 0.5068 -0.8579
vn -0.0000 0.5145 -0.8575
vn -0.1056 0.4182 -0.9022
vn -0.1643 0.3162 -0.9343
vn -0.0446 0.3047 -0.9514
vn 0.1632 0.6690 -0.7252
vn 0.1978 0.6929 -0.6934
vn 0.2317 0.7168 -0.6576
vn 0.3118 0.6719 -0.6719
vn 0.6050 0.6463 -0.4651
vn 0.5822 0.6902 -0.4297
vn 0.6110 0.6407 -0.4648
vn 0.7086 0.5775 -0.4053
vn 0.6735 0.7171 -0.1793
vn 0.7083 0.6804 -0.1882
vn 0.6739 0.7356 -0.0688
vn -0.1744 0.1226 0.9770
vn 0.0650 0.1358 0.9886
vn -0.1745 0.1226 0.9770
vn -0.2214 0.1263 0.9670
vn -0.5660 0.1658 0.8075
vn 0.7435 0.6524 0.1471
vn 0.7029 0.7037 0.1038
vn 0.6668 0.7284 0.1578
vn 0.5691 0.7101 0.4146
vn 0.4546 0.6934 0.5590
vn -0.0446 0.3047 0.9514
vn -0.1643 0.3162 0.9343
vn -0.1056 0.4182 0.9022
vn -0.0477 0.5784 0.8143
vn -0.1097 0.4961 0.8613
vn 0.0188 0.6388 0.7691
vn 0.0514 0.4830 0.8741
vn -0.1088 0.4449 0.8889
vn -0.1473 0.4151 0.8978
vn -0.1417 0.5030 0.8526
vn -0.2146 0.5016 0.8381
vn 0.0698 0.4745 0.8775
vn 0.1800 0.4011 0.8982
vn 0.2346 0.6175 0.7508
vn 0.1670 0.5082 0.8449
vn -0.0351 0.2652 0.9635
vn -0.0494 0.5154 0.8555
vn 0.0841 0.6391 0.7645
vn -0.0324 0.5758 0.8170
vn -0.1201 0.4643 0.8775
vn 0.1261 0.6077 0.7841
vn -0.0133 0.4749 -0.8799
vn 0.1839 0.6245 -0.7591
vn 0.1622 0.6678 -0.7265
vn 0.1977 0.6537 -0.7304
vn -0.2319 0.6765 -0.6990
vn -0.1738 0.7124 -0.6799
vn -0.2001 0.7272 -0.6566
vn -0.1367 0.5063 -0.8514
vn -0.4752 0.7269 -0.4957
vn -0.4753 0.7269 -0.4957
vn -0.4810 0.7186 -0.5023
vn -0.4570 0.5639 -0.6879
vn -0.3722 0.5858 -0.7199
vn -0.3503 0.7757 -0.5250
vn 0.6296 0.7244 -0.2809
vn 0.6474 0.7225 -0.2428
vn 0.6549 0.7131 0.2502
vn 0.5742 0.7533 0.3207
vn 0.5863 0.7018 0.4046
vn -0.3722 0.5858 0.7199
vn -0.2319 0.6765 0.6990
vn -0.3503 0.7757 0.5250
vn -0.1367 0.5063 0.8514
vn -0.1999 0.7274 0.6564
vn -0.1738 0.7124 0.6799
vn 0.1333 0.6583 0.7409
vn 0.1380 0.6944 0.7063
vn 0.1427 0.7497 0.6462
vn -0.0539 0.3556 0.9331
vn -0.1855 0.4700 0.8630
vn -0.0712 0.4392 -0.8956
vn -0.1653 0.5637 -0.8093
vn -0.1080 0.4214 -0.9004
vn -0.1080 0.4213 -0.9005
vn 0.3000 0.7206 -0.6251
vn 0.3276 0.7136 -0.6192
vn 0.3614 0.6944 -0.6222
vn 0.4721 0.6754 -0.5665
vn -0.5519 0.2283 -0.8020
vn -0.5513 0.2434 -0.7980
vn -0.3047 0.2294 -0.9244
vn 0.7196 -0.1242 -0.6832
vn 0.9092 -0.1426 -0.3912
vn 0.9941 -0.1086 -0.0075
vn -0.7714 0.2570 0.5821
vn -0.8769 0.3178 0.3607
vn -0.8699 0.3961 0.2940
vn -0.9288 0.2833 0.2387
vn 0.9316 -0.0686 0.3570
vn 0.8014 -0.0591 0.5952
vn 0.5219 0.7437 0.4178
vn 0.3811 0.7048 0.5984
vn 0.2887 0.7227 0.6280
vn 0.0431 0.6458 0.7622
vn -0.0133 0.4749 0.8799
vn 0.0110 0.5758 0.8175
vn -0.0073 0.5865 0.8099
vn 0.1824 0.7742 0.6061
vn 0.0138 0.5209 -0.8535
vn -0.1349 0.5699 -0.8105
vn -0.1607 0.4832 -0.8606
vn 0.1745 0.4541 -0.8737
vn 0.1277 0.5503 -0.8251
vn -0.0073 0.5865 -0.8099
vn 0.0188 0.6388 -0.7691
vn -0.0809 0.4226 -0.9027
vn -0.0212 0.5410 -0.8408
vn -0.1020 0.4963 -0.8621
vn -0.0835 0.4364 -0.8959
vn -0.0290 0.4899 -0.8713
vn -0.0437 0.3335 -0.9417
vn 0.0086 0.4501 -0.8930
vn -0.0523 0.4946 -0.8675
vn -0.1090 0.6301 -0.7688
vn -0.1322 0.6024 -0.7872
vn -0.1746 0.5613 -0.8090
vn -0.1999 0.7274 -0.6564
vn -0.1651 0.6910 -0.7038
vn -0.5251 0.8214 -0.2225
vn -0.5618 0.8153 -0.1405
vn -0.5466 0.7646 -0.3415
vn 0.2412 -0.0162 -0.9703
vn 0.5859 -0.0933 -0.8050
vn -0.6627 0.7404 0.1126
vn -0.5496 0.8224 -0.1472
vn -0.5138 0.8065 -0.2924
vn -0.6268 0.7303 0.2715
vn -0.5138 0.8065 0.2924
vn -0.5496 0.8224 0.1472
vn -0.6005 0.7677 0.2236
vn -0.5251 0.8214 0.2225
vn 0.0385 0.0594 0.9975
vn 0.4267 -0.0113 0.9043
vn -0.1746 0.5613 0.8090
vn -0.1651 0.6910 0.7038
vn 0.2612 0.7352 0.6255
vn 0.2092 0.7322 0.6482
vn -0.0712 0.4392 0.8956
vn -0.1749 0.5530 0.8146
vn -0.0816 0.5961 0.7988
vn -0.1322 0.6024 0.7872
vn -0.1067 0.5603 0.8214
vn -0.1020 0.4963 0.8621
vn -0.0212 0.5410 0.8408
vn -0.0809 0.4227 0.9027
vn 0.0086 0.4501 0.8930
vn 0.1396 0.6873 0.7129
vn -0.0290 0.4899 0.8713
vn -0.0835 0.4364 0.8959
vn 0.1277 0.5503 0.8251
vn 0.1745 0.4541 0.8737
vn -0.0000 0.5145 0.8575
vn -0.1855 0.4700 0.8629
vn -0.0000 0.5318 0.8469
vn 0.0845 0.5068 0.8579
vn 0.0428 0.5555 0.8304
vn 0.0823 0.5809 0.8098
vn 0.1611 0.6043 0.7803
vn 0.1324 0.2931 0.9469
vn -0.1076 0.1755 -0.9786
vn 0.1422 0.7714 -0.6203
vn 0.0396 0.7364 -0.6754
vn -0.0229 0.6584 -0.7523
vn -0.0590 0.6653 -0.7443
vn -0.0876 0.6406 -0.7628
vn 0.0110 0.5758 -0.8175
vn -0.0852 0.4523 -0.8878
vn 0.1324 0.2931 -0.9469
vn 0.0761 0.6175 -0.7829
vn 0.1611 0.6043 -0.7803
vn -0.1855 0.4700 -0.8629
vn -0.0000 0.5318 -0.8469
vn -0.2724 0.5134 -0.8138
vn -0.3827 0.2924 -0.8764
vn -0.0539 0.3556 -0.9331
vn -0.4599 0.7078 -0.5362
vn -0.0486 0.1374 -0.9893
vn 0.0309 0.1323 -0.9907
vn 0.6944 0.7194 -0.0177
vn 0.6418 0.7648 -0.0563
vn 0.6410 0.7651 -0.0615
vn 0.6107 0.7802 0.1350
vn -0.4332 0.7422 0.5114
vn -0.4599 0.7078 0.5362
vn -0.1080 0.4214 0.9004
vn -0.1661 0.4332 0.8859
vn 0.0761 0.6175 0.7828
vn -0.0852 0.4523 0.8878
vn -0.0584 0.5109 0.8577
vn -0.0584 0.5109 0.8576
vn -0.2058 0.4889 0.8477
vn -0.2302 0.6454 0.7283
vn -0.0590 0.6653 0.7443
vn -0.0229 0.6584 0.7523
vn 0.0396 0.7364 0.6754
vn -0.0466 0.7158 -0.6968
vn 0.0632 0.7864 -0.6144
vn 0.2171 0.7941 -0.5677
vn 0.0492 0.6529 -0.7559
vn 0.0273 0.5586 -0.8290
vn 0.0185 0.6604 -0.7507
vn -0.0738 0.6685 -0.7401
vn 0.1690 0.3801 -0.9094
vn -0.1534 0.1489 -0.9769
vn 0.2324 0.2600 -0.9372
vn 0.3474 0.5676 -0.7464
vn 0.2569 0.4977 -0.8284
vn 0.0643 0.4655 -0.8827
vn -0.0000 0.5580 -0.8299
vn -0.1566 0.5124 -0.8443
vn -0.1972 0.5189 -0.8318
vn -0.4612 0.3406 -0.8193
vn 0.4767 0.7713 -0.4217
vn 0.4758 0.7929 -0.3807
vn 0.5350 0.7614 -0.3660
vn -0.4332 0.7422 -0.5114
vn -0.4267 0.8300 -0.3593
vn -0.3182 0.8274 -0.4628
vn 0.5809 0.7695 -0.2656
vn 0.5954 0.7721 -0.2220
vn 0.6514 0.7359 -0.1847
vn -0.5933 0.2384 0.7688
vn -0.2510 0.1876 0.9496
vn -0.5811 0.3185 0.7489
vn 0.3946 0.7346 0.5520
vn 0.3457 0.7762 0.5272
vn -0.1090 0.6301 0.7688
vn -0.0995 0.6115 0.7849
vn 0.1626 0.3350 0.9281
vn -0.1215 0.4068 0.9054
vn -0.4309 0.0450 0.9013
vn 0.0143 0.4916 0.8707
vn -0.1212 0.6687 0.7336
vn 0.0185 0.6604 0.7507
vn 0.0140 0.7857 0.6184
vn 0.0492 0.6529 0.7559
vn -0.0324 0.5758 0.8169
vn 0.2443 0.5297 -0.8122
vn 0.2002 0.6821 -0.7033
vn 0.0869 0.6239 -0.7766
vn -0.3673 0.8673 -0.3360
vn -0.3883 0.9062 -0.1673
vn -0.4213 0.9043 -0.0686
vn -0.7358 0.4211 -0.5303
vn -0.8441 0.3441 -0.4112
vn -0.8026 0.2595 -0.5371
vn -0.2199 0.1687 -0.9608
vn -0.9239 0.3827 -0.0000
vn -0.8887 0.3503 -0.2958
vn -0.8441 0.3441 -0.4113
vn -0.9266 0.3531 0.1296
vn 0.9093 -0.1426 -0.3911
vn 0.9769 0.0245 -0.2124
vn 1.0000 -0.0000 -0.0000
vn 0.9147 0.0417 0.4020
vn -0.9389 0.2510 0.2355
vn -0.5466 0.7646 0.3415
vn -0.4267 0.8300 0.3593
vn -0.5618 0.8153 0.1405
vn -0.4213 0.9043 0.0686
vn -0.3883 0.9062 0.1673
vn -0.3673 0.8673 0.3360
vn 0.0869 0.6239 0.7766
vn 0.2002 0.6821 0.7033
vn 0.2443 0.5297 0.8122
vn 0.1616 0.7712 -0.6157
vn 0.1086 0.6996 -0.7062
vn 0.1292 0.7002 -0.7022
vn -0.4309 0.0450 -0.9013
vn -0.5010 0.4223 -0.7554
vn -0.1215 0.4068 -0.9054
vn -0.1373 0.6211 -0.7716
vn 0.0309 0.6074 -0.7938
vn 0.3607 0.7513 -0.5527
vn 0.4108 0.7705 -0.4874
vn -0.3828 0.9231 -0.0378
vn -0.3002 0.8595 -0.4137
vn 0.4064 0.0446 -0.9126
vn 0.6868 0.0388 -0.7258
vn 0.8008 0.0223 -0.5985
vn 0.7891 -0.0823 0.6088
vn 0.8481 -0.0307 0.5290
vn 0.6167 -0.0038 0.7872
vn 0.7890 -0.0823 0.6088
vn 0.6167 -0.0037 0.7872
vn 0.5678 0.7976 0.2034
vn 0.5117 0.8449 0.1562
vn 0.5102 0.8305 0.2234
vn 0.6667 0.7284 0.1578
vn -0.3182 0.8274 0.4628
vn -0.3001 0.8595 0.4137
vn -0.3828 0.9231 0.0378
vn 0.5150 0.8246 0.2342
vn 0.4456 0.8605 0.2468
vn 0.3653 0.8331 0.4152
vn -0.2193 0.8298 0.5131
vn -0.2253 0.8697 0.4392
vn 0.2505 0.7453 0.6179
vn 0.2599 0.7657 0.5884
vn -0.4612 0.3406 0.8193
vn -0.5010 0.4223 0.7554
vn -0.3661 0.6985 0.6149
vn -0.1972 0.5189 0.8318
vn 0.1842 0.8009 0.5697
vn 0.0718 0.7281 0.6816
vn 0.0954 0.6819 0.7252
vn 0.1232 0.8196 0.5595
vn 0.1626 0.3350 -0.9281
vn 0.2341 0.6355 -0.7358
vn -0.0822 0.6110 -0.7873
vn -0.0630 0.4739 -0.8783
vn 0.0143 0.6821 -0.7311
vn 0.0471 0.7034 -0.7093
vn 0.0197 0.5778 -0.8160
vn -0.0954 0.4729 -0.8759
vn -0.0126 0.5463 -0.8375
vn -0.0334 0.5880 -0.8082
vn -0.0680 0.6070 -0.7918
vn -0.0418 0.3763 -0.9256
vn 0.1933 0.6366 -0.7466
vn 0.1934 0.6366 -0.7465
vn 0.1653 0.6974 -0.6974
vn 0.1502 0.7201 -0.6774
vn 0.1980 0.6931 -0.6931
vn 0.0823 0.5809 -0.8098
vn 0.0428 0.5555 -0.8304
vn -0.0816 0.5961 -0.7988
vn -0.1240 0.6481 -0.7514
vn -0.1045 0.6450 -0.7570
vn -0.1112 0.7073 -0.6981
vn -0.0662 0.7347 -0.6751
vn -0.0965 0.6065 -0.7892
vn -0.0965 0.6066 -0.7891
vn 0.2336 0.7506 -0.6180
vn 0.2895 0.7496 -0.5952
vn 0.2705 0.7914 -0.5482
vn -0.2193 0.8298 -0.5131
vn -0.2253 0.8697 -0.4392
vn -0.2121 0.8533 -0.4763
vn -0.1665 0.8215 -0.5454
vn -0.2317 0.8331 -0.5022
vn -0.0384 0.0705 0.9968
vn -0.3596 0.1940 0.9127
vn -0.5696 0.2548 0.7814
vn 0.3406 0.8403 0.4217
vn 0.3406 0.8404 0.4217
vn -0.1665 0.8215 0.5454
vn -0.2317 0.8331 0.5022
vn -0.2121 0.8533 0.4763
vn -0.0965 0.6066 0.7891
vn -0.0965 0.6065 0.7892
vn -0.0662 0.7347 0.6751
vn -0.1112 0.7073 0.6981
vn -0.1255 0.6156 0.7780
vn -0.1767 0.6436 0.7447
vn -0.1045 0.6449 0.7571
vn 0.1879 0.7301 0.6570
vn -0.0954 0.4729 0.8759
vn -0.0418 0.3763 0.9256
vn -0.0680 0.6070 0.7918
vn -0.0334 0.5880 0.8082
vn -0.0126 0.5463 0.8375
vn -0.2222 0.7222 0.6550
vn -0.0008 0.5933 0.8050
vn 0.1342 0.5605 0.8172
vn 0.1934 0.6366 0.7465
vn 0.1933 0.6366 0.7466
vn -0.0630 0.4740 0.8783
vn -0.0822 0.6111 0.7873
vn 0.0143 0.6821 0.7311
vn 0.0197 0.5778 0.8160
vn 0.0471 0.7034 0.7093
vn 0.2341 0.6355 0.7358
vn -0.0012 0.7264 -0.6873
vn -0.4105 0.5337 -0.7394
vn -0.1015 0.6049 -0.7898
vn -0.0795 0.5384 -0.8389
vn 0.0076 0.5700 -0.8216
vn -0.0759 0.5806 -0.8106
vn -0.0758 0.5996 -0.7967
vn 0.1977 0.6928 -0.6935
vn 0.2583 0.6919 -0.6742
vn -0.2333 0.8303 -0.5062
vn -0.2152 0.7994 -0.5609
vn -0.2259 0.8463 -0.4825
vn -0.4370 0.2212 -0.8718
vn -0.3123 0.1375 -0.9400
vn -0.7700 0.3094 0.5581
vn -0.6838 0.2546 0.6838
vn -0.9015 0.2607 0.3454
vn -0.1999 0.7275 0.6564
vn -0.2152 0.7994 0.5609
vn -0.2333 0.8303 0.5062
vn -0.0000 0.5580 0.8299
vn -0.0795 0.5384 0.8389
vn 0.0075 0.5700 0.8216
vn 0.0433 0.5527 0.8323
vn -0.0758 0.5995 0.7967
vn -0.0759 0.5806 0.8107
vn -0.3827 0.2924 0.8764
vn -0.1534 0.1489 0.9769
vn -0.1534 0.1490 0.9769
vn -0.1015 0.6049 0.7898
vn -0.4105 0.5337 0.7394
vn -0.2725 0.5133 0.8138
vn -0.1782 0.5142 0.8390
vn 0.0329 0.4483 0.8933
vn 0.2569 0.4977 0.8284
vn 0.3474 0.5676 0.7464
vn 0.2324 0.2600 0.9372
vn 0.0333 0.3499 0.9362
vn 0.2837 0.7367 0.6139
vn 0.0457 0.7288 0.6832
vn -0.0595 0.6145 -0.7866
vn -0.0724 0.4509 -0.8896
vn 0.1342 0.5605 -0.8172
vn 0.2318 0.6784 -0.6972
vn 0.0900 0.5914 -0.8013
vn 0.0900 0.5914 -0.8014
vn -0.0008 0.5933 -0.8049
vn -0.1359 0.6874 -0.7134
vn -0.0929 0.7366 -0.6699
vn -0.1220 0.7052 -0.6984
vn -0.1892 0.7089 -0.6795
vn -0.2242 0.7848 -0.5778
vn -0.1317 0.8084 -0.5737
vn 0.4413 0.7873 -0.4307
vn 0.4095 0.8631 -0.2955
vn 0.4984 0.7908 -0.3551
vn -0.3950 0.8960 -0.2026
vn -0.2990 0.9409 -0.1590
vn -0.3024 0.9128 -0.2746
vn -0.3367 0.9361 -0.1018
vn 0.4552 0.8588 -0.2350
vn 0.4265 0.9027 -0.0566
vn 0.6055 0.7935 -0.0620
vn 0.6055 0.7934 -0.0620
vn 0.5456 0.8373 0.0345
vn 0.6054 0.7935 -0.0620
vn 0.4629 0.8862 0.0207
vn -0.3367 0.9361 0.1018
vn -0.3024 0.9128 0.2746
vn -0.2990 0.9409 0.1590
vn -0.3950 0.8960 0.2026
vn -0.2074 0.9327 0.2950
vn -0.2230 0.8902 0.3972
vn -0.2259 0.8463 0.4825
vn -0.1892 0.7089 0.6795
vn -0.1317 0.8084 0.5737
vn -0.2242 0.7848 0.5778
vn -0.1240 0.6481 0.7514
vn -0.1220 0.7052 0.6984
vn -0.0929 0.7366 0.6699
vn -0.1359 0.6874 0.7134
vn 0.2050 0.7497 0.6292
vn 0.1969 0.7736 0.6023
vn 0.1597 0.7049 0.6911
vn 0.0900 0.5914 0.8014
vn 0.0900 0.5914 0.8013
vn 0.2318 0.6784 0.6972
vn -0.0724 0.4509 0.8896
vn -0.0595 0.6145 0.7867
vn 0.1165 0.7197 0.6844
vn 0.1700 0.6571 0.7344
vn -0.0953 0.7470 0.6579
vn 0.0585 0.6992 0.7125
vn 0.0008 0.7335 0.6797
vn 0.1846 0.7563 -0.6276
vn -0.0685 0.7344 -0.6753
vn -0.0036 0.7156 -0.6985
vn 0.1005 0.7093 -0.6977
vn 0.1761 0.7876 -0.5904
vn 0.1063 0.7795 -0.6174
vn 0.0579 0.7142 -0.6976
vn 0.0174 0.6717 -0.7406
vn 0.0932 0.6441 -0.7593
vn 0.0447 0.6821 -0.7299
vn -0.3661 0.6985 -0.6149
vn -0.2222 0.7222 -0.6550
vn -0.1274 0.8326 -0.5390
vn -0.0953 0.7470 -0.6579
vn 0.0550 0.6761 -0.7348
vn -0.0328 0.5541 -0.8318
vn -0.0328 0.5540 -0.8319
vn -0.0479 0.6273 -0.7773
vn -0.1529 0.5128 -0.8448
vn -0.2605 0.8434 -0.4699
vn 0.3710 0.1112 -0.9219
vn 0.8033 0.0739 -0.5910
vn 0.9690 0.0228 -0.2461
vn -0.3950 0.8961 0.2026
vn 0.9411 -0.0378 0.3361
vn 0.9991 -0.0317 0.0289
vn 0.9250 -0.0076 0.3799
vn 0.3042 0.0866 0.9487
vn 0.4302 0.0965 0.8975
vn -0.0000 0.2425 0.9701
vn -0.2858 0.9487 0.1355
vn -0.2605 0.8434 0.4699
vn 0.2385 0.7842 0.5728
vn 0.2669 0.8082 0.5249
vn -0.0328 0.5540 0.8318
vn -0.1529 0.5128 0.8448
vn -0.0479 0.6273 0.7773
vn 0.0309 0.6074 0.7938
vn -0.0295 0.6724 0.7396
vn 0.1514 0.7613 0.6305
vn 0.0174 0.6717 0.7406
vn 0.0394 0.6688 0.7424
vn 0.0579 0.7142 0.6976
vn 0.1184 0.7044 0.6999
vn 0.0972 0.6461 0.7570
vn -0.0165 0.6220 0.7829
vn -0.0165 0.6221 0.7828
vn 0.0727 0.7734 0.6297
vn -0.0578 0.7584 -0.6492
vn 0.0647 0.6834 -0.7271
vn 0.0605 0.7297 -0.6811
vn 0.1181 0.6849 -0.7190
vn -0.0562 0.5848 -0.8092
vn 0.0557 0.5243 -0.8497
vn -0.1128 0.6533 -0.7486
vn -0.0754 0.7029 -0.7073
vn -0.0507 0.5104 -0.8584
vn -0.0318 0.6816 -0.7311
vn -0.1667 0.6388 -0.7511
vn -0.1433 0.6728 -0.7258
vn 0.3116 0.8442 -0.4361
vn 0.3492 0.8394 -0.4164
vn -0.2755 0.9321 -0.2350
vn -0.3161 0.9484 -0.0227
vn -0.2858 0.9487 -0.1355
vn 0.0294 0.1621 -0.9863
vn 0.4409 0.1077 -0.8911
vn -0.6354 0.2328 0.7363
vn -0.2991 0.1761 0.9378
vn -0.5585 0.2601 0.7877
vn -0.3367 0.9361 0.1017
vn -0.3161 0.9484 0.0227
vn -0.3161 0.9484 0.0228
vn -0.2755 0.9321 0.2350
vn -0.0507 0.5104 0.8584
vn -0.0754 0.7029 0.7073
vn -0.1128 0.6533 0.7486
vn -0.0318 0.6815 0.7311
vn -0.0318 0.6816 0.7311
vn 0.1761 0.7876 0.5904
vn -0.1274 0.8326 0.5390
vn 0.0339 0.7517 -0.6586
vn -0.0489 0.7106 -0.7019
vn 0.0516 0.7011 -0.7112
vn 0.0691 0.5053 -0.8602
vn 0.0213 0.6383 -0.7695
vn -0.1138 0.6065 -0.7869
vn 0.0664 0.6703 -0.7392
vn -0.0621 0.7006 -0.7108
vn 0.0664 0.6703 -0.7391
vn -0.0000 0.6552 -0.7554
vn -0.0000 0.6552 -0.7555
vn 0.0314 0.6526 -0.7570
vn 0.0433 0.5527 -0.8323
vn 0.0646 0.6902 -0.7207
vn 0.0329 0.4483 -0.8933
vn 0.0312 0.3681 -0.9293
vn 0.0473 0.4986 -0.8656
vn 0.0474 0.4986 -0.8655
vn 0.0922 0.5731 -0.8143
vn -0.0852 0.6261 -0.7751
vn -0.1782 0.5142 -0.8390
vn -0.2020 0.5483 -0.8115
vn -0.2613 0.6832 -0.6819
vn 0.1848 0.6219 -0.7610
vn 0.1718 0.5979 -0.7829
vn 0.3117 0.7210 -0.6189
vn 0.2251 0.7278 -0.6478
vn 0.2866 0.7365 -0.6128
vn 0.2900 0.8377 -0.4629
vn -0.2230 0.8902 -0.3972
vn -0.8351 0.2734 -0.4773
vn -0.8794 0.2182 -0.4232
vn -0.4206 0.1173 -0.8996
vn -0.8991 0.2248 -0.3757
vn -0.9701 0.2425 -0.0000
vn -0.8807 0.2656 0.3922
vn 0.4817 0.8406 0.2478
vn 0.4789 0.8708 0.1108
vn 0.4058 0.8855 0.2262
vn 0.0664 0.6702 0.7392
vn 0.0314 0.6526 0.7570
vn -0.0000 0.6552 0.7554
vn -0.0621 0.7006 0.7108
vn -0.0852 0.6261 0.7751
vn 0.0922 0.5731 0.8143
vn 0.0474 0.4986 0.8655
vn 0.0473 0.4986 0.8655
vn 0.0312 0.3681 0.9293
vn -0.2020 0.5484 0.8115
vn 0.0516 0.7011 0.7112
vn -0.0489 0.7106 0.7019
vn 0.0647 0.6834 0.7271
vn 0.0447 0.6821 0.7299
vn 0.0339 0.7517 0.6586
vn 0.1063 0.7795 0.6173
vn -0.0707 0.7531 0.6541
vn -0.1537 0.7837 0.6018
vn -0.1008 0.6722 0.7335
vn -0.0509 0.7167 -0.6955
vn -0.0836 0.6428 -0.7615
vn -0.1160 0.6321 -0.7662
vn -0.0922 0.8160 -0.5707
vn -0.0662 0.7348 -0.6751
vn -0.1546 0.8030 -0.5756
vn -0.1359 0.6875 -0.7134
vn -0.2074 0.9327 -0.2950
vn -0.2316 0.9632 -0.1365
vn -0.2446 0.9212 -0.3025
vn 0.4095 0.8632 -0.2955
vn 0.3473 0.8805 -0.3225
vn 0.3756 0.9017 -0.2142
vn 0.3873 0.9061 -0.1700
vn 0.4626 0.8863 0.0203
vn 0.3859 0.9160 -0.1097
vn 0.4082 0.9104 -0.0673
vn 0.3851 0.9135 0.1314
vn -0.2319 0.9618 0.1452
vn -0.2319 0.9618 -0.1452
vn 0.3819 0.8684 0.3162
vn 0.3343 0.8814 0.3338
vn 0.3140 0.8589 0.4046
vn 0.3653 0.8332 0.4152
vn 0.2907 0.8471 0.4450
vn -0.1359 0.6875 0.7133
vn -0.1343 0.8091 0.5721
vn -0.1546 0.8030 0.5756
vn -0.1359 0.6875 0.7134
vn -0.0662 0.7348 0.6751
vn 0.2745 0.7410 0.6129
vn 0.2053 0.6241 0.7539
vn 0.0937 0.5316 0.8418
vn -0.0562 0.5848 0.8092
vn 0.0324 0.7293 0.6835
vn 0.2302 0.7133 0.6619
vn 0.0472 0.5761 0.8160
vn -0.0310 0.5923 0.8051
vn 0.1063 0.7795 0.6174
vn -0.1101 0.6389 0.7613
vn -0.1026 0.6824 0.7238
vn -0.0707 0.7530 0.6542
vn -0.1138 0.6065 0.7869
vn -0.0252 0.7161 -0.6976
vn 0.0404 0.6063 -0.7942
vn 0.0260 0.6376 -0.7699
vn -0.0682 0.5509 -0.8318
vn 0.0812 0.6674 -0.7403
vn 0.2302 0.7133 -0.6619
vn 0.0306 0.6926 -0.7207
vn -0.0232 0.6632 -0.7481
vn -0.1399 0.6628 -0.7356
vn 0.1668 0.7425 -0.6487
vn 0.1540 0.7716 -0.6172
vn 0.1830 0.8608 -0.4748
vn -0.2576 0.9659 -0.0256
vn -0.2956 0.9466 -0.1290
vn -0.2402 0.9631 -0.1211
vn 0.7252 0.0484 -0.6869
vn 0.9340 0.0772 -0.3487
vn 0.9979 0.0517 -0.0384
vn 0.6874 0.0573 0.7240
vn 0.6963 0.1741 0.6963
vn 0.3757 0.2248 0.8991
vn 0.4302 0.0966 0.8976
vn 0.0306 0.6926 0.7207
vn -0.1399 0.6628 0.7356
vn -0.0232 0.6632 0.7481
vn 0.0260 0.6376 0.7699
vn -0.0252 0.7161 0.6976
vn -0.2613 0.6832 0.6819
vn -0.0707 0.7531 -0.6541
vn -0.0825 0.6448 -0.7599
vn -0.0310 0.5923 -0.8051
vn 0.1063 0.7794 -0.6174
vn -0.0295 0.6724 -0.7396
vn -0.1068 0.7724 -0.6261
vn -0.0504 0.8312 -0.5536
vn -0.2206 0.8677 -0.4455
vn -0.1669 0.9134 -0.3714
vn -0.2229 0.9597 -0.1713
vn -0.1719 0.9565 -0.2357
vn -0.2602 0.9362 -0.2364
vn -0.1398 0.9800 -0.1416
vn -0.2563 0.2353 -0.9375
vn -0.0000 0.2425 -0.9701
vn 0.4062 0.1656 -0.8986
vn 0.4408 0.1077 -0.8911
vn 0.4063 0.1656 -0.8986
vn 0.6648 0.0964 -0.7407
vn 0.3710 0.1112 -0.9220
vn -0.0342 0.2087 0.9774
vn -0.3431 0.2694 0.8998
vn -0.0342 0.2086 0.9774
vn -0.2402 0.9631 0.1211
vn -0.1398 0.9800 0.1416
vn -0.2316 0.9632 0.1365
vn -0.2602 0.9362 0.2364
vn -0.2956 0.9466 0.1290
vn -0.2446 0.9212 0.3025
vn -0.1875 0.9483 0.2563
vn -0.2229 0.9597 0.1713
vn -0.0922 0.8160 0.5707
vn -0.1409 0.9256 0.3513
vn -0.1669 0.9134 0.3714
vn 0.2323 0.8003 0.5528
vn 0.1720 0.8129 0.5565
vn -0.1305 0.6846 0.7172
vn -0.1068 0.7724 0.6261
vn -0.0627 0.6944 0.7169
vn -0.0598 0.7775 0.6260
vn 0.0182 0.7618 0.6476
vn -0.0288 0.7115 -0.7021
vn -0.0761 0.6979 -0.7121
vn -0.0558 0.6499 -0.7580
vn 0.0613 0.7021 -0.7095
vn 0.0506 0.5303 -0.8463
vn 0.0472 0.5761 -0.8160
vn 0.1626 0.6474 -0.7446
vn 0.0939 0.6557 -0.7492
vn 0.0570 0.7752 -0.6291
vn 0.2041 0.8669 -0.4547
vn -0.1489 0.7123 -0.6859
vn -0.1045 0.6449 -0.7570
vn -0.1547 0.8660 -0.4754
vn -0.1237 0.8520 -0.5087
vn -0.1463 0.9810 -0.1276
vn 0.2938 0.8943 -0.3376
vn 0.3249 0.8880 -0.3253
vn -0.7081 0.2188 0.6713
vn -0.6802 0.2704 0.6813
vn -0.8672 0.3570 0.3472
vn -0.2576 0.9659 0.0256
vn -0.2469 0.9609 0.1254
vn -0.2864 0.9578 0.0241
vn -0.2864 0.9578 -0.0241
vn 0.4789 0.8708 0.1109
vn 0.3515 0.9325 0.0835
vn 0.3500 0.9232 0.1585
vn -0.2206 0.8677 0.4455
vn -0.1333 0.9693 0.2064
vn -0.1489 0.7123 0.6859
vn -0.1045 0.6449 0.7570
vn -0.1237 0.8520 0.5087
vn -0.1547 0.8660 0.4754
vn 0.0404 0.6063 0.7942
vn 0.0497 0.7433 0.6671
vn -0.0668 0.7645 0.6411
vn 0.0613 0.7021 0.7095
vn -0.0557 0.6499 0.7580
vn -0.0761 0.6979 0.7121
vn -0.0288 0.7115 0.7021
vn 0.0570 0.7752 0.6291
vn 0.0646 0.6902 0.7207
vn -0.0851 0.7393 -0.6679
vn -0.0668 0.6342 -0.7703
vn -0.0138 0.5326 -0.8463
vn -0.1717 0.6271 -0.7598
vn 0.0497 0.7433 -0.6671
vn 0.0148 0.7932 -0.6088
vn 0.0324 0.7293 -0.6835
vn 0.0324 0.7293 -0.6834
vn 0.2174 0.7659 -0.6051
vn 0.0270 0.7964 -0.6041
vn 0.0182 0.7618 -0.6476
vn -0.0196 0.7881 -0.6152
vn 0.0576 0.8101 0.5834
vn 0.0213 0.6383 0.7695
vn -0.0825 0.6448 0.7599
vn -0.1021 0.7798 0.6176
vn 0.1114 0.7488 0.6534
vn 0.1130 0.6215 0.7752
vn 0.0691 0.5053 0.8602
vn -0.0138 0.5326 0.8463
vn -0.0668 0.6342 0.7703
vn 0.0270 0.7964 0.6041
vn 0.0506 0.5303 0.8463
vn 0.1063 0.7794 0.6174
vn 0.0862 0.6703 0.7371
vn -0.1233 0.6870 0.7161
vn -0.0254 0.7732 -0.6336
vn -0.1309 0.7606 -0.6359
vn -0.2020 0.5484 -0.8115
vn -0.1343 0.8091 -0.5721
vn -0.2021 0.9104 -0.3610
vn -0.0849 0.9321 -0.3522
vn 0.2860 0.8424 -0.4568
vn 0.1831 0.8608 -0.4748
vn 0.2574 0.8990 -0.3542
vn 0.3197 0.9231 -0.2136
vn 0.2899 0.9458 -0.1461
vn 0.3970 0.9142 -0.0810
vn -0.2101 0.9633 -0.1673
vn -0.2469 0.9609 -0.1254
vn -0.2384 0.9469 -0.2157
vn -0.1538 0.9782 -0.1393
vn -0.1147 0.9675 -0.2252
vn -0.1363 0.9851 -0.1049
vn 0.3857 0.9226 0.0101
vn 0.3322 0.9425 -0.0363
vn -0.2101 0.9633 0.1673
vn -0.2384 0.9469 0.2157
vn -0.2010 0.9729 0.1144
vn -0.1360 0.9681 0.2105
vn -0.1538 0.9782 0.1393
vn 0.2716 0.9096 0.3145
vn 0.2831 0.9399 0.1907
vn 0.2465 0.9421 0.2272
vn 0.2347 0.9407 0.2449
vn 0.2748 0.8951 0.3512
vn 0.1819 0.9104 0.3716
vn -0.1551 0.7563 0.6356
vn -0.1309 0.7606 0.6359
vn 0.0724 0.7480 -0.6597
vn -0.0913 0.7176 -0.6904
vn 0.1685 0.8731 -0.4575
vn -0.1409 0.9256 -0.3513
vn -0.1475 0.9746 -0.1687
vn -0.2263 0.9643 -0.1374
vn -0.3570 0.2340 -0.9043
vn -0.2563 0.2350 -0.9376
vn -0.3653 0.2382 -0.8999
vn 0.0383 0.1922 -0.9806
vn 0.6648 0.0964 -0.7408
vn 0.3711 0.1111 -0.9219
vn 0.8904 0.1174 -0.4398
vn 0.9210 0.0945 0.3780
vn 0.9274 0.1522 0.3416
vn -0.2736 0.2367 0.9323
vn -0.3318 0.2645 0.9055
vn -0.2735 0.2367 0.9323
vn -0.6802 0.2705 0.6813
vn -0.5584 0.2602 0.7877
vn 0.4120 0.1677 0.8956
vn -0.0000 0.1222 0.9925
vn -0.2125 0.9314 0.2955
vn -0.1136 0.9600 0.2560
vn -0.0849 0.9321 0.3522
vn 0.1687 0.8608 0.4803
vn 0.2138 0.8615 0.4606
vn -0.0254 0.7732 0.6336
vn 0.0724 0.7480 0.6597
vn 0.0566 0.6714 0.7389
vn -0.0690 0.7430 0.6657
vn -0.0690 0.7431 0.6656
vn 0.0557 0.7112 0.7007
vn 0.1849 0.7290 0.6590
vn 0.1626 0.6474 0.7446
vn 0.2174 0.7659 0.6051
vn 0.1053 0.8492 0.5175
vn -0.0783 0.8172 0.5710
vn -0.1280 0.6677 -0.7334
vn 0.0919 0.7728 -0.6279
vn 0.1849 0.7290 -0.6590
vn -0.0424 0.7794 -0.6251
vn -0.0496 0.7714 -0.6344
vn -0.0388 0.8493 -0.5265
vn -0.0294 0.8406 -0.5409
vn -0.0339 0.8178 -0.5744
vn -0.1094 0.8188 -0.5635
vn -0.0716 0.8760 -0.4769
vn -0.0970 0.8574 -0.5054
vn 0.1581 0.8706 -0.4658
vn 0.1707 0.9306 -0.3238
vn 0.2355 0.9478 -0.2151
vn 0.2938 0.9326 -0.2097
vn -0.1705 0.9772 -0.1266
vn -0.6436 0.2790 -0.7127
vn -0.6436 0.2791 -0.7126
vn -0.8858 0.2763 -0.3728
vn -0.8881 0.3173 -0.3326
vn -0.8678 0.2602 -0.4233
vn -0.8679 0.3081 -0.3896
vn -0.9057 0.2849 -0.3139
vn -0.2502 0.9454 -0.2088
vn -0.2502 0.9454 0.2088
vn -0.8710 0.3383 0.3562
vn -0.6704 0.1952 0.7159
vn -0.7259 0.1371 0.6740
vn -0.1715 0.9768 0.1281
vn -0.0504 0.8312 0.5536
vn -0.0496 0.7714 0.6344
vn -0.0716 0.8760 0.4769
vn -0.0424 0.7794 0.6251
vn -0.0294 0.8406 0.5409
vn -0.0389 0.8493 0.5265
vn -0.1094 0.8188 0.5635
vn -0.0339 0.8178 0.5744
vn -0.0388 0.8493 0.5265
vn -0.1980 0.7480 0.6335
vn -0.0851 0.7393 0.6679
vn -0.0783 0.8172 -0.5710
vn 0.1053 0.8492 -0.5175
vn -0.1424 0.7744 -0.6164
vn -0.0668 0.7645 -0.6411
vn -0.0990 0.7840 -0.6128
vn 0.0832 0.8018 -0.5918
vn 0.0473 0.4986 -0.8655
vn -0.1551 0.7563 -0.6356
vn 0.0035 0.8994 -0.4372
vn 0.0448 0.8493 -0.5260
vn 0.0448 0.8493 -0.5261
vn 0.0934 0.7581 -0.6454
vn -0.1283 0.8092 -0.5734
vn -0.1980 0.7480 -0.6335
vn 0.0576 0.8101 -0.5834
vn -0.0099 0.8630 -0.5051
vn -0.0252 0.7669 -0.6413
vn 0.0090 0.7579 -0.6523
vn 0.0068 0.8894 -0.4571
vn 0.0905 0.8788 -0.4685
vn 0.1026 0.9373 -0.3329
vn 0.1026 0.9374 -0.3329
vn -0.1912 0.9625 -0.1923
vn 0.2815 0.9499 -0.1359
vn 0.2778 0.9592 -0.0521
vn 0.2643 0.9561 0.1265
vn 0.3227 0.9379 0.1276
vn 0.3227 0.9378 0.1276
vn -0.1263 0.9749 0.1835
vn -0.1886 0.9705 0.1503
vn -0.1851 0.9702 0.1563
vn -0.2022 0.9104 0.3610
vn -0.2263 0.9643 0.1374
vn -0.1503 0.9813 0.1203
vn 0.0148 0.7932 0.6088
vn 0.0555 0.8627 0.5027
vn 0.0844 0.8037 0.5890
vn -0.0990 0.7840 0.6128
vn -0.0099 0.8630 0.5051
vn -0.1424 0.7744 0.6164
vn 0.0934 0.7581 0.6454
vn 0.0832 0.8018 0.5918
vn -0.0623 0.8702 -0.4887
vn 0.1130 0.6215 -0.7752
vn -0.0393 0.6327 -0.7734
vn 0.1346 0.7945 -0.5921
vn 0.1114 0.7488 -0.6534
vn -0.0147 0.7124 -0.7016
vn 0.1001 0.8602 -0.5001
vn 0.0070 0.8683 -0.4960
vn -0.1719 0.9569 -0.2340
vn -0.1454 0.9821 -0.1195
vn -0.2031 0.9644 -0.1696
vn -0.2017 0.9789 -0.0325
vn -0.2341 0.9585 -0.1626
vn -0.2019 0.9380 -0.2817
vn -0.1752 0.9655 -0.1928
vn -0.1454 0.9821 0.1195
vn -0.2017 0.9789 0.0325
vn 0.2748 0.8951 0.3511
vn 0.2470 0.9381 0.2428
vn 0.2148 0.9385 0.2705
vn 0.1493 0.9200 0.3625
vn -0.0623 0.8702 0.4887
vn 0.0070 0.8683 0.4960
vn 0.1346 0.7945 0.5921
vn -0.0393 0.6327 0.7734
vn 0.0090 0.7579 0.6523
vn 0.0989 0.8182 0.5663
vn 0.0448 0.8493 0.5261
vn 0.0832 0.8018 0.5917
vn 0.0448 0.8493 0.5260
vn 0.0035 0.8994 0.4372
vn -0.1021 0.7798 -0.6176
vn -0.0215 0.8775 -0.4791
vn -0.0898 0.9066 -0.4123
vn 0.0557 0.7112 -0.7007
vn -0.0692 0.7136 -0.6971
vn -0.0183 0.8387 -0.5443
vn 0.2115 0.9008 -0.3793
vn 0.2317 0.8953 -0.3804
vn 0.1720 0.9151 -0.3646
vn -0.0708 0.8535 -0.5162
vn -0.2125 0.9314 -0.2955
vn -0.1312 0.9176 -0.3753
vn -0.1312 0.9176 -0.3754
vn 0.1561 0.9371 -0.3123
vn 0.1541 0.9609 -0.2299
vn -0.0384 0.1736 -0.9841
vn -0.0000 0.1222 -0.9925
vn 0.7041 0.2576 -0.6617
vn 0.6560 0.2251 -0.7204
vn 0.7495 0.1710 -0.6395
vn 0.9399 0.1184 -0.3201
vn 0.9806 0.1922 -0.0383
vn 0.9219 0.1111 -0.3711
vn 0.9979 0.0517 -0.0383
vn 0.9400 0.1185 -0.3201
vn 0.8991 0.2248 0.3757
vn 0.6974 0.1646 0.6975
vn 0.3757 0.2247 0.8991
vn -0.0392 0.1828 0.9824
vn -0.6807 0.0895 0.7271
vn -0.6806 0.0895 0.7272
vn -0.6806 0.0895 0.7271
vn -0.1752 0.9655 0.1928
vn -0.0708 0.8535 0.5162
vn -0.1312 0.9176 0.3753
vn 0.2102 0.8901 0.4045
vn 0.1470 0.9406 0.3061
vn 0.1917 0.9043 0.3814
vn 0.2367 0.8331 0.5000
vn 0.0755 0.8979 0.4336
vn 0.1001 0.8602 0.5001
vn -0.0147 0.7124 0.7016
vn -0.1280 0.6677 0.7334
vn 0.0919 0.7728 0.6279
vn -0.0898 0.9066 0.4123
vn -0.1280 0.6676 0.7334
vn -0.1980 0.8872 -0.4167
vn -0.0333 0.8459 -0.5322
vn -0.0159 0.8596 -0.5108
vn -0.0109 0.8770 -0.4803
vn -0.0950 0.7618 -0.6408
vn -0.0179 0.8728 -0.4878
vn -0.0476 0.8115 -0.5824
vn -0.0174 0.8673 -0.4975
vn -0.1136 0.9600 -0.2560
vn -0.1094 0.9810 -0.1602
vn -0.2107 0.9683 -0.1343
vn -0.1503 0.9813 -0.1203
vn -0.1201 0.9777 -0.1724
vn -0.8908 0.2621 0.3711
vn -0.3916 0.1153 0.9129
vn -0.9138 0.1052 0.3924
vn 0.2365 0.9659 0.1048
vn 0.2302 0.9497 0.2122
vn -0.1201 0.9777 0.1724
vn -0.1252 0.9453 0.3012
vn -0.2019 0.9380 0.2817
vn -0.0970 0.8574 0.5054
vn -0.0896 0.9237 0.3724
vn -0.0950 0.7618 0.6408
vn -0.0179 0.8728 0.4878
vn -0.0174 0.8673 0.4974
vn -0.0476 0.8115 0.5824
vn -0.0252 0.7669 0.6413
vn -0.1283 0.8092 0.5734
vn -0.1980 0.8872 0.4167
vn -0.0982 0.8704 0.4825
vn -0.0109 0.8770 0.4803
vn 0.0555 0.8627 -0.5027
vn 0.0844 0.8037 -0.5890
vn 0.0722 0.8329 -0.5487
vn -0.0860 0.8272 -0.5553
vn -0.0945 0.8994 -0.4268
vn 0.0282 0.9062 -0.4220
vn -0.1006 0.8323 -0.5451
vn 0.0989 0.8182 -0.5663
vn 0.0359 0.9178 -0.3954
vn -0.0102 0.9169 -0.3990
vn 0.1824 0.9136 -0.3634
vn 0.1956 0.9373 -0.2884
vn 0.1824 0.9136 -0.3633
vn 0.1707 0.9306 -0.3237
vn -0.1252 0.9453 -0.3012
vn -0.1193 0.9803 -0.1572
vn -0.1149 0.9781 -0.1736
vn -0.1354 0.9484 -0.2866
vn -0.1313 0.9788 -0.1575
vn 0.2225 0.9645 -0.1424
vn 0.1985 0.9660 -0.1655
vn 0.2120 0.9713 -0.1077
vn 0.2193 0.9736 -0.0628
vn -0.2341 0.9585 0.1626
vn -0.1193 0.9803 0.1572
vn -0.1193 0.9803 -0.1571
vn -0.1094 0.9810 0.1602
vn -0.2107 0.9683 0.1343
vn -0.1313 0.9788 0.1575
vn -0.1671 0.9851 0.0411
vn -0.1463 0.9693 0.1976
vn -0.0159 0.8596 0.5108
vn -0.1006 0.8323 0.5451
vn 0.0282 0.9062 0.4220
vn -0.0945 0.8994 0.4268
vn -0.0860 0.8272 0.5553
vn 0.1680 0.9441 0.2837
vn 0.0850 0.8916 0.4448
vn 0.0755 0.8979 0.4337
vn -0.0333 0.8460 0.5322
vn -0.0333 0.8459 0.5322
vn 0.0721 0.8725 0.4832
vn -0.0169 0.9105 -0.4132
vn -0.0423 0.9969 -0.0670
vn -0.0634 0.9876 -0.1436
vn -0.0896 0.9237 -0.3724
vn -0.0871 0.9216 -0.3783
vn 0.2187 0.9372 -0.2716
vn 0.2255 0.9541 -0.1970
vn -0.1281 0.9370 -0.3249
vn -0.1463 0.9693 -0.1976
vn -0.1281 0.9370 0.3249
vn -0.1354 0.9484 0.2866
vn 0.2452 0.9450 0.2162
vn 0.1918 0.9677 0.1639
vn 0.1822 0.9425 0.2800
vn -0.0169 0.9105 0.4132
vn -0.0634 0.9876 0.1436
vn -0.0423 0.9969 0.0670
vn 0.0068 0.8894 0.4571
vn -0.0102 0.9169 0.3990
vn 0.0359 0.9178 0.3954
vn 0.1053 0.8492 0.5174
vn -0.0525 0.9266 -0.3723
vn -0.0415 0.9165 -0.3979
vn 0.0721 0.8725 -0.4832
vn 0.0336 0.8171 -0.5755
vn 0.1193 0.8715 -0.4757
vn 0.1193 0.8715 -0.4756
vn 0.1346 0.7946 -0.5921
vn 0.0675 0.9400 -0.3343
vn 0.0467 0.9367 -0.3471
vn 0.0083 0.9143 -0.4049
vn 0.0429 0.9338 -0.3551
vn -0.0982 0.8704 -0.4825
vn -0.0751 0.9045 -0.4199
vn 0.1019 0.9641 -0.2450
vn 0.2028 0.9278 -0.3131
vn -0.0780 0.8808 -0.4670
vn -0.0390 0.9255 -0.3767
vn -0.0170 0.9728 -0.2310
vn 0.0968 0.9101 -0.4029
vn -0.0117 0.9639 -0.2661
vn -0.0306 0.9141 -0.4044
vn -0.0369 0.9118 -0.4089
vn -0.0274 0.8310 -0.5556
vn -0.0090 0.9351 -0.3542
vn -0.1175 0.9721 -0.2032
vn -0.1671 0.9851 -0.0411
vn -0.1070 0.9930 -0.0507
vn -0.6617 0.2576 -0.7041
vn -0.7495 0.1710 -0.6395
vn -0.9154 -0.0955 -0.3911
vn 0.4049 0.0526 -0.9129
vn -0.6427 0.1583 -0.7496
vn -0.7496 0.1710 -0.6395
vn -0.7071 -0.0000 -0.7071
vn -0.9925 0.1222 -0.0000
vn -0.7357 0.0828 -0.6723
vn -0.9337 -0.0415 0.3557
vn -0.0398 -0.0618 0.9973
vn -0.3916 -0.1153 0.9129
vn 0.3416 0.1522 0.9274
vn 0.3416 0.1523 0.9274
vn 0.0773 0.0189 0.9968
vn 0.2133 0.9766 0.0272
vn -0.1070 0.9930 0.0507
vn -0.0780 0.8808 0.4670
vn -0.0390 0.9255 0.3767
vn -0.1175 0.9721 0.2032
vn -0.0871 0.9216 0.3783
vn -0.0699 0.9831 0.1689
vn 0.0722 0.8329 0.5487
vn -0.0274 0.8310 0.5556
vn -0.0369 0.9118 0.4089
vn -0.0306 0.9141 0.4044
vn -0.0117 0.9639 0.2661
vn 0.0968 0.9101 0.4029
vn -0.0090 0.9351 0.3542
vn 0.1226 0.9558 0.2671
vn 0.0371 0.9691 0.2439
vn 0.0035 0.9642 0.2651
vn 0.0323 0.8889 0.4569
vn 0.0323 0.8889 0.4570
vn 0.0559 0.7608 0.6465
vn 0.0297 0.9396 0.3411
vn -0.0215 0.8775 0.4791
vn -0.0525 0.9266 0.3723
vn -0.0024 0.9294 0.3690
vn 0.0467 0.9367 0.3471
vn 0.1193 0.8715 0.4756
vn 0.0675 0.9400 0.3343
vn -0.0183 0.8387 0.5443
vn 0.0186 0.9047 0.4256
vn 0.0429 0.9338 0.3551
vn 0.0336 0.8171 0.5755
vn 0.0083 0.9143 0.4049
vn -0.0415 0.9165 0.3979
vn -0.0573 0.9380 -0.3419
vn 0.0186 0.9047 -0.4256
vn 0.0667 0.9367 -0.3436
vn -0.0000 0.9390 -0.3439
vn 0.0297 0.9396 -0.3411
vn -0.0732 0.9525 -0.2956
vn 0.1780 0.9405 -0.2893
vn 0.1661 0.9617 -0.2179
vn 0.1594 0.9613 -0.2249
vn -0.0557 0.9841 -0.1686
vn -0.0614 0.9606 -0.2711
vn 0.1799 0.9701 -0.1628
vn 0.2172 0.9677 -0.1276
vn 0.2296 0.9718 -0.0532
vn -0.1149 0.9781 0.1736
vn -0.1194 0.9803 -0.1572
vn -0.1079 0.9929 0.0504
vn -0.1189 0.9514 0.2840
vn -0.0614 0.9606 0.2711
vn 0.1599 0.9665 0.2007
vn 0.1462 0.9639 0.2225
vn 0.1568 0.9330 0.3238
vn 0.1593 0.9528 0.2585
vn -0.0170 0.9728 0.2310
vn -0.0000 0.9390 0.3439
vn 0.0667 0.9367 0.3436
vn -0.0573 0.9380 0.3419
vn -0.0574 0.9380 0.3419
vn -0.0174 0.8674 -0.4974
vn 0.0875 0.9504 -0.2984
vn 0.0509 0.9650 -0.2572
vn -0.1079 0.9929 -0.0504
vn -0.1189 0.9514 -0.2840
vn -0.1317 0.9838 -0.1212
vn -0.1221 0.9766 -0.1772
vn -0.1245 0.9766 -0.1756
vn -0.1274 0.9498 -0.2857
vn 0.2149 0.9759 0.0377
vn 0.1967 0.9797 0.0395
vn 0.1227 0.9558 0.2671
vn -0.0732 0.9525 0.2956
vn 0.0509 0.9650 0.2572
vn 0.0875 0.9504 0.2984
vn -0.0174 0.8674 0.4974
vn -0.0431 0.9522 -0.3026
vn -0.0869 0.9160 -0.3916
vn 0.0361 0.9008 -0.4327
vn -0.0024 0.9294 -0.3690
vn 0.0235 0.9485 -0.3159
vn -0.0146 0.9339 -0.3571
vn -0.0533 0.9820 -0.1810
vn -0.0004 0.9830 -0.1833
vn 0.0726 0.9815 -0.1774
vn 0.0559 0.7608 -0.6466
vn -0.1403 0.7108 -0.6893
vn 0.1376 0.9138 -0.3822
vn 0.0873 0.9326 -0.3501
vn 0.0559 0.7609 -0.6465
vn 0.0323 0.8889 -0.4569
vn 0.0323 0.8889 -0.4570
vn -0.0699 0.9831 -0.1689
vn -0.1133 0.9789 -0.1703
vn -0.1212 0.9746 -0.1883
vn -0.0805 0.9793 -0.1856
vn 0.2015 0.9690 -0.1430
vn -0.0557 0.9841 0.1686
vn -0.1221 0.9766 0.1772
vn -0.1317 0.9838 0.1212
vn -0.1133 0.9789 0.1703
vn -0.0986 0.9637 0.2482
vn -0.1274 0.9498 0.2857
vn 0.0726 0.9815 0.1774
vn -0.0004 0.9830 0.1833
vn -0.0533 0.9820 0.1810
vn -0.0282 0.9628 0.2686
vn -0.0805 0.9793 0.1856
vn -0.0751 0.9045 0.4199
vn -0.0431 0.9522 0.3026
vn 0.0873 0.9326 0.3501
vn 0.0092 0.9701 0.2424
vn 0.0134 0.9836 0.1800
vn 0.0388 0.9697 0.2410
vn -0.0382 0.9513 -0.3058
vn 0.0055 0.9662 -0.2578
vn 0.0388 0.9697 -0.2410
vn -0.2297 0.8758 -0.4246
vn -0.0740 0.9732 -0.2178
vn -0.1774 0.9659 -0.1885
vn -0.1723 0.9338 -0.3135
vn -0.0986 0.9637 -0.2482
vn -0.0502 0.9850 -0.1652
vn -0.0818 0.9965 -0.0179
vn -0.1233 0.9863 -0.1096
vn 0.1725 0.9592 -0.2240
vn 0.2355 0.9677 0.0899
vn 0.1676 0.9843 0.0551
vn 0.2172 0.9678 -0.1276
vn -0.3558 -0.0415 -0.9336
vn -0.6738 -0.0833 -0.7342
vn 0.7071 -0.0000 -0.7071
vn 0.7070 0.0135 -0.7070
vn 0.8903 0.1073 -0.4425
vn -0.6891 -0.1587 -0.7071
vn -0.7272 -0.0895 -0.6805
vn -0.7272 -0.0895 -0.6806
vn 0.9925 0.1222 -0.0000
vn 0.9239 -0.0000 0.3827
vn 0.9895 0.1221 0.0767
vn -0.3711 -0.1112 0.9219
vn -0.9125 -0.0631 0.4042
vn 0.7059 0.0092 0.7082
vn 0.7272 0.0895 0.6806
vn 0.3487 -0.0772 0.9341
vn -0.1245 0.9766 0.1756
vn -0.0502 0.9850 0.1652
vn 0.1514 0.9780 0.1432
vn 0.1404 0.9665 0.2151
vn -0.1212 0.9746 0.1883
vn -0.1403 0.7108 0.6893
vn -0.2297 0.8758 0.4246
vn -0.0382 0.9513 0.3058
vn 0.0055 0.9662 0.2578
vn -0.0146 0.9339 0.3571
vn -0.0156 0.9504 0.3108
vn 0.0235 0.9485 0.3159
vn 0.0983 0.8959 0.4333
vn 0.0361 0.9008 0.4327
vn 0.0035 0.9642 -0.2651
vn -0.0000 0.9487 -0.3162
vn -0.0091 0.9659 -0.2586
vn 0.0364 0.9655 -0.2578
vn 0.0508 0.9696 -0.2395
vn 0.0371 0.9691 -0.2439
vn 0.1200 0.9707 -0.2082
vn 0.0983 0.8959 -0.4333
vn -0.0167 0.8518 -0.5236
vn -0.0041 0.9731 -0.2302
vn 0.1175 0.9743 -0.1921
vn 0.0092 0.9701 -0.2424
vn 0.0134 0.9836 -0.1800
vn 0.0452 0.9685 -0.2451
vn -0.0424 0.9613 -0.2721
vn -0.0282 0.9628 -0.2686
vn -0.0601 0.9708 -0.2322
vn -0.0284 0.9627 -0.2689
vn 0.0894 0.9957 -0.0262
vn 0.0894 0.9956 -0.0262
vn 0.0274 0.9797 -0.1986
vn -0.0196 0.9824 -0.1855
vn -0.0196 0.9825 -0.1855
vn -0.0284 0.9628 -0.2689
vn 0.0078 0.9832 -0.1825
vn 0.0457 0.9683 -0.2455
vn 0.0605 0.9507 -0.3041
vn 0.0206 0.9609 -0.2761
vn 0.0853 0.9548 -0.2849
vn -0.1308 0.9728 0.1913
vn -0.1512 0.9799 0.1302
vn -0.1233 0.9863 0.1096
vn -0.0740 0.9732 0.2178
vn -0.1774 0.9659 0.1885
vn -0.1289 0.9684 0.2133
vn -0.0678 0.9567 0.2832
vn 0.0206 0.9609 0.2761
vn 0.0457 0.9683 0.2455
vn 0.0605 0.9507 0.3041
vn -0.0196 0.9825 0.1855
vn -0.0196 0.9824 0.1855
vn -0.0284 0.9627 0.2689
vn 0.0274 0.9797 0.1986
vn 0.0894 0.9956 0.0262
vn 0.0894 0.9957 0.0262
vn 0.1376 0.9138 0.3822
vn 0.0559 0.7609 0.6465
vn -0.0000 0.9487 0.3162
vn -0.0091 0.9659 0.2586
vn -0.0424 0.9613 0.2721
vn 0.0452 0.9685 0.2451
vn 0.0535 0.9725 0.2268
vn 0.0364 0.9655 0.2578
vn -0.0869 0.9160 0.3916
vn -0.0167 0.8518 0.5236
vn -0.0041 0.9731 0.2302
vn -0.1524 0.9526 0.2635
vn -0.0804 0.9739 0.2124
vn 0.0741 0.9630 -0.2591
vn -0.0804 0.9739 -0.2124
vn -0.1524 0.9526 -0.2635
vn -0.0156 0.9504 -0.3108
vn -0.0093 0.9949 -0.1004
vn 0.0052 0.9969 -0.0784
vn -0.1308 0.9728 -0.1913
vn -0.1512 0.9799 -0.1302
vn -0.2000 0.9798 -0.0000
vn -0.1173 0.9872 -0.1076
vn -0.0560 0.9727 -0.2254
vn -0.0818 0.9965 0.0179
vn 0.0932 0.9781 0.1862
vn 0.1404 0.9664 0.2151
vn -0.0601 0.9708 0.2322
vn 0.0129 0.9807 0.1949
vn 0.0272 0.9785 0.2045
vn -0.0560 0.9727 0.2254
vn -0.0000 0.9836 0.1805
vn -0.0611 0.9818 0.1798
vn 0.0078 0.9832 0.1825
vn 0.1175 0.9743 0.1921
vn -0.1723 0.9338 0.3135
vn -0.0709 0.9956 -0.0621
vn 0.0129 0.9807 -0.1949
vn 0.0272 0.9785 -0.2045
vn -0.0611 0.9818 -0.1798
vn -0.0811 0.9675 -0.2394
vn -0.0808 0.9539 -0.2890
vn -0.0000 0.9836 -0.1805
vn -0.0678 0.9567 -0.2832
vn 0.0920 0.9696 -0.2266
vn -0.0497 0.9800 -0.1928
vn -0.1289 0.9684 -0.2133
vn -0.1268 0.9328 -0.3375
vn -0.0577 0.9640 -0.2596
vn 0.0426 0.9971 -0.0623
vn 0.0324 0.9821 0.1855
vn 0.0920 0.9696 0.2267
vn 0.0303 0.9098 0.4139
vn -0.0808 0.9539 0.2890
vn -0.0811 0.9675 0.2394
vn 0.0063 0.9956 0.0934
vn -0.0284 0.9628 0.2689
vn -0.0709 0.9956 0.0621
vn -0.0120 0.9647 0.2630
vn -0.0132 0.9842 0.1765
vn 0.0234 0.9949 0.0979
vn 0.0741 0.9630 0.2592
vn 0.0052 0.9969 0.0784
vn -0.0288 0.9753 -0.2189
vn 0.0240 0.9710 -0.2380
vn -0.0784 0.9800 -0.1831
vn -0.0594 0.9932 -0.0999
vn 0.0434 0.9911 -0.1261
vn 0.0478 0.9973 -0.0565
vn 0.0273 0.9996 0.0103
vn 0.0569 0.9984 0.0005
vn 0.0703 0.9743 -0.2138
vn 0.0707 0.9410 -0.3309
vn 0.0234 0.9949 -0.0979
vn -0.0000 1.0000 -0.0000
vn -0.0489 0.9988 0.0007
vn -0.0112 0.9846 -0.1747
vn -0.0120 0.9688 -0.2474
vn -0.0000 0.9999 0.0149
vn 0.0193 0.9927 -0.1187
vn 0.0120 0.9886 -0.1501
vn 0.0489 0.9988 0.0007
vn 0.0120 0.9886 -0.1500
vn 0.0695 0.9849 -0.1587
vn -0.0309 0.9989 -0.0354
vn 0.0614 0.9907 -0.1214
vn 0.0069 0.9993 -0.0355
vn 0.0063 0.9956 -0.0934
vn -0.1158 0.9804 -0.1593
vn 0.0303 0.9098 -0.4139
vn 0.0355 0.9869 -0.1576
vn 0.2243 0.9683 -0.1096
vn 0.0920 0.9696 -0.2267
vn 0.0427 0.9971 -0.0623
vn -0.1173 0.9872 0.1076
vn -0.1173 0.9873 -0.1076
vn -0.9824 -0.1828 -0.0392
vn -0.9968 -0.0705 0.0384
vn -0.9317 -0.0000 0.3633
vn -0.9492 -0.0000 -0.3147
vn -0.3711 -0.1111 0.9219
vn -0.0384 -0.0516 0.9979
vn -0.6806 -0.0895 0.7272
vn -0.9441 -0.0000 0.3296
vn 0.7050 -0.0778 0.7050
vn 0.3557 -0.0415 0.9337
vn 0.0614 0.9907 0.1214
vn 0.0920 0.9696 0.2266
vn -0.0468 0.9803 0.1921
vn -0.0497 0.9800 -0.1926
vn 0.0920 0.9696 -0.2265
vn 0.2243 0.9683 0.1096
vn -0.0577 0.9640 0.2596
vn -0.1310 0.9530 0.2731
vn 0.0355 0.9869 0.1576
vn -0.1225 0.9796 0.1590
vn -0.1158 0.9804 0.1593
vn 0.0158 0.9884 0.1508
vn 0.0214 0.9925 0.1204
vn 0.0703 0.9743 0.2138
vn -0.0684 0.9778 0.1980
vn -0.0574 0.9932 0.1009
vn -0.0783 0.9769 0.1988
vn 0.0129 0.9673 0.2534
vn -0.0288 0.9753 0.2189
vn 0.0770 0.9530 0.2931
vn -0.0093 0.9949 0.1004
vn 0.0449 0.9908 0.1276
vn 0.0452 0.9967 0.0677
vn 0.0069 0.9993 0.0355
vn -0.1158 0.9804 -0.1592
vn 0.0070 0.9993 -0.0355
vn 0.0466 0.9987 -0.0202
vn 0.0374 0.9993 0.0009
vn -0.0647 0.9779 -0.1989
vn -0.1621 0.9842 -0.0712
vn -0.0324 0.9995 -0.0008
vn 0.0466 0.9987 0.0202
vn 0.0597 0.9977 0.0331
vn 0.0577 0.9976 -0.0373
vn -0.0411 0.9990 0.0153
vn 0.0577 0.9976 -0.0374
vn 0.0577 0.9976 -0.0372
vn -0.1225 0.9796 -0.1590
vn -0.1225 0.9797 -0.1590
vn -0.7070 -0.0184 -0.7070
vn -0.9917 0.1033 -0.0768
vn -0.0768 -0.1033 -0.9917
vn -0.3827 -0.0000 -0.9239
vn -0.0000 -0.1222 -0.9925
vn 0.3615 -0.2302 -0.9035
vn 0.7070 -0.0135 -0.7070
vn 0.8930 -0.2525 -0.3725
vn 0.9871 -0.1601 -0.0000
vn 0.9337 -0.0415 0.3557
vn -0.9941 0.1086 0.0075
vn -0.9911 0.1136 0.0695
vn 0.6574 -0.1198 0.7440
vn -0.9925 0.1223 -0.0000
vn -0.9099 0.2069 0.3595
vn -0.9733 0.2297 -0.0000
vn -0.9059 0.1986 -0.3741
vn 0.7259 -0.1371 0.6740
vn 0.8054 -0.4537 0.3813
vn 0.3588 -0.2222 0.9066
vn -0.7272 0.0895 0.6806
vn -0.0343 -0.0347 0.9988
vn -0.6158 0.1869 0.7654
vn -0.6857 0.0797 -0.7235
vn -0.7440 0.3267 -0.5829
vn -0.6666 0.2592 -0.6989
vn -0.3018 -0.0483 -0.9522
vn -0.4221 -0.0461 -0.9054
vn 0.2130 -0.2542 -0.9434
vn -0.0061 -0.2365 -0.9716
vn 0.5081 -0.4081 -0.7585
vn 0.2350 -0.3021 -0.9239
vn 0.7993 -0.4659 -0.3796
vn 0.7232 -0.5869 -0.3640
vn 0.7733 -0.6340 -0.0000
vn 0.8983 -0.4394 -0.0000
vn 0.9871 -0.1602 -0.0000
vn -0.7628 0.3093 0.5679
vn -0.6158 0.1869 0.7655
vn -0.7194 0.4730 0.5086
vn -0.7607 0.5120 0.3989
vn -0.7607 0.5120 0.3990
vn 0.7501 -0.5488 0.3689
vn -0.0103 -0.1319 0.9912
vn 0.0415 -0.1232 0.9915
vn 0.2572 -0.2892 0.9221
vn -0.4019 0.1407 0.9048
vn -0.0343 -0.0348 0.9988
vn 0.3532 -0.2355 0.9054
vn 0.0415 -0.1231 0.9915
vn 0.3858 -0.5631 -0.7308
vn 0.3478 -0.2415 0.9059
vn 0.8054 -0.4537 0.3814
vn 0.6959 -0.6467 0.3122
vn 0.5000 -0.5000 0.7071
vn 0.3479 -0.2415 0.9059
vn -0.8021 0.4778 0.3583
vn -0.8021 0.4779 0.3582
vn -0.4076 0.5161 0.7534
vn -0.7033 0.6077 0.3688
vn -0.7195 0.4730 0.5086
vn -0.6157 0.1868 0.7655
vn -0.8608 0.4722 -0.1900
vn -0.8608 0.4722 -0.1901
vn -0.8428 0.5374 0.0311
vn -0.6731 0.6708 0.3114
vn -0.6913 0.5921 -0.4141
vn -0.6553 0.7298 0.1949
vn -0.1812 -0.1975 -0.9634
vn -0.0596 -0.1201 -0.9910
vn -0.0603 -0.0603 -0.9964
vn 0.0953 -0.4040 -0.9098
vn -0.1363 -0.3521 -0.9260
vn -0.1364 -0.3520 -0.9260
vn 0.3157 -0.4728 -0.8227
vn 0.2615 -0.6669 -0.6978
vn 0.6458 -0.6484 -0.4031
vn 0.7479 -0.6631 0.0303
vn 0.7072 -0.7071 -0.0000
vn 0.8063 -0.5536 0.2083
vn 0.8063 -0.5536 0.2084
vn 0.7947 -0.5794 0.1810
vn 0.7650 -0.6075 0.2139
vn 0.7350 -0.6774 0.0307
vn -0.6526 0.4107 -0.6367
vn -0.7210 0.5091 -0.4701
vn -0.6259 0.4669 -0.6247
vn -0.2168 -0.0851 -0.9725
vn -0.6526 0.4108 -0.6367
vn 0.3410 -0.1565 0.9270
vn 0.5000 -0.5001 0.7071
vn 0.1699 0.2096 0.9629
vn 0.1584 0.0373 0.9867
vn 0.1583 0.0373 0.9867
vn 0.3981 -0.1298 0.9081
vn -0.1818 0.5136 0.8386
vn -0.4076 0.5161 0.7533
vn -0.6598 0.6691 -0.3420
vn 0.8113 -0.5847 -0.0000
vn 0.8113 -0.5846 -0.0000
vn 0.7900 -0.3767 -0.4838
vn 0.8112 -0.5847 -0.0000
vn -0.5812 0.6260 0.5200
vn -0.6107 0.7289 0.3094
vn -0.7071 0.7071 -0.0000
vn -0.5812 0.6259 0.5200
vn 0.2689 -0.1541 -0.9508
vn 0.6101 -0.3315 0.7197
vn 0.9232 -0.3784 0.0671
vn 0.7831 0.0481 0.6201
vn 0.6101 -0.3314 0.7197
vn -0.3286 0.6965 -0.6379
vn 0.0440 -0.2705 -0.9617
vn 0.8246 -0.0000 -0.5657
vn 0.7809 -0.6231 0.0449
vn 0.9975 -0.0437 0.0558
vn 0.8891 -0.4494 0.0870
vn 0.9279 0.2765 0.2503
vn 0.9239 0.3827 -0.0000
vn -0.4908 0.6808 0.5437
vn 0.1494 0.1983 0.9687
vn -0.3661 0.8357 0.4092
vn -0.2630 0.8587 0.4398
vn -0.6107 0.7289 0.3095
vn -0.1100 0.4550 -0.8837
vn 0.4096 0.4898 -0.7697
vn 0.1101 0.1101 -0.9878
vn 0.9617 0.0441 -0.2705
vn 0.8246 0.5657 -0.0000
vn -0.6340 0.7734 -0.0000
vn -0.6514 0.7583 0.0253
vn -0.3826 0.9239 -0.0000
vn -0.4329 0.8727 -0.2257
vn -0.6598 0.6691 -0.3419
vn -0.3161 0.8930 0.3203
vn -0.3827 0.9239 -0.0000
vn 0.3609 0.9314 0.0479
vn 0.8068 0.2632 0.5289
vn 0.2418 0.1822 0.9531
vn 0.4095 0.4898 -0.7697
vn 0.7052 0.7053 -0.0718
vn 0.6488 0.1510 -0.7458
vn -0.5808 0.7101 -0.3981
vn -0.5808 0.7101 -0.3980
vn 0.0781 0.9213 -0.3810
vn 0.6739 0.6739 -0.3029
vn 0.6373 0.7644 0.0979
vn 0.6373 0.7644 -0.0979
vn 0.6174 0.7859 -0.0354
vn 0.3827 0.9239 -0.0000
vn 0.6173 0.7859 -0.0354
vn 0.9279 0.2759 0.2507
vn 0.7053 0.7053 -0.0718
vn 0.1020 0.9518 0.2893
vn 0.3416 0.8756 0.3416
vn 0.3661 0.8357 0.4092
vn 0.5548 0.8087 0.1955
vt 0.133260 0.926867
vt 0.149786 0.924802
vt 0.133286 0.937401
vt 0.116637 0.937846
vt 0.114559 0.927315
vt 0.114668 0.916539
vt 0.131194 0.914473
vt 0.149785 0.914473
vt 0.149786 0.902078
vt 0.166312 0.902078
vt 0.166453 0.912542
vt 0.166438 0.925107
vt 0.149812 0.937367
vt 0.166336 0.937501
vt 0.166360 0.948458
vt 0.149834 0.948491
vt 0.131194 0.904144
vt 0.114668 0.904144
vt 0.114669 0.893611
vt 0.131175 0.891579
vt 0.098016 0.916775
vt 0.032591 0.550005
vt 0.042859 0.533445
vt 0.043121 0.550095
vt 0.033253 0.567022
vt 0.022271 0.550407
vt 0.098034 0.906362
vt 0.228684 0.073267
vt 0.238355 0.090269
vt 0.228054 0.089879
vt 0.217561 0.089225
vt 0.216165 0.072533
vt 0.227622 0.056680
vt 0.238974 0.073890
vt 0.344255 0.828290
vt 0.354594 0.828397
vt 0.354422 0.845070
vt 0.367003 0.828525
vt 0.365106 0.811960
vt 0.377548 0.828609
vt 0.379411 0.845070
vt 0.367002 0.845070
vt 0.098018 0.893206
vt 0.009722 0.550998
vt 0.012206 0.567592
vt 0.051025 0.245305
vt 0.034326 0.246133
vt 0.051521 0.234821
vt 0.068222 0.233991
vt 0.067578 0.246495
vt 0.149786 0.891545
vt 0.102630 0.246273
vt 0.084131 0.245321
vt 0.103274 0.233769
vt 0.119718 0.234615
vt 0.119076 0.247119
vt 0.166312 0.891545
vt 0.390100 0.828233
vt 0.388695 0.812071
vt 0.401236 0.828032
vt 0.401677 0.844474
vt 0.390544 0.844773
vt 0.133070 0.948523
vt 0.133095 0.961588
vt 0.116431 0.961443
vt 0.116545 0.948379
vt 0.097936 0.938294
vt 0.053651 0.550186
vt 0.063941 0.531578
vt 0.064203 0.548227
vt 0.053913 0.566835
vt 0.365484 0.788964
vt 0.354504 0.793242
vt 0.355011 0.777952
vt 0.363289 0.775904
vt 0.375706 0.776458
vt 0.376619 0.789173
vt 0.378189 0.807834
vt 0.365194 0.803434
vt 0.354766 0.811854
vt 0.342358 0.811725
vt 0.239991 0.056870
vt 0.227815 0.044139
vt 0.342013 0.799622
vt 0.354622 0.801514
vt 0.389336 0.791296
vt 0.228708 0.033664
vt 0.240717 0.038746
vt 0.217211 0.045672
vt 0.217874 0.033318
vt 0.218012 0.020777
vt 0.230230 0.020551
vt 0.240631 0.022083
vt 0.342191 0.788612
vt 0.022723 0.567051
vt 0.035773 0.583610
vt 0.025441 0.583990
vt 0.014682 0.584187
vt 0.205671 0.071882
vt 0.204276 0.055190
vt 0.084666 0.234839
vt 0.068548 0.222913
vt 0.085261 0.221835
vt 0.101728 0.222602
vt 0.118212 0.223443
vt 0.205042 0.088493
vt 0.193803 0.089603
vt 0.043577 0.566740
vt 0.056786 0.583781
vt 0.046303 0.583677
vt 0.052015 0.224338
vt 0.035314 0.225166
vt 0.052226 0.213255
vt 0.068875 0.211834
vt 0.085408 0.210410
vt 0.101869 0.210964
vt 0.321019 0.252710
vt 0.339949 0.243580
vt 0.337546 0.254414
vt 0.334693 0.267132
vt 0.318602 0.263543
vt 0.304928 0.249121
vt 0.149860 0.961556
vt 0.075319 0.548564
vt 0.077000 0.531871
vt 0.089022 0.532570
vt 0.087335 0.549505
vt 0.076225 0.565643
vt 0.388489 0.776551
vt 0.400911 0.774409
vt 0.400471 0.791077
vt 0.401273 0.812254
vt 0.355012 0.763328
vt 0.344666 0.775904
vt 0.002561 0.045101
vt 0.000691 0.047375
vt 0.000691 0.045101
vt 0.972561 0.168672
vt 0.982074 0.165485
vt 0.976292 0.182066
vt 0.965256 0.171918
vt 0.363284 0.763325
vt 0.954656 0.173453
vt 0.965100 0.162134
vt 0.958572 0.187522
vt 0.944200 0.189898
vt 0.942287 0.177290
vt 0.937865 0.165763
vt 0.376670 0.763915
vt 0.217964 0.008236
vt 0.204987 0.020150
vt 0.370441 0.192030
vt 0.354669 0.184012
vt 0.366455 0.180080
vt 0.378291 0.175773
vt 0.382277 0.187722
vt 0.374427 0.203979
vt 0.362590 0.208287
vt 0.034819 0.235649
vt 0.017624 0.246961
vt 0.018119 0.236478
vt 0.018222 0.225572
vt 0.193030 0.073195
vt 0.193654 0.056584
vt 0.205161 0.034490
vt 0.192001 0.035521
vt 0.192635 0.018912
vt 0.118369 0.209810
vt 0.180876 0.089102
vt 0.181030 0.072480
vt 0.065028 0.567250
vt 0.077049 0.584667
vt 0.066010 0.584252
vt 0.413572 0.793005
vt 0.879038 0.714645
vt 0.894340 0.722738
vt 0.874776 0.723406
vt 0.413334 0.811516
vt 0.968421 0.184905
vt 0.981511 0.191238
vt 0.970240 0.195278
vt 0.959528 0.196862
vt 0.036877 0.601222
vt 0.047189 0.600686
vt 0.309933 0.941628
vt 0.320183 0.940888
vt 0.313110 0.957093
vt 0.301732 0.942219
vt 0.028498 0.601492
vt 0.017070 0.601793
vt 0.291482 0.942959
vt 0.294659 0.958424
vt 0.281232 0.943699
vt 0.000105 0.247119
vt 0.001104 0.236877
vt 0.004193 0.585125
vt 0.386265 0.199671
vt 0.390135 0.185100
vt 0.395447 0.194458
vt 0.245585 0.436415
vt 0.256034 0.434541
vt 0.257907 0.444988
vt 0.247459 0.446863
vt 0.391726 0.208707
vt 0.052597 0.201246
vt 0.069123 0.199835
vt 0.085656 0.198411
vt 0.102298 0.197163
vt 0.194955 0.101518
vt 0.184173 0.110248
vt 0.183090 0.089803
vt 0.180493 0.057626
vt 0.167058 0.072993
vt 0.169251 0.058693
vt 0.180766 0.036603
vt 0.302212 0.260826
vt 0.299639 0.272832
vt 0.283910 0.267387
vt 0.286152 0.257099
vt 0.288869 0.245394
vt 0.857529 0.725707
vt 0.856074 0.715748
vt 0.860916 0.738805
vt 0.844305 0.739808
vt 0.841337 0.726440
vt 0.839717 0.714645
vt 0.057874 0.601397
vt 0.066387 0.601628
vt 0.897827 0.634031
vt 0.906110 0.635986
vt 0.895694 0.649605
vt 0.331205 0.941907
vt 0.332058 0.957538
vt 0.797635 0.163698
vt 0.807098 0.153846
vt 0.807646 0.165115
vt 0.268522 0.445158
vt 0.268694 0.434751
vt 0.281182 0.445369
vt 0.783124 0.163558
vt 0.794527 0.151788
vt 0.795475 0.141422
vt 0.780610 0.141490
vt 0.792220 0.126573
vt 0.802997 0.128456
vt 0.959996 0.204566
vt 0.946958 0.201064
vt 0.809219 0.147391
vt 0.269212 0.424149
vt 0.254497 0.423833
vt 0.257121 0.411271
vt 0.269800 0.409440
vt 0.281874 0.424359
vt 0.001127 0.225793
vt 0.084557 0.752082
vt 0.093869 0.746189
vt 0.094655 0.763776
vt 0.077228 0.756263
vt 0.001298 0.217409
vt 0.018607 0.215083
vt 0.035299 0.214082
vt 0.018394 0.203083
vt 0.035446 0.202069
vt 0.170009 0.040038
vt 0.181523 0.017947
vt 0.929992 0.182456
vt 0.932172 0.194065
vt 0.923622 0.197937
vt 0.786172 0.537344
vt 0.778219 0.552735
vt 0.774879 0.538407
vt 0.771574 0.520853
vt 0.785494 0.527765
vt 0.924990 0.170930
vt 0.943199 0.212261
vt 0.933051 0.210509
vt 0.933148 0.202491
vt 0.781057 0.151978
vt 0.771328 0.164700
vt 0.769947 0.155422
vt 0.767611 0.144555
vt 0.281355 0.434962
vt 0.294257 0.427009
vt 0.291729 0.437216
vt 0.291591 0.445542
vt 0.388114 0.172496
vt 0.374286 0.163830
vt 0.382183 0.161330
vt 0.389721 0.156807
vt 0.399555 0.166835
vt 0.364274 0.167002
vt 0.350523 0.171589
vt 0.346994 0.161010
vt 0.361255 0.157097
vt 0.373463 0.154377
vt 0.035240 0.190069
vt 0.052529 0.189245
vt 0.069378 0.187836
vt 0.085903 0.186411
vt 0.175038 0.099017
vt 0.164764 0.107372
vt 0.153040 0.095515
vt 0.168735 0.090269
vt 0.155068 0.072116
vt 0.315729 0.276421
vt 0.331820 0.280012
vt 0.329205 0.291739
vt 0.313113 0.288150
vt 0.930897 0.218603
vt 0.792704 0.109446
vt 0.785749 0.114870
vt 0.784572 0.105168
vt 0.923622 0.226633
vt 0.924624 0.221687
vt 0.925648 0.213562
vt 0.780070 0.567620
vt 0.779646 0.576545
vt 0.774352 0.573208
vt 0.768112 0.567801
vt 0.778188 0.560905
vt 0.924536 0.207584
vt 0.766927 0.554137
vt 0.785336 0.513632
vt 0.909091 0.718896
vt 0.894638 0.734943
vt 0.875870 0.736917
vt 0.323589 0.957235
vt 0.333526 0.972287
vt 0.325007 0.971988
vt 0.316540 0.971657
vt 0.333528 0.850306
vt 0.337563 0.849524
vt 0.334310 0.854340
vt 0.325992 0.855952
vt 0.326164 0.846117
vt 0.331780 0.841284
vt 0.761266 0.162684
vt 0.759804 0.158778
vt 0.762377 0.169014
vt 0.757444 0.168208
vt 0.338753 0.855510
vt 0.333139 0.858784
vt 0.757843 0.164019
vt 0.327765 0.828754
vt 0.344430 0.841948
vt 0.757555 0.152368
vt 0.329805 0.865712
vt 0.317502 0.867922
vt 0.314793 0.854814
vt 0.312707 0.842490
vt 0.301997 0.445715
vt 0.302101 0.439471
vt 0.308311 0.441656
vt 0.312601 0.446194
vt 0.340139 0.863982
vt 0.302860 0.957832
vt 0.306182 0.972422
vt 0.297776 0.973059
vt 0.306399 0.437682
vt 0.302478 0.434034
vt 0.306638 0.434211
vt 0.314877 0.437463
vt 0.313161 0.429247
vt 0.325947 0.423258
vt 0.325533 0.435609
vt 0.325263 0.446362
vt 0.307035 0.424910
vt 0.309830 0.412137
vt 0.284409 0.959164
vt 0.289575 0.973651
vt 0.281292 0.975439
vt 0.102009 0.759637
vt 0.103835 0.776035
vt 0.387387 0.148960
vt 0.381396 0.150598
vt 0.380766 0.138189
vt 0.388716 0.140525
vt 0.394376 0.143421
vt 0.394351 0.149633
vt 0.270114 0.392659
vt 0.273812 0.387625
vt 0.280350 0.389845
vt 0.276863 0.398725
vt 0.267505 0.264846
vt 0.280884 0.280230
vt 0.264658 0.276151
vt 0.251254 0.260819
vt 0.269901 0.253071
vt 0.893112 0.746291
vt 0.877623 0.746405
vt 0.087339 0.566059
vt 0.097637 0.566825
vt 0.096669 0.584251
vt 0.086397 0.583189
vt 0.778533 0.128791
vt 0.764029 0.128190
vt 0.775199 0.117075
vt 0.761956 0.116573
vt 0.771717 0.106347
vt 0.078095 0.599675
vt 0.917334 0.637346
vt 0.930248 0.624154
vt 0.926804 0.641450
vt 0.913827 0.653745
vt 0.315104 0.828372
vt 0.312821 0.815578
vt 0.323473 0.816316
vt 0.340167 0.827190
vt 0.757400 0.130719
vt 0.282431 0.411708
vt 0.287466 0.400862
vt 0.297168 0.411990
vt 0.312719 0.399123
vt 0.323356 0.397155
vt 0.322531 0.410295
vt 0.290498 0.389870
vt 0.300060 0.400960
vt 0.958572 0.625217
vt 0.967990 0.644046
vt 0.957521 0.635504
vt 0.938364 0.628677
vt 0.954531 0.615378
vt 0.967990 0.605136
vt 0.001523 0.205854
vt 0.017961 0.192802
vt 0.370225 0.144541
vt 0.755924 0.567212
vt 0.754369 0.556287
vt 0.753262 0.543496
vt 0.764182 0.541275
vt 0.304663 0.856529
vt 0.307227 0.868967
vt 0.297089 0.870679
vt 0.292292 0.858314
vt 0.290173 0.845995
vt 0.300550 0.844548
vt 0.335669 0.446623
vt 0.335901 0.436525
vt 0.346076 0.446863
vt 0.297985 0.832097
vt 0.306690 0.832600
vt 0.348521 0.437569
vt 0.348912 0.425801
vt 0.732830 0.374049
vt 0.745432 0.374229
vt 0.745593 0.386832
vt 0.732990 0.386652
vt 0.722427 0.386445
vt 0.722302 0.371794
vt 0.722627 0.397009
vt 0.642693 0.309300
vt 0.642549 0.319863
vt 0.630094 0.309535
vt 0.630200 0.296933
vt 0.642766 0.294652
vt 0.338352 0.424722
vt 0.331302 0.413409
vt 0.340046 0.412172
vt 0.357475 0.146606
vt 0.354203 0.136782
vt 0.366425 0.133080
vt 0.374051 0.128368
vt 0.035590 0.179753
vt 0.052892 0.177575
vt 0.175203 0.120208
vt 0.195903 0.122100
vt 0.186531 0.129688
vt 0.177741 0.139554
vt 0.166126 0.127590
vt 0.159099 0.055958
vt 0.143267 0.073456
vt 0.144392 0.055747
vt 0.159759 0.038938
vt 0.148195 0.037422
vt 0.159310 0.019935
vt 0.861139 0.750570
vt 0.862685 0.762070
vt 0.846386 0.765970
vt 0.844532 0.752329
vt 0.760802 0.527265
vt 0.760296 0.511604
vt 0.761602 0.104205
vt 0.344430 0.805313
vt 0.333846 0.803898
vt 0.332414 0.793724
vt 0.769482 0.089784
vt 0.774453 0.096019
vt 0.782280 0.095084
vt 0.904445 0.652544
vt 0.912835 0.668596
vt 0.903356 0.667388
vt 0.894604 0.664450
vt 0.297836 0.818151
vt 0.287081 0.828135
vt 0.593595 0.287750
vt 0.604510 0.297738
vt 0.591419 0.298293
vt 0.287433 0.815746
vt 0.299413 0.804304
vt 0.306195 0.820628
vt 0.323195 0.803161
vt 0.336135 0.816682
vt 0.617493 0.309769
vt 0.617020 0.321996
vt 0.604392 0.309943
vt 0.617600 0.297166
vt 0.331404 0.402278
vt 0.339796 0.398491
vt 0.301006 0.387828
vt 0.428753 0.973938
vt 0.413469 0.968913
vt 0.422070 0.962690
vt 0.311485 0.385851
vt 0.087127 0.768979
vt 0.096209 0.780057
vt 0.088477 0.785423
vt 0.079597 0.774182
vt 0.281133 0.379510
vt 0.405281 0.975672
vt 0.392179 0.971646
vt 0.401140 0.966333
vt 0.409329 0.959574
vt 0.171320 0.016477
vt 0.343722 0.151187
vt 0.336012 0.142127
vt 0.344165 0.134243
vt 0.296681 0.285692
vt 0.293951 0.297026
vt 0.278201 0.291734
vt 0.748681 0.525968
vt 0.746271 0.535414
vt 0.737867 0.525762
vt 0.731732 0.513306
vt 0.739586 0.512505
vt 0.908274 0.742038
vt 0.781152 0.583407
vt 0.771965 0.584365
vt 0.605337 0.286612
vt 0.630118 0.319893
vt 0.642579 0.332464
vt 0.632220 0.332489
vt 0.619018 0.334439
vt 0.732709 0.397008
vt 0.745753 0.399435
vt 0.743448 0.411826
vt 0.730862 0.409647
vt 0.722628 0.409612
vt 0.758527 0.374744
vt 0.758687 0.387347
vt 0.757653 0.363620
vt 0.769656 0.364993
vt 0.771621 0.375260
vt 0.954075 0.604922
vt 0.966597 0.594582
vt 0.017980 0.182455
vt 0.397108 0.131600
vt 0.400768 0.141285
vt 0.879669 0.759629
vt 0.894771 0.758602
vt 0.894837 0.770728
vt 0.879860 0.772876
vt 0.098592 0.601793
vt 0.235201 0.747759
vt 0.216062 0.746177
vt 0.221092 0.736036
vt 0.239101 0.739961
vt 0.936274 0.645553
vt 0.944190 0.649219
vt 0.932100 0.660653
vt 0.628116 0.349073
vt 0.642609 0.344894
vt 0.642685 0.359544
vt 0.630256 0.359623
vt 0.618337 0.359459
vt 0.618814 0.346867
vt 0.722576 0.422045
vt 0.730721 0.426222
vt 0.722352 0.436695
vt 0.605041 0.347043
vt 0.605916 0.334472
vt 0.650238 0.875983
vt 0.650448 0.884274
vt 0.643840 0.882367
vt 0.645564 0.873993
vt 0.648404 0.862997
vt 0.921540 0.225922
vt 0.919906 0.238927
vt 0.914909 0.227731
vt 0.913270 0.219345
vt 0.921895 0.217641
vt 0.913406 0.206912
vt 0.903798 0.223457
vt 0.902143 0.208898
vt 0.913518 0.194478
vt 0.921851 0.207073
vt 0.644156 0.894805
vt 0.650376 0.894847
vt 0.644072 0.907246
vt 0.632936 0.893039
vt 0.634465 0.878457
vt 0.743342 0.424258
vt 0.756545 0.412265
vt 0.757234 0.424706
vt 0.743603 0.436859
vt 0.733038 0.436737
vt 0.745896 0.449424
vt 0.733293 0.449338
vt 0.722302 0.449298
vt 0.437340 0.967759
vt 0.430691 0.956492
vt 0.441694 0.956588
vt 0.446596 0.969173
vt 0.069515 0.174657
vt 0.067209 0.161520
vt 0.188227 0.149749
vt 0.179284 0.159866
vt 0.167554 0.148015
vt 0.760275 0.581942
vt 0.761829 0.596671
vt 0.749354 0.586051
vt 0.740347 0.545623
vt 0.248436 0.272132
vt 0.245698 0.283681
vt 0.228815 0.280957
vt 0.231533 0.269422
vt 0.234353 0.258109
vt 0.303388 0.807639
vt 0.683306 0.234626
vt 0.688860 0.238850
vt 0.678546 0.246125
vt 0.672032 0.235731
vt 0.313148 0.802425
vt 0.603918 0.322031
vt 0.591297 0.322382
vt 0.591289 0.309951
vt 0.592813 0.334507
vt 0.642766 0.372145
vt 0.630336 0.372224
vt 0.615727 0.371961
vt 0.907461 0.236042
vt 0.890694 0.223177
vt 0.921895 0.194639
vt 0.911001 0.179894
vt 0.921797 0.180133
vt 0.650292 0.907288
vt 0.650448 0.921803
vt 0.641898 0.921895
vt 0.902359 0.194342
vt 0.891991 0.196123
vt 0.900620 0.181857
vt 0.918594 0.253521
vt 0.906016 0.252687
vt 0.893438 0.251853
vt 0.892327 0.237740
vt 0.949234 0.761092
vt 0.938678 0.748670
vt 0.949234 0.748670
vt 0.959791 0.746599
vt 0.961828 0.761097
vt 0.951511 0.773650
vt 0.938884 0.761262
vt 0.232645 0.983435
vt 0.224128 0.995854
vt 0.224372 0.983275
vt 0.234957 0.970895
vt 0.245227 0.983366
vt 0.243207 0.997905
vt 0.232657 0.995847
vt 0.621356 0.878852
vt 0.637986 0.865792
vt 0.622825 0.864264
vt 0.624295 0.849675
vt 0.680342 0.436080
vt 0.693200 0.452670
vt 0.680680 0.452670
vt 0.670186 0.452628
vt 0.646968 0.848405
vt 0.633067 0.907555
vt 0.631146 0.920020
vt 0.622476 0.905576
vt 0.758847 0.399950
vt 0.771293 0.400285
vt 0.769404 0.412897
vt 0.446401 0.951598
vt 0.495732 0.326818
vt 0.489301 0.324984
vt 0.495388 0.314726
vt 0.501549 0.319930
vt 0.509953 0.325850
vt 0.503327 0.333445
vt 0.783611 0.363626
vt 0.782896 0.373962
vt 0.453265 0.963637
vt 0.361275 0.122357
vt 0.371191 0.117008
vt 0.384485 0.110722
vt 0.387505 0.122228
vt 0.400131 0.114812
vt 0.964297 0.584042
vt 0.017867 0.170432
vt 0.034810 0.168135
vt 0.154489 0.115727
vt 0.145669 0.125819
vt 0.135041 0.113137
vt 0.142374 0.087861
vt 0.130090 0.072639
vt 0.310240 0.301029
vt 0.326331 0.304619
vt 0.323458 0.317498
vt 0.306812 0.313775
vt 0.321791 0.794805
vt 0.315190 0.793343
vt 0.659479 0.239265
vt 0.665488 0.242811
vt 0.658654 0.248153
vt 0.648594 0.238255
vt 0.605139 0.359473
vt 0.602587 0.371986
vt 0.589830 0.372041
vt 0.592394 0.359531
vt 0.951216 0.790339
vt 0.951107 0.804831
vt 0.938794 0.790246
vt 0.938918 0.773684
vt 0.964098 0.775760
vt 0.964248 0.790399
vt 0.938686 0.804738
vt 0.224260 0.954316
vt 0.224128 0.939837
vt 0.234471 0.939743
vt 0.234602 0.954222
vt 0.224410 0.970864
vt 0.976457 0.777669
vt 0.977375 0.792245
vt 0.977588 0.804666
vt 0.963698 0.805123
vt 0.318471 0.986062
vt 0.326939 0.986393
vt 0.320456 0.999072
vt 0.309629 0.985288
vt 0.300820 0.986027
vt 0.303968 0.998969
vt 0.292606 0.986622
vt 0.247531 0.968776
vt 0.247153 0.954154
vt 0.247061 0.939674
vt 0.260774 0.939903
vt 0.260527 0.952312
vt 0.259977 0.966928
vt 0.284102 0.988459
vt 0.286595 1.000000
vt 0.277834 0.990180
vt 0.109859 0.787852
vt 0.104293 0.791153
vt 0.646930 0.781027
vt 0.656515 0.772001
vt 0.655492 0.790121
vt 0.637343 0.790052
vt 0.626816 0.782713
vt 0.636403 0.773687
vt 0.645989 0.764662
vt 0.771782 0.387862
vt 0.783031 0.386356
vt 0.418862 0.954901
vt 0.416097 0.946684
vt 0.423750 0.950207
vt 0.261931 0.287784
vt 0.274982 0.304531
vt 0.258625 0.300559
vt 0.771165 0.085089
vt 0.637652 0.245668
vt 0.638282 0.234626
vt 0.650071 0.249406
vt 0.639029 0.257674
vt 0.587485 0.899100
vt 0.591124 0.910239
vt 0.576712 0.910836
vt 0.922598 0.656626
vt 0.929190 0.675521
vt 0.919738 0.671378
vt 0.580132 0.307887
vt 0.580070 0.320736
vt 0.729137 0.598380
vt 0.721137 0.608045
vt 0.714416 0.599767
vt 0.722416 0.590102
vt 0.730153 0.582764
vt 0.738193 0.589448
vt 0.745199 0.598509
vt 0.744876 0.581407
vt 0.737943 0.575485
vt 0.686745 0.248018
vt 0.592845 0.346937
vt 0.584304 0.346967
vt 0.582250 0.334534
vt 0.974421 0.761101
vt 0.970348 0.746590
vt 0.982722 0.756999
vt 0.982690 0.767330
vt 0.891582 0.208550
vt 0.881430 0.195775
vt 0.890437 0.181551
vt 0.335467 0.986682
vt 0.894573 0.679046
vt 0.901403 0.682000
vt 0.893184 0.692351
vt 0.335457 1.000000
vt 0.880131 0.222887
vt 0.881020 0.208222
vt 0.670185 0.483542
vt 0.670185 0.467077
vt 0.680681 0.469135
vt 0.678577 0.483536
vt 0.670693 0.496052
vt 0.523962 0.762783
vt 0.524115 0.750181
vt 0.534524 0.762570
vt 0.536847 0.777035
vt 0.524288 0.779354
vt 0.537174 0.793607
vt 0.524574 0.793854
vt 0.622372 0.893479
vt 0.611906 0.906011
vt 0.611809 0.893919
vt 0.610792 0.879291
vt 0.257803 0.983394
vt 0.266120 0.977246
vt 0.266102 0.987480
vt 0.253754 0.997899
vt 0.262041 0.999917
vt 0.620572 0.920114
vt 0.612357 0.918616
vt 0.646384 0.798919
vt 0.664533 0.798988
vt 0.654947 0.808013
vt 0.647233 0.815289
vt 0.640135 0.804802
vt 0.072068 0.779384
vt 0.080948 0.790626
vt 0.075158 0.795200
vt 0.064219 0.785949
vt 0.936562 0.619404
vt 0.935680 0.609344
vt 0.513318 0.340555
vt 0.518377 0.331743
vt 0.664114 0.836573
vt 0.657687 0.845070
vt 0.649345 0.835773
vt 0.655751 0.827295
vt 0.662686 0.818243
vt 0.421528 0.943183
vt 0.436095 0.945874
vt 0.057972 0.791979
vt 0.945999 0.687099
vt 0.954072 0.689526
vt 0.952345 0.706225
vt 0.942432 0.704125
vt 0.397111 0.103306
vt 0.397000 0.956993
vt 0.395558 0.942380
vt 0.407885 0.948564
vt 0.148833 0.020811
vt 0.135474 0.021066
vt 0.330474 0.133137
vt 0.324630 0.120277
vt 0.335983 0.114819
vt 0.340200 0.126133
vt 0.737169 0.534085
vt 0.728369 0.542708
vt 0.725773 0.533089
vt 0.742046 0.557568
vt 0.743778 0.570238
vt 0.736661 0.572218
vt 0.841092 0.614616
vt 0.832180 0.624468
vt 0.834091 0.608433
vt 0.734044 0.558014
vt 0.653700 0.260138
vt 0.571916 0.333593
vt 0.569630 0.319123
vt 0.978639 0.744558
vt 0.882050 0.183185
vt 0.874880 0.195560
vt 0.875496 0.183152
vt 0.985185 0.744465
vt 0.987296 0.754809
vt 0.924958 0.428353
vt 0.929577 0.436534
vt 0.925001 0.438604
vt 0.920417 0.438623
vt 0.919161 0.428246
vt 0.923739 0.415943
vt 0.987326 0.765274
vt 0.987595 0.778164
vt 0.911776 0.427925
vt 0.913571 0.413519
vt 0.912398 0.401104
vt 0.923432 0.401450
vt 0.987713 0.792803
vt 0.921916 0.389072
vt 0.989757 0.805378
vt 0.547676 0.764315
vt 0.547578 0.750086
vt 0.560277 0.764229
vt 0.562598 0.778538
vt 0.549998 0.778780
vt 0.549686 0.793427
vt 0.562288 0.793309
vt 0.180055 0.853414
vt 0.192473 0.856098
vt 0.191396 0.870827
vt 0.879746 0.236965
vt 0.534474 0.750139
vt 0.524056 0.735531
vt 0.534415 0.735489
vt 0.548174 0.735448
vt 0.678447 0.495885
vt 0.691464 0.496022
vt 0.691962 0.510566
vt 0.678945 0.510430
vt 0.671006 0.510601
vt 0.691616 0.481616
vt 0.693718 0.467215
vt 0.706236 0.467059
vt 0.704136 0.481583
vt 0.364037 0.919334
vt 0.362471 0.904829
vt 0.374639 0.901753
vt 0.376206 0.916259
vt 0.705719 0.452515
vt 0.096402 0.795237
vt 0.103150 0.803951
vt 0.090661 0.799885
vt 0.271665 0.952144
vt 0.273854 0.940164
vt 0.921895 0.161467
vt 0.921081 0.174053
vt 0.910773 0.162455
vt 0.921367 0.146815
vt 0.271081 0.966448
vt 0.911240 0.149851
vt 0.908614 0.135426
vt 0.916049 0.134649
vt 0.276569 0.978689
vt 0.270742 0.979214
vt 0.270675 0.989662
vt 0.275301 0.989691
vt 0.268582 1.000000
vt 0.605352 0.906414
vt 0.606020 0.919009
vt 0.598794 0.906421
vt 0.370178 0.860326
vt 0.376465 0.858582
vt 0.376023 0.871611
vt 0.602534 0.893945
vt 0.640837 0.823761
vt 0.408738 0.936462
vt 0.350721 0.125221
vt 0.350317 0.111181
vt 0.360844 0.110114
vt 0.052458 0.165941
vt 0.033230 0.156128
vt 0.049882 0.152852
vt 0.191914 0.168353
vt 0.183108 0.178458
vt 0.155939 0.136051
vt 0.157366 0.156476
vt 0.146338 0.146282
vt 0.592409 0.920356
vt 0.576032 0.922885
vt 0.842510 0.637644
vt 0.832061 0.632667
vt 0.839612 0.626522
vt 0.664925 0.250375
vt 0.676108 0.256358
vt 0.667876 0.264803
vt 0.926879 0.448887
vt 0.919488 0.449035
vt 0.913196 0.441207
vt 0.868318 0.195756
vt 0.194784 0.914450
vt 0.188492 0.913034
vt 0.193747 0.901281
vt 0.200184 0.902762
vt 0.199738 0.919724
vt 0.192279 0.926728
vt 0.184900 0.925223
vt 0.184596 0.899415
vt 0.188259 0.885108
vt 0.196669 0.886955
vt 0.178988 0.868101
vt 0.524005 0.722929
vt 0.671278 0.523119
vt 0.858746 0.323151
vt 0.867339 0.310530
vt 0.867133 0.323286
vt 0.858574 0.333843
vt 0.523962 0.712364
vt 0.534364 0.722887
vt 0.546165 0.720937
vt 0.544505 0.708444
vt 0.560828 0.723100
vt 0.560762 0.737603
vt 0.219736 0.139800
vt 0.219453 0.148096
vt 0.209084 0.147741
vt 0.858405 0.344329
vt 0.850185 0.333708
vt 0.864865 0.333945
vt 0.864325 0.344417
vt 0.858247 0.354814
vt 0.850016 0.344203
vt 0.229831 0.153958
vt 0.230594 0.140858
vt 0.245541 0.143043
vt 0.244327 0.154859
vt 0.241473 0.167327
vt 0.226977 0.166427
vt 0.212849 0.159050
vt 0.532250 0.712331
vt 0.869940 0.355077
vt 0.875089 0.338354
vt 0.880907 0.353376
vt 0.880154 0.368038
vt 0.869949 0.369938
vt 0.859463 0.370035
vt 0.877720 0.325870
vt 0.704109 0.496137
vt 0.704059 0.508486
vt 0.689857 0.524968
vt 0.371101 0.887750
vt 0.367043 0.873736
vt 0.379349 0.885666
vt 0.382273 0.869898
vt 0.386562 0.883844
vt 0.916681 0.124096
vt 0.921895 0.134185
vt 0.908794 0.122815
vt 0.913843 0.113911
vt 0.921221 0.112699
vt 0.907182 0.106306
vt 0.373491 0.846565
vt 0.381139 0.853174
vt 0.598545 0.918859
vt 0.134834 0.037673
vt 0.131217 0.054909
vt 0.118063 0.054272
vt 0.121475 0.037929
vt 0.116865 0.072589
vt 0.858237 0.775625
vt 0.866088 0.786586
vt 0.854372 0.788732
vt 0.339949 0.319528
vt 0.725380 0.521268
vt 0.837518 0.572086
vt 0.835142 0.584342
vt 0.822895 0.584211
vt 0.824745 0.571296
vt 0.827166 0.556589
vt 0.842402 0.560095
vt 0.721831 0.511604
vt 0.576780 0.345104
vt 0.581167 0.357872
vt 0.568857 0.356139
vt 0.568306 0.346358
vt 0.576846 0.372470
vt 0.200894 0.857897
vt 0.570829 0.793196
vt 0.570886 0.778549
vt 0.002232 0.314668
vt 0.001424 0.300160
vt 0.009705 0.314251
vt 0.208261 0.859461
vt 0.198725 0.868113
vt 0.198463 0.878795
vt 0.203451 0.877657
vt 0.204173 0.888486
vt 0.206091 0.869677
vt 0.213458 0.877646
vt 0.911324 0.683256
vt 0.918238 0.686009
vt 0.910003 0.696543
vt 0.560681 0.750033
vt 0.571027 0.752173
vt 0.570633 0.764523
vt 0.311630 0.998296
vt 0.740386 0.993598
vt 0.732097 0.991866
vt 0.732055 0.979890
vt 0.740345 0.981623
vt 0.746506 0.981602
vt 0.746547 0.993577
vt 0.295717 0.999574
vt 0.754762 0.993549
vt 0.754721 0.981573
vt 0.760883 0.981552
vt 0.762978 0.993520
vt 0.714426 0.481602
vt 0.714409 0.494122
vt 0.384459 0.914194
vt 0.381967 0.904182
vt 0.391678 0.912398
vt 0.714205 0.452505
vt 0.721624 0.452368
vt 0.714468 0.466909
vt 0.386331 0.894638
vt 0.381371 0.893668
vt 0.396837 0.894068
vt 0.389239 0.902613
vt 0.630548 0.799208
vt 0.635937 0.811364
vt 0.623092 0.809012
vt 0.617210 0.791717
vt 0.629263 0.817149
vt 0.964325 0.692686
vt 0.962801 0.708916
vt 0.948433 0.723298
vt 0.290731 0.309822
vt 0.287862 0.321492
vt 0.271313 0.317859
vt 0.821123 0.609947
vt 0.819720 0.596855
vt 0.832988 0.597133
vt 0.841469 0.601051
vt 0.240116 0.729628
vt 0.223752 0.724716
vt 0.229755 0.715560
vt 0.244546 0.720074
vt 0.256218 0.732276
vt 0.733345 0.571765
vt 0.725727 0.576311
vt 0.723682 0.565847
vt 0.685407 0.253816
vt 0.683145 0.262948
vt 0.208196 0.904440
vt 0.218275 0.907880
vt 0.212795 0.922616
vt 0.914207 0.457577
vt 0.901105 0.458387
vt 0.910744 0.388243
vt 0.903260 0.393127
vt 0.570609 0.379001
vt 0.567659 0.374872
vt 0.567437 0.368661
vt 0.211115 0.892075
vt 0.578491 0.751483
vt 0.577184 0.764522
vt 0.577436 0.778431
vt 0.007970 0.299675
vt 0.015455 0.299671
vt 0.017191 0.314246
vt 0.215642 0.860950
vt 0.211721 0.175740
vt 0.226340 0.176987
vt 0.225976 0.188155
vt 0.210967 0.186889
vt 0.197230 0.174760
vt 0.240754 0.180422
vt 0.256663 0.157531
vt 0.257362 0.143023
vt 0.844745 0.410736
vt 0.844745 0.425016
vt 0.830465 0.425016
vt 0.830297 0.412609
vt 0.830156 0.398185
vt 0.844432 0.397838
vt 0.255918 0.170632
vt 0.859579 0.382618
vt 0.846879 0.370150
vt 0.872162 0.382502
vt 0.846686 0.771036
vt 0.847094 0.783390
vt 0.832273 0.771513
vt 0.844131 0.385433
vt 0.255122 0.183228
vt 0.832447 0.782015
vt 0.832819 0.796576
vt 0.818173 0.795202
vt 0.818034 0.782452
vt 0.817722 0.772157
vt 0.803308 0.772594
vt 0.816041 0.424876
vt 0.801761 0.424903
vt 0.816017 0.412636
vt 0.891587 0.353924
vt 0.893684 0.368755
vt 0.894609 0.383520
vt 0.885401 0.382296
vt 0.847238 0.796417
vt 0.847377 0.808946
vt 0.892630 0.324433
vt 0.893281 0.309766
vt 0.903913 0.324934
vt 0.903265 0.339598
vt 0.891981 0.339099
vt 0.903389 0.354428
vt 0.720976 0.466908
vt 0.720935 0.481569
vt 0.721798 0.494808
vt 0.398965 0.910898
vt 0.326592 0.398207
vt 0.326989 0.390789
vt 0.341345 0.393272
vt 0.728378 0.466363
vt 0.613207 0.801097
vt 0.608964 0.796515
vt 0.908024 0.175277
vt 0.898578 0.174246
vt 0.900893 0.169725
vt 0.893967 0.107596
vt 0.394018 0.849874
vt 0.398959 0.863601
vt 0.389533 0.868274
vt 0.505228 0.315574
vt 0.501837 0.306980
vt 0.510934 0.308593
vt 0.513253 0.319065
vt 0.421536 0.928880
vt 0.433958 0.935883
vt 0.517441 0.526049
vt 0.525598 0.516130
vt 0.534537 0.524355
vt 0.527454 0.534863
vt 0.509499 0.533103
vt 0.706637 0.590613
vt 0.718049 0.583610
vt 0.221465 0.893460
vt 0.584898 0.765295
vt 0.584360 0.753530
vt 0.591668 0.751348
vt 0.015252 0.287218
vt 0.024330 0.274613
vt 0.024533 0.287067
vt 0.584905 0.778295
vt 0.571326 0.737526
vt 0.571984 0.723150
vt 0.579867 0.737408
vt 0.580327 0.722765
vt 0.181349 0.192547
vt 0.195898 0.194444
vt 0.195725 0.200310
vt 0.585771 0.722232
vt 0.585631 0.738935
vt 0.210773 0.196166
vt 0.196474 0.185908
vt 0.832005 0.385746
vt 0.843895 0.376313
vt 0.254540 0.192493
vt 0.328925 0.999403
vt 0.723807 0.990133
vt 0.717551 0.988393
vt 0.717510 0.976418
vt 0.725799 0.978147
vt 0.801593 0.412496
vt 0.787482 0.425096
vt 0.798531 0.105789
vt 0.813025 0.093492
vt 0.812877 0.105959
vt 0.787318 0.413004
vt 0.801433 0.400408
vt 0.787154 0.400596
vt 0.787043 0.390077
vt 0.801321 0.389925
vt 0.817581 0.385609
vt 0.815708 0.400057
vt 0.803482 0.783097
vt 0.788890 0.772832
vt 0.803757 0.795636
vt 0.789066 0.783412
vt 0.105747 0.881089
vt 0.120089 0.880718
vt 0.120359 0.891165
vt 0.134832 0.890389
vt 0.134426 0.880148
vt 0.149168 0.889819
vt 0.827509 0.094000
vt 0.841852 0.094336
vt 0.827220 0.106295
vt 0.820577 0.809715
vt 0.804025 0.806136
vt 0.789610 0.806506
vt 0.789334 0.795939
vt 0.109607 0.801861
vt 0.115237 0.798670
vt 0.769219 0.991723
vt 0.767043 0.981694
vt 0.114010 0.811322
vt 0.105707 0.813859
vt 0.565803 0.844318
vt 0.564358 0.829741
vt 0.573617 0.829413
vt 0.575062 0.843990
vt 0.569098 0.858741
vt 0.557952 0.859204
vt 0.714551 0.508674
vt 0.722165 0.509357
vt 0.562415 0.800662
vt 0.570945 0.800239
vt 0.563641 0.815258
vt 0.903969 0.310103
vt 0.727760 0.493202
vt 0.728127 0.507751
vt 0.576764 0.798107
vt 0.578030 0.814759
vt 0.572172 0.814835
vt 0.084746 0.804589
vt 0.089989 0.809360
vt 0.080696 0.808724
vt 0.069083 0.801402
vt 0.339892 0.382867
vt 0.354314 0.384933
vt 0.737516 0.479406
vt 0.728312 0.479359
vt 0.737454 0.491755
vt 0.393379 0.880221
vt 0.403342 0.877553
vt 0.523629 0.322842
vt 0.533592 0.331336
vt 0.526626 0.340589
vt 0.370981 0.108006
vt 0.502628 0.540932
vt 0.518151 0.543468
vt 0.508871 0.549042
vt 0.493906 0.552804
vt 0.483636 0.545990
vt 0.959595 0.724869
vt 0.941598 0.737516
vt 0.973197 0.726358
vt 0.028117 0.007137
vt 0.028117 0.003385
vt 0.033258 0.003744
vt 0.033291 0.007682
vt 0.016325 0.157653
vt 0.242286 0.296429
vt 0.239160 0.307630
vt 0.224861 0.304279
vt 0.216062 0.712108
vt 0.229582 0.702433
vt 0.254173 0.742443
vt 0.270974 0.734083
vt 0.940703 0.663329
vt 0.944942 0.684360
vt 0.937563 0.678814
vt 0.706162 0.612036
vt 0.697017 0.602035
vt 0.687871 0.592036
vt 0.702634 0.579096
vt 0.557822 0.345074
vt 0.558546 0.357282
vt 0.573624 0.219585
vt 0.569301 0.231183
vt 0.558916 0.229514
vt 0.563959 0.215984
vt 0.687852 0.610855
vt 0.679673 0.604342
vt 0.902154 0.400718
vt 0.903324 0.413245
vt 0.892818 0.397007
vt 0.901504 0.440207
vt 0.889932 0.440970
vt 0.889932 0.425836
vt 0.901529 0.425857
vt 0.891406 0.411416
vt 0.813154 0.376648
vt 0.825736 0.377445
vt 0.841704 0.106803
vt 0.856336 0.094844
vt 0.856047 0.107139
vt 0.855883 0.120114
vt 0.841406 0.119435
vt 0.826929 0.118758
vt 0.826451 0.128996
vt 0.812340 0.128870
vt 0.812585 0.118422
vt 0.148898 0.879371
vt 0.148395 0.866779
vt 0.162865 0.866000
vt 0.163235 0.878802
vt 0.163641 0.889043
vt 0.133931 0.867690
vt 0.119595 0.868260
vt 0.119180 0.857817
vt 0.133286 0.857462
vt 0.835018 0.809083
vt 0.847478 0.818158
vt 0.836989 0.817597
vt 0.829091 0.817672
vt 0.897125 0.124013
vt 0.898486 0.138463
vt 0.886808 0.139563
vt 0.885448 0.125111
vt 0.900417 0.161981
vt 0.889583 0.168690
vt 0.900879 0.150239
vt 0.889154 0.152338
vt 0.536792 0.314687
vt 0.551647 0.329525
vt 0.544648 0.340559
vt 0.641822 0.845070
vt 0.632017 0.833970
vt 0.622647 0.825451
vt 0.623197 0.844179
vt 0.615550 0.832328
vt 0.606268 0.821093
vt 0.615817 0.816455
vt 0.170124 0.167794
vt 0.161064 0.175754
vt 0.148437 0.167295
vt 0.884144 0.782100
vt 0.848195 0.306421
vt 0.828088 0.316093
vt 0.834119 0.302442
vt 0.852009 0.292931
vt 0.866622 0.295119
vt 0.862809 0.308609
vt 0.842752 0.318822
vt 0.715159 0.573136
vt 0.711086 0.561642
vt 0.721184 0.555272
vt 0.674726 0.269922
vt 0.879810 0.411395
vt 0.879692 0.397083
vt 0.891466 0.384610
vt 0.561380 0.254802
vt 0.564979 0.242781
vt 0.571461 0.251802
vt 0.899884 0.389411
vt 0.926402 0.689084
vt 0.933939 0.693542
vt 0.485736 0.903816
vt 0.493360 0.907897
vt 0.485210 0.917014
vt 0.477324 0.900963
vt 0.833895 0.377300
vt 0.822954 0.370337
vt 0.833744 0.367136
vt 0.240411 0.191502
vt 0.239684 0.201851
vt 0.225616 0.197428
vt 0.826172 0.138140
vt 0.838903 0.129581
vt 0.838771 0.137203
vt 0.826817 0.146812
vt 0.810719 0.148215
vt 0.811679 0.138013
vt 0.853670 0.132550
vt 0.870679 0.095180
vt 0.177977 0.888473
vt 0.177706 0.878025
vt 0.509827 0.762620
vt 0.499282 0.762767
vt 0.509625 0.748143
vt 0.522407 0.762444
vt 0.870531 0.107647
vt 0.870229 0.120297
vt 0.736414 0.097217
vt 0.748863 0.097868
vt 0.735665 0.111542
vt 0.723470 0.096540
vt 0.870179 0.133260
vt 0.522180 0.747328
vt 0.509016 0.733533
vt 0.748114 0.112193
vt 0.759470 0.127294
vt 0.747021 0.126643
vt 0.734572 0.125992
vt 0.760563 0.112844
vt 0.499081 0.748290
vt 0.486502 0.748466
vt 0.485957 0.733852
vt 0.498471 0.733680
vt 0.177203 0.865431
vt 0.160521 0.853584
vt 0.176901 0.852471
vt 0.486704 0.762942
vt 0.473623 0.763124
vt 0.145729 0.856673
vt 0.132477 0.848332
vt 0.145724 0.849283
vt 0.117995 0.848882
vt 0.116737 0.838711
vt 0.133744 0.839704
vt 0.903969 0.384123
vt 0.569337 0.873240
vt 0.579436 0.858570
vt 0.579657 0.870990
vt 0.850177 0.828309
vt 0.837654 0.827875
vt 0.581125 0.827491
vt 0.076258 0.814619
vt 0.064124 0.806872
vt 0.598458 0.798030
vt 0.606780 0.807832
vt 0.884874 0.180538
vt 0.875614 0.165868
vt 0.877457 0.151471
vt 0.511449 0.298130
vt 0.524488 0.301103
vt 0.523622 0.312366
vt 0.481819 0.564651
vt 0.493072 0.565619
vt 0.464586 0.007372
vt 0.474223 0.006622
vt 0.461524 0.018993
vt 0.392179 0.932739
vt 0.400805 0.925285
vt 0.474331 0.557410
vt 0.135518 0.134326
vt 0.126022 0.144649
vt 0.115586 0.132140
vt 0.126219 0.123229
vt 0.658667 0.276486
vt 0.647143 0.272635
vt 0.638174 0.268159
vt 0.714581 0.543625
vt 0.668838 0.280493
vt 0.549424 0.250258
vt 0.555314 0.239179
vt 0.573624 0.246002
vt 0.222099 0.879610
vt 0.231900 0.896832
vt 0.226786 0.910622
vt 0.025846 0.301686
vt 0.037587 0.301811
vt 0.039322 0.316046
vt 0.027581 0.316261
vt 0.208423 0.203620
vt 0.223508 0.209178
vt 0.208696 0.212418
vt 0.801204 0.378940
vt 0.800127 0.367476
vt 0.810889 0.363880
vt 0.786921 0.380954
vt 0.786649 0.370757
vt 0.462394 0.910230
vt 0.461590 0.897206
vt 0.469880 0.911681
vt 0.469762 0.923737
vt 0.462276 0.922286
vt 0.455359 0.919807
vt 0.453674 0.907579
vt 0.508407 0.718921
vt 0.498069 0.719207
vt 0.508002 0.704301
vt 0.520812 0.718576
vt 0.758553 0.141611
vt 0.746272 0.140969
vt 0.521571 0.732716
vt 0.804176 0.817229
vt 0.816585 0.818973
vt 0.803907 0.828878
vt 0.789559 0.825633
vt 0.789781 0.815717
vt 0.827101 0.825119
vt 0.815065 0.832075
vt 0.097060 0.807040
vt 0.098961 0.814169
vt 0.827241 0.837130
vt 0.410399 0.861268
vt 0.414686 0.874804
vt 0.405345 0.892006
vt 0.599595 0.815364
vt 0.058769 0.815827
vt 0.964627 0.678273
vt 0.975946 0.678273
vt 0.975269 0.692188
vt 0.500784 0.295271
vt 0.504117 0.281411
vt 0.513724 0.285423
vt 0.036788 0.024305
vt 0.038412 0.022833
vt 0.038412 0.026889
vt 0.733691 0.867088
vt 0.741017 0.871440
vt 0.737167 0.884950
vt 0.542960 0.511571
vt 0.563488 0.505714
vt 0.553761 0.514602
vt 0.548214 0.521483
vt 0.532523 0.505714
vt 0.332337 0.103306
vt 0.319959 0.330516
vt 0.336636 0.331998
vt 0.879684 0.310466
vt 0.368643 0.465519
vt 0.355494 0.450634
vt 0.372157 0.452157
vt 0.388091 0.456347
vt 0.300191 0.339949
vt 0.303932 0.326653
vt 0.255563 0.312568
vt 0.268219 0.329471
vt 0.251865 0.325889
vt 0.812418 0.583651
vt 0.815814 0.572704
vt 0.692231 0.570667
vt 0.193814 0.209625
vt 0.179070 0.198744
vt 0.193937 0.219998
vt 0.179374 0.217264
vt 0.178957 0.206898
vt 0.596671 0.724342
vt 0.593101 0.738998
vt 0.026109 0.260026
vt 0.036486 0.260209
vt 0.036231 0.274737
vt 0.225339 0.865354
vt 0.236876 0.867908
vt 0.235140 0.882574
vt 0.846113 0.366150
vt 0.834479 0.355263
vt 0.846873 0.354635
vt 0.252113 0.202575
vt 0.251430 0.214292
vt 0.722721 0.110866
vt 0.721492 0.125305
vt 0.710040 0.124568
vt 0.710789 0.110242
vt 0.733823 0.140319
vt 0.732731 0.154769
vt 0.720816 0.139635
vt 0.745179 0.155419
vt 0.757441 0.156347
vt 0.520406 0.703956
vt 0.507595 0.689682
vt 0.756354 0.170792
vt 0.744092 0.169869
vt 0.733654 0.169375
vt 0.485692 0.719376
vt 0.472877 0.733753
vt 0.472612 0.719464
vt 0.484950 0.704765
vt 0.497664 0.704588
vt 0.486582 0.690068
vt 0.497259 0.689969
vt 0.473421 0.748367
vt 0.461362 0.748533
vt 0.461741 0.733582
vt 0.586785 0.841944
vt 0.591159 0.856525
vt 0.591127 0.871025
vt 0.589914 0.827377
vt 0.601483 0.837979
vt 0.735537 0.508146
vt 0.381212 0.384609
vt 0.366667 0.385454
vt 0.367158 0.373808
vt 0.381572 0.374312
vt 0.584119 0.798074
vt 0.594476 0.798153
vt 0.587321 0.812811
vt 0.408563 0.906589
vt 0.418351 0.889637
vt 0.419974 0.904136
vt 0.325535 0.380384
vt 0.326364 0.368757
vt 0.394196 0.384504
vt 0.396287 0.374416
vt 0.597677 0.813030
vt 0.544230 0.304136
vt 0.473871 0.012441
vt 0.473167 0.024077
vt 0.393439 0.915068
vt 0.404700 0.909809
vt 0.411685 0.918311
vt 0.587308 0.928450
vt 0.603998 0.923034
vt 0.592565 0.930825
vt 0.584040 0.933623
vt 0.577249 0.930138
vt 0.821810 0.621126
vt 0.825295 0.631814
vt 0.818521 0.629632
vt 0.815164 0.621663
vt 0.811608 0.610690
vt 0.820176 0.358771
vt 0.817576 0.347527
vt 0.827288 0.343801
vt 0.853789 0.144682
vt 0.870213 0.144298
vt 0.856337 0.156526
vt 0.839269 0.147439
vt 0.841795 0.157580
vt 0.823846 0.159988
vt 0.712455 0.095848
vt 0.700517 0.095339
vt 0.870679 0.156127
vt 0.161059 0.841644
vt 0.146194 0.839046
vt 0.163644 0.829797
vt 0.177440 0.842382
vt 0.177977 0.830443
vt 0.462347 0.763124
vt 0.450288 0.763060
vt 0.131916 0.826708
vt 0.148694 0.828898
vt 0.542334 0.531262
vt 0.534248 0.541239
vt 0.522889 0.550619
vt 0.499700 0.557584
vt 0.505168 0.559835
vt 0.498043 0.564632
vt 0.323944 0.134544
vt 0.319949 0.156210
vt 0.312283 0.146937
vt 0.304910 0.138624
vt 0.313665 0.126244
vt 0.174077 0.186384
vt 0.166113 0.196543
vt 0.195903 0.189744
vt 0.222973 0.927017
vt 0.236876 0.914026
vt 0.786980 0.921895
vt 0.798871 0.907491
vt 0.797231 0.921895
vt 0.888741 0.455418
vt 0.878490 0.455445
vt 0.722134 0.154066
vt 0.722459 0.169123
vt 0.707566 0.167913
vt 0.707432 0.153277
vt 0.043534 0.028169
vt 0.040863 0.025354
vt 0.043534 0.025354
vt 0.507233 0.676606
vt 0.226965 0.259350
vt 0.223025 0.275288
vt 0.219549 0.262721
vt 0.222053 0.248540
vt 0.236236 0.255137
vt 0.943634 0.063319
vt 0.947285 0.054292
vt 0.952375 0.065301
vt 0.956279 0.049783
vt 0.949698 0.037378
vt 0.965429 0.042315
vt 0.734240 0.182484
vt 0.722923 0.182236
vt 0.487807 0.676869
vt 0.475451 0.689654
vt 0.476684 0.676289
vt 0.209838 0.266395
vt 0.199288 0.269390
vt 0.205705 0.253217
vt 0.474405 0.704941
vt 0.461203 0.704467
vt 0.461991 0.689745
vt 0.838934 0.839818
vt 0.851465 0.839891
vt 0.852753 0.851472
vt 0.838155 0.849817
vt 0.882500 0.110817
vt 0.872409 0.111761
vt 0.901409 0.896287
vt 0.891121 0.896208
vt 0.889585 0.881740
vt 0.404844 0.845047
vt 0.419974 0.856906
vt 0.973489 0.710391
vt 0.981977 0.693241
vt 0.904890 0.254758
vt 0.920866 0.264560
vt 0.903911 0.263777
vt 0.982074 0.716499
vt 0.135708 0.155197
vt 0.137732 0.175040
vt 0.125120 0.164138
vt 0.817346 0.563481
vt 0.811742 0.564035
vt 0.828190 0.291797
vt 0.830065 0.285460
vt 0.838791 0.292866
vt 0.839491 0.284027
vt 0.852746 0.277171
vt 0.248053 0.708272
vt 0.237064 0.691099
vt 0.251686 0.697334
vt 0.262325 0.710666
vt 0.544004 0.235086
vt 0.547259 0.222968
vt 0.789466 0.876758
vt 0.787420 0.862465
vt 0.799008 0.862018
vt 0.799715 0.876642
vt 0.789602 0.891145
vt 0.036276 0.287192
vt 0.046911 0.274954
vt 0.049564 0.287472
vt 0.238151 0.213426
vt 0.251881 0.226084
vt 0.238278 0.225163
vt 0.219531 0.223898
vt 0.476798 0.914160
vt 0.483717 0.929487
vt 0.476925 0.926217
vt 0.709118 0.138885
vt 0.698943 0.138353
vt 0.699806 0.124033
vt 0.461963 0.719106
vt 0.451401 0.733423
vt 0.451623 0.718947
vt 0.107398 0.821041
vt 0.098054 0.820895
vt 0.086708 0.821066
vt 0.088577 0.814203
vt 0.354806 0.373287
vt 0.340384 0.371221
vt 0.355223 0.360101
vt 0.367492 0.363386
vt 0.341243 0.359597
vt 0.899014 0.865405
vt 0.899920 0.879927
vt 0.888729 0.865173
vt 0.888976 0.850771
vt 0.899288 0.851006
vt 0.403732 0.212509
vt 0.398834 0.203335
vt 0.409604 0.195227
vt 0.414487 0.206901
vt 0.411107 0.222791
vt 0.394557 0.217408
vt 0.757680 0.884122
vt 0.759357 0.869723
vt 0.773052 0.867088
vt 0.774323 0.881010
vt 0.760143 0.897829
vt 0.592267 0.939651
vt 0.583055 0.940316
vt 0.576265 0.936831
vt 0.258487 0.721268
vt 0.275288 0.713153
vt 0.272948 0.722711
vt 0.878335 0.425817
vt 0.878335 0.440187
vt 0.240599 0.484349
vt 0.242080 0.469562
vt 0.251162 0.485406
vt 0.249682 0.500194
vt 0.237359 0.499009
vt 0.942715 0.696543
vt 0.830681 0.683920
vt 0.842510 0.687248
vt 0.837764 0.696550
vt 0.824520 0.690695
vt 0.500234 0.911195
vt 0.507042 0.917255
vt 0.497993 0.924682
vt 0.496735 0.893307
vt 0.799595 0.354424
vt 0.785554 0.359676
vt 0.784804 0.348160
vt 0.788977 0.173687
vt 0.802630 0.182594
vt 0.787910 0.183984
vt 0.776383 0.173632
vt 0.809771 0.352394
vt 0.824230 0.171575
vt 0.821298 0.165289
vt 0.820362 0.176937
vt 0.805758 0.177229
vt 0.807990 0.171243
vt 0.809354 0.159729
vt 0.856659 0.168115
vt 0.850229 0.165684
vt 0.849376 0.177339
vt 0.834955 0.176283
vt 0.842634 0.169144
vt 0.942834 0.043141
vt 0.935480 0.049592
vt 0.231322 0.244327
vt 0.216657 0.236669
vt 0.932164 0.034240
vt 0.936336 0.030895
vt 0.941523 0.025668
vt 0.734052 0.967904
vt 0.727796 0.966159
vt 0.735758 0.959359
vt 0.740309 0.969647
vt 0.748524 0.971325
vt 0.748120 0.960861
vt 0.754931 0.972391
vt 0.214637 0.251911
vt 0.203637 0.239722
vt 0.211095 0.239196
vt 0.761091 0.972532
vt 0.763338 0.964113
vt 0.769526 0.973280
vt 0.769499 0.964095
vt 0.113445 0.819986
vt 0.115237 0.828961
vt 0.106832 0.829706
vt 0.134666 0.815432
vt 0.252043 0.785051
vt 0.267862 0.796759
vt 0.253193 0.796730
vt 0.150018 0.817362
vt 0.803587 0.842065
vt 0.815809 0.844103
vt 0.762961 0.425286
vt 0.775618 0.425371
vt 0.763918 0.435646
vt 0.749140 0.434085
vt 0.788890 0.848930
vt 0.789224 0.837282
vt 0.117436 0.826068
vt 0.116788 0.814492
vt 0.266422 0.785113
vt 0.282526 0.796424
vt 0.877074 0.136814
vt 0.042810 0.431064
vt 0.040108 0.416505
vt 0.052295 0.415748
vt 0.053257 0.430376
vt 0.043773 0.445690
vt 0.873769 0.126211
vt 0.504292 0.567581
vt 0.480394 0.006995
vt 0.486394 0.010269
vt 0.481159 0.017272
vt 0.283962 0.334768
vt 0.403996 0.461114
vt 0.391904 0.441846
vt 0.407255 0.448501
vt 0.423157 0.453282
vt 0.419899 0.465894
vt 0.653409 0.286521
vt 0.665671 0.290741
vt 0.664596 0.301206
vt 0.652122 0.298352
vt 0.615588 0.935826
vt 0.617583 0.947191
vt 0.605195 0.947901
vt 0.603081 0.935574
vt 0.641532 0.284328
vt 0.590866 0.949546
vt 0.806398 0.921772
vt 0.243140 0.454738
vt 0.252618 0.455307
vt 0.252668 0.470319
vt 0.238404 0.236900
vt 0.221757 0.238548
vt 0.453590 0.203259
vt 0.468370 0.204186
vt 0.465442 0.218402
vt 0.456826 0.216628
vt 0.207151 0.230084
vt 0.206910 0.221285
vt 0.774655 0.183838
vt 0.765686 0.174759
vt 0.700555 0.109707
vt 0.691123 0.123580
vt 0.690312 0.109715
vt 0.709069 0.181423
vt 0.708528 0.736923
vt 0.701192 0.745198
vt 0.695255 0.729742
vt 0.713006 0.728645
vt 0.699610 0.182735
vt 0.698346 0.167315
vt 0.464895 0.676258
vt 0.880311 0.463706
vt 0.893694 0.462590
vt 0.895656 0.471428
vt 0.880450 0.472982
vt 0.188748 0.272418
vt 0.179428 0.272888
vt 0.187995 0.257473
vt 0.451036 0.747793
vt 0.943891 0.531289
vt 0.928983 0.531370
vt 0.943543 0.520858
vt 0.958257 0.522036
vt 0.958498 0.530891
vt 0.823581 0.847750
vt 0.786357 0.426624
vt 0.777242 0.435647
vt 0.796966 0.426784
vt 0.787850 0.435809
vt 0.054236 0.445299
vt 0.044321 0.460340
vt 0.541005 0.547653
vt 0.531739 0.556495
vt 0.524622 0.561305
vt 0.512966 0.555674
vt 0.515163 0.563978
vt 0.558229 0.519516
vt 0.552640 0.526363
vt 0.802644 0.616956
vt 0.800010 0.609582
vt 0.800342 0.596442
vt 0.810069 0.596338
vt 0.800476 0.581275
vt 0.809099 0.572860
vt 0.707179 0.550093
vt 0.699317 0.557295
vt 0.696149 0.551881
vt 0.702610 0.543742
vt 0.711468 0.534614
vt 0.681124 0.286016
vt 0.681142 0.583537
vt 0.682666 0.563105
vt 0.799851 0.890992
vt 0.788588 0.905606
vt 0.807243 0.890922
vt 0.806262 0.907421
vt 0.444244 0.226825
vt 0.452447 0.230621
vt 0.438461 0.240457
vt 0.698207 0.152680
vt 0.689352 0.166985
vt 0.689915 0.152360
vt 0.719316 0.965314
vt 0.455563 0.930968
vt 0.462508 0.933446
vt 0.453831 0.942547
vt 0.722679 0.954044
vt 0.909938 0.469184
vt 0.907976 0.460346
vt 0.923773 0.466113
vt 0.911271 0.477669
vt 0.896989 0.479913
vt 0.072834 0.821468
vt 0.827058 0.945954
vt 0.824569 0.959723
vt 0.819600 0.954188
vt 0.813445 0.951198
vt 0.820272 0.939702
vt 0.834827 0.933436
vt 0.396062 0.365437
vt 0.494359 0.808568
vt 0.503289 0.807418
vt 0.503259 0.822024
vt 0.494540 0.821131
vt 0.598778 0.825499
vt 0.496181 0.833756
vt 0.511976 0.822919
vt 0.510500 0.837302
vt 0.507344 0.853654
vt 0.614597 0.856640
vt 0.602878 0.856599
vt 0.881921 0.896014
vt 0.882168 0.881613
vt 0.525990 0.289444
vt 0.518098 0.276121
vt 0.528642 0.282382
vt 0.536841 0.289072
vt 0.534789 0.294761
vt 0.552045 0.297414
vt 0.557509 0.321081
vt 0.981857 0.732437
vt 0.887814 0.261515
vt 0.888724 0.273020
vt 0.293250 0.151015
vt 0.284355 0.144043
vt 0.294629 0.130325
vt 0.028753 0.000587
vt 0.490600 0.020861
vt 0.481777 0.032459
vt 0.465777 0.034203
vt 0.739504 0.899224
vt 0.731223 0.888492
vt 0.730610 0.882550
vt 0.822556 0.280722
vt 0.817272 0.270730
vt 0.831458 0.274866
vt 0.573836 0.947550
vt 0.568645 0.940933
vt 0.236011 0.319227
vt 0.231898 0.331595
vt 0.224144 0.684886
vt 0.228484 0.672637
vt 0.239879 0.681123
vt 0.220992 0.692959
vt 0.552303 0.209437
vt 0.567841 0.201923
vt 0.541369 0.205361
vt 0.558878 0.196417
vt 0.049287 0.301228
vt 0.059664 0.301438
vt 0.059781 0.316261
vt 0.797327 0.847620
vt 0.808177 0.862114
vt 0.044724 0.260001
vt 0.045887 0.246125
vt 0.050588 0.260297
vt 0.847631 0.343120
vt 0.742400 0.175716
vt 0.755129 0.174802
vt 0.755575 0.186002
vt 0.743857 0.191845
vt 0.255081 0.235578
vt 0.688924 0.095291
vt 0.677410 0.591563
vt 0.678634 0.606197
vt 0.666544 0.608387
vt 0.667026 0.591521
vt 0.863798 0.178393
vt 0.863044 0.188695
vt 0.864651 0.166739
vt 0.848623 0.187639
vt 0.834030 0.188293
vt 0.835602 0.164616
vt 0.957602 0.030670
vt 0.949744 0.020833
vt 0.956530 0.016059
vt 0.963581 0.024737
vt 0.689470 0.736876
vt 0.196850 0.255345
vt 0.187597 0.244125
vt 0.195649 0.242311
vt 0.164166 0.818214
vt 0.238769 0.798407
vt 0.237413 0.786751
vt 0.239968 0.808710
vt 0.225544 0.810388
vt 0.224346 0.800085
vt 0.222990 0.788429
vt 0.928838 0.519562
vt 0.945798 0.508715
vt 0.958204 0.511600
vt 0.602845 0.871051
vt 0.613179 0.873240
vt 0.809759 0.427712
vt 0.809663 0.438320
vt 0.796536 0.437386
vt 0.382197 0.366457
vt 0.382258 0.360629
vt 0.889798 0.836100
vt 0.901409 0.836612
vt 0.881558 0.850644
vt 0.880596 0.836127
vt 0.891597 0.821663
vt 0.326862 0.357255
vt 0.606600 0.842423
vt 0.568502 0.330157
vt 0.560636 0.340589
vt 0.402747 0.182382
vt 0.394557 0.170164
vt 0.413127 0.176840
vt 0.938050 0.266677
vt 0.925578 0.257099
vt 0.940845 0.258704
vt 0.950064 0.266089
vt 0.936820 0.275359
vt 0.920734 0.275250
vt 0.044814 0.001625
vt 0.041192 0.005122
vt 0.041192 0.001200
vt 0.507142 0.270978
vt 0.513794 0.261953
vt 0.524342 0.268207
vt 0.152128 0.186565
vt 0.323912 0.112505
vt 0.315128 0.102854
vt 0.140769 0.194870
vt 0.129455 0.185377
vt 0.565968 0.954352
vt 0.576752 0.954603
vt 0.566982 0.958799
vt 0.894728 0.573162
vt 0.890705 0.575484
vt 0.888939 0.566850
vt 0.246443 0.514854
vt 0.259129 0.501140
vt 0.258725 0.516148
vt 0.245173 0.527529
vt 0.235880 0.513797
vt 0.688924 0.137903
vt 0.678668 0.635464
vt 0.679898 0.650133
vt 0.669826 0.635376
vt 0.669513 0.620841
vt 0.679898 0.620829
vt 0.754756 0.963207
vt 0.749838 0.952318
vt 0.756396 0.954650
vt 0.765725 0.955732
vt 0.810808 0.973707
vt 0.808509 0.981899
vt 0.805380 0.970102
vt 0.815490 0.965494
vt 0.821644 0.968483
vt 0.807522 0.961870
vt 0.083144 0.827527
vt 0.972958 0.520711
vt 0.973111 0.530990
vt 0.972815 0.511376
vt 0.925524 0.476326
vt 0.926422 0.486257
vt 0.865331 0.164551
vt 0.049593 0.401189
vt 0.039143 0.401858
vt 0.048790 0.388651
vt 0.061778 0.400412
vt 0.061644 0.415218
vt 0.839643 0.263679
vt 0.871004 0.279820
vt 0.861411 0.259676
vt 0.876969 0.266140
vt 0.359521 0.435380
vt 0.365090 0.421766
vt 0.381252 0.425573
vt 0.375968 0.437656
vt 0.883483 0.297095
vt 0.814534 0.890929
vt 0.812745 0.907360
vt 0.260555 0.456365
vt 0.260250 0.471375
vt 0.491118 0.921383
vt 0.496858 0.934601
vt 0.489573 0.931247
vt 0.690210 0.183099
vt 0.715769 0.721776
vt 0.702496 0.714595
vt 0.718591 0.713036
vt 0.677011 0.681178
vt 0.667731 0.680773
vt 0.670267 0.665298
vt 0.678822 0.664926
vt 0.468142 0.935332
vt 0.476394 0.937911
vt 0.468184 0.944671
vt 0.742014 0.961102
vt 0.737463 0.950814
vt 0.744180 0.951943
vt 0.880657 0.480279
vt 0.895493 0.488196
vt 0.880250 0.489323
vt 0.172149 0.272541
vt 0.163118 0.271357
vt 0.171353 0.257598
vt 0.060794 0.445042
vt 0.060614 0.459765
vt 0.053683 0.460096
vt 0.497692 0.006709
vt 0.502031 0.013084
vt 0.506422 0.017899
vt 0.500654 0.027759
vt 0.488347 0.038922
vt 0.551802 0.537631
vt 0.561514 0.529490
vt 0.714156 0.904981
vt 0.726117 0.900364
vt 0.730265 0.912903
vt 0.715848 0.918611
vt 0.561964 0.547226
vt 0.549059 0.555463
vt 0.114624 0.154490
vt 0.104560 0.162846
vt 0.103418 0.142143
vt 0.093620 0.153194
vt 0.776214 0.898338
vt 0.778767 0.912240
vt 0.764760 0.914538
vt 0.745419 0.919731
vt 0.723215 0.891860
vt 0.789041 0.595105
vt 0.785725 0.580481
vt 0.821883 0.257492
vt 0.553807 0.176852
vt 0.546504 0.191794
vt 0.540130 0.176433
vt 0.554342 0.159356
vt 0.687069 0.546292
vt 0.807107 0.876572
vt 0.816503 0.862213
vt 0.814547 0.876577
vt 0.460241 0.234291
vt 0.450967 0.243816
vt 0.471596 0.234490
vt 0.460396 0.247073
vt 0.055715 0.275154
vt 0.061457 0.263165
vt 0.066916 0.261427
vt 0.067277 0.276246
vt 0.068690 0.288794
vt 0.058369 0.287671
vt 0.764098 0.183881
vt 0.763505 0.190047
vt 0.806599 0.453669
vt 0.792098 0.447278
vt 0.788496 0.441799
vt 0.355487 0.351362
vt 0.341179 0.349285
vt 0.354053 0.340954
vt 0.367757 0.354648
vt 0.366346 0.342540
vt 0.381061 0.342580
vt 0.379839 0.349605
vt 0.396123 0.356456
vt 0.395505 0.343704
vt 0.512219 0.806267
vt 0.522982 0.809756
vt 0.881311 0.865045
vt 0.873993 0.864996
vt 0.874901 0.850599
vt 0.543340 0.281106
vt 0.563842 0.291116
vt 0.396439 0.150406
vt 0.409940 0.147557
vt 0.406342 0.163958
vt 0.566144 0.311485
vt 0.397081 0.430253
vt 0.439322 0.458487
vt 0.426517 0.441213
vt 0.442463 0.445846
vt 0.455826 0.461245
vt 0.436599 0.468630
vt 0.248636 0.335889
vt 0.607374 0.956759
vt 0.591653 0.961588
vt 0.578048 0.960922
vt 0.821172 0.905208
vt 0.821828 0.919203
vt 0.813790 0.921819
vt 0.538356 0.217368
vt 0.534350 0.202902
vt 0.655927 0.594017
vt 0.864192 0.200035
vt 0.849768 0.199010
vt 0.658330 0.621082
vt 0.670610 0.650041
vt 0.661061 0.665055
vt 0.660154 0.650397
vt 0.699733 0.721465
vt 0.683203 0.723733
vt 0.965429 0.003024
vt 0.957522 0.009014
vt 0.687692 0.716178
vt 0.689246 0.708653
vt 0.729501 0.957616
vt 0.724236 0.945564
vt 0.731207 0.949071
vt 0.073761 0.929697
vt 0.066528 0.914727
vt 0.071610 0.916239
vt 0.078092 0.916606
vt 0.077939 0.930475
vt 0.072442 0.940888
vt 0.068754 0.930901
vt 0.922279 0.020385
vt 0.927544 0.018959
vt 0.933912 0.015179
vt 0.925560 0.007247
vt 0.939384 0.010569
vt 0.199793 0.227288
vt 0.084764 0.932052
vt 0.097137 0.927886
vt 0.090901 0.935508
vt 0.079185 0.944160
vt 0.178681 0.258061
vt 0.173131 0.242609
vt 0.180323 0.245125
vt 0.912113 0.486684
vt 0.912708 0.496990
vt 0.896313 0.497213
vt 0.928844 0.509124
vt 0.931402 0.497980
vt 0.946096 0.499385
vt 0.958383 0.500359
vt 0.254636 0.808739
vt 0.269301 0.808404
vt 0.268091 0.819702
vt 0.254025 0.820996
vt 0.326468 0.348964
vt 0.341631 0.341870
vt 0.903741 0.274976
vt 0.920982 0.284334
vt 0.902752 0.285973
vt 0.875662 0.881501
vt 0.874502 0.896004
vt 0.866455 0.893317
vt 0.867220 0.879277
vt 0.414880 0.161567
vt 0.419797 0.173409
vt 0.304880 0.116593
vt 0.287353 0.122726
vt 0.296140 0.110384
vt 0.528006 0.564507
vt 0.519047 0.571261
vt 0.544290 0.162452
vt 0.418289 0.306689
vt 0.408068 0.308253
vt 0.418075 0.297400
vt 0.689056 0.536373
vt 0.695563 0.538774
vt 0.693096 0.523607
vt 0.702866 0.528360
vt 0.677393 0.301251
vt 0.822971 0.876494
vt 0.821016 0.890858
vt 0.533384 0.229071
vt 0.528495 0.242659
vt 0.522068 0.224992
vt 0.821159 0.697581
vt 0.832378 0.703368
vt 0.825999 0.709939
vt 0.815351 0.704043
vt 0.809809 0.693869
vt 0.773732 0.192790
vt 0.786989 0.192718
vt 0.770213 0.199691
vt 0.819426 0.188585
vt 0.820675 0.199830
vt 0.805004 0.187529
vt 0.801626 0.192896
vt 0.800601 0.204925
vt 0.785243 0.202044
vt 0.765977 0.949242
vt 0.799385 0.984635
vt 0.792537 0.982715
vt 0.802300 0.978798
vt 0.794929 0.974553
vt 0.799298 0.966968
vt 0.764748 0.444435
vt 0.750035 0.444450
vt 0.283724 0.806727
vt 0.781653 0.451335
vt 0.778216 0.444421
vt 0.424291 0.199463
vt 0.417864 0.188573
vt 0.435055 0.193872
vt 0.431003 0.212386
vt 0.873199 0.836169
vt 0.866431 0.850123
vt 0.864718 0.835927
vt 0.872056 0.821757
vt 0.426437 0.180248
vt 0.533168 0.275410
vt 0.531491 0.260690
vt 0.540009 0.272489
vt 0.882344 0.572697
vt 0.886060 0.580129
vt 0.874911 0.581059
vt 0.872124 0.561548
vt 0.791262 0.610189
vt 0.067141 0.301088
vt 0.077345 0.290335
vt 0.075766 0.302863
vt 0.074189 0.315390
vt 0.818619 0.847873
vt 0.824927 0.862130
vt 0.260609 0.486352
vt 0.272637 0.484329
vt 0.271448 0.502373
vt 0.266279 0.702360
vt 0.270274 0.691576
vt 0.838494 0.716964
vt 0.830649 0.724715
vt 0.820759 0.716869
vt 0.759201 0.194525
vt 0.745649 0.203942
vt 0.764803 0.208756
vt 0.744786 0.217170
vt 0.257362 0.244809
vt 0.255798 0.258003
vt 0.238623 0.246177
vt 0.482171 0.939351
vt 0.488903 0.942935
vt 0.481530 0.948668
vt 0.943304 0.007121
vt 0.194305 0.984953
vt 0.189496 0.986662
vt 0.186378 0.974709
vt 0.200546 0.979967
vt 0.946070 0.000314
vt 0.186174 0.231092
vt 0.178558 0.230864
vt 0.095042 0.937682
vt 0.100186 0.943384
vt 0.087540 0.949085
vt 0.190496 0.229659
vt 0.813126 0.935088
vt 0.808185 0.947339
vt 0.805135 0.931517
vt 0.949342 0.279388
vt 0.948879 0.287985
vt 0.820693 0.922447
vt 0.062602 0.429760
vt 0.073830 0.414440
vt 0.074226 0.432859
vt 0.560980 0.557803
vt 0.553160 0.566112
vt 0.542107 0.573624
vt 0.536811 0.563733
vt 0.531456 0.570118
vt 0.511052 0.006622
vt 0.513042 0.012774
vt 0.889967 0.587753
vt 0.891068 0.599078
vt 0.896064 0.585305
vt 0.255491 0.687622
vt 0.245354 0.672712
vt 0.258628 0.678709
vt 0.841197 0.733275
vt 0.832886 0.739597
vt 0.269228 0.470657
vt 0.269265 0.455496
vt 0.279939 0.457305
vt 0.277481 0.472357
vt 0.461100 0.942678
vt 0.467209 0.953959
vt 0.461858 0.951292
vt 0.453674 0.951191
vt 0.802189 0.958112
vt 0.796921 0.954241
vt 0.069611 0.446127
vt 0.077919 0.445051
vt 0.079803 0.459587
vt 0.069167 0.460948
vt 0.116460 0.174158
vt 0.119690 0.193400
vt 0.106746 0.185119
vt 0.094570 0.173726
vt 0.653543 0.306094
vt 0.666550 0.311961
vt 0.653833 0.314505
vt 0.621562 0.953460
vt 0.622279 0.961588
vt 0.833325 0.876368
vt 0.831470 0.890745
vt 0.474525 0.220273
vt 0.485461 0.222525
vt 0.482534 0.236742
vt 0.468783 0.248730
vt 0.477453 0.206056
vt 0.470827 0.187650
vt 0.479911 0.189520
vt 0.490780 0.191738
vt 0.487808 0.208189
vt 0.835111 0.200677
vt 0.849030 0.210713
vt 0.836521 0.211903
vt 0.659242 0.635740
vt 0.649772 0.650160
vt 0.648915 0.635727
vt 0.649044 0.621190
vt 0.958436 0.491023
vt 0.972912 0.500732
vt 0.972604 0.490299
vt 0.927017 0.496562
vt 0.925925 0.507712
vt 0.911623 0.507092
vt 0.239241 0.820049
vt 0.240802 0.832043
vt 0.224790 0.821725
vt 0.516508 0.854824
vt 0.504323 0.870031
vt 0.519689 0.838246
vt 0.528064 0.855842
vt 0.527567 0.872392
vt 0.513229 0.873240
vt 0.521166 0.823862
vt 0.530167 0.839321
vt 0.532198 0.825282
vt 0.381910 0.331454
vt 0.396287 0.332613
vt 0.524409 0.795366
vt 0.533930 0.810928
vt 0.867487 0.864876
vt 0.856998 0.864682
vt 0.855246 0.850237
vt 0.493473 0.046854
vt 0.482802 0.053749
vt 0.477404 0.048762
vt 0.473667 0.042017
vt 0.519893 0.257515
vt 0.523653 0.251046
vt 0.830622 0.253360
vt 0.845973 0.252929
vt 0.533156 0.190241
vt 0.529128 0.209934
vt 0.525653 0.191349
vt 0.517940 0.208362
vt 0.084324 0.302690
vt 0.936816 0.761856
vt 0.927270 0.765685
vt 0.929768 0.754185
vt 0.835380 0.862090
vt 0.820083 0.210939
vt 0.803581 0.210059
vt 0.804023 0.199535
vt 0.657257 0.608495
vt 0.646074 0.608736
vt 0.644752 0.594452
vt 0.813747 0.688334
vt 0.799830 0.692831
vt 0.803768 0.687297
vt 0.504868 0.927981
vt 0.503733 0.937899
vt 0.817193 0.681491
vt 0.658843 0.678651
vt 0.723051 0.704750
vt 0.705164 0.705807
vt 0.709675 0.699484
vt 0.725764 0.697859
vt 0.651906 0.678445
vt 0.067724 0.942912
vt 0.070750 0.950636
vt 0.068588 0.951227
vt 0.173132 0.979982
vt 0.169903 0.971489
vt 0.172134 0.969731
vt 0.177916 0.979171
vt 0.169699 0.988476
vt 0.074640 0.942738
vt 0.073432 0.952456
vt 0.751577 0.945732
vt 0.745265 0.943545
vt 0.751761 0.937266
vt 0.758077 0.946099
vt 0.758375 0.939945
vt 0.768523 0.941166
vt 0.881734 0.498481
vt 0.881756 0.505780
vt 0.153738 0.269950
vt 0.146427 0.269273
vt 0.155053 0.255756
vt 0.162599 0.254700
vt 0.284798 0.818950
vt 0.285531 0.829502
vt 0.269490 0.830605
vt 0.252983 0.832310
vt 0.766561 0.453796
vt 0.750930 0.456550
vt 0.935821 0.284519
vt 0.936652 0.295344
vt 0.921893 0.295371
vt 0.807928 0.467079
vt 0.787150 0.460409
vt 0.886934 0.281511
vt 0.277092 0.136432
vt 0.265006 0.149263
vt 0.266750 0.129335
vt 0.277015 0.115608
vt 0.413061 0.434525
vt 0.431915 0.429722
vt 0.400965 0.416217
vt 0.881435 0.589660
vt 0.883227 0.607319
vt 0.874246 0.599628
vt 0.282816 0.503592
vt 0.270113 0.517174
vt 0.281493 0.518273
vt 0.518002 0.239000
vt 0.507503 0.235369
vt 0.513390 0.221865
vt 0.691915 0.699865
vt 0.696117 0.690495
vt 0.203683 0.973761
vt 0.206566 0.988476
vt 0.190930 0.970812
vt 0.193420 0.966730
vt 0.197154 0.961679
vt 0.208878 0.967226
vt 0.214904 0.976111
vt 0.211284 0.981290
vt 0.035851 0.023047
vt 0.033803 0.018395
vt 0.035851 0.016567
vt 0.738907 0.942221
vt 0.732616 0.940604
vt 0.533496 0.941671
vt 0.532150 0.948044
vt 0.525049 0.942550
vt 0.738005 0.933801
vt 0.173451 0.228504
vt 0.164388 0.240058
vt 0.166235 0.227149
vt 0.342724 0.943552
vt 0.349673 0.941402
vt 0.352167 0.953246
vt 0.346306 0.954757
vt 0.103713 0.948981
vt 0.095711 0.955480
vt 0.092239 0.953155
vt 0.154281 0.238823
vt 0.800986 0.942808
vt 0.789180 0.951379
vt 0.792698 0.940894
vt 0.340241 0.333272
vt 0.327749 0.334308
vt 0.862805 0.823557
vt 0.854322 0.823501
vt 0.340503 0.324939
vt 0.353073 0.323109
vt 0.352737 0.332312
vt 0.367353 0.332081
vt 0.073038 0.399803
vt 0.085091 0.413831
vt 0.437085 0.176713
vt 0.443311 0.189583
vt 0.440999 0.207327
vt 0.554532 0.280321
vt 0.548014 0.267876
vt 0.406141 0.133441
vt 0.406340 0.122049
vt 0.414868 0.122958
vt 0.416329 0.133668
vt 0.422020 0.145158
vt 0.513068 0.023282
vt 0.505136 0.038118
vt 0.519695 0.007907
vt 0.522695 0.018592
vt 0.515842 0.034542
vt 0.569219 0.275485
vt 0.557134 0.280119
vt 0.557134 0.261525
vt 0.577202 0.269186
vt 0.586851 0.279956
vt 0.234902 0.662620
vt 0.245150 0.661137
vt 0.831599 0.904379
vt 0.939821 0.712395
vt 0.937241 0.726292
vt 0.929009 0.711405
vt 0.929723 0.697743
vt 0.842510 0.918235
vt 0.832270 0.918714
vt 0.077828 0.275403
vt 0.078036 0.260283
vt 0.090086 0.276158
vt 0.086624 0.290053
vt 0.479732 0.250926
vt 0.489887 0.255337
vt 0.485667 0.269566
vt 0.800979 0.215657
vt 0.783909 0.213304
vt 0.495522 0.944372
vt 0.502318 0.947829
vt 0.494935 0.953571
vt 0.475794 0.947232
vt 0.482509 0.957259
vt 0.475130 0.956547
vt 0.181965 0.976750
vt 0.176963 0.968342
vt 0.083276 0.946812
vt 0.077953 0.955001
vt 0.789534 0.970884
vt 0.785167 0.978469
vt 0.781349 0.968624
vt 0.791995 0.962309
vt 0.786114 0.960080
vt 0.790674 0.469269
vt 0.767976 0.465104
vt 0.366247 0.319942
vt 0.856744 0.878705
vt 0.856126 0.893095
vt 0.845847 0.892653
vt 0.846451 0.878897
vt 0.864446 0.569946
vt 0.866899 0.589139
vt 0.858444 0.577336
vt 0.853370 0.565040
vt 0.776822 0.598685
vt 0.769695 0.589089
vt 0.778419 0.589474
vt 0.814029 0.251852
vt 0.812294 0.243157
vt 0.823178 0.249022
vt 0.891224 0.619640
vt 0.898831 0.613916
vt 0.898848 0.629930
vt 0.884348 0.625154
vt 0.408785 0.297169
vt 0.400428 0.297370
vt 0.408946 0.283417
vt 0.419974 0.284743
vt 0.679673 0.534431
vt 0.918203 0.752458
vt 0.922580 0.739248
vt 0.933857 0.740367
vt 0.939821 0.745986
vt 0.498694 0.210678
vt 0.495845 0.224522
vt 0.761352 0.217593
vt 0.758144 0.227178
vt 0.743518 0.226573
vt 0.788732 0.081533
vt 0.780263 0.078038
vt 0.782149 0.062031
vt 0.496090 0.175885
vt 0.502060 0.196560
vt 0.726028 0.939085
vt 0.717510 0.944439
vt 0.032010 0.017625
vt 0.032010 0.020487
vt 0.030410 0.018340
vt 0.531035 0.954461
vt 0.527537 0.959555
vt 0.522581 0.953654
vt 0.380960 0.320208
vt 0.546758 0.795688
vt 0.544635 0.810139
vt 0.853776 0.835842
vt 0.777587 0.803402
vt 0.783169 0.816913
vt 0.773230 0.819754
vt 0.767647 0.806242
vt 0.774177 0.791474
vt 0.427321 0.161204
vt 0.541162 0.255360
vt 0.304935 0.095245
vt 0.294606 0.088117
vt 0.303192 0.073283
vt 0.315230 0.082014
vt 0.323944 0.091046
vt 0.615270 0.195479
vt 0.605427 0.202802
vt 0.608736 0.194918
vt 0.610939 0.184577
vt 0.832377 0.244924
vt 0.811463 0.709612
vt 0.813078 0.720521
vt 0.804374 0.713725
vt 0.804202 0.705283
vt 0.863635 0.210973
vt 0.850967 0.216599
vt 0.842552 0.217918
vt 0.651775 0.665147
vt 0.643218 0.650484
vt 0.712358 0.692583
vt 0.727302 0.691550
vt 0.645350 0.678833
vt 0.911813 0.513491
vt 0.896909 0.506247
vt 0.897498 0.513523
vt 0.881243 0.512162
vt 0.931881 0.486749
vt 0.226032 0.832827
vt 0.239292 0.838081
vt 0.226832 0.842069
vt 0.932180 0.477418
vt 0.946874 0.478822
vt 0.946576 0.488153
vt 0.961101 0.479904
vt 0.777939 0.473184
vt 0.764815 0.475783
vt 0.750124 0.476583
vt 0.751487 0.467146
vt 0.904184 0.296892
vt 0.920808 0.305605
vt 0.904773 0.307787
vt 0.257489 0.142196
vt 0.248603 0.136377
vt 0.725926 0.923912
vt 0.736379 0.929306
vt 0.726027 0.931358
vt 0.717410 0.927233
vt 0.715988 0.933096
vt 0.708900 0.935677
vt 0.569782 0.554108
vt 0.565221 0.565557
vt 0.398694 0.287176
vt 0.401139 0.276343
vt 0.414295 0.269959
vt 0.670782 0.322679
vt 0.655975 0.325224
vt 0.398152 0.307658
vt 0.402304 0.321383
vt 0.534299 0.163062
vt 0.528979 0.174613
vt 0.392320 0.318715
vt 0.388884 0.308349
vt 0.393455 0.298226
vt 0.511182 0.199545
vt 0.515734 0.187852
vt 0.095992 0.291710
vt 0.179453 0.964461
vt 0.183735 0.962248
vt 0.975029 0.103992
vt 0.983355 0.105716
vt 0.971812 0.109665
vt 0.966141 0.106448
vt 0.969358 0.100776
vt 0.972574 0.095104
vt 0.978246 0.098321
vt 0.085252 0.961402
vt 0.080562 0.959305
vt 0.797431 0.928561
vt 0.786920 0.938676
vt 0.789727 0.925604
vt 0.949406 0.297657
vt 0.949703 0.306095
vt 0.936213 0.303758
vt 0.256000 0.841325
vt 0.247817 0.838785
vt 0.436279 0.156036
vt 0.442629 0.166979
vt 0.874085 0.609147
vt 0.865632 0.603109
vt 0.858421 0.595489
vt 0.405576 0.264656
vt 0.413263 0.254819
vt 0.890180 0.636364
vt 0.876904 0.629379
vt 0.692233 0.824584
vt 0.675693 0.822860
vt 0.692499 0.815742
vt 0.703035 0.819018
vt 0.509574 0.209898
vt 0.284145 0.489362
vt 0.287775 0.474950
vt 0.292116 0.493559
vt 0.291531 0.504406
vt 0.822027 0.730238
vt 0.816084 0.736237
vt 0.807107 0.726491
vt 0.803821 0.225286
vt 0.789187 0.224924
vt 0.774049 0.221407
vt 0.467025 0.960307
vt 0.526695 0.966308
vt 0.533166 0.967052
vt 0.529938 0.972321
vt 0.523467 0.971578
vt 0.517765 0.963253
vt 0.536492 0.962523
vt 0.086301 0.430083
vt 0.093712 0.413364
vt 0.094798 0.427488
vt 0.088326 0.443903
vt 0.451004 0.202290
vt 0.451554 0.185273
vt 0.459247 0.197980
vt 0.084299 0.399194
vt 0.093643 0.398557
vt 0.497989 0.054341
vt 0.506157 0.047730
vt 0.503642 0.060684
vt 0.488626 0.062735
vt 0.531783 0.244437
vt 0.546215 0.246184
vt 0.338036 0.617284
vt 0.331081 0.608900
vt 0.342382 0.606865
vt 0.352833 0.609113
vt 0.352248 0.617737
vt 0.287126 0.101897
vt 0.268065 0.110063
vt 0.276861 0.094656
vt 0.526879 0.028249
vt 0.535800 0.010852
vt 0.539492 0.020665
vt 0.531791 0.037539
vt 0.098532 0.194649
vt 0.084767 0.184577
vt 0.074050 0.175128
vt 0.083725 0.164160
vt 0.446142 0.434048
vt 0.436249 0.415972
vt 0.451747 0.422844
vt 0.568211 0.255167
vt 0.580276 0.249738
vt 0.587607 0.262078
vt 0.924966 0.725385
vt 0.918397 0.724452
vt 0.919932 0.710050
vt 0.920726 0.696137
vt 0.290353 0.459401
vt 0.299572 0.461842
vt 0.805799 0.699350
vt 0.798224 0.698761
vt 0.488260 0.952252
vt 0.955334 0.466426
vt 0.949937 0.463374
vt 0.950006 0.454852
vt 0.956968 0.459768
vt 0.962264 0.462992
vt 0.523489 0.946883
vt 0.515921 0.952134
vt 0.517110 0.945565
vt 0.518670 0.941232
vt 0.964481 0.093512
vt 0.973939 0.088728
vt 0.981620 0.092372
vt 0.967506 0.087659
vt 0.976930 0.082934
vt 0.983355 0.084049
vt 0.970873 0.081679
vt 0.973027 0.073171
vt 0.979023 0.074693
vt 0.777208 0.833669
vt 0.788732 0.830131
vt 0.783160 0.847021
vt 0.774307 0.849687
vt 0.770921 0.835465
vt 0.844999 0.864670
vt 0.090185 0.458242
vt 0.099473 0.457037
vt 0.787334 0.860880
vt 0.778480 0.863546
vt 0.507855 0.592951
vt 0.512154 0.600319
vt 0.501465 0.594356
vt 0.548128 0.010688
vt 0.550704 0.016868
vt 0.083009 0.140498
vt 0.781050 0.929321
vt 0.770088 0.930194
vt 0.755439 0.933983
vt 0.603004 0.192500
vt 0.601442 0.184874
vt 0.608355 0.174324
vt 0.620423 0.172120
vt 0.386547 0.412006
vt 0.371020 0.406121
vt 0.393145 0.398914
vt 0.869938 0.244556
vt 0.614778 0.147359
vt 0.607804 0.160424
vt 0.596252 0.150705
vt 0.603947 0.140569
vt 0.622279 0.134758
vt 0.883483 0.250462
vt 0.416380 0.422622
vt 0.421650 0.411257
vt 0.878903 0.616228
vt 0.873230 0.621541
vt 0.869377 0.614178
vt 0.825227 0.746694
vt 0.842510 0.751166
vt 0.832384 0.758419
vt 0.823602 0.763124
vt 0.816608 0.752222
vt 0.492472 0.240905
vt 0.504481 0.228558
vt 0.786343 0.014968
vt 0.780627 0.030560
vt 0.777613 0.016894
vt 0.501478 0.243114
vt 0.772398 0.074865
vt 0.775120 0.060428
vt 0.785259 0.048387
vt 0.640352 0.635721
vt 0.632592 0.650560
vt 0.630183 0.636474
vt 0.627287 0.624003
vt 0.637840 0.623167
vt 0.636787 0.608871
vt 0.626209 0.609357
vt 0.627161 0.594556
vt 0.878361 0.220232
vt 0.863367 0.228577
vt 0.863759 0.219958
vt 0.635465 0.594579
vt 0.644298 0.665130
vt 0.636867 0.680135
vt 0.633726 0.665638
vt 0.793056 0.693315
vt 0.792022 0.700333
vt 0.934526 0.464191
vt 0.928110 0.461015
vt 0.937625 0.455241
vt 0.783674 0.693529
vt 0.793790 0.686260
vt 0.679916 0.694483
vt 0.222766 0.964642
vt 0.209480 0.958109
vt 0.210634 0.949888
vt 0.679562 0.676701
vt 0.691628 0.678124
vt 0.706377 0.685922
vt 0.071460 0.956781
vt 0.073429 0.958988
vt 0.070489 0.961106
vt 0.067417 0.959233
vt 0.066528 0.953571
vt 0.147767 0.253475
vt 0.145204 0.244978
vt 0.146827 0.227984
vt 0.152581 0.217399
vt 0.159070 0.222324
vt 0.140278 0.266270
vt 0.141343 0.256390
vt 0.972703 0.481692
vt 0.961614 0.469273
vt 0.973111 0.471055
vt 0.926052 0.515995
vt 0.926390 0.526146
vt 0.912122 0.523809
vt 0.541254 0.840217
vt 0.542720 0.826084
vt 0.549939 0.839041
vt 0.724015 0.322386
vt 0.731690 0.318039
vt 0.734886 0.334623
vt 0.547654 0.855169
vt 0.540225 0.854639
vt 0.728238 0.338087
vt 0.741429 0.348428
vt 0.734353 0.353693
vt 0.536988 0.871470
vt 0.552138 0.825135
vt 0.352009 0.313676
vt 0.364679 0.310630
vt 0.381703 0.311024
vt 0.512437 0.043352
vt 0.522460 0.040958
vt 0.515711 0.049198
vt 0.519212 0.639083
vt 0.527529 0.651118
vt 0.508100 0.649252
vt 0.500707 0.639068
vt 0.511904 0.628611
vt 0.744566 0.939821
vt 0.094694 0.302274
vt 0.101245 0.301848
vt 0.901038 0.851985
vt 0.905861 0.854125
vt 0.903434 0.865784
vt 0.913976 0.763340
vt 0.909979 0.751161
vt 0.850466 0.223112
vt 0.173945 0.961005
vt 0.176027 0.959042
vt 0.178086 0.954404
vt 0.186428 0.958063
vt 0.068238 0.964149
vt 0.172192 0.964017
vt 0.169275 0.958527
vt 0.074870 0.962279
vt 0.070003 0.963885
vt 0.346393 0.965042
vt 0.341872 0.955585
vt 0.350827 0.964214
vt 0.351547 0.972978
vt 0.346620 0.972587
vt 0.344013 0.973745
vt 0.342830 0.967809
vt 0.983291 0.066263
vt 0.975296 0.064233
vt 0.245629 0.067077
vt 0.249256 0.060173
vt 0.256043 0.064710
vt 0.783297 0.949458
vt 0.258498 0.057117
vt 0.267806 0.067862
vt 0.950064 0.314418
vt 0.939382 0.312258
vt 0.923948 0.313775
vt 0.248329 0.843395
vt 0.240272 0.844567
vt 0.794969 0.478514
vt 0.809574 0.476732
vt 0.811515 0.485344
vt 0.795954 0.487280
vt 0.783805 0.480102
vt 0.341532 0.314479
vt 0.342251 0.308003
vt 0.348741 0.302873
vt 0.760471 0.808259
vt 0.758187 0.795892
vt 0.764238 0.794315
vt 0.354361 0.602014
vt 0.363637 0.607725
vt 0.347549 0.598765
vt 0.354061 0.589307
vt 0.362605 0.594022
vt 0.421392 0.124117
vt 0.425814 0.134618
vt 0.431790 0.126413
vt 0.430070 0.142701
vt 0.596823 0.169212
vt 0.588738 0.161234
vt 0.382075 0.302026
vt 0.390578 0.291701
vt 0.520271 0.173730
vt 0.738796 0.817223
vt 0.725130 0.817407
vt 0.727797 0.805547
vt 0.667882 0.213226
vt 0.679761 0.202901
vt 0.675517 0.216503
vt 0.671340 0.228712
vt 0.384301 0.317837
vt 0.004704 0.032464
vt 0.006402 0.030894
vt 0.006402 0.033291
vt 0.692718 0.807323
vt 0.705004 0.812360
vt 0.712997 0.817067
vt 0.768257 0.228327
vt 0.778199 0.227947
vt 0.780995 0.236382
vt 0.769317 0.236664
vt 0.756750 0.235850
vt 0.833977 0.221009
vt 0.842365 0.222486
vt 0.844869 0.231378
vt 0.833468 0.231473
vt 0.821093 0.230792
vt 0.819591 0.220164
vt 0.805151 0.219394
vt 0.806486 0.230630
vt 0.805139 0.236549
vt 0.790680 0.235577
vt 0.520239 0.976846
vt 0.527170 0.979513
vt 0.964896 0.456019
vt 0.958641 0.450677
vt 0.967571 0.446933
vt 0.510771 0.973558
vt 0.520960 0.957964
vt 0.511101 0.962127
vt 0.514522 0.956981
vt 0.763632 0.486530
vt 0.749135 0.487937
vt 0.284613 0.838864
vt 0.284118 0.849859
vt 0.269468 0.850567
vt 0.270444 0.839833
vt 0.257087 0.851846
vt 0.246621 0.852514
vt 0.783374 0.488670
vt 0.770861 0.487971
vt 0.773417 0.479521
vt 0.445532 0.176955
vt 0.450104 0.172225
vt 0.459120 0.181810
vt 0.436111 0.136912
vt 0.444487 0.149003
vt 0.545987 0.028663
vt 0.536877 0.047494
vt 0.283988 0.081111
vt 0.292574 0.066278
vt 0.299776 0.052933
vt 0.312148 0.061407
vt 0.322396 0.068652
vt 0.598894 0.202241
vt 0.849044 0.569984
vt 0.849133 0.581941
vt 0.588600 0.209821
vt 0.592898 0.193532
vt 0.863855 0.617067
vt 0.860369 0.607041
vt 0.850295 0.603178
vt 0.913724 0.708317
vt 0.309972 0.449262
vt 0.306084 0.463607
vt 0.297010 0.477156
vt 0.305147 0.479585
vt 0.303139 0.490147
vt 0.302342 0.504987
vt 0.290932 0.519299
vt 0.299300 0.521868
vt 0.677566 0.813522
vt 0.680015 0.805013
vt 0.718234 0.688573
vt 0.716804 0.682237
vt 0.729076 0.683271
vt 0.198107 0.955335
vt 0.189022 0.953690
vt 0.191560 0.949536
vt 0.201010 0.948848
vt 0.180615 0.950422
vt 0.358166 0.954044
vt 0.356975 0.962987
vt 0.358202 0.942109
vt 0.364511 0.953381
vt 0.361312 0.961744
vt 0.897385 0.523644
vt 0.880250 0.520449
vt 0.227221 0.850613
vt 0.097655 0.443080
vt 0.102964 0.458263
vt 0.772162 0.865355
vt 0.768021 0.851487
vt 0.105444 0.426669
vt 0.104679 0.443536
vt 0.259292 0.122207
vt 0.249944 0.116956
vt 0.257283 0.103315
vt 0.495790 0.070423
vt 0.318810 0.612956
vt 0.308585 0.620859
vt 0.301783 0.612614
vt 0.313578 0.603635
vt 0.327662 0.598558
vt 0.324041 0.622279
vt 0.510447 0.054137
vt 0.520690 0.053005
vt 0.515830 0.061028
vt 0.511224 0.617225
vt 0.521369 0.619343
vt 0.500637 0.620507
vt 0.505330 0.611058
vt 0.515600 0.610290
vt 0.729530 0.936689
vt 0.506799 0.603458
vt 0.496668 0.603752
vt 0.909161 0.865932
vt 0.901724 0.880138
vt 0.912559 0.737682
vt 0.908059 0.880476
vt 0.903943 0.893907
vt 0.909635 0.724366
vt 0.498893 0.257548
vt 0.188991 0.634519
vt 0.187969 0.649055
vt 0.180748 0.631602
vt 0.182219 0.617252
vt 0.504481 0.275288
vt 0.494243 0.273661
vt 0.099714 0.279121
vt 0.110082 0.278652
vt 0.106691 0.295558
vt 0.799064 0.716817
vt 0.791296 0.720123
vt 0.788048 0.710621
vt 0.792985 0.706547
vt 0.799771 0.706265
vt 0.943464 0.460313
vt 0.941009 0.467350
vt 0.938163 0.448727
vt 0.944707 0.451632
vt 0.501812 0.955169
vt 0.344109 0.980597
vt 0.341872 0.977912
vt 0.344629 0.978648
vt 0.346562 0.977528
vt 0.344026 0.983024
vt 0.171471 0.956309
vt 0.350226 0.979219
vt 0.960192 0.103074
vt 0.963346 0.110115
vt 0.957223 0.109235
vt 0.954113 0.101927
vt 0.962983 0.099404
vt 0.956904 0.098256
vt 0.958486 0.091988
vt 0.266600 0.058522
vt 0.258987 0.050354
vt 0.271019 0.053909
vt 0.275865 0.059788
vt 0.476312 0.531427
vt 0.463615 0.538031
vt 0.462925 0.531535
vt 0.475925 0.522918
vt 0.781349 0.924131
vt 0.132138 0.263891
vt 0.126139 0.275288
vt 0.124865 0.260103
vt 0.136712 0.251916
vt 0.764328 0.822255
vt 0.762155 0.835750
vt 0.757792 0.822138
vt 0.753942 0.807913
vt 0.490296 0.588199
vt 0.486064 0.597638
vt 0.556063 0.028259
vt 0.548182 0.040687
vt 0.391288 0.272601
vt 0.378772 0.286295
vt 0.382377 0.264072
vt 0.387743 0.258561
vt 0.396789 0.259205
vt 0.597441 0.256855
vt 0.597062 0.274717
vt 0.777771 0.044405
vt 0.765813 0.044026
vt 0.766412 0.029902
vt 0.788732 0.034830
vt 0.742278 0.235268
vt 0.755889 0.246566
vt 0.759265 0.085787
vt 0.762411 0.072006
vt 0.765219 0.058008
vt 0.229174 0.937260
vt 0.234733 0.927681
vt 0.235643 0.936599
vt 0.928646 0.454501
vt 0.514020 0.968302
vt 0.506234 0.972106
vt 0.507679 0.967272
vt 0.172067 0.951791
vt 0.347690 0.984714
vt 0.353745 0.985584
vt 0.172863 0.946968
vt 0.961439 0.086453
vt 0.954994 0.087450
vt 0.962789 0.080037
vt 0.966519 0.073586
vt 0.960356 0.071459
vt 0.968265 0.064532
vt 0.241451 0.058726
vt 0.247342 0.052991
vt 0.244125 0.046198
vt 0.251042 0.047485
vt 0.130671 0.244898
vt 0.138558 0.236260
vt 0.212165 0.842232
vt 0.932060 0.470029
vt 0.946878 0.468397
vt 0.553841 0.810901
vt 0.555964 0.796450
vt 0.564661 0.795366
vt 0.724091 0.289796
vt 0.728182 0.271188
vt 0.732328 0.287427
vt 0.728113 0.303782
vt 0.313319 0.594263
vt 0.318939 0.589254
vt 0.338816 0.588570
vt 0.583160 0.200994
vt 0.577721 0.192168
vt 0.587063 0.181324
vt 0.413416 0.242824
vt 0.419974 0.248393
vt 0.405964 0.248186
vt 0.411024 0.232248
vt 0.418972 0.239033
vt 0.864737 0.623900
vt 0.854156 0.617351
vt 0.012189 0.903160
vt 0.018138 0.891855
vt 0.020666 0.907390
vt 0.841479 0.608742
vt 0.842493 0.593652
vt 0.711411 0.803894
vt 0.696981 0.796520
vt 0.715960 0.790943
vt 0.188043 0.601155
vt 0.174229 0.614361
vt 0.177579 0.600181
vt 0.117158 0.293901
vt 0.108340 0.311873
vt 0.703183 0.675740
vt 0.701473 0.667448
vt 0.714598 0.665250
vt 0.715309 0.673904
vt 0.953154 0.447787
vt 0.945036 0.445194
vt 0.953477 0.441259
vt 0.509541 0.950813
vt 0.507777 0.955068
vt 0.504753 0.949222
vt 0.510994 0.946443
vt 0.356077 0.972086
vt 0.364035 0.971244
vt 0.358831 0.979934
vt 0.123646 0.240003
vt 0.132618 0.230325
vt 0.906756 0.318013
vt 0.925417 0.323944
vt 0.240491 0.129678
vt 0.223538 0.137803
vt 0.232623 0.125840
vt 0.454458 0.162488
vt 0.983588 0.257201
vt 0.983118 0.272386
vt 0.969985 0.257935
vt 0.979302 0.241390
vt 0.990013 0.239860
vt 0.466069 0.192781
vt 0.101978 0.396307
vt 0.104385 0.413017
vt 0.525882 0.046557
vt 0.527500 0.063012
vt 0.012121 0.123915
vt 0.005035 0.111325
vt 0.015865 0.104896
vt 0.022879 0.117692
vt 0.029822 0.130362
vt 0.018990 0.136790
vt 0.006637 0.145326
vt 0.071415 0.152913
vt 0.406407 0.404933
vt 0.411917 0.393495
vt 0.425255 0.399258
vt 0.373038 0.294899
vt 0.368931 0.277825
vt 0.401187 0.240478
vt 0.912476 0.896845
vt 0.900058 0.910518
vt 0.314534 0.465896
vt 0.315553 0.481684
vt 0.806721 0.740966
vt 0.798767 0.744154
vt 0.799640 0.730444
vt 0.197005 0.943831
vt 0.208851 0.942880
vt 0.168129 0.944018
vt 0.175845 0.942718
vt 0.182634 0.943879
vt 0.366163 0.943431
vt 0.366220 0.931497
vt 0.373718 0.935625
vt 0.371684 0.947211
vt 0.754109 0.837663
vt 0.114815 0.410728
vt 0.115883 0.425860
vt 0.115118 0.442714
vt 0.328143 0.580429
vt 0.346663 0.581311
vt 0.510385 0.068745
vt 0.296592 0.620699
vt 0.285092 0.617122
vt 0.294035 0.607333
vt 0.266062 0.087932
vt 0.273299 0.074217
vt 0.516399 0.661476
vt 0.505847 0.668640
vt 0.498906 0.657064
vt 0.491091 0.646985
vt 0.377208 0.394252
vt 0.364144 0.387818
vt 0.041626 0.018779
vt 0.043534 0.016545
vt 0.043534 0.020487
vt 0.382920 0.382914
vt 0.755239 0.057434
vt 0.755825 0.043601
vt 0.791837 0.733671
vt 0.785640 0.723884
vt 0.622305 0.651395
vt 0.623424 0.666474
vt 0.611808 0.653903
vt 0.619735 0.639009
vt 0.729766 0.675085
vt 0.742019 0.684360
vt 0.730074 0.666877
vt 0.743918 0.665342
vt 0.626557 0.679398
vt 0.614860 0.666547
vt 0.177038 0.936776
vt 0.188208 0.938254
vt 0.504329 0.958448
vt 0.502946 0.963300
vt 0.956157 0.297393
vt 0.957114 0.291995
vt 0.961048 0.297895
vt 0.953881 0.302048
vt 0.370662 0.967631
vt 0.369160 0.978390
vt 0.363059 0.978361
vt 0.912009 0.533931
vt 0.010740 0.747514
vt 0.001329 0.733765
vt 0.011964 0.734439
vt 0.021375 0.748188
vt 0.011773 0.762408
vt 0.897272 0.533767
vt 0.884491 0.531599
vt 0.005034 0.027006
vt 0.006402 0.029506
vt 0.005034 0.030730
vt 0.011243 0.775928
vt 0.020151 0.761263
vt 0.019410 0.775153
vt 0.117373 0.252138
vt 0.739927 0.315671
vt 0.736351 0.301412
vt 0.749862 0.312611
vt 0.744209 0.329578
vt 0.754143 0.326521
vt 0.750722 0.342919
vt 0.366472 0.300445
vt 0.365319 0.292028
vt 0.565426 0.473752
vt 0.562543 0.465765
vt 0.578725 0.462048
vt 0.579767 0.472292
vt 0.380771 0.302332
vt 0.743765 0.810668
vt 0.739021 0.794688
vt 0.332427 0.299770
vt 0.350749 0.292079
vt 0.750855 0.791078
vt 0.490429 0.614078
vt 0.492280 0.631779
vt 0.484191 0.624403
vt 0.475529 0.617097
vt 0.481767 0.606771
vt 0.009327 0.915576
vt 0.016044 0.917329
vt 0.575773 0.213828
vt 0.567290 0.212758
vt 0.572978 0.203844
vt 0.689385 0.206501
vt 0.685278 0.220293
vt 0.681344 0.231802
vt 0.767006 0.015921
vt 0.756425 0.029478
vt 0.757103 0.013499
vt 0.179058 0.648130
vt 0.169013 0.645047
vt 0.770395 0.000053
vt 0.861799 0.241997
vt 0.877506 0.233433
vt 0.614962 0.595319
vt 0.615629 0.609843
vt 0.391091 0.675579
vt 0.376617 0.674706
vt 0.391728 0.665036
vt 0.405733 0.676056
vt 0.847197 0.241651
vt 0.404325 0.665384
vt 0.418272 0.674804
vt 0.833895 0.241997
vt 0.616709 0.624489
vt 0.606353 0.625251
vt 0.506206 0.944852
vt 0.955843 0.311255
vt 0.957286 0.307505
vt 0.962318 0.307278
vt 0.961541 0.311305
vt 0.005382 0.278185
vt 0.005964 0.284507
vt 0.001159 0.282388
vt 0.000319 0.278030
vt 0.953140 0.105935
vt 0.956322 0.080865
vt 0.035147 0.001251
vt 0.037506 0.004467
vt 0.035147 0.007682
vt 0.346083 0.189237
vt 0.353332 0.186475
vt 0.348858 0.192429
vt 0.951112 0.080147
vt 0.953867 0.072103
vt 0.475500 0.539988
vt 0.464009 0.546540
vt 0.450226 0.538149
vt 0.449832 0.529640
vt 0.452159 0.547183
vt 0.438606 0.550082
vt 0.435089 0.541292
vt 0.941054 0.319927
vt 0.012497 0.719803
vt 0.002126 0.721149
vt 0.000661 0.706721
vt 0.010989 0.705381
vt 0.022695 0.718738
vt 0.245206 0.862996
vt 0.255942 0.862361
vt 0.647663 0.098592
vt 0.635161 0.097230
vt 0.649164 0.087954
vt 0.661738 0.087717
vt 0.662280 0.098246
vt 0.228471 0.862996
vt 0.676734 0.097503
vt 0.009141 0.691144
vt 0.212835 0.854151
vt 0.757518 0.355954
vt 0.760412 0.339817
vt 0.797872 0.497921
vt 0.811780 0.507564
vt 0.796940 0.508323
vt 0.782800 0.499058
vt 0.746038 0.298418
vt 0.239823 0.111922
vt 0.247338 0.097963
vt 0.337907 0.571807
vt 0.355760 0.572374
vt 0.363637 0.579899
vt 0.487060 0.639757
vt 0.910088 0.910970
vt 0.922809 0.899550
vt 0.920766 0.913404
vt 0.923175 0.924456
vt 0.318724 0.449430
vt 0.325381 0.466437
vt 0.898235 0.924456
vt 0.312576 0.508520
vt 0.309897 0.524936
vt 0.682353 0.793865
vt 0.770355 0.246963
vt 0.777578 0.245278
vt 0.772752 0.257243
vt 0.757057 0.256851
vt 0.418930 0.664261
vt 0.432911 0.675311
vt 0.820684 0.241318
vt 0.243108 0.926352
vt 0.242115 0.935947
vt 0.929162 0.448330
vt 0.220419 0.942446
vt 0.222791 0.946633
vt 0.204635 0.936257
vt 0.218809 0.933712
vt 0.688415 0.670025
vt 0.686465 0.661785
vt 0.960860 0.443562
vt 0.956241 0.436108
vt 0.961716 0.439020
vt 0.968171 0.442118
vt 0.506764 0.979513
vt 0.177341 0.927428
vt 0.187877 0.929495
vt 0.198979 0.928132
vt 0.369063 0.988476
vt 0.168907 0.936073
vt 0.361977 0.988390
vt 0.001227 0.288110
vt 0.322663 0.340624
vt 0.321247 0.346181
vt 0.318207 0.338548
vt 0.321464 0.333847
vt 0.949633 0.100837
vt 0.316894 0.344316
vt 0.312641 0.340029
vt 0.315280 0.334372
vt 0.950893 0.096797
vt 0.953942 0.092770
vt 0.309023 0.337031
vt 0.039693 0.007555
vt 0.367953 0.958157
vt 0.376876 0.952689
vt 0.126461 0.224616
vt 0.136102 0.214805
vt 0.141867 0.220909
vt 0.270555 0.861088
vt 0.620545 0.097608
vt 0.634597 0.086703
vt 0.786674 0.509603
vt 0.774010 0.499208
vt 0.763994 0.867794
vt 0.111588 0.457838
vt 0.122147 0.459417
vt 0.753329 0.868118
vt 0.759251 0.851347
vt 0.749157 0.853578
vt 0.744015 0.839893
vt 0.968152 0.242700
vt 0.980189 0.226590
vt 0.991037 0.226905
vt 0.452858 0.142489
vt 0.444558 0.130168
vt 0.269526 0.397160
vt 0.263501 0.407170
vt 0.257880 0.390268
vt 0.973764 0.272599
vt 0.961095 0.275288
vt 0.473270 0.599565
vt 0.475652 0.595940
vt 0.281933 0.059310
vt 0.007900 0.090477
vt 0.009786 0.071845
vt 0.018673 0.083947
vt 0.025875 0.096473
vt 0.309692 0.039417
vt 0.320283 0.046462
vt 0.590905 0.242328
vt 0.573660 0.240368
vt 0.455826 0.410273
vt 0.441811 0.404559
vt 0.589801 0.228211
vt 0.602058 0.237757
vt 0.701165 0.785461
vt 0.708053 0.776282
vt 0.719136 0.781479
vt 0.695695 0.193257
vt 0.705135 0.198976
vt 0.700785 0.212545
vt 0.730109 0.796647
vt 0.179013 0.583627
vt 0.189501 0.584279
vt 0.168569 0.582466
vt 0.172173 0.568347
vt 0.893726 0.719590
vt 0.884057 0.707382
vt 0.892923 0.709157
vt 0.919029 0.868669
vt 0.916476 0.883133
vt 0.885672 0.692479
vt 0.313242 0.493407
vt 0.323531 0.496777
vt 0.607087 0.270336
vt 0.616486 0.264682
vt 0.626886 0.274743
vt 0.614162 0.281518
vt 0.625425 0.290653
vt 0.805697 0.756015
vt 0.605257 0.285875
vt 0.792039 0.246249
vt 0.791206 0.258643
vt 0.644152 0.385804
vt 0.661786 0.397995
vt 0.646000 0.397164
vt 0.629843 0.394977
vt 0.431345 0.664865
vt 0.446075 0.663479
vt 0.445319 0.676056
vt 0.808293 0.241007
vt 0.806658 0.246996
vt 0.664510 0.385789
vt 0.673496 0.383994
vt 0.938451 0.442197
vt 0.929450 0.441800
vt 0.937683 0.435424
vt 0.958502 0.302601
vt 0.966287 0.299282
vt 0.963875 0.303785
vt 0.503444 0.954094
vt 0.344012 0.197724
vt 0.348961 0.198469
vt 0.245255 0.039674
vt 0.243795 0.034441
vt 0.250559 0.040369
vt 0.260168 0.044015
vt 0.258842 0.036665
vt 0.271461 0.044473
vt 0.282970 0.860202
vt 0.608155 0.098241
vt 0.607513 0.085680
vt 0.622201 0.087195
vt 0.762587 0.497291
vt 0.760520 0.509603
vt 0.279129 0.603117
vt 0.267087 0.604287
vt 0.278172 0.588995
vt 0.747921 0.498477
vt 0.548411 0.469276
vt 0.531868 0.470689
vt 0.530719 0.460252
vt 0.545069 0.457029
vt 0.749858 0.824473
vt 0.739777 0.826983
vt 0.112582 0.393863
vt 0.125132 0.391682
vt 0.125450 0.408431
vt 0.126534 0.425107
vt 0.415652 0.381016
vt 0.430879 0.387876
vt 0.445676 0.394163
vt 0.240036 0.916539
vt 0.236129 0.905580
vt 0.245325 0.905389
vt 0.248410 0.915200
vt 0.249571 0.925622
vt 0.233597 0.918789
vt 0.958906 0.285395
vt 0.951800 0.289084
vt 0.951674 0.283770
vt 0.952624 0.277714
vt 0.960128 0.279852
vt 0.964972 0.287288
vt 0.269848 0.036821
vt 0.282004 0.039048
vt 0.476223 0.546983
vt 0.466196 0.553660
vt 0.279561 0.049885
vt 0.569719 0.199955
vt 0.571141 0.181711
vt 0.392911 0.249838
vt 0.384576 0.251971
vt 0.387214 0.243698
vt 0.170497 0.630551
vt 0.160452 0.627471
vt 0.163779 0.613265
vt 0.745270 0.056708
vt 0.745658 0.042873
vt 0.744417 0.026704
vt 0.615181 0.712427
vt 0.615081 0.699231
vt 0.623558 0.699811
vt 0.625652 0.713319
vt 0.626020 0.728033
vt 0.615549 0.727140
vt 0.609354 0.639275
vt 0.022181 0.733565
vt 0.032622 0.732990
vt 0.031816 0.747614
vt 0.028606 0.761411
vt 0.593212 0.460573
vt 0.596285 0.470614
vt 0.575774 0.451970
vt 0.592068 0.450136
vt 0.741526 0.282411
vt 0.751532 0.279476
vt 0.020082 0.006546
vt 0.021767 0.009882
vt 0.020082 0.011524
vt 0.419988 0.542697
vt 0.421825 0.553669
vt 0.223611 0.119248
vt 0.229662 0.106972
vt 0.276325 0.610009
vt 0.286289 0.602051
vt 0.298120 0.592943
vt 0.304076 0.599207
vt 0.306655 0.590694
vt 0.311366 0.583727
vt 0.544102 0.055126
vt 0.552051 0.048253
vt 0.794700 0.637387
vt 0.797666 0.647553
vt 0.784916 0.641940
vt 0.780448 0.632338
vt 0.789964 0.627691
vt 0.798976 0.621066
vt 0.256363 0.082106
vt 0.263438 0.068696
vt 0.000162 0.057864
vt 0.009240 0.051322
vt 0.019817 0.063445
vt 0.468486 0.588199
vt 0.558259 0.038536
vt 0.600457 0.121209
vt 0.593061 0.133871
vt 0.598748 0.552163
vt 0.613316 0.554124
vt 0.596681 0.565312
vt 0.581996 0.565962
vt 0.584063 0.552811
vt 0.396680 0.386896
vt 0.567428 0.564001
vt 0.026980 0.898170
vt 0.026272 0.880323
vt 0.033084 0.885917
vt 0.042149 0.892564
vt 0.035577 0.904081
vt 0.693098 0.235820
vt 0.696678 0.226337
vt 0.701077 0.239741
vt 0.362420 0.288302
vt 0.354899 0.282844
vt 0.893726 0.662553
vt 0.889468 0.676520
vt 0.884079 0.663700
vt 0.890328 0.650262
vt 0.326647 0.477926
vt 0.752254 0.071137
vt 0.742278 0.256446
vt 0.604790 0.384720
vt 0.616286 0.391006
vt 0.613644 0.400381
vt 0.739461 0.084518
vt 0.742116 0.070633
vt 0.616067 0.741849
vt 0.605302 0.726058
vt 0.626791 0.740714
vt 0.614409 0.756328
vt 0.604171 0.755155
vt 0.256976 0.926014
vt 0.248583 0.935268
vt 0.947039 0.438125
vt 0.940174 0.430128
vt 0.949854 0.432872
vt 0.961802 0.292724
vt 0.967691 0.295770
vt 0.967985 0.309544
vt 0.969178 0.306058
vt 0.975176 0.309089
vt 0.968599 0.313456
vt 0.008963 0.289232
vt 0.005935 0.290277
vt 0.007440 0.297055
vt 0.004947 0.295781
vt 0.000319 0.295282
vt 0.360235 0.188901
vt 0.307044 0.343254
vt 0.309812 0.346895
vt 0.307322 0.354967
vt 0.303743 0.352352
vt 0.302708 0.343497
vt 0.362356 0.193241
vt 0.354567 0.195326
vt 0.358787 0.196706
vt 0.353079 0.201465
vt 0.381435 0.938728
vt 0.382237 0.959293
vt 0.251505 0.033909
vt 0.244450 0.029467
vt 0.248902 0.028560
vt 0.258585 0.030099
vt 0.021188 0.704315
vt 0.033274 0.720158
vt 0.764078 0.323463
vt 0.770576 0.336810
vt 0.776660 0.350192
vt 0.277290 0.656913
vt 0.261870 0.648143
vt 0.271115 0.645566
vt 0.587846 0.144291
vt 0.581853 0.155758
vt 0.576021 0.153593
vt 0.575718 0.140249
vt 0.579809 0.171652
vt 0.564220 0.170191
vt 0.575182 0.162144
vt 0.712629 0.204370
vt 0.708516 0.215590
vt 0.704478 0.229837
vt 0.683921 0.780640
vt 0.687785 0.770690
vt 0.627238 0.755425
vt 0.625112 0.770310
vt 0.377081 0.664853
vt 0.389832 0.652578
vt 0.612751 0.770807
vt 0.700073 0.659097
vt 0.684056 0.065945
vt 0.681402 0.052943
vt 0.689800 0.049294
vt 0.692270 0.063995
vt 0.695335 0.076906
vt 0.687121 0.078856
vt 0.713200 0.656898
vt 0.958465 0.428995
vt 0.951887 0.425702
vt 0.953719 0.419814
vt 0.960710 0.423597
vt 0.966436 0.425978
vt 0.964963 0.432001
vt 0.971002 0.299750
vt 0.972737 0.296424
vt 0.976289 0.302526
vt 0.171308 0.929167
vt 0.378503 0.986085
vt 0.378256 0.980038
vt 0.684596 0.010302
vt 0.685694 0.004258
vt 0.693605 0.011939
vt 0.683638 0.020699
vt 0.319228 0.353471
vt 0.321997 0.356321
vt 0.316555 0.359858
vt 0.315166 0.350261
vt 0.378948 0.969775
vt 0.387276 0.979853
vt 0.387400 0.985904
vt 0.312345 0.357190
vt 0.720027 0.317682
vt 0.722020 0.339049
vt 0.713967 0.334706
vt 0.711489 0.316119
vt 0.390525 0.961441
vt 0.649267 0.075377
vt 0.663741 0.075301
vt 0.676359 0.087665
vt 0.019680 0.689892
vt 0.346036 0.564865
vt 0.332066 0.565530
vt 0.339741 0.558582
vt 0.250722 0.403873
vt 0.242681 0.399760
vt 0.380494 0.238076
vt 0.396460 0.232738
vt 0.322548 0.527529
vt 0.322833 0.512580
vt 0.333444 0.512872
vt 0.675693 0.771153
vt 0.878691 0.658504
vt 0.135368 0.669362
vt 0.145735 0.668328
vt 0.137159 0.681884
vt 0.117542 0.677845
vt 0.120467 0.669475
vt 0.599106 0.223389
vt 0.607895 0.217099
vt 0.613162 0.230807
vt 0.619042 0.245304
vt 0.609458 0.250948
vt 0.626907 0.259044
vt 0.165499 0.596869
vt 0.153583 0.609988
vt 0.155052 0.595738
vt 0.431625 0.651927
vt 0.444749 0.652795
vt 0.671853 0.394380
vt 0.672581 0.405570
vt 0.783240 0.736828
vt 0.789035 0.748768
vt 0.243219 0.892228
vt 0.253699 0.904051
vt 0.634782 0.270388
vt 0.241563 0.878917
vt 0.252637 0.878784
vt 0.252413 0.891951
vt 0.640205 0.286932
vt 0.632867 0.288021
vt 0.730933 0.658706
vt 0.689230 0.093470
vt 0.679002 0.081176
vt 0.699957 0.090002
vt 0.623373 0.686615
vt 0.634471 0.686782
vt 0.615214 0.685441
vt 0.743288 0.656898
vt 0.711456 0.378874
vt 0.722151 0.367002
vt 0.719484 0.380465
vt 0.027587 0.774503
vt 0.038619 0.775039
vt 0.701320 0.374749
vt 0.714138 0.364366
vt 0.718280 0.351770
vt 0.706124 0.361731
vt 0.710266 0.349135
vt 0.280864 0.031288
vt 0.468403 0.560774
vt 0.454069 0.556224
vt 0.276289 0.618025
vt 0.265067 0.617034
vt 0.256485 0.603717
vt 0.256760 0.589921
vt 0.267966 0.590466
vt 0.267222 0.632114
vt 0.256849 0.632563
vt 0.254748 0.618151
vt 0.899030 0.009702
vt 0.899256 0.024311
vt 0.889230 0.012911
vt 0.888486 0.000659
vt 0.516605 0.463837
vt 0.529689 0.450071
vt 0.136847 0.422339
vt 0.127977 0.443850
vt 0.140205 0.438763
vt 0.895446 0.070658
vt 0.884883 0.073928
vt 0.888951 0.058853
vt 0.136988 0.456481
vt 0.130899 0.460948
vt 0.957190 0.247976
vt 0.956723 0.230585
vt 0.966656 0.225670
vt 0.477756 0.653109
vt 0.483034 0.644839
vt 0.029326 0.913391
vt 0.022499 0.921225
vt 0.013193 0.926628
vt 0.378044 0.256106
vt 0.365355 0.263651
vt 0.363517 0.253476
vt 0.373356 0.246037
vt 0.334187 0.496080
vt 0.255974 0.935870
vt 0.262443 0.935206
vt 0.931565 0.434414
vt 0.931971 0.427819
vt 0.685198 0.031805
vt 0.693845 0.030968
vt 0.679002 0.038230
vt 0.975751 0.305771
vt 0.980777 0.303618
vt 0.980022 0.309748
vt 0.980053 0.312644
vt 0.256697 0.024428
vt 0.268097 0.030994
vt 0.440538 0.559116
vt 0.444136 0.567108
vt 0.426622 0.563048
vt 0.561455 0.455321
vt 0.558182 0.445133
vt 0.238436 0.091310
vt 0.246310 0.076943
vt 0.291755 0.587034
vt 0.045653 0.908888
vt 0.037344 0.919429
vt 0.747282 0.012862
vt 0.736457 0.022170
vt 0.737483 0.010052
vt 0.158573 0.643850
vt 0.148572 0.640628
vt 0.966004 0.279889
vt 0.970560 0.281969
vt 0.970824 0.289932
vt 0.975670 0.289135
vt 0.979152 0.293062
vt 0.977612 0.297832
vt 0.061618 0.980387
vt 0.058861 0.980643
vt 0.062439 0.974251
vt 0.065301 0.982754
vt 0.322663 0.364631
vt 0.319465 0.362028
vt 0.973770 0.314981
vt 0.987333 0.983545
vt 0.981536 0.984635
vt 0.981414 0.980048
vt 0.982172 0.976167
vt 0.987653 0.980106
vt 0.359235 0.202950
vt 0.361521 0.196496
vt 0.361279 0.201460
vt 0.362356 0.206115
vt 0.243204 0.021274
vt 0.247109 0.022669
vt 0.352043 0.206146
vt 0.242629 0.016831
vt 0.247694 0.017466
vt 0.254783 0.018745
vt 0.267127 0.023354
vt 0.278227 0.022450
vt 0.759950 0.309354
vt 0.769925 0.306435
vt 0.774054 0.320543
vt 0.778489 0.334254
vt 0.757590 0.292869
vt 0.764635 0.286457
vt 0.767532 0.295498
vt 0.222349 0.101250
vt 0.001775 0.019085
vt 0.001988 0.000361
vt 0.011920 0.012513
vt 0.009240 0.032819
vt 0.958282 0.261291
vt 0.265976 0.379001
vt 0.257207 0.375436
vt 0.949556 0.263840
vt 0.947390 0.249989
vt 0.302700 0.576193
vt 0.310809 0.568956
vt 0.320854 0.572609
vt 0.464886 0.592227
vt 0.466754 0.609926
vt 0.791730 0.651048
vt 0.789280 0.668745
vt 0.782400 0.657556
vt 0.036997 0.089582
vt 0.034001 0.110802
vt 0.022563 0.935304
vt 0.031515 0.928527
vt 0.286844 0.703473
vt 0.274806 0.697763
vt 0.292383 0.693351
vt 0.296775 0.709347
vt 0.562718 0.189331
vt 0.709970 0.235005
vt 0.706567 0.244907
vt 0.699525 0.252390
vt 0.875425 0.689550
vt 0.873730 0.703704
vt 0.866756 0.688289
vt 0.878905 0.675042
vt 0.870245 0.671633
vt 0.636933 0.726681
vt 0.637266 0.741551
vt 0.637714 0.756262
vt 0.933083 0.420166
vt 0.942608 0.422892
vt 0.693015 0.020360
vt 0.703874 0.022278
vt 0.703228 0.031056
vt 0.704886 0.044844
vt 0.696239 0.045681
vt 0.694585 0.005874
vt 0.704491 0.013697
vt 0.712807 0.305569
vt 0.722151 0.306340
vt 0.701880 0.306981
vt 0.701556 0.298551
vt 0.712484 0.297139
vt 0.388018 0.971569
vt 0.094384 0.265171
vt 0.092349 0.261131
vt 0.097040 0.256433
vt 0.099165 0.258016
vt 0.097936 0.265201
vt 0.095930 0.270661
vt 0.033873 0.705523
vt 0.044305 0.704801
vt 0.043800 0.719559
vt 0.043210 0.734194
vt 0.744384 0.867854
vt 0.739021 0.856479
vt 0.901408 0.039753
vt 0.892163 0.042212
vt 0.889722 0.026870
vt 0.324890 0.562710
vt 0.332569 0.555060
vt 0.241467 0.406447
vt 0.234786 0.399008
vt 0.775274 0.620813
vt 0.770662 0.636886
vt 0.767667 0.624749
vt 0.771853 0.606532
vt 0.278990 0.594572
vt 0.784789 0.616167
vt 0.469765 0.629203
vt 0.459275 0.618198
vt 0.041155 0.123824
vt 0.326177 0.541006
vt 0.323557 0.527560
vt 0.337844 0.538453
vt 0.328798 0.554451
vt 0.495221 0.676672
vt 0.486412 0.665084
vt 0.370178 0.234648
vt 0.378647 0.226222
vt 0.046713 0.878997
vt 0.056002 0.887939
vt 0.050174 0.896652
vt 0.158304 0.581582
vt 0.146281 0.580333
vt 0.151610 0.566237
vt 0.870018 0.715548
vt 0.862402 0.702669
vt 0.629309 0.405417
vt 0.644224 0.407503
vt 0.643498 0.418014
vt 0.628124 0.415693
vt 0.612964 0.409932
vt 0.404332 0.652783
vt 0.389991 0.641423
vt 0.404341 0.640182
vt 0.419030 0.651090
vt 0.418986 0.640526
vt 0.254863 0.914390
vt 0.264057 0.914174
vt 0.704270 0.073073
vt 0.708464 0.086613
vt 0.643673 0.686263
vt 0.645306 0.698862
vt 0.634656 0.699977
vt 0.967295 0.275563
vt 0.969270 0.421694
vt 0.962666 0.418927
vt 0.972737 0.276040
vt 0.976918 0.275644
vt 0.976364 0.282132
vt 0.317059 0.364917
vt 0.988476 0.973607
vt 0.982003 0.971233
vt 0.305336 0.361631
vt 0.302783 0.359312
vt 0.300074 0.357942
vt 0.296173 0.356043
vt 0.093779 0.254321
vt 0.095686 0.248981
vt 0.039648 0.761571
vt 0.050220 0.762905
vt 0.686610 0.381562
vt 0.692955 0.370662
vt 0.697910 0.357700
vt 0.663682 0.064166
vt 0.678707 0.073686
vt 0.032279 0.690679
vt 0.633899 0.074317
vt 0.621343 0.075024
vt 0.633647 0.063778
vt 0.648683 0.062814
vt 0.252427 0.648806
vt 0.246621 0.633609
vt 0.244047 0.618105
vt 0.881839 0.027870
vt 0.878821 0.013065
vt 0.480676 0.634350
vt 0.478840 0.639906
vt 0.582091 0.126387
vt 0.571650 0.122428
vt 0.611250 0.567274
vt 0.611450 0.578467
vt 0.596759 0.577957
vt 0.046384 0.925222
vt 0.041310 0.936892
vt 0.034056 0.944836
vt 0.262841 0.890843
vt 0.262878 0.902063
vt 0.636749 0.713487
vt 0.645378 0.712078
vt 0.982565 0.296096
vt 0.048181 0.983355
vt 0.046336 0.977778
vt 0.048746 0.978990
vt 0.980897 0.300013
vt 0.099257 0.270265
vt 0.101351 0.267443
vt 0.104335 0.266762
vt 0.103276 0.271242
vt 0.101059 0.275288
vt 0.241451 0.011723
vt 0.246610 0.013470
vt 0.091871 0.275288
vt 0.101084 0.261051
vt 0.104372 0.262030
vt 0.252746 0.014851
vt 0.265120 0.017761
vt 0.456276 0.563337
vt 0.472186 0.568681
vt 0.460058 0.571244
vt 0.449124 0.576386
vt 0.042859 0.747478
vt 0.051428 0.748986
vt 0.431394 0.572438
vt 0.416828 0.577732
vt 0.410954 0.567420
vt 0.408963 0.558398
vt 0.608768 0.075244
vt 0.607708 0.067710
vt 0.620603 0.064713
vt 0.543849 0.446675
vt 0.528416 0.437980
vt 0.542748 0.436438
vt 0.018320 0.044777
vt 0.028530 0.057319
vt 0.036919 0.069771
vt 0.027407 0.078029
vt 0.473257 0.671962
vt 0.467097 0.658693
vt 0.460755 0.647627
vt 0.471774 0.642298
vt 0.572190 0.158602
vt 0.571994 0.152047
vt 0.306481 0.699746
vt 0.308073 0.686518
vt 0.317847 0.697758
vt 0.564434 0.158835
vt 0.152271 0.626931
vt 0.143311 0.609193
vt 0.144802 0.594682
vt 0.658736 0.406871
vt 0.658611 0.414796
vt 0.263427 0.923800
vt 0.271949 0.925675
vt 0.270089 0.934333
vt 0.700651 0.060305
vt 0.708022 0.058216
vt 0.945046 0.417578
vt 0.949646 0.411516
vt 0.955422 0.414438
vt 0.980640 0.287076
vt 0.980643 0.282091
vt 0.983242 0.284686
vt 0.080651 0.835502
vt 0.078866 0.838656
vt 0.075528 0.835380
vt 0.077312 0.832226
vt 0.981906 0.291101
vt 0.053304 0.973600
vt 0.053051 0.979786
vt 0.050823 0.972372
vt 0.053278 0.967409
vt 0.058062 0.974199
vt 0.059006 0.966183
vt 0.063387 0.968133
vt 0.099830 0.249734
vt 0.260919 0.367573
vt 0.261294 0.362892
vt 0.264852 0.363098
vt 0.102035 0.257182
vt 0.982538 0.958252
vt 0.982780 0.963400
vt 0.973791 0.962056
vt 0.974688 0.959188
vt 0.981703 0.955463
vt 0.104574 0.274514
vt 0.243108 0.009407
vt 0.250948 0.010074
vt 0.702234 0.344753
vt 0.694972 0.342328
vt 0.699323 0.329001
vt 0.707861 0.330565
vt 0.702139 0.315413
vt 0.019613 0.025883
vt 0.028423 0.038042
vt 0.000162 0.039362
vt 0.135879 0.406138
vt 0.958754 0.214460
vt 0.039693 0.001144
vt 0.039693 0.005122
vt 0.038053 0.001144
vt 0.198612 0.738372
vt 0.199260 0.746743
vt 0.183140 0.750467
vt 0.180330 0.739673
vt 0.249768 0.386407
vt 0.242050 0.384934
vt 0.719057 0.193183
vt 0.710906 0.187613
vt 0.709616 0.767402
vt 0.702369 0.763097
vt 0.722712 0.185454
vt 0.724977 0.194406
vt 0.450248 0.381967
vt 0.434872 0.375477
vt 0.440819 0.366827
vt 0.613080 0.199209
vt 0.619016 0.210275
vt 0.623609 0.225645
vt 0.140539 0.637950
vt 0.142138 0.624149
vt 0.735665 0.042592
vt 0.735411 0.056727
vt 0.872522 0.448261
vt 0.871201 0.462571
vt 0.863998 0.449183
vt 0.873737 0.437247
vt 0.735531 0.031700
vt 0.734145 0.069976
vt 0.603010 0.401564
vt 0.872135 0.477663
vt 0.870732 0.489117
vt 0.862097 0.476583
vt 0.878361 0.467372
vt 0.964848 0.413503
vt 0.958503 0.410992
vt 0.962649 0.406089
vt 0.967615 0.409802
vt 0.981565 0.275563
vt 0.714476 0.016070
vt 0.714312 0.022543
vt 0.713632 0.031933
vt 0.043245 0.982772
vt 0.040072 0.981576
vt 0.041599 0.977031
vt 0.042282 0.972706
vt 0.046515 0.971590
vt 0.691491 0.300439
vt 0.690370 0.294404
vt 0.705935 0.007726
vt 0.700769 0.292464
vt 0.106088 0.271132
vt 0.107989 0.268771
vt 0.110146 0.270720
vt 0.107272 0.274623
vt 0.107437 0.263720
vt 0.276992 0.367228
vt 0.272990 0.364241
vt 0.276210 0.364462
vt 0.278843 0.366943
vt 0.279947 0.368758
vt 0.275075 0.015624
vt 0.271180 0.009278
vt 0.284251 0.007114
vt 0.476312 0.574882
vt 0.463799 0.579170
vt 0.589310 0.440542
vt 0.575108 0.443760
vt 0.586591 0.432497
vt 0.601793 0.439487
vt 0.760834 0.274395
vt 0.557350 0.434869
vt 0.572292 0.433644
vt 0.879342 0.060706
vt 0.883294 0.044468
vt 0.895157 0.054945
vt 0.777606 0.648036
vt 0.767795 0.652529
vt 0.763355 0.642985
vt 0.045488 0.083543
vt 0.054433 0.095427
vt 0.045123 0.103911
vt 0.420823 0.371639
vt 0.565445 0.574685
vt 0.582099 0.576561
vt 0.581143 0.588645
vt 0.564812 0.587981
vt 0.550296 0.585666
vt 0.550757 0.575282
vt 0.355257 0.265879
vt 0.352221 0.259878
vt 0.358888 0.243379
vt 0.875256 0.426347
vt 0.866151 0.435874
vt 0.867039 0.425463
vt 0.874048 0.413779
vt 0.147595 0.653133
vt 0.279330 0.926385
vt 0.277016 0.936978
vt 0.937359 0.413898
vt 0.046468 0.965525
vt 0.050796 0.966181
vt 0.983355 0.281207
vt 0.081039 0.841556
vt 0.087659 0.845733
vt 0.083293 0.847412
vt 0.076938 0.844628
vt 0.076233 0.840004
vt 0.075026 0.838296
vt 0.070903 0.836085
vt 0.036858 0.980497
vt 0.034416 0.976191
vt 0.037079 0.975430
vt 0.079018 0.849312
vt 0.072742 0.849295
vt 0.909233 0.944598
vt 0.915304 0.943257
vt 0.912597 0.947019
vt 0.909891 0.950781
vt 0.072097 0.840635
vt 0.973908 0.984447
vt 0.972709 0.980001
vt 0.974949 0.975955
vt 0.965635 0.976305
vt 0.974427 0.971940
vt 0.972985 0.966903
vt 0.966154 0.971639
vt 0.965560 0.968729
vt 0.965133 0.964598
vt 0.982480 0.966554
vt 0.269525 0.365747
vt 0.266243 0.367351
vt 0.268196 0.361433
vt 0.271604 0.359787
vt 0.248080 0.006426
vt 0.241997 0.006774
vt 0.243499 0.001800
vt 0.927415 0.955559
vt 0.923372 0.950401
vt 0.935172 0.951976
vt 0.255979 0.002237
vt 0.258597 0.005635
vt 0.260833 0.356092
vt 0.265049 0.354653
vt 0.261362 0.012687
vt 0.268194 0.002459
vt 0.463439 0.836400
vt 0.471618 0.848856
vt 0.454624 0.842544
vt 0.451600 0.826643
vt 0.260576 0.658694
vt 0.876639 0.044432
vt 0.875327 0.028102
vt 0.292156 0.570007
vt 0.302274 0.561274
vt 0.319307 0.558566
vt 0.779950 0.675253
vt 0.787883 0.688291
vt 0.775126 0.691421
vt 0.767687 0.680397
vt 0.772511 0.664229
vt 0.714052 0.220295
vt 0.718235 0.206525
vt 0.723185 0.221792
vt 0.059637 0.895755
vt 0.056715 0.903407
vt 0.853364 0.712636
vt 0.855675 0.701198
vt 0.860389 0.687090
vt 0.261835 0.878718
vt 0.272080 0.879612
vt 0.272081 0.890653
vt 0.271513 0.903318
vt 0.915962 0.949439
vt 0.913256 0.953201
vt 0.285583 0.367941
vt 0.282398 0.368297
vt 0.283360 0.365137
vt 0.285847 0.365592
vt 0.289373 0.367086
vt 0.289259 0.362342
vt 0.285636 0.362885
vt 0.286341 0.358354
vt 0.032303 0.969576
vt 0.034990 0.968909
vt 0.039264 0.971161
vt 0.278529 0.362410
vt 0.282968 0.362988
vt 0.918984 0.952953
vt 0.920350 0.946888
vt 0.922005 0.956466
vt 0.111396 0.273738
vt 0.914998 0.954323
vt 0.274694 0.360021
vt 0.278015 0.358548
vt 0.942054 0.249999
vt 0.944706 0.241177
vt 0.280864 0.581099
vt 0.272925 0.588258
vt 0.763915 0.614846
vt 0.758522 0.622116
vt 0.757731 0.615596
vt 0.277803 0.575604
vt 0.227305 0.407170
vt 0.221492 0.403531
vt 0.226532 0.393787
vt 0.233264 0.379719
vt 0.051979 0.116794
vt 0.334586 0.525008
vt 0.343130 0.531868
vt 0.345941 0.541534
vt 0.339143 0.552090
vt 0.320487 0.690331
vt 0.559800 0.151621
vt 0.602639 0.586529
vt 0.592742 0.584555
vt 0.869586 0.654986
vt 0.863989 0.670519
vt 0.857373 0.669025
vt 0.861153 0.652870
vt 0.150825 0.685675
vt 0.148819 0.693120
vt 0.877765 0.644220
vt 0.629764 0.240008
vt 0.633828 0.220570
vt 0.638009 0.233042
vt 0.106003 0.334751
vt 0.116805 0.329446
vt 0.121537 0.342293
vt 0.112876 0.348271
vt 0.636434 0.252631
vt 0.249781 0.865286
vt 0.261771 0.865550
vt 0.374853 0.650828
vt 0.636813 0.770807
vt 0.649336 0.756370
vt 0.374918 0.630275
vt 0.389609 0.628530
vt 0.404250 0.629027
vt 0.652728 0.698519
vt 0.654595 0.712140
vt 0.657273 0.725062
vt 0.648027 0.726989
vt 0.940047 0.406700
vt 0.944908 0.402331
vt 0.105356 0.853771
vt 0.105319 0.864232
vt 0.100465 0.857101
vt 0.951442 0.406219
vt 0.089914 0.851590
vt 0.096149 0.849633
vt 0.094118 0.858966
vt 0.087745 0.860741
vt 0.085841 0.853149
vt 0.039511 0.962222
vt 0.042619 0.963575
vt 0.079553 0.855204
vt 0.913527 0.934899
vt 0.919667 0.937192
vt 0.924714 0.940822
vt 0.268116 0.354998
vt 0.271448 0.353014
vt 0.964300 0.958118
vt 0.965305 0.955698
vt 0.974439 0.954717
vt 0.054247 0.733776
vt 0.063360 0.736154
vt 0.060600 0.748992
vt 0.057553 0.763863
vt 0.452855 0.584318
vt 0.434798 0.580516
vt 0.649108 0.051706
vt 0.663715 0.051090
vt 0.678420 0.052435
vt 0.042902 0.690368
vt 0.055335 0.704439
vt 0.514365 0.443601
vt 0.872967 0.001105
vt 0.872083 0.014239
vt 0.864455 0.000649
vt 0.527429 0.428823
vt 0.541762 0.427281
vt 0.762726 0.668779
vt 0.757377 0.657096
vt 0.433949 0.241957
vt 0.439958 0.252763
vt 0.425525 0.255939
vt 0.457722 0.634320
vt 0.712413 0.248146
vt 0.718654 0.236317
vt 0.721413 0.254210
vt 0.716102 0.265440
vt 0.730022 0.183605
vt 0.729913 0.197645
vt 0.052302 0.916121
vt 0.061219 0.919359
vt 0.056071 0.931012
vt 0.114723 0.688342
vt 0.132497 0.691804
vt 0.114346 0.699189
vt 0.097050 0.698286
vt 0.097117 0.684520
vt 0.098557 0.676476
vt 0.086553 0.684657
vt 0.681047 0.751732
vt 0.688174 0.758222
vt 0.086467 0.668328
vt 0.678412 0.742267
vt 0.688938 0.749783
vt 0.699674 0.756074
vt 0.134104 0.609607
vt 0.135635 0.593737
vt 0.445048 0.644170
vt 0.432033 0.641708
vt 0.444856 0.638309
vt 0.672569 0.414476
vt 0.671639 0.421554
vt 0.422812 0.627328
vt 0.435950 0.635020
vt 0.283567 0.892503
vt 0.282239 0.904983
vt 0.280421 0.914893
vt 0.273010 0.914651
vt 0.048446 0.957340
vt 0.052350 0.957040
vt 0.282249 0.358360
vt 0.282192 0.351426
vt 0.286240 0.351458
vt 0.032666 0.961217
vt 0.036778 0.962668
vt 0.277968 0.351792
vt 0.965372 0.980220
vt 0.960334 0.982898
vt 0.565941 0.964097
vt 0.560745 0.967330
vt 0.559546 0.963170
vt 0.560272 0.960682
vt 0.960304 0.975283
vt 0.930500 0.947109
vt 0.933324 0.936312
vt 0.936618 0.942345
vt 0.973744 0.950578
vt 0.967216 0.952252
vt 0.262808 0.347353
vt 0.267288 0.347584
vt 0.280181 0.001261
vt 0.469517 0.586449
vt 0.458605 0.591549
vt 0.421681 0.587081
vt 0.402234 0.584917
vt 0.397347 0.575585
vt 0.248103 0.603939
vt 0.239455 0.603403
vt 0.240931 0.590827
vt 0.247991 0.589838
vt 0.556366 0.425713
vt 0.200095 0.760378
vt 0.183683 0.760837
vt 0.166779 0.752923
vt 0.164197 0.742720
vt 0.944976 0.225459
vt 0.006163 0.949356
vt 0.020144 0.937850
vt 0.020801 0.945537
vt 0.010286 0.958104
vt 0.036269 0.009503
vt 0.038412 0.011058
vt 0.036269 0.015365
vt 0.215657 0.747563
vt 0.942054 0.214665
vt 0.251006 0.372462
vt 0.243707 0.366042
vt 0.252623 0.356699
vt 0.259060 0.359105
vt 0.564568 0.137573
vt 0.337464 0.689869
vt 0.323790 0.677254
vt 0.338560 0.679184
vt 0.554474 0.134429
vt 0.561146 0.121209
vt 0.726472 0.205754
vt 0.736389 0.207534
vt 0.735049 0.222977
vt 0.853718 0.685743
vt 0.851647 0.651693
vt 0.148777 0.702484
vt 0.131941 0.700976
vt 0.863177 0.462003
vt 0.854747 0.461184
vt 0.855126 0.448461
vt 0.857765 0.435709
vt 0.602000 0.413745
vt 0.612001 0.421750
vt 0.857858 0.487621
vt 0.852736 0.475585
vt 0.710485 0.071256
vt 0.717779 0.068913
vt 0.721759 0.081008
vt 0.715849 0.082682
vt 0.652620 0.685323
vt 0.658678 0.686561
vt 0.288724 0.919220
vt 0.286273 0.928992
vt 0.284386 0.937260
vt 0.928110 0.408363
vt 0.724236 0.025730
vt 0.941588 0.824708
vt 0.950976 0.832851
vt 0.942711 0.835003
vt 0.723502 0.034654
vt 0.721930 0.044976
vt 0.712548 0.044838
vt 0.064331 0.960116
vt 0.059954 0.960064
vt 0.065301 0.952103
vt 0.563438 0.976953
vt 0.558360 0.971847
vt 0.565382 0.973935
vt 0.965073 0.984635
vt 0.274556 0.353164
vt 0.273851 0.344644
vt 0.279066 0.344907
vt 0.691706 0.315408
vt 0.691696 0.328347
vt 0.682342 0.327693
vt 0.681650 0.317283
vt 0.681375 0.308706
vt 0.691447 0.306908
vt 0.681425 0.302259
vt 0.962029 0.819726
vt 0.963381 0.830210
vt 0.957194 0.830794
vt 0.955866 0.820523
vt 0.960459 0.966002
vt 0.564115 0.952731
vt 0.560436 0.955951
vt 0.559327 0.952275
vt 0.958645 0.961775
vt 0.942722 0.947977
vt 0.937772 0.955812
vt 0.951044 0.943872
vt 0.957073 0.950102
vt 0.947046 0.952902
vt 0.685508 0.366200
vt 0.680503 0.378308
vt 0.679771 0.364039
vt 0.691752 0.355192
vt 0.684613 0.352428
vt 0.688589 0.340109
vt 0.778489 0.306073
vt 0.775450 0.292961
vt 0.471821 0.864195
vt 0.479693 0.874950
vt 0.472309 0.879529
vt 0.464437 0.868775
vt 0.457253 0.858159
vt 0.464637 0.853580
vt 0.447449 0.847445
vt 0.442486 0.832929
vt 0.248512 0.659707
vt 0.240713 0.649763
vt 0.771841 0.283213
vt 0.485246 0.883904
vt 0.477861 0.888484
vt 0.585914 0.424034
vt 0.601138 0.431832
vt 0.765808 0.269809
vt 0.150526 0.753863
vt 0.167434 0.762008
vt 0.871009 0.061954
vt 0.859964 0.075544
vt 0.861182 0.061813
vt 0.870073 0.044931
vt 0.296064 0.680375
vt 0.280374 0.687208
vt 0.283759 0.676799
vt 0.287261 0.666317
vt 0.297448 0.669723
vt 0.648769 0.741688
vt 0.658041 0.739760
vt 0.714749 0.057288
vt 0.723186 0.056454
vt 0.056470 0.958520
vt 0.056724 0.950619
vt 0.038434 0.955570
vt 0.041201 0.955642
vt 0.043970 0.955617
vt 0.961335 0.951949
vt 0.565941 0.943913
vt 0.560136 0.948757
vt 0.559928 0.944977
vt 0.960488 0.949783
vt 0.680297 0.338557
vt 0.961706 0.956466
vt 0.229430 0.517206
vt 0.235057 0.517156
vt 0.234075 0.528427
vt 0.223529 0.527223
vt 0.048583 0.775441
vt 0.441078 0.590585
vt 0.200780 0.534254
vt 0.211920 0.536838
vt 0.205893 0.550936
vt 0.195653 0.548557
vt 0.054835 0.719142
vt 0.064057 0.720950
vt 0.028602 0.018338
vt 0.039754 0.030083
vt 0.049569 0.041262
vt 0.039356 0.049691
vt 0.868179 0.028228
vt 0.760857 0.630089
vt 0.754578 0.646024
vt 0.754555 0.631938
vt 0.062119 0.890014
vt 0.066114 0.877928
vt 0.379617 0.223116
vt 0.365378 0.227508
vt 0.574844 0.928324
vt 0.562051 0.936538
vt 0.568974 0.925435
vt 0.068241 0.891974
vt 0.740077 0.185628
vt 0.739981 0.198051
vt 0.644538 0.426851
vt 0.627202 0.427263
vt 0.111671 0.862375
vt 0.116517 0.869510
vt 0.109810 0.872961
vt 0.103104 0.876413
vt 0.098607 0.867693
vt 0.092233 0.869466
vt 0.084528 0.871400
vt 0.081677 0.862738
vt 0.073186 0.856999
vt 0.075424 0.863280
vt 0.921281 0.931187
vt 0.927395 0.933546
vt 0.270406 0.346297
vt 0.264984 0.341878
vt 0.064837 0.115054
vt 0.064835 0.121382
vt 0.061525 0.120849
vt 0.270008 0.340170
vt 0.183388 0.560258
vt 0.192958 0.566114
vt 0.178773 0.569506
vt 0.515764 0.524968
vt 0.507404 0.508424
vt 0.519100 0.510206
vt 0.041732 0.011386
vt 0.043534 0.013825
vt 0.041732 0.015365
vt 0.382706 0.580965
vt 0.236209 0.661696
vt 0.226819 0.652594
vt 0.234963 0.634931
vt 0.861239 0.045033
vt 0.026513 0.935121
vt 0.030730 0.939585
vt 0.025781 0.954332
vt 0.310054 0.552098
vt 0.303779 0.547292
vt 0.210237 0.399060
vt 0.200700 0.399375
vt 0.203667 0.385502
vt 0.217088 0.388098
vt 0.598809 0.590957
vt 0.593391 0.597287
vt 0.579355 0.601936
vt 0.849521 0.700452
vt 0.841546 0.696726
vt 0.844381 0.682844
vt 0.848938 0.668443
vt 0.728852 0.237584
vt 0.740077 0.242902
vt 0.065093 0.936647
vt 0.050529 0.942787
vt 0.659274 0.423930
vt 0.666539 0.431995
vt 0.272320 0.864501
vt 0.285448 0.865549
vt 0.283929 0.879340
vt 0.045430 0.949601
vt 0.299189 0.033291
vt 0.294568 0.027508
vt 0.299484 0.026203
vt 0.304399 0.027471
vt 0.053851 0.951034
vt 0.316261 0.025881
vt 0.315444 0.032505
vt 0.311843 0.026178
vt 0.311927 0.018026
vt 0.314429 0.016696
vt 0.549369 0.972039
vt 0.549050 0.967070
vt 0.925688 0.921584
vt 0.932463 0.926361
vt 0.939265 0.931328
vt 0.551081 0.964921
vt 0.551148 0.960750
vt 0.549743 0.955936
vt 0.564837 0.957928
vt 0.063129 0.775928
vt 0.064935 0.764285
vt 0.672146 0.373172
vt 0.665433 0.367667
vt 0.671652 0.359805
vt 0.677310 0.350132
vt 0.235344 0.617343
vt 0.225591 0.614005
vt 0.230645 0.595789
vt 0.607845 0.061173
vt 0.604591 0.050993
vt 0.616562 0.058298
vt 0.049168 0.062195
vt 0.056861 0.076762
vt 0.222172 0.372332
vt 0.209932 0.375455
vt 0.214343 0.362438
vt 0.224930 0.351413
vt 0.235540 0.358760
vt 0.344810 0.518838
vt 0.338023 0.506474
vt 0.356176 0.513514
vt 0.354717 0.530888
vt 0.349560 0.536988
vt 0.309561 0.675271
vt 0.324353 0.666735
vt 0.337280 0.669959
vt 0.613171 0.588926
vt 0.613316 0.595497
vt 0.355279 0.234876
vt 0.345341 0.242458
vt 0.723460 0.271447
vt 0.728522 0.260103
vt 0.735317 0.266357
vt 0.342327 0.233953
vt 0.352074 0.226393
vt 0.363309 0.220209
vt 0.133642 0.624171
vt 0.122546 0.624402
vt 0.122094 0.609983
vt 0.124589 0.592672
vt 0.137113 0.579388
vt 0.123573 0.575922
vt 0.949119 0.098837
vt 0.935257 0.096482
vt 0.951344 0.083908
vt 0.845433 0.712237
vt 0.857954 0.425412
vt 0.849107 0.437853
vt 0.847531 0.425360
vt 0.132901 0.652071
vt 0.122600 0.651817
vt 0.132038 0.637502
vt 0.861352 0.412703
vt 0.122768 0.637392
vt 0.140254 0.652520
vt 0.599986 0.426212
vt 0.609131 0.435787
vt 0.840024 0.485071
vt 0.842829 0.472383
vt 0.403841 0.615136
vt 0.418019 0.612585
vt 0.434383 0.607264
vt 0.438966 0.619803
vt 0.448010 0.627811
vt 0.732283 0.048455
vt 0.923845 0.842562
vt 0.935063 0.847494
vt 0.924585 0.851318
vt 0.731765 0.060633
vt 0.732394 0.066390
vt 0.725437 0.067773
vt 0.307296 0.026523
vt 0.307080 0.031422
vt 0.303966 0.018637
vt 0.306891 0.017925
vt 0.949647 0.822581
vt 0.958294 0.842459
vt 0.952076 0.844517
vt 0.943327 0.845342
vt 0.289373 0.343637
vt 0.286664 0.343119
vt 0.289029 0.338117
vt 0.284996 0.033281
vt 0.284098 0.027551
vt 0.288372 0.026481
vt 0.290945 0.026511
vt 0.042792 0.947728
vt 0.281318 0.344653
vt 0.283590 0.337729
vt 0.044105 0.117021
vt 0.050327 0.121965
vt 0.046461 0.122392
vt 0.281357 0.339354
vt 0.048366 0.116638
vt 0.052671 0.121775
vt 0.550324 0.952836
vt 0.550872 0.949828
vt 0.565673 0.945687
vt 0.670828 0.346887
vt 0.671503 0.340084
vt 0.672001 0.329078
vt 0.629744 0.050741
vt 0.613689 0.043084
vt 0.618327 0.030375
vt 0.634653 0.035706
vt 0.649117 0.037836
vt 0.449081 0.862852
vt 0.440959 0.854596
vt 0.540850 0.416225
vt 0.555202 0.413761
vt 0.572142 0.414071
vt 0.571951 0.425159
vt 0.585173 0.414854
vt 0.599542 0.413695
vt 0.600475 0.423950
vt 0.485275 0.901408
vt 0.286670 0.563007
vt 0.275132 0.569537
vt 0.277757 0.561228
vt 0.294238 0.556008
vt 0.286272 0.551065
vt 0.295886 0.542686
vt 0.194013 0.405327
vt 0.192542 0.397823
vt 0.747564 0.661588
vt 0.348787 0.551191
vt 0.354834 0.549019
vt 0.463353 0.674948
vt 0.457554 0.678617
vt 0.456803 0.663432
vt 0.063186 0.905357
vt 0.065893 0.897753
vt 0.069142 0.901182
vt 0.574904 0.911729
vt 0.568428 0.915969
vt 0.567913 0.909128
vt 0.068963 0.909000
vt 0.557828 0.930051
vt 0.563961 0.920750
vt 0.572940 0.920232
vt 0.290245 0.659999
vt 0.299269 0.659349
vt 0.085274 0.699031
vt 0.094298 0.710843
vt 0.934600 0.831861
vt 0.919387 0.845070
vt 0.922538 0.830718
vt 0.934203 0.817172
vt 0.697758 0.746964
vt 0.147710 0.712182
vt 0.135075 0.710221
vt 0.124543 0.708386
vt 0.520029 0.600291
vt 0.535307 0.587755
vt 0.534854 0.601057
vt 0.534247 0.612801
vt 0.519420 0.612034
vt 0.110149 0.315816
vt 0.121086 0.311725
vt 0.127742 0.325355
vt 0.290915 0.905906
vt 0.822300 0.320652
vt 0.811237 0.325557
vt 0.809529 0.316434
vt 0.818914 0.312524
vt 0.829706 0.309618
vt 0.293214 0.931600
vt 0.095602 0.878008
vt 0.087236 0.880107
vt 0.079223 0.882384
vt 0.078275 0.873560
vt 0.558617 0.941043
vt 0.563622 0.937013
vt 0.550416 0.941737
vt 0.069783 0.120933
vt 0.069350 0.130009
vt 0.066485 0.130597
vt 0.040973 0.018676
vt 0.038349 0.019206
vt 0.038349 0.014701
vt 0.026012 0.005122
vt 0.024258 0.000781
vt 0.026889 0.000781
vt 0.945150 0.937687
vt 0.946306 0.925658
vt 0.953768 0.929474
vt 0.221095 0.539551
vt 0.217582 0.551362
vt 0.173711 0.769238
vt 0.163762 0.770587
vt 0.151416 0.771588
vt 0.151149 0.762485
vt 0.243558 0.349517
vt 0.865047 0.013735
vt 0.856053 0.016319
vt 0.640741 0.943834
vt 0.649384 0.941195
vt 0.657658 0.955266
vt 0.643993 0.958572
vt 0.443105 0.261565
vt 0.450855 0.245889
vt 0.456687 0.255739
vt 0.458864 0.265821
vt 0.446274 0.270358
vt 0.429547 0.267444
vt 0.417966 0.274150
vt 0.421726 0.283900
vt 0.757426 0.683018
vt 0.747499 0.686222
vt 0.747076 0.676944
vt 0.752940 0.673330
vt 0.749614 0.618171
vt 0.752284 0.624172
vt 0.747960 0.627827
vt 0.744215 0.622431
vt 0.738853 0.612618
vt 0.747597 0.634705
vt 0.839579 0.663996
vt 0.564523 0.601288
vt 0.564233 0.614597
vt 0.549536 0.600345
vt 0.606914 0.046642
vt 0.593187 0.061321
vt 0.593642 0.046524
vt 0.549067 0.613648
vt 0.664701 0.724837
vt 0.666775 0.739359
vt 0.668922 0.754351
vt 0.658602 0.754545
vt 0.730145 0.077953
vt 0.667564 0.687020
vt 0.668855 0.697034
vt 0.660189 0.698202
vt 0.662016 0.711750
vt 0.670755 0.711110
vt 0.827471 0.302148
vt 0.816969 0.303450
vt 0.816474 0.294907
vt 0.098313 0.888324
vt 0.961318 0.936868
vt 0.969270 0.929909
vt 0.243667 0.531068
vt 0.243269 0.541872
vt 0.232982 0.540762
vt 0.966680 0.944424
vt 0.067992 0.749207
vt 0.070754 0.736206
vt 0.076650 0.750064
vt 0.075309 0.763603
vt 0.064610 0.706314
vt 0.074864 0.706414
vt 0.072953 0.721871
vt 0.065276 0.089028
vt 0.349187 0.501262
vt 0.360467 0.495749
vt 0.367454 0.508000
vt 0.363163 0.525765
vt 0.236605 0.341814
vt 0.243501 0.331969
vt 0.252725 0.341250
vt 0.628342 0.439270
vt 0.614936 0.452230
vt 0.598402 0.444339
vt 0.833422 0.474956
vt 0.133710 0.337147
vt 0.138678 0.321264
vt 0.143558 0.334056
vt 0.147760 0.346066
vt 0.778043 0.348271
vt 0.787033 0.334160
vt 0.791039 0.343732
vt 0.802953 0.337846
vt 0.800005 0.329550
vt 0.290147 0.031875
vt 0.291365 0.019242
vt 0.296083 0.018236
vt 0.299067 0.017906
vt 0.540767 0.971394
vt 0.540083 0.968967
vt 0.540329 0.965109
vt 0.274303 0.339991
vt 0.057972 0.120568
vt 0.059296 0.116020
vt 0.058932 0.128752
vt 0.054374 0.128908
vt 0.053974 0.115323
vt 0.540163 0.960292
vt 0.540573 0.956965
vt 0.228424 0.554390
vt 0.203272 0.569166
vt 0.193851 0.576206
vt 0.504140 0.523202
vt 0.493589 0.508530
vt 0.858804 0.030425
vt 0.851303 0.047617
vt 0.848301 0.032331
vt 0.847829 0.019715
vt 0.362888 0.546480
vt 0.069142 0.924659
vt 0.565898 0.880190
vt 0.560743 0.895918
vt 0.556462 0.879274
vt 0.562605 0.872054
vt 0.274806 0.661137
vt 0.282197 0.656110
vt 0.058527 0.948784
vt 0.114545 0.581298
vt 0.927243 0.103376
vt 0.924837 0.092473
vt 0.935011 0.077825
vt 0.942540 0.081873
vt 0.845508 0.447946
vt 0.836026 0.441304
vt 0.835306 0.427357
vt 0.110561 0.653737
vt 0.112353 0.639727
vt 0.111522 0.623133
vt 0.845177 0.460447
vt 0.834329 0.458143
vt 0.647335 0.436743
vt 0.673496 0.443332
vt 0.657927 0.445935
vt 0.645907 0.450134
vt 0.660083 0.769043
vt 0.386651 0.618389
vt 0.371766 0.610225
vt 0.386245 0.608000
vt 0.932397 0.837274
vt 0.943812 0.855687
vt 0.935597 0.857836
vt 0.927317 0.859924
vt 0.305598 0.008889
vt 0.310806 0.008298
vt 0.964480 0.841876
vt 0.959232 0.855688
vt 0.952736 0.854852
vt 0.670125 0.304762
vt 0.670015 0.310921
vt 0.922929 0.105855
vt 0.929578 0.108113
vt 0.930923 0.118501
vt 0.924519 0.119160
vt 0.965429 0.855223
vt 0.671677 0.319441
vt 0.937734 0.109008
vt 0.946264 0.110572
vt 0.939781 0.119266
vt 0.549834 0.945466
vt 0.541734 0.949247
vt 0.072939 0.131558
vt 0.075544 0.140190
vt 0.071450 0.139957
vt 0.666208 0.040845
vt 0.666762 0.030523
vt 0.681178 0.032952
vt 0.066156 0.691895
vt 0.521127 0.494517
vt 0.507897 0.492747
vt 0.509570 0.477848
vt 0.059703 0.032737
vt 0.223386 0.633515
vt 0.210204 0.646971
vt 0.210746 0.632342
vt 0.212628 0.614989
vt 0.463274 0.881187
vt 0.467870 0.893153
vt 0.456327 0.897217
vt 0.450764 0.883394
vt 0.456265 0.873468
vt 0.442388 0.871655
vt 0.060502 0.055348
vt 0.068195 0.069916
vt 0.569842 0.402920
vt 0.586430 0.403645
vt 0.600630 0.401560
vt 0.656614 0.936637
vt 0.667776 0.950546
vt 0.666130 0.961588
vt 0.523905 0.415308
vt 0.529458 0.406264
vt 0.016336 0.969332
vt 0.030730 0.965348
vt 0.349318 0.939821
vt 0.334671 0.939393
vt 0.348202 0.927788
vt 0.363636 0.936708
vt 0.005378 0.976953
vt 0.203246 0.771078
vt 0.218963 0.778816
vt 0.206905 0.780795
vt 0.195055 0.784404
vt 0.191396 0.774686
vt 0.185874 0.766893
vt 0.216066 0.756060
vt 0.353681 0.676621
vt 0.353044 0.683253
vt 0.356197 0.667790
vt 0.611226 0.604320
vt 0.572765 0.896802
vt 0.558075 0.914576
vt 0.551506 0.906066
vt 0.542860 0.899039
vt 0.550550 0.888253
vt 0.835563 0.678563
vt 0.936697 0.050847
vt 0.934834 0.065388
vt 0.925533 0.050894
vt 0.831138 0.658019
vt 0.842681 0.648497
vt 0.111708 0.705296
vt 0.119470 0.715463
vt 0.106658 0.713876
vt 0.922139 0.816029
vt 0.910474 0.829575
vt 0.911603 0.817158
vt 0.915919 0.807707
vt 0.924339 0.803582
vt 0.934699 0.804372
vt 0.919878 0.854807
vt 0.917299 0.861540
vt 0.910248 0.859143
vt 0.298424 0.009294
vt 0.303391 0.009493
vt 0.070903 0.883278
vt 0.082421 0.892560
vt 0.937530 0.919176
vt 0.936050 0.904400
vt 0.945097 0.909860
vt 0.953270 0.916228
vt 0.974260 0.120181
vt 0.978233 0.128271
vt 0.970109 0.131085
vt 0.967124 0.122519
vt 0.666362 0.351997
vt 0.432756 0.858150
vt 0.431603 0.842998
vt 0.178153 0.776363
vt 0.851641 0.063071
vt 0.841214 0.048435
vt 0.743204 0.646158
vt 0.793642 0.042692
vt 0.787868 0.027257
vt 0.796503 0.026462
vt 0.804189 0.035799
vt 0.811070 0.046933
vt 0.802089 0.053299
vt 0.795060 0.061260
vt 0.787553 0.054633
vt 0.339691 0.661099
vt 0.344383 0.652402
vt 0.606914 0.108301
vt 0.591763 0.120132
vt 0.597851 0.105447
vt 0.606987 0.612876
vt 0.552241 0.923606
vt 0.311508 0.663143
vt 0.313277 0.652759
vt 0.325146 0.656232
vt 0.922545 0.788850
vt 0.916216 0.801821
vt 0.913715 0.796884
vt 0.910576 0.791716
vt 0.912248 0.784001
vt 0.925545 0.774466
vt 0.960307 0.561650
vt 0.946282 0.557540
vt 0.948584 0.545530
vt 0.934699 0.772917
vt 0.934496 0.791733
vt 0.924646 0.077963
vt 0.945229 0.067313
vt 0.936287 0.548865
vt 0.930438 0.558558
vt 0.924059 0.548780
vt 0.927955 0.541200
vt 0.797128 0.319579
vt 0.795707 0.308495
vt 0.806244 0.306591
vt 0.677810 0.695108
vt 0.675389 0.685979
vt 0.667326 0.828294
vt 0.667904 0.819101
vt 0.677572 0.828060
vt 0.666041 0.841100
vt 0.681356 0.707820
vt 0.805475 0.298069
vt 0.804156 0.286932
vt 0.814677 0.285802
vt 0.089784 0.891851
vt 0.062093 0.129247
vt 0.065730 0.137404
vt 0.062209 0.138454
vt 0.214630 0.565697
vt 0.207895 0.578745
vt 0.493656 0.522345
vt 0.483123 0.507660
vt 0.216188 0.601964
vt 0.219341 0.588995
vt 0.178616 0.404196
vt 0.182078 0.397458
vt 0.186551 0.392435
vt 0.193411 0.390092
vt 0.433453 0.277998
vt 0.449195 0.280391
vt 0.436512 0.288056
vt 0.471733 0.252756
vt 0.476945 0.260228
vt 0.462979 0.273949
vt 0.800224 0.070542
vt 0.788855 0.066963
vt 0.739017 0.629236
vt 0.550179 0.940667
vt 0.544591 0.934221
vt 0.538029 0.927074
vt 0.545065 0.917074
vt 0.952390 0.868762
vt 0.943641 0.869580
vt 0.934107 0.869999
vt 0.093835 0.901969
vt 0.288019 0.018512
vt 0.287321 0.009961
vt 0.291364 0.010085
vt 0.296170 0.009773
vt 0.044318 0.132230
vt 0.048101 0.131522
vt 0.048336 0.138411
vt 0.045917 0.139546
vt 0.052197 0.131019
vt 0.052180 0.137889
vt 0.427633 0.912316
vt 0.427932 0.907807
vt 0.434016 0.911045
vt 0.434346 0.913122
vt 0.433892 0.917256
vt 0.427203 0.916486
vt 0.054307 0.137603
vt 0.662584 0.340060
vt 0.957339 0.120456
vt 0.965663 0.117021
vt 0.960132 0.136224
vt 0.948767 0.120652
vt 0.950941 0.133077
vt 0.940536 0.133549
vt 0.931893 0.132610
vt 0.807744 0.064558
vt 0.813929 0.075911
vt 0.806312 0.081946
vt 0.270032 0.557351
vt 0.278547 0.547188
vt 0.794296 0.076532
vt 0.593659 0.606876
vt 0.602540 0.091010
vt 0.589480 0.090400
vt 0.591274 0.075853
vt 0.605925 0.076303
vt 0.916824 0.541115
vt 0.916775 0.546178
vt 0.909091 0.541041
vt 0.912455 0.535833
vt 0.739966 0.261556
vt 0.822312 0.475431
vt 0.823787 0.459165
vt 0.154467 0.329895
vt 0.159362 0.342866
vt 0.784144 0.322407
vt 0.925845 0.872161
vt 0.685517 0.825702
vt 0.686234 0.838394
vt 0.676288 0.840867
vt 0.304736 0.000957
vt 0.433069 0.898130
vt 0.438266 0.902248
vt 0.436700 0.903666
vt 0.433189 0.906135
vt 0.316261 0.003973
vt 0.313445 0.009043
vt 0.541258 0.952221
vt 0.533949 0.953619
vt 0.012804 0.008963
vt 0.009309 0.002544
vt 0.012804 0.000179
vt 0.002160 0.034336
vt 0.003841 0.028452
vt 0.003841 0.034571
vt 0.961797 0.922604
vt 0.960697 0.906696
vt 0.253979 0.544318
vt 0.262628 0.556968
vt 0.251862 0.555730
vt 0.256462 0.538540
vt 0.976526 0.136460
vt 0.908487 0.936637
vt 0.897563 0.946313
vt 0.897618 0.934778
vt 0.960424 0.146862
vt 0.951817 0.146379
vt 0.239402 0.554203
vt 0.239195 0.569115
vt 0.228167 0.569110
vt 0.078105 0.737506
vt 0.898297 0.958536
vt 0.885278 0.959790
vt 0.885006 0.947870
vt 0.908374 0.951891
vt 0.909091 0.960896
vt 0.495233 0.493627
vt 0.495756 0.478005
vt 0.197940 0.380305
vt 0.191354 0.385326
vt 0.188265 0.379992
vt 0.202588 0.370615
vt 0.371074 0.543045
vt 0.377131 0.526354
vt 0.383089 0.539403
vt 0.379594 0.555698
vt 0.343477 0.226733
vt 0.905004 0.535940
vt 0.899910 0.543372
vt 0.893874 0.535829
vt 0.350316 0.218219
vt 0.131936 0.719566
vt 0.146392 0.721997
vt 0.131248 0.728639
vt 0.118508 0.727470
vt 0.835475 0.644382
vt 0.928478 0.036385
vt 0.919207 0.036281
vt 0.146107 0.731994
vt 0.111001 0.610332
vt 0.101128 0.624677
vt 0.100616 0.611935
vt 0.108627 0.594631
vt 0.116092 0.592699
vt 0.107130 0.580823
vt 0.919768 0.103447
vt 0.576624 0.075403
vt 0.578537 0.060870
vt 0.578992 0.046075
vt 0.103695 0.724443
vt 0.091071 0.721649
vt 0.082787 0.720381
vt 0.629409 0.452269
vt 0.649254 0.462914
vt 0.631274 0.464312
vt 0.415127 0.599475
vt 0.429590 0.595796
vt 0.448698 0.603525
vt 0.669042 0.464687
vt 0.660677 0.464923
vt 0.453265 0.614577
vt 0.133585 0.307431
vt 0.146085 0.303137
vt 0.151216 0.317085
vt 0.672051 0.723747
vt 0.683918 0.721860
vt 0.652784 0.852328
vt 0.664404 0.853867
vt 0.663830 0.866080
vt 0.686300 0.735675
vt 0.675512 0.738994
vt 0.652849 0.866880
vt 0.652266 0.879092
vt 0.677486 0.751374
vt 0.067676 0.138300
vt 0.068150 0.146839
vt 0.065107 0.146265
vt 0.224346 0.576262
vt 0.480847 0.523314
vt 0.469584 0.509484
vt 0.870055 0.959344
vt 0.885248 0.966976
vt 0.869846 0.967683
vt 0.856967 0.960023
vt 0.871903 0.947983
vt 0.599299 0.038196
vt 0.199910 0.589486
vt 0.200909 0.600091
vt 0.604025 0.026699
vt 0.623066 0.018910
vt 0.637368 0.022584
vt 0.218360 0.663252
vt 0.207061 0.662358
vt 0.196588 0.648062
vt 0.198659 0.630522
vt 0.511243 0.462947
vt 0.071703 0.048286
vt 0.553902 0.402747
vt 0.540051 0.407772
vt 0.541137 0.400143
vt 0.555360 0.392348
vt 0.572013 0.392646
vt 0.186444 0.371128
vt 0.904968 0.365257
vt 0.909942 0.354046
vt 0.918875 0.369893
vt 0.914526 0.382939
vt 0.206084 0.357689
vt 0.673591 0.961143
vt 0.528504 0.398900
vt 0.151700 0.780953
vt 0.166084 0.779815
vt 0.166490 0.788445
vt 0.151725 0.790060
vt 0.660237 0.894845
vt 0.669478 0.894094
vt 0.664187 0.909113
vt 0.843207 0.064003
vt 0.178696 0.787870
vt 0.173420 0.401982
vt 0.164429 0.399494
vt 0.177390 0.395349
vt 0.328261 0.644538
vt 0.911329 0.806981
vt 0.911781 0.798176
vt 0.924441 0.063457
vt 0.912531 0.076049
vt 0.915170 0.063556
vt 0.916284 0.048722
vt 0.594097 0.031729
vt 0.579445 0.031278
vt 0.115992 0.297893
vt 0.129662 0.292780
vt 0.663875 0.880713
vt 0.652312 0.893726
vt 0.681475 0.765808
vt 0.675383 0.853060
vt 0.294948 0.001684
vt 0.298216 0.002934
vt 0.300044 0.002438
vt 0.059092 0.137855
vt 0.058235 0.146389
vt 0.054937 0.145943
vt 0.854257 0.969270
vt 0.841485 0.961115
vt 0.856054 0.948528
vt 0.666964 0.936057
vt 0.655919 0.924218
vt 0.666152 0.921568
vt 0.678917 0.933311
vt 0.679729 0.947800
vt 0.673261 0.906300
vt 0.675407 0.921023
vt 0.235424 0.331164
vt 0.231246 0.336171
vt 0.326384 0.933174
vt 0.320118 0.935094
vt 0.316888 0.929027
vt 0.325670 0.928596
vt 0.335817 0.928889
vt 0.334747 0.916854
vt 0.347132 0.915752
vt 0.218369 0.347003
vt 0.303144 0.939821
vt 0.301665 0.928199
vt 0.310448 0.927813
vt 0.313612 0.934310
vt 0.227244 0.339120
vt 0.743043 0.669151
vt 0.738853 0.680108
vt 0.791498 0.019382
vt 0.795741 0.009225
vt 0.799145 0.019286
vt 0.114702 0.738751
vt 0.101644 0.736309
vt 0.945323 0.571977
vt 0.954779 0.571421
vt 0.909684 0.774830
vt 0.903439 0.786975
vt 0.894352 0.784018
vt 0.949012 0.586119
vt 0.931660 0.573123
vt 0.664094 0.474074
vt 0.653296 0.473335
vt 0.325417 0.709134
vt 0.328333 0.721251
vt 0.311249 0.722512
vt 0.635942 0.475032
vt 0.400635 0.603653
vt 0.397310 0.593627
vt 0.411928 0.589408
vt 0.781621 0.312054
vt 0.780048 0.300989
vt 0.793323 0.299825
vt 0.959217 0.867992
vt 0.957765 0.883002
vt 0.951671 0.881842
vt 0.940933 0.882563
vt 0.792042 0.288722
vt 0.791159 0.278180
vt 0.803304 0.276384
vt 0.083437 0.904351
vt 0.073017 0.905250
vt 0.951458 0.901681
vt 0.943328 0.895256
vt 0.960082 0.890790
vt 0.942416 0.147013
vt 0.931383 0.145376
vt 0.924602 0.146466
vt 0.925166 0.131776
vt 0.857314 0.936002
vt 0.872613 0.935407
vt 0.885598 0.936252
vt 0.651712 0.026245
vt 0.640008 0.012381
vt 0.655437 0.016347
vt 0.200100 0.612718
vt 0.187948 0.625961
vt 0.735930 0.707102
vt 0.750110 0.720449
vt 0.733036 0.719217
vt 0.189654 0.608776
vt 0.188951 0.598091
vt 0.497429 0.463104
vt 0.365142 0.475506
vt 0.375607 0.467722
vt 0.383263 0.481744
vt 0.372214 0.487708
vt 0.927439 0.389880
vt 0.293088 0.924124
vt 0.302765 0.911296
vt 0.305735 0.920686
vt 0.039806 0.020618
vt 0.042254 0.020618
vt 0.040272 0.024328
vt 0.196878 0.796138
vt 0.181959 0.799105
vt 0.378489 0.502012
vt 0.389728 0.520633
vt 0.182091 0.388032
vt 0.470488 0.280910
vt 0.487843 0.286346
vt 0.473399 0.291566
vt 0.454018 0.291386
vt 0.292082 0.651366
vt 0.282195 0.646668
vt 0.286271 0.635268
vt 0.300312 0.647292
vt 0.538405 0.941101
vt 0.531107 0.935804
vt 0.523922 0.929616
vt 0.529667 0.920890
vt 0.536406 0.910063
vt 0.302108 0.633697
vt 0.315707 0.641093
vt 0.915713 0.551474
vt 0.918406 0.560741
vt 0.906618 0.554117
vt 0.907603 0.547321
vt 0.525838 0.904630
vt 0.822695 0.441106
vt 0.097241 0.488405
vt 0.098519 0.505123
vt 0.085138 0.490624
vt 0.096310 0.473582
vt 0.822312 0.426275
vt 0.664241 0.893420
vt 0.383493 0.597801
vt 0.379056 0.586342
vt 0.446863 0.904552
vt 0.446412 0.907396
vt 0.444934 0.911654
vt 0.534005 0.975136
vt 0.965429 0.867854
vt 0.433486 0.920128
vt 0.444404 0.916088
vt 0.444776 0.920314
vt 0.434891 0.921764
vt 0.429952 0.923258
vt 0.533446 0.958119
vt 0.436935 0.928883
vt 0.432966 0.933657
vt 0.434844 0.926404
vt 0.445402 0.926040
vt 0.445845 0.927967
vt 0.436436 0.933422
vt 0.071783 0.148528
vt 0.886660 0.926144
vt 0.669657 0.020384
vt 0.673270 0.008699
vt 0.842866 0.948456
vt 0.483518 0.491980
vt 0.483609 0.477057
vt 0.437884 0.887934
vt 0.444586 0.901408
vt 0.427199 0.894427
vt 0.432201 0.875072
vt 0.504389 0.439731
vt 0.488770 0.428888
vt 0.506662 0.427872
vt 0.420864 0.882434
vt 0.422954 0.862552
vt 0.390852 0.495800
vt 0.816725 0.058193
vt 0.827176 0.054278
vt 0.821804 0.069724
vt 0.423715 0.295740
vt 0.428212 0.308345
vt 0.413972 0.318277
vt 0.799170 0.001001
vt 0.821060 0.010873
vt 0.810159 0.014729
vt 0.787561 0.002765
vt 0.896306 0.553214
vt 0.543812 0.879877
vt 0.554040 0.871922
vt 0.331463 0.632869
vt 0.347613 0.641864
vt 0.584804 0.102823
vt 0.362356 0.646365
vt 0.580112 0.117315
vt 0.569783 0.113082
vt 0.574459 0.100659
vt 0.085972 0.475942
vt 0.150809 0.404327
vt 0.161181 0.403893
vt 0.159070 0.420297
vt 0.147026 0.420299
vt 0.098391 0.655570
vt 0.100354 0.639082
vt 0.144619 0.434344
vt 0.157814 0.434492
vt 0.142054 0.448362
vt 0.613629 0.466367
vt 0.601183 0.465505
vt 0.599118 0.455732
vt 0.162798 0.313813
vt 0.166049 0.326623
vt 0.169220 0.339812
vt 0.694262 0.837941
vt 0.704457 0.835767
vt 0.703581 0.850513
vt 0.695292 0.850552
vt 0.685144 0.851983
vt 0.965182 0.038412
vt 0.964535 0.034512
vt 0.972659 0.035170
vt 0.973315 0.037887
vt 0.027049 0.016228
vt 0.029449 0.009542
vt 0.029449 0.016645
vt 0.061446 0.147016
vt 0.965635 0.009162
vt 0.964212 0.006048
vt 0.972363 0.006088
vt 0.973785 0.009203
vt 0.965141 0.011913
vt 0.951304 0.156066
vt 0.892849 0.913573
vt 0.886014 0.915354
vt 0.937695 0.158701
vt 0.932391 0.159299
vt 0.601793 0.389434
vt 0.585916 0.391649
vt 0.587111 0.379523
vt 0.480368 0.095626
vt 0.464477 0.086581
vt 0.481231 0.085104
vt 0.473411 0.441741
vt 0.475235 0.431429
vt 0.574286 0.380677
vt 0.448514 0.099435
vt 0.450002 0.087277
vt 0.172425 0.392503
vt 0.179053 0.382999
vt 0.905970 0.795917
vt 0.904805 0.046970
vt 0.153649 0.748378
vt 0.142686 0.743564
vt 0.933413 0.586563
vt 0.918821 0.584333
vt 0.918426 0.573143
vt 0.910988 0.102916
vt 0.098391 0.580521
vt 0.099952 0.596959
vt 0.141643 0.475239
vt 0.141121 0.460710
vt 0.150747 0.475006
vt 0.902230 0.104994
vt 0.902357 0.090482
vt 0.912722 0.090559
vt 0.902166 0.076186
vt 0.080253 0.734158
vt 0.090779 0.733781
vt 0.088549 0.743901
vt 0.007067 0.395647
vt 0.000626 0.380514
vt 0.013299 0.388382
vt 0.024361 0.394268
vt 0.898407 0.828478
vt 0.890469 0.813149
vt 0.899536 0.816060
vt 0.909345 0.841992
vt 0.101173 0.745540
vt 0.902523 0.805275
vt 0.576231 0.088175
vt 0.565558 0.099043
vt 0.562943 0.090149
vt 0.564903 0.075042
vt 0.140521 0.288581
vt 0.158614 0.298934
vt 0.675901 0.865762
vt 0.289547 0.002038
vt 0.966011 0.029649
vt 0.965074 0.025329
vt 0.973224 0.025370
vt 0.973768 0.028112
vt 0.972597 0.032375
vt 0.964212 0.032562
vt 0.043869 0.148528
vt 0.045981 0.147735
vt 0.965084 0.023352
vt 0.973234 0.023393
vt 0.048635 0.146660
vt 0.964618 0.020595
vt 0.972769 0.020636
vt 0.052686 0.146185
vt 0.964638 0.016642
vt 0.972789 0.016683
vt 0.964648 0.014665
vt 0.972799 0.014706
vt 0.250150 0.567106
vt 0.261655 0.570856
vt 0.252352 0.578745
vt 0.682209 0.960164
vt 0.690071 0.947115
vt 0.691133 0.961588
vt 0.407011 0.097696
vt 0.408514 0.088797
vt 0.421662 0.099689
vt 0.527341 0.390241
vt 0.542016 0.391210
vt 0.331863 0.907806
vt 0.344248 0.906705
vt 0.358869 0.904416
vt 0.220802 0.790653
vt 0.210112 0.802820
vt 0.208728 0.792529
vt 0.360587 0.926687
vt 0.195223 0.805727
vt 0.154825 0.801982
vt 0.142718 0.805222
vt 0.684917 0.903935
vt 0.460696 0.301400
vt 0.440002 0.299352
vt 0.314647 0.923228
vt 0.164592 0.391356
vt 0.167189 0.384176
vt 0.810099 0.028249
vt 0.820991 0.038988
vt 0.533315 0.889853
vt 0.384383 0.104327
vt 0.368502 0.099267
vt 0.386314 0.089949
vt 0.399269 0.101935
vt 0.533066 0.874653
vt 0.543789 0.869127
vt 0.426986 0.585559
vt 0.018778 0.806225
vt 0.020325 0.816761
vt 0.005367 0.820198
vt 0.003674 0.807960
vt 0.444081 0.591620
vt 0.675762 0.880399
vt 0.685508 0.878812
vt 0.675356 0.892620
vt 0.180149 0.337013
vt 0.176898 0.324203
vt 0.189694 0.321621
vt 0.190556 0.335439
vt 0.193723 0.348271
vt 0.789660 0.265645
vt 0.778043 0.277687
vt 0.215749 0.344429
vt 0.202995 0.333740
vt 0.213439 0.332438
vt 0.424355 0.524728
vt 0.422534 0.512680
vt 0.434968 0.511153
vt 0.274008 0.567328
vt 0.273278 0.576675
vt 0.922929 0.158512
vt 0.716820 0.835366
vt 0.717886 0.848034
vt 0.711877 0.848539
vt 0.710811 0.835871
vt 0.963960 0.883483
vt 0.899393 0.926521
vt 0.238214 0.577640
vt 0.458305 0.509471
vt 0.458166 0.523287
vt 0.447634 0.510285
vt 0.458698 0.493791
vt 0.469978 0.493804
vt 0.468818 0.522487
vt 0.471853 0.478386
vt 0.718318 0.717446
vt 0.731773 0.729726
vt 0.717095 0.729667
vt 0.881916 0.554413
vt 0.869734 0.552857
vt 0.883483 0.539383
vt 0.608586 0.014798
vt 0.401562 0.516441
vt 0.400870 0.533437
vt 0.392462 0.536282
vt 0.398136 0.547313
vt 0.446420 0.311280
vt 0.432363 0.319415
vt 0.831401 0.065659
vt 0.836682 0.077100
vt 0.827284 0.080622
vt 0.821847 0.026089
vt 0.833749 0.036150
vt 0.904040 0.341452
vt 0.916218 0.342913
vt 0.922026 0.356997
vt 0.895348 0.798678
vt 0.156219 0.448653
vt 0.152425 0.462907
vt 0.288842 0.625719
vt 0.125797 0.565941
vt 0.111689 0.560996
vt 0.116010 0.552015
vt 0.126876 0.554482
vt 0.304538 0.622030
vt 0.127923 0.740205
vt 0.127960 0.751539
vt 0.114519 0.748845
vt 0.135204 0.274833
vt 0.124321 0.279059
vt 0.567271 0.045714
vt 0.565278 0.060236
vt 0.216763 0.689848
vt 0.216812 0.698403
vt 0.203682 0.684989
vt 0.222791 0.683548
vt 0.712587 0.862582
vt 0.704571 0.863208
vt 0.696284 0.863226
vt 0.228834 0.323997
vt 0.229891 0.328370
vt 0.220358 0.326545
vt 0.219452 0.323804
vt 0.220425 0.321016
vt 0.228711 0.321867
vt 0.444544 0.913877
vt 0.219910 0.319176
vt 0.228748 0.319746
vt 0.444939 0.923249
vt 0.229218 0.312734
vt 0.228990 0.315706
vt 0.220335 0.314298
vt 0.218360 0.311307
vt 0.229701 0.310006
vt 0.169067 0.799856
vt 0.181858 0.809309
vt 0.169619 0.811363
vt 0.420911 0.088001
vt 0.542513 0.379640
vt 0.317371 0.912481
vt 0.323933 0.919605
vt 0.906144 0.564205
vt 0.899285 0.577275
vt 0.327289 0.099413
vt 0.330623 0.085145
vt 0.344412 0.092202
vt 0.341336 0.103579
vt 0.514628 0.941101
vt 0.085211 0.507262
vt 0.098592 0.521761
vt 0.086846 0.523949
vt 0.075010 0.526087
vt 0.073456 0.509393
vt 0.035054 0.814424
vt 0.050165 0.812747
vt 0.051812 0.824992
vt 0.036701 0.826668
vt 0.033385 0.803906
vt 0.685587 0.893229
vt 0.068508 0.835072
vt 0.068363 0.847054
vt 0.053396 0.836738
vt 0.066923 0.823315
vt 0.695674 0.880124
vt 0.684157 0.866496
vt 0.204088 0.346748
vt 0.778958 0.291046
vt 0.980502 0.032198
vt 0.980736 0.034073
vt 0.981002 0.036032
vt 0.230276 0.332907
vt 0.219966 0.331966
vt 0.220049 0.329424
vt 0.230474 0.331017
vt 0.023047 0.021767
vt 0.021178 0.021767
vt 0.021178 0.014289
vt 0.446863 0.931646
vt 0.437183 0.935979
vt 0.119760 0.200311
vt 0.120359 0.203348
vt 0.110401 0.202018
vt 0.109363 0.200072
vt 0.119788 0.199129
vt 0.972852 0.004173
vt 0.872744 0.916402
vt 0.871732 0.926862
vt 0.858606 0.925315
vt 0.857470 0.914647
vt 0.870850 0.907919
vt 0.883371 0.907044
vt 0.844528 0.936187
vt 0.854828 0.489583
vt 0.865998 0.491706
vt 0.852490 0.505241
vt 0.842371 0.490381
vt 0.843292 0.925298
vt 0.625689 0.008699
vt 0.872994 0.537955
vt 0.860807 0.536445
vt 0.862978 0.521780
vt 0.875165 0.523290
vt 0.484202 0.461311
vt 0.487101 0.447039
vt 0.499774 0.446285
vt 0.520767 0.429054
vt 0.521206 0.439679
vt 0.519353 0.416906
vt 0.784572 0.706884
vt 0.783630 0.718771
vt 0.767902 0.708533
vt 0.194983 0.661738
vt 0.406300 0.542473
vt 0.481000 0.298509
vt 0.488317 0.305673
vt 0.476677 0.319999
vt 0.467597 0.311871
vt 0.389003 0.552353
vt 0.903632 0.061599
vt 0.891865 0.059756
vt 0.535936 0.618187
vt 0.547561 0.632023
vt 0.535229 0.629815
vt 0.664354 0.559342
vt 0.652502 0.558349
vt 0.656693 0.543930
vt 0.146731 0.755442
vt 0.349468 0.083515
vt 0.356390 0.096266
vt 0.353344 0.106274
vt 0.513211 0.924310
vt 0.520482 0.916017
vt 0.359554 0.086294
vt 0.372082 0.088037
vt 0.550247 0.620503
vt 0.564650 0.622654
vt 0.561955 0.632803
vt 0.551645 0.074408
vt 0.294502 0.722501
vt 0.310486 0.709071
vt 0.312530 0.733026
vt 0.297843 0.733175
vt 0.277704 0.720886
vt 0.293426 0.710616
vt 0.038719 0.839383
vt 0.169465 0.296474
vt 0.173647 0.311392
vt 0.973292 0.011954
vt 0.984635 0.014395
vt 0.984359 0.016352
vt 0.870199 0.899784
vt 0.857429 0.906081
vt 0.855884 0.900173
vt 0.718609 0.862268
vt 0.719590 0.874814
vt 0.713577 0.875256
vt 0.922956 0.171575
vt 0.434910 0.524968
vt 0.435415 0.498135
vt 0.445780 0.496440
vt 0.864487 0.506743
vt 0.876675 0.508253
vt 0.850319 0.519906
vt 0.766847 0.720412
vt 0.750852 0.707017
vt 0.763525 0.731086
vt 0.748847 0.730958
vt 0.435546 0.088322
vt 0.434352 0.100512
vt 0.422312 0.077537
vt 0.436767 0.076492
vt 0.157399 0.813393
vt 0.143144 0.816734
vt 0.696180 0.902909
vt 0.698334 0.915334
vt 0.686795 0.918282
vt 0.699423 0.929805
vt 0.689266 0.932731
vt 0.030368 0.387426
vt 0.042638 0.395647
vt 0.883663 0.796232
vt 0.882240 0.783672
vt 0.944951 0.597467
vt 0.400849 0.091800
vt 0.409731 0.101905
vt 0.278144 0.626688
vt 0.166295 0.462081
vt 0.160591 0.477593
vt 0.891865 0.104903
vt 0.320463 0.628296
vt 0.142632 0.559475
vt 0.130247 0.544673
vt 0.146305 0.548013
vt 0.163804 0.555065
vt 0.158248 0.565934
vt 0.171295 0.545867
vt 0.178726 0.565869
vt 0.336757 0.621391
vt 0.352770 0.631759
vt 0.440461 0.722635
vt 0.430342 0.725462
vt 0.428002 0.711082
vt 0.701665 0.944390
vt 0.932790 0.359960
vt 0.930611 0.339343
vt 0.942709 0.342234
vt 0.944695 0.360282
vt 0.941027 0.375778
vt 0.931586 0.374717
vt 0.939462 0.388613
vt 0.302578 0.899215
vt 0.315083 0.900799
vt 0.452213 0.322203
vt 0.271277 0.150077
vt 0.282613 0.144525
vt 0.277392 0.158029
vt 0.258530 0.158823
vt 0.923291 0.325508
vt 0.911834 0.328760
vt 0.422976 0.325029
vt 0.831768 0.005843
vt 0.832139 0.020436
vt 0.661449 0.518799
vt 0.659235 0.531396
vt 0.648752 0.530607
vt 0.652685 0.516114
vt 0.665343 0.506084
vt 0.276621 0.709071
vt 0.329613 0.731765
vt 0.343058 0.719457
vt 0.344301 0.731683
vt 0.345712 0.741928
vt 0.331019 0.743974
vt 0.152085 0.285243
vt 0.148221 0.270576
vt 0.204334 0.670873
vt 0.190936 0.670513
vt 0.165606 0.281805
vt 0.186357 0.308413
vt 0.196576 0.305252
vt 0.200095 0.320006
vt 0.696801 0.892946
vt 0.707565 0.875725
vt 0.705059 0.892244
vt 0.070498 0.859546
vt 0.072983 0.867790
vt 0.059926 0.870671
vt 0.057870 0.862052
vt 0.055698 0.849364
vt 0.212386 0.317448
vt 0.208999 0.303444
vt 0.423066 0.497697
vt 0.422249 0.481934
vt 0.844876 0.912777
vt 0.844401 0.904054
vt 0.829465 0.488601
vt 0.840069 0.502969
vt 0.827392 0.501228
vt 0.818761 0.499469
vt 0.821194 0.486401
vt 0.460107 0.479808
vt 0.447431 0.480519
vt 0.448772 0.465433
vt 0.459785 0.462989
vt 0.472480 0.462906
vt 0.474526 0.446046
vt 0.618564 0.142970
vt 0.634571 0.147891
vt 0.623399 0.150759
vt 0.197976 0.812832
vt 0.184156 0.817884
vt 0.647803 0.543186
vt 0.668374 0.547005
vt 0.560686 0.109298
vt 0.556673 0.100688
vt 0.021972 0.829006
vt 0.023989 0.841720
vt 0.010293 0.842973
vt 0.006867 0.830740
vt 0.982724 0.029593
vt 0.619372 0.946458
vt 0.621062 0.943990
vt 0.626623 0.945893
vt 0.626008 0.947922
vt 0.023047 0.000346
vt 0.023047 0.008963
vt 0.021074 0.000825
vt 0.014598 0.013494
vt 0.017232 0.012348
vt 0.019206 0.020487
vt 0.623503 0.956111
vt 0.628017 0.949950
vt 0.628781 0.952091
vt 0.628896 0.955176
vt 0.214744 0.329221
vt 0.220031 0.317308
vt 0.214744 0.318681
vt 0.095868 0.320956
vt 0.090875 0.318935
vt 0.090878 0.316708
vt 0.214768 0.314041
vt 0.109867 0.197141
vt 0.104662 0.192723
vt 0.622680 0.926206
vt 0.629376 0.928705
vt 0.623244 0.928739
vt 0.109399 0.195238
vt 0.117843 0.195899
vt 0.219114 0.309683
vt 0.229906 0.308223
vt 0.215422 0.305738
vt 0.094456 0.307679
vt 0.091091 0.312999
vt 0.090645 0.311009
vt 0.216357 0.303723
vt 0.220312 0.308037
vt 0.761960 0.742347
vt 0.746991 0.741584
vt 0.730387 0.741929
vt 0.392450 0.474114
vt 0.400039 0.488171
vt 0.411543 0.506291
vt 0.170305 0.821522
vt 0.000509 0.652866
vt 0.010878 0.653838
vt 0.009712 0.666281
vt 0.157815 0.822023
vt 0.838086 0.049937
vt 0.845071 0.033799
vt 0.299223 0.150769
vt 0.315530 0.157431
vt 0.301581 0.160731
vt 0.289237 0.162390
vt 0.287019 0.153991
vt 0.840694 0.062264
vt 0.437922 0.328507
vt 0.426999 0.334673
vt 0.414092 0.341869
vt 0.843698 0.020142
vt 0.341738 0.078136
vt 0.350206 0.076122
vt 0.360753 0.077673
vt 0.074306 0.478521
vt 0.073392 0.494834
vt 0.062299 0.481206
vt 0.073471 0.461904
vt 0.172850 0.403126
vt 0.171075 0.419315
vt 0.184512 0.402110
vt 0.183078 0.418332
vt 0.169819 0.433510
vt 0.062362 0.511980
vt 0.062982 0.496855
vt 0.552021 0.059609
vt 0.204708 0.701370
vt 0.209303 0.707644
vt 0.192117 0.705197
vt 0.187009 0.656610
vt 0.176554 0.671731
vt 0.174076 0.656489
vt 0.182410 0.293768
vt 0.040998 0.851880
vt 0.982634 0.027618
vt 0.620745 0.941888
vt 0.626918 0.943019
vt 0.982997 0.025675
vt 0.621174 0.939861
vt 0.627569 0.940981
vt 0.982931 0.022880
vt 0.621079 0.936963
vt 0.627431 0.938068
vt 0.709409 0.893371
vt 0.715429 0.893726
vt 0.072675 0.872450
vt 0.072827 0.878714
vt 0.983313 0.018945
vt 0.621916 0.933306
vt 0.627665 0.935962
vt 0.622816 0.930644
vt 0.628581 0.933930
vt 0.843021 0.899784
vt 0.816575 0.486861
vt 0.808383 0.499560
vt 0.837660 0.518032
vt 0.504689 0.415950
vt 0.491199 0.415903
vt 0.506287 0.404280
vt 0.477071 0.420199
vt 0.465985 0.426358
vt 0.473327 0.407910
vt 0.465964 0.074423
vt 0.451488 0.075120
vt 0.467452 0.062264
vt 0.483995 0.061468
vt 0.314180 0.890511
vt 0.329020 0.899232
vt 0.101486 0.552401
vt 0.101181 0.540896
vt 0.115534 0.541853
vt 0.180143 0.432425
vt 0.167890 0.447920
vt 0.178448 0.446864
vt 0.660236 0.493301
vt 0.668374 0.478542
vt 0.667885 0.493549
vt 0.659546 0.503791
vt 0.650577 0.496880
vt 0.650664 0.479927
vt 0.004293 0.373553
vt 0.020846 0.370461
vt 0.017461 0.380559
vt 0.035274 0.378207
vt 0.047694 0.386508
vt 0.576389 0.634734
vt 0.578956 0.623187
vt 0.592968 0.633858
vt 0.575852 0.643928
vt 0.561461 0.643089
vt 0.149689 0.536827
vt 0.152941 0.527177
vt 0.173003 0.532953
vt 0.189447 0.548269
vt 0.552124 0.125480
vt 0.549658 0.103939
vt 0.027924 0.854165
vt 0.195008 0.290307
vt 0.149527 0.643827
vt 0.162224 0.658175
vt 0.148646 0.657169
vt 0.688860 0.113788
vt 0.686087 0.128423
vt 0.673688 0.129304
vt 0.675021 0.115020
vt 0.434753 0.481178
vt 0.848148 0.534571
vt 0.835657 0.531792
vt 0.823086 0.529400
vt 0.825367 0.515151
vt 0.859239 0.551476
vt 0.847045 0.548196
vt 0.715701 0.739907
vt 0.728630 0.752571
vt 0.713519 0.752344
vt 0.407849 0.078467
vt 0.407011 0.067424
vt 0.423824 0.066953
vt 0.438281 0.065958
vt 0.701471 0.960829
vt 0.428408 0.694476
vt 0.439505 0.708297
vt 0.418822 0.711880
vt 0.417356 0.695463
vt 0.453011 0.064673
vt 0.343469 0.897948
vt 0.358210 0.896637
vt 0.224072 0.807242
vt 0.208156 0.812974
vt 0.643447 0.512934
vt 0.932298 0.595969
vt 0.944377 0.605179
vt 0.933065 0.605634
vt 0.916402 0.595957
vt 0.645099 0.555687
vt 0.637118 0.544057
vt 0.640067 0.529484
vt 0.044754 0.863189
vt 0.047165 0.871715
vt 0.029861 0.866891
vt 0.032452 0.872966
vt 0.018067 0.874654
vt 0.015714 0.868139
vt 0.013219 0.855509
vt 0.061416 0.880922
vt 0.810396 0.514112
vt 0.816720 0.513480
vt 0.047696 0.877958
vt 0.817014 0.526906
vt 0.810816 0.528292
vt 0.635740 0.132129
vt 0.647704 0.131874
vt 0.647070 0.146566
vt 0.647868 0.162552
vt 0.634147 0.164055
vt 0.621126 0.161715
vt 0.000301 0.640304
vt 0.009294 0.639048
vt 0.019854 0.637916
vt 0.020152 0.654706
vt 0.950351 0.378540
vt 0.947113 0.389885
vt 0.457931 0.332761
vt 0.443377 0.337662
vt 0.344616 0.887444
vt 0.006408 0.615762
vt 0.018497 0.604106
vt 0.015397 0.620561
vt 0.203957 0.822023
vt 0.899127 0.589056
vt 0.898495 0.601782
vt 0.326824 0.073477
vt 0.323848 0.061247
vt 0.344577 0.069173
vt 0.373447 0.077870
vt 0.387680 0.079782
vt 0.389046 0.069615
vt 0.402315 0.080286
vt 0.551010 0.089198
vt 0.536389 0.103596
vt 0.111556 0.124937
vt 0.093957 0.114424
vt 0.110586 0.111877
vt 0.538014 0.087478
vt 0.281096 0.733233
vt 0.299426 0.744443
vt 0.282328 0.745460
vt 0.063043 0.530685
vt 0.050999 0.533205
vt 0.191622 0.686206
vt 0.178963 0.686827
vt 0.019206 0.011869
vt 0.624649 0.952762
vt 0.636208 0.946743
vt 0.636949 0.948750
vt 0.637716 0.950707
vt 0.638883 0.952364
vt 0.639330 0.954308
vt 0.630130 0.956973
vt 0.628428 0.962263
vt 0.640205 0.956050
vt 0.631644 0.958779
vt 0.628993 0.962868
vt 0.000530 0.019795
vt 0.002561 0.028169
vt 0.000530 0.028169
vt 0.089449 0.320584
vt 0.080299 0.320482
vt 0.081375 0.318670
vt 0.093758 0.326504
vt 0.215662 0.322440
vt 0.081558 0.315458
vt 0.096031 0.313131
vt 0.104662 0.208707
vt 0.089420 0.309563
vt 0.092428 0.303818
vt 0.080299 0.310517
vt 0.631060 0.927505
vt 0.640205 0.929349
vt 0.639287 0.931136
vt 0.630406 0.921998
vt 0.847117 0.563380
vt 0.834923 0.546453
vt 0.523596 0.404872
vt 0.524335 0.391917
vt 0.780261 0.731116
vt 0.779049 0.743337
vt 0.412952 0.484677
vt 0.419975 0.499026
vt 0.119577 0.006142
vt 0.122897 0.017688
vt 0.107863 0.020032
vt 0.104512 0.006711
vt 0.418509 0.523717
vt 0.410558 0.531503
vt 0.417157 0.539351
vt 0.019855 0.669432
vt 0.009626 0.678951
vt 0.001893 0.679924
vt 0.000957 0.665080
vt 0.270549 0.164451
vt 0.278986 0.165238
vt 0.274605 0.172912
vt 0.257599 0.173137
vt 0.936989 0.327517
vt 0.051380 0.377926
vt 0.059104 0.387344
vt 0.056424 0.392608
vt 0.873275 0.796033
vt 0.874690 0.785533
vt 0.637761 0.495383
vt 0.011380 0.352074
vt 0.026313 0.359573
vt 0.532560 0.637044
vt 0.547087 0.640748
vt 0.532418 0.644468
vt 0.637574 0.554769
vt 0.558702 0.654592
vt 0.542735 0.650949
vt 0.314404 0.743656
vt 0.316229 0.756830
vt 0.301519 0.757075
vt 0.332794 0.754620
vt 0.347915 0.754369
vt 0.349552 0.767069
vt 0.335133 0.767045
vt 0.628849 0.931760
vt 0.638156 0.932892
vt 0.636837 0.935720
vt 0.660333 0.129729
vt 0.672781 0.144224
vt 0.659737 0.145011
vt 0.711796 0.764894
vt 0.726475 0.765012
vt 0.724741 0.778191
vt 0.821200 0.559129
vt 0.822353 0.544060
vt 0.491189 0.405857
vt 0.492237 0.394894
vt 0.422820 0.740556
vt 0.431532 0.739835
vt 0.426937 0.754980
vt 0.011623 0.693982
vt 0.017099 0.679688
vt 0.419955 0.755429
vt 0.412879 0.745503
vt 0.408638 0.729312
vt 0.420071 0.726250
vt 0.434089 0.752105
vt 0.328103 0.888912
vt 0.313615 0.881405
vt 0.328430 0.878555
vt 0.343546 0.875408
vt 0.175384 0.477593
vt 0.177128 0.461053
vt 0.186323 0.476504
vt 0.592296 0.644928
vt 0.593977 0.654938
vt 0.190466 0.431341
vt 0.188771 0.445780
vt 0.627639 0.530002
vt 0.629423 0.511433
vt 0.133432 0.534800
vt 0.114822 0.530922
vt 0.137002 0.523306
vt 0.125185 0.109518
vt 0.126120 0.122581
vt 0.121807 0.095886
vt 0.189776 0.716027
vt 0.176890 0.718124
vt 0.025608 0.018138
vt 0.023687 0.020487
vt 0.023687 0.016259
vt 0.000562 0.869405
vt 0.000609 0.876008
vt 0.336580 0.780266
vt 0.336694 0.786742
vt 0.322156 0.786524
vt 0.320221 0.779912
vt 0.318469 0.769262
vt 0.163589 0.673384
vt 0.166006 0.688175
vt 0.153343 0.687801
vt 0.150646 0.672184
vt 0.685471 0.142756
vt 0.686588 0.158027
vt 0.815794 0.541969
vt 0.809586 0.541466
vt 0.033896 0.879105
vt 0.814595 0.559045
vt 0.808383 0.558609
vt 0.018265 0.880922
vt 0.745188 0.754753
vt 0.760012 0.754981
vt 0.742942 0.767179
vt 0.777121 0.755573
vt 0.757569 0.767369
vt 0.005391 0.625631
vt 0.028790 0.621973
vt 0.033768 0.639185
vt 0.032066 0.657853
vt 0.439800 0.055457
vt 0.454535 0.054227
vt 0.092312 0.000071
vt 0.091904 0.008597
vt 0.076862 0.010897
vt 0.490397 0.314612
vt 0.481947 0.331675
vt 0.419975 0.552757
vt 0.952935 0.389184
vt 0.303732 0.892093
vt 0.303667 0.886231
vt 0.290481 0.172756
vt 0.050394 0.516578
vt 0.037326 0.519134
vt 0.036800 0.501920
vt 0.051859 0.499314
vt 0.050189 0.483380
vt 0.178134 0.701743
vt 0.164208 0.703571
vt 0.306011 0.780667
vt 0.304430 0.769400
vt 0.756004 0.778624
vt 0.741341 0.777715
vt 0.661025 0.162028
vt 0.660741 0.176798
vt 0.648349 0.180474
vt 0.634923 0.180859
vt 0.508566 0.391512
vt 0.492792 0.378788
vt 0.510910 0.377894
vt 0.444381 0.765657
vt 0.460970 0.765517
vt 0.463132 0.775869
vt 0.446516 0.777739
vt 0.429762 0.766818
vt 0.429463 0.755654
vt 0.343095 0.057250
vt 0.359752 0.057837
vt 0.360455 0.067228
vt 0.374812 0.067703
vt 0.917006 0.605634
vt 0.084784 0.390819
vt 0.067834 0.393442
vt 0.067350 0.383485
vt 0.083659 0.376241
vt 0.103802 0.393841
vt 0.374105 0.057265
vt 0.390638 0.057758
vt 0.040249 0.369024
vt 0.045449 0.359050
vt 0.174797 0.520561
vt 0.190975 0.523205
vt 0.076833 0.116036
vt 0.092579 0.102429
vt 0.096681 0.127401
vt 0.193592 0.415228
vt 0.197959 0.429964
vt 0.199171 0.443843
vt 0.187263 0.461996
vt 0.199015 0.460129
vt 0.610201 0.664575
vt 0.593610 0.665220
vt 0.577039 0.666259
vt 0.577409 0.656020
vt 0.560444 0.666774
vt 0.051851 0.468767
vt 0.062234 0.464568
vt 0.036762 0.471195
vt 0.208493 0.413907
vt 0.284592 0.758063
vt 0.287367 0.770563
vt 0.267856 0.758672
vt 0.635826 0.944557
vt 0.636113 0.942356
vt 0.965383 0.533163
vt 0.965896 0.531496
vt 0.973133 0.536225
vt 0.965641 0.535089
vt 0.964782 0.536725
vt 0.972671 0.540697
vt 0.964167 0.538462
vt 0.636119 0.940136
vt 0.964364 0.567222
vt 0.964088 0.565362
vt 0.972445 0.563456
vt 0.972616 0.565278
vt 0.636426 0.937916
vt 0.964202 0.563432
vt 0.972175 0.561557
vt 0.964234 0.561427
vt 0.972225 0.559583
vt 0.963453 0.556695
vt 0.963087 0.554624
vt 0.971780 0.554576
vt 0.972005 0.556700
vt 0.963587 0.558642
vt 0.081065 0.312359
vt 0.962902 0.552504
vt 0.963604 0.549658
vt 0.971781 0.552405
vt 0.674109 0.159700
vt 0.793854 0.755824
vt 0.774291 0.768053
vt 0.460204 0.398180
vt 0.457798 0.407113
vt 0.471035 0.051707
vt 0.456237 0.046670
vt 0.472985 0.036618
vt 0.460604 0.381890
vt 0.474568 0.395118
vt 0.477504 0.381983
vt 0.407343 0.694043
vt 0.406696 0.710641
vt 0.396427 0.711461
vt 0.397063 0.694724
vt 0.397202 0.678113
vt 0.408503 0.056973
vt 0.425072 0.045794
vt 0.423272 0.056535
vt 0.396512 0.728072
vt 0.463464 0.341869
vt 0.483925 0.773356
vt 0.483855 0.786472
vt 0.467199 0.789009
vt 0.448512 0.790866
vt 0.360059 0.873940
vt 0.482166 0.174136
vt 0.480325 0.157689
vt 0.489519 0.156660
vt 0.039180 0.605957
vt 0.039176 0.622750
vt 0.028793 0.674354
vt 0.955124 0.344534
vt 0.256533 0.185714
vt 0.274142 0.184665
vt 0.255618 0.200018
vt 0.969270 0.346052
vt 0.967908 0.367252
vt 0.954019 0.363044
vt 0.958445 0.381289
vt 0.317888 0.167393
vt 0.329851 0.155304
vt 0.331868 0.164236
vt 0.321292 0.178870
vt 0.304744 0.170261
vt 0.305160 0.180988
vt 0.290579 0.182102
vt 0.058818 0.370900
vt 0.100609 0.531817
vt 0.099921 0.520883
vt 0.123247 0.519622
vt 0.403311 0.071166
vt 0.404740 0.060209
vt 0.627232 0.546955
vt 0.616133 0.530509
vt 0.107209 0.098245
vt 0.090165 0.087840
vt 0.106643 0.085662
vt 0.305685 0.787227
vt 0.291899 0.787623
vt 0.289643 0.781114
vt 0.163021 0.718409
vt 0.150649 0.718993
vt 0.151752 0.703158
vt 0.739453 0.784336
vt 0.756556 0.785071
vt 0.756288 0.791293
vt 0.323065 0.792722
vt 0.739632 0.790561
vt 0.724929 0.784752
vt 0.524968 0.359514
vt 0.510536 0.364543
vt 0.512927 0.353374
vt 0.789345 0.778345
vt 0.772611 0.778480
vt 0.662061 0.191801
vt 0.650452 0.194649
vt 0.126120 0.031040
vt 0.111438 0.032801
vt 0.093178 0.021793
vt 0.094378 0.034999
vt 0.076053 0.024101
vt 0.441634 0.045647
vt 0.432000 0.777652
vt 0.415473 0.778275
vt 0.415248 0.767110
vt 0.345849 0.161078
vt 0.414983 0.757966
vt 0.969270 0.391805
vt 0.309834 0.871983
vt 0.629541 0.564267
vt 0.526011 0.654543
vt 0.543951 0.664863
vt 0.615698 0.564661
vt 0.616324 0.547590
vt 0.024726 0.521015
vt 0.024158 0.537772
vt 0.014112 0.523049
vt 0.024366 0.504251
vt 0.272913 0.781861
vt 0.275043 0.788411
vt 0.007495 0.524997
vt 0.007135 0.508234
vt 0.013753 0.506285
vt 0.673940 0.176222
vt 0.687447 0.174539
vt 0.673897 0.190816
vt 0.336601 0.792973
vt 0.007682 0.005122
vt 0.005834 0.003086
vt 0.007682 0.000480
vt 0.043047 0.660947
vt 0.039192 0.677353
vt 0.036065 0.693982
vt 0.409463 0.762288
vt 0.398830 0.744521
vt 0.022822 0.690602
vt 0.049936 0.345071
vt 0.064337 0.353800
vt 0.073617 0.367408
vt 0.104848 0.379258
vt 0.107637 0.366398
vt 0.322146 0.047045
vt 0.321879 0.033863
vt 0.342561 0.044599
vt 0.579155 0.676748
vt 0.561527 0.677420
vt 0.544797 0.677530
vt 0.627327 0.494094
vt 0.623203 0.503780
vt 0.618477 0.492966
vt 0.621897 0.477898
vt 0.016165 0.342414
vt 0.033130 0.342055
vt 0.030504 0.351225
vt 0.630650 0.477471
vt 0.037715 0.488045
vt 0.023205 0.491214
vt 0.022198 0.474109
vt 0.033563 0.456691
vt 0.210399 0.428320
vt 0.103902 0.072690
vt 0.121282 0.083559
vt 0.166111 0.730235
vt 0.770591 0.785062
vt 0.787328 0.785066
vt 0.787326 0.791293
vt 0.292063 0.793854
vt 0.771091 0.791289
vt 0.493712 0.365620
vt 0.478905 0.366766
vt 0.479357 0.356008
vt 0.494963 0.354840
vt 0.386140 0.743985
vt 0.385948 0.726336
vt 0.385862 0.709725
vt 0.440904 0.035115
vt 0.458416 0.034095
vt 0.487679 0.140215
vt 0.476606 0.141432
vt 0.329188 0.867421
vt 0.471313 0.127228
vt 0.480069 0.122124
vt 0.501469 0.138671
vt 0.498943 0.157687
vt 0.335066 0.174403
vt 0.338506 0.186888
vt 0.324106 0.188825
vt 0.308279 0.193047
vt 0.359229 0.044714
vt 0.359120 0.031584
vt 0.375999 0.044931
vt 0.616477 0.516177
vt 0.605226 0.531149
vt 0.605600 0.517204
vt 0.615417 0.504904
vt 0.012742 0.493917
vt 0.006168 0.493696
vt 0.003406 0.477211
vt 0.011710 0.476713
vt 0.089435 0.074764
vt 0.084835 0.062291
vt 0.101914 0.060252
vt 0.116567 0.058255
vt 0.687565 0.203585
vt 0.688860 0.190839
vt 0.148646 0.732394
vt 0.972900 0.538787
vt 0.981511 0.536145
vt 0.981606 0.537934
vt 0.981521 0.539734
vt 0.981124 0.541639
vt 0.972296 0.543665
vt 0.964225 0.540390
vt 0.981808 0.565047
vt 0.982074 0.566894
vt 0.982074 0.534219
vt 0.306612 0.793436
vt 0.980976 0.543714
vt 0.980592 0.545727
vt 0.972164 0.545820
vt 0.963588 0.544362
vt 0.963559 0.542330
vt 0.980397 0.547919
vt 0.971981 0.547999
vt 0.963412 0.546529
vt 0.980833 0.556287
vt 0.980917 0.559232
vt 0.980167 0.551029
vt 0.971773 0.550191
vt 0.980575 0.554108
vt 0.496249 0.347972
vt 0.478794 0.349440
vt 0.478737 0.343386
vt 0.001055 0.510841
vt 0.498614 0.342811
vt 0.514558 0.346556
vt 0.098030 0.047745
vt 0.115006 0.045587
vt 0.081301 0.049511
vt 0.462834 0.366060
vt 0.041570 0.633305
vt 0.045365 0.646402
vt 0.292599 0.195056
vt 0.294619 0.208011
vt 0.276163 0.197620
vt 0.278446 0.211318
vt 0.256463 0.213103
vt 0.481397 0.096994
vt 0.483789 0.075932
vt 0.497018 0.076622
vt 0.495204 0.095608
vt 0.487240 0.108882
vt 0.142297 0.511405
vt 0.126576 0.507193
vt 0.129906 0.494764
vt 0.146997 0.501935
vt 0.160551 0.502906
vt 0.159163 0.515203
vt 0.176761 0.508343
vt 0.088656 0.363152
vt 0.075921 0.357011
vt 0.080230 0.350125
vt 0.092747 0.352675
vt 0.406388 0.047339
vt 0.392223 0.047417
vt 0.392087 0.034771
vt 0.408300 0.035007
vt 0.106300 0.507653
vt 0.113662 0.492489
vt 0.209538 0.444383
vt 0.222503 0.443039
vt 0.211941 0.458442
vt 0.608003 0.492065
vt 0.019814 0.331127
vt 0.034345 0.333770
vt 0.211501 0.474723
vt 0.595614 0.677443
vt 0.612076 0.678139
vt 0.595087 0.689958
vt 0.528398 0.675946
vt 0.527221 0.664728
vt 0.543851 0.687988
vt 0.527212 0.688417
vt 0.604819 0.548096
vt 0.592166 0.546226
vt 0.177282 0.493403
vt 0.193342 0.496733
vt 0.075531 0.089967
vt 0.001257 0.525130
vt 0.447677 0.375432
vt 0.446859 0.362522
vt 0.447877 0.353771
vt 0.463480 0.355375
vt 0.053314 0.664372
vt 0.055631 0.649827
vt 0.066162 0.651206
vt 0.063845 0.665751
vt 0.062802 0.681372
vt 0.050164 0.680480
vt 0.388127 0.760348
vt 0.375686 0.761863
vt 0.375711 0.745252
vt 0.384413 0.693597
vt 0.409749 0.033990
vt 0.426278 0.032945
vt 0.507425 0.156789
vt 0.509463 0.171273
vt 0.047330 0.607922
vt 0.058351 0.624144
vt 0.048001 0.623214
vt 0.492267 0.173110
vt 0.415331 0.790668
vt 0.431922 0.790768
vt 0.431843 0.803883
vt 0.415135 0.803281
vt 0.341677 0.199024
vt 0.325339 0.201387
vt 0.467072 0.801624
vt 0.450482 0.801461
vt 0.497862 0.122388
vt 0.497747 0.109806
vt 0.506240 0.108598
vt 0.509127 0.123085
vt 0.511961 0.137585
vt 0.375452 0.033706
vt 0.054308 0.335360
vt 0.067270 0.342743
vt 0.342599 0.030785
vt 0.342218 0.018369
vt 0.358749 0.018952
vt 0.020932 0.457390
vt 0.010447 0.459992
vt 0.222681 0.428645
vt 0.233138 0.427046
vt 0.002150 0.460594
vt 0.001055 0.445492
vt 0.241357 0.441824
vt 0.232875 0.443458
vt 0.462299 0.347024
vt 0.447271 0.344878
vt 0.447453 0.342811
vt 0.461594 0.344481
vt 0.077648 0.036765
vt 0.485810 0.799204
vt 0.489964 0.811817
vt 0.443186 0.021867
vt 0.426624 0.022076
vt 0.428561 0.011493
vt 0.442638 0.011323
vt 0.459323 0.010863
vt 0.457821 0.021515
vt 0.373419 0.726657
vt 0.373334 0.710046
vt 0.371930 0.694718
vt 0.506280 0.094411
vt 0.048774 0.635715
vt 0.607008 0.505025
vt 0.222316 0.458791
vt 0.232720 0.456879
vt 0.223764 0.475141
vt 0.578353 0.689782
vt 0.578241 0.700282
vt 0.559469 0.700257
vt 0.561749 0.689945
vt 0.594620 0.529585
vt 0.580965 0.544574
vt 0.583287 0.530651
vt 0.594894 0.516620
vt 0.584189 0.516036
vt 0.595179 0.503833
vt 0.494238 0.824377
vt 0.479300 0.827390
vt 0.469009 0.816739
vt 0.364663 0.763124
vt 0.362632 0.744296
vt 0.362964 0.727688
vt 0.362841 0.710570
vt 0.361340 0.693152
vt 0.362587 0.676587
vt 0.410130 0.019519
vt 0.382937 0.677179
vt 0.056564 0.637021
vt 0.344501 0.209682
vt 0.330175 0.212517
vt 0.311929 0.215817
vt 0.310307 0.203300
vt 0.296648 0.220470
vt 0.040648 0.324871
vt 0.044137 0.316998
vt 0.058528 0.325581
vt 0.072246 0.331053
vt 0.109475 0.350737
vt 0.098635 0.344094
vt 0.102762 0.329470
vt 0.544840 0.076040
vt 0.530382 0.092738
vt 0.528163 0.076208
vt 0.321781 0.016579
vt 0.325255 0.000408
vt 0.598175 0.489240
vt 0.609258 0.477250
vt 0.588054 0.488308
vt 0.590977 0.473750
vt 0.027314 0.318875
vt 0.375503 0.021059
vt 0.377296 0.006809
vt 0.320523 0.241018
vt 0.315897 0.227452
vt 0.331400 0.222165
vt 0.393976 0.009467
vt 0.394061 0.021947
vt 0.409731 0.024051
vt 0.115681 0.481720
vt 0.099921 0.477658
vt 0.118754 0.469698
vt 0.132596 0.484746
vt 0.150280 0.489494
vt 0.137726 0.473485
vt 0.450272 0.837388
vt 0.433762 0.824839
vt 0.450304 0.824946
vt 0.148328 0.477121
vt 0.163712 0.490434
vt 0.164423 0.480286
vt 0.177015 0.482262
vt 0.241106 0.457256
vt 0.239875 0.473623
vt 0.613316 0.699193
vt 0.596664 0.706786
vt 0.596772 0.700610
vt 0.575808 0.706786
vt 0.542868 0.699955
vt 0.542494 0.706457
vt 0.531897 0.704671
vt 0.526219 0.699462
vt 0.069765 0.064402
vt 0.459269 0.002582
vt 0.444197 0.002679
vt 0.444184 0.000609
vt 0.459256 0.000511
vt 0.981060 0.563165
vt 0.981130 0.561207
vt 0.946060 0.646822
vt 0.946103 0.644783
vt 0.954507 0.644961
vt 0.954464 0.646999
vt 0.946016 0.648860
vt 0.946488 0.675824
vt 0.946436 0.672941
vt 0.954590 0.672791
vt 0.954834 0.674816
vt 0.954580 0.676839
vt 0.945942 0.642751
vt 0.954072 0.642110
vt 0.946398 0.670903
vt 0.946334 0.668020
vt 0.954594 0.667835
vt 0.954552 0.670753
vt 0.427646 0.003298
vt 0.427569 0.001229
vt 0.073994 0.682119
vt 0.074999 0.666932
vt 0.085487 0.666179
vt 0.084386 0.682806
vt 0.079794 0.689103
vt 0.356741 0.755892
vt 0.358790 0.755679
vt 0.068212 0.638704
vt 0.076693 0.652586
vt 0.356118 0.744421
vt 0.356450 0.727814
vt 0.356333 0.710872
vt 0.450353 0.814576
vt 0.431754 0.814457
vt 0.415247 0.814449
vt 0.068884 0.624010
vt 0.079385 0.639691
vt 0.521673 0.122109
vt 0.522453 0.136491
vt 0.526186 0.152746
vt 0.517705 0.153647
vt 0.060938 0.609662
vt 0.519193 0.168050
vt 0.077643 0.610024
vt 0.079202 0.624817
vt 0.275629 0.224202
vt 0.279867 0.237896
vt 0.260653 0.242114
vt 0.255618 0.228538
vt 0.512464 0.078923
vt 0.517811 0.093296
vt 0.356118 0.692216
vt 0.354058 0.692239
vt 0.355927 0.675606
vt 0.411121 0.005649
vt 0.354273 0.710896
vt 0.410889 0.001853
vt 0.084895 0.338677
vt 0.077132 0.319512
vt 0.545455 0.105968
vt 0.531991 0.121398
vt 0.531025 0.107203
vt 0.090258 0.325075
vt 0.583909 0.502740
vt 0.579497 0.515746
vt 0.089629 0.641572
vt 0.083243 0.653281
vt 0.085531 0.640819
vt 0.579744 0.502156
vt 0.300225 0.232222
vt 0.304400 0.245934
vt 0.344827 0.002164
vt 0.282166 0.254161
vt 0.518633 0.107901
vt 0.544995 0.092088
vt 0.048368 0.307213
vt 0.534667 0.151851
vt 0.545070 0.150112
vt 0.538689 0.166066
vt 0.532965 0.135629
vt 0.545455 0.134079
vt 0.544359 0.120334
vt 0.063508 0.313892
vt 0.348271 0.219578
vt 0.335274 0.234002
vt 0.414983 0.824743
vt 0.431637 0.837274
vt 0.466884 0.827099
vt 0.581450 0.487538
vt 0.087771 0.625380
vt 0.559095 0.706757
vt 0.354387 0.727497
vt 0.354058 0.744380
vt 0.954110 0.649861
vt 0.946014 0.652907
vt 0.945766 0.650884
vt 0.962825 0.649215
vt 0.962394 0.651291
vt 0.962047 0.653300
vt 0.954168 0.652743
vt 0.962159 0.655352
vt 0.954209 0.654782
vt 0.946055 0.654946
vt 0.962197 0.657399
vt 0.954250 0.656820
vt 0.946096 0.656984
vt 0.954102 0.658854
vt 0.946137 0.659022
vt 0.962391 0.660250
vt 0.954261 0.660886
vt 0.946180 0.661061
vt 0.962550 0.662283
vt 0.954420 0.662919
vt 0.946224 0.663099
vt 0.962709 0.664315
vt 0.954579 0.664952
vt 0.946269 0.665137
vt 0.962332 0.678617
vt 0.962024 0.640300
vt 0.962477 0.642288
vt 0.962868 0.666348
vt 0.962594 0.670417
vt 0.962540 0.672399
vt 0.962128 0.674395
vt 0.962868 0.647176
vt 0.152149 0.351660
vt 0.152785 0.349789
vt 0.164197 0.352000
vt 0.163356 0.353364
vt 0.021767 0.249084
vt 0.021324 0.259074
vt 0.019545 0.259061
vt 0.018756 0.249353
vt 0.962731 0.668382
vt 0.002518 0.327568
vt 0.002035 0.326122
vt 0.008558 0.324784
vt 0.010431 0.328080
vt 0.004284 0.328864
vt 0.962142 0.676483
vt 0.001546 0.335976
vt 0.002355 0.334095
vt 0.011314 0.333310
vt 0.010902 0.335094
vt 0.001119 0.337832
vt 0.029928 0.136691
vt 0.030575 0.144554
vt 0.028838 0.144686
vt 0.016004 0.257180
vt 0.025608 0.015365
vt 0.022368 0.013865
vt 0.025608 0.006865
vt 0.044217 0.012804
vt 0.043852 0.006648
vt 0.046078 0.006058
vt 0.048656 0.007279
vt 0.034571 0.129277
vt 0.033656 0.136011
vt 0.032407 0.143832
vt 0.348271 0.281690
vt 0.344047 0.276591
vt 0.343855 0.274944
vt 0.288546 0.051496
vt 0.284085 0.056338
vt 0.287670 0.049667
vt 0.297055 0.048998
vt 0.034571 0.143847
vt 0.348271 0.273759
vt 0.343770 0.271283
vt 0.284323 0.047625
vt 0.289115 0.046675
vt 0.295757 0.047098
vt 0.287301 0.043164
vt 0.348156 0.268176
vt 0.342651 0.267979
vt 0.344522 0.265525
vt 0.284085 0.040305
vt 0.288030 0.041843
vt 0.295899 0.041722
vt 0.295713 0.044058
vt 0.288682 0.039859
vt 0.285124 0.036386
vt 0.116353 0.353569
vt 0.122364 0.350952
vt 0.123783 0.352318
vt 0.287173 0.033600
vt 0.290044 0.038439
vt 0.296948 0.039932
vt 0.163955 0.348687
vt 0.152512 0.347904
vt 0.162223 0.347095
vt 0.169014 0.341498
vt 0.033291 0.016645
vt 0.030950 0.011329
vt 0.033291 0.009811
vt 0.020487 0.001946
vt 0.017721 0.010243
vt 0.017721 0.001024
vt 0.120765 0.354837
vt 0.125965 0.353836
vt 0.007443 0.322512
vt 0.010744 0.317250
vt 0.001119 0.324767
vt 0.011494 0.331098
vt 0.002708 0.331854
vt 0.011770 0.328814
vt 0.015988 0.328611
vt 0.097942 0.309656
vt 0.102016 0.315216
vt 0.099648 0.316411
vt 0.016645 0.001696
vt 0.014791 0.010243
vt 0.014791 0.000797
vt 0.015572 0.327278
vt 0.104404 0.309793
vt 0.105291 0.315577
vt 0.336421 0.266743
vt 0.336850 0.264883
vt 0.343622 0.264003
vt 0.347173 0.259983
vt 0.128709 0.354389
vt 0.128246 0.357732
vt 0.128627 0.345175
vt 0.130759 0.345156
vt 0.129841 0.352976
vt 0.131882 0.359795
vt 0.011593 0.321908
vt 0.016645 0.339309
vt 0.117172 0.279589
vt 0.109481 0.286812
vt 0.114987 0.278633
vt 0.114837 0.269478
vt 0.116402 0.268961
vt 0.119153 0.278952
vt 0.125480 0.286812
vt 0.021767 0.267606
vt 0.174990 0.351916
vt 0.169845 0.350299
vt 0.174812 0.349348
vt 0.183627 0.349607
vt 0.184118 0.352533
vt 0.175336 0.355077
vt 0.171443 0.361076
vt 0.169014 0.361076
vt 0.169845 0.341181
vt 0.175059 0.347372
vt 0.185098 0.347364
vt 0.335554 0.274380
vt 0.336484 0.276212
vt 0.013038 0.254902
vt 0.013922 0.256768
vt 0.006599 0.255341
vt 0.007742 0.253524
vt 0.014183 0.253109
vt 0.336978 0.273032
vt 0.336114 0.269534
vt 0.014279 0.250270
vt 0.008565 0.249647
vt 0.008936 0.247221
vt 0.015261 0.247595
vt 0.337874 0.261836
vt 0.016645 0.242200
vt 0.015886 0.245747
vt 0.009903 0.243402
vt 0.207358 0.273536
vt 0.211966 0.276369
vt 0.210981 0.279275
vt 0.205130 0.275258
vt 0.124216 0.345739
vt 0.125974 0.346248
vt 0.207646 0.281907
vt 0.203768 0.278280
vt 0.048656 0.000906
vt 0.046450 0.000510
vt 0.013994 0.259751
vt 0.014626 0.261755
vt 0.007528 0.261613
vt 0.007482 0.257287
vt 0.335059 0.278617
vt 0.106453 0.323541
vt 0.108712 0.322575
vt 0.111396 0.326171
vt 0.202650 0.288903
vt 0.205727 0.286964
vt 0.206200 0.290564
vt 0.107998 0.327901
vt 0.103130 0.323390
vt 0.202454 0.294656
vt 0.206233 0.292414
vt 0.097942 0.329065
vt 0.099928 0.323667
vt 0.184670 0.355761
vt 0.015783 0.265155
vt 0.008223 0.263593
vt 0.009289 0.245257
vt 0.006930 0.162999
vt 0.008330 0.165069
vt 0.005026 0.168600
vt 0.003978 0.166874
vt 0.005730 0.160902
vt 0.119985 0.268291
vt 0.121464 0.262647
vt 0.000212 0.079639
vt 0.000680 0.073739
vt 0.002946 0.073855
vt 0.002596 0.079482
vt 0.185659 0.345562
vt 0.121914 0.278050
vt 0.004788 0.254930
vt 0.008800 0.176697
vt 0.006512 0.174565
vt 0.006463 0.172574
vt 0.005298 0.250141
vt 0.206044 0.283754
vt 0.211608 0.282612
vt 0.211087 0.285454
vt 0.202454 0.283976
vt 0.131882 0.339419
vt 0.003085 0.260666
vt 0.055058 0.112676
vt 0.049045 0.104945
vt 0.053340 0.104086
vt 0.003641 0.255720
vt 0.006405 0.248482
vt 0.006827 0.170740
vt 0.008963 0.171837
vt 0.003543 0.170496
vt 0.001827 0.163316
vt 0.000299 0.166782
vt 0.000298 0.161999
vt 0.214210 0.279551
vt 0.213585 0.281253
vt 0.217890 0.281228
vt 0.215935 0.285028
vt 0.214207 0.285928
vt 0.112008 0.262268
vt 0.208091 0.295267
vt 0.203766 0.295190
vt 0.209774 0.290470
vt 0.211522 0.293053
vt 0.213062 0.293946
vt 0.210901 0.296580
vt 0.208291 0.300896
vt 0.050763 0.102368
vt 0.052481 0.099791
vt 0.055058 0.101509
vt 0.005444 0.175527
vt 0.004867 0.174342
vt 0.007900 0.176495
vt 0.001610 0.168508
vt 0.000380 0.170955
vt 0.236465 0.000824
vt 0.236097 0.003690
vt 0.234934 0.000178
vt 0.008514 0.265516
vt 0.016645 0.268886
vt 0.008621 0.267366
vt 0.230014 0.016195
vt 0.227436 0.015684
vt 0.229726 0.010491
vt 0.233845 0.011339
vt 0.232635 0.016645
vt 0.005024 0.073490
vt 0.005122 0.080666
vt 0.002519 0.068540
vt 0.005122 0.068316
vt 0.215464 0.288967
vt 0.212432 0.286925
vt 0.209483 0.287072
vt 0.003073 0.175713
vt 0.000298 0.174003
vt 0.003454 0.172989
vt 0.005168 0.265114
vt 0.236377 0.012983
vt 0.235910 0.010000
vt 0.238241 0.010887
vt 0.238611 0.012295
vt 0.240717 0.016645
vt 0.234149 0.002999
vt 0.235254 0.006442
vt 0.233139 0.005889
vt 0.231348 0.003543
vt 0.231049 0.005551
vt 0.218044 0.285820
vt 0.218505 0.287564
vt 0.230417 0.000779
vt 0.238075 0.005639
vt 0.238567 0.008590
vt 0.234124 0.009227
vt 0.214991 0.294893
vt 0.214807 0.291797
vt 0.216694 0.293109
vt 0.218681 0.293550
vt 0.217804 0.295059
vt 0.213457 0.289528
vt 0.230037 0.008431
vt 0.217093 0.290073
vt 0.218950 0.290856
s 1
usemtl Material_0
f 1/1/1 2/2/2 3/3/3
f 1/1/1 3/3/3 4/4/4
f 1/1/1 4/4/4 6/5/5
f 1/1/1 6/5/5 7/6/6
f 1/1/1 7/6/6 8/7/7
f 1/1/1 8/7/7 2/2/2
f 9/8/8 2/2/2 8/7/7
f 9/8/8 8/7/7 10/9/9
f 9/8/8 10/9/9 11/10/10
f 9/8/8 11/10/10 13/11/11
f 9/8/8 13/11/11 16/12/12
f 9/8/8 16/12/12 2/2/2
f 18/13/13 2/2/2 16/12/12
f 18/13/13 16/12/12 19/14/14
f 18/13/13 19/14/14 21/15/15
f 18/13/13 21/15/15 24/16/16
f 18/13/13 24/16/16 3/3/3
f 18/13/13 3/3/3 2/2/2
f 25/17/17 7/6/6 26/18/18
f 25/17/17 26/18/18 28/19/19
f 25/17/17 28/19/19 30/20/20
f 25/17/17 30/20/20 10/9/9
f 25/17/17 10/9/9 8/7/7
f 25/17/17 8/7/7 7/6/6
f 32/21/21 7/6/6 6/5/5
f 31/22/21 5/23/5 33/24/22
f 31/22/21 33/24/22 34/25/23
f 31/22/21 34/25/23 35/26/24
f 32/21/21 36/27/24 26/18/18
f 32/21/21 26/18/18 7/6/6
f 37/28/25 14/29/11 12/30/10
f 37/28/25 12/30/10 41/31/26
f 37/28/25 41/31/26 42/32/27
f 37/28/25 42/32/27 43/33/28
f 37/28/25 43/33/28 45/34/29
f 38/35/25 46/36/29 15/37/11
f 47/38/30 15/37/11 46/36/29
f 47/38/30 46/36/29 48/39/31
f 47/38/30 48/39/31 49/40/32
f 47/38/30 49/40/32 20/41/14
f 47/38/30 20/41/14 17/42/12
f 47/38/30 17/42/12 15/37/11
f 52/43/33 26/18/18 36/27/24
f 50/44/33 35/26/24 53/45/34
f 51/46/33 54/47/34 55/48/35
f 51/46/33 55/48/35 56/49/36
f 51/46/33 56/49/36 27/50/19
f 52/43/33 28/19/19 26/18/18
f 58/51/37 11/10/10 10/9/9
f 58/51/37 10/9/9 30/20/20
f 57/52/37 29/53/20 59/54/38
f 57/52/37 59/54/38 61/55/39
f 57/52/37 61/55/39 39/56/26
f 58/51/37 40/57/26 11/10/10
f 68/58/40 20/41/14 49/40/32
f 68/58/40 49/40/32 71/59/41
f 68/58/40 71/59/41 74/60/42
f 68/58/40 74/60/42 78/61/43
f 68/58/40 78/61/43 23/62/15
f 68/58/40 23/62/15 20/41/14
f 80/63/44 3/3/3 24/16/16
f 80/63/44 24/16/16 84/64/45
f 80/63/44 84/64/45 88/65/46
f 80/63/44 88/65/46 91/66/47
f 80/63/44 91/66/47 4/4/4
f 80/63/44 4/4/4 3/3/3
f 98/67/48 6/5/5 4/4/4
f 98/67/48 4/4/4 91/66/47
f 97/68/48 90/69/47 103/70/49
f 97/68/48 103/70/49 105/71/50
f 97/68/48 105/71/50 33/24/22
f 97/68/48 33/24/22 5/23/5
f 111/72/51 114/73/52 118/74/53
f 111/72/51 118/74/53 121/75/54
f 111/72/51 121/75/54 125/76/55
f 111/72/51 125/76/55 127/77/56
f 111/72/51 127/77/56 131/78/57
f 111/72/51 131/78/57 136/79/58
f 111/72/51 136/79/58 114/73/52
f 140/80/59 48/39/31 46/36/29
f 140/80/59 46/36/29 44/81/28
f 139/82/60 43/33/28 144/83/61
f 140/80/59 145/84/61 150/85/62
f 140/80/59 150/85/62 136/79/58
f 140/80/59 136/79/58 48/39/31
f 131/78/57 127/77/56 155/86/63
f 131/78/57 155/86/63 71/59/41
f 131/78/57 71/59/41 49/40/32
f 131/78/57 49/40/32 48/39/31
f 131/78/57 48/39/31 136/79/58
f 159/87/64 113/88/52 144/83/61
f 159/87/64 144/83/61 163/89/65
f 159/87/64 163/89/65 165/90/66
f 159/87/64 165/90/66 169/91/67
f 159/87/64 169/91/67 172/92/68
f 159/87/64 172/92/68 117/93/53
f 160/94/64 118/74/53 114/73/52
f 114/73/52 136/79/58 150/85/62
f 114/73/52 150/85/62 145/84/61
f 179/95/69 35/26/24 34/25/23
f 179/95/69 34/25/23 182/96/70
f 179/95/69 182/96/70 184/97/71
f 179/95/69 184/97/71 187/98/72
f 179/95/69 187/98/72 53/45/34
f 179/95/69 53/45/34 35/26/24
f 42/32/27 41/31/26 191/99/73
f 42/32/27 191/99/73 192/100/74
f 42/32/27 192/100/74 163/89/65
f 42/32/27 163/89/65 43/33/28
f 163/89/65 144/83/61 43/33/28
f 193/101/75 27/50/19 56/49/36
f 193/101/75 56/49/36 194/102/76
f 193/101/75 194/102/76 198/103/77
f 193/101/75 198/103/77 59/54/38
f 193/101/75 59/54/38 29/53/20
f 193/101/75 29/53/20 27/50/19
f 61/55/39 59/54/38 203/104/78
f 61/55/39 203/104/78 207/105/79
f 62/106/39 208/107/79 191/99/73
f 62/106/39 191/99/73 41/31/26
f 211/108/80 33/24/22 105/71/50
f 211/108/80 105/71/50 216/109/81
f 211/108/80 216/109/81 219/110/82
f 211/108/80 219/110/82 182/96/70
f 211/108/80 182/96/70 34/25/23
f 211/108/80 34/25/23 33/24/22
f 224/111/83 56/49/36 55/48/35
f 224/111/83 55/48/35 225/112/84
f 224/111/83 225/112/84 227/113/85
f 224/111/83 227/113/85 229/114/86
f 224/111/83 229/114/86 194/102/76
f 224/111/83 194/102/76 56/49/36
f 198/103/77 194/102/76 232/115/87
f 198/103/77 232/115/87 236/116/88
f 198/103/77 236/116/88 203/104/78
f 198/103/77 203/104/78 59/54/38
f 240/117/89 22/118/15 77/119/43
f 240/117/89 77/119/43 244/120/90
f 240/117/89 244/120/90 248/121/91
f 240/117/89 248/121/91 85/122/45
f 239/123/89 84/64/45 24/16/16
f 239/123/89 24/16/16 21/15/15
f 249/124/92 90/69/47 87/125/46
f 249/124/92 87/125/46 250/126/93
f 249/124/92 250/126/93 252/127/94
f 249/124/92 252/127/94 255/128/95
f 249/124/92 255/128/95 103/70/49
f 249/124/92 103/70/49 90/69/47
f 155/86/63 127/77/56 125/76/55
f 155/86/63 125/76/55 264/129/96
f 155/86/63 264/129/96 267/130/97
f 155/86/63 267/130/97 271/131/98
f 155/86/63 271/131/98 273/132/99
f 155/86/63 273/132/99 71/59/41
f 278/133/100 121/75/54 118/74/53
f 278/133/100 118/74/53 173/134/68
f 277/135/100 171/136/68 281/137/101
f 279/138/100 283/139/101 286/140/102
f 279/138/100 286/140/102 288/141/103
f 278/133/100 287/142/103 121/75/54
f 291/143/104 122/144/54 288/141/103
f 291/143/104 288/141/103 295/145/105
f 291/143/104 295/145/105 298/146/106
f 291/143/104 298/146/106 301/147/107
f 291/143/104 301/147/107 265/148/96
f 290/149/104 264/129/96 125/76/55
f 290/149/104 125/76/55 121/75/54
f 307/150/108 172/92/68 169/91/67
f 307/150/108 169/91/67 311/151/109
f 308/152/108 312/153/109 314/154/110
f 308/152/108 314/154/110 317/155/111
f 308/152/108 317/155/111 320/156/112
f 308/152/108 320/156/112 282/157/101
f 308/152/108 282/157/101 174/158/68
f 325/159/113 54/47/34 188/160/72
f 325/159/113 188/160/72 328/161/114
f 325/159/113 328/161/114 331/162/115
f 325/159/113 331/162/115 225/112/84
f 325/159/113 225/112/84 55/48/35
f 325/159/113 55/48/35 54/47/34
f 192/100/74 191/99/73 335/163/116
f 192/100/74 335/163/116 338/164/117
f 192/100/74 338/164/117 341/165/118
f 192/100/74 341/165/118 165/90/66
f 192/100/74 165/90/66 163/89/65
f 341/165/118 338/164/117 345/166/119
f 341/165/118 345/166/119 346/167/120
f 341/165/118 346/167/120 311/151/109
f 341/165/118 311/151/109 169/91/67
f 341/165/118 169/91/67 165/90/66
f 207/105/79 203/104/78 350/168/121
f 208/107/79 351/169/122 355/170/123
f 208/107/79 355/170/123 335/163/116
f 208/107/79 335/163/116 191/99/73
f 358/171/124 103/70/49 255/128/95
f 358/171/124 255/128/95 360/172/125
f 358/171/124 360/172/125 361/173/126
f 358/171/124 361/173/126 216/109/81
f 358/171/124 216/109/81 105/71/50
f 358/171/124 105/71/50 103/70/49
f 273/132/99 271/131/98 365/174/127
f 274/175/99 367/176/127 370/177/128
f 273/132/99 369/178/128 74/60/42
f 273/132/99 74/60/42 71/59/41
f 377/179/129 288/141/103 286/140/102
f 377/179/129 286/140/102 382/180/130
f 377/179/129 382/180/130 386/181/131
f 377/179/129 386/181/131 390/182/132
f 377/179/129 390/182/132 295/145/105
f 377/179/129 295/145/105 288/141/103
f 395/183/133 182/96/70 219/110/82
f 395/183/133 219/110/82 398/184/134
f 396/185/133 399/186/135 403/187/136
f 396/185/133 403/187/136 406/188/137
f 395/183/133 405/189/137 184/97/71
f 395/183/133 184/97/71 182/96/70
f 410/190/138 184/97/71 405/189/137
f 411/191/138 406/188/137 414/192/139
f 411/191/138 414/192/139 419/193/140
f 409/194/141 417/195/140 328/161/114
f 410/190/138 327/196/142 187/98/72
f 410/190/138 187/98/72 184/97/71
f 424/197/143 282/157/101 320/156/112
f 424/197/143 320/156/112 427/198/144
f 424/197/143 427/198/144 432/199/145
f 423/200/143 431/201/145 380/202/130
f 423/200/143 380/202/130 284/203/102
f 424/197/143 285/204/102 282/157/101
f 229/114/86 227/113/85 438/205/146
f 229/114/86 438/205/146 439/206/147
f 229/114/86 439/206/147 232/115/87
f 229/114/86 232/115/87 194/102/76
f 236/116/88 232/115/87 442/207/148
f 236/116/88 442/207/148 444/208/149
f 237/209/150 445/210/149 352/211/122
f 236/116/88 350/168/121 203/104/78
f 449/212/151 335/163/116 355/170/123
f 449/212/151 355/170/123 454/213/152
f 449/212/151 454/213/152 457/214/153
f 449/212/151 457/214/153 460/215/154
f 449/212/151 460/215/154 338/164/117
f 449/212/151 338/164/117 335/163/116
f 463/216/155 85/122/45 248/121/91
f 463/216/155 248/121/91 466/217/156
f 463/216/155 466/217/156 468/218/157
f 463/216/155 468/218/157 251/219/93
f 463/216/155 251/219/93 89/220/46
f 463/216/155 89/220/46 85/122/45
f 475/221/158 75/222/42 370/177/128
f 475/221/158 370/177/128 478/223/159
f 475/221/158 478/223/159 480/224/160
f 475/221/158 480/224/160 245/225/90
f 475/221/158 245/225/90 79/226/43
f 475/221/158 79/226/43 75/222/42
f 484/227/161 219/110/82 216/109/81
f 484/227/161 216/109/81 361/173/126
f 484/227/161 361/173/126 490/228/162
f 486/229/161 491/230/163 493/231/164
f 485/232/161 492/233/164 399/186/135
f 484/227/161 398/184/134 219/110/82
f 498/234/165 385/235/131 381/236/166
f 497/237/165 380/202/130 431/201/145
f 497/237/165 431/201/145 509/238/167
f 497/237/165 509/238/167 512/239/168
f 498/234/165 513/240/168 518/241/169
f 498/234/165 518/241/169 385/235/131
f 521/242/170 385/235/131 518/241/169
f 521/242/170 518/241/169 525/243/171
f 521/242/170 525/243/171 527/244/172
f 521/242/170 527/244/172 529/245/173
f 522/246/170 530/247/173 390/182/132
f 521/242/170 389/248/132 385/235/131
f 535/249/174 431/201/145 426/250/144
f 535/249/174 426/250/144 538/251/175
f 535/249/174 538/251/175 540/252/176
f 535/249/174 540/252/176 544/253/177
f 535/249/174 544/253/177 509/238/167
f 535/249/174 509/238/167 431/201/145
f 547/254/178 328/161/114 417/195/140
f 548/255/178 418/256/140 552/257/179
f 548/255/178 552/257/179 556/258/180
f 547/254/178 555/259/181 560/260/182
f 547/254/178 560/260/182 331/162/115
f 547/254/178 331/162/115 328/161/114
f 564/261/183 225/112/84 331/162/115
f 564/261/183 331/162/115 560/260/182
f 564/261/183 560/260/182 567/262/184
f 564/261/183 567/262/184 568/263/185
f 564/261/183 568/263/185 227/113/85
f 564/261/183 227/113/85 225/112/84
f 460/215/154 457/214/153 571/264/186
f 460/215/154 571/264/186 574/265/187
f 460/215/154 574/265/187 346/167/120
f 460/215/154 346/167/120 345/166/119
f 460/215/154 345/166/119 338/164/117
f 578/266/188 301/147/107 298/146/106
f 578/266/188 298/146/106 583/267/189
f 578/266/188 583/267/189 587/268/190
f 577/269/188 586/270/190 588/271/191
f 577/269/188 588/271/191 590/272/192
f 577/269/188 590/272/192 268/273/97
f 578/266/188 269/274/97 265/148/96
f 578/266/188 265/148/96 301/147/107
f 530/247/173 528/275/172 595/276/193
f 530/247/173 595/276/193 600/277/194
f 530/247/173 600/277/194 583/267/189
f 530/247/173 583/267/189 298/146/106
f 530/247/173 298/146/106 295/145/105
f 530/247/173 295/145/105 390/182/132
f 603/278/195 518/241/169 513/240/168
f 603/278/195 513/240/168 611/279/7
f 603/278/195 611/279/7 616/280/196
f 603/278/195 616/280/196 621/281/197
f 603/278/195 621/281/197 525/243/171
f 603/278/195 525/243/171 518/241/169
f 623/282/198 509/238/167 544/253/177
f 623/282/198 544/253/177 626/283/199
f 623/282/198 626/283/199 629/284/200
f 623/282/198 629/284/200 610/285/7
f 623/282/198 610/285/7 512/239/168
f 623/282/198 512/239/168 509/238/167
f 539/286/175 427/198/144 320/156/112
f 539/286/175 320/156/112 317/155/111
f 539/286/175 317/155/111 632/287/201
f 539/286/175 632/287/201 636/288/202
f 539/286/175 636/288/202 641/289/203
f 539/286/175 641/289/203 541/290/176
f 647/291/204 314/154/110 312/153/109
f 647/291/204 312/153/109 347/292/120
f 647/291/204 347/292/120 575/293/187
f 647/291/204 575/293/187 656/294/205
f 647/291/204 656/294/205 659/295/206
f 647/291/204 659/295/206 632/287/201
f 647/291/204 632/287/201 317/155/111
f 647/291/204 317/155/111 314/154/110
f 568/263/185 567/262/184 664/296/207
f 568/263/185 664/296/207 665/297/208
f 568/263/185 665/297/208 438/205/146
f 568/263/185 438/205/146 227/113/85
f 439/206/147 438/205/146 670/298/209
f 439/206/147 670/298/209 673/299/210
f 439/206/147 673/299/210 442/207/148
f 439/206/147 442/207/148 232/115/87
f 678/300/211 352/211/122 445/210/149
f 678/300/211 445/210/149 683/301/212
f 678/300/211 683/301/212 686/302/213
f 677/303/211 687/304/213 454/213/152
f 677/303/211 454/213/152 355/170/123
f 677/303/211 355/170/123 351/169/122
f 692/305/214 244/120/90 479/306/215
f 692/305/214 479/306/215 695/307/216
f 692/305/214 695/307/216 699/308/217
f 692/305/214 699/308/217 466/217/156
f 692/305/214 466/217/156 248/121/91
f 692/305/214 248/121/91 244/120/90
f 701/309/218 595/276/193 528/275/172
f 700/310/218 527/244/172 706/311/219
f 700/310/218 706/311/219 711/312/220
f 701/309/218 712/313/221 715/314/222
f 701/309/218 715/314/222 722/315/223
f 701/309/218 722/315/223 595/276/193
f 721/316/223 714/317/222 726/318/224
f 721/316/223 726/318/224 728/319/225
f 721/316/223 728/319/225 729/320/226
f 722/315/223 730/321/227 600/277/194
f 722/315/223 600/277/194 595/276/193
f 587/268/190 583/267/189 600/277/194
f 587/268/190 600/277/194 730/321/227
f 586/270/190 729/320/226 734/322/228
f 586/270/190 734/322/228 588/271/191
f 365/174/127 271/131/98 267/130/97
f 366/323/127 268/273/97 590/272/192
f 367/176/127 591/324/192 739/325/229
f 367/176/127 739/325/229 740/326/230
f 367/176/127 740/326/230 370/177/128
f 741/327/231 399/186/135 492/233/164
f 741/327/231 492/233/164 744/328/232
f 741/327/231 744/328/232 747/329/233
f 741/327/231 747/329/233 749/330/234
f 741/327/231 749/330/234 403/187/136
f 741/327/231 403/187/136 399/186/135
f 753/331/235 756/332/236 761/333/237
f 753/331/235 761/333/237 765/334/238
f 753/331/235 765/334/238 767/335/239
f 753/331/235 767/335/239 770/336/240
f 753/331/235 770/336/240 756/332/236
f 777/337/7 757/338/236 616/280/196
f 777/337/7 616/280/196 782/339/241
f 777/337/7 782/339/241 785/340/242
f 776/341/7 784/342/243 761/333/237
f 777/337/7 762/343/237 757/338/236
f 770/336/240 767/335/239 789/344/244
f 770/336/240 789/344/244 620/345/197
f 771/346/240 621/281/197 616/280/196
f 771/346/240 616/280/196 757/338/236
f 765/334/238 761/333/237 784/342/243
f 765/334/238 784/342/243 794/347/245
f 765/334/238 794/347/245 795/348/246
f 765/334/238 795/348/246 797/349/247
f 765/334/238 797/349/247 800/350/248
f 765/334/238 800/350/248 767/335/239
f 782/339/241 616/280/196 611/279/7
f 780/351/241 610/285/7 629/284/200
f 780/351/241 629/284/200 803/352/7
f 780/351/241 803/352/7 807/353/249
f 780/351/241 807/353/249 793/354/245
f 781/355/241 794/347/245 784/342/243
f 811/356/139 406/188/137 403/187/136
f 811/356/139 403/187/136 749/330/234
f 811/356/139 749/330/234 816/357/250
f 811/356/139 816/357/250 817/358/251
f 811/356/139 817/358/251 414/192/139
f 811/356/139 414/192/139 406/188/137
f 820/359/252 807/353/249 803/352/7
f 820/359/252 803/352/7 823/360/253
f 820/359/252 823/360/253 824/361/254
f 820/359/252 824/361/254 827/362/255
f 820/359/252 827/362/255 807/353/249
f 827/362/255 824/361/254 829/363/256
f 827/362/255 829/363/256 832/364/257
f 827/362/255 832/364/257 834/365/258
f 827/362/255 834/365/258 796/366/246
f 827/362/255 796/366/246 793/354/245
f 827/362/255 793/354/245 807/353/249
f 629/284/200 626/283/199 839/367/259
f 629/284/200 839/367/259 823/360/253
f 629/284/200 823/360/253 803/352/7
f 839/367/259 626/283/199 843/368/260
f 839/367/259 843/368/260 829/363/256
f 839/367/259 829/363/256 824/361/254
f 839/367/259 824/361/254 823/360/253
f 847/369/261 419/193/140 414/192/139
f 847/369/261 414/192/139 817/358/251
f 847/369/261 817/358/251 850/370/262
f 847/369/261 850/370/262 853/371/263
f 846/372/261 852/373/263 552/257/179
f 846/372/261 552/257/179 418/256/140
f 856/374/264 641/289/203 636/288/202
f 856/374/264 636/288/202 859/375/265
f 856/374/264 859/375/265 863/376/266
f 856/374/264 863/376/266 865/377/267
f 856/374/264 865/377/267 868/378/268
f 856/374/264 868/378/268 872/379/269
f 856/374/264 872/379/269 641/289/203
f 871/380/269 867/381/268 875/382/270
f 871/380/269 875/382/270 879/383/271
f 871/380/269 879/383/271 540/252/176
f 872/379/269 541/290/176 641/289/203
f 882/384/272 251/219/93 468/218/157
f 882/384/272 468/218/157 887/385/273
f 882/384/272 887/385/273 890/386/274
f 882/384/272 890/386/274 892/387/275
f 882/384/272 892/387/275 253/388/276
f 882/384/272 253/388/276 251/219/93
f 740/326/230 739/325/229 897/389/277
f 740/326/230 897/389/277 901/390/278
f 740/326/230 901/390/278 478/223/159
f 740/326/230 478/223/159 370/177/128
f 904/391/279 255/128/95 252/127/94
f 904/391/279 252/127/94 891/392/275
f 904/391/279 891/392/275 907/393/280
f 904/391/279 907/393/280 912/394/281
f 904/391/279 912/394/281 360/172/125
f 904/391/279 360/172/125 255/128/95
f 917/395/282 527/244/172 525/243/171
f 917/395/282 525/243/171 621/281/197
f 917/395/282 621/281/197 921/396/283
f 917/395/282 921/396/283 923/397/284
f 917/395/282 923/397/284 527/244/172
f 923/397/284 921/396/283 927/398/285
f 923/397/284 927/398/285 929/399/286
f 923/397/284 929/399/286 706/311/219
f 923/397/284 706/311/219 527/244/172
f 933/400/287 361/173/126 360/172/125
f 933/400/287 360/172/125 912/394/281
f 934/401/287 913/402/281 936/403/288
f 934/401/287 936/403/288 939/404/289
f 934/401/287 939/404/289 491/230/163
f 933/400/287 490/228/162 361/173/126
f 789/344/244 767/335/239 800/350/248
f 789/344/244 800/350/248 942/405/290
f 789/344/244 942/405/290 948/406/291
f 789/344/244 948/406/291 950/407/292
f 789/344/244 950/407/292 920/408/283
f 790/409/244 921/396/283 621/281/197
f 953/410/293 626/283/199 544/253/177
f 953/410/293 544/253/177 540/252/176
f 953/410/293 540/252/176 961/411/294
f 953/410/293 961/411/294 962/412/295
f 953/410/293 962/412/295 626/283/199
f 843/368/260 626/283/199 962/412/295
f 843/368/260 962/412/295 965/413/296
f 843/368/260 965/413/296 967/414/297
f 843/368/260 967/414/297 969/415/298
f 843/368/260 969/415/298 832/364/257
f 843/368/260 832/364/257 829/363/256
f 961/411/294 540/252/176 879/383/271
f 961/411/294 879/383/271 973/416/299
f 961/411/294 973/416/299 975/417/300
f 961/411/294 975/417/300 962/412/295
f 978/418/301 561/419/182 557/420/180
f 978/418/301 557/420/180 982/421/302
f 978/418/301 982/421/302 983/422/303
f 978/418/301 983/422/303 987/423/304
f 977/424/301 986/425/304 567/262/184
f 977/424/301 567/262/184 560/260/182
f 659/295/206 656/294/205 991/426/305
f 659/295/206 991/426/305 859/375/265
f 659/295/206 859/375/265 636/288/202
f 659/295/206 636/288/202 632/287/201
f 734/322/228 729/320/226 728/319/225
f 734/322/228 728/319/225 997/427/306
f 734/322/228 997/427/306 1002/428/307
f 734/322/228 1002/428/307 1003/429/308
f 734/322/228 1003/429/308 1005/430/309
f 734/322/228 1005/430/309 588/271/191
f 1006/431/310 797/349/247 1009/432/7
f 1006/431/310 1009/432/7 1014/433/311
f 1006/431/310 1014/433/311 1020/434/312
f 1006/431/310 1020/434/312 1024/435/313
f 1006/431/310 1024/435/313 1029/436/314
f 1006/431/310 1029/436/314 797/349/247
f 1009/432/7 797/349/247 795/348/246
f 1010/437/7 796/366/246 834/365/258
f 1010/437/7 834/365/258 1032/438/315
f 1010/437/7 1032/438/315 1015/439/311
f 1029/436/314 1024/435/313 1035/440/316
f 1029/436/314 1035/440/316 1038/441/317
f 1029/436/314 1038/441/317 800/350/248
f 1029/436/314 800/350/248 797/349/247
f 1045/442/318 1015/439/311 1032/438/315
f 1045/442/318 1032/438/315 1050/443/319
f 1046/444/318 1051/445/319 1053/446/320
f 1046/444/318 1053/446/320 1055/447/321
f 1046/444/318 1055/447/321 1058/448/322
f 1046/444/318 1058/448/322 1017/449/323
f 1058/448/322 1055/447/321 1062/450/324
f 1057/451/325 1061/452/324 1065/453/326
f 1057/451/325 1065/453/326 1021/454/312
f 1057/451/325 1021/454/312 1016/455/311
f 1069/456/327 1032/438/315 834/365/258
f 1069/456/327 834/365/258 832/364/257
f 1069/456/327 832/364/257 1073/457/328
f 1069/456/327 1073/457/328 1076/458/329
f 1069/456/327 1076/458/329 1050/443/319
f 1069/456/327 1050/443/319 1032/438/315
f 991/426/305 656/294/205 1080/459/330
f 991/426/305 1080/459/330 1084/460/331
f 991/426/305 1084/460/331 1086/461/332
f 991/426/305 1086/461/332 1089/462/333
f 991/426/305 1089/462/333 863/376/266
f 991/426/305 863/376/266 859/375/265
f 665/297/208 664/296/207 1094/463/334
f 665/297/208 1094/463/334 1095/464/335
f 665/297/208 1095/464/335 670/298/209
f 665/297/208 670/298/209 438/205/146
f 1098/465/336 443/466/148 674/467/210
f 1098/465/336 674/467/210 1101/468/337
f 1098/465/336 1101/468/337 1104/469/338
f 1098/465/336 1104/469/338 683/301/212
f 1098/465/336 683/301/212 445/210/149
f 1098/465/336 445/210/149 443/466/148
f 1107/470/339 457/214/153 454/213/152
f 1107/470/339 454/213/152 687/304/213
f 1107/470/339 687/304/213 1110/471/340
f 1107/470/339 1110/471/340 1112/472/341
f 1107/470/339 1112/472/341 1114/473/342
f 1107/470/339 1114/473/342 457/214/153
f 1114/473/342 1112/472/341 1117/474/343
f 1114/473/342 1117/474/343 1118/475/344
f 1114/473/342 1118/475/344 571/264/186
f 1114/473/342 571/264/186 457/214/153
f 1123/476/345 478/223/159 901/390/278
f 1123/476/345 901/390/278 1126/477/346
f 1123/476/345 1126/477/346 1128/478/347
f 1123/476/345 1128/478/347 696/479/216
f 1123/476/345 696/479/216 480/224/160
f 1123/476/345 480/224/160 478/223/159
f 590/272/192 588/271/191 1005/430/309
f 590/272/192 1005/430/309 1133/480/348
f 590/272/192 1133/480/348 738/481/229
f 929/399/286 927/398/285 1138/482/349
f 928/483/350 1137/484/349 1140/485/351
f 929/399/286 1142/486/351 1145/487/352
f 929/399/286 1145/487/352 1148/488/353
f 929/399/286 1148/488/353 711/312/220
f 929/399/286 711/312/220 706/311/219
f 1154/489/354 491/230/163 939/404/289
f 1154/489/354 939/404/289 1155/490/355
f 1154/489/354 1155/490/355 1160/491/356
f 1154/489/354 1160/491/356 745/492/232
f 1154/489/354 745/492/232 493/231/164
f 1154/489/354 493/231/164 491/230/163
f 1166/493/357 1038/441/317 1035/440/316
f 1166/493/357 1035/440/316 1169/494/358
f 1167/495/357 1170/496/359 1174/497/360
f 1166/493/357 1173/498/360 1177/499/361
f 1166/493/357 1177/499/361 1183/500/362
f 1166/493/357 1183/500/362 1038/441/317
f 942/405/290 800/350/248 1038/441/317
f 942/405/290 1038/441/317 1183/500/362
f 942/405/290 1183/500/362 948/406/291
f 950/407/292 948/406/291 1189/501/363
f 950/407/292 1189/501/363 1137/484/349
f 950/407/292 1137/484/349 926/502/285
f 950/407/292 926/502/285 920/408/283
f 1194/503/364 1021/454/312 1065/453/326
f 1194/503/364 1065/453/326 1197/504/365
f 1194/503/364 1197/504/365 1198/505/366
f 1194/503/364 1198/505/366 1170/496/359
f 1194/503/364 1170/496/359 1025/506/313
f 1194/503/364 1025/506/313 1021/454/312
f 1073/457/328 832/364/257 969/415/298
f 1073/457/328 969/415/298 1203/507/367
f 1073/457/328 1203/507/367 1206/508/368
f 1073/457/328 1206/508/368 1076/458/329
f 965/413/296 962/412/295 975/417/300
f 965/413/296 975/417/300 1215/509/369
f 966/510/370 1216/511/369 1220/512/371
f 965/413/296 1219/513/371 967/414/297
f 1221/514/372 556/258/180 552/257/179
f 1221/514/372 552/257/179 852/373/263
f 1221/514/372 852/373/263 1227/515/373
f 1221/514/372 1227/515/373 1229/516/374
f 1221/514/372 1229/516/374 981/517/302
f 1221/514/372 981/517/302 556/258/180
f 973/416/299 879/383/271 875/382/270
f 973/416/299 875/382/270 1234/518/375
f 974/519/299 1235/520/375 1238/521/376
f 974/519/299 1238/521/376 1241/522/377
f 974/519/299 1241/522/377 1216/511/369
f 973/416/299 1215/509/369 975/417/300
f 1242/523/378 574/265/187 571/264/186
f 1242/523/378 571/264/186 1118/475/344
f 1243/524/378 1119/525/344 1245/526/379
f 1243/524/378 1245/526/379 1084/460/331
f 1243/524/378 1084/460/331 1080/459/330
f 1243/524/378 1080/459/330 575/293/187
f 575/293/187 1080/459/330 656/294/205
f 1248/527/380 466/217/156 699/308/217
f 1248/527/380 699/308/217 1250/528/381
f 1248/527/380 1250/528/381 1253/529/382
f 1248/527/380 1253/529/382 887/385/273
f 1248/527/380 887/385/273 468/218/157
f 1248/527/380 468/218/157 466/217/156
f 1255/530/383 738/481/229 1133/480/348
f 1255/530/383 1133/480/348 1259/531/384
f 1255/530/383 1259/531/384 1261/532/385
f 1255/530/383 1261/532/385 1263/533/386
f 1255/530/383 1263/533/386 896/534/277
f 1256/535/383 897/389/277 739/325/229
f 726/318/224 714/317/222 710/536/387
f 726/318/224 710/536/387 1147/537/353
f 726/318/224 1147/537/353 728/319/225
f 1170/496/359 1036/538/316 1025/506/313
f 1270/539/388 1065/453/326 1061/452/324
f 1270/539/388 1061/452/324 1275/540/168
f 1270/539/388 1275/540/168 1279/541/389
f 1270/539/388 1279/541/389 1283/542/390
f 1270/539/388 1283/542/390 1197/504/365
f 1270/539/388 1197/504/365 1065/453/326
f 1284/543/391 1062/450/324 1055/447/321
f 1284/543/391 1055/447/321 1286/544/392
f 1284/543/391 1286/544/392 1289/545/393
f 1284/543/391 1289/545/393 1293/546/394
f 1284/543/391 1293/546/394 1276/547/168
f 1284/543/391 1276/547/168 1062/450/324
f 1053/446/320 1051/445/319 1297/548/395
f 1053/446/320 1297/548/395 1300/549/396
f 1053/446/320 1300/549/396 1286/544/392
f 1053/446/320 1286/544/392 1055/447/321
f 1297/548/395 1051/445/319 1077/550/329
f 1297/548/395 1077/550/329 1208/551/368
f 1297/548/395 1208/551/368 1303/552/397
f 1297/548/395 1303/552/397 1300/549/396
f 987/423/304 983/422/303 1309/553/398
f 987/423/304 1309/553/398 1312/554/399
f 986/425/304 1311/555/399 664/296/207
f 986/425/304 664/296/207 567/262/184
f 865/377/267 863/376/266 1236/556/375
f 865/377/267 1236/556/375 876/557/400
f 865/377/267 876/557/400 868/378/268
f 1316/558/401 901/390/278 897/389/277
f 1316/558/401 897/389/277 1264/559/386
f 1316/558/401 1264/559/386 1321/560/402
f 1316/558/401 1321/560/402 1325/561/403
f 1316/558/401 1325/561/403 1126/477/346
f 1316/558/401 1126/477/346 901/390/278
f 1330/562/404 912/394/281 907/393/280
f 1331/563/404 908/564/280 1334/565/405
f 1331/563/404 1334/565/405 1336/566/406
f 1332/567/404 1337/568/406 1340/569/407
f 1332/567/404 1340/569/407 936/403/288
f 1332/567/404 936/403/288 913/402/281
f 1342/570/408 1279/541/389 1344/571/409
f 1342/570/408 1344/571/409 1348/572/410
f 1342/570/408 1348/572/410 1351/573/411
f 1342/570/408 1351/573/411 1354/574/412
f 1342/570/408 1354/574/412 1357/575/413
f 1342/570/408 1357/575/413 1279/541/389
f 1344/571/409 1279/541/389 1275/540/168
f 1345/576/409 1276/547/168 1293/546/394
f 1345/576/409 1293/546/394 1358/577/414
f 1345/576/409 1358/577/414 1349/578/410
f 1357/575/413 1354/574/412 1362/579/415
f 1357/575/413 1362/579/415 1364/580/416
f 1357/575/413 1364/580/416 1283/542/390
f 1357/575/413 1283/542/390 1279/541/389
f 1368/581/417 1372/582/418 1374/583/419
f 1368/581/417 1374/583/419 1377/584/420
f 1368/581/417 1377/584/420 1379/585/421
f 1369/586/417 1380/587/422 1382/588/423
f 1369/586/417 1382/588/423 1383/589/424
f 1369/586/417 1383/589/424 1373/590/425
f 1385/591/426 1373/590/425 1383/589/424
f 1385/591/426 1383/589/424 1387/592/427
f 1385/591/426 1387/592/427 1389/593/428
f 1385/591/426 1389/593/428 1390/594/429
f 1385/591/426 1390/594/429 1393/595/430
f 1385/591/426 1393/595/430 1373/590/425
f 1395/596/431 1372/582/418 1392/597/430
f 1395/596/431 1392/597/430 1397/598/432
f 1395/596/431 1397/598/432 1399/599/433
f 1395/596/431 1399/599/433 1401/600/434
f 1395/596/431 1401/600/434 1374/583/419
f 1395/596/431 1374/583/419 1372/582/418
f 1403/601/435 1358/577/414 1293/546/394
f 1403/601/435 1293/546/394 1289/545/393
f 1403/601/435 1289/545/393 1407/602/436
f 1403/601/435 1407/602/436 1410/603/437
f 1403/601/435 1410/603/437 1413/604/438
f 1403/601/435 1413/604/438 1358/577/414
f 1416/605/439 1358/577/414 1413/604/438
f 1416/605/439 1413/604/438 1420/606/440
f 1416/605/439 1420/606/440 1422/607/441
f 1416/605/439 1422/607/441 1429/608/168
f 1416/605/439 1429/608/168 1349/578/410
f 1416/605/439 1349/578/410 1358/577/414
f 968/609/297 1220/512/371 1432/610/442
f 968/609/297 1432/610/442 1435/611/443
f 968/609/297 1435/611/443 1204/612/367
f 967/414/297 1203/507/367 969/415/298
f 1443/613/444 670/298/209 1095/464/335
f 1443/613/444 1095/464/335 1447/614/445
f 1444/615/444 1448/616/445 1451/617/446
f 1444/615/444 1451/617/446 1101/468/337
f 1444/615/444 1101/468/337 674/467/210
f 1443/613/444 673/299/210 670/298/209
f 1452/618/447 728/319/225 1147/537/353
f 1452/618/447 1147/537/353 1455/619/448
f 1452/618/447 1455/619/448 1458/620/449
f 1452/618/447 1458/620/449 997/427/306
f 1452/618/447 997/427/306 728/319/225
f 1003/429/308 1002/428/307 1462/621/450
f 1003/429/308 1462/621/450 1259/531/384
f 1003/429/308 1259/531/384 1133/480/348
f 1003/429/308 1133/480/348 1005/430/309
f 1467/622/451 892/387/275 890/386/274
f 1467/622/451 890/386/274 1469/623/452
f 1467/622/451 1469/623/452 1472/624/453
f 1467/622/451 1472/624/453 1335/625/405
f 1467/622/451 1335/625/405 909/626/280
f 1467/622/451 909/626/280 892/387/275
f 1475/627/454 1183/500/362 1177/499/361
f 1476/628/454 1178/629/361 1478/630/455
f 1476/628/454 1478/630/455 1480/631/456
f 1475/627/454 1479/632/457 948/406/291
f 1475/627/454 948/406/291 1183/500/362
f 1198/505/366 1197/504/365 1482/633/458
f 1198/505/366 1482/633/458 1484/634/459
f 1198/505/366 1484/634/459 1485/635/460
f 1198/505/366 1485/635/460 1174/497/360
f 1198/505/366 1174/497/360 1170/496/359
f 1482/633/458 1197/504/365 1283/542/390
f 1482/633/458 1283/542/390 1364/580/416
f 1482/633/458 1364/580/416 1492/636/461
f 1482/633/458 1492/636/461 1484/634/459
f 1351/573/411 1348/572/410 1428/637/168
f 1351/573/411 1428/637/168 1498/638/462
f 1351/573/411 1498/638/462 1502/639/463
f 1351/573/411 1502/639/463 1354/574/412
f 1387/592/427 1383/589/424 1382/588/423
f 1387/592/427 1382/588/423 1507/640/464
f 1387/592/427 1507/640/464 1509/641/465
f 1387/592/427 1509/641/465 1389/593/428
f 1513/642/466 1390/594/429 1515/643/467
f 1513/642/466 1515/643/467 1520/644/468
f 1512/645/466 1519/646/469 1525/647/470
f 1512/645/466 1525/647/470 1397/598/432
f 1512/645/466 1397/598/432 1392/597/430
f 1513/642/466 1393/595/430 1390/594/429
f 1531/648/471 1390/594/429 1389/593/428
f 1531/648/471 1389/593/428 1534/649/472
f 1531/648/471 1534/649/472 1535/650/473
f 1531/648/471 1535/650/473 1515/643/467
f 1531/648/471 1515/643/467 1390/594/429
f 1507/640/464 1382/588/423 1380/587/422
f 1507/640/464 1380/587/422 1543/651/474
f 1507/640/464 1543/651/474 1546/652/475
f 1507/640/464 1546/652/475 1549/653/476
f 1507/640/464 1549/653/476 1553/654/477
f 1507/640/464 1553/654/477 1509/641/465
f 1555/655/478 1521/656/468 1516/657/467
f 1555/655/478 1516/657/467 1536/658/473
f 1555/655/478 1536/658/473 1560/659/479
f 1555/655/478 1560/659/479 1562/660/480
f 1555/655/478 1562/660/480 1568/661/481
f 1555/655/478 1568/661/481 1521/656/468
f 1572/662/482 1518/663/468 1567/664/481
f 1572/662/482 1567/664/481 1574/665/483
f 1572/662/482 1574/665/483 1575/666/484
f 1572/662/482 1575/666/484 1577/667/485
f 1572/662/482 1577/667/485 1524/668/470
f 1572/662/482 1524/668/470 1518/663/468
f 1401/600/434 1399/599/433 1584/669/486
f 1401/600/434 1584/669/486 1587/670/487
f 1401/600/434 1587/670/487 1377/584/420
f 1401/600/434 1377/584/420 1374/583/419
f 1587/670/487 1584/669/486 1595/671/488
f 1587/670/487 1595/671/488 1599/672/489
f 1588/673/487 1600/674/489 1602/675/490
f 1588/673/487 1602/675/490 1542/676/491
f 1587/670/487 1541/677/491 1379/585/421
f 1587/670/487 1379/585/421 1377/584/420
f 1605/678/492 1397/598/432 1525/647/470
f 1605/678/492 1525/647/470 1578/679/485
f 1605/678/492 1578/679/485 1609/680/493
f 1605/678/492 1609/680/493 1399/599/433
f 1605/678/492 1399/599/433 1397/598/432
f 1613/681/494 1289/545/393 1286/544/392
f 1613/681/494 1286/544/392 1300/549/396
f 1613/681/494 1300/549/396 1618/682/495
f 1613/681/494 1618/682/495 1623/683/496
f 1613/681/494 1623/683/496 1407/602/436
f 1613/681/494 1407/602/436 1289/545/393
f 1626/684/497 1204/612/367 1435/611/443
f 1627/685/497 1436/686/443 1630/687/498
f 1627/685/497 1630/687/498 1633/688/499
f 1627/685/497 1633/688/499 1636/689/500
f 1627/685/497 1636/689/500 1640/690/501
f 1628/691/497 1641/692/502 1303/552/397
f 1628/691/497 1303/552/397 1208/551/368
f 1626/684/497 1207/693/368 1204/612/367
f 1089/462/333 1086/461/332 1649/694/503
f 1089/462/333 1649/694/503 1651/695/504
f 1089/462/333 1651/695/504 1654/696/505
f 1089/462/333 1654/696/505 1658/697/506
f 1089/462/333 1658/697/506 863/376/266
f 1658/697/506 1654/696/505 1661/698/507
f 1658/697/506 1661/698/507 1236/556/375
f 1658/697/506 1236/556/375 863/376/266
f 1312/554/399 1309/553/398 1672/699/508
f 1311/555/399 1670/700/508 1676/701/509
f 1311/555/399 1676/701/509 1094/463/334
f 1311/555/399 1094/463/334 664/296/207
f 1682/702/510 683/301/212 1104/469/338
f 1682/702/510 1104/469/338 1684/703/511
f 1682/702/510 1684/703/511 1688/704/512
f 1681/705/510 1687/706/512 1110/471/340
f 1681/705/510 1110/471/340 687/304/213
f 1682/702/510 686/302/213 683/301/212
f 1689/707/513 695/307/216 1127/708/347
f 1689/707/513 1127/708/347 1692/709/514
f 1689/707/513 1692/709/514 1695/710/515
f 1689/707/513 1695/710/515 1250/528/381
f 1689/707/513 1250/528/381 699/308/217
f 1689/707/513 699/308/217 695/307/216
f 1699/711/516 1137/484/349 1189/501/363
f 1699/711/516 1189/501/363 1703/712/517
f 1700/713/518 1704/714/519 1706/715/520
f 1700/713/518 1706/715/520 1141/716/351
f 1699/711/516 1140/485/351 1137/484/349
f 1480/631/456 1478/630/455 1704/714/519
f 1479/632/457 1703/712/517 1189/501/363
f 1479/632/457 1189/501/363 948/406/291
f 1709/717/521 1354/574/412 1502/639/463
f 1709/717/521 1502/639/463 1711/718/521
f 1709/717/521 1711/718/521 1713/719/522
f 1709/717/521 1713/719/522 1718/720/523
f 1709/717/521 1718/720/523 1362/579/415
f 1709/717/521 1362/579/415 1354/574/412
f 1723/721/524 1499/722/462 1727/723/7
f 1723/721/524 1727/723/7 1731/724/525
f 1723/721/524 1731/724/525 1562/660/480
f 1723/721/524 1562/660/480 1734/725/526
f 1723/721/524 1734/725/526 1736/726/527
f 1723/721/524 1736/726/527 1499/722/462
f 1727/723/7 1499/722/462 1430/727/168
f 1726/728/7 1427/729/168 1421/730/441
f 1726/728/7 1421/730/441 1738/731/528
f 1726/728/7 1738/731/528 1730/732/525
f 1736/726/527 1734/725/526 1743/733/529
f 1736/726/527 1743/733/529 1744/734/530
f 1736/726/527 1744/734/530 1712/735/521
f 1736/726/527 1712/735/521 1503/736/531
f 1736/726/527 1503/736/531 1499/722/462
f 1750/737/532 749/330/234 747/329/233
f 1750/737/532 747/329/233 1753/738/533
f 1750/737/532 1753/738/533 1754/739/534
f 1750/737/532 1754/739/534 1758/740/535
f 1750/737/532 1758/740/535 816/357/250
f 1750/737/532 816/357/250 749/330/234
f 1761/741/536 816/357/250 1758/740/535
f 1761/741/536 1758/740/535 1763/742/537
f 1761/741/536 1763/742/537 1767/743/538
f 1761/741/536 1767/743/538 850/370/262
f 1761/741/536 850/370/262 817/358/251
f 1761/741/536 817/358/251 816/357/250
f 1574/665/483 1567/664/481 1730/732/525
f 1574/665/483 1730/732/525 1738/731/528
f 1574/665/483 1738/731/528 1774/744/539
f 1574/665/483 1774/744/539 1575/666/484
f 1562/660/480 1731/724/525 1568/661/481
f 1775/745/540 1738/731/528 1421/730/441
f 1775/745/540 1421/730/441 1418/746/541
f 1775/745/540 1418/746/541 1777/747/542
f 1775/745/540 1777/747/542 1779/748/543
f 1775/745/540 1779/748/543 1780/749/544
f 1775/745/540 1780/749/544 1774/744/539
f 1775/745/540 1774/744/539 1738/731/528
f 1783/750/545 850/370/262 1767/743/538
f 1783/750/545 1767/743/538 1787/751/546
f 1783/750/545 1787/751/546 1791/752/547
f 1782/753/545 1790/754/547 1227/515/373
f 1782/753/545 1227/515/373 852/373/263
f 1783/750/545 853/371/263 850/370/262
f 1795/755/542 1412/756/438 1409/757/437
f 1795/755/542 1409/757/437 1797/758/548
f 1795/755/542 1797/758/548 1800/759/549
f 1795/755/542 1800/759/549 1778/760/542
f 1795/755/542 1778/760/542 1419/761/440
f 1795/755/542 1419/761/440 1412/756/438
f 1805/762/550 1300/549/396 1303/552/397
f 1805/762/550 1303/552/397 1809/763/551
f 1805/762/550 1809/763/551 1618/682/495
f 1805/762/550 1618/682/495 1300/549/396
f 1813/764/552 1216/511/369 1241/522/377
f 1813/764/552 1241/522/377 1816/765/553
f 1813/764/552 1816/765/553 1818/766/554
f 1813/764/552 1818/766/554 1220/512/371
f 1813/764/552 1220/512/371 1216/511/369
f 1820/767/555 887/385/273 1253/529/382
f 1820/767/555 1253/529/382 1823/768/556
f 1820/767/555 1823/768/556 1826/769/557
f 1820/767/555 1826/769/557 1469/623/452
f 1820/767/555 1469/623/452 890/386/274
f 1820/767/555 890/386/274 887/385/273
f 1456/770/448 1148/488/353 1145/487/352
f 1454/771/448 1144/772/352 1831/773/558
f 1454/771/448 1831/773/558 1835/774/559
f 1453/775/448 1834/776/559 1457/777/449
f 1838/778/560 936/403/288 1340/569/407
f 1838/778/560 1340/569/407 1840/779/561
f 1838/778/560 1840/779/561 1841/780/562
f 1838/778/560 1841/780/562 1155/490/355
f 1838/778/560 1155/490/355 939/404/289
f 1838/778/560 939/404/289 936/403/288
f 1844/781/563 1174/497/360 1485/635/460
f 1844/781/563 1485/635/460 1484/634/459
f 1844/781/563 1484/634/459 1849/782/564
f 1845/783/563 1850/784/564 1853/785/565
f 1845/783/563 1853/785/565 1856/786/566
f 1845/783/563 1856/786/566 1859/787/567
f 1845/783/563 1859/787/567 1863/788/568
f 1845/783/563 1863/788/568 1175/789/360
f 1179/790/361 1175/789/360 1863/788/568
f 1179/790/361 1863/788/568 1859/787/567
f 1179/790/361 1859/787/567 1868/791/569
f 1178/629/361 1867/792/569 1478/630/455
f 1869/793/570 1364/580/416 1362/579/415
f 1869/793/570 1362/579/415 1718/720/523
f 1869/793/570 1718/720/523 1872/794/571
f 1869/793/570 1872/794/571 1874/795/572
f 1869/793/570 1874/795/572 1492/636/461
f 1869/793/570 1492/636/461 1364/580/416
f 1877/796/573 1560/659/479 1536/658/473
f 1877/796/573 1536/658/473 1880/797/574
f 1877/796/573 1880/797/574 1883/798/575
f 1877/796/573 1883/798/575 1887/799/576
f 1877/796/573 1887/799/576 1743/733/529
f 1877/796/573 1743/733/529 1560/659/479
f 1743/733/529 1734/725/526 1560/659/479
f 1560/659/479 1734/725/526 1562/660/480
f 1534/649/472 1389/593/428 1903/800/577
f 1534/649/472 1903/800/577 1904/801/578
f 1534/649/472 1904/801/578 1879/802/574
f 1534/649/472 1879/802/574 1535/650/473
f 1905/803/579 747/329/233 744/328/232
f 1906/804/580 745/492/232 1160/491/356
f 1906/804/580 1160/491/356 1909/805/581
f 1906/804/580 1909/805/581 1914/806/582
f 1905/803/579 1911/807/582 1753/738/533
f 1905/803/579 1753/738/533 747/329/233
f 1903/800/577 1389/593/428 1509/641/465
f 1903/800/577 1509/641/465 1923/808/583
f 1903/800/577 1923/808/583 1928/809/584
f 1903/800/577 1928/809/584 1904/801/578
f 1930/810/585 1932/811/586 1933/812/587
f 1930/810/585 1933/812/587 1934/813/588
f 1930/810/585 1934/813/588 1936/814/589
f 1929/815/585 1935/816/589 1937/817/590
f 1929/815/585 1937/817/590 1939/818/591
f 1929/815/585 1939/818/591 1931/819/586
f 1931/819/586 1939/818/591 1545/820/475
f 1931/819/586 1545/820/475 1540/821/474
f 1932/811/586 1542/676/491 1602/675/490
f 1932/811/586 1602/675/490 1933/812/587
f 1943/822/592 1399/599/433 1609/680/493
f 1943/822/592 1609/680/493 1946/823/593
f 1943/822/592 1946/823/593 1948/824/594
f 1943/822/592 1948/824/594 1951/825/595
f 1943/822/592 1951/825/595 1584/669/486
f 1943/822/592 1584/669/486 1399/599/433
f 1953/826/596 1577/667/485 1575/666/484
f 1953/826/596 1575/666/484 1780/749/544
f 1953/826/596 1780/749/544 1956/827/597
f 1953/826/596 1956/827/597 1959/828/598
f 1953/826/596 1959/828/598 1962/829/599
f 1953/826/596 1962/829/599 1577/667/485
f 1962/829/599 1959/828/598 1966/830/600
f 1963/831/599 1967/832/600 1946/823/593
f 1963/831/599 1946/823/593 1609/680/493
f 1963/831/599 1609/680/493 1578/679/485
f 1780/749/544 1575/666/484 1774/744/539
f 1971/833/601 1406/834/436 1622/835/496
f 1971/833/601 1622/835/496 1974/836/602
f 1971/833/601 1974/836/602 1977/837/603
f 1971/833/601 1977/837/603 1797/758/548
f 1971/833/601 1797/758/548 1409/757/437
f 1971/833/601 1409/757/437 1406/834/436
f 1981/838/604 981/517/302 1229/516/374
f 1981/838/604 1229/516/374 1985/839/605
f 1981/838/604 1985/839/605 1988/840/606
f 1981/838/604 1988/840/606 1990/841/607
f 1982/842/604 1991/843/607 983/422/303
f 1982/842/604 983/422/303 982/421/302
f 1809/763/551 1303/552/397 1641/692/502
f 1807/844/608 1640/690/501 1636/689/500
f 1807/844/608 1636/689/500 1996/845/609
f 1808/846/610 1997/847/611 2004/848/612
f 1808/846/610 2004/848/612 2007/849/613
f 1808/846/610 2007/849/613 1617/850/495
f 1818/766/554 1816/765/553 2011/851/614
f 1818/766/554 2011/851/614 1629/852/498
f 1818/766/554 1629/852/498 1432/610/442
f 1818/766/554 1432/610/442 1220/512/371
f 1990/841/607 1988/840/606 2016/853/615
f 1992/854/607 2017/855/615 2020/856/616
f 1992/854/607 2020/856/616 1308/857/398
f 1991/843/607 1309/553/398 983/422/303
f 1661/698/507 1654/696/505 2023/858/617
f 1660/859/507 2022/860/617 2026/861/618
f 1660/859/507 2026/861/618 1238/521/376
f 1660/859/507 1238/521/376 1235/520/375
f 2028/862/619 1118/475/344 1117/474/343
f 2028/862/619 1117/474/343 2033/863/620
f 2029/864/619 2034/865/620 2038/866/621
f 2029/864/619 2038/866/621 2041/867/622
f 2029/864/619 2041/867/622 1245/526/379
f 2029/864/619 1245/526/379 1119/525/344
f 2044/868/623 1259/531/384 1462/621/450
f 2044/868/623 1462/621/450 2047/869/624
f 2044/868/623 2047/869/624 2049/870/625
f 2044/868/623 2049/870/625 1261/532/385
f 2044/868/623 1261/532/385 1259/531/384
f 2052/871/626 1002/428/307 997/427/306
f 2052/871/626 997/427/306 2056/872/627
f 2052/871/626 2056/872/627 2058/873/628
f 2053/874/626 2059/875/628 2062/876/629
f 2052/871/626 2061/877/629 1462/621/450
f 2052/871/626 1462/621/450 1002/428/307
f 1831/773/558 1144/772/352 1141/716/351
f 1831/773/558 1141/716/351 1706/715/520
f 1831/773/558 1706/715/520 2066/878/630
f 1831/773/558 2066/878/630 1835/774/559
f 1849/782/564 1484/634/459 1492/636/461
f 1849/782/564 1492/636/461 1874/795/572
f 1849/782/564 1874/795/572 2072/879/631
f 1849/782/564 2072/879/631 1852/880/565
f 2075/881/632 1883/798/575 1880/797/574
f 2074/882/632 1879/802/574 1904/801/578
f 2074/882/632 1904/801/578 2079/883/633
f 2074/882/632 2079/883/633 2081/884/634
f 2075/881/632 2083/885/634 2085/886/635
f 2075/881/632 2085/886/635 1883/798/575
f 2087/887/636 1882/888/637 2084/889/635
f 2087/887/636 2084/889/635 2090/890/638
f 2087/887/636 2090/890/638 2093/891/639
f 2087/887/636 2093/891/639 2095/892/640
f 2088/893/636 2096/894/640 1887/799/576
f 2088/893/636 1887/799/576 1883/798/575
f 2095/892/640 2093/891/639 2098/895/641
f 2095/892/640 2098/895/641 2101/896/642
f 2095/892/640 2101/896/642 2102/897/643
f 2095/892/640 2102/897/643 2104/898/644
f 2096/894/640 2105/899/644 1743/733/529
f 2096/894/640 1743/733/529 1887/799/576
f 2104/898/644 2102/897/643 1714/900/522
f 2105/899/644 1715/901/522 1744/734/530
f 2105/899/644 1744/734/530 1743/733/529
f 2107/902/645 1939/818/591 1937/817/590
f 2107/902/645 1937/817/590 2114/903/646
f 2107/902/645 2114/903/646 2117/904/647
f 2107/902/645 2117/904/647 2121/905/648
f 2107/902/645 2121/905/648 2122/906/649
f 2107/902/645 2122/906/649 1939/818/591
f 1548/907/476 1545/820/475 1939/818/591
f 1548/907/476 1939/818/591 2122/906/649
f 1548/907/476 2122/906/649 2121/905/648
f 1548/907/476 2121/905/648 2126/908/650
f 1547/909/476 2125/910/650 2129/911/651
f 1549/653/476 2130/912/651 1553/654/477
f 2134/913/652 1937/817/590 1935/816/589
f 2134/913/652 1935/816/589 2135/914/653
f 2134/913/652 2135/914/653 2138/915/654
f 2134/913/652 2138/915/654 2140/916/655
f 2134/913/652 2140/916/655 2114/903/646
f 2134/913/652 2114/903/646 1937/817/590
f 2144/917/656 1936/814/589 1934/813/588
f 2144/917/656 1934/813/588 2146/918/657
f 2144/917/656 2146/918/657 2147/919/658
f 2144/917/656 2147/919/658 2149/920/659
f 2144/917/656 2149/920/659 2136/921/653
f 2144/917/656 2136/921/653 1936/814/589
f 2151/922/660 1934/813/588 1933/812/587
f 2151/922/660 1933/812/587 2152/923/661
f 2151/922/660 2152/923/661 2155/924/662
f 2151/922/660 2155/924/662 2158/925/663
f 2151/922/660 2158/925/663 2146/918/657
f 2151/922/660 2146/918/657 1934/813/588
f 1598/926/489 1594/927/488 2159/928/664
f 1598/926/489 2159/928/664 2161/929/665
f 1600/674/489 2162/930/665 2155/924/662
f 1600/674/489 2155/924/662 2152/923/661
f 1600/674/489 2152/923/661 1933/812/587
f 1600/674/489 1933/812/587 1602/675/490
f 2166/931/666 1227/515/373 1790/754/547
f 2166/931/666 1790/754/547 2168/932/667
f 2166/931/666 2168/932/667 2169/933/668
f 2166/931/666 2169/933/668 1985/839/605
f 2166/931/666 1985/839/605 1229/516/374
f 2166/931/666 1229/516/374 1227/515/373
f 2171/934/669 1780/749/544 1779/748/543
f 2171/934/669 1779/748/543 1799/935/549
f 2172/936/669 1801/937/549 2173/938/670
f 2172/936/669 2173/938/670 2177/939/671
f 2171/934/669 2176/940/671 1780/749/544
f 2177/939/671 2173/938/670 2180/941/672
f 2177/939/671 2180/941/672 2182/942/673
f 2177/939/671 2182/942/673 2186/943/674
f 2176/940/671 2185/944/674 2188/945/675
f 2176/940/671 2188/945/675 1956/827/597
f 2176/940/671 1956/827/597 1780/749/544
f 2191/946/676 1966/830/600 1959/828/598
f 2191/946/676 1959/828/598 2188/945/675
f 2191/946/676 2188/945/675 2197/947/677
f 2191/946/676 2197/947/677 2199/948/678
f 2191/946/676 2199/948/678 1966/830/600
f 2206/949/679 1967/832/600 2200/950/678
f 2206/949/679 2200/950/678 2208/951/680
f 2205/952/679 2207/953/681 2215/954/682
f 2206/949/679 2216/955/682 1948/824/594
f 2206/949/679 1948/824/594 1946/823/593
f 2206/949/679 1946/823/593 1967/832/600
f 2188/945/675 1959/828/598 1956/827/597
f 2007/849/613 2004/848/612 2223/956/683
f 2007/849/613 2223/956/683 1974/836/602
f 2007/849/613 1974/836/602 1622/835/496
f 2007/849/613 1622/835/496 1617/850/495
f 1629/852/498 1435/611/443 1432/610/442
f 2026/861/618 2022/860/617 2225/957/684
f 2026/861/618 2225/957/684 1816/765/553
f 2026/861/618 1816/765/553 1241/522/377
f 2026/861/618 1241/522/377 1238/521/376
f 2232/958/685 1086/461/332 1084/460/331
f 2232/958/685 1084/460/331 1245/526/379
f 2232/958/685 1245/526/379 2041/867/622
f 2232/958/685 2041/867/622 2234/959/686
f 2232/958/685 2234/959/686 2237/960/687
f 2232/958/685 2237/960/687 1649/694/503
f 2232/958/685 1649/694/503 1086/461/332
f 2239/961/688 1094/463/334 1676/701/509
f 2239/961/688 1676/701/509 2245/962/689
f 2239/961/688 2245/962/689 2250/963/690
f 2240/964/688 2251/965/691 1448/616/445
f 2239/961/688 1447/614/445 1095/464/335
f 2239/961/688 1095/464/335 1094/463/334
f 2255/966/692 1101/468/337 1451/617/446
f 2255/966/692 1451/617/446 2257/967/693
f 2255/966/692 2257/967/693 2258/968/694
f 2255/966/692 2258/968/694 1684/703/511
f 2255/966/692 1684/703/511 1104/469/338
f 2255/966/692 1104/469/338 1101/468/337
f 1457/777/449 1834/776/559 2260/969/695
f 1457/777/449 2260/969/695 2264/970/696
f 1459/971/449 2265/972/696 2059/875/628
f 1459/971/449 2059/875/628 2057/973/627
f 1458/620/449 2056/872/627 997/427/306
f 2268/974/697 1704/714/519 1478/630/455
f 2268/974/697 1478/630/455 2270/975/698
f 2268/974/697 2270/975/698 2273/976/699
f 2268/974/697 2273/976/699 2066/878/630
f 2268/974/697 2066/878/630 1706/715/520
f 2268/974/697 1706/715/520 1704/714/519
f 2090/890/638 2084/889/635 2082/977/634
f 2090/890/638 2082/977/634 2279/978/700
f 2090/890/638 2279/978/700 2280/979/701
f 2090/890/638 2280/979/701 2098/895/641
f 2090/890/638 2098/895/641 2093/891/639
f 2284/980/702 2081/884/634 2079/883/633
f 2283/981/703 2078/982/633 2288/983/704
f 2283/981/703 2288/983/704 2289/984/705
f 2283/981/703 2289/984/705 2290/985/706
f 2283/981/703 2290/985/706 2278/986/700
f 2283/981/703 2278/986/700 2080/987/707
f 1927/988/584 1922/989/583 2292/990/708
f 1927/988/584 2292/990/708 2288/983/704
f 1927/988/584 2288/983/704 2078/982/633
f 1928/809/584 2079/883/633 1904/801/578
f 1715/901/522 1712/735/521 1744/734/530
f 1923/808/583 1509/641/465 1553/654/477
f 1922/989/583 1552/991/477 2129/911/651
f 1922/989/583 2129/911/651 2292/990/708
f 2294/992/709 2138/915/654 2135/914/653
f 2295/993/710 2136/921/653 2149/920/659
f 2296/994/709 2150/995/659 2297/996/711
f 2296/994/709 2297/996/711 2301/997/430
f 2294/992/709 2300/998/430 2302/999/712
f 2294/992/709 2302/999/712 2138/915/654
f 2304/1000/713 2138/915/654 2302/999/712
f 2304/1000/713 2302/999/712 2307/1001/714
f 2304/1000/713 2307/1001/714 2311/1002/715
f 2304/1000/713 2311/1002/715 2313/1003/716
f 2304/1000/713 2313/1003/716 2140/916/655
f 2304/1000/713 2140/916/655 2138/915/654
f 2316/1004/7 2320/1005/717 2322/1006/718
f 2317/1007/7 2324/1008/718 2301/997/430
f 2317/1007/7 2301/997/430 2326/1009/719
f 2317/1007/7 2326/1009/719 2328/1010/720
f 2317/1007/7 2328/1010/720 2332/1011/721
f 2317/1007/7 2332/1011/721 2321/1012/717
f 2335/1013/722 2320/1005/717 2331/1014/721
f 2335/1013/722 2331/1014/721 2336/1015/723
f 2335/1013/722 2336/1015/723 2342/1016/724
f 2335/1013/722 2342/1016/724 2346/1017/725
f 2335/1013/722 2346/1017/725 2352/1018/726
f 2335/1013/722 2352/1018/726 2306/1019/714
f 2335/1013/722 2306/1019/714 2320/1005/717
f 2307/1001/714 2302/999/712 2323/1020/718
f 2306/1019/714 2322/1006/718 2320/1005/717
f 2300/998/430 2323/1020/718 2302/999/712
f 2356/1021/727 2332/1011/721 2328/1010/720
f 2356/1021/727 2328/1010/720 2359/1022/728
f 2356/1021/727 2359/1022/728 2364/1023/729
f 2356/1021/727 2364/1023/729 2365/1024/730
f 2356/1021/727 2365/1024/730 2368/1025/731
f 2356/1021/727 2368/1025/731 2337/1026/723
f 2356/1021/727 2337/1026/723 2332/1011/721
f 2297/996/711 2150/995/659 2372/1027/732
f 2297/996/711 2372/1027/732 2359/1022/728
f 2297/996/711 2359/1022/728 2326/1009/719
f 2297/996/711 2326/1009/719 2301/997/430
f 2359/1022/728 2328/1010/720 2326/1009/719
f 2147/919/658 2146/918/657 2374/1028/733
f 2147/919/658 2374/1028/733 2375/1029/734
f 2147/919/658 2375/1029/734 2371/1030/732
f 2147/919/658 2371/1030/732 2149/920/659
f 1950/1031/595 1947/1032/594 2379/1033/735
f 1950/1031/595 2379/1033/735 2159/928/664
f 1950/1031/595 2159/928/664 1594/927/488
f 1951/825/595 1595/671/488 1584/669/486
f 1799/935/549 1779/748/543 1777/747/542
f 2215/954/682 2207/953/681 2383/1034/736
f 2215/954/682 2383/1034/736 2386/1035/737
f 2215/954/682 2386/1035/737 2379/1033/735
f 2215/954/682 2379/1033/735 1947/1032/594
f 2198/1036/677 2189/1037/675 2186/943/674
f 2198/1036/677 2186/943/674 2182/942/673
f 2198/1036/677 2182/942/673 2388/1038/738
f 2198/1036/677 2388/1038/738 2391/1039/739
f 2198/1036/677 2391/1039/739 2201/1040/740
f 2391/1039/739 2388/1038/738 2397/1041/741
f 2389/1042/739 2396/1043/741 2207/953/681
f 2390/1044/739 2208/951/680 2200/950/678
f 2399/1045/742 1117/474/343 1112/472/341
f 2399/1045/742 1112/472/341 2403/1046/743
f 2399/1045/742 2403/1046/743 2405/1047/744
f 2399/1045/742 2405/1047/744 2410/1048/745
f 2399/1045/742 2410/1048/745 2033/863/620
f 2399/1045/742 2033/863/620 1117/474/343
f 2403/1046/743 1112/472/341 1110/471/340
f 2403/1046/743 1110/471/340 1687/706/512
f 2403/1046/743 1687/706/512 2417/1049/746
f 2403/1046/743 2417/1049/746 2405/1047/744
f 2424/1050/747 1126/477/346 1325/561/403
f 2424/1050/747 1325/561/403 2429/1051/748
f 2424/1050/747 2429/1051/748 1693/1052/514
f 2423/1053/747 1692/709/514 1127/708/347
f 2424/1050/747 1128/478/347 1126/477/346
f 2435/1054/749 1261/532/385 2049/870/625
f 2436/1055/749 2050/1056/625 2437/1057/750
f 2436/1055/749 2437/1057/750 2438/1058/751
f 2436/1055/749 2438/1058/751 2442/1059/752
f 2436/1055/749 2442/1059/752 1320/1060/402
f 2435/1054/749 1318/1061/402 1263/533/386
f 2435/1054/749 1263/533/386 1261/532/385
f 2446/1062/753 1874/795/572 1872/794/571
f 2446/1062/753 1872/794/571 2449/1063/754
f 2446/1062/753 2449/1063/754 2450/1064/755
f 2446/1062/753 2450/1064/755 2453/1065/756
f 2446/1062/753 2453/1065/756 2072/879/631
f 2446/1062/753 2072/879/631 1874/795/572
f 2449/1063/754 1872/794/571 1718/720/523
f 2449/1063/754 1718/720/523 1713/719/522
f 2449/1063/754 1713/719/522 2458/1066/757
f 2449/1063/754 2458/1066/757 2450/1064/755
f 2462/1067/758 2129/911/651 2125/910/650
f 2463/1068/758 2126/908/650 2121/905/648
f 2463/1068/758 2121/905/648 2466/1069/759
f 2461/1070/760 2465/1071/759 2469/1072/761
f 2462/1067/758 2470/1073/761 2473/1074/762
f 2462/1067/758 2473/1074/762 2129/911/651
f 2475/1075/763 2129/911/651 2476/1076/764
f 2475/1075/763 2476/1076/764 2478/1077/765
f 2475/1075/763 2478/1077/765 2292/990/708
f 2475/1075/763 2292/990/708 2129/911/651
f 2476/1076/764 2129/911/651 2473/1074/762
f 2476/1076/764 2473/1074/762 2479/1078/766
f 2476/1076/764 2479/1078/766 2480/1079/767
f 2476/1076/764 2480/1079/767 2478/1077/765
f 2482/1080/768 1160/491/356 1155/490/355
f 2482/1080/768 1155/490/355 1841/780/562
f 2482/1080/768 1841/780/562 2485/1081/769
f 2482/1080/768 2485/1081/769 2487/1082/770
f 2482/1080/768 2487/1082/770 1909/805/581
f 2482/1080/768 1909/805/581 1160/491/356
f 2490/1083/771 2114/903/646 2140/916/655
f 2490/1083/771 2140/916/655 2313/1003/716
f 2490/1083/771 2313/1003/716 2491/1084/772
f 2490/1083/771 2491/1084/772 2493/1085/773
f 2490/1083/771 2493/1085/773 2117/904/647
f 2490/1083/771 2117/904/647 2114/903/646
f 2496/1086/774 1758/740/535 1754/739/534
f 2497/1087/774 1755/1088/534 2498/1089/775
f 2497/1087/774 2498/1089/775 2499/1090/776
f 2497/1087/774 2499/1090/776 2500/1091/777
f 2497/1087/774 2500/1091/777 1764/1092/537
f 2496/1086/774 1763/742/537 1758/740/535
f 2501/1093/537 1767/743/538 1763/742/537
f 2502/1094/537 1764/1092/537 2500/1091/777
f 2502/1094/537 2500/1091/777 2506/1095/778
f 2502/1094/537 2506/1095/778 2509/1096/779
f 2502/1094/537 2509/1096/779 1788/1097/546
f 2501/1093/537 1787/751/546 1767/743/538
f 2374/1028/733 2146/918/657 2158/925/663
f 2374/1028/733 2158/925/663 2515/1098/780
f 2374/1028/733 2515/1098/780 2516/1099/781
f 2374/1028/733 2516/1099/781 2375/1029/734
f 2518/1100/782 2161/929/665 2159/928/664
f 2518/1100/782 2159/928/664 2520/1101/783
f 2518/1100/782 2520/1101/783 2522/1102/784
f 2519/1103/782 2523/1104/784 2526/1105/785
f 2519/1103/782 2526/1105/785 2155/924/662
f 2519/1103/782 2155/924/662 2162/930/665
f 2527/1106/786 2159/928/664 2530/1107/787
f 2527/1106/786 2530/1107/787 2386/1035/737
f 2527/1106/786 2386/1035/737 2532/1108/788
f 2527/1106/786 2532/1108/788 2534/1109/789
f 2527/1106/786 2534/1109/789 2520/1101/783
f 2527/1106/786 2520/1101/783 2159/928/664
f 2379/1033/735 2386/1035/737 2530/1107/787
f 2379/1033/735 2530/1107/787 2159/928/664
f 2536/1110/790 1797/758/548 1977/837/603
f 2536/1110/790 1977/837/603 2537/1111/791
f 2536/1110/790 2537/1111/791 2541/1112/792
f 2536/1110/790 2541/1112/792 2542/1113/793
f 2536/1110/790 2542/1113/793 1800/759/549
f 2536/1110/790 1800/759/549 1797/758/548
f 2537/1111/791 1977/837/603 1974/836/602
f 2537/1111/791 1974/836/602 2223/956/683
f 2537/1111/791 2223/956/683 2549/1114/794
f 2537/1111/791 2549/1114/794 2541/1112/792
f 2020/856/616 2017/855/615 2551/1115/795
f 2020/856/616 2551/1115/795 2553/1116/796
f 2020/856/616 2553/1116/796 1671/1117/508
f 2020/856/616 1671/1117/508 1308/857/398
f 2555/1118/797 1250/528/381 1695/710/515
f 2555/1118/797 1695/710/515 2559/1119/798
f 2555/1118/797 2559/1119/798 2560/1120/799
f 2555/1118/797 2560/1120/799 1823/768/556
f 2555/1118/797 1823/768/556 1253/529/382
f 2555/1118/797 1253/529/382 1250/528/381
f 2062/876/629 2059/875/628 2565/1121/800
f 2062/876/629 2565/1121/800 2569/1122/801
f 2062/876/629 2569/1122/801 2048/1123/624
f 2062/876/629 2048/1123/624 1463/1124/450
f 2574/1125/802 1334/565/405 1471/1126/453
f 2574/1125/802 1471/1126/453 2578/1127/803
f 2574/1125/802 2578/1127/803 2579/1128/804
f 2574/1125/802 2579/1128/804 2582/1129/805
f 2574/1125/802 2582/1129/805 1336/566/406
f 2574/1125/802 1336/566/406 1334/565/405
f 2585/1130/806 1868/791/569 1859/787/567
f 2585/1130/806 1859/787/567 2586/1131/807
f 2585/1130/806 2586/1131/807 2588/1132/808
f 2584/1133/806 2587/1134/808 2270/975/698
f 2584/1133/806 2270/975/698 1478/630/455
f 2584/1133/806 1478/630/455 1867/792/569
f 2290/985/706 2289/984/705 2592/1135/809
f 2290/985/706 2592/1135/809 2595/1136/810
f 2290/985/706 2595/1136/810 2597/1137/811
f 2291/1138/706 2598/1139/811 2280/979/701
f 2291/1138/706 2280/979/701 2279/978/700
f 2459/1140/757 1714/900/522 2102/897/643
f 2459/1140/757 2102/897/643 2602/1141/812
f 2458/1066/757 2601/1142/813 2606/1143/814
f 2458/1066/757 2606/1143/814 2611/1144/815
f 2458/1066/757 2611/1144/815 2450/1064/755
f 2478/1077/765 2480/1079/767 2617/1145/816
f 2478/1077/765 2617/1145/816 2289/984/705
f 2478/1077/765 2289/984/705 2288/983/704
f 2478/1077/765 2288/983/704 2292/990/708
f 2493/1085/773 2491/1084/772 2621/1146/817
f 2493/1085/773 2621/1146/817 2623/1147/818
f 2493/1085/773 2623/1147/818 2625/1148/819
f 2493/1085/773 2625/1148/819 2466/1069/759
f 2493/1085/773 2466/1069/759 2121/905/648
f 2493/1085/773 2121/905/648 2117/904/647
f 2469/1072/761 2465/1071/759 2624/1149/819
f 2469/1072/761 2624/1149/819 2628/1150/820
f 2469/1072/761 2628/1150/820 2632/1151/821
f 2470/1073/761 2633/1152/821 2480/1079/767
f 2470/1073/761 2480/1079/767 2479/1078/766
f 2470/1073/761 2479/1078/766 2473/1074/762
f 2638/1153/822 2306/1019/714 2639/1154/823
f 2638/1153/822 2639/1154/823 2640/1155/824
f 2638/1153/822 2640/1155/824 2643/1156/825
f 2638/1153/822 2643/1156/825 2310/1157/715
f 2638/1153/822 2310/1157/715 2306/1019/714
f 2639/1154/823 2306/1019/714 2352/1018/726
f 2639/1154/823 2352/1018/726 2346/1017/725
f 2639/1154/823 2346/1017/725 2646/1158/826
f 2639/1154/823 2646/1158/826 2640/1155/824
f 2649/1159/827 2342/1016/724 2655/1160/7
f 2650/1161/827 2656/1162/7 2660/1163/828
f 2650/1161/827 2660/1163/828 2662/1164/829
f 2650/1161/827 2662/1164/829 2664/1165/830
f 2650/1161/827 2664/1165/830 2668/1166/831
f 2649/1159/827 2667/1167/831 2342/1016/724
f 2658/1168/7 2343/1169/724 2337/1026/723
f 2658/1168/7 2337/1026/723 2368/1025/731
f 2658/1168/7 2368/1025/731 2673/1170/832
f 2657/1171/7 2672/1172/832 2661/1173/828
f 2668/1166/831 2664/1165/830 2676/1174/833
f 2667/1167/831 2675/1175/833 2346/1017/725
f 2667/1167/831 2346/1017/725 2342/1016/724
f 2679/1176/834 2661/1173/828 2672/1172/832
f 2679/1176/834 2672/1172/832 2683/1177/835
f 2679/1176/834 2683/1177/835 2686/1178/836
f 2679/1176/834 2686/1178/836 2687/1179/837
f 2679/1176/834 2687/1179/837 2689/1180/838
f 2679/1176/834 2689/1180/838 2661/1173/828
f 2689/1180/838 2687/1179/837 2694/1181/839
f 2688/1182/838 2693/1183/839 2697/1184/840
f 2688/1182/838 2697/1184/840 2662/1164/829
f 2688/1182/838 2662/1164/829 2660/1163/828
f 2365/1024/730 2364/1023/729 2699/1185/841
f 2365/1024/730 2699/1185/841 2702/1186/842
f 2365/1024/730 2702/1186/842 2706/1187/843
f 2365/1024/730 2706/1187/843 2709/1188/844
f 2365/1024/730 2709/1188/844 2368/1025/731
f 2708/1189/844 2705/1190/843 2683/1177/835
f 2708/1189/844 2683/1177/835 2672/1172/832
f 2709/1188/844 2673/1170/832 2368/1025/731
f 2712/1191/845 2359/1022/728 2372/1027/732
f 2712/1191/845 2372/1027/732 2376/1192/734
f 2712/1191/845 2376/1192/734 2715/1193/846
f 2712/1191/845 2715/1193/846 2718/1194/847
f 2712/1191/845 2718/1194/847 2719/1195/848
f 2712/1191/845 2719/1195/848 2359/1022/728
f 2699/1185/841 2364/1023/729 2359/1022/728
f 2699/1185/841 2359/1022/728 2719/1195/848
f 2699/1185/841 2719/1195/848 2723/1196/849
f 2699/1185/841 2723/1196/849 2702/1186/842
f 2515/1098/780 2158/925/663 2155/924/662
f 2515/1098/780 2155/924/662 2526/1105/785
f 2515/1098/780 2526/1105/785 2725/1197/850
f 2515/1098/780 2725/1197/850 2726/1198/851
f 2515/1098/780 2726/1198/851 2727/1199/852
f 2515/1098/780 2727/1199/852 2516/1099/781
f 2522/1102/784 2520/1101/783 2534/1109/789
f 2522/1102/784 2534/1109/789 2532/1108/788
f 2522/1102/784 2532/1108/788 2731/1200/853
f 2521/1201/784 2730/1202/853 2736/1203/854
f 2523/1104/784 2737/1204/854 2725/1197/850
f 2523/1104/784 2725/1197/850 2526/1105/785
f 2542/1113/793 2541/1112/792 2741/1205/855
f 2542/1113/793 2741/1205/855 2743/1206/856
f 2543/1207/793 2744/1208/856 2745/1209/857
f 2543/1207/793 2745/1209/857 2173/938/670
f 2543/1207/793 2173/938/670 1801/937/549
f 2397/1041/741 2388/1038/738 2750/1210/858
f 2396/1043/741 2749/1211/858 2751/1212/859
f 2396/1043/741 2751/1212/859 2752/1213/860
f 2396/1043/741 2752/1213/860 2383/1034/736
f 2396/1043/741 2383/1034/736 2207/953/681
f 2754/1214/861 1633/688/499 1630/687/498
f 2754/1214/861 1630/687/498 2756/1215/862
f 2754/1214/861 2756/1215/862 2758/1216/863
f 2754/1214/861 2758/1216/863 2761/1217/864
f 2754/1214/861 2761/1217/864 1636/689/500
f 2754/1214/861 1636/689/500 1633/688/499
f 2011/851/614 1816/765/553 2225/957/684
f 2011/851/614 2225/957/684 2763/1218/865
f 2011/851/614 2763/1218/865 2755/1219/862
f 2011/851/614 2755/1219/862 1629/852/498
f 2234/959/686 2041/867/622 2038/866/621
f 2235/1220/686 2039/1221/621 2769/1222/866
f 2235/1220/686 2769/1222/866 2772/1223/867
f 2235/1220/686 2772/1223/867 2238/1224/687
f 1856/786/566 1853/785/565 2774/1225/868
f 1856/786/566 2774/1225/868 2777/1226/869
f 1856/786/566 2777/1226/869 2586/1131/807
f 1856/786/566 2586/1131/807 1859/787/567
f 2617/1145/816 2480/1079/767 2780/1227/870
f 2617/1145/816 2780/1227/870 2592/1135/809
f 2617/1145/816 2592/1135/809 2289/984/705
f 2782/1228/871 2623/1147/818 2621/1146/817
f 2782/1228/871 2621/1146/817 2785/1229/872
f 2782/1228/871 2785/1229/872 2788/1230/873
f 2781/1231/871 2787/1232/873 2791/1233/874
f 2781/1231/871 2791/1233/874 2628/1150/820
f 2782/1228/871 2629/1234/820 2623/1147/818
f 2629/1234/820 2625/1148/819 2623/1147/818
f 2796/1235/875 2491/1084/772 2313/1003/716
f 2796/1235/875 2313/1003/716 2801/1236/876
f 2796/1235/875 2801/1236/876 2803/1237/877
f 2796/1235/875 2803/1237/877 2491/1084/772
f 2803/1237/877 2801/1236/876 2812/1238/878
f 2802/1239/879 2811/1240/878 2814/1241/880
f 2803/1237/877 2815/1242/881 2817/1243/882
f 2803/1237/877 2817/1243/882 2785/1229/872
f 2803/1237/877 2785/1229/872 2621/1146/817
f 2803/1237/877 2621/1146/817 2491/1084/772
f 2643/1156/825 2640/1155/824 2821/1244/883
f 2643/1156/825 2821/1244/883 2811/1240/878
f 2643/1156/825 2811/1240/878 2800/1245/876
f 2643/1156/825 2800/1245/876 2310/1157/715
f 2311/1002/715 2801/1236/876 2313/1003/716
f 2676/1174/833 2664/1165/830 2835/1246/884
f 2676/1174/833 2835/1246/884 2838/1247/885
f 2675/1175/833 2837/1248/885 2646/1158/826
f 2675/1175/833 2646/1158/826 2346/1017/725
f 2839/1249/886 1753/738/533 1911/807/582
f 2840/1250/886 1913/1251/582 2842/1252/887
f 2840/1250/886 2842/1252/887 2843/1253/888
f 2840/1250/886 2843/1253/888 2498/1089/775
f 2840/1250/886 2498/1089/775 1755/1088/534
f 2839/1249/886 1754/739/534 1753/738/533
f 2848/1254/889 2697/1184/840 2693/1183/839
f 2848/1254/889 2693/1183/839 2852/1255/890
f 2847/1256/889 2854/1257/890 2858/1258/891
f 2848/1254/889 2857/1259/891 2863/1260/892
f 2848/1254/889 2863/1260/892 2697/1184/840
f 2863/1260/892 2857/1259/891 2865/1261/893
f 2863/1260/892 2865/1261/893 2867/1262/894
f 2863/1260/892 2867/1262/894 2869/1263/895
f 2863/1260/892 2869/1263/895 2870/1264/896
f 2863/1260/892 2870/1264/896 2872/1265/897
f 2863/1260/892 2872/1265/897 2697/1184/840
f 2872/1265/897 2870/1264/896 2664/1165/830
f 2872/1265/897 2664/1165/830 2662/1164/829
f 2872/1265/897 2662/1164/829 2697/1184/840
f 2875/1266/898 2853/1267/899 2694/1181/839
f 2875/1266/898 2694/1181/839 2687/1179/837
f 2875/1266/898 2687/1179/837 2878/1268/900
f 2875/1266/898 2878/1268/900 2881/1269/901
f 2874/1270/898 2880/1271/901 2851/1272/890
f 2884/1273/838 2851/1272/890 2880/1271/901
f 2884/1273/838 2880/1271/901 2889/1274/902
f 2884/1273/838 2889/1274/902 2891/1275/903
f 2885/1276/838 2892/1277/903 2895/1278/904
f 2885/1276/838 2895/1278/904 2858/1258/891
f 2885/1276/838 2858/1258/891 2854/1257/890
f 2878/1268/900 2687/1179/837 2686/1178/836
f 2878/1268/900 2686/1178/836 2898/1279/905
f 2878/1268/900 2898/1279/905 2901/1280/906
f 2878/1268/900 2901/1280/906 2903/1281/907
f 2878/1268/900 2903/1281/907 2907/1282/37
f 2878/1268/900 2907/1282/37 2881/1269/901
f 2910/1283/908 1790/754/547 1786/1284/546
f 2911/1285/908 1788/1097/546 2509/1096/779
f 2911/1285/908 2509/1096/779 2916/1286/909
f 2910/1283/908 2915/1287/909 2919/1288/910
f 2910/1283/908 2919/1288/910 2168/932/667
f 2910/1283/908 2168/932/667 1790/754/547
f 2723/1196/849 2719/1195/848 2718/1194/847
f 2722/1289/849 2717/1290/847 2920/1291/911
f 2722/1289/849 2920/1291/911 2922/1292/912
f 2722/1289/849 2922/1292/912 2923/1293/913
f 2722/1289/849 2923/1293/913 2701/1294/842
f 2925/1295/914 2375/1029/734 2516/1099/781
f 2925/1295/914 2516/1099/781 2930/1296/915
f 2924/1297/914 2929/1298/915 2714/1299/846
f 2926/1300/914 2715/1193/846 2376/1192/734
f 2930/1296/915 2516/1099/781 2727/1199/852
f 2930/1296/915 2727/1199/852 2934/1301/916
f 2930/1296/915 2934/1301/916 2936/1302/917
f 2929/1298/915 2935/1303/917 2937/1304/918
f 2929/1298/915 2937/1304/918 2939/1305/919
f 2929/1298/915 2939/1305/919 2714/1299/846
f 2942/1306/920 1985/839/605 2169/933/668
f 2942/1306/920 2169/933/668 2943/1307/921
f 2942/1306/920 2943/1307/921 2945/1308/922
f 2942/1306/920 2945/1308/922 2947/1309/923
f 2942/1306/920 2947/1309/923 1988/840/606
f 2942/1306/920 1988/840/606 1985/839/605
f 2736/1203/854 2730/1202/853 2950/1310/924
f 2736/1203/854 2950/1310/924 2951/1311/925
f 2737/1204/854 2952/1312/925 2953/1313/926
f 2737/1204/854 2953/1313/926 2726/1198/851
f 2737/1204/854 2726/1198/851 2725/1197/850
f 2953/1313/926 2952/1312/925 2959/1314/927
f 2953/1313/926 2959/1314/927 2934/1301/916
f 2953/1313/926 2934/1301/916 2727/1199/852
f 2953/1313/926 2727/1199/852 2726/1198/851
f 2965/1315/928 2383/1034/736 2752/1213/860
f 2965/1315/928 2752/1213/860 2968/1316/929
f 2965/1315/928 2968/1316/929 2532/1108/788
f 2965/1315/928 2532/1108/788 2386/1035/737
f 2965/1315/928 2386/1035/737 2383/1034/736
f 1996/845/609 1636/689/500 2761/1217/864
f 1996/845/609 2761/1217/864 2973/1317/930
f 1996/845/609 2973/1317/930 2974/1318/931
f 1996/845/609 2974/1318/931 2003/1319/612
f 2978/1320/932 1649/694/503 2237/960/687
f 2979/1321/932 2238/1224/687 2985/1322/933
f 2979/1321/932 2985/1322/933 2990/1323/934
f 2979/1321/932 2990/1323/934 2991/1324/935
f 2979/1321/932 2991/1324/935 1655/1325/936
f 2978/1320/932 1654/696/505 1651/695/504
f 2978/1320/932 1651/695/504 1649/694/503
f 3000/1326/937 1677/1327/509 1671/1117/508
f 3000/1326/937 1671/1117/508 2553/1116/796
f 3000/1326/937 2553/1116/796 3003/1328/938
f 2999/1329/937 3002/1330/938 3004/1331/939
f 2999/1329/937 3004/1331/939 2246/1332/689
f 2998/1333/937 2245/962/689 1676/701/509
f 3007/1334/940 1469/623/452 1826/769/557
f 3007/1334/940 1826/769/557 3009/1335/941
f 3007/1334/940 3009/1335/941 3010/1336/942
f 3006/1337/940 3011/1338/942 2578/1127/803
f 3006/1337/940 2578/1127/803 1471/1126/453
f 3007/1334/940 1472/624/453 1469/623/452
f 3014/1339/943 1336/566/406 2582/1129/805
f 3014/1339/943 2582/1129/805 3016/1340/944
f 3015/1341/943 3018/1342/944 3020/1343/945
f 3015/1341/943 3020/1343/945 1840/779/561
f 3015/1341/943 1840/779/561 1340/569/407
f 3015/1341/943 1340/569/407 1337/568/406
f 2774/1225/868 1853/785/565 2073/1344/631
f 2774/1225/868 2073/1344/631 3024/1345/946
f 2774/1225/868 3024/1345/946 3026/1346/947
f 2774/1225/868 3026/1346/947 3029/1347/948
f 2774/1225/868 3029/1347/948 2777/1226/869
f 3031/1348/949 2072/879/631 2453/1065/756
f 3031/1348/949 2453/1065/756 3035/1349/950
f 3032/1350/949 3036/1351/950 3038/1352/951
f 3032/1350/949 3038/1352/951 3042/1353/952
f 3033/1354/949 3043/1355/952 3026/1346/947
f 3033/1354/949 3026/1346/947 3024/1345/946
f 3033/1354/949 3024/1345/946 2073/1344/631
f 3046/1356/953 2102/897/643 2101/896/642
f 3046/1356/953 2101/896/642 3047/1357/954
f 3046/1356/953 3047/1357/954 3049/1358/955
f 3046/1356/953 3049/1358/955 2602/1141/812
f 3046/1356/953 2602/1141/812 2102/897/643
f 3050/1359/956 2280/979/701 2598/1139/811
f 3050/1359/956 2598/1139/811 3051/1360/957
f 3050/1359/956 3051/1360/957 3052/1361/958
f 3050/1359/956 3052/1361/958 3054/1362/959
f 3050/1359/956 3054/1362/959 2098/895/641
f 3050/1359/956 2098/895/641 2280/979/701
f 3054/1362/959 3052/1361/958 3057/1363/960
f 3054/1362/959 3057/1363/960 3047/1357/954
f 3054/1362/959 3047/1357/954 2101/896/642
f 3054/1362/959 2101/896/642 2098/895/641
f 2870/1264/896 2869/1263/895 3062/1364/961
f 2870/1264/896 3062/1364/961 3064/1365/962
f 2870/1264/896 3064/1365/962 2835/1246/884
f 2870/1264/896 2835/1246/884 2664/1165/830
f 3069/1366/963 2895/1278/904 2892/1277/903
f 3069/1366/963 2892/1277/903 3071/1367/838
f 3069/1366/963 3071/1367/838 3074/1368/840
f 3069/1366/963 3074/1368/840 3076/1369/964
f 3069/1366/963 3076/1369/964 3077/1370/965
f 3069/1366/963 3077/1370/965 2895/1278/904
f 3079/1371/966 2895/1278/904 3077/1370/965
f 3079/1371/966 3077/1370/965 3083/1372/967
f 3079/1371/966 3083/1372/967 2868/1373/894
f 3079/1371/966 2868/1373/894 2866/1374/893
f 3079/1371/966 2866/1374/893 2858/1258/891
f 3079/1371/966 2858/1258/891 2895/1278/904
f 3086/1375/968 2891/1275/903 2889/1274/902
f 3086/1375/968 2889/1274/902 3088/1376/969
f 3086/1375/968 3088/1376/969 3090/1377/970
f 3086/1375/968 3090/1377/970 3093/1378/837
f 3086/1375/968 3093/1378/837 3070/1379/838
f 3086/1375/968 3070/1379/838 2891/1275/903
f 3095/1380/971 2889/1274/902 2880/1271/901
f 3095/1380/971 2880/1271/901 2906/1381/37
f 3095/1380/971 2906/1381/37 2902/1382/907
f 3095/1380/971 2902/1382/907 3098/1383/972
f 3095/1380/971 3098/1383/972 3088/1376/969
f 3095/1380/971 3088/1376/969 2889/1274/902
f 3099/1384/973 2683/1177/835 2705/1190/843
f 3099/1384/973 2705/1190/843 3105/1385/974
f 3099/1384/973 3105/1385/974 3107/1386/975
f 3099/1384/973 3107/1386/975 3109/1387/976
f 3099/1384/973 3109/1387/976 2898/1279/905
f 3099/1384/973 2898/1279/905 2683/1177/835
f 2898/1279/905 2686/1178/836 2683/1177/835
f 3111/1388/977 2388/1038/738 2182/942/673
f 3111/1388/977 2182/942/673 3113/1389/978
f 3111/1388/977 3113/1389/978 3115/1390/979
f 3111/1388/977 3115/1390/979 3116/1391/980
f 3111/1388/977 3116/1391/980 2750/1210/858
f 3111/1388/977 2750/1210/858 2388/1038/738
f 3122/1392/981 2180/941/672 2173/938/670
f 3122/1392/981 2173/938/670 2745/1209/857
f 3122/1392/981 2745/1209/857 3126/1393/982
f 3122/1392/981 3126/1393/982 3127/1394/983
f 3122/1392/981 3127/1394/983 2180/941/672
f 3113/1389/978 2182/942/673 2180/941/672
f 3113/1389/978 2180/941/672 3127/1394/983
f 3113/1389/978 3127/1394/983 3132/1395/984
f 3113/1389/978 3132/1395/984 3115/1390/979
f 2974/1318/931 2973/1317/930 3135/1396/985
f 2974/1318/931 3135/1396/985 3136/1397/986
f 2974/1318/931 3136/1397/986 3141/1398/987
f 2975/1399/931 3142/1400/987 2223/956/683
f 2975/1399/931 2223/956/683 2004/848/612
f 3145/1401/988 2223/956/683 3142/1400/987
f 3145/1401/988 3142/1400/987 3137/1402/986
f 3145/1401/988 3137/1402/986 3149/1403/989
f 3145/1401/988 3149/1403/989 3151/1404/990
f 3145/1401/988 3151/1404/990 3154/1405/991
f 3145/1401/988 3154/1405/991 2549/1114/794
f 3145/1401/988 2549/1114/794 2223/956/683
f 3155/1406/992 1448/616/445 2251/965/691
f 3155/1406/992 2251/965/691 3157/1407/993
f 3155/1406/992 3157/1407/993 3159/1408/994
f 3155/1406/992 3159/1408/994 2257/967/693
f 3155/1406/992 2257/967/693 1451/617/446
f 3155/1406/992 1451/617/446 1448/616/445
f 3163/1409/995 1325/561/403 1321/560/402
f 3162/1410/995 1319/1411/402 2443/1412/752
f 3162/1410/995 2443/1412/752 3165/1413/996
f 3162/1410/995 3165/1413/996 3167/1414/997
f 3162/1410/995 3167/1414/997 2428/1415/748
f 3162/1410/995 2428/1415/748 1324/1416/403
f 2588/1132/808 2586/1131/807 2777/1226/869
f 2588/1132/808 2777/1226/869 3168/1417/998
f 2588/1132/808 3168/1417/998 3169/1418/999
f 2588/1132/808 3169/1418/999 3174/1419/1000
f 2587/1134/808 3173/1420/1000 2270/975/698
f 3049/1358/955 3047/1357/954 3057/1363/960
f 3049/1358/955 3057/1363/960 3178/1421/1001
f 3049/1358/955 3178/1421/1001 3182/1422/1002
f 3049/1358/955 3182/1422/1002 3184/1423/1003
f 3048/1424/1004 3183/1425/1003 2607/1426/1005
f 3049/1358/955 2608/1427/1005 2602/1141/812
f 3187/1428/1006 1841/780/562 1840/779/561
f 3187/1428/1006 1840/779/561 3020/1343/945
f 3187/1428/1006 3020/1343/945 3189/1429/1007
f 3186/1430/1006 3188/1431/1007 3190/1432/1008
f 3186/1430/1006 3190/1432/1008 2484/1433/769
f 3187/1428/1006 2485/1081/769 1841/780/562
f 3192/1434/1009 2835/1246/884 3064/1365/962
f 3192/1434/1009 3064/1365/962 3195/1435/1010
f 3192/1434/1009 3195/1435/1010 3198/1436/1011
f 3192/1434/1009 3198/1436/1011 2838/1247/885
f 3192/1434/1009 2838/1247/885 2835/1246/884
f 3199/1437/1012 2646/1158/826 2837/1248/885
f 3199/1437/1012 2837/1248/885 3203/1438/1013
f 3199/1437/1012 3203/1438/1013 3204/1439/1014
f 3199/1437/1012 3204/1439/1014 2640/1155/824
f 3199/1437/1012 2640/1155/824 2646/1158/826
f 3206/1440/1015 3083/1372/967 3209/1441/1016
f 3206/1440/1015 3209/1441/1016 3212/1442/1017
f 3206/1440/1015 3212/1442/1017 3214/1443/1018
f 3206/1440/1015 3214/1443/1018 3219/1444/1019
f 3206/1440/1015 3219/1444/1019 3223/1445/1020
f 3206/1440/1015 3223/1445/1020 2868/1373/894
f 3206/1440/1015 2868/1373/894 3083/1372/967
f 3209/1441/1016 3083/1372/967 3077/1370/965
f 3209/1441/1016 3077/1370/965 3076/1369/964
f 3209/1441/1016 3076/1369/964 3226/1446/1021
f 3209/1441/1016 3226/1446/1021 3212/1442/1017
f 3230/1447/839 3074/1368/840 3071/1367/838
f 3228/1448/839 3070/1379/838 3093/1378/837
f 3228/1448/839 3093/1378/837 3232/1449/1022
f 3229/1450/839 3233/1451/1022 3235/1452/890
f 3229/1450/839 3235/1452/890 3240/1453/889
f 3230/1447/839 3242/1454/889 3074/1368/840
f 3245/1455/1023 3074/1368/840 3242/1454/889
f 3244/1456/1023 3241/1457/889 3247/1458/1024
f 3244/1456/1023 3247/1458/1024 3250/1459/1025
f 3245/1455/1023 3251/1460/1025 3226/1446/1021
f 3245/1455/1023 3226/1446/1021 3076/1369/964
f 3245/1455/1023 3076/1369/964 3074/1368/840
f 3253/1461/889 3235/1452/890 3258/1462/1026
f 3254/1463/889 3259/1464/1026 3261/1465/1027
f 3254/1463/889 3261/1465/1027 3263/1466/1028
f 3254/1463/889 3263/1466/1028 3247/1458/1024
f 3254/1463/889 3247/1458/1024 3241/1457/889
f 3254/1463/889 3241/1457/889 3236/1467/890
f 3264/1468/1029 3235/1452/890 3233/1451/1022
f 3264/1468/1029 3233/1451/1022 3266/1469/1030
f 3264/1468/1029 3266/1469/1030 3267/1470/1031
f 3264/1468/1029 3267/1470/1031 3269/1471/1032
f 3264/1468/1029 3269/1471/1032 3258/1462/1026
f 3264/1468/1029 3258/1462/1026 3235/1452/890
f 3271/1472/1033 3093/1378/837 3090/1377/970
f 3271/1472/1033 3090/1377/970 3273/1473/1034
f 3271/1472/1033 3273/1473/1034 3276/1474/1035
f 3272/1475/1033 3277/1476/1035 3266/1469/1030
f 3272/1475/1033 3266/1469/1030 3233/1451/1022
f 3271/1472/1033 3232/1449/1022 3093/1378/837
f 3280/1477/1036 3098/1383/972 3283/1478/1037
f 3280/1477/1036 3283/1478/1037 3284/1479/1038
f 3280/1477/1036 3284/1479/1038 3273/1473/1034
f 3280/1477/1036 3273/1473/1034 3090/1377/970
f 3280/1477/1036 3090/1377/970 3088/1376/969
f 3280/1477/1036 3088/1376/969 3098/1383/972
f 3283/1478/1037 3098/1383/972 2902/1382/907
f 3283/1478/1037 2902/1382/907 3287/1480/1039
f 3283/1478/1037 3287/1480/1039 3290/1481/1040
f 3283/1478/1037 3290/1481/1040 3293/1482/1041
f 3283/1478/1037 3293/1482/1041 3284/1479/1038
f 3106/1483/974 2706/1187/843 2702/1186/842
f 3104/1484/974 2701/1294/842 2923/1293/913
f 3104/1484/974 2923/1293/913 3298/1485/1042
f 3104/1484/974 3298/1485/1042 3299/1486/1043
f 3105/1385/974 3300/1487/1043 3301/1488/1044
f 3105/1385/974 3301/1488/1044 3107/1386/975
f 2939/1305/919 2937/1304/918 3303/1489/1045
f 2939/1305/919 3303/1489/1045 2920/1291/911
f 2939/1305/919 2920/1291/911 2717/1290/847
f 2939/1305/919 2717/1290/847 2714/1299/846
f 2947/1309/923 2945/1308/922 3306/1490/1046
f 2947/1309/923 3306/1490/1046 3309/1491/1047
f 2947/1309/923 3309/1491/1047 2016/853/615
f 2947/1309/923 2016/853/615 1988/840/606
f 3126/1393/982 2745/1209/857 2744/1208/856
f 3125/1492/1048 2743/1206/856 3313/1493/1049
f 3126/1393/982 3314/1494/1049 3318/1495/1050
f 3126/1393/982 3318/1495/1050 3322/1496/1051
f 3126/1393/982 3322/1496/1051 3132/1395/984
f 3126/1393/982 3132/1395/984 3127/1394/983
f 2758/1216/863 2756/1215/862 3325/1497/1052
f 2758/1216/863 3325/1497/1052 3326/1498/1053
f 2758/1216/863 3326/1498/1053 3327/1499/1054
f 2758/1216/863 3327/1499/1054 2973/1317/930
f 2758/1216/863 2973/1317/930 2761/1217/864
f 3332/1500/1055 1655/1325/936 2991/1324/935
f 3332/1500/1055 2991/1324/935 3334/1501/1056
f 3331/1502/1055 3333/1503/1056 3338/1504/1057
f 3330/1505/1055 3337/1506/1058 2225/957/684
f 3330/1505/1055 2225/957/684 2022/860/617
f 3332/1500/1055 2024/1507/617 1655/1325/936
f 3340/1508/1059 1688/704/512 1684/703/511
f 3340/1508/1059 1684/703/511 2258/968/694
f 3340/1508/1059 2258/968/694 3343/1509/1060
f 3340/1508/1059 3343/1509/1060 3344/1510/1061
f 3340/1508/1059 3344/1510/1061 2418/1511/746
f 3340/1508/1059 2418/1511/746 1688/704/512
f 2066/878/630 2273/976/699 3348/1512/1062
f 2066/878/630 3348/1512/1062 3351/1513/1063
f 2066/878/630 3351/1513/1063 2261/1514/695
f 2066/878/630 2261/1514/695 1835/774/559
f 3174/1419/1000 3169/1418/999 3354/1515/1064
f 3173/1420/1000 3353/1516/1064 3348/1512/1062
f 3173/1420/1000 3348/1512/1062 2273/976/699
f 3173/1420/1000 2273/976/699 2270/975/698
f 3183/1425/1003 3181/1517/1002 3367/1518/1065
f 3183/1425/1003 3367/1518/1065 3036/1351/950
f 3183/1425/1003 3036/1351/950 2612/1519/1066
f 3183/1425/1003 2612/1519/1066 2607/1426/1005
f 3035/1349/950 2453/1065/756 2450/1064/755
f 3035/1349/950 2450/1064/755 2611/1144/815
f 2780/1227/870 2480/1079/767 3371/1520/1067
f 2780/1227/870 3371/1520/1067 3372/1521/1068
f 2780/1227/870 3372/1521/1068 3374/1522/1069
f 2780/1227/870 3374/1522/1069 2595/1136/810
f 2780/1227/870 2595/1136/810 2592/1135/809
f 3378/1523/1070 2628/1150/820 2791/1233/874
f 3378/1523/1070 2791/1233/874 3380/1524/1071
f 3378/1523/1070 3380/1524/1071 3381/1525/1072
f 3378/1523/1070 3381/1525/1072 3385/1526/1073
f 3378/1523/1070 3385/1526/1073 2632/1151/821
f 3378/1523/1070 2632/1151/821 2628/1150/820
f 3389/1527/1074 2811/1240/878 2821/1244/883
f 3389/1527/1074 2821/1244/883 3393/1528/1075
f 3389/1527/1074 3393/1528/1075 3396/1529/1076
f 3389/1527/1074 3396/1529/1076 2814/1241/880
f 3389/1527/1074 2814/1241/880 2811/1240/878
f 3062/1364/961 2869/1263/895 3399/1530/1077
f 3062/1364/961 3399/1530/1077 3401/1531/1078
f 3062/1364/961 3401/1531/1078 3404/1532/1079
f 3062/1364/961 3404/1532/1079 3195/1435/1010
f 3062/1364/961 3195/1435/1010 3064/1365/962
f 3204/1439/1014 3203/1438/1013 3393/1528/1075
f 3204/1439/1014 3393/1528/1075 2821/1244/883
f 3204/1439/1014 2821/1244/883 2640/1155/824
f 3399/1530/1077 2869/1263/895 2867/1262/894
f 3399/1530/1077 2867/1262/894 3222/1533/1020
f 3399/1530/1077 3222/1533/1020 3218/1534/1019
f 3399/1530/1077 3218/1534/1019 3401/1531/1078
f 3408/1535/1080 1908/1536/581 2486/1537/770
f 3408/1535/1080 2486/1537/770 3411/1538/1081
f 3408/1535/1080 3411/1538/1081 3412/1539/1082
f 3408/1535/1080 3412/1539/1082 2841/1540/887
f 3408/1535/1080 2841/1540/887 1912/1541/582
f 3408/1535/1080 1912/1541/582 1908/1536/581
f 3418/1542/1083 3258/1462/1026 3269/1471/1032
f 3418/1542/1083 3269/1471/1032 3420/1543/1084
f 3418/1542/1083 3420/1543/1084 3421/1544/1085
f 3418/1542/1083 3421/1544/1085 3425/1545/1086
f 3419/1546/1083 3426/1547/1086 3261/1465/1027
f 3418/1542/1083 3260/1548/1027 3258/1462/1026
f 3428/1549/1087 2903/1281/907 2901/1280/906
f 3428/1549/1087 2901/1280/906 3429/1550/1088
f 3428/1549/1087 3429/1550/1088 3430/1551/1089
f 3428/1549/1087 3430/1551/1089 3291/1552/1040
f 3428/1549/1087 3291/1552/1040 3288/1553/1039
f 3428/1549/1087 3288/1553/1039 2903/1281/907
f 3429/1550/1088 2901/1280/906 2898/1279/905
f 3429/1550/1088 2898/1279/905 3109/1387/976
f 3429/1550/1088 3109/1387/976 3435/1554/1090
f 3429/1550/1088 3435/1554/1090 3437/1555/1091
f 3429/1550/1088 3437/1555/1091 3430/1551/1089
f 3439/1556/1092 2169/933/668 2168/932/667
f 3439/1556/1092 2168/932/667 2919/1288/910
f 3439/1556/1092 2919/1288/910 3441/1557/1093
f 3439/1556/1092 3441/1557/1093 2943/1307/921
f 3439/1556/1092 2943/1307/921 2169/933/668
f 3435/1554/1090 3109/1387/976 3107/1386/975
f 3435/1554/1090 3107/1386/975 3301/1488/1044
f 3435/1554/1090 3301/1488/1044 3443/1558/1094
f 3435/1554/1090 3443/1558/1094 3437/1555/1091
f 2968/1316/929 2752/1213/860 2751/1212/859
f 2968/1316/929 2751/1212/859 3446/1559/1095
f 2968/1316/929 3446/1559/1095 3449/1560/1096
f 2968/1316/929 3449/1560/1096 3452/1561/1097
f 2968/1316/929 3452/1561/1097 2532/1108/788
f 3154/1405/991 3151/1404/990 3455/1562/1098
f 3154/1405/991 3455/1562/1098 3313/1493/1049
f 3154/1405/991 3313/1493/1049 2741/1205/855
f 3154/1405/991 2741/1205/855 2541/1112/792
f 3154/1405/991 2541/1112/792 2549/1114/794
f 3309/1491/1047 3306/1490/1046 3456/1563/1099
f 3310/1564/1047 3459/1565/1099 3461/1566/1100
f 3310/1564/1047 3461/1566/1100 2551/1115/795
f 3310/1564/1047 2551/1115/795 2017/855/615
f 3313/1493/1049 2743/1206/856 2741/1205/855
f 3325/1497/1052 2756/1215/862 2764/1567/865
f 3325/1497/1052 2764/1567/865 3464/1568/1101
f 3325/1497/1052 3464/1568/1101 3466/1569/1102
f 3325/1497/1052 3466/1569/1102 3326/1498/1053
f 3468/1570/1103 2032/1571/620 2409/1572/745
f 3470/1573/1104 2411/1574/745 3472/1575/1105
f 3469/1576/1103 3471/1577/1105 3473/1578/1106
f 3469/1576/1103 3473/1578/1106 3475/1579/1107
f 3469/1576/1103 3475/1579/1107 2769/1222/866
f 3469/1576/1103 2769/1222/866 2035/1580/620
f 2768/1581/1108 2038/866/621 2034/865/620
f 3486/1582/1109 1692/709/514 2427/1583/1110
f 3488/1584/1111 2428/1415/748 3167/1414/997
f 3487/1585/1111 3166/1586/997 3493/1587/1112
f 3487/1585/1111 3493/1587/1112 3497/1588/1113
f 3486/1582/1109 3496/1589/1113 3498/1590/1114
f 3486/1582/1109 3498/1590/1114 1692/709/514
f 3498/1590/1114 3496/1589/1113 2559/1119/798
f 3498/1590/1114 2559/1119/798 1695/710/515
f 3498/1590/1114 1695/710/515 1692/709/514
f 3502/1591/1115 1823/768/556 2560/1120/799
f 3502/1591/1115 2560/1120/799 3504/1592/1116
f 3502/1591/1115 3504/1592/1116 3507/1593/1117
f 3502/1591/1115 3507/1593/1117 3009/1335/941
f 3502/1591/1115 3009/1335/941 1826/769/557
f 3502/1591/1115 1826/769/557 1823/768/556
f 2437/1057/750 2050/1056/625 2048/1123/624
f 2437/1057/750 2048/1123/624 2569/1122/801
f 2437/1057/750 2569/1122/801 3511/1594/1118
f 2437/1057/750 3511/1594/1118 3514/1595/1119
f 2437/1057/750 3514/1595/1119 2438/1058/751
f 3029/1347/948 3026/1346/947 3517/1596/1120
f 3029/1347/948 3517/1596/1120 3169/1418/999
f 3029/1347/948 3169/1418/999 3168/1417/998
f 3029/1347/948 3168/1417/998 2777/1226/869
f 3519/1597/1121 2816/1598/1122 2814/1241/880
f 3519/1597/1121 2814/1241/880 3396/1529/1076
f 3519/1597/1121 3396/1529/1076 3521/1599/1123
f 3519/1597/1121 3521/1599/1123 3526/1600/1124
f 3519/1597/1121 3526/1600/1124 3529/1601/1125
f 3520/1602/1121 3530/1603/1125 2817/1243/882
f 3528/1604/1125 3525/1605/1124 3532/1606/1126
f 3528/1604/1125 3532/1606/1126 2787/1232/873
f 3530/1603/1125 2788/1230/873 2785/1229/872
f 3530/1603/1125 2785/1229/872 2817/1243/882
f 3386/1607/1073 3382/1608/1072 3537/1609/1127
f 3386/1607/1073 3537/1609/1127 3371/1520/1067
f 3386/1607/1073 3371/1520/1067 2480/1079/767
f 3386/1607/1073 2480/1079/767 2633/1152/821
f 3541/1610/1128 2838/1247/885 3198/1436/1011
f 3541/1610/1128 3198/1436/1011 3545/1611/1129
f 3541/1610/1128 3545/1611/1129 3547/1612/1130
f 3540/1613/1128 3546/1614/1130 3203/1438/1013
f 3540/1613/1128 3203/1438/1013 2837/1248/885
f 3548/1615/1131 3247/1458/1024 3263/1466/1028
f 3548/1615/1131 3263/1466/1028 3550/1616/1132
f 3548/1615/1131 3550/1616/1132 3552/1617/1133
f 3548/1615/1131 3552/1617/1133 3553/1618/1134
f 3548/1615/1131 3553/1618/1134 3250/1459/1025
f 3548/1615/1131 3250/1459/1025 3247/1458/1024
f 3558/1619/1024 3426/1547/1086 3560/1620/1135
f 3558/1619/1024 3560/1620/1135 3562/1621/1136
f 3558/1619/1024 3562/1621/1136 3550/1616/1132
f 3558/1619/1024 3550/1616/1132 3263/1466/1028
f 3558/1619/1024 3263/1466/1028 3261/1465/1027
f 3558/1619/1024 3261/1465/1027 3426/1547/1086
f 3566/1622/1137 3426/1547/1086 3422/1623/1085
f 3565/1624/1137 3421/1544/1085 3570/1625/1138
f 3566/1622/1137 3571/1626/1138 3573/1627/1139
f 3566/1622/1137 3573/1627/1139 3575/1628/1140
f 3566/1622/1137 3575/1628/1140 3560/1620/1135
f 3566/1622/1137 3560/1620/1135 3426/1547/1086
f 3578/1629/1030 3420/1543/1084 3269/1471/1032
f 3578/1629/1030 3269/1471/1032 3267/1470/1031
f 3578/1629/1030 3267/1470/1031 3580/1630/1141
f 3578/1629/1030 3580/1630/1141 3581/1631/1142
f 3578/1629/1030 3581/1631/1142 3582/1632/1143
f 3578/1629/1030 3582/1632/1143 3420/1543/1084
f 3585/1633/1144 3420/1543/1084 3582/1632/1143
f 3585/1633/1144 3582/1632/1143 3588/1634/1145
f 3585/1633/1144 3588/1634/1145 3591/1635/1146
f 3585/1633/1144 3591/1635/1146 3570/1625/1138
f 3585/1633/1144 3570/1625/1138 3421/1544/1085
f 3585/1633/1144 3421/1544/1085 3420/1543/1084
f 3594/1636/1147 3266/1469/1030 3277/1476/1035
f 3594/1636/1147 3277/1476/1035 3596/1637/1148
f 3594/1636/1147 3596/1637/1148 3599/1638/1149
f 3594/1636/1147 3599/1638/1149 3580/1630/1141
f 3594/1636/1147 3580/1630/1141 3267/1470/1031
f 3594/1636/1147 3267/1470/1031 3266/1469/1030
f 3298/1485/1042 2923/1293/913 2922/1292/912
f 3298/1485/1042 2922/1292/912 3603/1639/1150
f 3298/1485/1042 3603/1639/1150 3606/1640/1151
f 3298/1485/1042 3606/1640/1151 3607/1641/1152
f 3298/1485/1042 3607/1641/1152 3299/1486/1043
f 3603/1639/1150 2922/1292/912 2920/1291/911
f 3603/1639/1150 2920/1291/911 3303/1489/1045
f 3603/1639/1150 3303/1489/1045 3610/1642/1153
f 3603/1639/1150 3610/1642/1153 3613/1643/1154
f 3603/1639/1150 3613/1643/1154 3606/1640/1151
f 3617/1644/1155 2934/1301/916 2959/1314/927
f 3615/1645/1155 2958/1646/927 3619/1647/1156
f 3615/1645/1155 3619/1647/1156 3622/1648/1157
f 3616/1649/1155 3623/1650/1157 3626/1651/1158
f 3616/1649/1155 3626/1651/1158 2935/1303/917
f 3617/1644/1155 2936/1302/917 2934/1301/916
f 3630/1652/1159 2731/1200/853 2532/1108/788
f 3630/1652/1159 2532/1108/788 3452/1561/1097
f 3630/1652/1159 3452/1561/1097 3633/1653/1160
f 3630/1652/1159 3633/1653/1160 3638/1654/1161
f 3629/1655/1159 3637/1656/1161 2950/1310/924
f 3629/1655/1159 2950/1310/924 2730/1202/853
f 3625/1657/1162 3622/1648/1157 3641/1658/1163
f 3626/1651/1158 3643/1659/1164 3610/1642/1153
f 3626/1651/1158 3610/1642/1153 2937/1304/918
f 3626/1651/1158 2937/1304/918 2935/1303/917
f 3135/1396/985 2973/1317/930 3327/1499/1054
f 3135/1396/985 3327/1499/1054 3326/1498/1053
f 3135/1396/985 3326/1498/1053 3645/1660/1165
f 3135/1396/985 3645/1660/1165 3136/1397/986
f 3338/1504/1057 3333/1503/1056 3648/1661/1166
f 3338/1504/1057 3648/1661/1166 3650/1662/1167
f 3337/1506/1058 3649/1663/1167 3653/1664/1168
f 3337/1506/1058 3653/1664/1168 3463/1665/1101
f 3337/1506/1058 3463/1665/1101 2225/957/684
f 3463/1665/1101 2763/1218/865 2225/957/684
f 3658/1666/1169 2264/970/696 2260/969/695
f 3658/1666/1169 2260/969/695 3350/1667/1063
f 3658/1666/1169 3350/1667/1063 3661/1668/1170
f 3658/1666/1169 3661/1668/1170 3662/1669/1171
f 3658/1666/1169 3662/1669/1171 3667/1670/1172
f 3658/1666/1169 3667/1670/1172 2264/970/696
f 3669/1671/1173 2265/972/696 3668/1672/1172
f 3669/1671/1173 3668/1672/1172 3672/1673/1174
f 3669/1671/1173 3672/1673/1174 3676/1674/1175
f 3669/1671/1173 3676/1674/1175 3679/1675/1176
f 3669/1671/1173 3679/1675/1176 2565/1121/800
f 3669/1671/1173 2565/1121/800 2059/875/628
f 3669/1671/1173 2059/875/628 2265/972/696
f 3681/1676/1177 3195/1435/1010 3404/1532/1079
f 3681/1676/1177 3404/1532/1079 3684/1677/1178
f 3681/1676/1177 3684/1677/1178 3687/1678/1179
f 3681/1676/1177 3687/1678/1179 3545/1611/1129
f 3681/1676/1177 3545/1611/1129 3198/1436/1011
f 3681/1676/1177 3198/1436/1011 3195/1435/1010
f 3692/1679/1180 3212/1442/1017 3226/1446/1021
f 3692/1679/1180 3226/1446/1021 3696/1680/1181
f 3692/1679/1180 3696/1680/1181 3698/1681/1182
f 3692/1679/1180 3698/1681/1182 3699/1682/1183
f 3692/1679/1180 3699/1682/1183 3212/1442/1017
f 3214/1443/1018 3212/1442/1017 3699/1682/1183
f 3214/1443/1018 3699/1682/1183 3703/1683/1184
f 3214/1443/1018 3703/1683/1184 3706/1684/1185
f 3214/1443/1018 3706/1684/1185 3219/1444/1019
f 3696/1680/1181 3226/1446/1021 3251/1460/1025
f 3695/1685/1181 3250/1459/1025 3553/1618/1134
f 3695/1685/1181 3553/1618/1134 3707/1686/1186
f 3696/1680/1181 3709/1687/1186 3698/1681/1182
f 3711/1688/1187 3273/1473/1034 3284/1479/1038
f 3711/1688/1187 3284/1479/1038 3713/1689/1188
f 3711/1688/1187 3713/1689/1188 3715/1690/1189
f 3711/1688/1187 3715/1690/1189 3717/1691/1190
f 3711/1688/1187 3717/1691/1190 3273/1473/1034
f 3717/1691/1190 3715/1690/1189 3720/1692/1191
f 3718/1693/1190 3722/1694/1191 3596/1637/1148
f 3718/1693/1190 3596/1637/1148 3277/1476/1035
f 3717/1691/1190 3276/1474/1035 3273/1473/1034
f 3293/1482/1041 3290/1481/1040 3730/1695/1192
f 3293/1482/1041 3730/1695/1192 3733/1696/1193
f 3293/1482/1041 3733/1696/1193 3713/1689/1188
f 3293/1482/1041 3713/1689/1188 3284/1479/1038
f 3610/1642/1153 3303/1489/1045 2937/1304/918
f 2772/1223/867 2769/1222/866 3736/1697/1194
f 2772/1223/867 3736/1697/1194 3738/1698/1195
f 2772/1223/867 3738/1698/1195 3741/1699/1196
f 2772/1223/867 3741/1699/1196 2985/1322/933
f 2772/1223/867 2985/1322/933 2238/1224/687
f 3742/1700/1197 2991/1324/935 2990/1323/934
f 3742/1700/1197 2990/1323/934 3745/1701/1198
f 3742/1700/1197 3745/1701/1198 3749/1702/1199
f 3742/1700/1197 3749/1702/1199 3334/1501/1056
f 3742/1700/1197 3334/1501/1056 2991/1324/935
f 3753/1703/1200 2248/1704/689 3005/1705/939
f 3753/1703/1200 3005/1705/939 3754/1706/1201
f 3753/1703/1200 3754/1706/1201 3758/1707/1202
f 3752/1708/1200 3757/1709/1202 3157/1407/993
f 3752/1708/1200 3157/1407/993 2251/965/691
f 3752/1708/1200 2251/965/691 2247/1710/689
f 3761/1711/1203 2595/1136/810 3374/1522/1069
f 3761/1711/1203 3374/1522/1069 3767/1712/1204
f 3762/1713/1203 3768/1714/1204 3770/1715/1205
f 3763/1716/1203 3771/1717/1205 3051/1360/957
f 3763/1716/1203 3051/1360/957 2598/1139/811
f 3761/1711/1203 2597/1137/811 2595/1136/810
f 3775/1718/1206 3560/1620/1135 3575/1628/1140
f 3775/1718/1206 3575/1628/1140 3781/1719/1207
f 3775/1718/1206 3781/1719/1207 3783/1720/1208
f 3775/1718/1206 3783/1720/1208 3784/1721/1209
f 3775/1718/1206 3784/1721/1209 3562/1621/1136
f 3775/1718/1206 3562/1621/1136 3560/1620/1135
f 3786/1722/1210 3572/1723/1139 3569/1724/1211
f 3788/1725/1210 3570/1625/1138 3591/1635/1146
f 3787/1726/1210 3590/1727/1146 3792/1728/1212
f 3787/1726/1210 3792/1728/1212 3796/1729/1213
f 3787/1726/1210 3796/1729/1213 3798/1730/1214
f 3789/1731/1210 3799/1732/1214 3574/1733/1139
f 3803/1734/1215 3574/1733/1139 3799/1732/1214
f 3803/1734/1215 3799/1732/1214 3804/1735/1216
f 3803/1734/1215 3804/1735/1216 3808/1736/1217
f 3802/1737/1215 3807/1738/1217 3781/1719/1207
f 3802/1737/1215 3781/1719/1207 3575/1628/1140
f 3802/1737/1215 3575/1628/1140 3573/1627/1139
f 3811/1739/1218 3591/1635/1146 3588/1634/1145
f 3811/1739/1218 3588/1634/1145 3814/1740/1219
f 3811/1739/1218 3814/1740/1219 3817/1741/1220
f 3810/1742/1218 3816/1743/1220 3819/1744/1221
f 3810/1742/1218 3819/1744/1221 3792/1728/1212
f 3810/1742/1218 3792/1728/1212 3590/1727/1146
f 3820/1745/1222 3582/1632/1143 3581/1631/1142
f 3820/1745/1222 3581/1631/1142 3824/1746/1223
f 3820/1745/1222 3824/1746/1223 3828/1747/1224
f 3820/1745/1222 3828/1747/1224 3814/1740/1219
f 3820/1745/1222 3814/1740/1219 3588/1634/1145
f 3820/1745/1222 3588/1634/1145 3582/1632/1143
f 3831/1748/1225 3301/1488/1044 3300/1487/1043
f 3831/1748/1225 3300/1487/1043 3608/1749/1152
f 3831/1748/1225 3608/1749/1152 3836/1750/1226
f 3831/1748/1225 3836/1750/1226 3839/1751/1227
f 3831/1748/1225 3839/1751/1227 3443/1558/1094
f 3831/1748/1225 3443/1558/1094 3301/1488/1044
f 3842/1752/1228 2750/1210/858 3116/1391/980
f 3842/1752/1228 3116/1391/980 3855/1753/1229
f 3843/1754/1228 3856/1755/1229 3858/1756/1230
f 3841/1757/1228 3857/1758/1230 3446/1559/1095
f 3841/1757/1228 3446/1559/1095 2751/1212/859
f 3841/1757/1228 2751/1212/859 2749/1211/858
f 3863/1759/1231 2553/1116/796 2551/1115/795
f 3863/1759/1231 2551/1115/795 3461/1566/1100
f 3863/1759/1231 3461/1566/1100 3868/1760/1232
f 3862/1761/1231 3867/1762/1232 3872/1763/1233
f 3863/1759/1231 3873/1764/1233 3003/1328/938
f 3863/1759/1231 3003/1328/938 2553/1116/796
f 3874/1765/1234 2257/967/693 3159/1408/994
f 3874/1765/1234 3159/1408/994 3877/1766/1235
f 3874/1765/1234 3877/1766/1235 3880/1767/1236
f 3874/1765/1234 3880/1767/1236 3343/1509/1060
f 3874/1765/1234 3343/1509/1060 2258/968/694
f 3874/1765/1234 2258/968/694 2257/967/693
f 3882/1768/1237 2442/1059/752 2438/1058/751
f 3882/1768/1237 2438/1058/751 3514/1595/1119
f 3882/1768/1237 3514/1595/1119 3886/1769/1238
f 3883/1770/1237 3887/1771/1239 3890/1772/1240
f 3883/1770/1237 3890/1772/1240 2443/1412/752
f 3890/1772/1240 3887/1771/1239 3894/1773/1241
f 3890/1772/1240 3894/1773/1241 3897/1774/1242
f 3890/1772/1240 3897/1774/1242 3165/1413/996
f 3890/1772/1240 3165/1413/996 2443/1412/752
f 3898/1775/1243 2578/1127/803 3011/1338/942
f 3898/1775/1243 3011/1338/942 3901/1776/1244
f 3898/1775/1243 3901/1776/1244 3902/1777/1245
f 3898/1775/1243 3902/1777/1245 3903/1778/1246
f 3898/1775/1243 3903/1778/1246 2579/1128/804
f 3898/1775/1243 2579/1128/804 2578/1127/803
f 3367/1518/1065 3181/1517/1002 3908/1779/1247
f 3367/1518/1065 3908/1779/1247 3909/1780/1248
f 3367/1518/1065 3909/1780/1248 3038/1352/951
f 3367/1518/1065 3038/1352/951 3036/1351/950
f 3538/1781/1127 3383/1782/1072 3912/1783/1249
f 3538/1781/1127 3912/1783/1249 3914/1784/1250
f 3538/1781/1127 3914/1784/1250 3373/1785/1068
f 3537/1609/1127 3372/1521/1068 3371/1520/1067
f 3923/1786/1251 2787/1232/873 3532/1606/1126
f 3923/1786/1251 3532/1606/1126 3926/1787/1252
f 3923/1786/1251 3926/1787/1252 3929/1788/1253
f 3923/1786/1251 3929/1788/1253 3380/1524/1071
f 3923/1786/1251 3380/1524/1071 2791/1233/874
f 3923/1786/1251 2791/1233/874 2787/1232/873
f 3932/1789/1254 3203/1438/1013 3546/1614/1130
f 3932/1789/1254 3546/1614/1130 3934/1790/1255
f 3932/1789/1254 3934/1790/1255 3937/1791/1256
f 3932/1789/1254 3937/1791/1256 3941/1792/1257
f 3932/1789/1254 3941/1792/1257 3393/1528/1075
f 3932/1789/1254 3393/1528/1075 3203/1438/1013
f 3944/1793/1258 2484/1433/769 3190/1432/1008
f 3944/1793/1258 3190/1432/1008 3946/1794/1259
f 3944/1793/1258 3946/1794/1259 3947/1795/1260
f 3944/1793/1258 3947/1795/1260 3411/1538/1081
f 3944/1793/1258 3411/1538/1081 2486/1537/770
f 3944/1793/1258 2486/1537/770 2484/1433/769
f 3951/1796/1261 3562/1621/1136 3784/1721/1209
f 3951/1796/1261 3784/1721/1209 3952/1797/1262
f 3951/1796/1261 3952/1797/1262 3955/1798/1263
f 3951/1796/1261 3955/1798/1263 3552/1617/1133
f 3951/1796/1261 3552/1617/1133 3550/1616/1132
f 3951/1796/1261 3550/1616/1132 3562/1621/1136
f 3959/1799/1264 3581/1631/1142 3580/1630/1141
f 3959/1799/1264 3580/1630/1141 3599/1638/1149
f 3959/1799/1264 3599/1638/1149 3961/1800/1265
f 3959/1799/1264 3961/1800/1265 3965/1801/1266
f 3959/1799/1264 3965/1801/1266 3824/1746/1223
f 3959/1799/1264 3824/1746/1223 3581/1631/1142
f 3441/1557/1093 2919/1288/910 3970/1802/1267
f 3441/1557/1093 3970/1802/1267 3973/1803/1268
f 3441/1557/1093 3973/1803/1268 3976/1804/1269
f 3441/1557/1093 3976/1804/1269 3980/1805/1270
f 3441/1557/1093 3980/1805/1270 2943/1307/921
f 2945/1308/922 2943/1307/921 3980/1805/1270
f 2945/1308/922 3980/1805/1270 3976/1804/1269
f 2945/1308/922 3976/1804/1269 3306/1490/1046
f 3984/1806/1271 2958/1646/927 2951/1311/925
f 3984/1806/1271 2951/1311/925 3987/1807/1272
f 3984/1806/1271 3987/1807/1272 3994/1808/1273
f 3984/1806/1271 3994/1808/1273 3995/1809/1274
f 3984/1806/1271 3995/1809/1274 3619/1647/1156
f 3984/1806/1271 3619/1647/1156 2958/1646/927
f 3987/1807/1272 2951/1311/925 2950/1310/924
f 3987/1807/1272 2950/1310/924 3637/1656/1161
f 3987/1807/1272 3637/1656/1161 3999/1810/1275
f 3987/1807/1272 3999/1810/1275 3994/1808/1273
f 3450/1811/1096 3447/1812/1095 4003/1813/1276
f 3450/1811/1096 4003/1813/1276 4006/1814/1277
f 3450/1811/1096 4006/1814/1277 3634/1815/1160
f 3449/1560/1096 3633/1653/1160 3452/1561/1097
f 3454/1816/1098 3150/1817/990 4013/1818/1278
f 3454/1816/1098 4013/1818/1278 4016/1819/1279
f 3454/1816/1098 4016/1819/1279 3317/1820/1050
f 3454/1816/1098 3317/1820/1050 3312/1821/1049
f 4022/1822/1280 2411/1574/745 2406/1823/744
f 4022/1822/1280 2406/1823/744 2419/1824/746
f 4022/1822/1280 2419/1824/746 3345/1825/1061
f 4022/1822/1280 3345/1825/1061 4026/1826/1281
f 4022/1822/1280 4026/1826/1281 3472/1575/1105
f 4022/1822/1280 3472/1575/1105 2411/1574/745
f 3662/1669/1171 3661/1668/1170 4029/1827/1282
f 3662/1669/1171 4029/1827/1282 4030/1828/1283
f 3662/1669/1171 4030/1828/1283 3671/1829/1174
f 3662/1669/1171 3671/1829/1174 3667/1670/1172
f 4035/1830/1284 2582/1129/805 2579/1128/804
f 4035/1830/1284 2579/1128/804 3903/1778/1246
f 4035/1830/1284 3903/1778/1246 4037/1831/1285
f 4035/1830/1284 4037/1831/1285 4039/1832/1286
f 4035/1830/1284 4039/1832/1286 3016/1340/944
f 4035/1830/1284 3016/1340/944 2582/1129/805
f 4045/1833/1287 3057/1363/960 3052/1361/958
f 4045/1833/1287 3052/1361/958 4049/1834/1288
f 4044/1835/1287 4048/1836/1288 4052/1837/1289
f 4044/1835/1287 4052/1837/1289 4053/1838/1290
f 4044/1835/1287 4053/1838/1290 3177/1839/1001
f 4045/1833/1287 3178/1421/1001 3057/1363/960
f 4059/1840/1291 3020/1343/945 3018/1342/944
f 4058/1841/1291 3017/1842/944 4040/1843/1286
f 4058/1841/1291 4040/1843/1286 4061/1844/1292
f 4057/1845/1291 4060/1846/1292 4063/1847/1293
f 4057/1845/1291 4063/1847/1293 3188/1431/1007
f 4057/1845/1291 3188/1431/1007 3019/1848/945
f 4067/1849/1294 3218/1534/1019 4071/1850/1072
f 4067/1849/1294 4071/1850/1072 4073/1851/1295
f 4066/1852/1294 4074/1853/1296 4079/1854/1297
f 4066/1852/1294 4079/1854/1297 4080/1855/1298
f 4067/1849/1294 4081/1856/1298 3401/1531/1078
f 4067/1849/1294 3401/1531/1078 3218/1534/1019
f 3706/1684/1185 3703/1683/1184 4086/1857/1299
f 3705/1858/1185 4085/1859/1299 4075/1860/1296
f 3706/1684/1185 4076/1861/1296 4072/1862/1072
f 3706/1684/1185 4072/1862/1072 3219/1444/1019
f 3698/1681/1182 3709/1687/1186 4092/1863/1300
f 3697/1864/1182 4091/1865/1300 4093/1866/1301
f 3698/1681/1182 4094/1867/1301 3703/1683/1184
f 3698/1681/1182 3703/1683/1184 3699/1682/1183
f 4098/1868/1302 3799/1732/1214 3797/1869/1213
f 4097/1870/1302 3796/1729/1213 4103/1871/1303
f 4098/1868/1302 4104/1872/1303 4107/1873/1304
f 4098/1868/1302 4107/1873/1304 4111/1874/1305
f 4098/1868/1302 4111/1874/1305 3804/1735/1216
f 4098/1868/1302 3804/1735/1216 3799/1732/1214
f 4112/1875/1306 2499/1090/776 2498/1089/775
f 4112/1875/1306 2498/1089/775 2843/1253/888
f 4112/1875/1306 2843/1253/888 4114/1876/1307
f 4112/1875/1306 4114/1876/1307 4115/1877/1308
f 4112/1875/1306 4115/1877/1308 4117/1878/1309
f 4112/1875/1306 4117/1878/1309 2499/1090/776
f 4118/1879/1310 2499/1090/776 4117/1878/1309
f 4118/1879/1310 4117/1878/1309 4120/1880/1311
f 4118/1879/1310 4120/1880/1311 4121/1881/1312
f 4118/1879/1310 4121/1881/1312 2506/1095/778
f 4118/1879/1310 2506/1095/778 2500/1091/777
f 4118/1879/1310 2500/1091/777 2499/1090/776
f 4124/1882/1313 3792/1728/1212 3819/1744/1221
f 4124/1882/1313 3819/1744/1221 4126/1883/1314
f 4124/1882/1313 4126/1883/1314 4128/1884/1315
f 4124/1882/1313 4128/1884/1315 4103/1871/1303
f 4124/1882/1313 4103/1871/1303 3796/1729/1213
f 4124/1882/1313 3796/1729/1213 3792/1728/1212
f 4130/1885/1316 2506/1095/778 4121/1881/1312
f 4130/1885/1316 4121/1881/1312 4133/1886/1317
f 4130/1885/1316 4133/1886/1317 4135/1887/1318
f 4130/1885/1316 4135/1887/1318 2916/1286/909
f 4130/1885/1316 2916/1286/909 2509/1096/779
f 4130/1885/1316 2509/1096/779 2506/1095/778
f 4135/1887/1318 4133/1886/1317 4137/1888/1319
f 4134/1889/1318 4136/1890/1319 4141/1891/1320
f 4134/1889/1318 4141/1891/1320 3970/1802/1267
f 4134/1889/1318 3970/1802/1267 2915/1287/909
f 3970/1802/1267 2919/1288/910 2915/1287/909
f 3733/1696/1193 3730/1695/1192 4144/1892/1321
f 3734/1893/1193 4145/1894/1321 4150/1895/1322
f 3733/1696/1193 4149/1896/1322 3715/1690/1189
f 3733/1696/1193 3715/1690/1189 3713/1689/1188
f 4153/1897/1323 3291/1552/1040 3430/1551/1089
f 4153/1897/1323 3430/1551/1089 4155/1898/1324
f 4152/1899/1323 4154/1900/1324 4156/1901/1325
f 4152/1899/1323 4156/1901/1325 4159/1902/1326
f 4153/1897/1323 4160/1903/1327 4164/1904/1161
f 4153/1897/1323 4164/1904/1161 3291/1552/1040
f 3730/1695/1192 3290/1481/1040 4163/1905/1161
f 3730/1695/1192 4163/1905/1161 4157/1906/1326
f 3731/1907/1192 4158/1908/1326 4145/1894/1321
f 4170/1909/1328 3132/1395/984 3322/1496/1051
f 4169/1910/1328 3321/1911/1051 4172/1912/1329
f 4169/1910/1328 4172/1912/1329 4175/1913/1330
f 4169/1910/1328 4175/1913/1330 4178/1914/1331
f 4170/1909/1328 4179/1915/1331 3115/1390/979
f 4170/1909/1328 3115/1390/979 3132/1395/984
f 3749/1702/1199 3745/1701/1198 4183/1916/1332
f 3748/1917/1199 4182/1918/1332 4184/1919/1333
f 3748/1917/1199 4184/1919/1333 3648/1661/1166
f 3748/1917/1199 3648/1661/1166 3333/1503/1056
f 4186/1920/1334 2559/1119/798 3496/1589/1113
f 4187/1921/1334 3497/1588/1113 4189/1922/1335
f 4187/1921/1334 4189/1922/1335 4191/1923/1336
f 4187/1921/1334 4191/1923/1336 4193/1924/1337
f 4187/1921/1334 4193/1924/1337 3505/1925/1116
f 4186/1920/1334 3504/1592/1116 2560/1120/799
f 4186/1920/1334 2560/1120/799 2559/1119/798
f 4197/1926/1338 3351/1513/1063 3348/1512/1062
f 4197/1926/1338 3348/1512/1062 3353/1516/1064
f 4197/1926/1338 3353/1516/1064 4199/1927/1339
f 4197/1926/1338 4199/1927/1339 4203/1928/1340
f 4197/1926/1338 4203/1928/1340 4206/1929/1341
f 4196/1930/1338 4205/1931/1341 4209/1932/1342
f 4196/1930/1338 4209/1932/1342 4211/1933/1343
f 4197/1926/1338 4212/1934/1343 3351/1513/1063
f 4211/1933/1343 4209/1932/1342 4214/1935/1344
f 4211/1933/1343 4214/1935/1344 4029/1827/1282
f 4211/1933/1343 4029/1827/1282 3661/1668/1170
f 4211/1933/1343 3661/1668/1170 3350/1667/1063
f 3770/1715/1205 3768/1714/1204 4218/1936/1345
f 3769/1937/1205 4217/1938/1345 4221/1939/1346
f 3769/1937/1205 4221/1939/1346 4048/1836/1288
f 3771/1717/1205 4049/1834/1288 3051/1360/957
f 4049/1834/1288 3052/1361/958 3051/1360/957
f 3941/1792/1257 3937/1791/1256 4222/1940/1347
f 3941/1792/1257 4222/1940/1347 4227/1941/1348
f 3942/1942/1257 4228/1943/1349 4232/1944/1350
f 3942/1942/1257 4232/1944/1350 4236/1945/1351
f 3941/1792/1257 4235/1946/1351 4240/1947/1352
f 3941/1792/1257 4240/1947/1352 3396/1529/1076
f 3941/1792/1257 3396/1529/1076 3393/1528/1075
f 4080/1855/1298 4079/1854/1297 4241/1948/1353
f 4080/1855/1298 4241/1948/1353 3683/1949/1354
f 4081/1856/1298 3684/1677/1178 3404/1532/1079
f 4081/1856/1298 3404/1532/1079 3401/1531/1078
f 4244/1950/1355 3552/1617/1133 3955/1798/1263
f 4244/1950/1355 3955/1798/1263 4248/1951/1356
f 4244/1950/1355 4248/1951/1356 4251/1952/1357
f 4244/1950/1355 4251/1952/1357 3707/1686/1186
f 4244/1950/1355 3707/1686/1186 3553/1618/1134
f 4244/1950/1355 3553/1618/1134 3552/1617/1133
f 4256/1953/1358 3781/1719/1207 3807/1738/1217
f 4255/1954/1359 3806/1955/1217 4257/1956/1360
f 4255/1954/1359 4257/1956/1360 4264/1957/1361
f 4256/1953/1358 4263/1958/1361 4269/1959/1362
f 4256/1953/1358 4269/1959/1362 3783/1720/1208
f 4256/1953/1358 3783/1720/1208 3781/1719/1207
f 4272/1960/1363 3814/1740/1219 3828/1747/1224
f 4273/1961/1363 3829/1962/1224 4274/1963/1364
f 4273/1961/1363 4274/1963/1364 4278/1964/1365
f 4271/1965/1366 4277/1966/1365 4279/1967/1367
f 4271/1965/1366 4279/1967/1367 3816/1743/1220
f 4272/1960/1363 3817/1741/1220 3814/1740/1219
f 4282/1968/1368 3599/1638/1149 3596/1637/1148
f 4282/1968/1368 3596/1637/1148 3722/1694/1191
f 4283/1969/1368 3723/1970/1191 4284/1971/1369
f 4283/1969/1368 4284/1971/1369 4285/1972/1370
f 4283/1969/1368 4285/1972/1370 3962/1973/1265
f 4282/1968/1368 3961/1800/1265 3599/1638/1149
f 4155/1898/1324 3430/1551/1089 3437/1555/1091
f 4155/1898/1324 3437/1555/1091 4292/1974/1371
f 4154/1900/1324 4291/1975/1372 4293/1976/1373
f 4154/1900/1324 4293/1976/1373 4156/1901/1325
f 4292/1974/1371 3437/1555/1091 3443/1558/1094
f 4292/1974/1371 3443/1558/1094 3839/1751/1227
f 4291/1975/1372 3838/1977/1227 4295/1978/1374
f 4291/1975/1372 4295/1978/1374 4293/1976/1373
f 4178/1914/1331 4175/1913/1330 4302/1979/1375
f 4178/1914/1331 4302/1979/1375 3854/1980/1229
f 4179/1915/1331 3855/1753/1229 3116/1391/980
f 4179/1915/1331 3116/1391/980 3115/1390/979
f 3741/1699/1196 3738/1698/1195 4305/1981/1376
f 3741/1699/1196 4305/1981/1376 4308/1982/1377
f 3741/1699/1196 4308/1982/1377 4312/1983/1378
f 3741/1699/1196 4312/1983/1378 4315/1984/1379
f 3741/1699/1196 4315/1984/1379 2990/1323/934
f 3741/1699/1196 2990/1323/934 2985/1322/933
f 4315/1984/1379 4312/1983/1378 4322/1985/1380
f 4315/1984/1379 4322/1985/1380 4183/1916/1332
f 4315/1984/1379 4183/1916/1332 3745/1701/1198
f 4315/1984/1379 3745/1701/1198 2990/1323/934
f 3475/1579/1107 3473/1578/1106 4326/1986/1381
f 3475/1579/1107 4326/1986/1381 4331/1987/1382
f 3475/1579/1107 4331/1987/1382 3736/1697/1194
f 3475/1579/1107 3736/1697/1194 2769/1222/866
f 3679/1675/1176 3676/1674/1175 4336/1988/1383
f 3679/1675/1176 4336/1988/1383 4339/1989/1384
f 3679/1675/1176 4339/1989/1384 4342/1990/1385
f 3679/1675/1176 4342/1990/1385 4344/1991/1386
f 3679/1675/1176 4344/1991/1386 2569/1122/801
f 3679/1675/1176 2569/1122/801 2565/1121/800
f 3511/1594/1118 2569/1122/801 4344/1991/1386
f 3511/1594/1118 4344/1991/1386 4348/1992/1387
f 3511/1594/1118 4348/1992/1387 4352/1993/1388
f 3511/1594/1118 4352/1993/1388 3514/1595/1119
f 4355/1994/1389 3169/1418/999 4358/1995/1390
f 4355/1994/1389 4358/1995/1390 4359/1996/1391
f 4355/1994/1389 4359/1996/1391 4360/1997/1392
f 4355/1994/1389 4360/1997/1392 4200/1998/1393
f 4354/1999/1389 4199/1927/1339 3353/1516/1064
f 4355/1994/1389 3354/1515/1064 3169/1418/999
f 3517/1596/1120 3026/1346/947 4370/2000/1394
f 3517/1596/1120 4370/2000/1394 4372/2001/1395
f 3517/1596/1120 4372/2001/1395 4358/1995/1390
f 3517/1596/1120 4358/1995/1390 3169/1418/999
f 4377/2002/1396 3375/2003/1069 3373/1785/1068
f 4377/2002/1396 3373/1785/1068 3914/1784/1250
f 4377/2002/1396 3914/1784/1250 4379/2004/1397
f 4377/2002/1396 4379/2004/1397 4380/2005/1398
f 4377/2002/1396 4380/2005/1398 3768/1714/1204
f 4377/2002/1396 3768/1714/1204 3375/2003/1069
f 3521/1599/1123 3396/1529/1076 4240/1947/1352
f 3521/1599/1123 4240/1947/1352 4235/1946/1351
f 3522/2006/1399 4236/1945/1351 4387/2007/1400
f 3522/2006/1399 4387/2007/1400 3527/2008/1124
f 4388/2009/1401 3784/1721/1209 3783/1720/1208
f 4388/2009/1401 3783/1720/1208 4269/1959/1362
f 4388/2009/1401 4269/1959/1362 4390/2010/1402
f 4388/2009/1401 4390/2010/1402 4393/2011/1403
f 4388/2009/1401 4393/2011/1403 3952/1797/1262
f 4388/2009/1401 3952/1797/1262 3784/1721/1209
f 4396/2012/1404 2843/1253/888 2842/1252/887
f 4395/2013/1404 2841/1540/887 3412/1539/1082
f 4395/2013/1404 3412/1539/1082 4398/2014/1405
f 4395/2013/1404 4398/2014/1405 4401/2015/1406
f 4396/2012/1404 4402/2016/1406 4114/1876/1307
f 4396/2012/1404 4114/1876/1307 2843/1253/888
f 4404/2017/1407 3825/2018/1223 3966/2019/1266
f 4404/2017/1407 3966/2019/1266 4406/2020/1408
f 4404/2017/1407 4406/2020/1408 4407/2021/1409
f 4404/2017/1407 4407/2021/1409 4274/1963/1364
f 4404/2017/1407 4274/1963/1364 3829/1962/1224
f 4404/2017/1407 3829/1962/1224 3825/2018/1223
f 4413/2022/1410 3306/1490/1046 3976/1804/1269
f 4414/2023/1410 3977/2024/1269 4418/2025/1411
f 4414/2023/1410 4418/2025/1411 4421/2026/1412
f 4414/2023/1410 4421/2026/1412 4424/2027/1413
f 4414/2023/1410 4424/2027/1413 3457/2028/1099
f 4413/2022/1410 3456/1563/1099 3306/1490/1046
f 3641/1658/1163 3622/1648/1157 4427/2029/1414
f 3642/2030/1415 4428/2031/1414 4431/2032/1416
f 3642/2030/1415 4431/2032/1416 4432/2033/1417
f 3643/1659/1164 4433/2034/1417 3610/1642/1153
f 3613/1643/1154 3610/1642/1153 4433/2034/1417
f 3612/2035/1154 4432/2033/1417 4431/2032/1416
f 3612/2035/1154 4431/2032/1416 4436/2036/1418
f 3612/2035/1154 4436/2036/1418 4438/2037/1419
f 3612/2035/1154 4438/2037/1419 4441/2038/1420
f 3613/1643/1154 4442/2039/1420 4443/2040/1421
f 3613/1643/1154 4443/2040/1421 3606/1640/1151
f 3858/1756/1230 3856/1755/1229 4449/2041/1422
f 3858/1756/1230 4449/2041/1422 4451/2042/1423
f 3858/1756/1230 4451/2042/1423 4003/1813/1276
f 3858/1756/1230 4003/1813/1276 3447/1812/1095
f 4456/2043/1424 3326/1498/1053 3466/1569/1102
f 4456/2043/1424 3466/1569/1102 4460/2044/1425
f 4456/2043/1424 4460/2044/1425 4461/2045/1426
f 4456/2043/1424 4461/2045/1426 4462/2046/1427
f 4456/2043/1424 4462/2046/1427 4463/2047/1428
f 4456/2043/1424 4463/2047/1428 3326/1498/1053
f 3645/1660/1165 3326/1498/1053 4463/2047/1428
f 3645/1660/1165 4463/2047/1428 4465/2048/1429
f 3645/1660/1165 4465/2048/1429 4467/2049/1430
f 3645/1660/1165 4467/2049/1430 3136/1397/986
f 4474/2050/1431 3003/1328/938 3873/1764/1233
f 4473/2051/1431 3872/1763/1233 4478/2052/1432
f 4472/2053/1431 4477/2054/1432 4481/2055/1433
f 4472/2053/1431 4481/2055/1433 3754/1706/1201
f 4472/2053/1431 3754/1706/1201 3005/1705/939
f 4471/2056/1431 3004/1331/939 3002/1330/938
f 3650/1662/1167 3648/1661/1166 4184/1919/1333
f 3650/1662/1167 4184/1919/1333 4484/2057/1434
f 3650/1662/1167 4484/2057/1434 4488/2058/1435
f 3650/1662/1167 4488/2058/1435 3654/2059/1436
f 3472/1575/1105 4026/1826/1281 4491/2060/1437
f 3472/1575/1105 4491/2060/1437 4327/2061/1381
f 3472/1575/1105 4327/2061/1381 3474/2062/1438
f 4353/2063/1388 4349/2064/1387 4494/2065/1439
f 4353/2063/1388 4494/2065/1439 3887/1771/1239
f 4352/1993/1388 3886/1769/1238 3514/1595/1119
f 4030/1828/1283 4029/1827/1282 4214/1935/1344
f 4030/1828/1283 4214/1935/1344 4500/2066/1440
f 4030/1828/1283 4500/2066/1440 3675/2067/1175
f 4030/1828/1283 3675/2067/1175 3671/1829/1174
f 4502/2068/1441 3009/1335/941 3507/1593/1117
f 4502/2068/1441 3507/1593/1117 4506/2069/1442
f 4501/2070/1441 4505/2071/1443 4509/2072/1444
f 4501/2070/1441 4509/2072/1444 3901/1776/1244
f 4501/2070/1441 3901/1776/1244 3011/1338/942
f 4501/2070/1441 3011/1338/942 3008/2073/941
f 4510/2074/1445 3025/2075/947 3042/1353/952
f 4510/2074/1445 3042/1353/952 3038/1352/951
f 4510/2074/1445 3038/1352/951 3909/1780/1248
f 4510/2074/1445 3909/1780/1248 4514/2076/1446
f 4510/2074/1445 4514/2076/1446 4369/2077/1394
f 4510/2074/1445 4369/2077/1394 3025/2075/947
f 4517/2078/1447 3381/1525/1072 3380/1524/1071
f 4517/2078/1447 3380/1524/1071 3929/1788/1253
f 4517/2078/1447 3929/1788/1253 4520/2079/1448
f 4517/2078/1447 4520/2079/1448 4527/2080/1449
f 4518/2081/1447 4528/2082/1449 3912/1783/1249
f 4518/2081/1447 3912/1783/1249 3383/1782/1072
f 4531/2083/1450 3525/1605/1124 4386/2084/1451
f 4531/2083/1450 4386/2084/1451 4534/2085/1452
f 4531/2083/1450 4534/2085/1452 3926/1787/1252
f 4531/2083/1450 3926/1787/1252 3532/1606/1126
f 4531/2083/1450 3532/1606/1126 3525/1605/1124
f 3936/2086/1255 3547/1612/1130 3545/1611/1129
f 3936/2086/1255 3545/1611/1129 3687/1678/1179
f 3935/2087/1255 3686/2088/1179 4540/2089/1453
f 3935/2087/1255 4540/2089/1453 4544/2090/1454
f 3934/1790/1255 4543/2091/1454 4222/1940/1347
f 3934/1790/1255 4222/1940/1347 3937/1791/1256
f 4546/2092/1455 3707/1686/1186 4251/1952/1357
f 4545/2093/1455 4250/2094/1357 4549/2095/1456
f 4545/2093/1455 4549/2095/1456 4552/2096/1457
f 4547/2097/1455 4553/2098/1457 4091/1865/1300
f 4547/2097/1455 4091/1865/1300 3708/2099/1186
f 4093/1866/1301 4091/1865/1300 4555/2100/1458
f 4093/1866/1301 4555/2100/1458 4556/2101/1459
f 4093/1866/1301 4556/2101/1459 4085/1859/1299
f 4093/1866/1301 4085/1859/1299 3702/2102/1184
f 4558/2103/1460 3808/1736/1217 3804/1735/1216
f 4558/2103/1460 3804/1735/1216 4111/1874/1305
f 4558/2103/1460 4111/1874/1305 4560/2104/1461
f 4558/2103/1460 4560/2104/1461 4564/2105/1462
f 4558/2103/1460 4564/2105/1462 4258/2106/1360
f 4557/2107/1460 4257/1956/1360 3806/1955/1217
f 4567/2108/1463 3816/1743/1220 4279/1967/1367
f 4567/2108/1463 4279/1967/1367 4570/2109/1464
f 4567/2108/1463 4570/2109/1464 4572/2110/1465
f 4567/2108/1463 4572/2110/1465 4126/1883/1314
f 4567/2108/1463 4126/1883/1314 3819/1744/1221
f 4567/2108/1463 3819/1744/1221 3816/1743/1220
f 4576/2111/1466 3720/1692/1191 3715/1690/1189
f 4577/2112/1466 3716/2113/1189 4150/1895/1322
f 4577/2112/1466 4150/1895/1322 4579/2114/1467
f 4577/2112/1466 4579/2114/1467 4582/2115/1468
f 4577/2112/1466 4582/2115/1468 4585/2116/1469
f 4577/2112/1466 4585/2116/1469 3721/2117/1191
f 4284/1971/1369 3723/1970/1191 4586/2118/1469
f 4284/1971/1369 4586/2118/1469 4589/2119/1470
f 4284/1971/1369 4589/2119/1470 4590/2120/1471
f 4284/1971/1369 4590/2120/1471 4285/1972/1370
f 3834/2121/1226 3607/1641/1152 3606/1640/1151
f 3834/2121/1226 3606/1640/1151 4443/2040/1421
f 3834/2121/1226 4443/2040/1421 4442/2039/1420
f 3834/2121/1226 4442/2039/1420 4593/2122/1472
f 3835/2123/1226 4594/2124/1472 4600/2125/1473
f 3835/2123/1226 4600/2125/1473 3838/1977/1227
f 4601/2126/1474 3622/1648/1157 3619/1647/1156
f 4601/2126/1474 3619/1647/1156 3995/1809/1274
f 4601/2126/1474 3995/1809/1274 4607/2127/1475
f 4601/2126/1474 4607/2127/1475 4427/2029/1414
f 4601/2126/1474 4427/2029/1414 3622/1648/1157
f 4609/2128/1476 3639/2129/1161 3634/1815/1160
f 4609/2128/1476 3634/1815/1160 4006/1814/1277
f 4609/2128/1476 4006/1814/1277 4611/2130/1477
f 4609/2128/1476 4611/2130/1477 4617/2131/1478
f 4609/2128/1476 4617/2131/1478 4000/2132/1275
f 4608/2133/1479 3999/1810/1275 3637/1656/1161
f 4622/2134/1480 3151/1404/990 3149/1403/989
f 4621/2135/1481 3148/2136/989 3136/1397/986
f 4621/2135/1481 3136/1397/986 4467/2049/1430
f 4620/2137/1481 4466/2138/1430 4627/2139/1482
f 4620/2137/1481 4627/2139/1482 4013/1818/1278
f 4620/2137/1481 4013/1818/1278 3150/1817/990
f 4628/2140/1483 3460/2141/1100 3458/2142/1099
f 4628/2140/1483 3458/2142/1099 4425/2143/1413
f 4628/2140/1483 4425/2143/1413 4632/2144/1484
f 4628/2140/1483 4632/2144/1484 4633/2145/1485
f 4628/2140/1483 4633/2145/1485 3867/1762/1232
f 4628/2140/1483 3867/1762/1232 3460/2141/1100
f 3652/2146/1436 4487/2147/1435 4636/2148/1486
f 3655/2149/1436 4638/2150/1486 4640/2151/1487
f 3655/2149/1436 4640/2151/1487 4460/2044/1425
f 3655/2149/1436 4460/2044/1425 3466/1569/1102
f 3655/2149/1436 3466/1569/1102 3464/1568/1101
f 4643/2152/1488 3157/1407/993 3757/1709/1202
f 4644/2153/1488 3758/1707/1202 4648/2154/1489
f 4643/2152/1488 4647/2155/1489 4651/2156/1490
f 4643/2152/1488 4651/2156/1490 3877/1766/1235
f 4643/2152/1488 3877/1766/1235 3159/1408/994
f 4643/2152/1488 3159/1408/994 3157/1407/993
f 4335/2157/1491 3675/2067/1175 4500/2066/1440
f 4335/2157/1491 4500/2066/1440 4656/2158/1492
f 4335/2157/1491 4656/2158/1492 4658/2159/1493
f 4337/2160/1494 4659/2161/1495 4340/2162/1384
f 4661/2163/1496 3177/1839/1001 4053/1838/1290
f 4661/2163/1496 4053/1838/1290 4666/2164/1497
f 4661/2163/1496 4666/2164/1497 4669/2165/1498
f 4661/2163/1496 4669/2165/1498 3907/2166/1247
f 4661/2163/1496 3907/2166/1247 3180/2167/1002
f 4661/2163/1496 3180/2167/1002 3177/1839/1001
f 4673/2168/1499 3952/1797/1262 4393/2011/1403
f 4672/2169/1499 4392/2170/1500 4676/2171/1501
f 4672/2169/1499 4676/2171/1501 4680/2172/1502
f 4672/2169/1499 4680/2172/1502 4247/2173/1356
f 4673/2168/1499 4248/1951/1356 3955/1798/1263
f 4673/2168/1499 3955/1798/1263 3952/1797/1262
f 4683/2174/1503 4121/1881/1312 4120/1880/1311
f 4683/2174/1503 4120/1880/1311 4686/2175/1504
f 4683/2174/1503 4686/2175/1504 4687/2176/1505
f 4683/2174/1503 4687/2176/1505 4690/2177/1506
f 4683/2174/1503 4690/2177/1506 4133/1886/1317
f 4683/2174/1503 4133/1886/1317 4121/1881/1312
f 4142/2178/1320 4138/2179/1319 4693/2180/1507
f 4142/2178/1320 4693/2180/1507 4696/2181/1508
f 4142/2178/1320 4696/2181/1508 3974/2182/1268
f 4141/1891/1320 3973/1803/1268 3970/1802/1267
f 4696/2181/1508 4693/2180/1507 4700/2183/1509
f 4696/2181/1508 4700/2183/1509 4421/2026/1412
f 4696/2181/1508 4421/2026/1412 4418/2025/1411
f 4696/2181/1508 4418/2025/1411 3974/2182/1268
f 3973/1803/1268 4417/2184/1510 3976/1804/1269
f 4706/2185/1511 3967/2186/1266 3962/1973/1265
f 4706/2185/1511 3962/1973/1265 4285/1972/1370
f 4706/2185/1511 4285/1972/1370 4590/2120/1471
f 4706/2185/1511 4590/2120/1471 4712/2187/1512
f 4705/2188/1511 4711/2189/1512 4406/2020/1408
f 4705/2188/1511 4406/2020/1408 3966/2019/1266
f 4715/2190/1513 3322/1496/1051 3318/1495/1050
f 4714/2191/1513 3316/2192/1050 4015/2193/1279
f 4714/2191/1513 4015/2193/1279 4718/2194/1514
f 4714/2191/1513 4718/2194/1514 4720/2195/1515
f 4714/2191/1513 4720/2195/1515 4172/1912/1329
f 4714/2191/1513 4172/1912/1329 3321/1911/1051
f 4494/2065/1439 4349/2064/1387 4723/2196/1516
f 4494/2065/1439 4723/2196/1516 3897/1774/1242
f 4494/2065/1439 3897/1774/1242 3894/1773/1241
f 4494/2065/1439 3894/1773/1241 3887/1771/1239
f 4727/2197/1517 3165/1413/996 3897/1774/1242
f 4727/2197/1517 3897/1774/1242 4729/2198/1518
f 4727/2197/1517 4729/2198/1518 4731/2199/1519
f 4726/2200/1517 4730/2201/1519 4735/2202/1520
f 4726/2200/1517 4735/2202/1520 4736/2203/1521
f 4726/2200/1517 4736/2203/1521 3493/1587/1112
f 4727/2197/1517 3494/2204/1112 3167/1414/997
f 4727/2197/1517 3167/1414/997 3165/1413/996
f 4380/2005/1398 4379/2004/1397 4738/2205/1522
f 4380/2005/1398 4738/2205/1522 4742/2206/1523
f 4380/2005/1398 4742/2206/1523 4218/1936/1345
f 4380/2005/1398 4218/1936/1345 3768/1714/1204
f 4221/1939/1346 4217/1938/1345 4746/2207/1524
f 4221/1939/1346 4746/2207/1524 4748/2208/1525
f 4221/1939/1346 4748/2208/1525 4052/1837/1289
f 4221/1939/1346 4052/1837/1289 4048/1836/1288
f 4752/2209/1526 3188/1431/1007 4063/1847/1293
f 4752/2209/1526 4063/1847/1293 4755/2210/1527
f 4752/2209/1526 4755/2210/1527 4757/2211/1528
f 4752/2209/1526 4757/2211/1528 3946/1794/1259
f 4752/2209/1526 3946/1794/1259 3190/1432/1008
f 4752/2209/1526 3190/1432/1008 3188/1431/1007
f 4762/2212/1529 4269/1959/1362 4263/1958/1361
f 4763/2213/1529 4264/1957/1361 4764/2214/1530
f 4763/2213/1529 4764/2214/1530 4766/2215/1531
f 4761/2216/1529 4765/2217/1531 4768/2218/1532
f 4761/2216/1529 4768/2218/1532 4389/2219/1533
f 4762/2212/1529 4390/2010/1402 4269/1959/1362
f 4772/2220/1534 3412/1539/1082 3411/1538/1081
f 4772/2220/1534 3411/1538/1081 3947/1795/1260
f 4772/2220/1534 3947/1795/1260 4775/2221/1535
f 4772/2220/1534 4775/2221/1535 4776/2222/1536
f 4772/2220/1534 4776/2222/1536 4398/2014/1405
f 4772/2220/1534 4398/2014/1405 3412/1539/1082
f 4777/2223/1537 4117/1878/1309 4115/1877/1308
f 4777/2223/1537 4115/1877/1308 4778/2224/1538
f 4777/2223/1537 4778/2224/1538 4782/2225/1539
f 4777/2223/1537 4782/2225/1539 4686/2175/1504
f 4777/2223/1537 4686/2175/1504 4120/1880/1311
f 4777/2223/1537 4120/1880/1311 4117/1878/1309
f 4786/2226/1540 4274/1963/1364 4407/2021/1409
f 4786/2226/1540 4407/2021/1409 4791/2227/1541
f 4786/2226/1540 4791/2227/1541 4793/2228/1542
f 4785/2229/1540 4792/2230/1542 4794/2231/1543
f 4785/2229/1540 4794/2231/1543 4277/1966/1365
f 4786/2226/1540 4278/1964/1365 4274/1963/1364
f 4302/1979/1375 4175/1913/1330 4798/2232/1544
f 4302/1979/1375 4798/2232/1544 4801/2233/1545
f 4302/1979/1375 4801/2233/1545 4448/2234/1422
f 4302/1979/1375 4448/2234/1422 3854/1980/1229
f 4484/2057/1434 4184/1919/1333 4182/1918/1332
f 4484/2057/1434 4182/1918/1332 4321/2235/1546
f 4484/2057/1434 4321/2235/1546 4804/2236/1547
f 4484/2057/1434 4804/2236/1547 4807/2237/1548
f 4484/2057/1434 4807/2237/1548 4809/2238/1549
f 4484/2057/1434 4809/2238/1549 4810/2239/1550
f 4484/2057/1434 4810/2239/1550 4488/2058/1435
f 4813/2240/1551 3736/1697/1194 4331/1987/1382
f 4813/2240/1551 4331/1987/1382 4816/2241/1552
f 4814/2242/1551 4817/2243/1552 4845/2244/1553
f 4814/2242/1551 4845/2244/1553 4847/2245/1554
f 4813/2240/1551 4846/2246/1555 4850/2247/1556
f 4813/2240/1551 4850/2247/1556 4305/1981/1376
f 4813/2240/1551 4305/1981/1376 3738/1698/1195
f 4813/2240/1551 3738/1698/1195 3736/1697/1194
f 4855/2248/1557 3344/1510/1061 3343/1509/1060
f 4855/2248/1557 3343/1509/1060 3880/1767/1236
f 4855/2248/1557 3880/1767/1236 4859/2249/1558
f 4855/2248/1557 4859/2249/1558 4860/2250/1559
f 4855/2248/1557 4860/2250/1559 3344/1510/1061
f 4860/2250/1559 4859/2249/1558 4864/2251/1560
f 4861/2252/1559 4865/2253/1560 4868/2254/1561
f 4861/2252/1559 4868/2254/1561 4026/1826/1281
f 4861/2252/1559 4026/1826/1281 3345/1825/1061
f 4491/2060/1437 4026/1826/1281 4868/2254/1561
f 4491/2060/1437 4868/2254/1561 4871/2255/1562
f 4491/2060/1437 4871/2255/1562 4845/2244/1553
f 4491/2060/1437 4845/2244/1553 4817/2243/1552
f 4491/2060/1437 4817/2243/1552 4332/2256/1563
f 4491/2060/1437 4332/2256/1563 4327/2061/1381
f 4348/1992/1387 4344/1991/1386 4342/1990/1385
f 4348/1992/1387 4342/1990/1385 4875/2257/1564
f 4348/1992/1387 4875/2257/1564 4878/2258/1565
f 4349/2064/1387 4879/2259/1565 4723/2196/1516
f 4371/2260/1395 4369/2077/1394 4882/2261/1566
f 4371/2260/1395 4882/2261/1566 4884/2262/1567
f 4371/2260/1395 4884/2262/1567 4889/2263/1568
f 4372/2001/1395 4890/2264/1568 4359/1996/1391
f 4372/2001/1395 4359/1996/1391 4358/1995/1390
f 4892/2265/1569 3914/1784/1250 3912/1783/1249
f 4892/2265/1569 3912/1783/1249 4528/2082/1449
f 4892/2265/1569 4528/2082/1449 4898/2266/1570
f 4892/2265/1569 4898/2266/1570 4900/2267/1571
f 4892/2265/1569 4900/2267/1571 4379/2004/1397
f 4892/2265/1569 4379/2004/1397 3914/1784/1250
f 4903/2268/1572 4535/2269/1452 4387/2007/1400
f 4903/2268/1572 4387/2007/1400 4232/1944/1350
f 4903/2268/1572 4232/1944/1350 4906/2270/1573
f 4903/2268/1572 4906/2270/1573 4909/2271/1574
f 4903/2268/1572 4909/2271/1574 4535/2269/1452
f 4910/2272/1575 4534/2085/1452 4908/2273/1574
f 4910/2272/1575 4908/2273/1574 4911/2274/1576
f 4910/2272/1575 4911/2274/1576 4916/2275/1577
f 4910/2272/1575 4916/2275/1577 4920/2276/1578
f 4910/2272/1575 4920/2276/1578 4922/2277/1579
f 4910/2272/1575 4922/2277/1579 3926/1787/1252
f 4910/2272/1575 3926/1787/1252 4534/2085/1452
f 4922/2277/1579 4920/2276/1578 4520/2079/1448
f 4922/2277/1579 4520/2079/1448 3929/1788/1253
f 4922/2277/1579 3929/1788/1253 3926/1787/1252
f 4930/2278/1580 3686/2088/1179 3683/1949/1354
f 4930/2278/1580 3683/1949/1354 4241/1948/1353
f 4930/2278/1580 4241/1948/1353 4935/2279/1581
f 4930/2278/1580 4935/2279/1581 4540/2089/1453
f 4930/2278/1580 4540/2089/1453 3686/2088/1179
f 4600/2125/1473 4594/2124/1472 4937/2280/1582
f 4600/2125/1473 4937/2280/1582 4939/2281/1583
f 4600/2125/1473 4939/2281/1583 4941/2282/1584
f 4600/2125/1473 4941/2282/1584 4295/1978/1374
f 4600/2125/1473 4295/1978/1374 3838/1977/1227
f 4944/2283/1585 3995/1809/1274 3994/1808/1273
f 4944/2283/1585 3994/1808/1273 4948/2284/1586
f 4944/2283/1585 4948/2284/1586 4952/2285/1587
f 4944/2283/1585 4952/2285/1587 4955/2286/1588
f 4944/2283/1585 4955/2286/1588 3995/1809/1274
f 4955/2286/1588 4952/2285/1587 4958/2287/1589
f 4955/2286/1588 4958/2287/1589 4959/2288/1590
f 4955/2286/1588 4959/2288/1590 4963/2289/1591
f 4955/2286/1588 4963/2289/1591 4607/2127/1475
f 4955/2286/1588 4607/2127/1475 3995/1809/1274
f 4967/2290/1592 4607/2127/1475 4963/2289/1591
f 4967/2290/1592 4963/2289/1591 4970/2291/1593
f 4968/2292/1592 4971/2293/1593 4436/2036/1418
f 4968/2292/1592 4436/2036/1418 4428/2031/1414
f 4967/2290/1592 4427/2029/1414 4607/2127/1475
f 4976/2294/1594 4006/1814/1277 4003/1813/1276
f 4976/2294/1594 4003/1813/1276 4451/2042/1423
f 4976/2294/1594 4451/2042/1423 4979/2295/1595
f 4976/2294/1594 4979/2295/1595 4980/2296/1596
f 4976/2294/1594 4980/2296/1596 4611/2130/1477
f 4976/2294/1594 4611/2130/1477 4006/1814/1277
f 4465/2048/1429 4463/2047/1428 4462/2046/1427
f 4465/2048/1429 4462/2046/1427 4983/2297/1597
f 4465/2048/1429 4983/2297/1597 4988/2298/1598
f 4464/2299/1429 4987/2300/1598 4991/2301/1599
f 4465/2048/1429 4992/2302/1600 4467/2049/1430
f 4189/1922/1335 3497/1588/1113 3493/1587/1112
f 4189/1922/1335 3493/1587/1112 4736/2203/1521
f 4189/1922/1335 4736/2203/1521 4998/2303/1601
f 4189/1922/1335 4998/2303/1601 4191/1923/1336
f 5001/2304/1602 3505/1925/1116 4193/1924/1337
f 5001/2304/1602 4193/1924/1337 5003/2305/1603
f 5001/2304/1602 5003/2305/1603 5005/2306/1604
f 5001/2304/1602 5005/2306/1604 4507/2307/1442
f 5001/2304/1602 4507/2307/1442 3508/2308/1117
f 5000/2309/1602 3507/1593/1117 3504/1592/1116
f 4214/1935/1344 4209/1932/1342 5010/2310/1605
f 4214/1935/1344 5010/2310/1605 5012/2311/1606
f 4214/1935/1344 5012/2311/1606 5014/2312/1607
f 4214/1935/1344 5014/2312/1607 4656/2158/1492
f 4214/1935/1344 4656/2158/1492 4500/2066/1440
f 4742/2206/1523 4738/2205/1522 5016/2313/1608
f 4742/2206/1523 5016/2313/1608 5018/2314/1609
f 4742/2206/1523 5018/2314/1609 4747/2315/1524
f 4742/2206/1523 4747/2315/1524 4218/1936/1345
f 4514/2076/1446 3909/1780/1248 5021/2316/1610
f 4514/2076/1446 5021/2316/1610 5022/2317/1611
f 4514/2076/1446 5022/2317/1611 4882/2261/1566
f 4514/2076/1446 4882/2261/1566 4369/2077/1394
f 4232/1944/1350 4387/2007/1400 4236/1945/1351
f 4552/2096/1457 4549/2095/1456 5033/2318/1612
f 4553/2098/1457 5034/2319/1612 5038/2320/1613
f 4553/2098/1457 5038/2320/1613 4555/2100/1458
f 4553/2098/1457 4555/2100/1458 4091/1865/1300
f 4680/2172/1502 4676/2171/1501 5045/2321/1614
f 4680/2172/1502 5045/2321/1614 4549/2095/1456
f 4680/2172/1502 4549/2095/1456 4250/2094/1357
f 4680/2172/1502 4250/2094/1357 4247/2173/1356
f 5048/2322/1615 4392/2170/1500 4389/2219/1533
f 5048/2322/1615 4389/2219/1533 4768/2218/1532
f 5048/2322/1615 4768/2218/1532 5051/2323/1616
f 5048/2322/1615 5051/2323/1616 5053/2324/1617
f 5048/2322/1615 5053/2324/1617 4676/2171/1501
f 5048/2322/1615 4676/2171/1501 4392/2170/1500
f 5055/2325/1618 4264/1957/1361 4257/1956/1360
f 5055/2325/1618 4257/1956/1360 4563/2326/1462
f 5056/2327/1619 4564/2105/1462 5061/2328/1620
f 5055/2325/1618 5060/2329/1620 5066/2330/1621
f 5055/2325/1618 5066/2330/1621 4764/2214/1530
f 5055/2325/1618 4764/2214/1530 4264/1957/1361
f 5070/2331/1622 4114/1876/1307 4402/2016/1406
f 5070/2331/1622 4402/2016/1406 5074/2332/1623
f 5070/2331/1622 5074/2332/1623 5075/2333/1624
f 5070/2331/1622 5075/2333/1624 4778/2224/1538
f 5070/2331/1622 4778/2224/1538 4115/1877/1308
f 5070/2331/1622 4115/1877/1308 4114/1876/1307
f 5078/2334/1625 4106/2335/1304 4102/2336/1303
f 5078/2334/1625 4102/2336/1303 4127/2337/1315
f 5078/2334/1625 4127/2337/1315 5080/2338/1626
f 5078/2334/1625 5080/2338/1626 5086/2339/1627
f 5078/2334/1625 5086/2339/1627 5090/2340/1628
f 5079/2341/1625 5092/2342/1628 4107/1873/1304
f 5097/2343/1629 4107/1873/1304 5092/2342/1628
f 5097/2343/1629 5092/2342/1628 5101/2344/1630
f 5097/2343/1629 5101/2344/1630 5104/2345/1631
f 5097/2343/1629 5104/2345/1631 4560/2104/1461
f 5097/2343/1629 4560/2104/1461 4111/1874/1305
f 5097/2343/1629 4111/1874/1305 4107/1873/1304
f 5108/2346/1632 4128/1884/1315 4126/1883/1314
f 5108/2346/1632 4126/1883/1314 4572/2110/1465
f 5107/2347/1632 4571/2348/1465 5113/2349/1633
f 5107/2347/1632 5113/2349/1633 5115/2350/1634
f 5107/2347/1632 5115/2350/1634 5080/2338/1626
f 5107/2347/1632 5080/2338/1626 4127/2337/1315
f 5118/2351/1635 4277/1966/1365 4794/2231/1543
f 5118/2351/1635 4794/2231/1543 5120/2352/1636
f 5118/2351/1635 5120/2352/1636 5123/2353/1637
f 5118/2351/1635 5123/2353/1637 4570/2109/1464
f 5118/2351/1635 4570/2109/1464 4279/1967/1367
f 5118/2351/1635 4279/1967/1367 4277/1966/1365
f 5125/2354/1638 4406/2020/1408 4711/2189/1512
f 5125/2354/1638 4711/2189/1512 5127/2355/1639
f 5125/2354/1638 5127/2355/1639 5128/2356/1640
f 5125/2354/1638 5128/2356/1640 4791/2227/1541
f 5125/2354/1638 4791/2227/1541 4407/2021/1409
f 5125/2354/1638 4407/2021/1409 4406/2020/1408
f 4589/2119/1470 4586/2118/1469 4583/2357/1468
f 4589/2119/1470 4583/2357/1468 5136/2358/1641
f 4589/2119/1470 5136/2358/1641 5138/2359/1642
f 4589/2119/1470 5138/2359/1642 5140/2360/1643
f 4589/2119/1470 5140/2360/1643 4590/2120/1471
f 5141/2361/1644 4150/1895/1322 4145/1894/1321
f 5141/2361/1644 4145/1894/1321 5145/2362/1645
f 5141/2361/1644 5145/2362/1645 5147/2363/1646
f 5141/2361/1644 5147/2363/1646 5148/2364/1647
f 5141/2361/1644 5148/2364/1647 4579/2114/1467
f 5141/2361/1644 4579/2114/1467 4150/1895/1322
f 4436/2036/1418 4431/2032/1416 4428/2031/1414
f 4948/2284/1586 3994/1808/1273 3999/1810/1275
f 4948/2284/1586 3999/1810/1275 4616/2365/1478
f 4948/2284/1586 4616/2365/1478 5155/2366/1648
f 4948/2284/1586 5155/2366/1648 4952/2285/1587
f 5157/2367/1649 3867/1762/1232 4633/2145/1485
f 5157/2367/1649 4633/2145/1485 5162/2368/1650
f 5157/2367/1649 5162/2368/1650 5167/2369/1651
f 5157/2367/1649 5167/2369/1651 4478/2052/1432
f 5157/2367/1649 4478/2052/1432 3872/1763/1233
f 5157/2367/1649 3872/1763/1233 3867/1762/1232
f 5169/2370/1652 4451/2042/1423 4449/2041/1422
f 5169/2370/1652 4449/2041/1422 4802/2371/1545
f 5169/2370/1652 4802/2371/1545 5172/2372/1653
f 5169/2370/1652 5172/2372/1653 5174/2373/1654
f 5169/2370/1652 5174/2373/1654 4979/2295/1595
f 5169/2370/1652 4979/2295/1595 4451/2042/1423
f 4991/2301/1599 4987/2300/1598 5176/2374/1655
f 4991/2301/1599 5176/2374/1655 5177/2375/1656
f 4991/2301/1599 5177/2375/1656 4627/2139/1482
f 4991/2301/1599 4627/2139/1482 4466/2138/1430
f 5179/2376/1657 3754/1706/1201 4481/2055/1433
f 5179/2376/1657 4481/2055/1433 5182/2377/1658
f 5179/2376/1657 5182/2377/1658 5184/2378/1659
f 5179/2376/1657 5184/2378/1659 4648/2154/1489
f 5179/2376/1657 4648/2154/1489 3758/1707/1202
f 5179/2376/1657 3758/1707/1202 3754/1706/1201
f 4312/1983/1378 4308/1982/1377 5188/2379/1660
f 4312/1983/1378 5188/2379/1660 4805/2380/1661
f 4312/1983/1378 4805/2380/1661 4322/1985/1380
f 4889/2263/1568 4884/2262/1567 5192/2381/1662
f 4888/2382/1568 5191/2383/1662 5199/2384/1663
f 4890/2264/1568 5200/2385/1663 5203/2386/1664
f 4890/2264/1568 5203/2386/1664 4360/1997/1392
f 4890/2264/1568 4360/1997/1392 4359/1996/1391
f 5203/2386/1664 5200/2385/1663 5208/2387/1665
f 5203/2386/1664 5208/2387/1665 4204/2388/1340
f 5202/2389/1664 4203/1928/1340 4199/1927/1339
f 5203/2386/1664 4200/1998/1393 4360/1997/1392
f 4900/2267/1571 4898/2266/1570 5212/2390/1666
f 4900/2267/1571 5212/2390/1666 5216/2391/1667
f 4900/2267/1571 5216/2391/1667 4738/2205/1522
f 4900/2267/1571 4738/2205/1522 4379/2004/1397
f 5217/2392/1668 3909/1780/1248 3908/1779/1247
f 5217/2392/1668 3908/1779/1247 4670/2393/1498
f 5217/2392/1668 4670/2393/1498 5222/2394/1669
f 5217/2392/1668 5222/2394/1669 5021/2316/1610
f 5217/2392/1668 5021/2316/1610 3909/1780/1248
f 5227/2395/1670 4040/1843/1286 4038/2396/1285
f 5227/2395/1670 4038/2396/1285 5232/2397/1671
f 5227/2395/1670 5232/2397/1671 5235/2398/1672
f 5227/2395/1670 5235/2398/1672 5238/2399/1673
f 5227/2395/1670 5238/2399/1673 4061/1844/1292
f 5227/2395/1670 4061/1844/1292 4040/1843/1286
f 5241/2400/1674 4241/1948/1353 4079/1854/1297
f 5241/2400/1674 4079/1854/1297 5243/2401/1675
f 5241/2400/1674 5243/2401/1675 5244/2402/1676
f 5241/2400/1674 5244/2402/1676 4935/2279/1581
f 5241/2400/1674 4935/2279/1581 4241/1948/1353
f 5249/2403/1677 4075/1860/1296 4085/1859/1299
f 5249/2403/1677 4085/1859/1299 4556/2101/1459
f 5249/2403/1677 4556/2101/1459 5251/2404/1678
f 5249/2403/1677 5251/2404/1678 5254/2405/1679
f 5249/2403/1677 5254/2405/1679 4075/1860/1296
f 5243/2401/1675 4079/1854/1297 4074/1853/1296
f 5243/2401/1675 4074/1853/1296 5253/2406/1679
f 5243/2401/1675 5253/2406/1679 5256/2407/1680
f 5243/2401/1675 5256/2407/1680 5260/2408/1681
f 5243/2401/1675 5260/2408/1681 5244/2402/1676
f 4690/2177/1506 4687/2176/1505 5262/2409/1682
f 4691/2410/1506 5263/2411/1682 5265/2412/1683
f 4691/2410/1506 5265/2412/1683 4138/2179/1319
f 4690/2177/1506 4137/1888/1319 4133/1886/1317
f 5265/2412/1683 5263/2411/1682 5267/2413/1684
f 5265/2412/1683 5267/2413/1684 5268/2414/1685
f 5265/2412/1683 5268/2414/1685 4693/2180/1507
f 5265/2412/1683 4693/2180/1507 4138/2179/1319
f 4159/1902/1326 4156/1901/1325 5273/2415/1686
f 4159/1902/1326 5273/2415/1686 5276/2416/1687
f 4158/1908/1326 5275/2417/1687 5145/2362/1645
f 4158/1908/1326 5145/2362/1645 4145/1894/1321
f 4941/2282/1584 4939/2281/1583 5280/2418/1688
f 4941/2282/1584 5280/2418/1688 5281/2419/1689
f 4941/2282/1584 5281/2419/1689 4293/1976/1373
f 4941/2282/1584 4293/1976/1373 4295/1978/1374
f 5281/2419/1689 5280/2418/1688 5273/2415/1686
f 5281/2419/1689 5273/2415/1686 4156/1901/1325
f 5281/2419/1689 4156/1901/1325 4293/1976/1373
f 5285/2420/1690 4016/1819/1279 4013/1818/1278
f 5285/2420/1690 4013/1818/1278 5288/2421/1691
f 5285/2420/1690 5288/2421/1691 5290/2422/1692
f 5285/2420/1690 5290/2422/1692 4719/2423/1514
f 5285/2420/1690 4719/2423/1514 4016/1819/1279
f 5293/2424/1693 4611/2130/1477 4980/2296/1596
f 5293/2424/1693 4980/2296/1596 5309/2425/1694
f 5293/2424/1693 5309/2425/1694 5311/2426/1695
f 5293/2424/1693 5311/2426/1695 5156/2427/1696
f 5293/2424/1693 5156/2427/1696 4617/2131/1478
f 5293/2424/1693 4617/2131/1478 4611/2130/1477
f 5288/2421/1691 4013/1818/1278 4627/2139/1482
f 5288/2421/1691 4627/2139/1482 5177/2375/1656
f 5288/2421/1691 5177/2375/1656 5316/2428/1697
f 5288/2421/1691 5316/2428/1697 5290/2422/1692
f 5318/2429/1698 4460/2044/1425 4640/2151/1487
f 5318/2429/1698 4640/2151/1487 5320/2430/1699
f 5318/2429/1698 5320/2430/1699 5324/2431/1700
f 5318/2429/1698 5324/2431/1700 4983/2297/1597
f 5318/2429/1698 4983/2297/1597 4461/2045/1426
f 5318/2429/1698 4461/2045/1426 4460/2044/1425
f 4983/2297/1597 4462/2046/1427 4461/2045/1426
f 5331/2432/1701 4340/2162/1384 4659/2161/1495
f 5331/2432/1701 4659/2161/1495 5334/2433/1702
f 5331/2432/1701 5334/2433/1702 5337/2434/1703
f 5331/2432/1701 5337/2434/1703 4876/2435/1564
f 5330/2436/1701 4875/2257/1564 4339/1989/1384
f 4875/2257/1564 4342/1990/1385 4339/1989/1384
f 5342/2437/1704 4527/2080/1449 4520/2079/1448
f 5342/2437/1704 4520/2079/1448 4920/2276/1578
f 5342/2437/1704 4920/2276/1578 5345/2438/1705
f 5342/2437/1704 5345/2438/1705 5346/2439/1706
f 5342/2437/1704 5346/2439/1706 5347/2440/1707
f 5343/2441/1704 5348/2442/1707 4898/2266/1570
f 5343/2441/1704 4898/2266/1570 4528/2082/1449
f 5352/2443/1708 4052/1837/1289 4748/2208/1525
f 5352/2443/1708 4748/2208/1525 5353/2444/1709
f 5352/2443/1708 5353/2444/1709 5355/2445/1710
f 5352/2443/1708 5355/2445/1710 4666/2164/1497
f 5352/2443/1708 4666/2164/1497 4053/1838/1290
f 5352/2443/1708 4053/1838/1290 4052/1837/1289
f 5359/2446/1711 3903/1778/1246 3902/1777/1245
f 5359/2446/1711 3902/1777/1245 5363/2447/1712
f 5360/2448/1713 5364/2449/1712 5366/2450/1714
f 5360/2448/1713 5366/2450/1714 5232/2397/1671
f 5360/2448/1713 5232/2397/1671 4038/2396/1285
f 5359/2446/1711 4037/1831/1285 3903/1778/1246
f 5371/2451/1715 4540/2089/1453 4935/2279/1581
f 5371/2451/1715 4935/2279/1581 5244/2402/1676
f 5371/2451/1715 5244/2402/1676 5374/2452/1716
f 5371/2451/1715 5374/2452/1716 4540/2089/1453
f 5374/2452/1716 5244/2402/1676 5377/2453/1717
f 5374/2452/1716 5377/2453/1717 5380/2454/1718
f 5373/2455/1716 5378/2456/1719 5384/2457/1720
f 5373/2455/1716 5384/2457/1720 4543/2091/1454
f 5374/2452/1716 4544/2090/1454 4540/2089/1453
f 5388/2458/1721 3947/1795/1260 3946/1794/1259
f 5388/2458/1721 3946/1794/1259 4757/2211/1528
f 5388/2458/1721 4757/2211/1528 5391/2459/1722
f 5388/2458/1721 5391/2459/1722 5394/2460/1723
f 5388/2458/1721 5394/2460/1723 4775/2221/1535
f 5388/2458/1721 4775/2221/1535 3947/1795/1260
f 5400/2461/1724 4560/2104/1461 5104/2345/1631
f 5399/2462/1724 5103/2463/1631 5403/2464/1725
f 5399/2462/1724 5403/2464/1725 5406/2465/1726
f 5400/2461/1724 5407/2466/1727 5061/2328/1620
f 5400/2461/1724 5061/2328/1620 4564/2105/1462
f 5400/2461/1724 4564/2105/1462 4560/2104/1461
f 5412/2467/1728 4572/2110/1465 4570/2109/1464
f 5412/2467/1728 4570/2109/1464 5123/2353/1637
f 5412/2467/1728 5123/2353/1637 5416/2468/1729
f 5411/2469/1728 5415/2470/1730 5419/2471/1731
f 5411/2469/1728 5419/2471/1731 5113/2349/1633
f 5412/2467/1728 5114/2472/1633 4572/2110/1465
f 5424/2473/1732 4424/2027/1413 4421/2026/1412
f 5424/2473/1732 4421/2026/1412 5428/2474/1733
f 5424/2473/1732 5428/2474/1733 5431/2475/1734
f 5425/2476/1732 5432/2477/1734 4632/2144/1484
f 5424/2473/1732 4631/2478/1484 4424/2027/1413
f 5435/2479/1735 4175/1913/1330 4172/1912/1329
f 5435/2479/1735 4172/1912/1329 4720/2195/1515
f 5435/2479/1735 4720/2195/1515 5438/2480/1736
f 5435/2479/1735 5438/2480/1736 5439/2481/1737
f 5435/2479/1735 5439/2481/1737 4798/2232/1544
f 5435/2479/1735 4798/2232/1544 4175/1913/1330
f 4850/2247/1556 4846/2246/1555 5440/2482/1738
f 4850/2247/1556 5440/2482/1738 5443/2483/1739
f 4850/2247/1556 5443/2483/1739 5447/2484/1740
f 4850/2247/1556 5447/2484/1740 5453/2485/1741
f 4850/2247/1556 5453/2485/1741 4308/1982/1377
f 4850/2247/1556 4308/1982/1377 4305/1981/1376
f 5188/2379/1660 4308/1982/1377 5453/2485/1741
f 5188/2379/1660 5453/2485/1741 5457/2486/1742
f 5187/2487/1660 5456/2488/1742 4807/2237/1548
f 5187/2487/1660 4807/2237/1548 4804/2236/1547
f 5015/2489/1743 5013/2490/1744 5334/2433/1702
f 5015/2489/1743 5334/2433/1702 4659/2161/1495
f 5015/2489/1743 4659/2161/1495 4657/2491/1745
f 5462/2492/1746 3901/1776/1244 4509/2072/1444
f 5462/2492/1746 4509/2072/1444 5468/2493/1747
f 5462/2492/1746 5468/2493/1747 5473/2494/1748
f 5463/2495/1746 5474/2496/1748 5364/2449/1712
f 5462/2492/1746 5363/2447/1712 3902/1777/1245
f 5462/2492/1746 3902/1777/1245 3901/1776/1244
f 5476/2497/1749 4746/2207/1524 5017/2498/1609
f 5476/2497/1749 5017/2498/1609 5480/2499/1750
f 5476/2497/1749 5480/2499/1750 5484/2500/1751
f 5476/2497/1749 5484/2500/1751 5353/2444/1709
f 5476/2497/1749 5353/2444/1709 4748/2208/1525
f 5476/2497/1749 4748/2208/1525 4746/2207/1524
f 5486/2501/1752 4398/2014/1405 4776/2222/1536
f 5486/2501/1752 4776/2222/1536 5489/2502/1753
f 5486/2501/1752 5489/2502/1753 5495/2503/1754
f 5486/2501/1752 5495/2503/1754 5073/2504/1623
f 5486/2501/1752 5073/2504/1623 4401/2015/1406
f 5486/2501/1752 4401/2015/1406 4398/2014/1405
f 5502/2505/1755 4421/2026/1412 4700/2183/1509
f 5502/2505/1755 4700/2183/1509 5268/2414/1685
f 5502/2505/1755 5268/2414/1685 5512/2506/1756
f 5502/2505/1755 5512/2506/1756 5428/2474/1733
f 5502/2505/1755 5428/2474/1733 4421/2026/1412
f 5513/2507/1757 4801/2233/1545 4798/2232/1544
f 5513/2507/1757 4798/2232/1544 5439/2481/1737
f 5513/2507/1757 5439/2481/1737 5516/2508/1758
f 5513/2507/1757 5516/2508/1758 5518/2509/1759
f 5513/2507/1757 5518/2509/1759 5171/2510/1653
f 5513/2507/1757 5171/2510/1653 4801/2233/1545
f 5521/2511/1760 3877/1766/1235 4651/2156/1490
f 5521/2511/1760 4651/2156/1490 5523/2512/1761
f 5521/2511/1760 5523/2512/1761 5525/2513/1762
f 5521/2511/1760 5525/2513/1762 5529/2514/1763
f 5521/2511/1760 5529/2514/1763 4859/2249/1558
f 5521/2511/1760 4859/2249/1558 3880/1767/1236
f 5521/2511/1760 3880/1767/1236 3877/1766/1235
f 5533/2515/1764 4206/1929/1341 4203/1928/1340
f 5533/2515/1764 4203/1928/1340 5207/2516/1665
f 5533/2515/1764 5207/2516/1665 5539/2517/1765
f 5532/2518/1764 5538/2519/1765 5010/2310/1605
f 5532/2518/1764 5010/2310/1605 4205/1931/1341
f 5010/2310/1605 4209/1932/1342 4205/1931/1341
f 5216/2391/1667 5212/2390/1666 5542/2520/1766
f 5216/2391/1667 5542/2520/1766 5546/2521/1767
f 5216/2391/1667 5546/2521/1767 5016/2313/1608
f 5216/2391/1667 5016/2313/1608 4738/2205/1522
f 4906/2270/1573 4232/1944/1350 5550/2522/1768
f 4906/2270/1573 5550/2522/1768 5551/2523/1769
f 4906/2270/1573 5551/2523/1769 5555/2524/1770
f 4906/2270/1573 5555/2524/1770 4912/2525/1576
f 4906/2270/1573 4912/2525/1576 4909/2271/1574
f 5558/2526/1771 4228/1943/1349 4223/2527/1347
f 5558/2526/1771 4223/2527/1347 5385/2528/1720
f 5558/2526/1771 5385/2528/1720 5560/2529/1772
f 5558/2526/1771 5560/2529/1772 5561/2530/1773
f 5558/2526/1771 5561/2530/1773 5550/2522/1768
f 5558/2526/1771 5550/2522/1768 4228/1943/1349
f 5550/2522/1768 4232/1944/1350 4228/1943/1349
f 5384/2457/1720 4222/1940/1347 4543/2091/1454
f 5565/2531/1774 4555/2100/1458 5038/2320/1613
f 5565/2531/1774 5038/2320/1613 5567/2532/1775
f 5565/2531/1774 5567/2532/1775 5570/2533/1776
f 5565/2531/1774 5570/2533/1776 5251/2404/1678
f 5565/2531/1774 5251/2404/1678 4556/2101/1459
f 5565/2531/1774 4556/2101/1459 4555/2100/1458
f 5573/2534/1777 4676/2171/1501 5053/2324/1617
f 5573/2534/1777 5053/2324/1617 5576/2535/1778
f 5573/2534/1777 5576/2535/1778 5578/2536/1779
f 5573/2534/1777 5578/2536/1779 5581/2537/1780
f 5573/2534/1777 5581/2537/1780 5045/2321/1614
f 5573/2534/1777 5045/2321/1614 4676/2171/1501
f 5268/2414/1685 4700/2183/1509 4693/2180/1507
f 5140/2360/1643 5138/2359/1642 5584/2538/1781
f 5140/2360/1643 5584/2538/1781 5588/2539/1782
f 5140/2360/1643 5588/2539/1782 4712/2187/1512
f 5140/2360/1643 4712/2187/1512 4590/2120/1471
f 5588/2539/1782 5584/2538/1781 5593/2540/1783
f 5587/2541/1782 5592/2542/1783 5595/2543/1784
f 5587/2541/1782 5595/2543/1784 5127/2355/1639
f 5587/2541/1782 5127/2355/1639 4711/2189/1512
f 5596/2544/1785 4582/2115/1468 4579/2114/1467
f 5596/2544/1785 4579/2114/1467 5148/2364/1647
f 5596/2544/1785 5148/2364/1647 5601/2545/1786
f 5596/2544/1785 5601/2545/1786 5135/2546/1641
f 5596/2544/1785 5135/2546/1641 4582/2115/1468
f 5603/2547/1787 4592/2548/1472 4441/2038/1420
f 5603/2547/1787 4441/2038/1420 5606/2549/1788
f 5603/2547/1787 5606/2549/1788 5608/2550/1789
f 5603/2547/1787 5608/2550/1789 5610/2551/1790
f 5603/2547/1787 5610/2551/1790 4936/2552/1582
f 5603/2547/1787 4936/2552/1582 4592/2548/1472
f 5606/2549/1788 4441/2038/1420 4438/2037/1419
f 5606/2549/1788 4438/2037/1419 5616/2553/1791
f 5606/2549/1788 5616/2553/1791 5619/2554/1792
f 5606/2549/1788 5619/2554/1792 5608/2550/1789
f 5616/2553/1791 4438/2037/1419 4436/2036/1418
f 5616/2553/1791 4436/2036/1418 4971/2293/1593
f 5616/2553/1791 4971/2293/1593 5625/2555/1793
f 5616/2553/1791 5625/2555/1793 5619/2554/1792
f 4959/2288/1590 4958/2287/1589 5628/2556/1794
f 4959/2288/1590 5628/2556/1794 5630/2557/1795
f 4960/2558/1796 5631/2559/1795 4971/2293/1593
f 4959/2288/1590 4970/2291/1593 4963/2289/1591
f 5633/2560/1797 4980/2296/1596 4979/2295/1595
f 5633/2560/1797 4979/2295/1595 5174/2373/1654
f 5633/2560/1797 5174/2373/1654 5636/2561/1798
f 5633/2560/1797 5636/2561/1798 5639/2562/1799
f 5633/2560/1797 5639/2562/1799 5309/2425/1694
f 5633/2560/1797 5309/2425/1694 4980/2296/1596
f 4810/2239/1550 4809/2238/1549 5644/2563/1800
f 4810/2239/1550 5644/2563/1800 5646/2564/1801
f 4810/2239/1550 5646/2564/1801 5648/2565/1802
f 4810/2239/1550 5648/2565/1802 4637/2566/1486
f 4810/2239/1550 4637/2566/1486 4488/2058/1435
f 5649/2567/1802 5647/2568/1801 5320/2430/1699
f 5649/2567/1802 5320/2430/1699 4640/2151/1487
f 5649/2567/1802 4640/2151/1487 4638/2150/1486
f 4723/2196/1516 4879/2259/1565 5654/2569/1803
f 4723/2196/1516 5654/2569/1803 5658/2570/1804
f 4723/2196/1516 5658/2570/1804 4729/2198/1518
f 4723/2196/1516 4729/2198/1518 3897/1774/1242
f 5660/2571/1805 4882/2261/1566 5022/2317/1611
f 5660/2571/1805 5022/2317/1611 5661/2572/1806
f 5660/2571/1805 5661/2572/1806 5662/2573/1807
f 5660/2571/1805 5662/2573/1807 4884/2262/1567
f 5660/2571/1805 4884/2262/1567 4882/2261/1566
f 5661/2572/1806 5022/2317/1611 5021/2316/1610
f 5661/2572/1806 5021/2316/1610 5222/2394/1669
f 5661/2572/1806 5222/2394/1669 5667/2574/1808
f 5661/2572/1806 5667/2574/1808 5662/2573/1807
f 5347/2440/1707 5346/2439/1706 5671/2575/1809
f 5349/2576/1707 5672/2577/1809 5675/2578/1810
f 5348/2442/1707 5674/2579/1811 5212/2390/1666
f 5348/2442/1707 5212/2390/1666 4898/2266/1570
f 5251/2404/1678 5570/2533/1776 5681/2580/1812
f 5251/2404/1678 5681/2580/1812 5685/2581/1813
f 5251/2404/1678 5685/2581/1813 5257/2582/1680
f 5251/2404/1678 5257/2582/1680 5254/2405/1679
f 5686/2583/1814 4549/2095/1456 5045/2321/1614
f 5686/2583/1814 5045/2321/1614 5581/2537/1780
f 5686/2583/1814 5581/2537/1780 5689/2584/1815
f 5686/2583/1814 5689/2584/1815 5692/2585/1816
f 5686/2583/1814 5692/2585/1816 5033/2318/1612
f 5686/2583/1814 5033/2318/1612 4549/2095/1456
f 5695/2586/1817 4061/1844/1292 5238/2399/1673
f 5695/2586/1817 5238/2399/1673 5697/2587/1818
f 5695/2586/1817 5697/2587/1818 5700/2588/1819
f 5694/2589/1817 5699/2590/1819 4755/2210/1527
f 5694/2589/1817 4755/2210/1527 4063/1847/1293
f 5695/2586/1817 4064/2591/1293 4061/1844/1292
f 5703/2592/1820 4768/2218/1532 4765/2217/1531
f 5704/2593/1821 4766/2215/1531 5706/2594/1822
f 5704/2593/1821 5706/2594/1822 5708/2595/1823
f 5704/2593/1821 5708/2595/1823 5710/2596/1824
f 5703/2592/1820 5709/2597/1824 5051/2323/1616
f 5703/2592/1820 5051/2323/1616 4768/2218/1532
f 5712/2598/1825 5090/2340/1628 5086/2339/1627
f 5712/2598/1825 5086/2339/1627 5716/2599/1826
f 5712/2598/1825 5716/2599/1826 5721/2600/1827
f 5713/2601/1828 5722/2602/1827 5724/2603/1829
f 5713/2601/1828 5724/2603/1829 5100/2604/1630
f 5713/2601/1828 5100/2604/1630 5091/2605/1628
f 5727/2606/1830 5080/2338/1626 5115/2350/1634
f 5727/2606/1830 5115/2350/1634 5730/2607/1831
f 5727/2606/1830 5730/2607/1831 5716/2599/1826
f 5727/2606/1830 5716/2599/1826 5086/2339/1627
f 5727/2606/1830 5086/2339/1627 5080/2338/1626
f 5733/2608/1832 4687/2176/1505 4686/2175/1504
f 5733/2608/1832 4686/2175/1504 4782/2225/1539
f 5733/2608/1832 4782/2225/1539 5737/2609/1833
f 5733/2608/1832 5737/2609/1833 5740/2610/1834
f 5733/2608/1832 5740/2610/1834 5742/2611/1835
f 5733/2608/1832 5742/2611/1835 4687/2176/1505
f 5742/2611/1835 5740/2610/1834 5743/2612/1836
f 5742/2611/1835 5743/2612/1836 5745/2613/1837
f 5742/2611/1835 5745/2613/1837 5262/2409/1682
f 5742/2611/1835 5262/2409/1682 4687/2176/1505
f 5751/2614/1838 4791/2227/1541 5128/2356/1640
f 5751/2614/1838 5128/2356/1640 5754/2615/1839
f 5750/2616/1840 5753/2617/1839 5755/2618/1841
f 5750/2616/1840 5755/2618/1841 5756/2619/1842
f 5750/2616/1840 5756/2619/1842 4792/2230/1542
f 5751/2614/1838 4793/2228/1542 4791/2227/1541
f 5147/2363/1646 5145/2362/1645 5275/2417/1687
f 5147/2363/1646 5275/2417/1687 5761/2620/1843
f 5147/2363/1646 5761/2620/1843 5767/2621/1844
f 5147/2363/1646 5767/2621/1844 5769/2622/1845
f 5147/2363/1646 5769/2622/1845 5770/2623/1846
f 5147/2363/1646 5770/2623/1846 5148/2364/1647
f 5273/2415/1686 5280/2418/1688 5772/2624/1847
f 5273/2415/1686 5772/2624/1847 5762/2625/1843
f 5273/2415/1686 5762/2625/1843 5276/2416/1687
f 5773/2626/1848 4632/2144/1484 5432/2477/1734
f 5773/2626/1848 5432/2477/1734 5776/2627/1849
f 5773/2626/1848 5776/2627/1849 5777/2628/1850
f 5773/2626/1848 5777/2628/1850 5162/2368/1650
f 5773/2626/1848 5162/2368/1650 4633/2145/1485
f 5773/2626/1848 4633/2145/1485 4632/2144/1484
f 4937/2280/1582 5611/2629/1790 5780/2630/1851
f 4937/2280/1582 5780/2630/1851 5280/2418/1688
f 4937/2280/1582 5280/2418/1688 4939/2281/1583
f 5786/2631/1852 4478/2052/1432 5167/2369/1651
f 5785/2632/1852 5166/2633/1651 5789/2634/1853
f 5785/2632/1852 5789/2634/1853 5792/2635/1854
f 5785/2632/1852 5792/2635/1854 5182/2377/1658
f 5785/2632/1852 5182/2377/1658 4481/2055/1433
f 5785/2632/1852 4481/2055/1433 4477/2054/1432
f 5003/2305/1603 4193/1924/1337 4191/1923/1336
f 5003/2305/1603 4191/1923/1336 5797/2636/1855
f 5003/2305/1603 5797/2636/1855 5801/2637/1856
f 5003/2305/1603 5801/2637/1856 5005/2306/1604
f 4998/2303/1601 4736/2203/1521 4735/2202/1520
f 4998/2303/1601 4735/2202/1520 5807/2638/1857
f 4998/2303/1601 5807/2638/1857 5797/2636/1855
f 4998/2303/1601 5797/2636/1855 4191/1923/1336
f 5810/2639/1858 5334/2433/1702 5013/2490/1744
f 5810/2639/1858 5013/2490/1744 5814/2640/1859
f 5810/2639/1858 5814/2640/1859 5818/2641/1860
f 5810/2639/1858 5818/2641/1860 5337/2434/1703
f 5810/2639/1858 5337/2434/1703 5334/2433/1702
f 5355/2445/1710 5353/2444/1709 5821/2642/1861
f 5355/2445/1710 5821/2642/1861 5824/2643/1862
f 5355/2445/1710 5824/2643/1862 4669/2165/1498
f 5355/2445/1710 4669/2165/1498 4666/2164/1497
f 5824/2643/1862 5821/2642/1861 5828/2644/1863
f 5825/2645/1862 5829/2646/1863 5833/2647/1864
f 5825/2645/1862 5833/2647/1864 5222/2394/1669
f 5825/2645/1862 5222/2394/1669 4670/2393/1498
f 5706/2594/1822 4766/2215/1531 4764/2214/1530
f 5706/2594/1822 4764/2214/1530 5066/2330/1621
f 5706/2594/1822 5066/2330/1621 5840/2648/1865
f 5706/2594/1822 5840/2648/1865 5844/2649/1866
f 5706/2594/1822 5844/2649/1866 5708/2595/1823
f 5847/2650/1867 5059/2651/1620 5406/2465/1726
f 5847/2650/1867 5406/2465/1726 5851/2652/1868
f 5847/2650/1867 5851/2652/1868 5853/2653/1869
f 5847/2650/1867 5853/2653/1869 5856/2654/1870
f 5847/2650/1867 5856/2654/1870 5857/2655/1871
f 5847/2650/1867 5857/2655/1871 5839/2656/1865
f 5847/2650/1867 5839/2656/1865 5065/2657/1621
f 5846/2658/1872 5064/2659/1621 5058/2660/1620
f 5860/2661/1873 4782/2225/1539 4778/2224/1538
f 5860/2661/1873 4778/2224/1538 5075/2333/1624
f 5860/2661/1873 5075/2333/1624 5864/2662/1874
f 5859/2663/1873 5863/2664/1874 5866/2665/1875
f 5860/2661/1873 5867/2666/1875 5737/2609/1833
f 5860/2661/1873 5737/2609/1833 4782/2225/1539
f 5871/2667/1876 5123/2353/1637 5120/2352/1636
f 5871/2667/1876 5120/2352/1636 5874/2668/1877
f 5871/2667/1876 5874/2668/1877 5876/2669/1878
f 5872/2670/1876 5877/2671/1878 5880/2672/1879
f 5872/2670/1876 5880/2672/1879 5883/2673/1880
f 5870/2674/1876 5882/2675/1881 5887/2676/1882
f 5870/2674/1876 5887/2676/1882 5415/2470/1730
f 5871/2667/1876 5416/2468/1729 5123/2353/1637
f 5756/2619/1842 5755/2618/1841 5889/2677/1883
f 5756/2619/1842 5889/2677/1883 5874/2668/1877
f 5756/2619/1842 5874/2668/1877 5120/2352/1636
f 5756/2619/1842 5120/2352/1636 4794/2231/1543
f 5756/2619/1842 4794/2231/1543 4792/2230/1542
f 5893/2678/1884 5428/2474/1733 5512/2506/1756
f 5893/2678/1884 5512/2506/1756 5895/2679/1885
f 5893/2678/1884 5895/2679/1885 5897/2680/1886
f 5893/2678/1884 5897/2680/1886 5431/2475/1734
f 5893/2678/1884 5431/2475/1734 5428/2474/1733
f 5899/2681/1887 5155/2366/1648 5310/2682/1695
f 5900/2683/1887 5311/2426/1695 5903/2684/1888
f 5899/2681/1887 5901/2685/1888 5904/2686/1889
f 5899/2681/1887 5904/2686/1889 5905/2687/1890
f 5899/2681/1887 5905/2687/1890 5155/2366/1648
f 5905/2687/1890 5904/2686/1889 5907/2688/1891
f 5905/2687/1890 5907/2688/1891 4952/2285/1587
f 5905/2687/1890 4952/2285/1587 5155/2366/1648
f 5438/2480/1736 4720/2195/1515 4718/2194/1514
f 5438/2480/1736 4718/2194/1514 5910/2689/1892
f 5438/2480/1736 5910/2689/1892 5916/2690/1893
f 5438/2480/1736 5916/2690/1893 5439/2481/1737
f 5290/2422/1692 5316/2428/1697 5917/2691/1894
f 5290/2422/1692 5917/2691/1894 5919/2692/1895
f 5290/2422/1692 5919/2692/1895 5911/2693/1892
f 5290/2422/1692 5911/2693/1892 4719/2423/1514
f 5922/2694/1896 4983/2297/1597 5324/2431/1700
f 5922/2694/1896 5324/2431/1700 5926/2695/1897
f 5921/2696/1896 5925/2697/1898 5930/2698/1899
f 5921/2696/1896 5930/2698/1899 5933/2699/1900
f 5921/2696/1896 5933/2699/1900 5935/2700/1901
f 5921/2696/1896 5935/2700/1901 4987/2300/1598
f 5922/2694/1896 4988/2298/1598 4983/2297/1597
f 4809/2238/1549 4807/2237/1548 5456/2488/1742
f 4809/2238/1549 5456/2488/1742 5939/2701/1902
f 4809/2238/1549 5939/2701/1902 5942/2702/1903
f 4809/2238/1549 5942/2702/1903 5644/2563/1800
f 5939/2701/1902 5456/2488/1742 5452/2703/1741
f 5939/2701/1902 5452/2703/1741 5446/2704/1740
f 5939/2701/1902 5446/2704/1740 5947/2705/1904
f 5939/2701/1902 5947/2705/1904 5942/2702/1903
f 5949/2706/1905 4508/2707/1442 5006/2708/1604
f 5949/2706/1905 5006/2708/1604 5951/2709/1906
f 5949/2706/1905 5951/2709/1906 5953/2710/1907
f 5948/2711/1905 5952/2712/1908 5468/2493/1747
f 5948/2711/1905 5468/2493/1747 4509/2072/1444
f 5948/2711/1905 4509/2072/1444 4505/2071/1443
f 5959/2713/1909 5016/2313/1608 5546/2521/1767
f 5960/2714/1909 5547/2715/1767 5963/2716/1910
f 5960/2714/1909 5963/2716/1910 5966/2717/1911
f 5959/2713/1909 5965/2718/1912 5481/2719/1750
f 5959/2713/1909 5481/2719/1750 5018/2314/1609
f 5959/2713/1909 5018/2314/1609 5016/2313/1608
f 5970/2720/1913 4920/2276/1578 4916/2275/1577
f 5970/2720/1913 4916/2275/1577 5973/2721/1914
f 5970/2720/1913 5973/2721/1914 5975/2722/1915
f 5970/2720/1913 5975/2722/1915 5977/2723/1916
f 5970/2720/1913 5977/2723/1916 5345/2438/1705
f 5970/2720/1913 5345/2438/1705 4920/2276/1578
f 5973/2721/1914 4916/2275/1577 4911/2274/1576
f 5974/2724/1914 4912/2525/1576 5555/2524/1770
f 5974/2724/1914 5555/2524/1770 5980/2725/1917
f 5974/2724/1914 5980/2725/1917 5976/2726/1915
f 5260/2408/1681 5256/2407/1680 5684/2727/1813
f 5260/2408/1681 5684/2727/1813 5982/2728/1918
f 5260/2408/1681 5982/2728/1918 5377/2453/1717
f 5260/2408/1681 5377/2453/1717 5244/2402/1676
f 5984/2729/1919 4757/2211/1528 4755/2210/1527
f 5984/2729/1919 4755/2210/1527 5699/2590/1819
f 5984/2729/1919 5699/2590/1819 5987/2730/1920
f 5984/2729/1919 5987/2730/1920 5991/2731/1921
f 5984/2729/1919 5991/2731/1921 5391/2459/1722
f 5984/2729/1919 5391/2459/1722 4757/2211/1528
f 5996/2732/1922 4775/2221/1535 5394/2460/1723
f 5996/2732/1922 5394/2460/1723 5999/2733/1923
f 5996/2732/1922 5999/2733/1923 6004/2734/1924
f 5996/2732/1922 6004/2734/1924 5489/2502/1753
f 5996/2732/1922 5489/2502/1753 4776/2222/1536
f 5996/2732/1922 4776/2222/1536 4775/2221/1535
f 6009/2735/1925 5103/2463/1631 5100/2604/1630
f 6009/2735/1925 5100/2604/1630 5724/2603/1829
f 6009/2735/1925 5724/2603/1829 6013/2736/1926
f 6009/2735/1925 6013/2736/1926 5403/2464/1725
f 6009/2735/1925 5403/2464/1725 5103/2463/1631
f 6015/2737/1927 5113/2349/1633 5419/2471/1731
f 6015/2737/1927 5419/2471/1731 6017/2738/1928
f 6015/2737/1927 6017/2738/1928 5730/2607/1831
f 6015/2737/1927 5730/2607/1831 5115/2350/1634
f 6015/2737/1927 5115/2350/1634 5113/2349/1633
f 6019/2739/1929 5268/2414/1685 5267/2413/1684
f 6019/2739/1929 5267/2413/1684 5746/2740/1837
f 6019/2739/1929 5746/2740/1837 6022/2741/1930
f 6019/2739/1929 6022/2741/1930 6026/2742/1931
f 6019/2739/1929 6026/2742/1931 5268/2414/1685
f 6026/2742/1931 6022/2741/1930 6030/2743/1932
f 6026/2742/1931 6030/2743/1932 5895/2679/1885
f 6026/2742/1931 5895/2679/1885 5512/2506/1756
f 6026/2742/1931 5512/2506/1756 5268/2414/1685
f 5780/2630/1851 5611/2629/1790 6035/2744/1933
f 5780/2630/1851 6035/2744/1933 6037/2745/1934
f 5780/2630/1851 6037/2745/1934 5772/2624/1847
f 5780/2630/1851 5772/2624/1847 5280/2418/1688
f 5907/2688/1891 5904/2686/1889 6040/2746/1935
f 5907/2688/1891 6040/2746/1935 5628/2556/1794
f 5907/2688/1891 5628/2556/1794 4958/2287/1589
f 5907/2688/1891 4958/2287/1589 4952/2285/1587
f 6043/2747/1936 5174/2373/1654 5172/2372/1653
f 6043/2747/1936 5172/2372/1653 5519/2748/1759
f 6043/2747/1936 5519/2748/1759 6046/2749/1937
f 6043/2747/1936 6046/2749/1937 6051/2750/1938
f 6043/2747/1936 6051/2750/1938 5636/2561/1798
f 6043/2747/1936 5636/2561/1798 5174/2373/1654
f 6054/2751/1939 4876/2435/1564 5337/2434/1703
f 6054/2751/1939 5337/2434/1703 6056/2752/1940
f 6054/2751/1939 6056/2752/1940 6057/2753/1941
f 6054/2751/1939 6057/2753/1941 6062/2754/1942
f 6053/2755/1939 6060/2756/1942 6064/2757/1943
f 6053/2755/1939 6064/2757/1943 4875/2257/1564
f 6065/2758/1943 6061/2759/1942 6069/2760/1944
f 6065/2758/1943 6069/2760/1944 4879/2259/1565
f 6064/2757/1943 4878/2258/1565 4875/2257/1564
f 6074/2761/1945 5013/2490/1744 5011/2762/1605
f 6074/2761/1945 5011/2762/1605 5540/2763/1765
f 6074/2761/1945 5540/2763/1765 6077/2764/1946
f 6074/2761/1945 6077/2764/1946 5814/2640/1859
f 6074/2761/1945 5814/2640/1859 5013/2490/1744
f 6079/2765/1947 5199/2384/1663 5191/2383/1662
f 6079/2765/1947 5191/2383/1662 6082/2766/1948
f 6079/2765/1947 6082/2766/1948 6083/2767/1949
f 6079/2765/1947 6083/2767/1949 5206/2768/1665
f 6080/2769/1947 5208/2387/1665 5200/2385/1663
f 5675/2578/1810 5672/2577/1809 6089/2770/1950
f 5675/2578/1810 6089/2770/1950 6091/2771/1951
f 5675/2578/1810 6091/2771/1951 5543/2772/1952
f 5675/2578/1810 5543/2772/1952 5213/2773/1666
f 5561/2530/1773 5560/2529/1772 6094/2774/1953
f 5561/2530/1773 6094/2774/1953 6096/2775/1954
f 5561/2530/1773 6096/2775/1954 5551/2523/1769
f 5561/2530/1773 5551/2523/1769 5550/2522/1768
f 5380/2454/1718 5377/2453/1717 6099/2776/1955
f 5380/2454/1718 6099/2776/1955 6101/2777/1956
f 5380/2454/1718 6101/2777/1956 6102/2778/1957
f 5381/2779/1718 6103/2780/1957 6107/2781/1958
f 5379/2782/1718 6106/2783/1958 5560/2529/1772
f 5379/2782/1718 5560/2529/1772 5385/2528/1720
f 6111/2784/1959 5075/2333/1624 5074/2332/1623
f 6111/2784/1959 5074/2332/1623 5497/2785/1754
f 6109/2786/1960 5494/2787/1754 6115/2788/1961
f 6110/2789/1962 6116/2790/1963 6118/2791/1964
f 6110/2789/1962 6118/2791/1964 5863/2664/1874
f 6111/2784/1959 5864/2662/1874 5075/2333/1624
f 5746/2740/1837 5267/2413/1684 5263/2411/1682
f 5630/2557/1795 5628/2556/1794 6124/2792/1965
f 5631/2559/1795 6125/2793/1965 6127/2794/1966
f 5631/2559/1795 6127/2794/1966 5625/2555/1793
f 5631/2559/1795 5625/2555/1793 4971/2293/1593
f 6134/2795/1967 5309/2425/1694 5639/2562/1799
f 6133/2796/1967 5638/2797/1799 6136/2798/1968
f 6133/2796/1967 6136/2798/1968 6137/2799/1969
f 6133/2796/1967 6137/2799/1969 5902/2800/1888
f 6134/2795/1967 5903/2684/1888 5311/2426/1695
f 6134/2795/1967 5311/2426/1695 5309/2425/1694
f 5176/2374/1655 4987/2300/1598 6140/2801/1970
f 5176/2374/1655 6140/2801/1970 5316/2428/1697
f 5176/2374/1655 5316/2428/1697 5177/2375/1656
f 5320/2430/1699 5647/2568/1801 6145/2802/1971
f 5320/2430/1699 6145/2802/1971 5926/2695/1897
f 5320/2430/1699 5926/2695/1897 5324/2431/1700
f 6148/2803/1972 4648/2154/1489 5184/2378/1659
f 6148/2803/1972 5184/2378/1659 6150/2804/1973
f 6148/2803/1972 6150/2804/1973 6152/2805/1974
f 6148/2803/1972 6152/2805/1974 5524/2806/1761
f 6148/2803/1972 5524/2806/1761 4652/2807/1490
f 6148/2803/1972 4652/2807/1490 4648/2154/1489
f 6068/2808/1975 6059/2809/1942 6155/2810/1976
f 6068/2808/1975 6155/2810/1976 6158/2811/1977
f 6069/2760/1944 6159/2812/1978 5654/2569/1803
f 6069/2760/1944 5654/2569/1803 4879/2259/1565
f 6162/2813/1979 5232/2397/1671 5366/2450/1714
f 6162/2813/1979 5366/2450/1714 6164/2814/1980
f 6162/2813/1979 6164/2814/1980 6167/2815/1981
f 6162/2813/1979 6167/2815/1981 6169/2816/1982
f 6162/2813/1979 6169/2816/1982 5235/2398/1672
f 6162/2813/1979 5235/2398/1672 5232/2397/1671
f 5567/2532/1775 5038/2320/1613 5034/2319/1612
f 5567/2532/1775 5034/2319/1612 5693/2817/1816
f 5567/2532/1775 5693/2817/1816 6172/2818/1983
f 5567/2532/1775 6172/2818/1983 6174/2819/1984
f 5567/2532/1775 6174/2819/1984 5570/2533/1776
f 5576/2535/1778 5053/2324/1617 5051/2323/1616
f 5576/2535/1778 5051/2323/1616 6178/2820/1985
f 5576/2535/1778 6178/2820/1985 6181/2821/1986
f 5576/2535/1778 6181/2821/1986 5578/2536/1779
f 5710/2596/1824 5708/2595/1823 6184/2822/1987
f 5710/2596/1824 6184/2822/1987 6189/2823/1988
f 5709/2597/1824 6188/2824/1988 6178/2820/1985
f 5709/2597/1824 6178/2820/1985 5051/2323/1616
f 5595/2543/1784 5592/2542/1783 6192/2825/1989
f 5595/2543/1784 6192/2825/1989 6193/2826/1990
f 5595/2543/1784 6193/2826/1990 5128/2356/1640
f 5595/2543/1784 5128/2356/1640 5127/2355/1639
f 6193/2826/1990 6192/2825/1989 6195/2827/1991
f 6193/2826/1990 6195/2827/1991 6197/2828/1992
f 6193/2826/1990 6197/2828/1992 5754/2615/1839
f 6193/2826/1990 5754/2615/1839 5128/2356/1640
f 6202/2829/1993 5138/2359/1642 5136/2358/1641
f 6201/2830/1993 5135/2546/1641 5601/2545/1786
f 6201/2830/1993 5601/2545/1786 6206/2831/1994
f 6201/2830/1993 6206/2831/1994 6208/2832/1995
f 6202/2829/1993 6209/2833/1996 6212/2834/1997
f 6202/2829/1993 6212/2834/1997 6214/2835/1998
f 6202/2829/1993 6214/2835/1998 5138/2359/1642
f 5584/2538/1781 5138/2359/1642 6214/2835/1998
f 5584/2538/1781 6214/2835/1998 6212/2834/1997
f 5584/2538/1781 6212/2834/1997 6217/2836/1999
f 5584/2538/1781 6217/2836/1999 5593/2540/1783
f 6037/2745/1934 6035/2744/1933 6219/2837/2000
f 6037/2745/1934 6219/2837/2000 6221/2838/2001
f 6037/2745/1934 6221/2838/2001 6225/2839/2002
f 6037/2745/1934 6225/2839/2002 5768/2840/1844
f 6037/2745/1934 5768/2840/1844 5772/2624/1847
f 5768/2840/1844 5762/2625/1843 5772/2624/1847
f 6233/2841/2003 5162/2368/1650 5777/2628/1850
f 6233/2841/2003 5777/2628/1850 6235/2842/2004
f 6233/2841/2003 6235/2842/2004 6239/2843/2005
f 6232/2844/2003 6238/2845/2006 5789/2634/1853
f 6232/2844/2003 5789/2634/1853 5166/2633/1651
f 6233/2841/2003 5167/2369/1651 5162/2368/1650
f 6242/2846/2007 4847/2245/1554 4845/2244/1553
f 6242/2846/2007 4845/2244/1553 4871/2255/1562
f 6242/2846/2007 4871/2255/1562 6248/2847/2008
f 6242/2846/2007 6248/2847/2008 6250/2848/2009
f 6242/2846/2007 6250/2848/2009 6253/2849/2010
f 6242/2846/2007 6253/2849/2010 4847/2245/1554
f 6253/2849/2010 6250/2848/2009 6258/2850/2011
f 6253/2849/2010 6258/2850/2011 6263/2851/2012
f 6252/2852/2010 6262/2853/2012 5440/2482/1738
f 6252/2852/2010 5440/2482/1738 4846/2246/1555
f 6083/2767/1949 6082/2766/1948 6265/2854/2013
f 6083/2767/1949 6265/2854/2013 6266/2855/2014
f 6083/2767/1949 6266/2855/2014 6269/2856/2015
f 6084/2857/1949 6270/2858/2015 5539/2517/1765
f 6084/2857/1949 5539/2517/1765 5207/2516/1665
f 6276/2859/2016 5191/2383/1662 4883/2860/1567
f 6277/2861/2016 4884/2262/1567 6282/2862/2017
f 6276/2859/2016 6281/2863/2017 6284/2864/2018
f 6276/2859/2016 6284/2864/2018 6289/2865/2019
f 6276/2859/2016 6289/2865/2019 6082/2766/1948
f 6276/2859/2016 6082/2766/1948 5191/2383/1662
f 5662/2573/1807 5667/2574/1808 6293/2866/2020
f 5662/2573/1807 6293/2866/2020 6295/2867/2021
f 5662/2573/1807 6295/2867/2021 6282/2862/2017
f 5662/2573/1807 6282/2862/2017 4884/2262/1567
f 5977/2723/1916 5975/2722/1915 6297/2868/2022
f 5977/2723/1916 6297/2868/2022 5671/2575/1809
f 5977/2723/1916 5671/2575/1809 5346/2439/1706
f 5977/2723/1916 5346/2439/1706 5345/2438/1705
f 5403/2464/1725 6013/2736/1926 6299/2869/2023
f 5403/2464/1725 6299/2869/2023 6301/2870/2024
f 5403/2464/1725 6301/2870/2024 5851/2652/1868
f 5403/2464/1725 5851/2652/1868 5406/2465/1726
f 6304/2871/1833 5738/2872/1833 5868/2873/1875
f 6304/2871/1833 5868/2873/1875 6308/2874/2025
f 6304/2871/1833 6308/2874/2025 6310/2875/2026
f 6304/2871/1833 6310/2875/2026 6312/2876/2027
f 6304/2871/1833 6312/2876/2027 5741/2877/1834
f 6304/2871/1833 5741/2877/1834 5738/2872/1833
f 5419/2471/1731 5415/2470/1730 5887/2676/1882
f 5419/2471/1731 5887/2676/1882 6314/2878/2028
f 5419/2471/1731 6314/2878/2028 6316/2879/2029
f 5419/2471/1731 6316/2879/2029 6017/2738/1928
f 6322/2880/2030 5431/2475/1734 5897/2680/1886
f 6322/2880/2030 5897/2680/1886 6327/2881/2031
f 6322/2880/2030 6327/2881/2031 6328/2882/2032
f 6323/2883/2030 6329/2884/2032 6330/2885/2033
f 6323/2883/2030 6330/2885/2033 5776/2627/1849
f 6323/2883/2030 5776/2627/1849 5432/2477/1734
f 5770/2623/1846 5769/2622/1845 6331/2886/2034
f 5770/2623/1846 6331/2886/2034 6332/2887/2035
f 5770/2623/1846 6332/2887/2035 5601/2545/1786
f 5770/2623/1846 5601/2545/1786 5148/2364/1647
f 6140/2801/1970 4987/2300/1598 5935/2700/1901
f 6140/2801/1970 5935/2700/1901 6335/2888/2036
f 6140/2801/1970 6335/2888/2036 6337/2889/2037
f 6140/2801/1970 6337/2889/2037 5917/2691/1894
f 6140/2801/1970 5917/2691/1894 5316/2428/1697
f 5818/2641/1860 5814/2640/1859 6342/2890/2038
f 5818/2641/1860 6342/2890/2038 6343/2891/2039
f 5818/2641/1860 6343/2891/2039 6346/2892/2040
f 5818/2641/1860 6346/2892/2040 6056/2752/1940
f 5818/2641/1860 6056/2752/1940 5337/2434/1703
f 6269/2856/2015 6266/2855/2014 6350/2893/2041
f 6269/2856/2015 6350/2893/2041 6353/2894/2042
f 6271/2895/2015 6354/2896/2043 6077/2764/1946
f 6271/2895/2015 6077/2764/1946 5540/2763/1765
f 5834/2897/1864 5830/2898/1863 6359/2899/2044
f 5834/2897/1864 6359/2899/2044 6361/2900/2045
f 5833/2647/1864 6360/2901/2046 5667/2574/1808
f 5833/2647/1864 5667/2574/1808 5222/2394/1669
f 6362/2902/2047 5353/2444/1709 5484/2500/1751
f 6362/2902/2047 5484/2500/1751 6363/2903/2048
f 6362/2902/2047 6363/2903/2048 6366/2904/2049
f 6362/2902/2047 6366/2904/2049 6369/2905/2050
f 6362/2902/2047 6369/2905/2050 5821/2642/1861
f 6362/2902/2047 5821/2642/1861 5353/2444/1709
f 6371/2906/2051 5364/2449/1712 5474/2496/1748
f 6371/2906/2051 5474/2496/1748 6374/2907/2052
f 6371/2906/2051 6374/2907/2052 6376/2908/2053
f 6371/2906/2051 6376/2908/2053 6164/2814/1980
f 6371/2906/2051 6164/2814/1980 5366/2450/1714
f 6371/2906/2051 5366/2450/1714 5364/2449/1712
f 5982/2728/1918 5684/2727/1813 6379/2909/2054
f 5982/2728/1918 6379/2909/2054 6383/2910/2055
f 5982/2728/1918 6383/2910/2055 6384/2911/2056
f 5982/2728/1918 6384/2911/2056 6099/2776/1955
f 5982/2728/1918 6099/2776/1955 5377/2453/1717
f 6386/2912/2057 5495/2503/1754 5489/2502/1753
f 6387/2913/2058 5490/2914/1753 6005/2915/1924
f 6387/2913/2058 6005/2915/1924 6389/2916/2059
f 6387/2913/2058 6389/2916/2059 6390/2917/2060
f 6387/2913/2058 6390/2917/2060 6116/2790/1963
f 6387/2913/2058 6116/2790/1963 5496/2918/1754
f 6392/2919/2061 5439/2481/1737 5916/2690/1893
f 6392/2919/2061 5916/2690/1893 6396/2920/2062
f 6392/2919/2061 6396/2920/2062 6400/2921/2063
f 6392/2919/2061 6400/2921/2063 6401/2922/2064
f 6392/2919/2061 6401/2922/2064 5516/2508/1758
f 6392/2919/2061 5516/2508/1758 5439/2481/1737
f 6405/2923/2065 5911/2693/1892 5919/2692/1895
f 6405/2923/2065 5919/2692/1895 6408/2924/2066
f 6405/2923/2065 6408/2924/2066 6411/2925/2067
f 6404/2926/2065 6410/2927/2067 6396/2920/2062
f 6404/2926/2065 6396/2920/2062 5916/2690/1893
f 6404/2926/2065 5916/2690/1893 5910/2689/1892
f 6415/2928/2068 5646/2564/1801 5644/2563/1800
f 6415/2928/2068 5644/2563/1800 5942/2702/1903
f 6415/2928/2068 5942/2702/1903 6419/2929/2069
f 6415/2928/2068 6419/2929/2069 6423/2930/2070
f 6415/2928/2068 6423/2930/2070 6426/2931/2071
f 6415/2928/2068 6426/2931/2071 5646/2564/1801
f 6145/2802/1971 5647/2568/1801 6427/2932/2071
f 6145/2802/1971 6427/2932/2071 6432/2933/2072
f 6144/2934/1971 6431/2935/2073 6433/2936/2074
f 6144/2934/1971 6433/2936/2074 5929/2937/1899
f 6144/2934/1971 5929/2937/1899 5924/2938/1897
f 6434/2939/2075 5182/2377/1658 5792/2635/1854
f 6434/2939/2075 5792/2635/1854 6437/2940/2076
f 6434/2939/2075 6437/2940/2076 6438/2941/2077
f 6434/2939/2075 6438/2941/2077 6150/2804/1973
f 6434/2939/2075 6150/2804/1973 5184/2378/1659
f 6434/2939/2075 5184/2378/1659 5182/2377/1658
f 6441/2942/2078 5446/2704/1740 5442/2943/1739
f 6441/2942/2078 5442/2943/1739 6442/2944/2079
f 6441/2942/2078 6442/2944/2079 6443/2945/2080
f 6441/2942/2078 6443/2945/2080 5947/2705/1904
f 6441/2942/2078 5947/2705/1904 5446/2704/1740
f 5529/2514/1763 5525/2513/1762 6446/2946/2081
f 5529/2514/1763 6446/2946/2081 6450/2947/2082
f 5529/2514/1763 6450/2947/2082 6453/2948/2083
f 5529/2514/1763 6453/2948/2083 6454/2949/2084
f 5529/2514/1763 6454/2949/2084 4864/2251/1560
f 5529/2514/1763 4864/2251/1560 4859/2249/1558
f 6460/2950/2085 5005/2306/1604 5801/2637/1856
f 6460/2950/2085 5801/2637/1856 6463/2951/2086
f 6460/2950/2085 6463/2951/2086 6466/2952/2087
f 6461/2953/2085 6467/2954/2087 6469/2955/2088
f 6461/2953/2085 6469/2955/2088 5951/2709/1906
f 6461/2953/2085 5951/2709/1906 5006/2708/1604
f 6471/2956/2089 5547/2715/1767 5543/2772/1952
f 6471/2956/2089 5543/2772/1952 6091/2771/1951
f 6471/2956/2089 6091/2771/1951 6474/2957/2090
f 6471/2956/2089 6474/2957/2090 6476/2958/2091
f 6471/2956/2089 6476/2958/2091 5963/2716/1910
f 6471/2956/2089 5963/2716/1910 5547/2715/1767
f 5966/2717/1911 5963/2716/1910 6479/2959/2092
f 5964/2960/1912 6478/2961/2092 6363/2903/2048
f 5964/2960/1912 6363/2903/2048 5484/2500/1751
f 5964/2960/1912 5484/2500/1751 5480/2499/1750
f 6484/2962/2093 5235/2398/1672 6169/2816/1982
f 6484/2962/2093 6169/2816/1982 6485/2963/2094
f 6484/2962/2093 6485/2963/2094 5697/2587/1818
f 6484/2962/2093 5697/2587/1818 5238/2399/1673
f 6484/2962/2093 5238/2399/1673 5235/2398/1672
f 6487/2964/2095 5391/2459/1722 5991/2731/1921
f 6488/2965/2095 5992/2966/1921 6491/2967/2096
f 6488/2965/2095 6491/2967/2096 6494/2968/2097
f 6488/2965/2095 6494/2968/2097 6001/2969/1923
f 6487/2964/2095 5999/2733/1923 5394/2460/1723
f 6487/2964/2095 5394/2460/1723 5391/2459/1722
f 6498/2970/2098 5863/2664/1874 6118/2791/1964
f 6498/2970/2098 6118/2791/1964 6501/2971/2099
f 6498/2970/2098 6501/2971/2099 6502/2972/2100
f 6498/2970/2098 6502/2972/2100 6307/2973/2025
f 6498/2970/2098 6307/2973/2025 5866/2665/1875
f 6498/2970/2098 5866/2665/1875 5863/2664/1874
f 6312/2876/2027 6310/2875/2026 6508/2974/2101
f 6312/2876/2027 6508/2974/2101 6510/2975/2102
f 6312/2876/2027 6510/2975/2102 5744/2976/1836
f 6312/2876/2027 5744/2976/1836 5741/2877/1834
f 6510/2975/2102 6508/2974/2101 6511/2977/2103
f 6510/2975/2102 6511/2977/2103 6512/2978/2104
f 6510/2975/2102 6512/2978/2104 5747/2979/1837
f 6510/2975/2102 5747/2979/1837 5744/2976/1836
f 6512/2978/2104 6511/2977/2103 6515/2980/2105
f 6512/2978/2104 6515/2980/2105 6516/2981/2106
f 6512/2978/2104 6516/2981/2106 6023/2982/1930
f 6512/2978/2104 6023/2982/1930 5747/2979/1837
f 6517/2983/2107 5635/2984/1798 6050/2985/1938
f 6517/2983/2107 6050/2985/1938 6519/2986/2108
f 6517/2983/2107 6519/2986/2108 6520/2987/2109
f 6517/2983/2107 6520/2987/2109 6136/2798/1968
f 6517/2983/2107 6136/2798/1968 5638/2797/1799
f 6518/2988/2107 5639/2562/1799 5636/2561/1798
f 6044/2989/1937 5518/2509/1759 5516/2508/1758
f 6044/2989/1937 5516/2508/1758 6401/2922/2064
f 6044/2989/1937 6401/2922/2064 6525/2990/2110
f 6045/2991/2111 6526/2992/2110 6050/2985/1938
f 6260/2993/2012 6257/2994/2011 6529/2995/2112
f 6261/2996/2012 6530/2997/2113 6442/2944/2079
f 6261/2996/2012 6442/2944/2079 5442/2943/1739
f 6262/2853/2012 5443/2483/1739 5440/2482/1738
f 4867/2998/1561 4864/2251/1560 6454/2949/2084
f 4868/2254/1561 6455/2999/2084 6537/3000/2114
f 4868/2254/1561 6537/3000/2114 6541/3001/2115
f 4868/2254/1561 6541/3001/2115 4871/2255/1562
f 6158/2811/1977 6155/2810/1976 6545/3002/2116
f 6158/2811/1977 6545/3002/2116 6547/3003/2117
f 6158/2811/1977 6547/3003/2117 6549/3004/2118
f 6158/2811/1977 6549/3004/2118 5657/3005/1804
f 6159/2812/1978 5658/2570/1804 5654/2569/1803
f 6552/3006/2119 4735/2202/1520 4730/2201/1519
f 6552/3006/2119 4730/2201/1519 6553/3007/2120
f 6552/3006/2119 6553/3007/2120 6557/3008/2121
f 6552/3006/2119 6557/3008/2121 5807/2638/1857
f 6552/3006/2119 5807/2638/1857 4735/2202/1520
f 6560/3009/2122 4731/2199/1519 4729/2198/1518
f 6560/3009/2122 4729/2198/1518 5658/2570/1804
f 6559/3010/2122 5657/3005/1804 6562/3011/2123
f 6559/3010/2122 6562/3011/2123 326/3012/2124
f 6559/3010/2122 326/3012/2124 324/3013/2125
f 6559/3010/2122 324/3013/2125 6554/3014/2120
f 6560/3009/2122 6555/3015/2120 4731/2199/1519
f 6565/3016/2126 5797/2636/1855 5807/2638/1857
f 6565/3016/2126 5807/2638/1857 6568/3017/2127
f 6565/3016/2126 6568/3017/2127 6463/2951/2086
f 6565/3016/2126 6463/2951/2086 5801/2637/1856
f 6565/3016/2126 5801/2637/1856 5797/2636/1855
f 6572/3018/2128 5814/2640/1859 6077/2764/1946
f 6572/3018/2128 6077/2764/1946 6354/2896/2043
f 6572/3018/2128 6354/2896/2043 6578/3019/2129
f 6572/3018/2128 6578/3019/2129 6580/3020/2130
f 6572/3018/2128 6580/3020/2130 6342/2890/2038
f 6572/3018/2128 6342/2890/2038 5814/2640/1859
f 6586/3021/2131 5469/3022/1747 5954/3023/1907
f 6586/3021/2131 5954/3023/1907 6592/3024/2132
f 6586/3021/2131 6592/3024/2132 6595/3025/2133
f 6586/3021/2131 6595/3025/2133 6374/2907/2052
f 6586/3021/2131 6374/2907/2052 5474/2496/1748
f 6586/3021/2131 5474/2496/1748 5469/3022/1747
f 6601/3026/2134 5551/2523/1769 6096/2775/1954
f 6601/3026/2134 6096/2775/1954 6605/3027/2135
f 6602/3028/2136 6606/3029/2135 6609/3030/2137
f 6601/3026/2134 6608/3031/2137 5980/2725/1917
f 6601/3026/2134 5980/2725/1917 5555/2524/1770
f 6601/3026/2134 5555/2524/1770 5551/2523/1769
f 6107/2781/1958 6103/2780/1957 6614/3032/2138
f 6107/2781/1958 6614/3032/2138 6615/3033/2139
f 6107/2781/1958 6615/3033/2139 6095/3034/1953
f 6106/2783/1958 6094/2774/1953 5560/2529/1772
f 6616/3035/2140 5578/2536/1779 6181/2821/1986
f 6616/3035/2140 6181/2821/1986 6619/3036/2141
f 6616/3035/2140 6619/3036/2141 6621/3037/2142
f 6616/3035/2140 6621/3037/2142 6624/3038/2143
f 6616/3035/2140 6624/3038/2143 6628/3039/2144
f 6616/3035/2140 6628/3039/2144 5578/2536/1779
f 6628/3039/2144 6624/3038/2143 6629/3040/2145
f 6628/3039/2144 6629/3040/2145 5581/2537/1780
f 6628/3039/2144 5581/2537/1780 5578/2536/1779
f 6629/3040/2145 6624/3038/2143 6634/3041/2146
f 6629/3040/2145 6634/3041/2146 6638/3042/2147
f 6630/3043/2145 6639/3044/2147 6641/3045/2148
f 6629/3040/2145 6640/3046/2148 5692/2585/1816
f 6629/3040/2145 5692/2585/1816 5689/2584/1815
f 6629/3040/2145 5689/2584/1815 5581/2537/1780
f 6645/3047/2149 6178/2820/1985 6188/2824/1988
f 6645/3047/2149 6188/2824/1988 6647/3048/2150
f 6645/3047/2149 6647/3048/2150 6651/3049/2151
f 6645/3047/2149 6651/3049/2151 6619/3036/2141
f 6645/3047/2149 6619/3036/2141 6181/2821/1986
f 6645/3047/2149 6181/2821/1986 6178/2820/1985
f 6653/3050/2152 5700/2588/1819 5697/2587/1818
f 6653/3050/2152 5697/2587/1818 6485/2963/2094
f 6653/3050/2152 6485/2963/2094 6658/3051/2153
f 6654/3052/2152 6659/3053/2153 6662/3054/2154
f 6653/3050/2152 6661/3055/2154 5988/3056/2155
f 6653/3050/2152 5988/3056/2155 5700/2588/1819
f 5844/2649/1866 5840/2648/1865 5858/3057/1871
f 5843/3058/1866 5857/2655/1871 6665/3059/2156
f 5843/3058/1866 6665/3059/2156 6667/3060/2157
f 5844/2649/1866 6668/3061/2157 6671/3062/2158
f 5844/2649/1866 6671/3062/2158 6674/3063/2159
f 5844/2649/1866 6674/3063/2159 6184/2822/1987
f 5844/2649/1866 6184/2822/1987 5708/2595/1823
f 6676/3064/2160 5721/2600/1827 5716/2599/1826
f 6676/3064/2160 5716/2599/1826 5730/2607/1831
f 6676/3064/2160 5730/2607/1831 6017/2738/1928
f 6676/3064/2160 6017/2738/1928 6679/3065/2161
f 6676/3064/2160 6679/3065/2161 6681/3066/2162
f 6676/3064/2160 6681/3066/2162 6684/3067/2163
f 6676/3064/2160 6684/3067/2163 5723/3068/2164
f 6676/3064/2160 5723/3068/2164 5721/2600/1827
f 5889/2677/1883 5755/2618/1841 6687/3069/2165
f 5889/2677/1883 6687/3069/2165 6690/3070/2166
f 5889/2677/1883 6690/3070/2166 6693/3071/2167
f 5889/2677/1883 6693/3071/2167 6695/3072/2168
f 5889/2677/1883 6695/3072/2168 6697/3073/2169
f 5889/2677/1883 6697/3073/2169 5876/2669/1878
f 5889/2677/1883 5876/2669/1878 5874/2668/1877
f 6687/3069/2165 5755/2618/1841 5753/2617/1839
f 6687/3069/2165 5753/2617/1839 6196/3074/1992
f 6687/3069/2165 6196/3074/1992 6700/3075/2170
f 6687/3069/2165 6700/3075/2170 6690/3070/2166
f 6703/3076/2171 5593/2540/1783 6217/2836/1999
f 6703/3076/2171 6217/2836/1999 6706/3077/2172
f 6703/3076/2171 6706/3077/2172 6710/3078/2173
f 6702/3079/2171 6709/3080/2173 6711/3081/2174
f 6702/3079/2171 6711/3081/2174 6192/2825/1989
f 6702/3079/2171 6192/2825/1989 5592/2542/1783
f 6714/3082/2175 5608/2550/1789 5619/2554/1792
f 6714/3082/2175 5619/2554/1792 6718/3083/2176
f 6714/3082/2175 6718/3083/2176 6721/3084/2177
f 6715/3085/2175 6722/3086/2177 6725/3087/2178
f 6714/3082/2175 6724/3088/2179 6727/3089/2180
f 6714/3082/2175 6727/3089/2180 5608/2550/1789
f 6728/3090/2181 6725/3087/2178 6733/3091/2182
f 6728/3090/2181 6733/3091/2182 6738/3092/2183
f 6727/3089/2180 6737/3093/2184 5610/2551/1790
f 6727/3089/2180 5610/2551/1790 5608/2550/1789
f 6718/3083/2176 5619/2554/1792 5625/2555/1793
f 6718/3083/2176 5625/2555/1793 6127/2794/1966
f 6718/3083/2176 6127/2794/1966 6746/3094/2185
f 6718/3083/2176 6746/3094/2185 6721/3084/2177
f 6040/2746/1935 5904/2686/1889 6751/3095/2186
f 6040/2746/1935 6751/3095/2186 6752/3096/2187
f 6040/2746/1935 6752/3096/2187 6754/3097/2188
f 6040/2746/1935 6754/3097/2188 6124/2792/1965
f 6040/2746/1935 6124/2792/1965 5628/2556/1794
f 6758/3098/2189 5942/2702/1903 5947/2705/1904
f 6758/3098/2189 5947/2705/1904 6762/3099/2190
f 6758/3098/2189 6762/3099/2190 6763/3100/2191
f 6758/3098/2189 6763/3100/2191 6419/2929/2069
f 6758/3098/2189 6419/2929/2069 5942/2702/1903
f 6540/3101/2115 6536/3102/2114 6766/3103/2192
f 6540/3101/2115 6766/3103/2192 792/3104/2193
f 6540/3101/2115 792/3104/2193 6769/3105/2194
f 6541/3001/2115 6770/3106/2194 6248/2847/2008
f 6541/3001/2115 6248/2847/2008 4871/2255/1562
f 6773/3107/2195 5671/2575/1809 6297/2868/2022
f 6773/3107/2195 6297/2868/2022 6778/3108/2196
f 6774/3109/2197 6779/3110/2196 6781/3111/2198
f 6775/3112/2195 6782/3113/2199 6089/2770/1950
f 6775/3112/2195 6089/2770/1950 5672/2577/1809
f 6641/3045/2148 6639/3044/2147 6783/3114/2200
f 6641/3045/2148 6783/3114/2200 6172/2818/1983
f 6641/3045/2148 6172/2818/1983 5693/2817/1816
f 6301/2870/2024 6299/2869/2023 6788/3115/2201
f 6301/2870/2024 6788/3115/2201 6789/3116/2202
f 6301/2870/2024 6789/3116/2202 6792/3117/2203
f 6301/2870/2024 6792/3117/2203 6795/3118/2204
f 6301/2870/2024 6795/3118/2204 5853/2653/1869
f 6301/2870/2024 5853/2653/1869 5851/2652/1868
f 6684/3067/2163 6681/3066/2162 6798/3119/2205
f 6685/3120/2163 6799/3121/2205 6788/3115/2201
f 6685/3120/2163 6788/3115/2201 6299/2869/2023
f 6685/3120/2163 6299/2869/2023 6013/2736/1926
f 6685/3120/2163 6013/2736/1926 5724/2603/1829
f 6679/3065/2161 6017/2738/1928 6316/2879/2029
f 6679/3065/2161 6316/2879/2029 6805/3122/2206
f 6679/3065/2161 6805/3122/2206 6808/3123/2207
f 6679/3065/2161 6808/3123/2207 6681/3066/2162
f 6315/3124/2028 5888/3125/1882 5883/2673/1880
f 6315/3124/2028 5883/2673/1880 6811/3126/2208
f 6315/3124/2028 6811/3126/2208 6813/3127/2209
f 6315/3124/2028 6813/3127/2209 6815/3128/2210
f 6315/3124/2028 6815/3128/2210 6806/3129/2211
f 6315/3124/2028 6806/3129/2211 6317/3130/2212
f 6031/3131/1932 6023/2982/1930 6516/2981/2106
f 6031/3131/1932 6516/2981/2106 6819/3132/2213
f 6029/3133/1932 6818/3134/2213 6821/3135/2214
f 6030/2743/1932 6822/3136/2214 5895/2679/1885
f 6821/3135/2214 6818/3134/2213 6824/3137/2215
f 6821/3135/2214 6824/3137/2215 6325/3138/2031
f 6822/3136/2214 6327/2881/2031 5897/2680/1886
f 6822/3136/2214 5897/2680/1886 5895/2679/1885
f 6330/2885/2033 6329/2884/2032 6829/3139/2216
f 6330/2885/2033 6829/3139/2216 6831/3140/2217
f 6330/2885/2033 6831/3140/2217 6833/3141/2218
f 6330/2885/2033 6833/3141/2218 6235/2842/2004
f 6330/2885/2033 6235/2842/2004 5777/2628/1850
f 6330/2885/2033 5777/2628/1850 5776/2627/1849
f 6332/2887/2035 6331/2886/2034 6838/3142/2219
f 6332/2887/2035 6838/3142/2219 6841/3143/2220
f 6332/2887/2035 6841/3143/2220 6206/2831/1994
f 6332/2887/2035 6206/2831/1994 5601/2545/1786
f 6844/3144/2221 5611/2629/1790 6739/3145/2184
f 6844/3144/2221 6739/3145/2184 6734/3146/2182
f 6844/3144/2221 6734/3146/2182 6851/3147/2222
f 6844/3144/2221 6851/3147/2222 6856/3148/2223
f 6844/3144/2221 6856/3148/2223 6035/2744/1933
f 6844/3144/2221 6035/2744/1933 5611/2629/1790
f 6751/3095/2186 5904/2686/1889 5901/2685/1888
f 6751/3095/2186 5901/2685/1888 6859/3149/2224
f 6751/3095/2186 6859/3149/2224 6862/3150/2225
f 6751/3095/2186 6862/3150/2225 6865/3151/2226
f 6751/3095/2186 6865/3151/2226 6752/3096/2187
f 6137/2799/1969 6136/2798/1968 6870/3152/2227
f 6137/2799/1969 6870/3152/2227 6863/3153/2225
f 6137/2799/1969 6863/3153/2225 6860/3154/2224
f 6137/2799/1969 6860/3154/2224 5902/2800/1888
f 6873/3155/2228 5932/3156/1900 5929/2937/1899
f 6873/3155/2228 5929/2937/1899 6433/2936/2074
f 6873/3155/2228 6433/2936/2074 6877/3157/2229
f 6873/3155/2228 6877/3157/2229 6879/3158/2230
f 6873/3155/2228 6879/3158/2230 6881/3159/2231
f 6874/3160/2228 6882/3161/2231 5933/2699/1900
f 6882/3161/2231 6880/3162/2230 6884/3163/2232
f 6882/3161/2231 6884/3163/2232 5935/2700/1901
f 6882/3161/2231 5935/2700/1901 5933/2699/1900
f 6562/3011/2123 5657/3005/1804 6549/3004/2118
f 6562/3011/2123 6549/3004/2118 6886/3164/2233
f 6562/3011/2123 6886/3164/2233 348/3165/2234
f 6562/3011/2123 348/3165/2234 326/3012/2124
f 6289/2865/2019 6284/2864/2018 6892/3166/2235
f 6289/2865/2019 6892/3166/2235 6894/3167/2236
f 6289/2865/2019 6894/3167/2236 6265/2854/2013
f 6289/2865/2019 6265/2854/2013 6082/2766/1948
f 6898/3168/2237 6282/2862/2017 6295/2867/2021
f 6900/3169/2238 6296/3170/2021 6903/3171/2239
f 6899/3172/2238 6902/3173/2239 6905/3174/2240
f 6899/3172/2238 6905/3174/2240 6893/3175/2235
f 6897/3176/2238 6892/3166/2235 6284/2864/2018
f 6896/3177/2238 6283/3178/2018 6280/3179/2017
f 6361/2900/2045 6359/2899/2044 6911/3180/2241
f 6361/2900/2045 6911/3180/2241 6913/3181/2242
f 6361/2900/2045 6913/3181/2242 6294/3182/2020
f 6360/2901/2046 6293/2866/2020 5667/2574/1808
f 6915/3183/2243 6099/2776/1955 6384/2911/2056
f 6915/3183/2243 6384/2911/2056 6917/3184/2244
f 6915/3183/2243 6917/3184/2244 6918/3185/2245
f 6915/3183/2243 6918/3185/2245 6919/3186/2246
f 6915/3183/2243 6919/3186/2246 6924/3187/2247
f 6915/3183/2243 6924/3187/2247 6101/2777/1956
f 6915/3183/2243 6101/2777/1956 6099/2776/1955
f 6928/3188/2248 5570/2533/1776 6174/2819/1984
f 6928/3188/2248 6174/2819/1984 6930/3189/2249
f 6928/3188/2248 6930/3189/2249 6932/3190/2250
f 6928/3188/2248 6932/3190/2250 6934/3191/2251
f 6928/3188/2248 6934/3191/2251 6935/3192/2252
f 6928/3188/2248 6935/3192/2252 6936/3193/2253
f 6928/3188/2248 6936/3193/2253 5681/2580/1812
f 6928/3188/2248 5681/2580/1812 5570/2533/1776
f 6380/3194/2054 5685/2581/1813 5681/2580/1812
f 6380/3194/2054 5681/2580/1812 6936/3193/2253
f 6380/3194/2054 6936/3193/2253 6935/3192/2252
f 6380/3194/2054 6935/3192/2252 6953/3195/2254
f 6379/2909/2054 6952/3196/2254 6954/3197/2255
f 6379/2909/2054 6954/3197/2255 6383/2910/2055
f 6965/3198/2256 6005/2915/1924 6000/3199/1923
f 6966/3200/2256 6001/2969/1923 6494/2968/2097
f 6966/3200/2256 6494/2968/2097 6970/3201/2257
f 6966/3200/2256 6970/3201/2257 6972/3202/2258
f 6965/3198/2256 6971/3203/2258 6389/2916/2059
f 6965/3198/2256 6389/2916/2059 6005/2915/1924
f 6975/3204/2259 6116/2790/1963 6390/2917/2060
f 6975/3204/2259 6390/2917/2060 6983/3205/2059
f 6975/3204/2259 6983/3205/2059 6986/3206/2260
f 6975/3204/2259 6986/3206/2260 6501/2971/2099
f 6975/3204/2259 6501/2971/2099 6118/2791/1964
f 6975/3204/2259 6118/2791/1964 6116/2790/1963
f 6225/2839/2002 6221/2838/2001 6992/3207/2261
f 6225/2839/2002 6992/3207/2261 6996/3208/2262
f 6224/3209/2002 6995/3210/2262 6999/3211/2263
f 6224/3209/2002 6999/3211/2263 7002/3212/2264
f 6224/3209/2002 7002/3212/2264 5769/2622/1845
f 6224/3209/2002 5769/2622/1845 5767/2621/1844
f 6331/2886/2034 5769/2622/1845 7002/3212/2264
f 6331/2886/2034 7002/3212/2264 6999/3211/2263
f 6331/2886/2034 6999/3211/2263 7006/3213/2265
f 6331/2886/2034 7006/3213/2265 7007/3214/2266
f 6331/2886/2034 7007/3214/2266 6838/3142/2219
f 6856/3148/2223 6851/3147/2222 7010/3215/2267
f 6856/3148/2223 7010/3215/2267 7015/3216/2268
f 6856/3148/2223 7015/3216/2268 7016/3217/2269
f 6856/3148/2223 7016/3217/2269 6219/2837/2000
f 6856/3148/2223 6219/2837/2000 6035/2744/1933
f 7018/3218/2270 5919/2692/1895 5917/2691/1894
f 7018/3218/2270 5917/2691/1894 6337/2889/2037
f 7018/3218/2270 6337/2889/2037 7021/3219/2271
f 7018/3218/2270 7021/3219/2271 7023/3220/2272
f 7018/3218/2270 7023/3220/2272 6408/2924/2066
f 7018/3218/2270 6408/2924/2066 5919/2692/1895
f 6884/3163/2232 6880/3162/2230 7026/3221/2273
f 6884/3163/2232 7026/3221/2273 7027/3222/2274
f 6884/3163/2232 7027/3222/2274 6335/2888/2036
f 6884/3163/2232 6335/2888/2036 5935/2700/1901
f 6443/2945/2080 6442/2944/2079 7035/3223/2275
f 6443/2945/2080 7035/3223/2275 7036/3224/2276
f 6443/2945/2080 7036/3224/2276 6762/3099/2190
f 6443/2945/2080 6762/3099/2190 5947/2705/1904
f 6152/2805/1974 6150/2804/1973 7040/3225/2277
f 6152/2805/1974 7040/3225/2277 7043/3226/2277
f 6152/2805/1974 7043/3226/2277 7047/3227/2278
f 6152/2805/1974 7047/3227/2278 6447/3228/2081
f 6152/2805/1974 6447/3228/2081 5526/3229/1762
f 6152/2805/1974 5526/3229/1762 5524/2806/1761
f 7049/3230/2279 6155/2810/1976 6059/2809/1942
f 7050/3231/2279 6062/2754/1942 6057/2753/1941
f 7050/3231/2279 6057/2753/1941 7055/3232/2280
f 7049/3230/2279 7054/3233/2280 7056/3234/2281
f 7049/3230/2279 7056/3234/2281 6545/3002/2116
f 7049/3230/2279 6545/3002/2116 6155/2810/1976
f 6580/3020/2130 6578/3019/2129 7060/3235/2282
f 6580/3020/2130 7060/3235/2282 7063/3236/2283
f 6580/3020/2130 7063/3236/2283 6343/2891/2039
f 6580/3020/2130 6343/2891/2039 6342/2890/2038
f 6346/2892/2040 6343/2891/2039 7066/3237/2284
f 6346/2892/2040 7066/3237/2284 7055/3232/2280
f 6346/2892/2040 7055/3232/2280 6057/2753/1941
f 6346/2892/2040 6057/2753/1941 6056/2752/1940
f 6479/2959/2092 5963/2716/1910 6476/2958/2091
f 6479/2959/2092 6476/2958/2091 7070/3238/2285
f 6478/2961/2092 7068/3239/2285 7073/3240/2286
f 6478/2961/2092 7073/3240/2286 7077/3241/2287
f 6478/2961/2092 7077/3241/2287 6363/2903/2048
f 6366/2904/2049 6363/2903/2048 7077/3241/2287
f 6366/2904/2049 7077/3241/2287 7080/3242/2288
f 6366/2904/2049 7080/3242/2288 7081/3243/2289
f 6366/2904/2049 7081/3243/2289 6369/2905/2050
f 6369/2905/2050 7081/3243/2289 7084/3244/2290
f 6369/2905/2050 7084/3244/2290 7086/3245/2291
f 6369/2905/2050 7086/3245/2291 5828/2644/1863
f 6369/2905/2050 5828/2644/1863 5821/2642/1861
f 7086/3245/2291 7084/3244/2290 7090/3246/2292
f 7087/3247/2291 7091/3248/2292 6911/3180/2241
f 7087/3247/2291 6911/3180/2241 6359/2899/2044
f 7087/3247/2291 6359/2899/2044 5830/2898/1863
f 6783/3114/2200 6639/3044/2147 6932/3190/2250
f 6783/3114/2200 6932/3190/2250 6930/3189/2249
f 6783/3114/2200 6930/3189/2249 6174/2819/1984
f 6783/3114/2200 6174/2819/1984 6172/2818/1983
f 7096/3249/2293 6184/2822/1987 6674/3063/2159
f 7096/3249/2293 6674/3063/2159 7098/3250/2294
f 7096/3249/2293 7098/3250/2294 6648/3251/2150
f 7096/3249/2293 6648/3251/2150 6189/2823/1988
f 7096/3249/2293 6189/2823/1988 6184/2822/1987
f 7103/3252/2295 5857/2655/1871 5856/2654/1870
f 7103/3252/2295 5856/2654/1870 7105/3253/2296
f 7103/3252/2295 7105/3253/2296 7108/3254/2297
f 7103/3252/2295 7108/3254/2297 7111/3255/2298
f 7103/3252/2295 7111/3255/2298 6665/3059/2156
f 7103/3252/2295 6665/3059/2156 5857/2655/1871
f 6795/3118/2204 6792/3117/2203 7116/3256/2299
f 6795/3118/2204 7116/3256/2299 7105/3253/2296
f 6795/3118/2204 7105/3253/2296 5856/2654/1870
f 6795/3118/2204 5856/2654/1870 5853/2653/1869
f 5880/2672/1879 5877/2671/1878 7119/3257/2300
f 5880/2672/1879 7119/3257/2300 7122/3258/2301
f 5880/2672/1879 7122/3258/2301 6811/3126/2208
f 5880/2672/1879 6811/3126/2208 5883/2673/1880
f 7119/3257/2300 5877/2671/1878 6698/3259/2302
f 7119/3257/2300 6698/3259/2302 7126/3260/2303
f 7119/3257/2300 7126/3260/2303 7128/3261/2304
f 7119/3257/2300 7128/3261/2304 7122/3258/2301
f 6195/2827/1991 6192/2825/1989 6711/3081/2174
f 6195/2827/1991 6711/3081/2174 7132/3262/2305
f 6195/2827/1991 7132/3262/2305 7137/3263/2306
f 6195/2827/1991 7137/3263/2306 6197/2828/1992
f 6841/3143/2220 6838/3142/2219 7007/3214/2266
f 6841/3143/2220 7007/3214/2266 7140/3264/2307
f 6841/3143/2220 7140/3264/2307 6208/2832/1995
f 6841/3143/2220 6208/2832/1995 6206/2831/1994
f 6525/2990/2110 6401/2922/2064 7142/3265/2308
f 6525/2990/2110 7142/3265/2308 7143/3266/2309
f 6526/2992/2110 7144/3267/2309 7145/3268/2310
f 6526/2992/2110 7145/3268/2310 6519/2986/2108
f 6526/2992/2110 6519/2986/2108 6050/2985/1938
f 6400/2921/2063 6396/2920/2062 7148/3269/2311
f 6400/2921/2063 7148/3269/2311 7149/3270/2312
f 6400/2921/2063 7149/3270/2312 7142/3265/2308
f 6400/2921/2063 7142/3265/2308 6401/2922/2064
f 7150/3271/2313 5789/2634/1853 6238/2845/2006
f 7150/3271/2313 6238/2845/2006 7151/3272/2314
f 7150/3271/2313 7151/3272/2314 7152/3273/2315
f 7150/3271/2313 7152/3273/2315 6437/2940/2076
f 7150/3271/2313 6437/2940/2076 5792/2635/1854
f 7150/3271/2313 5792/2635/1854 5789/2634/1853
f 7155/3274/2316 6426/2931/2071 6423/2930/2070
f 7154/3275/2316 6422/3276/2070 7156/3277/2317
f 7154/3275/2316 7156/3277/2317 7161/3278/2318
f 7154/3275/2316 7161/3278/2318 7166/3279/2319
f 7154/3275/2316 7166/3279/2319 6431/2935/2073
f 7154/3275/2316 6431/2935/2073 6425/3280/2071
f 7168/3281/2320 6419/2929/2069 6763/3100/2191
f 7168/3281/2320 6763/3100/2191 7169/3282/2321
f 7168/3281/2320 7169/3282/2321 7171/3283/2322
f 7168/3281/2320 7171/3283/2322 6423/2930/2070
f 7168/3281/2320 6423/2930/2070 6419/2929/2069
f 7172/3284/2323 6247/3285/2008 6769/3105/2194
f 7172/3284/2323 6769/3105/2194 7178/3286/2324
f 7172/3284/2323 7178/3286/2324 7181/3287/2325
f 7172/3284/2323 7181/3287/2325 6249/3288/2326
f 7173/3289/2323 6250/2848/2009 6248/2847/2008
f 7183/3290/2327 6257/2994/2011 6249/3288/2326
f 7183/3290/2327 6249/3288/2326 7181/3287/2325
f 7183/3290/2327 7181/3287/2325 7185/3291/2328
f 7183/3290/2327 7185/3291/2328 6529/2995/2112
f 7183/3290/2327 6529/2995/2112 6257/2994/2011
f 6781/3111/2198 6779/3110/2196 7190/3292/2329
f 6781/3111/2198 7190/3292/2329 7192/3293/2330
f 6782/3113/2199 7193/3294/2330 6091/2771/1951
f 6782/3113/2199 6091/2771/1951 6089/2770/1950
f 7192/3293/2330 7190/3292/2329 7194/3295/2331
f 7192/3293/2330 7194/3295/2331 7195/3296/2332
f 7193/3294/2330 7196/3297/2332 6474/2957/2090
f 7193/3294/2330 6474/2957/2090 6091/2771/1951
f 7200/3298/2333 5976/2726/1915 5980/2725/1917
f 7200/3298/2333 5980/2725/1917 6608/3031/2137
f 7199/3299/2333 6607/3300/2137 7206/3301/2334
f 7199/3299/2333 7206/3301/2334 7209/3302/2335
f 7200/3298/2333 7210/3303/2335 7212/3304/2336
f 7200/3298/2333 7212/3304/2336 5976/2726/1915
f 7211/3305/2336 7208/3306/2337 7217/3307/2338
f 7211/3305/2336 7217/3307/2338 6297/2868/2022
f 7211/3305/2336 6297/2868/2022 5975/2722/1915
f 6917/3184/2244 6384/2911/2056 6383/2910/2055
f 6917/3184/2244 6383/2910/2055 6954/3197/2255
f 6917/3184/2244 6954/3197/2255 6918/3185/2245
f 7221/3308/2339 6164/2814/1980 6376/2908/2053
f 7221/3308/2339 6376/2908/2053 7225/3309/2340
f 7221/3308/2339 7225/3309/2340 7227/3310/2341
f 7221/3308/2339 7227/3310/2341 7230/3311/2342
f 7221/3308/2339 7230/3311/2342 7233/3312/2343
f 7221/3308/2339 7233/3312/2343 6167/2815/1981
f 7221/3308/2339 6167/2815/1981 6164/2814/1980
f 7233/3312/2343 7230/3311/2342 6485/2963/2094
f 7233/3312/2343 6485/2963/2094 6169/2816/1982
f 7233/3312/2343 6169/2816/1982 6167/2815/1981
f 7243/3313/2344 5989/3314/1920 6662/3054/2154
f 7243/3313/2344 6662/3054/2154 7250/3315/2345
f 7243/3313/2344 7250/3315/2345 7253/3316/2346
f 7243/3313/2344 7253/3316/2346 6491/2967/2096
f 7243/3313/2344 6491/2967/2096 5992/2966/1921
f 7242/3317/2344 5991/2731/1921 5987/2730/1920
f 6800/3318/2205 6682/3319/2162 6809/3320/2207
f 6800/3318/2205 6809/3320/2207 7258/3321/2347
f 6800/3318/2205 7258/3321/2347 7262/3322/2348
f 6799/3121/2205 7261/3323/2349 6789/3116/2202
f 6799/3121/2205 6789/3116/2202 6788/3115/2201
f 6815/3128/2210 6813/3127/2209 7269/3324/2350
f 6815/3128/2210 7269/3324/2350 7258/3321/2347
f 6815/3128/2210 7258/3321/2347 6809/3320/2207
f 6815/3128/2210 6809/3320/2207 6806/3129/2211
f 7277/3325/2351 6310/2875/2026 6308/2874/2025
f 7277/3325/2351 6308/2874/2025 6503/3326/2352
f 7277/3325/2351 6503/3326/2352 7280/3327/2353
f 7277/3325/2351 7280/3327/2353 7285/3328/2354
f 7277/3325/2351 7285/3328/2354 7286/3329/2355
f 7277/3325/2351 7286/3329/2355 6310/2875/2026
f 7286/3329/2355 7285/3328/2354 7291/3330/2356
f 7286/3329/2355 7291/3330/2356 7294/3331/2357
f 7286/3329/2355 7294/3331/2357 6508/2974/2101
f 7286/3329/2355 6508/2974/2101 6310/2875/2026
f 7297/3332/2358 6325/3138/2031 6824/3137/2215
f 7297/3332/2358 6824/3137/2215 7301/3333/2359
f 7297/3332/2358 7301/3333/2359 7303/3334/2360
f 7297/3332/2358 7303/3334/2360 7308/3335/2361
f 7298/3336/2358 7309/3337/2361 6827/3338/2362
f 7298/3336/2358 6827/3338/2362 6326/3339/2031
f 6828/3340/2362 6328/2882/2032 6327/2881/2031
f 7136/3341/2306 7131/3342/2305 7316/3343/2363
f 7136/3341/2306 7316/3343/2363 7318/3344/2364
f 7136/3341/2306 7318/3344/2364 6700/3075/2170
f 7136/3341/2306 6700/3075/2170 6196/3074/1992
f 7016/3217/2269 7015/3216/2268 6992/3207/2261
f 7016/3217/2269 6992/3207/2261 6221/2838/2001
f 7016/3217/2269 6221/2838/2001 6219/2837/2000
f 7329/3345/2365 6136/2798/1968 6520/2987/2109
f 7329/3345/2365 6520/2987/2109 7333/3346/2366
f 7329/3345/2365 7333/3346/2366 7337/3347/2367
f 7329/3345/2365 7337/3347/2367 7343/3348/2368
f 7329/3345/2365 7343/3348/2368 6870/3152/2227
f 7329/3345/2365 6870/3152/2227 6136/2798/1968
f 7035/3223/2275 6442/2944/2079 6530/2997/2113
f 7034/3349/2275 6529/2995/2112 7185/3291/2328
f 7034/3349/2275 7185/3291/2328 7346/3350/2369
f 7035/3223/2275 7347/3351/2369 7348/3352/2370
f 7035/3223/2275 7348/3352/2370 7036/3224/2276
f 7354/3353/2371 6265/2854/2013 6894/3167/2236
f 7354/3353/2371 6894/3167/2236 7357/3354/2372
f 7354/3353/2371 7357/3354/2372 810/3355/2373
f 7354/3353/2371 810/3355/2373 809/3356/2374
f 7354/3353/2371 809/3356/2374 7361/3357/2375
f 7354/3353/2371 7361/3357/2375 6350/2893/2041
f 7354/3353/2371 6350/2893/2041 6266/2855/2014
f 7354/3353/2371 6266/2855/2014 6265/2854/2013
f 6469/2955/2088 6467/2954/2087 570/3358/2376
f 6469/2955/2088 570/3358/2376 6591/3359/2132
f 6469/2955/2088 6591/3359/2132 5953/2710/1907
f 6469/2955/2088 5953/2710/1907 5951/2709/1906
f 7367/3360/2377 6095/3034/1953 6615/3033/2139
f 7367/3360/2377 6615/3033/2139 7370/3361/2378
f 7367/3360/2377 7370/3361/2378 7373/3362/2379
f 7367/3360/2377 7373/3362/2379 6606/3029/2135
f 7367/3360/2377 6606/3029/2135 6097/3363/1954
f 7367/3360/2377 6097/3363/1954 6095/3034/1953
f 6613/3364/2138 6102/2778/1957 6101/2777/1956
f 6613/3364/2138 6101/2777/1956 6924/3187/2247
f 6613/3364/2138 6924/3187/2247 115/3365/2380
f 6614/3032/2138 116/3366/2380 112/3367/2381
f 6614/3032/2138 112/3367/2381 7381/3368/2382
f 6614/3032/2138 7381/3368/2382 6615/3033/2139
f 6658/3051/2153 6485/2963/2094 7230/3311/2342
f 6658/3051/2153 7230/3311/2342 7227/3310/2341
f 6657/3369/2153 7226/3370/2341 7387/3371/2383
f 6659/3053/2153 7388/3372/2383 6662/3054/2154
f 7389/3373/2384 6389/2916/2059 6971/3203/2258
f 7389/3373/2384 6971/3203/2258 7392/3374/2385
f 7389/3373/2384 7392/3374/2385 7395/3375/2386
f 7389/3373/2384 7395/3375/2386 6983/3205/2059
f 7389/3373/2384 6983/3205/2059 6390/2917/2060
f 7389/3373/2384 6390/2917/2060 6389/2916/2059
f 7402/3376/2387 6789/3116/2202 7261/3323/2349
f 7403/3377/2387 7262/3322/2348 7258/3321/2347
f 7403/3377/2387 7258/3321/2347 7269/3324/2350
f 7403/3377/2387 7269/3324/2350 7407/3378/2388
f 7402/3376/2387 7406/3379/2388 6792/3117/2203
f 7402/3376/2387 6792/3117/2203 6789/3116/2202
f 7410/3380/2389 6515/2980/2105 6511/2977/2103
f 7410/3380/2389 6511/2977/2103 7294/3331/2357
f 7410/3380/2389 7294/3331/2357 7412/3381/2390
f 7410/3380/2389 7412/3381/2390 7415/3382/2391
f 7410/3380/2389 7415/3382/2391 6515/2980/2105
f 7419/3383/2392 6515/2980/2105 7415/3382/2391
f 7419/3383/2392 7415/3382/2391 7423/3384/2393
f 7419/3383/2392 7423/3384/2393 7425/3385/2394
f 7418/3386/2395 7424/3387/2394 6818/3134/2213
f 7419/3383/2392 6819/3132/2213 6516/2981/2106
f 7419/3383/2392 6516/2981/2106 6515/2980/2105
f 7424/3387/2394 7422/3388/2396 7430/3389/2397
f 7424/3387/2394 7430/3389/2397 7301/3333/2359
f 7424/3387/2394 7301/3333/2359 6824/3137/2215
f 7424/3387/2394 6824/3137/2215 6818/3134/2213
f 7318/3344/2364 7316/3343/2363 7433/3390/2398
f 7318/3344/2364 7433/3390/2398 7436/3391/2399
f 7318/3344/2364 7436/3391/2399 6690/3070/2166
f 7318/3344/2364 6690/3070/2166 6700/3075/2170
f 6211/3392/1997 6208/2832/1995 7140/3264/2307
f 6212/2834/1997 7141/3393/2307 7441/3394/2400
f 6212/2834/1997 7441/3394/2400 6706/3077/2172
f 6212/2834/1997 6706/3077/2172 6217/2836/1999
f 7442/3395/2401 6127/2794/1966 6125/2793/1965
f 7442/3395/2401 6125/2793/1965 6755/3396/2188
f 7442/3395/2401 6755/3396/2188 7449/3397/2402
f 7443/3398/2401 7451/3399/2402 7456/3400/2403
f 7443/3398/2401 7456/3400/2403 6747/3401/2185
f 7442/3395/2401 6746/3094/2185 6127/2794/1966
f 7166/3279/2319 7161/3278/2318 7460/3402/2404
f 7166/3279/2319 7460/3402/2404 1039/3403/2405
f 7166/3279/2319 1039/3403/2405 7462/3404/2406
f 7166/3279/2319 7462/3404/2406 6877/3157/2229
f 7166/3279/2319 6877/3157/2229 6433/2936/2074
f 7166/3279/2319 6433/2936/2074 6431/2935/2073
f 7056/3234/2281 7054/3233/2280 7469/3405/2407
f 7056/3234/2281 7469/3405/2407 7474/3406/2408
f 7056/3234/2281 7474/3406/2408 337/3407/2409
f 7056/3234/2281 337/3407/2409 6547/3003/2117
f 7056/3234/2281 6547/3003/2117 6545/3002/2116
f 7477/3408/2410 6577/3409/2411 6353/2894/2042
f 7477/3408/2410 6353/2894/2042 7483/3410/2412
f 7477/3408/2410 7483/3410/2412 66/3411/2413
f 7477/3408/2410 66/3411/2413 7059/3412/2282
f 7478/3413/2410 7060/3235/2282 6578/3019/2129
f 7066/3237/2284 6343/2891/2039 7063/3236/2283
f 7066/3237/2284 7063/3236/2283 67/3414/2413
f 7065/3415/2284 65/3416/2413 63/3417/2414
f 7066/3237/2284 64/3418/2414 7490/3419/2415
f 7066/3237/2284 7490/3419/2415 7055/3232/2280
f 7491/3420/2416 6294/3182/2020 6913/3181/2242
f 7491/3420/2416 6913/3181/2242 6911/3180/2241
f 7491/3420/2416 6911/3180/2241 368/3421/2417
f 7491/3420/2416 368/3421/2417 7497/3422/2418
f 7491/3420/2416 7497/3422/2418 6903/3171/2239
f 7491/3420/2416 6903/3171/2239 6296/3170/2021
f 7491/3420/2416 6296/3170/2021 6294/3182/2020
f 7218/3423/2338 7209/3302/2335 582/3424/2419
f 7218/3423/2338 582/3424/2419 581/3425/2420
f 7217/3307/2338 580/3426/2420 7188/3427/2329
f 7217/3307/2338 7188/3427/2329 6778/3108/2196
f 7217/3307/2338 6778/3108/2196 6297/2868/2022
f 7500/3428/2421 6674/3063/2159 6671/3062/2158
f 7500/3428/2421 6671/3062/2158 397/3429/2422
f 7500/3428/2421 397/3429/2422 416/3430/2423
f 7500/3428/2421 416/3430/2423 7508/3431/2424
f 7500/3428/2421 7508/3431/2424 7098/3250/2294
f 7500/3428/2421 7098/3250/2294 6674/3063/2159
f 7511/3432/2425 6494/2968/2097 6491/2967/2096
f 7511/3432/2425 6491/2967/2096 7253/3316/2346
f 7511/3432/2425 7253/3316/2346 162/3433/2426
f 7511/3432/2425 162/3433/2426 170/3434/2427
f 7511/3432/2425 170/3434/2427 6970/3201/2257
f 7511/3432/2425 6970/3201/2257 6494/2968/2097
f 7526/3435/2428 6502/2972/2100 6501/2971/2099
f 7526/3435/2428 6501/2971/2099 6986/3206/2260
f 7526/3435/2428 6986/3206/2260 7530/3436/2429
f 7526/3435/2428 7530/3436/2429 7532/3437/2430
f 7526/3435/2428 7532/3437/2430 7279/3438/2353
f 7526/3435/2428 7279/3438/2353 6502/2972/2100
f 7539/3439/2431 6811/3126/2208 7122/3258/2301
f 7539/3439/2431 7122/3258/2301 7540/3440/2432
f 7539/3439/2431 7540/3440/2432 7544/3441/2433
f 7539/3439/2431 7544/3441/2433 6813/3127/2209
f 7539/3439/2431 6813/3127/2209 6811/3126/2208
f 7294/3331/2357 6511/2977/2103 6508/2974/2101
f 7436/3391/2399 7433/3390/2398 650/3442/2434
f 7436/3391/2399 650/3442/2434 7546/3443/2435
f 7436/3391/2399 7546/3443/2435 6693/3071/2167
f 7436/3391/2399 6693/3071/2167 6690/3070/2166
f 7550/3444/2436 6235/2842/2004 6833/3141/2218
f 7550/3444/2436 6833/3141/2218 7555/3445/2437
f 7549/3446/2436 7553/3447/2437 7557/3448/2438
f 7549/3446/2436 7557/3448/2438 7151/3272/2314
f 7549/3446/2436 7151/3272/2314 6238/2845/2006
f 7550/3444/2436 6239/2843/2005 6235/2842/2004
f 7560/3449/2439 6335/2888/2036 7027/3222/2274
f 7561/3450/2439 7028/3451/2440 768/3452/2441
f 7561/3450/2439 768/3452/2441 7563/3453/2442
f 7561/3450/2439 7563/3453/2442 7024/3454/2272
f 7560/3449/2439 7023/3220/2272 7021/3219/2271
f 7560/3449/2439 7021/3219/2271 6337/2889/2037
f 7560/3449/2439 6337/2889/2037 6335/2888/2036
f 6411/2925/2067 6408/2924/2066 7023/3220/2272
f 6411/2925/2067 7023/3220/2272 7572/3455/2443
f 6410/2927/2067 7571/3456/2443 7574/3457/2444
f 6410/2927/2067 7574/3457/2444 6396/2920/2062
f 7577/3458/2445 6762/3099/2190 7036/3224/2276
f 7577/3458/2445 7036/3224/2276 7583/3459/2446
f 7577/3458/2445 7583/3459/2446 7169/3282/2321
f 7577/3458/2445 7169/3282/2321 6763/3100/2191
f 7577/3458/2445 6763/3100/2191 6762/3099/2190
f 6452/3460/2083 6449/3461/2082 1067/3462/2447
f 6452/3460/2083 1067/3462/2447 1066/3463/2448
f 6452/3460/2083 1066/3463/2448 1195/3464/2449
f 6452/3460/2083 1195/3464/2449 7592/3465/2450
f 6452/3460/2083 7592/3465/2450 6534/3466/2451
f 6453/2948/2083 6535/3467/2114 6454/2949/2084
f 6886/3164/2233 6549/3004/2118 6547/3003/2117
f 6886/3164/2233 6547/3003/2117 337/3407/2409
f 6886/3164/2233 337/3407/2409 348/3165/2234
f 7596/3468/2452 5807/2638/1857 6557/3008/2121
f 7596/3468/2452 6557/3008/2121 7598/3469/2453
f 7596/3468/2452 7598/3469/2453 7600/3470/2454
f 7596/3468/2452 7600/3470/2454 6568/3017/2127
f 7596/3468/2452 6568/3017/2127 5807/2638/1857
f 7357/3354/2372 6894/3167/2236 6892/3166/2235
f 7357/3354/2372 6892/3166/2235 72/3471/2455
f 7357/3354/2372 72/3471/2455 86/3472/2456
f 7357/3354/2372 86/3472/2456 810/3355/2373
f 7483/3410/2412 6353/2894/2042 6350/2893/2041
f 7483/3410/2412 6350/2893/2041 7361/3357/2375
f 7483/3410/2412 7361/3357/2375 524/3473/2242
f 7483/3410/2412 524/3473/2242 66/3411/2413
f 7195/3296/2332 7194/3295/2331 7605/3474/2457
f 7195/3296/2332 7605/3474/2457 7069/3475/2285
f 7196/3297/2332 7070/3238/2285 6476/2958/2091
f 7196/3297/2332 6476/2958/2091 6474/2957/2090
f 7073/3240/2286 7068/3239/2285 106/3476/2458
f 7073/3240/2286 106/3476/2458 104/3477/2459
f 7073/3240/2286 104/3477/2459 7080/3242/2288
f 7073/3240/2286 7080/3242/2288 7077/3241/2287
f 7609/3478/2460 6374/2907/2052 6595/3025/2133
f 7609/3478/2460 6595/3025/2133 615/3479/2461
f 7609/3478/2460 615/3479/2461 7612/3480/2462
f 7609/3478/2460 7612/3480/2462 6376/2908/2053
f 7609/3478/2460 6376/2908/2053 6374/2907/2052
f 7111/3255/2298 7108/3254/2297 7616/3481/2463
f 7111/3255/2298 7616/3481/2463 7617/3482/2464
f 7111/3255/2298 7617/3482/2464 6667/3060/2157
f 7111/3255/2298 6667/3060/2157 6665/3059/2156
f 7407/3378/2388 7269/3324/2350 7544/3441/2433
f 7406/3379/2388 7543/3483/2433 7621/3484/2465
f 7406/3379/2388 7621/3484/2465 7623/3485/2466
f 7406/3379/2388 7623/3485/2466 7116/3256/2299
f 7406/3379/2388 7116/3256/2299 6792/3117/2203
f 7544/3441/2433 7269/3324/2350 6813/3127/2209
f 6696/3486/2168 6694/3487/2467 258/3488/2468
f 6696/3486/2168 258/3488/2468 256/3489/2469
f 6696/3486/2168 256/3489/2469 7126/3260/2303
f 6696/3486/2168 7126/3260/2303 6698/3259/2302
f 7333/3346/2366 6520/2987/2109 6519/2986/2108
f 7333/3346/2366 6519/2986/2108 7145/3268/2310
f 7333/3346/2366 7145/3268/2310 7627/3490/2470
f 7333/3346/2366 7627/3490/2470 7337/3347/2367
f 7574/3457/2444 7571/3456/2443 7628/3491/2471
f 7574/3457/2444 7628/3491/2471 748/3492/2472
f 7574/3457/2444 748/3492/2472 7148/3269/2311
f 7574/3457/2444 7148/3269/2311 6396/2920/2062
f 7149/3270/2312 7148/3269/2311 748/3492/2472
f 7149/3270/2312 748/3492/2472 746/3493/2473
f 7149/3270/2312 746/3493/2473 7143/3266/2309
f 7149/3270/2312 7143/3266/2309 7142/3265/2308
f 7462/3404/2406 1039/3403/2405 1037/3494/2474
f 7462/3404/2406 1037/3494/2474 7632/3495/2475
f 7462/3404/2406 7632/3495/2475 6879/3158/2230
f 7462/3404/2406 6879/3158/2230 6877/3157/2229
f 7157/3496/2317 6423/2930/2070 7171/3283/2322
f 7156/3277/2317 7170/3497/2322 7582/3498/2446
f 7156/3277/2317 7582/3498/2446 7634/3499/2271
f 7156/3277/2317 7634/3499/2271 7161/3278/2318
f 6438/2941/2077 6437/2940/2076 885/3500/2476
f 6438/2941/2077 885/3500/2476 7636/3501/2477
f 6438/2941/2077 7636/3501/2477 7040/3225/2277
f 6438/2941/2077 7040/3225/2277 6150/2804/1973
f 6766/3103/2192 6536/3102/2114 7593/3502/2450
f 6766/3103/2192 7593/3502/2450 1196/3503/2449
f 6766/3103/2192 1196/3503/2449 786/3504/2478
f 6766/3103/2192 786/3504/2478 783/3505/2479
f 6766/3103/2192 783/3505/2479 792/3104/2193
f 7638/3506/2480 6553/3007/2120 323/3507/2125
f 7637/3508/2481 322/3509/2125 7639/3510/2482
f 7638/3506/2480 7640/3511/2483 6557/3008/2121
f 7638/3506/2480 6557/3008/2121 6553/3007/2120
f 7381/3368/2382 112/3367/2381 130/3512/2484
f 7381/3368/2382 130/3512/2484 7643/3513/2485
f 7381/3368/2382 7643/3513/2485 7370/3361/2378
f 7381/3368/2382 7370/3361/2378 6615/3033/2139
f 7612/3480/2462 615/3479/2461 613/3514/2486
f 7612/3480/2462 613/3514/2486 7645/3515/2487
f 7612/3480/2462 7645/3515/2487 7225/3309/2340
f 7612/3480/2462 7225/3309/2340 6376/2908/2053
f 7646/3516/2488 6619/3036/2141 6651/3049/2151
f 7646/3516/2488 6651/3049/2151 7647/3517/2489
f 7646/3516/2488 7647/3517/2489 7648/3518/2490
f 7646/3516/2488 7648/3518/2490 135/3519/2491
f 7646/3516/2488 135/3519/2491 6621/3037/2142
f 7646/3516/2488 6621/3037/2142 6619/3036/2141
f 7651/3520/2492 6652/3521/2151 6648/3251/2150
f 7651/3520/2492 6648/3251/2150 7098/3250/2294
f 7651/3520/2492 7098/3250/2294 7508/3431/2424
f 7651/3520/2492 7508/3431/2424 416/3430/2423
f 7651/3520/2492 416/3430/2423 638/3522/2493
f 7651/3520/2492 638/3522/2493 646/3523/2494
f 7650/3524/2492 644/3525/2495 7647/3517/2489
f 7650/3524/2492 7647/3517/2489 6651/3049/2151
f 7623/3485/2466 7621/3484/2465 450/3526/2496
f 7623/3485/2466 450/3526/2496 7652/3527/2497
f 7623/3485/2466 7652/3527/2497 7108/3254/2297
f 7623/3485/2466 7108/3254/2297 7105/3253/2296
f 7623/3485/2466 7105/3253/2296 7116/3256/2299
f 7653/3528/2498 6986/3206/2260 6983/3205/2059
f 7653/3528/2498 6983/3205/2059 7395/3375/2386
f 7653/3528/2498 7395/3375/2386 176/3529/2499
f 7654/3530/2498 177/3531/2499 183/3532/2500
f 7654/3530/2498 183/3532/2500 7531/3533/2429
f 7653/3528/2498 7530/3436/2429 6986/3206/2260
f 7540/3440/2432 7122/3258/2301 7128/3261/2304
f 7540/3440/2432 7128/3261/2304 266/3534/2501
f 7540/3440/2432 266/3534/2501 453/3535/2502
f 7540/3440/2432 453/3535/2502 7656/3536/2503
f 7540/3440/2432 7656/3536/2503 7544/3441/2433
f 7658/3537/2504 7132/3262/2305 6711/3081/2174
f 7658/3537/2504 6711/3081/2174 6709/3080/2173
f 7657/3538/2504 6708/3539/2173 302/3540/2505
f 7657/3538/2504 302/3540/2505 7659/3541/2506
f 7657/3538/2504 7659/3541/2506 7661/3542/2507
f 7658/3537/2504 7662/3543/2507 7132/3262/2305
f 7317/3544/2363 7132/3262/2305 7662/3543/2507
f 7314/3545/2363 7660/3546/2507 681/3547/2508
f 7315/3548/2363 682/3549/2509 652/3550/2510
f 7316/3343/2363 653/3551/2510 650/3442/2434
f 7316/3343/2363 650/3442/2434 7433/3390/2398
f 7663/3552/2511 6725/3087/2178 6722/3086/2177
f 7663/3552/2511 6722/3086/2177 7664/3553/2512
f 7663/3552/2511 7664/3553/2512 984/3554/2513
f 7663/3552/2511 984/3554/2513 7665/3555/2514
f 7663/3552/2511 7665/3555/2514 6725/3087/2178
f 7665/3555/2514 984/3554/2513 309/3556/2515
f 7665/3555/2514 309/3556/2515 306/3557/2516
f 7665/3555/2514 306/3557/2516 6733/3091/2182
f 7665/3555/2514 6733/3091/2182 6725/3087/2178
f 7666/3558/2517 6752/3096/2187 6865/3151/2226
f 7666/3558/2517 6865/3151/2226 861/3559/2518
f 7667/3560/2517 862/3561/2518 870/3562/2519
f 7667/3560/2517 870/3562/2519 7450/3563/2402
f 7666/3558/2517 7448/3564/2402 6754/3097/2188
f 7666/3558/2517 6754/3097/2188 6752/3096/2187
f 7343/3348/2368 7337/3347/2367 732/3565/2520
f 7343/3348/2368 732/3565/2520 7670/3566/2521
f 7342/3567/2368 7668/3568/2521 6865/3151/2226
f 7343/3348/2368 6866/3569/2226 6863/3153/2225
f 7343/3348/2368 6863/3153/2225 6870/3152/2227
f 7671/3570/2522 7181/3287/2325 7178/3286/2324
f 7671/3570/2522 7178/3286/2324 7672/3571/2523
f 7671/3570/2522 7672/3571/2523 1180/3572/2524
f 7671/3570/2522 1180/3572/2524 1176/3573/2525
f 7671/3570/2522 1176/3573/2525 7673/3574/2526
f 7671/3570/2522 7673/3574/2526 7185/3291/2328
f 7671/3570/2522 7185/3291/2328 7181/3287/2325
f 67/3414/2413 7063/3236/2283 7060/3235/2282
f 7488/3575/2415 63/3417/2414 798/3576/2527
f 7489/3577/2415 799/3578/2527 806/3579/2528
f 7489/3577/2415 806/3579/2528 7469/3405/2407
f 7489/3577/2415 7469/3405/2407 7054/3233/2280
f 6905/3174/2240 6902/3173/2239 362/3580/2529
f 6905/3174/2240 362/3580/2529 76/3581/2530
f 6905/3174/2240 76/3581/2530 73/3582/2455
f 6905/3174/2240 73/3582/2455 6893/3175/2235
f 7675/3583/2531 6606/3029/2135 7373/3362/2379
f 7675/3583/2531 7373/3362/2379 910/3584/2532
f 7675/3583/2531 910/3584/2532 925/3585/2533
f 7674/3586/2531 924/3587/2533 7206/3301/2334
f 7675/3583/2531 7207/3588/2334 6609/3030/2137
f 7675/3583/2531 6609/3030/2137 6606/3029/2135
f 7678/3589/2534 6639/3044/2147 6635/3590/2535
f 7677/3591/2534 6634/3041/2146 148/3592/2534
f 7676/3593/2534 146/3594/2534 391/3595/2536
f 7676/3593/2534 391/3595/2536 7679/3596/2537
f 7678/3589/2534 7680/3597/2538 6639/3044/2147
f 7679/3596/2537 391/3595/2536 1237/3598/2539
f 7679/3596/2537 1237/3598/2539 7681/3599/2540
f 7680/3597/2538 7682/3600/2540 6932/3190/2250
f 7680/3597/2538 6932/3190/2250 6639/3044/2147
f 7683/3601/2541 6621/3037/2142 135/3519/2491
f 7683/3601/2541 135/3519/2491 132/3602/2542
f 7683/3601/2541 132/3602/2542 148/3592/2534
f 7683/3601/2541 148/3592/2534 6634/3041/2146
f 7683/3601/2541 6634/3041/2146 6624/3038/2143
f 7683/3601/2541 6624/3038/2143 6621/3037/2142
f 7685/3603/2543 7279/3438/2353 7532/3437/2430
f 7687/3604/2543 7533/3605/2544 189/3606/2545
f 7687/3604/2543 189/3606/2545 202/3607/2546
f 7684/3608/2543 201/3609/2546 7688/3610/2547
f 7684/3608/2543 7688/3610/2547 7284/3611/2354
f 7686/3612/2543 7285/3328/2354 7280/3327/2353
f 7693/3613/2548 7415/3382/2391 7412/3381/2390
f 7691/3614/2548 7411/3615/2390 220/3616/2549
f 7692/3617/2548 222/3618/2550 217/3619/2551
f 7693/3613/2548 218/3620/2551 7696/3621/2552
f 7693/3613/2548 7696/3621/2552 7423/3384/2393
f 7693/3613/2548 7423/3384/2393 7415/3382/2391
f 7309/3337/2361 7304/3622/2360 680/3623/2553
f 7309/3337/2361 680/3623/2553 7697/3624/2554
f 7309/3337/2361 7697/3624/2554 6830/3625/2555
f 7309/3337/2361 6830/3625/2555 6827/3338/2362
f 7697/3624/2554 680/3623/2553 676/3626/2556
f 7697/3624/2554 676/3626/2556 858/3627/2557
f 7697/3624/2554 858/3627/2557 7554/3628/2437
f 7698/3629/2558 7555/3445/2437 6831/3140/2217
f 7555/3445/2437 6833/3141/2218 6831/3140/2217
f 7699/3630/2559 6708/3539/2173 6705/3631/2560
f 7699/3630/2559 6705/3631/2560 7439/3632/2400
f 7699/3630/2559 7439/3632/2400 293/3633/2561
f 7699/3630/2559 293/3633/2561 292/3634/2562
f 7699/3630/2559 292/3634/2562 302/3540/2505
f 7699/3630/2559 302/3540/2505 6708/3539/2173
f 7700/3635/2563 7140/3264/2307 7007/3214/2266
f 7700/3635/2563 7007/3214/2266 7702/3636/2564
f 7701/3637/2565 7703/3638/2564 489/3639/2566
f 7701/3637/2565 489/3639/2566 488/3640/2567
f 7701/3637/2565 488/3640/2567 7706/3641/2568
f 7700/3635/2563 7705/3642/2568 7140/3264/2307
f 7706/3641/2568 488/3640/2567 294/3643/2561
f 7704/3644/2568 293/3633/2561 7439/3632/2400
f 7705/3642/2568 7440/3645/2569 7140/3264/2307
f 7707/3646/2570 6733/3091/2182 306/3557/2516
f 7707/3646/2570 306/3557/2516 304/3647/2571
f 7708/3648/2570 305/3649/2571 319/3650/2572
f 7708/3648/2570 319/3650/2572 7709/3651/2573
f 7708/3648/2570 7709/3651/2573 6851/3147/2222
f 7708/3648/2570 6851/3147/2222 6734/3146/2182
f 7664/3553/2512 6722/3086/2177 6747/3401/2185
f 7664/3553/2512 6747/3401/2185 7456/3400/2403
f 7664/3553/2512 7456/3400/2403 996/3652/2574
f 7664/3553/2512 996/3652/2574 984/3554/2513
f 7152/3273/2315 7151/3272/2314 874/3653/2575
f 7152/3273/2315 874/3653/2575 873/3654/2576
f 7152/3273/2315 873/3654/2576 885/3500/2476
f 7152/3273/2315 885/3500/2476 6437/2940/2076
f 7632/3495/2475 1037/3494/2474 504/3655/2577
f 7632/3495/2475 504/3655/2577 502/3656/2578
f 7632/3495/2475 502/3656/2578 7025/3657/2273
f 7632/3495/2475 7025/3657/2273 6879/3158/2230
f 7583/3459/2446 7171/3283/2322 7169/3282/2321
f 7672/3571/2523 7178/3286/2324 6769/3105/2194
f 7672/3571/2523 6769/3105/2194 792/3104/2193
f 7672/3571/2523 792/3104/2193 791/3658/2579
f 7672/3571/2523 791/3658/2579 1180/3572/2524
f 7711/3659/2580 7069/3475/2285 7605/3474/2457
f 7711/3659/2580 7605/3474/2457 1088/3660/2581
f 7711/3659/2580 1088/3660/2581 96/3661/2582
f 7711/3659/2580 96/3661/2582 94/3662/2583
f 7710/3663/2580 92/3664/2583 106/3476/2458
f 7711/3659/2580 107/3665/2458 7069/3475/2285
f 7090/3246/2292 7084/3244/2290 526/3666/2584
f 7090/3246/2292 526/3666/2584 371/3667/2585
f 7091/3248/2292 372/3668/2585 368/3421/2417
f 7091/3248/2292 368/3421/2417 6911/3180/2241
f 7712/3669/2586 6924/3187/2247 6919/3186/2246
f 7712/3669/2586 6919/3186/2246 6918/3185/2245
f 7712/3669/2586 6918/3185/2245 7714/3670/2587
f 7712/3669/2586 7714/3670/2587 1224/3671/2588
f 7712/3669/2586 1224/3671/2588 120/3672/2589
f 7712/3669/2586 120/3672/2589 115/3365/2380
f 7712/3669/2586 115/3365/2380 6924/3187/2247
f 7681/3599/2540 1237/3598/2539 1249/3673/2590
f 7681/3599/2540 1249/3673/2590 7715/3674/2591
f 7682/3600/2540 7716/3675/2591 6934/3191/2251
f 7682/3600/2540 6934/3191/2251 6932/3190/2250
f 7387/3371/2383 7226/3370/2341 158/3676/2592
f 7387/3371/2383 158/3676/2592 156/3677/2593
f 7388/3372/2383 157/3678/2593 7250/3315/2345
f 7388/3372/2383 7250/3315/2345 6662/3054/2154
f 7717/3679/2594 6670/3680/2158 6667/3060/2157
f 7717/3679/2594 6667/3060/2157 7617/3482/2464
f 7717/3679/2594 7617/3482/2464 830/3681/2595
f 7717/3679/2594 830/3681/2595 400/3682/2596
f 7718/3683/2594 402/3684/2596 397/3429/2422
f 7718/3683/2594 397/3429/2422 6671/3062/2158
f 7720/3685/2597 6970/3201/2257 170/3434/2427
f 7720/3685/2597 170/3434/2427 168/3686/2598
f 7720/3685/2597 168/3686/2598 422/3687/2599
f 7720/3685/2597 422/3687/2599 7394/3688/2600
f 7719/3689/2601 7392/3374/2385 6971/3203/2258
f 7720/3685/2597 6972/3202/2258 6970/3201/2257
f 7652/3527/2497 450/3526/2496 446/3690/2602
f 7652/3527/2497 446/3690/2602 461/3691/2603
f 7652/3527/2497 461/3691/2603 825/3692/2604
f 7652/3527/2497 825/3692/2604 830/3681/2595
f 7652/3527/2497 830/3681/2595 7616/3481/2463
f 7652/3527/2497 7616/3481/2463 7108/3254/2297
f 7656/3536/2503 453/3535/2502 451/3693/2496
f 7655/3694/2605 450/3526/2496 7621/3484/2465
f 7656/3536/2503 7622/3695/2606 7544/3441/2433
f 7688/3610/2547 201/3609/2546 212/3696/2607
f 7689/3697/2608 213/3698/2609 7721/3699/2610
f 7689/3697/2608 7721/3699/2610 7290/3700/2611
f 7690/3701/2547 7291/3330/2356 7285/3328/2354
f 7721/3699/2610 213/3698/2609 469/3702/2612
f 7721/3699/2610 469/3702/2612 223/3703/2613
f 7721/3699/2610 223/3703/2613 7724/3704/2614
f 7722/3705/2610 7725/3706/2614 7294/3331/2357
f 7722/3705/2610 7294/3331/2357 7291/3330/2356
f 7724/3704/2614 223/3703/2613 221/3707/2615
f 7723/3708/2616 220/3616/2549 7411/3615/2390
f 7725/3706/2614 7412/3381/2390 7294/3331/2357
f 7726/3709/2617 7128/3261/2304 7126/3260/2303
f 7726/3709/2617 7126/3260/2303 256/3489/2469
f 7726/3709/2617 256/3489/2469 254/3710/2618
f 7726/3709/2617 254/3710/2618 266/3534/2501
f 7726/3709/2617 266/3534/2501 7128/3261/2304
f 7546/3443/2435 650/3442/2434 661/3711/2619
f 7546/3443/2435 661/3711/2619 259/3712/2620
f 7546/3443/2435 259/3712/2620 257/3713/2468
f 7546/3443/2435 257/3713/2468 6693/3071/2167
f 7702/3636/2564 7007/3214/2266 7006/3213/2265
f 7702/3636/2564 7006/3213/2265 7727/3714/2621
f 7703/3638/2564 7728/3715/2621 1298/3716/2622
f 7703/3638/2564 1298/3716/2622 489/3639/2566
f 7709/3651/2573 319/3650/2572 708/3717/2623
f 7709/3651/2573 708/3717/2623 689/3718/2624
f 7709/3651/2573 689/3718/2624 7015/3216/2268
f 7709/3651/2573 7015/3216/2268 7010/3215/2267
f 7709/3651/2573 7010/3215/2267 6851/3147/2222
f 7730/3719/2625 7145/3268/2310 7144/3267/2309
f 7729/3720/2625 7143/3266/2309 746/3493/2473
f 7729/3720/2625 746/3493/2473 763/3721/2626
f 7730/3719/2625 764/3722/2626 7731/3723/2627
f 7730/3719/2625 7731/3723/2627 7145/3268/2310
f 7731/3723/2627 764/3722/2626 1149/3724/2628
f 7731/3723/2627 1149/3724/2628 719/3725/2629
f 7731/3723/2627 719/3725/2629 7627/3490/2470
f 7731/3723/2627 7627/3490/2470 7145/3268/2310
f 7563/3453/2442 768/3452/2441 766/3726/2630
f 7563/3453/2442 766/3726/2630 779/3727/2631
f 7563/3453/2442 779/3727/2631 7573/3728/2443
f 7563/3453/2442 7573/3728/2443 7024/3454/2272
f 7733/3729/2632 7026/3221/2273 503/3730/2578
f 7732/3731/2632 501/3732/2578 510/3733/2633
f 7734/3734/2632 511/3735/2633 768/3452/2441
f 7734/3734/2632 768/3452/2441 7028/3451/2440
f 7733/3729/2632 7027/3222/2274 7026/3221/2273
f 7673/3574/2526 1176/3573/2525 1047/3736/2634
f 7673/3574/2526 1047/3736/2634 7735/3737/2635
f 7673/3574/2526 7735/3737/2635 7346/3350/2369
f 7673/3574/2526 7346/3350/2369 7185/3291/2328
f 7047/3227/2278 7043/3226/2277 1438/3738/2636
f 7046/3739/2278 1437/3740/2636 1059/3741/2637
f 7046/3739/2278 1059/3741/2637 1056/3742/2638
f 7046/3739/2278 1056/3742/2638 1067/3462/2447
f 7047/3227/2278 1068/3743/2447 6451/3744/2082
f 7047/3227/2278 6451/3744/2082 6447/3228/2081
f 7738/3745/2639 6467/2954/2087 6464/3746/2086
f 7737/3747/2639 6463/2951/2086 553/3748/2640
f 7738/3745/2639 554/3749/2640 551/3750/2641
f 7738/3745/2639 551/3750/2641 570/3358/2376
f 7738/3745/2639 570/3358/2376 6467/2954/2087
f 7497/3422/2418 368/3421/2417 364/3751/2642
f 7497/3422/2418 364/3751/2642 378/3752/2643
f 7497/3422/2418 378/3752/2643 354/3753/2644
f 7496/3754/2418 353/3755/2644 349/3756/2645
f 7496/3754/2418 349/3756/2645 362/3580/2529
f 7497/3422/2418 363/3757/2529 6903/3171/2239
f 7739/3758/2646 7189/3759/2647 581/3425/2420
f 7739/3758/2646 581/3425/2420 592/3760/2648
f 7739/3758/2646 592/3760/2648 1211/3761/2649
f 7740/3762/2646 1212/3763/2649 7742/3764/2650
f 7741/3765/2646 7743/3766/2650 7194/3295/2331
f 7741/3765/2646 7194/3295/2331 7190/3292/2329
f 7742/3764/2650 1212/3763/2649 1087/3767/2581
f 7743/3766/2650 1088/3660/2581 7605/3474/2457
f 7743/3766/2650 7605/3474/2457 7194/3295/2331
f 7744/3768/2651 7080/3242/2288 104/3477/2459
f 7744/3768/2651 104/3477/2459 550/3769/2652
f 7744/3768/2651 550/3769/2652 526/3666/2584
f 7744/3768/2651 526/3666/2584 7084/3244/2290
f 7744/3768/2651 7084/3244/2290 7081/3243/2289
f 7744/3768/2651 7081/3243/2289 7080/3242/2288
f 7745/3770/2653 6591/3359/2132 570/3358/2376
f 7745/3770/2653 570/3358/2376 576/3771/2654
f 7745/3770/2653 576/3771/2654 625/3772/2655
f 7745/3770/2653 625/3772/2655 7746/3773/2656
f 7745/3770/2653 7746/3773/2656 6591/3359/2132
f 7746/3773/2656 625/3772/2655 614/3774/2657
f 7747/3775/2656 615/3479/2461 6595/3025/2133
f 7746/3773/2656 6594/3776/2133 6591/3359/2132
f 7714/3670/2587 6918/3185/2245 6954/3197/2255
f 7714/3670/2587 6954/3197/2255 7749/3777/2658
f 7714/3670/2587 7749/3777/2658 602/3778/2659
f 7713/3779/2587 601/3780/2659 1225/3781/2660
f 7713/3779/2587 1225/3781/2660 1223/3782/2661
f 7715/3674/2591 1249/3673/2590 596/3783/2662
f 7715/3674/2591 596/3783/2662 593/3784/2663
f 7715/3674/2591 593/3784/2663 604/3785/2664
f 7716/3675/2591 607/3786/2664 6953/3195/2254
f 7716/3675/2591 6953/3195/2254 6935/3192/2252
f 7716/3675/2591 6935/3192/2252 6934/3191/2251
f 7749/3777/2658 6954/3197/2255 6952/3196/2254
f 7749/3777/2658 6952/3196/2254 606/3787/2664
f 7748/3788/2658 605/3789/2664 601/3780/2659
f 7750/3790/2665 7253/3316/2346 7250/3315/2345
f 7750/3790/2665 7250/3315/2345 157/3678/2593
f 7750/3790/2665 157/3678/2593 154/3791/2666
f 7750/3790/2665 154/3791/2666 164/3792/2667
f 7750/3790/2665 164/3792/2667 162/3433/2426
f 7750/3790/2665 162/3433/2426 7253/3316/2346
f 7752/3793/2668 7531/3533/2429 183/3532/2500
f 7752/3793/2668 183/3532/2500 181/3794/2669
f 7752/3793/2668 181/3794/2669 190/3795/2670
f 7752/3793/2668 190/3795/2670 189/3606/2545
f 7752/3793/2668 189/3606/2545 7533/3605/2544
f 7751/3796/2668 7532/3437/2430 7530/3436/2429
f 7695/3797/2552 217/3619/2551 247/3798/2671
f 7694/3799/2552 246/3800/2671 272/3801/2672
f 7694/3799/2552 272/3801/2672 7430/3389/2397
f 7694/3799/2552 7430/3389/2397 7422/3388/2396
f 7753/3802/2673 7430/3389/2397 272/3801/2672
f 7753/3802/2673 272/3801/2672 289/3803/2674
f 7753/3802/2673 289/3803/2674 7754/3804/2675
f 7753/3802/2673 7754/3804/2675 7303/3334/2360
f 7753/3802/2673 7303/3334/2360 7301/3333/2359
f 7753/3802/2673 7301/3333/2359 7430/3389/2397
f 7727/3714/2621 7006/3213/2265 6999/3211/2263
f 7727/3714/2621 6999/3211/2263 6995/3210/2262
f 7727/3714/2621 6995/3210/2262 703/3805/2676
f 7728/3715/2621 704/3806/2676 698/3807/2677
f 7728/3715/2621 698/3807/2677 1402/3808/2678
f 7728/3715/2621 1402/3808/2678 1298/3716/2622
f 7757/3809/2679 6996/3208/2262 6992/3207/2261
f 7757/3809/2679 6992/3207/2261 689/3718/2624
f 7757/3809/2679 689/3718/2624 685/3810/2680
f 7756/3811/2679 684/3812/2680 702/3813/2676
f 7757/3809/2679 705/3814/2676 6996/3208/2262
f 689/3718/2624 6992/3207/2261 7015/3216/2268
f 7669/3815/2521 731/3816/2681 727/3817/2682
f 7669/3815/2521 727/3817/2682 864/3818/2683
f 7669/3815/2521 864/3818/2683 862/3561/2518
f 7668/3568/2521 861/3559/2518 6865/3151/2226
f 7758/3819/2684 7337/3347/2367 7627/3490/2470
f 7758/3819/2684 7627/3490/2470 719/3725/2629
f 7758/3819/2684 719/3725/2629 717/3820/2685
f 7758/3819/2684 717/3820/2685 732/3565/2520
f 7758/3819/2684 732/3565/2520 7337/3347/2367
f 7628/3491/2471 7571/3456/2443 778/3821/2631
f 7628/3491/2471 778/3821/2631 774/3822/2686
f 7628/3491/2471 774/3822/2686 735/3823/2687
f 7628/3491/2471 735/3823/2687 733/3824/2688
f 7628/3491/2471 733/3824/2688 748/3492/2472
f 7600/3470/2454 7598/3469/2453 1728/3825/2689
f 7600/3470/2454 1728/3825/2689 1586/3826/2690
f 7600/3470/2454 1586/3826/2690 558/3827/2691
f 7600/3470/2454 558/3827/2691 553/3748/2640
f 7600/3470/2454 553/3748/2640 6463/2951/2086
f 7600/3470/2454 6463/2951/2086 6568/3017/2127
f 7644/3828/2487 612/3829/2486 608/3830/2692
f 7644/3828/2487 608/3830/2692 151/3831/2693
f 7644/3828/2487 151/3831/2693 149/3832/2694
f 7644/3828/2487 149/3832/2694 158/3676/2592
f 7644/3828/2487 158/3676/2592 7226/3370/2341
f 7644/3828/2487 7226/3370/2341 7224/3833/2340
f 7759/3834/2695 7396/3835/2386 7393/3836/2385
f 7759/3834/2695 7393/3836/2385 421/3837/2599
f 7759/3834/2695 421/3837/2599 435/3838/2696
f 7759/3834/2695 435/3838/2696 178/3839/2697
f 7759/3834/2695 178/3839/2697 177/3531/2499
f 7759/3834/2695 177/3531/2499 7396/3835/2386
f 7754/3804/2675 289/3803/2674 669/3840/2698
f 7754/3804/2675 669/3840/2698 667/3841/2699
f 7755/3842/2675 668/3843/2699 680/3623/2553
f 7754/3804/2675 679/3844/2700 7303/3334/2360
f 7474/3406/2408 7469/3405/2407 806/3579/2528
f 7474/3406/2408 806/3579/2528 805/3845/2701
f 7474/3406/2408 805/3845/2701 340/3846/2702
f 7474/3406/2408 340/3846/2702 337/3407/2409
f 7760/3847/2242 7361/3357/2375 809/3356/2374
f 7760/3847/2242 809/3356/2374 515/3848/2703
f 7760/3847/2242 515/3848/2703 514/3849/2704
f 7760/3847/2242 514/3849/2704 524/3473/2242
f 7760/3847/2242 524/3473/2242 7361/3357/2375
f 7761/3850/2705 7206/3301/2334 924/3587/2533
f 7761/3850/2705 924/3587/2533 922/3851/2706
f 7761/3850/2705 922/3851/2706 584/3852/2707
f 7761/3850/2705 584/3852/2707 582/3424/2419
f 7761/3850/2705 582/3424/2419 7209/3302/2335
f 7761/3850/2705 7209/3302/2335 7206/3301/2334
f 7643/3513/2485 130/3512/2484 128/3853/2708
f 7643/3513/2485 128/3853/2708 1610/3854/2709
f 7643/3513/2485 1610/3854/2709 911/3855/2710
f 7643/3513/2485 911/3855/2710 910/3584/2532
f 7643/3513/2485 910/3584/2532 7373/3362/2379
f 7643/3513/2485 7373/3362/2379 7370/3361/2378
f 7648/3518/2490 7647/3517/2489 644/3525/2495
f 7649/3856/2711 645/3857/2494 642/3858/2712
f 7649/3856/2711 642/3858/2712 1350/3859/2713
f 7649/3856/2711 1350/3859/2713 1096/3860/2714
f 7649/3856/2711 1096/3860/2714 138/3861/2715
f 7648/3518/2490 137/3862/2715 135/3519/2491
f 830/3681/2595 7617/3482/2464 7616/3481/2463
f 7659/3541/2506 302/3540/2505 300/3863/2716
f 7659/3541/2506 300/3863/2716 1146/3864/2717
f 7659/3541/2506 1146/3864/2717 1394/3865/2718
f 7659/3541/2506 1394/3865/2718 655/3866/2719
f 7659/3541/2506 655/3866/2719 682/3549/2509
f 7659/3541/2506 682/3549/2509 7661/3542/2507
f 7762/3867/2720 7455/3868/2403 7450/3563/2402
f 7762/3867/2720 7450/3563/2402 870/3562/2519
f 7762/3867/2720 870/3562/2519 869/3869/2721
f 7762/3867/2720 869/3869/2721 998/3870/2722
f 7763/3871/2720 999/3872/2722 996/3652/2574
f 7763/3871/2720 996/3652/2574 7456/3400/2403
f 7556/3873/2438 7552/3874/2437 857/3875/2557
f 7558/3876/2438 858/3627/2557 855/3877/2723
f 7557/3448/2438 854/3878/2723 1007/3879/2724
f 7557/3448/2438 1007/3879/2724 874/3653/2575
f 7557/3448/2438 874/3653/2575 7151/3272/2314
f 7634/3499/2271 7582/3498/2446 1163/3880/2725
f 7634/3499/2271 1163/3880/2725 888/3881/2726
f 7634/3499/2271 888/3881/2726 886/3882/2727
f 7634/3499/2271 886/3882/2727 898/3883/2271
f 7634/3499/2271 898/3883/2271 7161/3278/2318
f 7460/3402/2404 7161/3278/2318 898/3883/2271
f 7460/3402/2404 898/3883/2271 895/3884/2728
f 7460/3402/2404 895/3884/2728 1030/3885/2729
f 7460/3402/2404 1030/3885/2729 1039/3403/2405
f 7764/3886/2730 7036/3224/2276 7348/3352/2370
f 7764/3886/2730 7348/3352/2370 1043/3887/2731
f 7765/3888/2730 1044/3889/2731 1054/3890/2732
f 7765/3888/2730 1054/3890/2732 1165/3891/2733
f 7765/3888/2730 1165/3891/2733 1164/3892/2725
f 7765/3888/2730 1164/3892/2725 7584/3893/2446
f 7764/3886/2730 7583/3459/2446 7036/3224/2276
f 7636/3501/2477 885/3500/2476 884/3894/2734
f 7636/3501/2477 884/3894/2734 1425/3895/2735
f 7635/3896/2477 1424/3897/2735 1423/3898/2736
f 7635/3896/2477 1423/3898/2736 1437/3740/2636
f 7636/3501/2477 1438/3738/2636 7043/3226/2277
f 7636/3501/2477 7043/3226/2277 7040/3225/2277
f 7735/3737/2635 1047/3736/2634 1042/3899/2731
f 7736/3900/2737 1043/3887/2731 7348/3352/2370
f 7736/3900/2737 7348/3352/2370 7347/3351/2369
f 7642/3901/2482 324/3013/2125 333/3902/2738
f 7641/3903/2482 334/3904/2738 1329/3905/2739
f 7641/3903/2482 1329/3905/2739 1732/3906/2740
f 7641/3903/2482 1732/3906/2740 7767/3907/2741
f 7640/3511/2483 7766/3908/2741 6557/3008/2121
f 7767/3907/2741 1732/3906/2740 1729/3909/2689
f 7766/3908/2741 1728/3825/2689 7598/3469/2453
f 7766/3908/2741 7598/3469/2453 6557/3008/2121
f 60/3910/2742 65/3416/2413 523/3911/2242
f 60/3910/2742 523/3911/2242 519/3912/2743
f 60/3910/2742 519/3912/2743 900/3913/2744
f 60/3910/2742 900/3913/2744 899/3914/2745
f 60/3910/2742 899/3914/2745 63/3417/2414
f 60/3910/2742 63/3417/2414 65/3416/2413
f 70/3915/2746 73/3582/2455 76/3581/2530
f 70/3915/2746 76/3581/2530 81/3916/2747
f 70/3915/2746 81/3916/2747 83/3917/2748
f 69/3918/2746 82/3919/2749 86/3472/2456
f 69/3918/2746 86/3472/2456 72/3471/2455
f 93/3920/2583 95/3921/2582 99/3922/2750
f 93/3920/2583 99/3922/2750 102/3923/2751
f 92/3664/2583 101/3924/2751 104/3477/2459
f 92/3664/2583 104/3477/2459 106/3476/2458
f 110/3925/2752 112/3367/2381 116/3366/2380
f 109/3926/2752 115/3365/2380 120/3672/2589
f 108/3927/2752 119/3928/2589 123/3929/2753
f 110/3925/2752 124/3930/2753 126/3931/2754
f 110/3925/2752 126/3931/2754 128/3853/2708
f 110/3925/2752 128/3853/2708 130/3512/2484
f 110/3925/2752 130/3512/2484 112/3367/2381
f 133/3932/2542 134/3933/2491 138/3861/2715
f 133/3932/2542 138/3861/2715 141/3934/2755
f 133/3932/2542 141/3934/2755 143/3935/2756
f 133/3932/2542 143/3935/2756 147/3936/2534
f 149/3832/2694 151/3831/2693 152/3937/2757
f 149/3832/2694 152/3937/2757 153/3938/2666
f 149/3832/2694 153/3938/2666 156/3677/2593
f 149/3832/2694 156/3677/2593 158/3676/2592
f 161/3939/2758 162/3433/2426 164/3792/2667
f 161/3939/2758 164/3792/2667 166/3940/2759
f 161/3939/2758 166/3940/2759 167/3941/2760
f 161/3939/2758 167/3941/2760 168/3686/2598
f 161/3939/2758 168/3686/2598 170/3434/2427
f 161/3939/2758 170/3434/2427 162/3433/2426
f 175/3942/2761 177/3531/2499 178/3839/2697
f 175/3942/2761 178/3839/2697 180/3943/2762
f 175/3942/2761 180/3943/2762 181/3794/2669
f 175/3942/2761 181/3794/2669 183/3532/2500
f 175/3942/2761 183/3532/2500 177/3531/2499
f 186/3944/2763 189/3606/2545 190/3795/2670
f 186/3944/2763 190/3795/2670 195/3945/2764
f 186/3944/2763 195/3945/2764 197/3946/2765
f 186/3944/2763 197/3946/2765 200/3947/2766
f 185/3948/2763 199/3949/2766 201/3609/2546
f 186/3944/2763 202/3607/2546 189/3606/2545
f 199/3949/2766 196/3950/2767 204/3951/2768
f 199/3949/2766 204/3951/2768 209/3952/2769
f 199/3949/2766 209/3952/2769 212/3696/2607
f 199/3949/2766 212/3696/2607 201/3609/2546
f 215/3953/2770 217/3619/2551 222/3618/2550
f 214/3954/2770 221/3707/2615 223/3703/2613
f 214/3954/2770 223/3703/2613 226/3955/2771
f 214/3954/2770 226/3955/2771 228/3956/2772
f 214/3954/2770 228/3956/2772 231/3957/2773
f 214/3954/2770 231/3957/2773 234/3958/2774
f 215/3953/2770 235/3959/2775 238/3960/2776
f 215/3953/2770 238/3960/2776 217/3619/2551
f 238/3960/2776 235/3959/2775 241/3961/2777
f 238/3960/2776 241/3961/2777 243/3962/2778
f 238/3960/2776 243/3962/2778 247/3798/2671
f 238/3960/2776 247/3798/2671 217/3619/2551
f 254/3710/2618 256/3489/2469 258/3488/2468
f 254/3710/2618 258/3488/2468 260/3963/2620
f 254/3710/2618 260/3963/2620 262/3964/2779
f 254/3710/2618 262/3964/2779 266/3534/2501
f 270/3965/2780 272/3801/2672 246/3800/2671
f 270/3965/2780 246/3800/2671 242/3966/2778
f 270/3965/2780 242/3966/2778 275/3967/2781
f 270/3965/2780 275/3967/2781 280/3968/2782
f 270/3965/2780 280/3968/2782 289/3803/2674
f 270/3965/2780 289/3803/2674 272/3801/2672
f 292/3634/2562 293/3633/2561 296/3969/2783
f 292/3634/2562 296/3969/2783 299/3970/2784
f 292/3634/2562 299/3970/2784 300/3863/2716
f 292/3634/2562 300/3863/2716 302/3540/2505
f 304/3647/2571 306/3557/2516 309/3556/2515
f 304/3647/2571 309/3556/2515 310/3971/2785
f 304/3647/2571 310/3971/2785 313/3972/2786
f 304/3647/2571 313/3972/2786 316/3973/2787
f 303/3974/2571 315/3975/2788 318/3976/2572
f 321/3977/2789 324/3013/2125 326/3012/2124
f 321/3977/2789 326/3012/2124 329/3978/2790
f 321/3977/2789 329/3978/2790 330/3979/2791
f 321/3977/2789 330/3979/2791 332/3980/2792
f 321/3977/2789 332/3980/2792 333/3902/2738
f 321/3977/2789 333/3902/2738 324/3013/2125
f 336/3981/2793 337/3407/2409 340/3846/2702
f 336/3981/2793 340/3846/2702 343/3982/2794
f 336/3981/2793 343/3982/2794 344/3983/2795
f 336/3981/2793 344/3983/2795 329/3978/2790
f 336/3981/2793 329/3978/2790 348/3165/2234
f 336/3981/2793 348/3165/2234 337/3407/2409
f 349/3756/2645 353/3755/2644 356/3984/2796
f 349/3756/2645 356/3984/2796 357/3985/2797
f 349/3756/2645 357/3985/2797 359/3986/2798
f 349/3756/2645 359/3986/2798 81/3916/2747
f 349/3756/2645 81/3916/2747 76/3581/2530
f 349/3756/2645 76/3581/2530 362/3580/2529
f 364/3751/2642 368/3421/2417 372/3668/2585
f 364/3751/2642 372/3668/2585 374/3987/2799
f 364/3751/2642 374/3987/2799 376/3988/2800
f 364/3751/2642 376/3988/2800 378/3752/2643
f 143/3935/2756 141/3934/2755 384/3989/2801
f 143/3935/2756 384/3989/2801 388/3990/2802
f 142/3991/2756 387/3992/2802 391/3595/2536
f 143/3935/2756 392/3993/2536 147/3936/2534
f 394/3994/2803 397/3429/2422 402/3684/2596
f 393/3995/2803 401/3996/2596 404/3997/2804
f 393/3995/2803 404/3997/2804 407/3998/2805
f 393/3995/2803 407/3998/2805 408/3999/2806
f 393/3995/2803 408/3999/2806 412/4000/2807
f 394/3994/2803 413/4001/2807 416/3430/2423
f 394/3994/2803 416/3430/2423 397/3429/2422
f 420/4002/2808 422/3687/2599 168/3686/2598
f 420/4002/2808 168/3686/2598 167/3941/2760
f 420/4002/2808 167/3941/2760 425/4003/2809
f 420/4002/2808 425/4003/2809 428/4004/2810
f 420/4002/2808 428/4004/2810 429/4005/2811
f 420/4002/2808 429/4005/2811 434/4006/2812
f 420/4002/2808 434/4006/2812 436/4007/2696
f 420/4002/2808 436/4007/2696 422/3687/2599
f 437/4008/2813 190/3795/2670 181/3794/2669
f 437/4008/2813 181/3794/2669 180/3943/2762
f 437/4008/2813 180/3943/2762 440/4009/2814
f 437/4008/2813 440/4009/2814 441/4010/2815
f 437/4008/2813 441/4010/2815 195/3945/2764
f 437/4008/2813 195/3945/2764 190/3795/2670
f 446/3690/2602 450/3526/2496 452/4011/2502
f 447/4012/2816 453/3535/2502 455/4013/2817
f 448/4014/2602 456/4015/2817 459/4016/2818
f 448/4014/2602 459/4016/2818 462/4017/2603
f 210/4018/2769 205/4019/2768 464/4020/2819
f 210/4018/2769 464/4020/2819 467/4021/2820
f 210/4018/2769 467/4021/2820 469/3702/2612
f 210/4018/2769 469/3702/2612 213/3698/2609
f 455/4013/2817 453/3535/2502 266/3534/2501
f 455/4013/2817 266/3534/2501 470/4022/2821
f 455/4013/2817 470/4022/2821 472/4023/2822
f 455/4013/2817 472/4023/2822 458/4024/2818
f 467/4021/2820 464/4020/2819 476/4025/2823
f 467/4021/2820 476/4025/2823 228/3956/2772
f 467/4021/2820 228/3956/2772 226/3955/2771
f 467/4021/2820 226/3955/2771 469/3702/2612
f 469/3702/2612 226/3955/2771 223/3703/2613
f 263/4026/2779 261/4027/2620 481/4028/2824
f 263/4026/2779 481/4028/2824 483/4029/2825
f 262/3964/2779 482/4030/2826 470/4022/2821
f 262/3964/2779 470/4022/2821 266/3534/2501
f 488/3640/2567 489/3639/2566 494/4031/2827
f 488/3640/2567 494/4031/2827 496/4032/2828
f 488/3640/2567 496/4032/2828 297/4033/2783
f 487/4034/2567 296/3969/2783 293/3633/2561
f 500/4035/2829 502/3656/2578 504/3655/2577
f 500/4035/2829 504/3655/2577 506/4036/2830
f 500/4035/2829 506/4036/2830 508/4037/2831
f 499/4038/2829 507/4039/2831 510/3733/2633
f 499/4038/2829 510/3733/2633 501/3732/2578
f 514/3849/2704 515/3848/2703 517/4040/2832
f 514/3849/2704 517/4040/2832 520/4041/2743
f 514/3849/2704 520/4041/2743 524/3473/2242
f 373/4042/2799 371/3667/2585 526/3666/2584
f 373/4042/2799 526/3666/2584 531/4043/2833
f 373/4042/2799 531/4043/2833 533/4044/2834
f 374/3987/2799 534/4045/2834 376/3988/2800
f 102/3923/2751 99/3922/2750 537/4046/2835
f 100/4047/2751 536/4048/2835 542/4049/2836
f 100/4047/2751 542/4049/2836 545/4050/2837
f 100/4047/2751 545/4050/2837 549/4051/2652
f 101/3924/2751 550/3769/2652 104/3477/2459
f 551/3750/2641 554/3749/2640 559/4052/2691
f 551/3750/2641 559/4052/2691 563/4053/2838
f 551/3750/2641 563/4053/2838 565/4054/2839
f 551/3750/2641 565/4054/2839 566/4055/2840
f 551/3750/2641 566/4055/2840 569/4056/2841
f 551/3750/2641 569/4056/2841 570/3358/2376
f 569/4056/2841 566/4055/2840 573/4057/2842
f 569/4056/2841 573/4057/2842 576/3771/2654
f 569/4056/2841 576/3771/2654 570/3358/2376
f 579/4058/2843 581/3425/2420 582/3424/2419
f 579/4058/2843 582/3424/2419 584/3852/2707
f 579/4058/2843 584/3852/2707 585/4059/2844
f 579/4058/2843 585/4059/2844 589/4060/2845
f 579/4058/2843 589/4060/2845 592/3760/2648
f 579/4058/2843 592/3760/2648 581/3425/2420
f 593/3784/2663 596/3783/2662 597/4061/2846
f 593/3784/2663 597/4061/2846 598/4062/2847
f 594/4063/2663 599/4064/2847 601/3780/2659
f 594/4063/2663 601/3780/2659 605/3789/2664
f 609/4065/2692 613/3514/2486 615/3479/2461
f 609/4065/2692 615/3479/2461 619/4066/2848
f 608/3830/2692 617/4067/2849 622/4068/2850
f 608/3830/2692 622/4068/2850 151/3831/2693
f 625/3772/2655 576/3771/2654 573/4057/2842
f 625/3772/2655 573/4057/2842 628/4069/2851
f 624/4070/2655 627/4071/2851 630/4072/2852
f 625/3772/2655 631/4073/2852 618/4074/2849
f 625/3772/2655 618/4074/2849 614/3774/2657
f 635/4075/2853 638/3522/2493 416/3430/2423
f 634/4076/2853 415/4077/2423 412/4000/2807
f 634/4076/2853 412/4000/2807 640/4078/2854
f 633/4079/2855 639/4080/2854 642/3858/2712
f 633/4079/2855 642/3858/2712 637/4081/2493
f 643/4082/2712 646/3523/2494 638/3522/2493
f 649/4083/2856 651/4084/2434 654/4085/2510
f 648/4086/2857 652/3550/2510 655/3866/2719
f 648/4086/2857 655/3866/2719 657/4087/2858
f 649/4083/2856 658/4088/2859 660/4089/2860
f 649/4083/2856 660/4089/2860 651/4084/2434
f 662/4090/2619 651/4084/2434 660/4089/2860
f 662/4090/2619 660/4089/2860 663/4091/2861
f 662/4090/2619 663/4091/2861 666/4092/2862
f 662/4090/2619 666/4092/2862 481/4028/2824
f 662/4090/2619 481/4028/2824 261/4027/2620
f 667/3841/2699 669/3840/2698 671/4093/2863
f 668/3843/2699 672/4094/2864 675/4095/2865
f 668/3843/2699 675/4095/2865 676/3626/2556
f 668/3843/2699 676/3626/2556 680/3623/2553
f 655/3866/2719 652/3550/2510 682/3549/2509
f 684/3812/2680 688/4096/2866 690/4097/2867
f 684/3812/2680 690/4097/2867 691/4098/2868
f 684/3812/2680 691/4098/2868 693/4099/2869
f 684/3812/2680 693/4099/2869 697/4100/2677
f 684/3812/2680 697/4100/2677 702/3813/2676
f 690/4097/2867 688/4096/2866 707/4101/2623
f 690/4097/2867 707/4101/2623 709/4102/2870
f 690/4097/2867 709/4102/2870 713/4103/2871
f 690/4097/2867 713/4103/2871 691/4098/2868
f 718/4104/2685 720/4105/2629 723/4106/2872
f 718/4104/2685 723/4106/2872 725/4107/2685
f 716/4108/2685 724/4109/2685 727/3817/2682
f 716/4108/2685 727/3817/2682 731/3816/2681
f 733/3824/2688 735/3823/2687 736/4110/2873
f 733/3824/2688 736/4110/2873 742/4111/2874
f 733/3824/2688 742/4111/2874 746/3493/2473
f 733/3824/2688 746/3493/2473 748/3492/2472
f 742/4111/2874 736/4110/2873 750/4112/2875
f 743/4113/2874 752/4114/2875 755/4115/2876
f 742/4111/2874 754/4116/2877 758/4117/2878
f 742/4111/2874 758/4117/2878 763/3721/2626
f 742/4111/2874 763/3721/2626 746/3493/2473
f 766/3726/2630 768/3452/2441 769/4118/2879
f 766/3726/2630 769/4118/2879 773/4119/2880
f 766/3726/2630 773/4119/2880 775/4120/2686
f 766/3726/2630 775/4120/2686 779/3727/2631
f 783/3505/2479 786/3504/2478 787/4121/2881
f 783/3505/2479 787/4121/2881 788/4122/2882
f 783/3505/2479 788/4122/2882 791/3658/2579
f 783/3505/2479 791/3658/2579 792/3104/2193
f 329/3978/2790 326/3012/2124 348/3165/2234
f 798/3576/2527 63/3417/2414 801/4123/2883
f 798/3576/2527 801/4123/2883 802/4124/2884
f 798/3576/2527 802/4124/2884 804/4125/2701
f 799/3578/2527 805/3845/2701 806/3579/2528
f 808/4126/2885 809/3356/2374 810/3355/2373
f 808/4126/2885 810/3355/2373 86/3472/2456
f 808/4126/2885 86/3472/2456 812/4127/2886
f 808/4126/2885 812/4127/2886 814/4128/2887
f 808/4126/2885 814/4128/2887 815/4129/2888
f 808/4126/2885 815/4129/2888 517/4040/2832
f 808/4126/2885 517/4040/2832 515/3848/2703
f 808/4126/2885 515/3848/2703 809/3356/2374
f 531/4043/2833 526/3666/2584 550/3769/2652
f 531/4043/2833 550/3769/2652 546/4130/2889
f 531/4043/2833 546/4130/2889 533/4044/2834
f 818/4131/2890 153/3938/2666 152/3937/2757
f 818/4131/2890 152/3937/2757 821/4132/2891
f 819/4133/2890 822/4134/2891 166/3940/2759
f 819/4133/2890 166/3940/2759 164/3792/2667
f 819/4133/2890 164/3792/2667 154/3791/2666
f 826/4135/2604 462/4017/2603 828/4136/2892
f 826/4135/2604 828/4136/2892 404/3997/2804
f 826/4135/2604 404/3997/2804 401/3996/2596
f 826/4135/2604 401/3996/2596 831/4137/2595
f 833/4138/2893 195/3945/2764 441/4010/2815
f 833/4138/2893 441/4010/2815 836/4139/2894
f 833/4138/2893 836/4139/2894 838/4140/2895
f 833/4138/2893 838/4140/2895 842/4141/2896
f 833/4138/2893 842/4141/2896 197/3946/2765
f 833/4138/2893 197/3946/2765 195/3945/2764
f 280/3968/2782 275/3967/2781 844/4142/2897
f 280/3968/2782 844/4142/2897 845/4143/2898
f 280/3968/2782 845/4143/2898 669/3840/2698
f 280/3968/2782 669/3840/2698 289/3803/2674
f 848/4144/2899 676/3626/2556 675/4095/2865
f 848/4144/2899 675/4095/2865 849/4145/2900
f 848/4144/2899 849/4145/2900 851/4146/2901
f 848/4144/2899 851/4146/2901 855/3877/2723
f 848/4144/2899 855/3877/2723 858/3627/2557
f 848/4144/2899 858/3627/2557 676/3626/2556
f 860/4147/2902 862/3561/2518 864/3818/2683
f 860/4147/2902 864/3818/2683 866/4148/2903
f 860/4147/2902 866/4148/2903 869/3869/2721
f 860/4147/2902 869/3869/2721 870/3562/2519
f 860/4147/2902 870/3562/2519 862/3561/2518
f 873/3654/2576 874/3653/2575 878/4149/2904
f 873/3654/2576 878/4149/2904 881/4150/2905
f 873/3654/2576 881/4150/2905 884/3894/2734
f 873/3654/2576 884/3894/2734 885/3500/2476
f 886/3882/2727 888/3881/2726 893/4151/2906
f 886/3882/2727 893/4151/2906 895/3884/2728
f 886/3882/2727 895/3884/2728 898/3883/2271
f 899/3914/2745 900/3913/2744 902/4152/2907
f 899/3914/2745 902/4152/2907 903/4153/2908
f 899/3914/2745 903/4153/2908 801/4123/2883
f 899/3914/2745 801/4123/2883 63/3417/2414
f 906/4154/2909 910/3584/2532 911/3855/2710
f 906/4154/2909 911/3855/2710 915/4155/2910
f 906/4154/2909 915/4155/2910 919/4156/2911
f 905/4157/2909 918/4158/2911 922/3851/2706
f 905/4157/2909 922/3851/2706 924/3587/2533
f 906/4154/2909 925/3585/2533 910/3584/2532
f 178/3839/2697 435/3838/2696 433/4159/2812
f 178/3839/2697 433/4159/2812 931/4160/2912
f 178/3839/2697 931/4160/2912 932/4161/2913
f 178/3839/2697 932/4161/2913 180/3943/2762
f 440/4009/2814 180/3943/2762 932/4161/2913
f 440/4009/2814 932/4161/2913 935/4162/2914
f 440/4009/2814 935/4162/2914 938/4163/2915
f 440/4009/2814 938/4163/2915 941/4164/2916
f 440/4009/2814 941/4164/2916 441/4010/2815
f 840/4165/2917 837/4166/2895 943/4167/2918
f 840/4165/2917 943/4167/2918 945/4168/2919
f 841/4169/2917 946/4170/2919 205/4019/2768
f 842/4141/2896 206/4171/2920 197/3946/2765
f 947/4172/2919 944/4173/2921 949/4174/2922
f 947/4172/2919 949/4174/2922 952/4175/2923
f 947/4172/2919 952/4175/2923 465/4176/2819
f 946/4170/2919 464/4020/2819 205/4019/2768
f 955/4177/2924 243/3962/2778 241/3961/2777
f 955/4177/2924 241/3961/2777 957/4178/2925
f 955/4177/2924 957/4178/2925 960/4179/2926
f 955/4177/2924 960/4179/2926 964/4180/2927
f 954/4181/2924 963/4182/2927 275/3967/2781
f 955/4177/2924 276/4183/2928 243/3962/2778
f 963/4182/2927 959/4184/2929 971/4185/2930
f 963/4182/2927 971/4185/2930 972/4186/2931
f 963/4182/2927 972/4186/2931 844/4142/2897
f 963/4182/2927 844/4142/2897 275/3967/2781
f 845/4143/2898 844/4142/2897 976/4187/2932
f 845/4143/2898 976/4187/2932 979/4188/2933
f 845/4143/2898 979/4188/2933 671/4093/2863
f 845/4143/2898 671/4093/2863 669/3840/2698
f 310/3971/2785 309/3556/2515 984/3554/2513
f 310/3971/2785 984/3554/2513 985/4189/2934
f 310/3971/2785 985/4189/2934 988/4190/2935
f 310/3971/2785 988/4190/2935 990/4191/2936
f 310/3971/2785 990/4191/2936 994/4192/2937
f 310/3971/2785 994/4192/2937 313/3972/2786
f 995/4193/2938 984/3554/2513 996/3652/2574
f 995/4193/2938 996/3652/2574 999/3872/2722
f 995/4193/2938 999/3872/2722 1001/4194/2939
f 995/4193/2938 1001/4194/2939 1004/4195/2940
f 995/4193/2938 1004/4195/2940 988/4190/2935
f 995/4193/2938 988/4190/2935 985/4189/2934
f 995/4193/2938 985/4189/2934 984/3554/2513
f 878/4149/2904 874/3653/2575 1007/3879/2724
f 878/4149/2904 1007/3879/2724 1012/4196/2941
f 877/4197/2904 1011/4198/2942 1018/4199/2943
f 877/4197/2904 1018/4199/2943 880/4200/2905
f 1023/4201/2944 768/3452/2441 511/3735/2633
f 1022/4202/2945 510/3733/2633 1026/4203/2946
f 1023/4201/2944 1027/4204/2946 1028/4205/2947
f 1023/4201/2944 1028/4205/2947 769/4118/2879
f 1023/4201/2944 769/4118/2879 768/3452/2441
f 1030/3885/2729 895/3884/2728 893/4151/2906
f 1030/3885/2729 893/4151/2906 1031/4206/2948
f 1030/3885/2729 1031/4206/2948 1033/4207/2949
f 1030/3885/2729 1033/4207/2949 1034/4208/2950
f 1030/3885/2729 1034/4208/2950 1037/3494/2474
f 1030/3885/2729 1037/3494/2474 1039/3403/2405
f 1040/4209/2951 1042/3899/2731 1047/3736/2634
f 1040/4209/2951 1047/3736/2634 1048/4210/2952
f 1041/4211/2951 1049/4212/2952 1052/4213/2953
f 1041/4211/2951 1052/4213/2953 1054/3890/2732
f 1041/4211/2951 1054/3890/2732 1044/3889/2731
f 1056/3742/2638 1059/3741/2637 1060/4214/2954
f 1056/3742/2638 1060/4214/2954 1063/4215/2955
f 1056/3742/2638 1063/4215/2955 1066/3463/2448
f 1056/3742/2638 1066/3463/2448 1067/3462/2447
f 1070/4216/2956 804/4125/2701 802/4124/2884
f 1070/4216/2956 802/4124/2884 1074/4217/2957
f 1071/4218/2956 1075/4219/2957 1079/4220/2958
f 1071/4218/2956 1079/4220/2958 339/4221/2702
f 1072/4222/2956 340/3846/2702 805/3845/2701
f 83/3917/2748 81/3916/2747 359/3986/2798
f 83/3917/2748 359/3986/2798 1081/4223/2959
f 83/3917/2748 1081/4223/2959 1083/4224/2960
f 83/3917/2748 1083/4224/2960 813/4225/2961
f 82/3919/2749 812/4127/2886 86/3472/2456
f 1085/4226/2962 95/3921/2582 1087/3767/2581
f 1085/4226/2962 1087/3767/2581 1090/4227/2963
f 1085/4226/2962 1090/4227/2963 1091/4228/2964
f 1085/4226/2962 1091/4228/2964 1092/4229/2965
f 1085/4226/2962 1092/4229/2965 95/3921/2582
f 1092/4229/2965 1091/4228/2964 1093/4230/2966
f 1092/4229/2965 1093/4230/2966 537/4046/2835
f 1092/4229/2965 537/4046/2835 99/3922/2750
f 1092/4229/2965 99/3922/2750 95/3921/2582
f 141/3934/2755 138/3861/2715 1096/3860/2714
f 141/3934/2755 1096/3860/2714 1097/4231/2967
f 141/3934/2755 1097/4231/2967 1099/4232/2968
f 141/3934/2755 1099/4232/2968 1100/4233/2969
f 141/3934/2755 1100/4233/2969 384/3989/2801
f 166/3940/2759 822/4134/2891 1103/4234/2970
f 166/3940/2759 1103/4234/2970 1105/4235/2971
f 166/3940/2759 1105/4235/2971 425/4003/2809
f 166/3940/2759 425/4003/2809 167/3941/2760
f 828/4136/2892 462/4017/2603 1106/4236/2972
f 828/4136/2892 1106/4236/2972 1108/4237/2973
f 828/4136/2892 1108/4237/2973 1109/4238/2974
f 828/4136/2892 1109/4238/2974 1111/4239/2975
f 828/4136/2892 1111/4239/2975 1113/4240/2976
f 828/4136/2892 1113/4240/2976 404/3997/2804
f 459/4016/2818 473/4241/2977 1116/4242/2978
f 459/4016/2818 1116/4242/2978 1106/4236/2972
f 459/4016/2818 1106/4236/2972 462/4017/2603
f 1121/4243/2979 471/4244/2821 483/4029/2825
f 1121/4243/2979 483/4029/2825 1122/4245/2980
f 1121/4243/2979 1122/4245/2980 1124/4246/2981
f 1121/4243/2979 1124/4246/2981 474/4247/2977
f 1120/4248/2979 472/4023/2822 470/4022/2821
f 957/4178/2925 241/3961/2777 235/3959/2775
f 956/4249/2925 233/4250/2775 1129/4251/2982
f 956/4249/2925 1129/4251/2982 1130/4252/2271
f 956/4249/2925 1130/4252/2271 1132/4253/2983
f 956/4249/2925 1132/4253/2983 958/4254/2929
f 299/3970/2784 296/3969/2783 1134/4255/2984
f 299/3970/2784 1134/4255/2984 1136/4256/2985
f 299/3970/2784 1136/4256/2985 1139/4257/2986
f 299/3970/2784 1139/4257/2986 1143/4258/2987
f 299/3970/2784 1143/4258/2987 1146/3864/2717
f 299/3970/2784 1146/3864/2717 300/3863/2716
f 1149/3724/2628 764/3722/2626 759/4259/2878
f 1149/3724/2628 759/4259/2878 1151/4260/2988
f 1150/4261/2628 1152/4262/2988 1153/4263/2989
f 1150/4261/2628 1153/4263/2989 720/4105/2629
f 506/4036/2830 504/3655/2577 1037/3494/2474
f 506/4036/2830 1037/3494/2474 1034/4208/2950
f 506/4036/2830 1034/4208/2950 1157/4264/2990
f 506/4036/2830 1157/4264/2990 1159/4265/2991
f 505/4266/2992 1158/4267/2991 507/4039/2831
f 1162/4268/2993 1164/3892/2725 1165/3891/2733
f 1162/4268/2993 1165/3891/2733 1168/4269/2994
f 1162/4268/2993 1168/4269/2994 1172/4270/2995
f 1162/4268/2993 1172/4270/2995 894/4271/2906
f 1161/4272/2993 893/4151/2906 888/3881/2726
f 1162/4268/2993 889/4273/2726 1164/3892/2725
f 1176/3573/2525 1180/3572/2524 1181/4274/2996
f 1176/3573/2525 1181/4274/2996 1184/4275/2997
f 1176/3573/2525 1184/4275/2997 1048/4210/2952
f 1176/3573/2525 1048/4210/2952 1047/3736/2634
f 1186/4276/2998 1066/3463/2448 1063/4215/2955
f 1187/4277/2998 1064/4278/2955 1191/4279/2999
f 1187/4277/2998 1191/4279/2999 1192/4280/3000
f 1188/4281/2998 1193/4282/3001 786/3504/2478
f 1188/4281/2998 786/3504/2478 1196/3503/2449
f 1186/4276/2998 1195/3464/2449 1066/3463/2448
f 517/4040/2832 815/4129/2888 1200/4283/3002
f 517/4040/2832 1200/4283/3002 1202/4284/3003
f 516/4285/2832 1201/4286/3003 1205/4287/3004
f 516/4285/2832 1205/4287/3004 900/3913/2744
f 516/4285/2832 900/3913/2744 519/3912/2743
f 1209/4288/2649 1211/3761/2649 592/3760/2648
f 1209/4288/2649 592/3760/2648 589/4060/2845
f 1209/4288/2649 589/4060/2845 1213/4289/3005
f 1209/4288/2649 1213/4289/3005 1217/4290/3006
f 1210/4291/2649 1218/4292/3006 1090/4227/2963
f 1210/4291/2649 1090/4227/2963 1212/3763/2649
f 1090/4227/2963 1087/3767/2581 1212/3763/2649
f 1222/4293/3007 119/3928/2589 1223/3782/2661
f 1222/4293/3007 1223/3782/2661 1225/3781/2660
f 1222/4293/3007 1225/3781/2660 1226/4294/3008
f 1222/4293/3007 1226/4294/3008 1228/4295/3009
f 1222/4293/3007 1228/4295/3009 1230/4296/3010
f 1222/4293/3007 1230/4296/3010 1231/4297/3011
f 1222/4293/3007 1231/4297/3011 123/3929/2753
f 1222/4293/3007 123/3929/2753 119/3928/2589
f 1233/4298/3012 1237/3598/2539 391/3595/2536
f 1233/4298/3012 391/3595/2536 387/3992/2802
f 1233/4298/3012 387/3992/2802 1239/4299/3013
f 1233/4298/3012 1239/4299/3013 1244/4300/3014
f 1233/4298/3012 1244/4300/3014 1246/4301/3015
f 1233/4298/3012 1246/4301/3015 1237/3598/2539
f 1246/4301/3015 1244/4300/3014 1247/4302/3016
f 1246/4301/3015 1247/4302/3016 597/4061/2846
f 1246/4301/3015 597/4061/2846 1249/3673/2590
f 1246/4301/3015 1249/3673/2590 1237/3598/2539
f 1251/4303/3017 151/3831/2693 622/4068/2850
f 1251/4303/3017 622/4068/2850 1252/4304/3018
f 1251/4303/3017 1252/4304/3018 152/3937/2757
f 1251/4303/3017 152/3937/2757 151/3831/2693
f 640/4078/2854 412/4000/2807 408/3999/2806
f 640/4078/2854 408/3999/2806 1254/4305/3019
f 640/4078/2854 1254/4305/3019 1258/4306/3020
f 639/4080/2854 1257/4307/3021 1260/4308/3022
f 639/4080/2854 1260/4308/3022 1262/4309/3023
f 639/4080/2854 1262/4309/3023 642/3858/2712
f 931/4160/2912 433/4159/2812 430/4310/3024
f 930/4311/2912 429/4005/2811 1265/4312/3025
f 931/4160/2912 1266/4313/3026 1268/4314/3027
f 931/4160/2912 1268/4314/3027 1269/4315/3028
f 931/4160/2912 1269/4315/3028 935/4162/2914
f 931/4160/2912 935/4162/2914 932/4161/2913
f 476/4025/2823 464/4020/2819 951/4316/2923
f 477/4317/2823 952/4175/2923 1272/4318/3029
f 476/4025/2823 1271/4319/3029 1273/4320/3030
f 476/4025/2823 1273/4320/3030 228/3956/2772
f 231/3957/2773 228/3956/2772 1273/4320/3030
f 231/3957/2773 1273/4320/3030 1277/4321/3031
f 231/3957/2773 1277/4321/3031 1281/4322/3032
f 230/4323/2773 1280/4324/3032 1129/4251/2982
f 230/4323/2773 1129/4251/2982 233/4250/2775
f 657/4087/2858 655/3866/2719 1285/4325/3033
f 657/4087/2858 1285/4325/3033 1287/4326/3034
f 658/4088/2859 1288/4327/3034 1291/4328/3035
f 658/4088/2859 1291/4328/3035 1292/4329/3036
f 658/4088/2859 1292/4329/3036 663/4091/2861
f 658/4088/2859 663/4091/2861 660/4089/2860
f 496/4032/2828 494/4031/2827 1295/4330/3037
f 496/4032/2828 1295/4330/3037 1135/4331/2984
f 495/4332/2828 1134/4255/2984 296/3969/2783
f 1296/4333/3038 489/3639/2566 1298/3716/2622
f 1296/4333/3038 1298/3716/2622 1299/4334/3039
f 1296/4333/3038 1299/4334/3039 1301/4335/3040
f 1296/4333/3038 1301/4335/3040 1302/4336/3041
f 1296/4333/3038 1302/4336/3041 494/4031/2827
f 1296/4333/3038 494/4031/2827 489/3639/2566
f 709/4102/2870 707/4101/2623 318/3976/2572
f 709/4102/2870 318/3976/2572 315/3975/2788
f 709/4102/2870 315/3975/2788 1304/4337/3042
f 709/4102/2870 1304/4337/3042 1306/4338/3043
f 709/4102/2870 1306/4338/3043 1307/4339/3044
f 709/4102/2870 1307/4339/3044 713/4103/2871
f 723/4106/2872 720/4105/2629 1153/4263/2989
f 723/4106/2872 1153/4263/2989 1310/4340/3045
f 723/4106/2872 1310/4340/3045 1314/4341/3046
f 723/4106/2872 1314/4341/3046 725/4107/2685
f 1315/4342/3047 1180/3572/2524 791/3658/2579
f 1315/4342/3047 791/3658/2579 788/4122/2882
f 1315/4342/3047 788/4122/2882 1317/4343/3048
f 1315/4342/3047 1317/4343/3048 1181/4274/2996
f 1315/4342/3047 1181/4274/2996 1180/3572/2524
f 1322/4344/3049 333/3902/2738 332/3980/2792
f 1322/4344/3049 332/3980/2792 1326/4345/3050
f 1323/4346/3049 1327/4347/3050 1328/4348/3051
f 1323/4346/3049 1328/4348/3051 1329/3905/2739
f 1323/4346/3049 1329/3905/2739 334/3904/2738
f 1074/4217/2957 802/4124/2884 801/4123/2883
f 1074/4217/2957 801/4123/2883 903/4153/2908
f 1074/4217/2957 903/4153/2908 1333/4349/3052
f 1074/4217/2957 1333/4349/3052 1338/4350/3053
f 1074/4217/2957 1338/4350/3053 1078/4351/2958
f 597/4061/2846 596/3783/2662 1249/3673/2590
f 622/4068/2850 617/4067/2849 630/4072/2852
f 622/4068/2850 630/4072/2852 1341/4352/3054
f 622/4068/2850 1341/4352/3054 1343/4353/3055
f 622/4068/2850 1343/4353/3055 1252/4304/3018
f 1346/4354/3056 642/3858/2712 1262/4309/3023
f 1346/4354/3056 1262/4309/3023 1347/4355/3057
f 1346/4354/3056 1347/4355/3057 1097/4231/2967
f 1346/4354/3056 1097/4231/2967 1350/3859/2713
f 1346/4354/3056 1350/3859/2713 642/3858/2712
f 941/4164/2916 938/4163/2915 1353/4356/3058
f 940/4357/2916 1352/4358/3059 1355/4359/2242
f 941/4164/2916 1356/4360/2242 836/4139/2894
f 941/4164/2916 836/4139/2894 441/4010/2815
f 1359/4361/3060 958/4254/2929 1361/4362/3061
f 1359/4361/3060 1361/4362/3061 1363/4363/3062
f 1359/4361/3060 1363/4363/3062 1365/4364/3063
f 1359/4361/3060 1365/4364/3063 1366/4365/3064
f 1360/4366/3065 1367/4367/3064 971/4185/2930
f 1359/4361/3060 970/4368/2930 958/4254/2929
f 1361/4362/3061 958/4254/2929 1132/4253/2983
f 1361/4362/3061 1132/4253/2983 1370/4369/3066
f 1361/4362/3061 1370/4369/3066 1375/4370/3067
f 1361/4362/3061 1375/4370/3067 1363/4363/3062
f 972/4186/2931 971/4185/2930 1378/4371/3068
f 972/4186/2931 1378/4371/3068 1381/4372/3069
f 972/4186/2931 1381/4372/3069 976/4187/2932
f 972/4186/2931 976/4187/2932 844/4142/2897
f 1384/4373/3070 675/4095/2865 672/4094/2864
f 1384/4373/3070 672/4094/2864 980/4374/2933
f 1384/4373/3070 980/4374/2933 1386/4375/3071
f 1384/4373/3070 1386/4375/3071 1388/4376/3072
f 1384/4373/3070 1388/4376/3072 849/4145/2900
f 1384/4373/3070 849/4145/2900 675/4095/2865
f 1391/4377/3073 655/3866/2719 1394/3865/2718
f 1391/4377/3073 1394/3865/2718 1143/4258/2987
f 1391/4377/3073 1143/4258/2987 1396/4378/3074
f 1391/4377/3073 1396/4378/3074 1285/4325/3033
f 1391/4377/3073 1285/4325/3033 655/3866/2719
f 851/4146/2901 849/4145/2900 1398/4379/3075
f 851/4146/2901 1398/4379/3075 1400/4380/3076
f 851/4146/2901 1400/4380/3076 1013/4381/2942
f 851/4146/2901 1013/4381/2942 855/3877/2723
f 1013/4381/2942 1008/4382/2724 855/3877/2723
f 1299/4334/3039 1298/3716/2622 1402/3808/2678
f 1299/4334/3039 1402/3808/2678 698/3807/2677
f 1299/4334/3039 698/3807/2677 694/4383/2869
f 1299/4334/3039 694/4383/2869 1405/4384/3077
f 1299/4334/3039 1405/4384/3077 1408/4385/3078
f 1299/4334/3039 1408/4385/3078 1301/4335/3040
f 1411/4386/3079 727/3817/2682 724/4109/2685
f 1411/4386/3079 724/4109/2685 1414/4387/3080
f 1411/4386/3079 1414/4387/3080 1417/4388/3081
f 1411/4386/3079 1417/4388/3081 866/4148/2903
f 1411/4386/3079 866/4148/2903 864/3818/2683
f 1411/4386/3079 864/3818/2683 727/3817/2682
f 1423/3898/2736 1424/3897/2735 1426/4389/3082
f 1423/3898/2736 1426/4389/3082 1431/4390/3083
f 1423/3898/2736 1431/4390/3083 1433/4391/3084
f 1423/3898/2736 1433/4391/3084 1434/4392/3085
f 1423/3898/2736 1434/4392/3085 1059/3741/2637
f 1423/3898/2736 1059/3741/2637 1437/3740/2636
f 787/4121/2881 786/3504/2478 1193/4282/3001
f 787/4121/2881 1193/4282/3001 1440/4393/3086
f 787/4121/2881 1440/4393/3086 1442/4394/3087
f 787/4121/2881 1442/4394/3087 1446/4395/3088
f 787/4121/2881 1446/4395/3088 1450/4396/3089
f 787/4121/2881 1450/4396/3089 1317/4343/3048
f 787/4121/2881 1317/4343/3048 788/4122/2882
f 330/3979/2791 329/3978/2790 344/3983/2795
f 330/3979/2791 344/3983/2795 1460/4397/3090
f 330/3979/2791 1460/4397/3090 1461/4398/3091
f 330/3979/2791 1461/4398/3091 332/3980/2792
f 342/4399/2794 339/4221/2702 1079/4220/2958
f 342/4399/2794 1079/4220/2958 1464/4400/3092
f 342/4399/2794 1464/4400/3092 1465/4401/3093
f 343/3982/2794 1466/4402/3094 1460/4397/3090
f 343/3982/2794 1460/4397/3090 344/3983/2795
f 585/4059/2844 584/3852/2707 922/3851/2706
f 585/4059/2844 922/3851/2706 1468/4403/3095
f 585/4059/2844 1468/4403/3095 1470/4404/3096
f 585/4059/2844 1470/4404/3096 1473/4405/3097
f 585/4059/2844 1473/4405/3097 589/4060/2845
f 1474/4406/3098 601/3780/2659 599/4064/2847
f 1474/4406/3098 599/4064/2847 1477/4407/3099
f 1474/4406/3098 1477/4407/3099 1228/4295/3009
f 1474/4406/3098 1228/4295/3009 1226/4294/3008
f 1474/4406/3098 1226/4294/3008 1225/3781/2660
f 1474/4406/3098 1225/3781/2660 601/3780/2659
f 1481/4408/3100 152/3937/2757 1252/4304/3018
f 1481/4408/3100 1252/4304/3018 1483/4409/3101
f 1481/4408/3100 1483/4409/3101 1102/4410/2970
f 1481/4408/3100 1102/4410/2970 821/4132/2891
f 1481/4408/3100 821/4132/2891 152/3937/2757
f 1486/4411/3102 404/3997/2804 1113/4240/2976
f 1486/4411/3102 1113/4240/2976 1111/4239/2975
f 1486/4411/3102 1111/4239/2975 1487/4412/3103
f 1486/4411/3102 1487/4412/3103 1254/4305/3019
f 1486/4411/3102 1254/4305/3019 407/3998/2805
f 1486/4411/3102 407/3998/2805 404/3997/2804
f 428/4004/2810 425/4003/2809 1105/4235/2971
f 428/4004/2810 1105/4235/2971 1488/4413/3104
f 428/4004/2810 1488/4413/3104 1490/4414/3105
f 428/4004/2810 1490/4414/3105 1491/4415/3106
f 428/4004/2810 1491/4415/3106 1265/4312/3025
f 428/4004/2810 1265/4312/3025 429/4005/2811
f 1494/4416/3107 935/4162/2914 1269/4315/3028
f 1494/4416/3107 1269/4315/3028 1495/4417/3108
f 1494/4416/3107 1495/4417/3108 1497/4418/3109
f 1493/4419/3110 1496/4420/3109 1501/4421/3111
f 1493/4419/3110 1501/4421/3111 1505/4422/3112
f 1494/4416/3107 1506/4423/3113 938/4163/2915
f 1494/4416/3107 938/4163/2915 935/4162/2914
f 1508/4424/3114 837/4166/2895 835/4425/3115
f 1508/4424/3114 835/4425/3115 1355/4359/2242
f 1508/4424/3114 1355/4359/2242 1510/4426/2242
f 1508/4424/3114 1510/4426/2242 1511/4427/3116
f 1508/4424/3114 1511/4427/3116 1514/4428/3117
f 1508/4424/3114 1514/4428/3117 837/4166/2895
f 1514/4428/3117 1511/4427/3116 1517/4429/3118
f 1514/4428/3117 1517/4429/3118 1522/4430/3119
f 1514/4428/3117 1522/4430/3119 943/4167/2918
f 1514/4428/3117 943/4167/2918 837/4166/2895
f 1130/4252/2271 1129/4251/2982 1526/4431/2271
f 1131/4432/2271 1527/4433/2271 1530/4434/3120
f 1130/4252/2271 1529/4435/3121 1370/4369/3066
f 1130/4252/2271 1370/4369/3066 1132/4253/2983
f 1282/4436/3032 1278/4437/3031 1532/4438/3122
f 1282/4436/3032 1532/4438/3122 1533/4439/3123
f 1282/4436/3032 1533/4439/3123 1528/4440/2271
f 1280/4324/3032 1526/4431/2271 1129/4251/2982
f 1366/4365/3064 1365/4364/3063 1537/4441/3124
f 1367/4367/3064 1538/4442/3124 1539/4443/3125
f 1367/4367/3064 1539/4443/3125 1378/4371/3068
f 1367/4367/3064 1378/4371/3068 971/4185/2930
f 1544/4444/3126 481/4028/2824 666/4092/2862
f 1544/4444/3126 666/4092/2862 1292/4329/3036
f 1544/4444/3126 1292/4329/3036 1550/4445/3127
f 1544/4444/3126 1550/4445/3127 1551/4446/3128
f 1544/4444/3126 1551/4446/3128 1554/4447/3129
f 1544/4444/3126 1554/4447/3129 481/4028/2824
f 483/4029/2825 481/4028/2824 1554/4447/3129
f 483/4029/2825 1554/4447/3129 1551/4446/3128
f 483/4029/2825 1551/4446/3128 1556/4448/3130
f 483/4029/2825 1556/4448/3130 1122/4245/2980
f 880/4200/2905 1018/4199/2943 1557/4449/3131
f 880/4200/2905 1557/4449/3131 1561/4450/3132
f 880/4200/2905 1561/4450/3132 1426/4389/3082
f 880/4200/2905 1426/4389/3082 1424/3897/2735
f 880/4200/2905 1424/3897/2735 883/4451/2734
f 1564/4452/3133 735/3823/2687 774/3822/2686
f 1566/4453/3133 775/4120/2686 773/4119/2880
f 1563/4454/3133 772/4455/2880 1569/4456/3134
f 1565/4457/3133 1570/4458/3134 1573/4459/3135
f 1565/4457/3133 1573/4459/3135 737/4460/3136
f 1564/4452/3133 736/4110/2873 735/3823/2687
f 1576/4461/3137 510/3733/2633 507/4039/2831
f 1576/4461/3137 507/4039/2831 1579/4462/3138
f 1576/4461/3137 1579/4462/3138 1026/4203/2946
f 1576/4461/3137 1026/4203/2946 510/3733/2633
f 1581/4463/3139 353/3755/2644 379/4464/2643
f 1580/4465/3140 378/3752/2643 376/3988/2800
f 1580/4465/3140 376/3988/2800 1582/4466/3141
f 1581/4463/3139 1583/4467/3141 1585/4468/3142
f 1581/4463/3139 1585/4468/3142 356/3984/2796
f 1581/4463/3139 356/3984/2796 353/3755/2644
f 562/4469/2838 558/3827/2691 1586/3826/2690
f 562/4469/2838 1586/3826/2690 1589/4470/3143
f 562/4469/2838 1589/4470/3143 1591/4471/3144
f 563/4053/2838 1593/4472/3145 1597/4473/3146
f 563/4053/2838 1597/4473/3146 1601/4474/3147
f 563/4053/2838 1601/4474/3147 565/4054/2839
f 1468/4403/3095 922/3851/2706 918/4158/2911
f 1468/4403/3095 918/4158/2911 1603/4475/3148
f 1468/4403/3095 1603/4475/3148 1606/4476/3149
f 1468/4403/3095 1606/4476/3149 1470/4404/3096
f 1607/4477/3150 1610/3854/2709 128/3853/2708
f 1607/4477/3150 128/3853/2708 1611/4478/3151
f 1608/4479/3150 1612/4480/3151 1614/4481/3152
f 1608/4479/3150 1614/4481/3152 1616/4482/3153
f 1607/4477/3150 1615/4483/3153 911/3855/2710
f 1607/4477/3150 911/3855/2710 1610/3854/2709
f 1620/4484/3154 128/3853/2708 126/3931/2754
f 1620/4484/3154 126/3931/2754 124/3930/2753
f 1619/4485/3154 123/3929/2753 1231/4297/3011
f 1621/4486/3154 1232/4487/3011 1625/4488/3155
f 1621/4486/3154 1625/4488/3155 1612/4480/3151
f 1621/4486/3154 1612/4480/3151 129/4489/2708
f 1097/4231/2967 1096/3860/2714 1350/3859/2713
f 1254/4305/3019 408/3999/2806 407/3998/2805
f 1267/4490/3027 1265/4312/3025 1491/4415/3106
f 1267/4490/3027 1491/4415/3106 1632/4491/3156
f 1267/4490/3027 1632/4491/3156 1635/4492/3157
f 1267/4490/3027 1635/4492/3157 1638/4493/3158
f 1268/4314/3027 1639/4494/3158 1495/4417/3108
f 1268/4314/3027 1495/4417/3108 1269/4315/3028
f 1108/4237/2973 1106/4236/2972 1116/4242/2978
f 1108/4237/2973 1116/4242/2978 1643/4495/3159
f 1108/4237/2973 1643/4495/3159 1645/4496/3160
f 1108/4237/2973 1645/4496/3160 1647/4497/3161
f 1108/4237/2973 1647/4497/3161 1109/4238/2974
f 1352/4358/3059 937/4498/3162 1504/4499/3112
f 1352/4358/3059 1504/4499/3112 1650/4500/3163
f 1352/4358/3059 1650/4500/3163 1652/4501/3164
f 1352/4358/3059 1652/4501/3164 1653/4502/3165
f 1352/4358/3059 1653/4502/3165 1355/4359/2242
f 1124/4246/2981 1122/4245/2980 1656/4503/3166
f 1124/4246/2981 1656/4503/3166 1642/4504/3159
f 1125/4505/2981 1643/4495/3159 1116/4242/2978
f 1124/4246/2981 1115/4506/2978 474/4247/2977
f 1659/4507/3167 1365/4364/3063 1662/4508/3168
f 1659/4507/3167 1662/4508/3168 1664/4509/3169
f 1659/4507/3167 1664/4509/3169 1667/4510/3170
f 1659/4507/3167 1667/4510/3170 1537/4441/3124
f 1659/4507/3167 1537/4441/3124 1365/4364/3063
f 1662/4508/3168 1365/4364/3063 1363/4363/3062
f 1662/4508/3168 1363/4363/3062 1673/4511/3171
f 1663/4512/3168 1674/4513/3172 1675/4514/3173
f 1663/4512/3168 1675/4514/3173 1678/4515/3174
f 1663/4512/3168 1678/4515/3174 1665/4516/3175
f 1679/4517/3176 976/4187/2932 1381/4372/3069
f 1679/4517/3176 1381/4372/3069 1683/4518/3177
f 1679/4517/3176 1683/4518/3177 1685/4519/3178
f 1680/4520/3176 1686/4521/3178 1386/4375/3071
f 1680/4520/3176 1386/4375/3071 980/4374/2933
f 1679/4517/3176 979/4188/2933 976/4187/2932
f 1292/4329/3036 666/4092/2862 663/4091/2861
f 1143/4258/2987 1394/3865/2718 1146/3864/2717
f 1690/4522/3179 998/3870/2722 869/3869/2721
f 1690/4522/3179 869/3869/2721 1694/4523/3180
f 1690/4522/3179 1694/4523/3180 1696/4524/3181
f 1690/4522/3179 1696/4524/3181 1000/4525/2939
f 1691/4526/3179 1001/4194/2939 999/3872/2722
f 1694/4523/3180 869/3869/2721 866/4148/2903
f 1694/4523/3180 866/4148/2903 1698/4527/3182
f 1694/4523/3180 1698/4527/3182 1701/4528/3183
f 1694/4523/3180 1701/4528/3183 1696/4524/3181
f 755/4115/2876 752/4114/2875 1702/4529/3184
f 755/4115/2876 1702/4529/3184 1705/4530/3185
f 755/4115/2876 1705/4530/3185 1152/4262/2988
f 755/4115/2876 1152/4262/2988 760/4531/2878
f 1707/4532/3186 1054/3890/2732 1052/4213/2953
f 1707/4532/3186 1052/4213/2953 1708/4533/3187
f 1707/4532/3186 1708/4533/3187 1710/4534/3188
f 1707/4532/3186 1710/4534/3188 1168/4269/2994
f 1707/4532/3186 1168/4269/2994 1165/3891/2733
f 1707/4532/3186 1165/3891/2733 1054/3890/2732
f 1060/4214/2954 1059/3741/2637 1434/4392/3085
f 1060/4214/2954 1434/4392/3085 1433/4391/3084
f 1060/4214/2954 1433/4391/3084 1716/4535/3189
f 1060/4214/2954 1716/4535/3189 1719/4536/3190
f 1060/4214/2954 1719/4536/3190 1721/4537/3191
f 1060/4214/2954 1721/4537/3191 1063/4215/2955
f 1724/4538/3192 1586/3826/2690 1728/3825/2689
f 1725/4539/3192 1729/3909/2689 1732/3906/2740
f 1725/4539/3192 1732/3906/2740 1733/4540/3193
f 1725/4539/3192 1733/4540/3193 1735/4541/3194
f 1725/4539/3192 1735/4541/3194 1737/4542/3195
f 1725/4539/3192 1737/4542/3195 1592/4543/3144
f 1725/4539/3192 1592/4543/3144 1590/4544/3196
f 1724/4538/3192 1589/4470/3143 1586/3826/2690
f 814/4128/2887 812/4127/2886 1082/4545/2960
f 814/4128/2887 1082/4545/2960 1739/4546/3197
f 814/4128/2887 1739/4546/3197 1741/4547/3198
f 814/4128/2887 1741/4547/3198 1200/4283/3002
f 814/4128/2887 1200/4283/3002 815/4129/2888
f 915/4155/2910 911/3855/2710 1615/4483/3153
f 916/4548/2910 1616/4482/3153 1745/4549/3199
f 916/4548/2910 1745/4549/3199 1747/4550/3200
f 916/4548/2910 1747/4550/3200 1604/4551/3148
f 914/4552/2910 1603/4475/3148 918/4158/2911
f 1102/4410/2970 1483/4409/3101 1748/4553/3201
f 1102/4410/2970 1748/4553/3201 1751/4554/3202
f 1103/4234/2970 1752/4555/3202 1488/4413/3104
f 1103/4234/2970 1488/4413/3104 1105/4235/2971
f 1653/4502/3165 1652/4501/3164 1756/4556/3203
f 1653/4502/3165 1756/4556/3203 1757/4557/2242
f 1653/4502/3165 1757/4557/2242 1510/4426/2242
f 1653/4502/3165 1510/4426/2242 1355/4359/2242
f 1760/4558/3204 1495/4417/3108 1639/4494/3158
f 1759/4559/3204 1637/4560/3158 1762/4561/3205
f 1759/4559/3204 1762/4561/3205 1765/4562/3206
f 1759/4559/3204 1765/4562/3206 1496/4420/3109
f 1760/4558/3204 1497/4418/3109 1495/4417/3108
f 1501/4421/3111 1496/4420/3109 1768/4563/3207
f 1501/4421/3111 1768/4563/3207 1769/4564/3208
f 1501/4421/3111 1769/4564/3208 1772/4565/3209
f 1500/4566/3111 1771/4567/3209 1776/4568/3210
f 1500/4566/3111 1776/4568/3210 1650/4500/3163
f 1500/4566/3111 1650/4500/3163 1504/4499/3112
f 1765/4562/3206 1762/4561/3205 1781/4569/3211
f 1765/4562/3206 1781/4569/3211 1784/4570/3212
f 1766/4571/3206 1785/4572/3212 1789/4573/3213
f 1766/4571/3206 1789/4573/3213 1794/4574/3214
f 1765/4562/3206 1792/4575/3214 1768/4563/3207
f 1765/4562/3206 1768/4563/3207 1496/4420/3109
f 949/4174/2922 944/4173/2921 1523/4576/3119
f 949/4174/2922 1523/4576/3119 1796/4577/3215
f 949/4174/2922 1796/4577/3215 1798/4578/3216
f 949/4174/2922 1798/4578/3216 952/4175/2923
f 1798/4578/3216 1796/4577/3215 1803/4579/3217
f 1798/4578/3216 1803/4579/3217 1804/4580/3218
f 1798/4578/3216 1804/4580/3218 1272/4318/3029
f 1798/4578/3216 1272/4318/3029 952/4175/2923
f 1806/4581/3219 1272/4318/3029 1804/4580/3218
f 1806/4581/3219 1804/4580/3218 1810/4582/3220
f 1806/4581/3219 1810/4582/3220 1812/4583/3221
f 1806/4581/3219 1812/4583/3221 1815/4584/3222
f 1806/4581/3219 1815/4584/3222 1532/4438/3122
f 1806/4581/3219 1532/4438/3122 1278/4437/3031
f 1806/4581/3219 1278/4437/3031 1274/4585/3030
f 1806/4581/3219 1274/4585/3030 1272/4318/3029
f 1376/4586/3067 1371/4587/3066 1817/4588/3223
f 1376/4586/3067 1817/4588/3223 1819/4589/3224
f 1376/4586/3067 1819/4589/3224 1674/4513/3172
f 1375/4370/3067 1673/4511/3171 1363/4363/3062
f 1821/4590/3225 1538/4442/3124 1668/4591/3170
f 1821/4590/3225 1668/4591/3170 1824/4592/3226
f 1822/4593/3225 1825/4594/3226 1828/4595/3227
f 1821/4590/3225 1827/4596/3228 1829/4597/3229
f 1821/4590/3225 1829/4597/3229 1539/4443/3125
f 1821/4590/3225 1539/4443/3125 1538/4442/3124
f 1530/4434/3120 1527/4433/2271 1832/4598/2271
f 1530/4434/3120 1832/4598/2271 1836/4599/3230
f 1530/4434/3120 1836/4599/3230 1817/4588/3223
f 1530/4434/3120 1817/4588/3223 1371/4587/3066
f 1839/4600/3231 1378/4371/3068 1539/4443/3125
f 1839/4600/3231 1539/4443/3125 1829/4597/3229
f 1839/4600/3231 1829/4597/3229 1842/4601/3232
f 1839/4600/3231 1842/4601/3232 1683/4518/3177
f 1839/4600/3231 1683/4518/3177 1381/4372/3069
f 1839/4600/3231 1381/4372/3069 1378/4371/3068
f 993/4602/2937 989/4603/2936 1847/4604/3233
f 993/4602/2937 1847/4604/3233 1305/4605/3042
f 992/4606/2937 1304/4337/3042 315/3975/2788
f 994/4192/2937 316/3973/2787 313/3972/2786
f 1705/4530/3185 1702/4529/3184 1848/4607/3234
f 1705/4530/3185 1848/4607/3234 1851/4608/3235
f 1705/4530/3185 1851/4608/3235 1310/4340/3045
f 1705/4530/3185 1310/4340/3045 1152/4262/2988
f 1310/4340/3045 1153/4263/2989 1152/4262/2988
f 1033/4207/2949 1031/4206/2948 1854/4609/3236
f 1033/4207/2949 1854/4609/3236 1855/4610/3237
f 1033/4207/2949 1855/4610/3237 1858/4611/3238
f 1033/4207/2949 1858/4611/3238 1157/4264/2990
f 1033/4207/2949 1157/4264/2990 1034/4208/2950
f 1185/4612/2997 1182/4613/2996 1862/4614/3239
f 1185/4612/2997 1862/4614/3239 1864/4615/3240
f 1185/4612/2997 1864/4615/3240 1865/4616/3241
f 1185/4612/2997 1865/4616/3241 1052/4213/2953
f 1185/4612/2997 1052/4213/2953 1049/4212/2952
f 1866/4617/3242 359/3986/2798 357/3985/2797
f 1866/4617/3242 357/3985/2797 356/3984/2796
f 1866/4617/3242 356/3984/2796 1870/4618/3243
f 1866/4617/3242 1870/4618/3243 1871/4619/3244
f 1866/4617/3242 1871/4619/3244 1081/4223/2959
f 1866/4617/3242 1081/4223/2959 359/3986/2798
f 1205/4287/3004 1201/4286/3003 1873/4620/3245
f 1205/4287/3004 1873/4620/3245 1875/4621/3246
f 1205/4287/3004 1875/4621/3246 902/4152/2907
f 1205/4287/3004 902/4152/2907 900/3913/2744
f 1218/4292/3006 1214/4622/3005 1876/4623/3247
f 1218/4292/3006 1876/4623/3247 1878/4624/3248
f 1218/4292/3006 1878/4624/3248 1091/4228/2964
f 1218/4292/3006 1091/4228/2964 1090/4227/2963
f 1341/4352/3054 630/4072/2852 627/4071/2851
f 1341/4352/3054 627/4071/2851 1881/4625/3249
f 1341/4352/3054 1881/4625/3249 1884/4626/3250
f 1341/4352/3054 1884/4626/3250 1885/4627/3251
f 1341/4352/3054 1885/4627/3251 1886/4628/3252
f 1341/4352/3054 1886/4628/3252 1343/4353/3055
f 1794/4574/3214 1789/4573/3213 1888/4629/3253
f 1794/4574/3214 1888/4629/3253 1890/4630/3254
f 1793/4631/3214 1889/4632/3254 1891/4633/3255
f 1793/4631/3214 1891/4633/3255 1892/4634/3256
f 1793/4631/3214 1892/4634/3256 1770/4635/3257
f 1792/4575/3214 1769/4564/3208 1768/4563/3207
f 1773/4636/3258 1770/4635/3257 1892/4634/3256
f 1773/4636/3258 1892/4634/3256 1893/4637/3259
f 1773/4636/3258 1893/4637/3259 1895/4638/3260
f 1771/4567/3209 1894/4639/3261 1896/4640/3262
f 1771/4567/3209 1896/4640/3262 1897/4641/3263
f 1771/4567/3209 1897/4641/3263 1776/4568/3210
f 1891/4633/3255 1889/4632/3254 1665/4516/3175
f 1891/4633/3255 1665/4516/3175 1678/4515/3174
f 1891/4633/3255 1678/4515/3174 1898/4642/3264
f 1891/4633/3255 1898/4642/3264 1899/4643/3265
f 1891/4633/3255 1899/4643/3265 1893/4637/3259
f 1891/4633/3255 1893/4637/3259 1892/4634/3256
f 1901/4644/3266 1890/4630/3254 1888/4629/3253
f 1901/4644/3266 1888/4629/3253 1902/4645/3267
f 1901/4644/3266 1902/4645/3267 1825/4594/3226
f 1901/4644/3266 1825/4594/3226 1669/4646/3170
f 1900/4647/3266 1667/4510/3170 1664/4509/3169
f 1901/4644/3266 1666/4648/3175 1890/4630/3254
f 1675/4514/3173 1674/4513/3172 1907/4649/3268
f 1675/4514/3173 1907/4649/3268 1910/4650/3269
f 1675/4514/3173 1910/4650/3269 1898/4642/3264
f 1675/4514/3173 1898/4642/3264 1678/4515/3174
f 1028/4205/2947 1027/4204/2946 1917/4651/3270
f 1028/4205/2947 1917/4651/3270 1919/4652/3271
f 1028/4205/2947 1919/4652/3271 773/4119/2880
f 1028/4205/2947 773/4119/2880 769/4118/2879
f 1920/4653/3272 893/4151/2906 1171/4654/2995
f 1921/4655/3272 1172/4270/2995 1924/4656/3273
f 1921/4655/3272 1924/4656/3273 1926/4657/3274
f 1920/4653/3272 1925/4658/3274 1854/4609/3236
f 1920/4653/3272 1854/4609/3236 893/4151/2906
f 1854/4609/3236 1031/4206/2948 893/4151/2906
f 1158/4267/2991 1156/4659/2990 1857/4660/3238
f 1158/4267/2991 1857/4660/3238 1938/4661/3275
f 1158/4267/2991 1938/4661/3275 1940/4662/3276
f 1158/4267/2991 1940/4662/3276 1579/4462/3138
f 1158/4267/2991 1579/4462/3138 507/4039/2831
f 1190/4663/2999 1063/4215/2955 1721/4537/3191
f 1191/4279/2999 1722/4664/3277 1941/4665/3278
f 1191/4279/2999 1941/4665/3278 1942/4666/3279
f 1191/4279/2999 1942/4666/3279 1439/4667/3086
f 1191/4279/2999 1439/4667/3086 1192/4280/3000
f 1465/4401/3093 1464/4400/3092 1944/4668/3280
f 1466/4402/3094 1945/4669/3281 332/3980/2792
f 1466/4402/3094 332/3980/2792 1461/4398/3091
f 1466/4402/3094 1461/4398/3091 1460/4397/3090
f 1328/4348/3051 1327/4347/3050 1949/4670/3282
f 1328/4348/3051 1949/4670/3282 1952/4671/3283
f 1328/4348/3051 1952/4671/3283 1733/4540/3193
f 1328/4348/3051 1733/4540/3193 1732/3906/2740
f 1328/4348/3051 1732/3906/2740 1329/3905/2739
f 1955/4672/3284 537/4046/2835 1093/4230/2966
f 1955/4672/3284 1093/4230/2966 1957/4673/3285
f 1955/4672/3284 1957/4673/3285 1958/4674/3286
f 1955/4672/3284 1958/4674/3286 1961/4675/3287
f 1954/4676/3284 1960/4677/3287 542/4049/2836
f 1955/4672/3284 543/4678/2836 537/4046/2835
f 1965/4679/3288 573/4057/2842 566/4055/2840
f 1965/4679/3288 566/4055/2840 565/4054/2839
f 1965/4679/3288 565/4054/2839 1601/4474/3147
f 1965/4679/3288 1601/4474/3147 1970/4680/3289
f 1965/4679/3288 1970/4680/3289 1973/4681/3290
f 1964/4682/3288 1972/4683/3290 1975/4684/3291
f 1964/4682/3288 1975/4684/3291 1978/4685/3292
f 1965/4679/3288 1980/4686/3292 573/4057/2842
f 1881/4625/3249 627/4071/2851 572/4687/2842
f 1881/4625/3249 572/4687/2842 1979/4688/3292
f 1881/4625/3249 1979/4688/3292 1884/4626/3250
f 1239/4299/3013 387/3992/2802 383/4689/2801
f 1240/4690/3013 384/3989/2801 1100/4233/2969
f 1240/4690/3013 1100/4233/2969 1984/4691/3293
f 1239/4299/3013 1983/4692/3294 1986/4693/3295
f 1239/4299/3013 1986/4693/3295 1987/4694/3296
f 1239/4299/3013 1987/4694/3296 1244/4300/3014
f 1347/4355/3057 1262/4309/3023 1260/4308/3022
f 1347/4355/3057 1260/4308/3022 1989/4695/3297
f 1347/4355/3057 1989/4695/3297 1993/4696/3298
f 1347/4355/3057 1993/4696/3298 1994/4697/3299
f 1347/4355/3057 1994/4697/3299 1995/4698/3300
f 1347/4355/3057 1995/4698/3300 1097/4231/2967
f 1490/4414/3105 1488/4413/3104 1752/4555/3202
f 1490/4414/3105 1752/4555/3202 2000/4699/3301
f 1490/4414/3105 2000/4699/3301 2002/4700/3302
f 1489/4701/3105 2001/4702/3302 2005/4703/3303
f 1490/4414/3105 2006/4704/3304 1632/4491/3156
f 1490/4414/3105 1632/4491/3156 1491/4415/3106
f 1634/4705/3157 1631/4706/3156 2005/4703/3303
f 1634/4705/3157 2005/4703/3303 2008/4707/3305
f 1634/4705/3157 2008/4707/3305 2009/4708/3306
f 1634/4705/3157 2009/4708/3306 2010/4709/3307
f 1634/4705/3157 2010/4709/3307 1762/4561/3205
f 1634/4705/3157 1762/4561/3205 1637/4560/3158
f 1652/4501/3164 1650/4500/3163 1776/4568/3210
f 1652/4501/3164 1776/4568/3210 1897/4641/3263
f 1652/4501/3164 1897/4641/3263 2012/4710/3308
f 1652/4501/3164 2012/4710/3308 2013/4711/3309
f 1652/4501/3164 2013/4711/3309 1756/4556/3203
f 1784/4570/3212 1781/4569/3211 2014/4712/3310
f 1785/4572/3212 2015/4713/3310 2019/4714/3311
f 1785/4572/3212 2019/4714/3311 2021/4715/3312
f 1785/4572/3212 2021/4715/3312 1902/4645/3267
f 1785/4572/3212 1902/4645/3267 1888/4629/3253
f 1785/4572/3212 1888/4629/3253 1789/4573/3213
f 1819/4589/3224 1817/4588/3223 2025/4716/3313
f 1819/4589/3224 2025/4716/3313 2027/4717/3314
f 1819/4589/3224 2027/4717/3314 1907/4649/3268
f 1819/4589/3224 1907/4649/3268 1674/4513/3172
f 1533/4439/3123 1532/4438/3122 2031/4718/3315
f 1533/4439/3123 2031/4718/3315 2037/4719/3316
f 1533/4439/3123 2037/4719/3316 1833/4720/2271
f 1533/4439/3123 1833/4720/2271 1528/4440/2271
f 1396/4378/3074 1143/4258/2987 2040/4721/3317
f 1396/4378/3074 2040/4721/3317 2042/4722/3318
f 1396/4378/3074 2042/4722/3318 2043/4723/3319
f 1396/4378/3074 2043/4723/3319 2045/4724/3320
f 1396/4378/3074 2045/4724/3320 1287/4326/3034
f 1396/4378/3074 1287/4326/3034 1285/4325/3033
f 1388/4376/3072 1386/4375/3071 2051/4725/3321
f 1388/4376/3072 2051/4725/3321 2055/4726/3322
f 1388/4376/3072 2055/4726/3322 1398/4379/3075
f 1388/4376/3072 1398/4379/3075 849/4145/2900
f 1295/4330/3037 494/4031/2827 1302/4336/3041
f 1295/4330/3037 1302/4336/3041 2060/4727/3323
f 1295/4330/3037 2060/4727/3323 2063/4728/3324
f 1295/4330/3037 2063/4728/3324 2065/4729/3325
f 1294/4730/3037 2064/4731/3326 1136/4256/2985
f 1294/4730/3037 1136/4256/2985 1134/4255/2984
f 1414/4387/3080 724/4109/2685 1313/4732/3046
f 1415/4733/3080 1314/4341/3046 2067/4734/3327
f 1415/4733/3080 2067/4734/3327 2070/4735/3328
f 1414/4387/3080 2068/4736/3329 2071/4737/3330
f 1414/4387/3080 2071/4737/3330 1417/4388/3081
f 1865/4616/3241 1864/4615/3240 2076/4738/3331
f 1865/4616/3241 2076/4738/3331 2077/4739/3332
f 1865/4616/3241 2077/4739/3332 1708/4533/3187
f 1865/4616/3241 1708/4533/3187 1052/4213/2953
f 1449/4740/3089 1445/4741/3088 1860/4742/3239
f 1450/4396/3089 1861/4743/3239 1181/4274/2996
f 1450/4396/3089 1181/4274/2996 1317/4343/3048
f 1740/4744/3197 1083/4224/2960 1081/4223/2959
f 1740/4744/3197 1081/4223/2959 2086/4745/3333
f 1740/4744/3197 2086/4745/3333 2089/4746/3334
f 1740/4744/3197 2089/4746/3334 1742/4747/3198
f 1585/4468/3142 1583/4467/3141 2092/4748/3335
f 1585/4468/3142 2092/4748/3335 2094/4749/3336
f 1585/4468/3142 2094/4749/3336 1870/4618/3243
f 1585/4468/3142 1870/4618/3243 356/3984/2796
f 2097/4750/3337 903/4153/2908 902/4152/2907
f 2097/4750/3337 902/4152/2907 1875/4621/3246
f 2097/4750/3337 1875/4621/3246 2099/4751/3338
f 2097/4750/3337 2099/4751/3338 2103/4752/3339
f 2097/4750/3337 2103/4752/3339 1333/4349/3052
f 2097/4750/3337 1333/4349/3052 903/4153/2908
f 2106/4753/3340 545/4050/2837 542/4049/2836
f 2106/4753/3340 542/4049/2836 2108/4754/3341
f 2106/4753/3340 2108/4754/3341 2109/4755/3342
f 2106/4753/3340 2109/4755/3342 2110/4756/3343
f 2106/4753/3340 2110/4756/3343 2112/4757/3344
f 2106/4753/3340 2112/4757/3344 532/4758/2834
f 2106/4753/3340 532/4758/2834 545/4050/2837
f 2112/4757/3344 2110/4756/3343 2115/4759/3345
f 2113/4760/3344 2116/4761/3345 376/3988/2800
f 2112/4757/3344 375/4762/2800 532/4758/2834
f 2116/4761/3345 2111/4763/3343 2119/4764/3346
f 2116/4761/3345 2119/4764/3346 2091/4765/3335
f 2116/4761/3345 2091/4765/3335 1582/4466/3141
f 2116/4761/3345 1582/4466/3141 376/3988/2800
f 1473/4405/3097 1470/4404/3096 2123/4766/3347
f 1473/4405/3097 2123/4766/3347 2124/4767/3348
f 1473/4405/3097 2124/4767/3348 1213/4289/3005
f 1473/4405/3097 1213/4289/3005 589/4060/2845
f 2127/4768/3349 598/4062/2847 597/4061/2846
f 2127/4768/3349 597/4061/2846 2131/4769/3350
f 2127/4768/3349 2131/4769/3350 2132/4770/3351
f 2128/4771/3352 2133/4772/3353 1477/4407/3099
f 2128/4771/3352 1477/4407/3099 599/4064/2847
f 2131/4769/3350 597/4061/2846 1247/4302/3016
f 2131/4769/3350 1247/4302/3016 2137/4773/3354
f 2131/4769/3350 2137/4773/3354 2139/4774/3355
f 2131/4769/3350 2139/4774/3355 2132/4770/3351
f 1886/4628/3252 1885/4627/3251 2141/4775/3356
f 1886/4628/3252 2141/4775/3356 2143/4776/3357
f 1886/4628/3252 2143/4776/3357 2145/4777/3358
f 1886/4628/3252 2145/4777/3358 2148/4778/3359
f 1886/4628/3252 2148/4778/3359 1252/4304/3018
f 1886/4628/3252 1252/4304/3018 1343/4353/3055
f 2148/4778/3359 2145/4777/3358 1748/4553/3201
f 2148/4778/3359 1748/4553/3201 1483/4409/3101
f 2148/4778/3359 1483/4409/3101 1252/4304/3018
f 1757/4557/2242 1756/4556/3203 2153/4779/3360
f 1757/4557/2242 2153/4779/3360 2156/4780/3361
f 1757/4557/2242 2156/4780/3361 1511/4427/3116
f 1757/4557/2242 1511/4427/3116 1510/4426/2242
f 2010/4709/3307 2009/4708/3306 2014/4712/3310
f 2010/4709/3307 2014/4712/3310 1781/4569/3211
f 2010/4709/3307 1781/4569/3211 1762/4561/3205
f 1895/4638/3260 1893/4637/3259 1899/4643/3265
f 1895/4638/3260 1899/4643/3265 2160/4781/3362
f 1895/4638/3260 2160/4781/3362 2163/4782/3363
f 1895/4638/3260 2163/4782/3363 2165/4783/3364
f 1894/4639/3261 2164/4784/3364 2167/4785/3365
f 1894/4639/3261 2167/4785/3365 1896/4640/3262
f 2160/4781/3362 1899/4643/3265 1898/4642/3264
f 2160/4781/3362 1898/4642/3264 1910/4650/3269
f 2160/4781/3362 1910/4650/3269 2170/4786/3366
f 2160/4781/3362 2170/4786/3366 2163/4782/3363
f 1803/4579/3217 1796/4577/3215 2175/4787/3367
f 1803/4579/3217 2175/4787/3367 2179/4788/3368
f 1802/4789/3217 2178/4790/3368 2181/4791/3369
f 1802/4789/3217 2181/4791/3369 2183/4792/3370
f 1803/4579/3217 2184/4793/3370 1810/4582/3220
f 1803/4579/3217 1810/4582/3220 1804/4580/3218
f 2187/4794/3371 1825/4594/3226 1902/4645/3267
f 2187/4794/3371 1902/4645/3267 2021/4715/3312
f 2187/4794/3371 2021/4715/3312 2190/4795/3372
f 2187/4794/3371 2190/4795/3372 2192/4796/3373
f 2187/4794/3371 2192/4796/3373 1828/4595/3227
f 2187/4794/3371 1828/4595/3227 1825/4594/3226
f 1837/4797/3230 1833/4720/2271 2196/4798/3374
f 1836/4599/3230 2194/4799/3374 2204/4800/3375
f 1836/4599/3230 2204/4800/3375 2025/4716/3313
f 1836/4599/3230 2025/4716/3313 1817/4588/3223
f 1685/4519/3178 1683/4518/3177 2210/4801/3376
f 1686/4521/3178 2211/4802/3376 2214/4803/3377
f 1686/4521/3178 2214/4803/3377 2051/4725/3321
f 1686/4521/3178 2051/4725/3321 1386/4375/3071
f 1400/4380/3076 1398/4379/3075 2218/4804/3378
f 1400/4380/3076 2218/4804/3378 2221/4805/3379
f 1400/4380/3076 2221/4805/3379 1019/4806/2943
f 1400/4380/3076 1019/4806/2943 1013/4381/2942
f 2224/4807/3380 693/4099/2869 691/4098/2868
f 2224/4807/3380 691/4098/2868 1307/4339/3044
f 2224/4807/3380 1307/4339/3044 2226/4808/3381
f 2224/4807/3380 2226/4808/3381 2227/4809/3382
f 2224/4807/3380 2227/4809/3382 1404/4810/3383
f 2224/4807/3380 1404/4810/3383 693/4099/2869
f 1307/4339/3044 691/4098/2868 713/4103/2871
f 1417/4388/3081 2071/4737/3330 2229/4811/3384
f 1417/4388/3081 2229/4811/3384 1698/4527/3182
f 1417/4388/3081 1698/4527/3182 866/4148/2903
f 1573/4459/3135 1570/4458/3134 2231/4812/3385
f 1573/4459/3135 2231/4812/3385 2233/4813/3386
f 1573/4459/3135 2233/4813/3386 2236/4814/3387
f 1573/4459/3135 2236/4814/3387 751/4815/2875
f 1573/4459/3135 751/4815/2875 737/4460/3136
f 2244/4816/3388 773/4119/2880 1919/4652/3271
f 2241/4817/3388 1918/4818/3271 2249/4819/3389
f 2241/4817/3388 2249/4819/3389 2252/4820/3390
f 2242/4821/3388 2253/4822/3390 2230/4823/3385
f 2243/4824/3388 2231/4812/3385 1570/4458/3134
f 2244/4816/3388 1571/4825/3134 773/4119/2880
f 2256/4826/3391 1026/4203/2946 1579/4462/3138
f 2256/4826/3391 1579/4462/3138 1940/4662/3276
f 2256/4826/3391 1940/4662/3276 2259/4827/3392
f 2256/4826/3391 2259/4827/3392 2263/4828/3393
f 2256/4826/3391 2263/4828/3393 1916/4829/3270
f 2256/4826/3391 1916/4829/3270 1026/4203/2946
f 2267/4830/3394 332/3980/2792 1945/4669/3281
f 2266/4831/3394 1944/4668/3280 2269/4832/3395
f 2266/4831/3394 2269/4832/3395 2271/4833/3396
f 2267/4830/3394 2272/4834/3396 2275/4835/3397
f 2267/4830/3394 2275/4835/3397 1326/4345/3050
f 2267/4830/3394 1326/4345/3050 332/3980/2792
f 1871/4619/3244 1870/4618/3243 2277/4836/3398
f 1871/4619/3244 2277/4836/3398 2281/4837/3399
f 1871/4619/3244 2281/4837/3399 2285/4838/3400
f 1871/4619/3244 2285/4838/3400 2086/4745/3333
f 1871/4619/3244 2086/4745/3333 1081/4223/2959
f 1878/4624/3248 1876/4623/3247 2293/4839/3401
f 1878/4624/3248 2293/4839/3401 1957/4673/3285
f 1878/4624/3248 1957/4673/3285 1093/4230/2966
f 1878/4624/3248 1093/4230/2966 1091/4228/2964
f 1961/4675/3287 1958/4674/3286 2299/4840/3402
f 1960/4677/3287 2298/4841/3402 2303/4842/3403
f 1960/4677/3287 2303/4842/3403 2108/4754/3341
f 1960/4677/3287 2108/4754/3341 542/4049/2836
f 1614/4481/3152 1612/4480/3151 2305/4843/3404
f 1614/4481/3152 2305/4843/3404 2308/4844/3405
f 1614/4481/3152 2308/4844/3405 2309/4845/3406
f 1614/4481/3152 2309/4845/3406 2312/4846/3407
f 1614/4481/3152 2312/4846/3407 1745/4549/3199
f 1614/4481/3152 1745/4549/3199 1616/4482/3153
f 1624/4847/3155 1231/4297/3011 2314/4848/3408
f 1625/4488/3155 2315/4849/3408 2319/4850/3409
f 1625/4488/3155 2319/4850/3409 2305/4843/3404
f 1625/4488/3155 2305/4843/3404 1612/4480/3151
f 2325/4851/3410 1254/4305/3019 1487/4412/3103
f 2325/4851/3410 1487/4412/3103 2327/4852/3411
f 2325/4851/3410 2327/4852/3411 2330/4853/3412
f 2325/4851/3410 2330/4853/3412 2334/4854/3413
f 2325/4851/3410 2334/4854/3413 1254/4305/3019
f 2333/4855/3413 2329/4856/3412 1989/4695/3297
f 2333/4855/3413 1989/4695/3297 1257/4307/3021
f 2334/4854/3413 1258/4306/3020 1254/4305/3019
f 1748/4553/3201 2145/4777/3358 2338/4857/3414
f 1748/4553/3201 2338/4857/3414 2341/4858/3415
f 1748/4553/3201 2341/4858/3415 1999/4859/3301
f 1749/4860/3201 2000/4699/3301 1752/4555/3202
f 1647/4497/3161 1645/4496/3160 2344/4861/3416
f 1648/4862/3417 2345/4863/3416 2348/4864/3418
f 1647/4497/3161 2347/4865/3419 2349/4866/3420
f 1647/4497/3161 2349/4866/3420 2351/4867/3421
f 1647/4497/3161 2351/4867/3421 1111/4239/2975
f 1647/4497/3161 1111/4239/2975 1109/4238/2974
f 2353/4868/3422 1522/4430/3119 1517/4429/3118
f 2353/4868/3422 1517/4429/3118 2357/4869/3423
f 2353/4868/3422 2357/4869/3423 2360/4870/3424
f 2354/4871/3422 2362/4872/3424 2174/4873/3367
f 2355/4874/3422 2175/4787/3367 1796/4577/3215
f 2355/4874/3422 1796/4577/3215 1523/4576/3119
f 2363/4875/3425 1907/4649/3268 2027/4717/3314
f 2363/4875/3425 2027/4717/3314 2367/4876/3426
f 2363/4875/3425 2367/4876/3426 2370/4877/3427
f 2363/4875/3425 2370/4877/3427 2170/4786/3366
f 2363/4875/3425 2170/4786/3366 1910/4650/3269
f 2363/4875/3425 1910/4650/3269 1907/4649/3268
f 2373/4878/3428 1122/4245/2980 1556/4448/3130
f 2373/4878/3428 1556/4448/3130 1551/4446/3128
f 2373/4878/3428 1551/4446/3128 2377/4879/3429
f 2373/4878/3428 2377/4879/3429 2378/4880/3430
f 2373/4878/3428 2378/4880/3430 2380/4881/3431
f 2373/4878/3428 2380/4881/3431 2381/4882/3432
f 2373/4878/3428 2381/4882/3432 2382/4883/3433
f 2373/4878/3428 2382/4883/3433 1122/4245/2980
f 1656/4503/3166 1122/4245/2980 2382/4883/3433
f 1656/4503/3166 2382/4883/3433 2381/4882/3432
f 1656/4503/3166 2381/4882/3432 2384/4884/3434
f 1657/4885/3166 2385/4886/3434 2387/4887/3435
f 1657/4885/3166 2387/4887/3435 1644/4888/3159
f 1815/4584/3222 1812/4583/3221 2393/4889/3436
f 1814/4890/3222 2392/4891/3437 2394/4892/3438
f 1815/4584/3222 2395/4893/3438 2031/4718/3315
f 1815/4584/3222 2031/4718/3315 1532/4438/3122
f 2398/4894/3439 1830/4895/3229 1828/4595/3227
f 2398/4894/3439 1828/4595/3227 2192/4796/3373
f 2398/4894/3439 2192/4796/3373 2400/4896/3440
f 2398/4894/3439 2400/4896/3440 2402/4897/3441
f 2398/4894/3439 2402/4897/3441 1843/4898/3232
f 2398/4894/3439 1843/4898/3232 1830/4895/3229
f 2404/4899/3442 1292/4329/3036 1291/4328/3035
f 2404/4899/3442 1291/4328/3035 2046/4900/3320
f 2404/4899/3442 2046/4900/3320 2408/4901/3443
f 2404/4899/3442 2408/4901/3443 2412/4902/3444
f 2404/4899/3442 2412/4902/3444 1292/4329/3036
f 1550/4445/3127 1292/4329/3036 2412/4902/3444
f 1550/4445/3127 2412/4902/3444 2413/4903/3445
f 1550/4445/3127 2413/4903/3445 2414/4904/3446
f 1550/4445/3127 2414/4904/3446 1551/4446/3128
f 2416/4905/3447 990/4191/2936 988/4190/2935
f 2416/4905/3447 988/4190/2935 1004/4195/2940
f 2416/4905/3447 1004/4195/2940 2421/4906/3448
f 2415/4907/3447 2420/4908/3448 2422/4909/3449
f 2415/4907/3447 2422/4909/3449 2425/4910/3450
f 2415/4907/3447 2425/4910/3450 2426/4911/3451
f 2415/4907/3447 2426/4911/3451 2430/4912/3452
f 2415/4907/3447 2430/4912/3452 989/4603/2936
f 1847/4604/3233 989/4603/2936 2430/4912/3452
f 1847/4604/3233 2430/4912/3452 2432/4913/3453
f 1847/4604/3233 2432/4913/3453 2434/4914/3454
f 1846/4915/3455 2433/4916/3454 1304/4337/3042
f 2421/4906/3448 1004/4195/2940 1001/4194/2939
f 2421/4906/3448 1001/4194/2939 2441/4917/3456
f 2420/4908/3448 2439/4918/3456 2444/4919/3457
f 2420/4908/3448 2444/4919/3457 2422/4909/3449
f 1696/4524/3181 1701/4528/3183 2448/4920/3458
f 1696/4524/3181 2448/4920/3458 2440/4921/3456
f 1697/4922/3181 2441/4917/3456 1001/4194/2939
f 2451/4923/3459 751/4815/2875 2236/4814/3387
f 2451/4923/3459 2236/4814/3387 2454/4924/3460
f 2452/4925/3459 2455/4926/3460 2457/4927/3461
f 2452/4925/3459 2457/4927/3461 2460/4928/3462
f 2452/4925/3459 2460/4928/3462 1702/4529/3184
f 2452/4925/3459 1702/4529/3184 752/4114/2875
f 2464/4929/3463 1079/4220/2958 1339/4930/3053
f 2464/4929/3463 1339/4930/3053 2468/4931/3464
f 2464/4929/3463 2468/4931/3464 2472/4932/3465
f 2464/4929/3463 2472/4932/3465 2474/4933/3466
f 2464/4929/3463 2474/4933/3466 1464/4400/3092
f 2464/4929/3463 1464/4400/3092 1079/4220/2958
f 2477/4934/3467 1097/4231/2967 1995/4698/3300
f 2477/4934/3467 1995/4698/3300 2481/4935/3468
f 2477/4934/3467 2481/4935/3468 1984/4691/3293
f 2477/4934/3467 1984/4691/3293 1099/4232/2968
f 2477/4934/3467 1099/4232/2968 1097/4231/2967
f 1989/4695/3297 1260/4308/3022 1257/4307/3021
f 2483/4936/3469 1111/4239/2975 2351/4867/3421
f 2483/4936/3469 2351/4867/3421 2488/4937/3470
f 2483/4936/3469 2488/4937/3470 2327/4852/3411
f 2483/4936/3469 2327/4852/3411 1487/4412/3103
f 2483/4936/3469 1487/4412/3103 1111/4239/2975
f 2492/4938/3471 1511/4427/3116 2156/4780/3361
f 2492/4938/3471 2156/4780/3361 2494/4939/3472
f 2492/4938/3471 2494/4939/3472 2357/4869/3423
f 2492/4938/3471 2357/4869/3423 1517/4429/3118
f 2492/4938/3471 1517/4429/3118 1511/4427/3116
f 2012/4710/3308 1897/4641/3263 1896/4640/3262
f 2012/4710/3308 1896/4640/3262 2167/4785/3365
f 2012/4710/3308 2167/4785/3365 2503/4940/3473
f 2012/4710/3308 2503/4940/3473 2507/4941/3474
f 2012/4710/3308 2507/4941/3474 2510/4942/3475
f 2012/4710/3308 2510/4942/3475 2013/4711/3309
f 2037/4719/3316 2031/4718/3315 2512/4943/3476
f 2036/4944/3316 2511/4945/3476 2513/4946/3477
f 2037/4719/3316 2514/4947/3478 2196/4798/3374
f 2037/4719/3316 2196/4798/3374 1833/4720/2271
f 2414/4904/3446 2413/4903/3445 2517/4948/3479
f 2414/4904/3446 2517/4948/3479 2377/4879/3429
f 2414/4904/3446 2377/4879/3429 1551/4446/3128
f 2210/4801/3376 1683/4518/3177 1842/4601/3232
f 2212/4949/3480 1843/4898/3232 2402/4897/3441
f 2209/4950/3376 2401/4951/3441 2524/4952/3481
f 2209/4950/3376 2524/4952/3481 2213/4953/3377
f 2045/4724/3320 1290/4954/3482 1287/4326/3034
f 2055/4726/3322 2051/4725/3321 2529/4955/3483
f 2054/4956/3322 2528/4957/3483 2531/4958/3484
f 2054/4956/3322 2531/4958/3484 2217/4959/3485
f 2055/4726/3322 2218/4804/3378 1398/4379/3075
f 2533/4960/3486 1143/4258/2987 1139/4257/2986
f 2533/4960/3486 1139/4257/2986 2064/4731/3326
f 2533/4960/3486 2064/4731/3326 2535/4961/3487
f 2533/4960/3486 2535/4961/3487 2040/4721/3317
f 2533/4960/3486 2040/4721/3317 1143/4258/2987
f 1561/4450/3132 1557/4449/3131 2538/4962/3488
f 1561/4450/3132 2538/4962/3488 2544/4963/3489
f 1561/4450/3132 2544/4963/3489 2546/4964/3490
f 1561/4450/3132 2546/4964/3490 2547/4965/3491
f 1561/4450/3132 2547/4965/3491 1431/4390/3083
f 1561/4450/3132 1431/4390/3083 1426/4389/3082
f 1851/4608/3235 1848/4607/3234 2548/4966/3492
f 1851/4608/3235 2548/4966/3492 2067/4734/3327
f 1851/4608/3235 2067/4734/3327 1314/4341/3046
f 1851/4608/3235 1314/4341/3046 1310/4340/3045
f 2550/4967/3493 1168/4269/2994 1710/4534/3188
f 2550/4967/3493 1710/4534/3188 2552/4968/3494
f 2550/4967/3493 2552/4968/3494 2554/4969/3495
f 2550/4967/3493 2554/4969/3495 1924/4656/3273
f 2550/4967/3493 1924/4656/3273 1172/4270/2995
f 2550/4967/3493 1172/4270/2995 1168/4269/2994
f 2556/4970/3496 1201/4286/3003 1199/4971/3497
f 2557/4972/3496 1200/4283/3002 2561/4973/3498
f 2558/4974/3496 2562/4975/3498 2564/4976/3499
f 2556/4970/3496 2563/4977/3499 1873/4620/3245
f 2556/4970/3496 1873/4620/3245 1201/4286/3003
f 2094/4749/3336 2092/4748/3335 2567/4978/3500
f 2094/4749/3336 2567/4978/3500 2570/4979/3501
f 2094/4749/3336 2570/4979/3501 2281/4837/3399
f 2094/4749/3336 2281/4837/3399 2277/4836/3398
f 2094/4749/3336 2277/4836/3398 1870/4618/3243
f 1230/4296/3010 1228/4295/3009 2572/4980/3502
f 1230/4296/3010 2572/4980/3502 2573/4981/3503
f 1230/4296/3010 2573/4981/3503 2314/4848/3408
f 1230/4296/3010 2314/4848/3408 1231/4297/3011
f 1984/4691/3293 1100/4233/2969 1099/4232/2968
f 2001/4702/3302 1998/4982/3504 2340/4983/3415
f 2001/4702/3302 2340/4983/3415 2575/4984/3505
f 2001/4702/3302 2575/4984/3505 2580/4985/3506
f 2001/4702/3302 2580/4985/3506 2583/4986/3507
f 2001/4702/3302 2583/4986/3507 2008/4707/3305
f 2001/4702/3302 2008/4707/3305 2005/4703/3303
f 2009/4708/3306 2008/4707/3305 2583/4986/3507
f 2009/4708/3306 2583/4986/3507 2589/4987/3508
f 2009/4708/3306 2589/4987/3508 2590/4988/3509
f 2009/4708/3306 2590/4988/3509 2591/4989/3510
f 2009/4708/3306 2591/4989/3510 2014/4712/3310
f 2018/4990/3511 2014/4712/3310 2591/4989/3510
f 2018/4990/3511 2591/4989/3510 2593/4991/3512
f 2019/4714/3311 2594/4992/3512 2596/4993/3513
f 2019/4714/3311 2596/4993/3513 2021/4715/3312
f 2600/4994/3514 2025/4716/3313 2204/4800/3375
f 2600/4994/3514 2204/4800/3375 2605/4995/3515
f 2599/4996/3514 2604/4997/3515 2609/4998/3516
f 2600/4994/3514 2610/4999/3516 2367/4876/3426
f 2600/4994/3514 2367/4876/3426 2027/4717/3314
f 2600/4994/3514 2027/4717/3314 2025/4716/3313
f 2064/4731/3326 1139/4257/2986 1136/4256/2985
f 2220/5000/3379 2217/4959/3485 2613/5001/3517
f 2220/5000/3379 2613/5001/3517 2615/5002/3518
f 2222/5003/3379 2616/5004/3518 2540/5005/3488
f 2219/5006/3379 2539/5007/3488 1558/5008/3519
f 2221/4805/3379 1559/5009/3131 1019/4806/2943
f 2433/4916/3454 2431/5010/3453 2618/5011/3520
f 2433/4916/3454 2618/5011/3520 2620/5012/3521
f 2433/4916/3454 2620/5012/3521 1306/4338/3043
f 2433/4916/3454 1306/4338/3043 1304/4337/3042
f 2460/4928/3462 2457/4927/3461 2622/5013/3522
f 2460/4928/3462 2622/5013/3522 2548/4966/3492
f 2460/4928/3462 2548/4966/3492 1848/4607/3234
f 2460/4928/3462 1848/4607/3234 1702/4529/3184
f 2249/4819/3389 1918/4818/3271 1915/5014/3270
f 2249/4819/3389 1915/5014/3270 2262/5015/3523
f 2249/4819/3389 2262/5015/3523 2626/5016/3524
f 2249/4819/3389 2626/5016/3524 2252/4820/3390
f 2631/5017/3525 1858/4611/3238 1855/4610/3237
f 2631/5017/3525 1855/4610/3237 2635/5018/3526
f 2630/5019/3525 2634/5020/3526 2636/5021/3527
f 2630/5019/3525 2636/5021/3527 2637/5022/3528
f 2630/5019/3525 2637/5022/3528 1938/4661/3275
f 2630/5019/3525 1938/4661/3275 1857/4660/3238
f 1735/4541/3194 1733/4540/3193 1952/4671/3283
f 1735/4541/3194 1952/4671/3283 2641/5023/3529
f 1735/4541/3194 2641/5023/3529 2642/5024/3530
f 1735/4541/3194 2642/5024/3530 2644/5025/3531
f 1735/4541/3194 2644/5025/3531 1737/4542/3195
f 2293/4839/3401 1876/4623/3247 2647/5026/3532
f 2293/4839/3401 2647/5026/3532 2651/5027/3533
f 2293/4839/3401 2651/5027/3533 2653/5028/3534
f 2293/4839/3401 2653/5028/3534 2659/5029/3535
f 2293/4839/3401 2659/5029/3535 1958/4674/3286
f 2293/4839/3401 1958/4674/3286 1957/4673/3285
f 2663/5030/3536 2086/4745/3333 2285/4838/3400
f 2663/5030/3536 2285/4838/3400 2665/5031/3537
f 2663/5030/3536 2665/5031/3537 2089/4746/3334
f 2663/5030/3536 2089/4746/3334 2086/4745/3333
f 2103/4752/3339 2099/4751/3338 2669/5032/3538
f 2103/4752/3339 2669/5032/3538 2467/5033/3464
f 2103/4752/3339 2467/5033/3464 1338/4350/3053
f 2103/4752/3339 1338/4350/3053 1333/4349/3052
f 2674/5034/3539 1477/4407/3099 2133/4772/3353
f 2674/5034/3539 2133/4772/3353 2678/5035/3540
f 2674/5034/3539 2678/5035/3540 2572/4980/3502
f 2674/5034/3539 2572/4980/3502 1228/4295/3009
f 2674/5034/3539 1228/4295/3009 1477/4407/3099
f 1884/4626/3250 1979/4688/3292 1976/5036/3291
f 1884/4626/3250 1976/5036/3291 2681/5037/3541
f 1884/4626/3250 2681/5037/3541 2684/5038/3542
f 1884/4626/3250 2684/5038/3542 2141/4775/3356
f 1884/4626/3250 2141/4775/3356 1885/4627/3251
f 2153/4779/3360 1756/4556/3203 2013/4711/3309
f 2153/4779/3360 2013/4711/3309 2510/4942/3475
f 2153/4779/3360 2510/4942/3475 2690/5039/3543
f 2154/5040/3360 2691/5041/3543 2692/5042/3544
f 2154/5040/3360 2692/5042/3544 2696/5043/3545
f 2153/4779/3360 2695/5044/3545 2156/4780/3361
f 2361/5045/3424 2358/5046/3423 2698/5047/3546
f 2361/5045/3424 2698/5047/3546 2700/5048/3547
f 2361/5045/3424 2700/5048/3547 2703/5049/3548
f 2362/4872/3424 2704/5050/3549 2707/5051/3550
f 2362/4872/3424 2707/5051/3550 2178/4790/3368
f 2362/4872/3424 2178/4790/3368 2174/4873/3367
f 2596/4993/3513 2594/4992/3512 2711/5052/3551
f 2596/4993/3513 2711/5052/3551 2713/5053/3213
f 2596/4993/3513 2713/5053/3213 2716/5054/3552
f 2596/4993/3513 2716/5054/3552 2190/4795/3372
f 2596/4993/3513 2190/4795/3372 2021/4715/3312
f 2183/4792/3370 2181/4791/3369 2720/5055/3553
f 2183/4792/3370 2720/5055/3553 2721/5056/3554
f 2183/4792/3370 2721/5056/3554 2724/5057/3555
f 2183/4792/3370 2724/5057/3555 2392/4891/3437
f 2183/4792/3370 2392/4891/3437 1811/5058/3221
f 2184/4793/3370 1812/4583/3221 1810/4582/3220
f 2407/5059/3443 2045/4724/3320 2728/5060/3556
f 2408/4901/3443 2729/5061/3556 2733/5062/3557
f 2408/4901/3443 2733/5062/3557 2738/5063/3558
f 2408/4901/3443 2738/5063/3558 2740/5064/3559
f 2408/4901/3443 2740/5064/3559 2413/4903/3445
f 2408/4901/3443 2413/4903/3445 2412/4902/3444
f 2742/5065/3560 1306/4338/3043 2620/5012/3521
f 2742/5065/3560 2620/5012/3521 2746/5066/3561
f 2742/5065/3560 2746/5066/3561 2747/5067/3562
f 2742/5065/3560 2747/5067/3562 2226/4808/3381
f 2742/5065/3560 2226/4808/3381 1307/4339/3044
f 2742/5065/3560 1307/4339/3044 1306/4338/3043
f 2227/4809/3382 2226/4808/3381 2747/5067/3562
f 2228/5068/3563 2748/5069/3562 2753/5070/3564
f 2228/5068/3563 2753/5070/3564 1408/4385/3078
f 2228/5068/3563 1408/4385/3078 1405/4384/3077
f 1433/4391/3084 1431/4390/3083 2547/4965/3491
f 1433/4391/3084 2547/4965/3491 2757/5071/3565
f 1433/4391/3084 2757/5071/3565 2759/5072/3566
f 1433/4391/3084 2759/5072/3566 1716/4535/3189
f 2762/5073/3567 1938/4661/3275 2637/5022/3528
f 2762/5073/3567 2637/5022/3528 2636/5021/3527
f 2762/5073/3567 2636/5021/3527 2765/5074/3568
f 2762/5073/3567 2765/5074/3568 2767/5075/3569
f 2762/5073/3567 2767/5075/3569 2770/5076/3570
f 2762/5073/3567 2770/5076/3570 2773/5077/3571
f 2762/5073/3567 2773/5077/3571 1940/4662/3276
f 2762/5073/3567 1940/4662/3276 1938/4661/3275
f 1720/5078/3572 1717/5079/3189 2776/5080/3573
f 1720/5078/3572 2776/5080/3573 2778/5081/3574
f 1720/5078/3572 2778/5081/3574 2779/5082/3575
f 1720/5078/3572 2779/5082/3575 1941/4665/3278
f 1720/5078/3572 1941/4665/3278 1722/4664/3277
f 2269/4832/3395 1944/4668/3280 1464/4400/3092
f 2269/4832/3395 1464/4400/3092 2783/5083/3576
f 2269/4832/3395 2783/5083/3576 2784/5084/3577
f 2269/4832/3395 2784/5084/3577 2786/5085/3578
f 2269/4832/3395 2786/5085/3578 2271/4833/3396
f 1949/4670/3282 1327/4347/3050 2276/5086/3397
f 1949/4670/3282 2276/5086/3397 2790/5087/3579
f 1949/4670/3282 2790/5087/3579 2641/5023/3529
f 1949/4670/3282 2641/5023/3529 1952/4671/3283
f 2792/5088/3580 1200/4283/3002 1741/4547/3198
f 2792/5088/3580 1741/4547/3198 2794/5089/3581
f 2793/5090/3580 2795/5091/3581 2798/5092/3582
f 2792/5088/3580 2797/5093/3582 2804/5094/3583
f 2792/5088/3580 2804/5094/3583 2806/5095/3584
f 2792/5088/3580 2806/5095/3584 2561/4973/3498
f 2792/5088/3580 2561/4973/3498 1200/4283/3002
f 2123/4766/3347 1470/4404/3096 1606/4476/3149
f 2123/4766/3347 1606/4476/3149 2808/5096/3585
f 2123/4766/3347 2808/5096/3585 2809/5097/3586
f 2123/4766/3347 2809/5097/3586 2810/5098/3587
f 2123/4766/3347 2810/5098/3587 2813/5099/3588
f 2123/4766/3347 2813/5099/3588 2124/4767/3348
f 2818/5100/3589 1213/4289/3005 2124/4767/3348
f 2818/5100/3589 2124/4767/3348 2822/5101/3590
f 2820/5102/3591 2823/5103/3590 2648/5104/3532
f 2819/5105/3592 2647/5026/3532 1876/4623/3247
f 2819/5105/3592 1876/4623/3247 1214/4622/3005
f 2825/5106/3593 1745/4549/3199 2312/4846/3407
f 2825/5106/3593 2312/4846/3407 2826/5107/3594
f 2825/5106/3593 2826/5107/3594 2828/5108/3595
f 2824/5109/3593 2827/5110/3595 2829/5111/3596
f 2825/5106/3593 2830/5112/3596 1747/4550/3200
f 2825/5106/3593 1747/4550/3200 1745/4549/3199
f 2829/5111/3596 2827/5110/3595 2831/5113/3597
f 2829/5111/3596 2831/5113/3597 2808/5096/3585
f 2829/5111/3596 2808/5096/3585 1606/4476/3149
f 2829/5111/3596 1606/4476/3149 1603/4475/3148
f 2829/5111/3596 1603/4475/3148 1746/5114/3200
f 2318/5115/3409 2314/4848/3408 2832/5116/3598
f 2319/4850/3409 2833/5117/3599 2834/5118/3600
f 2319/4850/3409 2834/5118/3600 2308/4844/3405
f 2319/4850/3409 2308/4844/3405 2305/4843/3404
f 2137/4773/3354 1247/4302/3016 1244/4300/3014
f 2137/4773/3354 1244/4300/3014 1987/4694/3296
f 2137/4773/3354 1987/4694/3296 2836/5119/3601
f 2137/4773/3354 2836/5119/3601 2844/5120/3602
f 2137/4773/3354 2844/5120/3602 2845/5121/3603
f 2137/4773/3354 2845/5121/3603 2849/5122/3604
f 2137/4773/3354 2849/5122/3604 2677/5123/3540
f 2137/4773/3354 2677/5123/3540 2139/4774/3355
f 2488/4937/3470 2351/4867/3421 2349/4866/3420
f 2488/4937/3470 2349/4866/3420 2855/5124/3605
f 2489/5125/3470 2856/5126/3606 2860/5127/3607
f 2488/4937/3470 2859/5128/3608 2861/5129/3609
f 2488/4937/3470 2861/5129/3609 2864/5130/3610
f 2488/4937/3470 2864/5130/3610 2327/4852/3411
f 2495/5131/3472 2157/5132/3361 2696/5043/3545
f 2495/5131/3472 2696/5043/3545 2871/5133/3611
f 2495/5131/3472 2871/5133/3611 2873/5134/3612
f 2495/5131/3472 2873/5134/3612 2698/5047/3546
f 2495/5131/3472 2698/5047/3546 2358/5046/3423
f 2345/4863/3416 1646/5135/3160 1644/4888/3159
f 2345/4863/3416 1644/4888/3159 2387/4887/3435
f 2345/4863/3416 2387/4887/3435 2876/5136/3613
f 2345/4863/3416 2876/5136/3613 2877/5137/3614
f 2345/4863/3416 2877/5137/3614 2879/5138/3615
f 2345/4863/3416 2879/5138/3615 2348/4864/3418
f 2503/4940/3473 2167/4785/3365 2164/4784/3364
f 2505/5139/3616 2165/4783/3364 2883/5140/3617
f 2505/5139/3616 2883/5140/3617 2888/5141/3618
f 2504/5142/3619 2887/5143/3620 2890/5144/3621
f 2504/5142/3619 2890/5144/3621 2894/5145/3622
f 2503/4940/3473 2893/5146/3622 2507/4941/3474
f 2883/5140/3617 2165/4783/3364 2163/4782/3363
f 2883/5140/3617 2163/4782/3363 2897/5147/3623
f 2883/5140/3617 2897/5147/3623 2900/5148/3624
f 2882/5149/3617 2899/5150/3624 2886/5151/3620
f 2897/5147/3623 2163/4782/3363 2170/4786/3366
f 2897/5147/3623 2170/4786/3366 2370/4877/3427
f 2897/5147/3623 2370/4877/3427 2905/5152/3625
f 2896/5153/3623 2904/5154/3625 2899/5150/3624
f 2394/4892/3438 2392/4891/3437 2908/5155/3626
f 2394/4892/3438 2908/5155/3626 2909/5156/3627
f 2394/4892/3438 2909/5156/3627 2511/4945/3476
f 2394/4892/3438 2511/4945/3476 2030/5157/3315
f 2517/4948/3479 2413/4903/3445 2740/5064/3559
f 2517/4948/3479 2740/5064/3559 2912/5158/3628
f 2517/4948/3479 2912/5158/3628 2914/5159/3629
f 2517/4948/3479 2914/5159/3629 2917/5160/3630
f 2517/4948/3479 2917/5160/3630 2378/4880/3430
f 2517/4948/3479 2378/4880/3430 2377/4879/3429
f 2921/5161/3631 1302/4336/3041 1301/4335/3040
f 2921/5161/3631 1301/4335/3040 1408/4385/3078
f 2921/5161/3631 1408/4385/3078 2753/5070/3564
f 2921/5161/3631 2753/5070/3564 2748/5069/3562
f 2921/5161/3631 2748/5069/3562 2928/5162/3632
f 2921/5161/3631 2928/5162/3632 2932/5163/3633
f 2921/5161/3631 2932/5163/3633 2933/5164/3634
f 2921/5161/3631 2933/5164/3634 2938/5165/3635
f 2921/5161/3631 2938/5165/3635 2060/4727/3323
f 2921/5161/3631 2060/4727/3323 1302/4336/3041
f 2426/4911/3451 2425/4910/3450 2940/5166/3636
f 2426/4911/3451 2940/5166/3636 2941/5167/3637
f 2426/4911/3451 2941/5167/3637 2432/4913/3453
f 2426/4911/3451 2432/4913/3453 2430/4912/3452
f 2229/4811/3384 2071/4737/3330 2944/5168/3638
f 2229/4811/3384 2944/5168/3638 2946/5169/3639
f 2229/4811/3384 2946/5169/3639 2948/5170/3640
f 2229/4811/3384 2948/5170/3640 2949/5171/3641
f 2229/4811/3384 2949/5171/3641 1701/4528/3183
f 2229/4811/3384 1701/4528/3183 1698/4527/3182
f 2448/4920/3458 1701/4528/3183 2949/5171/3641
f 2448/4920/3458 2949/5171/3641 2954/5172/3642
f 2448/4920/3458 2954/5172/3642 2956/5173/3643
f 2448/4920/3458 2956/5173/3643 2445/5174/3457
f 2447/5175/3644 2444/4919/3457 2439/4918/3456
f 2957/5176/3645 1854/4609/3236 1925/4658/3274
f 2957/5176/3645 1925/4658/3274 2960/5177/3646
f 2957/5176/3645 2960/5177/3646 2962/5178/3647
f 2957/5176/3645 2962/5178/3647 2967/5179/3648
f 2957/5176/3645 2967/5179/3648 1854/4609/3236
f 2967/5179/3648 2962/5178/3647 2970/5180/3649
f 2967/5179/3648 2970/5180/3649 2972/5181/3650
f 2966/5182/3648 2971/5183/3650 2634/5020/3526
f 2967/5179/3648 2635/5018/3526 1855/4610/3237
f 2967/5179/3648 1855/4610/3237 1854/4609/3236
f 2077/4739/3332 2076/4738/3331 2976/5184/3651
f 2077/4739/3332 2976/5184/3651 2552/4968/3494
f 2077/4739/3332 2552/4968/3494 1710/4534/3188
f 2077/4739/3332 1710/4534/3188 1708/4533/3187
f 2980/5185/3652 1439/4667/3086 1942/4666/3279
f 2980/5185/3652 1942/4666/3279 2982/5186/3653
f 2981/5187/3652 2983/5188/3653 2987/5189/3654
f 2981/5187/3652 2987/5189/3654 1442/4394/3087
f 2981/5187/3652 1442/4394/3087 1440/4393/3086
f 2988/5190/3655 1873/4620/3245 2992/5191/3656
f 2988/5190/3655 2992/5191/3656 2994/5192/3657
f 2989/5193/3655 2995/5194/3657 2997/5195/3658
f 2988/5190/3655 2996/5196/3658 2099/4751/3338
f 2988/5190/3655 2099/4751/3338 1875/4621/3246
f 2988/5190/3655 1875/4621/3246 1873/4620/3245
f 2564/4976/3499 2562/4975/3498 2807/5197/3584
f 2564/4976/3499 2807/5197/3584 3001/5198/3659
f 2564/4976/3499 3001/5198/3659 2995/5194/3657
f 2564/4976/3499 2995/5194/3657 2993/5199/3660
f 2563/4977/3499 2992/5191/3656 1873/4620/3245
f 2474/4933/3466 2472/4932/3465 3012/5200/3661
f 2474/4933/3466 3012/5200/3661 3013/5201/3662
f 2474/4933/3466 3013/5201/3662 2783/5083/3576
f 2474/4933/3466 2783/5083/3576 1464/4400/3092
f 2118/5202/3346 2110/4756/3343 3021/5203/3663
f 2120/5204/3346 3022/5205/3663 3023/5206/3664
f 2120/5204/3346 3023/5206/3664 2568/5207/3500
f 2119/4764/3346 2566/5208/3500 2091/4765/3335
f 2795/5091/3581 1742/4747/3198 2089/4746/3334
f 2795/5091/3581 2089/4746/3334 2665/5031/3537
f 2795/5091/3581 2665/5031/3537 2798/5092/3582
f 2303/4842/3403 2298/4841/3402 3027/5209/3665
f 2303/4842/3403 3027/5209/3665 3030/5210/3666
f 2303/4842/3403 3030/5210/3666 3034/5211/3667
f 2303/4842/3403 3034/5211/3667 2109/4755/3342
f 2303/4842/3403 2109/4755/3342 2108/4754/3341
f 1970/4680/3289 1601/4474/3147 1597/4473/3146
f 1969/5212/3289 1596/5213/3146 3037/5214/3668
f 1969/5212/3289 3037/5214/3668 3040/5215/3669
f 1969/5212/3289 3040/5215/3669 3045/5216/3670
f 1968/5217/3289 3044/5218/3670 3053/5219/3671
f 1968/5217/3289 3053/5219/3671 1972/4683/3290
f 2338/4857/3414 2145/4777/3358 2143/4776/3357
f 2338/4857/3414 2143/4776/3357 3055/5220/3672
f 2339/5221/3414 3056/5222/3672 3058/5223/3673
f 2339/5221/3414 3058/5223/3673 3059/5224/3674
f 2339/5221/3414 3059/5224/3674 2577/5225/3505
f 2338/4857/3414 2576/5226/3675 2341/4858/3415
f 2590/4988/3509 2589/4987/3508 3060/5227/3676
f 2590/4988/3509 3060/5227/3676 3061/5228/3677
f 2590/4988/3509 3061/5228/3677 3063/5229/3678
f 2590/4988/3509 3063/5229/3678 2710/5230/3551
f 2590/4988/3509 2710/5230/3551 2593/4991/3512
f 2590/4988/3509 2593/4991/3512 2591/4989/3510
f 3068/5231/3679 2195/5232/3374 2513/4946/3477
f 3068/5231/3679 2513/4946/3477 3073/5233/3680
f 3067/5234/3681 3072/5235/3680 3075/5236/3682
f 3067/5234/3681 3075/5236/3682 2604/4997/3515
f 3066/5237/3681 2603/5238/3515 2203/5239/3375
f 3065/5240/3681 2202/5241/3683 2193/5242/3374
f 3078/5243/3684 2192/4796/3373 2190/4795/3372
f 3078/5243/3684 2190/4795/3372 2716/5054/3552
f 3078/5243/3684 2716/5054/3552 3080/5244/3685
f 3078/5243/3684 3080/5244/3685 3082/5245/3686
f 3078/5243/3684 3082/5245/3686 2400/4896/3440
f 3078/5243/3684 2400/4896/3440 2192/4796/3373
f 2529/4955/3483 2051/4725/3321 2214/4803/3377
f 2528/4957/3483 2213/4953/3377 3084/5246/3687
f 2528/4957/3483 3084/5246/3687 3085/5247/3688
f 2528/4957/3483 3085/5247/3688 2531/4958/3484
f 2454/4924/3460 2236/4814/3387 2233/4813/3386
f 2454/4924/3460 2233/4813/3386 3087/5248/3689
f 2454/4924/3460 3087/5248/3689 3089/5249/3690
f 2454/4924/3460 3089/5249/3690 3091/5250/3691
f 2454/4924/3460 3091/5250/3691 2456/5251/3461
f 2773/5077/3571 2770/5076/3570 3094/5252/3692
f 2773/5077/3571 3094/5252/3692 2263/4828/3393
f 2773/5077/3571 2263/4828/3393 2259/4827/3392
f 2773/5077/3571 2259/4827/3392 1940/4662/3276
f 3097/5253/3693 2067/4734/3327 2548/4966/3492
f 3097/5253/3693 2548/4966/3492 3101/5254/3694
f 3096/5255/3693 3100/5256/3694 3103/5257/3695
f 3096/5255/3693 3103/5257/3695 2069/5258/3696
f 3097/5253/3693 2070/4735/3328 2067/4734/3327
f 3108/5259/3697 1860/4742/3239 1445/4741/3088
f 3108/5259/3697 1445/4741/3088 1441/5260/3087
f 3108/5259/3697 1441/5260/3087 2986/5261/3654
f 3108/5259/3697 2986/5261/3654 3110/5262/3698
f 3108/5259/3697 3110/5262/3698 3112/5263/3699
f 3108/5259/3697 3112/5263/3699 3114/5264/3700
f 3108/5259/3697 3114/5264/3700 1860/4742/3239
f 3117/5265/3701 1860/4742/3239 3114/5264/3700
f 3117/5265/3701 3114/5264/3700 3119/5266/3702
f 3118/5267/3701 3120/5268/3702 3123/5269/3703
f 3118/5267/3701 3123/5269/3703 3124/5270/3704
f 3118/5267/3701 3124/5270/3704 1864/4615/3240
f 3118/5267/3701 1864/4615/3240 1862/4614/3239
f 2961/5271/3646 1926/4657/3274 1924/4656/3273
f 2961/5271/3646 1924/4656/3273 3128/5272/3705
f 2961/5271/3646 3128/5272/3705 3129/5273/3706
f 2961/5271/3646 3129/5273/3706 3130/5274/3707
f 2961/5271/3646 3130/5274/3707 2963/5275/3708
f 2554/4969/3495 2552/4968/3494 3133/5276/3709
f 2554/4969/3495 3133/5276/3709 3129/5273/3706
f 2554/4969/3495 3129/5273/3706 3128/5272/3705
f 2554/4969/3495 3128/5272/3705 1924/4656/3273
f 2659/5029/3535 2653/5028/3534 3138/5277/3710
f 2659/5029/3535 3138/5277/3710 2299/4840/3402
f 2659/5029/3535 2299/4840/3402 1958/4674/3286
f 3140/5278/3711 1592/4543/3144 1737/4542/3195
f 3140/5278/3711 1737/4542/3195 2644/5025/3531
f 3140/5278/3711 2644/5025/3531 3143/5279/3712
f 3140/5278/3711 3143/5279/3712 3146/5280/3712
f 3140/5278/3711 3146/5280/3712 1592/4543/3144
f 3147/5281/3712 3144/5282/3712 3153/5283/3713
f 3146/5280/3712 3152/5284/3713 3040/5215/3669
f 3146/5280/3712 3040/5215/3669 3037/5214/3668
f 3146/5280/3712 3037/5214/3668 1592/4543/3144
f 1592/4543/3144 3037/5214/3668 1596/5213/3146
f 2677/5123/3540 2132/4770/3351 2139/4774/3355
f 2481/4935/3468 1995/4698/3300 1994/4697/3299
f 2481/4935/3468 1994/4697/3299 3156/5285/3714
f 2481/4935/3468 3156/5285/3714 3158/5286/3715
f 2481/4935/3468 3158/5286/3715 3161/5287/3716
f 2481/4935/3468 3161/5287/3716 3164/5288/3717
f 2481/4935/3468 3164/5288/3717 1984/4691/3293
f 2330/4853/3412 2327/4852/3411 2864/5130/3610
f 2330/4853/3412 2864/5130/3610 3171/5289/3718
f 2329/4856/3412 3170/5290/3719 3175/5291/3720
f 2329/4856/3412 3175/5291/3720 3176/5292/3721
f 2329/4856/3412 3176/5292/3721 1989/4695/3297
f 3179/5293/3722 1989/4695/3297 3176/5292/3721
f 3179/5293/3722 3176/5292/3721 3175/5291/3720
f 3179/5293/3722 3175/5291/3720 3185/5294/3723
f 3179/5293/3722 3185/5294/3723 3156/5285/3714
f 3179/5293/3722 3156/5285/3714 1993/4696/3298
f 3179/5293/3722 1993/4696/3298 1989/4695/3297
f 2581/5295/3506 2577/5225/3505 3059/5224/3674
f 2581/5295/3506 3059/5224/3674 3191/5296/3724
f 2581/5295/3506 3191/5296/3724 3194/5297/3725
f 2580/4985/3506 3193/5298/3725 3060/5227/3676
f 2580/4985/3506 3060/5227/3676 2589/4987/3508
f 2580/4985/3506 2589/4987/3508 2583/4986/3507
f 3197/5299/3726 2402/4897/3441 2400/4896/3440
f 3197/5299/3726 2400/4896/3440 3082/5245/3686
f 3197/5299/3726 3082/5245/3686 3201/5300/3727
f 3196/5301/3726 3200/5302/3727 3202/5303/3728
f 3196/5301/3726 3202/5303/3728 2524/4952/3481
f 3197/5299/3726 2525/5304/3481 2402/4897/3441
f 3205/5305/3729 2045/4724/3320 2043/4723/3319
f 3205/5305/3729 2043/4723/3319 3207/5306/3730
f 3205/5305/3729 3207/5306/3730 3210/5307/3731
f 3205/5305/3729 3210/5307/3731 2732/5308/3557
f 3205/5305/3729 2732/5308/3557 2728/5060/3556
f 3205/5305/3729 2728/5060/3556 2045/4724/3320
f 2535/4961/3487 2064/4731/3326 3213/5309/3732
f 2535/4961/3487 3213/5309/3732 3215/5310/3733
f 2535/4961/3487 3215/5310/3733 3220/5311/3734
f 2535/4961/3487 3220/5311/3734 3207/5306/3730
f 2535/4961/3487 3207/5306/3730 2042/4722/3318
f 2535/4961/3487 2042/4722/3318 2040/4721/3317
f 2775/5312/3573 1716/4535/3189 2759/5072/3566
f 2776/5080/3573 2760/5313/3566 3225/5314/3735
f 2776/5080/3573 3225/5314/3735 3227/5315/3736
f 2776/5080/3573 3227/5315/3736 3231/5316/3737
f 2776/5080/3573 3231/5316/3737 2778/5081/3574
f 3094/5252/3692 2770/5076/3570 3234/5317/3738
f 3094/5252/3692 3234/5317/3738 3238/5318/3739
f 3094/5252/3692 3238/5318/3739 2627/5319/3524
f 3094/5252/3692 2627/5319/3524 2263/4828/3393
f 2832/5116/3598 2314/4848/3408 2573/4981/3503
f 2832/5116/3598 2573/4981/3503 3243/5320/3740
f 2832/5116/3598 3243/5320/3740 3246/5321/3741
f 2832/5116/3598 3246/5321/3741 3248/5322/3742
f 2833/5117/3599 3249/5323/3743 2834/5118/3600
f 2680/5324/3541 1975/4684/3291 1972/4683/3290
f 2680/5324/3541 1972/4683/3290 3053/5219/3671
f 2680/5324/3541 3053/5219/3671 3252/5325/3744
f 2680/5324/3541 3252/5325/3744 3255/5326/3745
f 2680/5324/3541 3255/5326/3745 3256/5327/3746
f 2682/5328/3541 3257/5329/3746 2685/5330/3542
f 2142/5331/3356 2685/5330/3542 3257/5329/3746
f 2142/5331/3356 3257/5329/3746 3262/5332/3747
f 2142/5331/3356 3262/5332/3747 3056/5222/3672
f 2141/4775/3356 3055/5220/3672 2143/4776/3357
f 2690/5039/3543 2510/4942/3475 2507/4941/3474
f 2691/5041/3543 2508/5333/3474 2894/5145/3622
f 2691/5041/3543 2894/5145/3622 3265/5334/3748
f 2691/5041/3543 3265/5334/3748 3268/5335/3749
f 2691/5041/3543 3268/5335/3749 3270/5336/3750
f 2691/5041/3543 3270/5336/3750 2692/5042/3544
f 2707/5051/3550 2704/5050/3549 3275/5337/3751
f 2707/5051/3550 3275/5337/3751 3279/5338/3752
f 2707/5051/3550 3279/5338/3752 3282/5339/3753
f 2707/5051/3550 3282/5339/3753 2720/5055/3553
f 2707/5051/3550 2720/5055/3553 2181/4791/3369
f 2707/5051/3550 2181/4791/3369 2178/4790/3368
f 3286/5340/3754 2370/4877/3427 2367/4876/3426
f 3285/5341/3754 2366/5342/3426 2609/4998/3516
f 3285/5341/3754 2609/4998/3516 3289/5343/3755
f 3285/5341/3754 3289/5343/3755 3292/5344/3756
f 3285/5341/3754 3292/5344/3756 2904/5154/3625
f 3285/5341/3754 2904/5154/3625 2369/5345/3757
f 2724/5057/3555 2721/5056/3554 3295/5346/3758
f 2724/5057/3555 3295/5346/3758 3297/5347/3759
f 2724/5057/3555 3297/5347/3759 2908/5155/3626
f 2724/5057/3555 2908/5155/3626 2392/4891/3437
f 3084/5246/3687 2213/4953/3377 2524/4952/3481
f 3084/5246/3687 2524/4952/3481 3202/5303/3728
f 3084/5246/3687 3202/5303/3728 3302/5348/3760
f 3084/5246/3687 3302/5348/3760 3085/5247/3688
f 2613/5001/3517 2217/4959/3485 2531/4958/3484
f 2613/5001/3517 2531/4958/3484 3304/5349/3761
f 2613/5001/3517 3304/5349/3761 3307/5350/3762
f 2614/5351/3517 3308/5352/3762 2616/5004/3518
f 3311/5353/3763 2548/4966/3492 2622/5013/3522
f 3311/5353/3763 2622/5013/3522 3315/5354/3764
f 3311/5353/3763 3315/5354/3764 3320/5355/3765
f 3311/5353/3763 3320/5355/3765 3324/5356/3766
f 3311/5353/3763 3324/5356/3766 3101/5254/3694
f 3311/5353/3763 3101/5254/3694 2548/4966/3492
f 3124/5270/3704 3123/5269/3703 2976/5184/3651
f 3124/5270/3704 2976/5184/3651 2076/4738/3331
f 3124/5270/3704 2076/4738/3331 1864/4615/3240
f 2779/5082/3575 2778/5081/3574 3328/5357/3767
f 2779/5082/3575 3328/5357/3767 2982/5186/3653
f 2779/5082/3575 2982/5186/3653 1942/4666/3279
f 2779/5082/3575 1942/4666/3279 1941/4665/3278
f 2669/5032/3538 2099/4751/3338 3335/5358/3768
f 2671/5359/3538 3336/5360/3768 3339/5361/3769
f 2671/5359/3538 3339/5361/3769 3342/5362/3770
f 2670/5363/3538 3341/5364/3770 3012/5200/3661
f 2670/5363/3538 3012/5200/3661 2472/4932/3465
f 2669/5032/3538 2471/5365/3465 2467/5033/3464
f 2822/5101/3590 2124/4767/3348 2813/5099/3588
f 2822/5101/3590 2813/5099/3588 3346/5366/3771
f 2823/5103/3590 3347/5367/3771 3349/5368/3772
f 2823/5103/3590 3349/5368/3772 3352/5369/3773
f 2823/5103/3590 3352/5369/3773 2652/5370/3774
f 2823/5103/3590 2652/5370/3774 2648/5104/3532
f 2826/5107/3594 2312/4846/3407 2309/4845/3406
f 2826/5107/3594 2309/4845/3406 3355/5371/3775
f 2826/5107/3594 3355/5371/3775 3356/5372/3776
f 2826/5107/3594 3356/5372/3776 3358/5373/3777
f 2826/5107/3594 3358/5373/3777 2828/5108/3595
f 2831/5113/3597 2827/5110/3595 3357/5374/3777
f 2831/5113/3597 3357/5374/3777 3359/5375/3778
f 2831/5113/3597 3359/5375/3778 3360/5376/3779
f 2831/5113/3597 3360/5376/3779 2809/5097/3586
f 2831/5113/3597 2809/5097/3586 2808/5096/3585
f 3361/5377/3780 2309/4845/3406 2308/4844/3405
f 3361/5377/3780 2308/4844/3405 2834/5118/3600
f 3361/5377/3780 2834/5118/3600 3362/5378/3781
f 3361/5377/3780 3362/5378/3781 3355/5371/3775
f 3361/5377/3780 3355/5371/3775 2309/4845/3406
f 3363/5379/3782 2572/4980/3502 2678/5035/3540
f 3363/5379/3782 2678/5035/3540 2850/5380/3604
f 3363/5379/3782 2850/5380/3604 3365/5381/3783
f 3363/5379/3782 3365/5381/3783 3366/5382/3784
f 3363/5379/3782 3366/5382/3784 3243/5320/3740
f 3363/5379/3782 3243/5320/3740 2573/4981/3503
f 3363/5379/3782 2573/4981/3503 2572/4980/3502
f 3369/5383/3785 1984/4691/3293 3164/5288/3717
f 3369/5383/3785 3164/5288/3717 3161/5287/3716
f 3368/5384/3785 3160/5385/3786 3370/5386/3787
f 3368/5384/3785 3370/5386/3787 2836/5119/3601
f 3368/5384/3785 2836/5119/3601 1986/4693/3295
f 3368/5384/3785 1986/4693/3295 1983/4692/3294
f 3156/5285/3714 1994/4697/3299 1993/4696/3298
f 2856/5126/3606 2350/5387/3420 2348/4864/3418
f 2856/5126/3606 2348/4864/3418 2879/5138/3615
f 2856/5126/3606 2879/5138/3615 3376/5388/3788
f 2856/5126/3606 3376/5388/3788 3377/5389/3789
f 2856/5126/3606 3377/5389/3789 3379/5390/3790
f 2856/5126/3606 3379/5390/3790 2860/5127/3607
f 2873/5134/3612 2871/5133/3611 3384/5391/3791
f 2873/5134/3612 3384/5391/3791 3387/5392/3792
f 2873/5134/3612 3387/5392/3792 2700/5048/3547
f 2873/5134/3612 2700/5048/3547 2698/5047/3546
f 2876/5136/3613 2387/4887/3435 2385/4886/3434
f 2876/5136/3613 2385/4886/3434 3392/5393/3793
f 2876/5136/3613 3392/5393/3793 3394/5394/3794
f 2876/5136/3613 3394/5394/3794 3395/5395/3795
f 2876/5136/3613 3395/5395/3795 2877/5137/3614
f 3390/5396/3793 2384/4884/3434 2381/4882/3432
f 3390/5396/3793 2381/4882/3432 3397/5397/3796
f 3391/5398/3793 3398/5399/3796 3400/5400/3797
f 3391/5398/3793 3400/5400/3797 3402/5401/3798
f 3392/5393/3793 3403/5402/3798 3394/5394/3794
f 3405/5403/3799 2381/4882/3432 2380/4881/3431
f 3405/5403/3799 2380/4881/3431 2917/5160/3630
f 3406/5404/3799 2918/5405/3630 3407/5406/3800
f 3406/5404/3799 3407/5406/3800 3398/5399/3796
f 3405/5403/3799 3397/5397/3796 2381/4882/3432
f 3410/5407/3801 2511/4945/3476 2909/5156/3627
f 3410/5407/3801 2909/5156/3627 3416/5408/3802
f 3409/5409/3801 3414/5410/3802 3417/5411/2271
f 3409/5409/3801 3417/5411/2271 3072/5235/3680
f 3410/5407/3801 3073/5233/3680 2513/4946/3477
f 3410/5407/3801 2513/4946/3477 2511/4945/3476
f 2917/5160/3630 2380/4881/3431 2378/4880/3430
f 3207/5306/3730 2043/4723/3319 2042/4722/3318
f 3424/5412/3803 2065/4729/3325 2063/4728/3324
f 3424/5412/3803 2063/4728/3324 2938/5165/3635
f 3424/5412/3803 2938/5165/3635 3427/5413/3804
f 3424/5412/3803 3427/5413/3804 3216/5414/3733
f 3423/5415/3803 3215/5310/3733 3213/5309/3732
f 3423/5415/3803 3213/5309/3732 2064/4731/3326
f 2545/5416/3489 2540/5005/3488 2616/5004/3518
f 2545/5416/3489 2616/5004/3518 3431/5417/3805
f 2545/5416/3489 3431/5417/3805 3433/5418/3806
f 2544/4963/3489 3432/5419/3806 2546/4964/3490
f 3434/5420/3807 2620/5012/3521 2618/5011/3520
f 3434/5420/3807 2618/5011/3520 3436/5421/3808
f 3434/5420/3807 3436/5421/3808 3438/5422/3809
f 3434/5420/3807 3438/5422/3809 3440/5423/3810
f 3434/5420/3807 3440/5423/3810 2746/5066/3561
f 3434/5420/3807 2746/5066/3561 2620/5012/3521
f 3442/5424/3811 2425/4910/3450 2422/4909/3449
f 3442/5424/3811 2422/4909/3449 2444/4919/3457
f 3442/5424/3811 2444/4919/3457 2955/5425/3643
f 3442/5424/3811 2955/5425/3643 3444/5426/3812
f 3442/5424/3811 3444/5426/3812 3448/5427/3813
f 3442/5424/3811 3448/5427/3813 3451/5428/3814
f 3442/5424/3811 3451/5428/3814 2425/4910/3450
f 3451/5428/3814 3448/5427/3813 3453/5429/3815
f 3451/5428/3814 3453/5429/3815 2940/5166/3636
f 3451/5428/3814 2940/5166/3636 2425/4910/3450
f 2757/5071/3565 2547/4965/3491 2546/4964/3490
f 2757/5071/3565 2546/4964/3490 3462/5430/3816
f 2757/5071/3565 3462/5430/3816 3224/5431/3735
f 2757/5071/3565 3224/5431/3735 2759/5072/3566
f 2954/5172/3642 2949/5171/3641 2948/5170/3640
f 2954/5172/3642 2948/5170/3640 3465/5432/3817
f 2954/5172/3642 3465/5432/3817 3467/5433/3818
f 2954/5172/3642 3467/5433/3818 3445/5434/3812
f 2954/5172/3642 3445/5434/3812 2956/5173/3643
f 3103/5257/3695 3100/5256/3694 3323/5435/3766
f 3103/5257/3695 3323/5435/3766 3476/5436/3819
f 3103/5257/3695 3476/5436/3819 3478/5437/3820
f 3102/5438/3695 3477/5439/3820 2944/5168/3638
f 3102/5438/3695 2944/5168/3638 2071/4737/3330
f 3102/5438/3695 2071/4737/3330 2068/4736/3329
f 3479/5440/3821 2252/4820/3390 2626/5016/3524
f 3479/5440/3821 2626/5016/3524 3237/5441/3822
f 3480/5442/3821 3239/5443/3822 3482/5444/3823
f 3480/5442/3821 3482/5444/3823 3485/5445/3824
f 3479/5440/3821 3483/5446/3824 2252/4820/3390
f 3484/5447/3824 3481/5448/3823 3489/5449/3825
f 3484/5447/3824 3489/5449/3825 3491/5450/3826
f 3484/5447/3824 3491/5450/3826 3492/5451/3827
f 3484/5447/3824 3492/5451/3827 3495/5452/3828
f 3484/5447/3824 3495/5452/3828 2231/4812/3385
f 3484/5447/3824 2231/4812/3385 2254/5453/3390
f 2789/5454/3579 2274/5455/3829 2271/4833/3396
f 2789/5454/3579 2271/4833/3396 2786/5085/3578
f 2789/5454/3579 2786/5085/3578 3499/5456/3830
f 2790/5087/3579 3501/5457/3830 2641/5023/3529
f 3336/5360/3768 2100/5458/3338 2997/5195/3658
f 3336/5360/3768 2997/5195/3658 3503/5459/3831
f 3336/5360/3768 3503/5459/3831 3506/5460/3832
f 3336/5360/3768 3506/5460/3832 3509/5461/3833
f 3336/5360/3768 3509/5461/3833 3510/5462/3834
f 3336/5360/3768 3510/5462/3834 3339/5361/3769
f 3138/5277/3710 2653/5028/3534 3512/5463/3835
f 3139/5464/3710 3513/5465/3835 3516/5466/3836
f 3138/5277/3710 3515/5467/3836 3028/5468/3665
f 3138/5277/3710 3028/5468/3665 2299/4840/3402
f 3518/5469/3837 2109/4755/3342 3034/5211/3667
f 3518/5469/3837 3034/5211/3667 3523/5470/3838
f 3518/5469/3837 3523/5470/3838 3524/5471/3839
f 3518/5469/3837 3524/5471/3839 3021/5203/3663
f 3518/5469/3837 3021/5203/3663 2110/4756/3343
f 3518/5469/3837 2110/4756/3343 2109/4755/3342
f 3531/5472/3840 2568/5207/3500 3023/5206/3664
f 3531/5472/3840 3023/5206/3664 3534/5473/3841
f 3531/5472/3840 3534/5473/3841 3535/5474/3842
f 3531/5472/3840 3535/5474/3842 3536/5475/3843
f 3531/5472/3840 3536/5475/3843 3539/5476/3844
f 3531/5472/3840 3539/5476/3844 2571/5477/3501
f 3531/5472/3840 2571/5477/3501 2568/5207/3500
f 2836/5119/3601 1987/4694/3296 1986/4693/3295
f 2862/5478/3609 2860/5127/3607 3379/5390/3790
f 2862/5478/3609 3379/5390/3790 3544/5479/3845
f 2862/5478/3609 3544/5479/3845 3172/5480/3718
f 2861/5129/3609 3171/5289/3718 2864/5130/3610
f 2871/5133/3611 2696/5043/3545 2692/5042/3544
f 2871/5133/3611 2692/5042/3544 3270/5336/3750
f 2871/5133/3611 3270/5336/3750 3549/5481/3846
f 2871/5133/3611 3549/5481/3846 3551/5482/3847
f 2871/5133/3611 3551/5482/3847 3384/5391/3791
f 3554/5483/3848 2710/5230/3551 3063/5229/3678
f 3554/5483/3848 3063/5229/3678 3556/5484/3849
f 3555/5485/3848 3557/5486/3849 3559/5487/3850
f 3555/5485/3848 3559/5487/3850 3561/5488/3851
f 3555/5485/3848 3561/5488/3851 3080/5244/3685
f 3555/5485/3848 3080/5244/3685 2716/5054/3552
f 3555/5485/3848 2716/5054/3552 2713/5053/3213
f 3555/5485/3848 2713/5053/3213 2711/5052/3551
f 2739/5489/3558 2735/5490/3557 3564/5491/3852
f 2739/5489/3558 3564/5491/3852 3568/5492/3853
f 2738/5063/3558 3567/5493/3853 2912/5158/3628
f 2738/5063/3558 2912/5158/3628 2740/5064/3559
f 2938/5165/3635 2063/4728/3324 2060/4727/3323
f 2941/5167/3637 2940/5166/3636 3453/5429/3815
f 2941/5167/3637 3453/5429/3815 3577/5494/3854
f 2941/5167/3637 3577/5494/3854 2619/5495/3855
f 2941/5167/3637 2619/5495/3855 2432/4913/3453
f 3495/5452/3828 3492/5451/3827 3579/5496/3856
f 3495/5452/3828 3579/5496/3856 3087/5248/3689
f 3495/5452/3828 3087/5248/3689 2233/4813/3386
f 3495/5452/3828 2233/4813/3386 2231/4812/3385
f 3315/5354/3764 2622/5013/3522 2457/4927/3461
f 3315/5354/3764 2457/4927/3461 3092/5497/3691
f 3315/5354/3764 3092/5497/3691 3584/5498/3857
f 3315/5354/3764 3584/5498/3857 3320/5355/3765
f 3586/5499/3858 2552/4968/3494 2976/5184/3651
f 3587/5500/3859 2977/5501/3651 3589/5502/3860
f 3587/5500/3859 3589/5502/3860 3592/5503/3861
f 3587/5500/3859 3592/5503/3861 3593/5504/3862
f 3587/5500/3859 3593/5504/3862 3595/5505/3863
f 3587/5500/3859 3595/5505/3863 3598/5506/3864
f 3587/5500/3859 3598/5506/3864 3134/5507/3709
f 3586/5499/3858 3133/5276/3709 2552/4968/3494
f 3499/5456/3830 2786/5085/3578 3600/5508/3865
f 3499/5456/3830 3600/5508/3865 3601/5509/3866
f 3500/5510/3830 3602/5511/3866 3604/5512/3867
f 3501/5457/3830 3605/5513/3867 2642/5024/3530
f 3501/5457/3830 2642/5024/3530 2641/5023/3529
f 3503/5459/3831 2997/5195/3658 2995/5194/3657
f 3503/5459/3831 2995/5194/3657 3001/5198/3659
f 3503/5459/3831 3001/5198/3659 3609/5514/3868
f 3503/5459/3831 3609/5514/3868 3506/5460/3832
f 3611/5515/3869 2783/5083/3576 3013/5201/3662
f 3611/5515/3869 3013/5201/3662 3614/5516/3870
f 3611/5515/3869 3614/5516/3870 3618/5517/3871
f 3611/5515/3869 3618/5517/3871 2784/5084/3577
f 3611/5515/3869 2784/5084/3577 2783/5083/3576
f 3620/5518/3872 2571/5477/3501 3539/5476/3844
f 3620/5518/3872 3539/5476/3844 3624/5519/3873
f 3620/5518/3872 3624/5519/3873 3627/5520/3874
f 3620/5518/3872 3627/5520/3874 3628/5521/3875
f 3620/5518/3872 3628/5521/3875 3631/5522/3876
f 3620/5518/3872 3631/5522/3876 3635/5523/3877
f 3621/5524/3872 3636/5525/3877 2287/5526/3400
f 3620/5518/3872 2286/5527/3400 2282/5528/3399
f 3620/5518/3872 2282/5528/3399 2571/5477/3501
f 3352/5369/3773 3349/5368/3772 3640/5529/3878
f 3352/5369/3773 3640/5529/3878 3513/5465/3835
f 3352/5369/3773 3513/5465/3835 2654/5530/3534
f 3352/5369/3773 2654/5530/3534 2652/5370/3774
f 3644/5531/3879 2287/5526/3400 3636/5525/3877
f 3644/5531/3879 3636/5525/3877 3646/5532/3880
f 3644/5531/3879 3646/5532/3880 3647/5533/3881
f 3644/5531/3879 3647/5533/3881 2666/5534/3537
f 3644/5531/3879 2666/5534/3537 2287/5526/3400
f 3058/5223/3673 3056/5222/3672 3262/5332/3747
f 3058/5223/3673 3262/5332/3747 3651/5535/3882
f 3058/5223/3673 3651/5535/3882 3656/5536/3883
f 3058/5223/3673 3656/5536/3883 3657/5537/3884
f 3058/5223/3673 3657/5537/3884 3191/5296/3724
f 3058/5223/3673 3191/5296/3724 3059/5224/3674
f 3660/5538/3885 3170/5290/3719 3543/5539/3845
f 3659/5540/3885 3542/5541/3845 3663/5542/3886
f 3659/5540/3885 3663/5542/3886 3665/5543/3887
f 3660/5538/3885 3666/5544/3887 3185/5294/3723
f 3660/5538/3885 3185/5294/3723 3175/5291/3720
f 3660/5538/3885 3175/5291/3720 3170/5290/3719
f 3194/5297/3725 3191/5296/3724 3657/5537/3884
f 3194/5297/3725 3657/5537/3884 3670/5545/3888
f 3194/5297/3725 3670/5545/3888 3674/5546/3889
f 3194/5297/3725 3674/5546/3889 3678/5547/3890
f 3193/5298/3725 3677/5548/3890 3061/5228/3677
f 3193/5298/3725 3061/5228/3677 3060/5227/3676
f 3680/5549/3891 2609/4998/3516 2604/4997/3515
f 3680/5549/3891 2604/4997/3515 3075/5236/3682
f 3680/5549/3891 3075/5236/3682 3682/5550/3892
f 3680/5549/3891 3682/5550/3892 3685/5551/3893
f 3680/5549/3891 3685/5551/3893 3289/5343/3755
f 3680/5549/3891 3289/5343/3755 2609/4998/3516
f 3304/5349/3761 2531/4958/3484 3085/5247/3688
f 3304/5349/3761 3085/5247/3688 3688/5552/3894
f 3304/5349/3761 3688/5552/3894 3690/5553/3895
f 3305/5554/3761 3691/5555/3895 3308/5352/3762
f 2746/5066/3561 3440/5423/3810 3693/5556/3896
f 2746/5066/3561 3693/5556/3896 2927/5557/3897
f 2746/5066/3561 2927/5557/3897 2747/5067/3562
f 2971/5183/3650 2969/5558/3649 3700/5559/3898
f 2971/5183/3650 3700/5559/3898 3701/5560/3899
f 2971/5183/3650 3701/5560/3899 3704/5561/3900
f 2971/5183/3650 3704/5561/3900 2636/5021/3527
f 2971/5183/3650 2636/5021/3527 2634/5020/3526
f 3710/5562/3901 3114/5264/3700 3112/5263/3699
f 3710/5562/3901 3112/5263/3699 3712/5563/3902
f 3710/5562/3901 3712/5563/3902 3714/5564/3903
f 3710/5562/3901 3714/5564/3903 3119/5266/3702
f 3710/5562/3901 3119/5266/3702 3114/5264/3700
f 3110/5262/3698 2986/5261/3654 2984/5565/3653
f 3110/5262/3698 2984/5565/3653 3329/5566/3767
f 3110/5262/3698 3329/5566/3767 3719/5567/3904
f 3110/5262/3698 3719/5567/3904 3712/5563/3902
f 3110/5262/3698 3712/5563/3902 3112/5263/3699
f 3598/5506/3864 3595/5505/3863 3725/5568/3905
f 3598/5506/3864 3725/5568/3905 3131/5569/3906
f 3597/5570/3864 3130/5274/3707 3129/5273/3706
f 3597/5570/3864 3129/5273/3706 3133/5276/3709
f 3609/5514/3868 3001/5198/3659 2807/5197/3584
f 3609/5514/3868 2807/5197/3584 2805/5571/3583
f 3609/5514/3868 2805/5571/3583 3727/5572/3907
f 3609/5514/3868 3727/5572/3907 3729/5573/3908
f 3609/5514/3868 3729/5573/3908 3732/5574/3909
f 3609/5514/3868 3732/5574/3909 3506/5460/3832
f 3376/5388/3788 2879/5138/3615 2877/5137/3614
f 3376/5388/3788 2877/5137/3614 3395/5395/3795
f 3376/5388/3788 3395/5395/3795 3735/5575/3910
f 3376/5388/3788 3735/5575/3910 3737/5576/3911
f 3376/5388/3788 3737/5576/3911 3740/5577/3912
f 3376/5388/3788 3740/5577/3912 3377/5389/3789
f 3677/5548/3890 3673/5578/3889 3556/5484/3849
f 3677/5548/3890 3556/5484/3849 3063/5229/3678
f 3677/5548/3890 3063/5229/3678 3061/5228/3677
f 3265/5334/3748 2894/5145/3622 2890/5144/3621
f 3265/5334/3748 2890/5144/3621 3744/5579/3913
f 3265/5334/3748 3744/5579/3913 3747/5580/3914
f 3265/5334/3748 3747/5580/3914 3750/5581/3915
f 3265/5334/3748 3750/5581/3915 3751/5582/3916
f 3265/5334/3748 3751/5582/3916 3268/5335/3749
f 3744/5579/3913 2890/5144/3621 2887/5143/3620
f 3743/5583/3913 2886/5151/3620 3755/5584/3917
f 3743/5583/3913 3755/5584/3917 3756/5585/3918
f 3743/5583/3913 3756/5585/3918 3746/5586/3919
f 3755/5584/3917 2886/5151/3620 2899/5150/3624
f 3755/5584/3917 2899/5150/3624 3759/5587/3920
f 3755/5584/3917 3759/5587/3920 3760/5588/3623
f 3755/5584/3917 3760/5588/3623 3756/5585/3918
f 3281/5589/3753 3278/5590/3921 3764/5591/3922
f 3281/5589/3753 3764/5591/3922 3765/5592/3923
f 3281/5589/3753 3765/5592/3923 3766/5593/3924
f 3281/5589/3753 3766/5593/3924 3294/5594/3758
f 3282/5339/3753 3295/5346/3758 2721/5056/3554
f 3282/5339/3753 2721/5056/3554 2720/5055/3553
f 3759/5587/3920 2899/5150/3624 2904/5154/3625
f 3759/5587/3920 2904/5154/3625 3292/5344/3756
f 3759/5587/3920 3292/5344/3756 3772/5595/3925
f 3759/5587/3920 3772/5595/3925 3760/5588/3623
f 3773/5596/3926 2917/5160/3630 2914/5159/3629
f 3773/5596/3926 2914/5159/3629 2912/5158/3628
f 3774/5597/3926 2913/5598/3628 3568/5492/3853
f 3774/5597/3926 3568/5492/3853 3777/5599/3927
f 3774/5597/3926 3777/5599/3927 3778/5600/3928
f 3774/5597/3926 3778/5600/3928 2918/5405/3630
f 3407/5406/3800 2918/5405/3630 3778/5600/3928
f 3407/5406/3800 3778/5600/3928 3779/5601/3929
f 3407/5406/3800 3779/5601/3929 3780/5602/3930
f 3407/5406/3800 3780/5602/3930 3782/5603/3931
f 3407/5406/3800 3782/5603/3931 3400/5400/3797
f 3407/5406/3800 3400/5400/3797 3398/5399/3796
f 3725/5568/3905 3595/5505/3863 3785/5604/3932
f 3725/5568/3905 3785/5604/3932 3791/5605/3933
f 3725/5568/3905 3791/5605/3933 3795/5606/3934
f 3724/5607/3905 3794/5608/3934 2970/5180/3649
f 3724/5607/3905 2970/5180/3649 2962/5178/3647
f 3725/5568/3905 2964/5609/3647 3131/5569/3906
f 3800/5610/3935 2642/5024/3530 3605/5513/3867
f 3801/5611/3935 3604/5512/3867 3805/5612/3936
f 3801/5611/3935 3805/5612/3936 3809/5613/3937
f 3801/5611/3935 3809/5613/3937 2645/5614/3531
f 3800/5610/3935 2644/5025/3531 2642/5024/3530
f 3813/5615/3938 2666/5534/3537 3647/5533/3881
f 3813/5615/3938 3647/5533/3881 3815/5616/3939
f 3813/5615/3938 3815/5616/3939 3818/5617/3940
f 3813/5615/3938 3818/5617/3940 2799/5618/3582
f 3812/5619/3938 2798/5092/3582 2665/5031/3537
f 3362/5378/3781 2834/5118/3600 3249/5323/3743
f 3362/5378/3781 3249/5323/3743 3823/5620/3941
f 3362/5378/3781 3823/5620/3941 3827/5621/3942
f 3362/5378/3781 3827/5621/3942 3356/5372/3776
f 3362/5378/3781 3356/5372/3776 3355/5371/3775
f 3256/5327/3746 3255/5326/3745 3830/5622/3943
f 3256/5327/3746 3830/5622/3943 3832/5623/3944
f 3257/5329/3746 3833/5624/3944 3651/5535/3882
f 3257/5329/3746 3651/5535/3882 3262/5332/3747
f 3664/5625/3886 3544/5479/3845 3379/5390/3790
f 3664/5625/3886 3379/5390/3790 3377/5389/3789
f 3664/5625/3886 3377/5389/3789 3740/5577/3912
f 3663/5542/3886 3739/5626/3912 3837/5627/3945
f 3663/5542/3886 3837/5627/3945 3840/5628/3946
f 3663/5542/3886 3840/5628/3946 3665/5543/3887
f 3387/5392/3792 3384/5391/3791 3845/5629/3947
f 3388/5630/3792 3846/5631/3947 3850/5632/3948
f 3388/5630/3792 3850/5632/3948 3852/5633/3949
f 3387/5392/3792 3851/5634/3949 3274/5635/3751
f 3387/5392/3792 3274/5635/3751 2703/5049/3548
f 3387/5392/3792 2703/5049/3548 2700/5048/3547
f 3861/5636/3950 2908/5155/3626 3297/5347/3759
f 3861/5636/3950 3297/5347/3759 3866/5637/3951
f 3860/5638/3950 3864/5639/3951 3870/5640/3952
f 3859/5641/3953 3869/5642/3954 3413/5643/3802
f 3861/5636/3950 3416/5408/3802 2909/5156/3627
f 3861/5636/3950 2909/5156/3627 2908/5155/3626
f 3876/5644/3955 3080/5244/3685 3561/5488/3851
f 3876/5644/3955 3561/5488/3851 3879/5645/3956
f 3875/5646/3955 3878/5647/3956 3881/5648/3957
f 3875/5646/3955 3881/5648/3957 3200/5302/3727
f 3875/5646/3955 3200/5302/3727 3081/5649/3958
f 3876/5644/3955 3082/5245/3686 3080/5244/3685
f 3777/5599/3927 3568/5492/3853 3564/5491/3852
f 3777/5599/3927 3564/5491/3852 3885/5650/3959
f 3776/5651/3927 3884/5652/3959 3888/5653/3960
f 3777/5599/3927 3889/5654/3960 3892/5655/3961
f 3777/5599/3927 3892/5655/3961 3779/5601/3929
f 3777/5599/3927 3779/5601/3929 3778/5600/3928
f 3893/5656/3962 3202/5303/3728 3200/5302/3727
f 3893/5656/3962 3200/5302/3727 3881/5648/3957
f 3893/5656/3962 3881/5648/3957 3895/5657/3963
f 3893/5656/3962 3895/5657/3963 3899/5658/3964
f 3893/5656/3962 3899/5658/3964 3302/5348/3760
f 3893/5656/3962 3302/5348/3760 3202/5303/3728
f 3210/5307/3731 3207/5306/3730 3904/5659/3965
f 3211/5660/3731 3905/5661/3965 3906/5662/3966
f 3211/5660/3731 3906/5662/3966 3884/5652/3959
f 3211/5660/3731 3884/5652/3959 3563/5663/3852
f 3211/5660/3731 3563/5663/3852 2734/5664/3557
f 3431/5417/3805 2616/5004/3518 3308/5352/3762
f 3431/5417/3805 3308/5352/3762 3910/5665/3967
f 3431/5417/3805 3910/5665/3967 3911/5666/3968
f 3431/5417/3805 3911/5666/3968 3433/5418/3806
f 3913/5667/3969 2636/5021/3527 3704/5561/3900
f 3913/5667/3969 3704/5561/3900 3915/5668/3970
f 3913/5667/3969 3915/5668/3970 3916/5669/3971
f 3913/5667/3969 3916/5669/3971 3917/5670/3972
f 3913/5667/3969 3917/5670/3972 2765/5074/3568
f 3913/5667/3969 2765/5074/3568 2636/5021/3527
f 3919/5671/3973 2778/5081/3574 3231/5316/3737
f 3919/5671/3973 3231/5316/3737 3920/5672/3974
f 3919/5671/3973 3920/5672/3974 3921/5673/3975
f 3919/5671/3973 3921/5673/3975 3924/5674/3976
f 3919/5671/3973 3924/5674/3976 3328/5357/3767
f 3919/5671/3973 3328/5357/3767 2778/5081/3574
f 3927/5675/3977 2804/5094/3583 2797/5093/3582
f 3928/5676/3977 2799/5618/3582 3818/5617/3940
f 3928/5676/3977 3818/5617/3940 3931/5677/3978
f 3928/5676/3977 3931/5677/3978 3728/5678/3907
f 3927/5675/3977 3726/5679/3907 2804/5094/3583
f 3933/5680/3979 3034/5211/3667 3030/5210/3666
f 3933/5680/3979 3030/5210/3666 3938/5681/3980
f 3933/5680/3979 3938/5681/3980 3943/5682/3981
f 3933/5680/3979 3943/5682/3981 3945/5683/3982
f 3933/5680/3979 3945/5683/3982 3523/5470/3838
f 3933/5680/3979 3523/5470/3838 3034/5211/3667
f 3938/5681/3980 3030/5210/3666 3027/5209/3665
f 3939/5684/3980 3028/5468/3665 3515/5467/3836
f 3940/5685/3980 3516/5466/3836 3949/5686/3983
f 3938/5681/3980 3948/5687/3983 3943/5682/3981
f 3950/5688/3984 2813/5099/3588 2810/5098/3587
f 3950/5688/3984 2810/5098/3587 2809/5097/3586
f 3950/5688/3984 2809/5097/3586 3360/5376/3779
f 3950/5688/3984 3360/5376/3779 3953/5689/3985
f 3950/5688/3984 3953/5689/3985 3956/5690/3986
f 3950/5688/3984 3956/5690/3986 3958/5691/3987
f 3950/5688/3984 3958/5691/3987 3960/5692/3988
f 3950/5688/3984 3960/5692/3988 2813/5099/3588
f 3346/5366/3771 2813/5099/3588 3960/5692/3988
f 3346/5366/3771 3960/5692/3988 3958/5691/3987
f 3346/5366/3771 3958/5691/3987 3963/5693/3989
f 3347/5367/3771 3964/5694/3990 3349/5368/3772
f 3144/5282/3712 2645/5614/3531 3809/5613/3937
f 3144/5282/3712 3809/5613/3937 3968/5695/3991
f 3144/5282/3712 3968/5695/3991 3969/5696/3992
f 3144/5282/3712 3969/5696/3992 3972/5697/3993
f 3144/5282/3712 3972/5697/3993 3153/5283/3713
f 3021/5203/3663 3524/5471/3839 3975/5698/3994
f 3021/5203/3663 3975/5698/3994 3978/5699/3995
f 3021/5203/3663 3978/5699/3995 3533/5700/3841
f 3022/5205/3663 3534/5473/3841 3023/5206/3664
f 3981/5701/3996 3243/5320/3740 3366/5382/3784
f 3981/5701/3996 3366/5382/3784 3983/5702/3997
f 3981/5701/3996 3983/5702/3997 3986/5703/3998
f 3981/5701/3996 3986/5703/3998 3246/5321/3741
f 3981/5701/3996 3246/5321/3741 3243/5320/3740
f 2845/5121/3603 2844/5120/3602 3989/5704/3999
f 2845/5121/3603 3989/5704/3999 3991/5705/4000
f 2845/5121/3603 3991/5705/4000 3992/5706/4001
f 2846/5707/3603 3993/5708/4002 3365/5381/3783
f 2845/5121/3603 3364/5709/3783 2849/5122/3604
f 3252/5325/3744 3053/5219/3671 3044/5218/3670
f 3252/5325/3744 3044/5218/3670 3996/5710/4003
f 3252/5325/3744 3996/5710/4003 3997/5711/4004
f 3252/5325/3744 3997/5711/4004 3998/5712/4005
f 3252/5325/3744 3998/5712/4005 3830/5622/3943
f 3252/5325/3744 3830/5622/3943 3255/5326/3745
f 4002/5713/4006 3156/5285/3714 3185/5294/3723
f 4002/5713/4006 3185/5294/3723 4005/5714/4007
f 4001/5715/4006 4004/5716/4007 4007/5717/4008
f 4002/5713/4006 4008/5718/4008 4010/5719/4009
f 4002/5713/4006 4010/5719/4009 3156/5285/3714
f 4009/5720/4009 4007/5717/4008 4011/5721/4010
f 4010/5719/4009 4012/5722/4010 3158/5286/3715
f 4010/5719/4009 3158/5286/3715 3156/5285/3714
f 4014/5723/4011 3072/5235/3680 3417/5411/2271
f 4014/5723/4011 3417/5411/2271 4017/5724/4012
f 4014/5723/4011 4017/5724/4012 4019/5725/4013
f 4014/5723/4011 4019/5725/4013 3682/5550/3892
f 4014/5723/4011 3682/5550/3892 3075/5236/3682
f 4014/5723/4011 3075/5236/3682 3072/5235/3680
f 3688/5552/3894 3085/5247/3688 3302/5348/3760
f 3688/5552/3894 3302/5348/3760 3899/5658/3964
f 3688/5552/3894 3899/5658/3964 4023/5726/4014
f 3689/5727/3894 4024/5728/4015 3691/5555/3895
f 4025/5729/4016 3208/5730/3730 3221/5731/3734
f 4025/5729/4016 3221/5731/3734 4027/5732/4017
f 4025/5729/4016 4027/5732/4017 4028/5733/4018
f 4025/5729/4016 4028/5733/4018 3905/5661/3965
f 4025/5729/4016 3905/5661/3965 3208/5730/3730
f 2932/5163/3633 2928/5162/3632 3694/5734/3896
f 2931/5735/3633 3693/5556/3896 4031/5736/4019
f 2932/5163/3633 4032/5737/4020 4033/5738/4021
f 2932/5163/3633 4033/5738/4021 4036/5739/4022
f 2932/5163/3633 4036/5739/4022 2933/5164/3634
f 3436/5421/3808 2618/5011/3520 3576/5740/3854
f 3436/5421/3808 3576/5740/3854 4041/5741/4023
f 3436/5421/3808 4041/5741/4023 4046/5742/4024
f 3436/5421/3808 4046/5742/4024 4050/5743/4025
f 3436/5421/3808 4050/5743/4025 3438/5422/3809
f 3433/5418/3806 3911/5666/3968 4056/5744/4026
f 3432/5419/3806 4054/5745/4026 3462/5430/3816
f 3432/5419/3806 3462/5430/3816 2546/4964/3490
f 4062/5746/4027 2948/5170/3640 2946/5169/3639
f 4062/5746/4027 2946/5169/3639 2944/5168/3638
f 4062/5746/4027 2944/5168/3638 4065/5747/4028
f 4062/5746/4027 4065/5747/4028 4068/5748/4029
f 4062/5746/4027 4068/5748/4029 4070/5749/4030
f 4062/5746/4027 4070/5749/4030 4078/5750/4031
f 4062/5746/4027 4078/5750/4031 3465/5432/3817
f 4062/5746/4027 3465/5432/3817 2948/5170/3640
f 3917/5670/3972 3916/5669/3971 4082/5751/4032
f 3918/5752/3972 4083/5753/4032 4084/5754/4033
f 3918/5752/3972 4084/5754/4033 4090/5755/4034
f 3917/5670/3972 4088/5756/4034 2767/5075/3569
f 3917/5670/3972 2767/5075/3569 2765/5074/3568
f 3478/5437/3820 3476/5436/3819 4096/5757/4035
f 3477/5439/3820 4095/5758/4036 4068/5748/4029
f 3477/5439/3820 4068/5748/4029 4065/5747/4028
f 3477/5439/3820 4065/5747/4028 2944/5168/3638
f 4099/5759/4037 3091/5250/3691 3089/5249/3690
f 4099/5759/4037 3089/5249/3690 4105/5760/4038
f 4099/5759/4037 4105/5760/4038 4108/5761/4039
f 4099/5759/4037 4108/5761/4039 4109/5762/4040
f 4100/5763/4037 4110/5764/4040 3583/5765/3857
f 4101/5766/4037 3584/5498/3857 3092/5497/3691
f 4105/5760/4038 3089/5249/3690 3087/5248/3689
f 4105/5760/4038 3087/5248/3689 3579/5496/3856
f 4105/5760/4038 3579/5496/3856 4113/5767/4041
f 4105/5760/4038 4113/5767/4041 4108/5761/4039
f 3793/5768/3934 3790/5769/3933 4116/5770/4042
f 3793/5768/3934 4116/5770/4042 3700/5559/3898
f 3793/5768/3934 3700/5559/3898 2969/5558/3649
f 3618/5517/3871 3614/5516/3870 4119/5771/4043
f 3618/5517/3871 4119/5771/4043 3600/5508/3865
f 3618/5517/3871 3600/5508/3865 2786/5085/3578
f 3618/5517/3871 2786/5085/3578 2784/5084/3577
f 3536/5475/3843 3535/5474/3842 4122/5772/4044
f 3536/5475/3843 4122/5772/4044 4123/5773/4045
f 3536/5475/3843 4123/5773/4045 3624/5519/3873
f 3536/5475/3843 3624/5519/3873 3539/5476/3844
f 4125/5774/4046 3513/5465/3835 3640/5529/3878
f 4125/5774/4046 3640/5529/3878 4129/5775/4047
f 4125/5774/4046 4129/5775/4047 4131/5776/4048
f 4125/5774/4046 4131/5776/4048 4132/5777/4049
f 4125/5774/4046 4132/5777/4049 3516/5466/3836
f 4125/5774/4046 3516/5466/3836 3513/5465/3835
f 3041/5778/4050 3153/5283/3713 3972/5697/3993
f 3041/5778/4050 3972/5697/3993 4140/5779/4051
f 3039/5780/3669 4139/5781/4051 3996/5710/4003
f 3039/5780/3669 3996/5710/4003 3044/5218/3670
f 4011/5721/4010 4007/5717/4008 4143/5782/4052
f 4011/5721/4010 4143/5782/4052 4147/5783/4053
f 4012/5722/4010 4148/5784/4053 3161/5287/3716
f 4012/5722/4010 3161/5287/3716 3158/5286/3715
f 3665/5543/3887 3840/5628/3946 4151/5785/4054
f 3665/5543/3887 4151/5785/4054 4004/5716/4007
f 3666/5544/3887 4005/5714/4007 3185/5294/3723
f 3549/5481/3846 3270/5336/3750 3268/5335/3749
f 3549/5481/3846 3268/5335/3749 3751/5582/3916
f 3549/5481/3846 3751/5582/3916 4161/5786/4055
f 3549/5481/3846 4161/5786/4055 4165/5787/4056
f 3549/5481/3846 4165/5787/4056 4167/5788/2242
f 3549/5481/3846 4167/5788/2242 3551/5482/3847
f 4171/5789/4057 3292/5344/3756 3289/5343/3755
f 4171/5789/4057 3289/5343/3755 3685/5551/3893
f 4171/5789/4057 3685/5551/3893 4173/5790/4058
f 4171/5789/4057 4173/5790/4058 4176/5791/4059
f 4171/5789/4057 4176/5791/4059 3772/5595/3925
f 4171/5789/4057 3772/5595/3925 3292/5344/3756
f 4027/5732/4017 3221/5731/3734 3217/5792/4060
f 4027/5732/4017 3217/5792/4060 4181/5793/4061
f 4027/5732/4017 4181/5793/4061 4185/5794/4062
f 4027/5732/4017 4185/5794/4062 4028/5733/4018
f 4188/5795/4063 3323/5435/3766 3319/5796/3765
f 4188/5795/4063 3319/5796/3765 4190/5797/4064
f 4188/5795/4063 4190/5797/4064 4192/5798/4065
f 4188/5795/4063 4192/5798/4065 4194/5799/4066
f 4188/5795/4063 4194/5799/4066 3476/5436/3819
f 4188/5795/4063 3476/5436/3819 3323/5435/3766
f 4190/5797/4064 3319/5796/3765 3583/5765/3857
f 4190/5797/4064 3583/5765/3857 4195/5800/4067
f 4190/5797/4064 4195/5800/4067 4198/5801/4068
f 4190/5797/4064 4198/5801/4068 4192/5798/4065
f 4201/5802/4069 3238/5318/3739 3234/5317/3738
f 4201/5802/4069 3234/5317/3738 4207/5803/4070
f 4202/5804/4069 4208/5805/4071 4210/5806/4072
f 4202/5804/4069 4210/5806/4072 4213/5807/4073
f 4202/5804/4069 4213/5807/4073 4215/5808/4074
f 4202/5804/4069 4215/5808/4074 3239/5443/3822
f 4215/5808/4074 4213/5807/4073 4216/5809/4075
f 4215/5808/4074 4216/5809/4075 4220/5810/4076
f 4215/5808/4074 4220/5810/4076 3482/5444/3823
f 4215/5808/4074 3482/5444/3823 3239/5443/3822
f 2770/5076/3570 2767/5075/3569 4225/5811/4077
f 2771/5812/3570 4226/5813/4077 4229/5814/4078
f 2771/5812/3570 4229/5814/4078 4231/5815/4079
f 2770/5076/3570 4230/5816/4079 4207/5803/4070
f 2770/5076/3570 4207/5803/4070 3234/5317/3738
f 4233/5817/4080 2976/5184/3651 3123/5269/3703
f 4233/5817/4080 3123/5269/3703 4237/5818/4081
f 4234/5819/4080 4238/5820/4081 4239/5821/4082
f 4234/5819/4080 4239/5821/4082 3589/5502/3860
f 4234/5819/4080 3589/5502/3860 2977/5501/3651
f 3975/5698/3994 3524/5471/3839 3523/5470/3838
f 3975/5698/3994 3523/5470/3838 3945/5683/3982
f 3975/5698/3994 3945/5683/3982 4242/5822/4083
f 3975/5698/3994 4242/5822/4083 4243/5823/4084
f 3975/5698/3994 4243/5823/4084 3978/5699/3995
f 4246/5824/4085 3636/5525/3877 3632/5825/3876
f 4245/5826/4085 3631/5522/3876 4249/5827/4086
f 4245/5826/4085 4249/5827/4086 4252/5828/4087
f 4246/5824/4085 4253/5829/4088 4254/5830/4089
f 4246/5824/4085 4254/5830/4089 3646/5532/3880
f 4246/5824/4085 3646/5532/3880 3636/5525/3877
f 3983/5702/3997 3366/5382/3784 3365/5381/3783
f 3983/5702/3997 3365/5381/3783 3993/5708/4002
f 3983/5702/3997 3993/5708/4002 4262/5831/4090
f 3983/5702/3997 4262/5831/4090 4266/5832/4091
f 3982/5833/3997 4265/5834/4091 4267/5835/4092
f 3983/5702/3997 4268/5836/4092 3986/5703/3998
f 4270/5837/4093 2836/5119/3601 3370/5386/3787
f 4270/5837/4093 3370/5386/3787 4276/5838/4094
f 4270/5837/4093 4276/5838/4094 4281/5839/4095
f 4270/5837/4093 4281/5839/4095 3989/5704/3999
f 4270/5837/4093 3989/5704/3999 2844/5120/3602
f 4270/5837/4093 2844/5120/3602 2836/5119/3601
f 3656/5536/3883 3651/5535/3882 3833/5624/3944
f 3656/5536/3883 3833/5624/3944 4287/5840/4096
f 3656/5536/3883 4287/5840/4096 4289/5841/4097
f 3656/5536/3883 4289/5841/4097 4290/5842/4098
f 3656/5536/3883 4290/5842/4098 3670/5545/3888
f 3656/5536/3883 3670/5545/3888 3657/5537/3884
f 3735/5575/3910 3395/5395/3795 3394/5394/3794
f 3735/5575/3910 3394/5394/3794 4294/5843/4099
f 3735/5575/3910 4294/5843/4099 4297/5844/4100
f 3735/5575/3910 4297/5844/4100 4299/5845/4101
f 3735/5575/3910 4299/5845/4101 4301/5846/4102
f 3735/5575/3910 4301/5846/4102 3737/5576/3911
f 3674/5546/3889 3670/5545/3888 4290/5842/4098
f 3674/5546/3889 4290/5842/4098 4304/5847/4103
f 3674/5546/3889 4304/5847/4103 4307/5848/4104
f 3674/5546/3889 4307/5848/4104 4310/5849/4105
f 3673/5578/3889 4309/5850/4106 3556/5484/3849
f 4313/5851/4107 3556/5484/3849 4309/5850/4106
f 4314/5852/4107 4311/5853/4108 4320/5854/4109
f 4314/5852/4107 4320/5854/4109 3879/5645/3956
f 4314/5852/4107 3879/5645/3956 3559/5487/3850
f 4314/5852/4107 3559/5487/3850 3557/5486/3849
f 3782/5603/3931 3780/5602/3930 4324/5855/4110
f 3782/5603/3931 4324/5855/4110 4325/5856/4111
f 3782/5603/3931 4325/5856/4111 4329/5857/4112
f 3782/5603/3931 4329/5857/4112 4333/5858/4113
f 3782/5603/3931 4333/5858/4113 3402/5401/3798
f 3782/5603/3931 3402/5401/3798 3400/5400/3797
f 4028/5733/4018 4185/5794/4062 4338/5859/4114
f 4028/5733/4018 4338/5859/4114 4341/5860/4115
f 4028/5733/4018 4341/5860/4115 4343/5861/4116
f 4028/5733/4018 4343/5861/4116 3906/5662/3966
f 4028/5733/4018 3906/5662/3966 3905/5661/3965
f 4345/5862/4117 2938/5165/3635 2933/5164/3634
f 4345/5862/4117 2933/5164/3634 4036/5739/4022
f 4345/5862/4117 4036/5739/4022 4346/5863/4118
f 4345/5862/4117 4346/5863/4118 4350/5864/4119
f 4345/5862/4117 4350/5864/4119 3427/5413/3804
f 4345/5862/4117 3427/5413/3804 2938/5165/3635
f 4356/5865/4120 3693/5556/3896 3440/5423/3810
f 4356/5865/4120 3440/5423/3810 3438/5422/3809
f 4356/5865/4120 3438/5422/3809 4050/5743/4025
f 4356/5865/4120 4050/5743/4025 4361/5866/4121
f 4357/5867/4120 4362/5868/4121 4364/5869/4122
f 4356/5865/4120 4363/5870/4122 4365/5871/4123
f 4356/5865/4120 4365/5871/4123 4031/5736/4019
f 4356/5865/4120 4031/5736/4019 3693/5556/3896
f 4056/5744/4026 3911/5666/3968 4374/5872/4124
f 4055/5873/4026 4373/5874/4124 4375/5875/4125
f 4055/5873/4026 4375/5875/4125 4378/5876/4126
f 4055/5873/4026 4378/5876/4126 3225/5314/3735
f 4054/5745/4026 3224/5431/3735 3462/5430/3816
f 4090/5755/4034 4084/5754/4033 4382/5877/4127
f 4089/5878/4034 4381/5879/4128 4383/5880/4129
f 4089/5878/4034 4383/5880/4129 4226/5813/4077
f 4087/5881/4034 4224/5882/4077 2766/5883/3569
f 3491/5450/3826 3489/5449/3825 4384/5884/4130
f 3491/5450/3826 4384/5884/4130 4385/5885/4131
f 3491/5450/3826 4385/5885/4131 4113/5767/4041
f 3491/5450/3826 4113/5767/4041 3579/5496/3856
f 3491/5450/3826 3579/5496/3856 3492/5451/3827
f 3227/5315/3736 3225/5314/3735 4391/5886/4132
f 3227/5315/3736 4391/5886/4132 4394/5887/4133
f 3227/5315/3736 4394/5887/4133 3920/5672/3974
f 3227/5315/3736 3920/5672/3974 3231/5316/3737
f 3701/5560/3899 3700/5559/3898 4116/5770/4042
f 3701/5560/3899 4116/5770/4042 4397/5888/4134
f 3701/5560/3899 4397/5888/4134 3915/5668/3970
f 3701/5560/3899 3915/5668/3970 3704/5561/3900
f 3925/5889/3976 3922/5890/3975 4400/5891/4135
f 3925/5889/3976 4400/5891/4135 4403/5892/4136
f 3925/5889/3976 4403/5892/4136 3719/5567/3904
f 3925/5889/3976 3719/5567/3904 3329/5566/3767
f 4405/5893/4137 3012/5200/3661 3341/5364/3770
f 4405/5893/4137 3341/5364/3770 4408/5894/4138
f 4405/5893/4137 4408/5894/4138 4410/5895/4139
f 4405/5893/4137 4410/5895/4139 4412/5896/4140
f 4405/5893/4137 4412/5896/4140 3013/5201/3662
f 4405/5893/4137 3013/5201/3662 3012/5200/3661
f 3729/5573/3908 3727/5572/3907 3930/5897/3978
f 3729/5573/3908 3930/5897/3978 4415/5898/4141
f 3729/5573/3908 4415/5898/4141 4420/5899/4142
f 3729/5573/3908 4420/5899/4142 4423/5900/4143
f 3729/5573/3908 4423/5900/4143 4426/5901/4144
f 3729/5573/3908 4426/5901/4144 3732/5574/3909
f 3614/5516/3870 3013/5201/3662 4412/5896/4140
f 3614/5516/3870 4412/5896/4140 4430/5902/4145
f 3614/5516/3870 4430/5902/4145 4434/5903/4146
f 3614/5516/3870 4434/5903/4146 4119/5771/4043
f 4435/5904/4147 3647/5533/3881 3646/5532/3880
f 4435/5904/4147 3646/5532/3880 4437/5905/4148
f 4435/5904/4147 4437/5905/4148 4439/5906/4149
f 4435/5904/4147 4439/5906/4149 4440/5907/4150
f 4435/5904/4147 4440/5907/4150 3815/5616/3939
f 4435/5904/4147 3815/5616/3939 3647/5533/3881
f 4426/5901/4144 4423/5900/4143 4445/5908/4151
f 4426/5901/4144 4445/5908/4151 3509/5461/3833
f 4426/5901/4144 3509/5461/3833 3506/5460/3832
f 4426/5901/4144 3506/5460/3832 3732/5574/3909
f 4447/5909/4152 3356/5372/3776 3827/5621/3942
f 4446/5910/4153 3826/5911/3942 4450/5912/4154
f 4446/5910/4153 4450/5912/4154 4452/5913/4155
f 4447/5909/4152 4455/5914/4155 3358/5373/3777
f 4447/5909/4152 3358/5373/3777 3356/5372/3776
f 4147/5783/4053 4143/5782/4052 4459/5915/4156
f 4146/5916/4053 4458/5917/4156 4276/5838/4094
f 4146/5916/4053 4276/5838/4094 3370/5386/3787
f 4146/5916/4053 3370/5386/3787 3160/5385/3786
f 3852/5633/3949 3850/5632/3948 4470/5918/4157
f 3852/5633/3949 4470/5918/4157 4476/5919/4158
f 3852/5633/3949 4476/5919/4158 4480/5920/4159
f 3852/5633/3949 4480/5920/4159 3764/5591/3922
f 3852/5633/3949 3764/5591/3922 3278/5590/3921
f 3853/5921/3949 3279/5338/3752 3275/5337/3751
f 4294/5843/4099 3394/5394/3794 3403/5402/3798
f 4294/5843/4099 3403/5402/3798 4334/5922/4160
f 4294/5843/4099 4334/5922/4160 4297/5844/4100
f 3879/5645/3956 3561/5488/3851 3559/5487/3850
f 4482/5923/4161 3294/5594/3758 3766/5593/3924
f 4482/5923/4161 3766/5593/3924 4486/5924/4162
f 4482/5923/4161 4486/5924/4162 4490/5925/4163
f 4482/5923/4161 4490/5925/4163 3865/5926/3951
f 4482/5923/4161 3865/5926/3951 3296/5927/3759
f 4483/5928/4161 3297/5347/3759 3295/5346/3758
f 4493/5929/4164 3415/5930/3802 3871/5931/3952
f 4493/5929/4164 3871/5931/3952 4496/5932/4165
f 4493/5929/4164 4496/5932/4165 4499/5933/4166
f 4493/5929/4164 4499/5933/4166 4018/5934/4012
f 4492/5935/4164 4017/5724/4012 3417/5411/2271
f 4492/5935/4164 3417/5411/2271 3414/5410/3802
f 4343/5861/4116 4341/5860/4115 4503/5936/4167
f 4343/5861/4116 4503/5936/4167 3888/5653/3960
f 4343/5861/4116 3888/5653/3960 3884/5652/3959
f 4343/5861/4116 3884/5652/3959 3906/5662/3966
f 4180/5937/4061 3216/5414/3733 3427/5413/3804
f 4180/5937/4061 3427/5413/3804 4350/5864/4119
f 4180/5937/4061 4350/5864/4119 4511/5938/4168
f 4181/5793/4061 4512/5939/4168 4185/5794/4062
f 3910/5665/3967 3308/5352/3762 3691/5555/3895
f 3910/5665/3967 3691/5555/3895 4515/5940/4169
f 3910/5665/3967 4515/5940/4169 4516/5941/4170
f 3910/5665/3967 4516/5941/4170 3911/5666/3968
f 4519/5942/4171 3448/5427/3813 3444/5426/3812
f 4519/5942/4171 3444/5426/3812 4521/5943/4172
f 4519/5942/4171 4521/5943/4172 4525/5944/4173
f 4519/5942/4171 4525/5944/4173 4529/5945/4174
f 4519/5942/4171 4529/5945/4174 3448/5427/3813
f 4530/5946/4174 4526/5947/4173 4533/5948/4175
f 4529/5945/4174 4532/5949/4175 4042/5950/4023
f 4529/5945/4174 4042/5950/4023 3453/5429/3815
f 4529/5945/4174 3453/5429/3815 3448/5427/3813
f 4378/5876/4126 4375/5875/4125 4536/5951/4176
f 4378/5876/4126 4536/5951/4176 4391/5886/4132
f 4378/5876/4126 4391/5886/4132 3225/5314/3735
f 4537/5952/4177 3595/5505/3863 3593/5504/3862
f 4537/5952/4177 3593/5504/3862 4538/5953/4178
f 4537/5952/4177 4538/5953/4178 4539/5954/4179
f 4537/5952/4177 4539/5954/4179 3791/5605/3933
f 4537/5952/4177 3791/5605/3933 3785/5604/3932
f 4537/5952/4177 3785/5604/3932 3595/5505/3863
f 4541/5955/4180 3119/5266/3702 3714/5564/3903
f 4541/5955/4180 3714/5564/3903 4548/5956/4181
f 4541/5955/4180 4548/5956/4181 4550/5957/4182
f 4542/5958/4180 4551/5959/4183 4554/5960/4184
f 4542/5958/4180 4554/5960/4184 4238/5820/4081
f 4542/5958/4180 4238/5820/4081 3121/5961/3702
f 4237/5818/4081 3123/5269/3703 3120/5268/3702
f 4440/5907/4150 4439/5906/4149 4416/5962/4141
f 4440/5907/4150 4416/5962/4141 3931/5677/3978
f 4440/5907/4150 3931/5677/3978 3818/5617/3940
f 4440/5907/4150 3818/5617/3940 3815/5616/3939
f 3339/5361/3769 3510/5462/3834 4559/5963/4185
f 3339/5361/3769 4559/5963/4185 4409/5964/4138
f 3339/5361/3769 4409/5964/4138 3342/5362/3770
f 4119/5771/4043 4434/5903/4146 4562/5965/4186
f 4119/5771/4043 4562/5965/4186 4565/5966/4187
f 4119/5771/4043 4565/5966/4187 3601/5509/3866
f 4119/5771/4043 3601/5509/3866 3600/5508/3865
f 4569/5967/4188 3604/5512/3867 3602/5511/3866
f 4568/5968/4188 3601/5509/3866 4565/5966/4187
f 4569/5967/4188 4566/5969/4187 4575/5970/4189
f 4569/5967/4188 4575/5970/4189 4578/5971/4190
f 4569/5967/4188 4578/5971/4190 3805/5612/3936
f 4569/5967/4188 3805/5612/3936 3604/5512/3867
f 4452/5913/4155 4450/5912/4154 4580/5972/4191
f 4454/5973/4155 4581/5974/4191 4584/5975/4192
f 4454/5973/4155 4584/5975/4192 4588/5976/4193
f 4453/5977/4155 4587/5978/4193 3359/5375/3778
f 4453/5977/4155 3359/5375/3778 3357/5374/3777
f 3953/5689/3985 3360/5376/3779 3359/5375/3778
f 3953/5689/3985 3359/5375/3778 4587/5978/4193
f 3954/5979/3985 4588/5976/4193 4584/5975/4192
f 3954/5979/3985 4584/5975/4192 4591/5980/4194
f 3954/5979/3985 4591/5980/4194 3957/5981/3986
f 3246/5321/3741 3986/5703/3998 4596/5982/4195
f 3246/5321/3741 4596/5982/4195 4599/5983/4196
f 3246/5321/3741 4599/5983/4196 3822/5984/3941
f 3246/5321/3741 3822/5984/3941 3248/5322/3742
f 3830/5622/3943 3998/5712/4005 4602/5985/4197
f 3830/5622/3943 4602/5985/4197 4603/5986/4198
f 3830/5622/3943 4603/5986/4198 4286/5987/4096
f 3830/5622/3943 4286/5987/4096 3832/5623/3944
f 4300/5988/4102 4298/5989/4101 4604/5990/4199
f 4300/5988/4102 4604/5990/4199 4605/5991/4200
f 4300/5988/4102 4605/5991/4200 4606/5992/4201
f 4300/5988/4102 4606/5992/4201 3837/5627/3945
f 4300/5988/4102 3837/5627/3945 3739/5626/3912
f 4301/5846/4102 3740/5577/3912 3737/5576/3911
f 3845/5629/3947 3384/5391/3791 3551/5482/3847
f 3845/5629/3947 3551/5482/3847 4167/5788/2242
f 3847/5993/3947 4168/5994/2242 4610/5995/4202
f 3847/5993/3947 4610/5995/4202 4615/5996/4203
f 3844/5997/3947 4613/5998/4203 3849/5999/3948
f 4618/6000/4204 3682/5550/3892 4019/5725/4013
f 4619/6001/4204 4021/6002/4013 4624/6003/4205
f 4619/6001/4204 4624/6003/4205 4626/6004/4206
f 4619/6001/4204 4626/6004/4206 4174/6005/4058
f 4618/6000/4204 4173/5790/4058 3685/5551/3893
f 4618/6000/4204 3685/5551/3893 3682/5550/3892
f 4324/5855/4110 3780/5602/3930 3779/5601/3929
f 4324/5855/4110 3779/5601/3929 3892/5655/3961
f 4324/5855/4110 3892/5655/3961 4504/6006/4167
f 4323/6007/4207 4503/5936/4167 4629/6008/4208
f 4324/5855/4110 4630/6009/4209 4635/6010/4210
f 4324/5855/4110 4635/6010/4210 4325/5856/4111
f 4042/5950/4023 3577/5494/3854 3453/5429/3815
f 4524/6011/4172 3445/5434/3812 3467/5433/3818
f 4524/6011/4172 3467/5433/3818 4639/6012/4211
f 4524/6011/4172 4639/6012/4211 4642/6013/4212
f 4523/6014/4172 4641/6015/4212 4646/6016/4213
f 4522/6017/4172 4645/6018/4213 4526/5947/4173
f 4078/5750/4031 4070/5749/4030 4650/6019/4214
f 4077/6020/4031 4649/6021/4215 4641/6015/4212
f 4078/5750/4031 4642/6013/4212 4639/6012/4211
f 4078/5750/4031 4639/6012/4211 3467/5433/3818
f 4078/5750/4031 3467/5433/3818 3465/5432/3817
f 4397/5888/4134 4116/5770/4042 4653/6022/4216
f 4397/5888/4134 4653/6022/4216 4654/6023/4217
f 4397/5888/4134 4654/6023/4217 3916/5669/3971
f 4397/5888/4134 3916/5669/3971 3915/5668/3970
f 4123/5773/4045 4122/5772/4044 4660/6024/4218
f 4123/5773/4045 4660/6024/4218 3628/5521/3875
f 4123/5773/4045 3628/5521/3875 3627/5520/3874
f 4123/5773/4045 3627/5520/3874 3624/5519/3873
f 3949/5686/3983 3516/5466/3836 4132/5777/4049
f 3949/5686/3983 4132/5777/4049 4665/6025/4219
f 3948/5687/3983 4662/6026/4219 4667/6027/4220
f 3948/5687/3983 4667/6027/4220 3943/5682/3981
f 4254/5830/4089 4253/5829/4088 4671/6028/4221
f 4254/5830/4089 4671/6028/4221 4674/6029/4222
f 4254/5830/4089 4674/6029/4222 4675/6030/4223
f 4254/5830/4089 4675/6030/4223 4437/5905/4148
f 4254/5830/4089 4437/5905/4148 3646/5532/3880
f 4679/6031/4224 3349/5368/3772 3964/5694/3990
f 4677/6032/4224 3963/5693/3989 4681/6033/4225
f 4678/6034/4226 4682/6035/4225 4684/6036/4227
f 4679/6031/4224 4685/6037/4228 4689/6038/4229
f 4679/6031/4224 4689/6038/4229 4692/6039/4230
f 4679/6031/4224 4692/6039/4230 3349/5368/3772
f 4692/6039/4230 4689/6038/4229 4695/6040/4231
f 4692/6039/4230 4695/6040/4231 4129/5775/4047
f 4692/6039/4230 4129/5775/4047 3640/5529/3878
f 4692/6039/4230 3640/5529/3878 3349/5368/3772
f 4698/6041/4232 3978/5699/3995 4701/6042/4233
f 4698/6041/4232 4701/6042/4233 4703/6043/4234
f 4697/6044/4232 4702/6045/4235 4707/6046/4236
f 4697/6044/4232 4707/6046/4236 4709/6047/4237
f 4699/6048/4232 4710/6049/4237 4713/6050/4238
f 4699/6048/4232 4713/6050/4238 3535/5474/3842
f 4699/6048/4232 3535/5474/3842 3534/5473/3841
f 4699/6048/4232 3534/5473/3841 3979/6051/3995
f 4243/5823/4084 4242/5822/4083 4716/6052/4239
f 4243/5823/4084 4716/6052/4239 4703/6043/4234
f 4243/5823/4084 4703/6043/4234 4701/6042/4233
f 4243/5823/4084 4701/6042/4233 3978/5699/3995
f 4713/6050/4238 4710/6049/4237 4721/6053/4240
f 4713/6050/4238 4721/6053/4240 4122/5772/4044
f 4713/6050/4238 4122/5772/4044 3535/5474/3842
f 4722/6054/4241 3809/5613/3937 3805/5612/3936
f 4722/6054/4241 3805/5612/3936 4578/5971/4190
f 4722/6054/4241 4578/5971/4190 4724/6055/4242
f 4722/6054/4241 4724/6055/4242 4725/6056/4243
f 4722/6054/4241 4725/6056/4243 4728/6057/4244
f 4722/6054/4241 4728/6057/4244 3968/5695/3991
f 4722/6054/4241 3968/5695/3991 3809/5613/3937
f 3997/5711/4004 3996/5710/4003 4139/5781/4051
f 3997/5711/4004 4139/5781/4051 4732/6058/4245
f 3997/5711/4004 4732/6058/4245 4734/6059/4246
f 3997/5711/4004 4734/6059/4246 4602/5985/4197
f 3997/5711/4004 4602/5985/4197 3998/5712/4005
f 4151/5785/4054 3840/5628/3946 4606/5992/4201
f 4151/5785/4054 4606/5992/4201 4737/6060/4247
f 4151/5785/4054 4737/6060/4247 4007/5717/4008
f 4151/5785/4054 4007/5717/4008 4004/5716/4007
f 4161/5786/4055 3751/5582/3916 3750/5581/3915
f 4161/5786/4055 3750/5581/3915 4740/6061/4248
f 4162/6062/4055 4741/6063/4248 4743/6064/4249
f 4162/6062/4055 4743/6064/4249 4744/6065/4250
f 4162/6062/4055 4744/6065/4250 4745/6066/4250
f 4162/6062/4055 4745/6066/4250 4166/6067/4056
f 4740/6061/4248 3750/5581/3915 3747/5580/3914
f 4739/6068/4248 3746/5586/3919 4749/6069/4251
f 4741/6063/4248 4750/6070/4251 4751/6071/4251
f 4741/6063/4248 4751/6071/4251 4743/6064/4249
f 4749/6069/4251 3746/5586/3919 3756/5585/3918
f 4749/6069/4251 3756/5585/3918 4753/6072/4251
f 4750/6070/4251 4754/6073/4251 4756/6074/4251
f 4750/6070/4251 4756/6074/4251 4751/6071/4251
f 4753/6072/4251 3756/5585/3918 3760/5588/3623
f 4753/6072/4251 3760/5588/3623 4758/6075/4252
f 4754/6073/4251 4759/6076/4252 4760/6077/4252
f 4754/6073/4251 4760/6077/4252 4756/6074/4251
f 4758/6075/4252 3760/5588/3623 3772/5595/3925
f 4758/6075/4252 3772/5595/3925 4176/5791/4059
f 4759/6076/4252 4177/6078/4059 4767/6079/4253
f 4759/6076/4252 4767/6079/4253 4760/6077/4252
f 4769/6080/4254 3881/5648/3957 3878/5647/3956
f 4769/6080/4254 3878/5647/3956 4770/6081/4255
f 4769/6080/4254 4770/6081/4255 4773/6082/4256
f 4769/6080/4254 4773/6082/4256 3895/5657/3963
f 4769/6080/4254 3895/5657/3963 3881/5648/3957
f 4781/6083/4257 3476/5436/3819 4194/5799/4066
f 4781/6083/4257 4194/5799/4066 4784/6084/4258
f 4781/6083/4257 4784/6084/4258 4788/6085/4259
f 4779/6086/4257 4787/6087/4259 4789/6088/4260
f 4780/6089/4257 4790/6090/4260 4095/5758/4036
f 4781/6083/4257 4096/5757/4035 3476/5436/3819
f 4220/5810/4076 4216/5809/4075 4795/6091/4261
f 4220/5810/4076 4795/6091/4261 4797/6092/4262
f 4220/5810/4076 4797/6092/4262 4800/6093/4263
f 4219/6094/4076 4799/6095/4264 4803/6096/4265
f 4219/6094/4076 4803/6096/4265 3489/5449/3825
f 4220/5810/4076 3490/6097/3825 3482/5444/3823
f 4384/5884/4130 3489/5449/3825 4803/6096/4265
f 4384/5884/4130 4803/6096/4265 4799/6095/4264
f 4384/5884/4130 4799/6095/4264 4806/6098/4266
f 4384/5884/4130 4806/6098/4266 4385/5885/4131
f 4109/5762/4040 4108/5761/4039 4808/6099/4267
f 4109/5762/4040 4808/6099/4267 4811/6100/4268
f 4110/5764/4040 4812/6101/4268 4195/5800/4067
f 4110/5764/4040 4195/5800/4067 3583/5765/3857
f 4403/5892/4136 4400/5891/4135 4815/6102/4269
f 4403/5892/4136 4815/6102/4269 4818/6103/4270
f 4403/5892/4136 4818/6103/4270 3714/5564/3903
f 4403/5892/4136 3714/5564/3903 3712/5563/3902
f 4403/5892/4136 3712/5563/3902 3719/5567/3904
f 4210/5806/4072 4208/5805/4071 4231/5815/4079
f 4210/5806/4072 4231/5815/4079 4229/5814/4078
f 4210/5806/4072 4229/5814/4078 4819/6104/4271
f 4210/5806/4072 4819/6104/4271 4213/5807/4073
f 4653/6022/4216 4116/5770/4042 3790/5769/3933
f 4653/6022/4216 3790/5769/3933 4820/6105/4272
f 4653/6022/4216 4820/6105/4272 4823/6106/4273
f 4653/6022/4216 4823/6106/4273 4654/6023/4217
f 4825/6107/4274 3589/5502/3860 4239/5821/4082
f 4825/6107/4274 4239/5821/4082 4554/5960/4184
f 4825/6107/4274 4554/5960/4184 4826/6108/4275
f 4825/6107/4274 4826/6108/4275 3592/5503/3861
f 4825/6107/4274 3592/5503/3861 3589/5502/3860
f 4828/6109/4276 3510/5462/3834 3509/5461/3833
f 4828/6109/4276 3509/5461/3833 4445/5908/4151
f 4827/6110/4276 4444/6111/4151 4829/6112/4277
f 4827/6110/4276 4829/6112/4277 4831/6113/4278
f 4828/6109/4276 4832/6114/4278 4411/6115/4139
f 4828/6109/4276 4411/6115/4139 4559/5963/4185
f 4828/6109/4276 4559/5963/4185 3510/5462/3834
f 3991/5705/4000 3989/5704/3999 4834/6116/4279
f 3990/6117/4280 4833/6118/4279 4835/6119/4281
f 3990/6117/4280 4835/6119/4281 4259/6120/4282
f 3991/5705/4000 4261/6121/4090 3992/5706/4001
f 4837/6122/4283 4007/5717/4008 4737/6060/4247
f 4837/6122/4283 4737/6060/4247 4838/6123/4284
f 4837/6122/4283 4838/6123/4284 4840/6124/4285
f 4837/6122/4283 4840/6124/4285 4143/5782/4052
f 4837/6122/4283 4143/5782/4052 4007/5717/4008
f 4606/5992/4201 3840/5628/3946 3837/5627/3945
f 4288/6125/4286 4286/5987/4096 4603/5986/4198
f 4288/6125/4286 4603/5986/4198 4841/6126/4287
f 4288/6125/4286 4841/6126/4287 4842/6127/4288
f 4288/6125/4286 4842/6127/4288 4843/6128/4289
f 4288/6125/4286 4843/6128/4289 4303/6129/4103
f 4289/5841/4097 4304/5847/4103 4290/5842/4098
f 4319/6130/4290 4310/5849/4105 4307/5848/4104
f 4319/6130/4290 4307/5848/4104 4849/6131/4291
f 4316/6132/4109 4848/6133/4291 4851/6134/4292
f 4318/6135/4109 4852/6136/4292 4854/6137/4293
f 4317/6138/4109 4853/6139/4293 4770/6081/4255
f 4317/6138/4109 4770/6081/4255 3878/5647/3956
f 4329/5857/4112 4325/5856/4111 4635/6010/4210
f 4329/5857/4112 4635/6010/4210 4857/6140/4294
f 4328/6141/4112 4856/6142/4294 4858/6143/4295
f 4328/6141/4112 4858/6143/4295 4296/6144/4100
f 4330/6145/4112 4297/5844/4100 4334/5922/4160
f 4503/5936/4167 3891/6146/3961 3888/5653/3960
f 4862/6147/4296 3899/5658/3964 3895/5657/3963
f 4863/6148/4296 3896/6149/3963 4774/6150/4256
f 4863/6148/4296 4774/6150/4256 4866/6151/4297
f 4863/6148/4296 4866/6151/4297 4869/6152/4298
f 4863/6148/4296 4869/6152/4298 4024/5728/4015
f 4863/6148/4296 4024/5728/4015 3900/6153/4299
f 4515/5940/4169 3691/5555/3895 4024/5728/4015
f 4515/5940/4169 4024/5728/4015 4869/6152/4298
f 4515/5940/4169 4869/6152/4298 4870/6154/4300
f 4515/5940/4169 4870/6154/4300 4516/5941/4170
f 4367/6155/4301 4364/5869/4122 4872/6156/4302
f 4367/6155/4301 4872/6156/4302 4873/6157/4303
f 4368/6158/4304 4874/6159/4303 4034/6160/4305
f 4366/6161/4123 4033/5738/4021 4032/5737/4020
f 4394/5887/4133 4391/5886/4132 4536/5951/4176
f 4394/5887/4133 4536/5951/4176 4877/6162/4306
f 4394/5887/4133 4877/6162/4306 4880/6163/4307
f 4394/5887/4133 4880/6163/4307 4881/6164/4308
f 4394/5887/4133 4881/6164/4308 3920/5672/3974
f 4881/6164/4308 4880/6163/4307 4885/6165/4309
f 4881/6164/4308 4885/6165/4309 3921/5673/3975
f 4881/6164/4308 3921/5673/3975 3920/5672/3974
f 4818/6103/4270 4815/6102/4269 4887/6166/4310
f 4818/6103/4270 4887/6166/4310 4891/6167/4311
f 4818/6103/4270 4891/6167/4311 4548/5956/4181
f 4818/6103/4270 4548/5956/4181 3714/5564/3903
f 4539/5954/4179 4538/5953/4178 4894/6168/4312
f 4539/5954/4179 4894/6168/4312 4896/6169/4313
f 4539/5954/4179 4896/6169/4313 4821/6170/4314
f 4539/5954/4179 4821/6170/4314 3791/5605/3933
f 4826/6108/4275 4554/5960/4184 4899/6171/4315
f 4826/6108/4275 4899/6171/4315 4901/6172/4316
f 4826/6108/4275 4901/6172/4316 4538/5953/4178
f 4826/6108/4275 4538/5953/4178 3593/5504/3862
f 4826/6108/4275 3593/5504/3862 3592/5503/3861
f 4082/5751/4032 3916/5669/3971 4654/6023/4217
f 4083/5753/4032 4655/6173/4217 4824/6174/4317
f 4083/5753/4032 4824/6174/4317 4902/6175/4318
f 4083/5753/4032 4902/6175/4318 4084/5754/4033
f 4554/5960/4184 4239/5821/4082 4238/5820/4081
f 4411/6115/4139 4409/5964/4138 4559/5963/4185
f 4660/6024/4218 4122/5772/4044 4721/6053/4240
f 4660/6024/4218 4721/6053/4240 4904/6176/4319
f 4660/6024/4218 4904/6176/4319 4249/5827/4086
f 4660/6024/4218 4249/5827/4086 3628/5521/3875
f 3957/5981/3986 4591/5980/4194 4905/6177/4320
f 3957/5981/3986 4905/6177/4320 4907/6178/4321
f 3957/5981/3986 4907/6178/4321 4682/6035/4225
f 3956/5690/3986 4681/6033/4225 3958/5691/3987
f 4681/6033/4225 3963/5693/3989 3958/5691/3987
f 4249/5827/4086 3631/5522/3876 3628/5521/3875
f 4430/5902/4145 4412/5896/4140 4410/5895/4139
f 4430/5902/4145 4410/5895/4139 4914/6179/4322
f 4429/6180/4145 4913/6181/4322 4917/6182/4323
f 4429/6180/4145 4917/6182/4323 4918/6183/4324
f 4430/5902/4145 4919/6184/4324 4434/5903/4146
f 4921/6185/4325 3943/5682/3981 4667/6027/4220
f 4921/6185/4325 4667/6027/4220 4923/6186/4326
f 4921/6185/4325 4923/6186/4326 4925/6187/4327
f 4921/6185/4325 4925/6187/4327 4242/5822/4083
f 4921/6185/4325 4242/5822/4083 3945/5683/3982
f 4921/6185/4325 3945/5683/3982 3943/5682/3981
f 4927/6188/4328 4139/5781/4051 3971/6189/3993
f 4929/6190/4328 3972/5697/3993 3969/5696/3992
f 4929/6190/4328 3969/5696/3992 4932/6191/4329
f 4928/6192/4328 4931/6193/4329 4934/6194/4330
f 4928/6192/4328 4934/6194/4330 4733/6195/4245
f 4927/6188/4328 4732/6058/4245 4139/5781/4051
f 4604/5990/4199 4298/5989/4101 4296/6144/4100
f 4604/5990/4199 4296/6144/4100 4858/6143/4295
f 4604/5990/4199 4858/6143/4295 4938/6196/4331
f 4604/5990/4199 4938/6196/4331 4940/6197/4332
f 4604/5990/4199 4940/6197/4332 4942/6198/4333
f 4604/5990/4199 4942/6198/4333 4605/5991/4200
f 4479/6199/4159 4475/6200/4158 4943/6201/4334
f 4479/6199/4159 4943/6201/4334 4946/6202/4335
f 4479/6199/4159 4946/6202/4335 4950/6203/4336
f 4479/6199/4159 4950/6203/4336 4953/6204/3923
f 4480/5920/4159 4954/6205/3923 3765/5592/3923
f 4480/5920/4159 3765/5592/3923 3764/5591/3922
f 4953/6204/3923 4950/6203/4336 4957/6206/3923
f 4953/6204/3923 4957/6206/3923 4485/6207/4162
f 4954/6205/3923 4486/5924/4162 3766/5593/3924
f 4954/6205/3923 3766/5593/3924 3765/5592/3923
f 4962/6208/4337 3865/5926/3951 4490/5925/4163
f 4961/6209/4337 4489/6210/4163 4964/6211/4338
f 4961/6209/4337 4964/6211/4338 4966/6212/4339
f 4961/6209/4337 4966/6212/4339 4495/6213/4340
f 4962/6208/4337 4496/5932/4165 3871/5931/3952
f 4962/6208/4337 3871/5931/3952 3865/5926/3951
f 4969/6214/4341 4108/5761/4039 4113/5767/4041
f 4969/6214/4341 4113/5767/4041 4385/5885/4131
f 4969/6214/4341 4385/5885/4131 4973/6215/4342
f 4969/6214/4341 4973/6215/4342 4975/6216/4343
f 4969/6214/4341 4975/6216/4343 4808/6099/4267
f 4969/6214/4341 4808/6099/4267 4108/5761/4039
f 4789/6088/4260 4787/6087/4259 4977/6217/4344
f 4790/6090/4260 4978/6218/4344 4070/5749/4030
f 4790/6090/4260 4070/5749/4030 4068/5748/4029
f 4790/6090/4260 4068/5748/4029 4095/5758/4036
f 4383/5880/4129 4381/5879/4128 4981/6219/4345
f 4383/5880/4129 4981/6219/4345 4819/6104/4271
f 4383/5880/4129 4819/6104/4271 4229/5814/4078
f 4383/5880/4129 4229/5814/4078 4226/5813/4077
f 4982/6220/4346 4213/5807/4073 4819/6104/4271
f 4982/6220/4346 4819/6104/4271 4981/6219/4345
f 4982/6220/4346 4981/6219/4345 4795/6091/4261
f 4982/6220/4346 4795/6091/4261 4216/5809/4075
f 4982/6220/4346 4216/5809/4075 4213/5807/4073
f 4986/6221/4347 4439/5906/4149 4437/5905/4148
f 4986/6221/4347 4437/5905/4148 4675/6030/4223
f 4986/6221/4347 4675/6030/4223 4674/6029/4222
f 4986/6221/4347 4674/6029/4222 4990/6222/4348
f 4984/6223/4347 4989/6224/4348 4993/6225/4349
f 4984/6223/4347 4993/6225/4349 4419/6226/4350
f 4985/6227/4347 4420/5899/4142 4415/5898/4141
f 4986/6221/4347 4416/5962/4141 4439/5906/4149
f 4995/6228/4351 3821/6229/3941 4597/6230/4196
f 4995/6228/4351 4597/6230/4196 4996/6231/4352
f 4995/6228/4351 4996/6231/4352 4999/6232/4353
f 4995/6228/4351 4999/6232/4353 4450/5912/4154
f 4995/6228/4351 4450/5912/4154 3826/5911/3942
f 4995/6228/4351 3826/5911/3942 3821/6229/3941
f 4280/6233/4095 4275/6234/4094 5002/6235/4354
f 4280/6233/4095 5002/6235/4354 5004/6236/4355
f 4280/6233/4095 5004/6236/4355 4833/6118/4279
f 4280/6233/4095 4833/6118/4279 3988/6237/3999
f 4840/6124/4285 4838/6123/4284 5008/6238/4356
f 4839/6239/4285 5007/6240/4356 5009/6241/4357
f 4839/6239/4285 5009/6241/4357 4457/6242/4156
f 4840/6124/4285 4459/5915/4156 4143/5782/4052
f 4942/6198/4333 4940/6197/4332 5019/6243/4358
f 4942/6198/4333 5019/6243/4358 4838/6123/4284
f 4942/6198/4333 4838/6123/4284 5020/6244/4359
f 4942/6198/4333 5020/6244/4359 4606/5992/4201
f 4942/6198/4333 4606/5992/4201 4605/5991/4200
f 4843/6128/4289 4842/6127/4288 4848/6133/4291
f 4843/6128/4289 4848/6133/4291 4306/6245/4104
f 4844/6246/4289 4307/5848/4104 4304/5847/4103
f 4610/5995/4202 4168/5994/2242 4166/6067/4056
f 4610/5995/4202 4166/6067/4056 4745/6066/4250
f 4610/5995/4202 4745/6066/4250 5025/6247/4360
f 4610/5995/4202 5025/6247/4360 5029/6248/4361
f 4610/5995/4202 5029/6248/4361 5032/6249/4362
f 4610/5995/4202 5032/6249/4362 4615/5996/4203
f 4614/6250/4363 5031/6251/4364 5036/6252/4365
f 4614/6250/4363 5036/6252/4365 4469/6253/4157
f 4612/6254/4203 4468/6255/4366 3848/6256/3948
f 5040/6257/4367 4020/6258/4013 4018/5934/4012
f 5040/6257/4367 4018/5934/4012 4499/5933/4166
f 5039/6259/4367 4497/6260/4166 5043/6261/4166
f 5039/6259/4367 5043/6261/4166 5046/6262/4368
f 5039/6259/4367 5046/6262/4368 4623/6263/4205
f 5041/6264/4369 4624/6003/4205 4021/6002/4013
f 5049/6265/4370 4629/6008/4208 4503/5936/4167
f 5049/6265/4370 4503/5936/4167 5050/6266/4371
f 5049/6265/4370 5050/6266/4371 5052/6267/4372
f 5049/6265/4370 5052/6267/4372 5054/6268/4373
f 5049/6265/4370 5054/6268/4373 5057/6269/4374
f 5049/6265/4370 5057/6269/4374 4634/6270/4210
f 5049/6265/4370 4634/6270/4210 4629/6008/4208
f 5062/6271/4375 4185/5794/4062 4512/5939/4168
f 5063/6272/4375 4513/6273/4168 5067/6274/4376
f 5063/6272/4375 5067/6274/4376 5068/6275/4377
f 5062/6271/4375 5069/6276/4377 5052/6267/4372
f 5062/6271/4375 5052/6267/4372 4338/5859/4114
f 5062/6271/4375 4338/5859/4114 4185/5794/4062
f 5071/6277/4378 4036/5739/4022 4033/5738/4021
f 5072/6278/4378 4034/6160/4305 4874/6159/4303
f 5072/6278/4378 4874/6159/4303 5076/6279/4379
f 5072/6278/4378 5076/6279/4379 5077/6280/4380
f 5072/6278/4378 5077/6280/4380 4347/6281/4118
f 5071/6277/4378 4346/5863/4118 4036/5739/4022
f 4374/5872/4124 3911/5666/3968 4516/5941/4170
f 4374/5872/4124 4516/5941/4170 5081/6282/4381
f 4374/5872/4124 5081/6282/4381 5084/6283/4382
f 4374/5872/4124 5084/6283/4382 4376/6284/4125
f 5088/6285/4383 4043/6286/4023 4533/5948/4175
f 5088/6285/4383 4533/5948/4175 5093/6287/4384
f 5089/6288/4383 5094/6289/4384 4047/6290/4024
f 5087/6291/4383 4046/5742/4024 4041/5741/4023
f 4885/6165/4309 4880/6163/4307 5095/6292/4385
f 4886/6293/4309 5096/6294/4385 5099/6295/4386
f 4886/6293/4309 5099/6295/4386 5102/6296/4387
f 4886/6293/4309 5102/6296/4387 4400/5891/4135
f 4885/6165/4309 4399/6297/4135 3921/5673/3975
f 4665/6025/4219 4132/5777/4049 4131/5776/4048
f 4665/6025/4219 4131/5776/4048 5106/6298/4388
f 4665/6025/4219 5106/6298/4388 5110/6299/4389
f 4663/6300/4219 5109/6301/4389 5111/6302/4390
f 4664/6303/4219 5112/6304/4390 5117/6305/4391
f 4662/6026/4219 5116/6306/4391 4667/6027/4220
f 4993/6225/4349 4989/6224/4348 5119/6307/4392
f 4993/6225/4349 5119/6307/4392 5121/6308/4393
f 4993/6225/4349 5121/6308/4393 4422/6309/4143
f 4994/6310/4349 4423/5900/4143 4420/5899/4142
f 4445/5908/4151 4423/5900/4143 5122/6311/4393
f 4444/6111/4151 5121/6308/4393 5124/6312/4394
f 4444/6111/4151 5124/6312/4394 5126/6313/4395
f 4444/6111/4151 5126/6313/4395 4829/6112/4277
f 5106/6298/4388 4131/5776/4048 4129/5775/4047
f 5106/6298/4388 4129/5775/4047 4695/6040/4231
f 5105/6314/4388 4694/6315/4231 5129/6316/4396
f 5105/6314/4388 5129/6316/4396 5109/6301/4389
f 4728/6057/4244 4725/6056/4243 5133/6317/4397
f 4728/6057/4244 5133/6317/4397 4932/6191/4329
f 4728/6057/4244 4932/6191/4329 3969/5696/3992
f 4728/6057/4244 3969/5696/3992 3968/5695/3991
f 5134/6318/4398 3985/6319/4399 4267/5835/4092
f 5134/6318/4398 4267/5835/4092 5137/6320/4400
f 5134/6318/4398 5137/6320/4400 5139/6321/4401
f 5134/6318/4398 5139/6321/4401 4997/6322/4352
f 5134/6318/4398 4997/6322/4352 4595/6323/4195
f 5134/6318/4398 4595/6323/4195 3985/6319/4399
f 5002/6235/4354 4275/6234/4094 4457/6242/4156
f 5002/6235/4354 4457/6242/4156 5009/6241/4357
f 5002/6235/4354 5009/6241/4357 5142/6324/4402
f 5002/6235/4354 5142/6324/4402 5004/6236/4355
f 4602/5985/4197 4734/6059/4246 5143/6325/4403
f 4602/5985/4197 5143/6325/4403 5146/6326/4404
f 4602/5985/4197 5146/6326/4404 4841/6126/4287
f 4602/5985/4197 4841/6126/4287 4603/5986/4198
f 4737/6060/4247 4606/5992/4201 5020/6244/4359
f 4737/6060/4247 5020/6244/4359 4838/6123/4284
f 5149/6327/4405 4177/6078/4059 4174/6005/4058
f 5149/6327/4405 4174/6005/4058 4626/6004/4206
f 5149/6327/4405 4626/6004/4206 5152/6328/4406
f 5149/6327/4405 5152/6328/4406 5154/6329/4407
f 5149/6327/4405 5154/6329/4407 4767/6079/4253
f 5149/6327/4405 4767/6079/4253 4177/6078/4059
f 5159/6330/4408 4634/6270/4210 5057/6269/4374
f 5159/6330/4408 5057/6269/4374 5161/6331/4409
f 5159/6330/4408 5161/6331/4409 5164/6332/4410
f 5158/6333/4408 5163/6334/4410 5165/6335/4411
f 5158/6333/4408 5165/6335/4411 4938/6196/4331
f 5158/6333/4408 4938/6196/4331 4856/6142/4294
f 5160/6336/4408 4857/6140/4294 4635/6010/4210
f 4774/6150/4256 4771/6337/4412 4854/6137/4293
f 4774/6150/4256 4854/6137/4293 5168/6338/4413
f 4774/6150/4256 5168/6338/4413 5170/6339/4414
f 4774/6150/4256 5170/6339/4414 4866/6151/4297
f 4341/5860/4115 4338/5859/4114 5052/6267/4372
f 4341/5860/4115 5052/6267/4372 5050/6266/4371
f 4341/5860/4115 5050/6266/4371 4503/5936/4167
f 5173/6340/4415 4351/6341/4119 4347/6281/4118
f 5173/6340/4415 4347/6281/4118 5077/6280/4380
f 5173/6340/4415 5077/6280/4380 5175/6342/4416
f 5173/6340/4415 5175/6342/4416 5067/6274/4376
f 5173/6340/4415 5067/6274/4376 4513/6273/4168
f 5173/6340/4415 4513/6273/4168 4351/6341/4119
f 5178/6343/4417 4051/6344/4418 4047/6290/4024
f 5178/6343/4417 4047/6290/4024 5094/6289/4384
f 5178/6343/4417 5094/6289/4384 5180/6345/4419
f 5178/6343/4417 5180/6345/4419 5181/6346/4420
f 5178/6343/4417 5181/6346/4420 4362/5868/4121
f 5178/6343/4417 4362/5868/4121 4051/6344/4418
f 5183/6347/4421 4069/6348/4030 4977/6217/4344
f 5183/6347/4421 4977/6217/4344 5185/6349/4422
f 5183/6347/4421 5185/6349/4422 5186/6350/4423
f 5183/6347/4421 5186/6350/4423 4649/6021/4215
f 5183/6347/4421 4649/6021/4215 4069/6348/4030
f 4811/6100/4268 4808/6099/4267 5190/6351/4424
f 4811/6100/4268 5190/6351/4424 5194/6352/4425
f 4812/6101/4268 5196/6353/4425 5198/6354/4426
f 4812/6101/4268 5198/6354/4426 5201/6355/4427
f 4812/6101/4268 5201/6355/4427 4198/5801/4068
f 4812/6101/4268 4198/5801/4068 4195/5800/4067
f 5201/6355/4427 5198/6354/4426 5205/6356/4428
f 5201/6355/4427 5205/6356/4428 5210/6357/4429
f 5201/6355/4427 5210/6357/4429 4192/5798/4065
f 5201/6355/4427 4192/5798/4065 4198/5801/4068
f 4709/6047/4237 4707/6046/4236 5211/6358/4430
f 4709/6047/4237 5211/6358/4430 5214/6359/4431
f 4710/6049/4237 5215/6360/4431 4904/6176/4319
f 4710/6049/4237 4904/6176/4319 4721/6053/4240
f 4252/5828/4087 4249/5827/4086 4904/6176/4319
f 4252/5828/4087 4904/6176/4319 5215/6360/4431
f 4252/5828/4087 5215/6360/4431 5218/6361/4432
f 4253/5829/4088 5219/6362/4432 4671/6028/4221
f 4831/6113/4278 4829/6112/4277 5221/6363/4433
f 4831/6113/4278 5221/6363/4433 4915/6364/4322
f 4830/6365/4278 4914/6179/4322 4410/5895/4139
f 4684/6036/4227 4682/6035/4225 4907/6178/4321
f 4684/6036/4227 4907/6178/4321 5223/6366/4434
f 4684/6036/4227 5223/6366/4434 5224/6367/4435
f 4685/6037/4228 5226/6368/4435 4689/6038/4229
f 5229/6369/4436 4434/5903/4146 4919/6184/4324
f 5228/6370/4437 4918/6183/4324 5230/6371/4438
f 5228/6370/4437 5230/6371/4438 5231/6372/4439
f 5228/6370/4437 5231/6372/4439 5233/6373/4440
f 5228/6370/4437 5233/6373/4440 4561/6374/4186
f 5229/6369/4436 4562/5965/4186 4434/5903/4146
f 5233/6373/4440 5231/6372/4439 5236/6375/4441
f 5233/6373/4440 5236/6375/4441 4573/6376/4189
f 5234/6377/4440 4574/6378/4189 4565/5966/4187
f 5234/6377/4440 4565/5966/4187 4562/5965/4186
f 4938/6196/4331 4858/6143/4295 4856/6142/4294
f 5209/6379/4429 5204/6380/4428 5239/6381/4442
f 5210/6357/4429 5240/6382/4442 4784/6084/4258
f 5210/6357/4429 4784/6084/4258 4194/5799/4066
f 5210/6357/4429 4194/5799/4066 4192/5798/4065
f 5242/6383/4443 4084/5754/4033 4902/6175/4318
f 5242/6383/4443 4902/6175/4318 4824/6174/4317
f 5242/6383/4443 4824/6174/4317 5246/6384/4444
f 5242/6383/4443 5246/6384/4444 5248/6385/4445
f 5242/6383/4443 5248/6385/4445 5250/6386/4446
f 5242/6383/4443 5250/6386/4446 5252/6387/4447
f 5242/6383/4443 5252/6387/4447 5255/6388/4448
f 5242/6383/4443 5255/6388/4448 4084/5754/4033
f 4382/5877/4127 4084/5754/4033 5255/6388/4448
f 4382/5877/4127 5255/6388/4448 5259/6389/4449
f 4381/5879/4128 5258/6390/4449 5261/6391/4450
f 4381/5879/4128 5261/6391/4450 4981/6219/4345
f 5102/6296/4387 5099/6295/4386 5264/6392/4451
f 5102/6296/4387 5264/6392/4451 4887/6166/4310
f 5102/6296/4387 4887/6166/4310 4815/6102/4269
f 5102/6296/4387 4815/6102/4269 4400/5891/4135
f 4895/6393/4313 4893/6394/4312 5266/6395/4452
f 4895/6393/4313 5266/6395/4452 5245/6396/4444
f 4897/6397/4313 5246/6384/4444 4824/6174/4317
f 4897/6397/4313 4824/6174/4317 4822/6398/4453
f 4550/5957/4182 4548/5956/4181 5269/6399/4454
f 4551/5959/4183 5270/6400/4454 5271/6401/4455
f 4551/5959/4183 5271/6401/4455 4899/6171/4315
f 4551/5959/4183 4899/6171/4315 4554/5960/4184
f 4926/6402/4327 4924/6403/4326 5272/6404/4456
f 4926/6402/4327 5272/6404/4456 5274/6405/4457
f 4926/6402/4327 5274/6405/4457 4717/6406/4458
f 4925/6187/4327 4716/6052/4239 4242/5822/4083
f 4997/6322/4352 4598/6407/4196 4595/6323/4195
f 5277/6408/4459 4260/6409/4282 4836/6410/4281
f 5277/6408/4459 4836/6410/4281 5279/6411/4460
f 5277/6408/4459 5279/6411/4460 5282/6412/4461
f 5277/6408/4459 5282/6412/4461 5137/6320/4400
f 5277/6408/4459 5137/6320/4400 4265/5834/4091
f 5277/6408/4459 4265/5834/4091 4260/6409/4282
f 5283/6413/4462 4732/6058/4245 4933/6414/4463
f 5284/6415/4462 4934/6194/4330 5287/6416/4464
f 5283/6413/4462 5286/6417/4464 5143/6325/4403
f 5283/6413/4462 5143/6325/4403 4734/6059/4246
f 5283/6413/4462 4734/6059/4246 4732/6058/4245
f 4842/6127/4288 4841/6126/4287 5146/6326/4404
f 4842/6127/4288 5146/6326/4404 5289/6418/4465
f 4842/6127/4288 5289/6418/4465 5291/6419/4466
f 4842/6127/4288 5291/6419/4466 5292/6420/4467
f 4842/6127/4288 5292/6420/4467 4848/6133/4291
f 5295/6421/4468 4838/6123/4284 5019/6243/4358
f 5295/6421/4468 5019/6243/4358 5296/6422/4469
f 5295/6421/4468 5296/6422/4469 5298/6423/4470
f 5294/6424/4468 5297/6425/4470 5299/6426/4471
f 5294/6424/4468 5299/6426/4471 5301/6427/4472
f 5294/6424/4468 5301/6427/4472 5302/6428/4473
f 5294/6424/4468 5302/6428/4473 5007/6240/4356
f 5295/6421/4468 5008/6238/4356 4838/6123/4284
f 5296/6422/4469 5019/6243/4358 4940/6197/4332
f 5296/6422/4469 4940/6197/4332 4938/6196/4331
f 5296/6422/4469 4938/6196/4331 5165/6335/4411
f 5296/6422/4469 5165/6335/4411 5298/6423/4470
f 5303/6429/4474 4848/6133/4291 5292/6420/4467
f 5303/6429/4474 5292/6420/4467 5306/6430/4475
f 5304/6431/4474 5307/6432/4475 5168/6338/4413
f 5304/6431/4474 5168/6338/4413 4852/6136/4292
f 5303/6429/4474 4851/6134/4292 4848/6133/4291
f 5161/6331/4409 5057/6269/4374 5054/6268/4373
f 5161/6331/4409 5054/6268/4373 5313/6433/4476
f 5161/6331/4409 5313/6433/4476 5315/6434/4477
f 5161/6331/4409 5315/6434/4477 5164/6332/4410
f 5313/6433/4476 5054/6268/4373 5052/6267/4372
f 5313/6433/4476 5052/6267/4372 5069/6276/4377
f 5312/6435/4476 5068/6275/4377 5317/6436/4478
f 5312/6435/4476 5317/6436/4478 5319/6437/4479
f 5312/6435/4476 5319/6437/4479 5322/6438/4480
f 5312/6435/4476 5322/6438/4480 5314/6439/4477
f 5323/6440/4481 4869/6152/4298 4866/6151/4297
f 5323/6440/4481 4866/6151/4297 5170/6339/4414
f 5323/6440/4481 5170/6339/4414 5325/6441/4482
f 5323/6440/4481 5325/6441/4482 5326/6442/4483
f 5323/6440/4481 5326/6442/4483 5328/6443/4484
f 5323/6440/4481 5328/6443/4484 5332/6444/4485
f 5323/6440/4481 5332/6444/4485 4870/6154/4300
f 5323/6440/4481 4870/6154/4300 4869/6152/4298
f 5081/6282/4381 4516/5941/4170 4870/6154/4300
f 5081/6282/4381 4870/6154/4300 5332/6444/4485
f 5081/6282/4381 5332/6444/4485 5335/6445/4486
f 5082/6446/4381 5336/6447/4486 5085/6448/4382
f 4806/6098/4266 4799/6095/4264 5339/6449/4487
f 4806/6098/4266 5339/6449/4487 5341/6450/4488
f 4806/6098/4266 5341/6450/4488 4973/6215/4342
f 4806/6098/4266 4973/6215/4342 4385/5885/4131
f 5117/6305/4391 5112/6304/4390 5344/6451/4489
f 5117/6305/4391 5344/6451/4489 4924/6403/4326
f 5117/6305/4391 4924/6403/4326 4668/6452/4220
f 4724/6055/4242 4578/5971/4190 4575/5970/4189
f 4724/6055/4242 4575/5970/4189 5350/6453/4490
f 4724/6055/4242 5350/6453/4490 5351/6454/4491
f 4724/6055/4242 5351/6454/4491 4725/6056/4243
f 5137/6320/4400 4267/5835/4092 4265/5834/4091
f 5354/6455/4492 4833/6118/4279 5004/6236/4355
f 5354/6455/4492 5004/6236/4355 5356/6456/4493
f 5354/6455/4492 5356/6456/4493 5357/6457/4494
f 5354/6455/4492 5357/6457/4494 5278/6458/4460
f 5354/6455/4492 5278/6458/4460 4835/6119/4281
f 5354/6455/4492 4835/6119/4281 4833/6118/4279
f 5025/6247/4360 4745/6066/4250 4744/6065/4250
f 5025/6247/4360 4744/6065/4250 5362/6459/4495
f 5024/6460/4496 5361/6461/4495 5365/6462/4497
f 5024/6460/4496 5365/6462/4497 5368/6463/4361
f 5023/6464/4496 5367/6465/4361 5027/6466/4361
f 5035/6467/4365 5030/6468/4364 5369/6469/4498
f 5037/6470/4499 5370/6471/4498 5372/6472/4500
f 5037/6470/4499 5372/6472/4500 5376/6473/4501
f 5036/6252/4365 5375/6474/4501 4943/6201/4334
f 5036/6252/4365 4943/6201/4334 4475/6200/4158
f 5036/6252/4365 4475/6200/4158 4469/6253/4157
f 5168/6338/4413 4854/6137/4293 4852/6136/4292
f 5383/6475/4502 4485/6207/4162 4957/6206/3923
f 5383/6475/4502 4957/6206/3923 5387/6476/4503
f 5382/6477/4502 5386/6478/4503 5389/6479/4338
f 5383/6475/4502 5390/6480/4338 4964/6211/4338
f 5383/6475/4502 4964/6211/4338 4489/6210/4163
f 5383/6475/4502 4489/6210/4163 4485/6207/4162
f 5392/6481/4504 4623/6263/4205 5046/6262/4368
f 5392/6481/4504 5046/6262/4368 5395/6482/4505
f 5393/6483/4506 5396/6484/4505 5151/6485/4507
f 5392/6481/4504 5150/6486/4507 4625/6487/4508
f 5392/6481/4504 4625/6487/4508 4623/6263/4205
f 5398/6488/4166 4498/6489/4166 4495/6213/4340
f 5398/6488/4166 4495/6213/4340 4966/6212/4339
f 5398/6488/4166 4966/6212/4339 5402/6490/4509
f 5397/6491/4166 5401/6492/4509 5404/6493/4510
f 5398/6488/4166 5405/6494/4510 5044/6495/4166
s 0
f 5398/6488/4166 5044/6495/4166 4498/6489/4166
s 1
f 5181/6346/4420 5180/6345/4419 5408/6496/4511
f 5181/6346/4420 5408/6496/4511 5409/6497/4512
f 5181/6346/4420 5409/6497/4512 5410/6498/4513
f 5181/6346/4420 5410/6498/4513 4872/6156/4302
f 5181/6346/4420 4872/6156/4302 4364/5869/4122
f 5181/6346/4420 4364/5869/4122 4362/5868/4121
f 4536/5951/4176 4375/5875/4125 5083/6499/4382
f 4536/5951/4176 5083/6499/4382 5413/6500/4514
f 4536/5951/4176 5413/6500/4514 5418/6501/4515
f 4536/5951/4176 5418/6501/4515 4877/6162/4306
f 4975/6216/4343 4973/6215/4342 5421/6502/4516
f 4974/6503/4343 5420/6504/4516 5422/6505/4517
f 4975/6216/4343 5423/6506/4517 5190/6351/4424
f 4975/6216/4343 5190/6351/4424 4808/6099/4267
f 5427/6507/4518 4538/5953/4178 4901/6172/4316
f 5427/6507/4518 4901/6172/4316 5430/6508/4519
f 5426/6509/4518 5429/6510/4520 5433/6511/4521
f 5426/6509/4518 5433/6511/4521 5434/6512/4522
f 5426/6509/4518 5434/6512/4522 5436/6513/4523
f 5427/6507/4518 5437/6514/4523 4538/5953/4178
f 5436/6513/4523 5434/6512/4522 5266/6395/4452
f 5436/6513/4523 5266/6395/4452 4893/6394/4312
f 5437/6514/4523 4894/6168/4312 4538/5953/4178
f 5269/6399/4454 4548/5956/4181 4891/6167/4311
f 5269/6399/4454 4891/6167/4311 5441/6515/4524
f 5269/6399/4454 5441/6515/4524 5444/6516/4525
f 5269/6399/4454 5444/6516/4525 5449/6517/4526
f 5270/6400/4454 5451/6518/4526 5271/6401/4455
f 5119/6307/4392 4989/6224/4348 5454/6519/4527
f 5119/6307/4392 5454/6519/4527 5455/6520/4528
f 5119/6307/4392 5455/6520/4528 5458/6521/4529
f 5119/6307/4392 5458/6521/4529 5124/6312/4394
f 5119/6307/4392 5124/6312/4394 5121/6308/4393
f 5459/6522/4530 4580/5972/4191 4450/5912/4154
f 5459/6522/4530 4450/5912/4154 5461/6523/4531
f 5459/6522/4530 5461/6523/4531 5464/6524/4532
f 5459/6522/4530 5464/6524/4532 5466/6525/4533
f 5460/6526/4530 5467/6527/4533 4581/5974/4191
f 5467/6527/4533 5465/6528/4532 5471/6529/4534
f 5467/6527/4533 5471/6529/4534 5472/6530/4535
f 5467/6527/4533 5472/6530/4535 4584/5975/4192
f 5467/6527/4533 4584/5975/4192 4581/5974/4191
f 5461/6523/4531 4450/5912/4154 4999/6232/4353
f 5461/6523/4531 4999/6232/4353 5475/6531/4536
f 5461/6523/4531 5475/6531/4536 5477/6532/4537
f 5461/6523/4531 5477/6532/4537 5464/6524/4532
f 5479/6533/4538 4932/6191/4329 5133/6317/4397
f 5478/6534/4538 5132/6535/4397 5483/6536/4539
f 5478/6534/4538 5483/6536/4539 4934/6194/4330
f 5478/6534/4538 4934/6194/4330 4931/6193/4329
f 5144/6537/4403 5287/6416/4464 5485/6538/4540
f 5144/6537/4403 5485/6538/4540 5487/6539/4541
f 5143/6325/4403 5488/6540/4541 5289/6418/4465
f 5143/6325/4403 5289/6418/4465 5146/6326/4404
f 5302/6428/4473 5301/6427/4472 5491/6541/4542
f 5302/6428/4473 5491/6541/4542 5009/6241/4357
f 5302/6428/4473 5009/6241/4357 5007/6240/4356
f 5362/6459/4495 4744/6065/4250 4743/6064/4249
f 5362/6459/4495 4743/6064/4249 5493/6542/4543
f 5361/6461/4495 5492/6543/4544 5498/6544/4545
f 5361/6461/4495 5498/6544/4545 5365/6462/4497
f 5493/6542/4543 4743/6064/4249 4751/6071/4251
f 5493/6542/4543 4751/6071/4251 5500/6545/4546
f 5492/6543/4544 5499/6546/4546 5501/6547/4547
f 5492/6543/4544 5501/6547/4547 5498/6544/4545
f 5500/6545/4546 4751/6071/4251 4756/6074/4251
f 5500/6545/4546 4756/6074/4251 5504/6548/4548
f 5499/6546/4546 5503/6549/4548 5505/6550/4549
f 5499/6546/4546 5505/6550/4549 5501/6547/4547
f 5507/6551/4550 5165/6335/4411 5163/6334/4410
f 5507/6551/4550 5163/6334/4410 5509/6552/4551
f 5506/6553/4550 5508/6554/4551 5299/6426/4471
f 5506/6553/4550 5299/6426/4471 5297/6425/4470
f 5507/6551/4550 5298/6423/4470 5165/6335/4411
f 5504/6548/4548 4756/6074/4251 4760/6077/4252
f 5504/6548/4548 4760/6077/4252 5515/6555/4552
f 5503/6549/4548 5514/6556/4552 5517/6557/4553
f 5503/6549/4548 5517/6557/4553 5505/6550/4549
f 5515/6555/4552 4760/6077/4252 4767/6079/4253
f 5515/6555/4552 4767/6079/4253 5154/6329/4407
f 5514/6556/4552 5153/6558/4407 5520/6559/4554
f 5514/6556/4552 5520/6559/4554 5517/6557/4553
f 5511/6560/4551 5164/6332/4410 5315/6434/4477
f 5510/6561/4551 5314/6439/4477 5322/6438/4480
f 5510/6561/4551 5322/6438/4480 5300/6562/4471
f 5067/6274/4376 5175/6342/4416 5522/6563/4555
f 5067/6274/4376 5522/6563/4555 5317/6436/4478
f 5067/6274/4376 5317/6436/4478 5068/6275/4377
f 5527/6564/4556 4533/5948/4175 4526/5947/4173
f 5527/6564/4556 4526/5947/4173 5528/6565/4557
f 5527/6564/4556 5528/6565/4557 5530/6566/4558
f 5527/6564/4556 5530/6566/4558 5093/6287/4384
f 5527/6564/4556 5093/6287/4384 4533/5948/4175
f 5531/6567/4559 4526/5947/4173 4645/6018/4213
f 5531/6567/4559 4645/6018/4213 5535/6568/4560
f 5531/6567/4559 5535/6568/4560 5536/6569/4561
f 5531/6567/4559 5536/6569/4561 5528/6565/4557
f 5531/6567/4559 5528/6565/4557 4526/5947/4173
f 5534/6570/4560 4646/6016/4213 4641/6015/4212
f 5534/6570/4560 4641/6015/4212 5541/6571/4562
f 5534/6570/4560 5541/6571/4562 5545/6572/4563
f 5534/6570/4560 5545/6572/4563 5537/6573/4564
f 5261/6391/4450 5258/6390/4449 5548/6574/4565
f 5261/6391/4450 5548/6574/4565 5549/6575/4566
f 5261/6391/4450 5549/6575/4566 4795/6091/4261
f 5261/6391/4450 4795/6091/4261 4981/6219/4345
f 5271/6401/4455 5451/6518/4526 5430/6508/4519
f 5271/6401/4455 5430/6508/4519 4901/6172/4316
f 5271/6401/4455 4901/6172/4316 4899/6171/4315
f 4917/6182/4323 4913/6181/4322 5220/6576/4433
f 4917/6182/4323 5220/6576/4433 5552/6577/4567
f 4917/6182/4323 5552/6577/4567 5554/6578/4568
f 4917/6182/4323 5554/6578/4568 5230/6371/4438
f 4917/6182/4323 5230/6371/4438 4918/6183/4324
f 5472/6530/4535 5471/6529/4534 5556/6579/4569
f 5472/6530/4535 5556/6579/4569 5557/6580/4570
f 5472/6530/4535 5557/6580/4570 4591/5980/4194
f 5472/6530/4535 4591/5980/4194 4584/5975/4192
f 5557/6580/4570 5556/6579/4569 5559/6581/4571
f 5557/6580/4570 5559/6581/4571 5223/6366/4434
f 5557/6580/4570 5223/6366/4434 4905/6177/4320
f 5557/6580/4570 4905/6177/4320 4591/5980/4194
f 5223/6366/4434 4907/6178/4321 4905/6177/4320
f 5563/6582/4572 4708/6583/4236 4704/6584/4573
f 5563/6582/4572 4704/6584/4573 5564/6585/4574
f 5563/6582/4572 5564/6585/4574 5566/6586/4575
f 5563/6582/4572 5566/6586/4575 5569/6587/4576
f 5562/6588/4572 5568/6589/4577 5571/6590/4578
f 5562/6588/4572 5571/6590/4578 4707/6046/4236
f 5211/6358/4430 4707/6046/4236 5571/6590/4578
f 5211/6358/4430 5571/6590/4578 5572/6591/4579
f 5211/6358/4430 5572/6591/4579 5574/6592/4580
f 5211/6358/4430 5574/6592/4580 5214/6359/4431
f 5577/6593/4581 4688/6594/4229 5225/6595/4435
f 5577/6593/4581 5225/6595/4435 5579/6596/4582
f 5577/6593/4581 5579/6596/4582 5580/6597/4583
f 5577/6593/4581 5580/6597/4583 5129/6316/4396
f 5577/6593/4581 5129/6316/4396 4694/6315/4231
f 5577/6593/4581 4694/6315/4231 4688/6594/4229
f 5236/6375/4441 5231/6372/4439 5582/6598/4584
f 5236/6375/4441 5582/6598/4584 5583/6599/4585
f 5236/6375/4441 5583/6599/4585 5586/6600/4586
f 5236/6375/4441 5586/6600/4586 5590/6601/4587
f 5237/6602/4441 5591/6603/4588 5350/6453/4490
f 5237/6602/4441 5350/6453/4490 4575/5970/4189
f 5356/6456/4493 5004/6236/4355 5142/6324/4402
f 5356/6456/4493 5142/6324/4402 5491/6541/4542
f 5356/6456/4493 5491/6541/4542 5594/6604/4589
f 5356/6456/4493 5594/6604/4589 5357/6457/4494
f 5491/6541/4542 5142/6324/4402 5009/6241/4357
f 5306/6430/4475 5292/6420/4467 5291/6419/4466
f 5306/6430/4475 5291/6419/4466 5598/6605/4590
f 5305/6606/4475 5597/6607/4590 5599/6608/4591
f 5308/6609/4475 5600/6610/4591 5602/6611/4592
f 5308/6609/4475 5602/6611/4592 5605/6612/4593
f 5307/6432/4475 5604/6613/4594 5168/6338/4413
f 5325/6441/4482 5170/6339/4414 5168/6338/4413
f 5325/6441/4482 5168/6338/4413 5604/6613/4594
f 5325/6441/4482 5604/6613/4594 5326/6442/4483
f 5522/6563/4555 5175/6342/4416 5607/6614/4595
f 5522/6563/4555 5607/6614/4595 5609/6615/4595
f 5522/6563/4555 5609/6615/4595 5612/6616/4596
f 5522/6563/4555 5612/6616/4596 5613/6617/4597
f 5522/6563/4555 5613/6617/4597 5319/6437/4479
f 5522/6563/4555 5319/6437/4479 5317/6436/4478
f 5076/6279/4379 4874/6159/4303 5615/6618/4598
f 5076/6279/4379 5615/6618/4598 5618/6619/4599
f 5076/6279/4379 5618/6619/4599 5607/6614/4595
f 5076/6279/4379 5607/6614/4595 5077/6280/4380
f 5607/6614/4595 5175/6342/4416 5077/6280/4380
f 5614/6620/4598 4873/6157/4303 4872/6156/4302
f 5614/6620/4598 4872/6156/4302 5410/6498/4513
f 5614/6620/4598 5410/6498/4513 5620/6621/4600
f 5614/6620/4598 5620/6621/4600 5617/6622/4599
f 5185/6349/4422 4977/6217/4344 4787/6087/4259
f 5185/6349/4422 4787/6087/4259 5622/6623/4601
f 5185/6349/4422 5622/6623/4601 5626/6624/4602
f 5185/6349/4422 5626/6624/4602 5629/6625/4603
f 5185/6349/4422 5629/6625/4603 5632/6626/4604
f 5185/6349/4422 5632/6626/4604 5186/6350/4423
f 5624/6627/4601 4788/6085/4259 4784/6084/4258
f 5623/6628/4601 4783/6629/4258 5239/6381/4442
f 5623/6628/4601 5239/6381/4442 5634/6630/4605
f 5623/6628/4601 5634/6630/4605 5627/6631/4602
f 5541/6571/4562 4641/6015/4212 4649/6021/4215
f 5541/6571/4562 4649/6021/4215 5186/6350/4423
f 5541/6571/4562 5186/6350/4423 5637/6632/4606
f 5541/6571/4562 5637/6632/4606 5545/6572/4563
f 4797/6092/4262 4795/6091/4261 5549/6575/4566
f 4797/6092/4262 5549/6575/4566 5640/6633/4607
f 4797/6092/4262 5640/6633/4607 5643/6634/4608
f 4796/6635/4262 5642/6636/4608 4799/6095/4264
f 5564/6585/4574 4704/6584/4573 4717/6406/4458
f 5564/6585/4574 4717/6406/4458 5274/6405/4457
f 5564/6585/4574 5274/6405/4457 5645/6637/4609
f 5564/6585/4574 5645/6637/4609 5566/6586/4575
f 5650/6638/4610 4671/6028/4221 5219/6362/4432
f 5650/6638/4610 5219/6362/4432 5653/6639/4611
f 5650/6638/4610 5653/6639/4611 5656/6640/4612
f 5650/6638/4610 5656/6640/4612 5659/6641/4613
f 5650/6638/4610 5659/6641/4613 4674/6029/4222
f 5650/6638/4610 4674/6029/4222 4671/6028/4221
f 5344/6451/4489 5112/6304/4390 5664/6642/4614
f 5344/6451/4489 5664/6642/4614 5665/6643/4615
f 5344/6451/4489 5665/6643/4615 5666/6644/4616
f 5344/6451/4489 5666/6644/4616 5272/6404/4456
f 5344/6451/4489 5272/6404/4456 4924/6403/4326
f 5668/6645/4617 5491/6541/4542 5301/6427/4472
f 5668/6645/4617 5301/6427/4472 5669/6646/4618
f 5668/6645/4617 5669/6646/4618 5673/6647/4619
f 5668/6645/4617 5673/6647/4619 5491/6541/4542
f 5673/6647/4619 5669/6646/4618 5676/6648/4620
f 5673/6647/4619 5676/6648/4620 5678/6649/4621
f 5673/6647/4619 5678/6649/4621 5680/6650/4622
f 5673/6647/4619 5680/6650/4622 5682/6651/4623
f 5673/6647/4619 5682/6651/4623 5594/6604/4589
f 5673/6647/4619 5594/6604/4589 5491/6541/4542
f 5487/6539/4541 5485/6538/4540 5597/6607/4590
f 5488/6540/4541 5598/6605/4590 5291/6419/4466
f 5488/6540/4541 5291/6419/4466 5289/6418/4465
f 5669/6646/4618 5301/6427/4472 5299/6426/4471
f 5669/6646/4618 5299/6426/4471 5321/6652/4480
f 5670/6653/4618 5322/6438/4480 5688/6654/4624
f 5669/6646/4618 5687/6655/4624 5676/6648/4620
f 5688/6654/4624 5322/6438/4480 5319/6437/4479
f 5688/6654/4624 5319/6437/4479 5613/6617/4597
f 5688/6654/4624 5613/6617/4597 5612/6616/4596
f 5688/6654/4624 5612/6616/4596 5691/6656/4625
f 5688/6654/4624 5691/6656/4625 5677/6657/4620
f 5336/6447/4486 5333/6658/4626 5329/6659/4484
f 5336/6447/4486 5329/6659/4484 5696/6660/4627
f 5336/6447/4486 5696/6660/4627 5698/6661/4628
f 5336/6447/4486 5698/6661/4628 5702/6662/4629
f 5336/6447/4486 5702/6662/4629 5414/6663/4514
f 5336/6447/4486 5414/6663/4514 5085/6448/4382
f 5420/6504/4516 4972/6664/4342 5340/6665/4488
f 5420/6504/4516 5340/6665/4488 5705/6666/4630
f 5420/6504/4516 5705/6666/4630 5707/6667/4631
f 5420/6504/4516 5707/6667/4631 5422/6505/4517
f 5252/6387/4447 5250/6386/4446 5711/6668/4632
f 5252/6387/4447 5711/6668/4632 5715/6669/4633
f 5252/6387/4447 5715/6669/4633 5259/6389/4449
f 5252/6387/4447 5259/6389/4449 5255/6388/4448
f 5264/6392/4451 5099/6295/4386 5717/6670/4634
f 5264/6392/4451 5717/6670/4634 5719/6671/4635
f 5264/6392/4451 5719/6671/4635 5441/6515/4524
f 5264/6392/4451 5441/6515/4524 4887/6166/4310
f 5441/6515/4524 4891/6167/4311 4887/6166/4310
f 5643/6634/4608 5640/6633/4607 5726/6672/4636
f 5641/6673/4637 5725/6674/4638 5728/6675/4639
f 5642/6636/4608 5729/6676/4639 5339/6449/4487
f 5642/6636/4608 5339/6449/4487 4799/6095/4264
f 5732/6677/4640 4674/6029/4222 5659/6641/4613
f 5732/6677/4640 5659/6641/4613 5736/6678/4641
f 5731/6679/4640 5735/6680/4641 5739/6681/4642
f 5731/6679/4640 5739/6681/4642 5454/6519/4527
f 5731/6679/4640 5454/6519/4527 4989/6224/4348
f 5732/6677/4640 4990/6222/4348 4674/6029/4222
f 5126/6313/4395 5124/6312/4394 5458/6521/4529
f 5126/6313/4395 5458/6521/4529 5748/6682/4643
f 5126/6313/4395 5748/6682/4643 5749/6683/4644
f 5126/6313/4395 5749/6683/4644 4829/6112/4277
f 5749/6683/4644 5748/6682/4643 5752/6684/4645
f 5749/6683/4644 5752/6684/4645 5553/6685/4567
f 5749/6683/4644 5553/6685/4567 5221/6363/4433
f 5749/6683/4644 5221/6363/4433 4829/6112/4277
f 5758/6686/4646 4725/6056/4243 5351/6454/4491
f 5758/6686/4646 5351/6454/4491 5591/6603/4588
f 5758/6686/4646 5591/6603/4588 5760/6687/4647
f 5757/6688/4646 5759/6689/4647 5763/6690/4648
f 5758/6686/4646 5764/6691/4648 5133/6317/4397
f 5758/6686/4646 5133/6317/4397 4725/6056/4243
f 5766/6692/4649 4997/6322/4352 5139/6321/4401
f 5766/6692/4649 5139/6321/4401 5771/6693/4650
f 5766/6692/4649 5771/6693/4650 5775/6694/4651
f 5765/6695/4649 5774/6696/4652 5475/6531/4536
f 5765/6695/4649 5475/6531/4536 4996/6231/4352
f 5475/6531/4536 4999/6232/4353 4996/6231/4352
f 5778/6697/4653 4934/6194/4330 5483/6536/4539
f 5778/6697/4653 5483/6536/4539 5779/6698/4654
f 5778/6697/4653 5779/6698/4654 5485/6538/4540
f 5778/6697/4653 5485/6538/4540 5287/6416/4464
f 5778/6697/4653 5287/6416/4464 4934/6194/4330
f 5369/6469/4498 5030/6468/4364 5026/6699/4361
f 5370/6471/4498 5028/6700/4361 5368/6463/4361
f 5370/6471/4498 5368/6463/4361 5781/6701/4655
f 5370/6471/4498 5781/6701/4655 5783/6702/4656
f 5370/6471/4498 5783/6702/4656 5372/6472/4500
f 5376/6473/4501 5372/6472/4500 5787/6703/4657
f 5376/6473/4501 5787/6703/4657 5790/6704/4658
f 5376/6473/4501 5790/6704/4658 5793/6705/4659
f 5376/6473/4501 5793/6705/4659 5796/6706/4660
f 5376/6473/4501 5796/6706/4660 4947/6707/4335
f 5375/6474/4501 4946/6202/4335 4943/6201/4334
f 5796/6706/4660 5793/6705/4659 5799/6708/4661
f 5796/6706/4660 5799/6708/4661 5804/6709/4662
f 5796/6706/4660 5804/6709/4662 4951/6710/4663
f 5795/6711/4664 4949/6712/4336 4945/6713/4335
f 5802/6714/4662 5798/6715/4661 5805/6716/4665
f 5802/6714/4662 5805/6716/4665 5386/6478/4503
f 5802/6714/4662 5386/6478/4503 4956/6717/3923
f 5803/6718/4662 4957/6206/3923 4950/6203/4336
f 5389/6479/4338 5386/6478/4503 5805/6716/4665
f 5389/6479/4338 5805/6716/4665 5808/6719/4666
f 5389/6479/4338 5808/6719/4666 5401/6492/4509
f 5389/6479/4338 5401/6492/4509 4965/6720/4667
f 5390/6480/4338 4966/6212/4339 4964/6211/4338
f 5812/6721/4668 5046/6262/4368 5043/6261/4166
f 5811/6722/4668 5042/6723/4166 5404/6493/4510
f 5811/6722/4668 5404/6493/4510 5815/6724/4669
f 5813/6725/4668 5816/6726/4670 5819/6727/4671
f 5813/6725/4668 5819/6727/4671 5396/6484/4505
f 5813/6725/4668 5396/6484/4505 5047/6728/4368
f 5618/6619/4599 5621/6729/4600 5823/6730/4672
f 5618/6619/4599 5823/6730/4672 5609/6615/4595
f 5618/6619/4599 5609/6615/4595 5607/6614/4595
f 5826/6731/4673 5093/6287/4384 5530/6566/4558
f 5826/6731/4673 5530/6566/4558 5831/6732/4674
f 5827/6733/4673 5832/6734/4674 5408/6496/4511
f 5827/6733/4673 5408/6496/4511 5180/6345/4419
f 5827/6733/4673 5180/6345/4419 5094/6289/4384
f 5418/6501/4515 5413/6500/4514 5701/6735/4629
f 5418/6501/4515 5701/6735/4629 5836/6736/4675
f 5417/6737/4515 5835/6738/4675 5838/6739/4676
f 5417/6737/4515 5838/6739/4676 5841/6740/4677
f 5418/6501/4515 5842/6741/4677 5845/6742/4678
f 5418/6501/4515 5845/6742/4678 4877/6162/4306
f 5845/6742/4678 5842/6741/4677 5849/6743/4679
f 5845/6742/4678 5849/6743/4679 5095/6292/4385
f 5845/6742/4678 5095/6292/4385 4880/6163/4307
f 5845/6742/4678 4880/6163/4307 4877/6162/4306
f 5422/6505/4517 5707/6667/4631 5852/6744/4680
f 5422/6505/4517 5852/6744/4680 5854/6745/4681
f 5422/6505/4517 5854/6745/4681 5193/6746/4425
f 5422/6505/4517 5193/6746/4425 5189/6747/4424
f 5861/6748/4682 5245/6396/4444 5266/6395/4452
f 5861/6748/4682 5266/6395/4452 5865/6749/4683
f 5861/6748/4682 5865/6749/4683 5869/6750/4684
f 5861/6748/4682 5869/6750/4684 5247/6751/4445
f 5862/6752/4685 5248/6385/4445 5246/6384/4444
f 5574/6592/4580 5572/6591/4579 5873/6753/4686
f 5574/6592/4580 5873/6753/4686 5875/6754/4687
f 5574/6592/4580 5875/6754/4687 5651/6755/4611
f 5575/6756/4580 5652/6757/4611 5218/6361/4432
f 5575/6756/4580 5218/6361/4432 5215/6360/4431
f 5569/6587/4576 5566/6586/4575 5879/6758/4688
f 5568/6589/4577 5878/6759/4688 5881/6760/4689
f 5568/6589/4577 5881/6760/4689 5572/6591/4579
f 5568/6589/4577 5572/6591/4579 5571/6590/4578
f 5663/6761/4614 5111/6302/4390 5109/6301/4389
f 5663/6761/4614 5109/6301/4389 5884/6762/4690
f 5663/6761/4614 5884/6762/4690 5885/6763/4691
f 5664/6642/4614 5886/6764/4691 5665/6643/4615
f 5884/6762/4690 5109/6301/4389 5129/6316/4396
f 5884/6762/4690 5129/6316/4396 5580/6597/4583
f 5884/6762/4690 5580/6597/4583 5890/6765/4692
f 5884/6762/4690 5890/6765/4692 5891/6766/4693
f 5884/6762/4690 5891/6766/4693 5885/6763/4691
f 5894/6767/4694 5137/6320/4400 5282/6412/4461
f 5894/6767/4694 5282/6412/4461 5896/6768/4695
f 5894/6767/4694 5896/6768/4695 5898/6769/4696
f 5894/6767/4694 5898/6769/4696 5771/6693/4650
f 5894/6767/4694 5771/6693/4650 5137/6320/4400
f 5771/6693/4650 5139/6321/4401 5137/6320/4400
f 5906/6770/4697 5279/6411/4460 5358/6771/4494
f 5906/6770/4697 5358/6771/4494 5683/6772/4623
f 5906/6770/4697 5683/6772/4623 5908/6773/4698
f 5906/6770/4697 5908/6773/4698 5896/6768/4695
f 5906/6770/4697 5896/6768/4695 5282/6412/4461
f 5906/6770/4697 5282/6412/4461 5279/6411/4460
f 5682/6651/4623 5357/6457/4494 5594/6604/4589
f 5909/6774/4699 5153/6558/4407 5151/6485/4507
f 5909/6774/4699 5151/6485/4507 5396/6484/4505
f 5909/6774/4699 5396/6484/4505 5912/6775/4700
f 5909/6774/4699 5912/6775/4700 5914/6776/4701
f 5909/6774/4699 5914/6776/4701 5520/6559/4554
f 5909/6774/4699 5520/6559/4554 5153/6558/4407
f 5327/6777/4483 5605/6612/4593 5602/6611/4592
f 5327/6777/4483 5602/6611/4592 5918/6778/4702
f 5327/6777/4483 5918/6778/4702 5920/6779/4703
f 5327/6777/4483 5920/6779/4703 5696/6660/4627
f 5327/6777/4483 5696/6660/4627 5329/6659/4484
f 5822/6780/4672 5620/6621/4600 5923/6781/4704
f 5822/6780/4672 5923/6781/4704 5927/6782/4705
f 5823/6730/4672 5928/6783/4705 5931/6784/4706
f 5823/6730/4672 5931/6784/4706 5612/6616/4596
f 5823/6730/4672 5612/6616/4596 5609/6615/4595
f 5934/6785/4707 5528/6565/4557 5536/6569/4561
f 5934/6785/4707 5536/6569/4561 5936/6786/4708
f 5934/6785/4707 5936/6786/4708 5530/6566/4558
f 5934/6785/4707 5530/6566/4558 5528/6565/4557
f 5938/6787/4709 5204/6380/4428 5197/6788/4426
f 5938/6787/4709 5197/6788/4426 5855/6789/4681
f 5937/6790/4709 5854/6745/4681 5940/6791/4710
f 5938/6787/4709 5941/6792/4710 5944/6793/4711
f 5938/6787/4709 5944/6793/4711 5945/6794/4712
f 5938/6787/4709 5945/6794/4712 5946/6795/4713
f 5938/6787/4709 5946/6795/4713 5204/6380/4428
f 5946/6795/4713 5945/6794/4712 5634/6630/4605
f 5946/6795/4713 5634/6630/4605 5239/6381/4442
f 5946/6795/4713 5239/6381/4442 5204/6380/4428
f 5855/6789/4681 5197/6788/4426 5195/6796/4425
f 5950/6797/4714 5640/6633/4607 5549/6575/4566
f 5950/6797/4714 5549/6575/4566 5548/6574/4565
f 5950/6797/4714 5548/6574/4565 5955/6798/4715
f 5950/6797/4714 5955/6798/4715 5957/6799/4716
f 5950/6797/4714 5957/6799/4716 5961/6800/4717
f 5950/6797/4714 5961/6800/4717 5726/6672/4636
f 5950/6797/4714 5726/6672/4636 5640/6633/4607
f 5591/6603/4588 5351/6454/4491 5350/6453/4490
f 5967/6801/4718 5223/6366/4434 5969/6802/4719
f 5967/6801/4718 5969/6802/4719 5971/6803/4720
f 5968/6804/4718 5972/6805/4720 5579/6596/4582
f 5968/6804/4718 5579/6596/4582 5225/6595/4435
f 5967/6801/4718 5224/6367/4435 5223/6366/4434
f 5559/6581/4571 5556/6579/4569 5978/6806/4721
f 5559/6581/4571 5978/6806/4721 5979/6807/4722
f 5559/6581/4571 5979/6807/4722 5969/6802/4719
f 5559/6581/4571 5969/6802/4719 5223/6366/4434
f 5645/6637/4609 5274/6405/4457 5272/6404/4456
f 5645/6637/4609 5272/6404/4456 5666/6644/4616
f 5645/6637/4609 5666/6644/4616 5981/6808/4723
f 5645/6637/4609 5981/6808/4723 5983/6809/4724
f 5645/6637/4609 5983/6809/4724 5879/6758/4688
f 5645/6637/4609 5879/6758/4688 5566/6586/4575
f 5985/6810/4725 5231/6372/4439 5230/6371/4438
f 5985/6810/4725 5230/6371/4438 5554/6578/4568
f 5985/6810/4725 5554/6578/4568 5986/6811/4726
f 5985/6810/4725 5986/6811/4726 5990/6812/4727
f 5985/6810/4725 5990/6812/4727 5583/6599/4585
f 5985/6810/4725 5583/6599/4585 5582/6598/4584
f 5985/6810/4725 5582/6598/4584 5231/6372/4439
f 5994/6813/4728 5131/6814/4397 5763/6690/4648
f 5994/6813/4728 5763/6690/4648 5997/6815/4729
f 5995/6816/4730 5998/6817/4729 5483/6536/4539
f 5993/6818/4730 5482/6819/4731 5130/6820/4397
f 6002/6821/4732 5682/6651/4623 5680/6650/4622
f 6002/6821/4732 5680/6650/4622 5678/6649/4621
f 6002/6821/4732 5678/6649/4621 6006/6822/4733
f 6003/6823/4732 6007/6824/4733 6010/6825/4734
f 6003/6823/4732 6010/6825/4734 6012/6826/4735
f 6003/6823/4732 6012/6826/4735 6014/6827/4736
f 6003/6823/4732 6014/6827/4736 5908/6773/4698
f 6003/6823/4732 5908/6773/4698 5683/6772/4623
f 6016/6828/4737 5597/6607/4590 5485/6538/4540
f 6016/6828/4737 5485/6538/4540 6018/6829/4738
f 6016/6828/4737 6018/6829/4738 6020/6830/4739
f 6016/6828/4737 6020/6830/4739 6024/6831/4740
f 6016/6828/4737 6024/6831/4740 5597/6607/4590
f 6025/6832/4740 6021/6833/4739 5918/6778/4702
f 6025/6832/4740 5918/6778/4702 5600/6610/4591
f 6024/6831/4740 5599/6608/4591 5597/6607/4590
f 5691/6656/4625 5612/6616/4596 6028/6834/4741
f 5691/6656/4625 6028/6834/4741 5679/6835/4621
f 5690/6836/4625 5678/6649/4621 5676/6648/4620
f 6028/6834/4741 5612/6616/4596 5931/6784/4706
f 6028/6834/4741 5931/6784/4706 5928/6783/4705
f 6028/6834/4741 5928/6783/4705 6034/6837/4742
f 6028/6834/4741 6034/6837/4742 6008/6838/4743
f 6027/6839/4741 6006/6822/4733 5678/6649/4621
f 6036/6840/4744 5410/6498/4513 5409/6497/4512
f 6036/6840/4744 5409/6497/4512 6038/6841/4745
f 6036/6840/4744 6038/6841/4745 6039/6842/4746
f 6036/6840/4744 6039/6842/4746 5923/6781/4704
f 6036/6840/4744 5923/6781/4704 5620/6621/4600
f 6036/6840/4744 5620/6621/4600 5410/6498/4513
f 6038/6841/4745 5409/6497/4512 5408/6496/4511
f 6038/6841/4745 5408/6496/4511 6041/6843/4747
f 6038/6841/4745 6041/6843/4747 6042/6844/4748
f 6038/6841/4745 6042/6844/4748 6039/6842/4746
f 5705/6666/4630 5340/6665/4488 5338/6845/4487
f 5705/6666/4630 5338/6845/4487 5728/6675/4639
f 5705/6666/4630 5728/6675/4639 6047/6846/4749
f 5705/6666/4630 6047/6846/4749 6052/6847/4750
f 5705/6666/4630 6052/6847/4750 6055/6848/4751
f 5705/6666/4630 6055/6848/4751 5707/6667/4631
f 5632/6626/4604 5629/6625/4603 6058/6849/4752
f 5632/6626/4604 6058/6849/4752 6063/6850/4753
f 5632/6626/4604 6063/6850/4753 5637/6632/4606
f 5632/6626/4604 5637/6632/4606 5186/6350/4423
f 5848/6851/4679 5841/6740/4677 6067/6852/4754
f 5848/6851/4679 6067/6852/4754 6071/6853/4755
f 5850/6854/4756 6072/6855/4755 5099/6295/4386
f 5849/6743/4679 5098/6856/4386 5095/6292/4385
f 5715/6669/4633 5711/6668/4632 6076/6857/4757
f 5714/6858/4633 6075/6859/4758 5548/6574/4565
f 5714/6858/4633 5548/6574/4565 5258/6390/4449
f 5434/6512/4522 5433/6511/4521 6078/6860/4759
f 5434/6512/4522 6078/6860/4759 5865/6749/4683
f 5434/6512/4522 5865/6749/4683 5266/6395/4452
f 6081/6861/4760 5475/6531/4536 5774/6696/4652
f 6081/6861/4760 5774/6696/4652 6085/6862/4761
f 6081/6861/4760 6085/6862/4761 6087/6863/4762
f 6081/6861/4760 6087/6863/4762 6088/6864/4763
f 6081/6861/4760 6088/6864/4763 5475/6531/4536
f 6088/6864/4763 6087/6863/4762 6090/6865/4764
f 6088/6864/4763 6090/6865/4764 5464/6524/4532
f 6088/6864/4763 5464/6524/4532 5477/6532/4537
f 6088/6864/4763 5477/6532/4537 5475/6531/4536
f 6092/6866/4765 5483/6536/4539 5998/6817/4729
f 6092/6866/4765 5998/6817/4729 6093/6867/4766
f 6092/6866/4765 6093/6867/4766 6018/6829/4738
f 6092/6866/4765 6018/6829/4738 5779/6698/4654
f 6092/6866/4765 5779/6698/4654 5483/6536/4539
f 6018/6829/4738 5485/6538/4540 5779/6698/4654
f 6014/6827/4736 6012/6826/4735 6098/6868/4767
f 6014/6827/4736 6098/6868/4767 6100/6869/4768
f 6014/6827/4736 6100/6869/4768 5898/6769/4696
f 6014/6827/4736 5898/6769/4696 5896/6768/4695
f 6014/6827/4736 5896/6768/4695 5908/6773/4698
f 5918/6778/4702 5602/6611/4592 5600/6610/4591
f 6039/6842/4746 6042/6844/4748 6104/6870/4769
f 6039/6842/4746 6104/6870/4769 6105/6871/4770
f 6039/6842/4746 6105/6871/4770 5927/6782/4705
f 6039/6842/4746 5927/6782/4705 5923/6781/4704
f 5698/6661/4628 5696/6660/4627 5920/6779/4703
f 5698/6661/4628 5920/6779/4703 6108/6872/4771
f 5698/6661/4628 6108/6872/4771 6112/6873/4772
f 5698/6661/4628 6112/6873/4772 6114/6874/4773
f 5698/6661/4628 6114/6874/4773 5837/6875/4675
f 5698/6661/4628 5837/6875/4675 5702/6662/4629
f 6117/6876/4774 5530/6566/4558 5936/6786/4708
f 6117/6876/4774 5936/6786/4708 6119/6877/4775
f 6117/6876/4774 6119/6877/4775 6120/6878/4776
f 6117/6876/4774 6120/6878/4776 5831/6732/4674
f 6117/6876/4774 5831/6732/4674 5530/6566/4558
f 5720/6879/4635 5718/6880/4634 6122/6881/4777
f 5720/6879/4635 6122/6881/4777 6126/6882/4778
f 5720/6879/4635 6126/6882/4778 6129/6883/4779
f 5720/6879/4635 6129/6883/4779 5445/6884/4780
f 5719/6671/4635 5444/6516/4525 5441/6515/4524
f 5739/6681/4642 5735/6680/4641 6130/6885/4781
f 5739/6681/4642 6130/6885/4781 6131/6886/4782
f 5739/6681/4642 6131/6886/4782 6132/6887/4783
f 5739/6681/4642 6132/6887/4783 5455/6520/4528
f 5739/6681/4642 5455/6520/4528 5454/6519/4527
f 6132/6887/4783 6131/6886/4782 6135/6888/4784
f 6132/6887/4783 6135/6888/4784 5748/6682/4643
f 6132/6887/4783 5748/6682/4643 5458/6521/4529
f 6132/6887/4783 5458/6521/4529 5455/6520/4528
f 6139/6889/4785 5659/6641/4613 5656/6640/4612
f 6138/6890/4786 5655/6891/4787 6141/6892/4788
f 6138/6890/4786 6141/6892/4788 6142/6893/4789
f 6138/6890/4786 6142/6893/4789 5734/6894/4641
f 6139/6889/4785 5736/6678/4641 5659/6641/4613
f 6135/6888/4784 6131/6886/4782 6143/6895/4790
f 6135/6888/4784 6143/6895/4790 6146/6896/4791
f 6135/6888/4784 6146/6896/4791 5752/6684/4645
f 6135/6888/4784 5752/6684/4645 5748/6682/4643
f 6147/6897/4792 5572/6591/4579 5881/6760/4689
f 6147/6897/4792 5881/6760/4689 6149/6898/4793
f 6147/6897/4792 6149/6898/4793 5873/6753/4686
f 6147/6897/4792 5873/6753/4686 5572/6591/4579
f 5586/6600/4586 5583/6599/4585 6151/6899/4794
f 5586/6600/4586 6151/6899/4794 6154/6900/4795
f 5585/6901/4586 6153/6902/4795 5759/6689/4647
f 5585/6901/4586 5759/6689/4647 5589/6903/4588
f 5978/6806/4721 5556/6579/4569 5471/6529/4534
f 5978/6806/4721 5471/6529/4534 6157/6904/4796
f 5978/6806/4721 6157/6904/4796 6160/6905/4797
f 5978/6806/4721 6160/6905/4797 6161/6906/4798
f 5978/6806/4721 6161/6906/4798 5979/6807/4722
f 5971/6803/4720 5969/6802/4719 6163/6907/4799
f 5971/6803/4720 6163/6907/4799 6165/6908/4800
f 5972/6805/4720 6166/6909/4800 6168/6910/4801
f 5972/6805/4720 6168/6910/4801 6170/6911/4802
f 5972/6805/4720 6170/6911/4802 6171/6912/4803
f 5972/6805/4720 6171/6912/4803 5579/6596/4582
f 5890/6765/4692 5580/6597/4583 5579/6596/4582
f 5890/6765/4692 5579/6596/4582 6171/6912/4803
f 5890/6765/4692 6171/6912/4803 6173/6913/4804
f 5890/6765/4692 6173/6913/4804 5891/6766/4693
f 6156/6914/4796 5470/6915/4534 5464/6524/4532
f 6156/6914/4796 5464/6524/4532 6090/6865/4764
f 6156/6914/4796 6090/6865/4764 6175/6916/4805
f 6157/6904/4796 6176/6917/4805 6160/6905/4797
f 6177/6918/4806 5771/6693/4650 5898/6769/4696
f 6177/6918/4806 5898/6769/4696 6100/6869/4768
f 6177/6918/4806 6100/6869/4768 6180/6919/4807
f 6177/6918/4806 6180/6919/4807 6086/6920/4761
f 6177/6918/4806 6086/6920/4761 5775/6694/4651
f 6177/6918/4806 5775/6694/4651 5771/6693/4650
f 6182/6921/4808 5365/6462/4497 5498/6544/4545
f 6182/6921/4808 5498/6544/4545 6185/6922/4809
f 6183/6923/4808 6187/6924/4809 6191/6925/4810
f 6183/6923/4808 6191/6925/4810 5782/6926/4655
f 6182/6921/4808 5781/6701/4655 5365/6462/4497
f 5781/6701/4655 5368/6463/4361 5365/6462/4497
f 5784/6927/4656 5782/6926/4655 6194/6928/4811
f 5784/6927/4656 6194/6928/4811 5788/6929/4657
f 5783/6702/4656 5787/6703/4657 5372/6472/4500
f 6185/6922/4809 5498/6544/4545 5501/6547/4547
f 6185/6922/4809 5501/6547/4547 6198/6930/4812
f 6186/6931/4813 6199/6932/4812 6200/6933/4814
f 6186/6931/4813 6200/6933/4814 6190/6934/4810
f 6198/6930/4812 5501/6547/4547 5505/6550/4549
f 6198/6930/4812 5505/6550/4549 6203/6935/4815
f 6199/6932/4812 6204/6936/4815 6205/6937/4816
f 6199/6932/4812 6205/6937/4816 6200/6933/4814
f 6203/6935/4815 5505/6550/4549 5517/6557/4553
f 6203/6935/4815 5517/6557/4553 5914/6776/4701
f 6204/6936/4815 5915/6938/4701 6207/6939/4817
f 6204/6936/4815 6207/6939/4817 6205/6937/4816
f 5914/6776/4701 5517/6557/4553 5520/6559/4554
f 5820/6940/4671 5817/6941/4671 6210/6942/4818
f 5820/6940/4671 6210/6942/4818 6213/6943/4819
f 5820/6940/4671 6213/6943/4819 5913/6944/4700
f 5819/6727/4671 5912/6775/4700 5396/6484/4505
f 6215/6945/4820 5404/6493/4510 5401/6492/4509
f 6215/6945/4820 5401/6492/4509 5808/6719/4666
f 6216/6946/4821 5809/6947/4666 6218/6948/4822
f 6216/6946/4821 6218/6948/4822 5817/6941/4671
f 6215/6945/4820 5815/6724/4669 5404/6493/4510
f 5918/6778/4702 6021/6833/4739 6220/6949/4823
f 5918/6778/4702 6220/6949/4823 6108/6872/4771
f 5918/6778/4702 6108/6872/4771 5920/6779/4703
f 6041/6843/4747 5408/6496/4511 5832/6734/4674
f 6041/6843/4747 5832/6734/4674 6121/6950/4776
f 6041/6843/4747 6121/6950/4776 6223/6951/4824
f 6041/6843/4747 6223/6951/4824 6042/6844/4748
f 6226/6952/4825 5536/6569/4561 5544/6953/4563
f 6227/6954/4825 5545/6572/4563 6063/6850/4753
f 6227/6954/4825 6063/6850/4753 6228/6955/4826
f 6227/6954/4825 6228/6955/4826 6230/6956/4827
f 6226/6952/4825 6229/6957/4827 6231/6958/4828
f 6226/6952/4825 6231/6958/4828 5536/6569/4561
f 6231/6958/4828 6229/6957/4827 6234/6959/4829
f 6231/6958/4828 6234/6959/4829 6119/6877/4775
f 6231/6958/4828 6119/6877/4775 5936/6786/4708
f 6231/6958/4828 5936/6786/4708 5536/6569/4561
f 6063/6850/4753 5545/6572/4563 5637/6632/4606
f 6236/6960/4830 5627/6631/4602 5634/6630/4605
f 6236/6960/4830 5634/6630/4605 6240/6961/4831
f 6236/6960/4830 6240/6961/4831 6241/6962/4832
f 6236/6960/4830 6241/6962/4832 6243/6963/4833
f 6236/6960/4830 6243/6963/4833 6244/6964/4834
f 6237/6965/4830 6245/6966/4834 6246/6967/4835
f 6237/6965/4830 6246/6967/4835 5629/6625/4603
f 6237/6965/4830 5629/6625/4603 5626/6624/4602
f 5945/6794/4712 5944/6793/4711 6251/6968/4836
f 5945/6794/4712 6251/6968/4836 6240/6961/4831
f 5945/6794/4712 6240/6961/4831 5634/6630/4605
f 6123/6969/4777 5717/6670/4634 5099/6295/4386
f 6123/6969/4777 5099/6295/4386 6072/6855/4755
f 6122/6881/4777 6073/6970/4755 6256/6971/4837
f 6122/6881/4777 6256/6971/4837 6259/6972/4838
f 6122/6881/4777 6259/6972/4838 6264/6973/4839
f 6122/6881/4777 6264/6973/4839 6126/6882/4778
f 6047/6846/4749 5728/6675/4639 5725/6674/4638
f 6048/6974/4749 5726/6672/4636 5961/6800/4717
f 6049/6975/4749 5962/6976/4717 6268/6977/4840
f 6047/6846/4749 6267/6978/4841 6272/6979/4842
f 6047/6846/4749 6272/6979/4842 6052/6847/4750
f 5852/6744/4680 5707/6667/4631 6055/6848/4751
f 5852/6744/4680 6055/6848/4751 6274/6980/4843
f 5852/6744/4680 6274/6980/4843 5940/6791/4710
f 5852/6744/4680 5940/6791/4710 5854/6745/4681
f 6279/6981/4844 5250/6386/4446 5248/6385/4445
f 6278/6982/4844 5247/6751/4445 5869/6750/4684
f 6278/6982/4844 5869/6750/4684 6285/6983/4845
f 6278/6982/4844 6285/6983/4845 6286/6984/4846
f 6279/6981/4844 6288/6985/4846 6291/6986/4847
f 6279/6981/4844 6291/6986/4847 6292/6987/4848
f 6279/6981/4844 6292/6987/4848 5250/6386/4446
f 6292/6987/4848 6291/6986/4847 6298/6988/4849
f 6292/6987/4848 6298/6988/4849 5711/6668/4632
f 6292/6987/4848 5711/6668/4632 5250/6386/4446
f 6300/6989/4850 5433/6511/4521 5429/6510/4520
f 6300/6989/4850 5429/6510/4520 5448/6990/4526
f 6300/6989/4850 5448/6990/4526 6302/6991/4851
f 6300/6989/4850 6302/6991/4851 6305/6992/4852
f 6300/6989/4850 6305/6992/4852 6306/6993/4853
f 6300/6989/4850 6306/6993/4853 5433/6511/4521
f 6306/6993/4853 6305/6992/4852 6309/6994/4854
f 6306/6993/4853 6309/6994/4854 6311/6995/4855
f 6306/6993/4853 6311/6995/4855 6078/6860/4759
f 6306/6993/4853 6078/6860/4759 5433/6511/4521
f 5875/6754/4687 5873/6753/4686 6313/6996/4856
f 5875/6754/4687 6313/6996/4856 6141/6892/4788
f 5875/6754/4687 6141/6892/4788 5655/6891/4787
f 5875/6754/4687 5655/6891/4787 5651/6755/4611
f 5986/6811/4726 5554/6578/4568 5552/6577/4567
f 5986/6811/4726 5552/6577/4567 6318/6997/4857
f 5986/6811/4726 6318/6997/4857 6320/6998/4858
f 5986/6811/4726 6320/6998/4858 6324/6999/4859
f 5986/6811/4726 6324/6999/4859 5990/6812/4727
f 6319/7000/4857 5553/6685/4567 5752/6684/4645
f 6319/7000/4857 5752/6684/4645 6146/6896/4791
f 6319/7000/4857 6146/6896/4791 6321/7001/4858
f 5979/6807/4722 6161/6906/4798 6165/6908/4800
f 5979/6807/4722 6165/6908/4800 6163/6907/4799
f 5979/6807/4722 6163/6907/4799 5969/6802/4719
f 5981/6808/4723 5666/6644/4616 5665/6643/4615
f 5981/6808/4723 5665/6643/4615 6334/7002/4860
f 5981/6808/4723 6334/7002/4860 6336/7003/4861
f 5981/6808/4723 6336/7003/4861 5983/6809/4724
f 6338/7004/4862 5763/6690/4648 5759/6689/4647
f 6338/7004/4862 5759/6689/4647 6153/6902/4795
f 6338/7004/4862 6153/6902/4795 6339/7005/4863
f 6338/7004/4862 6339/7005/4863 6340/7006/4864
f 6338/7004/4862 6340/7006/4864 5997/6815/4729
f 6338/7004/4862 5997/6815/4729 5763/6690/4648
f 6098/6868/4767 6012/6826/4735 6010/6825/4734
f 6098/6868/4767 6010/6825/4734 6344/7007/4733
f 6098/6868/4767 6344/7007/4733 6347/7008/4865
f 6098/6868/4767 6347/7008/4865 6349/7009/4866
f 6098/6868/4767 6349/7009/4866 6180/6919/4807
f 6098/6868/4767 6180/6919/4807 6100/6869/4768
f 6093/6867/4766 5998/6817/4729 6352/7010/4867
f 6093/6867/4766 6352/7010/4867 6355/7011/4868
f 6093/6867/4766 6355/7011/4868 6357/7012/4869
f 6093/6867/4766 6357/7012/4869 6020/6830/4739
f 6093/6867/4766 6020/6830/4739 6018/6829/4738
f 6365/7013/4870 5927/6782/4705 6105/6871/4770
f 6365/7013/4870 6105/6871/4770 6104/6870/4769
f 6365/7013/4870 6104/6870/4769 6368/7014/4742
f 6365/7013/4870 6368/7014/4742 6345/7015/4871
f 6364/7016/4870 6344/7007/4733 6010/6825/4734
f 6365/7013/4870 6011/7017/4734 6033/7018/4742
f 6365/7013/4870 6033/7018/4742 5927/6782/4705
f 6222/7019/4824 6120/6878/4776 6370/7020/4872
f 6222/7019/4824 6370/7020/4872 6372/7021/4873
f 6223/6951/4824 6373/7022/4873 6375/7023/4874
f 6223/6951/4824 6375/7023/4874 6104/6870/4769
f 6223/6951/4824 6104/6870/4769 6042/6844/4748
f 6114/6874/4773 6112/6873/4772 6378/7024/4875
f 6114/6874/4773 6378/7024/4875 6382/7025/4876
f 6113/7026/4773 6381/7027/4876 5838/6739/4676
f 6113/7026/4773 5838/6739/4676 5835/6738/4675
f 6385/7028/4877 5841/6740/4677 5838/6739/4676
f 6385/7028/4877 5838/6739/4676 6381/7027/4876
f 6385/7028/4877 6381/7027/4876 6388/7029/4878
f 6385/7028/4877 6388/7029/4878 6255/7030/4837
f 6385/7028/4877 6255/7030/4837 6067/6852/4754
f 6385/7028/4877 6067/6852/4754 5841/6740/4677
f 6058/6849/4752 5629/6625/4603 6246/6967/4835
f 6058/6849/4752 6246/6967/4835 6245/6966/4834
f 6058/6849/4752 6245/6966/4834 6391/7031/4879
f 6058/6849/4752 6391/7031/4879 6063/6850/4753
f 6129/6883/4779 6126/6882/4778 6393/7032/4880
f 6129/6883/4779 6393/7032/4880 6395/7033/4881
f 6129/6883/4779 6395/7033/4881 6303/7034/4851
f 6128/7035/4779 6302/6991/4851 5448/6990/4526
f 6129/6883/4779 5450/7036/4526 5445/6884/4780
f 6076/6857/4757 5711/6668/4632 6298/6988/4849
f 6076/6857/4757 6298/6988/4849 6399/7037/4882
f 6075/6859/4758 6397/7038/4883 5955/6798/4715
f 6075/6859/4758 5955/6798/4715 5548/6574/4565
f 5869/6750/4684 5865/6749/4683 6078/6860/4759
f 5869/6750/4684 6078/6860/4759 6311/6995/4855
f 5869/6750/4684 6311/6995/4855 6285/6983/4845
f 6334/7002/4860 5665/6643/4615 5886/6764/4691
f 6334/7002/4860 5886/6764/4691 5892/7039/4884
f 6333/7040/4860 5891/6766/4693 6402/7041/4885
f 6334/7002/4860 6403/7042/4885 6407/7043/4886
f 6334/7002/4860 6407/7043/4886 6336/7003/4861
f 6409/7044/4887 6179/7045/4807 6412/7046/4888
f 6409/7044/4887 6412/7046/4888 6414/7047/4889
f 6409/7044/4887 6414/7047/4889 6087/6863/4762
f 6409/7044/4887 6087/6863/4762 6085/6862/4761
f 6409/7044/4887 6085/6862/4761 6179/7045/4807
f 6413/7048/4888 6180/6919/4807 6349/7009/4866
f 6413/7048/4888 6349/7009/4866 6347/7008/4865
f 6413/7048/4888 6347/7008/4865 6417/7049/4890
f 6412/7046/4888 6416/7050/4890 6420/7051/4891
f 6412/7046/4888 6420/7051/4891 6424/7052/4892
f 6412/7046/4888 6424/7052/4892 6414/7047/4889
f 6428/7053/4893 6021/6833/4739 6358/7054/4869
f 6428/7053/4893 6358/7054/4869 6430/7055/4894
f 6428/7053/4893 6430/7055/4894 6112/6873/4772
f 6428/7053/4893 6112/6873/4772 6220/6949/4823
f 6428/7053/4893 6220/6949/4823 6021/6833/4739
f 6007/6824/4733 6032/7056/4742 6010/6825/4734
f 6112/6873/4772 6108/6872/4771 6220/6949/4823
f 6254/7057/4895 6070/7058/4755 6066/7059/4754
f 6274/6980/4843 6055/6848/4751 6435/7060/4896
f 6274/6980/4843 6435/7060/4896 6436/7061/4897
f 6274/6980/4843 6436/7061/4897 6439/7062/4898
f 6275/7063/4843 6440/7064/4898 5944/6793/4711
f 6274/6980/4843 5943/7065/4899 5940/6791/4710
f 6313/6996/4856 5873/6753/4686 6149/6898/4793
f 6313/6996/4856 6149/6898/4793 6444/7066/4900
f 6313/6996/4856 6444/7066/4900 6445/7067/4901
f 6313/6996/4856 6445/7067/4901 6448/7068/4902
f 6313/6996/4856 6448/7068/4902 6142/6893/4789
f 6313/6996/4856 6142/6893/4789 6141/6892/4788
f 6456/7069/4903 5734/6894/4641 6142/6893/4789
f 6456/7069/4903 6142/6893/4789 6458/7070/4904
f 6457/7071/4903 6459/7072/4904 6462/7073/4905
f 6457/7071/4903 6462/7073/4905 6130/6885/4781
f 6457/7071/4903 6130/6885/4781 5735/6680/4641
f 6173/6913/4804 6171/6912/4803 6170/6911/4802
f 6173/6913/4804 6170/6911/4802 6465/7074/4906
f 6173/6913/4804 6465/7074/4906 6468/7075/4907
f 6173/6913/4804 6468/7075/4907 6470/7076/4908
f 6173/6913/4804 6470/7076/4908 6402/7041/4885
f 6173/6913/4804 6402/7041/4885 5891/6766/4693
f 6473/7077/4909 5879/6758/4688 5983/6809/4724
f 6473/7077/4909 5983/6809/4724 6475/7078/4910
f 6473/7077/4909 6475/7078/4910 6477/7079/4911
f 6473/7077/4909 6477/7079/4911 6481/7080/4912
f 6472/7081/4913 6480/7082/4912 6482/7083/4914
f 6473/7077/4909 6483/7084/4915 5879/6758/4688
f 6482/7083/4914 6480/7082/4912 6149/6898/4793
f 6482/7083/4914 6149/6898/4793 5881/6760/4689
f 6482/7083/4914 5881/6760/4689 5878/6759/4688
f 6175/6916/4805 6090/6865/4764 6486/7085/4916
f 6175/6916/4805 6486/7085/4916 6489/7086/4917
f 6175/6916/4805 6489/7086/4917 6490/7087/4918
f 6175/6916/4805 6490/7087/4918 6492/7088/4919
f 6176/6917/4805 6493/7089/4919 6160/6905/4797
f 6087/6863/4762 6414/7047/4889 6489/7086/4917
f 6087/6863/4762 6489/7086/4917 6486/7085/4916
f 6087/6863/4762 6486/7085/4916 6090/6865/4764
f 6340/7006/4864 6339/7005/4863 6495/7090/4920
f 6340/7006/4864 6495/7090/4920 6351/7091/4867
f 6341/7092/4864 6352/7010/4867 5998/6817/4729
f 6500/7093/4921 6104/6870/4769 6375/7023/4874
f 6500/7093/4921 6375/7023/4874 6373/7022/4873
f 6500/7093/4921 6373/7022/4873 6506/7094/4922
f 6500/7093/4921 6506/7094/4922 6418/7095/4890
f 6499/7096/4921 6417/7049/4890 6347/7008/4865
f 6500/7093/4921 6348/7097/4865 6368/7014/4742
f 6500/7093/4921 6368/7014/4742 6104/6870/4769
f 6507/7098/4923 6370/7020/4872 6119/6877/4775
f 6507/7098/4923 6119/6877/4775 6509/7099/4924
f 6507/7098/4923 6509/7099/4924 6513/7100/4925
f 6507/7098/4923 6513/7100/4925 6514/7101/4926
f 6507/7098/4923 6514/7101/4926 6372/7021/4873
f 6507/7098/4923 6372/7021/4873 6370/7020/4872
f 6119/6877/4775 6370/7020/4872 6120/6878/4776
f 6251/6968/4836 5944/6793/4711 6440/7064/4898
f 6251/6968/4836 6440/7064/4898 6521/7102/4927
f 6251/6968/4836 6521/7102/4927 6522/7103/4928
f 6251/6968/4836 6522/7103/4928 6523/7104/4929
f 6251/6968/4836 6523/7104/4929 6241/6962/4832
f 6251/6968/4836 6241/6962/4832 6240/6961/4831
f 6228/6955/4826 6063/6850/4753 6391/7031/4879
f 6228/6955/4826 6391/7031/4879 6524/7105/4930
f 6228/6955/4826 6524/7105/4930 6528/7106/4931
f 6228/6955/4826 6528/7106/4931 6230/6956/4827
f 6532/7107/4932 5962/6976/4717 5958/7108/4716
f 6531/7109/4932 5957/6799/4716 5955/6798/4715
f 6532/7107/4932 5956/7110/4715 6398/7111/4882
f 6532/7107/4932 6398/7111/4882 6533/7112/4933
f 6532/7107/4932 6533/7112/4933 6539/7113/4934
f 6532/7107/4932 6539/7113/4934 6268/6977/4840
f 6532/7107/4932 6268/6977/4840 5962/6976/4717
f 6305/6992/4852 6302/6991/4851 6394/7114/4881
f 6305/6992/4852 6394/7114/4881 6542/7115/4935
f 6305/6992/4852 6542/7115/4935 6544/7116/4936
f 6305/6992/4852 6544/7116/4936 6546/7117/4937
f 6305/6992/4852 6546/7117/4937 6309/6994/4854
f 6548/7118/4938 6130/6885/4781 6462/7073/4905
f 6548/7118/4938 6462/7073/4905 6550/7119/4939
f 6548/7118/4938 6550/7119/4939 6551/7120/4940
f 6548/7118/4938 6551/7120/4940 6143/6895/4790
f 6548/7118/4938 6143/6895/4790 6131/6886/4782
f 6548/7118/4938 6131/6886/4782 6130/6885/4781
f 6556/7121/4941 5983/6809/4724 6336/7003/4861
f 6556/7121/4941 6336/7003/4861 6558/7122/4942
f 6556/7121/4941 6558/7122/4942 6561/7123/4943
f 6556/7121/4941 6561/7123/4943 6563/7124/4944
f 6556/7121/4941 6563/7124/4944 6475/7078/4910
f 6556/7121/4941 6475/7078/4910 5983/6809/4724
f 6564/7125/4945 6414/7047/4889 6424/7052/4892
f 6564/7125/4945 6424/7052/4892 6420/7051/4891
f 6564/7125/4945 6420/7051/4891 6566/7126/4946
f 6564/7125/4945 6566/7126/4946 6569/7127/4947
f 6564/7125/4945 6569/7127/4947 6571/7128/4948
f 6564/7125/4945 6571/7128/4948 6490/7087/4918
f 6564/7125/4945 6490/7087/4918 6489/7086/4917
f 6564/7125/4945 6489/7086/4917 6414/7047/4889
f 6495/7090/4920 6339/7005/4863 6573/7129/4949
f 6495/7090/4920 6573/7129/4949 6575/7130/4950
f 6495/7090/4920 6575/7130/4950 6579/7131/4951
f 6495/7090/4920 6579/7131/4951 6429/7132/4894
f 6497/7133/4920 6430/7055/4894 6356/7134/4952
f 6496/7135/4920 6355/7011/4868 6352/7010/4867
f 6430/7055/4894 6358/7054/4869 6356/7134/4952
f 6194/6928/4811 5782/6926/4655 6581/7136/4953
f 6194/6928/4811 6581/7136/4953 6583/7137/4954
f 6194/6928/4811 6583/7137/4954 6585/7138/2242
f 6194/6928/4811 6585/7138/2242 6588/7139/4955
f 6194/6928/4811 6588/7139/4955 6590/7140/4956
f 6194/6928/4811 6590/7140/4956 6593/7141/4957
f 6194/6928/4811 6593/7141/4957 5791/7142/4658
f 6194/6928/4811 5791/7142/4658 5788/6929/4657
f 6190/6934/4810 6200/6933/4814 6597/7143/4958
f 6190/6934/4810 6597/7143/4958 6599/7144/4959
f 6191/6925/4810 6600/7145/4960 6583/7137/4954
f 6191/6925/4810 6583/7137/4954 6581/7136/4953
f 6191/6925/4810 6581/7136/4953 5782/6926/4655
f 6344/7007/4733 6367/7146/4742 6347/7008/4865
f 6593/7141/4957 6590/7140/4956 6604/7147/4955
f 6593/7141/4957 6604/7147/4955 6611/7148/3923
f 6593/7141/4957 6611/7148/3923 6612/7149/4961
f 6593/7141/4957 6612/7149/4961 5800/7150/4661
f 6593/7141/4957 5800/7150/4661 5794/7151/4659
f 6593/7141/4957 5794/7151/4659 5791/7142/4658
f 6612/7149/4961 6611/7148/3923 6618/7152/4962
f 6612/7149/4961 6618/7152/4962 6620/7153/4963
f 6612/7149/4961 6620/7153/4963 5806/7154/4665
f 6612/7149/4961 5806/7154/4665 5800/7150/4661
f 6213/6943/4819 6210/6942/4818 6623/7155/4964
f 6213/6943/4819 6623/7155/4964 6627/7156/4965
f 6213/6943/4819 6627/7156/4965 6207/6939/4817
f 6213/6943/4819 6207/6939/4817 5915/6938/4701
f 6213/6943/4819 5915/6938/4701 5913/6944/4700
f 6620/7153/4963 6618/7152/4962 6632/7157/4966
f 6620/7153/4963 6632/7157/4966 6633/7158/4967
f 6620/7153/4963 6633/7158/4967 5809/6947/4666
f 6620/7153/4963 5809/6947/4666 5806/7154/4665
f 6218/6948/4822 5809/6947/4666 6633/7158/4967
f 6218/6948/4822 6633/7158/4967 6632/7157/4966
f 6218/6948/4822 6632/7157/4966 6637/7159/4968
f 6218/6948/4822 6637/7159/4968 6210/6942/4818
f 6218/6948/4822 6210/6942/4818 5817/6941/4671
f 6643/7160/4969 6372/7021/4873 6514/7101/4926
f 6643/7160/4969 6514/7101/4926 6513/7100/4925
f 6643/7160/4969 6513/7100/4925 6644/7161/4970
f 6643/7160/4969 6644/7161/4970 6567/7162/4946
f 6642/7163/4969 6566/7126/4946 6420/7051/4891
f 6643/7160/4969 6421/7164/4891 6505/7165/4922
f 6643/7160/4969 6505/7165/4922 6372/7021/4873
f 6429/7132/4894 6579/7131/4951 6646/7166/4971
f 6429/7132/4894 6646/7166/4971 6377/7167/4875
f 6430/7055/4894 6378/7024/4875 6112/6873/4772
f 6646/7166/4971 6579/7131/4951 6649/7168/4972
f 6646/7166/4971 6649/7168/4972 6388/7029/4878
f 6646/7166/4971 6388/7029/4878 6381/7027/4876
f 6646/7166/4971 6381/7027/4876 6377/7167/4875
f 6509/7099/4924 6119/6877/4775 6234/6959/4829
f 6509/7099/4924 6234/6959/4829 6229/6957/4827
f 6509/7099/4924 6229/6957/4827 6655/7169/4973
f 6509/7099/4924 6655/7169/4973 6513/7100/4925
f 6052/6847/4750 6272/6979/4842 6656/7170/4974
f 6052/6847/4750 6656/7170/4974 6660/7171/4975
f 6052/6847/4750 6660/7171/4975 6435/7060/4896
f 6052/6847/4750 6435/7060/4896 6055/6848/4751
f 6663/7172/4976 6285/6983/4845 6311/6995/4855
f 6663/7172/4976 6311/6995/4855 6309/6994/4854
f 6663/7172/4976 6309/6994/4854 6546/7117/4937
f 6663/7172/4976 6546/7117/4937 6664/7173/4977
f 6663/7172/4976 6664/7173/4977 6666/7174/4978
f 6663/7172/4976 6666/7174/4978 6285/6983/4845
f 6666/7174/4978 6664/7173/4977 6669/7175/4979
f 6666/7174/4978 6669/7175/4979 6672/7176/4980
f 6666/7174/4978 6672/7176/4980 6286/6984/4846
f 6666/7174/4978 6286/6984/4846 6285/6983/4845
f 6290/7177/4847 6287/7178/4846 6673/7179/4980
f 6290/7177/4847 6673/7179/4980 6675/7180/4981
f 6290/7177/4847 6675/7180/4981 6677/7181/4982
f 6290/7177/4847 6677/7181/4982 6398/7111/4882
f 6291/6986/4847 6399/7037/4882 6298/6988/4849
f 6678/7182/4983 5583/6599/4585 5990/6812/4727
f 6678/7182/4983 5990/6812/4727 6324/6999/4859
f 6678/7182/4983 6324/6999/4859 6680/7183/4984
f 6678/7182/4983 6680/7183/4984 6683/7184/4985
f 6678/7182/4983 6683/7184/4985 6686/7185/4986
f 6678/7182/4983 6686/7185/4986 6688/7186/4987
f 6678/7182/4983 6688/7186/4987 6689/7187/4988
f 6678/7182/4983 6689/7187/4988 5583/6599/4585
f 6151/6899/4794 5583/6599/4585 6689/7187/4988
f 6151/6899/4794 6689/7187/4988 6688/7186/4987
f 6151/6899/4794 6688/7186/4987 6692/7188/4989
f 6151/6899/4794 6692/7188/4989 6154/6900/4795
f 6699/7189/4990 6142/6893/4789 6448/7068/4902
f 6699/7189/4990 6448/7068/4902 6701/7190/4991
f 6699/7189/4990 6701/7190/4991 6704/7191/4992
f 6699/7189/4990 6704/7191/4992 6707/7192/4993
f 6699/7189/4990 6707/7192/4993 6458/7070/4904
f 6699/7189/4990 6458/7070/4904 6142/6893/4789
f 6713/7193/4994 6321/7001/4858 6146/6896/4791
f 6713/7193/4994 6146/6896/4791 6716/7194/4995
f 6713/7193/4994 6716/7194/4995 6717/7195/4996
f 6713/7193/4994 6717/7195/4996 6720/7196/4997
f 6712/7197/4994 6719/7198/4997 6683/7184/4985
f 6712/7197/4994 6683/7184/4985 6680/7183/4984
f 6712/7197/4994 6680/7183/4984 6324/6999/4859
f 6712/7197/4994 6324/6999/4859 6320/6998/4858
f 6723/7199/4998 6160/6905/4797 6493/7089/4919
f 6723/7199/4998 6493/7089/4919 6726/7200/4999
f 6723/7199/4998 6726/7200/4999 6729/7201/5000
f 6723/7199/4998 6729/7201/5000 6165/6908/4800
f 6723/7199/4998 6165/6908/4800 6161/6906/4798
f 6723/7199/4998 6161/6906/4798 6160/6905/4797
f 6481/7080/4912 6477/7079/4911 6732/7202/5001
f 6480/7082/4912 6731/7203/5002 6735/7204/5003
f 6480/7082/4912 6735/7204/5003 6444/7066/4900
f 6480/7082/4912 6444/7066/4900 6149/6898/4793
f 6740/7205/5004 6165/6908/4800 6729/7201/5000
f 6741/7206/5005 6730/7207/5006 6743/7208/5007
f 6741/7206/5005 6743/7208/5007 6465/7074/4906
f 6741/7206/5005 6465/7074/4906 6168/6910/4801
f 6741/7206/5005 6168/6910/4801 6166/6909/4800
f 6744/7209/5008 6406/7210/4886 6402/7041/4885
f 6744/7209/5008 6402/7041/4885 6470/7076/4908
f 6744/7209/5008 6470/7076/4908 6748/7211/5009
f 6744/7209/5008 6748/7211/5009 6749/7212/5010
f 6745/7213/5008 6750/7214/5010 6558/7122/4942
f 6745/7213/5008 6558/7122/4942 6407/7043/4886
f 6558/7122/4942 6336/7003/4861 6407/7043/4886
f 6692/7188/4989 6688/7186/4987 6753/7215/5011
f 6692/7188/4989 6753/7215/5011 6574/7216/4949
f 6691/7217/4989 6573/7129/4949 6339/7005/4863
f 6691/7217/4989 6339/7005/4863 6153/6902/4795
f 6416/7050/4890 6504/7218/4922 6420/7051/4891
f 6655/7169/4973 6229/6957/4827 6527/7219/4931
f 6655/7169/4973 6527/7219/4931 6756/7220/5012
f 6655/7169/4973 6756/7220/5012 6759/7221/5013
f 6655/7169/4973 6759/7221/5013 6761/7222/5014
f 6655/7169/4973 6761/7222/5014 6513/7100/4925
f 6764/7223/5015 6436/7061/4897 6435/7060/4896
f 6764/7223/5015 6435/7060/4896 6660/7171/4975
f 6764/7223/5015 6660/7171/4975 6765/7224/5016
f 6764/7223/5015 6765/7224/5016 6767/7225/5017
f 6764/7223/5015 6767/7225/5017 6768/7226/5018
f 6764/7223/5015 6768/7226/5018 6771/7227/5019
f 6764/7223/5015 6771/7227/5019 6776/7228/5020
f 6764/7223/5015 6776/7228/5020 6436/7061/4897
f 6777/7229/5020 6772/7230/5019 6780/7231/5021
f 6777/7229/5020 6780/7231/5021 6521/7102/4927
f 6777/7229/5020 6521/7102/4927 6440/7064/4898
f 6776/7228/5020 6439/7062/4898 6436/7061/4897
f 6244/6964/4834 6243/6963/4833 6784/7232/5022
f 6245/6966/4834 6785/7233/5023 6787/7234/5024
f 6245/6966/4834 6787/7234/5024 6524/7105/4930
f 6245/6966/4834 6524/7105/4930 6391/7031/4879
f 6539/7113/4934 6533/7112/4933 6791/7235/5025
f 6539/7113/4934 6791/7235/5025 6794/7236/5026
f 6538/7237/4934 6793/7238/5027 6796/7239/5028
f 6538/7237/4934 6796/7239/5028 6272/6979/4842
f 6539/7113/4934 6273/7240/5029 6268/6977/4840
f 6543/7241/4935 6395/7033/4881 6393/7032/4880
f 6543/7241/4935 6393/7032/4880 6797/7242/5030
f 6543/7241/4935 6797/7242/5030 6801/7243/5031
f 6543/7241/4935 6801/7243/5031 6803/7244/5032
f 6542/7115/4935 6802/7245/5032 6804/7246/5033
f 6542/7115/4935 6804/7246/5033 6544/7116/4936
f 6264/6973/4839 6259/6972/4838 6807/7247/5034
f 6264/6973/4839 6807/7247/5034 6810/7248/5035
f 6264/6973/4839 6810/7248/5035 6801/7243/5031
f 6264/6973/4839 6801/7243/5031 6797/7242/5030
f 6264/6973/4839 6797/7242/5030 6393/7032/4880
f 6264/6973/4839 6393/7032/4880 6126/6882/4778
f 6812/7249/5036 6398/7111/4882 6677/7181/4982
f 6812/7249/5036 6677/7181/4982 6814/7250/5037
f 6812/7249/5036 6814/7250/5037 6816/7251/5038
f 6812/7249/5036 6816/7251/5038 6817/7252/5039
f 6812/7249/5036 6817/7252/5039 6820/7253/5040
f 6812/7249/5036 6820/7253/5040 6533/7112/4933
f 6812/7249/5036 6533/7112/4933 6398/7111/4882
f 6551/7120/4940 6550/7119/4939 6823/7254/5041
f 6551/7120/4940 6823/7254/5041 6717/7195/4996
f 6551/7120/4940 6717/7195/4996 6716/7194/4995
f 6551/7120/4940 6716/7194/4995 6146/6896/4791
f 6551/7120/4940 6146/6896/4791 6143/6895/4790
f 6465/7074/4906 6170/6911/4802 6168/6910/4801
f 6445/7067/4901 6444/7066/4900 6825/7255/5042
f 6445/7067/4901 6825/7255/5042 6826/7256/5043
f 6445/7067/4901 6826/7256/5043 6704/7191/4992
f 6445/7067/4901 6704/7191/4992 6701/7190/4991
f 6445/7067/4901 6701/7190/4991 6448/7068/4902
f 6832/7257/5044 6462/7073/4905 6459/7072/4904
f 6832/7257/5044 6459/7072/4904 6835/7258/5045
f 6832/7257/5044 6835/7258/5045 6837/7259/5046
f 6832/7257/5044 6837/7259/5046 6550/7119/4939
f 6832/7257/5044 6550/7119/4939 6462/7073/4905
f 6839/7260/5047 6492/7088/4919 6490/7087/4918
f 6839/7260/5047 6490/7087/4918 6842/7261/5048
f 6840/7262/5047 6843/7263/5048 6726/7200/4999
f 6840/7262/5047 6726/7200/4999 6493/7089/4919
f 6842/7261/5048 6490/7087/4918 6571/7128/4948
f 6842/7261/5048 6571/7128/4948 6569/7127/4947
f 6842/7261/5048 6569/7127/4947 6845/7264/5049
f 6842/7261/5048 6845/7264/5049 6848/7265/5050
f 6843/7263/5048 6849/7266/5050 6852/7267/5051
f 6843/7263/5048 6852/7267/5051 6726/7200/4999
f 6853/7268/5052 6513/7100/4925 6761/7222/5014
f 6853/7268/5052 6761/7222/5014 6759/7221/5013
f 6853/7268/5052 6759/7221/5013 6854/7269/5049
f 6853/7268/5052 6854/7269/5049 6846/7270/5049
f 6853/7268/5052 6846/7270/5049 6570/7271/4947
f 6853/7268/5052 6570/7271/4947 6644/7161/4970
f 6853/7268/5052 6644/7161/4970 6513/7100/4925
f 6857/7272/5053 6388/7029/4878 6649/7168/4972
f 6858/7273/5053 6650/7274/5054 6807/7247/5034
f 6858/7273/5053 6807/7247/5034 6256/6971/4837
f 6857/7272/5053 6255/7030/4837 6388/7029/4878
f 6861/7275/5055 6528/7106/4931 6524/7105/4930
f 6861/7275/5055 6524/7105/4930 6787/7234/5024
f 6861/7275/5055 6787/7234/5024 6864/7276/5056
f 6861/7275/5055 6864/7276/5056 6868/7277/5057
f 6861/7275/5055 6868/7277/5057 6869/7278/5058
f 6861/7275/5055 6869/7278/5058 6760/7279/5013
f 6861/7275/5055 6760/7279/5013 6757/7280/5012
f 6861/7275/5055 6757/7280/5012 6528/7106/4931
f 6807/7247/5034 6259/6972/4838 6256/6971/4837
f 6523/7104/4929 6522/7103/4928 6871/7281/5059
f 6523/7104/4929 6871/7281/5059 6872/7282/5060
f 6523/7104/4929 6872/7282/5060 6875/7283/5061
f 6523/7104/4929 6875/7283/5061 6784/7232/5022
f 6523/7104/4929 6784/7232/5022 6243/6963/4833
f 6523/7104/4929 6243/6963/4833 6241/6962/4832
f 6675/7180/4981 6673/7179/4980 6878/7284/5062
f 6675/7180/4981 6878/7284/5062 6816/7251/5038
f 6675/7180/4981 6816/7251/5038 6814/7250/5037
f 6675/7180/4981 6814/7250/5037 6677/7181/4982
f 6796/7239/5028 6793/7238/5027 6883/7285/5063
f 6796/7239/5028 6883/7285/5063 6656/7170/4974
f 6796/7239/5028 6656/7170/4974 6272/6979/4842
f 6563/7124/4944 6561/7123/4943 6885/7286/5064
f 6563/7124/4944 6885/7286/5064 6732/7202/5001
f 6563/7124/4944 6732/7202/5001 6477/7079/4911
f 6563/7124/4944 6477/7079/4911 6475/7078/4910
f 6887/7287/5065 6729/7201/5000 6726/7200/4999
f 6887/7287/5065 6726/7200/4999 6888/7288/5066
f 6887/7287/5065 6888/7288/5066 6742/7289/5007
f 6887/7287/5065 6742/7289/5007 6729/7201/5000
f 6890/7290/5067 6465/7074/4906 6743/7208/5007
f 6890/7290/5067 6743/7208/5007 6891/7291/5068
f 6890/7290/5067 6891/7291/5068 6895/7292/5069
f 6890/7290/5067 6895/7292/5069 6901/7293/5070
f 6890/7290/5067 6901/7293/5070 6465/7074/4906
f 6901/7293/5070 6895/7292/5069 6748/7211/5009
f 6901/7293/5070 6748/7211/5009 6468/7075/4907
f 6901/7293/5070 6468/7075/4907 6465/7074/4906
f 6748/7211/5009 6470/7076/4908 6468/7075/4907
f 6904/7294/5071 6558/7122/4942 6750/7214/5010
f 6904/7294/5071 6750/7214/5010 6908/7295/5072
f 6904/7294/5071 6908/7295/5072 6910/7296/5073
f 6904/7294/5071 6910/7296/5073 6912/7297/5074
f 6904/7294/5071 6912/7297/5074 6558/7122/4942
f 6912/7297/5074 6910/7296/5073 6914/7298/5075
f 6912/7297/5074 6914/7298/5075 6916/7299/5076
f 6912/7297/5074 6916/7299/5076 6561/7123/4943
f 6912/7297/5074 6561/7123/4943 6558/7122/4942
f 6567/7162/4946 6644/7161/4970 6570/7271/4947
f 6649/7168/4972 6579/7131/4951 6575/7130/4950
f 6650/7274/5054 6576/7300/4950 6922/7301/5077
f 6650/7274/5054 6922/7301/5077 6923/7302/5078
f 6650/7274/5054 6923/7302/5078 6807/7247/5034
f 6780/7231/5021 6772/7230/5019 6926/7303/5079
f 6780/7231/5021 6926/7303/5079 6927/7304/5080
f 6780/7231/5021 6927/7304/5080 6929/7305/5081
f 6780/7231/5021 6929/7305/5081 6871/7281/5059
f 6780/7231/5021 6871/7281/5059 6522/7103/4928
f 6780/7231/5021 6522/7103/4928 6521/7102/4927
f 6875/7283/5061 6872/7282/5060 6931/7306/5082
f 6875/7283/5061 6931/7306/5082 6933/7307/5083
f 6875/7283/5061 6933/7307/5083 6867/7308/5057
f 6876/7309/5061 6868/7277/5057 6864/7276/5056
f 6876/7309/5061 6864/7276/5056 6787/7234/5024
f 6875/7283/5061 6786/7310/5084 6784/7232/5022
f 6883/7285/5063 6793/7238/5027 6937/7311/5085
f 6883/7285/5063 6937/7311/5085 6765/7224/5016
f 6883/7285/5063 6765/7224/5016 6660/7171/4975
f 6883/7285/5063 6660/7171/4975 6656/7170/4974
f 6804/7246/5033 6802/7245/5032 6938/7312/5086
f 6804/7246/5033 6938/7312/5086 6940/7313/5087
f 6804/7246/5033 6940/7313/5087 6941/7314/5088
f 6804/7246/5033 6941/7314/5088 6942/7315/5089
f 6804/7246/5033 6942/7315/5089 6546/7117/4937
f 6804/7246/5033 6546/7117/4937 6544/7116/4936
f 6664/7173/4977 6546/7117/4937 6942/7315/5089
f 6664/7173/4977 6942/7315/5089 6941/7314/5088
f 6664/7173/4977 6941/7314/5088 6943/7316/5090
f 6664/7173/4977 6943/7316/5090 6669/7175/4979
f 6825/7255/5042 6444/7066/4900 6735/7204/5003
f 6825/7255/5042 6735/7204/5003 6944/7317/5091
f 6825/7255/5042 6944/7317/5091 6945/7318/5092
f 6825/7255/5042 6945/7318/5092 6948/7319/5093
f 6825/7255/5042 6948/7319/5093 6950/7320/5094
f 6825/7255/5042 6950/7320/5094 6826/7256/5043
f 6955/7321/5095 6458/7070/4904 6707/7192/4993
f 6955/7321/5095 6707/7192/4993 6958/7322/5096
f 6955/7321/5095 6958/7322/5096 6960/7323/5097
f 6957/7324/5095 6961/7325/5097 6964/7326/5098
f 6956/7327/5095 6963/7328/5098 6835/7258/5045
f 6956/7327/5095 6835/7258/5045 6459/7072/4904
f 6968/7329/5099 6736/7330/5003 6732/7202/5001
f 6968/7329/5099 6732/7202/5001 6885/7286/5064
f 6968/7329/5099 6885/7286/5064 6916/7299/5076
f 6968/7329/5099 6916/7299/5076 6969/7331/5100
f 6968/7329/5099 6969/7331/5100 6947/7332/5092
f 6967/7333/5099 6945/7318/5092 6944/7317/5091
f 6967/7333/5099 6944/7317/5091 6735/7204/5003
f 6916/7299/5076 6885/7286/5064 6561/7123/4943
f 6974/7334/5101 6717/7195/4996 6823/7254/5041
f 6974/7334/5101 6823/7254/5041 6837/7259/5046
f 6974/7334/5101 6837/7259/5046 6977/7335/5102
f 6973/7336/5101 6976/7337/5102 6978/7338/5103
f 6974/7334/5101 6979/7339/5103 6982/7340/5104
f 6974/7334/5101 6982/7340/5104 6717/7195/4996
f 6985/7341/5105 6717/7195/4996 6982/7340/5104
f 6984/7342/5105 6980/7343/5104 6987/7344/5106
f 6984/7342/5105 6987/7344/5106 6990/7345/5107
f 6984/7342/5105 6990/7345/5107 6683/7184/4985
f 6984/7342/5105 6683/7184/4985 6719/7198/4997
f 6985/7341/5105 6720/7196/4997 6717/7195/4996
f 6993/7346/5108 6686/7185/4986 6683/7184/4985
f 6993/7346/5108 6683/7184/4985 6990/7345/5107
f 6993/7346/5108 6990/7345/5107 6997/7347/5109
f 6994/7348/5110 6998/7349/5109 7001/7350/5102
f 6993/7346/5108 7000/7351/5102 7003/7352/5111
f 6993/7346/5108 7003/7352/5111 6688/7186/4987
f 6993/7346/5108 6688/7186/4987 6686/7185/4986
f 6753/7215/5011 6688/7186/4987 7003/7352/5111
f 6753/7215/5011 7003/7352/5111 7004/7353/5112
f 6753/7215/5011 7004/7353/5112 6921/7354/5077
f 6753/7215/5011 6921/7354/5077 6574/7216/4949
f 6888/7288/5066 6726/7200/4999 6852/7267/5051
f 6888/7288/5066 6852/7267/5051 6849/7266/5050
f 6888/7288/5066 6849/7266/5050 7008/7355/5113
f 6888/7288/5066 7008/7355/5113 7011/7356/5114
f 6889/7357/5066 7014/7358/5114 7017/7359/5115
f 6889/7357/5066 7017/7359/5115 6743/7208/5007
f 6891/7291/5068 6743/7208/5007 7017/7359/5115
f 6891/7291/5068 7017/7359/5115 7014/7358/5114
f 6891/7291/5068 7014/7358/5114 7020/7360/5116
f 6891/7291/5068 7020/7360/5116 6895/7292/5069
f 7022/7361/5117 6748/7211/5009 6895/7292/5069
f 7022/7361/5117 6895/7292/5069 7030/7362/5118
f 7022/7361/5117 7030/7362/5118 7033/7363/5119
f 7022/7361/5117 7033/7363/5119 6907/7364/5120
f 7022/7361/5117 6907/7364/5120 6748/7211/5009
f 6907/7364/5120 6749/7212/5010 6748/7211/5009
f 6920/7365/5121 6575/7130/4950 6573/7129/4949
f 6855/7366/5049 6760/7279/5013 7037/7367/5122
f 6855/7366/5049 7037/7367/5122 6850/7368/5123
f 6855/7366/5049 6850/7368/5123 6847/7369/5049
f 7039/7370/5124 6205/6937/4816 6207/6939/4817
f 7039/7370/5124 6207/6939/4817 7042/7371/5125
f 7038/7372/5124 7041/7373/5125 7044/7374/5126
f 7038/7372/5124 7044/7374/5126 7045/7375/5127
f 7038/7372/5124 7045/7375/5127 6596/7376/4958
f 7039/7370/5124 6597/7143/4958 6200/6933/4814
f 7039/7370/5124 6200/6933/4814 6205/6937/4816
f 6626/7377/4965 6622/7378/5128 7048/7379/5129
f 6626/7377/4965 7048/7379/5129 7051/7380/5130
f 6626/7377/4965 7051/7380/5130 7053/7381/5131
f 6625/7382/4965 7052/7383/5131 7041/7373/5125
f 6627/7156/4965 7042/7371/5125 6207/6939/4817
f 6636/7384/4968 6631/7385/4966 7057/7386/5132
f 6636/7384/4968 7057/7386/5132 7058/7387/5133
f 6636/7384/4968 7058/7387/5133 6622/7378/5128
f 6637/7159/4968 6623/7155/4964 6210/6942/4818
f 7037/7367/5122 6760/7279/5013 6869/7278/5058
f 7037/7367/5122 6869/7278/5058 6868/7277/5057
f 7037/7367/5122 6868/7277/5057 7062/7388/5134
f 7037/7367/5122 7062/7388/5134 7009/7389/5113
f 7037/7367/5122 7009/7389/5113 6850/7368/5123
f 6925/7390/5135 6771/7227/5019 6768/7226/5018
f 6925/7390/5135 6768/7226/5018 7064/7391/5136
f 6925/7390/5135 7064/7391/5136 6909/7392/5137
f 6925/7390/5135 6909/7392/5137 6906/7393/5138
f 6925/7390/5135 6906/7393/5138 7031/7394/5119
f 6926/7303/5079 7032/7395/5119 7067/7396/5139
f 6926/7303/5079 7067/7396/5139 6927/7304/5080
f 6767/7225/5017 6765/7224/5016 7071/7397/5140
f 6767/7225/5017 7071/7397/5140 7072/7398/5141
f 6767/7225/5017 7072/7398/5141 7064/7391/5136
f 6767/7225/5017 7064/7391/5136 6768/7226/5018
f 6929/7305/5081 6927/7304/5080 7074/7399/5142
f 6929/7305/5081 7074/7399/5142 7075/7400/5143
f 6929/7305/5081 7075/7400/5143 7076/7401/5144
f 6929/7305/5081 7076/7401/5144 6931/7306/5082
f 6929/7305/5081 6931/7306/5082 6872/7282/5060
f 6929/7305/5081 6872/7282/5060 6871/7281/5059
f 6801/7243/5031 6810/7248/5035 7078/7402/5145
f 6801/7243/5031 7078/7402/5145 7079/7403/5146
f 6801/7243/5031 7079/7403/5146 6939/7404/5086
f 6801/7243/5031 6939/7404/5086 6803/7244/5032
f 7078/7402/5145 6810/7248/5035 6807/7247/5034
f 7078/7402/5145 6807/7247/5034 6923/7302/5078
f 7078/7402/5145 6923/7302/5078 7001/7350/5102
f 7078/7402/5145 7001/7350/5102 6998/7349/5109
f 7078/7402/5145 6998/7349/5109 7079/7403/5146
f 7071/7397/5140 6765/7224/5016 6937/7311/5085
f 7071/7397/5140 6937/7311/5085 7082/7405/5147
f 7071/7397/5140 7082/7405/5147 7085/7406/5148
f 7071/7397/5140 7085/7406/5148 7072/7398/5141
f 6820/7253/5040 6817/7252/5039 7088/7407/5149
f 6820/7253/5040 7088/7407/5149 7089/7408/5150
f 6820/7253/5040 7089/7408/5150 7093/7409/5151
f 6820/7253/5040 7093/7409/5151 7094/7410/5152
f 6820/7253/5040 7094/7410/5152 6791/7235/5025
f 6820/7253/5040 6791/7235/5025 6533/7112/4933
f 7082/7405/5147 6937/7311/5085 6793/7238/5027
f 7082/7405/5147 6793/7238/5027 6790/7411/5025
f 7083/7412/5147 6791/7235/5025 7094/7410/5152
f 7083/7412/5147 7094/7410/5152 7093/7409/5151
f 7082/7405/5147 7092/7413/5151 7095/7414/5153
f 7082/7405/5147 7095/7414/5153 7085/7406/5148
f 7097/7415/5154 6672/7176/4980 6669/7175/4979
f 7097/7415/5154 6669/7175/4979 6943/7316/5090
f 7097/7415/5154 6943/7316/5090 7099/7416/5102
f 7097/7415/5154 7099/7416/5102 6962/7417/5098
f 7097/7415/5154 6962/7417/5098 7101/7418/5155
f 7097/7415/5154 7101/7418/5155 6672/7176/4980
f 7102/7419/5155 6964/7326/5098 6961/7325/5097
f 7102/7419/5155 6961/7325/5097 7104/7420/5156
f 7102/7419/5155 7104/7420/5156 6878/7284/5062
f 7102/7419/5155 6878/7284/5062 6673/7179/4980
f 6837/7259/5046 6823/7254/5041 6550/7119/4939
f 7106/7421/5157 7012/7422/5114 7061/7423/5134
f 7107/7424/5157 7062/7388/5134 6868/7277/5057
f 7106/7421/5157 6867/7308/5057 6933/7307/5083
f 7106/7421/5157 6933/7307/5083 6931/7306/5082
f 7106/7421/5157 6931/7306/5082 7076/7401/5144
f 7106/7421/5157 7076/7401/5144 7019/7425/5158
f 7106/7421/5157 7019/7425/5158 7012/7422/5114
f 7013/7426/5159 7009/7389/5113 7062/7388/5134
f 7109/7427/5160 6826/7256/5043 6950/7320/5094
f 7109/7427/5160 6950/7320/5094 7112/7428/5102
f 7110/7429/5160 7113/7430/5102 7115/7431/5161
f 7109/7427/5160 7114/7432/5161 6958/7322/5096
f 7109/7427/5160 6958/7322/5096 6704/7191/4992
f 7109/7427/5160 6704/7191/4992 6826/7256/5043
f 6958/7322/5096 6707/7192/4993 6704/7191/4992
f 7118/7433/5162 6916/7299/5076 6914/7298/5075
f 7118/7433/5162 6914/7298/5075 7121/7434/5163
f 7117/7435/5162 7120/7436/5163 7123/7437/5164
f 7118/7433/5162 7124/7438/5164 6969/7331/5100
f 7118/7433/5162 6969/7331/5100 6916/7299/5076
f 7099/7416/5102 6943/7316/5090 7125/7439/5102
f 7099/7416/5102 7125/7439/5102 6836/7440/5046
f 7100/7441/5102 6837/7259/5046 6835/7258/5045
f 7099/7416/5102 6834/7442/5045 6962/7417/5098
f 7115/7431/5161 7113/7430/5102 7127/7443/5165
f 7115/7431/5161 7127/7443/5165 7104/7420/5156
f 7115/7431/5161 7104/7420/5156 6961/7325/5097
f 7115/7431/5161 6961/7325/5097 6959/7444/5096
f 6976/7337/5102 6836/7440/5046 7125/7439/5102
f 6976/7337/5102 7125/7439/5102 6943/7316/5090
f 6976/7337/5102 6943/7316/5090 6941/7314/5088
f 6976/7337/5102 6941/7314/5088 6978/7338/5103
f 7129/7445/5166 6948/7319/5093 6945/7318/5092
f 7130/7446/5166 6946/7447/5092 7134/7448/5167
f 7130/7446/5166 7134/7448/5167 7093/7409/5151
f 7130/7446/5166 7093/7409/5151 7089/7408/5150
f 7130/7446/5166 7089/7408/5150 7139/7449/5168
f 7130/7446/5166 7139/7449/5168 6949/7450/5093
f 7139/7449/5168 7089/7408/5150 7088/7407/5149
f 7139/7449/5168 7088/7407/5149 7113/7430/5102
f 7139/7449/5168 7113/7430/5102 6951/7451/5094
f 7138/7452/5168 6950/7320/5094 6948/7319/5093
f 6988/7453/5106 6981/7454/5104 6978/7338/5103
f 6988/7453/5106 6978/7338/5103 6940/7313/5087
f 6988/7453/5106 6940/7313/5087 6938/7312/5086
f 6989/7455/5106 6939/7404/5086 7079/7403/5146
f 6989/7455/5106 7079/7403/5146 6998/7349/5109
f 6989/7455/5106 6998/7349/5109 6991/7456/5107
f 7004/7353/5112 7003/7352/5111 7000/7351/5102
f 7005/7457/5112 7001/7350/5102 6923/7302/5078
f 7005/7457/5112 6923/7302/5078 6922/7301/5077
f 7135/7458/5169 6947/7332/5092 6969/7331/5100
f 7135/7458/5169 6969/7331/5100 7124/7438/5164
f 7133/7459/5170 7123/7437/5164 7095/7414/5153
f 7133/7459/5170 7095/7414/5153 7092/7413/5151
f 7147/7460/5171 6895/7292/5069 7020/7360/5116
f 7146/7461/5172 7019/7425/5158 7076/7401/5144
f 7146/7461/5172 7076/7401/5144 7075/7400/5143
f 7146/7461/5172 7075/7400/5143 7029/7462/5118
f 7147/7460/5171 7030/7362/5118 6895/7292/5069
f 7121/7434/5163 6914/7298/5075 6910/7296/5073
f 7120/7436/5163 6909/7392/5137 7064/7391/5136
f 7120/7436/5163 7064/7391/5136 7072/7398/5141
f 7120/7436/5163 7072/7398/5141 7085/7406/5148
f 7120/7436/5163 7085/7406/5148 7123/7437/5164
f 6978/7338/5103 6941/7314/5088 6940/7313/5087
f 7127/7443/5165 7113/7430/5102 7088/7407/5149
f 7127/7443/5165 7088/7407/5149 6817/7252/5039
f 7127/7443/5165 6817/7252/5039 6816/7251/5038
f 7127/7443/5165 6816/7251/5038 7104/7420/5156
f 7104/7420/5156 6816/7251/5038 6878/7284/5062
f 7074/7399/5142 6927/7304/5080 7067/7396/5139
f 7074/7399/5142 7067/7396/5139 7032/7395/5119
f 7074/7399/5142 7032/7395/5119 7029/7462/5118
f 7074/7399/5142 7029/7462/5118 7075/7400/5143
f 7095/7414/5153 7123/7437/5164 7085/7406/5148
f 7153/7463/5173 6582/7464/4954 6598/7465/4960
f 7153/7463/5173 6598/7465/4960 6596/7376/4958
f 7153/7463/5173 6596/7376/4958 7045/7375/5127
f 7153/7463/5173 7045/7375/5127 7160/7466/5174
f 7153/7463/5173 7160/7466/5174 7163/7467/4814
f 7153/7463/5173 7163/7467/4814 7165/7468/5175
f 7153/7463/5173 7165/7468/5175 7167/7469/5176
f 7153/7463/5173 7167/7469/5176 6582/7464/4954
f 7167/7469/5176 7165/7468/5175 7176/7470/5177
f 7167/7469/5176 7176/7470/5177 7177/7471/2242
f 7167/7469/5176 7177/7471/2242 6584/7472/2242
f 7167/7469/5176 6584/7472/2242 6582/7464/4954
f 7177/7471/2242 7176/7470/5177 7180/7473/5178
f 7177/7471/2242 7180/7473/5178 7182/7474/4955
f 7177/7471/2242 7182/7474/4955 6587/7475/4955
f 7177/7471/2242 6587/7475/4955 6584/7472/2242
f 7182/7474/4955 7180/7473/5178 7184/7476/5179
f 7182/7474/4955 7184/7476/5179 6589/7477/4956
f 7182/7474/4955 6589/7477/4956 6587/7475/4955
f 7184/7476/5179 7180/7473/5178 7187/7478/5180
f 7184/7476/5179 7187/7478/5180 7191/7479/4955
f 7184/7476/5179 7191/7479/4955 6603/7480/4955
f 7184/7476/5179 6603/7480/4955 6589/7477/4956
f 7191/7479/4955 7187/7478/5180 7198/7481/5181
f 7191/7479/4955 7198/7481/5181 7201/7482/3923
f 7191/7479/4955 7201/7482/3923 6610/7483/3923
f 7191/7479/4955 6610/7483/3923 6603/7480/4955
f 7201/7482/3923 7198/7481/5181 7204/7484/5181
f 7201/7482/3923 7204/7484/5181 7205/7485/5182
f 7201/7482/3923 7205/7485/5182 6617/7486/4962
f 7201/7482/3923 6617/7486/4962 6610/7483/3923
f 7053/7381/5131 7051/7380/5130 7216/7487/5183
f 7052/7383/5131 7215/7488/5183 7220/7489/5184
f 7052/7383/5131 7220/7489/5184 7044/7374/5126
f 7052/7383/5131 7044/7374/5126 7041/7373/5125
f 7205/7485/5182 7204/7484/5181 7223/7490/5185
f 7205/7485/5182 7223/7490/5185 7057/7386/5132
f 7205/7485/5182 7057/7386/5132 6631/7385/4966
f 7205/7485/5182 6631/7385/4966 6617/7486/4962
f 7058/7387/5133 7057/7386/5132 7229/7491/5185
f 7058/7387/5133 7229/7491/5185 7232/7492/2271
f 7058/7387/5133 7232/7492/2271 7235/7493/2271
f 7058/7387/5133 7235/7493/2271 7048/7379/5129
f 7058/7387/5133 7048/7379/5129 6622/7378/5128
f 7238/7494/5186 7045/7375/5127 7044/7374/5126
f 7238/7494/5186 7044/7374/5126 7220/7489/5184
f 7237/7495/4815 7219/7496/5184 7240/7497/5187
f 7237/7495/4815 7240/7497/5187 7245/7498/5188
f 7236/7499/4815 7244/7500/5188 7247/7501/5189
f 7236/7499/4815 7247/7501/5189 7158/7502/5174
f 7238/7494/5186 7160/7466/5174 7045/7375/5127
f 7252/7503/5190 7057/7386/5132 7223/7490/5185
f 7251/7504/5190 7222/7505/5185 7254/7506/5191
f 7251/7504/5190 7254/7506/5191 7256/7507/5192
f 7251/7504/5190 7256/7507/5192 7228/7508/5185
f 7252/7503/5190 7229/7491/5185 7057/7386/5132
f 7260/7509/5193 7051/7380/5130 7048/7379/5129
f 7260/7509/5193 7048/7379/5129 7235/7493/2271
f 7259/7510/5193 7234/7511/2271 7263/7512/5194
f 7259/7510/5193 7263/7512/5194 7266/7513/5195
f 7259/7510/5193 7266/7513/5195 7213/7514/5183
f 7260/7509/5193 7216/7487/5183 7051/7380/5130
f 7272/7515/5196 7162/7516/4814 7159/7517/5174
f 7270/7518/5196 7158/7502/5174 7247/7501/5189
f 7271/7519/5196 7248/7520/5189 7274/7521/5197
f 7273/7522/5196 7275/7523/5197 7278/7524/5198
f 7273/7522/5196 7278/7524/5198 7282/7525/5199
f 7272/7515/5196 7281/7526/5199 7287/7527/5200
f 7272/7515/5196 7287/7527/5200 7164/7528/5175
f 7272/7515/5196 7164/7528/5175 7162/7516/4814
f 7289/7529/5200 7283/7530/5199 7293/7531/5201
f 7288/7532/5200 7292/7533/5201 7295/7534/5202
f 7288/7532/5200 7295/7534/5202 7175/7535/5177
f 7287/7527/5200 7174/7536/5177 7164/7528/5175
f 7296/7537/5202 7293/7531/5201 7300/7538/5203
f 7295/7534/5202 7299/7539/5203 7302/7540/5204
f 7295/7534/5202 7302/7540/5204 7179/7541/5178
f 7295/7534/5202 7179/7541/5178 7175/7535/5177
f 7305/7542/5205 7179/7541/5178 7302/7540/5204
f 7305/7542/5205 7302/7540/5204 7299/7539/5203
f 7306/7543/5205 7300/7538/5203 7307/7544/5206
f 7306/7543/5205 7307/7544/5206 7311/7545/5207
f 7305/7542/5205 7310/7546/5207 7312/7547/5208
f 7305/7542/5205 7312/7547/5208 7197/7548/5209
f 7305/7542/5205 7197/7548/5209 7186/7549/5180
f 7305/7542/5205 7186/7549/5180 7179/7541/5178
f 7320/7550/5208 7197/7548/5209 7312/7547/5208
f 7320/7550/5208 7312/7547/5208 7322/7551/5207
f 7319/7552/5208 7321/7553/5207 7324/7554/5207
f 7320/7550/5208 7325/7555/5207 7328/7556/5208
f 7320/7550/5208 7328/7556/5208 7203/7557/5209
f 7320/7550/5208 7203/7557/5209 7197/7548/5209
f 7332/7558/5210 7219/7496/5184 7214/7559/5183
f 7332/7558/5210 7214/7559/5183 7268/7560/5211
f 7332/7558/5210 7268/7560/5211 7336/7561/5212
f 7331/7562/5210 7334/7563/5212 7339/7564/5213
f 7330/7565/5210 7338/7566/5214 7239/7567/5187
f 7332/7558/5210 7240/7497/5187 7219/7496/5184
f 7327/7568/5208 7324/7554/5207 7345/7569/5215
f 7326/7570/5208 7344/7571/5215 7254/7506/5191
f 7326/7570/5208 7254/7506/5191 7222/7505/5185
f 7326/7570/5208 7222/7505/5185 7202/7572/5209
f 7349/7573/5216 7234/7511/2271 7231/7574/2271
f 7349/7573/5216 7231/7574/2271 7352/7575/5217
f 7349/7573/5216 7352/7575/5217 7355/7576/5218
f 7351/7577/5216 7356/7578/5218 7359/7579/5219
f 7350/7580/5216 7358/7581/5219 7264/7582/5220
f 7349/7573/5216 7263/7512/5194 7234/7511/2271
f 7352/7575/5217 7231/7574/2271 7228/7508/5185
f 7352/7575/5217 7228/7508/5185 7256/7507/5192
f 7352/7575/5217 7256/7507/5192 7362/7583/5221
f 7353/7584/5222 7363/7585/5221 7356/7578/5218
f 7311/7545/5207 7307/7544/5206 7366/7586/5223
f 7311/7545/5207 7366/7586/5223 7369/7587/536
f 7311/7545/5207 7369/7587/536 7323/7588/5207
f 7311/7545/5207 7323/7588/5207 7313/7589/5208
f 7372/7590/5224 7255/7591/5225 7345/7569/5215
f 7372/7590/5224 7345/7569/5215 7374/7592/5226
f 7372/7590/5224 7374/7592/5226 7377/7593/5227
f 7372/7590/5224 7377/7593/5227 7364/7594/5221
f 7372/7590/5224 7364/7594/5221 7257/7595/5192
f 7371/7596/5228 7256/7507/5192 7254/7506/5191
f 7379/7597/5229 7266/7513/5195 7263/7512/5194
f 7380/7598/5230 7265/7599/5220 7360/7600/5219
f 7380/7598/5230 7360/7600/5219 7383/7601/5231
f 7380/7598/5230 7383/7601/5231 7385/7602/5232
f 7380/7598/5230 7385/7602/5232 7335/7603/5233
f 7380/7598/5230 7335/7603/5233 7267/7604/5234
f 7390/7605/5235 7247/7501/5189 7244/7500/5188
f 7391/7606/5236 7246/7607/5188 7398/7608/5237
f 7391/7606/5236 7398/7608/5237 7401/7609/5238
f 7391/7606/5236 7401/7609/5238 7405/7610/5239
f 7391/7606/5236 7405/7610/5239 7276/7611/5197
f 7391/7606/5236 7276/7611/5197 7249/7612/5189
f 7397/7613/5237 7245/7498/5188 7240/7497/5187
f 7398/7608/5237 7241/7614/5187 7341/7615/5213
f 7398/7608/5237 7341/7615/5213 7409/7616/5240
f 7398/7608/5237 7409/7616/5240 7401/7609/5238
f 7414/7617/5241 7300/7538/5203 7293/7531/5201
f 7414/7617/5241 7293/7531/5201 7417/7618/5242
f 7413/7619/5241 7416/7620/5242 7420/7621/5243
f 7413/7619/5241 7420/7621/5243 7426/7622/5244
f 7413/7619/5241 7426/7622/5244 7428/7623/5245
f 7414/7617/5241 7429/7624/5246 7300/7538/5203
f 7432/7625/5247 7300/7538/5203 7429/7624/5246
f 7431/7626/5247 7428/7623/5245 7434/7627/5248
f 7431/7626/5247 7434/7627/5248 7438/7628/5249
f 7431/7626/5247 7438/7628/5249 7365/7629/5223
f 7432/7625/5247 7366/7586/5223 7307/7544/5206
f 7432/7625/5247 7307/7544/5206 7300/7538/5203
f 7447/7630/5250 7323/7588/5207 7369/7587/536
f 7444/7631/5250 7368/7632/5251 7453/7633/5252
f 7446/7634/5250 7454/7635/5253 7457/7636/5254
f 7446/7634/5250 7457/7636/5254 7459/7637/5255
f 7445/7638/5250 7458/7639/5255 7324/7554/5207
f 7445/7638/5250 7324/7554/5207 7321/7553/5207
f 7459/7637/5255 7457/7636/5254 7461/7640/5256
f 7459/7637/5255 7461/7640/5256 7375/7641/5226
f 7458/7639/5255 7374/7592/5226 7345/7569/5215
f 7458/7639/5255 7345/7569/5215 7324/7554/5207
f 7464/7642/5257 7282/7525/5199 7278/7524/5198
f 7464/7642/5257 7278/7524/5198 7467/7643/5258
f 7463/7644/5257 7466/7645/5258 7470/7646/5259
f 7463/7644/5257 7470/7646/5259 7472/7647/5260
f 7463/7644/5257 7472/7647/5260 7416/7620/5242
f 7465/7648/5261 7417/7618/5242 7283/7530/5199
f 7417/7618/5242 7293/7531/5201 7283/7530/5199
f 7475/7649/5262 7363/7585/5221 7376/7650/5263
f 7475/7649/5262 7376/7650/5263 7479/7651/5264
f 7476/7652/5262 7480/7653/5264 7482/7654/5265
f 7475/7649/5262 7481/7655/5266 7484/7656/5267
f 7475/7649/5262 7484/7656/5267 7356/7578/5218
f 7475/7649/5262 7356/7578/5218 7363/7585/5221
f 7485/7657/5267 7482/7654/5265 7487/7658/5268
f 7484/7656/5267 7486/7659/5268 7382/7660/5269
f 7484/7656/5267 7382/7660/5269 7359/7579/5219
f 7484/7656/5267 7359/7579/5219 7356/7578/5218
f 7467/7643/5258 7278/7524/5198 7275/7523/5197
f 7468/7661/5258 7276/7611/5197 7405/7610/5239
f 7466/7645/5258 7404/7662/5239 7492/7663/5270
f 7466/7645/5258 7492/7663/5270 7470/7646/5259
f 7495/7664/5271 7365/7629/5223 7438/7628/5249
f 7494/7665/5272 7437/7666/5249 7498/7667/5273
f 7494/7665/5272 7498/7667/5273 7499/7668/5274
f 7494/7665/5272 7499/7668/5274 7452/7669/5252
f 7495/7664/5271 7453/7633/5252 7368/7632/5251
f 7495/7664/5271 7368/7632/5251 7365/7629/5223
f 7502/7670/5275 7335/7603/5233 7385/7602/5232
f 7502/7670/5275 7385/7602/5232 7505/7671/5276
f 7501/7672/5275 7504/7673/5276 7507/7674/5277
f 7501/7672/5275 7507/7674/5277 7408/7675/5240
f 7503/7676/5278 7409/7616/5240 7341/7615/5213
f 7502/7670/5275 7340/7677/5213 7335/7603/5233
f 7426/7622/5244 7420/7621/5243 7509/7678/2242
f 7427/7679/5244 7510/7680/2242 7513/7681/5279
f 7426/7622/5244 7512/7682/5279 7434/7627/5248
f 7426/7622/5244 7434/7627/5248 7428/7623/5245
f 7515/7683/5280 7375/7641/5226 7461/7640/5256
f 7515/7683/5280 7461/7640/5256 7516/7684/5281
f 7515/7683/5280 7516/7684/5281 7517/7685/5282
f 7515/7683/5280 7517/7685/5282 7480/7653/5264
f 7515/7683/5280 7480/7653/5264 7378/7686/5263
f 7514/7687/5283 7377/7593/5227 7374/7592/5226
f 7472/7647/5260 7470/7646/5259 7518/7688/5284
f 7473/7689/5260 7519/7690/5284 7523/7691/2242
f 7472/7647/5260 7521/7692/2242 7420/7621/5243
f 7472/7647/5260 7420/7621/5243 7416/7620/5242
f 7524/7693/5285 7438/7628/5249 7434/7627/5248
f 7525/7694/5285 7435/7695/5248 7513/7681/5279
f 7525/7694/5285 7513/7681/5279 7527/7696/5286
f 7525/7694/5285 7527/7696/5286 7498/7667/5273
f 7525/7694/5285 7498/7667/5273 7437/7666/5249
f 7528/7697/5287 7452/7669/5252 7499/7668/5274
f 7528/7697/5287 7499/7668/5274 7534/7698/5288
f 7528/7697/5287 7534/7698/5288 7537/7699/5289
f 7529/7700/5287 7538/7701/5289 7457/7636/5254
f 7529/7700/5287 7457/7636/5254 7454/7635/5253
f 7538/7701/5289 7535/7702/5288 7541/7703/5290
f 7538/7701/5289 7541/7703/5290 7545/7704/5291
f 7538/7701/5289 7545/7704/5291 7516/7684/5281
f 7538/7701/5289 7516/7684/5281 7461/7640/5256
f 7538/7701/5289 7461/7640/5256 7457/7636/5254
f 7547/7705/5292 7385/7602/5232 7383/7601/5231
f 7548/7706/5292 7384/7707/5269 7487/7658/5268
f 7548/7706/5292 7487/7658/5268 7551/7708/5293
f 7548/7706/5292 7551/7708/5293 7559/7709/5294
f 7548/7706/5292 7559/7709/5294 7562/7710/5295
f 7548/7706/5292 7562/7710/5295 7506/7711/5296
f 7548/7706/5292 7506/7711/5296 7386/7712/5232
f 7523/7691/2242 7519/7690/5284 7564/7713/5297
f 7523/7691/2242 7564/7713/5297 7567/7714/5298
f 7523/7691/2242 7567/7714/5298 7570/7715/5299
f 7522/7716/2242 7569/7717/5299 7510/7680/2242
f 7522/7716/2242 7510/7680/2242 7421/7718/5243
f 7575/7719/5300 7498/7667/5273 7527/7696/5286
f 7575/7719/5300 7527/7696/5286 7578/7720/5301
f 7576/7721/5300 7579/7722/5301 7536/7723/5288
f 7575/7719/5300 7534/7698/5288 7499/7668/5274
f 7575/7719/5300 7499/7668/5274 7498/7667/5273
f 7580/7724/5302 7404/7662/5239 7400/7725/5238
f 7580/7724/5302 7400/7725/5238 7586/7726/5303
f 7581/7727/5302 7587/7728/5303 7590/7729/5304
f 7581/7727/5302 7590/7729/5304 7591/7730/5305
f 7581/7727/5302 7591/7730/5305 7493/7731/5306
f 7580/7724/5302 7492/7663/5270 7404/7662/5239
f 7585/7732/5303 7399/7733/5238 7408/7675/5240
f 7585/7732/5303 7408/7675/5240 7507/7674/5277
f 7585/7732/5303 7507/7674/5277 7594/7734/5307
f 7585/7732/5303 7594/7734/5307 7588/7735/5308
f 7545/7704/5291 7541/7703/5290 7597/7736/5309
f 7545/7704/5291 7597/7736/5309 7599/7737/5310
f 7545/7704/5291 7599/7737/5310 7517/7685/5282
f 7545/7704/5291 7517/7685/5282 7516/7684/5281
f 7601/7738/5311 7480/7653/5264 7517/7685/5282
f 7601/7738/5311 7517/7685/5282 7599/7737/5310
f 7601/7738/5311 7599/7737/5310 7551/7708/5293
f 7601/7738/5311 7551/7708/5293 7482/7654/5265
f 7601/7738/5311 7482/7654/5265 7480/7653/5264
f 7569/7717/5299 7566/7739/5312 7602/7740/5313
f 7569/7717/5299 7602/7740/5313 7604/7741/5314
f 7569/7717/5299 7604/7741/5314 7513/7681/5279
f 7569/7717/5299 7513/7681/5279 7510/7680/2242
f 7604/7741/5314 7602/7740/5313 7578/7720/5301
f 7604/7741/5314 7578/7720/5301 7527/7696/5286
f 7604/7741/5314 7527/7696/5286 7513/7681/5279
f 7606/7742/5315 7470/7646/5259 7492/7663/5270
f 7607/7743/5316 7493/7731/5306 7591/7730/5305
f 7607/7743/5316 7591/7730/5305 7608/7744/5317
f 7607/7743/5316 7608/7744/5317 7565/7745/5297
f 7607/7743/5316 7565/7745/5297 7520/7746/5284
f 7607/7743/5316 7520/7746/5284 7471/7747/5259
f 7610/7748/5318 7536/7723/5288 7579/7722/5301
f 7610/7748/5318 7579/7722/5301 7611/7749/5319
f 7610/7748/5318 7611/7749/5319 7613/7750/5320
f 7610/7748/5318 7613/7750/5320 7615/7751/5321
f 7610/7748/5318 7615/7751/5321 7536/7723/5288
f 7615/7751/5321 7613/7750/5320 7620/7752/5322
f 7614/7753/5323 7618/7754/5322 7597/7736/5309
f 7614/7753/5323 7597/7736/5309 7541/7703/5290
f 7615/7751/5321 7542/7755/5324 7536/7723/5288
f 7551/7708/5293 7487/7658/5268 7482/7654/5265
f 7611/7749/5319 7579/7722/5301 7603/7756/5325
f 7611/7749/5319 7603/7756/5325 7568/7757/5312
f 7611/7749/5319 7568/7757/5312 7608/7744/5317
f 7611/7749/5319 7608/7744/5317 7624/7758/5322
f 7611/7749/5319 7624/7758/5322 7613/7750/5320
f 7594/7734/5307 7507/7674/5277 7504/7673/5276
f 7595/7759/5307 7506/7711/5296 7562/7710/5295
f 7595/7759/5307 7562/7710/5295 7625/7760/5326
f 7595/7759/5307 7625/7760/5326 7626/7761/5327
f 7595/7759/5307 7626/7761/5327 7629/7762/5322
f 7595/7759/5307 7629/7762/5322 7589/7763/5308
f 7631/7764/5328 7599/7737/5310 7597/7736/5309
f 7631/7764/5328 7597/7736/5309 7625/7760/5326
f 7631/7764/5328 7625/7760/5326 7559/7709/5294
f 7631/7764/5328 7559/7709/5294 7551/7708/5293
f 7631/7764/5328 7551/7708/5293 7599/7737/5310
f 7608/7744/5317 7568/7757/5312 7565/7745/5297
f 7624/7758/5322 7608/7744/5317 7591/7730/5305
f 7624/7758/5322 7591/7730/5305 7590/7729/5304
f 7624/7758/5322 7590/7729/5304 7630/7765/5322
f 7624/7758/5322 7630/7765/5322 7620/7752/5322
f 7624/7758/5322 7620/7752/5322 7613/7750/5320
f 7633/7766/5329 7619/7767/5322 7626/7761/5327
f 7633/7766/5329 7626/7761/5327 7625/7760/5326
f 7633/7766/5329 7625/7760/5326 7597/7736/5309
f 7619/7767/5322 7629/7762/5322 7626/7761/5327
f 7562/7710/5295 7559/7709/5294 7625/7760/5326
