# Blender 5.1.1
# www.blender.org
mtllib minecraft.mtl
o New_World10000__-50_50_314_to_-31_119_334
v -10.000000 -0.000001 -10.000000
v -10.000000 -0.000001 -9.000000
v -10.000000 0.999999 -9.000000
v -10.000000 0.999999 -10.000000
v -9.000000 -0.000001 -9.000000
v -9.000000 -0.000001 -10.000000
v -9.000000 0.999999 -10.000000
v -10.000000 1.999999 -9.000000
v -10.000000 1.999999 -10.000000
v -9.000000 1.999999 -10.000000
v -10.000000 2.999999 -9.000000
v -10.000000 2.999999 -10.000000
v -9.000000 2.999999 -10.000000
v -10.000000 3.999999 -9.000000
v -10.000000 3.999999 -10.000000
v -9.000000 3.999999 -10.000000
v -10.000000 5.000000 -9.000000
v -10.000000 4.999999 -10.000000
v -9.000000 4.999999 -10.000000
v -10.000000 6.000000 -9.000000
v -10.000000 5.999999 -10.000000
v -9.000000 5.999999 -10.000000
v -10.000000 7.000000 -9.000001
v -10.000000 6.999999 -10.000001
v -9.000000 6.999999 -10.000001
v -10.000000 8.000000 -9.000001
v -10.000000 7.999999 -10.000001
v -9.000000 7.999999 -10.000001
v -10.000000 8.999999 -9.000001
v -10.000000 8.999999 -10.000001
v -9.000000 8.999999 -10.000001
v -10.000000 9.999999 -9.000001
v -10.000000 9.999999 -10.000001
v -9.000000 9.999999 -10.000001
v -10.000000 10.999999 -9.000001
v -10.000000 10.999999 -10.000001
v -9.000000 10.999999 -10.000001
v -10.000000 11.999999 -9.000001
v -10.000000 11.999999 -10.000001
v -9.000000 11.999999 -10.000001
v -10.000000 12.999999 -9.000001
v -10.000000 12.999999 -10.000001
v -9.000000 12.999999 -10.000001
v -10.000000 13.999999 -9.000001
v -10.000000 13.999999 -10.000001
v -9.000000 13.999999 -10.000001
v -9.000000 13.999999 -9.000001
v -9.000000 12.999999 -9.000001
v -10.000000 14.999999 -10.000001
v -10.000000 14.999999 -9.000001
v -10.000000 15.999999 -9.000001
v -10.000000 15.999999 -10.000001
v -9.000000 14.999999 -9.000001
v -9.000000 14.999999 -10.000001
v -9.000000 15.999999 -10.000001
v -10.000000 17.000000 -9.000001
v -10.000000 17.000000 -10.000001
v -9.000000 17.000000 -10.000001
v -10.000000 18.000000 -9.000001
v -10.000000 18.000000 -10.000001
v -9.000000 18.000000 -10.000001
v -10.000000 19.000000 -9.000002
v -10.000000 19.000000 -10.000002
v -9.000000 19.000000 -10.000002
v -9.000000 19.000000 -9.000002
v -10.000000 -0.000001 -8.000000
v -10.000000 0.999999 -8.000000
v -9.000000 -0.000001 -8.000000
v -10.000000 1.999999 -8.000000
v -10.000000 2.999999 -8.000000
v -10.000000 3.999999 -8.000000
v -10.000000 5.000000 -8.000000
v -10.000000 6.000000 -8.000000
v -10.000000 7.000000 -8.000001
v -10.000000 8.000000 -8.000001
v -10.000000 8.999999 -8.000001
v -10.000000 9.999999 -8.000001
v -10.000000 10.999999 -8.000001
v -10.000000 11.999999 -8.000001
v -10.000000 12.999999 -8.000001
v -9.000000 12.999999 -8.000001
v -10.000000 14.999999 -8.000001
v -10.000000 15.999999 -8.000001
v -9.000000 14.999999 -8.000001
v -10.000000 17.000000 -8.000001
v -9.000000 15.999999 -8.000001
v -9.000000 15.999999 -9.000001
v -9.000000 17.000000 -9.000001
v -9.000000 17.000000 -8.000001
v -10.000000 18.000000 -8.000001
v -10.000000 19.000000 -8.000002
v -9.000000 18.000000 -8.000001
v -9.000000 18.000000 -9.000001
v -9.000000 19.000000 -8.000002
v -10.000000 20.000000 -9.000002
v -10.000000 20.000000 -8.000002
v -10.000000 21.000000 -8.000002
v -10.000000 21.000000 -9.000002
v -9.000000 20.000000 -8.000002
v -9.000000 20.000000 -9.000002
v -9.000000 21.000000 -9.000002
v -9.000000 21.000000 -8.000002
v -10.000000 -0.000001 -7.000000
v -10.000000 0.999999 -7.000000
v -9.000000 -0.000001 -7.000000
v -10.000000 2.000000 -7.000000
v -10.000000 3.000000 -7.000000
v -10.000000 4.000000 -7.000000
v -10.000000 5.000000 -7.000000
v -10.000000 6.000000 -7.000000
v -10.000000 7.000000 -7.000000
v -10.000000 8.000000 -7.000000
v -10.000000 8.999999 -7.000000
v -10.000000 9.999999 -7.000001
v -10.000000 10.999999 -7.000001
v -10.000000 11.999999 -7.000001
v -10.000000 12.999999 -7.000001
v -10.000000 13.999999 -7.000001
v -10.000000 13.999999 -8.000001
v -9.000000 13.999999 -8.000001
v -9.000000 12.999999 -7.000001
v -9.000000 13.999999 -7.000001
v -10.000000 14.999999 -7.000001
v -9.000000 14.999999 -7.000001
v -10.000000 15.999999 -7.000001
v -10.000000 17.000000 -7.000001
v -10.000000 18.000000 -7.000001
v -10.000000 19.000000 -7.000001
v -10.000000 20.000000 -7.000001
v -9.000000 19.000000 -7.000001
v -9.000000 20.000000 -7.000001
v -10.000000 21.000000 -7.000001
v -9.000000 21.000000 -7.000001
v -10.000000 -0.000000 -6.000000
v -10.000000 1.000000 -6.000000
v -9.000000 -0.000000 -6.000000
v -10.000000 2.000000 -6.000000
v -10.000000 3.000000 -6.000000
v -10.000000 4.000000 -6.000000
v -10.000000 5.000000 -6.000000
v -10.000000 6.000000 -6.000000
v -10.000000 7.000000 -6.000000
v -10.000000 8.000000 -6.000000
v -10.000000 9.000000 -6.000000
v -10.000000 10.000000 -6.000001
v -10.000000 11.000000 -6.000001
v -10.000000 12.000000 -6.000001
v -10.000000 13.000000 -6.000001
v -9.000000 13.000000 -6.000001
v -10.000000 15.000000 -6.000001
v -10.000000 16.000000 -6.000001
v -9.000000 15.000000 -6.000001
v -10.000000 17.000000 -6.000001
v -9.000000 16.000000 -6.000001
v -9.000000 15.999999 -7.000001
v -9.000000 17.000000 -7.000001
v -9.000000 17.000000 -6.000001
v -10.000000 18.000000 -6.000001
v -10.000000 19.000000 -6.000001
v -9.000000 18.000000 -6.000001
v -9.000000 18.000000 -7.000001
v -9.000000 19.000000 -6.000001
v -10.000000 20.000000 -6.000001
v -10.000000 21.000000 -6.000001
v -9.000000 20.000000 -6.000001
v -9.000000 21.000000 -6.000001
v -10.000000 -0.000000 -5.000000
v -10.000000 1.000000 -5.000000
v -9.000000 -0.000000 -5.000000
v -10.000000 2.000000 -5.000000
v -10.000000 3.000000 -5.000000
v -10.000000 4.000000 -5.000000
v -10.000000 5.000000 -5.000000
v -10.000000 6.000000 -5.000000
v -10.000000 7.000000 -5.000000
v -10.000000 8.000000 -5.000000
v -10.000000 9.000000 -5.000000
v -10.000000 10.000000 -5.000001
v -10.000000 11.000000 -5.000001
v -10.000000 12.000000 -5.000001
v -10.000000 13.000000 -5.000001
v -9.000000 13.000000 -5.000001
v -10.000000 15.000000 -5.000001
v -10.000000 16.000000 -5.000001
v -9.000000 15.000000 -5.000001
v -9.000000 16.000000 -5.000001
v -10.000000 17.000000 -5.000001
v -10.000000 18.000000 -5.000001
v -9.000000 17.000000 -5.000001
v -9.000000 18.000000 -5.000001
v -10.000000 -0.000000 -4.000000
v -10.000000 1.000000 -4.000000
v -9.000000 -0.000000 -4.000000
v -10.000000 2.000000 -4.000000
v -10.000000 3.000000 -4.000000
v -10.000000 4.000000 -4.000000
v -10.000000 5.000000 -4.000000
v -10.000000 6.000000 -4.000000
v -10.000000 7.000000 -4.000000
v -10.000000 8.000000 -4.000000
v -10.000000 9.000000 -4.000000
v -10.000000 10.000000 -4.000001
v -10.000000 11.000000 -4.000001
v -10.000000 12.000000 -4.000001
v -10.000000 13.000000 -4.000001
v -9.000000 13.000000 -4.000001
v -10.000000 -0.000000 -3.000000
v -10.000000 1.000000 -3.000000
v -9.000000 -0.000000 -3.000000
v -10.000000 2.000000 -3.000000
v -10.000000 3.000000 -3.000000
v -10.000000 4.000000 -3.000000
v -10.000000 5.000000 -3.000000
v -10.000000 6.000000 -3.000000
v -10.000000 7.000000 -3.000000
v -9.000000 6.000000 -3.000000
v -9.000000 7.000000 -3.000000
v -10.000000 8.000000 -3.000001
v -9.000000 8.000000 -3.000001
v -10.000000 9.000000 -3.000001
v -9.000000 9.000000 -3.000001
v -10.000000 10.000000 -3.000001
v -10.000000 11.000000 -3.000001
v -10.000000 12.000000 -3.000001
v -10.000000 13.000000 -3.000001
v -9.000000 13.000000 -3.000001
v -10.000000 -0.000000 -2.000000
v -10.000000 1.000000 -2.000000
v -9.000000 -0.000000 -2.000000
v -10.000000 2.000000 -2.000000
v -10.000000 3.000000 -2.000000
v -10.000000 4.000000 -2.000000
v -10.000000 5.000000 -2.000000
v -10.000000 6.000000 -2.000000
v -9.000000 6.000000 -2.000000
v -10.000000 9.000000 -2.000001
v -10.000000 10.000000 -2.000001
v -9.000000 9.000000 -2.000001
v -10.000000 11.000000 -2.000001
v -10.000000 12.000000 -2.000001
v -10.000000 13.000000 -2.000001
v -9.000000 13.000000 -2.000001
v -9.000000 12.000000 -2.000001
v -10.000000 -0.000000 -1.000000
v -10.000000 1.000000 -1.000000
v -9.000000 -0.000000 -1.000000
v -10.000000 2.000000 -1.000000
v -10.000000 3.000000 -1.000000
v -10.000000 4.000000 -1.000000
v -10.000000 5.000000 -1.000000
v -10.000000 6.000000 -1.000000
v -9.000000 6.000000 -1.000000
v -10.000000 9.000000 -1.000001
v -10.000000 10.000000 -1.000001
v -9.000000 9.000000 -1.000001
v -9.000000 10.000000 -1.000001
v -10.000000 11.000000 -1.000001
v -9.000000 11.000000 -1.000001
v -10.000000 12.000000 -1.000001
v -9.000000 12.000000 -1.000001
v -10.000000 12.888900 -1.000001
v -10.000000 12.888900 -2.000001
v -9.000000 12.884100 -1.000001
v -9.000000 12.888900 -2.000001
v -10.000000 0.000000 0.000000
v -10.000000 1.000000 -0.000000
v -9.000000 0.000000 0.000000
v -10.000000 2.000000 -0.000000
v -10.000000 3.000000 -0.000000
v -10.000000 4.000000 -0.000000
v -10.000000 5.000000 -0.000000
v -10.000000 6.000000 -0.000000
v -10.000000 7.000000 -0.000001
v -10.000000 7.000000 -1.000000
v -9.000000 7.000000 -1.000000
v -10.000000 8.000000 -0.000001
v -10.000000 8.000000 -1.000001
v -9.000000 8.000000 -1.000001
v -10.000000 9.000000 -0.000001
v -9.000000 9.000000 -0.000001
v -10.000000 10.000000 -0.000001
v -10.000000 11.000000 -0.000001
v -10.000000 12.000000 -0.000001
v -10.000000 12.888900 -0.000001
v -10.000000 12.888900 -1.000001
v -9.000000 12.885600 -0.000001
v -9.000000 12.884100 -1.000001
v -10.000000 0.000000 1.000000
v -10.000000 1.000000 1.000000
v -9.000000 0.000000 1.000000
v -10.000000 2.000000 1.000000
v -10.000000 3.000000 1.000000
v -10.000000 4.000000 1.000000
v -10.000000 5.000000 1.000000
v -10.000000 6.000000 1.000000
v -10.000000 7.000000 0.999999
v -10.000000 8.000000 0.999999
v -10.000000 9.000000 0.999999
v -10.000000 10.000000 0.999999
v -9.000000 10.000000 -0.000001
v -9.000000 10.000000 0.999999
v -10.000000 11.000000 0.999999
v -10.000000 12.000000 0.999999
v -10.000000 12.888900 0.999999
v -10.000000 12.888900 -0.000001
v -9.000000 12.888900 0.999999
v -9.000000 12.885600 -0.000001
v -10.000000 0.000000 2.000000
v -10.000000 1.000000 2.000000
v -9.000000 0.000000 2.000000
v -10.000000 2.000000 2.000000
v -10.000000 3.000000 2.000000
v -10.000000 4.000000 2.000000
v -10.000000 5.000000 2.000000
v -10.000000 6.000000 2.000000
v -10.000000 7.000000 2.000000
v -10.000000 8.000000 1.999999
v -10.000000 9.000000 1.999999
v -10.000000 10.000000 1.999999
v -10.000000 11.000000 1.999999
v -9.000000 11.000000 0.999999
v -10.000000 12.000000 1.999999
v -9.000000 12.000000 0.999999
v -9.000000 12.000000 1.999999
v -9.000000 11.000000 1.999999
v -10.000000 12.888900 1.999999
v -10.000000 12.888900 0.999999
v -9.000000 12.888900 1.999999
v -9.000000 12.888900 0.999999
v -10.000000 0.000000 3.000000
v -10.000000 1.000000 3.000000
v -9.000000 0.000000 3.000000
v -10.000000 2.000000 3.000000
v -10.000000 3.000000 3.000000
v -10.000000 4.000000 3.000000
v -10.000000 5.000000 3.000000
v -10.000000 6.000000 3.000000
v -10.000000 7.000000 3.000000
v -10.000000 8.000000 2.999999
v -10.000000 9.000000 2.999999
v -10.000000 10.000000 2.999999
v -10.000000 11.000000 2.999999
v -9.000000 11.000000 2.999999
v -9.000000 10.000000 2.999999
v -10.000000 12.000000 2.999999
v -10.000000 12.888900 2.999999
v -10.000000 12.888900 1.999999
v -9.000000 12.888900 2.999999
v -9.000000 12.888900 1.999999
v -10.000000 0.000000 4.000000
v -10.000000 1.000000 4.000000
v -9.000000 0.000000 4.000000
v -10.000000 2.000000 4.000000
v -10.000000 3.000000 4.000000
v -10.000000 4.000000 4.000000
v -10.000000 5.000000 4.000000
v -10.000000 6.000000 4.000000
v -10.000000 7.000000 4.000000
v -10.000000 8.000000 3.999999
v -10.000000 9.000000 3.999999
v -10.000000 10.000000 3.999999
v -9.000000 10.000000 3.999999
v -10.000000 11.000000 3.999999
v -10.000000 12.000000 3.999999
v -10.000000 12.888900 3.999999
v -10.000000 12.888900 2.999999
v -9.000000 12.888900 3.999999
v -9.000000 12.888900 2.999999
v -10.000000 0.000000 5.000000
v -10.000000 1.000000 5.000000
v -9.000000 0.000000 5.000000
v -10.000000 2.000000 5.000000
v -10.000000 3.000000 5.000000
v -10.000000 4.000000 5.000000
v -10.000000 5.000000 5.000000
v -10.000000 6.000000 5.000000
v -10.000000 7.000000 5.000000
v -10.000000 8.000000 5.000000
v -10.000000 9.000000 5.000000
v -10.000000 10.000000 4.999999
v -9.000000 10.000000 4.999999
v -9.000000 9.000000 5.000000
v -10.000000 11.000000 4.999999
v -10.000000 12.000000 4.999999
v -10.000000 12.888900 4.999999
v -10.000000 12.888900 3.999999
v -9.000000 12.888900 4.999999
v -9.000000 12.888900 3.999999
v -10.000000 0.000000 6.000000
v -10.000000 1.000000 6.000000
v -9.000000 0.000000 6.000000
v -10.000000 2.000000 6.000000
v -10.000000 3.000000 6.000000
v -10.000000 4.000000 6.000000
v -10.000000 5.000000 6.000000
v -10.000000 6.000000 6.000000
v -10.000000 7.000000 6.000000
v -10.000000 8.000000 6.000000
v -10.000000 9.000000 6.000000
v -9.000000 9.000000 6.000000
v -9.000000 8.000000 6.000000
v -10.000000 10.000000 5.999999
v -10.000000 11.000000 5.999999
v -10.000000 12.000000 5.999999
v -10.000000 12.888900 5.999999
v -10.000000 12.888900 4.999999
v -9.000000 12.888900 5.999999
v -9.000000 12.888900 4.999999
v -10.000000 0.000001 7.000000
v -10.000000 1.000000 7.000000
v -9.000000 0.000001 7.000000
v -10.000000 2.000000 7.000000
v -10.000000 3.000000 7.000000
v -10.000000 4.000000 7.000000
v -10.000000 5.000000 7.000000
v -10.000000 6.000000 7.000000
v -10.000000 7.000000 7.000000
v -9.000000 6.000000 7.000000
v -9.000000 7.000000 7.000000
v -10.000000 8.000001 7.000000
v -9.000000 8.000001 7.000000
v -10.000000 9.000001 7.000000
v -10.000000 10.000001 6.999999
v -10.000000 11.000001 6.999999
v -10.000000 12.000001 6.999999
v -10.000000 12.888901 6.999999
v -10.000000 12.888900 5.999999
v -9.000000 12.888901 6.999999
v -9.000000 12.888900 5.999999
v -10.000000 0.000001 8.000000
v -10.000000 1.000001 8.000000
v -9.000000 0.000001 8.000000
v -10.000000 2.000001 8.000000
v -10.000000 3.000001 8.000000
v -10.000000 4.000000 8.000000
v -10.000000 5.000000 8.000000
v -10.000000 6.000000 8.000000
v -9.000000 6.000000 8.000000
v -9.000000 5.000000 8.000000
v -10.000000 7.000000 8.000000
v -10.000000 8.000001 8.000000
v -10.000000 9.000001 8.000000
v -10.000000 10.000001 7.999999
v -10.000000 11.000001 7.999999
v -10.000000 12.000001 7.999999
v -10.000000 12.888901 7.999999
v -10.000000 12.888901 6.999999
v -9.000000 12.888901 7.999999
v -9.000000 12.888901 6.999999
v -10.000000 0.000001 9.000000
v -10.000000 1.000001 9.000000
v -9.000000 0.000001 9.000000
v -10.000000 2.000001 9.000000
v -10.000000 3.000001 9.000000
v -10.000000 4.000000 9.000000
v -10.000000 5.000000 9.000000
v -9.000000 5.000000 9.000000
v -10.000000 6.000000 9.000000
v -10.000000 7.000000 8.999999
v -10.000000 8.000001 8.999999
v -10.000000 9.000001 8.999999
v -10.000000 10.000001 8.999999
v -10.000000 11.000001 8.999999
v -10.000000 12.000001 8.999999
v -10.000000 12.888901 8.999999
v -10.000000 12.888901 7.999999
v -9.000000 12.888901 8.999999
v -9.000000 12.888901 7.999999
v -10.000000 0.000001 10.000000
v -10.000000 1.000001 10.000000
v -9.000000 0.000001 10.000000
v -10.000000 2.000001 10.000000
v -10.000000 3.000001 10.000000
v -10.000000 4.000001 10.000000
v -10.000000 5.000001 10.000000
v -9.000000 5.000001 10.000000
v -9.000000 4.000001 10.000000
v -10.000000 6.000001 10.000000
v -10.000000 7.000001 9.999999
v -10.000000 8.000001 9.999999
v -10.000000 9.000001 9.999999
v -10.000000 10.000001 9.999999
v -10.000000 11.000001 9.999999
v -10.000000 12.000001 9.999999
v -10.000000 12.888901 9.999999
v -10.000000 12.888901 8.999999
v -9.000000 12.888901 9.999999
v -9.000000 12.888901 8.999999
v -10.000000 0.000001 11.000000
v -10.000000 1.000001 11.000000
v -9.000000 0.000001 11.000000
v -9.000000 1.000001 11.000000
v -10.000000 2.000001 11.000000
v -9.000000 2.000001 11.000000
v -10.000000 3.000001 11.000000
v -9.000000 3.000001 11.000000
v -10.000000 4.000001 11.000000
v -9.000000 4.000001 11.000000
v -10.000000 5.000001 11.000000
v -9.000000 5.000001 11.000000
v -10.000000 6.000001 11.000000
v -9.000000 6.000001 11.000000
v -10.000000 7.000001 10.999999
v -9.000000 7.000001 10.999999
v -10.000000 8.000001 10.999999
v -9.000000 8.000001 10.999999
v -10.000000 9.000001 10.999999
v -9.000000 9.000001 10.999999
v -10.000000 10.000001 10.999999
v -9.000000 10.000001 10.999999
v -10.000000 11.000001 10.999999
v -9.000000 11.000001 10.999999
v -10.000000 12.000001 10.999999
v -9.000000 12.000001 10.999999
v -10.000000 12.888901 10.999999
v -10.000000 12.888901 9.999999
v -9.000000 12.888901 10.999999
v -9.000000 12.888901 9.999999
v -8.000000 -0.000001 -9.000000
v -8.000000 -0.000001 -10.000000
v -8.000000 0.999999 -10.000000
v -8.000000 1.999999 -10.000000
v -8.000000 2.999999 -10.000000
v -8.000000 3.999999 -10.000000
v -8.000000 4.999999 -10.000000
v -8.000000 5.999999 -10.000000
v -8.000000 6.999999 -10.000001
v -8.000000 7.999999 -10.000001
v -8.000000 8.999999 -10.000001
v -8.000000 9.999999 -10.000001
v -8.000000 10.999999 -10.000001
v -8.000000 11.999999 -10.000001
v -8.000000 12.999999 -10.000001
v -8.000000 13.999999 -10.000001
v -8.000000 13.999999 -9.000001
v -8.000000 14.999999 -9.000001
v -8.000000 14.999999 -10.000001
v -8.000000 15.999999 -10.000001
v -8.000000 17.000000 -10.000001
v -8.000000 15.999999 -9.000001
v -8.000000 17.000000 -9.000001
v -8.000000 18.000000 -10.000001
v -8.000000 18.000000 -9.000001
v -8.000000 19.000000 -10.000002
v -8.000000 19.000000 -9.000002
v -8.000000 -0.000001 -8.000000
v -8.000000 13.999999 -8.000001
v -8.000000 12.999999 -8.000001
v -8.000000 14.999999 -8.000001
v -8.000000 15.999999 -8.000001
v -8.000000 17.000000 -8.000001
v -8.000000 18.000000 -8.000001
v -8.000000 -0.000001 -7.000000
v -8.000000 12.999999 -7.000001
v -8.000000 14.999999 -7.000001
v -8.000000 15.999999 -7.000001
v -8.000000 17.000000 -7.000001
v -8.000000 19.000000 -8.000002
v -8.000000 18.000000 -7.000001
v -8.000000 19.000000 -7.000001
v -8.000000 20.000000 -7.000001
v -8.000000 20.000000 -8.000002
v -8.000000 21.000000 -8.000002
v -8.000000 21.000000 -7.000001
v -8.000000 -0.000000 -6.000000
v -8.000000 13.000000 -6.000001
v -8.000000 15.000000 -6.000001
v -8.000000 16.000000 -6.000001
v -8.000000 17.000000 -6.000001
v -8.000000 18.000000 -6.000001
v -8.000000 -0.000000 -5.000000
v -8.000000 13.000000 -5.000001
v -8.000000 15.000000 -5.000001
v -8.000000 16.000000 -5.000001
v -8.000000 17.000000 -5.000001
v -8.000000 18.000000 -5.000001
v -8.000000 -0.000000 -4.000000
v -8.000000 13.000000 -4.000001
v -8.000000 -0.000000 -3.000000
v -8.000000 6.000000 -3.000000
v -8.000000 7.000000 -3.000000
v -8.000000 8.000000 -3.000001
v -8.000000 9.000000 -3.000001
v -8.000000 13.000000 -3.000001
v -9.000000 20.000000 -4.000001
v -9.000000 20.000000 -3.000001
v -9.000000 21.000000 -3.000002
v -9.000000 21.000000 -4.000001
v -8.000000 20.000000 -3.000001
v -8.000000 20.000000 -4.000001
v -8.000000 21.000000 -4.000001
v -8.000000 21.000000 -3.000002
v -8.000000 -0.000000 -2.000000
v -8.000000 6.000000 -2.000000
v -8.000000 9.000000 -2.000001
v -8.000000 13.000000 -2.000001
v -9.000000 20.000000 -2.000001
v -9.000000 21.000000 -2.000002
v -8.000000 20.000000 -2.000001
v -8.000000 21.000000 -2.000002
v -8.000000 -0.000000 -1.000000
v -8.000000 6.000000 -1.000000
v -8.000000 9.000000 -1.000001
v -8.000000 10.000000 -1.000001
v -8.000000 11.000000 -1.000001
v -8.000000 12.000000 -1.000001
v -9.000000 13.000000 -1.000001
v -8.000000 13.000000 -1.000001
v -9.000000 20.000000 -1.000002
v -9.000000 21.000000 -1.000002
v -8.000000 20.000000 -1.000002
v -8.000000 21.000000 -1.000002
v -8.000000 0.000000 0.000000
v -8.000000 7.000000 -1.000000
v -8.000000 8.000000 -1.000001
v -8.000000 10.000000 -0.000001
v -8.000000 11.000000 -0.000001
v -8.000000 12.000000 -0.000001
v -8.000000 12.388900 -1.000001
v -8.000000 12.812000 -0.000001
v -9.000000 12.885600 -0.000001
v -9.000000 12.884100 -1.000001
v -9.000000 20.000000 -0.000002
v -9.000000 21.000000 -0.000002
v -8.000000 20.000000 -0.000002
v -8.000000 21.000000 -0.000002
v -8.000000 0.000000 1.000000
v -8.000000 7.000000 0.999999
v -8.000000 7.000000 -0.000001
v -8.000000 8.000000 -0.000001
v -8.000000 8.000000 0.999999
v -8.000000 10.000000 0.999999
v -9.000000 12.888900 0.999999
v -8.000000 12.888900 0.999999
v -8.000000 12.812000 -0.000001
v -9.000000 12.885600 -0.000001
v -9.000000 20.000000 0.999999
v -9.000000 21.000000 0.999998
v -8.000000 20.000000 0.999999
v -8.000000 21.000000 0.999998
v -8.000000 0.000000 2.000000
v -8.000000 11.000000 0.999999
v -8.000000 12.000000 0.999999
v -8.000000 12.000000 1.999999
v -9.000000 12.888900 1.999999
v -8.000000 12.888900 1.999999
v -8.000000 12.888900 0.999999
v -9.000000 12.888900 0.999999
v -8.000000 0.000000 3.000000
v -9.000000 12.000000 2.999999
v -8.000000 12.000000 2.999999
v -8.000000 11.000000 2.999999
v -9.000000 12.888900 2.999999
v -8.000000 12.888900 2.999999
v -8.000000 12.888900 1.999999
v -9.000000 12.888900 1.999999
v -8.000000 0.000000 4.000000
v -9.000000 11.000000 3.999999
v -8.000000 11.000000 3.999999
v -9.000000 12.888900 3.999999
v -8.000000 12.888900 3.999999
v -8.000000 12.888900 2.999999
v -9.000000 12.888900 2.999999
v -8.000000 0.000000 5.000000
v -9.000000 11.000000 4.999999
v -8.000000 11.000000 4.999999
v -8.000000 10.000000 4.999999
v -9.000000 12.888900 4.999999
v -8.000000 12.888900 4.999999
v -8.000000 12.888900 3.999999
v -9.000000 12.888900 3.999999
v -8.000000 0.000000 6.000000
v -9.000000 10.000000 5.999999
v -8.000000 10.000000 5.999999
v -8.000000 9.000000 6.000000
v -9.000000 12.888900 5.999999
v -8.000000 12.888900 5.999999
v -8.000000 12.888900 4.999999
v -9.000000 12.888900 4.999999
v -8.000000 0.000001 7.000000
v -9.000000 9.000001 7.000000
v -8.000000 9.000001 7.000000
v -8.000000 8.000001 7.000000
v -9.000000 12.888901 6.999999
v -8.000000 12.888901 6.999999
v -8.000000 12.888900 5.999999
v -9.000000 12.888900 5.999999
v -8.000000 0.000001 8.000000
v -9.000000 7.000000 8.000000
v -8.000000 6.000000 8.000000
v -8.000000 7.000000 8.000000
v -9.000000 8.000001 8.000000
v -8.000000 8.000001 8.000000
v -9.000000 12.888901 7.999999
v -8.000000 12.888901 7.999999
v -8.000000 12.888901 6.999999
v -9.000000 12.888901 6.999999
v -8.000000 0.000001 9.000000
v -9.000000 6.000000 9.000000
v -8.000000 6.000000 9.000000
v -9.000000 12.888901 8.999999
v -8.000000 12.888901 8.999999
v -8.000000 12.888901 7.999999
v -9.000000 12.888901 7.999999
v -8.000000 0.000001 10.000000
v -9.000000 6.000001 10.000000
v -8.000000 6.000001 10.000000
v -8.000000 5.000001 10.000000
v -9.000000 12.888901 9.999999
v -8.000000 12.888901 9.999999
v -8.000000 12.888901 8.999999
v -9.000000 12.888901 8.999999
v -8.000000 0.000001 11.000000
v -8.000000 1.000001 11.000000
v -8.000000 2.000001 11.000000
v -8.000000 3.000001 11.000000
v -8.000000 4.000001 11.000000
v -8.000000 5.000001 11.000000
v -8.000000 6.000001 11.000000
v -8.000000 7.000001 10.999999
v -8.000000 8.000001 10.999999
v -8.000000 9.000001 10.999999
v -8.000000 10.000001 10.999999
v -8.000000 11.000001 10.999999
v -8.000000 12.000001 10.999999
v -9.000000 12.888901 10.999999
v -8.000000 12.888901 10.999999
v -8.000000 12.888901 9.999999
v -9.000000 12.888901 9.999999
v -7.000000 -0.000001 -9.000000
v -7.000000 -0.000001 -10.000000
v -7.000000 0.999999 -10.000000
v -7.000000 1.999999 -10.000000
v -7.000000 2.999999 -10.000000
v -7.000000 3.999999 -10.000000
v -7.000000 4.999999 -10.000000
v -7.000000 5.999999 -10.000000
v -7.000000 6.999999 -10.000001
v -7.000000 7.999999 -10.000001
v -7.000000 8.999999 -10.000001
v -7.000000 9.999999 -10.000001
v -7.000000 10.999999 -10.000001
v -7.000000 11.999999 -10.000001
v -7.000000 12.999999 -10.000001
v -7.000000 13.999999 -10.000001
v -7.000000 13.999999 -9.000001
v -7.000000 14.999999 -9.000001
v -7.000000 14.999999 -10.000001
v -7.000000 15.999999 -10.000001
v -7.000000 15.999999 -9.000001
v -7.000000 -0.000001 -8.000000
v -7.000000 13.999999 -8.000001
v -7.000000 12.999999 -8.000001
v -7.000000 14.999999 -8.000001
v -7.000000 15.999999 -8.000001
v -7.000000 17.000000 -8.000001
v -7.000000 17.000000 -9.000001
v -7.000000 18.000000 -9.000001
v -7.000000 18.000000 -8.000001
v -7.000000 -0.000001 -7.000000
v -7.000000 12.999999 -7.000001
v -7.000000 14.999999 -7.000001
v -7.000000 15.999999 -7.000001
v -7.000000 17.000000 -7.000001
v -7.000000 18.000000 -7.000001
v -7.000000 -0.000000 -6.000000
v -7.000000 13.000000 -6.000001
v -7.000000 15.000000 -6.000001
v -7.000000 16.000000 -6.000001
v -7.000000 17.000000 -6.000001
v -7.000000 18.000000 -6.000001
v -7.000000 -0.000000 -5.000000
v -7.000000 13.000000 -5.000001
v -7.000000 -0.000000 -4.000000
v -7.000000 13.000000 -4.000001
v -8.000000 20.000000 -5.000001
v -8.000000 21.000000 -5.000001
v -7.000000 20.000000 -4.000001
v -7.000000 20.000000 -5.000001
v -7.000000 21.000000 -5.000001
v -7.000000 21.000000 -4.000001
v -7.000000 -0.000000 -3.000000
v -7.000000 6.000000 -3.000000
v -7.000000 7.000000 -3.000000
v -7.000000 8.000000 -3.000001
v -7.000000 9.000000 -3.000001
v -7.000000 13.000000 -3.000001
v -7.000000 20.000000 -3.000001
v -7.000000 21.000000 -3.000002
v -7.000000 -0.000000 -2.000000
v -7.000000 6.000000 -2.000000
v -7.000000 9.000000 -2.000001
v -7.000000 13.000000 -2.000001
v -8.000000 19.000000 -3.000001
v -8.000000 19.000000 -2.000001
v -7.000000 19.000000 -2.000001
v -7.000000 19.000000 -3.000001
v -8.000000 22.000000 -2.000002
v -8.000000 22.000000 -3.000002
v -7.000000 22.000000 -3.000002
v -7.000000 22.000000 -2.000002
v -7.000000 -0.000000 -1.000000
v -7.000000 6.000000 -1.000000
v -7.000000 9.000000 -1.000001
v -7.000000 10.000000 -1.000001
v -7.000000 11.000000 -1.000001
v -7.000000 12.000000 -1.000001
v -7.000000 13.000000 -1.000001
v -8.000000 19.000000 -1.000001
v -7.000000 19.000000 -1.000001
v -8.000000 22.000000 -1.000002
v -7.000000 22.000000 -1.000002
v -7.000000 0.000000 0.000000
v -7.000000 7.000000 -1.000000
v -7.000000 6.000000 -0.000000
v -7.000000 7.000000 -0.000001
v -7.000000 8.000000 -1.000001
v -7.000000 8.000000 -0.000001
v -7.000000 9.000000 -0.000001
v -7.000000 10.000000 -0.000001
v -8.000000 19.000000 -0.000001
v -7.000000 19.000000 -0.000001
v -7.000000 20.000000 -0.000002
v -8.000000 22.000000 -0.000002
v -7.000000 22.000000 -0.000002
v -7.000000 21.000000 -0.000002
v -7.000000 0.000000 1.000000
v -7.000000 7.000000 0.999999
v -7.000000 8.000000 0.999999
v -7.000000 11.000000 -0.000001
v -7.000000 12.000000 -0.000001
v -8.000000 13.000000 0.999999
v -8.000000 13.000000 -0.000001
v -7.000000 13.000000 -0.000001
v -7.000000 13.000000 0.999999
v -7.000000 20.000000 0.999999
v -7.000000 21.000000 0.999998
v -7.000000 0.000000 2.000000
v -8.000000 13.000000 1.999999
v -7.000000 13.000000 1.999999
v -7.000000 12.000000 1.999999
v -8.000000 20.000000 1.999998
v -8.000000 21.000000 1.999998
v -7.000000 20.000000 1.999998
v -7.000000 21.000000 1.999998
v -7.000000 0.000000 3.000000
v -7.000000 12.000000 2.999999
v -8.000000 12.888900 2.999999
v -7.000000 12.888900 2.999999
v -7.000000 12.888900 1.999999
v -8.000000 12.888900 1.999999
v -7.000000 0.000000 4.000000
v -8.000000 12.000000 3.999999
v -7.000000 12.000000 3.999999
v -8.000000 12.888900 3.999999
v -7.000000 12.888900 3.999999
v -7.000000 12.888900 2.999999
v -8.000000 12.888900 2.999999
v -7.000000 0.000000 5.000000
v -8.000000 12.000000 4.999999
v -7.000000 12.000000 4.999999
v -7.000000 11.000000 4.999999
v -8.000000 12.888900 4.999999
v -7.000000 12.888900 4.999999
v -7.000000 12.888900 3.999999
v -8.000000 12.888900 3.999999
v -7.000000 0.000000 6.000000
v -8.000000 11.000000 5.999999
v -7.000000 11.000000 5.999999
v -7.000000 10.000000 5.999999
v -8.000000 12.888900 5.999999
v -7.000000 12.888900 5.999999
v -7.000000 12.888900 4.999999
v -8.000000 12.888900 4.999999
v -7.000000 0.000001 7.000000
v -8.000000 10.000001 6.999999
v -7.000000 10.000001 6.999999
v -7.000000 9.000001 7.000000
v -8.000000 12.888901 6.999999
v -7.000000 12.888901 6.999999
v -7.000000 12.888900 5.999999
v -8.000000 12.888900 5.999999
v -7.000000 0.000001 8.000000
v -8.000000 9.000001 8.000000
v -7.000000 9.000001 8.000000
v -7.000000 8.000001 8.000000
v -8.000000 12.888901 7.999999
v -7.000000 12.888901 7.999999
v -7.000000 12.888901 6.999999
v -8.000000 12.888901 6.999999
v -7.000000 0.000001 9.000000
v -8.000000 7.000000 8.999999
v -7.000000 6.000000 9.000000
v -7.000000 7.000000 8.999999
v -8.000000 8.000001 8.999999
v -7.000000 8.000001 8.999999
v -8.000000 12.888901 8.999999
v -7.000000 12.888901 8.999999
v -7.000000 12.888901 7.999999
v -8.000000 12.888901 7.999999
v -7.000000 0.000001 10.000000
v -7.000000 6.000001 10.000000
v -7.000000 5.000001 10.000000
v -8.000000 12.888901 9.999999
v -7.000000 12.888901 9.999999
v -7.000000 12.888901 8.999999
v -8.000000 12.888901 8.999999
v -7.000000 0.000001 11.000000
v -7.000000 1.000001 11.000000
v -7.000000 2.000001 11.000000
v -7.000000 3.000001 11.000000
v -7.000000 4.000001 11.000000
v -7.000000 5.000001 11.000000
v -7.000000 6.000001 11.000000
v -7.000000 7.000001 10.999999
v -7.000000 8.000001 10.999999
v -7.000000 9.000001 10.999999
v -7.000000 10.000001 10.999999
v -7.000000 11.000001 10.999999
v -7.000000 12.000001 10.999999
v -8.000000 12.888901 10.999999
v -7.000000 12.888901 10.999999
v -7.000000 12.888901 9.999999
v -8.000000 12.888901 9.999999
v -6.000000 -0.000001 -9.000000
v -6.000000 -0.000001 -10.000000
v -6.000000 0.999999 -10.000000
v -6.000000 1.999999 -10.000000
v -6.000000 2.999999 -10.000000
v -6.000000 3.999999 -10.000000
v -6.000000 4.999999 -10.000000
v -6.000000 5.999999 -10.000000
v -6.000000 6.999999 -10.000001
v -6.000000 7.999999 -10.000001
v -6.000000 8.999999 -10.000001
v -6.000000 9.999999 -10.000001
v -6.000000 10.999999 -10.000001
v -6.000000 11.999999 -10.000001
v -6.000000 12.999999 -10.000001
v -6.000000 13.999999 -10.000001
v -6.000000 13.999999 -9.000001
v -6.000000 14.999999 -9.000001
v -6.000000 14.999999 -10.000001
v -6.000000 15.999999 -10.000001
v -6.000000 15.999999 -9.000001
v -6.000000 -0.000001 -8.000000
v -6.000000 13.999999 -8.000001
v -6.000000 12.999999 -8.000001
v -6.000000 -0.000001 -7.000000
v -6.000000 12.999999 -7.000001
v -6.000000 -0.000000 -6.000000
v -6.000000 13.000000 -6.000001
v -6.000000 -0.000000 -5.000000
v -6.000000 13.000000 -5.000001
v -6.000000 -0.000000 -4.000000
v -6.000000 13.000000 -4.000001
v -6.000000 20.000000 -4.000001
v -6.000000 20.000000 -5.000001
v -6.000000 21.000000 -5.000001
v -6.000000 21.000000 -4.000001
v -6.000000 -0.000000 -3.000000
v -6.000000 6.000000 -3.000000
v -6.000000 7.000000 -3.000000
v -6.000000 7.000000 -4.000000
v -6.000000 8.000000 -4.000000
v -6.000000 8.000000 -3.000001
v -6.000000 9.000000 -4.000000
v -6.000000 9.000000 -3.000001
v -6.000000 13.000000 -3.000001
v -7.000000 19.000000 -4.000001
v -6.000000 19.000000 -3.000001
v -6.000000 19.000000 -4.000001
v -7.000000 22.000000 -4.000001
v -6.000000 22.000000 -4.000001
v -6.000000 22.000000 -3.000002
v -6.000000 -0.000000 -2.000000
v -6.000000 6.000000 -2.000000
v -6.000000 9.000000 -2.000001
v -6.000000 10.000000 -3.000001
v -6.000000 10.000000 -2.000001
v -6.000000 13.000000 -2.000001
v -6.000000 19.000000 -2.000001
v -6.000000 22.000000 -2.000002
v -6.000000 -0.000000 -1.000000
v -6.000000 6.000000 -1.000000
v -6.000000 9.000000 -1.000001
v -6.000000 10.000000 -1.000001
v -6.000000 13.000000 -1.000001
v -6.000000 19.000000 -1.000001
v -7.000000 23.000000 -1.000002
v -7.000000 23.000000 -2.000002
v -6.000000 23.000000 -2.000002
v -6.000000 23.000000 -1.000002
v -6.000000 22.000000 -1.000002
v -6.000000 0.000000 0.000000
v -6.000000 6.000000 -0.000000
v -6.000000 9.000000 -0.000001
v -6.000000 13.000000 -0.000001
v -6.000000 19.000000 -0.000001
v -6.000000 22.000000 -0.000002
v -6.000000 0.000000 1.000000
v -6.000000 7.000000 -0.000001
v -6.000000 7.000000 0.999999
v -6.000000 8.000000 0.999999
v -6.000000 8.000000 -0.000001
v -6.000000 13.000000 0.999999
v -7.000000 19.000000 0.999999
v -6.000000 19.000000 0.999999
v -6.000000 20.000000 0.999999
v -7.000000 22.000000 0.999998
v -6.000000 22.000000 0.999998
v -6.000000 21.000000 0.999998
v -6.000000 0.000000 2.000000
v -6.000000 13.000000 1.999999
v -6.000000 12.000000 1.999999
v -6.000000 20.000000 1.999998
v -6.000000 21.000000 1.999998
v -6.000000 0.000000 3.000000
v -6.000000 12.000000 2.999999
v -7.000000 12.888900 2.999999
v -6.000000 12.888900 2.999999
v -6.000000 12.888900 1.999999
v -7.000000 12.888900 1.999999
v -6.000000 0.000000 4.000000
v -6.000000 12.000000 3.999999
v -7.000000 12.888900 3.999999
v -6.000000 12.888900 3.999999
v -6.000000 12.888900 2.999999
v -7.000000 12.888900 2.999999
v -6.000000 0.000000 5.000000
v -6.000000 12.000000 4.999999
v -6.000000 11.000000 4.999999
v -7.000000 12.888900 4.999999
v -6.000000 12.888900 4.999999
v -6.000000 12.888900 3.999999
v -7.000000 12.888900 3.999999
v -6.000000 0.000000 6.000000
v -6.000000 11.000000 5.999999
v -7.000000 12.888900 5.999999
v -6.000000 12.888900 5.999999
v -6.000000 12.888900 4.999999
v -7.000000 12.888900 4.999999
v -6.000000 0.000001 7.000000
v -7.000000 11.000001 6.999999
v -6.000000 11.000001 6.999999
v -6.000000 10.000001 6.999999
v -7.000000 12.888901 6.999999
v -6.000000 12.888901 6.999999
v -6.000000 12.888900 5.999999
v -7.000000 12.888900 5.999999
v -6.000000 0.000001 8.000000
v -7.000000 10.000001 7.999999
v -6.000000 10.000001 7.999999
v -6.000000 9.000001 8.000000
v -7.000000 12.888901 7.999999
v -6.000000 12.888901 7.999999
v -6.000000 12.888901 6.999999
v -7.000000 12.888901 6.999999
v -6.000000 0.000001 9.000000
v -6.000000 7.000000 8.999999
v -6.000000 8.000001 8.999999
v -7.000000 9.000001 8.999999
v -6.000000 9.000001 8.999999
v -7.000000 12.888901 8.999999
v -6.000000 12.888901 8.999999
v -6.000000 12.888901 7.999999
v -7.000000 12.888901 7.999999
v -6.000000 0.000001 10.000000
v -7.000000 7.000001 9.999999
v -6.000000 7.000001 9.999999
v -6.000000 6.000001 10.000000
v -7.000000 12.888901 9.999999
v -6.000000 12.888901 9.999999
v -6.000000 12.888901 8.999999
v -7.000000 12.888901 8.999999
v -6.000000 0.000001 11.000000
v -6.000000 1.000001 11.000000
v -6.000000 2.000001 11.000000
v -6.000000 3.000001 11.000000
v -6.000000 4.000001 11.000000
v -6.000000 5.000001 11.000000
v -6.000000 6.000001 11.000000
v -6.000000 7.000001 10.999999
v -6.000000 8.000001 10.999999
v -6.000000 9.000001 10.999999
v -6.000000 10.000001 10.999999
v -6.000000 11.000001 10.999999
v -6.000000 12.000001 10.999999
v -7.000000 12.888901 10.999999
v -6.000000 12.888901 10.999999
v -6.000000 12.888901 9.999999
v -7.000000 12.888901 9.999999
v -5.000000 -0.000001 -9.000000
v -5.000000 -0.000001 -10.000000
v -5.000000 0.999999 -10.000000
v -5.000000 1.999999 -10.000000
v -5.000000 2.999999 -10.000000
v -5.000000 3.999999 -10.000000
v -5.000000 4.999999 -10.000000
v -5.000000 5.999999 -10.000000
v -5.000000 6.999999 -10.000001
v -5.000000 7.999999 -10.000001
v -5.000000 8.999999 -10.000001
v -5.000000 9.999999 -10.000001
v -5.000000 10.999999 -10.000001
v -5.000000 11.999999 -10.000001
v -5.000000 12.999999 -10.000001
v -5.000000 13.999999 -10.000001
v -5.000000 13.999999 -9.000001
v -5.000000 -0.000001 -8.000000
v -5.000000 13.999999 -8.000001
v -5.000000 12.999999 -8.000001
v -5.000000 -0.000001 -7.000000
v -5.000000 12.999999 -7.000001
v -5.000000 -0.000000 -6.000000
v -5.000000 13.000000 -6.000001
v -5.000000 -0.000000 -5.000000
v -5.000000 13.000000 -5.000001
v -5.000000 -0.000000 -4.000000
v -5.000000 7.000000 -4.000000
v -5.000000 8.000000 -4.000000
v -5.000000 9.000000 -4.000000
v -5.000000 13.000000 -4.000001
v -5.000000 20.000000 -4.000001
v -5.000000 20.000000 -5.000001
v -5.000000 21.000000 -5.000001
v -5.000000 21.000000 -4.000001
v -5.000000 -0.000000 -3.000000
v -5.000000 7.000000 -3.000000
v -5.000000 6.000000 -3.000000
v -5.000000 9.000000 -3.000001
v -5.000000 10.000000 -3.000001
v -5.000000 13.000000 -3.000001
v -5.000000 19.000000 -3.000001
v -5.000000 19.000000 -4.000001
v -5.000000 22.000000 -4.000001
v -5.000000 22.000000 -3.000002
v -5.000000 -0.000000 -2.000000
v -5.000000 6.000000 -2.000000
v -5.000000 10.000000 -2.000001
v -5.000000 13.000000 -2.000001
v -6.000000 17.000000 -3.000001
v -6.000000 17.000000 -2.000001
v -6.000000 18.000000 -2.000001
v -6.000000 18.000000 -3.000001
v -5.000000 17.000000 -2.000001
v -5.000000 17.000000 -3.000001
v -5.000000 18.000000 -3.000001
v -6.000000 23.000000 -3.000002
v -5.000000 23.000000 -3.000002
v -5.000000 22.000000 -2.000002
v -5.000000 23.000000 -2.000002
v -5.000000 -0.000000 -1.000000
v -5.000000 6.000000 -1.000000
v -5.000000 10.000000 -1.000001
v -6.000000 14.000000 -1.000001
v -6.000000 14.000000 -2.000001
v -5.000000 14.000000 -2.000001
v -5.000000 13.000000 -1.000001
v -5.000000 14.000000 -1.000001
v -6.000000 15.000000 -1.000001
v -6.000000 15.000000 -2.000001
v -5.000000 15.000000 -2.000001
v -5.000000 15.000000 -1.000001
v -6.000000 16.000000 -1.000001
v -6.000000 16.000000 -2.000001
v -5.000000 16.000000 -2.000001
v -5.000000 16.000000 -1.000001
v -6.000000 17.000000 -1.000001
v -5.000000 17.000000 -1.000001
v -6.000000 18.000000 -1.000001
v -5.000000 18.000000 -1.000001
v -5.000000 19.000000 -1.000001
v -6.000000 24.000000 -1.000002
v -6.000000 24.000000 -2.000002
v -5.000000 24.000000 -2.000002
v -5.000000 23.000000 -1.000002
v -5.000000 24.000000 -1.000002
v -5.000000 0.000000 0.000000
v -5.000000 6.000000 -0.000000
v -5.000000 9.000000 -0.000001
v -5.000000 9.000000 -1.000001
v -5.000000 13.000000 -0.000001
v -5.000000 19.000000 -0.000001
v -6.000000 23.000000 -0.000002
v -5.000000 22.000000 -0.000002
v -5.000000 22.000000 -1.000002
v -5.000000 23.000000 -0.000002
v -5.000000 0.000000 1.000000
v -5.000000 7.000000 -0.000001
v -5.000000 8.000000 -0.000001
v -5.000000 13.000000 0.999999
v -5.000000 19.000000 0.999999
v -5.000000 20.000000 0.999999
v -5.000000 22.000000 0.999998
v -5.000000 21.000000 0.999998
v -5.000000 0.000000 2.000000
v -5.000000 13.000000 1.999999
v -5.000000 12.000000 1.999999
v -5.000000 20.000000 1.999998
v -5.000000 21.000000 1.999998
v -5.000000 0.000000 3.000000
v -5.000000 12.000000 2.999999
v -6.000000 12.888900 2.999999
v -5.000000 12.888900 2.999999
v -5.000000 12.888900 1.999999
v -6.000000 12.888900 1.999999
v -5.000000 0.000000 4.000000
v -5.000000 12.000000 3.999999
v -6.000000 12.888900 3.999999
v -5.000000 12.888900 3.999999
v -5.000000 12.888900 2.999999
v -6.000000 12.888900 2.999999
v -5.000000 0.000000 5.000000
v -5.000000 12.000000 4.999999
v -5.000000 11.000000 4.999999
v -6.000000 12.888900 4.999999
v -5.000000 12.888900 4.999999
v -5.000000 12.888900 3.999999
v -6.000000 12.888900 3.999999
v -5.000000 0.000000 6.000000
v -5.000000 11.000000 5.999999
v -6.000000 12.888900 5.999999
v -5.000000 12.888900 5.999999
v -5.000000 12.888900 4.999999
v -6.000000 12.888900 4.999999
v -5.000000 0.000001 7.000000
v -5.000000 11.000001 6.999999
v -5.000000 10.000001 6.999999
v -6.000000 12.888901 6.999999
v -5.000000 12.888901 6.999999
v -5.000000 12.888900 5.999999
v -6.000000 12.888900 5.999999
v -5.000000 0.000001 8.000000
v -5.000000 10.000001 7.999999
v -6.000000 12.888901 7.999999
v -5.000000 12.888901 7.999999
v -5.000000 12.888901 6.999999
v -6.000000 12.888901 6.999999
v -5.000000 0.000001 9.000000
v -5.000000 8.000001 8.999999
v -5.000000 9.000001 8.999999
v -6.000000 10.000001 8.999999
v -5.000000 10.000001 8.999999
v -6.000000 12.888901 8.999999
v -5.000000 12.888901 8.999999
v -5.000000 12.888901 7.999999
v -6.000000 12.888901 7.999999
v -5.000000 0.000001 10.000000
v -6.000000 8.000001 9.999999
v -5.000000 8.000001 9.999999
v -5.000000 7.000001 9.999999
v -6.000000 12.888901 9.999999
v -5.000000 12.888901 9.999999
v -5.000000 12.888901 8.999999
v -6.000000 12.888901 8.999999
v -5.000000 0.000001 11.000000
v -5.000000 1.000001 11.000000
v -5.000000 2.000001 11.000000
v -5.000000 3.000001 11.000000
v -5.000000 4.000001 11.000000
v -5.000000 5.000001 11.000000
v -5.000000 6.000001 11.000000
v -5.000000 7.000001 10.999999
v -5.000000 8.000001 10.999999
v -5.000000 9.000001 10.999999
v -5.000000 10.000001 10.999999
v -5.000000 11.000001 10.999999
v -5.000000 12.000001 10.999999
v -6.000000 12.888901 10.999999
v -5.000000 12.888901 10.999999
v -5.000000 12.888901 9.999999
v -6.000000 12.888901 9.999999
v -4.000000 -0.000001 -9.000000
v -4.000000 -0.000001 -10.000000
v -4.000000 0.999999 -10.000000
v -4.000000 1.999999 -10.000000
v -4.000000 2.999999 -10.000000
v -4.000000 3.999999 -10.000000
v -4.000000 4.999999 -10.000000
v -4.000000 5.999999 -10.000000
v -4.000000 6.999999 -10.000001
v -4.000000 7.999999 -10.000001
v -4.000000 8.999999 -10.000001
v -4.000000 9.999999 -10.000001
v -4.000000 10.999999 -10.000001
v -4.000000 11.999999 -10.000001
v -4.000000 12.999999 -10.000001
v -4.000000 13.999999 -10.000001
v -4.000000 13.999999 -9.000001
v -4.000000 -0.000001 -8.000000
v -4.000000 13.999999 -8.000001
v -4.000000 -0.000001 -7.000000
v -5.000000 13.999999 -7.000001
v -4.000000 13.999999 -7.000001
v -4.000000 12.999999 -7.000001
v -4.000000 -0.000000 -6.000000
v -4.000000 13.000000 -6.000001
v -4.000000 -0.000000 -5.000000
v -4.000000 13.000000 -5.000001
v -4.000000 -0.000000 -4.000000
v -4.000000 7.000000 -4.000000
v -4.000000 7.000000 -5.000000
v -4.000000 8.000000 -5.000000
v -4.000000 8.000000 -4.000000
v -4.000000 9.000000 -5.000000
v -4.000000 9.000000 -4.000000
v -4.000000 13.000000 -4.000001
v -4.000000 20.000000 -4.000001
v -4.000000 20.000000 -5.000001
v -4.000000 21.000000 -5.000001
v -4.000000 21.000000 -4.000001
v -4.000000 -0.000000 -3.000000
v -4.000000 7.000000 -3.000000
v -4.000000 6.000000 -3.000000
v -4.000000 9.000000 -3.000001
v -4.000000 10.000000 -4.000001
v -4.000000 10.000000 -3.000001
v -4.000000 13.000000 -3.000001
v -5.000000 17.000000 -4.000001
v -5.000000 18.000000 -4.000001
v -4.000000 17.000000 -3.000001
v -4.000000 17.000000 -4.000001
v -4.000000 18.000000 -4.000001
v -4.000000 18.000000 -3.000001
v -4.000000 19.000000 -4.000001
v -4.000000 19.000000 -3.000001
v -4.000000 20.000000 -3.000001
v -4.000000 22.000000 -4.000001
v -4.000000 21.000000 -3.000002
v -4.000000 22.000000 -3.000002
v -4.000000 -0.000000 -2.000000
v -4.000000 6.000000 -2.000000
v -4.000000 10.000000 -2.000001
v -5.000000 14.000000 -3.000001
v -4.000000 14.000000 -3.000001
v -4.000000 13.000000 -2.000001
v -4.000000 14.000000 -2.000001
v -5.000000 15.000000 -3.000001
v -4.000000 15.000000 -3.000001
v -4.000000 15.000000 -2.000001
v -5.000000 16.000000 -3.000001
v -4.000000 16.000000 -3.000001
v -4.000000 16.000000 -2.000001
v -4.000000 17.000000 -2.000001
v -4.000000 22.000000 -2.000002
v -4.000000 -0.000000 -1.000000
v -4.000000 6.000000 -1.000000
v -4.000000 10.000000 -1.000001
v -4.000000 13.000000 -1.000001
v -4.000000 17.000000 -1.000001
v -4.000000 18.000000 -2.000001
v -4.000000 18.000000 -1.000001
v -4.000000 19.000000 -2.000001
v -4.000000 19.000000 -1.000001
v -4.000000 23.000000 -2.000002
v -4.000000 22.000000 -1.000002
v -4.000000 23.000000 -1.000002
v -4.000000 0.000000 0.000000
v -4.000000 6.000000 -0.000000
v -4.000000 9.000000 -0.000001
v -4.000000 9.000000 -1.000001
v -4.000000 13.000000 -0.000001
v -4.000000 19.000000 -0.000001
v -4.000000 22.000000 -0.000002
v -4.000000 0.000000 1.000000
v -4.000000 7.000000 -0.000001
v -4.000000 8.000000 -0.000001
v -4.000000 13.000000 0.999999
v -4.000000 19.000000 0.999999
v -4.000000 20.000000 -0.000002
v -4.000000 20.000000 0.999999
v -4.000000 21.000000 0.999998
v -4.000000 21.000000 -0.000002
v -4.000000 22.000000 0.999998
v -4.000000 0.000000 2.000000
v -4.000000 5.000000 2.000000
v -4.000000 5.000000 1.000000
v -4.000000 6.000000 1.000000
v -4.000000 6.000000 2.000000
v -4.000000 7.000000 0.999999
v -4.000000 7.000000 2.000000
v -4.000000 13.000000 1.999999
v -4.000000 12.000000 1.999999
v -4.000000 20.000000 1.999998
v -4.000000 21.000000 1.999998
v -4.000000 0.000000 3.000000
v -4.000000 5.000000 3.000000
v -4.000000 6.000000 3.000000
v -4.000000 7.000000 3.000000
v -4.000000 12.000000 2.999999
v -5.000000 12.888900 2.999999
v -4.000000 12.888900 2.999999
v -4.000000 12.888900 1.999999
v -5.000000 12.888900 1.999999
v -4.000000 0.000000 4.000000
v -4.000000 12.000000 3.999999
v -5.000000 12.888900 3.999999
v -4.000000 12.888900 3.999999
v -4.000000 12.888900 2.999999
v -5.000000 12.888900 2.999999
v -4.000000 0.000000 5.000000
v -4.000000 12.000000 4.999999
v -5.000000 12.888900 4.999999
v -4.000000 12.888900 4.999999
v -4.000000 12.888900 3.999999
v -5.000000 12.888900 3.999999
v -4.000000 0.000000 6.000000
v -5.000000 12.000000 5.999999
v -4.000000 12.000000 5.999999
v -4.000000 11.000000 5.999999
v -5.000000 12.888900 5.999999
v -4.000000 12.888900 5.999999
v -4.000000 12.888900 4.999999
v -5.000000 12.888900 4.999999
v -4.000000 0.000001 7.000000
v -4.000000 11.000001 6.999999
v -5.000000 12.888901 6.999999
v -4.000000 12.888901 6.999999
v -4.000000 12.888900 5.999999
v -5.000000 12.888900 5.999999
v -4.000000 0.000001 8.000000
v -5.000000 11.000001 7.999999
v -4.000000 11.000001 7.999999
v -4.000000 10.000001 7.999999
v -5.000000 12.888901 7.999999
v -4.000000 12.888901 7.999999
v -4.000000 12.888901 6.999999
v -5.000000 12.888901 6.999999
v -4.000000 0.000001 9.000000
v -4.000000 10.000001 8.999999
v -4.000000 9.000001 8.999999
v -5.000000 12.888901 8.999999
v -4.000000 12.888901 8.999999
v -4.000000 12.888901 7.999999
v -5.000000 12.888901 7.999999
v -4.000000 0.000001 10.000000
v -5.000000 9.000001 9.999999
v -4.000000 9.000001 9.999999
v -4.000000 8.000001 9.999999
v -5.000000 12.888901 9.999999
v -4.000000 12.888901 9.999999
v -4.000000 12.888901 8.999999
v -5.000000 12.888901 8.999999
v -4.000000 0.000001 11.000000
v -4.000000 1.000001 11.000000
v -4.000000 2.000001 11.000000
v -4.000000 3.000001 11.000000
v -4.000000 4.000001 11.000000
v -4.000000 5.000001 11.000000
v -4.000000 6.000001 11.000000
v -4.000000 7.000001 10.999999
v -4.000000 8.000001 10.999999
v -4.000000 9.000001 10.999999
v -4.000000 10.000001 10.999999
v -4.000000 11.000001 10.999999
v -4.000000 12.000001 10.999999
v -5.000000 12.888901 10.999999
v -4.000000 12.888901 10.999999
v -4.000000 12.888901 9.999999
v -5.000000 12.888901 9.999999
v -3.000000 -0.000001 -9.000000
v -3.000000 -0.000001 -10.000000
v -3.000000 0.999999 -10.000000
v -3.000000 1.999999 -10.000000
v -3.000000 2.999999 -10.000000
v -3.000000 3.999999 -10.000000
v -3.000000 4.999999 -10.000000
v -3.000000 5.999999 -10.000000
v -3.000000 6.999999 -10.000001
v -3.000000 7.999999 -10.000001
v -3.000000 8.999999 -10.000001
v -3.000000 9.999999 -10.000001
v -3.000000 10.999999 -10.000001
v -3.000000 11.999999 -10.000001
v -3.000000 12.999999 -10.000001
v -3.000000 13.999999 -10.000001
v -3.000000 13.999999 -9.000001
v -3.000000 -0.000001 -8.000000
v -3.000000 13.999999 -8.000001
v -3.000000 -0.000001 -7.000000
v -3.000000 13.999999 -7.000001
v -3.000000 12.999999 -7.000001
v -3.000000 -0.000000 -6.000000
v -3.000000 13.000000 -6.000001
v -3.000000 -0.000000 -5.000000
v -3.000000 7.000000 -5.000000
v -3.000000 8.000000 -5.000000
v -3.000000 9.000000 -5.000000
v -3.000000 13.000000 -5.000001
v -3.000000 -0.000000 -4.000000
v -3.000000 6.000000 -4.000000
v -3.000000 6.000000 -5.000000
v -3.000000 7.000000 -4.000000
v -3.000000 9.000000 -4.000000
v -3.000000 10.000000 -4.000001
v -3.000000 13.000000 -4.000001
v -3.000000 20.000000 -4.000001
v -3.000000 20.000000 -5.000001
v -3.000000 21.000000 -5.000001
v -3.000000 21.000000 -4.000001
v -3.000000 -0.000000 -3.000000
v -3.000000 6.000000 -3.000000
v -3.000000 7.000000 -3.000000
v -3.000000 10.000000 -3.000001
v -3.000000 13.000000 -3.000001
v -3.000000 20.000000 -3.000001
v -3.000000 21.000000 -3.000002
v -3.000000 -0.000000 -2.000000
v -3.000000 6.000000 -2.000000
v -3.000000 10.000000 -2.000001
v -3.000000 13.000000 -2.000001
v -3.000000 17.000000 -2.000001
v -3.000000 17.000000 -3.000001
v -3.000000 18.000000 -3.000001
v -3.000000 18.000000 -2.000001
v -3.000000 19.000000 -3.000001
v -3.000000 19.000000 -2.000001
v -3.000000 20.000000 -2.000001
v -3.000000 22.000000 -3.000002
v -3.000000 21.000000 -2.000002
v -3.000000 22.000000 -2.000002
v -3.000000 -0.000000 -1.000000
v -3.000000 6.000000 -1.000000
v -3.000000 10.000000 -1.000001
v -3.000000 13.000000 -1.000001
v -4.000000 14.000000 -1.000001
v -4.000000 15.000000 -1.000001
v -3.000000 14.000000 -1.000001
v -3.000000 14.000000 -2.000001
v -3.000000 15.000000 -2.000001
v -3.000000 15.000000 -1.000001
v -3.000000 19.000000 -1.000001
v -3.000000 20.000000 -1.000002
v -3.000000 21.000000 -1.000002
v -3.000000 22.000000 -1.000002
v -3.000000 0.000000 0.000000
v -4.000000 7.000000 -1.000000
v -3.000000 7.000000 -1.000000
v -3.000000 7.000000 -0.000001
v -3.000000 9.000000 -0.000001
v -3.000000 9.000000 -1.000001
v -3.000000 13.000000 -0.000001
v -4.000000 14.000000 -0.000001
v -4.000000 15.000000 -0.000001
v -3.000000 14.000000 -0.000001
v -3.000000 15.000000 -0.000001
v -3.000000 19.000000 -0.000001
v -3.000000 20.000000 -0.000002
v -3.000000 21.000000 -0.000002
v -3.000000 22.000000 -0.000002
v -3.000000 0.000000 1.000000
v -3.000000 5.000000 1.000000
v -3.000000 5.000000 -0.000000
v -3.000000 6.000000 -0.000000
v -3.000000 6.000000 1.000000
v -3.000000 7.000000 0.999999
v -3.000000 8.000000 -0.000001
v -3.000000 13.000000 0.999999
v -4.000000 14.000000 0.999999
v -4.000000 15.000000 0.999999
v -3.000000 14.000000 0.999999
v -3.000000 15.000000 0.999999
v -3.000000 20.000000 0.999999
v -3.000000 21.000000 0.999998
v -3.000000 0.000000 2.000000
v -3.000000 5.000000 2.000000
v -3.000000 7.000000 2.000000
v -3.000000 13.000000 1.999999
v -3.000000 12.000000 1.999999
v -4.000000 14.000000 1.999999
v -4.000000 15.000000 1.999999
v -3.000000 14.000000 1.999999
v -3.000000 15.000000 1.999999
v -3.000000 20.000000 1.999998
v -3.000000 21.000000 1.999998
v -3.000000 0.000000 3.000000
v -3.000000 5.000000 3.000000
v -3.000000 7.000000 3.000000
v -3.000000 12.000000 2.999999
v -4.000000 12.888900 2.999999
v -3.000000 12.888900 2.999999
v -3.000000 12.888900 1.999999
v -4.000000 12.888900 1.999999
v -4.000000 14.000000 2.999999
v -4.000000 15.000000 2.999999
v -3.000000 14.000000 2.999999
v -3.000000 15.000000 2.999999
v -3.000000 0.000000 4.000000
v -3.000000 6.000000 3.000000
v -3.000000 12.000000 3.999999
v -4.000000 12.888900 3.999999
v -3.000000 12.888900 3.999999
v -3.000000 12.888900 2.999999
v -4.000000 12.888900 2.999999
v -3.000000 0.000000 5.000000
v -3.000000 12.000000 4.999999
v -4.000000 12.888900 4.999999
v -3.000000 12.888900 4.999999
v -3.000000 12.888900 3.999999
v -4.000000 12.888900 3.999999
v -3.000000 0.000000 6.000000
v -3.000000 12.000000 5.999999
v -3.000000 11.000000 5.999999
v -4.000000 12.888900 5.999999
v -3.000000 12.888900 5.999999
v -3.000000 12.888900 4.999999
v -4.000000 12.888900 4.999999
v -3.000000 0.000001 7.000000
v -3.000000 11.000001 6.999999
v -4.000000 12.888901 6.999999
v -3.000000 12.888901 6.999999
v -3.000000 12.888900 5.999999
v -4.000000 12.888900 5.999999
v -3.000000 0.000001 8.000000
v -3.000000 11.000001 7.999999
v -4.000000 12.888901 7.999999
v -3.000000 12.888901 7.999999
v -3.000000 12.888901 6.999999
v -4.000000 12.888901 6.999999
v -3.000000 0.000001 9.000000
v -4.000000 11.000001 8.999999
v -3.000000 11.000001 8.999999
v -3.000000 10.000001 8.999999
v -4.000000 12.888901 8.999999
v -3.000000 12.888901 8.999999
v -3.000000 12.888901 7.999999
v -4.000000 12.888901 7.999999
v -3.000000 0.000001 10.000000
v -4.000000 10.000001 9.999999
v -3.000000 10.000001 9.999999
v -3.000000 9.000001 9.999999
v -4.000000 12.888901 9.999999
v -3.000000 12.888901 9.999999
v -3.000000 12.888901 8.999999
v -4.000000 12.888901 8.999999
v -3.000000 0.000001 11.000000
v -3.000000 1.000001 11.000000
v -3.000000 2.000001 11.000000
v -3.000000 3.000001 11.000000
v -3.000000 4.000001 11.000000
v -3.000000 5.000001 11.000000
v -3.000000 6.000001 11.000000
v -3.000000 7.000001 10.999999
v -3.000000 8.000001 10.999999
v -3.000000 9.000001 10.999999
v -3.000000 10.000001 10.999999
v -3.000000 11.000001 10.999999
v -3.000000 12.000001 10.999999
v -4.000000 12.888901 10.999999
v -3.000000 12.888901 10.999999
v -3.000000 12.888901 9.999999
v -4.000000 12.888901 9.999999
v -2.000000 -0.000001 -9.000000
v -2.000000 -0.000001 -10.000000
v -2.000000 0.999999 -10.000000
v -2.000000 1.999999 -10.000000
v -2.000000 2.999999 -10.000000
v -2.000000 3.999999 -10.000000
v -2.000000 4.999999 -10.000000
v -2.000000 5.999999 -10.000000
v -2.000000 6.999999 -10.000001
v -2.000000 7.999999 -10.000001
v -2.000000 8.999999 -10.000001
v -2.000000 9.999999 -10.000001
v -2.000000 10.999999 -10.000001
v -2.000000 11.999999 -10.000001
v -2.000000 12.999999 -10.000001
v -2.000000 13.999999 -10.000001
v -2.000000 13.999999 -9.000001
v -2.000000 -0.000001 -8.000000
v -2.000000 13.999999 -8.000001
v -2.000000 -0.000001 -7.000000
v -2.000000 13.999999 -7.000001
v -2.000000 12.999999 -7.000001
v -2.000000 -0.000000 -6.000000
v -2.000000 7.000000 -6.000000
v -2.000000 7.000000 -7.000000
v -2.000000 8.000000 -7.000000
v -2.000000 8.000000 -6.000000
v -2.000000 13.000000 -6.000001
v -2.000000 -0.000000 -5.000000
v -2.000000 6.000000 -5.000000
v -2.000000 6.000000 -6.000000
v -2.000000 7.000000 -5.000000
v -2.000000 8.000000 -5.000000
v -2.000000 9.000000 -6.000000
v -2.000000 9.000000 -5.000000
v -2.000000 13.000000 -5.000001
v -2.000000 -0.000000 -4.000000
v -2.000000 6.000000 -4.000000
v -2.000000 9.000000 -4.000000
v -2.000000 10.000000 -5.000001
v -2.000000 10.000000 -4.000001
v -2.000000 13.000000 -4.000001
v -2.000000 -0.000000 -3.000000
v -2.000000 6.000000 -3.000000
v -2.000000 10.000000 -3.000001
v -2.000000 13.000000 -3.000001
v -2.000000 20.000000 -3.000001
v -2.000000 20.000000 -4.000001
v -2.000000 21.000000 -4.000001
v -2.000000 21.000000 -3.000002
v -2.000000 -0.000000 -2.000000
v -2.000000 6.000000 -2.000000
v -2.000000 10.000000 -2.000001
v -2.000000 13.000000 -2.000001
v -3.000000 14.000000 -3.000001
v -3.000000 15.000000 -3.000001
v -2.000000 14.000000 -2.000001
v -2.000000 14.000000 -3.000001
v -2.000000 15.000000 -3.000001
v -2.000000 15.000000 -2.000001
v -2.000000 20.000000 -2.000001
v -2.000000 21.000000 -2.000002
v -2.000000 -0.000000 -1.000000
v -3.000000 7.000000 -2.000000
v -2.000000 7.000000 -2.000000
v -2.000000 7.000000 -1.000000
v -2.000000 10.000000 -1.000001
v -2.000000 13.000000 -1.000001
v -2.000000 14.000000 -1.000001
v -2.000000 15.000000 -1.000001
v -2.000000 20.000000 -1.000002
v -2.000000 21.000000 -1.000002
v -2.000000 0.000000 0.000000
v -2.000000 5.000000 -0.000000
v -2.000000 6.000000 -0.000000
v -2.000000 7.000000 -0.000001
v -3.000000 8.000000 -1.000001
v -2.000000 8.000000 -1.000001
v -2.000000 9.000000 -1.000001
v -2.000000 13.000000 -0.000001
v -2.000000 14.000000 -0.000001
v -3.000000 16.000000 -0.000001
v -3.000000 16.000000 -1.000001
v -2.000000 16.000000 -1.000001
v -2.000000 16.000000 -0.000001
v -3.000000 17.000000 -1.000001
v -3.000000 17.000000 -0.000001
v -3.000000 18.000000 -0.000001
v -3.000000 18.000000 -1.000001
v -2.000000 17.000000 -0.000001
v -2.000000 17.000000 -1.000001
v -2.000000 18.000000 -1.000001
v -2.000000 18.000000 -0.000001
v -2.000000 20.000000 -0.000002
v -2.000000 21.000000 -0.000002
v -2.000000 0.000000 1.000000
v -2.000000 5.000000 1.000000
v -2.000000 7.000000 0.999999
v -2.000000 13.000000 0.999999
v -2.000000 14.000000 0.999999
v -3.000000 16.000000 0.999999
v -2.000000 16.000000 0.999999
v -3.000000 17.000000 0.999999
v -3.000000 18.000000 0.999999
v -2.000000 17.000000 0.999999
v -2.000000 18.000000 0.999999
v -2.000000 20.000000 0.999999
v -2.000000 21.000000 0.999998
v -2.000000 0.000000 2.000000
v -2.000000 5.000000 2.000000
v -2.000000 7.000000 2.000000
v -2.000000 13.000000 1.999999
v -2.000000 14.000000 1.999999
v -3.000000 16.000000 1.999999
v -2.000000 16.000000 1.999999
v -2.000000 15.000000 1.999999
v -3.000000 17.000000 1.999999
v -3.000000 18.000000 1.999999
v -2.000000 17.000000 1.999999
v -2.000000 18.000000 1.999999
v -2.000000 0.000000 3.000000
v -2.000000 5.000000 3.000000
v -2.000000 7.000000 3.000000
v -3.000000 13.000000 2.999999
v -2.000000 13.000000 2.999999
v -2.000000 12.000000 2.999999
v -2.000000 14.000000 2.999999
v -2.000000 15.000000 2.999999
v -2.000000 0.000000 4.000000
v -2.000000 6.000000 3.000000
v -2.000000 12.000000 3.999999
v -3.000000 12.888900 3.999999
v -2.000000 12.888900 3.999999
v -2.000000 12.888900 2.999999
v -3.000000 12.888900 2.999999
v -3.000000 14.000000 3.999999
v -3.000000 15.000000 3.999999
v -2.000000 14.000000 3.999999
v -2.000000 15.000000 3.999999
v -2.000000 0.000000 5.000000
v -2.000000 12.000000 4.999999
v -3.000000 12.888900 4.999999
v -2.000000 12.888900 4.999999
v -2.000000 12.888900 3.999999
v -3.000000 12.888900 3.999999
v -2.000000 0.000000 6.000000
v -2.000000 12.000000 5.999999
v -3.000000 12.888900 5.999999
v -2.000000 12.888900 5.999999
v -2.000000 12.888900 4.999999
v -3.000000 12.888900 4.999999
v -2.000000 0.000001 7.000000
v -3.000000 12.000001 6.999999
v -2.000000 12.000001 6.999999
v -3.000000 12.888901 6.999999
v -2.000000 12.888901 6.999999
v -2.000000 12.888900 5.999999
v -3.000000 12.888900 5.999999
v -2.000000 0.000001 8.000000
v -3.000000 12.000001 7.999999
v -2.000000 12.000001 7.999999
v -2.000000 11.000001 7.999999
v -3.000000 12.888901 7.999999
v -2.000000 12.888901 7.999999
v -2.000000 12.888901 6.999999
v -3.000000 12.888901 6.999999
v -2.000000 0.000001 9.000000
v -2.000000 11.000001 8.999999
v -3.000000 12.888901 8.999999
v -2.000000 12.888901 8.999999
v -2.000000 12.888901 7.999999
v -3.000000 12.888901 7.999999
v -2.000000 0.000001 10.000000
v -3.000000 11.000001 9.999999
v -2.000000 11.000001 9.999999
v -2.000000 10.000001 9.999999
v -3.000000 12.888901 9.999999
v -2.000000 12.888901 9.999999
v -2.000000 12.888901 8.999999
v -3.000000 12.888901 8.999999
v -2.000000 0.000001 11.000000
v -2.000000 1.000001 11.000000
v -2.000000 2.000001 11.000000
v -2.000000 3.000001 11.000000
v -2.000000 4.000001 11.000000
v -2.000000 5.000001 11.000000
v -2.000000 6.000001 11.000000
v -2.000000 7.000001 10.999999
v -2.000000 8.000001 10.999999
v -2.000000 9.000001 10.999999
v -2.000000 10.000001 10.999999
v -2.000000 11.000001 10.999999
v -2.000000 12.000001 10.999999
v -3.000000 12.888901 10.999999
v -2.000000 12.888901 10.999999
v -2.000000 12.888901 9.999999
v -3.000000 12.888901 9.999999
v -1.000000 -0.000001 -9.000000
v -1.000000 -0.000001 -10.000000
v -1.000000 0.999999 -10.000000
v -1.000000 1.999999 -10.000000
v -1.000000 2.999999 -10.000000
v -1.000000 3.999999 -10.000000
v -1.000000 4.999999 -10.000000
v -1.000000 5.999999 -10.000000
v -1.000000 6.999999 -10.000001
v -1.000000 6.000000 -9.000000
v -1.000000 7.000000 -9.000001
v -1.000000 7.999999 -10.000001
v -1.000000 8.000000 -9.000001
v -1.000000 8.999999 -10.000001
v -1.000000 8.999999 -9.000001
v -1.000000 9.999999 -10.000001
v -1.000000 10.999999 -10.000001
v -1.000000 11.999999 -10.000001
v -1.000000 12.999999 -10.000001
v -1.000000 13.999999 -10.000001
v -1.000000 13.999999 -9.000001
v -1.000000 -0.000001 -8.000000
v -1.000000 6.000000 -8.000000
v -1.000000 7.000000 -8.000001
v -1.000000 8.000000 -8.000001
v -1.000000 8.999999 -8.000001
v -1.000000 13.999999 -8.000001
v -1.000000 -0.000001 -7.000000
v -1.000000 6.000000 -7.000000
v -1.000000 7.000000 -7.000000
v -1.000000 8.000000 -7.000000
v -1.000000 8.999999 -7.000000
v -1.000000 13.999999 -7.000001
v -1.000000 12.999999 -7.000001
v -1.000000 -0.000000 -6.000000
v -1.000000 6.000000 -6.000000
v -1.000000 7.000000 -6.000000
v -1.000000 8.000000 -6.000000
v -1.000000 9.000000 -6.000000
v -1.000000 13.000000 -6.000001
v -1.000000 -0.000000 -5.000000
v -1.000000 6.000000 -5.000000
v -1.000000 9.000000 -5.000000
v -1.000000 10.000000 -6.000001
v -1.000000 10.000000 -5.000001
v -1.000000 13.000000 -5.000001
v -1.000000 -0.000000 -4.000000
v -1.000000 6.000000 -4.000000
v -1.000000 10.000000 -4.000001
v -1.000000 13.000000 -4.000001
v -1.000000 -0.000000 -3.000000
v -1.000000 6.000000 -3.000000
v -1.000000 10.000000 -3.000001
v -1.000000 13.000000 -3.000001
v -1.000000 -0.000000 -2.000000
v -1.000000 6.000000 -2.000000
v -1.000000 10.000000 -2.000001
v -1.000000 13.000000 -2.000001
v -1.000000 14.000000 -2.000001
v -1.000000 14.000000 -3.000001
v -1.000000 15.000000 -3.000001
v -1.000000 15.000000 -2.000001
v -1.000000 -0.000000 -1.000000
v -1.000000 7.000000 -2.000000
v -1.000000 7.000000 -1.000000
v -2.000000 9.000000 -2.000001
v -1.000000 9.000000 -1.000001
v -1.000000 9.000000 -2.000001
v -1.000000 13.000000 -1.000001
v -1.000000 14.000000 -1.000001
v -2.000000 16.000000 -2.000001
v -1.000000 16.000000 -2.000001
v -1.000000 16.000000 -1.000001
v -2.000000 17.000000 -2.000001
v -2.000000 18.000000 -2.000001
v -1.000000 17.000000 -1.000001
v -1.000000 17.000000 -2.000001
v -1.000000 18.000000 -2.000001
v -1.000000 18.000000 -1.000001
v -1.000000 0.000000 0.000000
v -1.000000 5.000000 -0.000000
v -1.000000 6.000000 -0.000000
v -1.000000 7.000000 -0.000001
v -1.000000 8.000000 -1.000001
v -1.000000 13.000000 -0.000001
v -1.000000 14.000000 -0.000001
v -1.000000 16.000000 -0.000001
v -1.000000 17.000000 -0.000001
v -1.000000 18.000000 -0.000001
v -1.000000 0.000000 1.000000
v -1.000000 4.000000 1.000000
v -1.000000 4.000000 -0.000000
v -1.000000 5.000000 1.000000
v -1.000000 7.000000 0.999999
v -1.000000 13.000000 0.999999
v -1.000000 14.000000 0.999999
v -1.000000 16.000000 0.999999
v -1.000000 17.000000 0.999999
v -2.000000 19.000000 0.999999
v -2.000000 19.000000 -0.000001
v -1.000000 19.000000 -0.000001
v -1.000000 19.000000 0.999999
v -1.000000 18.000000 0.999999
v -1.000000 20.000000 0.999999
v -1.000000 20.000000 -0.000002
v -1.000000 21.000000 -0.000002
v -1.000000 21.000000 0.999998
v -1.000000 0.000000 2.000000
v -1.000000 4.000000 2.000000
v -1.000000 5.000000 2.000000
v -1.000000 7.000000 2.000000
v -1.000000 13.000000 1.999999
v -1.000000 14.000000 1.999999
v -1.000000 16.000000 1.999999
v -1.000000 17.000000 1.999999
v -1.000000 18.000000 1.999999
v -1.000000 0.000000 3.000000
v -1.000000 4.000000 3.000000
v -1.000000 5.000000 3.000000
v -1.000000 7.000000 3.000000
v -1.000000 13.000000 2.999999
v -1.000000 14.000000 2.999999
v -2.000000 16.000000 2.999999
v -1.000000 16.000000 2.999999
v -1.000000 15.000000 2.999999
v -2.000000 17.000000 2.999999
v -2.000000 18.000000 2.999999
v -1.000000 17.000000 2.999999
v -1.000000 18.000000 2.999999
v -1.000000 0.000000 4.000000
v -1.000000 6.000000 3.000000
v -2.000000 13.000000 3.999999
v -1.000000 13.000000 3.999999
v -1.000000 12.000000 3.999999
v -1.000000 14.000000 3.999999
v -1.000000 15.000000 3.999999
v -1.000000 0.000000 5.000000
v -1.000000 12.000000 4.999999
v -2.000000 12.888900 4.999999
v -1.000000 12.888900 4.999999
v -1.000000 12.888900 3.999999
v -2.000000 12.888900 3.999999
v -1.000000 0.000000 6.000000
v -1.000000 12.000000 5.999999
v -2.000000 12.888900 5.999999
v -1.000000 12.888900 5.999999
v -1.000000 12.888900 4.999999
v -2.000000 12.888900 4.999999
v -1.000000 0.000001 7.000000
v -1.000000 12.000001 6.999999
v -2.000000 12.888901 6.999999
v -1.000000 12.888901 6.999999
v -1.000000 12.888900 5.999999
v -2.000000 12.888900 5.999999
v -1.000000 0.000001 8.000000
v -1.000000 12.000001 7.999999
v -2.000000 12.888901 7.999999
v -1.000000 12.888901 7.999999
v -1.000000 12.888901 6.999999
v -2.000000 12.888901 6.999999
v -1.000000 0.000001 9.000000
v -2.000000 12.000001 8.999999
v -1.000000 12.000001 8.999999
v -1.000000 11.000001 8.999999
v -2.000000 12.888901 8.999999
v -1.000000 12.888901 8.999999
v -1.000000 12.888901 7.999999
v -2.000000 12.888901 7.999999
v -1.000000 0.000001 10.000000
v -1.000000 11.000001 9.999999
v -2.000000 12.888901 9.999999
v -1.000000 12.888901 9.999999
v -1.000000 12.888901 8.999999
v -2.000000 12.888901 8.999999
v -1.000000 0.000001 11.000000
v -1.000000 1.000001 11.000000
v -1.000000 2.000001 11.000000
v -1.000000 3.000001 11.000000
v -1.000000 4.000001 11.000000
v -1.000000 5.000001 11.000000
v -1.000000 6.000001 11.000000
v -1.000000 7.000001 10.999999
v -1.000000 8.000001 10.999999
v -1.000000 9.000001 10.999999
v -1.000000 10.000001 10.999999
v -1.000000 11.000001 10.999999
v -1.000000 12.000001 10.999999
v -2.000000 12.888901 10.999999
v -1.000000 12.888901 10.999999
v -1.000000 12.888901 9.999999
v -2.000000 12.888901 9.999999
v 0.000000 -0.000001 -9.000000
v 0.000000 -0.000001 -10.000000
v 0.000000 0.999999 -10.000000
v 0.000000 1.999999 -10.000000
v 0.000000 2.999999 -10.000000
v 0.000000 3.999999 -10.000000
v 0.000000 4.999999 -10.000000
v 0.000000 5.999999 -10.000000
v 0.000000 6.000000 -9.000000
v 0.000000 8.999999 -9.000001
v 0.000000 8.999999 -10.000001
v 0.000000 9.999999 -10.000001
v 0.000000 10.999999 -10.000001
v 0.000000 11.999999 -10.000001
v 0.000000 12.999999 -10.000001
v 0.000000 13.999999 -10.000001
v 0.000000 13.999999 -9.000001
v 0.000000 -0.000001 -8.000000
v 0.000000 6.000000 -8.000000
v 0.000000 8.999999 -8.000001
v 0.000000 13.999999 -8.000001
v 0.000000 -0.000001 -7.000000
v 0.000000 6.000000 -7.000000
v 0.000000 8.999999 -7.000000
v 0.000000 13.999999 -7.000001
v 0.000000 12.999999 -7.000001
v 0.000000 -0.000000 -6.000000
v 0.000000 6.000000 -6.000000
v 0.000000 9.000000 -6.000000
v 0.000000 10.000000 -6.000001
v 0.000000 13.000000 -6.000001
v 0.000000 -0.000000 -5.000000
v 0.000000 6.000000 -5.000000
v 0.000000 10.000000 -5.000001
v 0.000000 13.000000 -5.000001
v 0.000000 -0.000000 -4.000000
v 0.000000 6.000000 -4.000000
v 0.000000 10.000000 -4.000001
v 0.000000 13.000000 -4.000001
v 0.000000 -0.000000 -3.000000
v 0.000000 6.000000 -3.000000
v 0.000000 10.000000 -3.000001
v 0.000000 13.000000 -3.000001
v 0.000000 -0.000000 -2.000000
v 0.000000 6.000000 -2.000000
v -1.000000 9.000000 -3.000001
v 0.000000 9.000000 -2.000001
v 0.000000 9.000000 -3.000001
v 0.000000 13.000000 -2.000001
v 0.000000 14.000000 -2.000001
v 0.000000 14.000000 -3.000001
v 0.000000 15.000000 -3.000001
v 0.000000 15.000000 -2.000001
v 0.000000 -0.000000 -1.000000
v 0.000000 7.000000 -2.000000
v -1.000000 8.000000 -2.000001
v 0.000000 8.000000 -2.000001
v 0.000000 13.000000 -1.000001
v 0.000000 14.000000 -1.000001
v 0.000000 16.000000 -2.000001
v 0.000000 16.000000 -1.000001
v 0.000000 17.000000 -1.000001
v 0.000000 17.000000 -2.000001
v 0.000000 18.000000 -2.000001
v 0.000000 18.000000 -1.000001
v 0.000000 0.000000 0.000000
v 0.000000 4.000000 -0.000000
v 0.000000 5.000000 -0.000000
v 0.000000 6.000000 -0.000000
v 0.000000 7.000000 -0.000001
v 0.000000 13.000000 -0.000001
v 0.000000 14.000000 -0.000001
v 0.000000 16.000000 -0.000001
v 0.000000 17.000000 -0.000001
v -1.000000 19.000000 -1.000001
v 0.000000 19.000000 -1.000001
v 0.000000 18.000000 -0.000001
v 0.000000 19.000000 -0.000001
v -1.000000 20.000000 -1.000002
v -1.000000 21.000000 -1.000002
v 0.000000 20.000000 -0.000002
v 0.000000 20.000000 -1.000002
v 0.000000 21.000000 -1.000002
v 0.000000 21.000000 -0.000002
v 0.000000 0.000000 1.000000
v 0.000000 4.000000 1.000000
v 0.000000 7.000000 0.999999
v 0.000000 13.000000 0.999999
v 0.000000 14.000000 0.999999
v 0.000000 19.000000 0.999999
v 0.000000 20.000000 0.999999
v -1.000000 22.000000 0.999998
v -1.000000 22.000000 -0.000002
v 0.000000 22.000000 -0.000002
v 0.000000 21.000000 0.999998
v 0.000000 22.000000 0.999998
v 0.000000 0.000000 2.000000
v 0.000000 4.000000 2.000000
v 0.000000 7.000000 2.000000
v 0.000000 13.000000 1.999999
v 0.000000 14.000000 1.999999
v 0.000000 16.000000 1.999999
v 0.000000 16.000000 0.999999
v 0.000000 17.000000 0.999999
v 0.000000 17.000000 1.999999
v -1.000000 19.000000 1.999999
v 0.000000 18.000000 1.999999
v 0.000000 18.000000 0.999999
v 0.000000 19.000000 1.999999
v -1.000000 20.000000 1.999998
v -1.000000 21.000000 1.999998
v 0.000000 20.000000 1.999998
v 0.000000 21.000000 1.999998
v 0.000000 0.000000 3.000000
v 0.000000 4.000000 3.000000
v 0.000000 7.000000 3.000000
v 0.000000 13.000000 2.999999
v 0.000000 14.000000 2.999999
v 0.000000 16.000000 2.999999
v 0.000000 15.000000 2.999999
v 0.000000 17.000000 2.999999
v 0.000000 18.000000 2.999999
v 0.000000 0.000000 4.000000
v 0.000000 5.000000 3.000000
v 0.000000 6.000000 3.000000
v 0.000000 13.000000 3.999999
v 0.000000 14.000000 3.999999
v 0.000000 15.000000 3.999999
v 0.000000 0.000000 5.000000
v -1.000000 13.000000 4.999999
v 0.000000 13.000000 4.999999
v 0.000000 0.000000 6.000000
v -1.000000 13.000000 5.999999
v 0.000000 13.000000 5.999999
v 0.000000 12.000000 5.999999
v 0.000000 0.000001 7.000000
v 0.000000 12.000001 6.999999
v -1.000000 12.888901 6.999999
v 0.000000 12.888901 6.999999
v 0.000000 12.888900 5.999999
v -1.000000 12.888900 5.999999
v 0.000000 0.000001 8.000000
v 0.000000 12.000001 7.999999
v -1.000000 12.888901 7.999999
v 0.000000 12.888901 7.999999
v 0.000000 12.888901 6.999999
v -1.000000 12.888901 6.999999
v 0.000000 0.000001 9.000000
v 0.000000 12.000001 8.999999
v -1.000000 12.888901 8.999999
v 0.000000 12.888901 8.999999
v 0.000000 12.888901 7.999999
v -1.000000 12.888901 7.999999
v 0.000000 0.000001 10.000000
v -1.000000 12.000001 9.999999
v 0.000000 12.000001 9.999999
v 0.000000 11.000001 9.999999
v -1.000000 12.888901 9.999999
v 0.000000 12.888901 9.999999
v 0.000000 12.888901 8.999999
v -1.000000 12.888901 8.999999
v 0.000000 0.000001 11.000000
v 0.000000 1.000001 11.000000
v 0.000000 2.000001 11.000000
v 0.000000 3.000001 11.000000
v 0.000000 4.000001 11.000000
v 0.000000 5.000001 11.000000
v 0.000000 6.000001 11.000000
v 0.000000 7.000001 10.999999
v 0.000000 8.000001 10.999999
v 0.000000 9.000001 10.999999
v 0.000000 10.000001 10.999999
v 0.000000 11.000001 10.999999
v 0.000000 12.000001 10.999999
v -1.000000 12.888901 10.999999
v 0.000000 12.888901 10.999999
v 0.000000 12.888901 9.999999
v -1.000000 12.888901 9.999999
v 1.000000 -0.000001 -9.000000
v 1.000000 -0.000001 -10.000000
v 1.000000 0.999999 -10.000000
v 1.000000 1.999999 -10.000000
v 1.000000 2.999999 -10.000000
v 1.000000 3.999999 -10.000000
v 1.000000 4.999999 -10.000000
v 1.000000 5.999999 -10.000000
v 1.000000 6.000000 -9.000000
v 1.000000 8.999999 -9.000001
v 1.000000 8.999999 -10.000001
v 1.000000 9.999999 -10.000001
v 1.000000 10.999999 -10.000001
v 1.000000 11.999999 -10.000001
v 1.000000 12.999999 -10.000001
v 1.000000 13.999999 -10.000001
v 1.000000 13.999999 -9.000001
v 1.000000 -0.000001 -8.000000
v 1.000000 6.000000 -8.000000
v 1.000000 8.999999 -8.000001
v 1.000000 13.999999 -8.000001
v 1.000000 -0.000001 -7.000000
v 1.000000 6.000000 -7.000000
v 1.000000 8.999999 -7.000000
v 1.000000 13.999999 -7.000001
v 1.000000 12.999999 -7.000001
v 1.000000 -0.000000 -6.000000
v 1.000000 6.000000 -6.000000
v 1.000000 9.000000 -6.000000
v 1.000000 10.000000 -6.000001
v 1.000000 13.000000 -6.000001
v 1.000000 -0.000000 -5.000000
v 1.000000 6.000000 -5.000000
v 1.000000 10.000000 -5.000001
v 1.000000 13.000000 -5.000001
v 1.000000 -0.000000 -4.000000
v 1.000000 6.000000 -4.000000
v 1.000000 10.000000 -4.000001
v 1.000000 13.000000 -4.000001
v 1.000000 -0.000000 -3.000000
v 1.000000 6.000000 -3.000000
v 0.000000 9.000000 -4.000000
v 1.000000 9.000000 -3.000001
v 1.000000 9.000000 -4.000000
v 1.000000 13.000000 -3.000001
v 1.000000 -0.000000 -2.000000
v 0.000000 7.000000 -3.000000
v 1.000000 7.000000 -3.000000
v 0.000000 8.000000 -3.000001
v 1.000000 8.000000 -3.000001
v 1.000000 13.000000 -2.000001
v 1.000000 14.000000 -2.000001
v 1.000000 14.000000 -3.000001
v 1.000000 15.000000 -3.000001
v 1.000000 15.000000 -2.000001
v 1.000000 -0.000000 -1.000000
v 1.000000 13.000000 -1.000001
v 1.000000 14.000000 -1.000001
v 1.000000 16.000000 -2.000001
v 1.000000 15.000000 -1.000001
v 1.000000 16.000000 -1.000001
v 1.000000 17.000000 -1.000001
v 1.000000 17.000000 -2.000001
v 1.000000 18.000000 -2.000001
v 1.000000 18.000000 -1.000001
v 1.000000 0.000000 0.000000
v 1.000000 4.000000 -0.000000
v 1.000000 4.000000 -1.000000
v 1.000000 5.000000 -1.000000
v 1.000000 5.000000 -0.000000
v 1.000000 6.000000 -1.000000
v 1.000000 6.000000 -0.000000
v 1.000000 7.000000 -0.000001
v 1.000000 13.000000 -0.000001
v 1.000000 14.000000 -0.000001
v 1.000000 16.000000 -0.000001
v 1.000000 17.000000 -0.000001
v 1.000000 18.000000 -0.000001
v 1.000000 0.000000 1.000000
v 1.000000 4.000000 1.000000
v 1.000000 7.000000 0.999999
v 1.000000 13.000000 0.999999
v 1.000000 14.000000 0.999999
v 1.000000 16.000000 0.999999
v 1.000000 17.000000 0.999999
v 1.000000 19.000000 -0.000001
v 1.000000 18.000000 0.999999
v 1.000000 19.000000 0.999999
v 1.000000 20.000000 0.999999
v 1.000000 20.000000 -0.000002
v 1.000000 21.000000 -0.000002
v 1.000000 21.000000 0.999998
v 1.000000 0.000000 2.000000
v 1.000000 4.000000 2.000000
v 1.000000 7.000000 2.000000
v 1.000000 13.000000 1.999999
v 1.000000 14.000000 1.999999
v 1.000000 16.000000 1.999999
v 1.000000 17.000000 1.999999
v 1.000000 18.000000 1.999999
v 1.000000 0.000000 3.000000
v 1.000000 4.000000 3.000000
v 1.000000 7.000000 3.000000
v 1.000000 13.000000 2.999999
v 1.000000 14.000000 2.999999
v 1.000000 15.000000 2.999999
v 1.000000 15.000000 1.999999
v 1.000000 16.000000 2.999999
v 1.000000 17.000000 2.999999
v 1.000000 18.000000 2.999999
v 1.000000 0.000000 4.000000
v 1.000000 5.000000 3.000000
v 1.000000 6.000000 3.000000
v 1.000000 13.000000 3.999999
v 1.000000 14.000000 3.999999
v 1.000000 15.000000 3.999999
v 1.000000 0.000000 5.000000
v 1.000000 13.000000 4.999999
v 1.000000 0.000000 6.000000
v 1.000000 13.000000 5.999999
v 1.000000 0.000001 7.000000
v 0.000000 13.000001 6.999999
v 1.000000 13.000001 6.999999
v 1.000000 12.000001 6.999999
v 1.000000 0.000001 8.000000
v 1.000000 12.000001 7.999999
v 0.000000 12.888901 7.999999
v 1.000000 12.888901 7.999999
v 1.000000 12.888901 6.999999
v 0.000000 12.888901 6.999999
v 1.000000 0.000001 9.000000
v 1.000000 12.000001 8.999999
v 0.000000 12.888901 8.999999
v 1.000000 12.888901 8.999999
v 1.000000 12.888901 7.999999
v 0.000000 12.888901 7.999999
v 1.000000 0.000001 10.000000
v 1.000000 12.000001 9.999999
v 0.000000 12.888901 9.999999
v 1.000000 12.888901 9.999999
v 1.000000 12.888901 8.999999
v 0.000000 12.888901 8.999999
v 1.000000 0.000001 11.000000
v 1.000000 1.000001 11.000000
v 1.000000 2.000001 11.000000
v 1.000000 3.000001 11.000000
v 1.000000 4.000001 11.000000
v 1.000000 5.000001 11.000000
v 1.000000 6.000001 11.000000
v 1.000000 7.000001 10.999999
v 1.000000 8.000001 10.999999
v 1.000000 9.000001 10.999999
v 1.000000 10.000001 10.999999
v 1.000000 11.000001 10.999999
v 1.000000 12.000001 10.999999
v 0.000000 12.888901 10.999999
v 1.000000 12.888901 10.999999
v 1.000000 12.888901 9.999999
v 0.000000 12.888901 9.999999
v 2.000000 -0.000001 -9.000000
v 2.000000 -0.000001 -10.000000
v 2.000000 0.999999 -10.000000
v 2.000000 1.999999 -10.000000
v 2.000000 2.999999 -10.000000
v 2.000000 3.999999 -10.000000
v 2.000000 4.999999 -10.000000
v 2.000000 5.999999 -10.000000
v 2.000000 6.000000 -9.000000
v 2.000000 8.999999 -9.000001
v 2.000000 8.999999 -10.000001
v 2.000000 9.999999 -10.000001
v 2.000000 10.999999 -10.000001
v 2.000000 11.999999 -10.000001
v 2.000000 12.999999 -10.000001
v 2.000000 13.999999 -10.000001
v 2.000000 13.999999 -9.000001
v 2.000000 -0.000001 -8.000000
v 2.000000 6.000000 -8.000000
v 2.000000 8.999999 -8.000001
v 2.000000 13.999999 -8.000001
v 2.000000 -0.000001 -7.000000
v 2.000000 6.000000 -7.000000
v 2.000000 8.999999 -7.000000
v 2.000000 13.999999 -7.000001
v 2.000000 12.999999 -7.000001
v 2.000000 -0.000000 -6.000000
v 2.000000 6.000000 -6.000000
v 2.000000 9.000000 -6.000000
v 2.000000 13.000000 -6.000001
v 2.000000 -0.000000 -5.000000
v 2.000000 6.000000 -5.000000
v 1.000000 9.000000 -5.000000
v 2.000000 9.000000 -5.000000
v 2.000000 13.000000 -5.000001
v 2.000000 -0.000000 -4.000000
v 2.000000 6.000000 -4.000000
v 2.000000 9.000000 -4.000000
v 2.000000 13.000000 -4.000001
v 2.000000 -0.000000 -3.000000
v 1.000000 7.000000 -4.000000
v 2.000000 7.000000 -4.000000
v 1.000000 8.000000 -4.000000
v 2.000000 8.000000 -4.000000
v 2.000000 13.000000 -3.000001
v 2.000000 -0.000000 -2.000000
v 2.000000 13.000000 -2.000001
v 2.000000 14.000000 -2.000001
v 2.000000 14.000000 -3.000001
v 2.000000 15.000000 -3.000001
v 2.000000 15.000000 -2.000001
v 2.000000 -0.000000 -1.000000
v 2.000000 4.000000 -1.000000
v 2.000000 5.000000 -1.000000
v 2.000000 6.000000 -1.000000
v 2.000000 13.000000 -1.000001
v 2.000000 14.000000 -1.000001
v 2.000000 15.000000 -1.000001
v 2.000000 0.000000 0.000000
v 2.000000 4.000000 -0.000000
v 2.000000 6.000000 -0.000000
v 2.000000 7.000000 -0.000001
v 2.000000 13.000000 -0.000001
v 2.000000 14.000000 -0.000001
v 2.000000 16.000000 -1.000001
v 2.000000 15.000000 -0.000001
v 2.000000 16.000000 -0.000001
v 2.000000 17.000000 -0.000001
v 2.000000 17.000000 -1.000001
v 2.000000 18.000000 -1.000001
v 2.000000 18.000000 -0.000001
v 2.000000 0.000000 1.000000
v 2.000000 4.000000 1.000000
v 2.000000 7.000000 0.999999
v 2.000000 13.000000 0.999999
v 2.000000 14.000000 0.999999
v 2.000000 15.000000 0.999999
v 2.000000 16.000000 0.999999
v 2.000000 17.000000 0.999999
v 2.000000 18.000000 0.999999
v 2.000000 0.000000 2.000000
v 2.000000 4.000000 2.000000
v 2.000000 7.000000 2.000000
v 2.000000 13.000000 1.999999
v 2.000000 14.000000 1.999999
v 2.000000 15.000000 1.999999
v 2.000000 16.000000 1.999999
v 2.000000 17.000000 1.999999
v 2.000000 18.000000 1.999999
v 2.000000 0.000000 3.000000
v 2.000000 4.000000 3.000000
v 1.000000 6.000000 2.000000
v 2.000000 6.000000 3.000000
v 2.000000 6.000000 2.000000
v 2.000000 13.000000 2.999999
v 2.000000 14.000000 2.999999
v 2.000000 15.000000 2.999999
v 2.000000 0.000000 4.000000
v 2.000000 5.000000 3.000000
v 2.000000 13.000000 3.999999
v 2.000000 14.000000 3.999999
v 2.000000 15.000000 3.999999
v 2.000000 0.000000 5.000000
v 2.000000 13.000000 4.999999
v 1.000000 18.000000 3.999999
v 1.000000 18.000000 4.999999
v 1.000000 19.000000 4.999999
v 1.000000 19.000000 3.999999
v 2.000000 18.000000 4.999999
v 2.000000 18.000000 3.999999
v 2.000000 19.000000 3.999999
v 2.000000 19.000000 4.999999
v 2.000000 0.000000 6.000000
v 2.000000 13.000000 5.999999
v 1.000000 18.000000 5.999999
v 1.000000 19.000000 5.999999
v 2.000000 18.000000 5.999999
v 2.000000 19.000000 5.999999
v 2.000000 0.000001 7.000000
v 2.000000 13.000001 6.999999
v 1.000000 18.000000 6.999999
v 1.000000 19.000000 6.999999
v 2.000000 18.000000 6.999999
v 2.000000 19.000000 6.999999
v 2.000000 0.000001 8.000000
v 1.000000 13.000001 7.999999
v 2.000000 13.000001 7.999999
v 2.000000 0.000001 9.000000
v 1.000000 13.000001 8.999999
v 2.000000 13.000001 8.999999
v 2.000000 0.000001 10.000000
v 1.000000 13.000001 9.999999
v 2.000000 13.000001 9.999999
v 2.000000 12.000001 9.999999
v 1.000000 14.000001 8.999999
v 1.000000 14.000001 9.999999
v 1.000000 15.000001 9.999999
v 1.000000 15.000001 8.999999
v 2.000000 14.000001 9.999999
v 2.000000 14.000001 8.999999
v 2.000000 15.000001 8.999999
v 2.000000 15.000001 9.999999
v 2.000000 0.000001 11.000000
v 2.000000 1.000001 11.000000
v 2.000000 2.000001 11.000000
v 2.000000 3.000001 11.000000
v 2.000000 4.000001 11.000000
v 2.000000 5.000001 11.000000
v 2.000000 6.000001 11.000000
v 2.000000 7.000001 10.999999
v 2.000000 8.000001 10.999999
v 2.000000 9.000001 10.999999
v 2.000000 10.000001 10.999999
v 2.000000 11.000001 10.999999
v 2.000000 12.000001 10.999999
v 1.000000 12.888901 10.999999
v 2.000000 12.888901 10.999999
v 2.000000 12.888901 9.999999
v 1.000000 12.888901 9.999999
v 1.000000 14.000001 10.999999
v 1.000000 15.000001 10.999999
v 2.000000 14.000001 10.999999
v 2.000000 15.000001 10.999999
v 3.000000 -0.000001 -9.000000
v 3.000000 -0.000001 -10.000000
v 3.000000 0.999999 -10.000000
v 3.000000 1.999999 -10.000000
v 3.000000 2.999999 -10.000000
v 3.000000 3.999999 -10.000000
v 3.000000 4.999999 -10.000000
v 3.000000 5.999999 -10.000000
v 3.000000 6.000000 -9.000000
v 2.000000 7.999999 -10.000001
v 2.000000 8.000000 -9.000001
v 3.000000 8.000000 -9.000001
v 3.000000 7.999999 -10.000001
v 3.000000 8.999999 -10.000001
v 3.000000 9.999999 -10.000001
v 3.000000 10.999999 -10.000001
v 3.000000 11.999999 -10.000001
v 3.000000 12.999999 -10.000001
v 3.000000 13.999999 -10.000001
v 3.000000 13.999999 -9.000001
v 3.000000 -0.000001 -8.000000
v 3.000000 6.000000 -8.000000
v 2.000000 8.000000 -8.000001
v 3.000000 8.000000 -8.000001
v 3.000000 13.999999 -8.000001
v 3.000000 -0.000001 -7.000000
v 3.000000 6.000000 -7.000000
v 2.000000 8.000000 -7.000000
v 3.000000 8.000000 -7.000000
v 3.000000 13.999999 -7.000001
v 3.000000 -0.000000 -6.000000
v 2.000000 7.000000 -6.000000
v 2.000000 7.000000 -7.000000
v 3.000000 7.000000 -7.000000
v 3.000000 7.000000 -6.000000
v 2.000000 8.000000 -6.000000
v 3.000000 8.000000 -6.000000
v 2.000000 14.000000 -6.000001
v 3.000000 14.000000 -6.000001
v 3.000000 13.000000 -6.000001
v 3.000000 -0.000000 -5.000000
v 2.000000 7.000000 -5.000000
v 3.000000 7.000000 -5.000000
v 2.000000 8.000000 -5.000000
v 3.000000 8.000000 -5.000000
v 3.000000 13.000000 -5.000001
v 3.000000 -0.000000 -4.000000
v 3.000000 13.000000 -4.000001
v 3.000000 -0.000000 -3.000000
v 3.000000 13.000000 -3.000001
v 3.000000 -0.000000 -2.000000
v 3.000000 13.000000 -2.000001
v 3.000000 -0.000000 -1.000000
v 3.000000 4.000000 -1.000000
v 3.000000 5.000000 -1.000000
v 3.000000 6.000000 -1.000000
v 3.000000 13.000000 -1.000001
v 3.000000 14.000000 -1.000001
v 3.000000 14.000000 -2.000001
v 3.000000 15.000000 -2.000001
v 3.000000 15.000000 -1.000001
v 3.000000 0.000000 0.000000
v 3.000000 3.000000 -0.000000
v 3.000000 3.000000 -1.000000
v 3.000000 4.000000 -0.000000
v 3.000000 6.000000 -0.000000
v 3.000000 7.000000 -0.000001
v 3.000000 13.000000 -0.000001
v 3.000000 14.000000 -0.000001
v 3.000000 15.000000 -0.000001
v 3.000000 0.000000 1.000000
v 3.000000 3.000000 1.000000
v 3.000000 4.000000 1.000000
v 3.000000 7.000000 0.999999
v 3.000000 13.000000 0.999999
v 3.000000 14.000000 0.999999
v 3.000000 15.000000 0.999999
v 3.000000 0.000000 2.000000
v 3.000000 3.000000 2.000000
v 3.000000 4.000000 2.000000
v 3.000000 7.000000 2.000000
v 3.000000 13.000000 1.999999
v 3.000000 14.000000 1.999999
v 3.000000 15.000000 1.999999
v 3.000000 0.000000 3.000000
v 3.000000 4.000000 3.000000
v 3.000000 6.000000 3.000000
v 3.000000 6.000000 2.000000
v 3.000000 13.000000 2.999999
v 3.000000 14.000000 2.999999
v 3.000000 15.000000 2.999999
v 3.000000 0.000000 4.000000
v 3.000000 5.000000 3.000000
v 3.000000 13.000000 3.999999
v 2.000000 18.000000 2.999999
v 2.000000 19.000000 2.999999
v 3.000000 18.000000 3.999999
v 3.000000 18.000000 2.999999
v 3.000000 19.000000 2.999999
v 3.000000 19.000000 3.999999
v 3.000000 0.000000 5.000000
v 3.000000 13.000000 4.999999
v 3.000000 18.000000 4.999999
v 3.000000 19.000000 4.999999
v 3.000000 0.000000 6.000000
v 3.000000 13.000000 5.999999
v 2.000000 17.000000 4.999999
v 2.000000 17.000000 5.999999
v 3.000000 17.000000 5.999999
v 3.000000 17.000000 4.999999
v 3.000000 18.000000 5.999999
v 2.000000 20.000000 5.999999
v 2.000000 20.000000 4.999999
v 3.000000 20.000000 4.999999
v 3.000000 20.000000 5.999999
v 3.000000 19.000000 5.999999
v 3.000000 0.000001 7.000000
v 3.000000 13.000001 6.999999
v 3.000000 18.000000 6.999999
v 3.000000 19.000000 6.999999
v 3.000000 0.000001 8.000000
v 3.000000 13.000001 7.999999
v 2.000000 18.000000 7.999999
v 2.000000 19.000000 7.999999
v 3.000000 18.000000 7.999999
v 3.000000 19.000000 7.999999
v 3.000000 0.000001 9.000000
v 3.000000 13.000001 8.999999
v 2.000000 14.000001 7.999999
v 2.000000 15.000001 7.999999
v 3.000000 14.000001 8.999999
v 3.000000 14.000001 7.999999
v 3.000000 15.000001 7.999999
v 3.000000 15.000001 8.999999
v 3.000000 0.000001 10.000000
v 3.000000 13.000001 9.999999
v 3.000000 14.000001 9.999999
v 3.000000 15.000001 9.999999
v 3.000000 0.000001 11.000000
v 3.000000 1.000001 11.000000
v 3.000000 2.000001 11.000000
v 3.000000 3.000001 11.000000
v 3.000000 4.000001 11.000000
v 3.000000 5.000001 11.000000
v 3.000000 6.000001 11.000000
v 3.000000 7.000001 10.999999
v 3.000000 8.000001 10.999999
v 3.000000 9.000001 10.999999
v 3.000000 10.000001 10.999999
v 3.000000 11.000001 10.999999
v 3.000000 12.000001 10.999999
v 2.000000 13.000001 10.999999
v 3.000000 13.000001 10.999999
v 3.000000 14.000001 10.999999
v 3.000000 15.000001 10.999999
v 2.000000 16.000000 10.999999
v 2.000000 16.000000 9.999999
v 3.000000 16.000000 9.999999
v 3.000000 16.000000 10.999999
v 2.000000 17.000000 9.999999
v 2.000000 17.000000 10.999999
v 2.000000 18.000000 10.999999
v 2.000000 18.000000 9.999999
v 3.000000 17.000000 10.999999
v 3.000000 17.000000 9.999999
v 3.000000 18.000000 9.999999
v 3.000000 18.000000 10.999999
v 4.000000 -0.000001 -9.000000
v 4.000000 -0.000001 -10.000000
v 4.000000 0.999999 -10.000000
v 4.000000 1.999999 -10.000000
v 4.000000 2.999999 -10.000000
v 4.000000 3.999999 -10.000000
v 4.000000 4.999999 -10.000000
v 4.000000 5.999999 -10.000000
v 3.000000 7.000000 -9.000001
v 3.000000 6.999999 -10.000001
v 4.000000 6.999999 -10.000001
v 4.000000 7.999999 -10.000001
v 4.000000 8.999999 -10.000001
v 4.000000 9.999999 -10.000001
v 4.000000 10.999999 -10.000001
v 4.000000 11.999999 -10.000001
v 4.000000 12.999999 -10.000001
v 4.000000 13.999999 -10.000001
v 4.000000 13.999999 -9.000001
v 4.000000 -0.000001 -8.000000
v 3.000000 7.000000 -8.000001
v 4.000000 13.999999 -8.000001
v 4.000000 -0.000001 -7.000000
v 4.000000 13.999999 -7.000001
v 4.000000 -0.000000 -6.000000
v 4.000000 14.000000 -6.000001
v 4.000000 -0.000000 -5.000000
v 3.000000 14.000000 -5.000001
v 4.000000 14.000000 -5.000001
v 4.000000 13.000000 -5.000001
v 4.000000 -0.000000 -4.000000
v 4.000000 13.000000 -4.000001
v 4.000000 -0.000000 -3.000000
v 4.000000 13.000000 -3.000001
v 3.000000 16.000000 -4.000001
v 3.000000 16.000000 -3.000001
v 3.000000 17.000000 -3.000001
v 3.000000 17.000000 -4.000001
v 4.000000 16.000000 -3.000001
v 4.000000 16.000000 -4.000001
v 4.000000 17.000000 -4.000001
v 4.000000 17.000000 -3.000001
v 3.000000 18.000000 -4.000001
v 3.000000 18.000000 -3.000001
v 3.000000 19.000000 -3.000001
v 3.000000 19.000000 -4.000001
v 4.000000 18.000000 -3.000001
v 4.000000 18.000000 -4.000001
v 4.000000 19.000000 -4.000001
v 4.000000 19.000000 -3.000001
v 4.000000 -0.000000 -2.000000
v 4.000000 13.000000 -2.000001
v 3.000000 16.000000 -2.000001
v 3.000000 17.000000 -2.000001
v 4.000000 16.000000 -2.000001
v 4.000000 17.000000 -2.000001
v 3.000000 18.000000 -2.000001
v 3.000000 19.000000 -2.000001
v 4.000000 18.000000 -2.000001
v 4.000000 19.000000 -2.000001
v 4.000000 -0.000000 -1.000000
v 4.000000 3.000000 -1.000000
v 4.000000 4.000000 -1.000000
v 4.000000 4.000000 -2.000000
v 4.000000 5.000000 -2.000000
v 4.000000 5.000000 -1.000000
v 4.000000 6.000000 -1.000000
v 4.000000 13.000000 -1.000001
v 3.000000 16.000000 -1.000001
v 3.000000 17.000000 -1.000001
v 4.000000 16.000000 -1.000001
v 4.000000 17.000000 -1.000001
v 3.000000 18.000000 -1.000001
v 3.000000 19.000000 -1.000001
v 4.000000 18.000000 -1.000001
v 4.000000 19.000000 -1.000001
v 4.000000 0.000000 0.000000
v 4.000000 3.000000 -0.000000
v 4.000000 6.000000 -0.000000
v 4.000000 7.000000 -0.000001
v 4.000000 13.000000 -0.000001
v 4.000000 0.000000 1.000000
v 4.000000 3.000000 1.000000
v 4.000000 7.000000 0.999999
v 4.000000 13.000000 0.999999
v 4.000000 0.000000 2.000000
v 4.000000 3.000000 2.000000
v 3.000000 6.000000 1.000000
v 4.000000 6.000000 2.000000
v 4.000000 6.000000 1.000000
v 4.000000 13.000000 1.999999
v 4.000000 0.000000 3.000000
v 4.000000 4.000000 2.000000
v 4.000000 4.000000 3.000000
v 3.000000 5.000000 2.000000
v 4.000000 5.000000 3.000000
v 4.000000 5.000000 2.000000
v 4.000000 13.000000 2.999999
v 4.000000 0.000000 4.000000
v 4.000000 13.000000 3.999999
v 4.000000 18.000000 3.999999
v 4.000000 18.000000 2.999999
v 4.000000 19.000000 2.999999
v 4.000000 19.000000 3.999999
v 4.000000 0.000000 5.000000
v 4.000000 13.000000 4.999999
v 3.000000 17.000000 3.999999
v 4.000000 17.000000 4.999999
v 4.000000 17.000000 3.999999
v 4.000000 18.000000 4.999999
v 3.000000 20.000000 3.999999
v 4.000000 20.000000 3.999999
v 4.000000 19.000000 4.999999
v 4.000000 20.000000 4.999999
v 4.000000 0.000000 6.000000
v 3.000000 14.000000 5.999999
v 3.000000 14.000000 4.999999
v 4.000000 14.000000 4.999999
v 4.000000 13.000000 5.999999
v 4.000000 14.000000 5.999999
v 3.000000 15.000000 5.999999
v 3.000000 15.000000 4.999999
v 4.000000 15.000000 4.999999
v 4.000000 15.000000 5.999999
v 3.000000 16.000000 5.999999
v 3.000000 16.000000 4.999999
v 4.000000 16.000000 4.999999
v 4.000000 16.000000 5.999999
v 4.000000 17.000000 5.999999
v 3.000000 21.000000 5.999999
v 3.000000 21.000000 4.999999
v 4.000000 21.000000 4.999999
v 4.000000 20.000000 5.999999
v 4.000000 21.000000 5.999999
v 4.000000 0.000001 7.000000
v 4.000000 13.000001 6.999999
v 3.000000 17.000000 6.999999
v 4.000000 17.000000 6.999999
v 4.000000 18.000000 5.999999
v 4.000000 18.000000 6.999999
v 3.000000 20.000000 6.999999
v 4.000000 19.000000 6.999999
v 4.000000 19.000000 5.999999
v 4.000000 20.000000 6.999999
v 4.000000 0.000001 8.000000
v 4.000000 13.000001 7.999999
v 4.000000 18.000000 7.999999
v 4.000000 19.000000 7.999999
v 4.000000 0.000001 9.000000
v 4.000000 13.000001 8.999999
v 4.000000 14.000001 8.999999
v 4.000000 14.000001 7.999999
v 4.000000 15.000001 7.999999
v 4.000000 15.000001 8.999999
v 4.000000 0.000001 10.000000
v 4.000000 13.000001 9.999999
v 4.000000 14.000001 9.999999
v 3.000000 16.000000 8.999999
v 4.000000 16.000000 8.999999
v 4.000000 16.000000 9.999999
v 3.000000 17.000000 8.999999
v 3.000000 18.000000 8.999999
v 4.000000 17.000000 9.999999
v 4.000000 17.000000 8.999999
v 4.000000 18.000000 8.999999
v 4.000000 18.000000 9.999999
v 4.000000 0.000001 11.000000
v 4.000000 1.000001 11.000000
v 4.000000 2.000001 11.000000
v 4.000000 3.000001 11.000000
v 4.000000 4.000001 11.000000
v 4.000000 5.000001 11.000000
v 4.000000 6.000001 11.000000
v 4.000000 7.000001 10.999999
v 4.000000 8.000001 10.999999
v 4.000000 9.000001 10.999999
v 4.000000 10.000001 10.999999
v 4.000000 11.000001 10.999999
v 4.000000 12.000001 10.999999
v 4.000000 13.000001 10.999999
v 4.000000 14.000001 10.999999
v 4.000000 15.000001 10.999999
v 4.000000 16.000000 10.999999
v 4.000000 17.000000 10.999999
v 4.000000 18.000000 10.999999
v 5.000000 -0.000001 -9.000000
v 5.000000 -0.000001 -10.000000
v 5.000000 0.999999 -10.000000
v 5.000000 1.999999 -10.000000
v 5.000000 2.999999 -10.000000
v 5.000000 3.999999 -10.000000
v 5.000000 4.999999 -10.000000
v 5.000000 5.999999 -10.000000
v 5.000000 6.999999 -10.000001
v 5.000000 7.999999 -10.000001
v 5.000000 8.999999 -10.000001
v 5.000000 9.999999 -10.000001
v 5.000000 10.999999 -10.000001
v 5.000000 11.999999 -10.000001
v 5.000000 12.999999 -10.000001
v 5.000000 13.999999 -10.000001
v 5.000000 13.999999 -9.000001
v 4.000000 17.000000 -10.000001
v 4.000000 17.000000 -9.000001
v 4.000000 18.000000 -9.000001
v 4.000000 18.000000 -10.000001
v 5.000000 17.000000 -9.000001
v 5.000000 17.000000 -10.000001
v 5.000000 18.000000 -10.000001
v 5.000000 18.000000 -9.000001
v 4.000000 19.000000 -10.000002
v 4.000000 19.000000 -9.000002
v 4.000000 20.000000 -9.000002
v 4.000000 20.000000 -10.000002
v 5.000000 19.000000 -9.000002
v 5.000000 19.000000 -10.000002
v 5.000000 20.000000 -10.000002
v 5.000000 20.000000 -9.000002
v 5.000000 -0.000001 -8.000000
v 5.000000 13.999999 -8.000001
v 4.000000 17.000000 -8.000001
v 4.000000 18.000000 -8.000001
v 5.000000 17.000000 -8.000001
v 5.000000 18.000000 -8.000001
v 4.000000 19.000000 -8.000002
v 4.000000 20.000000 -8.000002
v 5.000000 19.000000 -8.000002
v 5.000000 20.000000 -8.000002
v 5.000000 -0.000001 -7.000000
v 5.000000 13.999999 -7.000001
v 5.000000 -0.000000 -6.000000
v 5.000000 14.000000 -6.000001
v 5.000000 -0.000000 -5.000000
v 5.000000 14.000000 -5.000001
v 5.000000 13.000000 -5.000001
v 5.000000 -0.000000 -4.000000
v 5.000000 13.000000 -4.000001
v 4.000000 16.000000 -5.000001
v 4.000000 17.000000 -5.000001
v 5.000000 16.000000 -4.000001
v 5.000000 16.000000 -5.000001
v 5.000000 17.000000 -5.000001
v 5.000000 17.000000 -4.000001
v 4.000000 18.000000 -5.000001
v 4.000000 19.000000 -5.000001
v 5.000000 18.000000 -4.000001
v 5.000000 18.000000 -5.000001
v 5.000000 19.000000 -5.000001
v 5.000000 19.000000 -4.000001
v 5.000000 -0.000000 -3.000000
v 5.000000 13.000000 -3.000001
v 5.000000 16.000000 -3.000001
v 5.000000 17.000000 -3.000001
v 5.000000 18.000000 -3.000001
v 5.000000 19.000000 -3.000001
v 5.000000 -0.000000 -2.000000
v 5.000000 4.000000 -2.000000
v 5.000000 5.000000 -2.000000
v 5.000000 13.000000 -2.000001
v 4.000000 15.000000 -3.000001
v 4.000000 15.000000 -2.000001
v 5.000000 15.000000 -2.000001
v 5.000000 15.000000 -3.000001
v 5.000000 16.000000 -2.000001
v 5.000000 17.000000 -2.000001
v 5.000000 18.000000 -2.000001
v 4.000000 20.000000 -2.000001
v 4.000000 20.000000 -3.000001
v 5.000000 20.000000 -3.000001
v 5.000000 20.000000 -2.000001
v 5.000000 19.000000 -2.000001
v 4.000000 21.000000 -3.000002
v 4.000000 21.000000 -2.000002
v 4.000000 22.000000 -2.000002
v 4.000000 22.000000 -3.000002
v 5.000000 21.000000 -2.000002
v 5.000000 21.000000 -3.000002
v 5.000000 22.000000 -3.000002
v 5.000000 22.000000 -2.000002
v 5.000000 -0.000000 -1.000000
v 5.000000 3.000000 -1.000000
v 5.000000 3.000000 -2.000000
v 5.000000 4.000000 -1.000000
v 5.000000 5.000000 -1.000000
v 5.000000 6.000000 -1.000000
v 5.000000 13.000000 -1.000001
v 5.000000 16.000000 -1.000001
v 5.000000 17.000000 -1.000001
v 5.000000 18.000000 -1.000001
v 5.000000 19.000000 -1.000001
v 5.000000 0.000000 0.000000
v 5.000000 2.000000 -0.000000
v 5.000000 2.000000 -1.000000
v 5.000000 3.000000 -0.000000
v 5.000000 6.000000 -0.000000
v 5.000000 7.000000 -0.000001
v 5.000000 12.000000 -0.000001
v 5.000000 12.000000 -1.000001
v 5.000000 13.000000 -0.000001
v 4.000000 16.000000 -0.000001
v 4.000000 17.000000 -0.000001
v 5.000000 16.000000 -0.000001
v 5.000000 17.000000 -0.000001
v 4.000000 18.000000 -0.000001
v 4.000000 19.000000 -0.000001
v 5.000000 18.000000 -0.000001
v 5.000000 19.000000 -0.000001
v 5.000000 0.000000 1.000000
v 5.000000 2.000000 1.000000
v 5.000000 3.000000 1.000000
v 5.000000 7.000000 0.999999
v 5.000000 12.000000 0.999999
v 5.000000 13.000000 0.999999
v 5.000000 0.000000 2.000000
v 5.000000 3.000000 2.000000
v 5.000000 6.000000 2.000000
v 5.000000 6.000000 1.000000
v 5.000000 13.000000 1.999999
v 5.000000 0.000000 3.000000
v 5.000000 4.000000 2.000000
v 5.000000 5.000000 2.000000
v 5.000000 13.000000 2.999999
v 5.000000 0.000000 4.000000
v 5.000000 13.000000 3.999999
v 5.000000 18.000000 3.999999
v 5.000000 18.000000 2.999999
v 5.000000 19.000000 2.999999
v 5.000000 19.000000 3.999999
v 5.000000 0.000000 5.000000
v 5.000000 13.000000 4.999999
v 5.000000 18.000000 4.999999
v 5.000000 19.000000 4.999999
v 5.000000 0.000000 6.000000
v 5.000000 13.000000 5.999999
v 5.000000 17.000000 5.999999
v 5.000000 17.000000 4.999999
v 5.000000 18.000000 5.999999
v 5.000000 20.000000 4.999999
v 5.000000 19.000000 5.999999
v 5.000000 20.000000 5.999999
v 5.000000 0.000001 7.000000
v 5.000000 13.000001 6.999999
v 5.000000 18.000000 6.999999
v 5.000000 19.000000 6.999999
v 5.000000 0.000001 8.000000
v 4.000000 14.000001 6.999999
v 5.000000 14.000001 6.999999
v 5.000000 14.000001 7.999999
v 5.000000 18.000000 7.999999
v 5.000000 19.000000 7.999999
v 5.000000 0.000001 9.000000
v 5.000000 15.000001 7.999999
v 5.000000 15.000001 8.999999
v 5.000000 0.000001 10.000000
v 5.000000 16.000000 8.999999
v 5.000000 16.000000 9.999999
v 5.000000 17.000000 9.999999
v 5.000000 17.000000 8.999999
v 5.000000 18.000000 8.999999
v 5.000000 18.000000 9.999999
v 5.000000 0.000001 11.000000
v 5.000000 1.000001 11.000000
v 5.000000 2.000001 11.000000
v 5.000000 3.000001 11.000000
v 5.000000 4.000001 11.000000
v 5.000000 5.000001 11.000000
v 5.000000 6.000001 11.000000
v 5.000000 7.000001 10.999999
v 5.000000 8.000001 10.999999
v 5.000000 9.000001 10.999999
v 5.000000 10.000001 10.999999
v 5.000000 11.000001 10.999999
v 5.000000 12.000001 10.999999
v 5.000000 13.000001 10.999999
v 5.000000 14.000001 10.999999
v 5.000000 15.000001 10.999999
v 5.000000 16.000000 10.999999
v 5.000000 17.000000 10.999999
v 5.000000 18.000000 10.999999
v 4.000000 19.000000 10.999998
v 4.000000 19.000000 9.999998
v 5.000000 19.000000 9.999998
v 5.000000 19.000000 10.999998
v 4.000000 20.000000 9.999998
v 4.000000 20.000000 10.999998
v 4.000000 21.000000 10.999998
v 4.000000 21.000000 9.999998
v 5.000000 20.000000 10.999998
v 5.000000 20.000000 9.999998
v 5.000000 21.000000 9.999998
v 5.000000 21.000000 10.999998
v 6.000000 -0.000001 -9.000000
v 6.000000 -0.000001 -10.000000
v 6.000000 0.999999 -10.000000
v 6.000000 1.999999 -10.000000
v 6.000000 2.999999 -10.000000
v 6.000000 3.999999 -10.000000
v 6.000000 4.999999 -10.000000
v 6.000000 5.999999 -10.000000
v 6.000000 6.999999 -10.000001
v 6.000000 7.999999 -10.000001
v 6.000000 8.999999 -10.000001
v 6.000000 9.999999 -10.000001
v 6.000000 10.999999 -10.000001
v 6.000000 11.999999 -10.000001
v 6.000000 12.999999 -10.000001
v 6.000000 13.999999 -10.000001
v 6.000000 13.999999 -9.000001
v 5.000000 15.999999 -10.000001
v 5.000000 15.999999 -9.000001
v 6.000000 15.999999 -9.000001
v 6.000000 15.999999 -10.000001
v 6.000000 17.000000 -10.000001
v 6.000000 17.000000 -9.000001
v 6.000000 18.000000 -10.000001
v 6.000000 19.000000 -10.000002
v 6.000000 18.000000 -9.000001
v 6.000000 19.000000 -9.000002
v 6.000000 20.000000 -10.000002
v 5.000000 21.000000 -9.000002
v 5.000000 21.000000 -10.000002
v 6.000000 21.000000 -10.000002
v 6.000000 21.000000 -9.000002
v 6.000000 20.000000 -9.000002
v 5.000000 22.000000 -10.000002
v 5.000000 22.000000 -9.000002
v 5.000000 23.000000 -9.000002
v 5.000000 23.000000 -10.000002
v 6.000000 22.000000 -9.000002
v 6.000000 22.000000 -10.000002
v 6.000000 23.000000 -10.000002
v 6.000000 23.000000 -9.000002
v 6.000000 -0.000001 -8.000000
v 6.000000 13.999999 -8.000001
v 6.000000 17.000000 -8.000001
v 6.000000 18.000000 -8.000001
v 6.000000 19.000000 -8.000002
v 6.000000 20.000000 -8.000002
v 6.000000 -0.000001 -7.000000
v 6.000000 13.999999 -7.000001
v 5.000000 17.000000 -7.000001
v 5.000000 18.000000 -7.000001
v 6.000000 17.000000 -7.000001
v 6.000000 18.000000 -7.000001
v 5.000000 19.000000 -7.000001
v 5.000000 20.000000 -7.000001
v 6.000000 19.000000 -7.000001
v 6.000000 20.000000 -7.000001
v 6.000000 -0.000000 -6.000000
v 6.000000 14.000000 -6.000001
v 6.000000 -0.000000 -5.000000
v 6.000000 14.000000 -5.000001
v 6.000000 -0.000000 -4.000000
v 5.000000 14.000000 -4.000001
v 6.000000 14.000000 -4.000001
v 6.000000 13.000000 -4.000001
v 6.000000 16.000000 -4.000001
v 6.000000 16.000000 -5.000001
v 6.000000 17.000000 -5.000001
v 6.000000 17.000000 -4.000001
v 6.000000 18.000000 -4.000001
v 6.000000 18.000000 -5.000001
v 6.000000 19.000000 -5.000001
v 6.000000 19.000000 -4.000001
v 6.000000 -0.000000 -3.000000
v 6.000000 13.000000 -3.000001
v 5.000000 15.000000 -4.000001
v 6.000000 15.000000 -3.000001
v 6.000000 15.000000 -4.000001
v 6.000000 16.000000 -3.000001
v 6.000000 17.000000 -3.000001
v 6.000000 18.000000 -3.000001
v 5.000000 20.000000 -4.000001
v 6.000000 20.000000 -4.000001
v 6.000000 19.000000 -3.000001
v 6.000000 20.000000 -3.000001
v 5.000000 21.000000 -4.000001
v 5.000000 22.000000 -4.000001
v 6.000000 21.000000 -3.000002
v 6.000000 21.000000 -4.000001
v 6.000000 22.000000 -4.000001
v 6.000000 22.000000 -3.000002
v 6.000000 -0.000000 -2.000000
v 6.000000 3.000000 -2.000000
v 6.000000 4.000000 -2.000000
v 6.000000 5.000000 -2.000000
v 5.000000 14.000000 -2.000001
v 5.000000 14.000000 -3.000001
v 6.000000 14.000000 -3.000001
v 6.000000 13.000000 -2.000001
v 6.000000 14.000000 -2.000001
v 6.000000 15.000000 -2.000001
v 6.000000 20.000000 -2.000001
v 6.000000 21.000000 -2.000002
v 6.000000 22.000000 -2.000002
v 6.000000 -0.000000 -1.000000
v 6.000000 3.000000 -1.000000
v 6.000000 2.000000 -1.000000
v 6.000000 5.000000 -1.000000
v 6.000000 6.000000 -1.000000
v 6.000000 12.000000 -1.000001
v 6.000000 12.000000 -2.000001
v 6.000000 13.000000 -1.000001
v 5.000000 15.000000 -1.000001
v 6.000000 15.000000 -1.000001
v 6.000000 16.000000 -2.000001
v 6.000000 16.000000 -1.000001
v 6.000000 17.000000 -1.000001
v 6.000000 17.000000 -2.000001
v 6.000000 18.000000 -2.000001
v 6.000000 18.000000 -1.000001
v 5.000000 20.000000 -1.000002
v 6.000000 19.000000 -1.000001
v 6.000000 19.000000 -2.000001
v 6.000000 20.000000 -1.000002
v 5.000000 21.000000 -1.000002
v 5.000000 22.000000 -1.000002
v 6.000000 21.000000 -1.000002
v 6.000000 22.000000 -1.000002
v 6.000000 0.000000 0.000000
v 6.000000 2.000000 -0.000000
v 6.000000 6.000000 -0.000000
v 6.000000 11.000000 -0.000001
v 6.000000 11.000000 -1.000001
v 6.000000 12.000000 -0.000001
v 5.000000 12.888900 -0.000001
v 6.000000 12.888900 -0.000001
v 6.000000 12.888900 -1.000001
v 5.000000 12.888900 -1.000001
v 6.000000 16.000000 -0.000001
v 6.000000 17.000000 -0.000001
v 6.000000 18.000000 -0.000001
v 6.000000 19.000000 -0.000001
v 6.000000 0.000000 1.000000
v 6.000000 2.000000 1.000000
v 6.000000 6.000000 1.000000
v 6.000000 11.000000 0.999999
v 6.000000 12.000000 0.999999
v 5.000000 12.888900 0.999999
v 6.000000 12.888900 0.999999
v 6.000000 12.888900 -0.000001
v 5.000000 12.888900 -0.000001
v 6.000000 0.000000 2.000000
v 6.000000 3.000000 1.000000
v 6.000000 2.000000 2.000000
v 6.000000 3.000000 2.000000
v 6.000000 6.000000 2.000000
v 6.000000 13.000000 0.999999
v 6.000000 12.000000 1.999999
v 6.000000 13.000000 1.999999
v 6.000000 0.000000 3.000000
v 6.000000 4.000000 2.000000
v 6.000000 5.000000 2.000000
v 6.000000 13.000000 2.999999
v 6.000000 0.000000 4.000000
v 6.000000 13.000000 3.999999
v 6.000000 0.000000 5.000000
v 6.000000 13.000000 4.999999
v 6.000000 18.000000 4.999999
v 6.000000 18.000000 3.999999
v 6.000000 19.000000 3.999999
v 6.000000 19.000000 4.999999
v 6.000000 0.000000 6.000000
v 6.000000 13.000000 5.999999
v 6.000000 18.000000 5.999999
v 6.000000 19.000000 5.999999
v 6.000000 0.000001 7.000000
v 5.000000 14.000000 5.999999
v 6.000000 14.000000 5.999999
v 6.000000 14.000001 6.999999
v 6.000000 18.000000 6.999999
v 6.000000 19.000000 6.999999
v 6.000000 0.000001 8.000000
v 6.000000 14.000001 7.999999
v 6.000000 0.000001 9.000000
v 6.000000 15.000001 7.999999
v 6.000000 15.000001 8.999999
v 6.000000 0.000001 10.000000
v 6.000000 16.000000 8.999999
v 6.000000 15.000001 9.999999
v 6.000000 16.000000 9.999999
v 6.000000 17.000000 9.999999
v 6.000000 17.000000 8.999999
v 6.000000 18.000000 8.999999
v 6.000000 18.000000 9.999999
v 6.000000 0.000001 11.000000
v 6.000000 1.000001 11.000000
v 6.000000 2.000001 11.000000
v 6.000000 3.000001 11.000000
v 6.000000 4.000001 11.000000
v 6.000000 5.000001 11.000000
v 6.000000 6.000001 11.000000
v 6.000000 7.000001 10.999999
v 6.000000 8.000001 10.999999
v 6.000000 9.000001 10.999999
v 6.000000 10.000001 10.999999
v 6.000000 11.000001 10.999999
v 6.000000 12.000001 10.999999
v 6.000000 13.000001 10.999999
v 6.000000 14.000001 10.999999
v 6.000000 15.000001 10.999999
v 6.000000 16.000000 10.999999
v 6.000000 17.000000 10.999999
v 6.000000 18.000000 10.999999
v 7.000000 -0.000001 -9.000000
v 7.000000 -0.000001 -10.000000
v 7.000000 0.999999 -10.000000
v 7.000000 1.999999 -10.000000
v 7.000000 2.999999 -10.000000
v 7.000000 3.999999 -10.000000
v 7.000000 4.999999 -10.000000
v 7.000000 5.999999 -10.000000
v 7.000000 6.999999 -10.000001
v 7.000000 7.999999 -10.000001
v 7.000000 8.999999 -10.000001
v 7.000000 9.999999 -10.000001
v 7.000000 10.999999 -10.000001
v 7.000000 11.999999 -10.000001
v 7.000000 12.999999 -10.000001
v 7.000000 13.999999 -10.000001
v 6.000000 14.999999 -9.000001
v 6.000000 14.999999 -10.000001
v 7.000000 14.999999 -10.000001
v 7.000000 13.999999 -9.000001
v 7.000000 14.999999 -9.000001
v 7.000000 15.999999 -10.000001
v 7.000000 15.999999 -9.000001
v 7.000000 17.000000 -10.000001
v 7.000000 18.000000 -10.000001
v 7.000000 19.000000 -10.000002
v 7.000000 20.000000 -10.000002
v 7.000000 21.000000 -10.000002
v 7.000000 22.000000 -10.000002
v 7.000000 21.000000 -9.000002
v 7.000000 22.000000 -9.000002
v 7.000000 23.000000 -10.000002
v 6.000000 24.000000 -9.000002
v 6.000000 24.000000 -10.000002
v 7.000000 24.000000 -10.000002
v 7.000000 23.000000 -9.000002
v 7.000000 24.000000 -9.000002
v 7.000000 -0.000001 -8.000000
v 7.000000 12.999999 -8.000001
v 7.000000 12.999999 -9.000001
v 7.000000 13.999999 -8.000001
v 6.000000 15.999999 -8.000001
v 7.000000 15.999999 -8.000001
v 7.000000 17.000000 -9.000001
v 7.000000 17.000000 -8.000001
v 7.000000 18.000000 -8.000001
v 7.000000 18.000000 -9.000001
v 7.000000 19.000000 -9.000002
v 7.000000 19.000000 -8.000002
v 6.000000 21.000000 -8.000002
v 7.000000 20.000000 -8.000002
v 7.000000 20.000000 -9.000002
v 7.000000 21.000000 -8.000002
v 6.000000 22.000000 -8.000002
v 6.000000 23.000000 -8.000002
v 7.000000 22.000000 -8.000002
v 7.000000 23.000000 -8.000002
v 7.000000 -0.000001 -7.000000
v 7.000000 11.999999 -7.000001
v 7.000000 11.999999 -8.000001
v 7.000000 12.999999 -7.000001
v 7.000000 13.999999 -7.000001
v 7.000000 17.000000 -7.000001
v 7.000000 18.000000 -7.000001
v 7.000000 19.000000 -7.000001
v 7.000000 20.000000 -7.000001
v 7.000000 -0.000000 -6.000000
v 7.000000 13.000000 -6.000001
v 7.000000 14.000000 -6.000001
v 7.000000 -0.000000 -5.000000
v 7.000000 13.000000 -5.000001
v 7.000000 14.000000 -5.000001
v 7.000000 -0.000000 -4.000000
v 7.000000 13.000000 -4.000001
v 7.000000 14.000000 -4.000001
v 7.000000 16.000000 -4.000001
v 7.000000 16.000000 -5.000001
v 7.000000 17.000000 -5.000001
v 7.000000 17.000000 -4.000001
v 7.000000 18.000000 -4.000001
v 7.000000 18.000000 -5.000001
v 7.000000 19.000000 -5.000001
v 7.000000 19.000000 -4.000001
v 7.000000 -0.000000 -3.000000
v 7.000000 13.000000 -3.000001
v 7.000000 14.000000 -3.000001
v 7.000000 16.000000 -3.000001
v 7.000000 17.000000 -3.000001
v 7.000000 18.000000 -3.000001
v 7.000000 19.000000 -3.000001
v 7.000000 -0.000000 -2.000000
v 7.000000 3.000000 -2.000000
v 7.000000 4.000000 -2.000000
v 7.000000 5.000000 -2.000000
v 7.000000 12.000000 -2.000001
v 7.000000 12.000000 -3.000001
v 7.000000 13.000000 -2.000001
v 7.000000 15.000000 -2.000001
v 7.000000 15.000000 -3.000001
v 7.000000 16.000000 -2.000001
v 7.000000 17.000000 -2.000001
v 7.000000 18.000000 -2.000001
v 7.000000 20.000000 -3.000001
v 7.000000 19.000000 -2.000001
v 7.000000 20.000000 -2.000001
v 7.000000 21.000000 -2.000002
v 7.000000 21.000000 -3.000002
v 7.000000 22.000000 -3.000002
v 7.000000 22.000000 -2.000002
v 7.000000 -0.000000 -1.000000
v 7.000000 2.000000 -1.000000
v 7.000000 2.000000 -2.000000
v 7.000000 3.000000 -1.000000
v 7.000000 5.000000 -1.000000
v 7.000000 6.000000 -1.000000
v 7.000000 11.000000 -1.000001
v 7.000000 11.000000 -2.000001
v 7.000000 12.000000 -1.000001
v 6.000000 12.888900 -1.000001
v 7.000000 12.888900 -1.000001
v 7.000000 12.888900 -2.000001
v 6.000000 12.888900 -2.000001
v 7.000000 16.000000 -1.000001
v 7.000000 17.000000 -1.000001
v 7.000000 18.000000 -1.000001
v 7.000000 19.000000 -1.000001
v 7.000000 0.000000 0.000000
v 7.000000 1.000000 -0.000000
v 7.000000 1.000000 -1.000000
v 7.000000 2.000000 -0.000000
v 7.000000 6.000000 -0.000000
v 7.000000 11.000000 -0.000001
v 6.000000 12.888900 -0.000001
v 7.000000 12.888900 -0.000001
v 7.000000 12.888900 -1.000001
v 6.000000 12.888900 -1.000001
v 7.000000 16.000000 -0.000001
v 7.000000 17.000000 -0.000001
v 7.000000 18.000000 -0.000001
v 7.000000 19.000000 -0.000001
v 7.000000 0.000000 1.000000
v 7.000000 1.000000 1.000000
v 7.000000 2.000000 1.000000
v 7.000000 6.000000 1.000000
v 7.000000 11.000000 0.999999
v 6.000000 12.888900 0.999999
v 7.000000 12.888900 0.999999
v 7.000000 12.888900 -0.000001
v 6.000000 12.888900 -0.000001
v 7.000000 0.000000 2.000000
v 7.000000 2.000000 2.000000
v 7.000000 6.000000 2.000000
v 7.000000 12.000000 0.999999
v 7.000000 12.000000 1.999999
v 6.000000 12.888900 1.999999
v 7.000000 12.888900 1.999999
v 7.000000 12.888900 0.999999
v 6.000000 12.888900 0.999999
v 7.000000 0.000000 3.000000
v 7.000000 3.000000 2.000000
v 7.000000 4.000000 2.000000
v 7.000000 5.000000 2.000000
v 7.000000 13.000000 1.999999
v 7.000000 13.000000 2.999999
v 7.000000 0.000000 4.000000
v 7.000000 13.000000 3.999999
v 7.000000 0.000000 5.000000
v 7.000000 13.000000 4.999999
v 7.000000 0.000000 6.000000
v 6.000000 14.000000 4.999999
v 7.000000 14.000000 4.999999
v 7.000000 14.000000 5.999999
v 7.000000 0.000001 7.000000
v 7.000000 14.000001 6.999999
v 7.000000 0.000001 8.000000
v 7.000000 14.000001 7.999999
v 7.000000 0.000001 9.000000
v 7.000000 15.000001 7.999999
v 7.000000 14.000001 8.999999
v 7.000000 15.000001 8.999999
v 7.000000 0.000001 10.000000
v 7.000000 15.000001 9.999999
v 7.000000 0.000001 11.000000
v 7.000000 1.000001 11.000000
v 7.000000 2.000001 11.000000
v 7.000000 3.000001 11.000000
v 7.000000 4.000001 11.000000
v 7.000000 5.000001 11.000000
v 7.000000 6.000001 11.000000
v 7.000000 7.000001 10.999999
v 7.000000 8.000001 10.999999
v 7.000000 9.000001 10.999999
v 7.000000 10.000001 10.999999
v 7.000000 11.000001 10.999999
v 7.000000 12.000001 10.999999
v 7.000000 13.000001 10.999999
v 7.000000 14.000001 10.999999
v 7.000000 15.000001 10.999999
v 7.000000 16.000000 9.999999
v 7.000000 16.000000 10.999999
v 7.000000 17.000000 10.999999
v 7.000000 17.000000 9.999999
v 7.000000 18.000000 9.999999
v 7.000000 18.000000 10.999999
v 8.000000 -0.000001 -9.000000
v 8.000000 -0.000001 -10.000000
v 8.000000 0.999999 -10.000000
v 8.000000 1.999999 -10.000000
v 8.000000 2.999999 -10.000000
v 8.000000 3.999999 -10.000000
v 8.000000 4.999999 -10.000000
v 8.000000 5.999999 -10.000000
v 8.000000 6.999999 -10.000001
v 8.000000 7.999999 -10.000001
v 8.000000 8.999999 -10.000001
v 8.000000 9.999999 -10.000001
v 8.000000 10.999999 -10.000001
v 8.000000 11.999999 -10.000001
v 8.000000 12.999999 -10.000001
v 8.000000 11.999999 -9.000001
v 8.000000 12.999999 -9.000001
v 8.000000 13.999999 -10.000001
v 8.000000 13.999999 -9.000001
v 8.000000 15.999999 -9.000001
v 8.000000 15.999999 -10.000001
v 8.000000 17.000000 -10.000001
v 8.000000 17.000000 -9.000001
v 8.000000 18.000000 -10.000001
v 8.000000 19.000000 -10.000002
v 8.000000 18.000000 -9.000001
v 8.000000 19.000000 -9.000002
v 8.000000 20.000000 -10.000002
v 8.000000 21.000000 -10.000002
v 8.000000 20.000000 -9.000002
v 8.000000 21.000000 -9.000002
v 8.000000 22.000000 -9.000002
v 8.000000 22.000000 -10.000002
v 8.000000 23.000000 -10.000002
v 8.000000 23.000000 -9.000002
v 8.000000 -0.000001 -8.000000
v 8.000000 11.999999 -8.000001
v 8.000000 12.999999 -8.000001
v 8.000000 17.000000 -8.000001
v 8.000000 18.000000 -8.000001
v 8.000000 19.000000 -8.000002
v 8.000000 20.000000 -8.000002
v 8.000000 -0.000001 -7.000000
v 8.000000 10.999999 -7.000001
v 8.000000 10.999999 -8.000001
v 8.000000 11.999999 -7.000001
v 7.000000 12.888899 -7.000001
v 8.000000 12.888899 -7.000001
v 8.000000 12.888899 -8.000001
v 7.000000 12.888899 -8.000001
v 8.000000 17.000000 -7.000001
v 8.000000 18.000000 -7.000001
v 8.000000 19.000000 -7.000001
v 8.000000 20.000000 -7.000001
v 8.000000 -0.000000 -6.000000
v 8.000000 12.999999 -7.000001
v 8.000000 12.000000 -6.000001
v 8.000000 13.000000 -6.000001
v 8.000000 -0.000000 -5.000000
v 8.000000 12.000000 -5.000001
v 8.000000 13.000000 -5.000001
v 8.000000 -0.000000 -4.000000
v 8.000000 13.000000 -4.000001
v 8.000000 -0.000000 -3.000000
v 8.000000 13.000000 -3.000001
v 8.000000 12.000000 -3.000001
v 8.000000 16.000000 -3.000001
v 8.000000 16.000000 -4.000001
v 8.000000 17.000000 -4.000001
v 8.000000 17.000000 -3.000001
v 8.000000 18.000000 -3.000001
v 8.000000 18.000000 -4.000001
v 8.000000 19.000000 -4.000001
v 8.000000 19.000000 -3.000001
v 8.000000 -0.000000 -2.000000
v 8.000000 2.000000 -2.000000
v 8.000000 3.000000 -2.000000
v 8.000000 4.000000 -2.000000
v 8.000000 5.000000 -2.000000
v 8.000000 12.000000 -2.000001
v 8.000000 11.000000 -2.000001
v 7.000000 12.888900 -2.000001
v 8.000000 12.888900 -2.000001
v 8.000000 12.888900 -3.000001
v 7.000000 12.888900 -3.000001
v 8.000000 16.000000 -2.000001
v 8.000000 17.000000 -2.000001
v 8.000000 18.000000 -2.000001
v 8.000000 19.000000 -2.000001
v 8.000000 -0.000000 -1.000000
v 8.000000 1.000000 -1.000000
v 8.000000 1.000000 -2.000000
v 8.000000 2.000000 -1.000000
v 8.000000 5.000000 -1.000000
v 8.000000 6.000000 -1.000000
v 8.000000 11.000000 -1.000001
v 7.000000 12.888900 -1.000001
v 8.000000 12.888900 -1.000001
v 8.000000 12.888900 -2.000001
v 7.000000 12.888900 -2.000001
v 8.000000 16.000000 -1.000001
v 8.000000 17.000000 -1.000001
v 8.000000 18.000000 -1.000001
v 8.000000 19.000000 -1.000001
v 8.000000 0.000000 0.000000
v 8.000000 1.000000 -0.000000
v 8.000000 6.000000 -0.000000
v 8.000000 11.000000 -0.000001
v 7.000000 12.888900 -0.000001
v 8.000000 12.888900 -0.000001
v 8.000000 12.888900 -1.000001
v 7.000000 12.888900 -1.000001
v 8.000000 0.000000 1.000000
v 8.000000 1.000000 1.000000
v 8.000000 6.000000 1.000000
v 8.000000 11.000000 0.999999
v 7.000000 12.888900 0.999999
v 8.000000 12.888900 0.999999
v 8.000000 12.888900 -0.000001
v 7.000000 12.888900 -0.000001
v 8.000000 0.000000 2.000000
v 8.000000 2.000000 1.000000
v 8.000000 1.000000 2.000000
v 8.000000 2.000000 2.000000
v 7.000000 5.000000 1.000000
v 8.000000 5.000000 2.000000
v 8.000000 5.000000 1.000000
v 8.000000 12.000000 0.999999
v 8.000000 11.000000 1.999999
v 8.000000 12.000000 1.999999
v 7.000000 12.888900 1.999999
v 8.000000 12.888900 1.999999
v 8.000000 12.888900 0.999999
v 7.000000 12.888900 0.999999
v 8.000000 0.000000 3.000000
v 8.000000 3.000000 2.000000
v 8.000000 4.000000 2.000000
v 8.000000 13.000000 1.999999
v 8.000000 13.000000 2.999999
v 8.000000 0.000000 4.000000
v 8.000000 13.000000 3.999999
v 7.000000 20.000000 2.999999
v 7.000000 20.000000 3.999999
v 7.000000 21.000000 3.999998
v 7.000000 21.000000 2.999998
v 8.000000 20.000000 3.999999
v 8.000000 20.000000 2.999999
v 8.000000 21.000000 2.999998
v 8.000000 21.000000 3.999998
v 8.000000 0.000000 5.000000
v 7.000000 14.000000 3.999999
v 8.000000 14.000000 3.999999
v 8.000000 14.000000 4.999999
v 7.000000 20.000000 4.999999
v 7.000000 21.000000 4.999999
v 8.000000 20.000000 4.999999
v 8.000000 21.000000 4.999999
v 8.000000 0.000000 6.000000
v 8.000000 14.000000 5.999999
v 7.000000 20.000000 5.999999
v 7.000000 21.000000 5.999999
v 8.000000 20.000000 5.999999
v 8.000000 21.000000 5.999999
v 8.000000 0.000001 7.000000
v 8.000000 14.000001 6.999999
v 8.000000 0.000001 8.000000
v 8.000000 14.000001 7.999999
v 8.000000 0.000001 9.000000
v 8.000000 14.000001 8.999999
v 8.000000 0.000001 10.000000
v 8.000000 15.000001 8.999999
v 8.000000 14.000001 9.999999
v 8.000000 15.000001 9.999999
v 8.000000 0.000001 11.000000
v 8.000000 1.000001 11.000000
v 8.000000 2.000001 11.000000
v 8.000000 3.000001 11.000000
v 8.000000 4.000001 11.000000
v 8.000000 5.000001 11.000000
v 8.000000 6.000001 11.000000
v 8.000000 7.000001 10.999999
v 8.000000 8.000001 10.999999
v 8.000000 9.000001 10.999999
v 8.000000 10.000001 10.999999
v 8.000000 11.000001 10.999999
v 8.000000 12.000001 10.999999
v 8.000000 13.000001 10.999999
v 8.000000 14.000001 10.999999
v 8.000000 15.000001 10.999999
v 9.000000 -0.000001 -9.000000
v 9.000000 -0.000001 -10.000000
v 9.000000 0.999999 -10.000000
v 9.000000 1.999999 -10.000000
v 9.000000 2.999999 -10.000000
v 9.000000 3.999999 -10.000000
v 9.000000 4.999999 -10.000000
v 9.000000 5.999999 -10.000000
v 9.000000 6.999999 -10.000001
v 9.000000 7.999999 -10.000001
v 9.000000 8.999999 -10.000001
v 9.000000 9.999999 -10.000001
v 9.000000 10.999999 -10.000001
v 9.000000 11.999999 -10.000001
v 9.000000 11.999999 -9.000001
v 8.000000 12.888899 -10.000001
v 9.000000 12.888899 -10.000001
v 8.000000 12.888899 -9.000001
v 9.000000 12.888899 -9.000001
v 9.000000 17.000000 -9.000001
v 9.000000 17.000000 -10.000001
v 9.000000 18.000000 -10.000001
v 9.000000 18.000000 -9.000001
v 9.000000 19.000000 -9.000002
v 9.000000 19.000000 -10.000002
v 9.000000 20.000000 -10.000002
v 9.000000 20.000000 -9.000002
v 9.000000 -0.000001 -8.000000
v 9.000000 10.999999 -8.000001
v 9.000000 10.999999 -9.000001
v 9.000000 11.999999 -8.000001
v 8.000000 12.888899 -8.000001
v 9.000000 12.888899 -8.000001
v 9.000000 12.888899 -9.000001
v 8.000000 12.888899 -9.000001
v 9.000000 17.000000 -8.000001
v 9.000000 18.000000 -8.000001
v 9.000000 19.000000 -8.000002
v 9.000000 20.000000 -8.000002
v 9.000000 -0.000001 -7.000000
v 9.000000 10.999999 -7.000001
v 8.000000 12.888899 -7.000001
v 9.000000 12.888899 -7.000001
v 9.000000 12.888899 -8.000001
v 8.000000 12.888899 -8.000001
v 9.000000 -0.000000 -6.000000
v 9.000000 11.999999 -7.000001
v 9.000000 11.000000 -6.000001
v 9.000000 12.000000 -6.000001
v 8.000000 12.888900 -6.000001
v 9.000000 12.888900 -6.000001
v 9.000000 12.888899 -7.000001
v 8.000000 12.888899 -7.000001
v 9.000000 -0.000000 -5.000000
v 9.000000 12.000000 -5.000001
v 8.000000 12.888900 -5.000001
v 9.000000 12.888900 -5.000001
v 9.000000 12.888900 -6.000001
v 8.000000 12.888900 -6.000001
v 9.000000 -0.000000 -4.000000
v 9.000000 13.000000 -5.000001
v 9.000000 12.000000 -4.000001
v 9.000000 13.000000 -4.000001
v 9.000000 -0.000000 -3.000000
v 9.000000 12.000000 -3.000001
v 9.000000 13.000000 -3.000001
v 9.000000 -0.000000 -2.000000
v 9.000000 1.000000 -2.000000
v 9.000000 2.000000 -2.000000
v 9.000000 3.000000 -2.000000
v 9.000000 4.000000 -2.000000
v 9.000000 5.000000 -2.000000
v 9.000000 12.000000 -2.000001
v 9.000000 11.000000 -2.000001
v 8.000000 12.888900 -2.000001
v 9.000000 12.888900 -2.000001
v 9.000000 12.888900 -3.000001
v 8.000000 12.888900 -3.000001
v 9.000000 -0.000000 -1.000000
v 9.000000 1.000000 -1.000000
v 9.000000 5.000000 -1.000000
v 9.000000 11.000000 -1.000001
v 8.000000 12.888900 -1.000001
v 9.000000 12.888900 -1.000001
v 9.000000 12.888900 -2.000001
v 8.000000 12.888900 -2.000001
v 9.000000 0.000000 0.000000
v 9.000000 1.000000 -0.000000
v 8.000000 5.000000 -0.000000
v 9.000000 5.000000 -0.000000
v 9.000000 11.000000 -0.000001
v 8.000000 12.888900 -0.000001
v 9.000000 12.888900 -0.000001
v 9.000000 12.888900 -1.000001
v 8.000000 12.888900 -1.000001
v 9.000000 0.000000 1.000000
v 9.000000 1.000000 1.000000
v 9.000000 5.000000 1.000000
v 9.000000 11.000000 0.999999
v 8.000000 12.888900 0.999999
v 9.000000 12.888900 0.999999
v 9.000000 12.888900 -0.000001
v 8.000000 12.888900 -0.000001
v 9.000000 0.000000 2.000000
v 9.000000 1.000000 2.000000
v 9.000000 5.000000 2.000000
v 9.000000 11.000000 1.999999
v 8.000000 12.888900 1.999999
v 9.000000 12.888900 1.999999
v 9.000000 12.888900 0.999999
v 8.000000 12.888900 0.999999
v 9.000000 0.000000 3.000000
v 9.000000 2.000000 2.000000
v 9.000000 3.000000 2.000000
v 9.000000 4.000000 2.000000
v 9.000000 12.000000 1.999999
v 9.000000 13.000000 1.999999
v 8.000000 14.000000 2.999999
v 8.000000 14.000000 1.999999
v 9.000000 14.000000 1.999999
v 9.000000 14.000000 2.999999
v 8.000000 20.000000 1.999998
v 8.000000 21.000000 1.999998
v 9.000000 20.000000 2.999999
v 9.000000 20.000000 1.999998
v 9.000000 21.000000 1.999998
v 9.000000 21.000000 2.999998
v 9.000000 0.000000 4.000000
v 9.000000 14.000000 3.999999
v 9.000000 20.000000 3.999999
v 9.000000 21.000000 3.999998
v 9.000000 0.000000 5.000000
v 9.000000 14.000000 4.999999
v 8.000000 19.000000 3.999999
v 8.000000 19.000000 4.999999
v 9.000000 19.000000 4.999999
v 9.000000 19.000000 3.999999
v 9.000000 20.000000 4.999999
v 8.000000 22.000000 4.999999
v 8.000000 22.000000 3.999998
v 9.000000 22.000000 3.999998
v 9.000000 22.000000 4.999999
v 9.000000 21.000000 4.999999
v 9.000000 0.000000 6.000000
v 9.000000 14.000000 5.999999
v 9.000000 20.000000 5.999999
v 9.000000 21.000000 5.999999
v 9.000000 0.000001 7.000000
v 9.000000 14.000001 6.999999
v 8.000000 20.000000 6.999999
v 8.000000 21.000000 6.999999
v 9.000000 20.000000 6.999999
v 9.000000 21.000000 6.999999
v 9.000000 0.000001 8.000000
v 9.000000 14.000001 7.999999
v 9.000000 0.000001 9.000000
v 9.000000 14.000001 8.999999
v 9.000000 0.000001 10.000000
v 9.000000 14.000001 9.999999
v 9.000000 0.000001 11.000000
v 9.000000 1.000001 11.000000
v 9.000000 2.000001 11.000000
v 9.000000 3.000001 11.000000
v 9.000000 4.000001 11.000000
v 9.000000 5.000001 11.000000
v 9.000000 6.000001 11.000000
v 9.000000 7.000001 10.999999
v 9.000000 8.000001 10.999999
v 9.000000 9.000001 10.999999
v 9.000000 10.000001 10.999999
v 9.000000 11.000001 10.999999
v 9.000000 12.000001 10.999999
v 9.000000 13.000001 10.999999
v 9.000000 14.000001 10.999999
v 10.000000 -0.000001 -9.000000
v 10.000000 -0.000001 -10.000000
v 10.000000 0.999999 -10.000000
v 10.000000 0.999999 -9.000000
v 10.000000 1.999999 -10.000000
v 10.000000 1.999999 -9.000000
v 10.000000 2.999999 -10.000000
v 10.000000 2.999999 -9.000000
v 10.000000 3.999999 -10.000000
v 10.000000 3.999999 -9.000000
v 10.000000 4.999999 -10.000000
v 10.000000 5.000000 -9.000000
v 10.000000 5.999999 -10.000000
v 10.000000 6.000000 -9.000000
v 10.000000 6.999999 -10.000001
v 10.000000 7.000000 -9.000001
v 10.000000 7.999999 -10.000001
v 10.000000 8.000000 -9.000001
v 10.000000 8.999999 -10.000001
v 10.000000 8.999999 -9.000001
v 10.000000 9.999999 -10.000001
v 10.000000 9.999999 -9.000001
v 10.000000 10.999999 -10.000001
v 10.000000 10.999999 -9.000001
v 10.000000 11.999999 -10.000001
v 10.000000 11.999999 -9.000001
v 9.000000 12.888899 -10.000001
v 10.000000 12.888899 -10.000001
v 10.000000 12.888899 -9.000001
v 9.000000 12.888899 -9.000001
v 10.000000 -0.000001 -8.000000
v 10.000000 0.999999 -8.000000
v 10.000000 1.999999 -8.000000
v 10.000000 2.999999 -8.000000
v 10.000000 3.999999 -8.000000
v 10.000000 5.000000 -8.000000
v 10.000000 6.000000 -8.000000
v 10.000000 7.000000 -8.000001
v 10.000000 8.000000 -8.000001
v 10.000000 8.999999 -8.000001
v 10.000000 9.999999 -8.000001
v 10.000000 10.999999 -8.000001
v 10.000000 11.999999 -8.000001
v 10.000000 12.888899 -9.000001
v 10.000000 12.888899 -8.000001
v 9.000000 12.888899 -8.000001
v 9.000000 12.888899 -9.000001
v 10.000000 -0.000001 -7.000000
v 10.000000 0.999999 -7.000000
v 10.000000 2.000000 -7.000000
v 10.000000 3.000000 -7.000000
v 10.000000 4.000000 -7.000000
v 10.000000 5.000000 -7.000000
v 10.000000 6.000000 -7.000000
v 10.000000 7.000000 -7.000000
v 10.000000 8.000000 -7.000000
v 10.000000 8.999999 -7.000000
v 10.000000 9.999999 -7.000001
v 10.000000 10.999999 -7.000001
v 10.000000 11.999999 -7.000001
v 10.000000 12.888899 -8.000001
v 10.000000 12.888899 -7.000001
v 9.000000 12.888899 -7.000001
v 9.000000 12.888899 -8.000001
v 10.000000 -0.000000 -6.000000
v 10.000000 1.000000 -6.000000
v 10.000000 2.000000 -6.000000
v 10.000000 3.000000 -6.000000
v 10.000000 4.000000 -6.000000
v 10.000000 5.000000 -6.000000
v 10.000000 6.000000 -6.000000
v 10.000000 7.000000 -6.000000
v 10.000000 8.000000 -6.000000
v 10.000000 9.000000 -6.000000
v 10.000000 10.000000 -6.000001
v 10.000000 11.000000 -6.000001
v 10.000000 12.000000 -6.000001
v 10.000000 12.888899 -7.000001
v 10.000000 12.888900 -6.000001
v 9.000000 12.888900 -6.000001
v 9.000000 12.888899 -7.000001
v 10.000000 -0.000000 -5.000000
v 10.000000 1.000000 -5.000000
v 10.000000 2.000000 -5.000000
v 10.000000 3.000000 -5.000000
v 10.000000 4.000000 -5.000000
v 10.000000 5.000000 -5.000000
v 10.000000 6.000000 -5.000000
v 10.000000 7.000000 -5.000000
v 10.000000 8.000000 -5.000000
v 10.000000 9.000000 -5.000000
v 10.000000 10.000000 -5.000001
v 10.000000 11.000000 -5.000001
v 10.000000 12.000000 -5.000001
v 10.000000 12.888900 -6.000001
v 10.000000 12.888900 -5.000001
v 9.000000 12.888900 -5.000001
v 9.000000 12.888900 -6.000001
v 10.000000 -0.000000 -4.000000
v 10.000000 1.000000 -4.000000
v 10.000000 2.000000 -4.000000
v 10.000000 3.000000 -4.000000
v 10.000000 4.000000 -4.000000
v 10.000000 5.000000 -4.000000
v 10.000000 6.000000 -4.000000
v 10.000000 7.000000 -4.000000
v 10.000000 8.000000 -4.000000
v 10.000000 9.000000 -4.000000
v 10.000000 10.000000 -4.000001
v 10.000000 11.000000 -4.000001
v 10.000000 12.000000 -4.000001
v 10.000000 12.888900 -5.000001
v 10.000000 12.888900 -4.000001
v 9.000000 12.888900 -4.000001
v 9.000000 12.888900 -5.000001
v 10.000000 -0.000000 -3.000000
v 10.000000 1.000000 -3.000000
v 10.000000 2.000000 -3.000000
v 10.000000 3.000000 -3.000000
v 10.000000 4.000000 -3.000000
v 10.000000 5.000000 -3.000000
v 10.000000 6.000000 -3.000000
v 10.000000 7.000000 -3.000000
v 10.000000 8.000000 -3.000001
v 10.000000 9.000000 -3.000001
v 10.000000 10.000000 -3.000001
v 10.000000 11.000000 -3.000001
v 10.000000 12.000000 -3.000001
v 10.000000 12.888900 -4.000001
v 10.000000 12.888900 -3.000001
v 9.000000 12.888900 -3.000001
v 9.000000 12.888900 -4.000001
v 10.000000 -0.000000 -2.000000
v 10.000000 1.000000 -2.000000
v 10.000000 2.000000 -2.000000
v 10.000000 3.000000 -2.000000
v 10.000000 4.000000 -2.000000
v 10.000000 5.000000 -2.000000
v 10.000000 6.000000 -2.000000
v 10.000000 7.000000 -2.000000
v 10.000000 8.000000 -2.000001
v 10.000000 9.000000 -2.000001
v 10.000000 10.000000 -2.000001
v 10.000000 11.000000 -2.000001
v 10.000000 12.000000 -2.000001
v 10.000000 12.888900 -3.000001
v 10.000000 12.888900 -2.000001
v 9.000000 12.888900 -2.000001
v 9.000000 12.888900 -3.000001
v 10.000000 -0.000000 -1.000000
v 10.000000 1.000000 -1.000000
v 9.000000 4.000000 -1.000000
v 10.000000 4.000000 -1.000000
v 10.000000 5.000000 -1.000000
v 10.000000 6.000000 -1.000000
v 10.000000 7.000000 -1.000000
v 10.000000 8.000000 -1.000001
v 10.000000 9.000000 -1.000001
v 10.000000 10.000000 -1.000001
v 10.000000 11.000000 -1.000001
v 10.000000 12.000000 -1.000001
v 10.000000 12.888900 -2.000001
v 10.000000 12.888900 -1.000001
v 9.000000 12.888900 -1.000001
v 9.000000 12.888900 -2.000001
v 10.000000 0.000000 0.000000
v 10.000000 1.000000 -0.000000
v 10.000000 5.000000 -0.000000
v 10.000000 6.000000 -0.000000
v 10.000000 7.000000 -0.000001
v 10.000000 8.000000 -0.000001
v 10.000000 9.000000 -0.000001
v 10.000000 10.000000 -0.000001
v 10.000000 11.000000 -0.000001
v 10.000000 12.000000 -0.000001
v 10.000000 12.888900 -1.000001
v 10.000000 12.888900 -0.000001
v 9.000000 12.888900 -0.000001
v 9.000000 12.888900 -1.000001
v 10.000000 5.000000 1.000000
v 10.000000 6.000000 1.000000
v 10.000000 7.000000 0.999999
v 10.000000 8.000000 0.999999
v 10.000000 9.000000 0.999999
v 10.000000 10.000000 0.999999
v 10.000000 11.000000 0.999999
v 10.000000 12.000000 0.999999
v 10.000000 12.888900 -0.000001
v 10.000000 12.888900 0.999999
v 9.000000 12.888900 0.999999
v 9.000000 12.888900 -0.000001
v 10.000000 5.000000 2.000000
v 10.000000 6.000000 2.000000
v 10.000000 7.000000 2.000000
v 10.000000 8.000000 1.999999
v 10.000000 9.000000 1.999999
v 10.000000 10.000000 1.999999
v 10.000000 11.000000 1.999999
v 10.000000 12.000000 1.999999
v 10.000000 12.888900 0.999999
v 10.000000 12.888900 1.999999
v 9.000000 12.888900 1.999999
v 9.000000 12.888900 0.999999
v 10.000000 0.000000 3.000000
v 10.000000 0.000000 2.000000
v 10.000000 1.000000 2.000000
v 10.000000 1.000000 3.000000
v 10.000000 2.000000 2.000000
v 10.000000 2.000000 3.000000
v 10.000000 3.000000 2.000000
v 10.000000 3.000000 3.000000
v 10.000000 4.000000 2.000000
v 10.000000 4.000000 3.000000
v 10.000000 5.000000 3.000000
v 10.000000 6.000000 3.000000
v 10.000000 7.000000 3.000000
v 10.000000 8.000000 2.999999
v 10.000000 9.000000 2.999999
v 10.000000 10.000000 2.999999
v 10.000000 11.000000 2.999999
v 10.000000 12.000000 2.999999
v 10.000000 13.000000 1.999999
v 10.000000 13.000000 2.999999
v 10.000000 14.000000 1.999999
v 10.000000 14.000000 2.999999
v 10.000000 20.000000 2.999999
v 10.000000 20.000000 1.999998
v 10.000000 21.000000 1.999998
v 10.000000 21.000000 2.999998
v 10.000000 0.000000 4.000000
v 10.000000 1.000000 4.000000
v 10.000000 2.000000 4.000000
v 10.000000 3.000000 4.000000
v 10.000000 4.000000 4.000000
v 10.000000 5.000000 4.000000
v 10.000000 6.000000 4.000000
v 10.000000 7.000000 4.000000
v 10.000000 8.000000 3.999999
v 10.000000 9.000000 3.999999
v 10.000000 10.000000 3.999999
v 10.000000 11.000000 3.999999
v 10.000000 12.000000 3.999999
v 10.000000 13.000000 3.999999
v 10.000000 14.000000 3.999999
v 9.000000 19.000000 2.999999
v 10.000000 19.000000 3.999999
v 10.000000 19.000000 2.999999
v 10.000000 20.000000 3.999999
v 10.000000 21.000000 3.999998
v 9.000000 22.000000 2.999998
v 10.000000 22.000000 2.999998
v 10.000000 22.000000 3.999998
v 10.000000 0.000000 5.000000
v 10.000000 1.000000 5.000000
v 10.000000 2.000000 5.000000
v 10.000000 3.000000 5.000000
v 10.000000 4.000000 5.000000
v 10.000000 5.000000 5.000000
v 10.000000 6.000000 5.000000
v 10.000000 7.000000 5.000000
v 10.000000 8.000000 5.000000
v 10.000000 9.000000 5.000000
v 10.000000 10.000000 4.999999
v 10.000000 11.000000 4.999999
v 10.000000 12.000000 4.999999
v 10.000000 13.000000 4.999999
v 10.000000 14.000000 4.999999
v 9.000000 15.000000 4.999999
v 9.000000 15.000000 3.999999
v 10.000000 15.000000 3.999999
v 10.000000 15.000000 4.999999
v 9.000000 16.000000 4.999999
v 9.000000 16.000000 3.999999
v 10.000000 16.000000 3.999999
v 10.000000 16.000000 4.999999
v 9.000000 17.000000 4.999999
v 9.000000 17.000000 3.999999
v 10.000000 17.000000 3.999999
v 10.000000 17.000000 4.999999
v 9.000000 18.000000 4.999999
v 9.000000 18.000000 3.999999
v 10.000000 18.000000 3.999999
v 10.000000 18.000000 4.999999
v 10.000000 19.000000 4.999999
v 10.000000 20.000000 4.999999
v 10.000000 21.000000 4.999999
v 10.000000 22.000000 4.999999
v 9.000000 23.000000 4.999998
v 9.000000 23.000000 3.999998
v 10.000000 23.000000 3.999998
v 10.000000 23.000000 4.999998
v 10.000000 0.000000 6.000000
v 10.000000 1.000000 6.000000
v 10.000000 2.000000 6.000000
v 10.000000 3.000000 6.000000
v 10.000000 4.000000 6.000000
v 10.000000 5.000000 6.000000
v 10.000000 6.000000 6.000000
v 10.000000 7.000000 6.000000
v 10.000000 8.000000 6.000000
v 10.000000 9.000000 6.000000
v 10.000000 10.000000 5.999999
v 10.000000 11.000000 5.999999
v 10.000000 12.000000 5.999999
v 10.000000 13.000000 5.999999
v 10.000000 14.000000 5.999999
v 9.000000 19.000000 5.999999
v 10.000000 19.000000 5.999999
v 10.000000 20.000000 5.999999
v 10.000000 21.000000 5.999999
v 9.000000 22.000000 5.999999
v 10.000000 22.000000 5.999999
v 10.000000 0.000001 7.000000
v 10.000000 1.000000 7.000000
v 10.000000 2.000000 7.000000
v 10.000000 3.000000 7.000000
v 10.000000 4.000000 7.000000
v 10.000000 5.000000 7.000000
v 10.000000 6.000000 7.000000
v 10.000000 7.000000 7.000000
v 10.000000 8.000001 7.000000
v 10.000000 9.000001 7.000000
v 10.000000 10.000001 6.999999
v 10.000000 11.000001 6.999999
v 10.000000 12.000001 6.999999
v 10.000000 13.000001 6.999999
v 10.000000 14.000001 6.999999
v 10.000000 20.000000 6.999999
v 10.000000 21.000000 6.999999
v 10.000000 0.000001 8.000000
v 10.000000 1.000001 8.000000
v 10.000000 2.000001 8.000000
v 10.000000 3.000001 8.000000
v 10.000000 4.000000 8.000000
v 10.000000 5.000000 8.000000
v 10.000000 6.000000 8.000000
v 10.000000 7.000000 8.000000
v 10.000000 8.000001 8.000000
v 10.000000 9.000001 8.000000
v 10.000000 10.000001 7.999999
v 10.000000 11.000001 7.999999
v 10.000000 12.000001 7.999999
v 10.000000 13.000001 7.999999
v 10.000000 14.000001 7.999999
v 10.000000 0.000001 9.000000
v 10.000000 1.000001 9.000000
v 10.000000 2.000001 9.000000
v 10.000000 3.000001 9.000000
v 10.000000 4.000000 9.000000
v 10.000000 5.000000 9.000000
v 10.000000 6.000000 9.000000
v 10.000000 7.000000 8.999999
v 10.000000 8.000001 8.999999
v 10.000000 9.000001 8.999999
v 10.000000 10.000001 8.999999
v 10.000000 11.000001 8.999999
v 10.000000 12.000001 8.999999
v 10.000000 13.000001 8.999999
v 10.000000 14.000001 8.999999
v 10.000000 0.000001 10.000000
v 10.000000 1.000001 10.000000
v 10.000000 2.000001 10.000000
v 10.000000 3.000001 10.000000
v 10.000000 4.000001 10.000000
v 10.000000 5.000001 10.000000
v 10.000000 6.000001 10.000000
v 10.000000 7.000001 9.999999
v 10.000000 8.000001 9.999999
v 10.000000 9.000001 9.999999
v 10.000000 10.000001 9.999999
v 10.000000 11.000001 9.999999
v 10.000000 12.000001 9.999999
v 10.000000 13.000001 9.999999
v 10.000000 14.000001 9.999999
v 10.000000 0.000001 11.000000
v 10.000000 1.000001 11.000000
v 10.000000 2.000001 11.000000
v 10.000000 3.000001 11.000000
v 10.000000 4.000001 11.000000
v 10.000000 5.000001 11.000000
v 10.000000 6.000001 11.000000
v 10.000000 7.000001 10.999999
v 10.000000 8.000001 10.999999
v 10.000000 9.000001 10.999999
v 10.000000 10.000001 10.999999
v 10.000000 11.000001 10.999999
v 10.000000 12.000001 10.999999
v 10.000000 13.000001 10.999999
v 10.000000 14.000001 10.999999
vn -1.0000 -0.0000 -0.0000
vn -0.0000 -1.0000 -0.0000
vn -0.0000 -0.0000 -1.0000
vn -0.0000 -0.0000 1.0000
vn -0.0000 1.0000 -0.0000
vn 1.0000 -0.0000 -0.0000
vn -0.0024 1.0000 -0.0024
vn -0.0008 1.0000 0.0008
vn -0.0017 1.0000 0.0017
vn 0.0708 0.9231 -0.3779
vn 0.0678 0.9246 -0.3749
vn -0.1438 0.9629 -0.2285
vn 0.0003 0.9971 -0.0764
vn -0.0375 0.9985 -0.0409
vn 0.0024 1.0000 0.0024
vn 0.0007 1.0000 -0.0007
vn 0.0016 1.0000 -0.0016
vn 0.1785 0.8115 -0.5563
vn 0.0355 0.9929 -0.1139
vt 0.047023 0.995201
vt 0.024702 0.879677
vt 0.047023 0.879677
vt 0.024702 0.995201
vt 0.094773 0.998448
vt 0.072452 0.882923
vt 0.094773 0.882923
vt 0.022943 0.995201
vt 0.000621 0.879677
vt 0.022943 0.879677
vt 0.072452 0.998448
vt 0.000621 0.995201
vt 0.070795 0.995742
vt 0.048474 0.880218
vt 0.070795 0.880218
vt 0.048474 0.995742
vt 0.785133 0.105547
vt 0.762812 0.002859
vt 0.785133 0.002859
vt 0.977066 0.504439
vt 0.999388 0.619963
vt 0.977066 0.619963
vt 0.785133 0.118383
vt 0.999388 0.504439
vt 0.762812 0.118383
vt 0.762812 0.105547
vt 0.785133 0.047785
vt 0.762812 0.096660
vt 0.451730 0.995987
vt 0.429408 0.880462
vt 0.451730 0.880462
vt 0.429408 0.995987
vt 0.475535 0.995072
vt 0.453214 0.879548
vt 0.475535 0.879548
vt 0.453214 0.995072
vt 0.850183 0.882923
vt 0.827861 0.998448
vt 0.827861 0.882923
vt 0.118316 0.745284
vt 0.095995 0.629760
vt 0.118316 0.629760
vt 0.095995 0.745284
vt 0.499397 0.744906
vt 0.477075 0.629382
vt 0.499397 0.629382
vt 0.477075 0.744906
vt 0.594711 0.620213
vt 0.572389 0.504689
vt 0.594711 0.504689
vt 0.977090 0.507873
vt 0.999412 0.623398
vt 0.977090 0.623398
vt 0.572389 0.620213
vt 0.404674 0.757207
vt 0.382352 0.872731
vt 0.382352 0.757207
vt 0.850183 0.998448
vt 0.999412 0.507873
vt 0.404674 0.872731
s 1
usemtl MC_material
f 3/1/1 1/2/1 2/3/1
f 1/2/2 5/1/2 2/4/2
f 4/1/3 6/2/3 1/3/3
f 8/1/1 4/2/1 3/3/1
f 9/1/3 7/2/3 4/3/3
f 11/1/1 9/2/1 8/3/1
f 12/1/3 10/2/3 9/3/3
f 14/1/1 12/2/1 11/3/1
f 15/1/3 13/2/3 12/3/3
f 17/1/1 15/2/1 14/3/1
f 18/1/3 16/2/3 15/3/3
f 20/1/1 18/2/1 17/3/1
f 21/1/3 19/2/3 18/3/3
f 23/1/1 21/2/1 20/3/1
f 24/1/3 22/2/3 21/3/3
f 26/1/1 24/2/1 23/3/1
f 27/1/3 25/2/3 24/3/3
f 67/1/1 2/2/1 66/3/1
f 2/2/2 68/1/2 66/4/2
f 69/1/1 3/2/1 67/3/1
f 70/1/1 8/2/1 69/3/1
f 71/1/1 11/2/1 70/3/1
f 72/1/1 14/2/1 71/3/1
f 73/1/1 17/2/1 72/3/1
f 74/1/1 20/2/1 73/3/1
f 104/1/1 66/2/1 103/3/1
f 66/4/2 105/3/2 103/2/2
f 106/1/1 67/2/1 104/3/1
f 107/1/1 69/2/1 106/3/1
f 108/1/1 70/2/1 107/3/1
f 109/1/1 71/2/1 108/3/1
f 110/1/1 72/2/1 109/3/1
f 111/1/1 73/2/1 110/3/1
f 135/1/1 103/2/1 134/3/1
f 103/3/2 136/4/2 134/1/2
f 137/1/1 104/2/1 135/3/1
f 138/1/1 106/2/1 137/3/1
f 139/1/1 107/2/1 138/3/1
f 140/1/1 108/2/1 139/3/1
f 141/1/1 109/2/1 140/3/1
f 142/1/1 110/2/1 141/3/1
f 143/1/1 111/2/1 142/3/1
f 168/1/1 134/2/1 167/3/1
f 134/3/2 169/4/2 167/1/2
f 170/1/1 135/2/1 168/3/1
f 171/1/1 137/2/1 170/3/1
f 172/1/1 138/2/1 171/3/1
f 173/1/1 139/2/1 172/3/1
f 174/1/1 140/2/1 173/3/1
f 175/1/1 141/2/1 174/3/1
f 176/1/1 142/2/1 175/3/1
f 177/1/1 143/2/1 176/3/1
f 178/1/1 144/2/1 177/3/1
f 192/1/1 167/2/1 191/3/1
f 167/3/2 193/4/2 191/1/2
f 194/1/1 168/2/1 192/3/1
f 195/1/1 170/2/1 194/3/1
f 196/1/1 171/2/1 195/3/1
f 197/1/1 172/2/1 196/3/1
f 198/1/1 173/2/1 197/3/1
f 199/1/1 174/2/1 198/3/1
f 200/1/1 175/2/1 199/3/1
f 201/1/1 176/2/1 200/3/1
f 202/1/1 177/2/1 201/3/1
f 208/1/1 191/2/1 207/3/1
f 191/2/2 209/1/2 207/4/2
f 210/1/1 192/2/1 208/3/1
f 211/1/1 194/2/1 210/3/1
f 212/1/1 195/2/1 211/3/1
f 213/1/1 196/2/1 212/3/1
f 214/1/1 197/2/1 213/3/1
f 215/1/1 198/2/1 214/3/1
f 216/3/4 215/4/4 214/2/4
f 218/1/1 199/2/1 215/3/1
f 217/3/4 218/4/4 215/2/4
f 220/1/1 200/2/1 218/3/1
f 219/3/4 220/4/4 218/2/4
f 222/1/1 201/2/1 220/3/1
f 228/1/1 207/2/1 227/3/1
f 207/3/2 229/4/2 227/1/2
f 230/1/1 208/2/1 228/3/1
f 231/1/1 210/2/1 230/3/1
f 232/1/1 211/2/1 231/3/1
f 233/1/1 212/2/1 232/3/1
f 234/1/1 213/2/1 233/3/1
f 235/1/5 214/2/5 234/4/5
f 245/1/1 227/2/1 244/3/1
f 227/1/2 246/2/2 244/3/2
f 247/1/1 228/2/1 245/3/1
f 248/1/1 230/2/1 247/3/1
f 249/1/1 231/2/1 248/3/1
f 250/1/1 232/2/1 249/3/1
f 251/1/1 233/2/1 250/3/1
f 252/2/5 234/1/5 251/3/5
f 266/1/1 244/2/1 265/3/1
f 244/2/2 267/1/2 265/4/2
f 268/1/1 245/2/1 266/3/1
f 269/1/1 247/2/1 268/3/1
f 270/1/1 248/2/1 269/3/1
f 271/1/1 249/2/1 270/3/1
f 272/1/1 250/2/1 271/3/1
f 289/1/1 265/2/1 288/3/1
f 265/2/2 290/1/2 288/4/2
f 291/1/1 266/2/1 289/3/1
f 292/1/1 268/2/1 291/3/1
f 293/1/1 269/2/1 292/3/1
f 294/1/1 270/2/1 293/3/1
f 295/1/1 271/2/1 294/3/1
f 309/1/1 288/2/1 308/3/1
f 288/4/2 310/3/2 308/2/2
f 311/1/1 289/2/1 309/3/1
f 312/1/1 291/2/1 311/3/1
f 313/1/1 292/2/1 312/3/1
f 314/1/1 293/2/1 313/3/1
f 315/1/1 294/2/1 314/3/1
f 331/1/1 308/2/1 330/3/1
f 308/3/2 332/4/2 330/1/2
f 333/1/1 309/2/1 331/3/1
f 334/1/1 311/2/1 333/3/1
f 335/1/1 312/2/1 334/3/1
f 336/1/1 313/2/1 335/3/1
f 351/1/1 330/2/1 350/3/1
f 330/2/2 352/1/2 350/4/2
f 353/1/1 331/2/1 351/3/1
f 354/1/1 333/2/1 353/3/1
f 355/1/1 334/2/1 354/3/1
f 370/1/1 350/2/1 369/3/1
f 350/3/2 371/4/2 369/1/2
f 372/1/1 351/2/1 370/3/1
f 373/1/1 353/2/1 372/3/1
f 390/1/1 369/2/1 389/3/1
f 369/1/2 391/2/2 389/3/2
f 392/1/1 370/2/1 390/3/1
f 393/1/1 372/2/1 392/3/1
f 394/1/1 373/2/1 393/3/1
f 395/1/1 374/2/1 394/3/1
f 396/1/1 375/2/1 395/3/1
f 410/1/1 389/2/1 409/3/1
f 389/3/2 411/4/2 409/1/2
f 412/1/1 390/2/1 410/3/1
f 413/1/1 392/2/1 412/3/1
f 431/1/1 409/2/1 430/3/1
f 409/4/2 432/3/2 430/2/2
f 490/1/1 469/2/1 489/3/1
f 469/1/2 491/2/2 489/3/2
f 491/3/4 490/4/4 489/2/4
f 493/1/1 470/2/1 490/3/1
f 492/3/4 493/4/4 490/2/4
f 495/1/1 472/2/1 493/3/1
f 494/3/4 495/4/4 493/2/4
f 6/3/2 519/4/2 5/1/2
f 7/1/3 520/2/3 6/3/3
f 10/1/3 521/2/3 7/3/3
f 13/1/3 522/2/3 10/3/3
f 16/1/3 523/2/3 13/3/3
f 19/1/3 524/2/3 16/3/3
f 22/1/3 525/2/3 19/3/3
f 25/1/3 526/2/3 22/3/3
f 28/1/3 527/2/3 25/3/3
f 5/3/2 546/4/2 68/1/2
f 68/2/2 553/1/2 105/4/2
f 105/4/2 565/3/2 136/2/2
f 136/2/2 571/1/2 169/4/2
f 169/2/2 577/1/2 193/4/2
f 193/2/2 579/1/2 209/4/2
f 580/3/4 217/4/4 216/2/4
f 581/3/4 219/4/4 217/2/4
f 582/3/4 221/4/4 219/2/4
f 209/2/2 593/1/2 229/4/2
f 594/2/5 216/1/5 235/3/5
f 229/2/2 601/1/2 246/4/2
f 602/3/5 235/4/5 252/2/5
f 246/3/2 613/4/2 267/1/2
f 267/4/2 627/3/2 290/2/2
f 290/4/2 641/3/2 310/2/2
f 310/1/2 649/2/2 332/3/2
f 332/3/2 657/4/2 352/1/2
f 352/1/2 664/2/2 371/3/2
f 371/1/2 672/2/2 391/3/2
f 391/3/2 680/4/2 411/1/2
f 411/2/2 688/1/2 432/4/2
f 432/1/2 698/2/2 452/3/2
f 452/2/2 705/1/2 471/4/2
f 520/4/2 730/3/2 519/2/2
f 521/1/3 731/2/3 520/3/3
f 522/1/3 732/2/3 521/3/3
f 523/1/3 733/2/3 522/3/3
f 524/1/3 734/2/3 523/3/3
f 525/1/3 735/2/3 524/3/3
f 526/1/3 736/2/3 525/3/3
f 527/1/3 737/2/3 526/3/3
f 528/1/3 738/2/3 527/3/3
f 519/3/2 751/4/2 546/1/2
f 546/1/2 760/2/2 553/3/2
f 553/4/2 766/3/2 565/2/2
f 565/1/2 772/2/2 571/3/2
f 571/4/2 774/3/2 577/2/2
f 577/4/2 782/3/2 579/2/2
f 783/3/4 581/4/4 580/2/4
f 784/3/4 582/4/4 581/2/4
f 785/3/4 583/4/4 582/2/4
f 579/2/2 790/1/2 593/4/2
f 791/1/5 580/2/5 594/4/5
f 593/4/2 802/3/2 601/2/2
f 803/2/5 594/1/5 602/3/5
f 601/1/2 813/2/2 613/3/2
f 613/1/2 827/2/2 627/3/2
f 630/4/2 829/3/2 631/2/2
f 627/3/2 838/4/2 641/1/2
f 641/1/2 846/2/2 649/3/2
f 649/4/2 852/3/2 657/2/2
f 657/4/2 859/3/2 664/2/2
f 664/2/2 867/1/2 672/4/2
f 672/3/2 875/4/2 680/1/2
f 680/1/2 883/2/2 688/3/2
f 688/3/2 891/4/2 698/1/2
f 705/2/2 908/1/2 713/4/2
f 908/3/4 714/4/4 713/2/4
f 909/3/4 715/4/4 714/2/4
f 731/3/2 925/4/2 730/1/2
f 732/1/3 926/2/3 731/3/3
f 733/1/3 927/2/3 732/3/3
f 734/1/3 928/2/3 733/3/3
f 735/1/3 929/2/3 734/3/3
f 736/1/3 930/2/3 735/3/3
f 737/1/3 931/2/3 736/3/3
f 738/1/3 932/2/3 737/3/3
f 739/1/3 933/2/3 738/3/3
f 730/2/2 946/1/2 751/4/2
f 751/3/2 949/4/2 760/1/2
f 760/2/2 951/1/2 766/4/2
f 766/3/2 953/4/2 772/1/2
f 772/4/2 955/3/2 774/2/2
f 774/3/2 961/4/2 782/1/2
f 962/3/4 784/4/4 783/2/4
f 964/3/6 966/4/6 963/2/6
f 963/3/4 785/4/4 784/2/4
f 965/3/6 968/4/6 966/2/6
f 966/3/4 786/4/4 785/2/4
f 782/4/2 976/3/2 790/2/2
f 977/3/5 783/4/5 791/2/5
f 790/2/2 984/1/2 802/4/2
f 985/3/5 791/4/5 803/2/5
f 802/4/2 995/3/2 813/2/2
f 996/4/5 803/3/5 815/1/5
f 813/2/2 1001/1/2 827/4/2
f 816/1/3 996/2/3 815/3/3
f 1003/2/5 816/1/5 828/3/5
f 818/3/2 1004/4/2 829/1/2
f 819/1/3 1005/2/3 818/3/3
f 827/1/2 1013/2/2 838/3/2
f 829/1/3 1003/2/3 828/3/3
f 838/4/2 1018/3/2 846/2/2
f 846/1/2 1024/2/2 852/3/2
f 852/2/2 1030/1/2 859/4/2
f 859/1/2 1037/2/2 867/3/2
f 867/3/2 1043/4/2 875/1/2
f 875/1/2 1051/2/2 883/3/2
f 883/4/2 1059/3/2 891/2/2
f 891/1/2 1068/2/2 901/3/2
f 901/2/2 1076/1/2 908/4/2
f 1076/3/4 909/4/4 908/2/4
f 1077/3/4 910/4/4 909/2/4
f 926/1/2 1093/2/2 925/3/2
f 927/1/3 1094/2/3 926/3/3
f 928/1/3 1095/2/3 927/3/3
f 929/1/3 1096/2/3 928/3/3
f 930/1/3 1097/2/3 929/3/3
f 931/1/3 1098/2/3 930/3/3
f 932/1/3 1099/2/3 931/3/3
f 933/1/3 1100/2/3 932/3/3
f 934/1/3 1101/2/3 933/3/3
f 925/1/2 1110/2/2 946/3/2
f 946/3/2 1113/4/2 949/1/2
f 949/1/2 1115/2/2 951/3/2
f 951/1/2 1117/2/2 953/3/2
f 953/2/2 1119/1/2 955/4/2
f 1120/3/4 965/4/4 964/2/4
f 1121/3/4 967/4/4 965/2/4
f 955/2/2 1128/1/2 961/4/2
f 1129/1/5 964/2/5 963/4/5
f 1130/3/4 963/4/4 962/2/4
f 961/3/2 1138/4/2 976/1/2
f 1139/3/5 962/4/5 977/2/5
f 976/4/2 1153/3/2 984/2/2
f 1154/1/5 977/2/5 985/4/5
f 984/4/2 1179/3/2 995/2/2
f 1180/1/5 985/2/5 996/4/5
f 995/3/2 1189/4/2 1001/1/2
f 1002/1/3 1180/2/3 996/3/3
f 1004/1/1 1002/2/1 1003/3/1
f 1005/1/3 1190/2/3 1002/3/3
f 997/1/3 1191/2/3 1005/3/3
f 1001/3/2 1197/4/2 1013/1/2
f 1013/2/2 1202/1/2 1018/4/2
f 1018/2/2 1208/1/2 1024/4/2
f 1024/2/2 1214/1/2 1030/4/2
f 1030/1/2 1221/2/2 1037/3/2
f 1037/3/2 1227/4/2 1043/1/2
f 1043/2/2 1234/1/2 1051/4/2
f 1051/4/2 1240/3/2 1059/2/2
f 1059/4/2 1249/3/2 1068/2/2
f 1068/4/2 1257/3/2 1076/2/2
f 1257/3/4 1077/4/4 1076/2/4
f 1258/3/4 1078/4/4 1077/2/4
f 1259/3/4 1079/4/4 1078/2/4
f 1094/1/2 1274/2/2 1093/3/2
f 1095/1/3 1275/2/3 1094/3/3
f 1096/1/3 1276/2/3 1095/3/3
f 1097/1/3 1277/2/3 1096/3/3
f 1098/1/3 1278/2/3 1097/3/3
f 1099/1/3 1279/2/3 1098/3/3
f 1100/1/3 1280/2/3 1099/3/3
f 1101/1/3 1281/2/3 1100/3/3
f 1102/1/3 1282/2/3 1101/3/3
f 1103/1/3 1283/2/3 1102/3/3
f 1104/1/3 1284/2/3 1103/3/3
f 1093/4/2 1291/3/2 1110/2/2
f 1110/2/2 1293/1/2 1113/4/2
f 1113/1/2 1297/2/2 1115/3/2
f 1115/4/2 1299/3/2 1117/2/2
f 1117/3/2 1301/4/2 1119/1/2
f 1303/3/6 1305/4/6 1302/2/6
f 1302/3/4 1121/4/4 1120/2/4
f 1304/3/6 1307/4/6 1305/2/6
f 1305/3/4 1122/4/4 1121/2/4
f 1119/3/2 1313/4/2 1128/1/2
f 1314/1/5 1120/2/5 1129/4/5
f 1315/3/4 1129/4/4 1130/2/4
f 1128/3/2 1332/4/2 1138/1/2
f 1333/4/5 1130/3/5 1139/1/5
f 1138/3/2 1347/4/2 1153/1/2
f 1348/3/5 1139/4/5 1154/2/5
f 1153/3/2 1359/4/2 1179/1/2
f 1360/4/5 1154/3/5 1180/1/5
f 1179/3/2 1366/4/2 1189/1/2
f 1190/1/3 1360/2/3 1180/3/3
f 1191/1/3 1367/2/3 1190/3/3
f 1181/1/3 1368/2/3 1191/3/3
f 1189/3/2 1376/4/2 1197/1/2
f 1378/3/6 1380/4/6 1377/2/6
f 1379/3/6 1382/4/6 1380/2/6
f 1197/1/2 1387/2/2 1202/3/2
f 1377/3/6 1389/4/6 1388/2/6
f 1380/3/6 1390/4/6 1389/2/6
f 1202/1/2 1396/2/2 1208/3/2
f 1208/2/2 1402/1/2 1214/4/2
f 1214/3/2 1408/4/2 1221/1/2
f 1221/4/2 1416/3/2 1227/2/2
f 1227/1/2 1422/2/2 1234/3/2
f 1234/3/2 1430/4/2 1240/1/2
f 1240/4/2 1437/3/2 1249/2/2
f 1249/1/2 1445/2/2 1257/3/2
f 1445/3/4 1258/4/4 1257/2/4
f 1446/3/4 1259/4/4 1258/2/4
f 1447/3/4 1260/4/4 1259/2/4
f 1448/3/4 1261/4/4 1260/2/4
f 1275/4/2 1462/3/2 1274/2/2
f 1276/1/3 1463/2/3 1275/3/3
f 1277/1/3 1464/2/3 1276/3/3
f 1278/1/3 1465/2/3 1277/3/3
f 1279/1/3 1466/2/3 1278/3/3
f 1280/1/3 1467/2/3 1279/3/3
f 1281/1/3 1468/2/3 1280/3/3
f 1282/1/3 1469/2/3 1281/3/3
f 1283/1/3 1470/2/3 1282/3/3
f 1284/1/3 1471/2/3 1283/3/3
f 1285/1/3 1472/2/3 1284/3/3
f 1274/3/2 1479/4/2 1291/1/2
f 1291/4/2 1481/3/2 1293/2/2
f 1293/4/2 1484/3/2 1297/2/2
f 1297/4/2 1486/3/2 1299/2/2
f 1487/3/4 1304/4/4 1303/2/4
f 1488/3/4 1306/4/4 1304/2/4
f 1299/4/2 1491/3/2 1301/2/2
f 1493/3/6 1494/4/6 1492/2/6
f 1494/1/5 1303/2/5 1302/4/5
f 1301/1/2 1502/2/2 1313/3/2
f 1492/3/6 1504/4/6 1503/2/6
f 1504/1/5 1302/2/5 1314/4/5
f 1503/3/4 1314/4/4 1315/2/4
f 1313/1/2 1509/2/2 1332/3/2
f 1510/4/5 1315/3/5 1333/1/5
f 1332/1/2 1523/2/2 1347/3/2
f 1524/2/5 1333/1/5 1348/3/5
f 1347/1/2 1537/2/2 1359/3/2
f 1367/1/1 1348/2/1 1360/3/1
f 1538/1/3 1524/2/3 1348/3/3
f 1540/2/5 1538/1/5 1367/3/5
f 1359/2/2 1552/1/2 1366/4/2
f 1554/3/6 1556/4/6 1553/2/6
f 1553/3/4 1379/4/4 1378/2/4
f 1555/3/6 1557/4/6 1556/2/6
f 1556/3/4 1381/4/4 1379/2/4
f 1368/1/3 1540/2/3 1367/3/3
f 1361/1/3 1558/2/3 1368/3/3
f 1366/2/2 1566/1/2 1376/4/2
f 1567/3/5 1378/4/5 1377/2/5
f 1381/2/2 1568/1/2 1382/4/2
f 1376/1/2 1577/2/2 1387/3/2
f 1578/1/5 1377/2/5 1388/4/5
f 1382/1/2 1579/2/2 1390/3/2
f 1387/3/2 1589/4/2 1396/1/2
f 1389/1/3 1578/2/3 1388/3/3
f 1390/1/3 1590/2/3 1389/3/3
f 1396/3/2 1596/4/2 1402/1/2
f 1402/1/2 1602/2/2 1408/3/2
f 1408/1/2 1609/2/2 1416/3/2
f 1416/4/2 1615/3/2 1422/2/2
f 1422/1/2 1621/2/2 1430/3/2
f 1430/1/2 1629/2/2 1437/3/2
f 1437/3/2 1637/4/2 1445/1/2
f 1637/3/4 1446/4/4 1445/2/4
f 1638/3/4 1447/4/4 1446/2/4
f 1639/3/4 1448/4/4 1447/2/4
f 1640/3/4 1449/4/4 1448/2/4
f 1641/3/4 1450/4/4 1449/2/4
f 1463/2/2 1654/1/2 1462/4/2
f 1464/1/3 1655/2/3 1463/3/3
f 1465/1/3 1656/2/3 1464/3/3
f 1466/1/3 1657/2/3 1465/3/3
f 1467/1/3 1658/2/3 1466/3/3
f 1468/1/3 1659/2/3 1467/3/3
f 1469/1/3 1660/2/3 1468/3/3
f 1470/1/3 1661/2/3 1469/3/3
f 1471/1/3 1662/2/3 1470/3/3
f 1472/1/3 1663/2/3 1471/3/3
f 1473/1/3 1664/2/3 1472/3/3
f 1462/2/2 1671/1/2 1479/4/2
f 1479/3/2 1673/4/2 1481/1/2
f 1481/3/2 1676/4/2 1484/1/2
f 1678/3/6 1680/4/6 1677/2/6
f 1484/1/2 1682/2/2 1486/3/2
f 1684/3/6 1685/4/6 1683/2/6
f 1683/3/4 1487/4/4 1493/2/4
f 1677/3/6 1686/4/6 1685/2/6
f 1685/3/4 1488/4/4 1487/2/4
f 1680/3/6 1688/4/6 1686/2/6
f 1686/3/4 1489/4/4 1488/2/4
f 1486/2/2 1690/1/2 1491/4/2
f 1691/1/5 1493/2/5 1492/4/5
f 1491/4/2 1696/3/2 1502/2/2
f 1697/2/5 1492/1/5 1503/3/5
f 1502/1/2 1704/2/2 1509/3/2
f 1705/2/5 1503/1/5 1510/3/5
f 1509/2/2 1716/1/2 1523/4/2
f 1539/1/1 1510/2/1 1524/3/1
f 1717/1/3 1705/2/3 1510/3/3
f 1719/1/5 1717/2/5 1539/4/5
f 1523/4/2 1726/3/2 1537/2/2
f 1727/3/4 1555/4/4 1554/2/4
f 1728/3/4 1540/4/4 1555/2/4
f 1558/1/1 1539/2/1 1540/3/1
f 1730/1/3 1719/2/3 1539/3/3
f 1541/1/1 1730/2/1 1558/3/1
f 1542/1/3 1731/2/3 1730/3/3
f 1537/4/2 1749/3/2 1552/2/2
f 1750/1/5 1554/2/5 1553/4/5
f 1540/3/2 1751/4/2 1557/1/2
f 1552/1/2 1762/2/2 1566/3/2
f 1763/3/5 1553/4/5 1567/2/5
f 1557/3/2 1764/4/2 1568/1/2
f 1566/1/2 1774/2/2 1577/3/2
f 1775/1/5 1567/2/5 1578/4/5
f 1568/1/2 1776/2/2 1579/3/2
f 1577/3/2 1782/4/2 1589/1/2
f 1590/1/3 1775/2/3 1578/3/3
f 1579/1/3 1783/2/3 1590/3/3
f 1589/2/2 1793/1/2 1596/4/2
f 1596/3/2 1799/4/2 1602/1/2
f 1602/4/2 1805/3/2 1609/2/2
f 1609/3/2 1812/4/2 1615/1/2
f 1615/2/2 1820/1/2 1621/4/2
f 1621/3/2 1826/4/2 1629/1/2
f 1629/3/2 1834/4/2 1637/1/2
f 1834/3/4 1638/4/4 1637/2/4
f 1835/3/4 1639/4/4 1638/2/4
f 1836/3/4 1640/4/4 1639/2/4
f 1837/3/4 1641/4/4 1640/2/4
f 1838/3/4 1642/4/4 1641/2/4
f 1839/3/4 1643/4/4 1642/2/4
f 1655/4/2 1851/3/2 1654/2/2
f 1656/1/3 1852/2/3 1655/3/3
f 1657/1/3 1853/2/3 1656/3/3
f 1658/1/3 1854/2/3 1657/3/3
f 1659/1/3 1855/2/3 1658/3/3
f 1660/1/3 1856/2/3 1659/3/3
f 1661/1/3 1857/2/3 1660/3/3
f 1662/1/3 1858/2/3 1661/3/3
f 1858/3/6 1861/4/6 1860/2/6
f 1663/1/3 1859/2/3 1662/3/3
f 1859/3/6 1863/4/6 1861/2/6
f 1664/1/3 1862/2/3 1663/3/3
f 1862/3/6 1865/4/6 1863/2/6
f 1665/1/3 1864/2/3 1664/3/3
f 1654/2/2 1872/1/2 1671/4/2
f 1860/3/6 1874/4/6 1873/2/6
f 1861/3/6 1875/4/6 1874/2/6
f 1863/3/6 1876/4/6 1875/2/6
f 1671/4/2 1878/3/2 1673/2/2
f 1873/3/6 1880/4/6 1879/2/6
f 1874/3/6 1881/4/6 1880/2/6
f 1880/3/4 1679/4/4 1678/2/4
f 1875/3/6 1882/4/6 1881/2/6
f 1673/1/2 1885/2/2 1676/3/2
f 1879/3/6 1887/4/6 1886/2/6
f 1887/2/5 1678/1/5 1677/3/5
f 1886/3/4 1677/4/4 1684/2/4
f 1679/2/2 1888/1/2 1680/4/2
f 1881/3/6 1889/4/6 1888/2/6
f 1888/3/4 1687/4/4 1680/2/4
f 1676/3/2 1891/4/2 1682/1/2
f 1892/1/5 1684/2/5 1683/4/5
f 1682/4/2 1897/3/2 1690/2/2
f 1898/2/5 1683/1/5 1691/3/5
f 1690/4/2 1901/3/2 1696/2/2
f 1902/4/5 1691/3/5 1697/1/5
f 1696/4/2 1905/3/2 1704/2/2
f 1906/4/5 1697/3/5 1705/1/5
f 1704/2/2 1913/1/2 1716/4/2
f 1718/1/3 1906/2/3 1705/3/3
f 1915/1/5 1718/2/5 1719/4/5
f 1716/4/2 1930/3/2 1726/2/2
f 1931/3/4 1728/4/4 1727/2/4
f 1932/3/4 1729/4/4 1728/2/4
f 1731/1/3 1915/2/3 1719/3/3
f 1732/1/3 1934/2/3 1731/3/3
f 1726/3/2 1940/4/2 1749/1/2
f 1942/3/6 1943/4/6 1941/2/6
f 1943/4/5 1727/3/5 1750/1/5
f 1729/3/2 1944/4/2 1751/1/2
f 1749/3/2 1958/4/2 1762/1/2
f 1941/3/6 1960/4/6 1959/2/6
f 1960/4/5 1750/3/5 1763/1/5
f 1751/2/2 1961/1/2 1764/4/2
f 1959/3/6 1969/4/6 1968/2/6
f 1969/1/5 1763/2/5 1775/4/5
f 1764/2/2 1970/1/2 1776/4/2
f 1783/1/3 1969/2/3 1775/3/3
f 1776/1/3 1981/2/3 1783/3/3
f 1782/4/2 1987/3/2 1793/2/2
f 1793/4/2 1993/3/2 1799/2/2
f 1799/3/2 1999/4/2 1805/1/2
f 1805/3/2 2005/4/2 1812/1/2
f 1812/3/2 2011/4/2 1820/1/2
f 1820/1/2 2019/2/2 1826/3/2
f 1826/4/2 2025/3/2 1834/2/2
f 2025/3/4 1835/4/4 1834/2/4
f 2026/3/4 1836/4/4 1835/2/4
f 2027/3/4 1837/4/4 1836/2/4
f 2028/3/4 1838/4/4 1837/2/4
f 2029/3/4 1839/4/4 1838/2/4
f 2030/3/4 1840/4/4 1839/2/4
f 2031/3/4 1841/4/4 1840/2/4
f 1852/1/2 2042/2/2 1851/3/2
f 1853/1/3 2043/2/3 1852/3/3
f 1854/1/3 2044/2/3 1853/3/3
f 1855/1/3 2045/2/3 1854/3/3
f 1856/1/3 2046/2/3 1855/3/3
f 1857/1/3 2047/2/3 1856/3/3
f 1858/1/3 2048/2/3 1857/3/3
f 2050/2/5 1858/1/5 1860/3/5
f 1864/2/2 2051/1/2 1865/4/2
f 1866/1/3 2052/2/3 1864/3/3
f 1851/3/2 2059/4/2 1872/1/2
f 2060/4/5 1860/3/5 1873/1/5
f 1865/3/2 2061/4/2 1876/1/2
f 1872/1/2 2063/2/2 1878/3/2
f 2064/4/5 1873/3/5 1879/1/5
f 1876/2/2 2065/1/2 1882/4/2
f 1878/1/2 2068/2/2 1885/3/2
f 2069/4/5 1879/3/5 1886/1/5
f 1885/4/2 2073/3/2 1891/2/2
f 2074/3/5 1886/4/5 1892/2/5
f 1891/3/2 2077/4/2 1897/1/2
f 2078/1/5 1892/2/5 1898/4/5
f 1897/2/2 2081/1/2 1901/4/2
f 2082/2/5 1898/1/5 1902/3/5
f 1901/1/2 2085/2/2 1905/3/2
f 2086/1/5 1902/2/5 1906/4/5
f 1905/3/2 2095/4/2 1913/1/2
f 1914/1/3 2086/2/3 1906/3/3
f 1934/1/1 1914/2/1 1915/3/1
f 2097/1/3 2096/2/3 1914/3/3
f 1917/1/1 2097/2/1 1934/3/1
f 1918/1/3 2098/2/3 2097/3/3
f 1913/2/2 2107/1/2 1930/4/2
f 2108/3/4 1931/4/4 1942/2/4
f 2109/3/4 1932/4/4 1931/2/4
f 2110/3/4 1933/4/4 1932/2/4
f 1930/3/2 2126/4/2 1940/1/2
f 2127/4/5 1942/3/5 1941/1/5
f 1933/2/2 2128/1/2 1944/4/2
f 1940/4/2 2138/3/2 1958/2/2
f 2139/3/5 1941/4/5 1959/2/5
f 1944/1/2 2140/2/2 1961/3/2
f 2156/3/5 1959/4/5 1968/2/5
f 1961/4/2 2157/3/2 1970/2/2
f 1969/1/3 2156/2/3 1968/3/3
f 1981/1/3 2165/2/3 1969/3/3
f 1970/1/3 2166/2/3 1981/3/3
f 1980/4/2 2170/3/2 1987/2/2
f 1987/1/2 2173/2/2 1993/3/2
f 1993/4/2 2177/3/2 1999/2/2
f 1999/2/2 2183/1/2 2005/4/2
f 2005/3/2 2189/4/2 2011/1/2
f 2011/1/2 2195/2/2 2019/3/2
f 2019/1/2 2203/2/2 2025/3/2
f 2203/3/4 2026/4/4 2025/2/4
f 2204/3/4 2027/4/4 2026/2/4
f 2205/3/4 2028/4/4 2027/2/4
f 2206/3/4 2029/4/4 2028/2/4
f 2207/3/4 2030/4/4 2029/2/4
f 2208/3/4 2031/4/4 2030/2/4
f 2209/3/4 2032/4/4 2031/2/4
f 2043/2/2 2220/1/2 2042/4/2
f 2044/1/3 2221/2/3 2043/3/3
f 2045/1/3 2222/2/3 2044/3/3
f 2046/1/3 2223/2/3 2045/3/3
f 2047/1/3 2224/2/3 2046/3/3
f 2048/1/3 2225/2/3 2047/3/3
f 2049/1/3 2226/2/3 2048/3/3
f 2228/3/5 2049/4/5 2050/2/5
f 2052/4/2 2229/3/2 2051/2/2
f 2053/1/3 2230/2/3 2052/3/3
f 2042/4/2 2237/3/2 2059/2/2
f 2238/2/5 2050/1/5 2060/3/5
f 2051/2/2 2239/1/2 2061/4/2
f 2059/4/2 2241/3/2 2063/2/2
f 2242/1/5 2060/2/5 2064/4/5
f 2061/4/2 2243/3/2 2065/2/2
f 2063/3/2 2246/4/2 2068/1/2
f 2247/3/5 2064/4/5 2069/2/5
f 2068/2/2 2251/1/2 2073/4/2
f 2252/1/5 2069/2/5 2074/4/5
f 2073/4/2 2255/3/2 2077/2/2
f 2256/2/5 2074/1/5 2078/3/5
f 2077/2/2 2259/1/2 2081/4/2
f 2260/1/5 2078/2/5 2082/4/5
f 2081/2/2 2265/1/2 2085/4/2
f 2096/1/1 2082/2/1 2086/3/1
f 2266/1/3 2260/2/3 2082/3/3
f 2098/1/1 2266/2/1 2096/3/1
f 2268/1/3 2267/2/3 2266/3/3
f 2088/1/1 2268/2/1 2098/3/1
f 2089/1/3 2269/2/3 2268/3/3
f 2085/3/2 2275/4/2 2095/1/2
f 2287/3/6 2289/4/6 2286/2/6
f 2286/3/4 2109/4/4 2108/2/4
f 2288/3/6 2291/4/6 2289/2/6
f 2289/3/4 2110/4/4 2109/2/4
f 2291/3/4 2111/4/4 2110/2/4
f 2299/4/5 2108/3/5 2127/1/5
f 2111/3/2 2300/4/2 2128/1/2
f 2313/4/5 2127/3/5 2139/1/5
f 2321/1/5 2139/2/5 2156/4/5
f 2165/1/3 2321/2/3 2156/3/3
f 2166/1/3 2331/2/3 2165/3/3
f 2157/1/3 2332/2/3 2166/3/3
f 2164/2/2 2336/1/2 2170/4/2
f 2170/3/2 2338/4/2 2173/1/2
f 2173/2/2 2340/1/2 2177/4/2
f 2177/4/2 2344/3/2 2183/2/2
f 2183/2/2 2350/1/2 2189/4/2
f 2189/1/2 2356/2/2 2195/3/2
f 2195/1/2 2362/2/2 2203/3/2
f 2362/3/4 2204/4/4 2203/2/4
f 2363/3/4 2205/4/4 2204/2/4
f 2364/3/4 2206/4/4 2205/2/4
f 2365/3/4 2207/4/4 2206/2/4
f 2366/3/4 2208/4/4 2207/2/4
f 2367/3/4 2209/4/4 2208/2/4
f 2368/3/4 2210/4/4 2209/2/4
f 2369/3/4 2211/4/4 2210/2/4
f 2221/2/2 2379/1/2 2220/4/2
f 2222/1/3 2380/2/3 2221/3/3
f 2223/1/3 2381/2/3 2222/3/3
f 2224/1/3 2382/2/3 2223/3/3
f 2225/1/3 2383/2/3 2224/3/3
f 2226/1/3 2384/2/3 2225/3/3
f 2227/1/3 2385/2/3 2226/3/3
f 2387/4/5 2227/3/5 2228/1/5
f 2230/3/2 2388/4/2 2229/1/2
f 2231/1/3 2389/2/3 2230/3/3
f 2220/4/2 2396/3/2 2237/2/2
f 2397/4/5 2228/3/5 2238/1/5
f 2229/3/2 2398/4/2 2239/1/2
f 2237/4/2 2400/3/2 2241/2/2
f 2401/4/5 2238/3/5 2242/1/5
f 2239/2/2 2402/1/2 2243/4/2
f 2241/1/2 2405/2/2 2246/3/2
f 2406/2/5 2242/1/5 2247/3/5
f 2246/2/2 2409/1/2 2251/4/2
f 2410/3/5 2247/4/5 2252/2/5
f 2251/3/2 2414/4/2 2255/1/2
f 2415/4/5 2252/3/5 2256/1/5
f 2255/4/2 2418/3/2 2259/2/2
f 2267/1/1 2256/2/1 2260/3/1
f 2419/1/3 2415/2/3 2256/3/3
f 2269/1/1 2419/2/1 2267/3/1
f 2421/1/3 2420/2/3 2419/3/3
f 2262/1/1 2421/2/1 2269/3/1
f 2263/1/3 2422/2/3 2421/3/3
f 2259/1/2 2424/2/2 2265/3/2
f 2265/2/2 2430/1/2 2275/4/2
f 2431/3/4 2288/4/4 2287/2/4
f 2432/3/4 2290/4/4 2288/2/4
f 2275/1/2 2437/2/2 2285/3/2
f 2438/2/5 2287/1/5 2286/3/5
f 2290/3/2 2439/4/2 2291/1/2
f 2439/3/4 2292/4/4 2291/2/4
f 2285/4/2 2450/3/2 2298/2/2
f 2451/1/5 2286/2/5 2299/4/5
f 2460/4/5 2299/3/5 2313/1/5
f 2469/2/5 2313/1/5 2321/3/5
f 2331/1/3 2469/2/3 2321/3/3
f 2332/1/3 2477/2/3 2331/3/3
f 2330/1/2 2481/2/2 2336/3/2
f 2336/2/2 2491/1/2 2338/4/2
f 2338/2/2 2497/1/2 2340/4/2
f 2340/2/2 2503/1/2 2344/4/2
f 2344/1/2 2506/2/2 2350/3/2
f 2350/2/2 2509/1/2 2356/4/2
f 2356/3/2 2521/4/2 2362/1/2
f 2521/3/4 2363/4/4 2362/2/4
f 2522/3/4 2364/4/4 2363/2/4
f 2523/3/4 2365/4/4 2364/2/4
f 2524/3/4 2366/4/4 2365/2/4
f 2525/3/4 2367/4/4 2366/2/4
f 2526/3/4 2368/4/4 2367/2/4
f 2527/3/4 2369/4/4 2368/2/4
f 2528/3/4 2370/4/4 2369/2/4
f 2380/1/2 2542/2/2 2379/3/2
f 2381/1/3 2543/2/3 2380/3/3
f 2382/1/3 2544/2/3 2381/3/3
f 2383/1/3 2545/2/3 2382/3/3
f 2384/1/3 2546/2/3 2383/3/3
f 2385/1/3 2547/2/3 2384/3/3
f 2386/1/3 2548/2/3 2385/3/3
f 2550/3/5 2386/4/5 2387/2/5
f 2388/1/1 2551/2/1 2552/3/1
f 2551/1/2 2553/2/2 2552/3/2
f 2389/1/3 2554/2/3 2551/3/3
f 2390/1/3 2555/2/3 2389/3/3
f 2379/2/2 2562/1/2 2396/4/2
f 2563/2/5 2387/1/5 2397/3/5
f 2398/1/1 2552/2/1 2564/3/1
f 2552/3/2 2565/4/2 2564/1/2
f 2396/1/2 2567/2/2 2400/3/2
f 2568/2/5 2397/1/5 2401/3/5
f 2402/1/1 2564/2/1 2569/3/1
f 2564/2/2 2570/1/2 2569/4/2
f 2400/2/2 2572/1/2 2405/4/2
f 2573/1/1 2401/2/1 2406/3/1
f 2574/1/3 2568/2/3 2401/3/3
f 2576/3/5 2574/4/5 2573/2/5
f 2407/1/1 2569/2/1 2577/3/1
f 2569/3/2 2578/4/2 2577/1/2
f 2405/1/2 2582/2/2 2409/3/2
f 2583/1/1 2406/2/1 2410/3/1
f 2584/3/5 2573/4/5 2583/2/5
f 2412/1/1 2577/2/1 2585/3/1
f 2577/4/2 2586/3/2 2585/2/2
f 2409/2/2 2588/1/2 2414/4/2
f 2420/1/1 2410/2/1 2415/3/1
f 2422/1/1 2583/2/1 2420/3/1
f 2585/1/3 2584/2/3 2583/3/3
f 2416/1/1 2585/2/1 2422/3/1
f 2414/3/2 2590/4/2 2418/1/2
f 2418/1/2 2592/2/2 2424/3/2
f 2424/4/2 2594/3/2 2430/2/2
f 2595/3/4 2432/4/4 2431/2/4
f 2596/3/4 2433/4/4 2432/2/4
f 2430/2/2 2603/1/2 2437/4/2
f 2605/3/6 2606/4/6 2604/2/6
f 2606/1/5 2431/2/5 2438/4/5
f 2604/3/6 2614/4/6 2613/2/6
f 2614/3/5 2438/4/5 2451/2/5
f 2613/3/6 2621/4/6 2620/2/6
f 2621/3/5 2451/4/5 2460/2/5
f 2627/1/5 2460/2/5 2469/4/5
f 2477/1/3 2627/2/3 2469/3/3
f 2471/1/3 2634/2/3 2477/3/3
f 2476/2/2 2642/1/2 2481/4/2
f 2481/2/2 2646/1/2 2491/4/2
f 2491/4/2 2658/3/2 2497/2/2
f 2497/1/2 2662/2/2 2503/3/2
f 2503/4/2 2668/3/2 2506/2/2
f 2506/4/2 2676/3/2 2509/2/2
f 2509/2/2 2680/1/2 2521/4/2
f 2680/3/4 2522/4/4 2521/2/4
f 2681/3/4 2523/4/4 2522/2/4
f 2682/3/4 2524/4/4 2523/2/4
f 2683/3/4 2525/4/4 2524/2/4
f 2684/3/4 2526/4/4 2525/2/4
f 2685/3/4 2527/4/4 2526/2/4
f 2686/3/4 2528/4/4 2527/2/4
f 2687/3/4 2529/4/4 2528/2/4
f 2688/3/4 2530/4/4 2529/2/4
f 2543/3/2 2709/4/2 2542/1/2
f 2544/1/3 2710/2/3 2543/3/3
f 2545/1/3 2711/2/3 2544/3/3
f 2546/1/3 2712/2/3 2545/3/3
f 2547/1/3 2713/2/3 2546/3/3
f 2548/1/3 2714/2/3 2547/3/3
f 2549/1/3 2715/2/3 2548/3/3
f 2717/1/1 2549/2/1 2550/3/1
f 2718/1/3 2716/2/3 2549/3/3
f 2553/1/1 2718/2/1 2717/3/1
f 2554/1/3 2719/2/3 2718/3/3
f 2555/1/3 2720/2/3 2554/3/3
f 2556/1/3 2721/2/3 2555/3/3
f 2542/3/2 2728/4/2 2562/1/2
f 2729/1/1 2550/2/1 2563/3/1
f 2565/1/1 2717/2/1 2729/3/1
f 2562/1/2 2731/2/2 2567/3/2
f 2575/1/1 2563/2/1 2568/3/1
f 2570/1/1 2729/2/1 2575/3/1
f 2567/1/2 2733/2/2 2572/3/2
f 2578/1/1 2575/2/1 2576/3/1
f 2572/3/2 2735/4/2 2582/1/2
f 2586/1/1 2576/2/1 2584/3/1
f 2582/1/2 2739/2/2 2588/3/2
f 2588/2/2 2741/1/2 2590/4/2
f 2590/3/2 2759/4/2 2592/1/2
f 2592/2/2 2769/1/2 2594/4/2
f 2770/3/4 2595/4/4 2605/2/4
f 2772/3/6 2774/4/6 2771/2/6
f 2771/3/4 2596/4/4 2595/2/4
f 2774/3/4 2597/4/4 2596/2/4
f 2594/2/2 2785/1/2 2603/4/2
f 2786/2/5 2605/1/5 2604/3/5
f 2597/4/2 2787/3/2 2607/2/2
f 2787/3/4 2608/4/4 2607/2/4
f 2791/2/5 2604/1/5 2613/3/5
f 2795/2/5 2613/1/5 2620/3/5
f 2622/1/1 2796/2/1 2629/3/1
f 2796/4/2 2797/3/2 2629/2/2
f 2615/1/3 2798/2/3 2796/3/3
f 2621/1/3 2795/2/3 2620/3/3
f 2802/3/5 2621/4/5 2627/2/5
f 2628/1/1 2803/2/1 2634/3/1
f 2803/4/2 2804/3/2 2634/2/2
f 2629/1/3 2805/2/3 2803/3/3
f 2634/1/3 2802/2/3 2627/3/3
f 2633/1/2 2813/2/2 2642/3/2
f 2642/3/2 2823/4/2 2646/1/2
f 2646/3/2 2843/4/2 2658/1/2
f 2658/4/2 2853/3/2 2662/2/2
f 2662/1/2 2857/2/2 2668/3/2
f 2668/4/2 2863/3/2 2676/2/2
f 2676/4/2 2875/3/2 2680/2/2
f 2875/3/4 2681/4/4 2680/2/4
f 2876/3/4 2682/4/4 2681/2/4
f 2877/3/4 2683/4/4 2682/2/4
f 2878/3/4 2684/4/4 2683/2/4
f 2879/3/4 2685/4/4 2684/2/4
f 2880/3/4 2686/4/4 2685/2/4
f 2881/3/4 2687/4/4 2686/2/4
f 2882/3/4 2688/4/4 2687/2/4
f 2883/3/4 2689/4/4 2688/2/4
f 2710/4/2 2894/3/2 2709/2/2
f 2711/1/3 2895/2/3 2710/3/3
f 2712/1/3 2896/2/3 2711/3/3
f 2713/1/3 2897/2/3 2712/3/3
f 2714/1/3 2898/2/3 2713/3/3
f 2715/1/3 2899/2/3 2714/3/3
f 2716/1/3 2900/2/3 2715/3/3
f 2719/1/3 2901/2/3 2716/3/3
f 2720/1/3 2902/2/3 2719/3/3
f 2721/1/3 2903/2/3 2720/3/3
f 2722/1/3 2904/2/3 2721/3/3
f 2709/1/2 2927/2/2 2728/3/2
f 2728/2/2 2937/1/2 2731/4/2
f 2731/2/2 2939/1/2 2733/4/2
f 2733/3/2 2941/4/2 2735/1/2
f 2735/3/2 2944/4/2 2739/1/2
f 2739/4/2 2958/3/2 2741/2/2
f 2741/2/2 2964/1/2 2759/4/2
f 2965/3/4 2773/4/4 2772/2/4
f 2759/1/2 2988/2/2 2769/3/2
f 2990/3/6 2991/4/6 2989/2/6
f 2991/2/5 2772/1/5 2771/3/5
f 2989/3/4 2771/4/4 2770/2/4
f 2773/1/2 2992/2/2 2774/3/2
f 2992/3/4 2775/4/4 2774/2/4
f 2769/2/2 2999/1/2 2785/4/2
f 3001/3/6 3002/4/6 3000/2/6
f 3002/3/5 2770/4/5 2786/2/5
f 2775/4/2 3003/3/2 2787/2/2
f 3003/3/4 2788/4/4 2787/2/4
f 3000/3/6 3018/4/6 3017/2/6
f 3018/2/5 2786/1/5 2791/3/5
f 3023/3/5 2791/4/5 2795/2/5
f 2798/2/2 3024/1/2 2797/4/2
f 2792/1/3 3025/2/3 2798/3/3
f 2801/1/3 3023/2/3 2795/3/3
f 2804/1/1 2801/2/1 2802/3/1
f 2805/1/3 3028/2/3 2801/3/3
f 2797/1/3 3029/2/3 2805/3/3
f 2800/2/2 3031/1/2 2807/4/2
f 2807/3/2 3037/4/2 2813/1/2
f 2813/1/2 3041/2/2 2823/3/2
f 2823/2/2 3049/1/2 2843/4/2
f 2843/2/2 3053/1/2 2853/4/2
f 2853/3/2 3059/4/2 2857/1/2
f 2857/3/2 3062/4/2 2863/1/2
f 2863/3/2 3069/4/2 2875/1/2
f 3069/3/4 2876/4/4 2875/2/4
f 3070/3/4 2877/4/4 2876/2/4
f 3071/3/4 2878/4/4 2877/2/4
f 3072/3/4 2879/4/4 2878/2/4
f 3073/3/4 2880/4/4 2879/2/4
f 3074/3/4 2881/4/4 2880/2/4
f 3075/3/4 2882/4/4 2881/2/4
f 3076/3/4 2883/4/4 2882/2/4
f 3077/3/4 2884/4/4 2883/2/4
f 3078/3/4 2885/4/4 2884/2/4
f 2895/1/2 3100/2/2 2894/3/2
f 2896/1/3 3101/2/3 2895/3/3
f 2897/1/3 3102/2/3 2896/3/3
f 2898/1/3 3103/2/3 2897/3/3
f 2899/1/3 3104/2/3 2898/3/3
f 2900/1/3 3105/2/3 2899/3/3
f 2901/1/3 3106/2/3 2900/3/3
f 2902/1/3 3107/2/3 2901/3/3
f 2903/1/3 3108/2/3 2902/3/3
f 2904/1/3 3109/2/3 2903/3/3
f 2905/1/3 3110/2/3 2904/3/3
f 2894/4/2 3141/3/2 2927/2/2
f 2927/3/2 3147/4/2 2937/1/2
f 2937/4/2 3157/3/2 2939/2/2
f 2939/2/2 3159/1/2 2941/4/2
f 2941/1/2 3161/2/2 2944/3/2
f 2944/3/2 3173/4/2 2958/1/2
f 2958/2/2 3191/1/2 2964/4/2
f 3192/3/4 2965/4/4 2990/2/4
f 3193/3/4 2966/4/4 2965/2/4
f 2964/1/2 3204/2/2 2988/3/2
f 3205/1/5 2990/2/5 2989/4/5
f 3206/3/4 2989/4/4 3001/2/4
f 2966/3/2 3207/4/2 2992/1/2
f 3207/3/4 2993/4/4 2992/2/4
f 2988/2/2 3228/1/2 2999/4/2
f 3229/4/5 3001/3/5 3000/1/5
f 2999/1/2 3242/2/2 3016/3/2
f 3243/3/5 3000/4/5 3017/2/5
f 3016/4/2 3251/3/2 3022/2/2
f 3018/1/3 3243/2/3 3017/3/3
f 3243/3/6 3254/4/6 3253/2/6
f 3254/4/5 3018/3/5 3023/1/5
f 3022/3/2 3259/4/2 3027/1/2
f 3028/1/3 3254/2/3 3023/3/3
f 3029/1/3 3260/2/3 3028/3/3
f 3024/1/3 3261/2/3 3029/3/3
f 3027/4/2 3263/3/2 3031/2/2
f 3031/2/2 3265/1/2 3037/4/2
f 3037/1/2 3271/2/2 3041/3/2
f 3041/3/2 3275/4/2 3049/1/2
f 3049/2/2 3281/1/2 3053/4/2
f 3053/1/2 3283/2/2 3059/3/2
f 3059/3/2 3286/4/2 3062/1/2
f 3062/4/2 3294/3/2 3069/2/2
f 3294/3/4 3070/4/4 3069/2/4
f 3295/3/4 3071/4/4 3070/2/4
f 3296/3/4 3072/4/4 3071/2/4
f 3297/3/4 3073/4/4 3072/2/4
f 3298/3/4 3074/4/4 3073/2/4
f 3299/3/4 3075/4/4 3074/2/4
f 3300/3/4 3076/4/4 3075/2/4
f 3301/3/4 3077/4/4 3076/2/4
f 3302/3/4 3078/4/4 3077/2/4
f 3303/3/4 3079/4/4 3078/2/4
f 3101/2/2 3313/1/2 3100/4/2
f 3102/1/3 3314/2/3 3101/3/3
f 3103/1/3 3315/2/3 3102/3/3
f 3104/1/3 3316/2/3 3103/3/3
f 3105/1/3 3317/2/3 3104/3/3
f 3106/1/3 3318/2/3 3105/3/3
f 3107/1/3 3319/2/3 3106/3/3
f 3108/1/3 3320/2/3 3107/3/3
f 3109/1/3 3321/2/3 3108/3/3
f 3110/1/3 3322/2/3 3109/3/3
f 3111/1/3 3323/2/3 3110/3/3
f 3100/4/2 3350/3/2 3141/2/2
f 3141/3/2 3370/4/2 3147/1/2
f 3147/1/2 3379/2/2 3157/3/2
f 3157/1/2 3382/2/2 3159/3/2
f 3159/2/2 3385/1/2 3161/4/2
f 3161/4/2 3396/3/2 3173/2/2
f 3173/3/2 3403/4/2 3191/1/2
f 3404/3/4 3193/4/4 3192/2/4
f 3405/3/4 3194/4/4 3193/2/4
f 3191/2/2 3422/1/2 3204/4/2
f 3424/3/6 3425/4/6 3423/2/6
f 3425/2/5 3192/1/5 3205/3/5
f 3423/3/4 3205/4/4 3206/2/4
f 3194/3/2 3426/4/2 3207/1/2
f 3426/3/4 3208/4/4 3207/2/4
f 3204/1/2 3439/2/2 3228/3/2
f 3441/3/6 3442/4/6 3440/2/6
f 3442/1/5 3206/2/5 3229/4/5
f 3228/1/2 3453/2/2 3242/3/2
f 3440/3/6 3455/4/6 3454/2/6
f 3455/1/5 3229/2/5 3243/4/5
f 3242/4/2 3462/3/2 3251/2/2
f 3463/2/5 3243/1/5 3253/3/5
f 3251/1/2 3471/2/2 3259/3/2
f 3254/1/3 3463/2/3 3253/3/3
f 3260/1/3 3472/2/3 3254/3/3
f 3261/1/3 3473/2/3 3260/3/3
f 3255/1/3 3474/2/3 3261/3/3
f 3259/4/2 3477/3/2 3263/2/2
f 3263/2/2 3479/1/2 3265/4/2
f 3265/1/2 3481/2/2 3271/3/2
f 3271/2/2 3485/1/2 3275/4/2
f 3275/1/2 3487/2/2 3281/3/2
f 3281/4/2 3489/3/2 3283/2/2
f 3283/3/2 3493/4/2 3286/1/2
f 3286/2/2 3495/1/2 3294/4/2
f 3495/3/4 3295/4/4 3294/2/4
f 3496/3/4 3296/4/4 3295/2/4
f 3497/3/4 3297/4/4 3296/2/4
f 3498/3/4 3298/4/4 3297/2/4
f 3499/3/4 3299/4/4 3298/2/4
f 3500/3/4 3300/4/4 3299/2/4
f 3501/3/4 3301/4/4 3300/2/4
f 3502/3/4 3302/4/4 3301/2/4
f 3503/3/4 3303/4/4 3302/2/4
f 3504/3/4 3304/4/4 3303/2/4
f 3314/3/2 3517/4/2 3313/1/2
f 3315/1/3 3518/2/3 3314/3/3
f 3316/1/3 3519/2/3 3315/3/3
f 3317/1/3 3520/2/3 3316/3/3
f 3318/1/3 3521/2/3 3317/3/3
f 3319/1/3 3522/2/3 3318/3/3
f 3320/1/3 3523/2/3 3319/3/3
f 3321/1/3 3524/2/3 3320/3/3
f 3322/1/3 3525/2/3 3321/3/3
f 3323/1/3 3526/2/3 3322/3/3
f 3324/1/3 3527/2/3 3323/3/3
f 3313/2/2 3552/1/2 3350/4/2
f 3350/3/2 3559/4/2 3370/1/2
f 3370/4/2 3571/3/2 3379/2/2
f 3379/1/2 3575/2/2 3382/3/2
f 3382/2/2 3578/1/2 3385/4/2
f 3385/3/2 3580/4/2 3396/1/2
f 3396/4/2 3591/3/2 3403/2/2
f 3592/3/4 3404/4/4 3424/2/4
f 3593/3/4 3405/4/4 3404/2/4
f 3594/3/4 3406/4/4 3405/2/4
f 3403/4/2 3606/3/2 3422/2/2
f 3608/3/6 3609/4/6 3607/2/6
f 3609/3/5 3424/4/5 3423/2/5
f 3607/3/4 3423/4/4 3441/2/4
f 3406/4/2 3610/3/2 3426/2/2
f 3610/3/4 3427/4/4 3426/2/4
f 3422/3/2 3621/4/2 3439/1/2
f 3622/2/5 3441/1/5 3440/3/5
f 3439/1/2 3629/2/2 3453/3/2
f 3630/4/5 3440/3/5 3454/1/5
f 3453/3/2 3637/4/2 3462/1/2
f 3455/1/3 3630/2/3 3454/3/3
f 3630/3/6 3640/4/6 3639/2/6
f 3640/4/5 3455/3/5 3463/1/5
f 3464/1/1 3641/2/1 3474/3/1
f 3641/1/2 3642/2/2 3474/3/2
f 3456/1/3 3643/2/3 3641/3/3
f 3462/4/2 3651/3/2 3471/2/2
f 3472/1/3 3640/2/3 3463/3/3
f 3473/1/3 3652/2/3 3472/3/3
f 3474/1/3 3653/2/3 3473/3/3
f 3471/1/2 3656/2/2 3477/3/2
f 3477/3/2 3666/4/2 3479/1/2
f 3479/1/2 3674/2/2 3481/3/2
f 3481/1/2 3680/2/2 3485/3/2
f 3485/3/2 3682/4/2 3487/1/2
f 3487/4/2 3684/3/2 3489/2/2
f 3489/1/2 3686/2/2 3493/3/2
f 3493/1/2 3690/2/2 3495/3/2
f 3690/3/4 3496/4/4 3495/2/4
f 3691/3/4 3497/4/4 3496/2/4
f 3692/3/4 3498/4/4 3497/2/4
f 3693/3/4 3499/4/4 3498/2/4
f 3694/3/4 3500/4/4 3499/2/4
f 3695/3/4 3501/4/4 3500/2/4
f 3696/3/4 3502/4/4 3501/2/4
f 3697/3/4 3503/4/4 3502/2/4
f 3698/3/4 3504/4/4 3503/2/4
f 3699/3/4 3505/4/4 3504/2/4
f 3518/1/2 3706/2/2 3517/3/2
f 3519/1/3 3707/2/3 3518/3/3
f 3520/1/3 3708/2/3 3519/3/3
f 3521/1/3 3709/2/3 3520/3/3
f 3522/1/3 3710/2/3 3521/3/3
f 3523/1/3 3711/2/3 3522/3/3
f 3524/1/3 3712/2/3 3523/3/3
f 3525/1/3 3713/2/3 3524/3/3
f 3526/1/3 3714/2/3 3525/3/3
f 3527/1/3 3715/2/3 3526/3/3
f 3528/1/3 3716/2/3 3527/3/3
f 3517/1/2 3733/2/2 3552/3/2
f 3552/1/2 3745/2/2 3559/3/2
f 3559/4/2 3751/3/2 3571/2/2
f 3571/4/2 3759/3/2 3575/2/2
f 3575/3/2 3765/4/2 3578/1/2
f 3578/1/2 3769/2/2 3580/3/2
f 3580/4/2 3772/3/2 3591/2/2
f 3773/3/4 3592/4/4 3608/2/4
f 3774/3/4 3593/4/4 3592/2/4
f 3775/3/4 3594/4/4 3593/2/4
f 3776/3/4 3595/4/4 3594/2/4
f 3591/4/2 3784/3/2 3606/2/2
f 3785/1/5 3608/2/5 3607/4/5
f 3595/4/2 3786/3/2 3610/2/2
f 3606/4/2 3792/3/2 3621/2/2
f 3793/1/5 3607/2/5 3622/4/5
f 3623/1/1 3610/2/1 3794/3/1
f 3610/3/2 3795/4/2 3794/1/2
f 3621/3/2 3801/4/2 3629/1/2
f 3792/3/6 3802/4/6 3801/2/6
f 3802/2/5 3622/1/5 3630/3/5
f 3631/1/1 3794/2/1 3643/3/1
f 3794/4/2 3803/3/2 3643/2/2
f 3629/2/2 3809/1/2 3637/4/2
f 3801/3/6 3810/4/6 3809/2/6
f 3810/3/5 3630/4/5 3639/2/5
f 3643/1/2 3811/2/2 3642/3/2
f 3637/4/2 3817/3/2 3651/2/2
f 3640/1/3 3810/2/3 3639/3/3
f 3652/1/3 3818/2/3 3640/3/3
f 3653/1/3 3819/2/3 3652/3/3
f 3642/1/3 3820/2/3 3653/3/3
f 3651/2/2 3833/1/2 3656/4/2
f 3656/2/2 3837/1/2 3666/4/2
f 3666/3/2 3849/4/2 3674/1/2
f 3674/3/2 3853/4/2 3680/1/2
f 3680/3/2 3859/4/2 3682/1/2
f 3682/1/2 3861/2/2 3684/3/2
f 3684/2/2 3863/1/2 3686/4/2
f 3686/1/2 3865/2/2 3690/3/2
f 3865/3/4 3691/4/4 3690/2/4
f 3866/3/4 3692/4/4 3691/2/4
f 3867/3/4 3693/4/4 3692/2/4
f 3868/3/4 3694/4/4 3693/2/4
f 3869/3/4 3695/4/4 3694/2/4
f 3870/3/4 3696/4/4 3695/2/4
f 3871/3/4 3697/4/4 3696/2/4
f 3872/3/4 3698/4/4 3697/2/4
f 3873/3/4 3699/4/4 3698/2/4
f 3874/3/4 3700/4/4 3699/2/4
f 3707/1/2 3880/2/2 3706/3/2
f 3708/1/3 3881/2/3 3707/3/3
f 3881/3/6 3883/4/6 3880/2/6
f 3709/1/3 3882/2/3 3708/3/3
f 3882/3/6 3885/4/6 3883/2/6
f 3710/1/3 3884/2/3 3709/3/3
f 3884/3/6 3887/4/6 3885/2/6
f 3711/1/3 3886/2/3 3710/3/3
f 3886/3/6 3889/4/6 3887/2/6
f 3712/1/3 3888/2/3 3711/3/3
f 3888/3/6 3891/4/6 3889/2/6
f 3713/1/3 3890/2/3 3712/3/3
f 3890/3/6 3893/4/6 3891/2/6
f 3714/1/3 3892/2/3 3713/3/3
f 3892/3/6 3895/4/6 3893/2/6
f 3715/1/3 3894/2/3 3714/3/3
f 3894/3/6 3897/4/6 3895/2/6
f 3716/1/3 3896/2/3 3715/3/3
f 3896/3/6 3899/4/6 3897/2/6
f 3717/1/3 3898/2/3 3716/3/3
f 3898/3/6 3901/4/6 3899/2/6
f 3706/2/2 3910/1/2 3733/4/2
f 3880/3/6 3911/4/6 3910/2/6
f 3883/3/6 3912/4/6 3911/2/6
f 3885/3/6 3913/4/6 3912/2/6
f 3887/3/6 3914/4/6 3913/2/6
f 3889/3/6 3915/4/6 3914/2/6
f 3891/3/6 3916/4/6 3915/2/6
f 3893/3/6 3917/4/6 3916/2/6
f 3895/3/6 3918/4/6 3917/2/6
f 3897/3/6 3919/4/6 3918/2/6
f 3899/3/6 3920/4/6 3919/2/6
f 3733/4/2 3927/3/2 3745/2/2
f 3910/3/6 3928/4/6 3927/2/6
f 3911/3/6 3929/4/6 3928/2/6
f 3912/3/6 3930/4/6 3929/2/6
f 3913/3/6 3931/4/6 3930/2/6
f 3914/3/6 3932/4/6 3931/2/6
f 3915/3/6 3933/4/6 3932/2/6
f 3916/3/6 3934/4/6 3933/2/6
f 3917/3/6 3935/4/6 3934/2/6
f 3918/3/6 3936/4/6 3935/2/6
f 3919/3/6 3937/4/6 3936/2/6
f 3745/1/2 3944/2/2 3751/3/2
f 3927/3/6 3945/4/6 3944/2/6
f 3928/3/6 3946/4/6 3945/2/6
f 3929/3/6 3947/4/6 3946/2/6
f 3930/3/6 3948/4/6 3947/2/6
f 3931/3/6 3949/4/6 3948/2/6
f 3932/3/6 3950/4/6 3949/2/6
f 3933/3/6 3951/4/6 3950/2/6
f 3934/3/6 3952/4/6 3951/2/6
f 3935/3/6 3953/4/6 3952/2/6
f 3936/3/6 3954/4/6 3953/2/6
f 3751/3/2 3961/4/2 3759/1/2
f 3944/3/6 3962/4/6 3961/2/6
f 3945/3/6 3963/4/6 3962/2/6
f 3946/3/6 3964/4/6 3963/2/6
f 3947/3/6 3965/4/6 3964/2/6
f 3948/3/6 3966/4/6 3965/2/6
f 3949/3/6 3967/4/6 3966/2/6
f 3950/3/6 3968/4/6 3967/2/6
f 3951/3/6 3969/4/6 3968/2/6
f 3952/3/6 3970/4/6 3969/2/6
f 3953/3/6 3971/4/6 3970/2/6
f 3759/3/2 3978/4/2 3765/1/2
f 3961/3/6 3979/4/6 3978/2/6
f 3962/3/6 3980/4/6 3979/2/6
f 3963/3/6 3981/4/6 3980/2/6
f 3964/3/6 3982/4/6 3981/2/6
f 3965/3/6 3983/4/6 3982/2/6
f 3966/3/6 3984/4/6 3983/2/6
f 3967/3/6 3985/4/6 3984/2/6
f 3968/3/6 3986/4/6 3985/2/6
f 3969/3/6 3987/4/6 3986/2/6
f 3970/3/6 3988/4/6 3987/2/6
f 3765/2/2 3995/1/2 3769/4/2
f 3978/3/6 3996/4/6 3995/2/6
f 3979/3/6 3997/4/6 3996/2/6
f 3980/3/6 3998/4/6 3997/2/6
f 3981/3/6 3999/4/6 3998/2/6
f 3982/3/6 4000/4/6 3999/2/6
f 3983/3/6 4001/4/6 4000/2/6
f 3984/3/6 4002/4/6 4001/2/6
f 3985/3/6 4003/4/6 4002/2/6
f 3986/3/6 4004/4/6 4003/2/6
f 3987/3/6 4005/4/6 4004/2/6
f 3769/3/2 4012/4/2 3772/1/2
f 3995/3/6 4013/4/6 4012/2/6
f 3996/3/6 4014/4/6 4013/2/6
f 4013/3/4 3774/4/4 3773/2/4
f 3997/3/6 4015/4/6 4014/2/6
f 4014/3/4 3775/4/4 3774/2/4
f 3998/3/6 4016/4/6 4015/2/6
f 4015/3/4 3776/4/4 3775/2/4
f 3999/3/6 4017/4/6 4016/2/6
f 4000/3/6 4018/4/6 4017/2/6
f 4001/3/6 4019/4/6 4018/2/6
f 4002/3/6 4020/4/6 4019/2/6
f 4003/3/6 4021/4/6 4020/2/6
f 4004/3/6 4022/4/6 4021/2/6
f 3772/2/2 4029/1/2 3784/4/2
f 4012/3/6 4030/4/6 4029/2/6
f 4030/3/5 3773/4/5 3785/2/5
f 3786/1/1 3776/2/1 4031/3/1
f 3776/2/2 4032/1/2 4031/4/2
f 4016/3/6 4033/4/6 4032/2/6
f 4032/3/4 3786/4/4 4031/2/4
f 4017/3/6 4034/4/6 4033/2/6
f 4018/3/6 4035/4/6 4034/2/6
f 4019/3/6 4036/4/6 4035/2/6
f 4020/3/6 4037/4/6 4036/2/6
f 4021/3/6 4038/4/6 4037/2/6
f 3784/1/2 4045/2/2 3792/3/2
f 4029/3/6 4046/4/6 4045/2/6
f 4046/4/5 3785/3/5 3793/1/5
f 4045/3/4 3793/4/4 3792/2/4
f 3786/4/2 4047/3/2 3795/2/2
f 4033/3/6 4048/4/6 4047/2/6
f 4034/3/6 4049/4/6 4048/2/6
f 4037/3/6 4052/4/6 4051/2/6
f 3795/3/2 4059/4/2 3803/1/2
f 4047/3/6 4060/4/6 4059/2/6
f 3803/4/2 4071/3/2 3811/2/2
f 4059/3/6 4072/4/6 4071/2/6
f 3809/4/2 4083/3/2 3817/2/2
f 3810/1/3 4084/2/3 3809/3/3
f 4084/3/6 4086/4/6 4083/2/6
f 3818/1/3 4085/2/3 3810/3/3
f 4085/3/6 4088/4/6 4086/2/6
f 3819/1/3 4087/2/3 3818/3/3
f 4087/3/6 4090/4/6 4088/2/6
f 3820/1/3 4089/2/3 3819/3/3
f 4089/3/6 4092/4/6 4090/2/6
f 3811/1/3 4091/2/3 3820/3/3
f 4091/3/6 4093/4/6 4092/2/6
f 4071/3/6 4094/4/6 4093/2/6
f 3817/1/2 4109/2/2 3833/3/2
f 4083/3/6 4110/4/6 4109/2/6
f 4086/3/6 4111/4/6 4110/2/6
f 4088/3/6 4112/4/6 4111/2/6
f 4090/3/6 4113/4/6 4112/2/6
f 4092/3/6 4114/4/6 4113/2/6
f 4093/3/6 4115/4/6 4114/2/6
f 4094/3/6 4116/4/6 4115/2/6
f 4097/3/6 4119/4/6 4118/2/6
f 3833/1/2 4132/2/2 3837/3/2
f 4109/3/6 4133/4/6 4132/2/6
f 4110/3/6 4134/4/6 4133/2/6
f 4111/3/6 4135/4/6 4134/2/6
f 4112/3/6 4136/4/6 4135/2/6
f 4113/3/6 4137/4/6 4136/2/6
f 4114/3/6 4138/4/6 4137/2/6
f 3837/4/2 4171/3/2 3849/2/2
f 4132/3/6 4172/4/6 4171/2/6
f 4133/3/6 4173/4/6 4172/2/6
f 4134/3/6 4174/4/6 4173/2/6
f 4135/3/6 4175/4/6 4174/2/6
f 4136/3/6 4176/4/6 4175/2/6
f 4137/3/6 4177/4/6 4176/2/6
f 3849/3/2 4192/4/2 3853/1/2
f 4171/3/6 4193/4/6 4192/2/6
f 4172/3/6 4194/4/6 4193/2/6
f 4173/3/6 4195/4/6 4194/2/6
f 4174/3/6 4196/4/6 4195/2/6
f 4175/3/6 4197/4/6 4196/2/6
f 4176/3/6 4198/4/6 4197/2/6
f 3853/3/2 4209/4/2 3859/1/2
f 4192/3/6 4210/4/6 4209/2/6
f 4193/3/6 4211/4/6 4210/2/6
f 4194/3/6 4212/4/6 4211/2/6
f 4195/3/6 4213/4/6 4212/2/6
f 4196/3/6 4214/4/6 4213/2/6
f 4197/3/6 4215/4/6 4214/2/6
f 4198/3/6 4216/4/6 4215/2/6
f 4201/3/6 4219/4/6 4218/2/6
f 3859/2/2 4224/1/2 3861/4/2
f 4209/3/6 4225/4/6 4224/2/6
f 4210/3/6 4226/4/6 4225/2/6
f 4211/3/6 4227/4/6 4226/2/6
f 4212/3/6 4228/4/6 4227/2/6
f 4213/3/6 4229/4/6 4228/2/6
f 4214/3/6 4230/4/6 4229/2/6
f 4215/3/6 4231/4/6 4230/2/6
f 4216/3/6 4232/4/6 4231/2/6
f 4217/3/6 4233/4/6 4232/2/6
f 4218/3/6 4234/4/6 4233/2/6
f 3861/4/2 4239/3/2 3863/2/2
f 4224/3/6 4240/4/6 4239/2/6
f 4225/3/6 4241/4/6 4240/2/6
f 4226/3/6 4242/4/6 4241/2/6
f 4227/3/6 4243/4/6 4242/2/6
f 4228/3/6 4244/4/6 4243/2/6
f 4229/3/6 4245/4/6 4244/2/6
f 4230/3/6 4246/4/6 4245/2/6
f 4231/3/6 4247/4/6 4246/2/6
f 4232/3/6 4248/4/6 4247/2/6
f 4233/3/6 4249/4/6 4248/2/6
f 3863/1/2 4254/2/2 3865/3/2
f 4239/3/6 4255/4/6 4254/2/6
f 4254/3/4 3866/4/4 3865/2/4
f 4240/3/6 4256/4/6 4255/2/6
f 4255/3/4 3867/4/4 3866/2/4
f 4241/3/6 4257/4/6 4256/2/6
f 4256/3/4 3868/4/4 3867/2/4
f 4242/3/6 4258/4/6 4257/2/6
f 4257/3/4 3869/4/4 3868/2/4
f 4243/3/6 4259/4/6 4258/2/6
f 4258/3/4 3870/4/4 3869/2/4
f 4244/3/6 4260/4/6 4259/2/6
f 4259/3/4 3871/4/4 3870/2/4
f 4245/3/6 4261/4/6 4260/2/6
f 4260/3/4 3872/4/4 3871/2/4
f 4246/3/6 4262/4/6 4261/2/6
f 4261/3/4 3873/4/4 3872/2/4
f 4247/3/6 4263/4/6 4262/2/6
f 4262/3/4 3874/4/4 3873/2/4
f 4248/3/6 4264/4/6 4263/2/6
f 4263/3/4 3875/4/4 3874/2/4
f 44/5/1 42/6/1 41/7/1
f 45/5/3 43/6/3 42/7/3
f 47/8/5 45/9/5 44/10/5
f 48/7/4 44/11/4 41/6/4
f 80/5/1 38/6/1 79/7/1
f 81/8/5 41/9/5 80/10/5
f 148/5/1 116/6/1 147/7/1
f 149/10/5 117/12/5 148/9/5
f 181/5/1 147/6/1 180/7/1
f 182/10/5 148/12/5 181/9/5
f 205/5/1 180/6/1 204/7/1
f 206/10/5 181/12/5 205/9/5
f 225/5/1 204/6/1 224/7/1
f 226/9/5 205/8/5 225/12/5
f 241/5/1 224/6/1 240/7/1
f 242/8/5 225/9/5 241/10/5
f 243/7/4 241/11/4 240/6/4
f 46/5/3 533/6/3 43/7/3
f 535/10/5 46/12/5 47/9/5
f 120/5/1 48/6/1 81/7/1
f 547/12/5 47/10/5 120/8/5
f 548/7/4 120/11/4 81/6/4
f 554/12/5 81/10/5 121/8/5
f 566/9/5 121/8/5 149/12/5
f 572/9/5 149/8/5 182/12/5
f 578/9/5 182/8/5 206/12/5
f 584/9/5 206/8/5 226/12/5
f 596/8/5 226/9/5 242/10/5
f 607/5/1 243/6/1 260/7/1
f 608/8/5 242/9/5 607/10/5
f 606/7/4 607/11/4 260/6/4
f 534/5/3 744/6/3 533/7/3
f 746/12/5 534/10/5 535/8/5
f 752/10/5 535/12/5 547/9/5
f 753/7/4 547/11/4 548/6/4
f 761/9/5 548/8/5 554/12/5
f 767/12/5 554/10/5 566/8/5
f 773/8/5 566/9/5 572/10/5
f 775/10/5 572/12/5 578/9/5
f 787/8/5 578/9/5 584/10/5
f 793/12/5 584/10/5 596/8/5
f 808/12/5 596/10/5 608/8/5
f 807/7/4 608/11/4 606/6/4
f 745/5/3 939/6/3 744/7/3
f 941/12/5 745/10/5 746/8/5
f 947/12/5 746/10/5 752/8/5
f 948/7/4 752/11/4 753/6/4
f 950/12/5 753/10/5 761/8/5
f 952/8/5 761/9/5 767/10/5
f 954/9/5 767/8/5 773/12/5
f 956/12/5 773/10/5 775/8/5
f 969/10/5 775/12/5 787/9/5
f 981/8/5 787/9/5 793/10/5
f 988/8/5 793/9/5 808/10/5
f 940/5/3 1107/6/3 939/7/3
f 1109/8/5 940/9/5 941/10/5
f 1111/12/5 941/10/5 947/8/5
f 1112/7/4 947/11/4 948/6/4
f 1114/10/5 948/12/5 950/9/5
f 1116/10/5 950/12/5 952/9/5
f 1118/9/5 952/8/5 954/12/5
f 1123/10/5 954/12/5 956/9/5
f 1133/10/5 956/12/5 969/9/5
f 1141/10/5 969/12/5 981/9/5
f 1183/8/5 988/9/5 998/10/5
f 1108/5/3 1288/6/3 1107/7/3
f 1290/10/5 1108/12/5 1109/9/5
f 1292/9/5 1109/8/5 1111/12/5
f 1294/5/1 1112/6/1 1114/7/1
f 1295/9/5 1111/8/5 1294/12/5
f 1296/7/4 1294/11/4 1114/6/4
f 1298/8/5 1114/9/5 1116/10/5
f 1300/10/5 1116/12/5 1118/9/5
f 1308/10/5 1118/12/5 1123/9/5
f 1319/8/5 1123/9/5 1133/10/5
f 1350/12/5 1141/10/5 1159/8/5
f 1363/10/5 1159/12/5 1183/9/5
f 1289/5/3 1476/6/3 1288/7/3
f 1478/9/5 1289/8/5 1290/12/5
f 1480/9/5 1290/8/5 1292/12/5
f 1482/10/5 1292/12/5 1295/9/5
f 1483/7/4 1295/11/4 1296/6/4
f 1485/9/5 1296/8/5 1298/12/5
f 1490/8/5 1298/9/5 1300/10/5
f 1497/12/5 1300/10/5 1308/8/5
f 1506/10/5 1308/12/5 1319/9/5
f 1512/10/5 1319/12/5 1337/9/5
f 1526/9/5 1337/8/5 1350/12/5
f 1543/12/5 1350/10/5 1363/8/5
f 1559/9/5 1363/8/5 1369/12/5
f 1477/5/3 1668/6/3 1476/7/3
f 1670/8/5 1477/9/5 1478/10/5
f 1672/8/5 1478/9/5 1480/10/5
f 1674/9/5 1480/8/5 1482/12/5
f 1675/7/4 1482/11/4 1483/6/4
f 1681/10/5 1483/12/5 1485/9/5
f 1689/10/5 1485/12/5 1490/9/5
f 1695/9/5 1490/8/5 1497/12/5
f 1699/12/5 1497/10/5 1506/8/5
f 1707/9/5 1506/8/5 1512/12/5
f 1721/9/5 1512/8/5 1526/12/5
f 1733/8/5 1526/9/5 1543/10/5
f 1752/10/5 1543/12/5 1559/9/5
f 1765/8/5 1559/9/5 1569/10/5
f 1777/5/1 1570/6/1 1580/7/1
f 1778/9/5 1569/8/5 1777/12/5
f 1779/7/4 1777/11/4 1580/6/4
f 1669/5/3 1869/6/3 1668/7/3
f 1871/9/5 1669/8/5 1670/12/5
f 1877/8/5 1670/9/5 1672/10/5
f 1883/9/5 1672/8/5 1674/12/5
f 1884/7/4 1674/11/4 1675/6/4
f 1890/9/5 1675/8/5 1681/12/5
f 1896/9/5 1681/8/5 1689/12/5
f 1900/9/5 1689/8/5 1695/12/5
f 1904/12/5 1695/10/5 1699/8/5
f 1908/9/5 1699/8/5 1707/12/5
f 1919/10/5 1707/12/5 1721/9/5
f 1935/8/5 1721/9/5 1733/10/5
f 1945/12/5 1733/10/5 1752/8/5
f 1962/10/5 1752/12/5 1765/9/5
f 1971/10/5 1765/12/5 1778/9/5
f 1982/5/1 1779/6/1 1784/7/1
f 1983/12/5 1778/10/5 1982/8/5
f 1984/7/4 1982/11/4 1784/6/4
f 1870/5/3 2056/6/3 1869/7/3
f 2058/10/5 1870/12/5 1871/9/5
f 2062/8/5 1871/9/5 1877/10/5
f 2066/8/5 1877/9/5 1883/10/5
f 2067/7/4 1883/11/4 1884/6/4
f 2072/8/5 1884/9/5 1890/10/5
f 2076/10/5 1890/12/5 1896/9/5
f 2080/10/5 1896/12/5 1900/9/5
f 2084/12/5 1900/10/5 1904/8/5
f 2090/9/5 1904/8/5 1908/12/5
f 2099/9/5 1908/8/5 1919/12/5
f 2112/9/5 1919/8/5 1935/12/5
f 2141/9/5 1945/8/5 1962/12/5
f 2158/9/5 1962/8/5 1971/12/5
f 2167/8/5 1971/9/5 1983/10/5
f 2171/5/1 1984/6/1 1988/7/1
f 2172/9/5 1983/8/5 2171/12/5
f 2174/5/1 1988/6/1 1994/7/1
f 2175/10/5 2171/12/5 2174/9/5
f 2176/7/4 2174/11/4 1994/6/4
f 2057/5/3 2234/6/3 2056/7/3
f 2236/10/5 2057/12/5 2058/9/5
f 2240/10/5 2058/12/5 2062/9/5
f 2244/8/5 2062/9/5 2066/10/5
f 2245/7/4 2066/11/4 2067/6/4
f 2250/12/5 2067/10/5 2072/8/5
f 2254/8/5 2072/9/5 2076/10/5
f 2258/10/5 2076/12/5 2080/9/5
f 2264/8/5 2080/9/5 2084/10/5
f 2270/8/5 2084/9/5 2090/10/5
f 2276/8/5 2090/9/5 2099/10/5
f 2293/8/5 2099/9/5 2112/10/5
f 2301/9/5 2112/8/5 2129/12/5
f 2315/10/5 2129/12/5 2141/9/5
f 2323/12/5 2141/10/5 2158/8/5
f 2333/8/5 2158/9/5 2167/10/5
f 2337/9/5 2167/8/5 2172/12/5
f 2339/9/5 2172/8/5 2175/12/5
f 2341/5/1 2176/6/1 2178/7/1
f 2342/10/5 2175/12/5 2341/9/5
f 2343/7/4 2341/11/4 2178/6/4
f 2235/5/3 2393/6/3 2234/7/3
f 2395/8/5 2235/9/5 2236/10/5
f 2399/8/5 2236/9/5 2240/10/5
f 2403/9/5 2240/8/5 2244/12/5
f 2404/7/4 2244/11/4 2245/6/4
f 2408/10/5 2245/12/5 2250/9/5
f 2413/8/5 2250/9/5 2254/10/5
f 2417/12/5 2254/10/5 2258/8/5
f 2423/10/5 2258/12/5 2264/9/5
f 2425/8/5 2264/9/5 2270/10/5
f 2434/10/5 2270/12/5 2276/9/5
f 2441/12/5 2276/10/5 2293/8/5
f 2453/9/5 2293/8/5 2301/12/5
f 2462/10/5 2301/12/5 2315/9/5
f 2473/8/5 2315/9/5 2323/10/5
f 2478/10/5 2323/12/5 2333/9/5
f 2482/9/5 2333/8/5 2337/12/5
f 2492/12/5 2337/10/5 2339/8/5
f 2498/9/5 2339/8/5 2342/12/5
f 2504/5/1 2343/6/1 2345/7/1
f 2505/10/5 2342/12/5 2504/9/5
f 2507/5/1 2345/6/1 2351/7/1
f 2508/12/5 2504/10/5 2507/8/5
f 2510/5/1 2351/6/1 2357/7/1
f 2511/10/5 2507/12/5 2510/9/5
f 2512/7/4 2510/11/4 2357/6/4
f 2394/5/3 2559/6/3 2393/7/3
f 2561/12/5 2394/10/5 2395/8/5
f 2566/10/5 2395/12/5 2399/9/5
f 2571/9/5 2399/8/5 2403/12/5
f 2579/5/1 2404/6/1 2408/7/1
f 2580/8/5 2403/9/5 2579/10/5
f 2581/7/4 2579/11/4 2408/6/4
f 2587/10/5 2408/12/5 2413/9/5
f 2589/9/5 2413/8/5 2417/12/5
f 2591/9/5 2417/8/5 2423/12/5
f 2593/9/5 2423/8/5 2425/12/5
f 2598/12/5 2425/10/5 2434/8/5
f 2609/9/5 2434/8/5 2441/12/5
f 2616/8/5 2441/9/5 2453/10/5
f 2623/12/5 2453/10/5 2462/8/5
f 2630/12/5 2462/10/5 2473/8/5
f 2635/8/5 2473/9/5 2478/10/5
f 2643/9/5 2478/8/5 2482/12/5
f 2647/8/5 2482/9/5 2492/10/5
f 2659/10/5 2492/12/5 2498/9/5
f 2663/10/5 2498/12/5 2505/9/5
f 2669/12/5 2505/10/5 2508/8/5
f 2677/8/5 2508/9/5 2511/10/5
f 2693/5/1 2512/6/1 2533/7/1
f 2694/12/5 2511/10/5 2693/8/5
f 2692/7/4 2693/11/4 2533/6/4
f 2560/5/3 2725/6/3 2559/7/3
f 2727/9/5 2560/8/5 2561/12/5
f 2730/12/5 2561/10/5 2566/8/5
f 2732/9/5 2566/8/5 2571/12/5
f 2734/10/5 2571/12/5 2580/9/5
f 2736/5/1 2581/6/1 2587/7/1
f 2737/10/5 2580/12/5 2736/9/5
f 2738/7/4 2736/11/4 2587/6/4
f 2740/12/5 2587/10/5 2589/8/5
f 2742/12/5 2589/10/5 2591/8/5
f 2760/10/5 2591/12/5 2593/9/5
f 2776/8/5 2593/9/5 2598/10/5
f 2789/12/5 2598/10/5 2609/8/5
f 2793/9/5 2609/8/5 2616/12/5
f 2799/8/5 2616/9/5 2623/10/5
f 2806/8/5 2623/9/5 2630/10/5
f 2808/8/5 2630/9/5 2635/10/5
f 2814/8/5 2635/9/5 2643/10/5
f 2844/9/5 2647/8/5 2659/12/5
f 2854/8/5 2659/9/5 2663/10/5
f 2858/12/5 2663/10/5 2669/8/5
f 2864/10/5 2669/12/5 2677/9/5
f 2888/8/5 2677/9/5 2694/10/5
f 2887/7/4 2694/11/4 2692/6/4
f 2726/5/3 2908/6/3 2725/7/3
f 2910/10/5 2726/12/5 2727/9/5
f 2928/10/5 2727/12/5 2730/9/5
f 2938/9/5 2730/8/5 2732/12/5
f 2940/9/5 2732/8/5 2734/12/5
f 2942/8/5 2734/9/5 2737/10/5
f 2943/7/4 2737/11/4 2738/6/4
f 2945/9/5 2738/8/5 2740/12/5
f 2959/8/5 2740/9/5 2742/10/5
f 2967/8/5 2742/9/5 2760/10/5
f 2994/9/5 2760/8/5 2776/12/5
f 3006/7/6 3007/11/6 3005/6/6
f 3007/8/5 2776/9/5 2789/10/5
f 3005/7/6 3021/11/6 3020/6/6
f 3021/9/5 2789/8/5 2793/12/5
f 3026/10/5 2793/12/5 2799/9/5
f 3030/10/5 2799/12/5 2806/9/5
f 3032/10/5 2806/12/5 2808/9/5
f 3038/8/5 2808/9/5 2814/10/5
f 3042/10/5 2814/12/5 2827/9/5
f 3050/10/5 2827/12/5 2844/9/5
f 2860/5/1 2844/6/1 2854/7/1
f 3054/5/3 3050/6/3 2844/7/3
f 3056/12/5 3054/10/5 2860/8/5
f 2859/5/1 2854/6/1 2858/7/1
f 2865/5/1 2858/6/1 2864/7/1
f 2889/5/1 2864/6/1 2888/7/1
f 3082/7/4 2889/11/4 2888/6/4
f 2909/5/3 3114/6/3 2908/7/3
f 3116/9/5 2909/8/5 2910/12/5
f 3142/12/5 2910/10/5 2928/8/5
f 3148/12/5 2928/10/5 2938/8/5
f 3158/12/5 2938/10/5 2940/8/5
f 3160/12/5 2940/10/5 2942/8/5
f 3162/5/1 2943/6/1 2945/7/1
f 3163/9/5 2942/8/5 3162/12/5
f 3164/7/4 3162/11/4 2945/6/4
f 3174/12/5 2945/10/5 2959/8/5
f 3210/7/6 3211/11/6 3209/6/6
f 3211/9/5 2967/8/5 2994/12/5
f 3209/7/4 2994/11/4 3006/6/4
f 3021/5/3 3246/6/3 3020/7/3
f 3246/7/6 3258/11/6 3257/6/6
f 3258/12/5 3021/10/5 3026/8/5
f 3262/10/5 3026/12/5 3030/9/5
f 3264/9/5 3030/8/5 3032/12/5
f 3266/8/5 3032/9/5 3038/10/5
f 3272/12/5 3038/10/5 3042/8/5
f 3055/5/1 3042/6/1 3050/7/1
f 3276/5/3 3272/6/3 3042/7/3
f 3278/8/5 3276/9/5 3055/10/5
f 3282/8/5 3055/9/5 3056/10/5
f 3307/7/4 3083/11/4 3082/6/4
f 3352/7/6 3353/11/6 3351/6/6
f 3353/12/5 3116/10/5 3142/8/5
f 3351/7/6 3374/11/6 3373/6/6
f 3374/8/5 3142/9/5 3148/10/5
f 3373/7/6 3381/11/6 3380/6/6
f 3381/9/5 3148/8/5 3158/12/5
f 3380/7/6 3384/11/6 3383/6/6
f 3384/8/5 3158/9/5 3160/10/5
f 3383/7/6 3387/11/6 3386/6/6
f 3387/10/5 3160/12/5 3163/9/5
f 3197/5/1 3164/6/1 3174/7/1
f 3386/7/6 3398/11/6 3397/6/6
f 3398/10/5 3163/12/5 3197/9/5
f 3397/7/4 3197/11/4 3174/6/4
f 3408/7/6 3409/11/6 3407/6/6
f 3409/9/5 3174/8/5 3198/12/5
f 3407/7/4 3198/11/4 3210/6/4
f 3258/5/3 3466/6/3 3257/7/3
f 3476/10/5 3258/12/5 3262/9/5
f 3478/10/5 3262/12/5 3264/9/5
f 3480/9/5 3264/8/5 3266/12/5
f 3277/5/1 3266/6/1 3272/7/1
f 3482/5/3 3480/6/3 3266/7/3
f 3484/12/5 3482/10/5 3277/8/5
f 3486/9/5 3277/8/5 3278/12/5
f 3488/9/5 3278/8/5 3282/12/5
f 3508/7/4 3308/11/4 3307/6/4
f 3328/5/3 3531/6/3 3327/7/3
f 3531/7/6 3535/11/6 3533/6/6
f 3535/10/5 3328/12/5 3332/9/5
f 3533/7/4 3332/11/4 3352/6/4
f 3532/7/6 3554/11/6 3553/6/6
f 3554/10/5 3352/12/5 3351/9/5
f 3553/7/4 3351/11/4 3372/6/4
f 3373/5/3 3562/6/3 3371/7/3
f 3562/7/6 3574/11/6 3573/6/6
f 3574/9/5 3373/8/5 3380/12/5
f 3573/7/6 3577/11/6 3576/6/6
f 3577/9/5 3380/8/5 3383/12/5
f 3579/12/5 3383/10/5 3386/8/5
f 3581/10/5 3386/12/5 3397/9/5
f 3582/7/4 3397/11/4 3408/6/4
f 3475/5/3 3646/6/3 3466/7/3
f 3655/10/5 3475/12/5 3476/9/5
f 3657/9/5 3476/8/5 3478/12/5
f 3483/5/1 3478/6/1 3480/7/1
f 3667/5/3 3657/6/3 3478/7/3
f 3669/8/5 3667/9/5 3483/10/5
f 3675/9/5 3483/8/5 3484/12/5
f 3681/10/5 3484/12/5 3486/9/5
f 3683/9/5 3486/8/5 3488/12/5
f 3685/12/5 3488/10/5 3491/8/5
f 3703/7/4 3509/11/4 3508/6/4
f 3577/5/3 3760/6/3 3576/7/3
f 3760/7/6 3768/11/6 3767/6/6
f 3768/9/5 3577/8/5 3579/12/5
f 3767/7/6 3771/11/6 3770/6/6
f 3771/12/5 3579/10/5 3581/8/5
f 3770/7/4 3581/11/4 3582/6/4
f 3823/5/1 3654/6/1 3655/7/1
f 3824/5/3 3822/6/3 3654/7/3
f 3826/8/5 3824/9/5 3823/10/5
f 3668/5/1 3655/6/1 3657/7/1
f 3834/12/5 3823/10/5 3668/8/5
f 3838/10/5 3668/12/5 3669/9/5
f 3850/12/5 3669/10/5 3675/8/5
f 3854/10/5 3675/12/5 3681/9/5
f 3860/9/5 3681/8/5 3683/12/5
f 3862/9/5 3683/8/5 3685/12/5
f 3864/12/5 3685/10/5 3688/8/5
f 3879/12/5 3688/10/5 3704/8/5
f 3878/7/4 3704/11/4 3703/6/4
f 3825/5/3 4101/6/3 3822/7/3
f 4101/7/6 4104/11/6 4102/6/6
f 4104/9/5 3825/8/5 3826/12/5
f 4102/7/6 4123/11/6 4122/6/6
f 4123/9/5 3826/8/5 3834/12/5
f 4145/7/6 4185/11/6 4184/6/6
f 4185/12/5 3838/10/5 3850/8/5
f 4184/7/6 4206/11/6 4205/6/6
f 4206/8/5 3850/9/5 3854/10/5
f 4205/7/6 4223/11/6 4222/6/6
f 4223/9/5 3854/8/5 3860/12/5
f 4222/7/6 4238/11/6 4237/6/6
f 4238/10/5 3860/12/5 3862/9/5
f 4237/7/6 4253/11/6 4252/6/6
f 4253/8/5 3862/9/5 3864/10/5
f 4252/7/6 4268/11/6 4267/6/6
f 4268/10/5 3864/12/5 3879/9/5
f 4267/7/4 3879/11/4 3878/6/4
f 29/13/1 27/14/1 26/15/1
f 30/13/3 28/14/3 27/15/3
f 32/13/1 30/14/1 29/15/1
f 33/13/3 31/14/3 30/15/3
f 35/13/1 33/14/1 32/15/1
f 36/13/3 34/14/3 33/15/3
f 38/13/1 36/14/1 35/15/1
f 39/13/3 37/14/3 36/15/3
f 41/13/1 39/14/1 38/15/1
f 42/13/3 40/14/3 39/15/3
f 75/13/1 23/14/1 74/15/1
f 76/13/1 26/14/1 75/15/1
f 77/13/1 29/14/1 76/15/1
f 78/13/1 32/14/1 77/15/1
f 79/13/1 35/14/1 78/15/1
f 112/13/1 74/14/1 111/15/1
f 113/13/1 75/14/1 112/15/1
f 114/13/1 76/14/1 113/15/1
f 115/13/1 77/14/1 114/15/1
f 116/13/1 78/14/1 115/15/1
f 117/13/1 79/14/1 116/15/1
f 144/13/1 112/14/1 143/15/1
f 145/13/1 113/14/1 144/15/1
f 146/13/1 114/14/1 145/15/1
f 147/13/1 115/14/1 146/15/1
f 179/13/1 145/14/1 178/15/1
f 180/13/1 146/14/1 179/15/1
f 203/13/1 178/14/1 202/15/1
f 204/13/1 179/14/1 203/15/1
f 223/13/1 202/14/1 222/15/1
f 224/13/1 203/14/1 223/15/1
f 237/13/1 220/14/1 236/15/1
f 220/14/2 238/13/2 236/16/2
f 239/13/1 222/14/1 237/15/1
f 240/13/1 223/14/1 239/15/1
f 254/13/1 236/14/1 253/15/1
f 236/13/2 255/14/2 253/15/2
f 255/15/4 254/16/4 253/14/4
f 257/13/1 237/14/1 254/15/1
f 256/15/4 257/16/4 254/14/4
f 259/13/1 239/14/1 257/15/1
f 260/15/5 240/16/5 259/14/5
f 258/15/4 259/16/4 257/14/4
f 31/13/3 528/14/3 28/15/3
f 34/13/3 529/14/3 31/15/3
f 37/13/3 530/14/3 34/15/3
f 40/13/3 531/14/3 37/15/3
f 43/13/3 532/14/3 40/15/3
f 221/14/2 595/13/2 238/16/2
f 238/14/2 603/13/2 255/16/2
f 604/15/4 258/16/4 256/14/4
f 605/15/4 260/16/4 258/14/4
f 529/13/3 739/14/3 528/15/3
f 530/13/3 740/14/3 529/15/3
f 531/13/3 741/14/3 530/15/3
f 532/13/3 742/14/3 531/15/3
f 533/13/3 743/14/3 532/15/3
f 583/15/2 792/16/2 595/14/2
f 595/13/2 804/14/2 603/15/2
f 805/15/4 605/16/4 604/14/4
f 806/15/4 606/16/4 605/14/4
f 910/15/4 716/16/4 715/14/4
f 740/13/3 934/14/3 739/15/3
f 741/13/3 935/14/3 740/15/3
f 742/13/3 936/14/3 741/15/3
f 743/13/3 937/14/3 742/15/3
f 744/13/3 938/14/3 743/15/3
f 786/13/2 978/14/2 792/15/2
f 968/15/6 980/16/6 978/14/6
f 792/16/2 986/15/2 804/13/2
f 978/15/6 987/16/6 986/14/6
f 804/13/2 997/14/2 819/15/2
f 1078/15/4 911/16/4 910/14/4
f 1079/15/4 912/16/4 911/14/4
f 1080/15/4 913/16/4 912/14/4
f 914/13/1 903/14/1 913/15/1
f 1082/16/5 902/15/5 914/13/5
f 1081/15/4 914/16/4 913/14/4
f 935/13/3 1102/14/3 934/15/3
f 936/13/3 1103/14/3 935/15/3
f 937/13/3 1104/14/3 936/15/3
f 938/13/3 1105/14/3 937/15/3
f 939/13/3 1106/14/3 938/15/3
f 967/16/2 1131/15/2 968/13/2
f 1131/15/4 979/16/4 968/14/4
f 979/16/2 1140/15/2 980/13/2
f 980/13/2 1155/14/2 987/15/2
f 986/16/2 1181/15/2 997/13/2
f 987/13/3 1182/14/3 986/15/3
f 1241/15/4 1063/16/4 1061/14/4
f 1243/13/1 1054/14/1 1063/15/1
f 1244/15/5 1053/16/5 1243/14/5
f 1242/15/4 1243/16/4 1063/14/4
f 1250/13/1 1060/14/1 1070/15/1
f 1251/13/5 1061/14/5 1250/15/5
f 1252/15/4 1250/16/4 1070/14/4
f 1260/15/4 1080/16/4 1079/14/4
f 1261/15/4 1081/16/4 1080/14/4
f 1262/15/4 1082/16/4 1081/14/4
f 1083/13/1 1071/14/1 1082/15/1
f 1264/16/5 1070/15/5 1083/13/5
f 1263/15/4 1083/16/4 1082/14/4
f 1105/13/3 1285/14/3 1104/15/3
f 1106/13/3 1286/14/3 1105/15/3
f 1107/13/3 1287/14/3 1106/15/3
f 1122/16/2 1316/15/2 1131/13/2
f 1307/15/6 1318/16/6 1316/14/6
f 1316/15/4 1132/16/4 1131/14/4
f 1132/16/2 1334/15/2 1140/13/2
f 1140/16/2 1349/15/2 1155/13/2
f 1182/15/2 1361/16/2 1181/14/2
f 1155/13/3 1362/14/3 1182/15/3
f 1423/13/1 1229/14/1 1235/15/1
f 1424/13/5 1228/14/5 1423/15/5
f 1425/15/4 1423/16/4 1235/14/4
f 1431/14/5 1235/13/5 1244/16/5
f 1432/15/4 1244/16/4 1242/14/4
f 1438/13/1 1241/14/1 1251/15/1
f 1439/14/5 1242/13/5 1438/16/5
f 1440/15/4 1438/16/4 1251/14/4
f 1449/15/4 1262/16/4 1261/14/4
f 1450/15/4 1263/16/4 1262/14/4
f 1451/15/4 1264/16/4 1263/14/4
f 1265/13/1 1252/14/1 1264/15/1
f 1453/13/5 1251/14/5 1265/15/5
f 1452/15/4 1265/16/4 1264/14/4
f 1286/13/3 1473/14/3 1285/15/3
f 1287/13/3 1474/14/3 1286/15/3
f 1288/13/3 1475/14/3 1287/15/3
f 1306/15/2 1495/16/2 1307/14/2
f 1495/15/4 1317/16/4 1307/14/4
f 1317/14/2 1505/13/2 1318/16/2
f 1318/16/2 1511/15/2 1334/13/2
f 1334/13/2 1525/14/2 1349/15/2
f 1362/16/2 1541/15/2 1361/13/2
f 1349/13/3 1542/14/3 1362/15/3
f 1610/15/5 1411/16/5 1417/14/5
f 1616/15/5 1417/16/5 1424/14/5
f 1622/13/1 1425/14/1 1431/15/1
f 1623/14/5 1424/13/5 1622/16/5
f 1624/15/4 1622/16/4 1431/14/4
f 1630/13/1 1432/14/1 1439/15/1
f 1631/16/5 1431/15/5 1630/13/5
f 1632/15/4 1630/16/4 1439/14/4
f 1642/15/4 1451/16/4 1450/14/4
f 1643/15/4 1452/16/4 1451/14/4
f 1644/15/4 1453/16/4 1452/14/4
f 1454/13/1 1440/14/1 1453/15/1
f 1646/16/5 1439/15/5 1454/13/5
f 1645/15/4 1454/16/4 1453/14/4
f 1474/13/3 1665/14/3 1473/15/3
f 1475/13/3 1666/14/3 1474/15/3
f 1476/13/3 1667/14/3 1475/15/3
f 1489/14/2 1692/13/2 1495/16/2
f 1688/15/6 1694/16/6 1692/14/6
f 1692/15/4 1496/16/4 1495/14/4
f 1496/14/2 1698/13/2 1505/16/2
f 1505/14/2 1706/13/2 1511/16/2
f 1511/16/2 1720/15/2 1525/13/2
f 1525/13/3 1732/14/3 1542/15/3
f 1794/15/5 1591/16/5 1597/14/5
f 1800/15/5 1597/16/5 1603/14/5
f 1806/13/1 1604/14/1 1610/15/1
f 1807/15/5 1603/16/5 1806/14/5
f 1813/13/1 1610/14/1 1616/15/1
f 1814/15/5 1806/16/5 1813/14/5
f 1815/15/4 1813/16/4 1616/14/4
f 1821/13/5 1616/14/5 1623/15/5
f 1827/13/1 1624/14/1 1631/15/1
f 1828/13/5 1623/14/5 1827/15/5
f 1829/15/4 1827/16/4 1631/14/4
f 1840/15/4 1644/16/4 1643/14/4
f 1841/15/4 1645/16/4 1644/14/4
f 1842/15/4 1646/16/4 1645/14/4
f 1647/13/1 1632/14/1 1646/15/1
f 1844/13/5 1631/14/5 1647/15/5
f 1843/15/4 1647/16/4 1646/14/4
f 1666/13/3 1866/14/3 1665/15/3
f 1667/13/3 1867/14/3 1666/15/3
f 1668/13/3 1868/14/3 1667/15/3
f 1687/15/2 1893/16/2 1688/14/2
f 1889/15/6 1895/16/6 1893/14/6
f 1893/15/4 1693/16/4 1688/14/4
f 1693/15/2 1899/16/2 1694/14/2
f 1694/16/2 1903/15/2 1698/13/2
f 1698/13/2 1907/14/2 1706/15/2
f 1720/13/1 1916/14/1 1732/15/1
f 1916/16/2 1917/15/2 1732/13/2
f 1706/13/3 1918/14/3 1916/15/3
f 1762/16/2 1967/15/2 1774/13/2
f 1774/13/2 1980/14/2 1782/15/2
f 1988/16/5 1784/15/5 1794/13/5
f 1994/13/5 1794/14/5 1800/15/5
f 2000/15/5 1800/16/5 1807/14/5
f 2006/13/5 1807/14/5 1814/15/5
f 2012/13/1 1815/14/1 1821/15/1
f 2013/13/5 1814/14/5 2012/15/5
f 2014/15/4 2012/16/4 1821/14/4
f 2020/13/5 1821/14/5 1828/15/5
f 2032/15/4 1842/16/4 1841/14/4
f 2033/15/4 1843/16/4 1842/14/4
f 2034/15/4 1844/16/4 1843/14/4
f 1845/13/1 1829/14/1 1844/15/1
f 2036/15/5 1828/16/5 1845/14/5
f 2035/15/4 1845/16/4 1844/14/4
f 1867/13/3 2053/14/3 1866/15/3
f 1868/13/3 2054/14/3 1867/15/3
f 1869/13/3 2055/14/3 1868/15/3
f 1882/13/2 2070/14/2 1889/15/2
f 2070/15/4 1894/16/4 1889/14/4
f 1894/13/2 2075/14/2 1895/15/2
f 1895/15/2 2079/16/2 1899/14/2
f 1899/15/2 2083/16/2 1903/14/2
f 1907/13/1 2087/14/1 1918/15/1
f 2087/15/2 2088/16/2 1918/14/2
f 1903/13/3 2089/14/3 2087/15/3
f 1958/13/2 2155/14/2 1967/15/2
f 1967/13/2 2164/14/2 1980/15/2
f 2178/13/5 1994/14/5 2000/15/5
f 2184/16/5 2000/15/5 2006/13/5
f 2190/16/5 2006/15/5 2013/13/5
f 2196/13/1 2014/14/1 2020/15/1
f 2197/14/5 2013/13/5 2196/16/5
f 2198/15/4 2196/16/4 2020/14/4
f 2210/15/4 2033/16/4 2032/14/4
f 2211/15/4 2034/16/4 2033/14/4
f 2212/15/4 2035/16/4 2034/14/4
f 2214/14/5 2020/13/5 2036/16/5
f 2213/15/4 2036/16/4 2035/14/4
f 2054/13/3 2231/14/3 2053/15/3
f 2055/13/3 2232/14/3 2054/15/3
f 2056/13/3 2233/14/3 2055/15/3
f 2065/14/2 2248/13/2 2070/16/2
f 2248/15/4 2071/16/4 2070/14/4
f 2071/15/2 2253/16/2 2075/14/2
f 2075/15/2 2257/16/2 2079/14/2
f 2083/13/1 2261/14/1 2089/15/1
f 2261/13/2 2262/14/2 2089/15/2
f 2079/13/3 2263/14/3 2261/15/3
f 2095/14/2 2285/13/2 2107/16/2
f 2107/13/2 2298/14/2 2126/15/2
f 2126/14/2 2312/13/2 2138/16/2
f 2128/16/2 2314/15/2 2140/13/2
f 2138/13/2 2320/14/2 2155/15/2
f 2140/13/2 2322/14/2 2157/15/2
f 2155/13/2 2330/14/2 2164/15/2
f 2345/15/5 2178/16/5 2184/14/5
f 2351/14/5 2184/13/5 2190/16/5
f 2357/14/5 2190/13/5 2197/16/5
f 2370/15/4 2212/16/4 2211/14/4
f 2371/15/4 2213/16/4 2212/14/4
f 2372/15/4 2214/16/4 2213/14/4
f 2215/13/1 2198/14/1 2214/15/1
f 2374/16/5 2197/15/5 2215/13/5
f 2373/15/4 2215/16/4 2214/14/4
f 2232/13/3 2390/14/3 2231/15/3
f 2233/13/3 2391/14/3 2232/15/3
f 2234/13/3 2392/14/3 2233/15/3
f 2243/16/2 2407/15/2 2248/13/2
f 2253/13/1 2248/14/1 2411/15/1
f 2248/15/2 2412/16/2 2411/14/2
f 2257/13/1 2411/14/1 2263/15/1
f 2411/14/2 2416/13/2 2263/16/2
f 2292/14/2 2452/13/2 2300/16/2
f 2298/15/2 2459/16/2 2312/14/2
f 2300/14/2 2461/13/2 2314/16/2
f 2312/15/2 2468/16/2 2320/14/2
f 2322/13/1 2470/14/1 2332/15/1
f 2470/15/2 2471/16/2 2332/14/2
f 2314/13/3 2472/14/3 2470/15/3
f 2320/14/2 2476/13/2 2330/16/2
f 2529/15/4 2371/16/4 2370/14/4
f 2530/15/4 2372/16/4 2371/14/4
f 2531/15/4 2373/16/4 2372/14/4
f 2533/15/5 2357/16/5 2374/14/5
f 2532/15/4 2374/16/4 2373/14/4
f 2391/13/3 2556/14/3 2390/15/3
f 2392/13/3 2557/14/3 2391/15/3
f 2393/13/3 2558/14/3 2392/15/3
f 2433/16/2 2607/15/2 2439/13/2
f 2607/15/4 2440/16/4 2439/14/4
f 2437/13/2 2612/14/2 2450/15/2
f 2440/16/2 2615/15/2 2452/13/2
f 2450/14/2 2619/13/2 2459/16/2
f 2452/15/2 2622/16/2 2461/14/2
f 2459/13/2 2626/14/2 2468/15/2
f 2472/13/2 2628/14/2 2471/15/2
f 2461/13/3 2629/14/3 2472/15/3
f 2468/16/2 2633/15/2 2476/13/2
f 2689/15/4 2531/16/4 2530/14/4
f 2690/15/4 2532/16/4 2531/14/4
f 2691/15/4 2533/16/4 2532/14/4
f 2557/13/3 2722/14/3 2556/15/3
f 2558/13/3 2723/14/3 2557/15/3
f 2559/13/3 2724/14/3 2558/15/3
f 2603/15/2 2790/16/2 2612/14/2
f 2608/15/2 2792/16/2 2615/14/2
f 2612/16/2 2794/15/2 2619/13/2
f 2619/14/2 2800/13/2 2626/16/2
f 2626/14/2 2807/13/2 2633/16/2
f 2884/15/4 2690/16/4 2689/14/4
f 2885/15/4 2691/16/4 2690/14/4
f 2886/15/4 2692/16/4 2691/14/4
f 2723/13/3 2905/14/3 2722/15/3
f 2724/13/3 2906/14/3 2723/15/3
f 2725/13/3 2907/14/3 2724/15/3
f 2785/14/2 3016/13/2 2790/16/2
f 2788/15/2 3019/16/2 2792/14/2
f 2790/13/2 3022/14/2 2794/15/2
f 2794/15/2 3027/16/2 2800/14/2
f 3079/15/4 2886/16/4 2885/14/4
f 3080/15/4 2887/16/4 2886/14/4
f 3081/15/4 2888/16/4 2887/14/4
f 2906/13/3 3111/14/3 2905/15/3
f 2907/13/3 3112/14/3 2906/15/3
f 2908/13/3 3113/14/3 2907/15/3
f 2993/14/2 3230/13/2 3003/16/2
f 3232/15/6 3233/16/6 3231/14/6
f 3233/16/5 3006/15/5 3005/13/5
f 3019/13/1 3003/14/1 3025/15/1
f 3003/15/2 3244/16/2 3025/14/2
f 3231/15/6 3246/16/6 3245/14/6
f 3246/13/5 3005/14/5 3020/15/5
f 3025/14/2 3255/13/2 3024/16/2
f 3304/15/4 3080/16/4 3079/14/4
f 3305/15/4 3081/16/4 3080/14/4
f 3306/15/4 3082/16/4 3081/14/4
f 3112/13/3 3324/14/3 3111/15/3
f 3113/13/3 3325/14/3 3112/15/3
f 3114/13/3 3326/14/3 3113/15/3
f 3115/13/3 3327/14/3 3114/15/3
f 3372/15/6 3373/16/6 3371/14/6
f 3429/15/6 3430/16/6 3428/14/6
f 3430/16/5 3210/15/5 3209/13/5
f 3428/15/4 3209/16/4 3232/14/4
f 3208/14/2 3443/13/2 3230/16/2
f 3444/15/5 3232/16/5 3231/14/5
f 3230/15/2 3456/16/2 3244/14/2
f 3457/16/5 3231/15/5 3245/13/5
f 3244/15/2 3464/16/2 3255/14/2
f 3246/13/3 3457/14/3 3245/15/3
f 3466/16/5 3246/15/5 3257/13/5
f 3505/15/4 3305/16/4 3304/14/4
f 3506/15/4 3306/16/4 3305/14/4
f 3507/15/4 3307/16/4 3306/14/4
f 3325/13/3 3528/14/3 3324/15/3
f 3326/13/3 3529/14/3 3325/15/3
f 3327/13/3 3530/14/3 3326/15/3
f 3530/15/6 3533/16/6 3532/14/6
f 3561/15/6 3562/16/6 3560/14/6
f 3562/16/5 3372/15/5 3371/13/5
f 3596/15/5 3408/16/5 3407/14/5
f 3597/15/4 3407/16/4 3429/14/4
f 3612/13/5 3429/14/5 3428/15/5
f 3427/14/2 3623/13/2 3443/16/2
f 3624/15/5 3428/16/5 3444/14/5
f 3443/13/2 3631/14/2 3456/15/2
f 3632/15/5 3444/16/5 3457/14/5
f 3465/13/3 3632/14/3 3457/15/3
f 3632/15/6 3646/16/6 3645/14/6
f 3646/14/5 3465/13/5 3466/16/5
f 3700/15/4 3506/16/4 3505/14/4
f 3701/15/4 3507/16/4 3506/14/4
f 3702/15/4 3508/16/4 3507/14/4
f 3529/13/3 3717/14/3 3528/15/3
f 3530/13/3 3718/14/3 3529/15/3
f 3720/13/5 3530/14/5 3532/15/5
f 3735/15/6 3736/16/6 3734/14/6
f 3736/14/5 3532/13/5 3553/16/5
f 3734/15/4 3553/16/4 3561/14/4
f 3746/14/5 3561/13/5 3560/16/5
f 3562/13/3 3746/14/3 3560/15/3
f 3746/15/6 3754/16/6 3753/14/6
f 3754/15/5 3562/16/5 3573/14/5
f 3760/16/5 3573/15/5 3576/13/5
f 3778/16/5 3582/15/5 3596/13/5
f 3779/15/4 3596/16/4 3597/14/4
f 3787/16/5 3597/15/5 3612/13/5
f 3796/14/5 3612/13/5 3624/16/5
f 3804/13/5 3624/14/5 3632/15/5
f 3812/14/5 3632/13/5 3645/16/5
f 3646/13/3 3812/14/3 3645/15/3
f 3654/13/3 3821/14/3 3646/15/3
f 3875/15/4 3701/16/4 3700/14/4
f 3876/15/4 3702/16/4 3701/14/4
f 3877/15/4 3703/16/4 3702/14/4
f 3718/13/3 3900/14/3 3717/15/3
f 3900/15/6 3903/16/6 3901/14/6
f 3719/13/3 3902/14/3 3718/15/3
f 3902/15/6 3905/16/6 3903/14/6
f 3905/14/5 3719/13/5 3720/16/5
f 3903/15/4 3720/16/4 3735/14/4
f 3901/15/6 3921/16/6 3920/14/6
f 3921/16/5 3735/15/5 3734/13/5
f 3920/15/6 3938/16/6 3937/14/6
f 3938/16/5 3734/15/5 3746/13/5
f 3937/15/6 3955/16/6 3954/14/6
f 3955/16/5 3746/15/5 3753/13/5
f 3954/15/6 3972/16/6 3971/14/6
f 3754/13/3 3955/14/3 3753/15/3
f 3955/15/6 3973/16/6 3972/14/6
f 3973/16/5 3754/15/5 3760/13/5
f 3971/15/6 3989/16/6 3988/14/6
f 3972/15/6 3990/16/6 3989/14/6
f 3990/13/5 3760/14/5 3767/15/5
f 3988/15/6 4006/16/6 4005/14/6
f 3989/15/6 4007/16/6 4006/14/6
f 4007/14/5 3767/13/5 3770/16/5
f 4005/15/6 4023/16/6 4022/14/6
f 4006/15/6 4024/16/6 4023/14/6
f 4024/14/5 3770/13/5 3778/16/5
f 4023/15/4 3778/16/4 3779/14/4
f 4022/15/6 4039/16/6 4038/14/6
f 4039/15/5 3779/16/5 3787/14/5
f 4035/15/6 4050/16/6 4049/14/6
f 4036/15/6 4051/16/6 4050/14/6
f 4038/15/6 4053/16/6 4052/14/6
f 4053/16/5 3787/15/5 3796/13/5
f 4048/15/6 4061/16/6 4060/14/6
f 4049/15/6 4062/16/6 4061/14/6
f 4050/15/6 4063/16/6 4062/14/6
f 4051/15/6 4064/16/6 4063/14/6
f 4052/15/6 4065/16/6 4064/14/6
f 4065/15/5 3796/16/5 3804/14/5
f 4060/15/6 4073/16/6 4072/14/6
f 4061/15/6 4074/16/6 4073/14/6
f 4062/15/6 4075/16/6 4074/14/6
f 4063/15/6 4076/16/6 4075/14/6
f 4064/15/6 4077/16/6 4076/14/6
f 4077/14/5 3804/13/5 3812/16/5
f 4072/15/6 4095/16/6 4094/14/6
f 4073/15/6 4096/16/6 4095/14/6
f 4074/15/6 4097/16/6 4096/14/6
f 4075/15/6 4098/16/6 4097/14/6
f 4076/15/6 4099/16/6 4098/14/6
f 3821/13/3 4077/14/3 3812/15/3
f 4077/15/6 4100/16/6 4099/14/6
f 3822/13/3 4078/14/3 3821/15/3
f 4078/15/6 4102/16/6 4100/14/6
f 4095/15/6 4117/16/6 4116/14/6
f 4096/15/6 4118/16/6 4117/14/6
f 4098/15/6 4120/16/6 4119/14/6
f 4099/15/6 4121/16/6 4120/14/6
f 4100/15/6 4122/16/6 4121/14/6
f 4115/15/6 4139/16/6 4138/14/6
f 4116/15/6 4140/16/6 4139/14/6
f 4117/15/6 4141/16/6 4140/14/6
f 4118/15/6 4142/16/6 4141/14/6
f 4119/15/6 4143/16/6 4142/14/6
f 4120/15/6 4144/16/6 4143/14/6
f 4121/15/6 4145/16/6 4144/14/6
f 4122/15/6 4146/16/6 4145/14/6
f 4138/15/6 4178/16/6 4177/14/6
f 4139/15/6 4179/16/6 4178/14/6
f 4140/15/6 4180/16/6 4179/14/6
f 4141/15/6 4181/16/6 4180/14/6
f 4142/15/6 4182/16/6 4181/14/6
f 4143/15/6 4183/16/6 4182/14/6
f 4144/15/6 4184/16/6 4183/14/6
f 4177/15/6 4199/16/6 4198/14/6
f 4178/15/6 4200/16/6 4199/14/6
f 4179/15/6 4201/16/6 4200/14/6
f 4180/15/6 4202/16/6 4201/14/6
f 4181/15/6 4203/16/6 4202/14/6
f 4182/15/6 4204/16/6 4203/14/6
f 4183/15/6 4205/16/6 4204/14/6
f 4199/15/6 4217/16/6 4216/14/6
f 4200/15/6 4218/16/6 4217/14/6
f 4202/15/6 4220/16/6 4219/14/6
f 4203/15/6 4221/16/6 4220/14/6
f 4204/15/6 4222/16/6 4221/14/6
f 4219/15/6 4235/16/6 4234/14/6
f 4220/15/6 4236/16/6 4235/14/6
f 4221/15/6 4237/16/6 4236/14/6
f 4234/15/6 4250/16/6 4249/14/6
f 4235/15/6 4251/16/6 4250/14/6
f 4236/15/6 4252/16/6 4251/14/6
f 4249/15/6 4265/16/6 4264/14/6
f 4264/15/4 3876/16/4 3875/14/4
f 4250/15/6 4266/16/6 4265/14/6
f 4265/15/4 3877/16/4 3876/14/4
f 4251/15/6 4267/16/6 4266/14/6
f 4266/15/4 3878/16/4 3877/14/4
f 261/17/1 240/18/1 259/19/1
f 261/20/5 264/21/5 262/22/7
f 281/23/1 253/18/1 279/19/1
f 282/23/1 254/18/1 281/19/1
f 283/23/1 257/18/1 282/19/1
f 284/17/1 259/18/1 283/19/1
f 286/24/5 285/22/5 284/20/8
f 302/23/1 281/18/1 299/19/1
f 303/23/1 282/18/1 302/19/1
f 304/17/1 283/18/1 303/19/1
f 306/24/5 305/22/5 304/20/9
f 326/17/1 303/18/1 322/19/1
f 328/24/5 327/22/5 326/20/5
f 345/23/1 320/18/1 342/19/1
f 346/17/1 322/18/1 345/19/1
f 348/24/5 347/22/5 346/20/5
f 363/23/1 341/18/1 361/19/1
f 364/23/1 342/18/1 363/19/1
f 365/17/1 345/18/1 364/19/1
f 367/24/5 366/22/5 365/20/5
f 383/23/1 361/18/1 380/19/1
f 384/23/1 363/18/1 383/19/1
f 385/17/1 364/18/1 384/19/1
f 387/24/5 386/22/5 385/20/5
f 402/23/1 379/18/1 399/19/1
f 403/23/1 380/18/1 402/19/1
f 404/23/1 383/18/1 403/19/1
f 405/17/1 384/18/1 404/19/1
f 407/24/5 406/22/5 405/20/5
f 422/23/1 398/18/1 420/19/1
f 423/23/1 399/18/1 422/19/1
f 424/23/1 402/18/1 423/19/1
f 425/23/1 403/18/1 424/19/1
f 426/17/1 404/18/1 425/19/1
f 428/24/5 427/22/5 426/20/5
f 440/23/1 416/18/1 437/19/1
f 441/23/1 417/18/1 440/19/1
f 442/23/1 420/18/1 441/19/1
f 443/23/1 422/18/1 442/19/1
f 444/23/1 423/18/1 443/19/1
f 445/23/1 424/18/1 444/19/1
f 446/17/1 425/18/1 445/19/1
f 448/24/5 447/22/5 446/20/5
f 458/23/1 436/18/1 456/19/1
f 459/23/1 437/18/1 458/19/1
f 460/23/1 440/18/1 459/19/1
f 461/23/1 441/18/1 460/19/1
f 462/23/1 442/18/1 461/19/1
f 463/23/1 443/18/1 462/19/1
f 464/23/1 444/18/1 463/19/1
f 465/17/1 445/18/1 464/19/1
f 467/24/5 466/22/5 465/20/5
f 478/23/1 456/18/1 475/19/1
f 479/23/1 458/18/1 478/19/1
f 480/23/1 459/18/1 479/19/1
f 481/23/1 460/18/1 480/19/1
f 482/23/1 461/18/1 481/19/1
f 483/23/1 462/18/1 482/19/1
f 484/23/1 463/18/1 483/19/1
f 485/17/1 464/18/1 484/19/1
f 487/24/5 486/22/5 485/20/5
f 499/23/1 474/18/1 497/19/1
f 498/19/4 499/25/4 497/18/4
f 501/23/1 475/18/1 499/19/1
f 500/19/4 501/25/4 499/18/4
f 503/23/1 478/18/1 501/19/1
f 502/19/4 503/25/4 501/18/4
f 505/23/1 479/18/1 503/19/1
f 504/19/4 505/25/4 503/18/4
f 507/23/1 480/18/1 505/19/1
f 506/19/4 507/25/4 505/18/4
f 509/23/1 481/18/1 507/19/1
f 508/19/4 509/25/4 507/18/4
f 511/23/1 482/18/1 509/19/1
f 510/19/4 511/25/4 509/18/4
f 513/23/1 483/18/1 511/19/1
f 512/19/4 513/25/4 511/18/4
f 515/17/1 484/18/1 513/19/1
f 517/24/5 516/22/5 515/20/5
f 514/19/4 515/26/4 513/18/4
f 604/19/6 617/25/6 616/18/6
f 605/19/6 618/25/6 617/18/6
f 618/18/6 619/27/6 620/28/6
f 620/24/10 622/22/11 621/20/12
f 634/24/13 636/22/13 633/20/14
f 646/24/5 648/22/5 645/20/5
f 654/24/5 656/22/5 653/20/5
f 661/24/5 663/22/5 660/20/5
f 669/24/5 671/22/5 668/20/5
f 677/24/5 679/22/5 676/20/5
f 685/24/5 687/22/5 684/20/5
f 695/24/5 697/22/5 694/20/5
f 702/24/5 704/22/5 701/20/5
f 710/24/5 712/22/5 709/20/5
f 718/19/4 502/25/4 500/18/4
f 719/19/4 504/25/4 502/18/4
f 720/19/4 506/25/4 504/18/4
f 721/19/4 508/25/4 506/18/4
f 722/19/4 510/25/4 508/18/4
f 723/19/4 512/25/4 510/18/4
f 724/19/4 514/25/4 512/18/4
f 727/24/5 729/22/5 726/20/5
f 725/19/4 726/26/4 514/18/4
f 849/24/5 851/22/5 848/20/5
f 856/24/5 858/22/5 855/20/5
f 864/24/5 866/22/5 863/20/5
f 872/24/5 874/22/5 871/20/5
f 880/24/5 882/22/5 879/20/5
f 888/24/5 890/22/5 887/20/5
f 898/24/5 900/22/5 897/20/5
f 905/24/5 907/22/5 904/20/5
f 913/19/4 719/25/4 718/18/4
f 914/19/4 720/25/4 719/18/4
f 915/19/4 721/25/4 720/18/4
f 916/19/4 722/25/4 721/18/4
f 917/19/4 723/25/4 722/18/4
f 918/19/4 724/25/4 723/18/4
f 919/19/4 725/25/4 724/18/4
f 922/24/5 924/22/5 921/20/5
f 920/19/4 921/26/4 725/18/4
f 1021/24/5 1023/22/5 1020/20/5
f 1027/24/5 1029/22/5 1026/20/5
f 1034/24/5 1036/22/5 1033/20/5
f 1040/24/5 1042/22/5 1039/20/5
f 1048/24/5 1050/22/5 1047/20/5
f 1056/24/5 1058/22/5 1055/20/5
f 1065/24/5 1067/22/5 1064/20/5
f 1073/24/5 1075/22/5 1072/20/5
f 1082/19/4 915/25/4 914/18/4
f 1083/19/4 916/25/4 915/18/4
f 1084/19/4 917/25/4 916/18/4
f 1085/19/4 918/25/4 917/18/4
f 1086/19/4 919/25/4 918/18/4
f 1087/19/4 920/25/4 919/18/4
f 1090/24/5 1092/22/5 1089/20/5
f 1088/19/4 1089/26/4 920/18/4
f 1205/24/5 1207/22/5 1204/20/5
f 1211/24/5 1213/22/5 1210/20/5
f 1218/24/5 1220/22/5 1217/20/5
f 1224/24/5 1226/22/5 1223/20/5
f 1231/24/5 1233/22/5 1230/20/5
f 1237/24/5 1239/22/5 1236/20/5
f 1246/24/5 1248/22/5 1245/20/5
f 1254/24/5 1256/22/5 1253/20/5
f 1264/19/4 1084/25/4 1083/18/4
f 1265/19/4 1085/25/4 1084/18/4
f 1266/19/4 1086/25/4 1085/18/4
f 1267/19/4 1087/25/4 1086/18/4
f 1268/19/4 1088/25/4 1087/18/4
f 1271/24/5 1273/22/5 1270/20/5
f 1269/19/4 1270/26/4 1088/18/4
f 1393/24/5 1395/22/5 1392/20/5
f 1399/24/5 1401/22/5 1398/20/5
f 1405/24/5 1407/22/5 1404/20/5
f 1413/24/5 1415/22/5 1412/20/5
f 1419/24/5 1421/22/5 1418/20/5
f 1427/24/5 1429/22/5 1426/20/5
f 1434/24/5 1436/22/5 1433/20/5
f 1442/24/5 1444/22/5 1441/20/5
f 1453/19/4 1266/25/4 1265/18/4
f 1454/19/4 1267/25/4 1266/18/4
f 1455/19/4 1268/25/4 1267/18/4
f 1456/19/4 1269/25/4 1268/18/4
f 1459/24/5 1461/22/5 1458/20/5
f 1457/19/4 1458/26/4 1269/18/4
f 1582/24/5 1584/22/5 1581/20/5
f 1593/24/5 1595/22/5 1592/20/5
f 1599/24/5 1601/22/5 1598/20/5
f 1606/24/5 1608/22/5 1605/20/5
f 1612/24/5 1614/22/5 1611/20/5
f 1618/24/5 1620/22/5 1617/20/5
f 1626/24/5 1628/22/5 1625/20/5
f 1634/24/5 1636/22/5 1633/20/5
f 1646/19/4 1455/25/4 1454/18/4
f 1647/19/4 1456/25/4 1455/18/4
f 1648/19/4 1457/25/4 1456/18/4
f 1651/24/5 1653/22/5 1650/20/5
f 1649/19/4 1650/26/4 1457/18/4
f 1786/24/5 1788/22/5 1785/20/5
f 1796/24/5 1798/22/5 1795/20/5
f 1802/24/5 1804/22/5 1801/20/5
f 1809/24/5 1811/22/5 1808/20/5
f 1817/24/5 1819/22/5 1816/20/5
f 1823/24/5 1825/22/5 1822/20/5
f 1831/24/5 1833/22/5 1830/20/5
f 1844/19/4 1648/25/4 1647/18/4
f 1845/19/4 1649/25/4 1648/18/4
f 1848/24/5 1850/22/5 1847/20/5
f 1846/19/4 1847/26/4 1649/18/4
f 1990/24/5 1992/22/5 1989/20/5
f 1996/24/5 1998/22/5 1995/20/5
f 2002/24/5 2004/22/5 2001/20/5
f 2008/24/5 2010/22/5 2007/20/5
f 2016/24/5 2018/22/5 2015/20/5
f 2022/24/5 2024/22/5 2021/20/5
f 2036/19/4 1846/25/4 1845/18/4
f 2039/24/5 2041/22/5 2038/20/5
f 2037/19/4 2038/26/4 1846/18/4
f 2180/24/5 2182/22/5 2179/20/5
f 2186/24/5 2188/22/5 2185/20/5
f 2192/24/5 2194/22/5 2191/20/5
f 2200/24/5 2202/22/5 2199/20/5
f 2214/19/4 2037/25/4 2036/18/4
f 2217/24/5 2219/22/5 2216/20/5
f 2215/19/4 2216/26/4 2037/18/4
f 2347/24/5 2349/22/5 2346/20/5
f 2353/24/5 2355/22/5 2352/20/5
f 2359/24/5 2361/22/5 2358/20/5
f 2376/24/5 2378/22/5 2375/20/5
f 2374/19/4 2375/26/4 2215/18/4
f 2535/24/5 2537/22/5 2534/20/5
f 2533/19/4 2534/26/4 2374/18/4
f 3235/24/5 3237/22/5 3234/20/5
f 3248/24/5 3250/22/5 3247/20/5
f 3432/24/5 3434/22/5 3431/20/5
f 3446/24/5 3448/22/5 3445/20/5
f 3459/24/5 3461/22/5 3458/20/5
f 3468/24/5 3470/22/5 3467/20/5
f 3564/24/5 3566/22/5 3563/20/5
f 3599/24/5 3601/22/5 3598/20/5
f 3614/24/5 3616/22/5 3613/20/5
f 3626/24/5 3628/22/5 3625/20/5
f 3634/24/5 3636/22/5 3633/20/5
f 3648/24/5 3650/22/5 3647/20/5
f 3721/17/3 3719/18/3 3530/19/3
f 3724/24/5 3721/22/5 3723/20/5
f 3738/24/5 3740/22/5 3737/20/5
f 3748/24/5 3750/22/5 3747/20/5
f 3756/24/5 3758/22/5 3755/20/5
f 3762/24/5 3764/22/5 3761/20/5
f 3781/24/5 3783/22/5 3780/20/5
f 3789/24/5 3791/22/5 3788/20/5
f 3798/24/5 3800/22/5 3797/20/5
f 3806/24/5 3808/22/5 3805/20/5
f 3814/24/5 3816/22/5 3813/20/5
f 3906/17/3 3904/18/3 3719/19/3
f 3904/19/6 3908/26/6 3905/18/6
f 3908/24/5 3906/22/5 3909/20/5
f 3903/19/6 3922/25/6 3921/18/6
f 3905/19/6 3924/26/6 3922/18/6
f 3924/24/5 3926/22/5 3925/20/5
f 3921/19/6 3939/25/6 3938/18/6
f 3922/19/6 3941/26/6 3939/18/6
f 3941/24/5 3943/22/5 3942/20/5
f 3938/19/6 3956/25/6 3955/18/6
f 3939/19/6 3958/26/6 3956/18/6
f 3958/24/5 3960/22/5 3959/20/5
f 3956/19/6 3975/26/6 3973/18/6
f 3975/24/5 3977/22/5 3976/20/5
f 3973/19/6 3992/26/6 3990/18/6
f 3992/24/5 3994/22/5 3993/20/5
f 3990/19/6 4009/26/6 4007/18/6
f 4009/24/5 4011/22/5 4010/20/5
f 4007/19/6 4026/26/6 4024/18/6
f 4026/24/5 4028/22/5 4027/20/5
f 4023/19/6 4040/25/6 4039/18/6
f 4024/19/6 4042/26/6 4040/18/6
f 4042/24/5 4044/22/5 4043/20/5
f 4039/19/6 4054/25/6 4053/18/6
f 4040/19/6 4056/26/6 4054/18/6
f 4056/24/5 4058/22/5 4057/20/5
f 4053/19/6 4066/25/6 4065/18/6
f 4054/19/6 4068/26/6 4066/18/6
f 4068/24/5 4070/22/5 4069/20/5
f 4065/19/6 4078/25/6 4077/18/6
f 4066/19/6 4080/26/6 4078/18/6
f 4080/24/5 4082/22/5 4081/20/5
f 273/29/1 251/30/1 272/31/1
f 274/29/3 252/30/3 251/31/3
f 276/29/1 274/30/1 273/31/1
f 277/29/3 275/30/3 274/31/3
f 279/29/1 277/30/1 276/31/1
f 253/29/3 278/30/3 277/31/3
f 280/29/5 253/30/5 279/31/5
f 296/29/1 272/30/1 295/31/1
f 297/29/1 273/30/1 296/31/1
f 298/29/1 276/30/1 297/31/1
f 299/29/1 279/30/1 298/31/1
f 281/29/3 280/30/3 279/31/3
f 301/31/5 281/32/5 299/30/5
f 318/29/1 297/30/1 317/31/1
f 319/29/1 298/30/1 318/31/1
f 320/29/1 299/30/1 319/31/1
f 302/29/3 301/30/3 299/31/3
f 322/29/1 302/30/1 320/31/1
f 303/29/3 321/30/3 302/31/3
f 324/31/5 303/32/5 322/30/5
f 325/31/4 322/32/4 320/30/4
f 339/29/1 316/30/1 338/31/1
f 340/29/1 317/30/1 339/31/1
f 341/29/1 318/30/1 340/31/1
f 342/29/1 319/30/1 341/31/1
f 343/29/5 320/30/5 342/31/5
f 344/31/4 342/32/4 341/30/4
f 358/29/1 337/30/1 357/31/1
f 359/29/1 338/30/1 358/31/1
f 360/29/1 339/30/1 359/31/1
f 361/29/1 340/30/1 360/31/1
f 362/31/5 341/32/5 361/30/5
f 377/29/1 357/30/1 376/31/1
f 378/29/1 358/30/1 377/31/1
f 379/29/1 359/30/1 378/31/1
f 380/29/1 360/30/1 379/31/1
f 381/30/5 361/29/5 380/32/5
f 382/31/4 380/32/4 379/30/4
f 397/29/1 376/30/1 396/31/1
f 398/29/1 377/30/1 397/31/1
f 399/29/1 378/30/1 398/31/1
f 400/32/5 379/31/5 399/29/5
f 401/31/4 399/32/4 398/30/4
f 415/29/1 394/30/1 414/31/1
f 416/29/1 395/30/1 415/31/1
f 417/29/1 396/30/1 416/31/1
f 418/31/4 417/32/4 416/30/4
f 420/29/1 397/30/1 417/31/1
f 421/29/5 398/30/5 420/31/5
f 419/31/4 420/32/4 417/30/4
f 435/29/1 413/30/1 434/31/1
f 436/29/1 414/30/1 435/31/1
f 437/29/1 415/30/1 436/31/1
f 438/31/5 416/32/5 437/30/5
f 439/31/4 437/32/4 436/30/4
f 454/29/1 433/30/1 453/31/1
f 455/29/1 434/30/1 454/31/1
f 456/29/1 435/30/1 455/31/1
f 457/29/5 436/30/5 456/31/5
f 473/29/1 453/30/1 472/31/1
f 474/29/1 454/30/1 473/31/1
f 475/29/1 455/30/1 474/31/1
f 476/32/5 456/31/5 475/29/5
f 477/31/4 475/32/4 474/30/4
f 275/29/3 602/30/3 252/31/3
f 278/29/3 614/30/3 275/31/3
f 255/29/3 615/30/3 278/31/3
f 300/29/1 255/30/1 280/31/1
f 616/32/5 256/31/5 300/29/5
f 629/31/6 631/32/6 628/30/6
f 632/29/5 300/30/5 301/31/5
f 321/29/3 632/30/3 301/31/3
f 323/29/3 642/30/3 321/31/3
f 644/29/5 323/30/5 324/31/5
f 650/29/1 325/30/1 343/31/1
f 651/31/5 324/32/5 650/30/5
f 652/31/4 650/32/4 343/30/4
f 658/29/1 344/30/1 362/31/1
f 659/30/5 343/29/5 658/32/5
f 665/29/1 362/30/1 381/31/1
f 666/29/5 658/30/5 665/31/5
f 667/31/4 665/32/4 381/30/4
f 673/29/1 382/30/1 400/31/1
f 674/29/5 381/30/5 673/31/5
f 675/31/4 673/32/4 400/30/4
f 681/29/1 401/30/1 421/31/1
f 682/29/5 400/30/5 681/31/5
f 683/31/4 681/32/4 421/30/4
f 689/29/1 418/30/1 438/31/1
f 690/31/4 689/32/4 438/30/4
f 692/29/1 419/30/1 689/31/1
f 693/31/5 421/32/5 692/30/5
f 691/31/4 692/32/4 689/30/4
f 699/29/1 439/30/1 457/31/1
f 700/29/5 438/30/5 699/31/5
f 706/29/1 457/30/1 476/31/1
f 707/30/5 699/29/5 706/32/5
f 708/31/4 706/32/4 476/30/4
f 715/31/4 496/32/4 494/30/4
f 716/31/4 498/32/4 496/30/4
f 500/29/1 477/30/1 498/31/1
f 718/32/5 476/31/5 500/29/5
f 717/31/4 500/32/4 498/30/4
f 614/29/3 803/30/3 602/31/3
f 803/31/6 816/32/6 815/30/6
f 615/29/3 814/30/3 614/31/3
f 814/31/6 818/32/6 816/30/6
f 816/31/4 630/32/4 629/30/4
f 603/29/3 817/30/3 615/31/3
f 817/31/6 819/32/6 818/30/6
f 820/32/5 604/31/5 616/29/5
f 642/29/1 616/30/1 632/31/1
f 617/29/3 820/30/3 616/31/3
f 643/29/1 617/30/1 642/31/1
f 618/29/3 830/30/3 617/31/3
f 832/29/1 618/30/1 643/31/1
f 833/29/3 831/30/3 618/31/3
f 835/30/5 833/29/5 832/32/5
f 839/29/1 643/30/1 644/31/1
f 840/29/5 832/30/5 839/31/5
f 841/31/4 839/32/4 644/30/4
f 847/30/5 644/29/5 651/32/5
f 853/29/1 652/30/1 659/31/1
f 854/31/5 651/32/5 853/30/5
f 860/29/1 659/30/1 666/31/1
f 861/31/5 853/32/5 860/30/5
f 862/31/4 860/32/4 666/30/4
f 868/29/1 667/30/1 674/31/1
f 869/30/5 666/29/5 868/32/5
f 870/31/4 868/32/4 674/30/4
f 876/29/1 675/30/1 682/31/1
f 877/32/5 674/31/5 876/29/5
f 878/31/4 876/32/4 682/30/4
f 884/29/1 683/30/1 693/31/1
f 885/32/5 682/31/5 884/29/5
f 886/31/4 884/32/4 693/30/4
f 892/29/1 690/30/1 700/31/1
f 893/31/4 892/32/4 700/30/4
f 895/29/1 691/30/1 892/31/1
f 896/31/5 693/32/5 895/30/5
f 894/31/4 895/32/4 892/30/4
f 902/30/5 700/29/5 707/32/5
f 903/31/4 707/32/4 708/30/4
f 830/29/1 805/30/1 820/31/1
f 831/29/1 806/30/1 830/31/1
f 834/29/1 807/30/1 831/31/1
f 998/31/5 808/32/5 834/30/5
f 1006/31/5 834/32/5 835/30/5
f 1014/32/5 835/31/5 840/29/5
f 1015/31/4 840/32/4 841/30/4
f 1019/29/5 841/30/5 847/31/5
f 1025/32/5 847/31/5 854/29/5
f 1031/32/5 854/31/5 861/29/5
f 1032/31/4 861/32/4 862/30/4
f 1038/30/5 862/29/5 869/32/5
f 1044/29/1 870/30/1 877/31/1
f 1045/32/5 869/31/5 1044/29/5
f 1046/31/4 1044/32/4 877/30/4
f 1192/29/5 998/30/5 1006/31/5
f 1198/30/5 1006/29/5 1014/32/5
f 1199/31/4 1014/32/4 1015/30/4
f 1203/30/5 1015/29/5 1019/32/5
f 1209/30/5 1019/29/5 1025/32/5
f 1215/30/5 1025/29/5 1031/32/5
f 1216/31/4 1031/32/4 1032/30/4
f 1222/31/5 1032/32/5 1038/30/5
f 1228/30/5 1038/29/5 1045/32/5
f 1229/31/4 1045/32/4 1046/30/4
f 1369/29/5 1183/30/5 1192/31/5
f 1383/29/5 1192/30/5 1198/31/5
f 1384/31/4 1198/32/4 1199/30/4
f 1391/29/5 1199/30/5 1203/31/5
f 1397/31/5 1203/32/5 1209/30/5
f 1403/32/5 1209/31/5 1215/29/5
f 1409/29/1 1216/30/1 1222/31/1
f 1410/32/5 1215/31/5 1409/29/5
f 1411/31/4 1409/32/4 1222/30/4
f 1417/30/5 1222/29/5 1228/32/5
f 1569/32/5 1369/31/5 1383/29/5
f 1570/31/4 1383/32/4 1384/30/4
f 1580/29/5 1384/30/5 1391/31/5
f 1591/30/5 1391/29/5 1397/32/5
f 1597/31/5 1397/32/5 1403/30/5
f 1603/30/5 1403/29/5 1410/32/5
f 1604/31/4 1410/32/4 1411/30/4
f 1784/30/5 1580/29/5 1591/32/5
f 497/33/1 473/34/1 495/35/1
f 498/35/5 474/36/5 497/34/5
f 496/35/4 497/36/4 495/34/4
f 1052/33/1 878/34/1 885/35/1
f 1053/35/5 877/36/5 1052/34/5
f 1054/35/4 1052/36/4 885/34/4
f 1060/35/4 896/36/4 894/34/4
f 1062/33/1 886/34/1 896/35/1
f 1063/35/5 885/36/5 1062/34/5
f 1061/35/4 1062/36/4 896/34/4
f 1069/33/1 893/34/1 902/35/1
f 1070/35/5 894/36/5 1069/34/5
f 1071/35/4 1069/36/4 902/34/4
f 1235/35/5 1046/36/5 1053/34/5
f 828/37/5 629/38/5 628/39/5
f 118/40/1 80/41/1 117/42/1
f 119/40/3 81/41/3 80/42/3
f 81/42/6 122/43/6 121/41/6
f 121/42/4 118/43/4 117/41/4
f 123/40/1 119/41/1 118/42/1
f 82/40/3 120/41/3 119/42/3
f 120/42/6 124/43/6 122/41/6
f 122/42/4 123/43/4 118/41/4
f 125/40/1 82/41/1 123/42/1
f 126/40/1 83/41/1 125/42/1
f 127/40/1 85/41/1 126/42/1
f 128/40/1 90/41/1 127/42/1
f 129/40/1 91/41/1 128/42/1
f 96/40/3 94/41/3 91/42/3
f 94/42/6 131/43/6 130/41/6
f 130/42/4 129/43/4 128/41/4
f 1156/40/1 981/41/1 988/42/1
f 1157/40/3 1141/41/3 981/42/3
f 1141/42/6 1160/43/6 1159/41/6
f 1159/42/4 1156/43/4 988/41/4
f 1161/40/1 1157/41/1 1156/42/1
f 1162/40/3 1158/41/3 1157/42/3
f 1158/42/6 1164/43/6 1160/41/6
f 1160/42/4 1161/43/4 1156/41/4
f 1165/40/1 1162/41/1 1161/42/1
f 1166/40/3 1163/41/3 1162/42/3
f 1163/42/6 1168/43/6 1164/41/6
f 1164/42/4 1165/43/4 1161/41/4
f 1169/40/1 1166/41/1 1165/42/1
f 1143/40/3 1167/41/3 1166/42/3
f 1167/42/6 1170/43/6 1168/41/6
f 1168/42/4 1169/43/4 1165/41/4
f 1171/40/1 1143/41/1 1169/42/1
f 1170/42/4 1171/43/4 1169/41/4
f 989/40/1 1144/41/1 1171/42/1
f 1172/42/4 989/43/4 1171/41/4
f 1158/40/1 1133/41/1 1141/42/1
f 1335/40/3 1319/41/3 1133/42/3
f 1319/42/6 1338/43/6 1337/41/6
f 1337/42/4 1158/43/4 1141/41/4
f 1163/40/1 1335/41/1 1158/42/1
f 1339/40/3 1336/41/3 1335/42/3
f 1336/42/6 1341/43/6 1338/41/6
f 1338/42/4 1163/43/4 1158/41/4
f 1167/40/1 1339/41/1 1163/42/1
f 1342/40/3 1340/41/3 1339/42/3
f 1340/42/6 1344/43/6 1341/41/6
f 1341/42/4 1167/43/4 1163/41/4
f 1146/40/1 1342/41/1 1167/42/1
f 1147/40/3 1343/41/3 1342/42/3
f 1343/42/6 1345/43/6 1344/41/6
f 1344/42/4 1146/43/4 1167/41/4
f 1946/40/1 1935/41/1 1945/42/1
f 1936/40/3 2112/41/3 1935/42/3
f 2112/42/6 2130/43/6 2129/41/6
f 2129/42/4 1946/43/4 1945/41/4
f 1954/40/1 1951/41/1 1952/42/1
f 1955/40/3 2119/41/3 1951/42/3
f 2119/42/6 2132/43/6 2131/41/6
f 2131/42/4 1954/43/4 1952/41/4
f 2824/40/1 2643/41/1 2647/42/1
f 2825/40/3 2814/41/3 2643/42/3
f 2814/42/6 2828/43/6 2827/41/6
f 2827/42/4 2824/43/4 2647/41/4
f 2829/40/1 2825/41/1 2824/42/1
f 2830/40/3 2826/41/3 2825/42/3
f 2826/42/6 2832/43/6 2828/41/6
f 2828/42/4 2829/43/4 2824/41/4
f 2833/40/1 2830/41/1 2829/42/1
f 2834/40/3 2831/41/3 2830/42/3
f 2831/42/6 2836/43/6 2832/41/6
f 2832/42/4 2833/43/4 2829/41/4
f 2650/40/1 2834/41/1 2833/42/1
f 2651/40/3 2835/41/3 2834/42/3
f 2835/42/6 2837/43/6 2836/41/6
f 2836/42/4 2650/43/4 2833/41/4
f 3195/40/1 2959/41/1 2967/42/1
f 3196/40/3 3174/41/3 2959/42/3
f 3174/42/6 3199/43/6 3198/41/6
f 3198/42/4 3195/43/4 2967/41/4
f 2970/40/1 3196/41/1 3195/42/1
f 2971/40/3 3197/41/3 3196/42/3
f 3197/42/6 3200/43/6 3199/41/6
f 3199/42/4 2970/43/4 3195/41/4
f 2984/40/1 2977/41/1 2978/42/1
f 2985/40/3 3184/41/3 2977/42/3
f 3184/42/6 3202/43/6 3201/41/6
f 3201/42/4 2984/43/4 2978/41/4
f 3329/40/1 3115/41/1 3116/42/1
f 3330/40/3 3328/41/3 3115/42/3
f 3328/42/6 3333/43/6 3332/41/6
f 3332/42/4 3329/43/4 3116/41/4
f 3119/40/1 3330/41/1 3329/42/1
f 3120/40/3 3331/41/3 3330/42/3
f 3331/42/6 3335/43/6 3333/41/6
f 3333/42/4 3119/43/4 3329/41/4
f 3121/40/3 3334/41/3 3120/42/3
f 3123/40/3 3336/41/3 3121/42/3
f 3124/40/3 3337/41/3 3123/42/3
f 3127/40/3 3338/41/3 3124/42/3
f 3130/40/3 3339/41/3 3127/42/3
f 3137/40/1 3130/41/1 3131/42/1
f 3138/40/3 3340/41/3 3130/42/3
f 3340/42/6 3343/43/6 3342/41/6
f 3342/42/4 3137/43/4 3131/41/4
f 4147/40/1 3834/41/1 3838/42/1
f 4148/40/3 4123/41/3 3834/42/3
f 4123/42/6 4150/43/6 4146/41/6
f 4146/42/4 4147/43/4 3838/41/4
f 4151/40/1 4148/41/1 4147/42/1
f 4152/40/3 4149/41/3 4148/42/3
f 4149/42/6 4154/43/6 4150/41/6
f 4150/42/4 4151/43/4 4147/41/4
f 4155/40/1 4152/41/1 4151/42/1
f 4156/40/3 4153/41/3 4152/42/3
f 4153/42/6 4158/43/6 4154/41/6
f 4154/42/4 4155/43/4 4151/41/4
f 4159/40/1 4156/41/1 4155/42/1
f 4160/40/3 4157/41/3 4156/42/3
f 4157/42/6 4162/43/6 4158/41/6
f 4158/42/4 4159/43/4 4155/41/4
f 3841/40/1 4160/41/1 4159/42/1
f 3842/40/3 4161/41/3 4160/42/3
f 4161/42/6 4163/43/6 4162/41/6
f 4162/42/4 3841/43/4 4159/41/4
f 4125/42/6 4164/43/6 4163/41/6
f 4127/42/6 4165/43/6 4164/41/6
f 51/44/1 49/45/1 50/46/1
f 49/45/2 53/44/2 50/47/2
f 52/44/3 54/45/3 49/46/3
f 56/44/1 52/45/1 51/46/1
f 57/44/3 55/45/3 52/46/3
f 59/44/1 57/45/1 56/46/1
f 60/44/3 58/45/3 57/46/3
f 62/44/1 60/45/1 59/46/1
f 63/44/3 61/45/3 60/46/3
f 65/46/5 63/47/5 62/45/5
f 83/44/1 50/45/1 82/46/1
f 50/45/2 84/44/2 82/47/2
f 85/44/1 51/45/1 83/46/1
f 87/46/6 89/47/6 86/45/6
f 90/44/1 56/45/1 85/46/1
f 91/44/1 59/45/1 90/46/1
f 93/46/6 94/47/6 92/45/6
f 94/46/5 62/47/5 91/45/5
f 97/44/1 95/45/1 96/46/1
f 95/45/2 99/44/2 96/47/2
f 98/44/3 100/45/3 95/46/3
f 100/46/6 102/47/6 99/45/6
f 102/46/5 98/47/5 97/45/5
f 132/44/1 96/45/1 129/46/1
f 133/46/5 97/47/5 132/45/5
f 151/44/1 123/45/1 150/46/1
f 123/45/2 152/44/2 150/47/2
f 153/44/1 125/45/1 151/46/1
f 155/46/6 157/47/6 154/45/6
f 154/46/4 153/47/4 151/45/4
f 158/44/1 126/45/1 153/46/1
f 159/44/1 127/45/1 158/46/1
f 161/46/6 162/47/6 160/45/6
f 162/46/5 128/47/5 159/45/5
f 160/46/4 159/47/4 158/45/4
f 164/44/1 129/45/1 163/46/1
f 129/45/2 165/44/2 163/47/2
f 131/46/6 166/47/6 165/45/6
f 166/46/5 132/47/5 164/45/5
f 165/46/4 164/47/4 163/45/4
f 184/44/1 150/45/1 183/46/1
f 150/45/2 185/44/2 183/47/2
f 186/46/5 151/47/5 184/45/5
f 185/46/4 184/47/4 183/45/4
f 188/44/1 153/45/1 187/46/1
f 153/45/2 189/44/2 187/47/2
f 190/46/5 158/47/5 188/45/5
f 189/46/4 188/47/4 187/45/4
f 54/45/2 536/44/2 53/47/2
f 55/44/3 537/45/3 54/46/3
f 58/44/3 538/45/3 55/46/3
f 538/46/6 541/47/6 540/45/6
f 540/46/4 88/47/4 87/45/4
f 61/44/3 539/45/3 58/46/3
f 539/46/6 543/47/6 541/45/6
f 64/44/3 542/45/3 61/46/3
f 542/46/6 545/47/6 543/45/6
f 545/46/5 64/47/5 65/45/5
f 543/46/4 65/47/4 93/45/4
f 53/45/2 549/44/2 84/47/2
f 550/46/5 87/47/5 86/45/5
f 88/45/2 551/44/2 89/47/2
f 552/46/5 93/47/5 92/45/5
f 84/45/2 555/44/2 124/47/2
f 89/44/3 550/45/3 86/46/3
f 550/46/6 557/47/6 556/45/6
f 556/46/4 156/47/4 155/45/4
f 94/44/3 552/45/3 92/46/3
f 552/46/6 560/47/6 559/45/6
f 560/46/5 94/47/5 130/45/5
f 559/46/4 130/47/4 161/45/4
f 99/45/2 561/44/2 131/47/2
f 102/44/3 562/45/3 99/46/3
f 562/46/6 564/47/6 561/45/6
f 564/46/5 102/47/5 133/45/5
f 561/46/4 133/47/4 131/45/4
f 124/45/2 567/44/2 152/47/2
f 568/46/5 155/47/5 154/45/5
f 156/45/2 569/44/2 157/47/2
f 570/46/5 161/47/5 160/45/5
f 152/45/2 573/44/2 185/47/2
f 567/46/6 574/47/6 573/45/6
f 574/46/5 154/47/5 186/45/5
f 573/46/4 186/47/4 185/45/4
f 157/45/2 575/44/2 189/47/2
f 569/46/6 576/47/6 575/45/6
f 576/46/5 160/47/5 190/45/5
f 575/46/4 190/47/4 189/45/4
f 587/44/1 585/45/1 586/46/1
f 585/45/2 589/44/2 586/47/2
f 588/44/3 590/45/3 585/46/3
f 592/46/5 588/47/5 587/45/5
f 598/44/1 586/45/1 597/46/1
f 586/45/2 599/44/2 597/47/2
f 600/46/5 587/47/5 598/45/5
f 610/44/1 597/45/1 609/46/1
f 597/45/2 611/44/2 609/47/2
f 612/46/5 598/47/5 610/45/5
f 624/44/1 609/45/1 623/46/1
f 609/45/2 625/44/2 623/47/2
f 626/46/5 610/47/5 624/45/5
f 638/44/1 623/45/1 637/46/1
f 623/45/2 639/44/2 637/47/2
f 640/46/5 624/47/5 638/45/5
f 639/46/4 638/47/4 637/45/4
f 537/45/2 747/44/2 536/47/2
f 538/44/3 748/45/3 537/46/3
f 750/46/5 538/47/5 540/45/5
f 536/45/2 754/44/2 549/47/2
f 747/46/6 755/47/6 754/45/6
f 755/46/5 540/47/5 550/45/5
f 541/45/2 756/44/2 551/47/2
f 543/44/3 757/45/3 541/46/3
f 757/46/6 759/47/6 756/45/6
f 759/46/5 543/47/5 552/45/5
f 549/45/2 762/44/2 555/47/2
f 754/46/6 763/47/6 762/45/6
f 763/46/5 550/47/5 556/45/5
f 551/45/2 764/44/2 557/47/2
f 756/46/6 765/47/6 764/45/6
f 765/46/5 552/47/5 559/45/5
f 555/45/2 768/44/2 567/47/2
f 762/46/6 769/47/6 768/45/6
f 769/46/5 556/47/5 568/45/5
f 768/46/4 568/47/4 567/45/4
f 557/45/2 770/44/2 569/47/2
f 764/46/6 771/47/6 770/45/6
f 771/46/5 559/47/5 570/45/5
f 770/46/4 570/47/4 569/45/4
f 591/44/1 776/45/1 590/46/1
f 776/45/2 778/44/2 590/47/2
f 777/44/3 779/45/3 776/46/3
f 781/46/5 777/47/5 591/45/5
f 590/45/2 788/44/2 589/47/2
f 789/46/5 591/47/5 592/45/5
f 599/44/1 794/45/1 795/46/1
f 794/45/2 796/44/2 795/47/2
f 589/44/3 797/45/3 794/46/3
f 798/44/1 592/45/1 600/46/1
f 799/44/3 789/45/3 592/46/3
f 801/46/5 799/47/5 798/45/5
f 611/44/1 795/45/1 809/46/1
f 795/45/2 810/44/2 809/47/2
f 811/44/1 600/45/1 612/46/1
f 812/46/5 798/47/5 811/45/5
f 625/44/1 809/45/1 821/46/1
f 809/45/2 822/44/2 821/47/2
f 822/46/4 625/47/4 821/45/4
f 824/44/1 612/45/1 626/46/1
f 825/46/5 811/47/5 824/45/5
f 826/46/4 824/47/4 626/45/4
f 625/45/2 836/44/2 639/47/2
f 837/46/5 626/47/5 640/45/5
f 843/44/1 639/45/1 842/46/1
f 639/45/2 844/44/2 842/47/2
f 845/46/5 640/47/5 843/45/5
f 844/46/4 843/47/4 842/45/4
f 748/45/2 942/44/2 747/47/2
f 749/44/3 943/45/3 748/46/3
f 943/46/6 945/47/6 942/45/6
f 945/46/5 749/47/5 750/45/5
f 942/46/4 750/47/4 747/45/4
f 779/45/2 957/44/2 778/47/2
f 780/44/3 958/45/3 779/46/3
f 960/46/5 780/47/5 781/45/5
f 788/44/1 970/45/1 797/46/1
f 970/45/2 971/44/2 797/47/2
f 778/44/3 972/45/3 970/46/3
f 800/44/1 781/45/1 789/46/1
f 973/44/3 960/45/3 781/46/3
f 975/46/5 973/47/5 800/45/5
f 797/45/2 982/44/2 796/47/2
f 983/46/5 800/47/5 801/45/5
f 796/45/2 989/44/2 810/47/2
f 990/44/1 801/45/1 812/46/1
f 991/44/3 983/45/3 801/46/3
f 993/46/5 991/47/5 990/45/5
f 994/46/4 990/47/4 812/45/4
f 810/45/2 999/44/2 822/47/2
f 1000/46/5 812/47/5 825/45/5
f 836/44/1 822/45/1 1007/46/1
f 822/45/2 1008/44/2 1007/47/2
f 1008/46/4 836/47/4 1007/45/4
f 1010/44/1 826/45/1 837/46/1
f 1011/46/5 825/47/5 1010/45/5
f 1012/46/4 1010/47/4 837/45/4
f 836/45/2 1016/44/2 844/47/2
f 1017/46/5 837/47/5 845/45/5
f 1016/46/4 845/47/4 844/45/4
f 958/45/2 1124/44/2 957/47/2
f 959/44/3 1125/45/3 958/46/3
f 1127/46/5 959/47/5 960/45/5
f 972/45/2 1134/44/2 971/47/2
f 957/44/3 1135/45/3 972/46/3
f 974/44/3 1127/45/3 960/46/3
f 1137/46/5 974/47/5 975/45/5
f 1144/44/1 1142/45/1 1143/46/1
f 1142/45/2 1146/44/2 1143/47/2
f 1145/44/3 1147/45/3 1142/46/3
f 982/44/1 1145/45/1 1144/46/1
f 971/44/3 1148/45/3 1145/46/3
f 992/44/1 975/45/1 983/46/1
f 1149/44/3 1137/45/3 975/46/3
f 1137/46/6 1152/47/6 1151/45/6
f 1152/46/5 1149/47/5 992/45/5
f 1174/44/1 992/45/1 993/46/1
f 1175/44/3 1152/45/3 992/46/3
f 1152/46/6 1178/47/6 1177/45/6
f 1178/46/5 1175/47/5 1174/45/5
f 1177/46/4 1174/47/4 993/45/4
f 989/45/2 1184/44/2 999/47/2
f 1185/44/1 994/45/1 1000/46/1
f 1187/46/6 1188/47/6 1186/45/6
f 1188/46/5 993/47/5 1185/45/5
f 1186/46/4 1185/47/4 1000/45/4
f 999/45/2 1193/44/2 1008/47/2
f 1193/46/4 1009/47/4 1008/45/4
f 1195/46/5 1000/47/5 1011/45/5
f 1196/46/4 1011/47/4 1012/45/4
f 1009/45/2 1200/44/2 1016/47/2
f 1201/46/5 1012/47/5 1017/45/5
f 1200/46/4 1017/47/4 1016/45/4
f 1125/45/2 1309/44/2 1124/47/2
f 1126/44/3 1310/45/3 1125/46/3
f 1312/46/5 1126/47/5 1127/45/5
f 1148/44/1 1320/45/1 1147/46/1
f 1320/45/2 1322/44/2 1147/47/2
f 1321/44/3 1323/45/3 1320/46/3
f 1323/46/6 1325/47/6 1322/45/6
f 1134/44/1 1321/45/1 1148/46/1
f 1135/44/3 1324/45/3 1321/46/3
f 1324/46/6 1327/47/6 1325/45/6
f 1124/44/3 1326/45/3 1135/46/3
f 1326/46/6 1328/47/6 1327/45/6
f 1136/44/3 1312/45/3 1127/46/3
f 1312/46/6 1331/47/6 1330/45/6
f 1331/46/5 1136/47/5 1137/45/5
f 1346/46/5 1137/47/5 1151/45/5
f 1146/45/2 1351/44/2 1170/47/2
f 1345/46/6 1353/47/6 1351/45/6
f 1351/46/4 1172/47/4 1170/45/4
f 1352/46/6 1355/47/6 1353/45/6
f 1353/46/4 1173/47/4 1172/45/4
f 1152/44/3 1346/45/3 1151/46/3
f 1346/46/6 1358/47/6 1357/45/6
f 1358/46/5 1152/47/5 1177/45/5
f 1357/46/4 1177/47/4 1187/45/4
f 1173/45/2 1364/44/2 1184/47/2
f 1365/46/5 1187/47/5 1186/45/5
f 1184/45/2 1370/44/2 1193/47/2
f 1364/46/6 1372/47/6 1370/45/6
f 1370/46/4 1194/47/4 1193/45/4
f 1374/46/6 1375/47/6 1373/45/6
f 1375/46/5 1186/47/5 1195/45/5
f 1373/46/4 1195/47/4 1196/45/4
f 1194/45/2 1385/44/2 1200/47/2
f 1386/46/5 1196/47/5 1201/45/5
f 1385/46/4 1201/47/4 1200/45/4
f 1310/45/2 1498/44/2 1309/47/2
f 1311/44/3 1499/45/3 1310/46/3
f 1499/46/6 1501/47/6 1498/45/6
f 1501/46/5 1311/47/5 1312/45/5
f 1309/45/2 1507/44/2 1328/47/2
f 1508/46/5 1312/47/5 1330/45/5
f 1322/45/2 1513/44/2 1345/47/2
f 1325/44/3 1514/45/3 1322/46/3
f 1514/46/6 1516/47/6 1513/45/6
f 1513/46/4 1352/47/4 1345/45/4
f 1327/44/3 1515/45/3 1325/46/3
f 1515/46/6 1518/47/6 1516/45/6
f 1516/46/4 1354/47/4 1352/45/4
f 1328/44/3 1517/45/3 1327/46/3
f 1517/46/6 1519/47/6 1518/45/6
f 1331/44/3 1508/45/3 1330/46/3
f 1508/46/6 1522/47/6 1521/45/6
f 1522/46/5 1331/47/5 1346/45/5
f 1528/44/1 1338/45/1 1527/46/1
f 1338/45/2 1529/44/2 1527/47/2
f 1341/44/3 1530/45/3 1338/46/3
f 1532/46/5 1341/47/5 1528/45/5
f 1354/45/2 1533/44/2 1355/47/2
f 1518/46/6 1534/47/6 1533/45/6
f 1521/46/6 1536/47/6 1535/45/6
f 1536/46/5 1346/47/5 1357/45/5
f 1545/44/1 1527/45/1 1544/46/1
f 1527/45/2 1546/44/2 1544/47/2
f 1547/46/5 1528/47/5 1545/45/5
f 1355/45/2 1548/44/2 1364/47/2
f 1533/46/6 1549/47/6 1548/45/6
f 1548/46/4 1371/47/4 1364/45/4
f 1535/46/6 1551/47/6 1550/45/6
f 1551/46/5 1357/47/5 1365/45/5
f 1550/46/4 1365/47/4 1374/45/4
f 1561/44/1 1544/45/1 1560/46/1
f 1544/45/2 1562/44/2 1560/47/2
f 1563/46/5 1545/47/5 1561/45/5
f 1371/45/2 1564/44/2 1372/47/2
f 1565/46/5 1374/47/5 1373/45/5
f 1572/44/1 1560/45/1 1571/46/1
f 1560/45/2 1573/44/2 1571/47/2
f 1574/46/5 1561/47/5 1572/45/5
f 1372/45/2 1575/44/2 1385/47/2
f 1564/46/6 1576/47/6 1575/45/6
f 1576/46/5 1373/47/5 1386/45/5
f 1575/46/4 1386/47/4 1385/45/4
f 1586/44/1 1571/45/1 1585/46/1
f 1571/45/2 1587/44/2 1585/47/2
f 1588/46/5 1572/47/5 1586/45/5
f 1587/46/4 1586/47/4 1585/45/4
f 1498/45/2 1700/44/2 1507/47/2
f 1501/44/3 1701/45/3 1498/46/3
f 1701/46/6 1703/47/6 1700/45/6
f 1703/46/5 1501/47/5 1508/45/5
f 1531/44/1 1708/45/1 1530/46/1
f 1708/45/2 1710/44/2 1530/47/2
f 1709/44/3 1711/45/3 1708/46/3
f 1713/46/5 1709/47/5 1531/45/5
f 1507/45/2 1714/44/2 1519/47/2
f 1700/46/6 1715/47/6 1714/45/6
f 1715/46/5 1508/47/5 1521/45/5
f 1530/45/2 1722/44/2 1529/47/2
f 1723/46/5 1531/47/5 1532/45/5
f 1519/45/2 1724/44/2 1534/47/2
f 1714/46/6 1725/47/6 1724/45/6
f 1725/46/5 1521/47/5 1535/45/5
f 1529/45/2 1734/44/2 1546/47/2
f 1735/44/1 1532/45/1 1547/46/1
f 1736/44/3 1723/45/3 1532/46/3
f 1738/46/5 1736/47/5 1735/45/5
f 1741/44/1 1739/45/1 1740/46/1
f 1739/45/2 1743/44/2 1740/47/2
f 1742/44/3 1744/45/3 1739/46/3
f 1746/46/5 1742/47/5 1741/45/5
f 1534/45/2 1747/44/2 1549/47/2
f 1724/46/6 1748/47/6 1747/45/6
f 1748/46/5 1535/47/5 1550/45/5
f 1546/45/2 1753/44/2 1562/47/2
f 1754/44/1 1547/45/1 1563/46/1
f 1755/46/5 1735/47/5 1754/45/5
f 1757/44/1 1740/45/1 1756/46/1
f 1740/45/2 1758/44/2 1756/47/2
f 1759/46/5 1741/47/5 1757/45/5
f 1549/45/2 1760/44/2 1564/47/2
f 1761/46/5 1550/47/5 1565/45/5
f 1760/46/4 1565/47/4 1564/45/4
f 1562/45/2 1766/44/2 1573/47/2
f 1767/44/1 1563/45/1 1574/46/1
f 1768/46/5 1754/47/5 1767/45/5
f 1769/46/4 1767/47/4 1574/45/4
f 1771/44/1 1756/45/1 1770/46/1
f 1756/45/2 1772/44/2 1770/47/2
f 1773/46/5 1757/47/5 1771/45/5
f 1772/46/4 1771/47/4 1770/45/4
f 1573/45/2 1780/44/2 1587/47/2
f 1781/46/5 1574/47/5 1588/45/5
f 1790/44/1 1587/45/1 1789/46/1
f 1587/45/2 1791/44/2 1789/47/2
f 1792/46/5 1588/47/5 1790/45/5
f 1791/46/4 1790/47/4 1789/45/4
f 1711/45/2 1909/44/2 1710/47/2
f 1712/44/3 1910/45/3 1711/46/3
f 1912/46/5 1712/47/5 1713/45/5
f 1710/45/2 1920/44/2 1722/47/2
f 1737/44/1 1713/45/1 1723/46/1
f 1921/44/3 1912/45/3 1713/46/3
f 1923/46/5 1921/47/5 1737/45/5
f 1745/44/1 1924/45/1 1744/46/1
f 1924/45/2 1926/44/2 1744/47/2
f 1925/44/3 1927/45/3 1924/46/3
f 1929/46/5 1925/47/5 1745/45/5
f 1722/45/2 1936/44/2 1734/47/2
f 1937/46/5 1737/47/5 1738/45/5
f 1744/45/2 1938/44/2 1743/47/2
f 1939/46/5 1745/47/5 1746/45/5
f 1734/45/2 1946/44/2 1753/47/2
f 1758/44/1 1738/45/1 1755/46/1
f 1743/44/3 1937/45/3 1738/46/3
f 1947/46/4 1758/47/4 1755/45/4
f 1949/44/1 1746/45/1 1759/46/1
f 1950/44/3 1939/45/3 1746/46/3
f 1952/46/5 1950/47/5 1949/45/5
f 1953/46/4 1949/47/4 1759/45/4
f 1747/45/2 1954/44/2 1760/47/2
f 1748/44/3 1955/45/3 1747/46/3
f 1957/46/5 1748/47/5 1761/45/5
f 1954/46/4 1761/47/4 1760/45/4
f 1753/45/2 1963/44/2 1766/47/2
f 1964/46/5 1755/47/5 1768/45/5
f 1758/45/2 1965/44/2 1772/47/2
f 1966/46/5 1759/47/5 1773/45/5
f 1766/45/2 1972/44/2 1780/47/2
f 1973/44/1 1769/45/1 1781/46/1
f 1974/46/5 1768/47/5 1973/45/5
f 1975/46/4 1973/47/4 1781/45/4
f 1977/44/1 1772/45/1 1976/46/1
f 1772/45/2 1978/44/2 1976/47/2
f 1979/46/5 1773/47/5 1977/45/5
f 1978/46/4 1977/47/4 1976/45/4
f 1780/45/2 1985/44/2 1791/47/2
f 1986/46/5 1781/47/5 1792/45/5
f 1985/46/4 1792/47/4 1791/45/4
f 1910/45/2 2091/44/2 1909/47/2
f 1911/44/3 2092/45/3 1910/46/3
f 2094/46/5 1911/47/5 1912/45/5
f 1909/45/2 2100/44/2 1920/47/2
f 1922/44/3 2094/45/3 1912/46/3
f 2102/46/5 1922/47/5 1923/45/5
f 1927/45/2 2103/44/2 1926/47/2
f 1928/44/3 2104/45/3 1927/46/3
f 2106/46/5 1928/47/5 1929/45/5
f 1920/45/2 2113/44/2 1936/47/2
f 1938/44/1 1923/45/1 1937/46/1
f 1926/44/3 2102/45/3 1923/46/3
f 2102/46/6 2115/47/6 2114/45/6
f 1951/44/1 1929/45/1 1939/46/1
f 2116/44/3 2106/45/3 1929/46/3
f 2106/46/6 2119/47/6 2118/45/6
f 2119/46/5 2116/47/5 1951/45/5
f 1956/44/1 2120/45/1 1955/46/1
f 2120/45/2 2122/44/2 1955/47/2
f 2121/44/3 2123/45/3 2120/46/3
f 2123/46/6 2125/47/6 2122/45/6
f 2125/46/5 2121/47/5 1956/45/5
f 2133/44/1 1956/45/1 1957/46/1
f 2134/44/3 2125/45/3 1956/46/3
f 2125/46/6 2137/47/6 2136/45/6
f 2137/46/5 2134/47/5 2133/45/5
f 2136/46/4 2133/47/4 1957/45/4
f 1946/45/2 2142/44/2 1963/47/2
f 1965/44/1 1947/45/1 1964/46/1
f 2144/46/6 2146/47/6 2143/45/6
f 2143/46/4 1965/47/4 1964/45/4
f 2147/44/1 1953/45/1 1966/46/1
f 2149/46/6 2150/47/6 2148/45/6
f 2150/46/5 1952/47/5 2147/45/5
f 2148/46/4 2147/47/4 1966/45/4
f 2152/44/1 1954/45/1 2151/46/1
f 1954/45/2 2153/44/2 2151/47/2
f 2132/46/6 2154/47/6 2153/45/6
f 2154/46/5 1957/47/5 2152/45/5
f 2153/46/4 2152/47/4 2151/45/4
f 1963/45/2 2159/44/2 1972/47/2
f 2160/46/5 1964/47/5 1974/45/5
f 2161/46/4 1974/47/4 1975/45/4
f 1965/45/2 2162/44/2 1978/47/2
f 2163/46/5 1966/47/5 1979/45/5
f 2162/46/4 1979/47/4 1978/45/4
f 1972/45/2 2168/44/2 1985/47/2
f 2169/46/5 1975/47/5 1986/45/5
f 2168/46/4 1986/47/4 1985/45/4
f 2092/45/2 2271/44/2 2091/47/2
f 2093/44/3 2272/45/3 2092/46/3
f 2274/46/5 2093/47/5 2094/45/5
f 2091/45/2 2277/44/2 2100/47/2
f 2101/44/3 2274/45/3 2094/46/3
f 2274/46/6 2280/47/6 2279/45/6
f 2280/46/5 2101/47/5 2102/45/5
f 2104/45/2 2281/44/2 2103/47/2
f 2105/44/3 2282/45/3 2104/46/3
f 2282/46/6 2284/47/6 2281/45/6
f 2284/46/5 2105/47/5 2106/45/5
f 2100/45/2 2294/44/2 2113/47/2
f 2295/46/5 2102/47/5 2114/45/5
f 2103/45/2 2296/44/2 2115/47/2
f 2297/46/5 2106/47/5 2118/45/5
f 2113/45/2 2302/44/2 2130/47/2
f 2115/44/3 2295/45/3 2114/46/3
f 2295/46/6 2304/47/6 2303/45/6
f 2303/46/4 2145/47/4 2144/45/4
f 2119/44/3 2297/45/3 2118/46/3
f 2297/46/6 2307/47/6 2306/45/6
f 2307/46/5 2119/47/5 2131/45/5
f 2306/46/4 2131/47/4 2149/45/4
f 2122/45/2 2308/44/2 2132/47/2
f 2125/44/3 2309/45/3 2122/46/3
f 2309/46/6 2311/47/6 2308/45/6
f 2311/46/5 2125/47/5 2136/45/5
f 2308/46/4 2136/47/4 2132/45/4
f 2130/45/2 2316/44/2 2142/47/2
f 2317/46/5 2144/47/5 2143/45/5
f 2145/45/2 2318/44/2 2146/47/2
f 2319/46/5 2149/47/5 2148/45/5
f 2142/45/2 2324/44/2 2159/47/2
f 2326/46/6 2327/47/6 2325/45/6
f 2327/46/5 2143/47/5 2160/45/5
f 2325/46/4 2160/47/4 2161/45/4
f 2146/45/2 2328/44/2 2162/47/2
f 2318/46/6 2329/47/6 2328/45/6
f 2329/46/5 2148/47/5 2163/45/5
f 2328/46/4 2163/47/4 2162/45/4
f 2159/45/2 2334/44/2 2168/47/2
f 2335/46/5 2161/47/5 2169/45/5
f 2334/46/4 2169/47/4 2168/45/4
f 2272/45/2 2426/44/2 2271/47/2
f 2273/44/3 2427/45/3 2272/46/3
f 2427/46/6 2429/47/6 2426/45/6
f 2429/46/5 2273/47/5 2274/45/5
f 2271/45/2 2435/44/2 2277/47/2
f 2436/46/5 2274/47/5 2279/45/5
f 2277/45/2 2442/44/2 2294/47/2
f 2280/44/3 2436/45/3 2279/46/3
f 2436/46/6 2445/47/6 2444/45/6
f 2445/46/5 2280/47/5 2295/45/5
f 2281/45/2 2446/44/2 2296/47/2
f 2284/44/3 2447/45/3 2281/46/3
f 2447/46/6 2449/47/6 2446/45/6
f 2449/46/5 2284/47/5 2297/45/5
f 2294/45/2 2454/44/2 2302/47/2
f 2444/46/6 2456/47/6 2455/45/6
f 2456/46/5 2295/47/5 2303/45/5
f 2296/45/2 2457/44/2 2304/47/2
f 2446/46/6 2458/47/6 2457/45/6
f 2458/46/5 2297/47/5 2306/45/5
f 2302/45/2 2463/44/2 2316/47/2
f 2455/46/6 2465/47/6 2464/45/6
f 2465/46/5 2303/47/5 2317/45/5
f 2464/46/4 2317/47/4 2326/45/4
f 2304/45/2 2466/44/2 2318/47/2
f 2457/46/6 2467/47/6 2466/45/6
f 2467/46/5 2306/47/5 2319/45/5
f 2466/46/4 2319/47/4 2318/45/4
f 2316/45/2 2474/44/2 2324/47/2
f 2475/46/5 2326/47/5 2325/45/5
f 2324/45/2 2479/44/2 2334/47/2
f 2474/46/6 2480/47/6 2479/45/6
f 2480/46/5 2325/47/5 2335/45/5
f 2479/46/4 2335/47/4 2334/45/4
f 2485/44/1 2483/45/1 2484/46/1
f 2483/45/2 2487/44/2 2484/47/2
f 2486/44/3 2488/45/3 2483/46/3
f 2490/46/5 2486/47/5 2485/45/5
f 2494/44/1 2484/45/1 2493/46/1
f 2484/45/2 2495/44/2 2493/47/2
f 2496/46/5 2485/47/5 2494/45/5
f 2500/44/1 2493/45/1 2499/46/1
f 2493/45/2 2501/44/2 2499/47/2
f 2502/46/5 2494/47/5 2500/45/5
f 2501/46/4 2500/47/4 2499/45/4
f 2515/44/1 2513/45/1 2514/46/1
f 2513/45/2 2517/44/2 2514/47/2
f 2516/44/3 2518/45/3 2513/46/3
f 2520/46/5 2516/47/5 2515/45/5
f 2539/44/1 2514/45/1 2538/46/1
f 2514/45/2 2540/44/2 2538/47/2
f 2541/46/5 2515/47/5 2539/45/5
f 2540/46/4 2539/47/4 2538/45/4
f 2426/45/2 2599/44/2 2435/47/2
f 2429/44/3 2600/45/3 2426/46/3
f 2600/46/6 2602/47/6 2599/45/6
f 2602/46/5 2429/47/5 2436/45/5
f 2435/45/2 2610/44/2 2442/47/2
f 2599/46/6 2611/47/6 2610/45/6
f 2611/46/5 2436/47/5 2444/45/5
f 2442/45/2 2617/44/2 2454/47/2
f 2610/46/6 2618/47/6 2617/45/6
f 2618/46/5 2444/47/5 2455/45/5
f 2454/45/2 2624/44/2 2463/47/2
f 2617/46/6 2625/47/6 2624/45/6
f 2625/46/5 2455/47/5 2464/45/5
f 2463/45/2 2631/44/2 2474/47/2
f 2624/46/6 2632/47/6 2631/45/6
f 2632/46/5 2464/47/5 2475/45/5
f 2631/46/4 2475/47/4 2474/45/4
f 2489/44/1 2636/45/1 2488/46/1
f 2636/45/2 2638/44/2 2488/47/2
f 2637/44/3 2639/45/3 2636/46/3
f 2641/46/5 2637/47/5 2489/45/5
f 2488/45/2 2644/44/2 2487/47/2
f 2645/46/5 2489/47/5 2490/45/5
f 2495/44/1 2648/45/1 2649/46/1
f 2648/45/2 2650/44/2 2649/47/2
f 2487/44/3 2651/45/3 2648/46/3
f 2650/46/4 2495/47/4 2649/45/4
f 2653/44/1 2490/45/1 2496/46/1
f 2654/44/3 2645/45/3 2490/46/3
f 2656/46/5 2654/47/5 2653/45/5
f 2657/46/4 2653/47/4 2496/45/4
f 2495/45/2 2660/44/2 2501/47/2
f 2661/46/5 2496/47/5 2502/45/5
f 2665/44/1 2501/45/1 2664/46/1
f 2501/45/2 2666/44/2 2664/47/2
f 2667/46/5 2502/47/5 2665/45/5
f 2666/46/4 2665/47/4 2664/45/4
f 2519/44/1 2670/45/1 2518/46/1
f 2670/45/2 2672/44/2 2518/47/2
f 2671/44/3 2673/45/3 2670/46/3
f 2675/46/5 2671/47/5 2519/45/5
f 2518/45/2 2678/44/2 2517/47/2
f 2679/46/5 2519/47/5 2520/45/5
f 2517/45/2 2695/44/2 2540/47/2
f 2695/46/4 2541/47/4 2540/45/4
f 2697/44/1 2520/45/1 2541/46/1
f 2698/44/3 2679/45/3 2520/46/3
f 2700/46/5 2698/47/5 2697/45/5
f 2696/46/4 2697/47/4 2541/45/4
f 2703/44/1 2701/45/1 2702/46/1
f 2701/45/2 2705/44/2 2702/47/2
f 2704/44/3 2706/45/3 2701/46/3
f 2708/46/5 2704/47/5 2703/45/5
f 2705/46/4 2703/47/4 2702/45/4
f 2745/44/1 2743/45/1 2744/46/1
f 2743/45/2 2747/44/2 2744/47/2
f 2746/44/3 2748/45/3 2743/46/3
f 2750/46/5 2746/47/5 2745/45/5
f 2753/44/1 2751/45/1 2752/46/1
f 2751/45/2 2755/44/2 2752/47/2
f 2754/44/3 2756/45/3 2751/46/3
f 2758/46/5 2754/47/5 2753/45/5
f 2762/44/1 2744/45/1 2761/46/1
f 2744/45/2 2763/44/2 2761/47/2
f 2764/46/5 2745/47/5 2762/45/5
f 2766/44/1 2752/45/1 2765/46/1
f 2752/45/2 2767/44/2 2765/47/2
f 2768/46/5 2753/47/5 2766/45/5
f 2778/44/1 2761/45/1 2777/46/1
f 2761/45/2 2779/44/2 2777/47/2
f 2780/46/5 2762/47/5 2778/45/5
f 2779/46/4 2778/47/4 2777/45/4
f 2782/44/1 2765/45/1 2781/46/1
f 2765/45/2 2783/44/2 2781/47/2
f 2784/46/5 2766/47/5 2782/45/5
f 2783/46/4 2782/47/4 2781/45/4
f 2639/45/2 2809/44/2 2638/47/2
f 2640/44/3 2810/45/3 2639/46/3
f 2812/46/5 2640/47/5 2641/45/5
f 2644/44/1 2815/45/1 2651/46/1
f 2815/45/2 2816/44/2 2651/47/2
f 2638/44/3 2817/45/3 2815/46/3
f 2817/46/6 2818/47/6 2816/45/6
f 2655/44/1 2641/45/1 2645/46/1
f 2819/44/3 2812/45/3 2641/46/3
f 2812/46/6 2822/47/6 2821/45/6
f 2822/46/5 2819/47/5 2655/45/5
f 2838/44/1 2655/45/1 2656/46/1
f 2839/44/3 2822/45/3 2655/46/3
f 2822/46/6 2842/47/6 2841/45/6
f 2842/46/5 2839/47/5 2838/45/5
f 2841/46/4 2838/47/4 2656/45/4
f 2660/44/1 2650/45/1 2845/46/1
f 2650/45/2 2846/44/2 2845/47/2
f 2837/46/6 2848/47/6 2846/45/6
f 2846/46/4 2660/47/4 2845/45/4
f 2849/44/1 2657/45/1 2661/46/1
f 2851/46/6 2852/47/6 2850/45/6
f 2852/46/5 2656/47/5 2849/45/5
f 2850/46/4 2849/47/4 2661/45/4
f 2660/45/2 2855/44/2 2666/47/2
f 2856/46/5 2661/47/5 2667/45/5
f 2855/46/4 2667/47/4 2666/45/4
f 2673/45/2 2859/44/2 2672/47/2
f 2674/44/3 2860/45/3 2673/46/3
f 2862/46/5 2674/47/5 2675/45/5
f 2672/45/2 2865/44/2 2678/47/2
f 2699/44/1 2675/45/1 2679/46/1
f 2866/44/3 2862/45/3 2675/46/3
f 2868/46/5 2866/47/5 2699/45/5
f 2707/44/1 2869/45/1 2706/46/1
f 2869/45/2 2871/44/2 2706/47/2
f 2870/44/3 2872/45/3 2869/46/3
f 2874/46/5 2870/47/5 2707/45/5
f 2678/45/2 2889/44/2 2695/47/2
f 2889/46/4 2696/47/4 2695/45/4
f 2891/46/5 2699/47/5 2700/45/5
f 2890/46/4 2700/47/4 2696/45/4
f 2706/45/2 2892/44/2 2705/47/2
f 2893/46/5 2707/47/5 2708/45/5
f 2892/46/4 2708/47/4 2705/45/4
f 2913/44/1 2911/45/1 2912/46/1
f 2911/45/2 2915/44/2 2912/47/2
f 2914/44/3 2916/45/3 2911/46/3
f 2918/46/5 2914/47/5 2913/45/5
f 2921/44/1 2919/45/1 2920/46/1
f 2919/45/2 2923/44/2 2920/47/2
f 2922/44/3 2924/45/3 2919/46/3
f 2926/46/5 2922/47/5 2921/45/5
f 2930/44/1 2912/45/1 2929/46/1
f 2912/45/2 2931/44/2 2929/47/2
f 2932/46/5 2913/47/5 2930/45/5
f 2931/46/4 2930/47/4 2929/45/4
f 2934/44/1 2920/45/1 2933/46/1
f 2920/45/2 2935/44/2 2933/47/2
f 2936/46/5 2921/47/5 2934/45/5
f 2935/46/4 2934/47/4 2933/45/4
f 2749/44/1 2946/45/1 2748/46/1
f 2946/45/2 2948/44/2 2748/47/2
f 2947/44/3 2949/45/3 2946/46/3
f 2951/46/5 2947/47/5 2749/45/5
f 2757/44/1 2952/45/1 2756/46/1
f 2952/45/2 2954/44/2 2756/47/2
f 2953/44/3 2955/45/3 2952/46/3
f 2957/46/5 2953/47/5 2757/45/5
f 2748/45/2 2960/44/2 2747/47/2
f 2961/46/5 2749/47/5 2750/45/5
f 2756/45/2 2962/44/2 2755/47/2
f 2963/46/5 2757/47/5 2758/45/5
f 2763/44/1 2968/45/1 2969/46/1
f 2968/45/2 2970/44/2 2969/47/2
f 2747/44/3 2971/45/3 2968/46/3
f 2970/46/4 2763/47/4 2969/45/4
f 2767/44/1 2750/45/1 2764/46/1
f 2755/44/3 2961/45/3 2750/46/3
f 2973/46/4 2767/47/4 2764/45/4
f 2975/44/1 2758/45/1 2768/46/1
f 2976/44/3 2963/45/3 2758/46/3
f 2978/46/5 2976/47/5 2975/45/5
f 2979/46/4 2975/47/4 2768/45/4
f 2982/44/1 2980/45/1 2981/46/1
f 2980/45/2 2984/44/2 2981/47/2
f 2983/44/3 2985/45/3 2980/46/3
f 2987/46/5 2983/47/5 2982/45/5
f 2984/46/4 2982/47/4 2981/45/4
f 2763/45/2 2995/44/2 2779/47/2
f 2996/46/5 2764/47/5 2780/45/5
f 2767/45/2 2997/44/2 2783/47/2
f 2998/46/5 2768/47/5 2784/45/5
f 3009/44/1 2779/45/1 3008/46/1
f 2779/45/2 3010/44/2 3008/47/2
f 3011/46/5 2780/47/5 3009/45/5
f 3010/46/4 3009/47/4 3008/45/4
f 3013/44/1 2783/45/1 3012/46/1
f 2783/45/2 3014/44/2 3012/47/2
f 3015/46/5 2784/47/5 3013/45/5
f 3014/46/4 3013/47/4 3012/45/4
f 2810/45/2 3033/44/2 2809/47/2
f 2811/44/3 3034/45/3 2810/46/3
f 3034/46/6 3036/47/6 3033/45/6
f 3036/46/5 2811/47/5 2812/45/5
f 2809/45/2 3039/44/2 2818/47/2
f 3040/46/5 2812/47/5 2821/45/5
f 2816/45/2 3043/44/2 2837/47/2
f 2818/44/3 3044/45/3 2816/46/3
f 3044/46/6 3045/47/6 3043/45/6
f 3043/46/4 2847/47/4 2837/45/4
f 2822/44/3 3040/45/3 2821/46/3
f 3040/46/6 3048/47/6 3047/45/6
f 3048/46/5 2822/47/5 2841/45/5
f 3047/46/4 2841/47/4 2851/45/4
f 2847/45/2 3051/44/2 2848/47/2
f 3052/46/5 2851/47/5 2850/45/5
f 2848/45/2 3057/44/2 2855/47/2
f 3051/46/6 3058/47/6 3057/45/6
f 3058/46/5 2850/47/5 2856/45/5
f 3057/46/4 2856/47/4 2855/45/4
f 2861/44/3 3056/45/3 2860/46/3
f 3061/46/5 2861/47/5 2862/45/5
f 2867/44/3 3061/45/3 2862/46/3
f 3064/46/5 2867/47/5 2868/45/5
f 2872/45/2 3065/44/2 2871/47/2
f 2873/44/3 3066/45/3 2872/46/3
f 3068/46/5 2873/47/5 2874/45/5
f 3083/46/4 2890/47/4 2889/45/4
f 3084/46/4 2891/47/4 2890/45/4
f 2892/44/1 2868/45/1 2891/46/1
f 2871/44/3 3064/45/3 2868/46/3
f 3064/46/6 3086/47/6 3085/45/6
f 3085/46/4 2892/47/4 2891/45/4
f 3086/46/4 2893/47/4 2892/45/4
f 3088/44/1 2874/45/1 2893/46/1
f 3089/44/3 3068/45/3 2874/46/3
f 3068/46/6 3091/47/6 3087/45/6
f 3091/46/5 3089/47/5 3088/45/5
f 3087/46/4 3088/47/4 2893/45/4
f 3094/44/1 3092/45/1 3093/46/1
f 3092/45/2 3096/44/2 3093/47/2
f 3095/44/3 3097/45/3 3092/46/3
f 3097/46/6 3099/47/6 3096/45/6
f 3099/46/5 3095/47/5 3094/45/5
f 3096/46/4 3094/47/4 3093/45/4
f 2915/44/1 3117/45/1 3118/46/1
f 3117/45/2 3119/44/2 3118/47/2
f 2916/44/3 3120/45/3 3117/46/3
f 3119/46/4 2915/47/4 3118/45/4
f 2917/44/3 3121/45/3 2916/46/3
f 2923/44/1 2917/45/1 2918/46/1
f 2924/44/3 3123/45/3 2917/46/3
f 3125/46/4 2923/47/4 2918/45/4
f 2925/44/3 3124/45/3 2924/46/3
f 3128/44/1 2925/45/1 2926/46/1
f 3129/44/3 3127/45/3 2925/46/3
f 3131/46/5 3129/47/5 3128/45/5
f 3132/46/4 3128/47/4 2926/45/4
f 3135/44/1 3133/45/1 3134/46/1
f 3133/45/2 3137/44/2 3134/47/2
f 3136/44/3 3138/45/3 3133/46/3
f 3140/46/5 3136/47/5 3135/45/5
f 3137/46/4 3135/47/4 3134/45/4
f 2915/45/2 3143/44/2 2931/47/2
f 3144/46/5 2918/47/5 2932/45/5
f 2923/45/2 3145/44/2 2935/47/2
f 3146/46/5 2926/47/5 2936/45/5
f 3150/44/1 2931/45/1 3149/46/1
f 2931/45/2 3151/44/2 3149/47/2
f 3152/46/5 2932/47/5 3150/45/5
f 3151/46/4 3150/47/4 3149/45/4
f 3154/44/1 2935/45/1 3153/46/1
f 2935/45/2 3155/44/2 3153/47/2
f 3156/46/5 2936/47/5 3154/45/5
f 3155/46/4 3154/47/4 3153/45/4
f 2949/45/2 3165/44/2 2948/47/2
f 2950/44/3 3166/45/3 2949/46/3
f 3168/46/5 2950/47/5 2951/45/5
f 2955/45/2 3169/44/2 2954/47/2
f 2956/44/3 3170/45/3 2955/46/3
f 3172/46/5 2956/47/5 2957/45/5
f 2960/44/1 3175/45/1 2971/46/1
f 3175/45/2 3176/44/2 2971/47/2
f 2948/44/3 3177/45/3 3175/46/3
f 3177/46/6 3178/47/6 3176/45/6
f 2962/44/1 2951/45/1 2961/46/1
f 2954/44/3 3168/45/3 2951/46/3
f 3168/46/6 3180/47/6 3179/45/6
f 2977/44/1 2957/45/1 2963/46/1
f 3181/44/3 3172/45/3 2957/46/3
f 3172/46/6 3184/47/6 3183/45/6
f 3184/46/5 3181/47/5 2977/45/5
f 2986/44/1 3185/45/1 2985/46/1
f 3185/45/2 3187/44/2 2985/47/2
f 3186/44/3 3188/45/3 3185/46/3
f 3188/46/6 3190/47/6 3187/45/6
f 3190/46/5 3186/47/5 2986/45/5
f 3203/46/5 2986/47/5 2987/45/5
f 2995/44/1 2970/45/1 3212/46/1
f 2970/45/2 3213/44/2 3212/47/2
f 3200/46/6 3215/47/6 3213/45/6
f 3213/46/4 2995/47/4 3212/45/4
f 2997/44/1 2973/45/1 2996/46/1
f 3217/46/6 3219/47/6 3216/45/6
f 3216/46/4 2997/47/4 2996/45/4
f 3220/44/1 2979/45/1 2998/46/1
f 3222/46/6 3223/47/6 3221/45/6
f 3223/46/5 2978/47/5 3220/45/5
f 3221/46/4 3220/47/4 2998/45/4
f 3225/44/1 2984/45/1 3224/46/1
f 2984/45/2 3226/44/2 3224/47/2
f 3202/46/6 3227/47/6 3226/45/6
f 3227/46/5 2987/47/5 3225/45/5
f 3226/46/4 3225/47/4 3224/45/4
f 2995/45/2 3238/44/2 3010/47/2
f 3239/46/5 2996/47/5 3011/45/5
f 3238/46/4 3011/47/4 3010/45/4
f 2997/45/2 3240/44/2 3014/47/2
f 3241/46/5 2998/47/5 3015/45/5
f 3240/46/4 3015/47/4 3014/45/4
f 3033/45/2 3267/44/2 3039/47/2
f 3036/44/3 3268/45/3 3033/46/3
f 3268/46/6 3270/47/6 3267/45/6
f 3270/46/5 3036/47/5 3040/45/5
f 3039/45/2 3273/44/2 3045/47/2
f 3267/46/6 3274/47/6 3273/45/6
f 3274/46/5 3040/47/5 3047/45/5
f 3045/45/2 3279/44/2 3051/47/2
f 3273/46/6 3280/47/6 3279/45/6
f 3280/46/5 3047/47/5 3052/45/5
f 3279/46/4 3052/47/4 3051/45/4
f 3060/44/3 3282/45/3 3056/46/3
f 3285/46/5 3060/47/5 3061/45/5
f 3063/44/3 3285/45/3 3061/46/3
f 3285/46/6 3289/47/6 3288/45/6
f 3289/46/5 3063/47/5 3064/45/5
f 3066/45/2 3290/44/2 3065/47/2
f 3067/44/3 3291/45/3 3066/46/3
f 3291/46/6 3293/47/6 3290/45/6
f 3293/46/5 3067/47/5 3068/45/5
f 3308/46/4 3084/47/4 3083/45/4
f 3310/46/5 3064/47/5 3085/45/5
f 3309/46/4 3085/47/4 3084/45/4
f 3065/45/2 3311/44/2 3086/47/2
f 3312/46/5 3068/47/5 3087/45/5
f 3311/46/4 3087/47/4 3086/45/4
f 3139/44/3 3341/45/3 3138/46/3
f 3345/44/1 3139/45/1 3140/46/1
f 3346/44/3 3344/45/3 3139/46/3
f 3344/46/6 3349/47/6 3348/45/6
f 3349/46/5 3346/47/5 3345/45/5
f 3348/46/4 3345/47/4 3140/45/4
f 3143/44/1 3119/45/1 3354/46/1
f 3119/45/2 3355/44/2 3354/47/2
f 3335/46/6 3357/47/6 3355/45/6
f 3355/46/4 3143/47/4 3354/45/4
f 3145/44/1 3125/45/1 3144/46/1
f 3359/46/6 3361/47/6 3358/45/6
f 3358/46/4 3145/47/4 3144/45/4
f 3362/44/1 3132/45/1 3146/46/1
f 3364/46/6 3365/47/6 3363/45/6
f 3365/46/5 3131/47/5 3362/45/5
f 3363/46/4 3362/47/4 3146/45/4
f 3367/44/1 3137/45/1 3366/46/1
f 3137/45/2 3368/44/2 3366/47/2
f 3343/46/6 3369/47/6 3368/45/6
f 3369/46/5 3140/47/5 3367/45/5
f 3368/46/4 3367/47/4 3366/45/4
f 3143/45/2 3375/44/2 3151/47/2
f 3376/46/5 3144/47/5 3152/45/5
f 3375/46/4 3152/47/4 3151/45/4
f 3145/45/2 3377/44/2 3155/47/2
f 3378/46/5 3146/47/5 3156/45/5
f 3377/46/4 3156/47/4 3155/45/4
f 3166/45/2 3388/44/2 3165/47/2
f 3167/44/3 3389/45/3 3166/46/3
f 3389/46/6 3391/47/6 3388/45/6
f 3391/46/5 3167/47/5 3168/45/5
f 3170/45/2 3392/44/2 3169/47/2
f 3171/44/3 3393/45/3 3170/46/3
f 3393/46/6 3395/47/6 3392/45/6
f 3395/46/5 3171/47/5 3172/45/5
f 3165/45/2 3399/44/2 3178/47/2
f 3400/46/5 3168/47/5 3179/45/5
f 3169/45/2 3401/44/2 3180/47/2
f 3402/46/5 3172/47/5 3183/45/5
f 3176/45/2 3410/44/2 3200/47/2
f 3178/44/3 3411/45/3 3176/46/3
f 3411/46/6 3412/47/6 3410/45/6
f 3410/46/4 3214/47/4 3200/45/4
f 3180/44/3 3400/45/3 3179/46/3
f 3400/46/6 3414/47/6 3413/45/6
f 3413/46/4 3218/47/4 3217/45/4
f 3184/44/3 3402/45/3 3183/46/3
f 3402/46/6 3417/47/6 3416/45/6
f 3417/46/5 3184/47/5 3201/45/5
f 3416/46/4 3201/47/4 3222/45/4
f 3187/45/2 3418/44/2 3202/47/2
f 3190/44/3 3419/45/3 3187/46/3
f 3419/46/6 3421/47/6 3418/45/6
f 3421/46/5 3190/47/5 3203/45/5
f 3418/46/4 3203/47/4 3202/45/4
f 3214/45/2 3435/44/2 3215/47/2
f 3436/46/5 3217/47/5 3216/45/5
f 3218/45/2 3437/44/2 3219/47/2
f 3438/46/5 3222/47/5 3221/45/5
f 3215/45/2 3449/44/2 3238/47/2
f 3435/46/6 3450/47/6 3449/45/6
f 3450/46/5 3216/47/5 3239/45/5
f 3449/46/4 3239/47/4 3238/45/4
f 3219/45/2 3451/44/2 3240/47/2
f 3437/46/6 3452/47/6 3451/45/6
f 3452/46/5 3221/47/5 3241/45/5
f 3451/46/4 3241/47/4 3240/45/4
f 3284/44/3 3488/45/3 3282/46/3
f 3488/46/6 3492/47/6 3491/45/6
f 3492/46/5 3284/47/5 3285/45/5
f 3494/46/5 3285/47/5 3288/45/5
f 3509/46/4 3309/47/4 3308/45/4
f 3289/44/3 3494/45/3 3288/46/3
f 3494/46/6 3512/47/6 3510/45/6
f 3512/46/5 3289/47/5 3310/45/5
f 3510/46/4 3310/47/4 3309/45/4
f 3290/45/2 3513/44/2 3311/47/2
f 3293/44/3 3514/45/3 3290/46/3
f 3514/46/6 3516/47/6 3513/45/6
f 3516/46/5 3293/47/5 3312/45/5
f 3513/46/4 3312/47/4 3311/45/4
f 3334/45/2 3536/44/2 3335/47/2
f 3336/44/3 3537/45/3 3334/46/3
f 3537/46/6 3539/47/6 3536/45/6
f 3536/46/4 3356/47/4 3335/45/4
f 3337/44/3 3538/45/3 3336/46/3
f 3338/44/3 3540/45/3 3337/46/3
f 3540/46/6 3543/47/6 3542/45/6
f 3542/46/4 3360/47/4 3359/45/4
f 3339/44/3 3541/45/3 3338/46/3
f 3340/44/3 3544/45/3 3339/46/3
f 3544/46/6 3547/47/6 3546/45/6
f 3547/46/5 3340/47/5 3342/45/5
f 3546/46/4 3342/47/4 3364/45/4
f 3341/45/2 3548/44/2 3343/47/2
f 3344/44/3 3549/45/3 3341/46/3
f 3549/46/6 3551/47/6 3548/45/6
f 3551/46/5 3344/47/5 3348/45/5
f 3548/46/4 3348/47/4 3343/45/4
f 3356/45/2 3555/44/2 3357/47/2
f 3556/46/5 3359/47/5 3358/45/5
f 3360/45/2 3557/44/2 3361/47/2
f 3558/46/5 3364/47/5 3363/45/5
f 3357/45/2 3567/44/2 3375/47/2
f 3555/46/6 3568/47/6 3567/45/6
f 3568/46/5 3358/47/5 3376/45/5
f 3567/46/4 3376/47/4 3375/45/4
f 3361/45/2 3569/44/2 3377/47/2
f 3557/46/6 3570/47/6 3569/45/6
f 3570/46/5 3363/47/5 3378/45/5
f 3569/46/4 3378/47/4 3377/45/4
f 3388/45/2 3583/44/2 3399/47/2
f 3391/44/3 3584/45/3 3388/46/3
f 3584/46/6 3586/47/6 3583/45/6
f 3586/46/5 3391/47/5 3400/45/5
f 3392/45/2 3587/44/2 3401/47/2
f 3395/44/3 3588/45/3 3392/46/3
f 3588/46/6 3590/47/6 3587/45/6
f 3590/46/5 3395/47/5 3402/45/5
f 3399/45/2 3602/44/2 3412/47/2
f 3583/46/6 3603/47/6 3602/45/6
f 3603/46/5 3400/47/5 3413/45/5
f 3401/45/2 3604/44/2 3414/47/2
f 3587/46/6 3605/47/6 3604/45/6
f 3605/46/5 3402/47/5 3416/45/5
f 3412/45/2 3617/44/2 3435/47/2
f 3602/46/6 3618/47/6 3617/45/6
f 3618/46/5 3413/47/5 3436/45/5
f 3617/46/4 3436/47/4 3435/45/4
f 3414/45/2 3619/44/2 3437/47/2
f 3604/46/6 3620/47/6 3619/45/6
f 3620/46/5 3416/47/5 3438/45/5
f 3619/46/4 3438/47/4 3437/45/4
f 3660/44/1 3658/45/1 3659/46/1
f 3658/45/2 3662/44/2 3659/47/2
f 3661/44/3 3663/45/3 3658/46/3
f 3665/46/5 3661/47/5 3660/45/5
f 3671/44/1 3659/45/1 3670/46/1
f 3659/45/2 3672/44/2 3670/47/2
f 3673/46/5 3660/47/5 3671/45/5
f 3677/44/1 3670/45/1 3676/46/1
f 3670/45/2 3678/44/2 3676/47/2
f 3679/46/5 3671/47/5 3677/45/5
f 3678/46/4 3677/47/4 3676/45/4
f 3492/44/3 3685/45/3 3491/46/3
f 3685/46/6 3689/47/6 3688/45/6
f 3689/46/5 3492/47/5 3494/45/5
f 3688/46/6 3705/47/6 3704/45/6
f 3705/46/5 3494/47/5 3510/45/5
f 3704/46/4 3510/47/4 3509/45/4
f 3538/45/2 3725/44/2 3539/47/2
f 3540/44/3 3726/45/3 3538/46/3
f 3726/46/6 3728/47/6 3725/45/6
f 3728/46/5 3540/47/5 3542/45/5
f 3541/45/2 3729/44/2 3543/47/2
f 3544/44/3 3730/45/3 3541/46/3
f 3730/46/6 3732/47/6 3729/45/6
f 3732/46/5 3544/47/5 3546/45/5
f 3539/45/2 3741/44/2 3555/47/2
f 3725/46/6 3742/47/6 3741/45/6
f 3742/46/5 3542/47/5 3556/45/5
f 3741/46/4 3556/47/4 3555/45/4
f 3543/45/2 3743/44/2 3557/47/2
f 3729/46/6 3744/47/6 3743/45/6
f 3744/46/5 3546/47/5 3558/45/5
f 3743/46/4 3558/47/4 3557/45/4
f 3664/44/1 3827/45/1 3663/46/1
f 3827/45/2 3829/44/2 3663/47/2
f 3828/44/3 3830/45/3 3827/46/3
f 3832/46/5 3828/47/5 3664/45/5
f 3663/45/2 3835/44/2 3662/47/2
f 3836/46/5 3664/47/5 3665/45/5
f 3672/44/1 3839/45/1 3840/46/1
f 3839/45/2 3841/44/2 3840/47/2
f 3662/44/3 3842/45/3 3839/46/3
f 3841/46/4 3672/47/4 3840/45/4
f 3844/44/1 3665/45/1 3673/46/1
f 3845/44/3 3836/45/3 3665/46/3
f 3847/46/5 3845/47/5 3844/45/5
f 3848/46/4 3844/47/4 3673/45/4
f 3672/45/2 3851/44/2 3678/47/2
f 3852/46/5 3673/47/5 3679/45/5
f 3856/44/1 3678/45/1 3855/46/1
f 3678/45/2 3857/44/2 3855/47/2
f 3858/46/5 3679/47/5 3856/45/5
f 3857/46/4 3856/47/4 3855/45/4
f 3830/45/2 4105/44/2 3829/47/2
f 3831/44/3 4106/45/3 3830/46/3
f 4106/46/6 4108/47/6 4105/45/6
f 4108/46/5 3831/47/5 3832/45/5
f 3835/44/1 4124/45/1 3842/46/1
f 4124/45/2 4125/44/2 3842/47/2
f 3829/44/3 4126/45/3 4124/46/3
f 4126/46/6 4127/47/6 4125/45/6
f 4105/46/6 4128/47/6 4127/45/6
f 3846/44/1 3832/45/1 3836/46/1
f 4129/44/3 4108/45/3 3832/46/3
f 4108/46/6 4131/47/6 4128/45/6
f 4131/46/5 4129/47/5 3846/45/5
f 4128/46/6 4166/47/6 4165/45/6
f 4167/44/1 3846/45/1 3847/46/1
f 4168/44/3 4131/45/3 3846/46/3
f 4131/46/6 4170/47/6 4166/45/6
f 4170/46/5 4168/47/5 4167/45/5
f 4166/46/4 4167/47/4 3847/45/4
f 3851/44/1 3841/45/1 4186/46/1
f 3841/45/2 4187/44/2 4186/47/2
f 4163/46/6 4188/47/6 4187/45/6
f 4187/46/4 3851/47/4 4186/45/4
f 4164/46/6 4189/47/6 4188/45/6
f 4190/44/1 3848/45/1 3852/46/1
f 4165/46/6 4191/47/6 4189/45/6
f 4191/46/5 3847/47/5 4190/45/5
f 4189/46/4 4190/47/4 3852/45/4
f 3851/45/2 4207/44/2 3857/47/2
f 4188/46/6 4208/47/6 4207/45/6
f 4208/46/5 3852/47/5 3858/45/5
f 4207/46/4 3858/47/4 3857/45/4
f 316/48/1 295/49/1 315/50/1
f 317/48/1 296/49/1 316/50/1
f 337/48/1 314/49/1 336/50/1
f 338/48/1 315/49/1 337/50/1
f 356/48/1 335/49/1 355/50/1
f 357/48/1 336/49/1 356/50/1
f 374/48/1 354/49/1 373/50/1
f 375/48/1 355/49/1 374/50/1
f 376/48/1 356/49/1 375/50/1
f 414/48/1 393/49/1 413/50/1
f 433/48/1 410/49/1 431/50/1
f 434/48/1 412/49/1 433/50/1
f 451/48/1 430/49/1 450/50/1
f 430/51/2 452/52/2 450/53/2
f 453/48/1 431/49/1 451/50/1
f 470/48/1 450/49/1 469/50/1
f 450/51/2 471/52/2 469/53/2
f 472/48/1 451/49/1 470/50/1
f 471/51/2 713/52/2 491/53/2
f 713/50/4 492/54/4 491/49/4
f 714/50/4 494/54/4 492/49/4
f 631/48/3 828/49/3 628/50/3
f 698/51/2 901/52/2 705/53/2
f 911/55/4 717/56/4 716/57/4
f 913/55/5 708/56/5 718/57/5
f 912/55/4 718/56/4 717/57/4
f 3/1/1 4/4/1 1/2/1
f 1/2/2 6/3/2 5/1/2
f 4/1/3 7/4/3 6/2/3
f 8/1/1 9/4/1 4/2/1
f 9/1/3 10/4/3 7/2/3
f 11/1/1 12/4/1 9/2/1
f 12/1/3 13/4/3 10/2/3
f 14/1/1 15/4/1 12/2/1
f 15/1/3 16/4/3 13/2/3
f 17/1/1 18/4/1 15/2/1
f 18/1/3 19/4/3 16/2/3
f 20/1/1 21/4/1 18/2/1
f 21/1/3 22/4/3 19/2/3
f 23/1/1 24/4/1 21/2/1
f 24/1/3 25/4/3 22/2/3
f 26/1/1 27/4/1 24/2/1
f 27/1/3 28/4/3 25/2/3
f 67/1/1 3/4/1 2/2/1
f 2/2/2 5/3/2 68/1/2
f 69/1/1 8/4/1 3/2/1
f 70/1/1 11/4/1 8/2/1
f 71/1/1 14/4/1 11/2/1
f 72/1/1 17/4/1 14/2/1
f 73/1/1 20/4/1 17/2/1
f 74/1/1 23/4/1 20/2/1
f 104/1/1 67/4/1 66/2/1
f 66/4/2 68/1/2 105/3/2
f 106/1/1 69/4/1 67/2/1
f 107/1/1 70/4/1 69/2/1
f 108/1/1 71/4/1 70/2/1
f 109/1/1 72/4/1 71/2/1
f 110/1/1 73/4/1 72/2/1
f 111/1/1 74/4/1 73/2/1
f 135/1/1 104/4/1 103/2/1
f 103/3/2 105/2/2 136/4/2
f 137/1/1 106/4/1 104/2/1
f 138/1/1 107/4/1 106/2/1
f 139/1/1 108/4/1 107/2/1
f 140/1/1 109/4/1 108/2/1
f 141/1/1 110/4/1 109/2/1
f 142/1/1 111/4/1 110/2/1
f 143/1/1 112/4/1 111/2/1
f 168/1/1 135/4/1 134/2/1
f 134/3/2 136/2/2 169/4/2
f 170/1/1 137/4/1 135/2/1
f 171/1/1 138/4/1 137/2/1
f 172/1/1 139/4/1 138/2/1
f 173/1/1 140/4/1 139/2/1
f 174/1/1 141/4/1 140/2/1
f 175/1/1 142/4/1 141/2/1
f 176/1/1 143/4/1 142/2/1
f 177/1/1 144/4/1 143/2/1
f 178/1/1 145/4/1 144/2/1
f 192/1/1 168/4/1 167/2/1
f 167/3/2 169/2/2 193/4/2
f 194/1/1 170/4/1 168/2/1
f 195/1/1 171/4/1 170/2/1
f 196/1/1 172/4/1 171/2/1
f 197/1/1 173/4/1 172/2/1
f 198/1/1 174/4/1 173/2/1
f 199/1/1 175/4/1 174/2/1
f 200/1/1 176/4/1 175/2/1
f 201/1/1 177/4/1 176/2/1
f 202/1/1 178/4/1 177/2/1
f 208/1/1 192/4/1 191/2/1
f 191/2/2 193/3/2 209/1/2
f 210/1/1 194/4/1 192/2/1
f 211/1/1 195/4/1 194/2/1
f 212/1/1 196/4/1 195/2/1
f 213/1/1 197/4/1 196/2/1
f 214/1/1 198/4/1 197/2/1
f 215/1/1 199/4/1 198/2/1
f 216/3/4 217/1/4 215/4/4
f 218/1/1 200/4/1 199/2/1
f 217/3/4 219/1/4 218/4/4
f 220/1/1 201/4/1 200/2/1
f 219/3/4 221/1/4 220/4/4
f 222/1/1 202/4/1 201/2/1
f 228/1/1 208/4/1 207/2/1
f 207/3/2 209/2/2 229/4/2
f 230/1/1 210/4/1 208/2/1
f 231/1/1 211/4/1 210/2/1
f 232/1/1 212/4/1 211/2/1
f 233/1/1 213/4/1 212/2/1
f 234/1/1 214/4/1 213/2/1
f 235/1/5 216/3/5 214/2/5
f 245/1/1 228/4/1 227/2/1
f 227/1/2 229/4/2 246/2/2
f 247/1/1 230/4/1 228/2/1
f 248/1/1 231/4/1 230/2/1
f 249/1/1 232/4/1 231/2/1
f 250/1/1 233/4/1 232/2/1
f 251/1/1 234/4/1 233/2/1
f 252/2/5 235/4/5 234/1/5
f 266/1/1 245/4/1 244/2/1
f 244/2/2 246/3/2 267/1/2
f 268/1/1 247/4/1 245/2/1
f 269/1/1 248/4/1 247/2/1
f 270/1/1 249/4/1 248/2/1
f 271/1/1 250/4/1 249/2/1
f 272/1/1 251/4/1 250/2/1
f 289/1/1 266/4/1 265/2/1
f 265/2/2 267/3/2 290/1/2
f 291/1/1 268/4/1 266/2/1
f 292/1/1 269/4/1 268/2/1
f 293/1/1 270/4/1 269/2/1
f 294/1/1 271/4/1 270/2/1
f 295/1/1 272/4/1 271/2/1
f 309/1/1 289/4/1 288/2/1
f 288/4/2 290/1/2 310/3/2
f 311/1/1 291/4/1 289/2/1
f 312/1/1 292/4/1 291/2/1
f 313/1/1 293/4/1 292/2/1
f 314/1/1 294/4/1 293/2/1
f 315/1/1 295/4/1 294/2/1
f 331/1/1 309/4/1 308/2/1
f 308/3/2 310/2/2 332/4/2
f 333/1/1 311/4/1 309/2/1
f 334/1/1 312/4/1 311/2/1
f 335/1/1 313/4/1 312/2/1
f 336/1/1 314/4/1 313/2/1
f 351/1/1 331/4/1 330/2/1
f 330/2/2 332/3/2 352/1/2
f 353/1/1 333/4/1 331/2/1
f 354/1/1 334/4/1 333/2/1
f 355/1/1 335/4/1 334/2/1
f 370/1/1 351/4/1 350/2/1
f 350/3/2 352/2/2 371/4/2
f 372/1/1 353/4/1 351/2/1
f 373/1/1 354/4/1 353/2/1
f 390/1/1 370/4/1 369/2/1
f 369/1/2 371/4/2 391/2/2
f 392/1/1 372/4/1 370/2/1
f 393/1/1 373/4/1 372/2/1
f 394/1/1 374/4/1 373/2/1
f 395/1/1 375/4/1 374/2/1
f 396/1/1 376/4/1 375/2/1
f 410/1/1 390/4/1 389/2/1
f 389/3/2 391/2/2 411/4/2
f 412/1/1 392/4/1 390/2/1
f 413/1/1 393/4/1 392/2/1
f 431/1/1 410/4/1 409/2/1
f 409/4/2 411/1/2 432/3/2
f 490/1/1 470/4/1 469/2/1
f 469/1/2 471/4/2 491/2/2
f 491/3/4 492/1/4 490/4/4
f 493/1/1 472/4/1 470/2/1
f 492/3/4 494/1/4 493/4/4
f 495/1/1 473/4/1 472/2/1
f 494/3/4 496/1/4 495/4/4
f 6/3/2 520/2/2 519/4/2
f 7/1/3 521/4/3 520/2/3
f 10/1/3 522/4/3 521/2/3
f 13/1/3 523/4/3 522/2/3
f 16/1/3 524/4/3 523/2/3
f 19/1/3 525/4/3 524/2/3
f 22/1/3 526/4/3 525/2/3
f 25/1/3 527/4/3 526/2/3
f 28/1/3 528/4/3 527/2/3
f 5/3/2 519/2/2 546/4/2
f 68/2/2 546/3/2 553/1/2
f 105/4/2 553/1/2 565/3/2
f 136/2/2 565/3/2 571/1/2
f 169/2/2 571/3/2 577/1/2
f 193/2/2 577/3/2 579/1/2
f 580/3/4 581/1/4 217/4/4
f 581/3/4 582/1/4 219/4/4
f 582/3/4 583/1/4 221/4/4
f 209/2/2 579/3/2 593/1/2
f 594/2/5 580/4/5 216/1/5
f 229/2/2 593/3/2 601/1/2
f 602/3/5 594/1/5 235/4/5
f 246/3/2 601/2/2 613/4/2
f 267/4/2 613/1/2 627/3/2
f 290/4/2 627/1/2 641/3/2
f 310/1/2 641/4/2 649/2/2
f 332/3/2 649/2/2 657/4/2
f 352/1/2 657/4/2 664/2/2
f 371/1/2 664/4/2 672/2/2
f 391/3/2 672/2/2 680/4/2
f 411/2/2 680/3/2 688/1/2
f 432/1/2 688/4/2 698/2/2
f 452/2/2 698/3/2 705/1/2
f 520/4/2 731/1/2 730/3/2
f 521/1/3 732/4/3 731/2/3
f 522/1/3 733/4/3 732/2/3
f 523/1/3 734/4/3 733/2/3
f 524/1/3 735/4/3 734/2/3
f 525/1/3 736/4/3 735/2/3
f 526/1/3 737/4/3 736/2/3
f 527/1/3 738/4/3 737/2/3
f 528/1/3 739/4/3 738/2/3
f 519/3/2 730/2/2 751/4/2
f 546/1/2 751/4/2 760/2/2
f 553/4/2 760/1/2 766/3/2
f 565/1/2 766/4/2 772/2/2
f 571/4/2 772/1/2 774/3/2
f 577/4/2 774/1/2 782/3/2
f 783/3/4 784/1/4 581/4/4
f 784/3/4 785/1/4 582/4/4
f 785/3/4 786/1/4 583/4/4
f 579/2/2 782/3/2 790/1/2
f 791/1/5 783/3/5 580/2/5
f 593/4/2 790/1/2 802/3/2
f 803/2/5 791/4/5 594/1/5
f 601/1/2 802/4/2 813/2/2
f 613/1/2 813/4/2 827/2/2
f 630/4/2 818/1/2 829/3/2
f 627/3/2 827/2/2 838/4/2
f 641/1/2 838/4/2 846/2/2
f 649/4/2 846/1/2 852/3/2
f 657/4/2 852/1/2 859/3/2
f 664/2/2 859/3/2 867/1/2
f 672/3/2 867/2/2 875/4/2
f 680/1/2 875/4/2 883/2/2
f 688/3/2 883/2/2 891/4/2
f 705/2/2 901/3/2 908/1/2
f 908/3/4 909/1/4 714/4/4
f 909/3/4 910/1/4 715/4/4
f 731/3/2 926/2/2 925/4/2
f 732/1/3 927/4/3 926/2/3
f 733/1/3 928/4/3 927/2/3
f 734/1/3 929/4/3 928/2/3
f 735/1/3 930/4/3 929/2/3
f 736/1/3 931/4/3 930/2/3
f 737/1/3 932/4/3 931/2/3
f 738/1/3 933/4/3 932/2/3
f 739/1/3 934/4/3 933/2/3
f 730/2/2 925/3/2 946/1/2
f 751/3/2 946/2/2 949/4/2
f 760/2/2 949/3/2 951/1/2
f 766/3/2 951/2/2 953/4/2
f 772/4/2 953/1/2 955/3/2
f 774/3/2 955/2/2 961/4/2
f 962/3/4 963/1/4 784/4/4
f 964/3/6 965/1/6 966/4/6
f 963/3/4 966/1/4 785/4/4
f 965/3/6 967/1/6 968/4/6
f 966/3/4 968/1/4 786/4/4
f 782/4/2 961/1/2 976/3/2
f 977/3/5 962/1/5 783/4/5
f 790/2/2 976/3/2 984/1/2
f 985/3/5 977/1/5 791/4/5
f 802/4/2 984/1/2 995/3/2
f 996/4/5 985/2/5 803/3/5
f 813/2/2 995/3/2 1001/1/2
f 816/1/3 1002/4/3 996/2/3
f 1003/2/5 1002/4/5 816/1/5
f 818/3/2 1005/2/2 1004/4/2
f 819/1/3 997/4/3 1005/2/3
f 827/1/2 1001/4/2 1013/2/2
f 829/1/3 1004/4/3 1003/2/3
f 838/4/2 1013/1/2 1018/3/2
f 846/1/2 1018/4/2 1024/2/2
f 852/2/2 1024/3/2 1030/1/2
f 859/1/2 1030/4/2 1037/2/2
f 867/3/2 1037/2/2 1043/4/2
f 875/1/2 1043/4/2 1051/2/2
f 883/4/2 1051/1/2 1059/3/2
f 891/1/2 1059/4/2 1068/2/2
f 901/2/2 1068/3/2 1076/1/2
f 1076/3/4 1077/1/4 909/4/4
f 1077/3/4 1078/1/4 910/4/4
f 926/1/2 1094/4/2 1093/2/2
f 927/1/3 1095/4/3 1094/2/3
f 928/1/3 1096/4/3 1095/2/3
f 929/1/3 1097/4/3 1096/2/3
f 930/1/3 1098/4/3 1097/2/3
f 931/1/3 1099/4/3 1098/2/3
f 932/1/3 1100/4/3 1099/2/3
f 933/1/3 1101/4/3 1100/2/3
f 934/1/3 1102/4/3 1101/2/3
f 925/1/2 1093/4/2 1110/2/2
f 946/3/2 1110/2/2 1113/4/2
f 949/1/2 1113/4/2 1115/2/2
f 951/1/2 1115/4/2 1117/2/2
f 953/2/2 1117/3/2 1119/1/2
f 1120/3/4 1121/1/4 965/4/4
f 1121/3/4 1122/1/4 967/4/4
f 955/2/2 1119/3/2 1128/1/2
f 1129/1/5 1120/3/5 964/2/5
f 1130/3/4 1129/1/4 963/4/4
f 961/3/2 1128/2/2 1138/4/2
f 1139/3/5 1130/1/5 962/4/5
f 976/4/2 1138/1/2 1153/3/2
f 1154/1/5 1139/3/5 977/2/5
f 984/4/2 1153/1/2 1179/3/2
f 1180/1/5 1154/3/5 985/2/5
f 995/3/2 1179/2/2 1189/4/2
f 1002/1/3 1190/4/3 1180/2/3
f 1004/1/1 1005/4/1 1002/2/1
f 1005/1/3 1191/4/3 1190/2/3
f 997/1/3 1181/4/3 1191/2/3
f 1001/3/2 1189/2/2 1197/4/2
f 1013/2/2 1197/3/2 1202/1/2
f 1018/2/2 1202/3/2 1208/1/2
f 1024/2/2 1208/3/2 1214/1/2
f 1030/1/2 1214/4/2 1221/2/2
f 1037/3/2 1221/2/2 1227/4/2
f 1043/2/2 1227/3/2 1234/1/2
f 1051/4/2 1234/1/2 1240/3/2
f 1059/4/2 1240/1/2 1249/3/2
f 1068/4/2 1249/1/2 1257/3/2
f 1257/3/4 1258/1/4 1077/4/4
f 1258/3/4 1259/1/4 1078/4/4
f 1259/3/4 1260/1/4 1079/4/4
f 1094/1/2 1275/4/2 1274/2/2
f 1095/1/3 1276/4/3 1275/2/3
f 1096/1/3 1277/4/3 1276/2/3
f 1097/1/3 1278/4/3 1277/2/3
f 1098/1/3 1279/4/3 1278/2/3
f 1099/1/3 1280/4/3 1279/2/3
f 1100/1/3 1281/4/3 1280/2/3
f 1101/1/3 1282/4/3 1281/2/3
f 1102/1/3 1283/4/3 1282/2/3
f 1103/1/3 1284/4/3 1283/2/3
f 1104/1/3 1285/4/3 1284/2/3
f 1093/4/2 1274/1/2 1291/3/2
f 1110/2/2 1291/3/2 1293/1/2
f 1113/1/2 1293/4/2 1297/2/2
f 1115/4/2 1297/1/2 1299/3/2
f 1117/3/2 1299/2/2 1301/4/2
f 1303/3/6 1304/1/6 1305/4/6
f 1302/3/4 1305/1/4 1121/4/4
f 1304/3/6 1306/1/6 1307/4/6
f 1305/3/4 1307/1/4 1122/4/4
f 1119/3/2 1301/2/2 1313/4/2
f 1314/1/5 1302/3/5 1120/2/5
f 1315/3/4 1314/1/4 1129/4/4
f 1128/3/2 1313/2/2 1332/4/2
f 1333/4/5 1315/2/5 1130/3/5
f 1138/3/2 1332/2/2 1347/4/2
f 1348/3/5 1333/1/5 1139/4/5
f 1153/3/2 1347/2/2 1359/4/2
f 1360/4/5 1348/2/5 1154/3/5
f 1179/3/2 1359/2/2 1366/4/2
f 1190/1/3 1367/4/3 1360/2/3
f 1191/1/3 1368/4/3 1367/2/3
f 1181/1/3 1361/4/3 1368/2/3
f 1189/3/2 1366/2/2 1376/4/2
f 1378/3/6 1379/1/6 1380/4/6
f 1379/3/6 1381/1/6 1382/4/6
f 1197/1/2 1376/4/2 1387/2/2
f 1377/3/6 1380/1/6 1389/4/6
f 1380/3/6 1382/1/6 1390/4/6
f 1202/1/2 1387/4/2 1396/2/2
f 1208/2/2 1396/3/2 1402/1/2
f 1214/3/2 1402/2/2 1408/4/2
f 1221/4/2 1408/1/2 1416/3/2
f 1227/1/2 1416/4/2 1422/2/2
f 1234/3/2 1422/2/2 1430/4/2
f 1240/4/2 1430/1/2 1437/3/2
f 1249/1/2 1437/4/2 1445/2/2
f 1445/3/4 1446/1/4 1258/4/4
f 1446/3/4 1447/1/4 1259/4/4
f 1447/3/4 1448/1/4 1260/4/4
f 1448/3/4 1449/1/4 1261/4/4
f 1275/4/2 1463/1/2 1462/3/2
f 1276/1/3 1464/4/3 1463/2/3
f 1277/1/3 1465/4/3 1464/2/3
f 1278/1/3 1466/4/3 1465/2/3
f 1279/1/3 1467/4/3 1466/2/3
f 1280/1/3 1468/4/3 1467/2/3
f 1281/1/3 1469/4/3 1468/2/3
f 1282/1/3 1470/4/3 1469/2/3
f 1283/1/3 1471/4/3 1470/2/3
f 1284/1/3 1472/4/3 1471/2/3
f 1285/1/3 1473/4/3 1472/2/3
f 1274/3/2 1462/2/2 1479/4/2
f 1291/4/2 1479/1/2 1481/3/2
f 1293/4/2 1481/1/2 1484/3/2
f 1297/4/2 1484/1/2 1486/3/2
f 1487/3/4 1488/1/4 1304/4/4
f 1488/3/4 1489/1/4 1306/4/4
f 1299/4/2 1486/1/2 1491/3/2
f 1493/3/6 1487/1/6 1494/4/6
f 1494/1/5 1487/3/5 1303/2/5
f 1301/1/2 1491/4/2 1502/2/2
f 1492/3/6 1494/1/6 1504/4/6
f 1504/1/5 1494/3/5 1302/2/5
f 1503/3/4 1504/1/4 1314/4/4
f 1313/1/2 1502/4/2 1509/2/2
f 1510/4/5 1503/2/5 1315/3/5
f 1332/1/2 1509/4/2 1523/2/2
f 1524/2/5 1510/4/5 1333/1/5
f 1347/1/2 1523/4/2 1537/2/2
f 1367/1/1 1538/4/1 1348/2/1
f 1538/1/3 1539/4/3 1524/2/3
f 1540/2/5 1539/4/5 1538/1/5
f 1359/2/2 1537/3/2 1552/1/2
f 1554/3/6 1555/1/6 1556/4/6
f 1553/3/4 1556/1/4 1379/4/4
f 1555/3/6 1540/1/6 1557/4/6
f 1556/3/4 1557/1/4 1381/4/4
f 1368/1/3 1558/4/3 1540/2/3
f 1361/1/3 1541/4/3 1558/2/3
f 1366/2/2 1552/3/2 1566/1/2
f 1567/3/5 1553/1/5 1378/4/5
f 1381/2/2 1557/3/2 1568/1/2
f 1376/1/2 1566/4/2 1577/2/2
f 1578/1/5 1567/3/5 1377/2/5
f 1382/1/2 1568/4/2 1579/2/2
f 1387/3/2 1577/2/2 1589/4/2
f 1389/1/3 1590/4/3 1578/2/3
f 1390/1/3 1579/4/3 1590/2/3
f 1396/3/2 1589/2/2 1596/4/2
f 1402/1/2 1596/4/2 1602/2/2
f 1408/1/2 1602/4/2 1609/2/2
f 1416/4/2 1609/1/2 1615/3/2
f 1422/1/2 1615/4/2 1621/2/2
f 1430/1/2 1621/4/2 1629/2/2
f 1437/3/2 1629/2/2 1637/4/2
f 1637/3/4 1638/1/4 1446/4/4
f 1638/3/4 1639/1/4 1447/4/4
f 1639/3/4 1640/1/4 1448/4/4
f 1640/3/4 1641/1/4 1449/4/4
f 1641/3/4 1642/1/4 1450/4/4
f 1463/2/2 1655/3/2 1654/1/2
f 1464/1/3 1656/4/3 1655/2/3
f 1465/1/3 1657/4/3 1656/2/3
f 1466/1/3 1658/4/3 1657/2/3
f 1467/1/3 1659/4/3 1658/2/3
f 1468/1/3 1660/4/3 1659/2/3
f 1469/1/3 1661/4/3 1660/2/3
f 1470/1/3 1662/4/3 1661/2/3
f 1471/1/3 1663/4/3 1662/2/3
f 1472/1/3 1664/4/3 1663/2/3
f 1473/1/3 1665/4/3 1664/2/3
f 1462/2/2 1654/3/2 1671/1/2
f 1479/3/2 1671/2/2 1673/4/2
f 1481/3/2 1673/2/2 1676/4/2
f 1678/3/6 1679/1/6 1680/4/6
f 1484/1/2 1676/4/2 1682/2/2
f 1684/3/6 1677/1/6 1685/4/6
f 1683/3/4 1685/1/4 1487/4/4
f 1677/3/6 1680/1/6 1686/4/6
f 1685/3/4 1686/1/4 1488/4/4
f 1680/3/6 1687/1/6 1688/4/6
f 1686/3/4 1688/1/4 1489/4/4
f 1486/2/2 1682/3/2 1690/1/2
f 1691/1/5 1683/3/5 1493/2/5
f 1491/4/2 1690/1/2 1696/3/2
f 1697/2/5 1691/4/5 1492/1/5
f 1502/1/2 1696/4/2 1704/2/2
f 1705/2/5 1697/4/5 1503/1/5
f 1509/2/2 1704/3/2 1716/1/2
f 1539/1/1 1717/4/1 1510/2/1
f 1717/1/3 1718/4/3 1705/2/3
f 1719/1/5 1718/3/5 1717/2/5
f 1523/4/2 1716/1/2 1726/3/2
f 1727/3/4 1728/1/4 1555/4/4
f 1728/3/4 1729/1/4 1540/4/4
f 1558/1/1 1730/4/1 1539/2/1
f 1730/1/3 1731/4/3 1719/2/3
f 1541/1/1 1542/4/1 1730/2/1
f 1542/1/3 1732/4/3 1731/2/3
f 1537/4/2 1726/1/2 1749/3/2
f 1750/1/5 1727/3/5 1554/2/5
f 1540/3/2 1729/2/2 1751/4/2
f 1552/1/2 1749/4/2 1762/2/2
f 1763/3/5 1750/1/5 1553/4/5
f 1557/3/2 1751/2/2 1764/4/2
f 1566/1/2 1762/4/2 1774/2/2
f 1775/1/5 1763/3/5 1567/2/5
f 1568/1/2 1764/4/2 1776/2/2
f 1577/3/2 1774/2/2 1782/4/2
f 1590/1/3 1783/4/3 1775/2/3
f 1579/1/3 1776/4/3 1783/2/3
f 1589/2/2 1782/3/2 1793/1/2
f 1596/3/2 1793/2/2 1799/4/2
f 1602/4/2 1799/1/2 1805/3/2
f 1609/3/2 1805/2/2 1812/4/2
f 1615/2/2 1812/3/2 1820/1/2
f 1621/3/2 1820/2/2 1826/4/2
f 1629/3/2 1826/2/2 1834/4/2
f 1834/3/4 1835/1/4 1638/4/4
f 1835/3/4 1836/1/4 1639/4/4
f 1836/3/4 1837/1/4 1640/4/4
f 1837/3/4 1838/1/4 1641/4/4
f 1838/3/4 1839/1/4 1642/4/4
f 1839/3/4 1840/1/4 1643/4/4
f 1655/4/2 1852/1/2 1851/3/2
f 1656/1/3 1853/4/3 1852/2/3
f 1657/1/3 1854/4/3 1853/2/3
f 1658/1/3 1855/4/3 1854/2/3
f 1659/1/3 1856/4/3 1855/2/3
f 1660/1/3 1857/4/3 1856/2/3
f 1661/1/3 1858/4/3 1857/2/3
f 1662/1/3 1859/4/3 1858/2/3
f 1858/3/6 1859/1/6 1861/4/6
f 1663/1/3 1862/4/3 1859/2/3
f 1859/3/6 1862/1/6 1863/4/6
f 1664/1/3 1864/4/3 1862/2/3
f 1862/3/6 1864/1/6 1865/4/6
f 1665/1/3 1866/4/3 1864/2/3
f 1654/2/2 1851/3/2 1872/1/2
f 1860/3/6 1861/1/6 1874/4/6
f 1861/3/6 1863/1/6 1875/4/6
f 1863/3/6 1865/1/6 1876/4/6
f 1671/4/2 1872/1/2 1878/3/2
f 1873/3/6 1874/1/6 1880/4/6
f 1874/3/6 1875/1/6 1881/4/6
f 1880/3/4 1881/1/4 1679/4/4
f 1875/3/6 1876/1/6 1882/4/6
f 1673/1/2 1878/4/2 1885/2/2
f 1879/3/6 1880/1/6 1887/4/6
f 1887/2/5 1880/4/5 1678/1/5
f 1886/3/4 1887/1/4 1677/4/4
f 1679/2/2 1881/3/2 1888/1/2
f 1881/3/6 1882/1/6 1889/4/6
f 1888/3/4 1889/1/4 1687/4/4
f 1676/3/2 1885/2/2 1891/4/2
f 1892/1/5 1886/3/5 1684/2/5
f 1682/4/2 1891/1/2 1897/3/2
f 1898/2/5 1892/4/5 1683/1/5
f 1690/4/2 1897/1/2 1901/3/2
f 1902/4/5 1898/2/5 1691/3/5
f 1696/4/2 1901/1/2 1905/3/2
f 1906/4/5 1902/2/5 1697/3/5
f 1704/2/2 1905/3/2 1913/1/2
f 1718/1/3 1914/4/3 1906/2/3
f 1915/1/5 1914/3/5 1718/2/5
f 1716/4/2 1913/1/2 1930/3/2
f 1931/3/4 1932/1/4 1728/4/4
f 1932/3/4 1933/1/4 1729/4/4
f 1731/1/3 1934/4/3 1915/2/3
f 1732/1/3 1917/4/3 1934/2/3
f 1726/3/2 1930/2/2 1940/4/2
f 1942/3/6 1931/1/6 1943/4/6
f 1943/4/5 1931/2/5 1727/3/5
f 1729/3/2 1933/2/2 1944/4/2
f 1749/3/2 1940/2/2 1958/4/2
f 1941/3/6 1943/1/6 1960/4/6
f 1960/4/5 1943/2/5 1750/3/5
f 1751/2/2 1944/3/2 1961/1/2
f 1959/3/6 1960/1/6 1969/4/6
f 1969/1/5 1960/3/5 1763/2/5
f 1764/2/2 1961/3/2 1970/1/2
f 1783/1/3 1981/4/3 1969/2/3
f 1776/1/3 1970/4/3 1981/2/3
f 1782/4/2 1980/1/2 1987/3/2
f 1793/4/2 1987/1/2 1993/3/2
f 1799/3/2 1993/2/2 1999/4/2
f 1805/3/2 1999/2/2 2005/4/2
f 1812/3/2 2005/2/2 2011/4/2
f 1820/1/2 2011/4/2 2019/2/2
f 1826/4/2 2019/1/2 2025/3/2
f 2025/3/4 2026/1/4 1835/4/4
f 2026/3/4 2027/1/4 1836/4/4
f 2027/3/4 2028/1/4 1837/4/4
f 2028/3/4 2029/1/4 1838/4/4
f 2029/3/4 2030/1/4 1839/4/4
f 2030/3/4 2031/1/4 1840/4/4
f 2031/3/4 2032/1/4 1841/4/4
f 1852/1/2 2043/4/2 2042/2/2
f 1853/1/3 2044/4/3 2043/2/3
f 1854/1/3 2045/4/3 2044/2/3
f 1855/1/3 2046/4/3 2045/2/3
f 1856/1/3 2047/4/3 2046/2/3
f 1857/1/3 2048/4/3 2047/2/3
f 1858/1/3 2049/4/3 2048/2/3
f 2050/2/5 2049/4/5 1858/1/5
f 1864/2/2 2052/3/2 2051/1/2
f 1866/1/3 2053/4/3 2052/2/3
f 1851/3/2 2042/2/2 2059/4/2
f 2060/4/5 2050/2/5 1860/3/5
f 1865/3/2 2051/2/2 2061/4/2
f 1872/1/2 2059/4/2 2063/2/2
f 2064/4/5 2060/2/5 1873/3/5
f 1876/2/2 2061/3/2 2065/1/2
f 1878/1/2 2063/4/2 2068/2/2
f 2069/4/5 2064/2/5 1879/3/5
f 1885/4/2 2068/1/2 2073/3/2
f 2074/3/5 2069/1/5 1886/4/5
f 1891/3/2 2073/2/2 2077/4/2
f 2078/1/5 2074/3/5 1892/2/5
f 1897/2/2 2077/3/2 2081/1/2
f 2082/2/5 2078/4/5 1898/1/5
f 1901/1/2 2081/4/2 2085/2/2
f 2086/1/5 2082/3/5 1902/2/5
f 1905/3/2 2085/2/2 2095/4/2
f 1914/1/3 2096/4/3 2086/2/3
f 1934/1/1 2097/4/1 1914/2/1
f 2097/1/3 2098/4/3 2096/2/3
f 1917/1/1 1918/4/1 2097/2/1
f 1918/1/3 2088/4/3 2098/2/3
f 1913/2/2 2095/3/2 2107/1/2
f 2108/3/4 2109/1/4 1931/4/4
f 2109/3/4 2110/1/4 1932/4/4
f 2110/3/4 2111/1/4 1933/4/4
f 1930/3/2 2107/2/2 2126/4/2
f 2127/4/5 2108/2/5 1942/3/5
f 1933/2/2 2111/3/2 2128/1/2
f 1940/4/2 2126/1/2 2138/3/2
f 2139/3/5 2127/1/5 1941/4/5
f 1944/1/2 2128/4/2 2140/2/2
f 2156/3/5 2139/1/5 1959/4/5
f 1961/4/2 2140/1/2 2157/3/2
f 1969/1/3 2165/4/3 2156/2/3
f 1981/1/3 2166/4/3 2165/2/3
f 1970/1/3 2157/4/3 2166/2/3
f 1980/4/2 2164/1/2 2170/3/2
f 1987/1/2 2170/4/2 2173/2/2
f 1993/4/2 2173/1/2 2177/3/2
f 1999/2/2 2177/3/2 2183/1/2
f 2005/3/2 2183/2/2 2189/4/2
f 2011/1/2 2189/4/2 2195/2/2
f 2019/1/2 2195/4/2 2203/2/2
f 2203/3/4 2204/1/4 2026/4/4
f 2204/3/4 2205/1/4 2027/4/4
f 2205/3/4 2206/1/4 2028/4/4
f 2206/3/4 2207/1/4 2029/4/4
f 2207/3/4 2208/1/4 2030/4/4
f 2208/3/4 2209/1/4 2031/4/4
f 2209/3/4 2210/1/4 2032/4/4
f 2043/2/2 2221/3/2 2220/1/2
f 2044/1/3 2222/4/3 2221/2/3
f 2045/1/3 2223/4/3 2222/2/3
f 2046/1/3 2224/4/3 2223/2/3
f 2047/1/3 2225/4/3 2224/2/3
f 2048/1/3 2226/4/3 2225/2/3
f 2049/1/3 2227/4/3 2226/2/3
f 2228/3/5 2227/1/5 2049/4/5
f 2052/4/2 2230/1/2 2229/3/2
f 2053/1/3 2231/4/3 2230/2/3
f 2042/4/2 2220/1/2 2237/3/2
f 2238/2/5 2228/4/5 2050/1/5
f 2051/2/2 2229/3/2 2239/1/2
f 2059/4/2 2237/1/2 2241/3/2
f 2242/1/5 2238/3/5 2060/2/5
f 2061/4/2 2239/1/2 2243/3/2
f 2063/3/2 2241/2/2 2246/4/2
f 2247/3/5 2242/1/5 2064/4/5
f 2068/2/2 2246/3/2 2251/1/2
f 2252/1/5 2247/3/5 2069/2/5
f 2073/4/2 2251/1/2 2255/3/2
f 2256/2/5 2252/4/5 2074/1/5
f 2077/2/2 2255/3/2 2259/1/2
f 2260/1/5 2256/3/5 2078/2/5
f 2081/2/2 2259/3/2 2265/1/2
f 2096/1/1 2266/4/1 2082/2/1
f 2266/1/3 2267/4/3 2260/2/3
f 2098/1/1 2268/4/1 2266/2/1
f 2268/1/3 2269/4/3 2267/2/3
f 2088/1/1 2089/4/1 2268/2/1
f 2089/1/3 2262/4/3 2269/2/3
f 2085/3/2 2265/2/2 2275/4/2
f 2287/3/6 2288/1/6 2289/4/6
f 2286/3/4 2289/1/4 2109/4/4
f 2288/3/6 2290/1/6 2291/4/6
f 2289/3/4 2291/1/4 2110/4/4
f 2291/3/4 2292/1/4 2111/4/4
f 2299/4/5 2286/2/5 2108/3/5
f 2111/3/2 2292/2/2 2300/4/2
f 2313/4/5 2299/2/5 2127/3/5
f 2321/1/5 2313/3/5 2139/2/5
f 2165/1/3 2331/4/3 2321/2/3
f 2166/1/3 2332/4/3 2331/2/3
f 2157/1/3 2322/4/3 2332/2/3
f 2164/2/2 2330/3/2 2336/1/2
f 2170/3/2 2336/2/2 2338/4/2
f 2173/2/2 2338/3/2 2340/1/2
f 2177/4/2 2340/1/2 2344/3/2
f 2183/2/2 2344/3/2 2350/1/2
f 2189/1/2 2350/4/2 2356/2/2
f 2195/1/2 2356/4/2 2362/2/2
f 2362/3/4 2363/1/4 2204/4/4
f 2363/3/4 2364/1/4 2205/4/4
f 2364/3/4 2365/1/4 2206/4/4
f 2365/3/4 2366/1/4 2207/4/4
f 2366/3/4 2367/1/4 2208/4/4
f 2367/3/4 2368/1/4 2209/4/4
f 2368/3/4 2369/1/4 2210/4/4
f 2369/3/4 2370/1/4 2211/4/4
f 2221/2/2 2380/3/2 2379/1/2
f 2222/1/3 2381/4/3 2380/2/3
f 2223/1/3 2382/4/3 2381/2/3
f 2224/1/3 2383/4/3 2382/2/3
f 2225/1/3 2384/4/3 2383/2/3
f 2226/1/3 2385/4/3 2384/2/3
f 2227/1/3 2386/4/3 2385/2/3
f 2387/4/5 2386/2/5 2227/3/5
f 2230/3/2 2389/2/2 2388/4/2
f 2231/1/3 2390/4/3 2389/2/3
f 2220/4/2 2379/1/2 2396/3/2
f 2397/4/5 2387/2/5 2228/3/5
f 2229/3/2 2388/2/2 2398/4/2
f 2237/4/2 2396/1/2 2400/3/2
f 2401/4/5 2397/2/5 2238/3/5
f 2239/2/2 2398/3/2 2402/1/2
f 2241/1/2 2400/4/2 2405/2/2
f 2406/2/5 2401/4/5 2242/1/5
f 2246/2/2 2405/3/2 2409/1/2
f 2410/3/5 2406/1/5 2247/4/5
f 2251/3/2 2409/2/2 2414/4/2
f 2415/4/5 2410/2/5 2252/3/5
f 2255/4/2 2414/1/2 2418/3/2
f 2267/1/1 2419/4/1 2256/2/1
f 2419/1/3 2420/4/3 2415/2/3
f 2269/1/1 2421/4/1 2419/2/1
f 2421/1/3 2422/4/3 2420/2/3
f 2262/1/1 2263/4/1 2421/2/1
f 2263/1/3 2416/4/3 2422/2/3
f 2259/1/2 2418/4/2 2424/2/2
f 2265/2/2 2424/3/2 2430/1/2
f 2431/3/4 2432/1/4 2288/4/4
f 2432/3/4 2433/1/4 2290/4/4
f 2275/1/2 2430/4/2 2437/2/2
f 2438/2/5 2431/4/5 2287/1/5
f 2290/3/2 2433/2/2 2439/4/2
f 2439/3/4 2440/1/4 2292/4/4
f 2285/4/2 2437/1/2 2450/3/2
f 2451/1/5 2438/3/5 2286/2/5
f 2460/4/5 2451/2/5 2299/3/5
f 2469/2/5 2460/4/5 2313/1/5
f 2331/1/3 2477/4/3 2469/2/3
f 2332/1/3 2471/4/3 2477/2/3
f 2330/1/2 2476/4/2 2481/2/2
f 2336/2/2 2481/3/2 2491/1/2
f 2338/2/2 2491/3/2 2497/1/2
f 2340/2/2 2497/3/2 2503/1/2
f 2344/1/2 2503/4/2 2506/2/2
f 2350/2/2 2506/3/2 2509/1/2
f 2356/3/2 2509/2/2 2521/4/2
f 2521/3/4 2522/1/4 2363/4/4
f 2522/3/4 2523/1/4 2364/4/4
f 2523/3/4 2524/1/4 2365/4/4
f 2524/3/4 2525/1/4 2366/4/4
f 2525/3/4 2526/1/4 2367/4/4
f 2526/3/4 2527/1/4 2368/4/4
f 2527/3/4 2528/1/4 2369/4/4
f 2528/3/4 2529/1/4 2370/4/4
f 2380/1/2 2543/4/2 2542/2/2
f 2381/1/3 2544/4/3 2543/2/3
f 2382/1/3 2545/4/3 2544/2/3
f 2383/1/3 2546/4/3 2545/2/3
f 2384/1/3 2547/4/3 2546/2/3
f 2385/1/3 2548/4/3 2547/2/3
f 2386/1/3 2549/4/3 2548/2/3
f 2550/3/5 2549/1/5 2386/4/5
f 2388/1/1 2389/4/1 2551/2/1
f 2551/1/2 2554/4/2 2553/2/2
f 2389/1/3 2555/4/3 2554/2/3
f 2390/1/3 2556/4/3 2555/2/3
f 2379/2/2 2542/3/2 2562/1/2
f 2563/2/5 2550/4/5 2387/1/5
f 2398/1/1 2388/4/1 2552/2/1
f 2552/3/2 2553/2/2 2565/4/2
f 2396/1/2 2562/4/2 2567/2/2
f 2568/2/5 2563/4/5 2397/1/5
f 2402/1/1 2398/4/1 2564/2/1
f 2564/2/2 2565/3/2 2570/1/2
f 2400/2/2 2567/3/2 2572/1/2
f 2573/1/1 2574/4/1 2401/2/1
f 2574/1/3 2575/4/3 2568/2/3
f 2576/3/5 2575/1/5 2574/4/5
f 2407/1/1 2402/4/1 2569/2/1
f 2569/3/2 2570/2/2 2578/4/2
f 2405/1/2 2572/4/2 2582/2/2
f 2583/1/1 2573/4/1 2406/2/1
f 2584/3/5 2576/1/5 2573/4/5
f 2412/1/1 2407/4/1 2577/2/1
f 2577/4/2 2578/1/2 2586/3/2
f 2409/2/2 2582/3/2 2588/1/2
f 2420/1/1 2583/4/1 2410/2/1
f 2422/1/1 2585/4/1 2583/2/1
f 2585/1/3 2586/4/3 2584/2/3
f 2416/1/1 2412/4/1 2585/2/1
f 2414/3/2 2588/2/2 2590/4/2
f 2418/1/2 2590/4/2 2592/2/2
f 2424/4/2 2592/1/2 2594/3/2
f 2595/3/4 2596/1/4 2432/4/4
f 2596/3/4 2597/1/4 2433/4/4
f 2430/2/2 2594/3/2 2603/1/2
f 2605/3/6 2595/1/6 2606/4/6
f 2606/1/5 2595/3/5 2431/2/5
f 2604/3/6 2606/1/6 2614/4/6
f 2614/3/5 2606/1/5 2438/4/5
f 2613/3/6 2614/1/6 2621/4/6
f 2621/3/5 2614/1/5 2451/4/5
f 2627/1/5 2621/3/5 2460/2/5
f 2477/1/3 2634/4/3 2627/2/3
f 2471/1/3 2628/4/3 2634/2/3
f 2476/2/2 2633/3/2 2642/1/2
f 2481/2/2 2642/3/2 2646/1/2
f 2491/4/2 2646/1/2 2658/3/2
f 2497/1/2 2658/4/2 2662/2/2
f 2503/4/2 2662/1/2 2668/3/2
f 2506/4/2 2668/1/2 2676/3/2
f 2509/2/2 2676/3/2 2680/1/2
f 2680/3/4 2681/1/4 2522/4/4
f 2681/3/4 2682/1/4 2523/4/4
f 2682/3/4 2683/1/4 2524/4/4
f 2683/3/4 2684/1/4 2525/4/4
f 2684/3/4 2685/1/4 2526/4/4
f 2685/3/4 2686/1/4 2527/4/4
f 2686/3/4 2687/1/4 2528/4/4
f 2687/3/4 2688/1/4 2529/4/4
f 2688/3/4 2689/1/4 2530/4/4
f 2543/3/2 2710/2/2 2709/4/2
f 2544/1/3 2711/4/3 2710/2/3
f 2545/1/3 2712/4/3 2711/2/3
f 2546/1/3 2713/4/3 2712/2/3
f 2547/1/3 2714/4/3 2713/2/3
f 2548/1/3 2715/4/3 2714/2/3
f 2549/1/3 2716/4/3 2715/2/3
f 2717/1/1 2718/4/1 2549/2/1
f 2718/1/3 2719/4/3 2716/2/3
f 2553/1/1 2554/4/1 2718/2/1
f 2554/1/3 2720/4/3 2719/2/3
f 2555/1/3 2721/4/3 2720/2/3
f 2556/1/3 2722/4/3 2721/2/3
f 2542/3/2 2709/2/2 2728/4/2
f 2729/1/1 2717/4/1 2550/2/1
f 2565/1/1 2553/4/1 2717/2/1
f 2562/1/2 2728/4/2 2731/2/2
f 2575/1/1 2729/4/1 2563/2/1
f 2570/1/1 2565/4/1 2729/2/1
f 2567/1/2 2731/4/2 2733/2/2
f 2578/1/1 2570/4/1 2575/2/1
f 2572/3/2 2733/2/2 2735/4/2
f 2586/1/1 2578/4/1 2576/2/1
f 2582/1/2 2735/4/2 2739/2/2
f 2588/2/2 2739/3/2 2741/1/2
f 2590/3/2 2741/2/2 2759/4/2
f 2592/2/2 2759/3/2 2769/1/2
f 2770/3/4 2771/1/4 2595/4/4
f 2772/3/6 2773/1/6 2774/4/6
f 2771/3/4 2774/1/4 2596/4/4
f 2774/3/4 2775/1/4 2597/4/4
f 2594/2/2 2769/3/2 2785/1/2
f 2786/2/5 2770/4/5 2605/1/5
f 2597/4/2 2775/1/2 2787/3/2
f 2787/3/4 2788/1/4 2608/4/4
f 2791/2/5 2786/4/5 2604/1/5
f 2795/2/5 2791/4/5 2613/1/5
f 2622/1/1 2615/4/1 2796/2/1
f 2796/4/2 2798/1/2 2797/3/2
f 2615/1/3 2792/4/3 2798/2/3
f 2621/1/3 2801/4/3 2795/2/3
f 2802/3/5 2801/1/5 2621/4/5
f 2628/1/1 2629/4/1 2803/2/1
f 2803/4/2 2805/1/2 2804/3/2
f 2629/1/3 2797/4/3 2805/2/3
f 2634/1/3 2804/4/3 2802/2/3
f 2633/1/2 2807/4/2 2813/2/2
f 2642/3/2 2813/2/2 2823/4/2
f 2646/3/2 2823/2/2 2843/4/2
f 2658/4/2 2843/1/2 2853/3/2
f 2662/1/2 2853/4/2 2857/2/2
f 2668/4/2 2857/1/2 2863/3/2
f 2676/4/2 2863/1/2 2875/3/2
f 2875/3/4 2876/1/4 2681/4/4
f 2876/3/4 2877/1/4 2682/4/4
f 2877/3/4 2878/1/4 2683/4/4
f 2878/3/4 2879/1/4 2684/4/4
f 2879/3/4 2880/1/4 2685/4/4
f 2880/3/4 2881/1/4 2686/4/4
f 2881/3/4 2882/1/4 2687/4/4
f 2882/3/4 2883/1/4 2688/4/4
f 2883/3/4 2884/1/4 2689/4/4
f 2710/4/2 2895/1/2 2894/3/2
f 2711/1/3 2896/4/3 2895/2/3
f 2712/1/3 2897/4/3 2896/2/3
f 2713/1/3 2898/4/3 2897/2/3
f 2714/1/3 2899/4/3 2898/2/3
f 2715/1/3 2900/4/3 2899/2/3
f 2716/1/3 2901/4/3 2900/2/3
f 2719/1/3 2902/4/3 2901/2/3
f 2720/1/3 2903/4/3 2902/2/3
f 2721/1/3 2904/4/3 2903/2/3
f 2722/1/3 2905/4/3 2904/2/3
f 2709/1/2 2894/4/2 2927/2/2
f 2728/2/2 2927/3/2 2937/1/2
f 2731/2/2 2937/3/2 2939/1/2
f 2733/3/2 2939/2/2 2941/4/2
f 2735/3/2 2941/2/2 2944/4/2
f 2739/4/2 2944/1/2 2958/3/2
f 2741/2/2 2958/3/2 2964/1/2
f 2965/3/4 2966/1/4 2773/4/4
f 2759/1/2 2964/4/2 2988/2/2
f 2990/3/6 2965/1/6 2991/4/6
f 2991/2/5 2965/4/5 2772/1/5
f 2989/3/4 2991/1/4 2771/4/4
f 2773/1/2 2966/4/2 2992/2/2
f 2992/3/4 2993/1/4 2775/4/4
f 2769/2/2 2988/3/2 2999/1/2
f 3001/3/6 2989/1/6 3002/4/6
f 3002/3/5 2989/1/5 2770/4/5
f 2775/4/2 2993/1/2 3003/3/2
f 3003/3/4 3004/1/4 2788/4/4
f 3000/3/6 3002/1/6 3018/4/6
f 3018/2/5 3002/4/5 2786/1/5
f 3023/3/5 3018/1/5 2791/4/5
f 2798/2/2 3025/3/2 3024/1/2
f 2792/1/3 3019/4/3 3025/2/3
f 2801/1/3 3028/4/3 3023/2/3
f 2804/1/1 2805/4/1 2801/2/1
f 2805/1/3 3029/4/3 3028/2/3
f 2797/1/3 3024/4/3 3029/2/3
f 2800/2/2 3027/3/2 3031/1/2
f 2807/3/2 3031/2/2 3037/4/2
f 2813/1/2 3037/4/2 3041/2/2
f 2823/2/2 3041/3/2 3049/1/2
f 2843/2/2 3049/3/2 3053/1/2
f 2853/3/2 3053/2/2 3059/4/2
f 2857/3/2 3059/2/2 3062/4/2
f 2863/3/2 3062/2/2 3069/4/2
f 3069/3/4 3070/1/4 2876/4/4
f 3070/3/4 3071/1/4 2877/4/4
f 3071/3/4 3072/1/4 2878/4/4
f 3072/3/4 3073/1/4 2879/4/4
f 3073/3/4 3074/1/4 2880/4/4
f 3074/3/4 3075/1/4 2881/4/4
f 3075/3/4 3076/1/4 2882/4/4
f 3076/3/4 3077/1/4 2883/4/4
f 3077/3/4 3078/1/4 2884/4/4
f 3078/3/4 3079/1/4 2885/4/4
f 2895/1/2 3101/4/2 3100/2/2
f 2896/1/3 3102/4/3 3101/2/3
f 2897/1/3 3103/4/3 3102/2/3
f 2898/1/3 3104/4/3 3103/2/3
f 2899/1/3 3105/4/3 3104/2/3
f 2900/1/3 3106/4/3 3105/2/3
f 2901/1/3 3107/4/3 3106/2/3
f 2902/1/3 3108/4/3 3107/2/3
f 2903/1/3 3109/4/3 3108/2/3
f 2904/1/3 3110/4/3 3109/2/3
f 2905/1/3 3111/4/3 3110/2/3
f 2894/4/2 3100/1/2 3141/3/2
f 2927/3/2 3141/2/2 3147/4/2
f 2937/4/2 3147/1/2 3157/3/2
f 2939/2/2 3157/3/2 3159/1/2
f 2941/1/2 3159/4/2 3161/2/2
f 2944/3/2 3161/2/2 3173/4/2
f 2958/2/2 3173/3/2 3191/1/2
f 3192/3/4 3193/1/4 2965/4/4
f 3193/3/4 3194/1/4 2966/4/4
f 2964/1/2 3191/4/2 3204/2/2
f 3205/1/5 3192/3/5 2990/2/5
f 3206/3/4 3205/1/4 2989/4/4
f 2966/3/2 3194/2/2 3207/4/2
f 3207/3/4 3208/1/4 2993/4/4
f 2988/2/2 3204/3/2 3228/1/2
f 3229/4/5 3206/2/5 3001/3/5
f 2999/1/2 3228/4/2 3242/2/2
f 3243/3/5 3229/1/5 3000/4/5
f 3016/4/2 3242/1/2 3251/3/2
f 3018/1/3 3252/4/3 3243/2/3
f 3243/3/6 3252/1/6 3254/4/6
f 3254/4/5 3252/2/5 3018/3/5
f 3022/3/2 3251/2/2 3259/4/2
f 3028/1/3 3260/4/3 3254/2/3
f 3029/1/3 3261/4/3 3260/2/3
f 3024/1/3 3255/4/3 3261/2/3
f 3027/4/2 3259/1/2 3263/3/2
f 3031/2/2 3263/3/2 3265/1/2
f 3037/1/2 3265/4/2 3271/2/2
f 3041/3/2 3271/2/2 3275/4/2
f 3049/2/2 3275/3/2 3281/1/2
f 3053/1/2 3281/4/2 3283/2/2
f 3059/3/2 3283/2/2 3286/4/2
f 3062/4/2 3286/1/2 3294/3/2
f 3294/3/4 3295/1/4 3070/4/4
f 3295/3/4 3296/1/4 3071/4/4
f 3296/3/4 3297/1/4 3072/4/4
f 3297/3/4 3298/1/4 3073/4/4
f 3298/3/4 3299/1/4 3074/4/4
f 3299/3/4 3300/1/4 3075/4/4
f 3300/3/4 3301/1/4 3076/4/4
f 3301/3/4 3302/1/4 3077/4/4
f 3302/3/4 3303/1/4 3078/4/4
f 3303/3/4 3304/1/4 3079/4/4
f 3101/2/2 3314/3/2 3313/1/2
f 3102/1/3 3315/4/3 3314/2/3
f 3103/1/3 3316/4/3 3315/2/3
f 3104/1/3 3317/4/3 3316/2/3
f 3105/1/3 3318/4/3 3317/2/3
f 3106/1/3 3319/4/3 3318/2/3
f 3107/1/3 3320/4/3 3319/2/3
f 3108/1/3 3321/4/3 3320/2/3
f 3109/1/3 3322/4/3 3321/2/3
f 3110/1/3 3323/4/3 3322/2/3
f 3111/1/3 3324/4/3 3323/2/3
f 3100/4/2 3313/1/2 3350/3/2
f 3141/3/2 3350/2/2 3370/4/2
f 3147/1/2 3370/4/2 3379/2/2
f 3157/1/2 3379/4/2 3382/2/2
f 3159/2/2 3382/3/2 3385/1/2
f 3161/4/2 3385/1/2 3396/3/2
f 3173/3/2 3396/2/2 3403/4/2
f 3404/3/4 3405/1/4 3193/4/4
f 3405/3/4 3406/1/4 3194/4/4
f 3191/2/2 3403/3/2 3422/1/2
f 3424/3/6 3404/1/6 3425/4/6
f 3425/2/5 3404/4/5 3192/1/5
f 3423/3/4 3425/1/4 3205/4/4
f 3194/3/2 3406/2/2 3426/4/2
f 3426/3/4 3427/1/4 3208/4/4
f 3204/1/2 3422/4/2 3439/2/2
f 3441/3/6 3423/1/6 3442/4/6
f 3442/1/5 3423/3/5 3206/2/5
f 3228/1/2 3439/4/2 3453/2/2
f 3440/3/6 3442/1/6 3455/4/6
f 3455/1/5 3442/3/5 3229/2/5
f 3242/4/2 3453/1/2 3462/3/2
f 3463/2/5 3455/4/5 3243/1/5
f 3251/1/2 3462/4/2 3471/2/2
f 3254/1/3 3472/4/3 3463/2/3
f 3260/1/3 3473/4/3 3472/2/3
f 3261/1/3 3474/4/3 3473/2/3
f 3255/1/3 3464/4/3 3474/2/3
f 3259/4/2 3471/1/2 3477/3/2
f 3263/2/2 3477/3/2 3479/1/2
f 3265/1/2 3479/4/2 3481/2/2
f 3271/2/2 3481/3/2 3485/1/2
f 3275/1/2 3485/4/2 3487/2/2
f 3281/4/2 3487/1/2 3489/3/2
f 3283/3/2 3489/2/2 3493/4/2
f 3286/2/2 3493/3/2 3495/1/2
f 3495/3/4 3496/1/4 3295/4/4
f 3496/3/4 3497/1/4 3296/4/4
f 3497/3/4 3498/1/4 3297/4/4
f 3498/3/4 3499/1/4 3298/4/4
f 3499/3/4 3500/1/4 3299/4/4
f 3500/3/4 3501/1/4 3300/4/4
f 3501/3/4 3502/1/4 3301/4/4
f 3502/3/4 3503/1/4 3302/4/4
f 3503/3/4 3504/1/4 3303/4/4
f 3504/3/4 3505/1/4 3304/4/4
f 3314/3/2 3518/2/2 3517/4/2
f 3315/1/3 3519/4/3 3518/2/3
f 3316/1/3 3520/4/3 3519/2/3
f 3317/1/3 3521/4/3 3520/2/3
f 3318/1/3 3522/4/3 3521/2/3
f 3319/1/3 3523/4/3 3522/2/3
f 3320/1/3 3524/4/3 3523/2/3
f 3321/1/3 3525/4/3 3524/2/3
f 3322/1/3 3526/4/3 3525/2/3
f 3323/1/3 3527/4/3 3526/2/3
f 3324/1/3 3528/4/3 3527/2/3
f 3313/2/2 3517/3/2 3552/1/2
f 3350/3/2 3552/2/2 3559/4/2
f 3370/4/2 3559/1/2 3571/3/2
f 3379/1/2 3571/4/2 3575/2/2
f 3382/2/2 3575/3/2 3578/1/2
f 3385/3/2 3578/2/2 3580/4/2
f 3396/4/2 3580/1/2 3591/3/2
f 3592/3/4 3593/1/4 3404/4/4
f 3593/3/4 3594/1/4 3405/4/4
f 3594/3/4 3595/1/4 3406/4/4
f 3403/4/2 3591/1/2 3606/3/2
f 3608/3/6 3592/1/6 3609/4/6
f 3609/3/5 3592/1/5 3424/4/5
f 3607/3/4 3609/1/4 3423/4/4
f 3406/4/2 3595/1/2 3610/3/2
f 3610/3/4 3611/1/4 3427/4/4
f 3422/3/2 3606/2/2 3621/4/2
f 3622/2/5 3607/4/5 3441/1/5
f 3439/1/2 3621/4/2 3629/2/2
f 3630/4/5 3622/2/5 3440/3/5
f 3453/3/2 3629/2/2 3637/4/2
f 3455/1/3 3638/4/3 3630/2/3
f 3630/3/6 3638/1/6 3640/4/6
f 3640/4/5 3638/2/5 3455/3/5
f 3464/1/1 3456/4/1 3641/2/1
f 3641/1/2 3643/4/2 3642/2/2
f 3456/1/3 3631/4/3 3643/2/3
f 3462/4/2 3637/1/2 3651/3/2
f 3472/1/3 3652/4/3 3640/2/3
f 3473/1/3 3653/4/3 3652/2/3
f 3474/1/3 3642/4/3 3653/2/3
f 3471/1/2 3651/4/2 3656/2/2
f 3477/3/2 3656/2/2 3666/4/2
f 3479/1/2 3666/4/2 3674/2/2
f 3481/1/2 3674/4/2 3680/2/2
f 3485/3/2 3680/2/2 3682/4/2
f 3487/4/2 3682/1/2 3684/3/2
f 3489/1/2 3684/4/2 3686/2/2
f 3493/1/2 3686/4/2 3690/2/2
f 3690/3/4 3691/1/4 3496/4/4
f 3691/3/4 3692/1/4 3497/4/4
f 3692/3/4 3693/1/4 3498/4/4
f 3693/3/4 3694/1/4 3499/4/4
f 3694/3/4 3695/1/4 3500/4/4
f 3695/3/4 3696/1/4 3501/4/4
f 3696/3/4 3697/1/4 3502/4/4
f 3697/3/4 3698/1/4 3503/4/4
f 3698/3/4 3699/1/4 3504/4/4
f 3699/3/4 3700/1/4 3505/4/4
f 3518/1/2 3707/4/2 3706/2/2
f 3519/1/3 3708/4/3 3707/2/3
f 3520/1/3 3709/4/3 3708/2/3
f 3521/1/3 3710/4/3 3709/2/3
f 3522/1/3 3711/4/3 3710/2/3
f 3523/1/3 3712/4/3 3711/2/3
f 3524/1/3 3713/4/3 3712/2/3
f 3525/1/3 3714/4/3 3713/2/3
f 3526/1/3 3715/4/3 3714/2/3
f 3527/1/3 3716/4/3 3715/2/3
f 3528/1/3 3717/4/3 3716/2/3
f 3517/1/2 3706/4/2 3733/2/2
f 3552/1/2 3733/4/2 3745/2/2
f 3559/4/2 3745/1/2 3751/3/2
f 3571/4/2 3751/1/2 3759/3/2
f 3575/3/2 3759/2/2 3765/4/2
f 3578/1/2 3765/4/2 3769/2/2
f 3580/4/2 3769/1/2 3772/3/2
f 3773/3/4 3774/1/4 3592/4/4
f 3774/3/4 3775/1/4 3593/4/4
f 3775/3/4 3776/1/4 3594/4/4
f 3776/3/4 3777/1/4 3595/4/4
f 3591/4/2 3772/1/2 3784/3/2
f 3785/1/5 3773/3/5 3608/2/5
f 3595/4/2 3777/1/2 3786/3/2
f 3606/4/2 3784/1/2 3792/3/2
f 3793/1/5 3785/3/5 3607/2/5
f 3623/1/1 3611/4/1 3610/2/1
f 3610/3/2 3786/2/2 3795/4/2
f 3621/3/2 3792/2/2 3801/4/2
f 3792/3/6 3793/1/6 3802/4/6
f 3802/2/5 3793/4/5 3622/1/5
f 3631/1/1 3623/4/1 3794/2/1
f 3794/4/2 3795/1/2 3803/3/2
f 3629/2/2 3801/3/2 3809/1/2
f 3801/3/6 3802/1/6 3810/4/6
f 3810/3/5 3802/1/5 3630/4/5
f 3643/1/2 3803/4/2 3811/2/2
f 3637/4/2 3809/1/2 3817/3/2
f 3640/1/3 3818/4/3 3810/2/3
f 3652/1/3 3819/4/3 3818/2/3
f 3653/1/3 3820/4/3 3819/2/3
f 3642/1/3 3811/4/3 3820/2/3
f 3651/2/2 3817/3/2 3833/1/2
f 3656/2/2 3833/3/2 3837/1/2
f 3666/3/2 3837/2/2 3849/4/2
f 3674/3/2 3849/2/2 3853/4/2
f 3680/3/2 3853/2/2 3859/4/2
f 3682/1/2 3859/4/2 3861/2/2
f 3684/2/2 3861/3/2 3863/1/2
f 3686/1/2 3863/4/2 3865/2/2
f 3865/3/4 3866/1/4 3691/4/4
f 3866/3/4 3867/1/4 3692/4/4
f 3867/3/4 3868/1/4 3693/4/4
f 3868/3/4 3869/1/4 3694/4/4
f 3869/3/4 3870/1/4 3695/4/4
f 3870/3/4 3871/1/4 3696/4/4
f 3871/3/4 3872/1/4 3697/4/4
f 3872/3/4 3873/1/4 3698/4/4
f 3873/3/4 3874/1/4 3699/4/4
f 3874/3/4 3875/1/4 3700/4/4
f 3707/1/2 3881/4/2 3880/2/2
f 3708/1/3 3882/4/3 3881/2/3
f 3881/3/6 3882/1/6 3883/4/6
f 3709/1/3 3884/4/3 3882/2/3
f 3882/3/6 3884/1/6 3885/4/6
f 3710/1/3 3886/4/3 3884/2/3
f 3884/3/6 3886/1/6 3887/4/6
f 3711/1/3 3888/4/3 3886/2/3
f 3886/3/6 3888/1/6 3889/4/6
f 3712/1/3 3890/4/3 3888/2/3
f 3888/3/6 3890/1/6 3891/4/6
f 3713/1/3 3892/4/3 3890/2/3
f 3890/3/6 3892/1/6 3893/4/6
f 3714/1/3 3894/4/3 3892/2/3
f 3892/3/6 3894/1/6 3895/4/6
f 3715/1/3 3896/4/3 3894/2/3
f 3894/3/6 3896/1/6 3897/4/6
f 3716/1/3 3898/4/3 3896/2/3
f 3896/3/6 3898/1/6 3899/4/6
f 3717/1/3 3900/4/3 3898/2/3
f 3898/3/6 3900/1/6 3901/4/6
f 3706/2/2 3880/3/2 3910/1/2
f 3880/3/6 3883/1/6 3911/4/6
f 3883/3/6 3885/1/6 3912/4/6
f 3885/3/6 3887/1/6 3913/4/6
f 3887/3/6 3889/1/6 3914/4/6
f 3889/3/6 3891/1/6 3915/4/6
f 3891/3/6 3893/1/6 3916/4/6
f 3893/3/6 3895/1/6 3917/4/6
f 3895/3/6 3897/1/6 3918/4/6
f 3897/3/6 3899/1/6 3919/4/6
f 3899/3/6 3901/1/6 3920/4/6
f 3733/4/2 3910/1/2 3927/3/2
f 3910/3/6 3911/1/6 3928/4/6
f 3911/3/6 3912/1/6 3929/4/6
f 3912/3/6 3913/1/6 3930/4/6
f 3913/3/6 3914/1/6 3931/4/6
f 3914/3/6 3915/1/6 3932/4/6
f 3915/3/6 3916/1/6 3933/4/6
f 3916/3/6 3917/1/6 3934/4/6
f 3917/3/6 3918/1/6 3935/4/6
f 3918/3/6 3919/1/6 3936/4/6
f 3919/3/6 3920/1/6 3937/4/6
f 3745/1/2 3927/4/2 3944/2/2
f 3927/3/6 3928/1/6 3945/4/6
f 3928/3/6 3929/1/6 3946/4/6
f 3929/3/6 3930/1/6 3947/4/6
f 3930/3/6 3931/1/6 3948/4/6
f 3931/3/6 3932/1/6 3949/4/6
f 3932/3/6 3933/1/6 3950/4/6
f 3933/3/6 3934/1/6 3951/4/6
f 3934/3/6 3935/1/6 3952/4/6
f 3935/3/6 3936/1/6 3953/4/6
f 3936/3/6 3937/1/6 3954/4/6
f 3751/3/2 3944/2/2 3961/4/2
f 3944/3/6 3945/1/6 3962/4/6
f 3945/3/6 3946/1/6 3963/4/6
f 3946/3/6 3947/1/6 3964/4/6
f 3947/3/6 3948/1/6 3965/4/6
f 3948/3/6 3949/1/6 3966/4/6
f 3949/3/6 3950/1/6 3967/4/6
f 3950/3/6 3951/1/6 3968/4/6
f 3951/3/6 3952/1/6 3969/4/6
f 3952/3/6 3953/1/6 3970/4/6
f 3953/3/6 3954/1/6 3971/4/6
f 3759/3/2 3961/2/2 3978/4/2
f 3961/3/6 3962/1/6 3979/4/6
f 3962/3/6 3963/1/6 3980/4/6
f 3963/3/6 3964/1/6 3981/4/6
f 3964/3/6 3965/1/6 3982/4/6
f 3965/3/6 3966/1/6 3983/4/6
f 3966/3/6 3967/1/6 3984/4/6
f 3967/3/6 3968/1/6 3985/4/6
f 3968/3/6 3969/1/6 3986/4/6
f 3969/3/6 3970/1/6 3987/4/6
f 3970/3/6 3971/1/6 3988/4/6
f 3765/2/2 3978/3/2 3995/1/2
f 3978/3/6 3979/1/6 3996/4/6
f 3979/3/6 3980/1/6 3997/4/6
f 3980/3/6 3981/1/6 3998/4/6
f 3981/3/6 3982/1/6 3999/4/6
f 3982/3/6 3983/1/6 4000/4/6
f 3983/3/6 3984/1/6 4001/4/6
f 3984/3/6 3985/1/6 4002/4/6
f 3985/3/6 3986/1/6 4003/4/6
f 3986/3/6 3987/1/6 4004/4/6
f 3987/3/6 3988/1/6 4005/4/6
f 3769/3/2 3995/2/2 4012/4/2
f 3995/3/6 3996/1/6 4013/4/6
f 3996/3/6 3997/1/6 4014/4/6
f 4013/3/4 4014/1/4 3774/4/4
f 3997/3/6 3998/1/6 4015/4/6
f 4014/3/4 4015/1/4 3775/4/4
f 3998/3/6 3999/1/6 4016/4/6
f 4015/3/4 4016/1/4 3776/4/4
f 3999/3/6 4000/1/6 4017/4/6
f 4000/3/6 4001/1/6 4018/4/6
f 4001/3/6 4002/1/6 4019/4/6
f 4002/3/6 4003/1/6 4020/4/6
f 4003/3/6 4004/1/6 4021/4/6
f 4004/3/6 4005/1/6 4022/4/6
f 3772/2/2 4012/3/2 4029/1/2
f 4012/3/6 4013/1/6 4030/4/6
f 4030/3/5 4013/1/5 3773/4/5
f 3786/1/1 3777/4/1 3776/2/1
f 3776/2/2 4016/3/2 4032/1/2
f 4016/3/6 4017/1/6 4033/4/6
f 4032/3/4 4033/1/4 3786/4/4
f 4017/3/6 4018/1/6 4034/4/6
f 4018/3/6 4019/1/6 4035/4/6
f 4019/3/6 4020/1/6 4036/4/6
f 4020/3/6 4021/1/6 4037/4/6
f 4021/3/6 4022/1/6 4038/4/6
f 3784/1/2 4029/4/2 4045/2/2
f 4029/3/6 4030/1/6 4046/4/6
f 4046/4/5 4030/2/5 3785/3/5
f 4045/3/4 4046/1/4 3793/4/4
f 3786/4/2 4033/1/2 4047/3/2
f 4033/3/6 4034/1/6 4048/4/6
f 4034/3/6 4035/1/6 4049/4/6
f 4037/3/6 4038/1/6 4052/4/6
f 3795/3/2 4047/2/2 4059/4/2
f 4047/3/6 4048/1/6 4060/4/6
f 3803/4/2 4059/1/2 4071/3/2
f 4059/3/6 4060/1/6 4072/4/6
f 3809/4/2 4084/1/2 4083/3/2
f 3810/1/3 4085/4/3 4084/2/3
f 4084/3/6 4085/1/6 4086/4/6
f 3818/1/3 4087/4/3 4085/2/3
f 4085/3/6 4087/1/6 4088/4/6
f 3819/1/3 4089/4/3 4087/2/3
f 4087/3/6 4089/1/6 4090/4/6
f 3820/1/3 4091/4/3 4089/2/3
f 4089/3/6 4091/1/6 4092/4/6
f 3811/1/3 4071/4/3 4091/2/3
f 4091/3/6 4071/1/6 4093/4/6
f 4071/3/6 4072/1/6 4094/4/6
f 3817/1/2 4083/4/2 4109/2/2
f 4083/3/6 4086/1/6 4110/4/6
f 4086/3/6 4088/1/6 4111/4/6
f 4088/3/6 4090/1/6 4112/4/6
f 4090/3/6 4092/1/6 4113/4/6
f 4092/3/6 4093/1/6 4114/4/6
f 4093/3/6 4094/1/6 4115/4/6
f 4094/3/6 4095/1/6 4116/4/6
f 4097/3/6 4098/1/6 4119/4/6
f 3833/1/2 4109/4/2 4132/2/2
f 4109/3/6 4110/1/6 4133/4/6
f 4110/3/6 4111/1/6 4134/4/6
f 4111/3/6 4112/1/6 4135/4/6
f 4112/3/6 4113/1/6 4136/4/6
f 4113/3/6 4114/1/6 4137/4/6
f 4114/3/6 4115/1/6 4138/4/6
f 3837/4/2 4132/1/2 4171/3/2
f 4132/3/6 4133/1/6 4172/4/6
f 4133/3/6 4134/1/6 4173/4/6
f 4134/3/6 4135/1/6 4174/4/6
f 4135/3/6 4136/1/6 4175/4/6
f 4136/3/6 4137/1/6 4176/4/6
f 4137/3/6 4138/1/6 4177/4/6
f 3849/3/2 4171/2/2 4192/4/2
f 4171/3/6 4172/1/6 4193/4/6
f 4172/3/6 4173/1/6 4194/4/6
f 4173/3/6 4174/1/6 4195/4/6
f 4174/3/6 4175/1/6 4196/4/6
f 4175/3/6 4176/1/6 4197/4/6
f 4176/3/6 4177/1/6 4198/4/6
f 3853/3/2 4192/2/2 4209/4/2
f 4192/3/6 4193/1/6 4210/4/6
f 4193/3/6 4194/1/6 4211/4/6
f 4194/3/6 4195/1/6 4212/4/6
f 4195/3/6 4196/1/6 4213/4/6
f 4196/3/6 4197/1/6 4214/4/6
f 4197/3/6 4198/1/6 4215/4/6
f 4198/3/6 4199/1/6 4216/4/6
f 4201/3/6 4202/1/6 4219/4/6
f 3859/2/2 4209/3/2 4224/1/2
f 4209/3/6 4210/1/6 4225/4/6
f 4210/3/6 4211/1/6 4226/4/6
f 4211/3/6 4212/1/6 4227/4/6
f 4212/3/6 4213/1/6 4228/4/6
f 4213/3/6 4214/1/6 4229/4/6
f 4214/3/6 4215/1/6 4230/4/6
f 4215/3/6 4216/1/6 4231/4/6
f 4216/3/6 4217/1/6 4232/4/6
f 4217/3/6 4218/1/6 4233/4/6
f 4218/3/6 4219/1/6 4234/4/6
f 3861/4/2 4224/1/2 4239/3/2
f 4224/3/6 4225/1/6 4240/4/6
f 4225/3/6 4226/1/6 4241/4/6
f 4226/3/6 4227/1/6 4242/4/6
f 4227/3/6 4228/1/6 4243/4/6
f 4228/3/6 4229/1/6 4244/4/6
f 4229/3/6 4230/1/6 4245/4/6
f 4230/3/6 4231/1/6 4246/4/6
f 4231/3/6 4232/1/6 4247/4/6
f 4232/3/6 4233/1/6 4248/4/6
f 4233/3/6 4234/1/6 4249/4/6
f 3863/1/2 4239/4/2 4254/2/2
f 4239/3/6 4240/1/6 4255/4/6
f 4254/3/4 4255/1/4 3866/4/4
f 4240/3/6 4241/1/6 4256/4/6
f 4255/3/4 4256/1/4 3867/4/4
f 4241/3/6 4242/1/6 4257/4/6
f 4256/3/4 4257/1/4 3868/4/4
f 4242/3/6 4243/1/6 4258/4/6
f 4257/3/4 4258/1/4 3869/4/4
f 4243/3/6 4244/1/6 4259/4/6
f 4258/3/4 4259/1/4 3870/4/4
f 4244/3/6 4245/1/6 4260/4/6
f 4259/3/4 4260/1/4 3871/4/4
f 4245/3/6 4246/1/6 4261/4/6
f 4260/3/4 4261/1/4 3872/4/4
f 4246/3/6 4247/1/6 4262/4/6
f 4261/3/4 4262/1/4 3873/4/4
f 4247/3/6 4248/1/6 4263/4/6
f 4262/3/4 4263/1/4 3874/4/4
f 4248/3/6 4249/1/6 4264/4/6
f 4263/3/4 4264/1/4 3875/4/4
f 44/5/1 45/11/1 42/6/1
f 45/5/3 46/11/3 43/6/3
f 47/8/5 46/12/5 45/9/5
f 48/7/4 47/5/4 44/11/4
f 80/5/1 41/11/1 38/6/1
f 81/8/5 48/12/5 41/9/5
f 148/5/1 117/11/1 116/6/1
f 149/10/5 121/8/5 117/12/5
f 181/5/1 148/11/1 147/6/1
f 182/10/5 149/8/5 148/12/5
f 205/5/1 181/11/1 180/6/1
f 206/10/5 182/8/5 181/12/5
f 225/5/1 205/11/1 204/6/1
f 226/9/5 206/10/5 205/8/5
f 241/5/1 225/11/1 224/6/1
f 242/8/5 226/12/5 225/9/5
f 243/7/4 242/5/4 241/11/4
f 46/5/3 534/11/3 533/6/3
f 535/10/5 534/8/5 46/12/5
f 120/5/1 47/11/1 48/6/1
f 547/12/5 535/9/5 47/10/5
f 548/7/4 547/5/4 120/11/4
f 554/12/5 548/9/5 81/10/5
f 566/9/5 554/10/5 121/8/5
f 572/9/5 566/10/5 149/8/5
f 578/9/5 572/10/5 182/8/5
f 584/9/5 578/10/5 206/8/5
f 596/8/5 584/12/5 226/9/5
f 607/5/1 242/11/1 243/6/1
f 608/8/5 596/12/5 242/9/5
f 606/7/4 608/5/4 607/11/4
f 534/5/3 745/11/3 744/6/3
f 746/12/5 745/9/5 534/10/5
f 752/10/5 746/8/5 535/12/5
f 753/7/4 752/5/4 547/11/4
f 761/9/5 753/10/5 548/8/5
f 767/12/5 761/9/5 554/10/5
f 773/8/5 767/12/5 566/9/5
f 775/10/5 773/8/5 572/12/5
f 787/8/5 775/12/5 578/9/5
f 793/12/5 787/9/5 584/10/5
f 808/12/5 793/9/5 596/10/5
f 807/7/4 808/5/4 608/11/4
f 745/5/3 940/11/3 939/6/3
f 941/12/5 940/9/5 745/10/5
f 947/12/5 941/9/5 746/10/5
f 948/7/4 947/5/4 752/11/4
f 950/12/5 948/9/5 753/10/5
f 952/8/5 950/12/5 761/9/5
f 954/9/5 952/10/5 767/8/5
f 956/12/5 954/9/5 773/10/5
f 969/10/5 956/8/5 775/12/5
f 981/8/5 969/12/5 787/9/5
f 988/8/5 981/12/5 793/9/5
f 940/5/3 1108/11/3 1107/6/3
f 1109/8/5 1108/12/5 940/9/5
f 1111/12/5 1109/9/5 941/10/5
f 1112/7/4 1111/5/4 947/11/4
f 1114/10/5 1112/8/5 948/12/5
f 1116/10/5 1114/8/5 950/12/5
f 1118/9/5 1116/10/5 952/8/5
f 1123/10/5 1118/8/5 954/12/5
f 1133/10/5 1123/8/5 956/12/5
f 1141/10/5 1133/8/5 969/12/5
f 1183/8/5 1159/12/5 988/9/5
f 1108/5/3 1289/11/3 1288/6/3
f 1290/10/5 1289/8/5 1108/12/5
f 1292/9/5 1290/10/5 1109/8/5
f 1294/5/1 1111/11/1 1112/6/1
f 1295/9/5 1292/10/5 1111/8/5
f 1296/7/4 1295/5/4 1294/11/4
f 1298/8/5 1296/12/5 1114/9/5
f 1300/10/5 1298/8/5 1116/12/5
f 1308/10/5 1300/8/5 1118/12/5
f 1319/8/5 1308/12/5 1123/9/5
f 1350/12/5 1337/9/5 1141/10/5
f 1363/10/5 1350/8/5 1159/12/5
f 1289/5/3 1477/11/3 1476/6/3
f 1478/9/5 1477/10/5 1289/8/5
f 1480/9/5 1478/10/5 1290/8/5
f 1482/10/5 1480/8/5 1292/12/5
f 1483/7/4 1482/5/4 1295/11/4
f 1485/9/5 1483/10/5 1296/8/5
f 1490/8/5 1485/12/5 1298/9/5
f 1497/12/5 1490/9/5 1300/10/5
f 1506/10/5 1497/8/5 1308/12/5
f 1512/10/5 1506/8/5 1319/12/5
f 1526/9/5 1512/10/5 1337/8/5
f 1543/12/5 1526/9/5 1350/10/5
f 1559/9/5 1543/10/5 1363/8/5
f 1477/5/3 1669/11/3 1668/6/3
f 1670/8/5 1669/12/5 1477/9/5
f 1672/8/5 1670/12/5 1478/9/5
f 1674/9/5 1672/10/5 1480/8/5
f 1675/7/4 1674/5/4 1482/11/4
f 1681/10/5 1675/8/5 1483/12/5
f 1689/10/5 1681/8/5 1485/12/5
f 1695/9/5 1689/10/5 1490/8/5
f 1699/12/5 1695/9/5 1497/10/5
f 1707/9/5 1699/10/5 1506/8/5
f 1721/9/5 1707/10/5 1512/8/5
f 1733/8/5 1721/12/5 1526/9/5
f 1752/10/5 1733/8/5 1543/12/5
f 1765/8/5 1752/12/5 1559/9/5
f 1777/5/1 1569/11/1 1570/6/1
f 1778/9/5 1765/10/5 1569/8/5
f 1779/7/4 1778/5/4 1777/11/4
f 1669/5/3 1870/11/3 1869/6/3
f 1871/9/5 1870/10/5 1669/8/5
f 1877/8/5 1871/12/5 1670/9/5
f 1883/9/5 1877/10/5 1672/8/5
f 1884/7/4 1883/5/4 1674/11/4
f 1890/9/5 1884/10/5 1675/8/5
f 1896/9/5 1890/10/5 1681/8/5
f 1900/9/5 1896/10/5 1689/8/5
f 1904/12/5 1900/9/5 1695/10/5
f 1908/9/5 1904/10/5 1699/8/5
f 1919/10/5 1908/8/5 1707/12/5
f 1935/8/5 1919/12/5 1721/9/5
f 1945/12/5 1935/9/5 1733/10/5
f 1962/10/5 1945/8/5 1752/12/5
f 1971/10/5 1962/8/5 1765/12/5
f 1982/5/1 1778/11/1 1779/6/1
f 1983/12/5 1971/9/5 1778/10/5
f 1984/7/4 1983/5/4 1982/11/4
f 1870/5/3 2057/11/3 2056/6/3
f 2058/10/5 2057/8/5 1870/12/5
f 2062/8/5 2058/12/5 1871/9/5
f 2066/8/5 2062/12/5 1877/9/5
f 2067/7/4 2066/5/4 1883/11/4
f 2072/8/5 2067/12/5 1884/9/5
f 2076/10/5 2072/8/5 1890/12/5
f 2080/10/5 2076/8/5 1896/12/5
f 2084/12/5 2080/9/5 1900/10/5
f 2090/9/5 2084/10/5 1904/8/5
f 2099/9/5 2090/10/5 1908/8/5
f 2112/9/5 2099/10/5 1919/8/5
f 2141/9/5 2129/10/5 1945/8/5
f 2158/9/5 2141/10/5 1962/8/5
f 2167/8/5 2158/12/5 1971/9/5
f 2171/5/1 1983/11/1 1984/6/1
f 2172/9/5 2167/10/5 1983/8/5
f 2174/5/1 2171/11/1 1988/6/1
f 2175/10/5 2172/8/5 2171/12/5
f 2176/7/4 2175/5/4 2174/11/4
f 2057/5/3 2235/11/3 2234/6/3
f 2236/10/5 2235/8/5 2057/12/5
f 2240/10/5 2236/8/5 2058/12/5
f 2244/8/5 2240/12/5 2062/9/5
f 2245/7/4 2244/5/4 2066/11/4
f 2250/12/5 2245/9/5 2067/10/5
f 2254/8/5 2250/12/5 2072/9/5
f 2258/10/5 2254/8/5 2076/12/5
f 2264/8/5 2258/12/5 2080/9/5
f 2270/8/5 2264/12/5 2084/9/5
f 2276/8/5 2270/12/5 2090/9/5
f 2293/8/5 2276/12/5 2099/9/5
f 2301/9/5 2293/10/5 2112/8/5
f 2315/10/5 2301/8/5 2129/12/5
f 2323/12/5 2315/9/5 2141/10/5
f 2333/8/5 2323/12/5 2158/9/5
f 2337/9/5 2333/10/5 2167/8/5
f 2339/9/5 2337/10/5 2172/8/5
f 2341/5/1 2175/11/1 2176/6/1
f 2342/10/5 2339/8/5 2175/12/5
f 2343/7/4 2342/5/4 2341/11/4
f 2235/5/3 2394/11/3 2393/6/3
f 2395/8/5 2394/12/5 2235/9/5
f 2399/8/5 2395/12/5 2236/9/5
f 2403/9/5 2399/10/5 2240/8/5
f 2404/7/4 2403/5/4 2244/11/4
f 2408/10/5 2404/8/5 2245/12/5
f 2413/8/5 2408/12/5 2250/9/5
f 2417/12/5 2413/9/5 2254/10/5
f 2423/10/5 2417/8/5 2258/12/5
f 2425/8/5 2423/12/5 2264/9/5
f 2434/10/5 2425/8/5 2270/12/5
f 2441/12/5 2434/9/5 2276/10/5
f 2453/9/5 2441/10/5 2293/8/5
f 2462/10/5 2453/8/5 2301/12/5
f 2473/8/5 2462/12/5 2315/9/5
f 2478/10/5 2473/8/5 2323/12/5
f 2482/9/5 2478/10/5 2333/8/5
f 2492/12/5 2482/9/5 2337/10/5
f 2498/9/5 2492/10/5 2339/8/5
f 2504/5/1 2342/11/1 2343/6/1
f 2505/10/5 2498/8/5 2342/12/5
f 2507/5/1 2504/11/1 2345/6/1
f 2508/12/5 2505/9/5 2504/10/5
f 2510/5/1 2507/11/1 2351/6/1
f 2511/10/5 2508/8/5 2507/12/5
f 2512/7/4 2511/5/4 2510/11/4
f 2394/5/3 2560/11/3 2559/6/3
f 2561/12/5 2560/9/5 2394/10/5
f 2566/10/5 2561/8/5 2395/12/5
f 2571/9/5 2566/10/5 2399/8/5
f 2579/5/1 2403/11/1 2404/6/1
f 2580/8/5 2571/12/5 2403/9/5
f 2581/7/4 2580/5/4 2579/11/4
f 2587/10/5 2581/8/5 2408/12/5
f 2589/9/5 2587/10/5 2413/8/5
f 2591/9/5 2589/10/5 2417/8/5
f 2593/9/5 2591/10/5 2423/8/5
f 2598/12/5 2593/9/5 2425/10/5
f 2609/9/5 2598/10/5 2434/8/5
f 2616/8/5 2609/12/5 2441/9/5
f 2623/12/5 2616/9/5 2453/10/5
f 2630/12/5 2623/9/5 2462/10/5
f 2635/8/5 2630/12/5 2473/9/5
f 2643/9/5 2635/10/5 2478/8/5
f 2647/8/5 2643/12/5 2482/9/5
f 2659/10/5 2647/8/5 2492/12/5
f 2663/10/5 2659/8/5 2498/12/5
f 2669/12/5 2663/9/5 2505/10/5
f 2677/8/5 2669/12/5 2508/9/5
f 2693/5/1 2511/11/1 2512/6/1
f 2694/12/5 2677/9/5 2511/10/5
f 2692/7/4 2694/5/4 2693/11/4
f 2560/5/3 2726/11/3 2725/6/3
f 2727/9/5 2726/10/5 2560/8/5
f 2730/12/5 2727/9/5 2561/10/5
f 2732/9/5 2730/10/5 2566/8/5
f 2734/10/5 2732/8/5 2571/12/5
f 2736/5/1 2580/11/1 2581/6/1
f 2737/10/5 2734/8/5 2580/12/5
f 2738/7/4 2737/5/4 2736/11/4
f 2740/12/5 2738/9/5 2587/10/5
f 2742/12/5 2740/9/5 2589/10/5
f 2760/10/5 2742/8/5 2591/12/5
f 2776/8/5 2760/12/5 2593/9/5
f 2789/12/5 2776/9/5 2598/10/5
f 2793/9/5 2789/10/5 2609/8/5
f 2799/8/5 2793/12/5 2616/9/5
f 2806/8/5 2799/12/5 2623/9/5
f 2808/8/5 2806/12/5 2630/9/5
f 2814/8/5 2808/12/5 2635/9/5
f 2844/9/5 2827/10/5 2647/8/5
f 2854/8/5 2844/12/5 2659/9/5
f 2858/12/5 2854/9/5 2663/10/5
f 2864/10/5 2858/8/5 2669/12/5
f 2888/8/5 2864/12/5 2677/9/5
f 2887/7/4 2888/5/4 2694/11/4
f 2726/5/3 2909/11/3 2908/6/3
f 2910/10/5 2909/8/5 2726/12/5
f 2928/10/5 2910/8/5 2727/12/5
f 2938/9/5 2928/10/5 2730/8/5
f 2940/9/5 2938/10/5 2732/8/5
f 2942/8/5 2940/12/5 2734/9/5
f 2943/7/4 2942/5/4 2737/11/4
f 2945/9/5 2943/10/5 2738/8/5
f 2959/8/5 2945/12/5 2740/9/5
f 2967/8/5 2959/12/5 2742/9/5
f 2994/9/5 2967/10/5 2760/8/5
f 3006/7/6 2994/5/6 3007/11/6
f 3007/8/5 2994/12/5 2776/9/5
f 3005/7/6 3007/5/6 3021/11/6
f 3021/9/5 3007/10/5 2789/8/5
f 3026/10/5 3021/8/5 2793/12/5
f 3030/10/5 3026/8/5 2799/12/5
f 3032/10/5 3030/8/5 2806/12/5
f 3038/8/5 3032/12/5 2808/9/5
f 3042/10/5 3038/8/5 2814/12/5
f 3050/10/5 3042/8/5 2827/12/5
f 2860/5/1 3054/11/1 2844/6/1
f 3054/5/3 3055/11/3 3050/6/3
f 3056/12/5 3055/9/5 3054/10/5
f 2859/5/1 2860/11/1 2854/6/1
f 2865/5/1 2859/11/1 2858/6/1
f 2889/5/1 2865/11/1 2864/6/1
f 3082/7/4 3083/5/4 2889/11/4
f 2909/5/3 3115/11/3 3114/6/3
f 3116/9/5 3115/10/5 2909/8/5
f 3142/12/5 3116/9/5 2910/10/5
f 3148/12/5 3142/9/5 2928/10/5
f 3158/12/5 3148/9/5 2938/10/5
f 3160/12/5 3158/9/5 2940/10/5
f 3162/5/1 2942/11/1 2943/6/1
f 3163/9/5 3160/10/5 2942/8/5
f 3164/7/4 3163/5/4 3162/11/4
f 3174/12/5 3164/9/5 2945/10/5
f 3210/7/6 3198/5/6 3211/11/6
f 3211/9/5 3198/10/5 2967/8/5
f 3209/7/4 3211/5/4 2994/11/4
f 3021/5/3 3256/11/3 3246/6/3
f 3246/7/6 3256/5/6 3258/11/6
f 3258/12/5 3256/9/5 3021/10/5
f 3262/10/5 3258/8/5 3026/12/5
f 3264/9/5 3262/10/5 3030/8/5
f 3266/8/5 3264/12/5 3032/9/5
f 3272/12/5 3266/9/5 3038/10/5
f 3055/5/1 3276/11/1 3042/6/1
f 3276/5/3 3277/11/3 3272/6/3
f 3278/8/5 3277/12/5 3276/9/5
f 3282/8/5 3278/12/5 3055/9/5
f 3307/7/4 3308/5/4 3083/11/4
f 3352/7/6 3332/5/6 3353/11/6
f 3353/12/5 3332/9/5 3116/10/5
f 3351/7/6 3353/5/6 3374/11/6
f 3374/8/5 3353/12/5 3142/9/5
f 3373/7/6 3374/5/6 3381/11/6
f 3381/9/5 3374/10/5 3148/8/5
f 3380/7/6 3381/5/6 3384/11/6
f 3384/8/5 3381/12/5 3158/9/5
f 3383/7/6 3384/5/6 3387/11/6
f 3387/10/5 3384/8/5 3160/12/5
f 3197/5/1 3163/11/1 3164/6/1
f 3386/7/6 3387/5/6 3398/11/6
f 3398/10/5 3387/8/5 3163/12/5
f 3397/7/4 3398/5/4 3197/11/4
f 3408/7/6 3397/5/6 3409/11/6
f 3409/9/5 3397/10/5 3174/8/5
f 3407/7/4 3409/5/4 3198/11/4
f 3258/5/3 3475/11/3 3466/6/3
f 3476/10/5 3475/8/5 3258/12/5
f 3478/10/5 3476/8/5 3262/12/5
f 3480/9/5 3478/10/5 3264/8/5
f 3277/5/1 3482/11/1 3266/6/1
f 3482/5/3 3483/11/3 3480/6/3
f 3484/12/5 3483/9/5 3482/10/5
f 3486/9/5 3484/10/5 3277/8/5
f 3488/9/5 3486/10/5 3278/8/5
f 3508/7/4 3509/5/4 3308/11/4
f 3328/5/3 3534/11/3 3531/6/3
f 3531/7/6 3534/5/6 3535/11/6
f 3535/10/5 3534/8/5 3328/12/5
f 3533/7/4 3535/5/4 3332/11/4
f 3532/7/6 3533/5/6 3554/11/6
f 3554/10/5 3533/8/5 3352/12/5
f 3553/7/4 3554/5/4 3351/11/4
f 3373/5/3 3572/11/3 3562/6/3
f 3562/7/6 3572/5/6 3574/11/6
f 3574/9/5 3572/10/5 3373/8/5
f 3573/7/6 3574/5/6 3577/11/6
f 3577/9/5 3574/10/5 3380/8/5
f 3579/12/5 3577/9/5 3383/10/5
f 3581/10/5 3579/8/5 3386/12/5
f 3582/7/4 3581/5/4 3397/11/4
f 3475/5/3 3654/11/3 3646/6/3
f 3655/10/5 3654/8/5 3475/12/5
f 3657/9/5 3655/10/5 3476/8/5
f 3483/5/1 3667/11/1 3478/6/1
f 3667/5/3 3668/11/3 3657/6/3
f 3669/8/5 3668/12/5 3667/9/5
f 3675/9/5 3669/10/5 3483/8/5
f 3681/10/5 3675/8/5 3484/12/5
f 3683/9/5 3681/10/5 3486/8/5
f 3685/12/5 3683/9/5 3488/10/5
f 3703/7/4 3704/5/4 3509/11/4
f 3577/5/3 3766/11/3 3760/6/3
f 3760/7/6 3766/5/6 3768/11/6
f 3768/9/5 3766/10/5 3577/8/5
f 3767/7/6 3768/5/6 3771/11/6
f 3771/12/5 3768/9/5 3579/10/5
f 3770/7/4 3771/5/4 3581/11/4
f 3823/5/1 3824/11/1 3654/6/1
f 3824/5/3 3825/11/3 3822/6/3
f 3826/8/5 3825/12/5 3824/9/5
f 3668/5/1 3823/11/1 3655/6/1
f 3834/12/5 3826/9/5 3823/10/5
f 3838/10/5 3834/8/5 3668/12/5
f 3850/12/5 3838/9/5 3669/10/5
f 3854/10/5 3850/8/5 3675/12/5
f 3860/9/5 3854/10/5 3681/8/5
f 3862/9/5 3860/10/5 3683/8/5
f 3864/12/5 3862/9/5 3685/10/5
f 3879/12/5 3864/9/5 3688/10/5
f 3878/7/4 3879/5/4 3704/11/4
f 3825/5/3 4103/11/3 4101/6/3
f 4101/7/6 4103/5/6 4104/11/6
f 4104/9/5 4103/10/5 3825/8/5
f 4102/7/6 4104/5/6 4123/11/6
f 4123/9/5 4104/10/5 3826/8/5
f 4145/7/6 4146/5/6 4185/11/6
f 4185/12/5 4146/9/5 3838/10/5
f 4184/7/6 4185/5/6 4206/11/6
f 4206/8/5 4185/12/5 3850/9/5
f 4205/7/6 4206/5/6 4223/11/6
f 4223/9/5 4206/10/5 3854/8/5
f 4222/7/6 4223/5/6 4238/11/6
f 4238/10/5 4223/8/5 3860/12/5
f 4237/7/6 4238/5/6 4253/11/6
f 4253/8/5 4238/12/5 3862/9/5
f 4252/7/6 4253/5/6 4268/11/6
f 4268/10/5 4253/8/5 3864/12/5
f 4267/7/4 4268/5/4 3879/11/4
f 29/13/1 30/16/1 27/14/1
f 30/13/3 31/16/3 28/14/3
f 32/13/1 33/16/1 30/14/1
f 33/13/3 34/16/3 31/14/3
f 35/13/1 36/16/1 33/14/1
f 36/13/3 37/16/3 34/14/3
f 38/13/1 39/16/1 36/14/1
f 39/13/3 40/16/3 37/14/3
f 41/13/1 42/16/1 39/14/1
f 42/13/3 43/16/3 40/14/3
f 75/13/1 26/16/1 23/14/1
f 76/13/1 29/16/1 26/14/1
f 77/13/1 32/16/1 29/14/1
f 78/13/1 35/16/1 32/14/1
f 79/13/1 38/16/1 35/14/1
f 112/13/1 75/16/1 74/14/1
f 113/13/1 76/16/1 75/14/1
f 114/13/1 77/16/1 76/14/1
f 115/13/1 78/16/1 77/14/1
f 116/13/1 79/16/1 78/14/1
f 117/13/1 80/16/1 79/14/1
f 144/13/1 113/16/1 112/14/1
f 145/13/1 114/16/1 113/14/1
f 146/13/1 115/16/1 114/14/1
f 147/13/1 116/16/1 115/14/1
f 179/13/1 146/16/1 145/14/1
f 180/13/1 147/16/1 146/14/1
f 203/13/1 179/16/1 178/14/1
f 204/13/1 180/16/1 179/14/1
f 223/13/1 203/16/1 202/14/1
f 224/13/1 204/16/1 203/14/1
f 237/13/1 222/16/1 220/14/1
f 220/14/2 221/15/2 238/13/2
f 239/13/1 223/16/1 222/14/1
f 240/13/1 224/16/1 223/14/1
f 254/13/1 237/16/1 236/14/1
f 236/13/2 238/16/2 255/14/2
f 255/15/4 256/13/4 254/16/4
f 257/13/1 239/16/1 237/14/1
f 256/15/4 258/13/4 257/16/4
f 259/13/1 240/16/1 239/14/1
f 260/15/5 243/13/5 240/16/5
f 258/15/4 260/13/4 259/16/4
f 31/13/3 529/16/3 528/14/3
f 34/13/3 530/16/3 529/14/3
f 37/13/3 531/16/3 530/14/3
f 40/13/3 532/16/3 531/14/3
f 43/13/3 533/16/3 532/14/3
f 221/14/2 583/15/2 595/13/2
f 238/14/2 595/15/2 603/13/2
f 604/15/4 605/13/4 258/16/4
f 605/15/4 606/13/4 260/16/4
f 529/13/3 740/16/3 739/14/3
f 530/13/3 741/16/3 740/14/3
f 531/13/3 742/16/3 741/14/3
f 532/13/3 743/16/3 742/14/3
f 533/13/3 744/16/3 743/14/3
f 583/15/2 786/13/2 792/16/2
f 595/13/2 792/16/2 804/14/2
f 805/15/4 806/13/4 605/16/4
f 806/15/4 807/13/4 606/16/4
f 910/15/4 911/13/4 716/16/4
f 740/13/3 935/16/3 934/14/3
f 741/13/3 936/16/3 935/14/3
f 742/13/3 937/16/3 936/14/3
f 743/13/3 938/16/3 937/14/3
f 744/13/3 939/16/3 938/14/3
f 786/13/2 968/16/2 978/14/2
f 968/15/6 979/13/6 980/16/6
f 792/16/2 978/14/2 986/15/2
f 978/15/6 980/13/6 987/16/6
f 804/13/2 986/16/2 997/14/2
f 1078/15/4 1079/13/4 911/16/4
f 1079/15/4 1080/13/4 912/16/4
f 1080/15/4 1081/13/4 913/16/4
f 914/13/1 902/16/1 903/14/1
f 1082/16/5 1071/14/5 902/15/5
f 1081/15/4 1082/13/4 914/16/4
f 935/13/3 1103/16/3 1102/14/3
f 936/13/3 1104/16/3 1103/14/3
f 937/13/3 1105/16/3 1104/14/3
f 938/13/3 1106/16/3 1105/14/3
f 939/13/3 1107/16/3 1106/14/3
f 967/16/2 1122/14/2 1131/15/2
f 1131/15/4 1132/13/4 979/16/4
f 979/16/2 1132/14/2 1140/15/2
f 980/13/2 1140/16/2 1155/14/2
f 986/16/2 1182/14/2 1181/15/2
f 987/13/3 1155/16/3 1182/14/3
f 1241/15/4 1242/13/4 1063/16/4
f 1243/13/1 1053/16/1 1054/14/1
f 1244/15/5 1235/13/5 1053/16/5
f 1242/15/4 1244/13/4 1243/16/4
f 1250/13/1 1061/16/1 1060/14/1
f 1251/13/5 1241/16/5 1061/14/5
f 1252/15/4 1251/13/4 1250/16/4
f 1260/15/4 1261/13/4 1080/16/4
f 1261/15/4 1262/13/4 1081/16/4
f 1262/15/4 1263/13/4 1082/16/4
f 1083/13/1 1070/16/1 1071/14/1
f 1264/16/5 1252/14/5 1070/15/5
f 1263/15/4 1264/13/4 1083/16/4
f 1105/13/3 1286/16/3 1285/14/3
f 1106/13/3 1287/16/3 1286/14/3
f 1107/13/3 1288/16/3 1287/14/3
f 1122/16/2 1307/14/2 1316/15/2
f 1307/15/6 1317/13/6 1318/16/6
f 1316/15/4 1318/13/4 1132/16/4
f 1132/16/2 1318/14/2 1334/15/2
f 1140/16/2 1334/14/2 1349/15/2
f 1182/15/2 1362/13/2 1361/16/2
f 1155/13/3 1349/16/3 1362/14/3
f 1423/13/1 1228/16/1 1229/14/1
f 1424/13/5 1417/16/5 1228/14/5
f 1425/15/4 1424/13/4 1423/16/4
f 1431/14/5 1425/15/5 1235/13/5
f 1432/15/4 1431/13/4 1244/16/4
f 1438/13/1 1242/16/1 1241/14/1
f 1439/14/5 1432/15/5 1242/13/5
f 1440/15/4 1439/13/4 1438/16/4
f 1449/15/4 1450/13/4 1262/16/4
f 1450/15/4 1451/13/4 1263/16/4
f 1451/15/4 1452/13/4 1264/16/4
f 1265/13/1 1251/16/1 1252/14/1
f 1453/13/5 1440/16/5 1251/14/5
f 1452/15/4 1453/13/4 1265/16/4
f 1286/13/3 1474/16/3 1473/14/3
f 1287/13/3 1475/16/3 1474/14/3
f 1288/13/3 1476/16/3 1475/14/3
f 1306/15/2 1489/13/2 1495/16/2
f 1495/15/4 1496/13/4 1317/16/4
f 1317/14/2 1496/15/2 1505/13/2
f 1318/16/2 1505/14/2 1511/15/2
f 1334/13/2 1511/16/2 1525/14/2
f 1362/16/2 1542/14/2 1541/15/2
f 1349/13/3 1525/16/3 1542/14/3
f 1610/15/5 1604/13/5 1411/16/5
f 1616/15/5 1610/13/5 1417/16/5
f 1622/13/1 1424/16/1 1425/14/1
f 1623/14/5 1616/15/5 1424/13/5
f 1624/15/4 1623/13/4 1622/16/4
f 1630/13/1 1431/16/1 1432/14/1
f 1631/16/5 1624/14/5 1431/15/5
f 1632/15/4 1631/13/4 1630/16/4
f 1642/15/4 1643/13/4 1451/16/4
f 1643/15/4 1644/13/4 1452/16/4
f 1644/15/4 1645/13/4 1453/16/4
f 1454/13/1 1439/16/1 1440/14/1
f 1646/16/5 1632/14/5 1439/15/5
f 1645/15/4 1646/13/4 1454/16/4
f 1474/13/3 1666/16/3 1665/14/3
f 1475/13/3 1667/16/3 1666/14/3
f 1476/13/3 1668/16/3 1667/14/3
f 1489/14/2 1688/15/2 1692/13/2
f 1688/15/6 1693/13/6 1694/16/6
f 1692/15/4 1694/13/4 1496/16/4
f 1496/14/2 1694/15/2 1698/13/2
f 1505/14/2 1698/15/2 1706/13/2
f 1511/16/2 1706/14/2 1720/15/2
f 1525/13/3 1720/16/3 1732/14/3
f 1794/15/5 1784/13/5 1591/16/5
f 1800/15/5 1794/13/5 1597/16/5
f 1806/13/1 1603/16/1 1604/14/1
f 1807/15/5 1800/13/5 1603/16/5
f 1813/13/1 1806/16/1 1610/14/1
f 1814/15/5 1807/13/5 1806/16/5
f 1815/15/4 1814/13/4 1813/16/4
f 1821/13/5 1815/16/5 1616/14/5
f 1827/13/1 1623/16/1 1624/14/1
f 1828/13/5 1821/16/5 1623/14/5
f 1829/15/4 1828/13/4 1827/16/4
f 1840/15/4 1841/13/4 1644/16/4
f 1841/15/4 1842/13/4 1645/16/4
f 1842/15/4 1843/13/4 1646/16/4
f 1647/13/1 1631/16/1 1632/14/1
f 1844/13/5 1829/16/5 1631/14/5
f 1843/15/4 1844/13/4 1647/16/4
f 1666/13/3 1867/16/3 1866/14/3
f 1667/13/3 1868/16/3 1867/14/3
f 1668/13/3 1869/16/3 1868/14/3
f 1687/15/2 1889/13/2 1893/16/2
f 1889/15/6 1894/13/6 1895/16/6
f 1893/15/4 1895/13/4 1693/16/4
f 1693/15/2 1895/13/2 1899/16/2
f 1694/16/2 1899/14/2 1903/15/2
f 1698/13/2 1903/16/2 1907/14/2
f 1720/13/1 1706/16/1 1916/14/1
f 1916/16/2 1918/14/2 1917/15/2
f 1706/13/3 1907/16/3 1918/14/3
f 1762/16/2 1958/14/2 1967/15/2
f 1774/13/2 1967/16/2 1980/14/2
f 1988/16/5 1984/14/5 1784/15/5
f 1994/13/5 1988/16/5 1794/14/5
f 2000/15/5 1994/13/5 1800/16/5
f 2006/13/5 2000/16/5 1807/14/5
f 2012/13/1 1814/16/1 1815/14/1
f 2013/13/5 2006/16/5 1814/14/5
f 2014/15/4 2013/13/4 2012/16/4
f 2020/13/5 2014/16/5 1821/14/5
f 2032/15/4 2033/13/4 1842/16/4
f 2033/15/4 2034/13/4 1843/16/4
f 2034/15/4 2035/13/4 1844/16/4
f 1845/13/1 1828/16/1 1829/14/1
f 2036/15/5 2020/13/5 1828/16/5
f 2035/15/4 2036/13/4 1845/16/4
f 1867/13/3 2054/16/3 2053/14/3
f 1868/13/3 2055/16/3 2054/14/3
f 1869/13/3 2056/16/3 2055/14/3
f 1882/13/2 2065/16/2 2070/14/2
f 2070/15/4 2071/13/4 1894/16/4
f 1894/13/2 2071/16/2 2075/14/2
f 1895/15/2 2075/13/2 2079/16/2
f 1899/15/2 2079/13/2 2083/16/2
f 1907/13/1 1903/16/1 2087/14/1
f 2087/15/2 2089/13/2 2088/16/2
f 1903/13/3 2083/16/3 2089/14/3
f 1958/13/2 2138/16/2 2155/14/2
f 1967/13/2 2155/16/2 2164/14/2
f 2178/13/5 2176/16/5 1994/14/5
f 2184/16/5 2178/14/5 2000/15/5
f 2190/16/5 2184/14/5 2006/15/5
f 2196/13/1 2013/16/1 2014/14/1
f 2197/14/5 2190/15/5 2013/13/5
f 2198/15/4 2197/13/4 2196/16/4
f 2210/15/4 2211/13/4 2033/16/4
f 2211/15/4 2212/13/4 2034/16/4
f 2212/15/4 2213/13/4 2035/16/4
f 2214/14/5 2198/15/5 2020/13/5
f 2213/15/4 2214/13/4 2036/16/4
f 2054/13/3 2232/16/3 2231/14/3
f 2055/13/3 2233/16/3 2232/14/3
f 2056/13/3 2234/16/3 2233/14/3
f 2065/14/2 2243/15/2 2248/13/2
f 2248/15/4 2249/13/4 2071/16/4
f 2071/15/2 2249/13/2 2253/16/2
f 2075/15/2 2253/13/2 2257/16/2
f 2083/13/1 2079/16/1 2261/14/1
f 2261/13/2 2263/16/2 2262/14/2
f 2079/13/3 2257/16/3 2263/14/3
f 2095/14/2 2275/15/2 2285/13/2
f 2107/13/2 2285/16/2 2298/14/2
f 2126/14/2 2298/15/2 2312/13/2
f 2128/16/2 2300/14/2 2314/15/2
f 2138/13/2 2312/16/2 2320/14/2
f 2140/13/2 2314/16/2 2322/14/2
f 2155/13/2 2320/16/2 2330/14/2
f 2345/15/5 2343/13/5 2178/16/5
f 2351/14/5 2345/15/5 2184/13/5
f 2357/14/5 2351/15/5 2190/13/5
f 2370/15/4 2371/13/4 2212/16/4
f 2371/15/4 2372/13/4 2213/16/4
f 2372/15/4 2373/13/4 2214/16/4
f 2215/13/1 2197/16/1 2198/14/1
f 2374/16/5 2357/14/5 2197/15/5
f 2373/15/4 2374/13/4 2215/16/4
f 2232/13/3 2391/16/3 2390/14/3
f 2233/13/3 2392/16/3 2391/14/3
f 2234/13/3 2393/16/3 2392/14/3
f 2243/16/2 2402/14/2 2407/15/2
f 2253/13/1 2249/16/1 2248/14/1
f 2248/15/2 2407/13/2 2412/16/2
f 2257/13/1 2253/16/1 2411/14/1
f 2411/14/2 2412/15/2 2416/13/2
f 2292/14/2 2440/15/2 2452/13/2
f 2298/15/2 2450/13/2 2459/16/2
f 2300/14/2 2452/15/2 2461/13/2
f 2312/15/2 2459/13/2 2468/16/2
f 2322/13/1 2314/16/1 2470/14/1
f 2470/15/2 2472/13/2 2471/16/2
f 2314/13/3 2461/16/3 2472/14/3
f 2320/14/2 2468/15/2 2476/13/2
f 2529/15/4 2530/13/4 2371/16/4
f 2530/15/4 2531/13/4 2372/16/4
f 2531/15/4 2532/13/4 2373/16/4
f 2533/15/5 2512/13/5 2357/16/5
f 2532/15/4 2533/13/4 2374/16/4
f 2391/13/3 2557/16/3 2556/14/3
f 2392/13/3 2558/16/3 2557/14/3
f 2393/13/3 2559/16/3 2558/14/3
f 2433/16/2 2597/14/2 2607/15/2
f 2607/15/4 2608/13/4 2440/16/4
f 2437/13/2 2603/16/2 2612/14/2
f 2440/16/2 2608/14/2 2615/15/2
f 2450/14/2 2612/15/2 2619/13/2
f 2452/15/2 2615/13/2 2622/16/2
f 2459/13/2 2619/16/2 2626/14/2
f 2472/13/2 2629/16/2 2628/14/2
f 2461/13/3 2622/16/3 2629/14/3
f 2468/16/2 2626/14/2 2633/15/2
f 2689/15/4 2690/13/4 2531/16/4
f 2690/15/4 2691/13/4 2532/16/4
f 2691/15/4 2692/13/4 2533/16/4
f 2557/13/3 2723/16/3 2722/14/3
f 2558/13/3 2724/16/3 2723/14/3
f 2559/13/3 2725/16/3 2724/14/3
f 2603/15/2 2785/13/2 2790/16/2
f 2608/15/2 2788/13/2 2792/16/2
f 2612/16/2 2790/14/2 2794/15/2
f 2619/14/2 2794/15/2 2800/13/2
f 2626/14/2 2800/15/2 2807/13/2
f 2884/15/4 2885/13/4 2690/16/4
f 2885/15/4 2886/13/4 2691/16/4
f 2886/15/4 2887/13/4 2692/16/4
f 2723/13/3 2906/16/3 2905/14/3
f 2724/13/3 2907/16/3 2906/14/3
f 2725/13/3 2908/16/3 2907/14/3
f 2785/14/2 2999/15/2 3016/13/2
f 2788/15/2 3004/13/2 3019/16/2
f 2790/13/2 3016/16/2 3022/14/2
f 2794/15/2 3022/13/2 3027/16/2
f 3079/15/4 3080/13/4 2886/16/4
f 3080/15/4 3081/13/4 2887/16/4
f 3081/15/4 3082/13/4 2888/16/4
f 2906/13/3 3112/16/3 3111/14/3
f 2907/13/3 3113/16/3 3112/14/3
f 2908/13/3 3114/16/3 3113/14/3
f 2993/14/2 3208/15/2 3230/13/2
f 3232/15/6 3209/13/6 3233/16/6
f 3233/16/5 3209/14/5 3006/15/5
f 3019/13/1 3004/16/1 3003/14/1
f 3003/15/2 3230/13/2 3244/16/2
f 3231/15/6 3233/13/6 3246/16/6
f 3246/13/5 3233/16/5 3005/14/5
f 3025/14/2 3244/15/2 3255/13/2
f 3304/15/4 3305/13/4 3080/16/4
f 3305/15/4 3306/13/4 3081/16/4
f 3306/15/4 3307/13/4 3082/16/4
f 3112/13/3 3325/16/3 3324/14/3
f 3113/13/3 3326/16/3 3325/14/3
f 3114/13/3 3327/16/3 3326/14/3
f 3115/13/3 3328/16/3 3327/14/3
f 3372/15/6 3351/13/6 3373/16/6
f 3429/15/6 3407/13/6 3430/16/6
f 3430/16/5 3407/14/5 3210/15/5
f 3428/15/4 3430/13/4 3209/16/4
f 3208/14/2 3427/15/2 3443/13/2
f 3444/15/5 3428/13/5 3232/16/5
f 3230/15/2 3443/13/2 3456/16/2
f 3457/16/5 3444/14/5 3231/15/5
f 3244/15/2 3456/13/2 3464/16/2
f 3246/13/3 3465/16/3 3457/14/3
f 3466/16/5 3465/14/5 3246/15/5
f 3505/15/4 3506/13/4 3305/16/4
f 3506/15/4 3507/13/4 3306/16/4
f 3507/15/4 3508/13/4 3307/16/4
f 3325/13/3 3529/16/3 3528/14/3
f 3326/13/3 3530/16/3 3529/14/3
f 3327/13/3 3531/16/3 3530/14/3
f 3530/15/6 3531/13/6 3533/16/6
f 3561/15/6 3553/13/6 3562/16/6
f 3562/16/5 3553/14/5 3372/15/5
f 3596/15/5 3582/13/5 3408/16/5
f 3597/15/4 3596/13/4 3407/16/4
f 3612/13/5 3597/16/5 3429/14/5
f 3427/14/2 3611/15/2 3623/13/2
f 3624/15/5 3612/13/5 3428/16/5
f 3443/13/2 3623/16/2 3631/14/2
f 3632/15/5 3624/13/5 3444/16/5
f 3465/13/3 3644/16/3 3632/14/3
f 3632/15/6 3644/13/6 3646/16/6
f 3646/14/5 3644/15/5 3465/13/5
f 3700/15/4 3701/13/4 3506/16/4
f 3701/15/4 3702/13/4 3507/16/4
f 3702/15/4 3703/13/4 3508/16/4
f 3529/13/3 3718/16/3 3717/14/3
f 3530/13/3 3719/16/3 3718/14/3
f 3720/13/5 3719/16/5 3530/14/5
f 3735/15/6 3720/13/6 3736/16/6
f 3736/14/5 3720/15/5 3532/13/5
f 3734/15/4 3736/13/4 3553/16/4
f 3746/14/5 3734/15/5 3561/13/5
f 3562/13/3 3752/16/3 3746/14/3
f 3746/15/6 3752/13/6 3754/16/6
f 3754/15/5 3752/13/5 3562/16/5
f 3760/16/5 3754/14/5 3573/15/5
f 3778/16/5 3770/14/5 3582/15/5
f 3779/15/4 3778/13/4 3596/16/4
f 3787/16/5 3779/14/5 3597/15/5
f 3796/14/5 3787/15/5 3612/13/5
f 3804/13/5 3796/16/5 3624/14/5
f 3812/14/5 3804/15/5 3632/13/5
f 3646/13/3 3821/16/3 3812/14/3
f 3654/13/3 3822/16/3 3821/14/3
f 3875/15/4 3876/13/4 3701/16/4
f 3876/15/4 3877/13/4 3702/16/4
f 3877/15/4 3878/13/4 3703/16/4
f 3718/13/3 3902/16/3 3900/14/3
f 3900/15/6 3902/13/6 3903/16/6
f 3719/13/3 3904/16/3 3902/14/3
f 3902/15/6 3904/13/6 3905/16/6
f 3905/14/5 3904/15/5 3719/13/5
f 3903/15/4 3905/13/4 3720/16/4
f 3901/15/6 3903/13/6 3921/16/6
f 3921/16/5 3903/14/5 3735/15/5
f 3920/15/6 3921/13/6 3938/16/6
f 3938/16/5 3921/14/5 3734/15/5
f 3937/15/6 3938/13/6 3955/16/6
f 3955/16/5 3938/14/5 3746/15/5
f 3954/15/6 3955/13/6 3972/16/6
f 3754/13/3 3956/16/3 3955/14/3
f 3955/15/6 3956/13/6 3973/16/6
f 3973/16/5 3956/14/5 3754/15/5
f 3971/15/6 3972/13/6 3989/16/6
f 3972/15/6 3973/13/6 3990/16/6
f 3990/13/5 3973/16/5 3760/14/5
f 3988/15/6 3989/13/6 4006/16/6
f 3989/15/6 3990/13/6 4007/16/6
f 4007/14/5 3990/15/5 3767/13/5
f 4005/15/6 4006/13/6 4023/16/6
f 4006/15/6 4007/13/6 4024/16/6
f 4024/14/5 4007/15/5 3770/13/5
f 4023/15/4 4024/13/4 3778/16/4
f 4022/15/6 4023/13/6 4039/16/6
f 4039/15/5 4023/13/5 3779/16/5
f 4035/15/6 4036/13/6 4050/16/6
f 4036/15/6 4037/13/6 4051/16/6
f 4038/15/6 4039/13/6 4053/16/6
f 4053/16/5 4039/14/5 3787/15/5
f 4048/15/6 4049/13/6 4061/16/6
f 4049/15/6 4050/13/6 4062/16/6
f 4050/15/6 4051/13/6 4063/16/6
f 4051/15/6 4052/13/6 4064/16/6
f 4052/15/6 4053/13/6 4065/16/6
f 4065/15/5 4053/13/5 3796/16/5
f 4060/15/6 4061/13/6 4073/16/6
f 4061/15/6 4062/13/6 4074/16/6
f 4062/15/6 4063/13/6 4075/16/6
f 4063/15/6 4064/13/6 4076/16/6
f 4064/15/6 4065/13/6 4077/16/6
f 4077/14/5 4065/15/5 3804/13/5
f 4072/15/6 4073/13/6 4095/16/6
f 4073/15/6 4074/13/6 4096/16/6
f 4074/15/6 4075/13/6 4097/16/6
f 4075/15/6 4076/13/6 4098/16/6
f 4076/15/6 4077/13/6 4099/16/6
f 3821/13/3 4078/16/3 4077/14/3
f 4077/15/6 4078/13/6 4100/16/6
f 3822/13/3 4101/16/3 4078/14/3
f 4078/15/6 4101/13/6 4102/16/6
f 4095/15/6 4096/13/6 4117/16/6
f 4096/15/6 4097/13/6 4118/16/6
f 4098/15/6 4099/13/6 4120/16/6
f 4099/15/6 4100/13/6 4121/16/6
f 4100/15/6 4102/13/6 4122/16/6
f 4115/15/6 4116/13/6 4139/16/6
f 4116/15/6 4117/13/6 4140/16/6
f 4117/15/6 4118/13/6 4141/16/6
f 4118/15/6 4119/13/6 4142/16/6
f 4119/15/6 4120/13/6 4143/16/6
f 4120/15/6 4121/13/6 4144/16/6
f 4121/15/6 4122/13/6 4145/16/6
f 4122/15/6 4123/13/6 4146/16/6
f 4138/15/6 4139/13/6 4178/16/6
f 4139/15/6 4140/13/6 4179/16/6
f 4140/15/6 4141/13/6 4180/16/6
f 4141/15/6 4142/13/6 4181/16/6
f 4142/15/6 4143/13/6 4182/16/6
f 4143/15/6 4144/13/6 4183/16/6
f 4144/15/6 4145/13/6 4184/16/6
f 4177/15/6 4178/13/6 4199/16/6
f 4178/15/6 4179/13/6 4200/16/6
f 4179/15/6 4180/13/6 4201/16/6
f 4180/15/6 4181/13/6 4202/16/6
f 4181/15/6 4182/13/6 4203/16/6
f 4182/15/6 4183/13/6 4204/16/6
f 4183/15/6 4184/13/6 4205/16/6
f 4199/15/6 4200/13/6 4217/16/6
f 4200/15/6 4201/13/6 4218/16/6
f 4202/15/6 4203/13/6 4220/16/6
f 4203/15/6 4204/13/6 4221/16/6
f 4204/15/6 4205/13/6 4222/16/6
f 4219/15/6 4220/13/6 4235/16/6
f 4220/15/6 4221/13/6 4236/16/6
f 4221/15/6 4222/13/6 4237/16/6
f 4234/15/6 4235/13/6 4250/16/6
f 4235/15/6 4236/13/6 4251/16/6
f 4236/15/6 4237/13/6 4252/16/6
f 4249/15/6 4250/13/6 4265/16/6
f 4264/15/4 4265/13/4 3876/16/4
f 4250/15/6 4251/13/6 4266/16/6
f 4265/15/4 4266/13/4 3877/16/4
f 4251/15/6 4252/13/6 4267/16/6
f 4266/15/4 4267/13/4 3878/16/4
f 261/17/1 262/26/1 240/18/1
f 261/20/5 263/24/15 264/21/5
f 281/23/1 254/25/1 253/18/1
f 282/23/1 257/25/1 254/18/1
f 283/23/1 259/25/1 257/18/1
f 284/17/1 285/26/1 259/18/1
f 286/24/5 287/21/16 285/22/5
f 302/23/1 282/25/1 281/18/1
f 303/23/1 283/25/1 282/18/1
f 304/17/1 305/26/1 283/18/1
f 306/24/5 307/21/17 305/22/5
f 326/17/1 327/26/1 303/18/1
f 328/24/5 329/21/5 327/22/5
f 345/23/1 322/25/1 320/18/1
f 346/17/1 347/26/1 322/18/1
f 348/24/5 349/21/5 347/22/5
f 363/23/1 342/25/1 341/18/1
f 364/23/1 345/25/1 342/18/1
f 365/17/1 366/26/1 345/18/1
f 367/24/5 368/21/5 366/22/5
f 383/23/1 363/25/1 361/18/1
f 384/23/1 364/25/1 363/18/1
f 385/17/1 386/26/1 364/18/1
f 387/24/5 388/21/5 386/22/5
f 402/23/1 380/25/1 379/18/1
f 403/23/1 383/25/1 380/18/1
f 404/23/1 384/25/1 383/18/1
f 405/17/1 406/26/1 384/18/1
f 407/24/5 408/21/5 406/22/5
f 422/23/1 399/25/1 398/18/1
f 423/23/1 402/25/1 399/18/1
f 424/23/1 403/25/1 402/18/1
f 425/23/1 404/25/1 403/18/1
f 426/17/1 427/26/1 404/18/1
f 428/24/5 429/21/5 427/22/5
f 440/23/1 417/25/1 416/18/1
f 441/23/1 420/25/1 417/18/1
f 442/23/1 422/25/1 420/18/1
f 443/23/1 423/25/1 422/18/1
f 444/23/1 424/25/1 423/18/1
f 445/23/1 425/25/1 424/18/1
f 446/17/1 447/26/1 425/18/1
f 448/24/5 449/21/5 447/22/5
f 458/23/1 437/25/1 436/18/1
f 459/23/1 440/25/1 437/18/1
f 460/23/1 441/25/1 440/18/1
f 461/23/1 442/25/1 441/18/1
f 462/23/1 443/25/1 442/18/1
f 463/23/1 444/25/1 443/18/1
f 464/23/1 445/25/1 444/18/1
f 465/17/1 466/26/1 445/18/1
f 467/24/5 468/21/5 466/22/5
f 478/23/1 458/25/1 456/18/1
f 479/23/1 459/25/1 458/18/1
f 480/23/1 460/25/1 459/18/1
f 481/23/1 461/25/1 460/18/1
f 482/23/1 462/25/1 461/18/1
f 483/23/1 463/25/1 462/18/1
f 484/23/1 464/25/1 463/18/1
f 485/17/1 486/26/1 464/18/1
f 487/24/5 488/21/5 486/22/5
f 499/23/1 475/25/1 474/18/1
f 498/19/4 500/23/4 499/25/4
f 501/23/1 478/25/1 475/18/1
f 500/19/4 502/23/4 501/25/4
f 503/23/1 479/25/1 478/18/1
f 502/19/4 504/23/4 503/25/4
f 505/23/1 480/25/1 479/18/1
f 504/19/4 506/23/4 505/25/4
f 507/23/1 481/25/1 480/18/1
f 506/19/4 508/23/4 507/25/4
f 509/23/1 482/25/1 481/18/1
f 508/19/4 510/23/4 509/25/4
f 511/23/1 483/25/1 482/18/1
f 510/19/4 512/23/4 511/25/4
f 513/23/1 484/25/1 483/18/1
f 512/19/4 514/23/4 513/25/4
f 515/17/1 516/26/1 484/18/1
f 517/24/5 518/21/5 516/22/5
f 514/19/4 517/17/4 515/26/4
f 604/19/6 605/23/6 617/25/6
f 605/19/6 606/23/6 618/25/6
f 618/18/6 606/19/6 619/27/6
f 620/24/10 619/21/18 622/22/11
f 634/24/13 635/21/19 636/22/13
f 646/24/5 647/21/5 648/22/5
f 654/24/5 655/21/5 656/22/5
f 661/24/5 662/21/5 663/22/5
f 669/24/5 670/21/5 671/22/5
f 677/24/5 678/21/5 679/22/5
f 685/24/5 686/21/5 687/22/5
f 695/24/5 696/21/5 697/22/5
f 702/24/5 703/21/5 704/22/5
f 710/24/5 711/21/5 712/22/5
f 718/19/4 719/23/4 502/25/4
f 719/19/4 720/23/4 504/25/4
f 720/19/4 721/23/4 506/25/4
f 721/19/4 722/23/4 508/25/4
f 722/19/4 723/23/4 510/25/4
f 723/19/4 724/23/4 512/25/4
f 724/19/4 725/23/4 514/25/4
f 727/24/5 728/21/5 729/22/5
f 725/19/4 727/17/4 726/26/4
f 849/24/5 850/21/5 851/22/5
f 856/24/5 857/21/5 858/22/5
f 864/24/5 865/21/5 866/22/5
f 872/24/5 873/21/5 874/22/5
f 880/24/5 881/21/5 882/22/5
f 888/24/5 889/21/5 890/22/5
f 898/24/5 899/21/5 900/22/5
f 905/24/5 906/21/5 907/22/5
f 913/19/4 914/23/4 719/25/4
f 914/19/4 915/23/4 720/25/4
f 915/19/4 916/23/4 721/25/4
f 916/19/4 917/23/4 722/25/4
f 917/19/4 918/23/4 723/25/4
f 918/19/4 919/23/4 724/25/4
f 919/19/4 920/23/4 725/25/4
f 922/24/5 923/21/5 924/22/5
f 920/19/4 922/17/4 921/26/4
f 1021/24/5 1022/21/5 1023/22/5
f 1027/24/5 1028/21/5 1029/22/5
f 1034/24/5 1035/21/5 1036/22/5
f 1040/24/5 1041/21/5 1042/22/5
f 1048/24/5 1049/21/5 1050/22/5
f 1056/24/5 1057/21/5 1058/22/5
f 1065/24/5 1066/21/5 1067/22/5
f 1073/24/5 1074/21/5 1075/22/5
f 1082/19/4 1083/23/4 915/25/4
f 1083/19/4 1084/23/4 916/25/4
f 1084/19/4 1085/23/4 917/25/4
f 1085/19/4 1086/23/4 918/25/4
f 1086/19/4 1087/23/4 919/25/4
f 1087/19/4 1088/23/4 920/25/4
f 1090/24/5 1091/21/5 1092/22/5
f 1088/19/4 1090/17/4 1089/26/4
f 1205/24/5 1206/21/5 1207/22/5
f 1211/24/5 1212/21/5 1213/22/5
f 1218/24/5 1219/21/5 1220/22/5
f 1224/24/5 1225/21/5 1226/22/5
f 1231/24/5 1232/21/5 1233/22/5
f 1237/24/5 1238/21/5 1239/22/5
f 1246/24/5 1247/21/5 1248/22/5
f 1254/24/5 1255/21/5 1256/22/5
f 1264/19/4 1265/23/4 1084/25/4
f 1265/19/4 1266/23/4 1085/25/4
f 1266/19/4 1267/23/4 1086/25/4
f 1267/19/4 1268/23/4 1087/25/4
f 1268/19/4 1269/23/4 1088/25/4
f 1271/24/5 1272/21/5 1273/22/5
f 1269/19/4 1271/17/4 1270/26/4
f 1393/24/5 1394/21/5 1395/22/5
f 1399/24/5 1400/21/5 1401/22/5
f 1405/24/5 1406/21/5 1407/22/5
f 1413/24/5 1414/21/5 1415/22/5
f 1419/24/5 1420/21/5 1421/22/5
f 1427/24/5 1428/21/5 1429/22/5
f 1434/24/5 1435/21/5 1436/22/5
f 1442/24/5 1443/21/5 1444/22/5
f 1453/19/4 1454/23/4 1266/25/4
f 1454/19/4 1455/23/4 1267/25/4
f 1455/19/4 1456/23/4 1268/25/4
f 1456/19/4 1457/23/4 1269/25/4
f 1459/24/5 1460/21/5 1461/22/5
f 1457/19/4 1459/17/4 1458/26/4
f 1582/24/5 1583/21/5 1584/22/5
f 1593/24/5 1594/21/5 1595/22/5
f 1599/24/5 1600/21/5 1601/22/5
f 1606/24/5 1607/21/5 1608/22/5
f 1612/24/5 1613/21/5 1614/22/5
f 1618/24/5 1619/21/5 1620/22/5
f 1626/24/5 1627/21/5 1628/22/5
f 1634/24/5 1635/21/5 1636/22/5
f 1646/19/4 1647/23/4 1455/25/4
f 1647/19/4 1648/23/4 1456/25/4
f 1648/19/4 1649/23/4 1457/25/4
f 1651/24/5 1652/21/5 1653/22/5
f 1649/19/4 1651/17/4 1650/26/4
f 1786/24/5 1787/21/5 1788/22/5
f 1796/24/5 1797/21/5 1798/22/5
f 1802/24/5 1803/21/5 1804/22/5
f 1809/24/5 1810/21/5 1811/22/5
f 1817/24/5 1818/21/5 1819/22/5
f 1823/24/5 1824/21/5 1825/22/5
f 1831/24/5 1832/21/5 1833/22/5
f 1844/19/4 1845/23/4 1648/25/4
f 1845/19/4 1846/23/4 1649/25/4
f 1848/24/5 1849/21/5 1850/22/5
f 1846/19/4 1848/17/4 1847/26/4
f 1990/24/5 1991/21/5 1992/22/5
f 1996/24/5 1997/21/5 1998/22/5
f 2002/24/5 2003/21/5 2004/22/5
f 2008/24/5 2009/21/5 2010/22/5
f 2016/24/5 2017/21/5 2018/22/5
f 2022/24/5 2023/21/5 2024/22/5
f 2036/19/4 2037/23/4 1846/25/4
f 2039/24/5 2040/21/5 2041/22/5
f 2037/19/4 2039/17/4 2038/26/4
f 2180/24/5 2181/21/5 2182/22/5
f 2186/24/5 2187/21/5 2188/22/5
f 2192/24/5 2193/21/5 2194/22/5
f 2200/24/5 2201/21/5 2202/22/5
f 2214/19/4 2215/23/4 2037/25/4
f 2217/24/5 2218/21/5 2219/22/5
f 2215/19/4 2217/17/4 2216/26/4
f 2347/24/5 2348/21/5 2349/22/5
f 2353/24/5 2354/21/5 2355/22/5
f 2359/24/5 2360/21/5 2361/22/5
f 2376/24/5 2377/21/5 2378/22/5
f 2374/19/4 2376/17/4 2375/26/4
f 2535/24/5 2536/21/5 2537/22/5
f 2533/19/4 2535/17/4 2534/26/4
f 3235/24/5 3236/21/5 3237/22/5
f 3248/24/5 3249/21/5 3250/22/5
f 3432/24/5 3433/21/5 3434/22/5
f 3446/24/5 3447/21/5 3448/22/5
f 3459/24/5 3460/21/5 3461/22/5
f 3468/24/5 3469/21/5 3470/22/5
f 3564/24/5 3565/21/5 3566/22/5
f 3599/24/5 3600/21/5 3601/22/5
f 3614/24/5 3615/21/5 3616/22/5
f 3626/24/5 3627/21/5 3628/22/5
f 3634/24/5 3635/21/5 3636/22/5
f 3648/24/5 3649/21/5 3650/22/5
f 3721/17/3 3722/26/3 3719/18/3
f 3724/24/5 3722/21/5 3721/22/5
f 3738/24/5 3739/21/5 3740/22/5
f 3748/24/5 3749/21/5 3750/22/5
f 3756/24/5 3757/21/5 3758/22/5
f 3762/24/5 3763/21/5 3764/22/5
f 3781/24/5 3782/21/5 3783/22/5
f 3789/24/5 3790/21/5 3791/22/5
f 3798/24/5 3799/21/5 3800/22/5
f 3806/24/5 3807/21/5 3808/22/5
f 3814/24/5 3815/21/5 3816/22/5
f 3906/17/3 3907/26/3 3904/18/3
f 3904/19/6 3907/17/6 3908/26/6
f 3908/24/5 3907/21/5 3906/22/5
f 3903/19/6 3905/23/6 3922/25/6
f 3905/19/6 3923/17/6 3924/26/6
f 3924/24/5 3923/21/5 3926/22/5
f 3921/19/6 3922/23/6 3939/25/6
f 3922/19/6 3940/17/6 3941/26/6
f 3941/24/5 3940/21/5 3943/22/5
f 3938/19/6 3939/23/6 3956/25/6
f 3939/19/6 3957/17/6 3958/26/6
f 3958/24/5 3957/21/5 3960/22/5
f 3956/19/6 3974/17/6 3975/26/6
f 3975/24/5 3974/21/5 3977/22/5
f 3973/19/6 3991/17/6 3992/26/6
f 3992/24/5 3991/21/5 3994/22/5
f 3990/19/6 4008/17/6 4009/26/6
f 4009/24/5 4008/21/5 4011/22/5
f 4007/19/6 4025/17/6 4026/26/6
f 4026/24/5 4025/21/5 4028/22/5
f 4023/19/6 4024/23/6 4040/25/6
f 4024/19/6 4041/17/6 4042/26/6
f 4042/24/5 4041/21/5 4044/22/5
f 4039/19/6 4040/23/6 4054/25/6
f 4040/19/6 4055/17/6 4056/26/6
f 4056/24/5 4055/21/5 4058/22/5
f 4053/19/6 4054/23/6 4066/25/6
f 4054/19/6 4067/17/6 4068/26/6
f 4068/24/5 4067/21/5 4070/22/5
f 4065/19/6 4066/23/6 4078/25/6
f 4066/19/6 4079/17/6 4080/26/6
f 4080/24/5 4079/21/5 4082/22/5
f 273/29/1 274/32/1 251/30/1
f 274/29/3 275/32/3 252/30/3
f 276/29/1 277/32/1 274/30/1
f 277/29/3 278/32/3 275/30/3
f 279/29/1 253/32/1 277/30/1
f 253/29/3 255/32/3 278/30/3
f 280/29/5 255/32/5 253/30/5
f 296/29/1 273/32/1 272/30/1
f 297/29/1 276/32/1 273/30/1
f 298/29/1 279/32/1 276/30/1
f 299/29/1 281/32/1 279/30/1
f 281/29/3 300/32/3 280/30/3
f 301/31/5 300/29/5 281/32/5
f 318/29/1 298/32/1 297/30/1
f 319/29/1 299/32/1 298/30/1
f 320/29/1 302/32/1 299/30/1
f 302/29/3 321/32/3 301/30/3
f 322/29/1 303/32/1 302/30/1
f 303/29/3 323/32/3 321/30/3
f 324/31/5 323/29/5 303/32/5
f 325/31/4 324/29/4 322/32/4
f 339/29/1 317/32/1 316/30/1
f 340/29/1 318/32/1 317/30/1
f 341/29/1 319/32/1 318/30/1
f 342/29/1 320/32/1 319/30/1
f 343/29/5 325/32/5 320/30/5
f 344/31/4 343/29/4 342/32/4
f 358/29/1 338/32/1 337/30/1
f 359/29/1 339/32/1 338/30/1
f 360/29/1 340/32/1 339/30/1
f 361/29/1 341/32/1 340/30/1
f 362/31/5 344/29/5 341/32/5
f 377/29/1 358/32/1 357/30/1
f 378/29/1 359/32/1 358/30/1
f 379/29/1 360/32/1 359/30/1
f 380/29/1 361/32/1 360/30/1
f 381/30/5 362/31/5 361/29/5
f 382/31/4 381/29/4 380/32/4
f 397/29/1 377/32/1 376/30/1
f 398/29/1 378/32/1 377/30/1
f 399/29/1 379/32/1 378/30/1
f 400/32/5 382/30/5 379/31/5
f 401/31/4 400/29/4 399/32/4
f 415/29/1 395/32/1 394/30/1
f 416/29/1 396/32/1 395/30/1
f 417/29/1 397/32/1 396/30/1
f 418/31/4 419/29/4 417/32/4
f 420/29/1 398/32/1 397/30/1
f 421/29/5 401/32/5 398/30/5
f 419/31/4 421/29/4 420/32/4
f 435/29/1 414/32/1 413/30/1
f 436/29/1 415/32/1 414/30/1
f 437/29/1 416/32/1 415/30/1
f 438/31/5 418/29/5 416/32/5
f 439/31/4 438/29/4 437/32/4
f 454/29/1 434/32/1 433/30/1
f 455/29/1 435/32/1 434/30/1
f 456/29/1 436/32/1 435/30/1
f 457/29/5 439/32/5 436/30/5
f 473/29/1 454/32/1 453/30/1
f 474/29/1 455/32/1 454/30/1
f 475/29/1 456/32/1 455/30/1
f 476/32/5 457/30/5 456/31/5
f 477/31/4 476/29/4 475/32/4
f 275/29/3 614/32/3 602/30/3
f 278/29/3 615/32/3 614/30/3
f 255/29/3 603/32/3 615/30/3
f 300/29/1 256/32/1 255/30/1
f 616/32/5 604/30/5 256/31/5
f 629/31/6 630/29/6 631/32/6
f 632/29/5 616/32/5 300/30/5
f 321/29/3 642/32/3 632/30/3
f 323/29/3 643/32/3 642/30/3
f 644/29/5 643/32/5 323/30/5
f 650/29/1 324/32/1 325/30/1
f 651/31/5 644/29/5 324/32/5
f 652/31/4 651/29/4 650/32/4
f 658/29/1 343/32/1 344/30/1
f 659/30/5 652/31/5 343/29/5
f 665/29/1 658/32/1 362/30/1
f 666/29/5 659/32/5 658/30/5
f 667/31/4 666/29/4 665/32/4
f 673/29/1 381/32/1 382/30/1
f 674/29/5 667/32/5 381/30/5
f 675/31/4 674/29/4 673/32/4
f 681/29/1 400/32/1 401/30/1
f 682/29/5 675/32/5 400/30/5
f 683/31/4 682/29/4 681/32/4
f 689/29/1 419/32/1 418/30/1
f 690/31/4 691/29/4 689/32/4
f 692/29/1 421/32/1 419/30/1
f 693/31/5 683/29/5 421/32/5
f 691/31/4 693/29/4 692/32/4
f 699/29/1 438/32/1 439/30/1
f 700/29/5 690/32/5 438/30/5
f 706/29/1 699/32/1 457/30/1
f 707/30/5 700/31/5 699/29/5
f 708/31/4 707/29/4 706/32/4
f 715/31/4 716/29/4 496/32/4
f 716/31/4 717/29/4 498/32/4
f 500/29/1 476/32/1 477/30/1
f 718/32/5 708/30/5 476/31/5
f 717/31/4 718/29/4 500/32/4
f 614/29/3 814/32/3 803/30/3
f 803/31/6 814/29/6 816/32/6
f 615/29/3 817/32/3 814/30/3
f 814/31/6 817/29/6 818/32/6
f 816/31/4 818/29/4 630/32/4
f 603/29/3 804/32/3 817/30/3
f 817/31/6 804/29/6 819/32/6
f 820/32/5 805/30/5 604/31/5
f 642/29/1 617/32/1 616/30/1
f 617/29/3 830/32/3 820/30/3
f 643/29/1 618/32/1 617/30/1
f 618/29/3 831/32/3 830/30/3
f 832/29/1 833/32/1 618/30/1
f 833/29/3 834/32/3 831/30/3
f 835/30/5 834/31/5 833/29/5
f 839/29/1 832/32/1 643/30/1
f 840/29/5 835/32/5 832/30/5
f 841/31/4 840/29/4 839/32/4
f 847/30/5 841/31/5 644/29/5
f 853/29/1 651/32/1 652/30/1
f 854/31/5 847/29/5 651/32/5
f 860/29/1 853/32/1 659/30/1
f 861/31/5 854/29/5 853/32/5
f 862/31/4 861/29/4 860/32/4
f 868/29/1 666/32/1 667/30/1
f 869/30/5 862/31/5 666/29/5
f 870/31/4 869/29/4 868/32/4
f 876/29/1 674/32/1 675/30/1
f 877/32/5 870/30/5 674/31/5
f 878/31/4 877/29/4 876/32/4
f 884/29/1 682/32/1 683/30/1
f 885/32/5 878/30/5 682/31/5
f 886/31/4 885/29/4 884/32/4
f 892/29/1 691/32/1 690/30/1
f 893/31/4 894/29/4 892/32/4
f 895/29/1 693/32/1 691/30/1
f 896/31/5 886/29/5 693/32/5
f 894/31/4 896/29/4 895/32/4
f 902/30/5 893/31/5 700/29/5
f 903/31/4 902/29/4 707/32/4
f 830/29/1 806/32/1 805/30/1
f 831/29/1 807/32/1 806/30/1
f 834/29/1 808/32/1 807/30/1
f 998/31/5 988/29/5 808/32/5
f 1006/31/5 998/29/5 834/32/5
f 1014/32/5 1006/30/5 835/31/5
f 1015/31/4 1014/29/4 840/32/4
f 1019/29/5 1015/32/5 841/30/5
f 1025/32/5 1019/30/5 847/31/5
f 1031/32/5 1025/30/5 854/31/5
f 1032/31/4 1031/29/4 861/32/4
f 1038/30/5 1032/31/5 862/29/5
f 1044/29/1 869/32/1 870/30/1
f 1045/32/5 1038/30/5 869/31/5
f 1046/31/4 1045/29/4 1044/32/4
f 1192/29/5 1183/32/5 998/30/5
f 1198/30/5 1192/31/5 1006/29/5
f 1199/31/4 1198/29/4 1014/32/4
f 1203/30/5 1199/31/5 1015/29/5
f 1209/30/5 1203/31/5 1019/29/5
f 1215/30/5 1209/31/5 1025/29/5
f 1216/31/4 1215/29/4 1031/32/4
f 1222/31/5 1216/29/5 1032/32/5
f 1228/30/5 1222/31/5 1038/29/5
f 1229/31/4 1228/29/4 1045/32/4
f 1369/29/5 1363/32/5 1183/30/5
f 1383/29/5 1369/32/5 1192/30/5
f 1384/31/4 1383/29/4 1198/32/4
f 1391/29/5 1384/32/5 1199/30/5
f 1397/31/5 1391/29/5 1203/32/5
f 1403/32/5 1397/30/5 1209/31/5
f 1409/29/1 1215/32/1 1216/30/1
f 1410/32/5 1403/30/5 1215/31/5
f 1411/31/4 1410/29/4 1409/32/4
f 1417/30/5 1411/31/5 1222/29/5
f 1569/32/5 1559/30/5 1369/31/5
f 1570/31/4 1569/29/4 1383/32/4
f 1580/29/5 1570/32/5 1384/30/5
f 1591/30/5 1580/31/5 1391/29/5
f 1597/31/5 1591/29/5 1397/32/5
f 1603/30/5 1597/31/5 1403/29/5
f 1604/31/4 1603/29/4 1410/32/4
f 1784/30/5 1779/31/5 1580/29/5
f 497/33/1 474/36/1 473/34/1
f 498/35/5 477/33/5 474/36/5
f 496/35/4 498/33/4 497/36/4
f 1052/33/1 877/36/1 878/34/1
f 1053/35/5 1046/33/5 877/36/5
f 1054/35/4 1053/33/4 1052/36/4
f 1060/35/4 1061/33/4 896/36/4
f 1062/33/1 885/36/1 886/34/1
f 1063/35/5 1054/33/5 885/36/5
f 1061/35/4 1063/33/4 1062/36/4
f 1069/33/1 894/36/1 893/34/1
f 1070/35/5 1060/33/5 894/36/5
f 1071/35/4 1070/33/4 1069/36/4
f 1235/35/5 1229/33/5 1046/36/5
f 828/37/5 816/58/5 629/38/5
f 118/40/1 119/43/1 80/41/1
f 119/40/3 120/43/3 81/41/3
f 81/42/6 120/40/6 122/43/6
f 121/42/4 122/40/4 118/43/4
f 123/40/1 82/43/1 119/41/1
f 82/40/3 84/43/3 120/41/3
f 120/42/6 84/40/6 124/43/6
f 122/42/4 124/40/4 123/43/4
f 125/40/1 83/43/1 82/41/1
f 126/40/1 85/43/1 83/41/1
f 127/40/1 90/43/1 85/41/1
f 128/40/1 91/43/1 90/41/1
f 129/40/1 96/43/1 91/41/1
f 96/40/3 99/43/3 94/41/3
f 94/42/6 99/40/6 131/43/6
f 130/42/4 131/40/4 129/43/4
f 1156/40/1 1157/43/1 981/41/1
f 1157/40/3 1158/43/3 1141/41/3
f 1141/42/6 1158/40/6 1160/43/6
f 1159/42/4 1160/40/4 1156/43/4
f 1161/40/1 1162/43/1 1157/41/1
f 1162/40/3 1163/43/3 1158/41/3
f 1158/42/6 1163/40/6 1164/43/6
f 1160/42/4 1164/40/4 1161/43/4
f 1165/40/1 1166/43/1 1162/41/1
f 1166/40/3 1167/43/3 1163/41/3
f 1163/42/6 1167/40/6 1168/43/6
f 1164/42/4 1168/40/4 1165/43/4
f 1169/40/1 1143/43/1 1166/41/1
f 1143/40/3 1146/43/3 1167/41/3
f 1167/42/6 1146/40/6 1170/43/6
f 1168/42/4 1170/40/4 1169/43/4
f 1171/40/1 1144/43/1 1143/41/1
f 1170/42/4 1172/40/4 1171/43/4
f 989/40/1 982/43/1 1144/41/1
f 1172/42/4 1173/40/4 989/43/4
f 1158/40/1 1335/43/1 1133/41/1
f 1335/40/3 1336/43/3 1319/41/3
f 1319/42/6 1336/40/6 1338/43/6
f 1337/42/4 1338/40/4 1158/43/4
f 1163/40/1 1339/43/1 1335/41/1
f 1339/40/3 1340/43/3 1336/41/3
f 1336/42/6 1340/40/6 1341/43/6
f 1338/42/4 1341/40/4 1163/43/4
f 1167/40/1 1342/43/1 1339/41/1
f 1342/40/3 1343/43/3 1340/41/3
f 1340/42/6 1343/40/6 1344/43/6
f 1341/42/4 1344/40/4 1167/43/4
f 1146/40/1 1147/43/1 1342/41/1
f 1147/40/3 1322/43/3 1343/41/3
f 1343/42/6 1322/40/6 1345/43/6
f 1344/42/4 1345/40/4 1146/43/4
f 1946/40/1 1936/43/1 1935/41/1
f 1936/40/3 2113/43/3 2112/41/3
f 2112/42/6 2113/40/6 2130/43/6
f 2129/42/4 2130/40/4 1946/43/4
f 1954/40/1 1955/43/1 1951/41/1
f 1955/40/3 2122/43/3 2119/41/3
f 2119/42/6 2122/40/6 2132/43/6
f 2131/42/4 2132/40/4 1954/43/4
f 2824/40/1 2825/43/1 2643/41/1
f 2825/40/3 2826/43/3 2814/41/3
f 2814/42/6 2826/40/6 2828/43/6
f 2827/42/4 2828/40/4 2824/43/4
f 2829/40/1 2830/43/1 2825/41/1
f 2830/40/3 2831/43/3 2826/41/3
f 2826/42/6 2831/40/6 2832/43/6
f 2828/42/4 2832/40/4 2829/43/4
f 2833/40/1 2834/43/1 2830/41/1
f 2834/40/3 2835/43/3 2831/41/3
f 2831/42/6 2835/40/6 2836/43/6
f 2832/42/4 2836/40/4 2833/43/4
f 2650/40/1 2651/43/1 2834/41/1
f 2651/40/3 2816/43/3 2835/41/3
f 2835/42/6 2816/40/6 2837/43/6
f 2836/42/4 2837/40/4 2650/43/4
f 3195/40/1 3196/43/1 2959/41/1
f 3196/40/3 3197/43/3 3174/41/3
f 3174/42/6 3197/40/6 3199/43/6
f 3198/42/4 3199/40/4 3195/43/4
f 2970/40/1 2971/43/1 3196/41/1
f 2971/40/3 3176/43/3 3197/41/3
f 3197/42/6 3176/40/6 3200/43/6
f 3199/42/4 3200/40/4 2970/43/4
f 2984/40/1 2985/43/1 2977/41/1
f 2985/40/3 3187/43/3 3184/41/3
f 3184/42/6 3187/40/6 3202/43/6
f 3201/42/4 3202/40/4 2984/43/4
f 3329/40/1 3330/43/1 3115/41/1
f 3330/40/3 3331/43/3 3328/41/3
f 3328/42/6 3331/40/6 3333/43/6
f 3332/42/4 3333/40/4 3329/43/4
f 3119/40/1 3120/43/1 3330/41/1
f 3120/40/3 3334/43/3 3331/41/3
f 3331/42/6 3334/40/6 3335/43/6
f 3333/42/4 3335/40/4 3119/43/4
f 3121/40/3 3336/43/3 3334/41/3
f 3123/40/3 3337/43/3 3336/41/3
f 3124/40/3 3338/43/3 3337/41/3
f 3127/40/3 3339/43/3 3338/41/3
f 3130/40/3 3340/43/3 3339/41/3
f 3137/40/1 3138/43/1 3130/41/1
f 3138/40/3 3341/43/3 3340/41/3
f 3340/42/6 3341/40/6 3343/43/6
f 3342/42/4 3343/40/4 3137/43/4
f 4147/40/1 4148/43/1 3834/41/1
f 4148/40/3 4149/43/3 4123/41/3
f 4123/42/6 4149/40/6 4150/43/6
f 4146/42/4 4150/40/4 4147/43/4
f 4151/40/1 4152/43/1 4148/41/1
f 4152/40/3 4153/43/3 4149/41/3
f 4149/42/6 4153/40/6 4154/43/6
f 4150/42/4 4154/40/4 4151/43/4
f 4155/40/1 4156/43/1 4152/41/1
f 4156/40/3 4157/43/3 4153/41/3
f 4153/42/6 4157/40/6 4158/43/6
f 4154/42/4 4158/40/4 4155/43/4
f 4159/40/1 4160/43/1 4156/41/1
f 4160/40/3 4161/43/3 4157/41/3
f 4157/42/6 4161/40/6 4162/43/6
f 4158/42/4 4162/40/4 4159/43/4
f 3841/40/1 3842/43/1 4160/41/1
f 3842/40/3 4125/43/3 4161/41/3
f 4161/42/6 4125/40/6 4163/43/6
f 4162/42/4 4163/40/4 3841/43/4
f 4125/42/6 4127/40/6 4164/43/6
f 4127/42/6 4128/40/6 4165/43/6
f 51/44/1 52/47/1 49/45/1
f 49/45/2 54/46/2 53/44/2
f 52/44/3 55/47/3 54/45/3
f 56/44/1 57/47/1 52/45/1
f 57/44/3 58/47/3 55/45/3
f 59/44/1 60/47/1 57/45/1
f 60/44/3 61/47/3 58/45/3
f 62/44/1 63/47/1 60/45/1
f 63/44/3 64/47/3 61/45/3
f 65/46/5 64/44/5 63/47/5
f 83/44/1 51/47/1 50/45/1
f 50/45/2 53/46/2 84/44/2
f 85/44/1 56/47/1 51/45/1
f 87/46/6 88/44/6 89/47/6
f 90/44/1 59/47/1 56/45/1
f 91/44/1 62/47/1 59/45/1
f 93/46/6 65/44/6 94/47/6
f 94/46/5 65/44/5 62/47/5
f 97/44/1 98/47/1 95/45/1
f 95/45/2 100/46/2 99/44/2
f 98/44/3 101/47/3 100/45/3
f 100/46/6 101/44/6 102/47/6
f 102/46/5 101/44/5 98/47/5
f 132/44/1 97/47/1 96/45/1
f 133/46/5 102/44/5 97/47/5
f 151/44/1 125/47/1 123/45/1
f 123/45/2 124/46/2 152/44/2
f 153/44/1 126/47/1 125/45/1
f 155/46/6 156/44/6 157/47/6
f 154/46/4 157/44/4 153/47/4
f 158/44/1 127/47/1 126/45/1
f 159/44/1 128/47/1 127/45/1
f 161/46/6 130/44/6 162/47/6
f 162/46/5 130/44/5 128/47/5
f 160/46/4 162/44/4 159/47/4
f 164/44/1 132/47/1 129/45/1
f 129/45/2 131/46/2 165/44/2
f 131/46/6 133/44/6 166/47/6
f 166/46/5 133/44/5 132/47/5
f 165/46/4 166/44/4 164/47/4
f 184/44/1 151/47/1 150/45/1
f 150/45/2 152/46/2 185/44/2
f 186/46/5 154/44/5 151/47/5
f 185/46/4 186/44/4 184/47/4
f 188/44/1 158/47/1 153/45/1
f 153/45/2 157/46/2 189/44/2
f 190/46/5 160/44/5 158/47/5
f 189/46/4 190/44/4 188/47/4
f 54/45/2 537/46/2 536/44/2
f 55/44/3 538/47/3 537/45/3
f 58/44/3 539/47/3 538/45/3
f 538/46/6 539/44/6 541/47/6
f 540/46/4 541/44/4 88/47/4
f 61/44/3 542/47/3 539/45/3
f 539/46/6 542/44/6 543/47/6
f 64/44/3 544/47/3 542/45/3
f 542/46/6 544/44/6 545/47/6
f 545/46/5 544/44/5 64/47/5
f 543/46/4 545/44/4 65/47/4
f 53/45/2 536/46/2 549/44/2
f 550/46/5 540/44/5 87/47/5
f 88/45/2 541/46/2 551/44/2
f 552/46/5 543/44/5 93/47/5
f 84/45/2 549/46/2 555/44/2
f 89/44/3 551/47/3 550/45/3
f 550/46/6 551/44/6 557/47/6
f 556/46/4 557/44/4 156/47/4
f 94/44/3 558/47/3 552/45/3
f 552/46/6 558/44/6 560/47/6
f 560/46/5 558/44/5 94/47/5
f 559/46/4 560/44/4 130/47/4
f 99/45/2 562/46/2 561/44/2
f 102/44/3 563/47/3 562/45/3
f 562/46/6 563/44/6 564/47/6
f 564/46/5 563/44/5 102/47/5
f 561/46/4 564/44/4 133/47/4
f 124/45/2 555/46/2 567/44/2
f 568/46/5 556/44/5 155/47/5
f 156/45/2 557/46/2 569/44/2
f 570/46/5 559/44/5 161/47/5
f 152/45/2 567/46/2 573/44/2
f 567/46/6 568/44/6 574/47/6
f 574/46/5 568/44/5 154/47/5
f 573/46/4 574/44/4 186/47/4
f 157/45/2 569/46/2 575/44/2
f 569/46/6 570/44/6 576/47/6
f 576/46/5 570/44/5 160/47/5
f 575/46/4 576/44/4 190/47/4
f 587/44/1 588/47/1 585/45/1
f 585/45/2 590/46/2 589/44/2
f 588/44/3 591/47/3 590/45/3
f 592/46/5 591/44/5 588/47/5
f 598/44/1 587/47/1 586/45/1
f 586/45/2 589/46/2 599/44/2
f 600/46/5 592/44/5 587/47/5
f 610/44/1 598/47/1 597/45/1
f 597/45/2 599/46/2 611/44/2
f 612/46/5 600/44/5 598/47/5
f 624/44/1 610/47/1 609/45/1
f 609/45/2 611/46/2 625/44/2
f 626/46/5 612/44/5 610/47/5
f 638/44/1 624/47/1 623/45/1
f 623/45/2 625/46/2 639/44/2
f 640/46/5 626/44/5 624/47/5
f 639/46/4 640/44/4 638/47/4
f 537/45/2 748/46/2 747/44/2
f 538/44/3 749/47/3 748/45/3
f 750/46/5 749/44/5 538/47/5
f 536/45/2 747/46/2 754/44/2
f 747/46/6 750/44/6 755/47/6
f 755/46/5 750/44/5 540/47/5
f 541/45/2 757/46/2 756/44/2
f 543/44/3 758/47/3 757/45/3
f 757/46/6 758/44/6 759/47/6
f 759/46/5 758/44/5 543/47/5
f 549/45/2 754/46/2 762/44/2
f 754/46/6 755/44/6 763/47/6
f 763/46/5 755/44/5 550/47/5
f 551/45/2 756/46/2 764/44/2
f 756/46/6 759/44/6 765/47/6
f 765/46/5 759/44/5 552/47/5
f 555/45/2 762/46/2 768/44/2
f 762/46/6 763/44/6 769/47/6
f 769/46/5 763/44/5 556/47/5
f 768/46/4 769/44/4 568/47/4
f 557/45/2 764/46/2 770/44/2
f 764/46/6 765/44/6 771/47/6
f 771/46/5 765/44/5 559/47/5
f 770/46/4 771/44/4 570/47/4
f 591/44/1 777/47/1 776/45/1
f 776/45/2 779/46/2 778/44/2
f 777/44/3 780/47/3 779/45/3
f 781/46/5 780/44/5 777/47/5
f 590/45/2 778/46/2 788/44/2
f 789/46/5 781/44/5 591/47/5
f 599/44/1 589/47/1 794/45/1
f 794/45/2 797/46/2 796/44/2
f 589/44/3 788/47/3 797/45/3
f 798/44/1 799/47/1 592/45/1
f 799/44/3 800/47/3 789/45/3
f 801/46/5 800/44/5 799/47/5
f 611/44/1 599/47/1 795/45/1
f 795/45/2 796/46/2 810/44/2
f 811/44/1 798/47/1 600/45/1
f 812/46/5 801/44/5 798/47/5
f 625/44/1 611/47/1 809/45/1
f 809/45/2 810/46/2 822/44/2
f 822/46/4 823/44/4 625/47/4
f 824/44/1 811/47/1 612/45/1
f 825/46/5 812/44/5 811/47/5
f 826/46/4 825/44/4 824/47/4
f 625/45/2 823/46/2 836/44/2
f 837/46/5 826/44/5 626/47/5
f 843/44/1 640/47/1 639/45/1
f 639/45/2 836/46/2 844/44/2
f 845/46/5 837/44/5 640/47/5
f 844/46/4 845/44/4 843/47/4
f 748/45/2 943/46/2 942/44/2
f 749/44/3 944/47/3 943/45/3
f 943/46/6 944/44/6 945/47/6
f 945/46/5 944/44/5 749/47/5
f 942/46/4 945/44/4 750/47/4
f 779/45/2 958/46/2 957/44/2
f 780/44/3 959/47/3 958/45/3
f 960/46/5 959/44/5 780/47/5
f 788/44/1 778/47/1 970/45/1
f 970/45/2 972/46/2 971/44/2
f 778/44/3 957/47/3 972/45/3
f 800/44/1 973/47/1 781/45/1
f 973/44/3 974/47/3 960/45/3
f 975/46/5 974/44/5 973/47/5
f 797/45/2 971/46/2 982/44/2
f 983/46/5 975/44/5 800/47/5
f 796/45/2 982/46/2 989/44/2
f 990/44/1 991/47/1 801/45/1
f 991/44/3 992/47/3 983/45/3
f 993/46/5 992/44/5 991/47/5
f 994/46/4 993/44/4 990/47/4
f 810/45/2 989/46/2 999/44/2
f 1000/46/5 994/44/5 812/47/5
f 836/44/1 823/47/1 822/45/1
f 822/45/2 999/46/2 1008/44/2
f 1008/46/4 1009/44/4 836/47/4
f 1010/44/1 825/47/1 826/45/1
f 1011/46/5 1000/44/5 825/47/5
f 1012/46/4 1011/44/4 1010/47/4
f 836/45/2 1009/46/2 1016/44/2
f 1017/46/5 1012/44/5 837/47/5
f 1016/46/4 1017/44/4 845/47/4
f 958/45/2 1125/46/2 1124/44/2
f 959/44/3 1126/47/3 1125/45/3
f 1127/46/5 1126/44/5 959/47/5
f 972/45/2 1135/46/2 1134/44/2
f 957/44/3 1124/47/3 1135/45/3
f 974/44/3 1136/47/3 1127/45/3
f 1137/46/5 1136/44/5 974/47/5
f 1144/44/1 1145/47/1 1142/45/1
f 1142/45/2 1147/46/2 1146/44/2
f 1145/44/3 1148/47/3 1147/45/3
f 982/44/1 971/47/1 1145/45/1
f 971/44/3 1134/47/3 1148/45/3
f 992/44/1 1149/47/1 975/45/1
f 1149/44/3 1150/47/3 1137/45/3
f 1137/46/6 1150/44/6 1152/47/6
f 1152/46/5 1150/44/5 1149/47/5
f 1174/44/1 1175/47/1 992/45/1
f 1175/44/3 1176/47/3 1152/45/3
f 1152/46/6 1176/44/6 1178/47/6
f 1178/46/5 1176/44/5 1175/47/5
f 1177/46/4 1178/44/4 1174/47/4
f 989/45/2 1173/46/2 1184/44/2
f 1185/44/1 993/47/1 994/45/1
f 1187/46/6 1177/44/6 1188/47/6
f 1188/46/5 1177/44/5 993/47/5
f 1186/46/4 1188/44/4 1185/47/4
f 999/45/2 1184/46/2 1193/44/2
f 1193/46/4 1194/44/4 1009/47/4
f 1195/46/5 1186/44/5 1000/47/5
f 1196/46/4 1195/44/4 1011/47/4
f 1009/45/2 1194/46/2 1200/44/2
f 1201/46/5 1196/44/5 1012/47/5
f 1200/46/4 1201/44/4 1017/47/4
f 1125/45/2 1310/46/2 1309/44/2
f 1126/44/3 1311/47/3 1310/45/3
f 1312/46/5 1311/44/5 1126/47/5
f 1148/44/1 1321/47/1 1320/45/1
f 1320/45/2 1323/46/2 1322/44/2
f 1321/44/3 1324/47/3 1323/45/3
f 1323/46/6 1324/44/6 1325/47/6
f 1134/44/1 1135/47/1 1321/45/1
f 1135/44/3 1326/47/3 1324/45/3
f 1324/46/6 1326/44/6 1327/47/6
f 1124/44/3 1309/47/3 1326/45/3
f 1326/46/6 1309/44/6 1328/47/6
f 1136/44/3 1329/47/3 1312/45/3
f 1312/46/6 1329/44/6 1331/47/6
f 1331/46/5 1329/44/5 1136/47/5
f 1346/46/5 1331/44/5 1137/47/5
f 1146/45/2 1345/46/2 1351/44/2
f 1345/46/6 1352/44/6 1353/47/6
f 1351/46/4 1353/44/4 1172/47/4
f 1352/46/6 1354/44/6 1355/47/6
f 1353/46/4 1355/44/4 1173/47/4
f 1152/44/3 1356/47/3 1346/45/3
f 1346/46/6 1356/44/6 1358/47/6
f 1358/46/5 1356/44/5 1152/47/5
f 1357/46/4 1358/44/4 1177/47/4
f 1173/45/2 1355/46/2 1364/44/2
f 1365/46/5 1357/44/5 1187/47/5
f 1184/45/2 1364/46/2 1370/44/2
f 1364/46/6 1371/44/6 1372/47/6
f 1370/46/4 1372/44/4 1194/47/4
f 1374/46/6 1365/44/6 1375/47/6
f 1375/46/5 1365/44/5 1186/47/5
f 1373/46/4 1375/44/4 1195/47/4
f 1194/45/2 1372/46/2 1385/44/2
f 1386/46/5 1373/44/5 1196/47/5
f 1385/46/4 1386/44/4 1201/47/4
f 1310/45/2 1499/46/2 1498/44/2
f 1311/44/3 1500/47/3 1499/45/3
f 1499/46/6 1500/44/6 1501/47/6
f 1501/46/5 1500/44/5 1311/47/5
f 1309/45/2 1498/46/2 1507/44/2
f 1508/46/5 1501/44/5 1312/47/5
f 1322/45/2 1514/46/2 1513/44/2
f 1325/44/3 1515/47/3 1514/45/3
f 1514/46/6 1515/44/6 1516/47/6
f 1513/46/4 1516/44/4 1352/47/4
f 1327/44/3 1517/47/3 1515/45/3
f 1515/46/6 1517/44/6 1518/47/6
f 1516/46/4 1518/44/4 1354/47/4
f 1328/44/3 1507/47/3 1517/45/3
f 1517/46/6 1507/44/6 1519/47/6
f 1331/44/3 1520/47/3 1508/45/3
f 1508/46/6 1520/44/6 1522/47/6
f 1522/46/5 1520/44/5 1331/47/5
f 1528/44/1 1341/47/1 1338/45/1
f 1338/45/2 1530/46/2 1529/44/2
f 1341/44/3 1531/47/3 1530/45/3
f 1532/46/5 1531/44/5 1341/47/5
f 1354/45/2 1518/46/2 1533/44/2
f 1518/46/6 1519/44/6 1534/47/6
f 1521/46/6 1522/44/6 1536/47/6
f 1536/46/5 1522/44/5 1346/47/5
f 1545/44/1 1528/47/1 1527/45/1
f 1527/45/2 1529/46/2 1546/44/2
f 1547/46/5 1532/44/5 1528/47/5
f 1355/45/2 1533/46/2 1548/44/2
f 1533/46/6 1534/44/6 1549/47/6
f 1548/46/4 1549/44/4 1371/47/4
f 1535/46/6 1536/44/6 1551/47/6
f 1551/46/5 1536/44/5 1357/47/5
f 1550/46/4 1551/44/4 1365/47/4
f 1561/44/1 1545/47/1 1544/45/1
f 1544/45/2 1546/46/2 1562/44/2
f 1563/46/5 1547/44/5 1545/47/5
f 1371/45/2 1549/46/2 1564/44/2
f 1565/46/5 1550/44/5 1374/47/5
f 1572/44/1 1561/47/1 1560/45/1
f 1560/45/2 1562/46/2 1573/44/2
f 1574/46/5 1563/44/5 1561/47/5
f 1372/45/2 1564/46/2 1575/44/2
f 1564/46/6 1565/44/6 1576/47/6
f 1576/46/5 1565/44/5 1373/47/5
f 1575/46/4 1576/44/4 1386/47/4
f 1586/44/1 1572/47/1 1571/45/1
f 1571/45/2 1573/46/2 1587/44/2
f 1588/46/5 1574/44/5 1572/47/5
f 1587/46/4 1588/44/4 1586/47/4
f 1498/45/2 1701/46/2 1700/44/2
f 1501/44/3 1702/47/3 1701/45/3
f 1701/46/6 1702/44/6 1703/47/6
f 1703/46/5 1702/44/5 1501/47/5
f 1531/44/1 1709/47/1 1708/45/1
f 1708/45/2 1711/46/2 1710/44/2
f 1709/44/3 1712/47/3 1711/45/3
f 1713/46/5 1712/44/5 1709/47/5
f 1507/45/2 1700/46/2 1714/44/2
f 1700/46/6 1703/44/6 1715/47/6
f 1715/46/5 1703/44/5 1508/47/5
f 1530/45/2 1710/46/2 1722/44/2
f 1723/46/5 1713/44/5 1531/47/5
f 1519/45/2 1714/46/2 1724/44/2
f 1714/46/6 1715/44/6 1725/47/6
f 1725/46/5 1715/44/5 1521/47/5
f 1529/45/2 1722/46/2 1734/44/2
f 1735/44/1 1736/47/1 1532/45/1
f 1736/44/3 1737/47/3 1723/45/3
f 1738/46/5 1737/44/5 1736/47/5
f 1741/44/1 1742/47/1 1739/45/1
f 1739/45/2 1744/46/2 1743/44/2
f 1742/44/3 1745/47/3 1744/45/3
f 1746/46/5 1745/44/5 1742/47/5
f 1534/45/2 1724/46/2 1747/44/2
f 1724/46/6 1725/44/6 1748/47/6
f 1748/46/5 1725/44/5 1535/47/5
f 1546/45/2 1734/46/2 1753/44/2
f 1754/44/1 1735/47/1 1547/45/1
f 1755/46/5 1738/44/5 1735/47/5
f 1757/44/1 1741/47/1 1740/45/1
f 1740/45/2 1743/46/2 1758/44/2
f 1759/46/5 1746/44/5 1741/47/5
f 1549/45/2 1747/46/2 1760/44/2
f 1761/46/5 1748/44/5 1550/47/5
f 1760/46/4 1761/44/4 1565/47/4
f 1562/45/2 1753/46/2 1766/44/2
f 1767/44/1 1754/47/1 1563/45/1
f 1768/46/5 1755/44/5 1754/47/5
f 1769/46/4 1768/44/4 1767/47/4
f 1771/44/1 1757/47/1 1756/45/1
f 1756/45/2 1758/46/2 1772/44/2
f 1773/46/5 1759/44/5 1757/47/5
f 1772/46/4 1773/44/4 1771/47/4
f 1573/45/2 1766/46/2 1780/44/2
f 1781/46/5 1769/44/5 1574/47/5
f 1790/44/1 1588/47/1 1587/45/1
f 1587/45/2 1780/46/2 1791/44/2
f 1792/46/5 1781/44/5 1588/47/5
f 1791/46/4 1792/44/4 1790/47/4
f 1711/45/2 1910/46/2 1909/44/2
f 1712/44/3 1911/47/3 1910/45/3
f 1912/46/5 1911/44/5 1712/47/5
f 1710/45/2 1909/46/2 1920/44/2
f 1737/44/1 1921/47/1 1713/45/1
f 1921/44/3 1922/47/3 1912/45/3
f 1923/46/5 1922/44/5 1921/47/5
f 1745/44/1 1925/47/1 1924/45/1
f 1924/45/2 1927/46/2 1926/44/2
f 1925/44/3 1928/47/3 1927/45/3
f 1929/46/5 1928/44/5 1925/47/5
f 1722/45/2 1920/46/2 1936/44/2
f 1937/46/5 1923/44/5 1737/47/5
f 1744/45/2 1926/46/2 1938/44/2
f 1939/46/5 1929/44/5 1745/47/5
f 1734/45/2 1936/46/2 1946/44/2
f 1758/44/1 1743/47/1 1738/45/1
f 1743/44/3 1938/47/3 1937/45/3
f 1947/46/4 1948/44/4 1758/47/4
f 1949/44/1 1950/47/1 1746/45/1
f 1950/44/3 1951/47/3 1939/45/3
f 1952/46/5 1951/44/5 1950/47/5
f 1953/46/4 1952/44/4 1949/47/4
f 1747/45/2 1955/46/2 1954/44/2
f 1748/44/3 1956/47/3 1955/45/3
f 1957/46/5 1956/44/5 1748/47/5
f 1954/46/4 1957/44/4 1761/47/4
f 1753/45/2 1946/46/2 1963/44/2
f 1964/46/5 1947/44/5 1755/47/5
f 1758/45/2 1948/46/2 1965/44/2
f 1966/46/5 1953/44/5 1759/47/5
f 1766/45/2 1963/46/2 1972/44/2
f 1973/44/1 1768/47/1 1769/45/1
f 1974/46/5 1964/44/5 1768/47/5
f 1975/46/4 1974/44/4 1973/47/4
f 1977/44/1 1773/47/1 1772/45/1
f 1772/45/2 1965/46/2 1978/44/2
f 1979/46/5 1966/44/5 1773/47/5
f 1978/46/4 1979/44/4 1977/47/4
f 1780/45/2 1972/46/2 1985/44/2
f 1986/46/5 1975/44/5 1781/47/5
f 1985/46/4 1986/44/4 1792/47/4
f 1910/45/2 2092/46/2 2091/44/2
f 1911/44/3 2093/47/3 2092/45/3
f 2094/46/5 2093/44/5 1911/47/5
f 1909/45/2 2091/46/2 2100/44/2
f 1922/44/3 2101/47/3 2094/45/3
f 2102/46/5 2101/44/5 1922/47/5
f 1927/45/2 2104/46/2 2103/44/2
f 1928/44/3 2105/47/3 2104/45/3
f 2106/46/5 2105/44/5 1928/47/5
f 1920/45/2 2100/46/2 2113/44/2
f 1938/44/1 1926/47/1 1923/45/1
f 1926/44/3 2103/47/3 2102/45/3
f 2102/46/6 2103/44/6 2115/47/6
f 1951/44/1 2116/47/1 1929/45/1
f 2116/44/3 2117/47/3 2106/45/3
f 2106/46/6 2117/44/6 2119/47/6
f 2119/46/5 2117/44/5 2116/47/5
f 1956/44/1 2121/47/1 2120/45/1
f 2120/45/2 2123/46/2 2122/44/2
f 2121/44/3 2124/47/3 2123/45/3
f 2123/46/6 2124/44/6 2125/47/6
f 2125/46/5 2124/44/5 2121/47/5
f 2133/44/1 2134/47/1 1956/45/1
f 2134/44/3 2135/47/3 2125/45/3
f 2125/46/6 2135/44/6 2137/47/6
f 2137/46/5 2135/44/5 2134/47/5
f 2136/46/4 2137/44/4 2133/47/4
f 1946/45/2 2130/46/2 2142/44/2
f 1965/44/1 1948/47/1 1947/45/1
f 2144/46/6 2145/44/6 2146/47/6
f 2143/46/4 2146/44/4 1965/47/4
f 2147/44/1 1952/47/1 1953/45/1
f 2149/46/6 2131/44/6 2150/47/6
f 2150/46/5 2131/44/5 1952/47/5
f 2148/46/4 2150/44/4 2147/47/4
f 2152/44/1 1957/47/1 1954/45/1
f 1954/45/2 2132/46/2 2153/44/2
f 2132/46/6 2136/44/6 2154/47/6
f 2154/46/5 2136/44/5 1957/47/5
f 2153/46/4 2154/44/4 2152/47/4
f 1963/45/2 2142/46/2 2159/44/2
f 2160/46/5 2143/44/5 1964/47/5
f 2161/46/4 2160/44/4 1974/47/4
f 1965/45/2 2146/46/2 2162/44/2
f 2163/46/5 2148/44/5 1966/47/5
f 2162/46/4 2163/44/4 1979/47/4
f 1972/45/2 2159/46/2 2168/44/2
f 2169/46/5 2161/44/5 1975/47/5
f 2168/46/4 2169/44/4 1986/47/4
f 2092/45/2 2272/46/2 2271/44/2
f 2093/44/3 2273/47/3 2272/45/3
f 2274/46/5 2273/44/5 2093/47/5
f 2091/45/2 2271/46/2 2277/44/2
f 2101/44/3 2278/47/3 2274/45/3
f 2274/46/6 2278/44/6 2280/47/6
f 2280/46/5 2278/44/5 2101/47/5
f 2104/45/2 2282/46/2 2281/44/2
f 2105/44/3 2283/47/3 2282/45/3
f 2282/46/6 2283/44/6 2284/47/6
f 2284/46/5 2283/44/5 2105/47/5
f 2100/45/2 2277/46/2 2294/44/2
f 2295/46/5 2280/44/5 2102/47/5
f 2103/45/2 2281/46/2 2296/44/2
f 2297/46/5 2284/44/5 2106/47/5
f 2113/45/2 2294/46/2 2302/44/2
f 2115/44/3 2296/47/3 2295/45/3
f 2295/46/6 2296/44/6 2304/47/6
f 2303/46/4 2304/44/4 2145/47/4
f 2119/44/3 2305/47/3 2297/45/3
f 2297/46/6 2305/44/6 2307/47/6
f 2307/46/5 2305/44/5 2119/47/5
f 2306/46/4 2307/44/4 2131/47/4
f 2122/45/2 2309/46/2 2308/44/2
f 2125/44/3 2310/47/3 2309/45/3
f 2309/46/6 2310/44/6 2311/47/6
f 2311/46/5 2310/44/5 2125/47/5
f 2308/46/4 2311/44/4 2136/47/4
f 2130/45/2 2302/46/2 2316/44/2
f 2317/46/5 2303/44/5 2144/47/5
f 2145/45/2 2304/46/2 2318/44/2
f 2319/46/5 2306/44/5 2149/47/5
f 2142/45/2 2316/46/2 2324/44/2
f 2326/46/6 2317/44/6 2327/47/6
f 2327/46/5 2317/44/5 2143/47/5
f 2325/46/4 2327/44/4 2160/47/4
f 2146/45/2 2318/46/2 2328/44/2
f 2318/46/6 2319/44/6 2329/47/6
f 2329/46/5 2319/44/5 2148/47/5
f 2328/46/4 2329/44/4 2163/47/4
f 2159/45/2 2324/46/2 2334/44/2
f 2335/46/5 2325/44/5 2161/47/5
f 2334/46/4 2335/44/4 2169/47/4
f 2272/45/2 2427/46/2 2426/44/2
f 2273/44/3 2428/47/3 2427/45/3
f 2427/46/6 2428/44/6 2429/47/6
f 2429/46/5 2428/44/5 2273/47/5
f 2271/45/2 2426/46/2 2435/44/2
f 2436/46/5 2429/44/5 2274/47/5
f 2277/45/2 2435/46/2 2442/44/2
f 2280/44/3 2443/47/3 2436/45/3
f 2436/46/6 2443/44/6 2445/47/6
f 2445/46/5 2443/44/5 2280/47/5
f 2281/45/2 2447/46/2 2446/44/2
f 2284/44/3 2448/47/3 2447/45/3
f 2447/46/6 2448/44/6 2449/47/6
f 2449/46/5 2448/44/5 2284/47/5
f 2294/45/2 2442/46/2 2454/44/2
f 2444/46/6 2445/44/6 2456/47/6
f 2456/46/5 2445/44/5 2295/47/5
f 2296/45/2 2446/46/2 2457/44/2
f 2446/46/6 2449/44/6 2458/47/6
f 2458/46/5 2449/44/5 2297/47/5
f 2302/45/2 2454/46/2 2463/44/2
f 2455/46/6 2456/44/6 2465/47/6
f 2465/46/5 2456/44/5 2303/47/5
f 2464/46/4 2465/44/4 2317/47/4
f 2304/45/2 2457/46/2 2466/44/2
f 2457/46/6 2458/44/6 2467/47/6
f 2467/46/5 2458/44/5 2306/47/5
f 2466/46/4 2467/44/4 2319/47/4
f 2316/45/2 2463/46/2 2474/44/2
f 2475/46/5 2464/44/5 2326/47/5
f 2324/45/2 2474/46/2 2479/44/2
f 2474/46/6 2475/44/6 2480/47/6
f 2480/46/5 2475/44/5 2325/47/5
f 2479/46/4 2480/44/4 2335/47/4
f 2485/44/1 2486/47/1 2483/45/1
f 2483/45/2 2488/46/2 2487/44/2
f 2486/44/3 2489/47/3 2488/45/3
f 2490/46/5 2489/44/5 2486/47/5
f 2494/44/1 2485/47/1 2484/45/1
f 2484/45/2 2487/46/2 2495/44/2
f 2496/46/5 2490/44/5 2485/47/5
f 2500/44/1 2494/47/1 2493/45/1
f 2493/45/2 2495/46/2 2501/44/2
f 2502/46/5 2496/44/5 2494/47/5
f 2501/46/4 2502/44/4 2500/47/4
f 2515/44/1 2516/47/1 2513/45/1
f 2513/45/2 2518/46/2 2517/44/2
f 2516/44/3 2519/47/3 2518/45/3
f 2520/46/5 2519/44/5 2516/47/5
f 2539/44/1 2515/47/1 2514/45/1
f 2514/45/2 2517/46/2 2540/44/2
f 2541/46/5 2520/44/5 2515/47/5
f 2540/46/4 2541/44/4 2539/47/4
f 2426/45/2 2600/46/2 2599/44/2
f 2429/44/3 2601/47/3 2600/45/3
f 2600/46/6 2601/44/6 2602/47/6
f 2602/46/5 2601/44/5 2429/47/5
f 2435/45/2 2599/46/2 2610/44/2
f 2599/46/6 2602/44/6 2611/47/6
f 2611/46/5 2602/44/5 2436/47/5
f 2442/45/2 2610/46/2 2617/44/2
f 2610/46/6 2611/44/6 2618/47/6
f 2618/46/5 2611/44/5 2444/47/5
f 2454/45/2 2617/46/2 2624/44/2
f 2617/46/6 2618/44/6 2625/47/6
f 2625/46/5 2618/44/5 2455/47/5
f 2463/45/2 2624/46/2 2631/44/2
f 2624/46/6 2625/44/6 2632/47/6
f 2632/46/5 2625/44/5 2464/47/5
f 2631/46/4 2632/44/4 2475/47/4
f 2489/44/1 2637/47/1 2636/45/1
f 2636/45/2 2639/46/2 2638/44/2
f 2637/44/3 2640/47/3 2639/45/3
f 2641/46/5 2640/44/5 2637/47/5
f 2488/45/2 2638/46/2 2644/44/2
f 2645/46/5 2641/44/5 2489/47/5
f 2495/44/1 2487/47/1 2648/45/1
f 2648/45/2 2651/46/2 2650/44/2
f 2487/44/3 2644/47/3 2651/45/3
f 2650/46/4 2652/44/4 2495/47/4
f 2653/44/1 2654/47/1 2490/45/1
f 2654/44/3 2655/47/3 2645/45/3
f 2656/46/5 2655/44/5 2654/47/5
f 2657/46/4 2656/44/4 2653/47/4
f 2495/45/2 2652/46/2 2660/44/2
f 2661/46/5 2657/44/5 2496/47/5
f 2665/44/1 2502/47/1 2501/45/1
f 2501/45/2 2660/46/2 2666/44/2
f 2667/46/5 2661/44/5 2502/47/5
f 2666/46/4 2667/44/4 2665/47/4
f 2519/44/1 2671/47/1 2670/45/1
f 2670/45/2 2673/46/2 2672/44/2
f 2671/44/3 2674/47/3 2673/45/3
f 2675/46/5 2674/44/5 2671/47/5
f 2518/45/2 2672/46/2 2678/44/2
f 2679/46/5 2675/44/5 2519/47/5
f 2517/45/2 2678/46/2 2695/44/2
f 2695/46/4 2696/44/4 2541/47/4
f 2697/44/1 2698/47/1 2520/45/1
f 2698/44/3 2699/47/3 2679/45/3
f 2700/46/5 2699/44/5 2698/47/5
f 2696/46/4 2700/44/4 2697/47/4
f 2703/44/1 2704/47/1 2701/45/1
f 2701/45/2 2706/46/2 2705/44/2
f 2704/44/3 2707/47/3 2706/45/3
f 2708/46/5 2707/44/5 2704/47/5
f 2705/46/4 2708/44/4 2703/47/4
f 2745/44/1 2746/47/1 2743/45/1
f 2743/45/2 2748/46/2 2747/44/2
f 2746/44/3 2749/47/3 2748/45/3
f 2750/46/5 2749/44/5 2746/47/5
f 2753/44/1 2754/47/1 2751/45/1
f 2751/45/2 2756/46/2 2755/44/2
f 2754/44/3 2757/47/3 2756/45/3
f 2758/46/5 2757/44/5 2754/47/5
f 2762/44/1 2745/47/1 2744/45/1
f 2744/45/2 2747/46/2 2763/44/2
f 2764/46/5 2750/44/5 2745/47/5
f 2766/44/1 2753/47/1 2752/45/1
f 2752/45/2 2755/46/2 2767/44/2
f 2768/46/5 2758/44/5 2753/47/5
f 2778/44/1 2762/47/1 2761/45/1
f 2761/45/2 2763/46/2 2779/44/2
f 2780/46/5 2764/44/5 2762/47/5
f 2779/46/4 2780/44/4 2778/47/4
f 2782/44/1 2766/47/1 2765/45/1
f 2765/45/2 2767/46/2 2783/44/2
f 2784/46/5 2768/44/5 2766/47/5
f 2783/46/4 2784/44/4 2782/47/4
f 2639/45/2 2810/46/2 2809/44/2
f 2640/44/3 2811/47/3 2810/45/3
f 2812/46/5 2811/44/5 2640/47/5
f 2644/44/1 2638/47/1 2815/45/1
f 2815/45/2 2817/46/2 2816/44/2
f 2638/44/3 2809/47/3 2817/45/3
f 2817/46/6 2809/44/6 2818/47/6
f 2655/44/1 2819/47/1 2641/45/1
f 2819/44/3 2820/47/3 2812/45/3
f 2812/46/6 2820/44/6 2822/47/6
f 2822/46/5 2820/44/5 2819/47/5
f 2838/44/1 2839/47/1 2655/45/1
f 2839/44/3 2840/47/3 2822/45/3
f 2822/46/6 2840/44/6 2842/47/6
f 2842/46/5 2840/44/5 2839/47/5
f 2841/46/4 2842/44/4 2838/47/4
f 2660/44/1 2652/47/1 2650/45/1
f 2650/45/2 2837/46/2 2846/44/2
f 2837/46/6 2847/44/6 2848/47/6
f 2846/46/4 2848/44/4 2660/47/4
f 2849/44/1 2656/47/1 2657/45/1
f 2851/46/6 2841/44/6 2852/47/6
f 2852/46/5 2841/44/5 2656/47/5
f 2850/46/4 2852/44/4 2849/47/4
f 2660/45/2 2848/46/2 2855/44/2
f 2856/46/5 2850/44/5 2661/47/5
f 2855/46/4 2856/44/4 2667/47/4
f 2673/45/2 2860/46/2 2859/44/2
f 2674/44/3 2861/47/3 2860/45/3
f 2862/46/5 2861/44/5 2674/47/5
f 2672/45/2 2859/46/2 2865/44/2
f 2699/44/1 2866/47/1 2675/45/1
f 2866/44/3 2867/47/3 2862/45/3
f 2868/46/5 2867/44/5 2866/47/5
f 2707/44/1 2870/47/1 2869/45/1
f 2869/45/2 2872/46/2 2871/44/2
f 2870/44/3 2873/47/3 2872/45/3
f 2874/46/5 2873/44/5 2870/47/5
f 2678/45/2 2865/46/2 2889/44/2
f 2889/46/4 2890/44/4 2696/47/4
f 2891/46/5 2868/44/5 2699/47/5
f 2890/46/4 2891/44/4 2700/47/4
f 2706/45/2 2871/46/2 2892/44/2
f 2893/46/5 2874/44/5 2707/47/5
f 2892/46/4 2893/44/4 2708/47/4
f 2913/44/1 2914/47/1 2911/45/1
f 2911/45/2 2916/46/2 2915/44/2
f 2914/44/3 2917/47/3 2916/45/3
f 2918/46/5 2917/44/5 2914/47/5
f 2921/44/1 2922/47/1 2919/45/1
f 2919/45/2 2924/46/2 2923/44/2
f 2922/44/3 2925/47/3 2924/45/3
f 2926/46/5 2925/44/5 2922/47/5
f 2930/44/1 2913/47/1 2912/45/1
f 2912/45/2 2915/46/2 2931/44/2
f 2932/46/5 2918/44/5 2913/47/5
f 2931/46/4 2932/44/4 2930/47/4
f 2934/44/1 2921/47/1 2920/45/1
f 2920/45/2 2923/46/2 2935/44/2
f 2936/46/5 2926/44/5 2921/47/5
f 2935/46/4 2936/44/4 2934/47/4
f 2749/44/1 2947/47/1 2946/45/1
f 2946/45/2 2949/46/2 2948/44/2
f 2947/44/3 2950/47/3 2949/45/3
f 2951/46/5 2950/44/5 2947/47/5
f 2757/44/1 2953/47/1 2952/45/1
f 2952/45/2 2955/46/2 2954/44/2
f 2953/44/3 2956/47/3 2955/45/3
f 2957/46/5 2956/44/5 2953/47/5
f 2748/45/2 2948/46/2 2960/44/2
f 2961/46/5 2951/44/5 2749/47/5
f 2756/45/2 2954/46/2 2962/44/2
f 2963/46/5 2957/44/5 2757/47/5
f 2763/44/1 2747/47/1 2968/45/1
f 2968/45/2 2971/46/2 2970/44/2
f 2747/44/3 2960/47/3 2971/45/3
f 2970/46/4 2972/44/4 2763/47/4
f 2767/44/1 2755/47/1 2750/45/1
f 2755/44/3 2962/47/3 2961/45/3
f 2973/46/4 2974/44/4 2767/47/4
f 2975/44/1 2976/47/1 2758/45/1
f 2976/44/3 2977/47/3 2963/45/3
f 2978/46/5 2977/44/5 2976/47/5
f 2979/46/4 2978/44/4 2975/47/4
f 2982/44/1 2983/47/1 2980/45/1
f 2980/45/2 2985/46/2 2984/44/2
f 2983/44/3 2986/47/3 2985/45/3
f 2987/46/5 2986/44/5 2983/47/5
f 2984/46/4 2987/44/4 2982/47/4
f 2763/45/2 2972/46/2 2995/44/2
f 2996/46/5 2973/44/5 2764/47/5
f 2767/45/2 2974/46/2 2997/44/2
f 2998/46/5 2979/44/5 2768/47/5
f 3009/44/1 2780/47/1 2779/45/1
f 2779/45/2 2995/46/2 3010/44/2
f 3011/46/5 2996/44/5 2780/47/5
f 3010/46/4 3011/44/4 3009/47/4
f 3013/44/1 2784/47/1 2783/45/1
f 2783/45/2 2997/46/2 3014/44/2
f 3015/46/5 2998/44/5 2784/47/5
f 3014/46/4 3015/44/4 3013/47/4
f 2810/45/2 3034/46/2 3033/44/2
f 2811/44/3 3035/47/3 3034/45/3
f 3034/46/6 3035/44/6 3036/47/6
f 3036/46/5 3035/44/5 2811/47/5
f 2809/45/2 3033/46/2 3039/44/2
f 3040/46/5 3036/44/5 2812/47/5
f 2816/45/2 3044/46/2 3043/44/2
f 2818/44/3 3039/47/3 3044/45/3
f 3044/46/6 3039/44/6 3045/47/6
f 3043/46/4 3045/44/4 2847/47/4
f 2822/44/3 3046/47/3 3040/45/3
f 3040/46/6 3046/44/6 3048/47/6
f 3048/46/5 3046/44/5 2822/47/5
f 3047/46/4 3048/44/4 2841/47/4
f 2847/45/2 3045/46/2 3051/44/2
f 3052/46/5 3047/44/5 2851/47/5
f 2848/45/2 3051/46/2 3057/44/2
f 3051/46/6 3052/44/6 3058/47/6
f 3058/46/5 3052/44/5 2850/47/5
f 3057/46/4 3058/44/4 2856/47/4
f 2861/44/3 3060/47/3 3056/45/3
f 3061/46/5 3060/44/5 2861/47/5
f 2867/44/3 3063/47/3 3061/45/3
f 3064/46/5 3063/44/5 2867/47/5
f 2872/45/2 3066/46/2 3065/44/2
f 2873/44/3 3067/47/3 3066/45/3
f 3068/46/5 3067/44/5 2873/47/5
f 3083/46/4 3084/44/4 2890/47/4
f 3084/46/4 3085/44/4 2891/47/4
f 2892/44/1 2871/47/1 2868/45/1
f 2871/44/3 3065/47/3 3064/45/3
f 3064/46/6 3065/44/6 3086/47/6
f 3085/46/4 3086/44/4 2892/47/4
f 3086/46/4 3087/44/4 2893/47/4
f 3088/44/1 3089/47/1 2874/45/1
f 3089/44/3 3090/47/3 3068/45/3
f 3068/46/6 3090/44/6 3091/47/6
f 3091/46/5 3090/44/5 3089/47/5
f 3087/46/4 3091/44/4 3088/47/4
f 3094/44/1 3095/47/1 3092/45/1
f 3092/45/2 3097/46/2 3096/44/2
f 3095/44/3 3098/47/3 3097/45/3
f 3097/46/6 3098/44/6 3099/47/6
f 3099/46/5 3098/44/5 3095/47/5
f 3096/46/4 3099/44/4 3094/47/4
f 2915/44/1 2916/47/1 3117/45/1
f 3117/45/2 3120/46/2 3119/44/2
f 2916/44/3 3121/47/3 3120/45/3
f 3119/46/4 3122/44/4 2915/47/4
f 2917/44/3 3123/47/3 3121/45/3
f 2923/44/1 2924/47/1 2917/45/1
f 2924/44/3 3124/47/3 3123/45/3
f 3125/46/4 3126/44/4 2923/47/4
f 2925/44/3 3127/47/3 3124/45/3
f 3128/44/1 3129/47/1 2925/45/1
f 3129/44/3 3130/47/3 3127/45/3
f 3131/46/5 3130/44/5 3129/47/5
f 3132/46/4 3131/44/4 3128/47/4
f 3135/44/1 3136/47/1 3133/45/1
f 3133/45/2 3138/46/2 3137/44/2
f 3136/44/3 3139/47/3 3138/45/3
f 3140/46/5 3139/44/5 3136/47/5
f 3137/46/4 3140/44/4 3135/47/4
f 2915/45/2 3122/46/2 3143/44/2
f 3144/46/5 3125/44/5 2918/47/5
f 2923/45/2 3126/46/2 3145/44/2
f 3146/46/5 3132/44/5 2926/47/5
f 3150/44/1 2932/47/1 2931/45/1
f 2931/45/2 3143/46/2 3151/44/2
f 3152/46/5 3144/44/5 2932/47/5
f 3151/46/4 3152/44/4 3150/47/4
f 3154/44/1 2936/47/1 2935/45/1
f 2935/45/2 3145/46/2 3155/44/2
f 3156/46/5 3146/44/5 2936/47/5
f 3155/46/4 3156/44/4 3154/47/4
f 2949/45/2 3166/46/2 3165/44/2
f 2950/44/3 3167/47/3 3166/45/3
f 3168/46/5 3167/44/5 2950/47/5
f 2955/45/2 3170/46/2 3169/44/2
f 2956/44/3 3171/47/3 3170/45/3
f 3172/46/5 3171/44/5 2956/47/5
f 2960/44/1 2948/47/1 3175/45/1
f 3175/45/2 3177/46/2 3176/44/2
f 2948/44/3 3165/47/3 3177/45/3
f 3177/46/6 3165/44/6 3178/47/6
f 2962/44/1 2954/47/1 2951/45/1
f 2954/44/3 3169/47/3 3168/45/3
f 3168/46/6 3169/44/6 3180/47/6
f 2977/44/1 3181/47/1 2957/45/1
f 3181/44/3 3182/47/3 3172/45/3
f 3172/46/6 3182/44/6 3184/47/6
f 3184/46/5 3182/44/5 3181/47/5
f 2986/44/1 3186/47/1 3185/45/1
f 3185/45/2 3188/46/2 3187/44/2
f 3186/44/3 3189/47/3 3188/45/3
f 3188/46/6 3189/44/6 3190/47/6
f 3190/46/5 3189/44/5 3186/47/5
f 3203/46/5 3190/44/5 2986/47/5
f 2995/44/1 2972/47/1 2970/45/1
f 2970/45/2 3200/46/2 3213/44/2
f 3200/46/6 3214/44/6 3215/47/6
f 3213/46/4 3215/44/4 2995/47/4
f 2997/44/1 2974/47/1 2973/45/1
f 3217/46/6 3218/44/6 3219/47/6
f 3216/46/4 3219/44/4 2997/47/4
f 3220/44/1 2978/47/1 2979/45/1
f 3222/46/6 3201/44/6 3223/47/6
f 3223/46/5 3201/44/5 2978/47/5
f 3221/46/4 3223/44/4 3220/47/4
f 3225/44/1 2987/47/1 2984/45/1
f 2984/45/2 3202/46/2 3226/44/2
f 3202/46/6 3203/44/6 3227/47/6
f 3227/46/5 3203/44/5 2987/47/5
f 3226/46/4 3227/44/4 3225/47/4
f 2995/45/2 3215/46/2 3238/44/2
f 3239/46/5 3216/44/5 2996/47/5
f 3238/46/4 3239/44/4 3011/47/4
f 2997/45/2 3219/46/2 3240/44/2
f 3241/46/5 3221/44/5 2998/47/5
f 3240/46/4 3241/44/4 3015/47/4
f 3033/45/2 3268/46/2 3267/44/2
f 3036/44/3 3269/47/3 3268/45/3
f 3268/46/6 3269/44/6 3270/47/6
f 3270/46/5 3269/44/5 3036/47/5
f 3039/45/2 3267/46/2 3273/44/2
f 3267/46/6 3270/44/6 3274/47/6
f 3274/46/5 3270/44/5 3040/47/5
f 3045/45/2 3273/46/2 3279/44/2
f 3273/46/6 3274/44/6 3280/47/6
f 3280/46/5 3274/44/5 3047/47/5
f 3279/46/4 3280/44/4 3052/47/4
f 3060/44/3 3284/47/3 3282/45/3
f 3285/46/5 3284/44/5 3060/47/5
f 3063/44/3 3287/47/3 3285/45/3
f 3285/46/6 3287/44/6 3289/47/6
f 3289/46/5 3287/44/5 3063/47/5
f 3066/45/2 3291/46/2 3290/44/2
f 3067/44/3 3292/47/3 3291/45/3
f 3291/46/6 3292/44/6 3293/47/6
f 3293/46/5 3292/44/5 3067/47/5
f 3308/46/4 3309/44/4 3084/47/4
f 3310/46/5 3289/44/5 3064/47/5
f 3309/46/4 3310/44/4 3085/47/4
f 3065/45/2 3290/46/2 3311/44/2
f 3312/46/5 3293/44/5 3068/47/5
f 3311/46/4 3312/44/4 3087/47/4
f 3139/44/3 3344/47/3 3341/45/3
f 3345/44/1 3346/47/1 3139/45/1
f 3346/44/3 3347/47/3 3344/45/3
f 3344/46/6 3347/44/6 3349/47/6
f 3349/46/5 3347/44/5 3346/47/5
f 3348/46/4 3349/44/4 3345/47/4
f 3143/44/1 3122/47/1 3119/45/1
f 3119/45/2 3335/46/2 3355/44/2
f 3335/46/6 3356/44/6 3357/47/6
f 3355/46/4 3357/44/4 3143/47/4
f 3145/44/1 3126/47/1 3125/45/1
f 3359/46/6 3360/44/6 3361/47/6
f 3358/46/4 3361/44/4 3145/47/4
f 3362/44/1 3131/47/1 3132/45/1
f 3364/46/6 3342/44/6 3365/47/6
f 3365/46/5 3342/44/5 3131/47/5
f 3363/46/4 3365/44/4 3362/47/4
f 3367/44/1 3140/47/1 3137/45/1
f 3137/45/2 3343/46/2 3368/44/2
f 3343/46/6 3348/44/6 3369/47/6
f 3369/46/5 3348/44/5 3140/47/5
f 3368/46/4 3369/44/4 3367/47/4
f 3143/45/2 3357/46/2 3375/44/2
f 3376/46/5 3358/44/5 3144/47/5
f 3375/46/4 3376/44/4 3152/47/4
f 3145/45/2 3361/46/2 3377/44/2
f 3378/46/5 3363/44/5 3146/47/5
f 3377/46/4 3378/44/4 3156/47/4
f 3166/45/2 3389/46/2 3388/44/2
f 3167/44/3 3390/47/3 3389/45/3
f 3389/46/6 3390/44/6 3391/47/6
f 3391/46/5 3390/44/5 3167/47/5
f 3170/45/2 3393/46/2 3392/44/2
f 3171/44/3 3394/47/3 3393/45/3
f 3393/46/6 3394/44/6 3395/47/6
f 3395/46/5 3394/44/5 3171/47/5
f 3165/45/2 3388/46/2 3399/44/2
f 3400/46/5 3391/44/5 3168/47/5
f 3169/45/2 3392/46/2 3401/44/2
f 3402/46/5 3395/44/5 3172/47/5
f 3176/45/2 3411/46/2 3410/44/2
f 3178/44/3 3399/47/3 3411/45/3
f 3411/46/6 3399/44/6 3412/47/6
f 3410/46/4 3412/44/4 3214/47/4
f 3180/44/3 3401/47/3 3400/45/3
f 3400/46/6 3401/44/6 3414/47/6
f 3413/46/4 3414/44/4 3218/47/4
f 3184/44/3 3415/47/3 3402/45/3
f 3402/46/6 3415/44/6 3417/47/6
f 3417/46/5 3415/44/5 3184/47/5
f 3416/46/4 3417/44/4 3201/47/4
f 3187/45/2 3419/46/2 3418/44/2
f 3190/44/3 3420/47/3 3419/45/3
f 3419/46/6 3420/44/6 3421/47/6
f 3421/46/5 3420/44/5 3190/47/5
f 3418/46/4 3421/44/4 3203/47/4
f 3214/45/2 3412/46/2 3435/44/2
f 3436/46/5 3413/44/5 3217/47/5
f 3218/45/2 3414/46/2 3437/44/2
f 3438/46/5 3416/44/5 3222/47/5
f 3215/45/2 3435/46/2 3449/44/2
f 3435/46/6 3436/44/6 3450/47/6
f 3450/46/5 3436/44/5 3216/47/5
f 3449/46/4 3450/44/4 3239/47/4
f 3219/45/2 3437/46/2 3451/44/2
f 3437/46/6 3438/44/6 3452/47/6
f 3452/46/5 3438/44/5 3221/47/5
f 3451/46/4 3452/44/4 3241/47/4
f 3284/44/3 3490/47/3 3488/45/3
f 3488/46/6 3490/44/6 3492/47/6
f 3492/46/5 3490/44/5 3284/47/5
f 3494/46/5 3492/44/5 3285/47/5
f 3509/46/4 3510/44/4 3309/47/4
f 3289/44/3 3511/47/3 3494/45/3
f 3494/46/6 3511/44/6 3512/47/6
f 3512/46/5 3511/44/5 3289/47/5
f 3510/46/4 3512/44/4 3310/47/4
f 3290/45/2 3514/46/2 3513/44/2
f 3293/44/3 3515/47/3 3514/45/3
f 3514/46/6 3515/44/6 3516/47/6
f 3516/46/5 3515/44/5 3293/47/5
f 3513/46/4 3516/44/4 3312/47/4
f 3334/45/2 3537/46/2 3536/44/2
f 3336/44/3 3538/47/3 3537/45/3
f 3537/46/6 3538/44/6 3539/47/6
f 3536/46/4 3539/44/4 3356/47/4
f 3337/44/3 3540/47/3 3538/45/3
f 3338/44/3 3541/47/3 3540/45/3
f 3540/46/6 3541/44/6 3543/47/6
f 3542/46/4 3543/44/4 3360/47/4
f 3339/44/3 3544/47/3 3541/45/3
f 3340/44/3 3545/47/3 3544/45/3
f 3544/46/6 3545/44/6 3547/47/6
f 3547/46/5 3545/44/5 3340/47/5
f 3546/46/4 3547/44/4 3342/47/4
f 3341/45/2 3549/46/2 3548/44/2
f 3344/44/3 3550/47/3 3549/45/3
f 3549/46/6 3550/44/6 3551/47/6
f 3551/46/5 3550/44/5 3344/47/5
f 3548/46/4 3551/44/4 3348/47/4
f 3356/45/2 3539/46/2 3555/44/2
f 3556/46/5 3542/44/5 3359/47/5
f 3360/45/2 3543/46/2 3557/44/2
f 3558/46/5 3546/44/5 3364/47/5
f 3357/45/2 3555/46/2 3567/44/2
f 3555/46/6 3556/44/6 3568/47/6
f 3568/46/5 3556/44/5 3358/47/5
f 3567/46/4 3568/44/4 3376/47/4
f 3361/45/2 3557/46/2 3569/44/2
f 3557/46/6 3558/44/6 3570/47/6
f 3570/46/5 3558/44/5 3363/47/5
f 3569/46/4 3570/44/4 3378/47/4
f 3388/45/2 3584/46/2 3583/44/2
f 3391/44/3 3585/47/3 3584/45/3
f 3584/46/6 3585/44/6 3586/47/6
f 3586/46/5 3585/44/5 3391/47/5
f 3392/45/2 3588/46/2 3587/44/2
f 3395/44/3 3589/47/3 3588/45/3
f 3588/46/6 3589/44/6 3590/47/6
f 3590/46/5 3589/44/5 3395/47/5
f 3399/45/2 3583/46/2 3602/44/2
f 3583/46/6 3586/44/6 3603/47/6
f 3603/46/5 3586/44/5 3400/47/5
f 3401/45/2 3587/46/2 3604/44/2
f 3587/46/6 3590/44/6 3605/47/6
f 3605/46/5 3590/44/5 3402/47/5
f 3412/45/2 3602/46/2 3617/44/2
f 3602/46/6 3603/44/6 3618/47/6
f 3618/46/5 3603/44/5 3413/47/5
f 3617/46/4 3618/44/4 3436/47/4
f 3414/45/2 3604/46/2 3619/44/2
f 3604/46/6 3605/44/6 3620/47/6
f 3620/46/5 3605/44/5 3416/47/5
f 3619/46/4 3620/44/4 3438/47/4
f 3660/44/1 3661/47/1 3658/45/1
f 3658/45/2 3663/46/2 3662/44/2
f 3661/44/3 3664/47/3 3663/45/3
f 3665/46/5 3664/44/5 3661/47/5
f 3671/44/1 3660/47/1 3659/45/1
f 3659/45/2 3662/46/2 3672/44/2
f 3673/46/5 3665/44/5 3660/47/5
f 3677/44/1 3671/47/1 3670/45/1
f 3670/45/2 3672/46/2 3678/44/2
f 3679/46/5 3673/44/5 3671/47/5
f 3678/46/4 3679/44/4 3677/47/4
f 3492/44/3 3687/47/3 3685/45/3
f 3685/46/6 3687/44/6 3689/47/6
f 3689/46/5 3687/44/5 3492/47/5
f 3688/46/6 3689/44/6 3705/47/6
f 3705/46/5 3689/44/5 3494/47/5
f 3704/46/4 3705/44/4 3510/47/4
f 3538/45/2 3726/46/2 3725/44/2
f 3540/44/3 3727/47/3 3726/45/3
f 3726/46/6 3727/44/6 3728/47/6
f 3728/46/5 3727/44/5 3540/47/5
f 3541/45/2 3730/46/2 3729/44/2
f 3544/44/3 3731/47/3 3730/45/3
f 3730/46/6 3731/44/6 3732/47/6
f 3732/46/5 3731/44/5 3544/47/5
f 3539/45/2 3725/46/2 3741/44/2
f 3725/46/6 3728/44/6 3742/47/6
f 3742/46/5 3728/44/5 3542/47/5
f 3741/46/4 3742/44/4 3556/47/4
f 3543/45/2 3729/46/2 3743/44/2
f 3729/46/6 3732/44/6 3744/47/6
f 3744/46/5 3732/44/5 3546/47/5
f 3743/46/4 3744/44/4 3558/47/4
f 3664/44/1 3828/47/1 3827/45/1
f 3827/45/2 3830/46/2 3829/44/2
f 3828/44/3 3831/47/3 3830/45/3
f 3832/46/5 3831/44/5 3828/47/5
f 3663/45/2 3829/46/2 3835/44/2
f 3836/46/5 3832/44/5 3664/47/5
f 3672/44/1 3662/47/1 3839/45/1
f 3839/45/2 3842/46/2 3841/44/2
f 3662/44/3 3835/47/3 3842/45/3
f 3841/46/4 3843/44/4 3672/47/4
f 3844/44/1 3845/47/1 3665/45/1
f 3845/44/3 3846/47/3 3836/45/3
f 3847/46/5 3846/44/5 3845/47/5
f 3848/46/4 3847/44/4 3844/47/4
f 3672/45/2 3843/46/2 3851/44/2
f 3852/46/5 3848/44/5 3673/47/5
f 3856/44/1 3679/47/1 3678/45/1
f 3678/45/2 3851/46/2 3857/44/2
f 3858/46/5 3852/44/5 3679/47/5
f 3857/46/4 3858/44/4 3856/47/4
f 3830/45/2 4106/46/2 4105/44/2
f 3831/44/3 4107/47/3 4106/45/3
f 4106/46/6 4107/44/6 4108/47/6
f 4108/46/5 4107/44/5 3831/47/5
f 3835/44/1 3829/47/1 4124/45/1
f 4124/45/2 4126/46/2 4125/44/2
f 3829/44/3 4105/47/3 4126/45/3
f 4126/46/6 4105/44/6 4127/47/6
f 4105/46/6 4108/44/6 4128/47/6
f 3846/44/1 4129/47/1 3832/45/1
f 4129/44/3 4130/47/3 4108/45/3
f 4108/46/6 4130/44/6 4131/47/6
f 4131/46/5 4130/44/5 4129/47/5
f 4128/46/6 4131/44/6 4166/47/6
f 4167/44/1 4168/47/1 3846/45/1
f 4168/44/3 4169/47/3 4131/45/3
f 4131/46/6 4169/44/6 4170/47/6
f 4170/46/5 4169/44/5 4168/47/5
f 4166/46/4 4170/44/4 4167/47/4
f 3851/44/1 3843/47/1 3841/45/1
f 3841/45/2 4163/46/2 4187/44/2
f 4163/46/6 4164/44/6 4188/47/6
f 4187/46/4 4188/44/4 3851/47/4
f 4164/46/6 4165/44/6 4189/47/6
f 4190/44/1 3847/47/1 3848/45/1
f 4165/46/6 4166/44/6 4191/47/6
f 4191/46/5 4166/44/5 3847/47/5
f 4189/46/4 4191/44/4 4190/47/4
f 3851/45/2 4188/46/2 4207/44/2
f 4188/46/6 4189/44/6 4208/47/6
f 4208/46/5 4189/44/5 3852/47/5
f 4207/46/4 4208/44/4 3858/47/4
f 316/48/1 296/54/1 295/49/1
f 317/48/1 297/54/1 296/49/1
f 337/48/1 315/54/1 314/49/1
f 338/48/1 316/54/1 315/49/1
f 356/48/1 336/54/1 335/49/1
f 357/48/1 337/54/1 336/49/1
f 374/48/1 355/54/1 354/49/1
f 375/48/1 356/54/1 355/49/1
f 376/48/1 357/54/1 356/49/1
f 414/48/1 394/54/1 393/49/1
f 433/48/1 412/54/1 410/49/1
f 434/48/1 413/54/1 412/49/1
f 451/48/1 431/54/1 430/49/1
f 430/51/2 432/59/2 452/52/2
f 453/48/1 433/54/1 431/49/1
f 470/48/1 451/54/1 450/49/1
f 450/51/2 452/59/2 471/52/2
f 472/48/1 453/54/1 451/49/1
f 471/51/2 705/59/2 713/52/2
f 713/50/4 714/48/4 492/54/4
f 714/50/4 715/48/4 494/54/4
f 631/48/3 829/54/3 828/49/3
f 698/51/2 891/59/2 901/52/2
f 911/55/4 912/60/4 717/56/4
f 913/55/5 903/60/5 708/56/5
f 912/55/4 913/60/4 718/56/4
