# Blender 5.1.1
# www.blender.org
mtllib teapot.mtl
o teapot
v -3.000000 1.800000 -0.000000
v -2.991600 1.800000 -0.081000
v -2.991600 1.800000 0.081000
v -2.989450 1.666162 -0.000000
v -2.985000 1.921950 -0.000000
v -2.985000 1.921950 -0.000000
v -2.981175 1.667844 -0.081000
v -2.981175 1.667844 0.081000
v -2.976687 1.920243 -0.081000
v -2.976687 1.920243 0.081000
v -2.968800 1.800000 -0.144000
v -2.968800 1.800000 0.144000
v -2.958713 1.672406 -0.144000
v -2.958713 1.672406 0.144000
v -2.957600 1.534800 -0.000000
v -2.957600 1.534800 -0.000000
v -2.954122 1.915609 -0.144000
v -2.954122 1.915609 0.144000
v -2.949693 1.537790 -0.081000
v -2.949693 1.537790 0.081000
v -2.940000 2.019600 -0.000000
v -2.935200 1.800000 -0.189000
v -2.935200 1.800000 0.189000
v -2.931958 2.016526 0.081000
v -2.931958 2.016526 -0.081000
v -2.928230 1.545907 -0.144000
v -2.928230 1.545907 0.144000
v -2.925611 1.679131 -0.189000
v -2.925611 1.679131 0.189000
v -2.920870 1.908779 -0.189000
v -2.920870 1.908779 0.189000
v -2.910131 2.008181 -0.144000
v -2.910131 2.008181 0.144000
v -2.904150 1.406137 -0.000000
v -2.904150 1.406137 -0.000000
v -2.896846 1.410135 0.081000
v -2.896846 1.410135 -0.081000
v -2.896602 1.557869 -0.189000
v -2.896602 1.557869 0.189000
v -2.894400 1.800000 -0.216000
v -2.894400 1.800000 0.216000
v -2.885416 1.687296 -0.216000
v -2.885416 1.687296 0.216000
v -2.880491 1.900487 -0.216000
v -2.880491 1.900487 0.216000
v -2.877965 1.995883 -0.189000
v -2.877965 1.995883 0.189000
v -2.877022 1.420985 -0.144000
v -2.877022 1.420985 0.144000
v -2.865000 2.095650 -0.000000
v -2.858195 1.572394 0.216000
v -2.858195 1.572394 -0.216000
v -2.857432 2.091511 -0.081000
v -2.857432 2.091511 0.081000
v -2.850000 1.800000 -0.225000
v -2.850000 1.800000 0.225000
v -2.847806 1.436974 0.189000
v -2.847806 1.436974 -0.189000
v -2.841675 1.696181 0.225000
v -2.841675 1.696181 -0.225000
v -2.838906 1.980950 -0.216000
v -2.838906 1.980950 0.216000
v -2.836889 2.080276 -0.144000
v -2.836889 2.080276 0.144000
v -2.836550 1.891463 -0.225000
v -2.836550 1.891463 0.225000
v -2.828800 1.280400 -0.000000
v -2.822326 1.285171 -0.081000
v -2.822326 1.285171 0.081000
v -2.816400 1.588200 -0.225000
v -2.816400 1.588200 0.225000
v -2.812331 1.456390 0.216000
v -2.812331 1.456390 -0.216000
v -2.806615 2.063720 -0.189000
v -2.806615 2.063720 0.189000
v -2.805600 1.800000 -0.216000
v -2.805600 1.800000 0.216000
v -2.804755 1.298122 -0.144000
v -2.804755 1.298122 0.144000
v -2.797934 1.705067 -0.216000
v -2.797934 1.705067 0.216000
v -2.796400 1.964700 0.225000
v -2.796400 1.964700 -0.225000
v -2.792609 1.882438 -0.216000
v -2.792609 1.882438 0.216000
v -2.778861 1.317206 -0.189000
v -2.778861 1.317206 0.189000
v -2.774605 1.604006 0.216000
v -2.774605 1.604006 -0.216000
v -2.773725 1.477519 0.225000
v -2.773725 1.477519 -0.225000
v -2.769854 2.043616 -0.216000
v -2.769854 2.043616 0.216000
v -2.764800 1.800000 -0.189000
v -2.764800 1.800000 0.189000
v -2.760000 2.152800 -0.000000
v -2.760000 2.152800 -0.000000
v -2.757739 1.713232 -0.189000
v -2.757739 1.713232 0.189000
v -2.753894 1.948450 -0.216000
v -2.753894 1.948450 0.216000
v -2.753123 2.147861 -0.081000
v -2.753123 2.147861 0.081000
v -2.752230 1.874146 -0.189000
v -2.752230 1.874146 0.189000
v -2.747418 1.340381 -0.216000
v -2.747418 1.340381 0.216000
v -2.736198 1.618531 -0.189000
v -2.736198 1.618531 0.189000
v -2.735119 1.498648 0.216000
v -2.735119 1.498648 -0.216000
v -2.734458 2.134454 -0.144000
v -2.734458 2.134454 0.144000
v -2.731250 1.157813 -0.000000
v -2.731250 1.157813 -0.000000
v -2.731200 1.800000 -0.144000
v -2.731200 1.800000 0.144000
v -2.729850 2.021737 -0.225000
v -2.729850 2.021737 0.225000
v -2.725825 1.163194 0.081000
v -2.725825 1.163194 -0.081000
v -2.724637 1.719956 -0.144000
v -2.724637 1.719956 0.144000
v -2.718978 1.867316 -0.144000
v -2.718978 1.867316 0.144000
v -2.714835 1.933517 -0.189000
v -2.714835 1.933517 0.189000
v -2.713200 1.365600 -0.225000
v -2.713200 1.365600 0.225000
v -2.711100 1.177800 -0.144000
v -2.711100 1.177800 0.144000
v -2.708400 1.800000 -0.081000
v -2.708400 1.800000 0.081000
v -2.706950 2.114698 -0.189000
v -2.706950 2.114698 0.189000
v -2.704570 1.630493 -0.144000
v -2.704570 1.630493 0.144000
v -2.702175 1.724519 -0.081000
v -2.702175 1.724519 0.081000
v -2.700000 1.800000 -0.000000
v -2.699644 1.518063 0.189000
v -2.699644 1.518063 -0.189000
v -2.696413 1.862682 -0.081000
v -2.696413 1.862682 0.081000
v -2.693900 1.726200 -0.000000
v -2.689846 1.999859 -0.216000
v -2.689846 1.999859 0.216000
v -2.689400 1.199325 -0.189000
v -2.689400 1.199325 0.189000
v -2.688100 1.860975 -0.000000
v -2.688100 1.860975 -0.000000
v -2.683107 1.638610 -0.081000
v -2.683107 1.638610 0.081000
v -2.682669 1.921219 -0.144000
v -2.682669 1.921219 0.144000
v -2.678982 1.390819 -0.216000
v -2.678982 1.390819 0.216000
v -2.675200 1.641600 -0.000000
v -2.675200 1.641600 -0.000000
v -2.673549 2.090707 -0.216000
v -2.673549 2.090707 0.216000
v -2.670428 1.534053 -0.144000
v -2.670428 1.534053 0.144000
v -2.663050 1.225463 -0.216000
v -2.663050 1.225463 0.216000
v -2.660842 1.912874 0.081000
v -2.660842 1.912874 -0.081000
v -2.653085 1.979755 -0.189000
v -2.653085 1.979755 0.189000
v -2.652800 1.909800 -0.000000
v -2.652800 1.909800 -0.000000
v -2.650604 1.544903 0.081000
v -2.650604 1.544903 -0.081000
v -2.647539 1.413994 -0.189000
v -2.647539 1.413994 0.189000
v -2.643300 1.548900 -0.000000
v -2.637200 2.064600 -0.225000
v -2.637200 2.064600 0.225000
v -2.634375 1.253906 0.225000
v -2.634375 1.253906 -0.225000
v -2.625000 2.193750 -0.000000
v -2.622811 1.963199 -0.144000
v -2.622811 1.963199 0.144000
v -2.621645 1.433078 -0.144000
v -2.621645 1.433078 0.144000
v -2.619050 2.188238 -0.081000
v -2.619050 2.188238 0.081000
v -2.611200 1.038600 -0.000000
v -2.611200 1.038600 -0.000000
v -2.607034 1.044497 0.081000
v -2.607034 1.044497 -0.081000
v -2.605700 1.282350 -0.216000
v -2.605700 1.282350 0.216000
v -2.604074 1.446029 -0.081000
v -2.604074 1.446029 0.081000
v -2.602900 2.173275 -0.144000
v -2.602900 2.173275 0.144000
v -2.602268 1.951964 -0.081000
v -2.602268 1.951964 0.081000
v -2.600851 2.038493 -0.216000
v -2.600851 2.038493 0.216000
v -2.597600 1.450800 -0.000000
v -2.595725 1.060502 -0.144000
v -2.595725 1.060502 0.144000
v -2.594700 1.947825 -0.000000
v -2.579350 1.308488 -0.189000
v -2.579350 1.308488 0.189000
v -2.579100 2.151225 -0.189000
v -2.579100 2.151225 0.189000
v -2.579059 1.084090 -0.189000
v -2.579059 1.084090 0.189000
v -2.567450 2.014502 -0.189000
v -2.567450 2.014502 0.189000
v -2.558822 1.112731 0.216000
v -2.558822 1.112731 -0.216000
v -2.557650 1.330013 -0.144000
v -2.557650 1.330013 0.144000
v -2.550200 2.124450 -0.216000
v -2.550200 2.124450 0.216000
v -2.542925 1.344619 0.081000
v -2.542925 1.344619 -0.081000
v -2.539942 1.994746 -0.144000
v -2.539942 1.994746 0.144000
v -2.537500 1.350000 -0.000000
v -2.537500 1.350000 -0.000000
v -2.536800 1.143900 0.225000
v -2.536800 1.143900 -0.225000
v -2.521277 1.981339 -0.081000
v -2.521277 1.981339 0.081000
v -2.518750 2.095312 -0.225000
v -2.518750 2.095312 0.225000
v -2.514778 1.175069 0.216000
v -2.514778 1.175069 -0.216000
v -2.514400 1.976400 -0.000000
v -2.514400 1.976400 -0.000000
v -2.494541 1.203710 -0.189000
v -2.494541 1.203710 0.189000
v -2.487300 2.066175 -0.216000
v -2.487300 2.066175 0.216000
v -2.477875 1.227298 -0.144000
v -2.477875 1.227298 0.144000
v -2.468350 0.922987 -0.000000
v -2.466566 1.243303 0.081000
v -2.466566 1.243303 -0.081000
v -2.465644 0.929375 -0.081000
v -2.465644 0.929375 0.081000
v -2.462400 1.249200 -0.000000
v -2.462400 1.249200 -0.000000
v -2.460000 2.221200 -0.000000
v -2.460000 2.221200 -0.000000
v -2.458400 2.039400 -0.189000
v -2.458400 2.039400 0.189000
v -2.458298 0.946711 -0.144000
v -2.458298 0.946711 0.144000
v -2.455229 2.215303 -0.081000
v -2.455229 2.215303 0.081000
v -2.447474 0.972260 0.189000
v -2.447474 0.972260 -0.189000
v -2.442278 2.199298 -0.144000
v -2.442278 2.199298 0.144000
v -2.434600 2.017350 -0.144000
v -2.434600 2.017350 0.144000
v -2.434329 1.003283 -0.216000
v -2.434329 1.003283 0.216000
v -2.423194 2.175710 -0.189000
v -2.423194 2.175710 0.189000
v -2.420025 1.037044 -0.225000
v -2.420025 1.037044 0.225000
v -2.418450 2.002387 -0.081000
v -2.418450 2.002388 0.081000
v -2.412500 1.996875 -0.000000
v -2.412500 1.996875 -0.000000
v -2.405721 1.070804 -0.216000
v -2.405721 1.070804 0.216000
v -2.400019 2.147069 -0.216000
v -2.400019 2.147069 0.216000
v -2.392576 1.101828 -0.189000
v -2.392576 1.101828 0.189000
v -2.381752 1.127376 -0.144000
v -2.381752 1.127376 0.144000
v -2.374800 2.115900 -0.225000
v -2.374800 2.115900 0.225000
v -2.374406 1.144713 0.081000
v -2.374406 1.144713 -0.081000
v -2.371700 1.151100 -0.000000
v -2.349581 2.084731 -0.216000
v -2.349581 2.084731 0.216000
v -2.326406 2.056090 -0.189000
v -2.326406 2.056090 0.189000
v -2.307322 2.032502 -0.144000
v -2.307322 2.032502 0.144000
v -2.302400 0.811200 -0.000000
v -2.302400 0.811200 -0.000000
v -2.301347 0.818122 0.081000
v -2.301347 0.818122 -0.081000
v -2.298490 0.836909 0.144000
v -2.298490 0.836909 -0.144000
v -2.294371 2.016497 -0.081000
v -2.294371 2.016497 0.081000
v -2.294278 0.864595 0.189000
v -2.294278 0.864595 -0.189000
v -2.289600 2.010600 -0.000000
v -2.289600 2.010600 -0.000000
v -2.289165 0.898214 0.216000
v -2.289165 0.898214 -0.216000
v -2.283600 0.934800 0.225000
v -2.283600 0.934800 -0.225000
v -2.278035 0.971386 0.216000
v -2.278035 0.971386 -0.216000
v -2.272922 1.005005 0.189000
v -2.272922 1.005005 -0.189000
v -2.268710 1.032691 -0.144000
v -2.268710 1.032691 0.144000
v -2.265853 1.051478 0.081000
v -2.265853 1.051478 -0.081000
v -2.265000 2.237850 -0.000000
v -2.264800 1.058400 -0.000000
v -2.264800 1.058400 -0.000000
v -2.261676 2.231720 -0.081000
v -2.261676 2.231720 0.081000
v -2.252655 2.215082 -0.144000
v -2.252655 2.215082 0.144000
v -2.239361 2.190562 -0.189000
v -2.239361 2.190562 0.189000
v -2.223218 2.160788 -0.216000
v -2.223218 2.160788 0.216000
v -2.205650 2.128387 0.225000
v -2.205650 2.128388 -0.225000
v -2.188082 2.095987 -0.216000
v -2.188082 2.095987 0.216000
v -2.171939 2.066213 -0.189000
v -2.171939 2.066213 0.189000
v -2.158645 2.041693 -0.144000
v -2.158645 2.041693 0.144000
v -2.149624 2.025055 -0.081000
v -2.149624 2.025055 0.081000
v -2.146300 2.018925 -0.000000
v -2.141100 0.973800 -0.000000
v -2.141100 0.973800 -0.000000
v -2.140315 0.966231 0.081000
v -2.140315 0.966231 -0.081000
v -2.138183 0.945685 0.144000
v -2.138183 0.945685 -0.144000
v -2.135041 0.915407 0.189000
v -2.135041 0.915407 -0.189000
v -2.131226 0.878641 0.216000
v -2.131226 0.878641 -0.216000
v -2.127075 0.838631 0.225000
v -2.127075 0.838631 -0.225000
v -2.122924 0.798621 0.216000
v -2.122924 0.798621 -0.216000
v -2.119109 0.761855 0.189000
v -2.119109 0.761855 -0.189000
v -2.115967 0.731578 0.144000
v -2.115967 0.731578 -0.144000
v -2.113835 0.711032 0.081000
v -2.113835 0.711032 -0.081000
v -2.113050 0.703463 -0.000000
v -2.113050 0.703463 -0.000000
v -2.040000 2.246400 -0.000000
v -2.040000 2.246400 -0.000000
v -2.038410 2.240150 -0.081000
v -2.038410 2.240150 0.081000
v -2.034093 2.223187 -0.144000
v -2.034093 2.223187 0.144000
v -2.027731 2.198189 -0.189000
v -2.027731 2.198189 0.189000
v -2.020006 2.167834 0.216000
v -2.020006 2.167834 -0.216000
v -2.011600 2.134800 0.225000
v -2.011600 2.134800 -0.225000
v -2.003194 2.101766 0.216000
v -2.003194 2.101766 -0.216000
v -2.000000 0.900000 -0.000000
v -2.000000 0.900000 -0.000000
v -2.000000 0.900000 -0.000000
v -1.997200 0.891600 0.081000
v -1.997200 0.891600 -0.081000
v -1.995469 2.071411 -0.189000
v -1.995469 2.071411 0.189000
v -1.992750 1.037175 -0.000000
v -1.992750 1.037175 -0.000000
v -1.989600 0.868800 0.144000
v -1.989600 0.868800 -0.144000
v -1.989107 2.046413 0.144000
v -1.989107 2.046413 -0.144000
v -1.986000 0.771675 -0.000000
v -1.986000 0.771675 -0.000000
v -1.984790 2.029450 -0.081000
v -1.984790 2.029450 0.081000
v -1.983200 2.023200 -0.000000
v -1.983200 2.023200 -0.000000
v -1.978400 0.835200 0.189000
v -1.978400 0.835200 -0.189000
v -1.974240 0.900000 -0.328160
v -1.974240 0.900000 -0.328160
v -1.974240 0.900000 0.328160
v -1.972000 1.178400 -0.000000
v -1.972000 1.178400 -0.000000
v -1.967083 1.037175 -0.326970
v -1.967083 1.037175 0.326970
v -1.964800 0.794400 0.216000
v -1.964800 0.794400 -0.216000
v -1.960420 0.771675 -0.325863
v -1.960420 0.771675 0.325863
v -1.950000 0.750000 -0.225000
v -1.950000 0.750000 0.225000
v -1.948000 0.656400 -0.000000
v -1.948000 0.656400 -0.000000
v -1.946601 1.178400 -0.323566
v -1.946601 1.178400 0.323566
v -1.939250 1.323225 -0.000000
v -1.939250 1.323225 -0.000000
v -1.935200 0.705600 0.216000
v -1.935200 0.705600 -0.216000
v -1.922910 0.656400 -0.319628
v -1.922910 0.656400 0.319628
v -1.921600 0.664800 0.189000
v -1.921600 0.664800 -0.189000
v -1.914272 1.323225 -0.318192
v -1.914272 1.323225 0.318192
v -1.910400 0.631200 0.144000
v -1.910400 0.631200 -0.144000
v -1.902800 0.608400 0.081000
v -1.902800 0.608400 -0.081000
v -1.900000 0.600000 -0.000000
v -1.900000 0.600000 -0.000000
v -1.899520 0.900000 -0.638080
v -1.899520 0.900000 -0.638080
v -1.899520 0.900000 0.638080
v -1.899520 0.900000 0.638080
v -1.896000 1.471200 -0.000000
v -1.896000 1.471200 -0.000000
v -1.892634 1.037175 -0.635767
v -1.892634 1.037175 0.635767
v -1.892000 0.553725 -0.000000
v -1.892000 0.553725 -0.000000
v -1.886223 0.771675 -0.633613
v -1.886223 0.771675 0.633613
v -1.872927 1.178400 -0.629147
v -1.872927 1.178400 0.629147
v -1.871580 1.471200 -0.311096
v -1.871580 1.471200 0.311096
v -1.867631 0.553725 -0.310439
v -1.867631 0.553725 0.310439
v -1.850132 0.656400 -0.621490
v -1.850132 0.656400 0.621490
v -1.843750 1.621875 -0.000000
v -1.843750 1.621875 -0.000000
v -1.841822 1.323225 -0.618698
v -1.841822 1.323225 0.618698
v -1.824000 0.463200 -0.000000
v -1.824000 0.463200 -0.000000
v -1.820003 1.621875 -0.302522
v -1.820003 1.621875 0.302523
v -1.800900 2.024775 -0.000000
v -1.800745 1.471200 -0.604900
v -1.800745 1.471200 0.604900
v -1.800507 0.463200 -0.299282
v -1.800507 0.463200 0.299282
v -1.800455 2.031069 -0.081000
v -1.800455 2.031069 0.081000
v -1.799246 2.048152 -0.144000
v -1.799246 2.048152 0.144000
v -1.797466 2.073326 -0.189000
v -1.797466 2.073326 0.189000
v -1.796946 0.553725 -0.603624
v -1.796946 0.553725 0.603624
v -1.795303 2.103896 -0.216000
v -1.795303 2.103896 0.216000
v -1.792950 2.137163 -0.225000
v -1.792950 2.137163 0.225000
v -1.790597 2.170429 -0.216000
v -1.790597 2.170429 0.216000
v -1.788434 2.200999 -0.189000
v -1.788434 2.200999 0.189000
v -1.786654 2.226173 -0.144000
v -1.786654 2.226173 0.144000
v -1.785445 2.243256 -0.081000
v -1.785445 2.243256 0.081000
v -1.785000 2.249550 -0.000000
v -1.784000 1.774800 -0.000000
v -1.784000 1.774800 -0.000000
v -1.779680 0.900000 -0.925920
v -1.779680 0.900000 -0.925920
v -1.779680 0.900000 0.925920
v -1.779680 0.900000 0.925920
v -1.773229 1.037175 -0.922564
v -1.773229 1.037175 0.922564
v -1.767222 0.771675 -0.919439
v -1.767222 0.771675 0.919439
v -1.761022 1.774800 -0.292719
v -1.761022 1.774800 0.292719
v -1.754764 1.178400 -0.912957
v -1.754764 1.178400 0.912957
v -1.751120 1.621875 -0.588230
v -1.751120 1.621875 0.588230
v -1.750000 0.384375 -0.000000
v -1.750000 0.384375 -0.000000
v -1.733408 0.656400 -0.901846
v -1.733408 0.656400 0.901846
v -1.732362 0.463200 -0.581929
v -1.732362 0.463200 0.581929
v -1.727460 0.384375 -0.287140
v -1.727460 0.384375 0.287140
v -1.725622 1.323225 -0.897795
v -1.725622 1.323225 0.897795
v -1.718250 1.929525 -0.000000
v -1.718250 1.929525 -0.000000
v -1.696119 1.929525 -0.281930
v -1.696119 1.929525 0.281930
v -1.694372 1.774800 -0.569167
v -1.694372 1.774800 0.569167
v -1.687137 1.471200 -0.877772
v -1.687137 1.471200 0.877772
v -1.683577 0.553725 -0.875920
v -1.683577 0.553725 0.875920
v -1.676000 0.316800 -0.000000
v -1.676000 0.316800 -0.000000
v -1.662080 0.384375 -0.558320
v -1.662080 0.384375 0.558320
v -1.654413 0.316800 -0.274998
v -1.654413 0.316800 0.274998
v -1.648000 2.085600 -0.000000
v -1.648000 2.085600 -0.000000
v -1.640643 1.621875 -0.853583
v -1.640643 1.621875 0.853583
v -1.631925 1.929525 -0.548190
v -1.631925 1.929525 0.548190
v -1.626774 2.085600 -0.270404
v -1.626774 2.085600 0.270404
v -1.623068 0.463200 -0.844439
v -1.623068 0.463200 0.844439
v -1.618560 0.900000 -1.187840
v -1.618560 0.900000 -1.187840
v -1.618560 0.900000 1.187840
v -1.618560 0.900000 1.187840
v -1.612693 1.037175 -1.183534
v -1.612693 1.037175 1.183534
v -1.608000 0.260025 -0.000000
v -1.608000 0.260025 -0.000000
v -1.607230 0.771675 -1.179525
v -1.607230 0.771675 1.179525
v -1.600000 2.025000 -0.000000
v -1.597200 2.031300 -0.081000
v -1.597200 2.031300 0.081000
v -1.595900 1.178400 -1.171210
v -1.595900 1.178400 1.171210
v -1.591798 0.316800 -0.534711
v -1.591798 0.316800 0.534711
v -1.589600 2.048400 -0.144000
v -1.589600 2.048400 0.144000
v -1.587475 1.774800 -0.825921
v -1.587475 1.774800 0.825921
v -1.587289 0.260025 0.263841
v -1.587289 0.260025 -0.263841
v -1.578400 2.073600 -0.189000
v -1.578400 2.073600 0.189000
v -1.576477 0.656400 -1.156956
v -1.576477 0.656400 1.156956
v -1.574750 2.242575 -0.000000
v -1.574750 2.242575 -0.000000
v -1.569396 1.323225 -1.151759
v -1.569396 1.323225 1.151759
v -1.565204 2.085600 -0.525778
v -1.565204 2.085600 0.525778
v -1.564800 2.104200 -0.216000
v -1.564800 2.104200 0.216000
v -1.557220 0.384375 -0.810180
v -1.557220 0.384375 0.810180
v -1.554467 2.242575 -0.258385
v -1.554467 2.242575 0.258385
v -1.552000 0.213600 -0.000000
v -1.552000 0.213600 -0.000000
v -1.550000 2.137500 -0.225000
v -1.550000 2.137500 0.225000
v -1.535200 2.170800 -0.216000
v -1.535200 2.170800 0.216000
v -1.534395 1.471200 -1.126072
v -1.534395 1.471200 1.126072
v -1.532010 0.213600 0.254652
v -1.532010 0.213600 -0.254652
v -1.531158 0.553725 -1.123697
v -1.531158 0.553725 1.123697
v -1.528968 1.929525 -0.795481
v -1.528968 1.929525 0.795481
v -1.527214 0.260025 -0.513016
v -1.527214 0.260025 0.513016
v -1.521600 2.201400 -0.189000
v -1.521600 2.201400 0.189000
v -1.514000 0.177075 -0.000000
v -1.514000 0.177075 -0.000000
v -1.510400 2.226600 -0.144000
v -1.510400 2.226600 0.144000
v -1.502800 2.243700 -0.081000
v -1.502800 2.243700 0.081000
v -1.500000 2.400000 -0.000000
v -1.500000 0.150000 -0.000000
v -1.500000 2.250000 -0.000000
v -1.500000 2.400000 -0.000000
v -1.500000 0.150000 -0.000000
v -1.496475 0.127575 -0.000000
v -1.496475 0.127575 -0.000000
v -1.495635 2.242575 -0.502408
v -1.495635 2.242575 0.502408
v -1.494500 0.177075 0.248417
v -1.494500 0.177075 -0.248417
v -1.492110 1.621875 -1.095040
v -1.492110 1.621875 1.095040
v -1.491372 0.316800 -0.775921
v -1.491372 0.316800 0.775921
v -1.480800 0.105600 -0.000000
v -1.480800 0.105600 -0.000000
v -1.480680 2.400000 -0.246120
v -1.480680 0.150000 0.246120
v -1.480680 2.400000 0.246120
v -1.480680 0.150000 -0.246120
v -1.480680 0.150000 -0.246120
v -1.480680 0.150000 0.246120
v -1.480325 2.435437 -0.000000
v -1.480325 2.435437 -0.000000
v -1.477200 0.127575 0.245542
v -1.477200 0.127575 -0.245542
v -1.476127 0.463200 -1.083310
v -1.476127 0.463200 1.083310
v -1.474028 0.213600 0.495150
v -1.474028 0.213600 -0.495150
v -1.466456 2.085600 -0.762958
v -1.466456 2.085600 0.762958
v -1.461727 0.105600 -0.242970
v -1.461727 0.105600 0.242970
v -1.461258 2.435437 -0.242892
v -1.461258 2.435437 0.242892
v -1.459600 2.463000 -0.000000
v -1.459600 2.463000 -0.000000
v -1.445325 0.084525 -0.000000
v -1.445325 0.084525 -0.000000
v -1.443756 1.774800 -1.059553
v -1.443756 1.774800 1.059553
v -1.440800 2.463000 -0.239491
v -1.440800 2.463000 0.239491
v -1.439025 2.482687 -0.000000
v -1.437937 0.177075 0.483027
v -1.437937 0.177075 -0.483027
v -1.430863 0.260025 0.744440
v -1.430863 0.260025 -0.744440
v -1.426709 0.084525 -0.237149
v -1.426709 0.084525 0.237149
v -1.424640 2.400000 -0.478560
v -1.424640 0.150000 -0.478560
v -1.424640 0.150000 -0.478560
v -1.424640 0.150000 0.478560
v -1.424640 0.150000 0.478560
v -1.424640 2.400000 0.478560
v -1.421292 0.127575 0.477435
v -1.421292 0.127575 -0.477435
v -1.420490 2.482687 -0.236115
v -1.420490 2.482687 0.236115
v -1.420000 0.900000 -1.420000
v -1.420000 0.900000 -1.420000
v -1.420000 0.900000 1.420000
v -1.420000 0.900000 1.420000
v -1.419800 2.494500 -0.000000
v -1.419800 2.494500 -0.000000
v -1.416240 0.384375 -1.039360
v -1.416240 0.384375 1.039360
v -1.414853 1.037175 -1.414853
v -1.414853 1.037175 1.414853
v -1.410060 0.771675 -1.410060
v -1.410060 0.771675 1.410060
v -1.406405 0.105600 -0.472434
v -1.406405 0.105600 0.472434
v -1.405953 2.435437 -0.472283
v -1.405953 2.435437 0.472283
v -1.403125 2.498438 -0.000000
v -1.403125 2.498438 -0.000000
v -1.401513 2.494500 -0.232961
v -1.401513 2.494500 0.232961
v -1.401276 2.242575 -0.729046
v -1.401276 2.242575 0.729046
v -1.400120 1.178400 -1.400120
v -1.400120 1.178400 1.400120
v -1.400000 2.400000 -0.000000
v -1.400000 2.400000 -0.000000
v -1.390545 1.929525 -1.020503
v -1.390545 1.929525 1.020503
v -1.390200 2.494500 -0.000000
v -1.390200 2.494500 -0.000000
v -1.386270 2.463000 -0.465671
v -1.386270 2.463000 0.465671
v -1.385925 2.435437 -0.000000
v -1.385925 2.435437 -0.000000
v -1.385053 2.498438 -0.230225
v -1.385053 2.498438 0.230225
v -1.383080 0.656400 -1.383080
v -1.383080 0.656400 1.383080
v -1.382400 0.064800 -0.000000
v -1.382400 0.064800 -0.000000
v -1.382225 2.482687 -0.000000
v -1.382225 2.482687 -0.000000
v -1.381968 2.400000 -0.229712
v -1.381968 2.400000 0.229712
v -1.381032 0.213600 0.718514
v -1.381032 0.213600 -0.718514
v -1.380400 2.463000 -0.000000
v -1.380400 2.463000 -0.000000
v -1.376868 1.323225 -1.376867
v -1.376867 1.323225 1.376868
v -1.372712 0.084525 -0.461116
v -1.372712 0.084525 0.461116
v -1.372294 2.494500 -0.228104
v -1.372294 2.494500 0.228104
v -1.368074 2.435437 -0.227403
v -1.368074 2.435437 0.227403
v -1.366728 2.482687 -0.459107
v -1.366728 2.482687 0.459107
v -1.364595 0.064800 -0.226824
v -1.364595 0.064800 0.226824
v -1.364422 2.482687 -0.226795
v -1.364422 2.482687 0.226795
v -1.362620 2.463000 -0.226496
v -1.362620 2.463000 0.226496
v -1.356353 0.316800 -0.995410
v -1.356353 0.316800 0.995410
v -1.348469 2.494500 -0.452973
v -1.348469 2.494500 0.452973
v -1.347218 0.177075 0.700921
v -1.347218 0.177075 -0.700921
v -1.346160 1.471200 -1.346160
v -1.346160 1.471200 1.346160
v -1.343320 0.553725 -1.343320
v -1.343320 0.553725 1.343320
v -1.334760 2.400000 -0.694440
v -1.334760 0.150000 -0.694440
v -1.334760 0.150000 0.694440
v -1.334760 0.150000 0.694440
v -1.334760 2.400000 0.694440
v -1.334760 0.150000 -0.694440
v -1.333693 2.085600 -0.978780
v -1.333693 2.085600 0.978780
v -1.332632 2.498438 -0.447653
v -1.332632 2.498438 0.447653
v -1.331623 0.127575 0.692808
v -1.331623 0.127575 -0.692808
v -1.329664 2.400000 -0.446656
v -1.329664 2.400000 0.446656
v -1.320356 2.494500 -0.443529
v -1.320356 2.494500 0.443529
v -1.317675 0.105600 -0.685551
v -1.317675 0.105600 0.685551
v -1.317252 2.435437 -0.685331
v -1.317252 2.435437 0.685331
v -1.316296 2.435437 -0.442166
v -1.316296 2.435437 0.442166
v -1.312948 0.064800 0.441041
v -1.312948 0.064800 -0.441041
v -1.312782 2.482687 -0.440985
v -1.312782 2.482687 0.440985
v -1.311049 2.463000 -0.440403
v -1.311049 2.463000 0.440403
v -1.309063 1.621875 -1.309063
v -1.309063 1.621875 1.309063
v -1.301322 0.260025 0.955023
v -1.301322 0.260025 -0.955023
v -1.300000 2.400000 -0.000000
v -1.300000 2.400000 -0.000000
v -1.298810 2.463000 -0.675736
v -1.298810 2.463000 0.675736
v -1.295040 0.463200 -1.295040
v -1.295040 0.463200 1.295040
v -1.286108 0.084525 -0.669128
v -1.286108 0.084525 0.669128
v -1.284375 0.046875 -0.000000
v -1.284375 0.046875 -0.000000
v -1.283256 2.400000 -0.213304
v -1.283256 2.400000 0.213304
v -1.280502 2.482687 -0.666211
v -1.280502 2.482687 0.666211
v -1.274600 2.440800 -0.000000
v -1.274600 2.440800 -0.000000
v -1.274414 2.242575 -0.935276
v -1.274414 2.242575 0.935276
v -1.267832 0.046875 -0.210740
v -1.267832 0.046875 0.210740
v -1.266640 1.774800 -1.266640
v -1.266640 1.774800 1.266640
v -1.263395 2.494500 -0.657311
v -1.263395 2.494500 0.657311
v -1.258183 2.440800 0.209136
v -1.258183 2.440800 -0.209136
v -1.256003 0.213600 0.921764
v -1.256003 0.213600 -0.921764
v -1.248557 2.498438 -0.649591
v -1.248557 2.498438 0.649591
v -1.245776 2.400000 -0.648144
v -1.245776 2.400000 0.648144
v -1.242500 0.384375 -1.242500
v -1.242500 0.384375 1.242500
v -1.237056 2.494500 -0.643607
v -1.237056 2.494500 0.643607
v -1.234688 2.400000 -0.414752
v -1.234688 2.400000 0.414752
v -1.233252 2.435437 -0.641628
v -1.233252 2.435437 0.641628
v -1.230115 0.064800 -0.639996
v -1.230115 0.064800 0.639996
v -1.229959 2.482687 -0.639915
v -1.229959 2.482687 0.639915
v -1.228335 2.463000 -0.639070
v -1.228335 2.463000 0.639070
v -1.225250 0.177075 0.899195
v -1.225250 0.177075 -0.899195
v -1.219958 1.929525 1.219958
v -1.219958 1.929525 -1.219958
v -1.219848 0.046875 -0.409767
v -1.219848 0.046875 0.409767
v -1.213920 2.400000 -0.890880
v -1.213920 0.150000 -0.890880
v -1.213920 0.150000 -0.890880
v -1.213920 0.150000 0.890880
v -1.213920 0.150000 0.890880
v -1.213920 2.400000 0.890880
v -1.211067 0.127575 0.888786
v -1.211067 0.127575 -0.888786
v -1.210564 2.440800 0.406648
v -1.210564 2.440800 -0.406648
v -1.204800 2.474400 -0.000000
v -1.204800 2.474400 -0.000000
v -1.198382 0.105600 -0.879477
v -1.198382 0.105600 0.879477
v -1.197997 2.435437 -0.879195
v -1.197997 2.435437 0.879195
v -1.189960 0.316800 -1.189960
v -1.189960 0.316800 1.189960
v -1.189282 2.474400 -0.197684
v -1.189282 2.474400 0.197684
v -1.187840 0.900000 -1.618560
v -1.187840 0.900000 -1.618560
v -1.187840 0.900000 1.618560
v -1.187840 0.900000 1.618560
v -1.183534 1.037175 -1.612693
v -1.183534 1.037175 1.612693
v -1.181225 2.463000 -0.866886
v -1.181225 2.463000 0.866886
v -1.179525 0.771675 -1.607230
v -1.179525 0.771675 1.607230
v -1.171210 1.178400 -1.595900
v -1.171210 1.178400 1.595900
v -1.170080 2.085600 -1.170080
v -1.170080 2.085600 1.170080
v -1.169673 0.084525 -0.858407
v -1.169673 0.084525 0.858407
v -1.164574 2.482687 -0.854666
v -1.164574 2.482687 0.854666
v -1.156956 0.656400 -1.576477
v -1.156956 0.656400 1.576477
v -1.156792 2.400000 -0.601848
v -1.156792 2.400000 0.601848
v -1.151759 1.323225 -1.569396
v -1.151759 1.323225 1.569396
v -1.149016 2.494500 -0.843248
v -1.149016 2.494500 0.843248
v -1.144271 2.474400 -0.384379
v -1.144271 2.474400 0.384379
v -1.143600 0.031200 -0.000000
v -1.143600 0.031200 -0.000000
v -1.142888 0.046875 -0.594614
v -1.142888 0.046875 0.594614
v -1.141680 0.260025 1.141680
v -1.141680 0.260025 -1.141680
v -1.135521 2.498438 -0.833344
v -1.135521 2.498438 0.833344
v -1.134190 2.440800 0.590089
v -1.134190 2.440800 -0.590089
v -1.132992 2.400000 -0.831488
v -1.132992 2.400000 0.831488
v -1.128870 0.031200 -0.187642
v -1.128870 0.031200 0.187642
v -1.126072 1.471200 -1.534395
v -1.126072 1.471200 1.534395
v -1.125061 2.494500 -0.825668
v -1.125061 2.494500 0.825668
v -1.123697 0.553725 -1.531158
v -1.123697 0.553725 1.531158
v -1.121601 2.435437 -0.823129
v -1.121601 2.435437 0.823129
v -1.118749 0.064800 -0.821035
v -1.118749 0.064800 0.821035
v -1.118607 2.482687 -0.820931
v -1.118607 2.482687 0.820931
v -1.118073 2.242575 -1.118073
v -1.118073 2.242575 1.118073
v -1.117130 2.463000 -0.819847
v -1.117130 2.463000 0.819847
v -1.101920 0.213600 1.101920
v -1.101920 0.213600 -1.101920
v -1.100200 2.502600 -0.000000
v -1.100200 2.502600 -0.000000
v -1.095040 1.621875 -1.492110
v -1.095040 1.621875 1.492110
v -1.086146 0.031200 0.364854
v -1.086146 0.031200 -0.364854
v -1.086029 2.502600 0.180521
v -1.086029 2.502600 -0.180521
v -1.083310 0.463200 -1.476127
v -1.083310 0.463200 1.476127
v -1.074940 0.177075 -1.074940
v -1.074940 0.177075 1.074940
v -1.072079 2.474400 -0.557774
v -1.072079 2.474400 0.557774
v -1.065000 2.400000 -1.065000
v -1.065000 0.150000 -1.065000
v -1.065000 0.150000 1.065000
v -1.065000 2.400000 1.065000
v -1.062497 0.127575 1.062497
v -1.062497 0.127575 -1.062497
v -1.059553 1.774800 -1.443756
v -1.059553 1.774800 1.443756
v -1.052064 2.400000 -0.772096
v -1.052064 2.400000 0.772096
v -1.051368 0.105600 -1.051368
v -1.051368 0.105600 1.051368
v -1.051031 2.435437 -1.051031
v -1.051031 2.435437 1.051031
v -1.044926 2.502600 -0.351008
v -1.044926 2.502600 0.351008
v -1.039419 0.046875 -0.762816
v -1.039419 0.046875 0.762816
v -1.039360 0.384375 -1.416240
v -1.039360 0.384375 1.416240
v -1.036316 2.463000 -1.036316
v -1.036316 2.463000 1.036316
v -1.031508 2.440800 0.757010
v -1.031508 2.440800 -0.757010
v -1.026181 0.084525 -1.026181
v -1.026181 0.084525 1.026181
v -1.021708 2.482687 -1.021708
v -1.021708 2.482687 1.021708
v -1.020503 1.929525 -1.390545
v -1.020503 1.929525 1.390545
v -1.017621 0.031200 0.529441
v -1.017621 0.031200 -0.529441
v -1.008058 2.494500 -1.008058
v -1.008058 2.494500 1.008058
v -0.996219 2.498438 -0.996219
v -0.996219 2.498438 0.996219
v -0.995410 0.316800 -1.356353
v -0.995410 0.316800 1.356353
v -0.994000 2.400000 -0.994000
v -0.994000 2.400000 0.994000
v -0.987042 2.494500 -0.987042
v -0.987042 2.494500 0.987042
v -0.984007 2.435437 -0.984007
v -0.984007 2.435437 0.984007
v -0.981504 0.064800 0.981504
v -0.981504 0.064800 -0.981504
v -0.981380 2.482687 -0.981380
v -0.981380 2.482687 0.981380
v -0.980084 2.463000 -0.980084
v -0.980084 2.463000 0.980084
v -0.979002 2.502600 0.509349
v -0.979002 2.502600 -0.509349
v -0.978780 2.085600 -1.333693
v -0.978780 2.085600 1.333693
v -0.975021 2.474400 -0.715555
v -0.975021 2.474400 0.715555
v -0.970400 2.527200 -0.000000
v -0.970400 2.527200 -0.000000
v -0.957901 2.527200 -0.159223
v -0.957901 2.527200 0.159223
v -0.955023 0.260025 1.301322
v -0.955023 0.260025 -1.301322
v -0.952425 0.018225 -0.000000
v -0.952425 0.018225 -0.000000
v -0.940158 0.018225 0.156274
v -0.940158 0.018225 -0.156274
v -0.935276 2.242575 -1.274414
v -0.935276 2.242575 1.274414
v -0.925920 0.900000 -1.779680
v -0.925920 0.900000 1.779680
v -0.925920 0.900000 1.779680
v -0.925920 0.900000 -1.779680
v -0.925493 0.031200 0.679207
v -0.925493 0.031200 -0.679207
v -0.923000 2.400000 -0.923000
v -0.923000 2.400000 0.923000
v -0.922564 1.037175 1.773229
v -0.922564 1.037175 -1.773229
v -0.921764 0.213600 1.256003
v -0.921764 0.213600 -1.256003
v -0.921647 2.527200 -0.309596
v -0.921647 2.527200 0.309596
v -0.919439 0.771675 -1.767222
v -0.919439 0.771675 1.767222
v -0.912957 1.178400 -1.754764
v -0.912957 1.178400 1.754764
v -0.911906 0.046875 -0.911906
v -0.911906 0.046875 0.911906
v -0.904966 2.440800 0.904966
v -0.904966 2.440800 -0.904966
v -0.904575 0.018225 0.303862
v -0.904575 0.018225 -0.303862
v -0.901846 0.656400 -1.733408
v -0.901846 0.656400 1.733408
v -0.899195 0.177075 1.225250
v -0.899195 0.177075 -1.225250
v -0.897795 1.323225 -1.725622
v -0.897795 1.323225 1.725622
v -0.890880 0.150000 -1.213920
v -0.890880 0.150000 1.213920
v -0.890880 2.400000 -1.213920
v -0.890880 0.150000 -1.213920
v -0.890880 0.150000 1.213920
v -0.890880 2.400000 1.213920
v -0.890370 2.502600 -0.653431
v -0.890370 2.502600 0.653431
v -0.888786 0.127575 1.211067
v -0.888786 0.127575 -1.211067
v -0.879477 0.105600 -1.198382
v -0.879477 0.105600 1.198382
v -0.879195 2.435437 -1.197997
v -0.879195 2.435437 1.197997
v -0.877772 1.471200 -1.687137
v -0.877772 1.471200 1.687137
v -0.875920 0.553725 -1.683577
v -0.875920 0.553725 1.683577
v -0.866886 2.463000 -1.181225
v -0.866886 2.463000 1.181225
v -0.863501 2.527200 -0.449256
v -0.863501 2.527200 0.449256
v -0.858407 0.084525 -1.169673
v -0.858407 0.084525 1.169673
v -0.855408 2.474400 -0.855408
v -0.855408 2.474400 0.855408
v -0.854666 2.482687 -1.164574
v -0.854666 2.482687 1.164574
v -0.853583 1.621875 -1.640643
v -0.853583 1.621875 1.640643
v -0.847506 0.018225 -0.440935
v -0.847506 0.018225 0.440935
v -0.844439 0.463200 1.623068
v -0.844439 0.463200 -1.623068
v -0.843248 2.494500 -1.149016
v -0.843248 2.494500 1.149016
v -0.833344 2.498438 -1.135521
v -0.833344 2.498438 1.135521
v -0.831488 2.400000 -1.132992
v -0.831488 2.400000 1.132992
v -0.825921 1.774800 1.587475
v -0.825921 1.774800 -1.587475
v -0.825668 2.494500 -1.125061
v -0.825668 2.494500 1.125061
v -0.825000 2.550000 -0.000000
v -0.825000 2.550000 -0.000000
v -0.823129 2.435437 -1.121601
v -0.823129 2.435437 1.121601
v -0.821035 0.064800 1.118749
v -0.821035 0.064800 -1.118749
v -0.820931 2.482687 1.118607
v -0.820931 2.482687 -1.118607
v -0.819847 2.463000 -1.117130
v -0.819847 2.463000 1.117130
v -0.814374 2.550000 -0.135366
v -0.814374 2.550000 0.135366
v -0.811956 0.031200 0.811956
v -0.811956 0.031200 -0.811956
v -0.810180 0.384375 1.557220
v -0.810180 0.384375 -1.557220
v -0.795481 1.929525 1.528968
v -0.795481 1.929525 -1.528968
v -0.785325 2.527200 -0.576340
v -0.785325 2.527200 0.576340
v -0.783552 2.550000 -0.263208
v -0.783552 2.550000 0.263208
v -0.781142 2.502600 -0.781142
v -0.781142 2.502600 0.781142
v -0.775921 0.316800 -1.491372
v -0.775921 0.316800 1.491372
v -0.772096 2.400000 -1.052064
v -0.772096 2.400000 1.052064
v -0.770779 0.018225 0.565664
v -0.770779 0.018225 -0.565664
v -0.762958 2.085600 -1.466456
v -0.762958 2.085600 1.466456
v -0.762816 0.046875 -1.039419
v -0.762816 0.046875 1.039419
v -0.757010 2.440800 1.031508
v -0.757010 2.440800 -1.031508
v -0.744440 0.260025 1.430863
v -0.744440 0.260025 -1.430863
v -0.734118 2.550000 -0.381942
v -0.734118 2.550000 0.381942
v -0.729046 2.242575 -1.401276
v -0.729046 2.242575 1.401276
v -0.718514 0.213600 1.381032
v -0.718514 0.213600 -1.381032
v -0.715555 2.474400 -0.975021
v -0.715555 2.474400 0.975021
v -0.703200 0.008400 -0.000000
v -0.700921 0.177075 1.347218
v -0.700921 0.177075 -1.347218
v -0.694440 0.150000 -1.334760
v -0.694440 0.150000 1.334760
v -0.694440 2.400000 1.334760
v -0.694440 0.150000 1.334760
v -0.694440 2.400000 -1.334760
v -0.694440 0.150000 -1.334760
v -0.694143 0.008400 -0.115381
v -0.694143 0.008400 0.115381
v -0.692808 0.127575 1.331623
v -0.692808 0.127575 -1.331623
v -0.688984 2.527200 -0.688984
v -0.688984 2.527200 0.688984
v -0.685551 0.105600 -1.317675
v -0.685551 0.105600 1.317675
v -0.685331 2.435437 -1.317252
v -0.685331 2.435437 1.317252
v -0.679207 0.031200 -0.925493
v -0.679207 0.031200 0.925493
v -0.676222 0.018225 0.676222
v -0.676222 0.018225 -0.676222
v -0.675736 2.463000 -1.298810
v -0.675736 2.463000 1.298810
v -0.673600 2.572800 -0.000000
v -0.673600 2.572800 -0.000000
v -0.669128 0.084525 -1.286108
v -0.669128 0.084525 1.286108
v -0.667871 0.008400 -0.224349
v -0.667871 0.008400 0.224349
v -0.667656 2.550000 -0.489984
v -0.667656 2.550000 0.489984
v -0.666211 2.482687 1.280502
v -0.666211 2.482687 -1.280502
v -0.664924 2.572800 -0.110524
v -0.664924 2.572800 0.110524
v -0.657311 2.494500 -1.263395
v -0.657311 2.494500 1.263395
v -0.653431 2.502600 -0.890370
v -0.653431 2.502600 0.890370
v -0.649591 2.498438 -1.248557
v -0.649591 2.498438 1.248557
v -0.648144 2.400000 -1.245776
v -0.648144 2.400000 1.245776
v -0.643607 2.494500 -1.237056
v -0.643607 2.494500 1.237056
v -0.641628 2.435437 -1.233252
v -0.641628 2.435437 1.233252
v -0.639996 0.064800 -1.230115
v -0.639996 0.064800 1.230115
v -0.639915 2.482687 1.229959
v -0.639915 2.482687 -1.229959
v -0.639758 2.572800 -0.214905
v -0.639758 2.572800 0.214905
v -0.639070 2.463000 -1.228335
v -0.639070 2.463000 1.228335
v -0.638080 0.900000 -1.899520
v -0.638080 0.900000 -1.899520
v -0.638080 0.900000 1.899520
v -0.638080 0.900000 1.899520
v -0.635767 1.037175 -1.892634
v -0.635767 1.037175 1.892634
v -0.633613 0.771675 -1.886223
v -0.633613 0.771675 1.886223
v -0.629147 1.178400 -1.872927
v -0.629147 1.178400 1.872927
v -0.625735 0.008400 0.325553
v -0.625735 0.008400 -0.325553
v -0.621490 0.656400 -1.850132
v -0.621490 0.656400 1.850132
v -0.618698 1.323225 -1.841822
v -0.618698 1.323225 1.841822
v -0.604900 1.471200 -1.800745
v -0.604900 1.471200 1.800745
v -0.603624 0.553725 -1.796946
v -0.603624 0.553725 1.796946
v -0.601848 2.400000 -1.156792
v -0.601848 2.400000 1.156792
v -0.599396 2.572800 -0.311850
v -0.599396 2.572800 0.311850
v -0.594614 0.046875 -1.142888
v -0.594614 0.046875 1.142888
v -0.590089 2.440800 1.134190
v -0.590089 2.440800 -1.134190
v -0.588230 1.621875 -1.751120
v -0.588230 1.621875 1.751120
v -0.585750 2.550000 -0.585750
v -0.585750 2.550000 0.585750
v -0.581929 0.463200 -1.732362
v -0.581929 0.463200 1.732362
v -0.576340 2.527200 -0.785325
v -0.576340 2.527200 0.785325
v -0.569167 1.774800 -1.694372
v -0.569167 1.774800 1.694372
v -0.569086 0.008400 -0.417645
v -0.569086 0.008400 0.417645
v -0.565664 0.018225 0.770779
v -0.565664 0.018225 -0.770779
v -0.558320 0.384375 -1.662080
v -0.558320 0.384375 1.662080
v -0.557774 2.474400 -1.072079
v -0.557774 2.474400 1.072079
v -0.548190 1.929525 -1.631925
v -0.548190 1.929525 1.631925
v -0.545131 2.572800 -0.400065
v -0.545131 2.572800 0.400065
v -0.534711 0.316800 -1.591798
v -0.534711 0.316800 1.591798
v -0.529441 0.031200 -1.017621
v -0.529441 0.031200 1.017621
v -0.525800 2.597400 -0.000000
v -0.525800 2.597400 -0.000000
v -0.525778 2.085600 -1.565204
v -0.525778 2.085600 1.565204
v -0.519028 2.597400 0.086273
v -0.519028 2.597400 -0.086273
v -0.513016 0.260025 -1.527214
v -0.513016 0.260025 1.527214
v -0.509349 2.502600 0.979002
v -0.509349 2.502600 -0.979002
v -0.502408 2.242575 -1.495635
v -0.502408 2.242575 1.495635
v -0.499384 2.597400 -0.167751
v -0.499384 2.597400 0.167751
v -0.499272 0.008400 -0.499272
v -0.499272 0.008400 0.499272
v -0.495150 0.213600 -1.474028
v -0.495150 0.213600 1.474028
v -0.489984 2.550000 -0.667656
v -0.489984 2.550000 0.667656
v -0.483027 0.177075 -1.437937
v -0.483027 0.177075 1.437937
v -0.478560 0.150000 1.424640
v -0.478560 2.400000 -1.424640
v -0.478560 0.150000 -1.424640
v -0.478560 0.150000 -1.424640
v -0.478560 0.150000 1.424640
v -0.478560 2.400000 1.424640
v -0.478256 2.572800 -0.478256
v -0.478256 2.572800 0.478256
v -0.477435 0.127575 1.421292
v -0.477435 0.127575 -1.421292
v -0.472434 0.105600 1.406405
v -0.472434 0.105600 -1.406405
v -0.472283 2.435437 -1.405953
v -0.472283 2.435437 1.405953
v -0.467878 2.597400 -0.243424
v -0.467878 2.597400 0.243424
v -0.465671 2.463000 -1.386270
v -0.465671 2.463000 1.386270
v -0.461116 0.084525 1.372712
v -0.461116 0.084525 -1.372712
v -0.459107 2.482687 -1.366728
v -0.459107 2.482687 1.366728
v -0.452973 2.494500 -1.348469
v -0.452973 2.494500 1.348469
v -0.449256 2.527200 -0.863501
v -0.449256 2.527200 0.863501
v -0.447653 2.498438 -1.332632
v -0.447653 2.498438 1.332632
v -0.446656 2.400000 -1.329664
v -0.446656 2.400000 1.329664
v -0.443529 2.494500 -1.320356
v -0.443529 2.494500 1.320356
v -0.442166 2.435437 -1.316296
v -0.442166 2.435437 1.316296
v -0.441041 0.064800 1.312948
v -0.441041 0.064800 -1.312948
v -0.440985 2.482687 -1.312782
v -0.440985 2.482687 1.312782
v -0.440935 0.018225 0.847506
v -0.440935 0.018225 -0.847506
v -0.440403 2.463000 -1.311049
v -0.440403 2.463000 1.311049
v -0.425519 2.597400 0.312283
v -0.425519 2.597400 -0.312283
v -0.417645 0.008400 -0.569086
v -0.417645 0.008400 0.569086
v -0.414752 2.400000 -1.234688
v -0.414752 2.400000 1.234688
v -0.409767 0.046875 1.219848
v -0.409767 0.046875 -1.219848
v -0.406648 2.440800 -1.210564
v -0.406648 2.440800 1.210564
v -0.400065 2.572800 -0.545131
v -0.400065 2.572800 0.545131
v -0.391200 2.625600 -0.000000
v -0.391200 2.625600 -0.000000
v -0.388275 0.002175 -0.000000
v -0.388275 0.002175 -0.000000
v -0.386161 2.625600 -0.064188
v -0.386161 2.625600 0.064188
v -0.384379 2.474400 -1.144271
v -0.384379 2.474400 1.144271
v -0.383274 0.002175 -0.063708
v -0.383274 0.002175 0.063708
v -0.381942 2.550000 -0.734118
v -0.381942 2.550000 0.734118
v -0.373318 2.597400 -0.373318
v -0.373318 2.597400 0.373318
v -0.371546 2.625600 -0.124808
v -0.371546 2.625600 0.124808
v -0.368768 0.002175 -0.123875
v -0.368768 0.002175 0.123875
v -0.364854 0.031200 1.086146
v -0.364854 0.031200 -1.086146
v -0.358400 3.034800 -0.000000
v -0.358400 3.034800 -0.000000
v -0.358200 3.081150 -0.000000
v -0.358200 3.081150 -0.000000
v -0.353807 3.034800 -0.059016
v -0.353807 3.034800 0.059016
v -0.353610 3.081150 -0.058988
v -0.353610 3.081150 0.058988
v -0.351008 2.502600 -1.044926
v -0.351008 2.502600 1.044926
v -0.348105 2.625600 -0.181110
v -0.348105 2.625600 0.181110
v -0.345503 0.002175 -0.179756
v -0.345503 0.002175 0.179756
v -0.340477 3.034800 -0.114676
v -0.340477 3.034800 0.114676
v -0.340289 3.081150 -0.114619
v -0.340289 3.081150 0.114619
v -0.328160 0.900000 -1.974240
v -0.328160 0.900000 1.974240
v -0.328160 0.900000 1.974240
v -0.326970 1.037175 -1.967083
v -0.326970 1.037175 1.967083
v -0.325863 0.771675 -1.960420
v -0.325863 0.771675 1.960420
v -0.325553 0.008400 -0.625735
v -0.325553 0.008400 0.625735
v -0.325000 2.981250 -0.000000
v -0.325000 2.981250 -0.000000
v -0.323566 1.178400 -1.946601
v -0.323566 1.178400 1.946601
v -0.320834 2.981250 -0.053508
v -0.320834 2.981250 0.053508
v -0.319628 0.656400 -1.922910
v -0.319628 0.656400 1.922910
v -0.319082 3.034800 -0.166306
v -0.319082 3.034800 0.166306
v -0.318907 3.081150 -0.166221
v -0.318907 3.081150 0.166221
v -0.318192 1.323225 -1.914272
v -0.318192 1.323225 1.914272
v -0.316590 2.625600 -0.232342
v -0.316590 2.625600 0.232342
v -0.314223 0.002175 -0.230604
v -0.314223 0.002175 0.230604
v -0.312283 2.597400 -0.425519
v -0.312283 2.597400 0.425519
v -0.311850 2.572800 -0.599396
v -0.311850 2.572800 0.599396
v -0.311096 1.471200 -1.871580
v -0.311096 1.471200 1.871580
v -0.310439 0.553725 -1.867631
v -0.310439 0.553725 1.867631
v -0.309596 2.527200 -0.921647
v -0.309596 2.527200 0.921647
v -0.308800 3.117600 -0.000000
v -0.308800 3.117600 -0.000000
v -0.308744 2.981250 -0.103976
v -0.308744 2.981250 0.103976
v -0.304843 3.117600 -0.050855
v -0.304843 3.117600 0.050855
v -0.303862 0.018225 0.904575
v -0.303862 0.018225 -0.904575
v -0.302523 1.621875 -1.820003
v -0.302522 1.621875 1.820003
v -0.299282 0.463200 -1.800507
v -0.299282 0.463200 1.800507
v -0.293360 3.117600 -0.098814
v -0.293360 3.117600 0.098814
v -0.292719 1.774800 -1.761022
v -0.292719 1.774800 1.761022
v -0.290295 3.034800 -0.213234
v -0.290295 3.034800 0.213234
v -0.290138 3.081150 -0.213123
v -0.290138 3.081150 0.213123
v -0.289340 2.981250 -0.150793
v -0.289340 2.981250 0.150793
v -0.287140 0.384375 -1.727460
v -0.287140 0.384375 1.727460
v -0.281930 1.929525 1.696119
v -0.281930 1.929525 -1.696119
v -0.279400 2.659200 -0.000000
v -0.277752 2.625600 -0.277752
v -0.277752 2.625600 0.277752
v -0.275801 2.659200 -0.045844
v -0.275801 2.659200 0.045844
v -0.275675 0.002175 -0.275675
v -0.275675 0.002175 0.275675
v -0.274998 0.316800 -1.654413
v -0.274998 0.316800 1.654413
v -0.274928 3.117600 -0.143301
v -0.274928 3.117600 0.143301
v -0.273600 2.923200 -0.000000
v -0.273600 2.923200 -0.000000
v -0.270404 2.085600 -1.626774
v -0.270404 2.085600 1.626774
v -0.270092 2.923200 -0.045032
v -0.270092 2.923200 0.045032
v -0.265363 2.659200 -0.089140
v -0.265363 2.659200 0.089140
v -0.263841 0.260025 1.587289
v -0.263841 0.260025 -1.587289
v -0.263232 2.981250 -0.193348
v -0.263232 2.981250 0.193348
v -0.263208 2.550000 -0.783552
v -0.263208 2.550000 0.783552
v -0.259910 2.923200 -0.087511
v -0.259910 2.923200 0.087511
v -0.258385 2.242575 -1.554467
v -0.258385 2.242575 1.554467
v -0.254788 3.034800 -0.254788
v -0.254788 3.034800 0.254788
v -0.254653 3.081150 -0.254653
v -0.254653 3.081150 0.254653
v -0.254652 0.213600 -1.532010
v -0.254652 0.213600 1.532010
v -0.250127 3.117600 -0.183734
v -0.250127 3.117600 0.183734
v -0.248621 2.659200 0.129351
v -0.248621 2.659200 -0.129351
v -0.248417 0.177075 -1.494500
v -0.248417 0.177075 1.494500
v -0.246120 0.150000 1.480680
v -0.246120 2.400000 -1.480680
v -0.246120 0.150000 -1.480680
v -0.246120 0.150000 -1.480680
v -0.246120 0.150000 1.480680
v -0.246120 2.400000 1.480680
v -0.245542 0.127575 1.477200
v -0.245542 0.127575 -1.477200
v -0.243569 2.923200 -0.126920
v -0.243569 2.923200 0.126920
v -0.243424 2.597400 0.467878
v -0.243424 2.597400 -0.467878
v -0.242970 0.105600 1.461727
v -0.242970 0.105600 -1.461727
v -0.242892 2.435437 -1.461258
v -0.242892 2.435437 1.461258
v -0.239491 2.463000 -1.440800
v -0.239491 2.463000 1.440800
v -0.237149 0.084525 1.426709
v -0.237149 0.084525 -1.426709
v -0.236115 2.482687 -1.420490
v -0.236115 2.482687 1.420490
v -0.232961 2.494500 -1.401513
v -0.232961 2.494500 1.401513
v -0.232342 2.625600 -0.316590
v -0.232342 2.625600 0.316590
v -0.231031 2.981250 -0.231031
v -0.231031 2.981250 0.231031
v -0.230604 0.002175 -0.314223
v -0.230604 0.002175 0.314223
v -0.230225 2.498438 -1.385053
v -0.230225 2.498438 1.385053
v -0.229712 2.400000 -1.381968
v -0.229712 2.400000 1.381968
v -0.228104 2.494500 -1.372294
v -0.228104 2.494500 1.372294
v -0.227403 2.435437 -1.368074
v -0.227403 2.435437 1.368074
v -0.226824 0.064800 1.364595
v -0.226824 0.064800 -1.364595
v -0.226795 2.482687 1.364422
v -0.226795 2.482687 -1.364422
v -0.226496 2.463000 -1.362620
v -0.226496 2.463000 1.362620
v -0.226113 2.659200 -0.165941
v -0.226113 2.659200 0.165941
v -0.224349 0.008400 0.667871
v -0.224349 0.008400 -0.667871
v -0.221585 2.923200 -0.162745
v -0.221585 2.923200 0.162745
v -0.219800 2.863350 -0.000000
v -0.219800 2.863350 -0.000000
v -0.219536 3.117600 -0.219536
v -0.219536 3.117600 0.219536
v -0.216979 2.863350 0.036157
v -0.216979 2.863350 -0.036157
v -0.214905 2.572800 -0.639758
v -0.214905 2.572800 0.639758
v -0.213304 2.400000 -1.283256
v -0.213304 2.400000 1.283256
v -0.213234 3.034800 -0.290295
v -0.213234 3.034800 0.290295
v -0.213123 3.081150 -0.290138
v -0.213123 3.081150 0.290138
v -0.210740 0.046875 -1.267832
v -0.210740 0.046875 1.267832
v -0.209136 2.440800 -1.258183
v -0.209136 2.440800 1.258183
v -0.208794 2.863350 0.070270
v -0.208794 2.863350 -0.070270
v -0.200000 2.700000 -0.000000
v -0.200000 2.700000 -0.000000
v -0.200000 2.700000 -0.000000
v -0.200000 2.700000 -0.000000
v -0.198374 2.659200 -0.198374
v -0.198374 2.659200 0.198374
v -0.197684 2.474400 -1.189282
v -0.197684 2.474400 1.189282
v -0.197424 2.700000 -0.032816
v -0.197424 2.700000 0.032816
v -0.197424 2.700000 0.032816
v -0.197424 2.700000 -0.032816
v -0.195658 2.863350 -0.101925
v -0.195658 2.863350 0.101925
v -0.194600 3.141450 -0.000000
v -0.194600 3.141450 -0.000000
v -0.194472 2.923200 -0.194472
v -0.194472 2.923200 0.194472
v -0.193348 2.981250 -0.263232
v -0.193348 2.981250 0.263232
v -0.192107 3.141450 -0.032048
v -0.192107 3.141450 0.032048
v -0.189952 2.700000 -0.063808
v -0.189952 2.700000 0.063808
v -0.189952 2.700000 0.063808
v -0.189952 2.700000 -0.063808
v -0.187642 0.031200 1.128870
v -0.187642 0.031200 -1.128870
v -0.184870 3.141450 -0.062272
v -0.184870 3.141450 0.062272
v -0.183734 3.117600 -0.250127
v -0.183734 3.117600 0.250127
v -0.181110 2.625600 0.348105
v -0.181110 2.625600 -0.348105
v -0.180521 2.502600 -1.086029
v -0.180521 2.502600 1.086029
v -0.179756 0.002175 -0.345503
v -0.179756 0.002175 0.345503
v -0.179200 2.804400 -0.000000
v -0.179200 2.804400 -0.000000
v -0.177989 2.863350 -0.130707
v -0.177989 2.863350 0.130707
v -0.177968 2.700000 -0.092592
v -0.177968 2.700000 0.092592
v -0.177968 2.700000 0.092592
v -0.177968 2.700000 -0.092592
v -0.176897 2.804400 0.029450
v -0.176897 2.804400 -0.029450
v -0.173255 3.141450 -0.090306
v -0.173255 3.141450 0.090306
v -0.170215 2.804400 0.057246
v -0.170215 2.804400 -0.057246
v -0.167751 2.597400 -0.499384
v -0.167751 2.597400 0.499384
v -0.167400 2.749050 -0.000000
v -0.167400 2.749050 -0.000000
v -0.166306 3.034800 -0.319082
v -0.166306 3.034800 0.319082
v -0.166221 3.081150 0.318907
v -0.166221 3.081150 -0.318907
v -0.165941 2.659200 -0.226113
v -0.165941 2.659200 0.226113
v -0.165245 2.749050 0.027480
v -0.165245 2.749050 -0.027480
v -0.162745 2.923200 -0.221585
v -0.162745 2.923200 0.221585
v -0.161856 2.700000 -0.118784
v -0.161856 2.700000 0.118784
v -0.161856 2.700000 0.118784
v -0.161856 2.700000 -0.118784
v -0.159496 2.804400 0.083047
v -0.159496 2.804400 -0.083047
v -0.159223 2.527200 -0.957901
v -0.159223 2.527200 0.957901
v -0.158995 2.749050 0.053428
v -0.158995 2.749050 -0.053428
v -0.157626 3.141450 -0.115787
v -0.157626 3.141450 0.115787
v -0.156274 0.018225 0.940158
v -0.156274 0.018225 -0.940158
v -0.156200 2.863350 -0.156200
v -0.156200 2.863350 0.156200
v -0.150793 2.981250 -0.289340
v -0.150793 2.981250 0.289340
v -0.148969 2.749050 0.077523
v -0.148969 2.749050 -0.077523
v -0.145078 2.804400 0.106513
v -0.145078 2.804400 -0.106513
v -0.143301 3.117600 -0.274928
v -0.143301 3.117600 0.274928
v -0.142000 2.700000 -0.142000
v -0.142000 2.700000 0.142000
v -0.142000 2.700000 0.142000
v -0.142000 2.700000 -0.142000
v -0.138348 3.141450 -0.138348
v -0.138348 3.141450 0.138348
v -0.135489 2.749050 0.099446
v -0.135489 2.749050 -0.099446
v -0.135366 2.550000 -0.814374
v -0.135366 2.550000 0.814374
v -0.130707 2.863350 -0.177989
v -0.130707 2.863350 0.177989
v -0.129351 2.659200 0.248621
v -0.129351 2.659200 -0.248621
v -0.127304 2.804400 0.127304
v -0.127304 2.804400 -0.127304
v -0.126920 2.923200 -0.243569
v -0.126920 2.923200 0.243569
v -0.124808 2.625600 -0.371546
v -0.124808 2.625600 0.371546
v -0.123875 0.002175 0.368768
v -0.123875 0.002175 -0.368768
v -0.118874 2.749050 0.118874
v -0.118874 2.749050 -0.118874
v -0.118784 2.700000 -0.161856
v -0.118784 2.700000 0.161856
v -0.118784 2.700000 0.161856
v -0.118784 2.700000 -0.161856
v -0.115787 3.141450 -0.157626
v -0.115787 3.141450 0.157626
v -0.115381 0.008400 0.694143
v -0.115381 0.008400 -0.694143
v -0.114676 3.034800 -0.340477
v -0.114676 3.034800 0.340477
v -0.114619 3.081150 -0.340289
v -0.114619 3.081150 0.340289
v -0.110524 2.572800 -0.664924
v -0.110524 2.572800 0.664924
v -0.106513 2.804400 -0.145078
v -0.106513 2.804400 0.145078
v -0.103976 2.981250 -0.308744
v -0.103976 2.981250 0.308744
v -0.101925 2.863350 -0.195658
v -0.101925 2.863350 0.195658
v -0.099446 2.749050 0.135489
v -0.099446 2.749050 -0.135489
v -0.098814 3.117600 -0.293360
v -0.098814 3.117600 0.293360
v -0.092592 2.700000 -0.177968
v -0.092592 2.700000 0.177968
v -0.092592 2.700000 -0.177968
v -0.092592 2.700000 0.177968
v -0.090306 3.141450 -0.173255
v -0.090306 3.141450 0.173255
v -0.089140 2.659200 -0.265363
v -0.089140 2.659200 0.265363
v -0.087511 2.923200 -0.259910
v -0.087511 2.923200 0.259910
v -0.086273 2.597400 -0.519028
v -0.086273 2.597400 0.519028
v -0.083047 2.804400 -0.159496
v -0.083047 2.804400 0.159496
v -0.077523 2.749050 -0.148969
v -0.077523 2.749050 0.148969
v -0.070270 2.863350 -0.208794
v -0.070270 2.863350 0.208794
v -0.064188 2.625600 -0.386161
v -0.064188 2.625600 0.386161
v -0.063808 2.700000 -0.189952
v -0.063808 2.700000 0.189952
v -0.063808 2.700000 -0.189952
v -0.063808 2.700000 0.189952
v -0.063708 0.002175 0.383274
v -0.063708 0.002175 -0.383274
v -0.062272 3.141450 -0.184870
v -0.062272 3.141450 0.184870
v -0.059016 3.034800 -0.353807
v -0.059016 3.034800 0.353807
v -0.058988 3.081150 -0.353610
v -0.058988 3.081150 0.353610
v -0.057246 2.804400 -0.170215
v -0.057246 2.804400 0.170215
v -0.053508 2.981250 -0.320834
v -0.053508 2.981250 0.320834
v -0.053428 2.749050 -0.158995
v -0.053428 2.749050 0.158995
v -0.050855 3.117600 -0.304843
v -0.050855 3.117600 0.304843
v -0.045844 2.659200 -0.275801
v -0.045844 2.659200 0.275801
v -0.045032 2.923200 -0.270092
v -0.045032 2.923200 0.270092
v -0.036157 2.863350 -0.216979
v -0.036157 2.863350 0.216979
v -0.032816 2.700000 -0.197424
v -0.032816 2.700000 0.197424
v -0.032816 2.700000 -0.197424
v -0.032816 2.700000 0.197424
v -0.032048 3.141450 -0.192107
v -0.032048 3.141450 0.192107
v -0.029450 2.804400 -0.176897
v -0.029450 2.804400 0.176897
v -0.027480 2.749050 -0.165245
v -0.027480 2.749050 0.165245
v 0.000000 0.260025 1.608000
v 0.000000 1.929525 1.718250
v 0.000000 2.085600 -1.648000
v 0.000000 0.656400 -1.948000
v 0.000000 0.771675 -1.986000
v 0.000000 2.482687 1.382225
v 0.000000 2.700000 -0.200000
v 0.000000 0.127575 1.496475
v 0.000000 2.474400 -1.204800
v 0.000000 2.749050 -0.167400
v 0.000000 0.018225 0.952425
v 0.000000 0.046875 -1.284375
v 0.000000 0.064800 1.382400
v 0.000000 0.384375 1.750000
v 0.000000 0.463200 1.824000
v 0.000000 0.553725 -1.892000
v 0.000000 1.037175 1.992750
v 0.000000 1.178400 1.972000
v 0.000000 1.323225 -1.939250
v 0.000000 1.621875 -1.843750
v 0.000000 1.774800 1.784000
v 0.000000 2.400000 -1.300000
v 0.000000 2.435437 -1.480325
v 0.000000 2.435437 -1.385925
v 0.000000 2.463000 -1.459600
v 0.000000 2.463000 -1.380400
v 0.000000 2.494500 -1.390200
v 0.000000 2.502600 -1.100200
v 0.000000 2.804400 -0.179200
v 0.000000 2.863350 -0.219800
v 0.000000 2.572800 -0.673600
v 0.000000 0.105600 1.480800
v 0.000000 0.177075 -1.514000
v 0.000000 2.494500 -1.419800
v 0.000000 2.527200 -0.970400
v 0.000000 2.923200 -0.273600
v 0.000000 3.117600 -0.308800
v 0.000000 2.597400 -0.525800
v 0.000000 2.700000 -0.200000
v 0.000000 2.981250 -0.325000
v 0.000000 3.141450 -0.194600
v 0.000000 0.002175 0.388275
v 0.000000 3.081150 -0.358200
v 0.000000 0.000000 0.000000
v 0.000000 0.002175 -0.388275
v 0.000000 0.002175 0.388275
v 0.000000 0.008400 -0.703200
v 0.000000 0.008400 0.703200
v 0.000000 0.018225 -0.952425
v 0.000000 0.018225 0.952425
v 0.000000 0.031200 -1.143600
v 0.000000 0.031200 -1.143600
v 0.000000 0.031200 1.143600
v 0.000000 0.031200 1.143600
v 0.000000 0.046875 -1.284375
v 0.000000 0.046875 1.284375
v 0.000000 0.064800 -1.382400
v 0.000000 0.064800 1.382400
v 0.000000 0.084525 -1.445325
v 0.000000 0.084525 -1.445325
v 0.000000 0.084525 1.445325
v 0.000000 0.084525 1.445325
v 0.000000 0.105600 -1.480800
v 0.000000 0.105600 1.480800
v 0.000000 0.127575 -1.496475
v 0.000000 0.127575 1.496475
v 0.000000 0.150000 -1.500000
v 0.000000 0.150000 -1.500000
v 0.000000 0.150000 1.500000
v 0.000000 0.150000 1.500000
v 0.000000 0.177075 -1.514000
v 0.000000 0.177075 1.514000
v 0.000000 0.213600 -1.552000
v 0.000000 0.213600 -1.552000
v 0.000000 0.213600 1.552000
v 0.000000 0.213600 1.552000
v 0.000000 0.260025 -1.608000
v 0.000000 0.260025 1.608000
v 0.000000 0.316800 -1.676000
v 0.000000 0.316800 -1.676000
v 0.000000 0.316800 1.676000
v 0.000000 0.316800 1.676000
v 0.000000 0.384375 -1.750000
v 0.000000 0.384375 1.750000
v 0.000000 0.463200 -1.824000
v 0.000000 0.463200 1.824000
v 0.000000 0.553725 -1.892000
v 0.000000 0.553725 1.892000
v 0.000000 0.656400 -1.948000
v 0.000000 0.656400 1.948000
v 0.000000 0.771675 -1.986000
v 0.000000 0.771675 1.986000
v 0.000000 0.900000 -2.000000
v 0.000000 0.900000 -2.000000
v 0.000000 0.900000 2.000000
v 0.000000 0.900000 2.000000
v 0.000000 1.037175 -1.992750
v 0.000000 1.037175 1.992750
v 0.000000 1.178400 -1.972000
v 0.000000 1.178400 1.972000
v 0.000000 1.323225 -1.939250
v 0.000000 1.323225 1.939250
v 0.000000 1.471200 -1.896000
v 0.000000 1.471200 -1.896000
v 0.000000 1.471200 1.896000
v 0.000000 1.471200 1.896000
v 0.000000 1.621875 -1.843750
v 0.000000 1.621875 1.843750
v 0.000000 1.774800 -1.784000
v 0.000000 1.774800 1.784000
v 0.000000 1.929525 -1.718250
v 0.000000 1.929525 1.718250
v 0.000000 2.085600 -1.648000
v 0.000000 2.085600 1.648000
v 0.000000 2.242575 -1.574750
v 0.000000 2.242575 -1.574750
v 0.000000 2.242575 1.574750
v 0.000000 2.242575 1.574750
v 0.000000 2.400000 -1.500000
v 0.000000 2.400000 -1.500000
v 0.000000 2.400000 -1.400000
v 0.000000 2.400000 -1.400000
v 0.000000 2.400000 -1.300000
v 0.000000 2.400000 1.300000
v 0.000000 2.400000 1.400000
v 0.000000 2.400000 1.400000
v 0.000000 2.400000 1.500000
v 0.000000 2.400000 1.500000
v 0.000000 2.435437 -1.480325
v 0.000000 2.435437 -1.385925
v 0.000000 2.435437 1.385925
v 0.000000 2.435437 1.480325
v 0.000000 2.440800 -1.274600
v 0.000000 2.440800 -1.274600
v 0.000000 2.440800 1.274600
v 0.000000 2.440800 1.274600
v 0.000000 2.463000 -1.459600
v 0.000000 2.463000 -1.380400
v 0.000000 2.463000 1.380400
v 0.000000 2.463000 1.459600
v 0.000000 2.474400 -1.204800
v 0.000000 2.474400 1.204800
v 0.000000 2.482687 -1.439025
v 0.000000 2.482687 -1.382225
v 0.000000 2.482687 1.382225
v 0.000000 2.482687 1.439025
v 0.000000 2.494500 -1.419800
v 0.000000 2.494500 -1.390200
v 0.000000 2.494500 1.390200
v 0.000000 2.494500 1.419800
v 0.000000 2.498438 -1.403125
v 0.000000 2.498438 -1.403125
v 0.000000 2.498438 1.403125
v 0.000000 2.498438 1.403125
v 0.000000 2.502600 -1.100200
v 0.000000 2.502600 1.100200
v 0.000000 2.527200 -0.970400
v 0.000000 2.527200 0.970400
v 0.000000 2.550000 -0.825000
v 0.000000 2.550000 -0.825000
v 0.000000 2.550000 0.825000
v 0.000000 2.550000 0.825000
v 0.000000 2.572800 -0.673600
v 0.000000 2.572800 0.673600
v 0.000000 2.597400 -0.525800
v 0.000000 2.597400 0.525800
v 0.000000 2.625600 -0.391200
v 0.000000 2.625600 -0.391200
v 0.000000 2.625600 0.391200
v 0.000000 2.625600 0.391200
v 0.000000 2.659200 -0.279400
v 0.000000 2.659200 0.279400
v 0.000000 2.700000 -0.200000
v 0.000000 2.700000 -0.200000
v 0.000000 2.700000 0.200000
v 0.000000 2.700000 0.200000
v 0.000000 2.749050 -0.167400
v 0.000000 2.749050 0.167400
v 0.000000 2.804400 -0.179200
v 0.000000 2.804400 0.179200
v 0.000000 2.863350 -0.219800
v 0.000000 2.863350 0.219800
v 0.000000 2.923200 -0.273600
v 0.000000 2.923200 0.273600
v 0.000000 2.981250 -0.325000
v 0.000000 2.981250 0.325000
v 0.000000 3.034800 -0.358400
v 0.000000 3.034800 -0.358400
v 0.000000 3.034800 0.358400
v 0.000000 3.034800 0.358400
v 0.000000 3.081150 -0.358200
v 0.000000 3.081150 0.358200
v 0.000000 3.117600 -0.308800
v 0.000000 3.117600 0.308800
v 0.000000 3.141450 -0.194600
v 0.000000 3.141450 0.194600
v 0.000000 3.150000 -0.000000
v 0.000000 0.002175 -0.388275
v 0.000000 3.081150 0.358200
v 0.000000 2.597400 0.525800
v 0.000000 2.700000 0.200000
v 0.000000 2.981250 0.325000
v 0.000000 3.141450 0.194600
v 0.000000 3.117600 0.308800
v 0.000000 0.105600 -1.480800
v 0.000000 0.177075 1.514000
v 0.000000 2.494500 1.419800
v 0.000000 2.527200 0.970400
v 0.000000 2.923200 0.273600
v 0.000000 2.572800 0.673600
v 0.000000 2.863350 0.219800
v 0.000000 0.018225 -0.952425
v 0.000000 0.046875 1.284375
v 0.000000 0.064800 -1.382400
v 0.000000 0.384375 -1.750000
v 0.000000 0.463200 -1.824000
v 0.000000 0.553725 1.892000
v 0.000000 1.037175 -1.992750
v 0.000000 1.178400 -1.972000
v 0.000000 1.323225 1.939250
v 0.000000 1.621875 1.843750
v 0.000000 1.774800 -1.784000
v 0.000000 2.400000 1.300000
v 0.000000 2.435437 1.385925
v 0.000000 2.435437 1.480325
v 0.000000 2.463000 1.380400
v 0.000000 2.463000 1.459600
v 0.000000 2.494500 1.390200
v 0.000000 2.502600 1.100200
v 0.000000 2.804400 0.179200
v 0.000000 2.749050 0.167400
v 0.000000 0.127575 -1.496475
v 0.000000 2.474400 1.204800
v 0.000000 0.656400 1.948000
v 0.000000 0.771675 1.986000
v 0.000000 2.482687 -1.382225
v 0.000000 2.700000 0.200000
v 0.000000 0.260025 -1.608000
v 0.000000 1.929525 -1.718250
v 0.000000 2.085600 1.648000
v 0.027480 2.749050 -0.165245
v 0.027480 2.749050 0.165245
v 0.029450 2.804400 -0.176897
v 0.029450 2.804400 0.176897
v 0.032048 3.141450 -0.192107
v 0.032048 3.141450 0.192107
v 0.032816 2.700000 -0.197424
v 0.032816 2.700000 0.197424
v 0.032816 2.700000 -0.197424
v 0.032816 2.700000 0.197424
v 0.036157 2.863350 -0.216979
v 0.036157 2.863350 0.216979
v 0.045032 2.923200 -0.270092
v 0.045032 2.923200 0.270092
v 0.045844 2.659200 -0.275801
v 0.045844 2.659200 0.275801
v 0.050855 3.117600 -0.304843
v 0.050855 3.117600 0.304843
v 0.053428 2.749050 -0.158995
v 0.053428 2.749050 0.158995
v 0.053508 2.981250 -0.320834
v 0.053508 2.981250 0.320834
v 0.057246 2.804400 -0.170215
v 0.057246 2.804400 0.170215
v 0.058988 3.081150 -0.353610
v 0.058988 3.081150 0.353610
v 0.059016 3.034800 -0.353807
v 0.059016 3.034800 0.353807
v 0.062272 3.141450 -0.184870
v 0.062272 3.141450 0.184870
v 0.063708 0.002175 0.383274
v 0.063708 0.002175 -0.383274
v 0.063808 2.700000 -0.189952
v 0.063808 2.700000 0.189952
v 0.063808 2.700000 -0.189952
v 0.063808 2.700000 0.189952
v 0.064188 2.625600 -0.386161
v 0.064188 2.625600 0.386161
v 0.070270 2.863350 -0.208794
v 0.070270 2.863350 0.208794
v 0.077523 2.749050 -0.148969
v 0.077523 2.749050 0.148969
v 0.083047 2.804400 -0.159496
v 0.083047 2.804400 0.159496
v 0.086273 2.597400 -0.519028
v 0.086273 2.597400 0.519028
v 0.087511 2.923200 -0.259910
v 0.087511 2.923200 0.259910
v 0.089140 2.659200 -0.265363
v 0.089140 2.659200 0.265363
v 0.090306 3.141450 -0.173255
v 0.090306 3.141450 0.173255
v 0.092592 2.700000 -0.177968
v 0.092592 2.700000 0.177968
v 0.092592 2.700000 -0.177968
v 0.092592 2.700000 0.177968
v 0.098814 3.117600 -0.293360
v 0.098814 3.117600 0.293360
v 0.099446 2.749050 0.135489
v 0.099446 2.749050 -0.135489
v 0.101925 2.863350 -0.195658
v 0.101925 2.863350 0.195658
v 0.103976 2.981250 -0.308744
v 0.103976 2.981250 0.308744
v 0.106513 2.804400 -0.145078
v 0.106513 2.804400 0.145078
v 0.110524 2.572800 -0.664924
v 0.110524 2.572800 0.664924
v 0.114619 3.081150 -0.340289
v 0.114619 3.081150 0.340289
v 0.114676 3.034800 -0.340477
v 0.114676 3.034800 0.340477
v 0.115381 0.008400 0.694143
v 0.115381 0.008400 -0.694143
v 0.115787 3.141450 -0.157626
v 0.115787 3.141450 0.157626
v 0.118784 2.700000 0.161856
v 0.118784 2.700000 -0.161856
v 0.118784 2.700000 -0.161856
v 0.118784 2.700000 0.161856
v 0.118874 2.749050 0.118874
v 0.118874 2.749050 -0.118874
v 0.123875 0.002175 0.368768
v 0.123875 0.002175 -0.368768
v 0.124808 2.625600 -0.371546
v 0.124808 2.625600 0.371546
v 0.126920 2.923200 -0.243569
v 0.126920 2.923200 0.243569
v 0.127304 2.804400 0.127304
v 0.127304 2.804400 -0.127304
v 0.129351 2.659200 0.248621
v 0.129351 2.659200 -0.248621
v 0.130707 2.863350 -0.177989
v 0.130707 2.863350 0.177989
v 0.135366 2.550000 -0.814374
v 0.135366 2.550000 0.814374
v 0.135489 2.749050 0.099446
v 0.135489 2.749050 -0.099446
v 0.138348 3.141450 -0.138348
v 0.138348 3.141450 0.138348
v 0.142000 2.700000 0.142000
v 0.142000 2.700000 -0.142000
v 0.142000 2.700000 -0.142000
v 0.142000 2.700000 0.142000
v 0.143301 3.117600 -0.274928
v 0.143301 3.117600 0.274928
v 0.145078 2.804400 0.106513
v 0.145078 2.804400 -0.106513
v 0.148969 2.749050 0.077523
v 0.148969 2.749050 -0.077523
v 0.150793 2.981250 -0.289340
v 0.150793 2.981250 0.289340
v 0.156200 2.863350 -0.156200
v 0.156200 2.863350 0.156200
v 0.156274 0.018225 0.940158
v 0.156274 0.018225 -0.940158
v 0.157626 3.141450 -0.115787
v 0.157626 3.141450 0.115787
v 0.158995 2.749050 0.053428
v 0.158995 2.749050 -0.053428
v 0.159223 2.527200 -0.957901
v 0.159223 2.527200 0.957901
v 0.159496 2.804400 0.083047
v 0.159496 2.804400 -0.083047
v 0.161856 2.700000 0.118784
v 0.161856 2.700000 -0.118784
v 0.161856 2.700000 -0.118784
v 0.161856 2.700000 0.118784
v 0.162745 2.923200 -0.221585
v 0.162745 2.923200 0.221585
v 0.165245 2.749050 0.027480
v 0.165245 2.749050 -0.027480
v 0.165941 2.659200 -0.226113
v 0.165941 2.659200 0.226113
v 0.166221 3.081150 0.318907
v 0.166221 3.081150 -0.318907
v 0.166306 3.034800 -0.319082
v 0.166306 3.034800 0.319082
v 0.167400 2.749050 -0.000000
v 0.167400 2.749050 -0.000000
v 0.167751 2.597400 -0.499384
v 0.167751 2.597400 0.499384
v 0.170215 2.804400 0.057246
v 0.170215 2.804400 -0.057246
v 0.173255 3.141450 -0.090306
v 0.173255 3.141450 0.090306
v 0.176897 2.804400 0.029450
v 0.176897 2.804400 -0.029450
v 0.177968 2.700000 0.092592
v 0.177968 2.700000 -0.092592
v 0.177968 2.700000 -0.092592
v 0.177968 2.700000 0.092592
v 0.177989 2.863350 -0.130707
v 0.177989 2.863350 0.130707
v 0.179200 2.804400 -0.000000
v 0.179200 2.804400 -0.000000
v 0.179756 0.002175 -0.345503
v 0.179756 0.002175 0.345503
v 0.180521 2.502600 -1.086029
v 0.180521 2.502600 1.086029
v 0.181110 2.625600 0.348105
v 0.181110 2.625600 -0.348105
v 0.183734 3.117600 -0.250127
v 0.183734 3.117600 0.250127
v 0.184870 3.141450 -0.062272
v 0.184870 3.141450 0.062272
v 0.187642 0.031200 1.128870
v 0.187642 0.031200 -1.128870
v 0.189952 2.700000 0.063808
v 0.189952 2.700000 -0.063808
v 0.189952 2.700000 -0.063808
v 0.189952 2.700000 0.063808
v 0.192107 3.141450 -0.032048
v 0.192107 3.141450 0.032048
v 0.193348 2.981250 -0.263232
v 0.193348 2.981250 0.263232
v 0.194472 2.923200 -0.194472
v 0.194472 2.923200 0.194472
v 0.194600 3.141450 -0.000000
v 0.194600 3.141450 -0.000000
v 0.195658 2.863350 -0.101925
v 0.195658 2.863350 0.101925
v 0.197424 2.700000 0.032816
v 0.197424 2.700000 -0.032816
v 0.197424 2.700000 -0.032816
v 0.197424 2.700000 0.032816
v 0.197684 2.474400 -1.189282
v 0.197684 2.474400 1.189282
v 0.198374 2.659200 -0.198374
v 0.198374 2.659200 0.198374
v 0.200000 2.700000 -0.000000
v 0.200000 2.700000 -0.000000
v 0.200000 2.700000 -0.000000
v 0.200000 2.700000 -0.000000
v 0.208794 2.863350 0.070270
v 0.208794 2.863350 -0.070270
v 0.209136 2.440800 -1.258183
v 0.209136 2.440800 1.258183
v 0.210740 0.046875 -1.267832
v 0.210740 0.046875 1.267832
v 0.213123 3.081150 -0.290138
v 0.213123 3.081150 0.290138
v 0.213234 3.034800 -0.290295
v 0.213234 3.034800 0.290295
v 0.213304 2.400000 -1.283256
v 0.213304 2.400000 1.283256
v 0.214905 2.572800 -0.639758
v 0.214905 2.572800 0.639758
v 0.216979 2.863350 0.036157
v 0.216979 2.863350 -0.036157
v 0.219536 3.117600 -0.219536
v 0.219536 3.117600 0.219536
v 0.219800 2.863350 -0.000000
v 0.219800 2.863350 -0.000000
v 0.221585 2.923200 -0.162745
v 0.221585 2.923200 0.162745
v 0.224349 0.008400 0.667871
v 0.224349 0.008400 -0.667871
v 0.226113 2.659200 -0.165941
v 0.226113 2.659200 0.165941
v 0.226496 2.463000 -1.362620
v 0.226496 2.463000 1.362620
v 0.226795 2.482687 1.364422
v 0.226795 2.482687 -1.364422
v 0.226824 0.064800 1.364595
v 0.226824 0.064800 -1.364595
v 0.227403 2.435437 -1.368074
v 0.227403 2.435437 1.368074
v 0.228104 2.494500 -1.372294
v 0.228104 2.494500 1.372294
v 0.229712 2.400000 -1.381968
v 0.229712 2.400000 1.381968
v 0.230225 2.498438 -1.385053
v 0.230225 2.498438 1.385053
v 0.230604 0.002175 -0.314223
v 0.230604 0.002175 0.314223
v 0.231031 2.981250 -0.231031
v 0.231031 2.981250 0.231031
v 0.232342 2.625600 -0.316590
v 0.232342 2.625600 0.316590
v 0.232961 2.494500 -1.401513
v 0.232961 2.494500 1.401513
v 0.236115 2.482687 -1.420490
v 0.236115 2.482687 1.420490
v 0.237149 0.084525 1.426709
v 0.237149 0.084525 -1.426709
v 0.239491 2.463000 -1.440800
v 0.239491 2.463000 1.440800
v 0.242892 2.435437 -1.461258
v 0.242892 2.435437 1.461258
v 0.242970 0.105600 1.461727
v 0.242970 0.105600 -1.461727
v 0.243424 2.597400 0.467878
v 0.243424 2.597400 -0.467878
v 0.243569 2.923200 -0.126920
v 0.243569 2.923200 0.126920
v 0.245542 0.127575 1.477200
v 0.245542 0.127575 -1.477200
v 0.246120 0.150000 -1.480680
v 0.246120 2.400000 -1.480680
v 0.246120 0.150000 1.480680
v 0.246120 0.150000 1.480680
v 0.246120 2.400000 1.480680
v 0.246120 0.150000 -1.480680
v 0.248417 0.177075 -1.494500
v 0.248417 0.177075 1.494500
v 0.248621 2.659200 0.129351
v 0.248621 2.659200 -0.129351
v 0.250127 3.117600 -0.183734
v 0.250127 3.117600 0.183734
v 0.254652 0.213600 -1.532010
v 0.254652 0.213600 1.532010
v 0.254653 3.081150 -0.254653
v 0.254653 3.081150 0.254653
v 0.254788 3.034800 -0.254788
v 0.254788 3.034800 0.254788
v 0.258385 2.242575 -1.554467
v 0.258385 2.242575 1.554467
v 0.259910 2.923200 -0.087511
v 0.259910 2.923200 0.087511
v 0.263208 2.550000 -0.783552
v 0.263208 2.550000 0.783552
v 0.263232 2.981250 -0.193348
v 0.263232 2.981250 0.193348
v 0.263841 0.260025 1.587289
v 0.263841 0.260025 -1.587289
v 0.265363 2.659200 -0.089140
v 0.265363 2.659200 0.089140
v 0.270092 2.923200 -0.045032
v 0.270092 2.923200 0.045032
v 0.270404 2.085600 -1.626774
v 0.270404 2.085600 1.626774
v 0.273600 2.923200 -0.000000
v 0.273600 2.923200 -0.000000
v 0.274928 3.117600 -0.143301
v 0.274928 3.117600 0.143301
v 0.274998 0.316800 -1.654413
v 0.274998 0.316800 1.654413
v 0.275675 0.002175 -0.275675
v 0.275675 0.002175 0.275675
v 0.275801 2.659200 -0.045844
v 0.275801 2.659200 0.045844
v 0.277752 2.625600 -0.277752
v 0.277752 2.625600 0.277752
v 0.279400 2.659200 -0.000000
v 0.281930 1.929525 1.696119
v 0.281930 1.929525 -1.696119
v 0.287140 0.384375 -1.727460
v 0.287140 0.384375 1.727460
v 0.289340 2.981250 -0.150793
v 0.289340 2.981250 0.150793
v 0.290138 3.081150 -0.213123
v 0.290138 3.081150 0.213123
v 0.290295 3.034800 -0.213234
v 0.290295 3.034800 0.213234
v 0.292719 1.774800 -1.761022
v 0.292719 1.774800 1.761022
v 0.293360 3.117600 -0.098814
v 0.293360 3.117600 0.098814
v 0.299282 0.463200 -1.800507
v 0.299282 0.463200 1.800507
v 0.302522 1.621875 -1.820003
v 0.302523 1.621875 1.820003
v 0.303862 0.018225 0.904575
v 0.303862 0.018225 -0.904575
v 0.304843 3.117600 -0.050855
v 0.304843 3.117600 0.050855
v 0.308744 2.981250 -0.103976
v 0.308744 2.981250 0.103976
v 0.308800 3.117600 -0.000000
v 0.308800 3.117600 -0.000000
v 0.309596 2.527200 -0.921647
v 0.309596 2.527200 0.921647
v 0.310439 0.553725 -1.867631
v 0.310439 0.553725 1.867631
v 0.311096 1.471200 -1.871580
v 0.311096 1.471200 1.871580
v 0.311850 2.572800 -0.599396
v 0.311850 2.572800 0.599396
v 0.312283 2.597400 -0.425519
v 0.312283 2.597400 0.425519
v 0.314223 0.002175 -0.230604
v 0.314223 0.002175 0.230604
v 0.316590 2.625600 -0.232342
v 0.316590 2.625600 0.232342
v 0.318192 1.323225 -1.914272
v 0.318192 1.323225 1.914272
v 0.318907 3.081150 -0.166221
v 0.318907 3.081150 0.166221
v 0.319082 3.034800 -0.166306
v 0.319082 3.034800 0.166306
v 0.319628 0.656400 -1.922910
v 0.319628 0.656400 1.922910
v 0.320834 2.981250 -0.053508
v 0.320834 2.981250 0.053508
v 0.323566 1.178400 -1.946601
v 0.323566 1.178400 1.946601
v 0.325000 2.981250 -0.000000
v 0.325000 2.981250 -0.000000
v 0.325553 0.008400 -0.625735
v 0.325553 0.008400 0.625735
v 0.325863 0.771675 -1.960420
v 0.325863 0.771675 1.960420
v 0.326970 1.037175 -1.967083
v 0.326970 1.037175 1.967083
v 0.328160 0.900000 -1.974240
v 0.328160 0.900000 -1.974240
v 0.328160 0.900000 1.974240
v 0.340289 3.081150 -0.114619
v 0.340289 3.081150 0.114619
v 0.340477 3.034800 -0.114676
v 0.340477 3.034800 0.114676
v 0.345503 0.002175 -0.179756
v 0.345503 0.002175 0.179756
v 0.348105 2.625600 -0.181110
v 0.348105 2.625600 0.181110
v 0.351008 2.502600 -1.044926
v 0.351008 2.502600 1.044926
v 0.353610 3.081150 -0.058988
v 0.353610 3.081150 0.058988
v 0.353807 3.034800 -0.059016
v 0.353807 3.034800 0.059016
v 0.358200 3.081150 -0.000000
v 0.358200 3.081150 -0.000000
v 0.358400 3.034800 -0.000000
v 0.358400 3.034800 -0.000000
v 0.364854 0.031200 1.086146
v 0.364854 0.031200 -1.086146
v 0.368768 0.002175 -0.123875
v 0.368768 0.002175 0.123875
v 0.371546 2.625600 -0.124808
v 0.371546 2.625600 0.124808
v 0.373318 2.597400 -0.373318
v 0.373318 2.597400 0.373318
v 0.381942 2.550000 -0.734118
v 0.381942 2.550000 0.734118
v 0.383274 0.002175 -0.063708
v 0.383274 0.002175 0.063708
v 0.384379 2.474400 -1.144271
v 0.384379 2.474400 1.144271
v 0.386161 2.625600 -0.064188
v 0.386161 2.625600 0.064188
v 0.388275 0.002175 -0.000000
v 0.388275 0.002175 -0.000000
v 0.391200 2.625600 -0.000000
v 0.391200 2.625600 -0.000000
v 0.400065 2.572800 -0.545131
v 0.400065 2.572800 0.545131
v 0.406648 2.440800 -1.210564
v 0.406648 2.440800 1.210564
v 0.409767 0.046875 1.219848
v 0.409767 0.046875 -1.219848
v 0.414752 2.400000 -1.234688
v 0.414752 2.400000 1.234688
v 0.417645 0.008400 -0.569086
v 0.417645 0.008400 0.569086
v 0.425519 2.597400 0.312283
v 0.425519 2.597400 -0.312283
v 0.440403 2.463000 -1.311049
v 0.440403 2.463000 1.311049
v 0.440935 0.018225 0.847506
v 0.440935 0.018225 -0.847506
v 0.440985 2.482687 -1.312782
v 0.440985 2.482687 1.312782
v 0.441041 0.064800 1.312948
v 0.441041 0.064800 -1.312948
v 0.442166 2.435437 -1.316296
v 0.442166 2.435437 1.316296
v 0.443529 2.494500 -1.320356
v 0.443529 2.494500 1.320356
v 0.446656 2.400000 -1.329664
v 0.446656 2.400000 1.329664
v 0.447653 2.498438 -1.332632
v 0.447653 2.498438 1.332632
v 0.449256 2.527200 -0.863501
v 0.449256 2.527200 0.863501
v 0.452973 2.494500 -1.348469
v 0.452973 2.494500 1.348469
v 0.459107 2.482687 -1.366728
v 0.459107 2.482687 1.366728
v 0.461116 0.084525 1.372712
v 0.461116 0.084525 -1.372712
v 0.465671 2.463000 -1.386270
v 0.465671 2.463000 1.386270
v 0.467878 2.597400 -0.243424
v 0.467878 2.597400 0.243424
v 0.472283 2.435437 -1.405953
v 0.472283 2.435437 1.405953
v 0.472434 0.105600 1.406405
v 0.472434 0.105600 -1.406405
v 0.477435 0.127575 1.421292
v 0.477435 0.127575 -1.421292
v 0.478256 2.572800 -0.478256
v 0.478256 2.572800 0.478256
v 0.478560 0.150000 -1.424640
v 0.478560 2.400000 -1.424640
v 0.478560 0.150000 1.424640
v 0.478560 0.150000 1.424640
v 0.478560 0.150000 -1.424640
v 0.478560 2.400000 1.424640
v 0.483027 0.177075 -1.437937
v 0.483027 0.177075 1.437937
v 0.489984 2.550000 -0.667656
v 0.489984 2.550000 0.667656
v 0.495150 0.213600 -1.474028
v 0.495150 0.213600 1.474028
v 0.499272 0.008400 -0.499272
v 0.499272 0.008400 0.499272
v 0.499384 2.597400 -0.167751
v 0.499384 2.597400 0.167751
v 0.502408 2.242575 -1.495635
v 0.502408 2.242575 1.495635
v 0.509349 2.502600 0.979002
v 0.509349 2.502600 -0.979002
v 0.513016 0.260025 -1.527214
v 0.513016 0.260025 1.527214
v 0.519028 2.597400 0.086273
v 0.519028 2.597400 -0.086273
v 0.525778 2.085600 -1.565204
v 0.525778 2.085600 1.565204
v 0.525800 2.597400 -0.000000
v 0.525800 2.597400 -0.000000
v 0.529441 0.031200 -1.017621
v 0.529441 0.031200 1.017621
v 0.534711 0.316800 -1.591798
v 0.534711 0.316800 1.591798
v 0.545131 2.572800 -0.400065
v 0.545131 2.572800 0.400065
v 0.548190 1.929525 -1.631925
v 0.548190 1.929525 1.631925
v 0.557774 2.474400 -1.072079
v 0.557774 2.474400 1.072079
v 0.558320 0.384375 -1.662080
v 0.558320 0.384375 1.662080
v 0.565664 0.018225 0.770779
v 0.565664 0.018225 -0.770779
v 0.569086 0.008400 -0.417645
v 0.569086 0.008400 0.417645
v 0.569167 1.774800 -1.694372
v 0.569167 1.774800 1.694372
v 0.576340 2.527200 -0.785325
v 0.576340 2.527200 0.785325
v 0.581929 0.463200 -1.732362
v 0.581929 0.463200 1.732362
v 0.585750 2.550000 -0.585750
v 0.585750 2.550000 0.585750
v 0.588230 1.621875 -1.751120
v 0.588230 1.621875 1.751120
v 0.590089 2.440800 1.134190
v 0.590089 2.440800 -1.134190
v 0.594614 0.046875 -1.142888
v 0.594614 0.046875 1.142888
v 0.599396 2.572800 -0.311850
v 0.599396 2.572800 0.311850
v 0.601848 2.400000 -1.156792
v 0.601848 2.400000 1.156792
v 0.603624 0.553725 -1.796946
v 0.603624 0.553725 1.796946
v 0.604900 1.471200 -1.800745
v 0.604900 1.471200 1.800745
v 0.618698 1.323225 -1.841822
v 0.618698 1.323225 1.841822
v 0.621490 0.656400 -1.850132
v 0.621490 0.656400 1.850132
v 0.625735 0.008400 0.325553
v 0.625735 0.008400 -0.325553
v 0.629147 1.178400 -1.872927
v 0.629147 1.178400 1.872927
v 0.633613 0.771675 -1.886223
v 0.633613 0.771675 1.886223
v 0.635767 1.037175 -1.892634
v 0.635767 1.037175 1.892634
v 0.638080 0.900000 -1.899520
v 0.638080 0.900000 -1.899520
v 0.638080 0.900000 1.899520
v 0.638080 0.900000 1.899520
v 0.639070 2.463000 -1.228335
v 0.639070 2.463000 1.228335
v 0.639758 2.572800 -0.214905
v 0.639758 2.572800 0.214905
v 0.639915 2.482687 1.229959
v 0.639915 2.482687 -1.229959
v 0.639996 0.064800 -1.230115
v 0.639996 0.064800 1.230115
v 0.641628 2.435437 -1.233252
v 0.641628 2.435437 1.233252
v 0.643607 2.494500 -1.237056
v 0.643607 2.494500 1.237056
v 0.648144 2.400000 -1.245776
v 0.648144 2.400000 1.245776
v 0.649591 2.498438 -1.248557
v 0.649591 2.498438 1.248557
v 0.653431 2.502600 -0.890370
v 0.653431 2.502600 0.890370
v 0.657311 2.494500 -1.263395
v 0.657311 2.494500 1.263395
v 0.664924 2.572800 -0.110524
v 0.664924 2.572800 0.110524
v 0.666211 2.482687 1.280502
v 0.666211 2.482687 -1.280502
v 0.667656 2.550000 -0.489984
v 0.667656 2.550000 0.489984
v 0.667871 0.008400 -0.224349
v 0.667871 0.008400 0.224349
v 0.669128 0.084525 -1.286108
v 0.669128 0.084525 1.286108
v 0.673600 2.572800 -0.000000
v 0.673600 2.572800 -0.000000
v 0.675736 2.463000 -1.298810
v 0.675736 2.463000 1.298810
v 0.676222 0.018225 0.676222
v 0.676222 0.018225 -0.676222
v 0.679207 0.031200 -0.925493
v 0.679207 0.031200 0.925493
v 0.685331 2.435437 -1.317252
v 0.685331 2.435437 1.317252
v 0.685551 0.105600 -1.317675
v 0.685551 0.105600 1.317675
v 0.688984 2.527200 -0.688984
v 0.688984 2.527200 0.688984
v 0.692808 0.127575 1.331623
v 0.692808 0.127575 -1.331623
v 0.694143 0.008400 -0.115381
v 0.694143 0.008400 0.115381
v 0.694440 0.150000 1.334760
v 0.694440 0.150000 -1.334760
v 0.694440 2.400000 1.334760
v 0.694440 0.150000 -1.334760
v 0.694440 0.150000 1.334760
v 0.694440 2.400000 -1.334760
v 0.700921 0.177075 1.347218
v 0.700921 0.177075 -1.347218
v 0.703200 0.008400 -0.000000
v 0.715555 2.474400 -0.975021
v 0.715555 2.474400 0.975021
v 0.718514 0.213600 1.381032
v 0.718514 0.213600 -1.381032
v 0.729046 2.242575 -1.401276
v 0.729046 2.242575 1.401276
v 0.734118 2.550000 -0.381942
v 0.734118 2.550000 0.381942
v 0.744440 0.260025 1.430863
v 0.744440 0.260025 -1.430863
v 0.757010 2.440800 1.031508
v 0.757010 2.440800 -1.031508
v 0.762816 0.046875 -1.039419
v 0.762816 0.046875 1.039419
v 0.762958 2.085600 -1.466456
v 0.762958 2.085600 1.466456
v 0.770779 0.018225 0.565664
v 0.770779 0.018225 -0.565664
v 0.772096 2.400000 -1.052064
v 0.772096 2.400000 1.052064
v 0.775921 0.316800 -1.491372
v 0.775921 0.316800 1.491372
v 0.781142 2.502600 -0.781142
v 0.781142 2.502600 0.781142
v 0.783552 2.550000 -0.263208
v 0.783552 2.550000 0.263208
v 0.785325 2.527200 -0.576340
v 0.785325 2.527200 0.576340
v 0.795481 1.929525 1.528968
v 0.795481 1.929525 -1.528968
v 0.810180 0.384375 1.557220
v 0.810180 0.384375 -1.557220
v 0.811956 0.031200 0.811956
v 0.811956 0.031200 -0.811956
v 0.814374 2.550000 -0.135366
v 0.814374 2.550000 0.135366
v 0.819847 2.463000 -1.117130
v 0.819847 2.463000 1.117130
v 0.820931 2.482687 1.118607
v 0.820931 2.482687 -1.118607
v 0.821035 0.064800 1.118749
v 0.821035 0.064800 -1.118749
v 0.823129 2.435437 -1.121601
v 0.823129 2.435437 1.121601
v 0.825000 2.550000 -0.000000
v 0.825000 2.550000 -0.000000
v 0.825668 2.494500 -1.125061
v 0.825668 2.494500 1.125061
v 0.825921 1.774800 1.587475
v 0.825921 1.774800 -1.587475
v 0.831488 2.400000 -1.132992
v 0.831488 2.400000 1.132992
v 0.833344 2.498438 -1.135521
v 0.833344 2.498438 1.135521
v 0.843248 2.494500 -1.149016
v 0.843248 2.494500 1.149016
v 0.844439 0.463200 1.623068
v 0.844439 0.463200 -1.623068
v 0.847506 0.018225 -0.440935
v 0.847506 0.018225 0.440935
v 0.853583 1.621875 -1.640643
v 0.853583 1.621875 1.640643
v 0.854666 2.482687 -1.164574
v 0.854666 2.482687 1.164574
v 0.855408 2.474400 -0.855408
v 0.855408 2.474400 0.855408
v 0.858407 0.084525 -1.169673
v 0.858407 0.084525 1.169673
v 0.863501 2.527200 -0.449256
v 0.863501 2.527200 0.449256
v 0.866886 2.463000 -1.181225
v 0.866886 2.463000 1.181225
v 0.875920 0.553725 -1.683577
v 0.875920 0.553725 1.683577
v 0.877772 1.471200 -1.687137
v 0.877772 1.471200 1.687137
v 0.879195 2.435437 -1.197997
v 0.879195 2.435437 1.197997
v 0.879477 0.105600 -1.198382
v 0.879477 0.105600 1.198382
v 0.888786 0.127575 1.211067
v 0.888786 0.127575 -1.211067
v 0.890370 2.502600 -0.653431
v 0.890370 2.502600 0.653431
v 0.890880 0.150000 -1.213920
v 0.890880 0.150000 1.213920
v 0.890880 2.400000 -1.213920
v 0.890880 0.150000 -1.213920
v 0.890880 0.150000 1.213920
v 0.890880 2.400000 1.213920
v 0.897795 1.323225 -1.725622
v 0.897795 1.323225 1.725622
v 0.899195 0.177075 1.225250
v 0.899195 0.177075 -1.225250
v 0.901846 0.656400 -1.733408
v 0.901846 0.656400 1.733408
v 0.904575 0.018225 0.303862
v 0.904575 0.018225 -0.303862
v 0.904966 2.440800 0.904966
v 0.904966 2.440800 -0.904966
v 0.911906 0.046875 -0.911906
v 0.911906 0.046875 0.911906
v 0.912957 1.178400 -1.754764
v 0.912957 1.178400 1.754764
v 0.919439 0.771675 -1.767222
v 0.919439 0.771675 1.767222
v 0.921647 2.527200 -0.309596
v 0.921647 2.527200 0.309596
v 0.921764 0.213600 1.256003
v 0.921764 0.213600 -1.256003
v 0.922564 1.037175 1.773229
v 0.922564 1.037175 -1.773229
v 0.923000 2.400000 -0.923000
v 0.923000 2.400000 0.923000
v 0.925493 0.031200 0.679207
v 0.925493 0.031200 -0.679207
v 0.925920 0.900000 1.779680
v 0.925920 0.900000 -1.779680
v 0.925920 0.900000 -1.779680
v 0.925920 0.900000 1.779680
v 0.935276 2.242575 -1.274414
v 0.935276 2.242575 1.274414
v 0.940158 0.018225 0.156274
v 0.940158 0.018225 -0.156274
v 0.952425 0.018225 -0.000000
v 0.952425 0.018225 -0.000000
v 0.955023 0.260025 1.301322
v 0.955023 0.260025 -1.301322
v 0.957901 2.527200 -0.159223
v 0.957901 2.527200 0.159223
v 0.970400 2.527200 -0.000000
v 0.970400 2.527200 -0.000000
v 0.975021 2.474400 -0.715555
v 0.975021 2.474400 0.715555
v 0.978780 2.085600 -1.333693
v 0.978780 2.085600 1.333693
v 0.979002 2.502600 0.509349
v 0.979002 2.502600 -0.509349
v 0.980084 2.463000 -0.980084
v 0.980084 2.463000 0.980084
v 0.981380 2.482687 -0.981380
v 0.981380 2.482687 0.981380
v 0.981504 0.064800 0.981504
v 0.981504 0.064800 -0.981504
v 0.984007 2.435437 -0.984007
v 0.984007 2.435437 0.984007
v 0.987042 2.494500 -0.987042
v 0.987042 2.494500 0.987042
v 0.994000 2.400000 -0.994000
v 0.994000 2.400000 0.994000
v 0.995410 0.316800 -1.356353
v 0.995410 0.316800 1.356353
v 0.996219 2.498438 -0.996219
v 0.996219 2.498438 0.996219
v 1.008058 2.494500 -1.008058
v 1.008058 2.494500 1.008058
v 1.017621 0.031200 0.529441
v 1.017621 0.031200 -0.529441
v 1.020503 1.929525 -1.390545
v 1.020503 1.929525 1.390545
v 1.021708 2.482687 -1.021708
v 1.021708 2.482687 1.021708
v 1.026181 0.084525 -1.026181
v 1.026181 0.084525 1.026181
v 1.031508 2.440800 0.757010
v 1.031508 2.440800 -0.757010
v 1.036316 2.463000 -1.036316
v 1.036316 2.463000 1.036316
v 1.039360 0.384375 -1.416240
v 1.039360 0.384375 1.416240
v 1.039419 0.046875 -0.762816
v 1.039419 0.046875 0.762816
v 1.044926 2.502600 -0.351008
v 1.044926 2.502600 0.351008
v 1.051031 2.435437 -1.051031
v 1.051031 2.435437 1.051031
v 1.051368 0.105600 -1.051368
v 1.051368 0.105600 1.051368
v 1.052064 2.400000 -0.772096
v 1.052064 2.400000 0.772096
v 1.059553 1.774800 -1.443756
v 1.059553 1.774800 1.443756
v 1.062497 0.127575 1.062497
v 1.062497 0.127575 -1.062497
v 1.065000 0.150000 -1.065000
v 1.065000 0.150000 1.065000
v 1.065000 2.400000 -1.065000
v 1.065000 2.400000 1.065000
v 1.072079 2.474400 -0.557774
v 1.072079 2.474400 0.557774
v 1.074940 0.177075 -1.074940
v 1.074940 0.177075 1.074940
v 1.083310 0.463200 -1.476127
v 1.083310 0.463200 1.476127
v 1.086029 2.502600 0.180521
v 1.086029 2.502600 -0.180521
v 1.086146 0.031200 0.364854
v 1.086146 0.031200 -0.364854
v 1.095040 1.621875 -1.492110
v 1.095040 1.621875 1.492110
v 1.100200 2.502600 -0.000000
v 1.100200 2.502600 -0.000000
v 1.101920 0.213600 1.101920
v 1.101920 0.213600 -1.101920
v 1.117130 2.463000 -0.819847
v 1.117130 2.463000 0.819847
v 1.118073 2.242575 -1.118073
v 1.118073 2.242575 1.118073
v 1.118607 2.482687 -0.820931
v 1.118607 2.482687 0.820931
v 1.118749 0.064800 -0.821035
v 1.118749 0.064800 0.821035
v 1.121601 2.435437 -0.823129
v 1.121601 2.435437 0.823129
v 1.123697 0.553725 -1.531158
v 1.123697 0.553725 1.531158
v 1.125061 2.494500 -0.825668
v 1.125061 2.494500 0.825668
v 1.126072 1.471200 -1.534395
v 1.126072 1.471200 1.534395
v 1.128870 0.031200 -0.187642
v 1.128870 0.031200 0.187642
v 1.132992 2.400000 -0.831488
v 1.132992 2.400000 0.831488
v 1.134190 2.440800 0.590089
v 1.134190 2.440800 -0.590089
v 1.135521 2.498438 -0.833344
v 1.135521 2.498438 0.833344
v 1.141680 0.260025 1.141680
v 1.141680 0.260025 -1.141680
v 1.142888 0.046875 -0.594614
v 1.142888 0.046875 0.594614
v 1.143600 0.031200 -0.000000
v 1.143600 0.031200 -0.000000
v 1.144271 2.474400 -0.384379
v 1.144271 2.474400 0.384379
v 1.149016 2.494500 -0.843248
v 1.149016 2.494500 0.843248
v 1.151759 1.323225 -1.569396
v 1.151759 1.323225 1.569396
v 1.156792 2.400000 -0.601848
v 1.156792 2.400000 0.601848
v 1.156956 0.656400 -1.576477
v 1.156956 0.656400 1.576477
v 1.164574 2.482687 -0.854666
v 1.164574 2.482687 0.854666
v 1.169673 0.084525 -0.858407
v 1.169673 0.084525 0.858407
v 1.170080 2.085600 -1.170080
v 1.170080 2.085600 1.170080
v 1.171210 1.178400 -1.595900
v 1.171210 1.178400 1.595900
v 1.179525 0.771675 -1.607230
v 1.179525 0.771675 1.607230
v 1.181225 2.463000 -0.866886
v 1.181225 2.463000 0.866886
v 1.183534 1.037175 -1.612693
v 1.183534 1.037175 1.612693
v 1.187840 0.900000 -1.618560
v 1.187840 0.900000 -1.618560
v 1.187840 0.900000 1.618560
v 1.187840 0.900000 1.618560
v 1.189282 2.474400 -0.197684
v 1.189282 2.474400 0.197684
v 1.189960 0.316800 -1.189960
v 1.189960 0.316800 1.189960
v 1.197997 2.435437 -0.879195
v 1.197997 2.435437 0.879195
v 1.198382 0.105600 -0.879477
v 1.198382 0.105600 0.879477
v 1.204800 2.474400 -0.000000
v 1.204800 2.474400 -0.000000
v 1.210564 2.440800 0.406648
v 1.210564 2.440800 -0.406648
v 1.211067 0.127575 0.888786
v 1.211067 0.127575 -0.888786
v 1.213920 0.150000 -0.890880
v 1.213920 0.150000 -0.890880
v 1.213920 0.150000 0.890880
v 1.213920 0.150000 0.890880
v 1.213920 2.400000 -0.890880
v 1.213920 2.400000 0.890880
v 1.219848 0.046875 -0.409767
v 1.219848 0.046875 0.409767
v 1.219958 1.929525 1.219958
v 1.219958 1.929525 -1.219958
v 1.225250 0.177075 0.899195
v 1.225250 0.177075 -0.899195
v 1.228335 2.463000 -0.639070
v 1.228335 2.463000 0.639070
v 1.229959 2.482687 -0.639915
v 1.229959 2.482687 0.639915
v 1.230115 0.064800 -0.639996
v 1.230115 0.064800 0.639996
v 1.233252 2.435437 -0.641628
v 1.233252 2.435437 0.641628
v 1.234688 2.400000 -0.414752
v 1.234688 2.400000 0.414752
v 1.237056 2.494500 -0.643607
v 1.237056 2.494500 0.643607
v 1.242500 0.384375 -1.242500
v 1.242500 0.384375 1.242500
v 1.245776 2.400000 -0.648144
v 1.245776 2.400000 0.648144
v 1.248557 2.498438 -0.649591
v 1.248557 2.498438 0.649591
v 1.256003 0.213600 0.921764
v 1.256003 0.213600 -0.921764
v 1.258183 2.440800 0.209136
v 1.258183 2.440800 -0.209136
v 1.263395 2.494500 -0.657311
v 1.263395 2.494500 0.657311
v 1.266640 1.774800 -1.266640
v 1.266640 1.774800 1.266640
v 1.267832 0.046875 -0.210740
v 1.267832 0.046875 0.210740
v 1.274414 2.242575 -0.935276
v 1.274414 2.242575 0.935276
v 1.274600 2.440800 -0.000000
v 1.274600 2.440800 -0.000000
v 1.280502 2.482687 -0.666211
v 1.280502 2.482687 0.666211
v 1.283256 2.400000 -0.213304
v 1.283256 2.400000 0.213304
v 1.284375 0.046875 -0.000000
v 1.284375 0.046875 -0.000000
v 1.286108 0.084525 -0.669128
v 1.286108 0.084525 0.669128
v 1.295040 0.463200 -1.295040
v 1.295040 0.463200 1.295040
v 1.298810 2.463000 -0.675736
v 1.298810 2.463000 0.675736
v 1.300000 2.400000 -0.000000
v 1.300000 2.400000 -0.000000
v 1.301322 0.260025 0.955023
v 1.301322 0.260025 -0.955023
v 1.309063 1.621875 -1.309063
v 1.309063 1.621875 1.309063
v 1.311049 2.463000 -0.440403
v 1.311049 2.463000 0.440403
v 1.312782 2.482687 -0.440985
v 1.312782 2.482687 0.440985
v 1.312948 0.064800 0.441041
v 1.312948 0.064800 -0.441041
v 1.316296 2.435437 -0.442166
v 1.316296 2.435437 0.442166
v 1.317252 2.435437 -0.685331
v 1.317252 2.435437 0.685331
v 1.317675 0.105600 -0.685551
v 1.317675 0.105600 0.685551
v 1.320356 2.494500 -0.443529
v 1.320356 2.494500 0.443529
v 1.329664 2.400000 -0.446656
v 1.329664 2.400000 0.446656
v 1.331623 0.127575 0.692808
v 1.331623 0.127575 -0.692808
v 1.332632 2.498438 -0.447653
v 1.332632 2.498438 0.447653
v 1.333693 2.085600 -0.978780
v 1.333693 2.085600 0.978780
v 1.334760 0.150000 0.694440
v 1.334760 0.150000 -0.694440
v 1.334760 0.150000 -0.694440
v 1.334760 0.150000 0.694440
v 1.334760 2.400000 -0.694440
v 1.334760 2.400000 0.694440
v 1.343320 0.553725 -1.343320
v 1.343320 0.553725 1.343320
v 1.346160 1.471200 -1.346160
v 1.346160 1.471200 1.346160
v 1.347218 0.177075 0.700921
v 1.347218 0.177075 -0.700921
v 1.348469 2.494500 -0.452973
v 1.348469 2.494500 0.452973
v 1.356353 0.316800 -0.995410
v 1.356353 0.316800 0.995410
v 1.362620 2.463000 -0.226496
v 1.362620 2.463000 0.226496
v 1.364422 2.482687 -0.226795
v 1.364422 2.482687 0.226795
v 1.364595 0.064800 -0.226824
v 1.364595 0.064800 0.226824
v 1.366728 2.482687 -0.459107
v 1.366728 2.482687 0.459107
v 1.368074 2.435437 -0.227403
v 1.368074 2.435437 0.227403
v 1.372294 2.494500 -0.228104
v 1.372294 2.494500 0.228104
v 1.372712 0.084525 -0.461116
v 1.372712 0.084525 0.461116
v 1.376867 1.323225 -1.376868
v 1.376868 1.323225 1.376867
v 1.380400 2.463000 -0.000000
v 1.380400 2.463000 -0.000000
v 1.381032 0.213600 0.718514
v 1.381032 0.213600 -0.718514
v 1.381968 2.400000 -0.229712
v 1.381968 2.400000 0.229712
v 1.382225 2.482687 -0.000000
v 1.382225 2.482687 -0.000000
v 1.382400 0.064800 -0.000000
v 1.382400 0.064800 -0.000000
v 1.383080 0.656400 -1.383080
v 1.383080 0.656400 1.383080
v 1.385053 2.498438 -0.230225
v 1.385053 2.498438 0.230225
v 1.385925 2.435437 -0.000000
v 1.385925 2.435437 -0.000000
v 1.386270 2.463000 -0.465671
v 1.386270 2.463000 0.465671
v 1.390200 2.494500 -0.000000
v 1.390200 2.494500 -0.000000
v 1.390545 1.929525 -1.020503
v 1.390545 1.929525 1.020503
v 1.400000 2.400000 -0.000000
v 1.400000 2.400000 -0.000000
v 1.400120 1.178400 -1.400120
v 1.400120 1.178400 1.400120
v 1.401276 2.242575 -0.729046
v 1.401276 2.242575 0.729046
v 1.401513 2.494500 -0.232961
v 1.401513 2.494500 0.232961
v 1.403125 2.498438 -0.000000
v 1.403125 2.498438 -0.000000
v 1.405953 2.435437 -0.472283
v 1.405953 2.435437 0.472283
v 1.406405 0.105600 -0.472434
v 1.406405 0.105600 0.472434
v 1.410060 0.771675 -1.410060
v 1.410060 0.771675 1.410060
v 1.414853 1.037175 -1.414853
v 1.414853 1.037175 1.414853
v 1.416240 0.384375 -1.039360
v 1.416240 0.384375 1.039360
v 1.419800 2.494500 -0.000000
v 1.419800 2.494500 -0.000000
v 1.420000 0.900000 -1.420000
v 1.420000 0.900000 -1.420000
v 1.420000 0.900000 1.420000
v 1.420000 0.900000 1.420000
v 1.420490 2.482687 -0.236115
v 1.420490 2.482687 0.236115
v 1.421292 0.127575 0.477435
v 1.421292 0.127575 -0.477435
v 1.424640 0.150000 -0.478560
v 1.424640 0.150000 -0.478560
v 1.424640 0.150000 0.478560
v 1.424640 0.150000 0.478560
v 1.424640 2.400000 -0.478560
v 1.424640 2.400000 0.478560
v 1.426709 0.084525 -0.237149
v 1.426709 0.084525 0.237149
v 1.430863 0.260025 0.744440
v 1.430863 0.260025 -0.744440
v 1.437937 0.177075 0.483027
v 1.437937 0.177075 -0.483027
v 1.439025 2.482687 -0.000000
v 1.440800 2.463000 -0.239491
v 1.440800 2.463000 0.239491
v 1.443756 1.774800 -1.059553
v 1.443756 1.774800 1.059553
v 1.445325 0.084525 -0.000000
v 1.445325 0.084525 -0.000000
v 1.459600 2.463000 -0.000000
v 1.459600 2.463000 -0.000000
v 1.461258 2.435437 -0.242892
v 1.461258 2.435437 0.242892
v 1.461727 0.105600 -0.242970
v 1.461727 0.105600 0.242970
v 1.466456 2.085600 -0.762958
v 1.466456 2.085600 0.762958
v 1.474028 0.213600 0.495150
v 1.474028 0.213600 -0.495150
v 1.476127 0.463200 -1.083310
v 1.476127 0.463200 1.083310
v 1.477200 0.127575 0.245542
v 1.477200 0.127575 -0.245542
v 1.480325 2.435437 -0.000000
v 1.480325 2.435437 -0.000000
v 1.480680 0.150000 -0.246120
v 1.480680 0.150000 0.246120
v 1.480680 0.150000 0.246120
v 1.480680 0.150000 -0.246120
v 1.480680 2.400000 -0.246120
v 1.480680 2.400000 0.246120
v 1.480800 0.105600 -0.000000
v 1.480800 0.105600 -0.000000
v 1.491372 0.316800 -0.775921
v 1.491372 0.316800 0.775921
v 1.492110 1.621875 -1.095040
v 1.492110 1.621875 1.095040
v 1.494500 0.177075 0.248417
v 1.494500 0.177075 -0.248417
v 1.495635 2.242575 -0.502408
v 1.495635 2.242575 0.502408
v 1.496475 0.127575 -0.000000
v 1.496475 0.127575 -0.000000
v 1.500000 0.150000 -0.000000
v 1.500000 0.150000 -0.000000
v 1.500000 2.400000 -0.000000
v 1.500000 2.400000 -0.000000
v 1.514000 0.177075 -0.000000
v 1.514000 0.177075 -0.000000
v 1.527214 0.260025 -0.513016
v 1.527214 0.260025 0.513016
v 1.528968 1.929525 -0.795481
v 1.528968 1.929525 0.795481
v 1.531158 0.553725 -1.123697
v 1.531158 0.553725 1.123697
v 1.532010 0.213600 0.254652
v 1.532010 0.213600 -0.254652
v 1.534395 1.471200 -1.126072
v 1.534395 1.471200 1.126072
v 1.552000 0.213600 -0.000000
v 1.552000 0.213600 -0.000000
v 1.554467 2.242575 -0.258385
v 1.554467 2.242575 0.258385
v 1.557220 0.384375 -0.810180
v 1.557220 0.384375 0.810180
v 1.565204 2.085600 -0.525778
v 1.565204 2.085600 0.525778
v 1.569396 1.323225 -1.151759
v 1.569396 1.323225 1.151759
v 1.574750 2.242575 -0.000000
v 1.574750 2.242575 -0.000000
v 1.576477 0.656400 -1.156956
v 1.576477 0.656400 1.156956
v 1.587289 0.260025 0.263841
v 1.587289 0.260025 -0.263841
v 1.587475 1.774800 -0.825921
v 1.587475 1.774800 0.825921
v 1.591798 0.316800 -0.534711
v 1.591798 0.316800 0.534711
v 1.595900 1.178400 -1.171210
v 1.595900 1.178400 1.171210
v 1.607230 0.771675 -1.179525
v 1.607230 0.771675 1.179525
v 1.608000 0.260025 -0.000000
v 1.608000 0.260025 -0.000000
v 1.612693 1.037175 -1.183534
v 1.612693 1.037175 1.183534
v 1.618560 0.900000 -1.187840
v 1.618560 0.900000 -1.187840
v 1.618560 0.900000 1.187840
v 1.618560 0.900000 1.187840
v 1.623068 0.463200 -0.844439
v 1.623068 0.463200 0.844439
v 1.626774 2.085600 -0.270404
v 1.626774 2.085600 0.270404
v 1.631925 1.929525 -0.548190
v 1.631925 1.929525 0.548190
v 1.640643 1.621875 -0.853583
v 1.640643 1.621875 0.853583
v 1.648000 2.085600 -0.000000
v 1.648000 2.085600 -0.000000
v 1.654413 0.316800 -0.274998
v 1.654413 0.316800 0.274998
v 1.662080 0.384375 -0.558320
v 1.662080 0.384375 0.558320
v 1.676000 0.316800 -0.000000
v 1.676000 0.316800 -0.000000
v 1.683577 0.553725 -0.875920
v 1.683577 0.553725 0.875920
v 1.687137 1.471200 -0.877772
v 1.687137 1.471200 0.877772
v 1.694372 1.774800 -0.569167
v 1.694372 1.774800 0.569167
v 1.696119 1.929525 -0.281930
v 1.696119 1.929525 0.281930
v 1.700000 0.600000 -0.000000
v 1.700000 0.600000 -0.000000
v 1.700000 0.623100 0.178200
v 1.700000 0.623100 -0.178200
v 1.700000 0.685800 -0.316800
v 1.700000 0.685800 0.316800
v 1.700000 0.778200 0.415800
v 1.700000 0.778200 -0.415800
v 1.700000 0.890400 -0.475200
v 1.700000 0.890400 0.475200
v 1.700000 1.012500 -0.495000
v 1.700000 1.012500 0.495000
v 1.700000 1.134600 -0.475200
v 1.700000 1.134600 0.475200
v 1.700000 1.246800 0.415800
v 1.700000 1.246800 -0.415800
v 1.700000 1.339200 -0.316800
v 1.700000 1.339200 0.316800
v 1.700000 1.401900 0.178200
v 1.700000 1.401900 -0.178200
v 1.700000 1.425000 -0.000000
v 1.700000 1.425000 -0.000000
v 1.718250 1.929525 -0.000000
v 1.718250 1.929525 -0.000000
v 1.725622 1.323225 -0.897795
v 1.725622 1.323225 0.897795
v 1.727460 0.384375 -0.287140
v 1.727460 0.384375 0.287140
v 1.732362 0.463200 -0.581929
v 1.732362 0.463200 0.581929
v 1.733408 0.656400 -0.901846
v 1.733408 0.656400 0.901846
v 1.750000 0.384375 -0.000000
v 1.750000 0.384375 -0.000000
v 1.751120 1.621875 -0.588230
v 1.751120 1.621875 0.588230
v 1.754764 1.178400 -0.912957
v 1.754764 1.178400 0.912957
v 1.761022 1.774800 -0.292719
v 1.761022 1.774800 0.292719
v 1.767222 0.771675 -0.919439
v 1.767222 0.771675 0.919439
v 1.773229 1.037175 -0.922564
v 1.773229 1.037175 0.922564
v 1.779680 0.900000 -0.925920
v 1.779680 0.900000 -0.925920
v 1.779680 0.900000 0.925920
v 1.779680 0.900000 0.925920
v 1.784000 1.774800 -0.000000
v 1.784000 1.774800 -0.000000
v 1.796946 0.553725 -0.603624
v 1.796946 0.553725 0.603624
v 1.800507 0.463200 -0.299282
v 1.800507 0.463200 0.299282
v 1.800745 1.471200 -0.604900
v 1.800745 1.471200 0.604900
v 1.820003 1.621875 -0.302523
v 1.820003 1.621875 0.302522
v 1.824000 0.463200 -0.000000
v 1.824000 0.463200 -0.000000
v 1.841822 1.323225 -0.618698
v 1.841822 1.323225 0.618698
v 1.843750 1.621875 -0.000000
v 1.843750 1.621875 -0.000000
v 1.850132 0.656400 -0.621490
v 1.850132 0.656400 0.621490
v 1.867631 0.553725 -0.310439
v 1.867631 0.553725 0.310439
v 1.871580 1.471200 -0.311096
v 1.871580 1.471200 0.311096
v 1.872927 1.178400 -0.629147
v 1.872927 1.178400 0.629147
v 1.886223 0.771675 -0.633613
v 1.886223 0.771675 0.633613
v 1.892000 0.553725 -0.000000
v 1.892000 0.553725 -0.000000
v 1.892634 1.037175 -0.635767
v 1.892634 1.037175 0.635767
v 1.896000 1.471200 -0.000000
v 1.896000 1.471200 -0.000000
v 1.899520 0.900000 -0.638080
v 1.899520 0.900000 -0.638080
v 1.899520 0.900000 0.638080
v 1.899520 0.900000 0.638080
v 1.914272 1.323225 -0.318192
v 1.914272 1.323225 0.318192
v 1.922910 0.656400 -0.319628
v 1.922910 0.656400 0.319628
v 1.935900 1.444200 -0.000000
v 1.935900 1.444200 -0.000000
v 1.939250 1.323225 -0.000000
v 1.939250 1.323225 -0.000000
v 1.939394 1.423221 -0.175100
v 1.939394 1.423221 0.175100
v 1.946601 1.178400 -0.323566
v 1.946601 1.178400 0.323566
v 1.948000 0.656400 -0.000000
v 1.948000 0.656400 -0.000000
v 1.948879 1.366278 -0.311290
v 1.948879 1.366278 0.311290
v 1.960420 0.771675 -0.325863
v 1.960420 0.771675 0.325863
v 1.962857 1.282362 -0.408568
v 1.962857 1.282362 0.408568
v 1.967083 1.037175 -0.326970
v 1.967083 1.037175 0.326970
v 1.972000 1.178400 -0.000000
v 1.972000 1.178400 -0.000000
v 1.974240 0.900000 -0.328160
v 1.974240 0.900000 0.328160
v 1.974240 0.900000 0.328160
v 1.979830 1.180464 -0.466934
v 1.979830 1.180464 0.466934
v 1.986000 0.771675 -0.000000
v 1.986000 0.771675 -0.000000
v 1.992750 1.037175 -0.000000
v 1.992750 1.037175 -0.000000
v 1.998300 1.069575 -0.486390
v 1.998300 1.069575 0.486390
v 2.000000 0.900000 -0.000000
v 2.000000 0.900000 -0.000000
v 2.016770 0.958686 -0.466934
v 2.016770 0.958686 0.466934
v 2.033743 0.856788 -0.408568
v 2.033743 0.856788 0.408568
v 2.047721 0.772872 0.311290
v 2.047721 0.772872 -0.311290
v 2.057206 0.715929 0.175100
v 2.057206 0.715929 -0.175100
v 2.060700 0.694950 -0.000000
v 2.060700 0.694950 -0.000000
v 2.111200 1.497600 -0.000000
v 2.111200 1.497600 -0.000000
v 2.116979 1.479120 -0.166687
v 2.116979 1.479120 0.166687
v 2.132666 1.428960 -0.296333
v 2.132666 1.428960 0.296333
v 2.155782 1.355040 -0.388937
v 2.155782 1.355040 0.388937
v 2.183853 1.265280 -0.444499
v 2.183853 1.265280 0.444499
v 2.214400 1.167600 -0.463020
v 2.214400 1.167600 0.463020
v 2.237300 1.578900 -0.000000
v 2.237300 1.578900 -0.000000
v 2.244457 1.563171 -0.154289
v 2.244457 1.563171 0.154289
v 2.244947 1.069920 -0.444499
v 2.244947 1.069920 0.444499
v 2.263882 1.520478 -0.274291
v 2.263882 1.520478 0.274291
v 2.273018 0.980160 -0.388937
v 2.273018 0.980160 0.388937
v 2.292510 1.457562 -0.360007
v 2.292510 1.457562 0.360007
v 2.296134 0.906240 -0.296333
v 2.296134 0.906240 0.296333
v 2.311821 0.856080 -0.166687
v 2.311821 0.856080 0.166687
v 2.317600 0.837600 -0.000000
v 2.317600 0.837600 -0.000000
v 2.325600 1.681800 -0.000000
v 2.325600 1.681800 -0.000000
v 2.327271 1.381164 -0.411437
v 2.327271 1.381164 0.411437
v 2.333530 1.668948 -0.139234
v 2.333530 1.668948 0.139234
v 2.355053 1.634064 -0.247526
v 2.355053 1.634064 0.247526
v 2.365100 1.298025 -0.428580
v 2.365100 1.298025 0.428580
v 2.386771 1.582656 -0.324878
v 2.386771 1.582656 0.324878
v 2.387500 1.800000 -0.000000
v 2.387500 1.800000 -0.000000
v 2.395900 1.790025 0.122850
v 2.395900 1.790025 -0.122850
v 2.402929 1.214886 -0.411437
v 2.402929 1.214886 0.411437
v 2.418700 1.762950 -0.218400
v 2.418700 1.762950 0.218400
v 2.425286 1.520232 -0.371290
v 2.425286 1.520232 0.371290
v 2.434400 1.927200 -0.000000
v 2.434400 1.927200 -0.000000
v 2.437690 1.138488 -0.360007
v 2.437690 1.138488 0.360007
v 2.443270 1.919976 0.106466
v 2.443270 1.919976 -0.106466
v 2.452300 1.723050 -0.286650
v 2.452300 1.723050 0.286650
v 2.466318 1.075572 -0.274291
v 2.466318 1.075572 0.274291
v 2.467200 1.452300 -0.386760
v 2.467200 1.452300 0.386760
v 2.467347 1.900368 0.189274
v 2.467347 1.900368 -0.189274
v 2.477700 2.057100 -0.000000
v 2.477700 2.057100 -0.000000
v 2.485743 1.032879 -0.154289
v 2.485743 1.032879 0.154289
v 2.487343 2.052375 -0.091411
v 2.487343 2.052375 0.091411
v 2.492900 1.017150 -0.000000
v 2.492900 1.017150 -0.000000
v 2.493100 1.674600 -0.327600
v 2.493100 1.674600 0.327600
v 2.502829 1.871472 0.248422
v 2.502829 1.871472 -0.248422
v 2.509114 1.384368 -0.371290
v 2.509114 1.384368 0.371290
v 2.513518 2.039550 0.162509
v 2.513518 2.039550 -0.162509
v 2.528800 2.183400 -0.000000
v 2.537500 1.621875 -0.341250
v 2.537500 1.621875 0.341250
v 2.539821 2.180796 -0.079013
v 2.539821 2.180796 0.079013
v 2.545914 1.836384 -0.283910
v 2.545914 1.836384 0.283910
v 2.547629 1.321944 -0.324878
v 2.547629 1.321944 0.324878
v 2.552090 2.020650 -0.213293
v 2.552090 2.020650 0.213293
v 2.569734 2.173728 -0.140467
v 2.569734 2.173728 0.140467
v 2.579347 1.270536 -0.247526
v 2.579347 1.270536 0.247526
v 2.581900 1.569150 -0.327600
v 2.581900 1.569150 0.327600
v 2.592800 1.798200 -0.295740
v 2.592800 1.798200 0.295740
v 2.598929 1.997700 -0.243763
v 2.598929 1.997700 0.243763
v 2.599100 2.299800 -0.000000
v 2.599100 2.299800 -0.000000
v 2.600870 1.235652 -0.139234
v 2.600870 1.235652 0.139234
v 2.608800 1.222800 -0.000000
v 2.608800 1.222800 -0.000000
v 2.612406 2.298813 0.070600
v 2.612406 2.298813 -0.070600
v 2.613818 2.163312 -0.184363
v 2.613818 2.163312 0.184363
v 2.622700 1.520700 -0.286650
v 2.622700 1.520700 0.286650
v 2.639686 1.760016 -0.283910
v 2.639686 1.760016 0.283910
v 2.648521 2.296134 0.125510
v 2.648521 2.296134 -0.125510
v 2.649900 1.972725 0.253920
v 2.649900 1.972725 -0.253920
v 2.656300 1.480800 -0.218400
v 2.656300 1.480800 0.218400
v 2.667347 2.150664 -0.210701
v 2.667347 2.150664 0.210701
v 2.679100 1.453725 0.122850
v 2.679100 1.453725 -0.122850
v 2.682771 1.724928 0.248422
v 2.682771 1.724928 -0.248422
v 2.687500 1.443750 -0.000000
v 2.687500 1.443750 -0.000000
v 2.700000 2.400000 -0.000000
v 2.700000 2.400000 -0.000000
v 2.700000 2.400000 -0.000000
v 2.700871 1.947750 -0.243763
v 2.700871 1.947750 0.243763
v 2.701743 2.292186 0.164732
v 2.701743 2.292186 -0.164732
v 2.716800 2.400000 0.067500
v 2.716800 2.400000 -0.067500
v 2.716800 2.400000 -0.067500
v 2.716800 2.400000 0.067500
v 2.718253 1.696032 0.189274
v 2.718253 1.696032 -0.189274
v 2.725600 2.136900 -0.219480
v 2.725600 2.136900 0.219480
v 2.729800 2.420250 -0.000000
v 2.742330 1.676424 0.106466
v 2.742330 1.676424 -0.106466
v 2.747407 2.420406 -0.066744
v 2.747407 2.420406 0.066744
v 2.747710 1.924800 -0.213293
v 2.747710 1.924800 0.213293
v 2.751200 1.669200 -0.000000
v 2.751200 1.669200 -0.000000
v 2.758400 2.436000 -0.000000
v 2.762400 2.400000 0.120000
v 2.762400 2.400000 -0.120000
v 2.762400 2.400000 -0.120000
v 2.762400 2.400000 0.120000
v 2.766370 2.287392 0.188266
v 2.766370 2.287392 -0.188266
v 2.776365 2.436302 -0.064692
v 2.776365 2.436302 0.064692
v 2.783853 2.123136 -0.210701
v 2.783853 2.123136 0.210701
v 2.784600 2.447250 -0.000000
v 2.784600 2.447250 -0.000000
v 2.786282 1.905900 0.162509
v 2.786282 1.905900 -0.162509
v 2.795198 2.420829 -0.118656
v 2.795198 2.420829 0.118656
v 2.800000 2.400000 -0.000000
v 2.802528 2.447680 -0.061668
v 2.802528 2.447680 0.061668
v 2.807200 2.454000 -0.000000
v 2.811200 2.400000 -0.040500
v 2.811200 2.400000 0.040500
v 2.812457 1.893075 0.091411
v 2.812457 1.893075 -0.091411
v 2.822100 1.888350 -0.000000
v 2.822100 1.888350 -0.000000
v 2.824200 2.420250 -0.000000
v 2.824200 2.420250 -0.000000
v 2.824750 2.454529 -0.057996
v 2.824750 2.454529 0.057996
v 2.825000 2.456250 -0.000000
v 2.825000 2.456250 -0.000000
v 2.825126 2.437123 -0.115008
v 2.825126 2.437123 0.115008
v 2.829600 2.400000 0.157500
v 2.829600 2.400000 -0.157500
v 2.829600 2.400000 -0.157500
v 2.829600 2.400000 0.157500
v 2.836672 2.420519 -0.041256
v 2.836672 2.420519 0.041256
v 2.836700 2.282175 0.196110
v 2.836700 2.282175 -0.196110
v 2.836800 2.454000 -0.000000
v 2.836800 2.454000 -0.000000
v 2.837382 2.110488 -0.184363
v 2.837382 2.110488 0.184363
v 2.837600 2.436000 -0.000000
v 2.837600 2.436000 -0.000000
v 2.841400 2.447250 -0.000000
v 2.841400 2.447250 -0.000000
v 2.841600 2.400000 -0.072000
v 2.841600 2.400000 0.072000
v 2.841887 2.456841 -0.054000
v 2.841887 2.456841 0.054000
v 2.851189 2.448847 -0.109632
v 2.851189 2.448847 0.109632
v 2.851331 2.436454 -0.043308
v 2.851331 2.436454 0.043308
v 2.852794 2.454605 -0.050004
v 2.852794 2.454605 0.050004
v 2.856323 2.447812 -0.046332
v 2.856323 2.447812 0.046332
v 2.865626 2.421453 -0.155736
v 2.865626 2.421453 0.155736
v 2.870524 2.421250 -0.073344
v 2.870524 2.421250 0.073344
v 2.872387 2.455966 -0.103104
v 2.872387 2.455966 0.103104
v 2.881466 2.100072 -0.140467
v 2.881466 2.100072 0.140467
v 2.886400 2.400000 -0.094500
v 2.886400 2.400000 0.094500
v 2.887725 2.458444 -0.096000
v 2.887725 2.458444 0.096000
v 2.888602 2.437685 -0.076992
v 2.888602 2.437685 0.076992
v 2.896205 2.456246 0.088896
v 2.896205 2.456246 -0.088896
v 2.896829 2.449338 -0.082368
v 2.896829 2.449338 0.082368
v 2.896986 2.438333 -0.150948
v 2.896986 2.438333 0.150948
v 2.907030 2.276958 0.188266
v 2.907030 2.276958 -0.188266
v 2.911200 2.400000 -0.180000
v 2.911200 2.400000 -0.180000
v 2.911200 2.400000 0.180000
v 2.911379 2.093004 -0.079013
v 2.911379 2.093004 0.079013
v 2.920412 2.422328 -0.096264
v 2.920412 2.422328 0.096264
v 2.922400 2.090400 -0.000000
v 2.922899 2.450567 -0.143892
v 2.922899 2.450567 0.143892
v 2.940800 2.400000 -0.108000
v 2.940800 2.400000 0.108000
v 2.942589 2.458082 -0.135324
v 2.942589 2.458082 0.135324
v 2.943526 2.439499 -0.101052
v 2.943526 2.439499 0.101052
v 2.951146 2.422210 -0.177984
v 2.951146 2.422210 0.177984
v 2.955275 2.460806 -0.126000
v 2.955275 2.460806 0.126000
v 2.956523 2.451588 -0.108108
v 2.956523 2.451588 0.108108
v 2.960179 2.458666 -0.116676
v 2.960179 2.458666 0.116676
v 2.971657 2.272164 0.164732
v 2.971657 2.272164 -0.164732
v 2.980990 2.423636 0.110016
v 2.980990 2.423636 -0.110016
v 2.984243 2.439802 -0.172512
v 2.984243 2.439802 0.172512
v 3.000000 2.400000 -0.187500
v 3.000000 2.400000 -0.187500
v 3.000000 2.400000 -0.112500
v 3.000000 2.400000 0.112500
v 3.000000 2.400000 0.187500
v 3.009977 2.452655 -0.164448
v 3.009977 2.452655 0.164448
v 3.010221 2.441702 -0.115488
v 3.010221 2.441702 0.115488
v 3.024879 2.268216 0.125510
v 3.024879 2.268216 -0.125510
v 3.027834 2.460653 -0.154656
v 3.027834 2.460653 0.154656
v 3.029007 2.454319 -0.123552
v 3.029007 2.454319 0.123552
v 3.037300 2.463675 -0.144000
v 3.037300 2.463675 0.144000
v 3.037862 2.461603 0.133344
v 3.037862 2.461603 -0.133344
v 3.044212 2.423034 -0.185400
v 3.044212 2.423034 0.185400
v 3.046912 2.425059 0.114600
v 3.046912 2.425059 -0.114600
v 3.059200 2.400000 -0.108000
v 3.059200 2.400000 0.108000
v 3.060994 2.265537 0.070600
v 3.060994 2.265537 -0.070600
v 3.074300 2.264550 -0.000000
v 3.074300 2.264550 -0.000000
v 3.079200 2.441400 -0.179700
v 3.079200 2.441400 0.179700
v 3.082800 2.444100 -0.120300
v 3.082800 2.444100 0.120300
v 3.088800 2.400000 -0.180000
v 3.088800 2.400000 -0.180000
v 3.088800 2.400000 0.180000
v 3.104737 2.454928 -0.171300
v 3.104738 2.454928 0.171300
v 3.107887 2.457291 -0.128700
v 3.107887 2.457291 0.128700
v 3.112835 2.426483 0.110016
v 3.112835 2.426483 -0.110016
v 3.113600 2.400000 -0.094500
v 3.113600 2.400000 0.094500
v 3.120600 2.463450 0.161100
v 3.120600 2.463450 -0.161100
v 3.122400 2.464800 0.138900
v 3.122400 2.464800 -0.138900
v 3.126562 2.466797 -0.150000
v 3.126562 2.466797 0.150000
v 3.137279 2.423859 -0.177984
v 3.137279 2.423859 0.177984
v 3.155379 2.446498 -0.115488
v 3.155379 2.446498 0.115488
v 3.158400 2.400000 -0.072000
v 3.158400 2.400000 0.072000
v 3.170400 2.400000 -0.157500
v 3.170400 2.400000 0.157500
v 3.170400 2.400000 -0.157500
v 3.173413 2.427791 -0.096264
v 3.173413 2.427791 0.096264
v 3.174157 2.442998 -0.172512
v 3.174157 2.442998 0.172512
v 3.186768 2.460263 -0.123552
v 3.186768 2.460263 0.123552
v 3.188800 2.400000 -0.040500
v 3.188800 2.400000 0.040500
v 3.199498 2.457201 -0.164448
v 3.199498 2.457201 0.164448
v 3.200000 2.400000 -0.000000
v 3.206938 2.467997 0.133344
v 3.206938 2.467997 -0.133344
v 3.213366 2.466247 -0.154656
v 3.213366 2.466247 0.154656
v 3.215825 2.469919 -0.144000
v 3.215825 2.469919 0.144000
v 3.222074 2.448701 -0.101052
v 3.222074 2.448701 0.101052
v 3.222799 2.424616 -0.155736
v 3.222799 2.424616 0.155736
v 3.223301 2.428868 -0.073344
v 3.223301 2.428868 0.073344
v 3.237600 2.400000 -0.120000
v 3.237600 2.400000 0.120000
v 3.237600 2.400000 -0.120000
v 3.257153 2.429599 -0.041256
v 3.257153 2.429599 0.041256
v 3.259252 2.462994 -0.108108
v 3.259252 2.462994 0.108108
v 3.261414 2.444467 -0.150948
v 3.261414 2.444467 0.150948
v 3.269625 2.429869 -0.000000
v 3.269625 2.429869 -0.000000
v 3.276998 2.450515 -0.076992
v 3.276998 2.450515 0.076992
v 3.283200 2.400000 -0.067500
v 3.283200 2.400000 0.067500
v 3.283200 2.400000 -0.067500
v 3.284621 2.470934 -0.116676
v 3.284621 2.470934 0.116676
v 3.286576 2.459289 -0.143892
v 3.286576 2.459289 0.143892
v 3.293227 2.425240 -0.118656
v 3.293227 2.425240 0.118656
v 3.297850 2.472787 -0.126000
v 3.297850 2.472788 0.126000
v 3.298611 2.468818 -0.135324
v 3.298611 2.468818 0.135324
v 3.300000 2.400000 -0.000000
v 3.300000 2.400000 -0.000000
v 3.314269 2.451746 -0.043308
v 3.314269 2.451746 0.043308
v 3.318946 2.465243 -0.082368
v 3.318946 2.465243 0.082368
v 3.328000 2.452200 -0.000000
v 3.328000 2.452200 -0.000000
v 3.333274 2.445677 -0.115008
v 3.333274 2.445677 0.115008
v 3.341018 2.425663 -0.066744
v 3.341018 2.425663 0.066744
v 3.348595 2.473354 0.088896
v 3.348595 2.473354 -0.088896
v 3.358286 2.461009 -0.109632
v 3.358286 2.461009 0.109632
v 3.358625 2.425819 -0.000000
v 3.359452 2.466769 -0.046332
v 3.359452 2.466769 0.046332
v 3.365400 2.475150 -0.096000
v 3.365400 2.475150 0.096000
v 3.368813 2.470934 -0.103104
v 3.368813 2.470934 0.103104
v 3.374375 2.467331 -0.000000
v 3.374375 2.467331 -0.000000
v 3.382035 2.446498 -0.064692
v 3.382035 2.446498 0.064692
v 3.392006 2.474995 -0.050004
v 3.392006 2.474995 0.050004
v 3.400000 2.446800 -0.000000
v 3.406947 2.462176 -0.061668
v 3.406947 2.462176 0.061668
v 3.408000 2.475600 -0.000000
v 3.408000 2.475600 -0.000000
v 3.411237 2.476753 -0.054000
v 3.411237 2.476753 0.054000
v 3.416450 2.472371 -0.057996
v 3.416450 2.472371 0.057996
v 3.424875 2.462606 -0.000000
v 3.428125 2.477344 -0.000000
v 3.428125 2.477344 -0.000000
v 3.434000 2.472900 -0.000000
vn -0.9269 -0.3682 0.0728
vn -0.9037 -0.3685 0.2179
vn -0.8581 -0.3689 0.3572
vn -0.7915 -0.3693 0.4869
vn -0.7062 -0.3695 0.6040
vn -0.6040 -0.3695 0.7062
vn -0.4869 -0.3693 0.7915
vn -0.3572 -0.3690 0.8580
vn -0.3572 -0.3689 0.8581
vn -0.2179 -0.3685 0.9037
vn -0.0728 -0.3682 0.9269
vn -0.9776 -0.1960 0.0767
vn -0.9533 -0.1962 0.2298
vn -0.9052 -0.1965 0.3769
vn -0.9052 -0.1964 0.3769
vn -0.8351 -0.1966 0.5137
vn -0.8351 -0.1967 0.5137
vn -0.7451 -0.1967 0.6373
vn -0.6373 -0.1967 0.7451
vn -0.5137 -0.1967 0.8351
vn -0.5137 -0.1966 0.8351
vn -0.3769 -0.1964 0.9052
vn -0.3769 -0.1965 0.9052
vn -0.2298 -0.1962 0.9533
vn -0.0767 -0.1960 0.9776
vn -0.9927 0.0921 0.0779
vn -0.9927 0.0920 0.0779
vn -0.9680 0.0921 0.2334
vn -0.9680 0.0922 0.2334
vn -0.9192 0.0923 0.3827
vn -0.9192 0.0922 0.3827
vn -0.8481 0.0923 0.5217
vn -0.8481 0.0924 0.5217
vn -0.7567 0.0924 0.6472
vn -0.6472 0.0924 0.7567
vn -0.5217 0.0924 0.8481
vn -0.3827 0.0922 0.9192
vn -0.3827 0.0923 0.9192
vn -0.2334 0.0921 0.9680
vn -0.0779 0.0920 0.9927
vn -0.8271 0.5583 0.0649
vn -0.8270 0.5584 0.0649
vn -0.8062 0.5588 0.1944
vn -0.7653 0.5593 0.3186
vn -0.7058 0.5597 0.4342
vn -0.6297 0.5599 0.5385
vn -0.6296 0.5600 0.5385
vn -0.5385 0.5600 0.6296
vn -0.5385 0.5599 0.6297
vn -0.4342 0.5597 0.7058
vn -0.3186 0.5593 0.7653
vn -0.1944 0.5588 0.8062
vn -0.0649 0.5583 0.8271
vn -0.0649 0.5584 0.8270
vn -0.2914 0.9563 0.0229
vn -0.2838 0.9564 0.0684
vn -0.2692 0.9565 0.1121
vn -0.2481 0.9566 0.1527
vn -0.2481 0.9566 0.1526
vn -0.2213 0.9567 0.1893
vn -0.2213 0.9567 0.1892
vn -0.1893 0.9567 0.2213
vn -0.1892 0.9567 0.2213
vn -0.1526 0.9566 0.2481
vn -0.1121 0.9565 0.2692
vn -0.0684 0.9564 0.2839
vn -0.0684 0.9564 0.2838
vn -0.0229 0.9563 0.2914
vn 0.2298 0.9731 -0.0180
vn 0.2238 0.9731 -0.0540
vn 0.2123 0.9732 -0.0884
vn 0.1957 0.9733 -0.1203
vn 0.1957 0.9733 -0.1204
vn 0.1745 0.9733 -0.1492
vn 0.1492 0.9733 -0.1745
vn 0.1204 0.9733 -0.1957
vn 0.0884 0.9732 -0.2123
vn 0.0540 0.9731 -0.2238
vn 0.0180 0.9731 -0.2298
vn 0.5231 0.8513 -0.0411
vn 0.5097 0.8516 -0.1229
vn 0.4835 0.8519 -0.2013
vn 0.4458 0.8521 -0.2742
vn 0.3975 0.8523 -0.3400
vn 0.3976 0.8523 -0.3400
vn 0.3400 0.8523 -0.3976
vn 0.2742 0.8521 -0.4457
vn 0.2742 0.8521 -0.4458
vn 0.2013 0.8519 -0.4835
vn 0.1229 0.8516 -0.5096
vn 0.1229 0.8516 -0.5097
vn 0.0411 0.8513 -0.5231
vn 0.6903 0.7215 -0.0542
vn 0.6727 0.7219 -0.1622
vn 0.6728 0.7219 -0.1622
vn 0.6384 0.7223 -0.2658
vn 0.5887 0.7227 -0.3621
vn 0.5251 0.7229 -0.4491
vn 0.4491 0.7229 -0.5251
vn 0.3621 0.7227 -0.5887
vn 0.2658 0.7223 -0.6384
vn 0.1622 0.7219 -0.6728
vn 0.1622 0.7219 -0.6727
vn 0.0542 0.7215 -0.6903
vn 0.7977 0.5998 -0.0626
vn 0.7776 0.6002 -0.1875
vn 0.7775 0.6002 -0.1875
vn 0.7380 0.6008 -0.3073
vn 0.7380 0.6007 -0.3073
vn 0.6807 0.6012 -0.4187
vn 0.6072 0.6014 -0.5193
vn 0.5193 0.6014 -0.6072
vn 0.4187 0.6012 -0.6807
vn 0.3073 0.6007 -0.7380
vn 0.3073 0.6008 -0.7380
vn 0.1875 0.6002 -0.7775
vn 0.0626 0.5998 -0.7977
vn 0.8722 0.4843 -0.0685
vn 0.8503 0.4847 -0.2050
vn 0.8072 0.4852 -0.3361
vn 0.7446 0.4856 -0.4580
vn 0.6643 0.4858 -0.5681
vn 0.5681 0.4858 -0.6643
vn 0.4580 0.4856 -0.7446
vn 0.3361 0.4852 -0.8072
vn 0.2050 0.4847 -0.8503
vn 0.0685 0.4843 -0.8722
vn 0.0728 -0.3682 0.9269
vn 0.2179 -0.3685 0.9037
vn 0.3572 -0.3689 0.8581
vn 0.4869 -0.3693 0.7915
vn 0.6040 -0.3695 0.7062
vn 0.7062 -0.3695 0.6040
vn 0.7915 -0.3693 0.4869
vn 0.8581 -0.3690 0.3572
vn 0.8581 -0.3689 0.3572
vn 0.9037 -0.3685 0.2179
vn 0.9269 -0.3682 0.0728
vn 0.0767 -0.1960 0.9776
vn 0.2298 -0.1962 0.9533
vn 0.3769 -0.1965 0.9052
vn 0.3769 -0.1964 0.9052
vn 0.5137 -0.1966 0.8351
vn 0.5137 -0.1967 0.8351
vn 0.6373 -0.1968 0.7451
vn 0.6373 -0.1967 0.7451
vn 0.7451 -0.1967 0.6373
vn 0.7451 -0.1968 0.6373
vn 0.8351 -0.1967 0.5137
vn 0.8351 -0.1966 0.5137
vn 0.9052 -0.1964 0.3769
vn 0.9052 -0.1965 0.3769
vn 0.9533 -0.1962 0.2298
vn 0.9776 -0.1960 0.0767
vn 0.0779 0.0920 0.9927
vn 0.2334 0.0921 0.9680
vn 0.3827 0.0923 0.9192
vn 0.3827 0.0922 0.9192
vn 0.5217 0.0924 0.8481
vn 0.5217 0.0923 0.8481
vn 0.6472 0.0924 0.7567
vn 0.7567 0.0924 0.6472
vn 0.8481 0.0923 0.5217
vn 0.8481 0.0924 0.5217
vn 0.9192 0.0922 0.3827
vn 0.9192 0.0923 0.3827
vn 0.9680 0.0922 0.2334
vn 0.9680 0.0921 0.2334
vn 0.9927 0.0920 0.0779
vn 0.0649 0.5583 0.8271
vn 0.0649 0.5584 0.8271
vn 0.1944 0.5588 0.8062
vn 0.3186 0.5593 0.7653
vn 0.4342 0.5597 0.7058
vn 0.4342 0.5598 0.7058
vn 0.5385 0.5599 0.6297
vn 0.5385 0.5600 0.6296
vn 0.6296 0.5599 0.5385
vn 0.6297 0.5599 0.5385
vn 0.7058 0.5597 0.4342
vn 0.7653 0.5593 0.3186
vn 0.8062 0.5588 0.1944
vn 0.8270 0.5584 0.0649
vn 0.8271 0.5583 0.0649
vn 0.0229 0.9563 0.2914
vn 0.0684 0.9564 0.2838
vn 0.1121 0.9565 0.2692
vn 0.1526 0.9566 0.2481
vn 0.1892 0.9567 0.2213
vn 0.1893 0.9567 0.2213
vn 0.2213 0.9567 0.1893
vn 0.2213 0.9567 0.1892
vn 0.2481 0.9566 0.1527
vn 0.2481 0.9566 0.1526
vn 0.2692 0.9565 0.1121
vn 0.2838 0.9564 0.0684
vn 0.2914 0.9563 0.0229
vn -0.0180 0.9731 -0.2298
vn -0.0540 0.9731 -0.2238
vn -0.0884 0.9732 -0.2123
vn -0.1204 0.9733 -0.1956
vn -0.1204 0.9732 -0.1957
vn -0.1492 0.9733 -0.1745
vn -0.1745 0.9733 -0.1492
vn -0.1745 0.9733 -0.1493
vn -0.1957 0.9733 -0.1204
vn -0.2123 0.9732 -0.0884
vn -0.2238 0.9731 -0.0540
vn -0.2298 0.9731 -0.0180
vn -0.0411 0.8513 -0.5231
vn -0.1229 0.8516 -0.5097
vn -0.2013 0.8519 -0.4835
vn -0.2742 0.8521 -0.4458
vn -0.3400 0.8523 -0.3975
vn -0.3400 0.8523 -0.3976
vn -0.3976 0.8523 -0.3400
vn -0.3975 0.8523 -0.3400
vn -0.4458 0.8521 -0.2742
vn -0.4835 0.8519 -0.2013
vn -0.5097 0.8516 -0.1229
vn -0.5231 0.8513 -0.0411
vn -0.0542 0.7215 -0.6903
vn -0.1622 0.7219 -0.6727
vn -0.1622 0.7219 -0.6728
vn -0.2658 0.7223 -0.6384
vn -0.3621 0.7227 -0.5887
vn -0.4491 0.7229 -0.5251
vn -0.5251 0.7229 -0.4491
vn -0.5887 0.7227 -0.3621
vn -0.6384 0.7223 -0.2658
vn -0.6728 0.7219 -0.1622
vn -0.6727 0.7219 -0.1622
vn -0.6903 0.7215 -0.0542
vn -0.0626 0.5998 -0.7977
vn -0.1875 0.6002 -0.7775
vn -0.3073 0.6008 -0.7380
vn -0.3073 0.6007 -0.7380
vn -0.4187 0.6012 -0.6807
vn -0.4187 0.6012 -0.6806
vn -0.5193 0.6014 -0.6072
vn -0.6072 0.6014 -0.5193
vn -0.6806 0.6012 -0.4187
vn -0.6807 0.6012 -0.4187
vn -0.7380 0.6007 -0.3073
vn -0.7380 0.6008 -0.3073
vn -0.7775 0.6002 -0.1875
vn -0.7977 0.5998 -0.0626
vn -0.0685 0.4843 -0.8722
vn -0.2050 0.4847 -0.8503
vn -0.3361 0.4852 -0.8072
vn -0.4580 0.4856 -0.7446
vn -0.5681 0.4858 -0.6643
vn -0.6643 0.4858 -0.5681
vn -0.7446 0.4856 -0.4580
vn -0.8072 0.4852 -0.3361
vn -0.8503 0.4847 -0.2050
vn -0.8722 0.4843 -0.0685
vn 0.9269 -0.3682 -0.0728
vn 0.9037 -0.3685 -0.2179
vn 0.8581 -0.3689 -0.3572
vn 0.7915 -0.3693 -0.4869
vn 0.7062 -0.3695 -0.6040
vn 0.6040 -0.3695 -0.7062
vn 0.4869 -0.3693 -0.7915
vn 0.3572 -0.3690 -0.8580
vn 0.3572 -0.3689 -0.8581
vn 0.2179 -0.3685 -0.9037
vn 0.0728 -0.3682 -0.9269
vn 0.9776 -0.1960 -0.0767
vn 0.9533 -0.1962 -0.2298
vn 0.9052 -0.1965 -0.3769
vn 0.9052 -0.1964 -0.3769
vn 0.8351 -0.1966 -0.5137
vn 0.8351 -0.1967 -0.5137
vn 0.7451 -0.1967 -0.6373
vn 0.6373 -0.1967 -0.7451
vn 0.5137 -0.1967 -0.8351
vn 0.5137 -0.1966 -0.8351
vn 0.3769 -0.1964 -0.9052
vn 0.3769 -0.1965 -0.9052
vn 0.2298 -0.1962 -0.9533
vn 0.0767 -0.1960 -0.9776
vn 0.9927 0.0921 -0.0779
vn 0.9927 0.0920 -0.0779
vn 0.9680 0.0921 -0.2334
vn 0.9680 0.0922 -0.2334
vn 0.9192 0.0923 -0.3827
vn 0.9192 0.0922 -0.3827
vn 0.8481 0.0923 -0.5217
vn 0.8481 0.0924 -0.5217
vn 0.7567 0.0924 -0.6472
vn 0.6472 0.0924 -0.7567
vn 0.5217 0.0924 -0.8481
vn 0.3827 0.0922 -0.9192
vn 0.3827 0.0923 -0.9192
vn 0.2334 0.0921 -0.9680
vn 0.0779 0.0920 -0.9927
vn 0.8271 0.5583 -0.0649
vn 0.8270 0.5584 -0.0649
vn 0.8062 0.5588 -0.1944
vn 0.7653 0.5593 -0.3186
vn 0.7058 0.5597 -0.4342
vn 0.6297 0.5599 -0.5385
vn 0.6296 0.5600 -0.5385
vn 0.5385 0.5600 -0.6296
vn 0.5385 0.5599 -0.6297
vn 0.4342 0.5597 -0.7058
vn 0.3186 0.5593 -0.7653
vn 0.1944 0.5588 -0.8062
vn 0.0649 0.5583 -0.8271
vn 0.0649 0.5584 -0.8270
vn 0.2914 0.9563 -0.0229
vn 0.2838 0.9564 -0.0684
vn 0.2692 0.9565 -0.1121
vn 0.2481 0.9566 -0.1527
vn 0.2481 0.9566 -0.1526
vn 0.2213 0.9567 -0.1893
vn 0.2213 0.9567 -0.1892
vn 0.1893 0.9567 -0.2213
vn 0.1892 0.9567 -0.2213
vn 0.1526 0.9566 -0.2481
vn 0.1121 0.9565 -0.2692
vn 0.0684 0.9564 -0.2839
vn 0.0684 0.9564 -0.2838
vn 0.0229 0.9563 -0.2914
vn -0.2298 0.9731 0.0180
vn -0.2238 0.9731 0.0540
vn -0.2123 0.9732 0.0884
vn -0.1957 0.9733 0.1203
vn -0.1957 0.9733 0.1204
vn -0.1745 0.9733 0.1492
vn -0.1492 0.9733 0.1745
vn -0.1204 0.9733 0.1957
vn -0.0884 0.9732 0.2123
vn -0.0540 0.9731 0.2238
vn -0.0180 0.9731 0.2298
vn -0.5231 0.8513 0.0411
vn -0.5097 0.8516 0.1229
vn -0.4835 0.8519 0.2013
vn -0.4458 0.8521 0.2742
vn -0.3975 0.8523 0.3400
vn -0.3976 0.8523 0.3400
vn -0.3400 0.8523 0.3976
vn -0.2742 0.8521 0.4457
vn -0.2742 0.8521 0.4458
vn -0.2013 0.8519 0.4835
vn -0.1229 0.8516 0.5096
vn -0.1229 0.8516 0.5097
vn -0.0411 0.8513 0.5231
vn -0.6903 0.7215 0.0542
vn -0.6727 0.7219 0.1622
vn -0.6728 0.7219 0.1622
vn -0.6384 0.7223 0.2658
vn -0.5887 0.7227 0.3621
vn -0.5251 0.7229 0.4491
vn -0.4491 0.7229 0.5251
vn -0.3621 0.7227 0.5887
vn -0.2658 0.7223 0.6384
vn -0.1622 0.7219 0.6728
vn -0.1622 0.7219 0.6727
vn -0.0542 0.7215 0.6903
vn -0.7977 0.5998 0.0626
vn -0.7776 0.6002 0.1875
vn -0.7775 0.6002 0.1875
vn -0.7380 0.6008 0.3073
vn -0.7380 0.6007 0.3073
vn -0.6807 0.6012 0.4187
vn -0.6072 0.6014 0.5193
vn -0.5193 0.6014 0.6072
vn -0.4187 0.6012 0.6807
vn -0.3073 0.6007 0.7380
vn -0.3073 0.6008 0.7380
vn -0.1875 0.6002 0.7775
vn -0.0626 0.5998 0.7977
vn -0.8722 0.4843 0.0685
vn -0.8503 0.4847 0.2050
vn -0.8072 0.4852 0.3361
vn -0.7446 0.4856 0.4580
vn -0.6643 0.4858 0.5681
vn -0.5681 0.4858 0.6643
vn -0.4580 0.4856 0.7446
vn -0.3361 0.4852 0.8072
vn -0.2050 0.4847 0.8503
vn -0.0685 0.4843 0.8722
vn -0.0728 -0.3682 -0.9269
vn -0.2179 -0.3685 -0.9037
vn -0.3572 -0.3689 -0.8581
vn -0.4869 -0.3693 -0.7915
vn -0.6040 -0.3695 -0.7062
vn -0.7062 -0.3695 -0.6040
vn -0.7915 -0.3693 -0.4869
vn -0.8581 -0.3690 -0.3572
vn -0.8581 -0.3689 -0.3572
vn -0.9037 -0.3685 -0.2179
vn -0.9269 -0.3682 -0.0728
vn -0.0767 -0.1960 -0.9776
vn -0.2298 -0.1962 -0.9533
vn -0.3769 -0.1965 -0.9052
vn -0.3769 -0.1964 -0.9052
vn -0.5137 -0.1966 -0.8351
vn -0.5137 -0.1967 -0.8351
vn -0.6373 -0.1968 -0.7451
vn -0.6373 -0.1967 -0.7451
vn -0.7451 -0.1967 -0.6373
vn -0.7451 -0.1968 -0.6373
vn -0.8351 -0.1967 -0.5137
vn -0.8351 -0.1966 -0.5137
vn -0.9052 -0.1964 -0.3769
vn -0.9052 -0.1965 -0.3769
vn -0.9533 -0.1962 -0.2298
vn -0.9776 -0.1960 -0.0767
vn -0.0779 0.0920 -0.9927
vn -0.2334 0.0921 -0.9680
vn -0.3827 0.0923 -0.9192
vn -0.3827 0.0922 -0.9192
vn -0.5217 0.0924 -0.8481
vn -0.5217 0.0923 -0.8481
vn -0.6472 0.0924 -0.7567
vn -0.7567 0.0924 -0.6472
vn -0.8481 0.0923 -0.5217
vn -0.8481 0.0924 -0.5217
vn -0.9192 0.0922 -0.3827
vn -0.9192 0.0923 -0.3827
vn -0.9680 0.0922 -0.2334
vn -0.9680 0.0921 -0.2334
vn -0.9927 0.0920 -0.0779
vn -0.0649 0.5583 -0.8271
vn -0.0649 0.5584 -0.8271
vn -0.1944 0.5588 -0.8062
vn -0.3186 0.5593 -0.7653
vn -0.4342 0.5597 -0.7058
vn -0.4342 0.5598 -0.7058
vn -0.5385 0.5599 -0.6297
vn -0.5385 0.5600 -0.6296
vn -0.6296 0.5599 -0.5385
vn -0.6297 0.5599 -0.5385
vn -0.7058 0.5597 -0.4342
vn -0.7653 0.5593 -0.3186
vn -0.8062 0.5588 -0.1944
vn -0.8270 0.5584 -0.0649
vn -0.8271 0.5583 -0.0649
vn -0.0229 0.9563 -0.2914
vn -0.0684 0.9564 -0.2838
vn -0.1121 0.9565 -0.2692
vn -0.1526 0.9566 -0.2481
vn -0.1892 0.9567 -0.2213
vn -0.1893 0.9567 -0.2213
vn -0.2213 0.9567 -0.1893
vn -0.2213 0.9567 -0.1892
vn -0.2481 0.9566 -0.1527
vn -0.2481 0.9566 -0.1526
vn -0.2692 0.9565 -0.1121
vn -0.2838 0.9564 -0.0684
vn -0.2914 0.9563 -0.0229
vn 0.0180 0.9731 0.2298
vn 0.0540 0.9731 0.2238
vn 0.0884 0.9732 0.2123
vn 0.1204 0.9733 0.1956
vn 0.1204 0.9732 0.1957
vn 0.1492 0.9733 0.1745
vn 0.1745 0.9733 0.1492
vn 0.1745 0.9733 0.1493
vn 0.1957 0.9733 0.1204
vn 0.2123 0.9732 0.0884
vn 0.2238 0.9731 0.0540
vn 0.2298 0.9731 0.0180
vn 0.0411 0.8513 0.5231
vn 0.1229 0.8516 0.5097
vn 0.2013 0.8519 0.4835
vn 0.2742 0.8521 0.4458
vn 0.3400 0.8523 0.3975
vn 0.3400 0.8523 0.3976
vn 0.3976 0.8523 0.3400
vn 0.3975 0.8523 0.3400
vn 0.4458 0.8521 0.2742
vn 0.4835 0.8519 0.2013
vn 0.5097 0.8516 0.1229
vn 0.5231 0.8513 0.0411
vn 0.0542 0.7215 0.6903
vn 0.1622 0.7219 0.6727
vn 0.1622 0.7219 0.6728
vn 0.2658 0.7223 0.6384
vn 0.3621 0.7227 0.5887
vn 0.4491 0.7229 0.5251
vn 0.5251 0.7229 0.4491
vn 0.5887 0.7227 0.3621
vn 0.6384 0.7223 0.2658
vn 0.6728 0.7219 0.1622
vn 0.6727 0.7219 0.1622
vn 0.6903 0.7215 0.0542
vn 0.0626 0.5998 0.7977
vn 0.1875 0.6002 0.7775
vn 0.3073 0.6008 0.7380
vn 0.3073 0.6007 0.7380
vn 0.4187 0.6012 0.6807
vn 0.4187 0.6012 0.6806
vn 0.5193 0.6014 0.6072
vn 0.6072 0.6014 0.5193
vn 0.6806 0.6012 0.4187
vn 0.6807 0.6012 0.4187
vn 0.7380 0.6007 0.3073
vn 0.7380 0.6008 0.3073
vn 0.7775 0.6002 0.1875
vn 0.7977 0.5998 0.0626
vn 0.0685 0.4843 0.8722
vn 0.2050 0.4847 0.8503
vn 0.3361 0.4852 0.8072
vn 0.4580 0.4856 0.7446
vn 0.5681 0.4858 0.6643
vn 0.6643 0.4858 0.5681
vn 0.7446 0.4856 0.4580
vn 0.8072 0.4852 0.3361
vn 0.8503 0.4847 0.2050
vn 0.8722 0.4843 0.0685
vn 0.9011 0.4279 -0.0707
vn 0.8785 0.4283 -0.2118
vn 0.8340 0.4287 -0.3472
vn 0.7693 0.4291 -0.4733
vn 0.6864 0.4293 -0.5870
vn 0.5870 0.4293 -0.6864
vn 0.4733 0.4291 -0.7693
vn 0.3472 0.4287 -0.8340
vn 0.2118 0.4283 -0.8785
vn 0.0707 0.4279 -0.9011
vn 0.9039 0.4218 -0.0710
vn 0.8813 0.4222 -0.2125
vn 0.8367 0.4227 -0.3483
vn 0.7718 0.4230 -0.4748
vn 0.6885 0.4232 -0.5889
vn 0.5889 0.4232 -0.6885
vn 0.4748 0.4230 -0.7718
vn 0.3483 0.4227 -0.8367
vn 0.2125 0.4222 -0.8813
vn 0.0710 0.4218 -0.9039
vn 0.9096 0.4094 -0.0714
vn 0.8868 0.4098 -0.2138
vn 0.8419 0.4103 -0.3505
vn 0.8419 0.4102 -0.3505
vn 0.7766 0.4106 -0.4777
vn 0.6929 0.4108 -0.5926
vn 0.5926 0.4108 -0.6929
vn 0.4777 0.4106 -0.7766
vn 0.3505 0.4102 -0.8419
vn 0.3505 0.4103 -0.8419
vn 0.2138 0.4098 -0.8868
vn 0.0714 0.4094 -0.9096
vn 0.9180 0.3901 -0.0721
vn 0.8950 0.3905 -0.2158
vn 0.8497 0.3909 -0.3538
vn 0.7838 0.3913 -0.4822
vn 0.6993 0.3914 -0.5981
vn 0.5981 0.3915 -0.6993
vn 0.5981 0.3914 -0.6993
vn 0.4822 0.3913 -0.7838
vn 0.3538 0.3909 -0.8497
vn 0.2158 0.3905 -0.8950
vn 0.0721 0.3901 -0.9180
vn 0.9289 0.3630 -0.0729
vn 0.9057 0.3633 -0.2184
vn 0.8599 0.3637 -0.3580
vn 0.7933 0.3641 -0.4880
vn 0.7077 0.3643 -0.6053
vn 0.7078 0.3643 -0.6053
vn 0.6053 0.3643 -0.7077
vn 0.6053 0.3643 -0.7078
vn 0.4880 0.3641 -0.7933
vn 0.3580 0.3637 -0.8599
vn 0.2184 0.3633 -0.9057
vn 0.0729 0.3630 -0.9289
vn 0.9422 0.3267 -0.0740
vn 0.9187 0.3271 -0.2215
vn 0.8723 0.3275 -0.3632
vn 0.8047 0.3278 -0.4950
vn 0.7179 0.3279 -0.6140
vn 0.6140 0.3279 -0.7179
vn 0.4950 0.3278 -0.8047
vn 0.3632 0.3275 -0.8723
vn 0.2215 0.3271 -0.9187
vn 0.0740 0.3267 -0.9422
vn 0.9571 0.2797 -0.0751
vn 0.9332 0.2800 -0.2250
vn 0.8862 0.2804 -0.3689
vn 0.8175 0.2807 -0.5029
vn 0.7294 0.2808 -0.6238
vn 0.6238 0.2808 -0.7294
vn 0.5029 0.2807 -0.8175
vn 0.3689 0.2804 -0.8862
vn 0.2250 0.2800 -0.9332
vn 0.0751 0.2797 -0.9571
vn 0.9725 0.2199 -0.0763
vn 0.9483 0.2202 -0.2286
vn 0.9005 0.2204 -0.3749
vn 0.8308 0.2207 -0.5110
vn 0.7412 0.2208 -0.6339
vn 0.6339 0.2208 -0.7412
vn 0.5110 0.2207 -0.8308
vn 0.3749 0.2204 -0.9005
vn 0.2286 0.2202 -0.9483
vn 0.0763 0.2199 -0.9725
vn 0.9864 0.1449 -0.0774
vn 0.9619 0.1451 -0.2319
vn 0.9134 0.1453 -0.3803
vn 0.8427 0.1454 -0.5184
vn 0.7519 0.1455 -0.6431
vn 0.6431 0.1455 -0.7519
vn 0.5184 0.1454 -0.8427
vn 0.3803 0.1453 -0.9134
vn 0.2319 0.1451 -0.9619
vn 0.0774 0.1449 -0.9864
vn 0.9956 0.0526 -0.0782
vn 0.9956 0.0526 -0.0781
vn 0.9708 0.0527 -0.2341
vn 0.9219 0.0527 -0.3838
vn 0.8506 0.0528 -0.5232
vn 0.7589 0.0528 -0.6491
vn 0.6491 0.0528 -0.7589
vn 0.5232 0.0528 -0.8506
vn 0.3838 0.0528 -0.9219
vn 0.3838 0.0527 -0.9219
vn 0.2341 0.0527 -0.9708
vn 0.0782 0.0526 -0.9956
vn 0.0781 0.0526 -0.9956
vn -0.0707 0.4279 -0.9011
vn -0.2118 0.4283 -0.8785
vn -0.3472 0.4287 -0.8340
vn -0.4733 0.4291 -0.7693
vn -0.5870 0.4293 -0.6864
vn -0.6864 0.4293 -0.5870
vn -0.7693 0.4291 -0.4733
vn -0.8340 0.4287 -0.3472
vn -0.8785 0.4283 -0.2118
vn -0.9011 0.4279 -0.0707
vn -0.0710 0.4218 -0.9039
vn -0.2125 0.4222 -0.8813
vn -0.3483 0.4227 -0.8367
vn -0.4748 0.4230 -0.7718
vn -0.5889 0.4232 -0.6885
vn -0.6885 0.4232 -0.5889
vn -0.7718 0.4230 -0.4748
vn -0.8367 0.4227 -0.3483
vn -0.8813 0.4222 -0.2125
vn -0.9039 0.4218 -0.0710
vn -0.0714 0.4094 -0.9096
vn -0.2138 0.4098 -0.8868
vn -0.3505 0.4103 -0.8419
vn -0.3505 0.4102 -0.8419
vn -0.4777 0.4106 -0.7766
vn -0.5926 0.4108 -0.6929
vn -0.6929 0.4108 -0.5926
vn -0.7766 0.4106 -0.4777
vn -0.8419 0.4102 -0.3505
vn -0.8419 0.4103 -0.3505
vn -0.8868 0.4098 -0.2138
vn -0.9096 0.4094 -0.0714
vn -0.0721 0.3901 -0.9180
vn -0.2158 0.3905 -0.8950
vn -0.3538 0.3909 -0.8497
vn -0.4822 0.3913 -0.7838
vn -0.5981 0.3914 -0.6993
vn -0.6993 0.3915 -0.5981
vn -0.6993 0.3914 -0.5981
vn -0.7838 0.3913 -0.4822
vn -0.8497 0.3909 -0.3538
vn -0.8950 0.3905 -0.2158
vn -0.9180 0.3901 -0.0721
vn -0.0729 0.3630 -0.9289
vn -0.2184 0.3633 -0.9057
vn -0.3580 0.3637 -0.8599
vn -0.4880 0.3641 -0.7933
vn -0.6053 0.3643 -0.7077
vn -0.6053 0.3643 -0.7078
vn -0.7077 0.3643 -0.6053
vn -0.7933 0.3641 -0.4880
vn -0.8599 0.3637 -0.3580
vn -0.9057 0.3633 -0.2184
vn -0.9289 0.3630 -0.0729
vn -0.0740 0.3267 -0.9422
vn -0.2215 0.3271 -0.9187
vn -0.3632 0.3275 -0.8723
vn -0.4950 0.3278 -0.8047
vn -0.6140 0.3279 -0.7179
vn -0.7179 0.3279 -0.6140
vn -0.8047 0.3278 -0.4950
vn -0.8723 0.3275 -0.3632
vn -0.9187 0.3271 -0.2215
vn -0.9422 0.3267 -0.0740
vn -0.0751 0.2797 -0.9571
vn -0.2250 0.2800 -0.9332
vn -0.3689 0.2804 -0.8862
vn -0.3689 0.2804 -0.8861
vn -0.5029 0.2807 -0.8175
vn -0.6238 0.2808 -0.7294
vn -0.7294 0.2808 -0.6238
vn -0.8175 0.2807 -0.5029
vn -0.8862 0.2804 -0.3689
vn -0.9332 0.2800 -0.2250
vn -0.9571 0.2797 -0.0751
vn -0.0763 0.2199 -0.9725
vn -0.2286 0.2202 -0.9483
vn -0.3749 0.2204 -0.9005
vn -0.5110 0.2207 -0.8308
vn -0.6339 0.2208 -0.7412
vn -0.7412 0.2208 -0.6339
vn -0.8308 0.2207 -0.5110
vn -0.9005 0.2204 -0.3749
vn -0.9483 0.2202 -0.2286
vn -0.9725 0.2199 -0.0763
vn -0.0774 0.1449 -0.9864
vn -0.2319 0.1451 -0.9619
vn -0.3803 0.1453 -0.9134
vn -0.5184 0.1454 -0.8427
vn -0.6431 0.1455 -0.7519
vn -0.7519 0.1455 -0.6431
vn -0.8427 0.1454 -0.5184
vn -0.9134 0.1453 -0.3803
vn -0.9619 0.1451 -0.2319
vn -0.9864 0.1449 -0.0774
vn -0.0782 0.0526 -0.9956
vn -0.0781 0.0526 -0.9956
vn -0.2341 0.0527 -0.9708
vn -0.3838 0.0527 -0.9219
vn -0.5232 0.0528 -0.8506
vn -0.6491 0.0528 -0.7589
vn -0.7589 0.0528 -0.6491
vn -0.8506 0.0528 -0.5232
vn -0.9219 0.0527 -0.3838
vn -0.9708 0.0527 -0.2341
vn -0.9956 0.0526 -0.0782
vn -0.9956 0.0526 -0.0781
vn -0.9011 0.4279 0.0707
vn -0.8785 0.4283 0.2118
vn -0.8340 0.4287 0.3472
vn -0.7693 0.4291 0.4733
vn -0.6864 0.4293 0.5870
vn -0.5870 0.4293 0.6864
vn -0.4733 0.4291 0.7693
vn -0.3472 0.4287 0.8340
vn -0.2118 0.4283 0.8785
vn -0.0707 0.4279 0.9011
vn -0.9039 0.4218 0.0710
vn -0.8813 0.4222 0.2125
vn -0.8367 0.4227 0.3483
vn -0.7718 0.4230 0.4748
vn -0.6885 0.4232 0.5889
vn -0.5889 0.4232 0.6885
vn -0.4748 0.4230 0.7718
vn -0.3483 0.4227 0.8367
vn -0.2125 0.4222 0.8813
vn -0.0710 0.4218 0.9039
vn -0.9096 0.4094 0.0714
vn -0.8868 0.4098 0.2138
vn -0.8419 0.4103 0.3505
vn -0.8419 0.4102 0.3505
vn -0.7766 0.4106 0.4777
vn -0.6929 0.4108 0.5926
vn -0.5926 0.4108 0.6929
vn -0.4777 0.4106 0.7766
vn -0.3505 0.4102 0.8419
vn -0.3505 0.4103 0.8419
vn -0.2138 0.4098 0.8868
vn -0.0714 0.4094 0.9096
vn -0.9180 0.3901 0.0721
vn -0.8950 0.3905 0.2158
vn -0.8497 0.3909 0.3538
vn -0.7838 0.3913 0.4822
vn -0.6993 0.3914 0.5981
vn -0.5981 0.3915 0.6993
vn -0.5981 0.3914 0.6993
vn -0.4822 0.3913 0.7838
vn -0.3538 0.3909 0.8497
vn -0.2158 0.3905 0.8950
vn -0.0721 0.3901 0.9180
vn -0.9289 0.3630 0.0729
vn -0.9057 0.3633 0.2184
vn -0.8599 0.3637 0.3580
vn -0.7933 0.3641 0.4880
vn -0.7077 0.3643 0.6053
vn -0.7078 0.3643 0.6053
vn -0.6053 0.3643 0.7077
vn -0.6053 0.3643 0.7078
vn -0.4880 0.3641 0.7933
vn -0.3580 0.3637 0.8599
vn -0.2184 0.3633 0.9057
vn -0.0729 0.3630 0.9289
vn -0.9422 0.3267 0.0740
vn -0.9187 0.3271 0.2215
vn -0.8723 0.3275 0.3632
vn -0.8047 0.3278 0.4950
vn -0.7179 0.3279 0.6140
vn -0.6140 0.3279 0.7179
vn -0.4950 0.3278 0.8047
vn -0.3632 0.3275 0.8723
vn -0.2215 0.3271 0.9187
vn -0.0740 0.3267 0.9422
vn -0.9571 0.2797 0.0751
vn -0.9332 0.2800 0.2250
vn -0.8862 0.2804 0.3689
vn -0.8175 0.2807 0.5029
vn -0.7294 0.2808 0.6238
vn -0.6238 0.2808 0.7294
vn -0.5029 0.2807 0.8175
vn -0.3689 0.2804 0.8862
vn -0.2250 0.2800 0.9332
vn -0.0751 0.2797 0.9571
vn -0.9725 0.2199 0.0763
vn -0.9483 0.2202 0.2286
vn -0.9005 0.2204 0.3749
vn -0.8308 0.2207 0.5110
vn -0.7412 0.2208 0.6339
vn -0.6339 0.2208 0.7412
vn -0.5110 0.2207 0.8308
vn -0.3749 0.2204 0.9005
vn -0.2286 0.2202 0.9483
vn -0.0763 0.2199 0.9725
vn -0.9864 0.1449 0.0774
vn -0.9619 0.1451 0.2319
vn -0.9134 0.1453 0.3803
vn -0.8427 0.1454 0.5184
vn -0.7519 0.1455 0.6431
vn -0.6431 0.1455 0.7519
vn -0.5184 0.1454 0.8427
vn -0.3803 0.1453 0.9134
vn -0.2319 0.1451 0.9619
vn -0.0774 0.1449 0.9864
vn -0.9956 0.0526 0.0782
vn -0.9956 0.0526 0.0781
vn -0.9708 0.0527 0.2341
vn -0.9219 0.0527 0.3838
vn -0.8506 0.0528 0.5232
vn -0.7589 0.0528 0.6491
vn -0.6491 0.0528 0.7589
vn -0.5232 0.0528 0.8506
vn -0.3838 0.0528 0.9219
vn -0.3838 0.0527 0.9219
vn -0.2341 0.0527 0.9708
vn -0.0782 0.0526 0.9956
vn -0.0781 0.0526 0.9956
vn 0.0707 0.4279 0.9011
vn 0.2118 0.4283 0.8785
vn 0.3472 0.4287 0.8340
vn 0.4733 0.4291 0.7693
vn 0.5870 0.4293 0.6864
vn 0.6864 0.4293 0.5870
vn 0.7693 0.4291 0.4733
vn 0.8340 0.4287 0.3472
vn 0.8785 0.4283 0.2118
vn 0.9011 0.4279 0.0707
vn 0.0710 0.4218 0.9039
vn 0.2125 0.4222 0.8813
vn 0.3483 0.4227 0.8367
vn 0.4748 0.4230 0.7718
vn 0.5889 0.4232 0.6885
vn 0.6885 0.4232 0.5889
vn 0.7718 0.4230 0.4748
vn 0.8367 0.4227 0.3483
vn 0.8813 0.4222 0.2125
vn 0.9039 0.4218 0.0710
vn 0.0714 0.4094 0.9096
vn 0.2138 0.4098 0.8868
vn 0.3505 0.4103 0.8419
vn 0.3505 0.4102 0.8419
vn 0.4777 0.4106 0.7766
vn 0.5926 0.4108 0.6929
vn 0.6929 0.4108 0.5926
vn 0.7766 0.4106 0.4777
vn 0.8419 0.4102 0.3505
vn 0.8419 0.4103 0.3505
vn 0.8868 0.4098 0.2138
vn 0.9096 0.4094 0.0714
vn 0.0721 0.3901 0.9180
vn 0.2158 0.3905 0.8950
vn 0.3538 0.3909 0.8497
vn 0.4822 0.3913 0.7838
vn 0.5981 0.3914 0.6993
vn 0.6993 0.3915 0.5981
vn 0.6993 0.3914 0.5981
vn 0.7838 0.3913 0.4822
vn 0.8497 0.3909 0.3538
vn 0.8950 0.3905 0.2158
vn 0.9180 0.3901 0.0721
vn 0.0729 0.3630 0.9289
vn 0.2184 0.3633 0.9057
vn 0.3580 0.3637 0.8599
vn 0.4880 0.3641 0.7933
vn 0.6053 0.3643 0.7077
vn 0.6053 0.3643 0.7078
vn 0.7077 0.3643 0.6053
vn 0.7933 0.3641 0.4880
vn 0.8599 0.3637 0.3580
vn 0.9057 0.3633 0.2184
vn 0.9289 0.3630 0.0729
vn 0.0740 0.3267 0.9422
vn 0.2215 0.3271 0.9187
vn 0.3632 0.3275 0.8723
vn 0.4950 0.3278 0.8047
vn 0.6140 0.3279 0.7179
vn 0.7179 0.3279 0.6140
vn 0.8047 0.3278 0.4950
vn 0.8723 0.3275 0.3632
vn 0.9187 0.3271 0.2215
vn 0.9422 0.3267 0.0740
vn 0.0751 0.2797 0.9571
vn 0.2250 0.2800 0.9332
vn 0.3689 0.2804 0.8862
vn 0.3689 0.2804 0.8861
vn 0.5029 0.2807 0.8175
vn 0.6238 0.2808 0.7294
vn 0.7294 0.2808 0.6238
vn 0.8175 0.2807 0.5029
vn 0.8862 0.2804 0.3689
vn 0.9332 0.2800 0.2250
vn 0.9571 0.2797 0.0751
vn 0.0763 0.2199 0.9725
vn 0.2286 0.2202 0.9483
vn 0.3749 0.2204 0.9005
vn 0.5110 0.2207 0.8308
vn 0.6339 0.2208 0.7412
vn 0.7412 0.2208 0.6339
vn 0.8308 0.2207 0.5110
vn 0.9005 0.2204 0.3749
vn 0.9483 0.2202 0.2286
vn 0.9725 0.2199 0.0763
vn 0.0774 0.1449 0.9864
vn 0.2319 0.1451 0.9619
vn 0.3803 0.1453 0.9134
vn 0.5184 0.1454 0.8427
vn 0.6431 0.1455 0.7519
vn 0.7519 0.1455 0.6431
vn 0.8427 0.1454 0.5184
vn 0.9134 0.1453 0.3803
vn 0.9619 0.1451 0.2319
vn 0.9864 0.1449 0.0774
vn 0.0782 0.0526 0.9956
vn 0.0781 0.0526 0.9956
vn 0.2341 0.0527 0.9708
vn 0.3838 0.0527 0.9219
vn 0.5232 0.0528 0.8506
vn 0.6491 0.0528 0.7589
vn 0.7589 0.0528 0.6491
vn 0.8506 0.0528 0.5232
vn 0.9219 0.0527 0.3838
vn 0.9708 0.0527 0.2341
vn 0.9956 0.0526 0.0782
vn 0.9956 0.0526 0.0781
vn 0.9911 -0.1081 -0.0778
vn 0.9664 -0.1083 -0.2330
vn 0.9177 -0.1084 -0.3821
vn 0.8467 -0.1085 -0.5209
vn 0.7555 -0.1086 -0.6461
vn 0.6461 -0.1086 -0.7555
vn 0.5209 -0.1085 -0.8467
vn 0.3821 -0.1084 -0.9177
vn 0.2330 -0.1083 -0.9664
vn 0.0778 -0.1081 -0.9911
vn 0.9471 -0.3122 -0.0743
vn 0.9234 -0.3125 -0.2226
vn 0.8768 -0.3129 -0.3651
vn 0.8089 -0.3132 -0.4976
vn 0.7217 -0.3134 -0.6172
vn 0.6172 -0.3134 -0.7217
vn 0.4976 -0.3132 -0.8089
vn 0.3651 -0.3129 -0.8768
vn 0.2226 -0.3125 -0.9234
vn 0.0743 -0.3122 -0.9471
vn 0.8758 -0.4777 -0.0688
vn 0.8538 -0.4781 -0.2059
vn 0.8106 -0.4786 -0.3375
vn 0.7477 -0.4790 -0.4599
vn 0.6670 -0.4792 -0.5705
vn 0.5705 -0.4792 -0.6670
vn 0.4599 -0.4790 -0.7477
vn 0.3375 -0.4786 -0.8106
vn 0.2059 -0.4781 -0.8538
vn 0.0688 -0.4777 -0.8758
vn 0.7980 -0.5994 -0.0626
vn 0.7778 -0.5999 -0.1875
vn 0.7383 -0.6004 -0.3074
vn 0.6809 -0.6008 -0.4188
vn 0.6809 -0.6008 -0.4189
vn 0.6074 -0.6010 -0.5195
vn 0.5195 -0.6010 -0.6074
vn 0.4189 -0.6008 -0.6809
vn 0.4188 -0.6008 -0.6809
vn 0.3074 -0.6004 -0.7383
vn 0.1875 -0.5999 -0.7778
vn 0.0626 -0.5994 -0.7980
vn 0.7279 -0.6833 -0.0571
vn 0.7094 -0.6837 -0.1710
vn 0.6732 -0.6842 -0.2803
vn 0.6208 -0.6846 -0.3819
vn 0.5538 -0.6848 -0.4736
vn 0.4736 -0.6848 -0.5538
vn 0.3819 -0.6846 -0.6208
vn 0.2803 -0.6842 -0.6732
vn 0.1710 -0.6837 -0.7094
vn 0.0571 -0.6833 -0.7279
vn 0.6734 -0.7374 -0.0529
vn 0.6562 -0.7378 -0.1582
vn 0.6227 -0.7382 -0.2593
vn 0.5742 -0.7386 -0.3532
vn 0.5122 -0.7388 -0.4380
vn 0.4380 -0.7388 -0.5122
vn 0.3532 -0.7386 -0.5742
vn 0.2593 -0.7382 -0.6227
vn 0.1582 -0.7378 -0.6562
vn 0.0529 -0.7374 -0.6734
vn 0.6401 -0.7666 -0.0502
vn 0.6238 -0.7670 -0.1504
vn 0.5919 -0.7674 -0.2464
vn 0.5457 -0.7678 -0.3357
vn 0.4868 -0.7680 -0.4163
vn 0.4163 -0.7680 -0.4868
vn 0.3357 -0.7678 -0.5457
vn 0.2464 -0.7674 -0.5919
vn 0.1504 -0.7670 -0.6238
vn 0.0502 -0.7666 -0.6401
vn 0.6374 -0.7689 -0.0500
vn 0.6212 -0.7692 -0.1498
vn 0.6211 -0.7693 -0.1498
vn 0.5894 -0.7697 -0.2454
vn 0.5435 -0.7700 -0.3343
vn 0.5434 -0.7700 -0.3343
vn 0.4847 -0.7702 -0.4146
vn 0.4146 -0.7702 -0.4847
vn 0.3343 -0.7700 -0.5434
vn 0.3343 -0.7700 -0.5435
vn 0.2454 -0.7697 -0.5894
vn 0.1498 -0.7693 -0.6211
vn 0.1498 -0.7692 -0.6212
vn 0.0500 -0.7689 -0.6374
vn 0.6920 -0.7199 -0.0543
vn 0.6743 -0.7203 -0.1626
vn 0.6744 -0.7203 -0.1626
vn 0.6399 -0.7208 -0.2664
vn 0.5901 -0.7211 -0.3630
vn 0.5263 -0.7213 -0.4502
vn 0.4502 -0.7213 -0.5263
vn 0.3630 -0.7211 -0.5901
vn 0.2664 -0.7208 -0.6399
vn 0.1626 -0.7203 -0.6744
vn 0.1626 -0.7203 -0.6743
vn 0.0543 -0.7199 -0.6920
vn 0.8861 -0.4582 -0.0696
vn 0.8639 -0.4586 -0.2083
vn 0.8201 -0.4591 -0.3415
vn 0.7565 -0.4595 -0.4654
vn 0.6749 -0.4597 -0.5772
vn 0.5772 -0.4597 -0.6749
vn 0.4654 -0.4595 -0.7565
vn 0.3415 -0.4591 -0.8201
vn 0.2083 -0.4586 -0.8639
vn 0.0696 -0.4582 -0.8861
vn -0.0778 -0.1081 -0.9911
vn -0.2330 -0.1083 -0.9664
vn -0.3821 -0.1084 -0.9177
vn -0.5209 -0.1085 -0.8467
vn -0.6461 -0.1086 -0.7555
vn -0.7555 -0.1086 -0.6461
vn -0.8467 -0.1085 -0.5209
vn -0.9177 -0.1084 -0.3821
vn -0.9664 -0.1083 -0.2330
vn -0.9911 -0.1081 -0.0778
vn -0.0743 -0.3122 -0.9471
vn -0.2226 -0.3125 -0.9234
vn -0.3651 -0.3129 -0.8768
vn -0.4976 -0.3132 -0.8089
vn -0.6172 -0.3134 -0.7217
vn -0.7217 -0.3134 -0.6172
vn -0.8089 -0.3132 -0.4976
vn -0.8768 -0.3129 -0.3651
vn -0.9234 -0.3125 -0.2226
vn -0.9471 -0.3122 -0.0743
vn -0.0688 -0.4777 -0.8758
vn -0.2059 -0.4781 -0.8538
vn -0.3375 -0.4786 -0.8106
vn -0.4599 -0.4790 -0.7477
vn -0.5705 -0.4792 -0.6670
vn -0.6670 -0.4792 -0.5705
vn -0.7477 -0.4790 -0.4599
vn -0.8106 -0.4786 -0.3375
vn -0.8538 -0.4781 -0.2059
vn -0.8758 -0.4777 -0.0688
vn -0.0626 -0.5994 -0.7980
vn -0.1875 -0.5999 -0.7778
vn -0.3074 -0.6004 -0.7383
vn -0.4188 -0.6008 -0.6809
vn -0.4189 -0.6008 -0.6809
vn -0.5195 -0.6010 -0.6074
vn -0.6074 -0.6010 -0.5195
vn -0.6809 -0.6008 -0.4189
vn -0.7383 -0.6004 -0.3074
vn -0.7778 -0.5999 -0.1875
vn -0.7980 -0.5994 -0.0626
vn -0.0571 -0.6833 -0.7279
vn -0.1710 -0.6837 -0.7094
vn -0.2803 -0.6842 -0.6732
vn -0.3819 -0.6846 -0.6208
vn -0.4736 -0.6848 -0.5538
vn -0.5538 -0.6848 -0.4736
vn -0.6208 -0.6846 -0.3819
vn -0.6732 -0.6842 -0.2803
vn -0.7094 -0.6837 -0.1710
vn -0.7279 -0.6833 -0.0571
vn -0.0529 -0.7374 -0.6734
vn -0.1582 -0.7378 -0.6562
vn -0.2593 -0.7382 -0.6227
vn -0.3532 -0.7386 -0.5742
vn -0.4380 -0.7388 -0.5122
vn -0.5122 -0.7388 -0.4380
vn -0.5742 -0.7386 -0.3532
vn -0.6227 -0.7382 -0.2593
vn -0.6562 -0.7378 -0.1582
vn -0.6734 -0.7374 -0.0529
vn -0.0502 -0.7666 -0.6401
vn -0.1504 -0.7670 -0.6238
vn -0.2464 -0.7674 -0.5919
vn -0.3357 -0.7678 -0.5457
vn -0.4163 -0.7680 -0.4868
vn -0.4868 -0.7680 -0.4163
vn -0.5457 -0.7678 -0.3357
vn -0.5919 -0.7674 -0.2464
vn -0.6238 -0.7670 -0.1504
vn -0.6401 -0.7666 -0.0502
vn -0.0500 -0.7689 -0.6374
vn -0.1498 -0.7692 -0.6212
vn -0.1498 -0.7693 -0.6211
vn -0.2454 -0.7697 -0.5894
vn -0.3343 -0.7700 -0.5434
vn -0.4146 -0.7702 -0.4847
vn -0.4847 -0.7702 -0.4146
vn -0.5434 -0.7700 -0.3343
vn -0.5894 -0.7697 -0.2454
vn -0.6211 -0.7693 -0.1498
vn -0.6212 -0.7692 -0.1498
vn -0.6374 -0.7689 -0.0500
vn -0.0543 -0.7199 -0.6920
vn -0.1626 -0.7203 -0.6743
vn -0.1626 -0.7203 -0.6744
vn -0.2664 -0.7208 -0.6399
vn -0.3630 -0.7211 -0.5901
vn -0.4502 -0.7213 -0.5263
vn -0.5263 -0.7213 -0.4502
vn -0.5901 -0.7211 -0.3630
vn -0.6399 -0.7208 -0.2664
vn -0.6744 -0.7203 -0.1626
vn -0.6743 -0.7203 -0.1626
vn -0.6920 -0.7199 -0.0543
vn -0.0696 -0.4582 -0.8861
vn -0.2083 -0.4586 -0.8639
vn -0.3415 -0.4591 -0.8201
vn -0.4654 -0.4595 -0.7565
vn -0.5772 -0.4597 -0.6749
vn -0.6749 -0.4597 -0.5772
vn -0.7565 -0.4595 -0.4654
vn -0.8201 -0.4591 -0.3415
vn -0.8639 -0.4586 -0.2083
vn -0.8861 -0.4582 -0.0696
vn -0.9911 -0.1081 0.0778
vn -0.9664 -0.1083 0.2330
vn -0.9177 -0.1084 0.3821
vn -0.8467 -0.1085 0.5209
vn -0.7555 -0.1086 0.6461
vn -0.6461 -0.1086 0.7555
vn -0.5209 -0.1085 0.8467
vn -0.3821 -0.1084 0.9177
vn -0.2330 -0.1083 0.9664
vn -0.0778 -0.1081 0.9911
vn -0.9471 -0.3122 0.0743
vn -0.9234 -0.3125 0.2226
vn -0.8768 -0.3129 0.3651
vn -0.8089 -0.3132 0.4976
vn -0.7217 -0.3134 0.6172
vn -0.6172 -0.3134 0.7217
vn -0.4976 -0.3132 0.8089
vn -0.3651 -0.3129 0.8768
vn -0.2226 -0.3125 0.9234
vn -0.0743 -0.3122 0.9471
vn -0.8758 -0.4777 0.0688
vn -0.8538 -0.4781 0.2059
vn -0.8106 -0.4786 0.3375
vn -0.7477 -0.4790 0.4599
vn -0.6670 -0.4792 0.5705
vn -0.5705 -0.4792 0.6670
vn -0.4599 -0.4790 0.7477
vn -0.3375 -0.4786 0.8106
vn -0.2059 -0.4781 0.8538
vn -0.0688 -0.4777 0.8758
vn -0.7980 -0.5994 0.0626
vn -0.7778 -0.5999 0.1875
vn -0.7383 -0.6004 0.3074
vn -0.6809 -0.6008 0.4188
vn -0.6809 -0.6008 0.4189
vn -0.6074 -0.6010 0.5195
vn -0.5195 -0.6010 0.6074
vn -0.4189 -0.6008 0.6809
vn -0.4188 -0.6008 0.6809
vn -0.3074 -0.6004 0.7383
vn -0.1875 -0.5999 0.7778
vn -0.0626 -0.5994 0.7980
vn -0.7279 -0.6833 0.0571
vn -0.7094 -0.6837 0.1710
vn -0.6732 -0.6842 0.2803
vn -0.6208 -0.6846 0.3819
vn -0.5538 -0.6848 0.4736
vn -0.4736 -0.6848 0.5538
vn -0.3819 -0.6846 0.6208
vn -0.2803 -0.6842 0.6732
vn -0.1710 -0.6837 0.7094
vn -0.0571 -0.6833 0.7279
vn -0.6734 -0.7374 0.0529
vn -0.6562 -0.7378 0.1582
vn -0.6227 -0.7382 0.2593
vn -0.5742 -0.7386 0.3532
vn -0.5122 -0.7388 0.4380
vn -0.4380 -0.7388 0.5122
vn -0.3532 -0.7386 0.5742
vn -0.2593 -0.7382 0.6227
vn -0.1582 -0.7378 0.6562
vn -0.0529 -0.7374 0.6734
vn -0.6401 -0.7666 0.0502
vn -0.6238 -0.7670 0.1504
vn -0.5919 -0.7674 0.2464
vn -0.5457 -0.7678 0.3357
vn -0.4868 -0.7680 0.4163
vn -0.4163 -0.7680 0.4868
vn -0.3357 -0.7678 0.5457
vn -0.2464 -0.7674 0.5919
vn -0.1504 -0.7670 0.6238
vn -0.0502 -0.7666 0.6401
vn -0.6374 -0.7689 0.0500
vn -0.6212 -0.7692 0.1498
vn -0.6211 -0.7693 0.1498
vn -0.5894 -0.7697 0.2454
vn -0.5435 -0.7700 0.3343
vn -0.5434 -0.7700 0.3343
vn -0.4847 -0.7702 0.4146
vn -0.4146 -0.7702 0.4847
vn -0.3343 -0.7700 0.5434
vn -0.3343 -0.7700 0.5435
vn -0.2454 -0.7697 0.5894
vn -0.1498 -0.7693 0.6211
vn -0.1498 -0.7692 0.6212
vn -0.0500 -0.7689 0.6374
vn -0.6920 -0.7199 0.0543
vn -0.6743 -0.7203 0.1626
vn -0.6744 -0.7203 0.1626
vn -0.6399 -0.7208 0.2664
vn -0.5901 -0.7211 0.3630
vn -0.5263 -0.7213 0.4502
vn -0.4502 -0.7213 0.5263
vn -0.3630 -0.7211 0.5901
vn -0.2664 -0.7208 0.6399
vn -0.1626 -0.7203 0.6744
vn -0.1626 -0.7203 0.6743
vn -0.0543 -0.7199 0.6920
vn -0.8861 -0.4582 0.0696
vn -0.8639 -0.4586 0.2083
vn -0.8201 -0.4591 0.3415
vn -0.7565 -0.4595 0.4654
vn -0.6749 -0.4597 0.5772
vn -0.5772 -0.4597 0.6749
vn -0.4654 -0.4595 0.7565
vn -0.3415 -0.4591 0.8201
vn -0.2083 -0.4586 0.8639
vn -0.0696 -0.4582 0.8861
vn 0.0778 -0.1081 0.9911
vn 0.2330 -0.1083 0.9664
vn 0.3821 -0.1084 0.9177
vn 0.5209 -0.1085 0.8467
vn 0.6461 -0.1086 0.7555
vn 0.7555 -0.1086 0.6461
vn 0.8467 -0.1085 0.5209
vn 0.9177 -0.1084 0.3821
vn 0.9664 -0.1083 0.2330
vn 0.9911 -0.1081 0.0778
vn 0.0743 -0.3122 0.9471
vn 0.2226 -0.3125 0.9234
vn 0.3651 -0.3129 0.8768
vn 0.4976 -0.3132 0.8089
vn 0.6172 -0.3134 0.7217
vn 0.7217 -0.3134 0.6172
vn 0.8089 -0.3132 0.4976
vn 0.8768 -0.3129 0.3651
vn 0.9234 -0.3125 0.2226
vn 0.9471 -0.3122 0.0743
vn 0.0688 -0.4777 0.8758
vn 0.2059 -0.4781 0.8538
vn 0.3375 -0.4786 0.8106
vn 0.4599 -0.4790 0.7477
vn 0.5705 -0.4792 0.6670
vn 0.6670 -0.4792 0.5705
vn 0.7477 -0.4790 0.4599
vn 0.8106 -0.4786 0.3375
vn 0.8538 -0.4781 0.2059
vn 0.8758 -0.4777 0.0688
vn 0.0626 -0.5994 0.7980
vn 0.1875 -0.5999 0.7778
vn 0.3074 -0.6004 0.7383
vn 0.4188 -0.6008 0.6809
vn 0.4189 -0.6008 0.6809
vn 0.5195 -0.6010 0.6074
vn 0.6074 -0.6010 0.5195
vn 0.6809 -0.6008 0.4189
vn 0.7383 -0.6004 0.3074
vn 0.7778 -0.5999 0.1875
vn 0.7980 -0.5994 0.0626
vn 0.0571 -0.6833 0.7279
vn 0.1710 -0.6837 0.7094
vn 0.2803 -0.6842 0.6732
vn 0.3819 -0.6846 0.6208
vn 0.4736 -0.6848 0.5538
vn 0.5538 -0.6848 0.4736
vn 0.6208 -0.6846 0.3819
vn 0.6732 -0.6842 0.2803
vn 0.7094 -0.6837 0.1710
vn 0.7279 -0.6833 0.0571
vn 0.0529 -0.7374 0.6734
vn 0.1582 -0.7378 0.6562
vn 0.2593 -0.7382 0.6227
vn 0.3532 -0.7386 0.5742
vn 0.4380 -0.7388 0.5122
vn 0.5122 -0.7388 0.4380
vn 0.5742 -0.7386 0.3532
vn 0.6227 -0.7382 0.2593
vn 0.6562 -0.7378 0.1582
vn 0.6734 -0.7374 0.0529
vn 0.0502 -0.7666 0.6401
vn 0.1504 -0.7670 0.6238
vn 0.2464 -0.7674 0.5919
vn 0.3357 -0.7678 0.5457
vn 0.4163 -0.7680 0.4868
vn 0.4868 -0.7680 0.4163
vn 0.5457 -0.7678 0.3357
vn 0.5919 -0.7674 0.2464
vn 0.6238 -0.7670 0.1504
vn 0.6401 -0.7666 0.0502
vn 0.0500 -0.7689 0.6374
vn 0.1498 -0.7692 0.6212
vn 0.1498 -0.7693 0.6211
vn 0.2454 -0.7697 0.5894
vn 0.3343 -0.7700 0.5434
vn 0.4146 -0.7702 0.4847
vn 0.4847 -0.7702 0.4146
vn 0.5434 -0.7700 0.3343
vn 0.5894 -0.7697 0.2454
vn 0.6211 -0.7693 0.1498
vn 0.6212 -0.7692 0.1498
vn 0.6374 -0.7689 0.0500
vn 0.0543 -0.7199 0.6920
vn 0.1626 -0.7203 0.6743
vn 0.1626 -0.7203 0.6744
vn 0.2664 -0.7208 0.6399
vn 0.3630 -0.7211 0.5901
vn 0.4502 -0.7213 0.5263
vn 0.5263 -0.7213 0.4502
vn 0.5901 -0.7211 0.3630
vn 0.6399 -0.7208 0.2664
vn 0.6744 -0.7203 0.1626
vn 0.6743 -0.7203 0.1626
vn 0.6920 -0.7199 0.0543
vn 0.0696 -0.4582 0.8861
vn 0.2083 -0.4586 0.8639
vn 0.3415 -0.4591 0.8201
vn 0.4654 -0.4595 0.7565
vn 0.5772 -0.4597 0.6749
vn 0.6749 -0.4597 0.5772
vn 0.7565 -0.4595 0.4654
vn 0.8201 -0.4591 0.3415
vn 0.8639 -0.4586 0.2083
vn 0.8861 -0.4582 0.0696
vn 0.0011 -0.9970 -0.0775
vn 0.0011 -0.9651 -0.2618
vn 0.0011 -0.9652 -0.2617
vn 0.0011 -0.8726 -0.4884
vn 0.0010 -0.8727 -0.4882
vn 0.0009 -0.6618 -0.7496
vn 0.0008 -0.6620 -0.7495
vn 0.0004 -0.2611 -0.9653
vn 0.0003 -0.2612 -0.9653
vn -0.0004 0.2611 -0.9653
vn -0.0004 0.2612 -0.9653
vn -0.0010 0.6619 -0.7496
vn -0.0010 0.6620 -0.7495
vn -0.0013 0.8726 -0.4883
vn -0.0013 0.8727 -0.4882
vn -0.0015 0.9651 -0.2618
vn -0.0015 0.9652 -0.2617
vn -0.0016 0.9970 -0.0775
vn 0.0088 -0.9970 -0.0774
vn 0.0086 -0.9970 -0.0771
vn 0.0088 -0.9652 -0.2615
vn 0.0085 -0.9654 -0.2605
vn 0.0084 -0.8728 -0.4879
vn 0.0080 -0.8737 -0.4865
vn 0.0068 -0.6622 -0.7493
vn 0.0064 -0.6637 -0.7480
vn 0.0028 -0.2613 -0.9652
vn 0.0027 -0.2622 -0.9650
vn -0.0030 0.2613 -0.9652
vn -0.0028 0.2622 -0.9650
vn -0.0078 0.6623 -0.7492
vn -0.0075 0.6635 -0.7481
vn -0.0105 0.8728 -0.4879
vn -0.0103 0.8735 -0.4867
vn -0.0119 0.9651 -0.2615
vn -0.0116 0.9653 -0.2607
vn -0.0123 0.9969 -0.0774
vn -0.0122 0.9969 -0.0772
vn 0.0266 -0.9966 -0.0774
vn 0.0261 -0.9967 -0.0765
vn 0.0269 -0.9648 -0.2616
vn 0.0257 -0.9656 -0.2587
vn 0.0257 -0.8723 -0.4882
vn 0.0244 -0.8748 -0.4839
vn 0.0207 -0.6615 -0.7496
vn 0.0196 -0.6658 -0.7459
vn 0.0086 -0.2608 -0.9654
vn 0.0082 -0.2635 -0.9646
vn -0.0090 0.2607 -0.9654
vn -0.0087 0.2633 -0.9647
vn -0.0238 0.6610 -0.7500
vn -0.0230 0.6647 -0.7468
vn -0.0323 0.8718 -0.4888
vn -0.0315 0.8737 -0.4854
vn -0.0364 0.9643 -0.2621
vn -0.0358 0.9650 -0.2600
vn -0.0379 0.9963 -0.0776
vn -0.0376 0.9963 -0.0769
vn 0.0588 -0.9952 -0.0777
vn 0.0578 -0.9954 -0.0759
vn 0.0595 -0.9630 -0.2628
vn 0.0570 -0.9648 -0.2568
vn 0.0570 -0.8695 -0.4906
vn 0.0541 -0.8748 -0.4815
vn 0.0458 -0.6573 -0.7522
vn 0.0437 -0.6664 -0.7443
vn 0.0190 -0.2580 -0.9660
vn 0.0184 -0.2636 -0.9645
vn -0.0200 0.2575 -0.9661
vn -0.0194 0.2628 -0.9646
vn -0.0529 0.6549 -0.7538
vn -0.0514 0.6627 -0.7471
vn -0.0721 0.8667 -0.4936
vn -0.0704 0.8709 -0.4864
vn -0.0815 0.9607 -0.2654
vn -0.0801 0.9620 -0.2609
vn -0.0848 0.9933 -0.0787
vn -0.0843 0.9934 -0.0773
vn 0.1126 -0.9905 -0.0787
vn 0.1107 -0.9910 -0.0756
vn 0.1139 -0.9571 -0.2666
vn 0.1092 -0.9605 -0.2561
vn 0.1088 -0.8607 -0.4973
vn 0.1036 -0.8704 -0.4813
vn 0.0869 -0.6452 -0.7590
vn 0.0836 -0.6614 -0.7454
vn 0.0358 -0.2504 -0.9675
vn 0.0351 -0.2602 -0.9649
vn -0.0375 0.2491 -0.9678
vn -0.0369 0.2583 -0.9654
vn -0.1003 0.6384 -0.7632
vn -0.0982 0.6521 -0.7518
vn -0.1380 0.8519 -0.5051
vn -0.1350 0.8597 -0.4927
vn -0.1568 0.9491 -0.2733
vn -0.1542 0.9517 -0.2656
vn -0.1636 0.9832 -0.0812
vn -0.1625 0.9836 -0.0789
vn 0.1999 -0.9765 -0.0811
vn 0.1964 -0.9775 -0.0763
vn 0.2017 -0.9401 -0.2750
vn 0.1937 -0.9463 -0.2588
vn 0.1913 -0.8377 -0.5116
vn 0.1832 -0.8540 -0.4869
vn 0.1504 -0.6168 -0.7726
vn 0.1467 -0.6424 -0.7522
vn 0.0607 -0.2342 -0.9703
vn 0.0607 -0.2488 -0.9667
vn -0.0633 0.2315 -0.9708
vn -0.0635 0.2450 -0.9674
vn -0.1718 0.6014 -0.7803
vn -0.1703 0.6225 -0.7638
vn -0.2406 0.8153 -0.5267
vn -0.2366 0.8281 -0.5082
vn -0.2761 0.9168 -0.2885
vn -0.2720 0.9217 -0.2767
vn -0.2892 0.9534 -0.0861
vn -0.2874 0.9543 -0.0826
vn 0.3397 -0.9366 -0.0859
vn 0.3342 -0.9392 -0.0792
vn 0.3404 -0.8941 -0.2911
vn 0.3284 -0.9055 -0.2686
vn 0.3172 -0.7817 -0.5370
vn 0.3073 -0.8073 -0.5038
vn 0.2419 -0.5572 -0.7944
vn 0.2405 -0.5927 -0.7687
vn 0.0945 -0.2043 -0.9743
vn 0.0966 -0.2225 -0.9701
vn -0.0978 0.2000 -0.9749
vn -0.1001 0.2164 -0.9712
vn -0.2705 0.5288 -0.8045
vn -0.2722 0.5566 -0.7850
vn -0.3877 0.7330 -0.5588
vn -0.3846 0.7519 -0.5354
vn -0.4516 0.8360 -0.3117
vn -0.4466 0.8443 -0.2962
vn -0.4760 0.8745 -0.0937
vn -0.4734 0.8763 -0.0890
vn 0.5526 -0.8281 -0.0939
vn 0.5456 -0.8336 -0.0858
vn 0.5447 -0.7767 -0.3161
vn 0.5313 -0.7962 -0.2895
vn 0.4916 -0.6565 -0.5722
vn 0.4849 -0.6914 -0.5356
vn 0.3582 -0.4463 -0.8201
vn 0.3637 -0.4857 -0.7948
vn 0.1344 -0.1568 -0.9784
vn 0.1398 -0.1742 -0.9747
vn -0.1374 0.1514 -0.9789
vn -0.1429 0.1667 -0.9756
vn -0.3862 0.4062 -0.8282
vn -0.3940 0.4342 -0.8101
vn -0.5655 0.5745 -0.5918
vn -0.5670 0.5963 -0.5683
vn -0.6680 0.6639 -0.3362
vn -0.6647 0.6753 -0.3197
vn -0.7083 0.6985 -0.1019
vn -0.7059 0.7016 -0.0967
vn 0.8116 -0.5752 -0.1024
vn 0.8067 -0.5832 -0.0951
vn 0.7800 -0.5254 -0.3398
vn 0.7737 -0.5483 -0.3174
vn 0.6768 -0.4263 -0.6002
vn 0.6802 -0.4582 -0.5722
vn 0.4724 -0.2771 -0.8367
vn 0.4851 -0.3055 -0.8193
vn 0.1717 -0.0941 -0.9807
vn 0.1788 -0.1049 -0.9783
vn -0.1734 0.0896 -0.9808
vn -0.1802 0.0988 -0.9787
vn -0.4881 0.2404 -0.8390
vn -0.4998 0.2583 -0.8267
vn -0.7181 0.3412 -0.6065
vn -0.7246 0.3569 -0.5896
vn -0.8506 0.3951 -0.3470
vn -0.8511 0.4045 -0.3346
vn -0.9031 0.4162 -0.1055
vn -0.9022 0.4191 -0.1014
vn 0.9769 -0.1868 -0.1042
vn 0.9764 -0.1906 -0.1013
vn 0.9241 -0.1678 -0.3433
vn 0.9255 -0.1770 -0.3349
vn 0.7873 -0.1335 -0.6020
vn 0.7929 -0.1440 -0.5921
vn 0.5416 -0.0854 -0.8363
vn 0.5495 -0.0932 -0.8303
vn 0.1949 -0.0287 -0.9804
vn 0.1986 -0.0313 -0.9796
vn -0.1953 0.0270 -0.9804
vn -0.1986 0.0292 -0.9796
vn -0.5442 0.0717 -0.8359
vn -0.5503 0.0762 -0.8315
vn -0.7928 0.1007 -0.6011
vn -0.7969 0.1050 -0.5950
vn -0.9324 0.1156 -0.3425
vn -0.9337 0.1185 -0.3379
vn -0.9872 0.1214 -0.1039
vn -0.9872 0.1224 -0.1024
vn -0.0016 0.9970 0.0775
vn -0.0015 0.9651 0.2618
vn -0.0015 0.9652 0.2617
vn -0.0013 0.8726 0.4884
vn -0.0013 0.8727 0.4882
vn -0.0010 0.6619 0.7496
vn -0.0010 0.6620 0.7495
vn -0.0004 0.2611 0.9653
vn -0.0004 0.2612 0.9653
vn 0.0003 -0.2610 0.9653
vn 0.0004 -0.2612 0.9653
vn 0.0008 -0.6618 0.7497
vn 0.0009 -0.6620 0.7495
vn 0.0010 -0.8726 0.4884
vn 0.0011 -0.8727 0.4882
vn 0.0011 -0.9651 0.2618
vn 0.0011 -0.9652 0.2617
vn 0.0011 -0.9970 0.0775
vn -0.0122 0.9969 0.0774
vn -0.0123 0.9969 0.0772
vn -0.0116 0.9651 0.2615
vn -0.0119 0.9653 0.2607
vn -0.0102 0.8728 0.4879
vn -0.0105 0.8735 0.4867
vn -0.0075 0.6623 0.7492
vn -0.0078 0.6635 0.7481
vn -0.0028 0.2613 0.9652
vn -0.0030 0.2622 0.9650
vn 0.0027 -0.2613 0.9652
vn 0.0028 -0.2622 0.9650
vn 0.0064 -0.6622 0.7493
vn 0.0068 -0.6636 0.7480
vn 0.0080 -0.8728 0.4880
vn 0.0085 -0.8736 0.4865
vn 0.0085 -0.9652 0.2615
vn 0.0088 -0.9654 0.2605
vn 0.0086 -0.9970 0.0774
vn 0.0088 -0.9970 0.0771
vn -0.0376 0.9963 0.0776
vn -0.0379 0.9963 0.0770
vn -0.0358 0.9644 0.2621
vn -0.0364 0.9649 0.2600
vn -0.0314 0.8719 0.4888
vn -0.0324 0.8736 0.4856
vn -0.0229 0.6612 0.7499
vn -0.0239 0.6644 0.7470
vn -0.0086 0.2608 0.9654
vn -0.0091 0.2630 0.9647
vn 0.0082 -0.2609 0.9653
vn 0.0087 -0.2633 0.9647
vn 0.0195 -0.6617 0.7495
vn 0.0208 -0.6654 0.7462
vn 0.0243 -0.8725 0.4881
vn 0.0258 -0.8746 0.4842
vn 0.0257 -0.9648 0.2616
vn 0.0269 -0.9655 0.2588
vn 0.0261 -0.9967 0.0774
vn 0.0266 -0.9967 0.0765
vn -0.0843 0.9933 0.0786
vn -0.0848 0.9934 0.0773
vn -0.0800 0.9609 0.2652
vn -0.0816 0.9618 0.2611
vn -0.0701 0.8671 0.4932
vn -0.0725 0.8704 0.4870
vn -0.0509 0.6556 0.7534
vn -0.0535 0.6617 0.7478
vn -0.0190 0.2580 0.9660
vn -0.0203 0.2621 0.9648
vn 0.0180 -0.2585 0.9658
vn 0.0194 -0.2628 0.9646
vn 0.0431 -0.6582 0.7516
vn 0.0464 -0.6651 0.7453
vn 0.0538 -0.8701 0.4900
vn 0.0573 -0.8740 0.4825
vn 0.0570 -0.9632 0.2625
vn 0.0596 -0.9645 0.2573
vn 0.0578 -0.9953 0.0777
vn 0.0589 -0.9954 0.0759
vn -0.1625 0.9834 0.0812
vn -0.1636 0.9834 0.0789
vn -0.1539 0.9497 0.2729
vn -0.1571 0.9510 0.2662
vn -0.1340 0.8532 0.5041
vn -0.1390 0.8582 0.4941
vn -0.0964 0.6403 0.7620
vn -0.1020 0.6496 0.7534
vn -0.0358 0.2504 0.9675
vn -0.0386 0.2566 0.9657
vn 0.0339 -0.2518 0.9672
vn 0.0369 -0.2583 0.9654
vn 0.0819 -0.6478 0.7574
vn 0.0887 -0.6582 0.7476
vn 0.1027 -0.8624 0.4956
vn 0.1098 -0.8684 0.4836
vn 0.1089 -0.9579 0.2657
vn 0.1142 -0.9596 0.2572
vn 0.1106 -0.9907 0.0786
vn 0.1127 -0.9907 0.0757
vn -0.2873 0.9540 0.0860
vn -0.2893 0.9537 0.0827
vn -0.2711 0.9186 0.2877
vn -0.2770 0.9198 0.2778
vn -0.2339 0.8185 0.5248
vn -0.2433 0.8246 0.5107
vn -0.1657 0.6058 0.7782
vn -0.1764 0.6173 0.7667
vn -0.0607 0.2342 0.9703
vn -0.0661 0.2417 0.9681
vn 0.0578 -0.2371 0.9698
vn 0.0635 -0.2450 0.9674
vn 0.1421 -0.6226 0.7695
vn 0.1549 -0.6355 0.7564
vn 0.1807 -0.8421 0.5082
vn 0.1939 -0.8491 0.4913
vn 0.1929 -0.9424 0.2733
vn 0.2025 -0.9439 0.2609
vn 0.1963 -0.9772 0.0809
vn 0.2000 -0.9768 0.0765
vn -0.4732 0.8760 0.0936
vn -0.4762 0.8748 0.0892
vn -0.4444 0.8403 0.3105
vn -0.4537 0.8399 0.2977
vn -0.3785 0.7399 0.5562
vn -0.3938 0.7446 0.5389
vn -0.2625 0.5369 0.8018
vn -0.2800 0.5473 0.7887
vn -0.0945 0.2043 0.9743
vn -0.1032 0.2111 0.9720
vn 0.0908 -0.2092 0.9736
vn 0.1001 -0.2164 0.9712
vn 0.2305 -0.5681 0.7900
vn 0.2518 -0.5800 0.7747
vn 0.3013 -0.7915 0.5317
vn 0.3233 -0.7967 0.5106
vn 0.3265 -0.9002 0.2883
vn 0.3424 -0.8993 0.2720
vn 0.3340 -0.9387 0.0856
vn 0.3399 -0.9371 0.0796
vn -0.7056 0.7013 0.1018
vn -0.7087 0.6989 0.0969
vn -0.6609 0.6714 0.3353
vn -0.6717 0.6676 0.3211
vn -0.5565 0.5853 0.5897
vn -0.5757 0.5849 0.5714
vn -0.3786 0.4172 0.8262
vn -0.4010 0.4217 0.8133
vn -0.1344 0.1568 0.9784
vn -0.1454 0.1603 0.9763
vn 0.1309 -0.1630 0.9779
vn 0.1429 -0.1667 0.9756
vn 0.3464 -0.4626 0.8161
vn 0.3749 -0.4671 0.8008
vn 0.4732 -0.6747 0.5665
vn 0.5032 -0.6720 0.5433
vn 0.5272 -0.7900 0.3128
vn 0.5489 -0.7826 0.2938
vn 0.5452 -0.8331 0.0935
vn 0.5530 -0.8287 0.0864
vn -0.9019 0.4190 0.1054
vn -0.9035 0.4164 0.1015
vn -0.8471 0.4026 0.3468
vn -0.8544 0.3969 0.3352
vn -0.7135 0.3515 0.6061
vn -0.7286 0.3462 0.5910
vn -0.4840 0.2501 0.8385
vn -0.5029 0.2477 0.8281
vn -0.1717 0.0941 0.9807
vn -0.1813 0.0937 0.9790
vn 0.1696 -0.0995 0.9805
vn 0.1802 -0.0988 0.9787
vn 0.4653 -0.2931 0.8352
vn 0.4908 -0.2878 0.8224
vn 0.6649 -0.4479 0.5977
vn 0.6912 -0.4353 0.5768
vn 0.7678 -0.5442 0.3381
vn 0.7857 -0.5292 0.3203
vn 0.8061 -0.5828 0.1022
vn 0.8122 -0.5756 0.0955
vn -0.9870 0.1224 0.1039
vn -0.9873 0.1214 0.1024
vn -0.9320 0.1183 0.3425
vn -0.9340 0.1158 0.3380
vn -0.7922 0.1044 0.6012
vn -0.7972 0.1012 0.5952
vn -0.5436 0.0752 0.8360
vn -0.5504 0.0725 0.8317
vn -0.1949 0.0287 0.9804
vn -0.1986 0.0275 0.9797
vn 0.1945 -0.0307 0.9804
vn 0.1986 -0.0292 0.9796
vn 0.5404 -0.0916 0.8364
vn 0.5498 -0.0866 0.8308
vn 0.7856 -0.1426 0.6021
vn 0.7940 -0.1346 0.5928
vn 0.9225 -0.1764 0.3434
vn 0.9269 -0.1683 0.3355
vn 0.9761 -0.1905 0.1042
vn 0.9771 -0.1869 0.1013
vn 0.9913 0.0818 -0.1028
vn 0.9913 0.0819 -0.1030
vn 0.9375 0.0769 -0.3393
vn 0.9373 0.0773 -0.3398
vn 0.7996 0.0651 -0.5970
vn 0.7991 0.0655 -0.5976
vn 0.5513 0.0445 -0.8331
vn 0.5508 0.0448 -0.8335
vn 0.1986 0.0159 -0.9799
vn 0.1984 0.0160 -0.9800
vn -0.1986 -0.0158 -0.9799
vn -0.1984 -0.0159 -0.9800
vn -0.5513 -0.0437 -0.8331
vn -0.5509 -0.0439 -0.8334
vn -0.7997 -0.0632 -0.5971
vn -0.7994 -0.0634 -0.5975
vn -0.9377 -0.0740 -0.3394
vn -0.9376 -0.0741 -0.3397
vn -0.9916 -0.0782 -0.1028
vn -0.9916 -0.0782 -0.1029
vn 0.9710 0.2155 -0.1037
vn 0.9713 0.2147 -0.1027
vn 0.9170 0.2057 -0.3418
vn 0.9184 0.2038 -0.3391
vn 0.7799 0.1774 -0.6002
vn 0.7829 0.1756 -0.5969
vn 0.5359 0.1237 -0.8352
vn 0.5393 0.1227 -0.8331
vn 0.1925 0.0451 -0.9803
vn 0.1941 0.0448 -0.9800
vn -0.1924 -0.0456 -0.9803
vn -0.1939 -0.0454 -0.9800
vn -0.5350 -0.1280 -0.8351
vn -0.5377 -0.1274 -0.8334
vn -0.7777 -0.1874 -0.6001
vn -0.7798 -0.1865 -0.5976
vn -0.9134 -0.2211 -0.3417
vn -0.9143 -0.2203 -0.3399
vn -0.9666 -0.2344 -0.1036
vn -0.9668 -0.2340 -0.1030
vn 0.9397 0.3259 -0.1038
vn 0.9408 0.3237 -0.1008
vn 0.8858 0.3136 -0.3422
vn 0.8907 0.3089 -0.3335
vn 0.7513 0.2734 -0.6007
vn 0.7612 0.2695 -0.5899
vn 0.5145 0.1928 -0.8356
vn 0.5260 0.1914 -0.8287
vn 0.1842 0.0710 -0.9803
vn 0.1894 0.0710 -0.9793
vn -0.1836 -0.0726 -0.9803
vn -0.1885 -0.0727 -0.9794
vn -0.5096 -0.2057 -0.8355
vn -0.5191 -0.2052 -0.8297
vn -0.7398 -0.3033 -0.6006
vn -0.7472 -0.3016 -0.5923
vn -0.8682 -0.3594 -0.3421
vn -0.8716 -0.3573 -0.3358
vn -0.9185 -0.3816 -0.1037
vn -0.9192 -0.3805 -0.1017
vn 0.9001 0.4236 -0.1021
vn 0.9022 0.4203 -0.0969
vn 0.8477 0.4095 -0.3373
vn 0.8567 0.4032 -0.3218
vn 0.7189 0.3599 -0.5946
vn 0.7368 0.3559 -0.5749
vn 0.4926 0.2564 -0.8316
vn 0.5135 0.2571 -0.8187
vn 0.1762 0.0953 -0.9797
vn 0.1859 0.0968 -0.9778
vn -0.1749 -0.0978 -0.9797
vn -0.1839 -0.0995 -0.9779
vn -0.4813 -0.2771 -0.8316
vn -0.4988 -0.2791 -0.8205
vn -0.6930 -0.4076 -0.5947
vn -0.7066 -0.4067 -0.5791
vn -0.8085 -0.4821 -0.3374
vn -0.8149 -0.4793 -0.3258
vn -0.8533 -0.5113 -0.1022
vn -0.8547 -0.5097 -0.0983
vn 0.8522 0.5139 -0.0984
vn 0.8553 0.5100 -0.0912
vn 0.8030 0.4986 -0.3265
vn 0.8156 0.4918 -0.3047
vn 0.6837 0.4419 -0.5808
vn 0.7084 0.4399 -0.5520
vn 0.4714 0.3185 -0.8224
vn 0.5011 0.3238 -0.8025
vn 0.1693 0.1195 -0.9783
vn 0.1833 0.1238 -0.9752
vn -0.1670 -0.1226 -0.9783
vn -0.1801 -0.1271 -0.9754
vn -0.4530 -0.3438 -0.8226
vn -0.4776 -0.3506 -0.8056
vn -0.6421 -0.4998 -0.5814
vn -0.6608 -0.5015 -0.5585
vn -0.7411 -0.5863 -0.3272
vn -0.7501 -0.5838 -0.3107
vn -0.7787 -0.6196 -0.0987
vn -0.7808 -0.6177 -0.0933
vn 0.7951 0.5993 -0.0931
vn 0.7990 0.5953 -0.0844
vn 0.7507 0.5830 -0.3106
vn 0.7657 0.5771 -0.2841
vn 0.6440 0.5213 -0.5599
vn 0.6730 0.5227 -0.5233
vn 0.4497 0.3811 -0.8078
vn 0.4856 0.3930 -0.7809
vn 0.1630 0.1445 -0.9760
vn 0.1805 0.1530 -0.9716
vn -0.1598 -0.1477 -0.9760
vn -0.1761 -0.1562 -0.9719
vn -0.4249 -0.4069 -0.8086
vn -0.4541 -0.4199 -0.7858
vn -0.5898 -0.5801 -0.5619
vn -0.6111 -0.5852 -0.5331
vn -0.6714 -0.6719 -0.3127
vn -0.6817 -0.6705 -0.2927
vn -0.7015 -0.7064 -0.0939
vn -0.7041 -0.7047 -0.0875
vn 0.7278 0.6803 -0.0870
vn 0.7320 0.6768 -0.0778
vn 0.6892 0.6630 -0.2922
vn 0.7047 0.6588 -0.2635
vn 0.5973 0.5978 -0.5346
vn 0.6269 0.6031 -0.4932
vn 0.4245 0.4440 -0.7891
vn 0.4622 0.4626 -0.7566
vn 0.1561 0.1706 -0.9729
vn 0.1754 0.1835 -0.9672
vn -0.1524 -0.1733 -0.9730
vn -0.1701 -0.1859 -0.9677
vn -0.3961 -0.4660 -0.7912
vn -0.4260 -0.4845 -0.7641
vn -0.5372 -0.6488 -0.5390
vn -0.5581 -0.6567 -0.5071
vn -0.6030 -0.7406 -0.2964
vn -0.6131 -0.7405 -0.2753
vn -0.6266 -0.7743 -0.0886
vn -0.6293 -0.7729 -0.0820
vn 0.6494 0.7561 -0.0813
vn 0.6534 0.7535 -0.0729
vn 0.6174 0.7371 -0.2748
vn 0.6312 0.7349 -0.2478
vn 0.5411 0.6688 -0.5098
vn 0.5669 0.6769 -0.4695
vn 0.3922 0.5037 -0.7697
vn 0.4259 0.5263 -0.7360
vn 0.1470 0.1962 -0.9695
vn 0.1650 0.2119 -0.9633
vn -0.1432 -0.1978 -0.9697
vn -0.1595 -0.2129 -0.9640
vn -0.3645 -0.5187 -0.7734
vn -0.3906 -0.5396 -0.7458
vn -0.4847 -0.7054 -0.5171
vn -0.5023 -0.7147 -0.4867
vn -0.5380 -0.7946 -0.2814
vn -0.5465 -0.7954 -0.2620
vn -0.5567 -0.8265 -0.0838
vn -0.5590 -0.8255 -0.0778
vn 0.5601 0.8248 -0.0778
vn 0.5631 0.8233 -0.0715
vn 0.5350 0.8027 -0.2636
vn 0.5449 0.8024 -0.2433
vn 0.4740 0.7295 -0.4932
vn 0.4919 0.7379 -0.4621
vn 0.3498 0.5537 -0.7557
vn 0.3730 0.5740 -0.7289
vn 0.1336 0.2175 -0.9669
vn 0.1463 0.2315 -0.9618
vn -0.1306 -0.2180 -0.9672
vn -0.1421 -0.2312 -0.9625
vn -0.3287 -0.5605 -0.7601
vn -0.3465 -0.5783 -0.7386
vn -0.4324 -0.7493 -0.5015
vn -0.4442 -0.7574 -0.4786
vn -0.4774 -0.8359 -0.2709
vn -0.4831 -0.8371 -0.2567
vn -0.4929 -0.8663 -0.0804
vn -0.4945 -0.8658 -0.0761
vn 0.4610 0.8840 -0.0781
vn 0.4621 0.8836 -0.0757
vn 0.4432 0.8565 -0.2643
vn 0.4469 0.8571 -0.2563
vn 0.3965 0.7743 -0.4933
vn 0.4029 0.7786 -0.4811
vn 0.2962 0.5851 -0.7549
vn 0.3042 0.5942 -0.7446
vn 0.1148 0.2293 -0.9666
vn 0.1191 0.2352 -0.9646
vn -0.1136 -0.2292 -0.9667
vn -0.1175 -0.2348 -0.9649
vn -0.2880 -0.5861 -0.7574
vn -0.2942 -0.5937 -0.7490
vn -0.3806 -0.7793 -0.4978
vn -0.3847 -0.7829 -0.4888
vn -0.4213 -0.8663 -0.2683
vn -0.4234 -0.8670 -0.2627
vn -0.4355 -0.8967 -0.0796
vn -0.4360 -0.8966 -0.0779
vn -0.9916 -0.0782 0.1028
vn -0.9916 -0.0782 0.1029
vn -0.9377 -0.0741 0.3394
vn -0.9376 -0.0740 0.3397
vn -0.7997 -0.0634 0.5971
vn -0.7994 -0.0632 0.5975
vn -0.5513 -0.0439 0.8331
vn -0.5509 -0.0437 0.8334
vn -0.1986 -0.0159 0.9799
vn -0.1984 -0.0158 0.9800
vn 0.1986 0.0160 0.9799
vn 0.1984 0.0159 0.9800
vn 0.5513 0.0449 0.8331
vn 0.5508 0.0445 0.8334
vn 0.7996 0.0656 0.5970
vn 0.7992 0.0650 0.5976
vn 0.9375 0.0773 0.3393
vn 0.9374 0.0769 0.3398
vn 0.9913 0.0819 0.1028
vn 0.9913 0.0818 0.1030
vn -0.9667 -0.2340 0.1036
vn -0.9667 -0.2344 0.1030
vn -0.9137 -0.2202 0.3417
vn -0.9141 -0.2213 0.3399
vn -0.7780 -0.1861 0.6001
vn -0.7794 -0.1878 0.5977
vn -0.5352 -0.1268 0.8351
vn -0.5373 -0.1285 0.8335
vn -0.1925 -0.0451 0.9803
vn -0.1937 -0.0459 0.9800
vn 0.1927 0.0445 0.9803
vn 0.1939 0.0454 0.9800
vn 0.5362 0.1220 0.8352
vn 0.5387 0.1244 0.8332
vn 0.7804 0.1751 0.6002
vn 0.7822 0.1779 0.5971
vn 0.9174 0.2036 0.3418
vn 0.9179 0.2059 0.3392
vn 0.9712 0.2147 0.1037
vn 0.9711 0.2155 0.1027
vn -0.9190 -0.3804 0.1038
vn -0.9187 -0.3817 0.1017
vn -0.8694 -0.3564 0.3421
vn -0.8703 -0.3603 0.3359
vn -0.7414 -0.2992 0.6006
vn -0.7454 -0.3055 0.5925
vn -0.5110 -0.2020 0.8355
vn -0.5174 -0.2088 0.8299
vn -0.1842 -0.0710 0.9803
vn -0.1877 -0.0742 0.9794
vn 0.1849 0.0693 0.9803
vn 0.1885 0.0727 0.9794
vn 0.5163 0.1879 0.8355
vn 0.5236 0.1962 0.8291
vn 0.7537 0.2668 0.6006
vn 0.7584 0.2759 0.5905
vn 0.8878 0.3079 0.3421
vn 0.8886 0.3146 0.3338
vn 0.9405 0.3236 0.1038
vn 0.9400 0.3260 0.1008
vn -0.8544 -0.5095 0.1022
vn -0.8536 -0.5115 0.0984
vn -0.8114 -0.4772 0.3375
vn -0.8120 -0.4842 0.3260
vn -0.6967 -0.4010 0.5948
vn -0.7025 -0.4132 0.5795
vn -0.4846 -0.2711 0.8317
vn -0.4949 -0.2849 0.8209
vn -0.1762 -0.0953 0.9797
vn -0.1821 -0.1019 0.9780
vn 0.1777 0.0925 0.9797
vn 0.1839 0.0995 0.9779
vn 0.4967 0.2487 0.8315
vn 0.5085 0.2647 0.8194
vn 0.7241 0.3498 0.5944
vn 0.7310 0.3660 0.5759
vn 0.8519 0.4009 0.3371
vn 0.8524 0.4118 0.3224
vn 0.9017 0.4201 0.1020
vn 0.9006 0.4238 0.0969
vn -0.7804 -0.6174 0.0987
vn -0.7791 -0.6199 0.0934
vn -0.7457 -0.5804 0.3273
vn -0.7454 -0.5897 0.3109
vn -0.6481 -0.4918 0.5815
vn -0.6543 -0.5093 0.5591
vn -0.4583 -0.3365 0.8226
vn -0.4713 -0.3577 0.8062
vn -0.1693 -0.1195 0.9783
vn -0.1772 -0.1301 0.9755
vn 0.1718 0.1161 0.9783
vn 0.1801 0.1271 0.9754
vn 0.4782 0.3090 0.8221
vn 0.4931 0.3331 0.8037
vn 0.6919 0.4296 0.5803
vn 0.6995 0.4521 0.5535
vn 0.8095 0.4881 0.3261
vn 0.8089 0.5023 0.3055
vn 0.8548 0.5096 0.0983
vn 0.8528 0.5142 0.0913
vn -0.7037 -0.7043 0.0939
vn -0.7019 -0.7069 0.0876
vn -0.6772 -0.6661 0.3127
vn -0.6758 -0.6763 0.2931
vn -0.5975 -0.5721 0.5618
vn -0.6028 -0.5929 0.5340
vn -0.4321 -0.3995 0.8085
vn -0.4457 -0.4268 0.7869
vn -0.1630 -0.1445 0.9760
vn -0.1721 -0.1591 0.9721
vn 0.1664 0.1410 0.9759
vn 0.1761 0.1562 0.9719
vn 0.4588 0.3713 0.8072
vn 0.4748 0.4024 0.7827
vn 0.6548 0.5086 0.5590
vn 0.6613 0.5353 0.5255
vn 0.7592 0.5722 0.3101
vn 0.7570 0.5879 0.2852
vn 0.7984 0.5949 0.0930
vn 0.7957 0.5997 0.0846
vn -0.6289 -0.7724 0.0886
vn -0.6270 -0.7747 0.0820
vn -0.6091 -0.7357 0.2962
vn -0.6069 -0.7454 0.2759
vn -0.5456 -0.6420 0.5386
vn -0.5491 -0.6632 0.5086
vn -0.4042 -0.4598 0.7907
vn -0.4165 -0.4900 0.7658
vn -0.1561 -0.1706 0.9729
vn -0.1653 -0.1880 0.9681
vn 0.1603 0.1676 0.9727
vn 0.1701 0.1859 0.9677
vn 0.4351 0.4355 0.7881
vn 0.4497 0.4703 0.7593
vn 0.6097 0.5865 0.5332
vn 0.6136 0.6141 0.4963
vn 0.6988 0.6532 0.2914
vn 0.6949 0.6685 0.2650
vn 0.7315 0.6763 0.0869
vn 0.7283 0.6808 0.0780
vn -0.5587 -0.8251 0.0837
vn -0.5570 -0.8269 0.0779
vn -0.5435 -0.7910 0.2810
vn -0.5410 -0.7989 0.2628
vn -0.4924 -0.7007 0.5163
vn -0.4941 -0.7191 0.4887
vn -0.3724 -0.5145 0.7724
vn -0.3815 -0.5429 0.7482
vn -0.1470 -0.1962 0.9695
vn -0.1547 -0.2137 0.9646
vn 0.1513 0.1943 0.9692
vn 0.1595 0.2129 0.9640
vn 0.4028 0.4978 0.7681
vn 0.4135 0.5311 0.7396
vn 0.5531 0.6603 0.5079
vn 0.5542 0.6848 0.4732
vn 0.6266 0.7296 0.2738
vn 0.6218 0.7423 0.2496
vn 0.6530 0.7530 0.0812
vn 0.6498 0.7566 0.0731
vn -0.4943 -0.8656 0.0804
vn -0.4931 -0.8666 0.0762
vn -0.4812 -0.8338 0.2705
vn -0.4792 -0.8391 0.2574
vn -0.4380 -0.7468 0.5005
vn -0.4384 -0.7596 0.4805
vn -0.3347 -0.5586 0.7589
vn -0.3398 -0.5793 0.7409
vn -0.1336 -0.2175 0.9669
vn -0.1384 -0.2310 0.9631
vn 0.1370 0.2169 0.9665
vn 0.1421 0.2312 0.9625
vn 0.3580 0.5510 0.7538
vn 0.3636 0.5756 0.7324
vn 0.4831 0.7248 0.4912
vn 0.4822 0.7421 0.4656
vn 0.5421 0.7983 0.2626
vn 0.5378 0.8067 0.2449
vn 0.5628 0.8229 0.0776
vn 0.5603 0.8252 0.0717
vn -0.4360 -0.8964 0.0795
vn -0.4355 -0.8968 0.0779
vn -0.4227 -0.8657 0.2680
vn -0.4219 -0.8676 0.2631
vn -0.3826 -0.7787 0.4972
vn -0.3826 -0.7834 0.4898
vn -0.2903 -0.5858 0.7567
vn -0.2917 -0.5936 0.7501
vn -0.1148 -0.2293 0.9666
vn -0.1161 -0.2344 0.9652
vn 0.1161 0.2294 0.9664
vn 0.1175 0.2348 0.9649
vn 0.2994 0.5847 0.7539
vn 0.3007 0.5940 0.7462
vn 0.4000 0.7731 0.4922
vn 0.3992 0.7795 0.4827
vn 0.4460 0.8553 0.2638
vn 0.4441 0.8583 0.2570
vn 0.4621 0.8834 0.0781
vn 0.4611 0.8841 0.0758
vn -0.0863 0.9880 -0.1281
vn -0.0805 0.9895 -0.1202
vn -0.0896 0.9074 -0.4105
vn -0.0767 0.9180 -0.3892
vn -0.0799 0.7287 -0.6801
vn -0.0671 0.7507 -0.6572
vn -0.0505 0.4673 -0.8827
vn -0.0425 0.4912 -0.8700
vn -0.0021 0.1601 -0.9871
vn 0.0008 0.1729 -0.9849
vn 0.0602 -0.1598 -0.9853
vn 0.0596 -0.1629 -0.9848
vn 0.1283 -0.4640 -0.8765
vn 0.1256 -0.4773 -0.8697
vn 0.1903 -0.7177 -0.6698
vn 0.1863 -0.7305 -0.6570
vn 0.2337 -0.8859 -0.4008
vn 0.2296 -0.8922 -0.3890
vn 0.2526 -0.9595 -0.1244
vn 0.2507 -0.9606 -0.1201
vn -0.2929 0.9486 -0.1195
vn -0.2895 0.9502 -0.1154
vn -0.2692 0.8817 -0.3874
vn -0.2620 0.8890 -0.3756
vn -0.2067 0.7260 -0.6559
vn -0.2004 0.7407 -0.6413
vn -0.1043 0.4812 -0.8704
vn -0.1011 0.5006 -0.8598
vn 0.0261 0.1770 -0.9839
vn 0.0270 0.1944 -0.9806
vn 0.1659 -0.1435 -0.9756
vn 0.1661 -0.1333 -0.9771
vn 0.2952 -0.4374 -0.8494
vn 0.2954 -0.4343 -0.8509
vn 0.3958 -0.6664 -0.6318
vn 0.3957 -0.6670 -0.6312
vn 0.4574 -0.8087 -0.3700
vn 0.4569 -0.8096 -0.3685
vn 0.4823 -0.8686 -0.1137
vn 0.4820 -0.8689 -0.1130
vn -0.5395 0.8346 -0.1112
vn -0.5386 0.8353 -0.1101
vn -0.4904 0.7912 -0.3654
vn -0.4884 0.7941 -0.3616
vn -0.3737 0.6772 -0.6338
vn -0.3722 0.6846 -0.6268
vn -0.1852 0.4747 -0.8604
vn -0.1863 0.4889 -0.8522
vn 0.0496 0.2010 -0.9783
vn 0.0455 0.2216 -0.9741
vn 0.2842 -0.0921 -0.9543
vn 0.2796 -0.0702 -0.9575
vn 0.4777 -0.3495 -0.8060
vn 0.4753 -0.3322 -0.8147
vn 0.6104 -0.5377 -0.5816
vn 0.6107 -0.5272 -0.5909
vn 0.6836 -0.6491 -0.3338
vn 0.6851 -0.6442 -0.3401
vn 0.7118 -0.6950 -0.1017
vn 0.7127 -0.6938 -0.1038
vn -0.7539 0.6492 -0.1012
vn -0.7549 0.6478 -0.1028
vn -0.6932 0.6362 -0.3386
vn -0.6943 0.6333 -0.3420
vn -0.5433 0.5799 -0.6071
vn -0.5433 0.5793 -0.6077
vn -0.2819 0.4442 -0.8504
vn -0.2853 0.4523 -0.8450
vn 0.0565 0.2262 -0.9724
vn 0.0446 0.2479 -0.9678
vn 0.3790 -0.0183 -0.9252
vn 0.3634 0.0121 -0.9316
vn 0.6178 -0.2260 -0.7532
vn 0.6069 -0.1979 -0.7698
vn 0.7644 -0.3708 -0.5274
vn 0.7608 -0.3515 -0.5456
vn 0.8395 -0.4546 -0.2976
vn 0.8403 -0.4446 -0.3102
vn 0.8676 -0.4890 -0.0901
vn 0.8687 -0.4862 -0.0944
vn -0.8799 0.4659 -0.0931
vn -0.8816 0.4617 -0.0978
vn -0.8202 0.4766 -0.3165
vn -0.8209 0.4673 -0.3283
vn -0.6634 0.4685 -0.5834
vn -0.6600 0.4601 -0.5939
vn -0.3664 0.3989 -0.8406
vn -0.3675 0.4001 -0.8396
vn 0.0382 0.2442 -0.9690
vn 0.0182 0.2649 -0.9641
vn 0.4167 0.0504 -0.9076
vn 0.3854 0.0868 -0.9186
vn 0.6804 -0.1179 -0.7232
vn 0.6564 -0.0812 -0.7501
vn 0.8339 -0.2361 -0.4988
vn 0.8232 -0.2094 -0.5277
vn 0.9103 -0.3056 -0.2793
vn 0.9087 -0.2911 -0.2993
vn 0.9387 -0.3343 -0.0843
vn 0.9395 -0.3302 -0.0911
vn -0.9317 0.3513 -0.0922
vn -0.9334 0.3442 -0.1011
vn -0.8719 0.3753 -0.3144
vn -0.8697 0.3596 -0.3380
vn -0.7134 0.3924 -0.5806
vn -0.7016 0.3766 -0.6049
vn -0.4119 0.3605 -0.8369
vn -0.4050 0.3549 -0.8426
vn -0.0007 0.2501 -0.9682
vn -0.0246 0.2681 -0.9631
vn 0.3903 0.0915 -0.9161
vn 0.3426 0.1326 -0.9301
vn 0.6713 -0.0592 -0.7388
vn 0.6295 -0.0128 -0.7769
vn 0.8401 -0.1722 -0.5143
vn 0.8187 -0.1364 -0.5578
vn 0.9262 -0.2417 -0.2895
vn 0.9210 -0.2218 -0.3203
vn 0.9586 -0.2709 -0.0875
vn 0.9592 -0.2651 -0.0979
vn -0.9405 0.3245 -0.1004
vn -0.9423 0.3141 -0.1156
vn -0.8722 0.3542 -0.3375
vn -0.8647 0.3308 -0.3780
vn -0.7029 0.3745 -0.6047
vn -0.6789 0.3494 -0.6457
vn -0.4129 0.3454 -0.8428
vn -0.3946 0.3321 -0.8567
vn -0.0437 0.2463 -0.9682
vn -0.0642 0.2608 -0.9633
vn 0.3178 0.0981 -0.9431
vn 0.2606 0.1435 -0.9547
vn 0.6063 -0.0576 -0.7931
vn 0.5458 0.0013 -0.8379
vn 0.7997 -0.1864 -0.5708
vn 0.7636 -0.1372 -0.6310
vn 0.9054 -0.2703 -0.3273
vn 0.8954 -0.2426 -0.3734
vn 0.9467 -0.3063 -0.0997
vn 0.9474 -0.2986 -0.1154
vn -0.9154 0.3853 -0.1165
vn -0.9178 0.3713 -0.1403
vn -0.8295 0.4099 -0.3793
vn -0.8155 0.3757 -0.4402
vn -0.6463 0.4101 -0.6435
vn -0.6099 0.3706 -0.7005
vn -0.3813 0.3550 -0.8536
vn -0.3528 0.3302 -0.8755
vn -0.0762 0.2382 -0.9682
vn -0.0870 0.2475 -0.9650
vn 0.2297 0.0742 -0.9704
vn 0.1764 0.1235 -0.9765
vn 0.5037 -0.1097 -0.8569
vn 0.4344 -0.0359 -0.9000
vn 0.7130 -0.2764 -0.6444
vn 0.6647 -0.2093 -0.7172
vn 0.8385 -0.3913 -0.3793
vn 0.8243 -0.3539 -0.4419
vn 0.8896 -0.4416 -0.1167
vn 0.8910 -0.4323 -0.1385
vn -0.8397 0.5261 -0.1345
vn -0.8441 0.5098 -0.1662
vn -0.7388 0.5269 -0.4202
vn -0.7222 0.4797 -0.4984
vn -0.5577 0.4833 -0.6748
vn -0.5168 0.4236 -0.7440
vn -0.3334 0.3829 -0.8615
vn -0.2994 0.3401 -0.8915
vn -0.0925 0.2267 -0.9695
vn -0.0915 0.2254 -0.9700
vn 0.1538 0.0209 -0.9879
vn 0.1158 0.0709 -0.9907
vn 0.3898 -0.2150 -0.8955
vn 0.3309 -0.1286 -0.9349
vn 0.5817 -0.4350 -0.6874
vn 0.5378 -0.3537 -0.7653
vn 0.6995 -0.5867 -0.4080
vn 0.6884 -0.5445 -0.4793
vn 0.7476 -0.6521 -0.1258
vn 0.7505 -0.6435 -0.1504
vn -0.6871 0.7131 -0.1395
vn -0.6940 0.6989 -0.1727
vn -0.5982 0.6784 -0.4265
vn -0.5898 0.6242 -0.5123
vn -0.4535 0.5830 -0.6741
vn -0.4214 0.5021 -0.7552
vn -0.2816 0.4254 -0.8601
vn -0.2485 0.3551 -0.9012
vn -0.0938 0.2013 -0.9750
vn -0.0828 0.1785 -0.9805
vn 0.1040 -0.0871 -0.9907
vn 0.0841 -0.0438 -0.9955
vn 0.2877 -0.3980 -0.8711
vn 0.2526 -0.3116 -0.9160
vn 0.4191 -0.6499 -0.6340
vn 0.3977 -0.5779 -0.7126
vn 0.4869 -0.7963 -0.3591
vn 0.4854 -0.7659 -0.4216
vn 0.5116 -0.8524 -0.1083
vn 0.5148 -0.8477 -0.1281
vn 0.2506 -0.9601 0.1245
vn 0.2527 -0.9601 0.1201
vn 0.2285 -0.8870 0.4013
vn 0.2349 -0.8909 0.3888
vn 0.1837 -0.7186 0.6707
vn 0.1930 -0.7291 0.6567
vn 0.1230 -0.4643 0.8771
vn 0.1310 -0.4762 0.8695
vn 0.0590 -0.1598 0.9854
vn 0.0608 -0.1627 0.9848
vn 0.0029 0.1601 0.9871
vn -0.0045 0.1721 0.9851
vn -0.0390 0.4675 0.8831
vn -0.0545 0.4894 0.8703
vn -0.0643 0.7295 0.6809
vn -0.0832 0.7486 0.6578
vn -0.0756 0.9085 0.4110
vn -0.0911 0.9165 0.3895
vn -0.0805 0.9885 0.1281
vn -0.0865 0.9890 0.1202
vn 0.4820 -0.8688 0.1137
vn 0.4823 -0.8687 0.1130
vn 0.4566 -0.8090 0.3701
vn 0.4576 -0.8092 0.3685
vn 0.3955 -0.6666 0.6318
vn 0.3960 -0.6669 0.6312
vn 0.2965 -0.4370 0.8492
vn 0.2941 -0.4349 0.8511
vn 0.1702 -0.1427 0.9750
vn 0.1618 -0.1348 0.9776
vn 0.0341 0.1782 0.9834
vn 0.0190 0.1920 0.9812
vn -0.0934 0.4831 0.8706
vn -0.1122 0.4974 0.8602
vn -0.1951 0.7286 0.6566
vn -0.2124 0.7372 0.6415
vn -0.2600 0.8843 0.3878
vn -0.2716 0.8861 0.3757
vn -0.2893 0.9497 0.1196
vn -0.2933 0.9490 0.1154
vn 0.7127 -0.6940 0.1017
vn 0.7117 -0.6948 0.1038
vn 0.6864 -0.6465 0.3332
vn 0.6821 -0.6471 0.3406
vn 0.6153 -0.5340 0.5799
vn 0.6055 -0.5315 0.5923
vn 0.4852 -0.3455 0.8033
vn 0.4677 -0.3372 0.8170
vn 0.2941 -0.0885 0.9517
vn 0.2699 -0.0752 0.9600
vn 0.0603 0.2041 0.9771
vn 0.0351 0.2171 0.9755
vn -0.1761 0.4777 0.8607
vn -0.1953 0.4850 0.8524
vn -0.3676 0.6799 0.6345
vn -0.3784 0.6814 0.6265
vn -0.4873 0.7930 0.3658
vn -0.4918 0.7922 0.3614
vn -0.5385 0.8352 0.1113
vn -0.5396 0.8347 0.1101
vn 0.8689 -0.4867 0.0899
vn 0.8673 -0.4888 0.0945
vn 0.8434 -0.4483 0.2960
vn 0.8361 -0.4515 0.3116
vn 0.7714 -0.3620 0.5234
vn 0.7535 -0.3614 0.5492
vn 0.6285 -0.2169 0.7469
vn 0.5960 -0.2087 0.7754
vn 0.3929 -0.0108 0.9195
vn 0.3500 0.0026 0.9367
vn 0.0690 0.2315 0.9704
vn 0.0329 0.2412 0.9699
vn -0.2762 0.4471 0.8508
vn -0.2907 0.4489 0.8450
vn -0.5438 0.5795 0.6070
vn -0.5428 0.5797 0.6078
vn -0.6956 0.6339 0.3381
vn -0.6917 0.6359 0.3423
vn -0.7550 0.6479 0.1011
vn -0.7536 0.6492 0.1028
vn 0.9399 -0.3309 0.0841
vn 0.9381 -0.3341 0.0913
vn 0.9141 -0.2962 0.2771
vn 0.9045 -0.3018 0.3014
vn 0.8410 -0.2228 0.4930
vn 0.8157 -0.2247 0.5330
vn 0.6923 -0.1038 0.7141
vn 0.6448 -0.0977 0.7581
vn 0.4326 0.0621 0.8995
vn 0.3710 0.0728 0.9258
vn 0.0506 0.2513 0.9666
vn 0.0073 0.2564 0.9666
vn -0.3655 0.3995 0.8407
vn -0.3683 0.3994 0.8395
vn -0.6695 0.4621 0.5816
vn -0.6539 0.4672 0.5951
vn -0.8257 0.4680 0.3149
vn -0.8149 0.4769 0.3296
vn -0.8820 0.4619 0.0929
vn -0.8792 0.4662 0.0980
vn 0.9600 -0.2661 0.0872
vn 0.9577 -0.2706 0.0981
vn 0.9302 -0.2289 0.2868
vn 0.9165 -0.2365 0.3225
vn 0.8477 -0.1543 0.5075
vn 0.8111 -0.1572 0.5634
vn 0.6837 -0.0402 0.7287
vn 0.6183 -0.0349 0.7852
vn 0.4060 0.1069 0.9076
vn 0.3298 0.1146 0.9371
vn 0.0092 0.2579 0.9661
vn -0.0324 0.2593 0.9653
vn -0.4157 0.3570 0.8365
vn -0.4018 0.3587 0.8425
vn -0.7234 0.3785 0.5774
vn -0.6919 0.3918 0.6065
vn -0.8794 0.3599 0.3118
vn -0.8616 0.3770 0.3398
vn -0.9343 0.3445 0.0919
vn -0.9305 0.3520 0.1014
vn 0.9487 -0.3002 0.0994
vn 0.9451 -0.3058 0.1155
vn 0.9110 -0.2539 0.3250
vn 0.8894 -0.2619 0.3747
vn 0.8087 -0.1635 0.5650
vn 0.7552 -0.1639 0.6346
vn 0.6188 -0.0339 0.7848
vn 0.5362 -0.0259 0.8437
vn 0.3309 0.1162 0.9365
vn 0.2517 0.1233 0.9599
vn -0.0378 0.2530 0.9667
vn -0.0681 0.2535 0.9649
vn -0.4197 0.3370 0.8428
vn -0.3895 0.3409 0.8556
vn -0.7160 0.3533 0.6021
vn -0.6671 0.3722 0.6453
vn -0.8819 0.3317 0.3350
vn -0.8542 0.3562 0.3787
vn -0.9439 0.3146 0.1000
vn -0.9384 0.3255 0.1158
vn 0.8930 -0.4346 0.1167
vn 0.8871 -0.4404 0.1382
vn 0.8472 -0.3723 0.3790
vn 0.8154 -0.3761 0.4401
vn 0.7242 -0.2495 0.6429
vn 0.6558 -0.2403 0.7157
vn 0.5147 -0.0826 0.8534
vn 0.4279 -0.0662 0.9014
vn 0.2382 0.0930 0.9668
vn 0.1720 0.1033 0.9797
vn -0.0741 0.2422 0.9674
vn -0.0881 0.2433 0.9660
vn -0.3890 0.3418 0.8555
vn -0.3478 0.3441 0.8721
vn -0.6614 0.3830 0.6449
vn -0.5977 0.3996 0.6951
vn -0.8432 0.3812 0.3792
vn -0.8017 0.4077 0.4371
vn -0.9207 0.3725 0.1164
vn -0.9118 0.3861 0.1399
vn 0.7525 -0.6464 0.1263
vn 0.7451 -0.6499 0.1495
vn 0.7111 -0.5699 0.4117
vn 0.6770 -0.5640 0.4728
vn 0.5936 -0.4088 0.6932
vn 0.5291 -0.3840 0.7567
vn 0.3977 -0.1874 0.8982
vn 0.3274 -0.1588 0.9314
vn 0.1577 0.0381 0.9867
vn 0.1146 0.0529 0.9920
vn -0.0927 0.2262 0.9697
vn -0.0914 0.2259 0.9698
vn -0.3404 0.3643 0.8668
vn -0.2957 0.3594 0.8851
vn -0.5733 0.4525 0.6831
vn -0.5056 0.4565 0.7321
vn -0.7570 0.4959 0.4255
vn -0.7052 0.5136 0.4888
vn -0.8481 0.5122 0.1352
vn -0.8349 0.5252 0.1647
vn 0.5157 -0.8498 0.1091
vn 0.5104 -0.8505 0.1270
vn 0.4971 -0.7871 0.3653
vn 0.4757 -0.7766 0.4132
vn 0.4294 -0.6310 0.6461
vn 0.3898 -0.6000 0.6986
vn 0.2928 -0.3735 0.8802
vn 0.2502 -0.3377 0.9074
vn 0.1052 -0.0733 0.9917
vn 0.0840 -0.0573 0.9948
vn -0.0946 0.1933 0.9766
vn -0.0827 0.1861 0.9790
vn -0.2874 0.3993 0.8706
vn -0.2457 0.3814 0.8911
vn -0.4685 0.5503 0.6911
vn -0.4111 0.5369 0.7367
vn -0.6187 0.6517 0.4387
vn -0.5717 0.6531 0.4966
vn -0.6976 0.7024 0.1413
vn -0.6832 0.7101 0.1700
vn -0.5472 0.8258 -0.1362
vn -0.5561 0.8184 -0.1448
vn -0.4760 0.7762 -0.4134
vn -0.4893 0.7504 -0.4444
vn -0.3640 0.6649 -0.6523
vn -0.3683 0.6243 -0.6889
vn -0.2314 0.4923 -0.8391
vn -0.2281 0.4539 -0.8614
vn -0.0816 0.2447 -0.9662
vn -0.0793 0.2307 -0.9698
vn 0.0838 -0.0865 -0.9927
vn 0.0798 -0.0625 -0.9948
vn 0.2381 -0.4449 -0.8634
vn 0.2340 -0.4006 -0.8859
vn 0.3399 -0.7166 -0.6090
vn 0.3438 -0.6858 -0.6414
vn 0.3859 -0.8595 -0.3352
vn 0.3933 -0.8480 -0.3552
vn 0.4010 -0.9106 -0.0998
vn 0.4046 -0.9085 -0.1046
vn -0.4709 0.8737 -0.1222
vn -0.4784 0.8687 -0.1288
vn -0.4091 0.8342 -0.3698
vn -0.4206 0.8171 -0.3943
vn -0.3139 0.7488 -0.5837
vn -0.3188 0.7228 -0.6131
vn -0.2030 0.6182 -0.7594
vn -0.2021 0.5959 -0.7772
vn -0.0757 0.4242 -0.9024
vn -0.0755 0.4229 -0.9030
vn 0.0776 0.1331 -0.9881
vn 0.0716 0.1687 -0.9831
vn 0.2457 -0.2522 -0.9359
vn 0.2386 -0.1874 -0.9529
vn 0.3741 -0.6080 -0.7003
vn 0.3786 -0.5584 -0.7381
vn 0.4323 -0.8124 -0.3913
vn 0.4431 -0.7939 -0.4164
vn 0.4492 -0.8858 -0.1164
vn 0.4543 -0.8824 -0.1221
vn -0.3866 0.9164 -0.1031
vn -0.3923 0.9135 -0.1077
vn -0.3358 0.8891 -0.3109
vn -0.3446 0.8795 -0.3282
vn -0.2593 0.8320 -0.4904
vn -0.2632 0.8190 -0.5099
vn -0.1714 0.7466 -0.6429
vn -0.1715 0.7390 -0.6515
vn -0.0697 0.6179 -0.7832
vn -0.0711 0.6283 -0.7747
vn 0.0622 0.4066 -0.9115
vn 0.0536 0.4518 -0.8905
vn 0.2386 0.0564 -0.9695
vn 0.2239 0.1475 -0.9634
vn 0.4167 -0.3923 -0.8200
vn 0.4171 -0.2996 -0.8580
vn 0.5081 -0.7146 -0.4808
vn 0.5254 -0.6760 -0.5166
vn 0.5308 -0.8353 -0.1435
vn 0.5396 -0.8283 -0.1511
vn -0.2823 0.9564 -0.0754
vn -0.2853 0.9553 -0.0776
vn -0.2465 0.9422 -0.2271
vn -0.2507 0.9392 -0.2348
vn -0.1929 0.9136 -0.3579
vn -0.1942 0.9112 -0.3632
vn -0.1322 0.8720 -0.4713
vn -0.1318 0.8755 -0.4649
vn -0.0615 0.8110 -0.5819
vn -0.0638 0.8267 -0.5590
vn 0.0339 0.7098 -0.7036
vn 0.0234 0.7490 -0.6622
vn 0.1848 0.5177 -0.8353
vn 0.1592 0.6025 -0.7821
vn 0.4242 0.1387 -0.8949
vn 0.3920 0.2900 -0.8731
vn 0.6554 -0.3747 -0.6558
vn 0.6696 -0.2504 -0.6992
vn 0.7319 -0.6488 -0.2082
vn 0.7519 -0.6209 -0.2219
vn -0.1269 0.9915 -0.0294
vn -0.1254 0.9917 -0.0283
vn -0.1171 0.9888 -0.0922
vn -0.1135 0.9898 -0.0861
vn -0.0994 0.9834 -0.1520
vn -0.0956 0.9859 -0.1376
vn -0.0767 0.9750 -0.2084
vn -0.0748 0.9800 -0.1846
vn -0.0474 0.9631 -0.2649
vn -0.0495 0.9716 -0.2315
vn -0.0060 0.9459 -0.3245
vn -0.0146 0.9595 -0.2815
vn 0.0600 0.9202 -0.3868
vn 0.0403 0.9418 -0.3338
vn 0.1749 0.8813 -0.4390
vn 0.1361 0.9155 -0.3786
vn 0.3730 0.8271 -0.4203
vn 0.3094 0.8756 -0.3710
vn 0.5927 0.7835 -0.1865
vn 0.5482 0.8166 -0.1804
vn 0.1771 0.9820 0.0661
vn 0.1868 0.9798 0.0716
vn 0.1163 0.9795 0.1643
vn 0.1310 0.9735 0.1872
vn 0.0531 0.9790 0.1967
vn 0.0618 0.9719 0.2270
vn 0.0075 0.9817 0.1905
vn 0.0100 0.9758 0.2187
vn -0.0231 0.9854 0.1686
vn -0.0245 0.9811 0.1921
vn -0.0441 0.9889 0.1415
vn -0.0478 0.9860 0.1595
vn -0.0594 0.9918 0.1128
vn -0.0642 0.9901 0.1250
vn -0.0714 0.9940 0.0824
vn -0.0763 0.9931 0.0891
vn -0.0806 0.9955 0.0500
vn -0.0843 0.9951 0.0521
vn -0.0863 0.9961 0.0161
vn -0.0877 0.9960 0.0160
vn 0.7922 0.5521 0.2601
vn 0.7972 0.5433 0.2633
vn 0.5141 0.6132 0.5997
vn 0.5194 0.5992 0.6092
vn 0.2690 0.6830 0.6791
vn 0.2709 0.6739 0.6873
vn 0.1127 0.7457 0.6567
vn 0.1129 0.7418 0.6610
vn 0.0093 0.7989 0.6014
vn 0.0092 0.7983 0.6022
vn -0.0668 0.8453 0.5300
vn -0.0664 0.8463 0.5286
vn -0.1284 0.8876 0.4422
vn -0.1272 0.8889 0.4400
vn -0.1798 0.9255 0.3334
vn -0.1779 0.9264 0.3317
vn -0.2182 0.9545 0.2033
vn -0.2166 0.9549 0.2030
vn -0.2383 0.9690 0.0645
vn -0.2376 0.9692 0.0648
vn 0.9028 -0.3204 0.2869
vn 0.9082 -0.3068 0.2847
vn 0.6620 -0.1266 0.7388
vn 0.6691 -0.0979 0.7367
vn 0.3897 0.1144 0.9138
vn 0.3933 0.1415 0.9085
vn 0.1862 0.3171 0.9299
vn 0.1887 0.3358 0.9228
vn 0.0389 0.4831 0.8747
vn 0.0413 0.4937 0.8686
vn -0.0743 0.6247 0.7773
vn -0.0721 0.6297 0.7735
vn -0.1653 0.7475 0.6434
vn -0.1637 0.7492 0.6418
vn -0.2367 0.8476 0.4749
vn -0.2359 0.8480 0.4746
vn -0.2856 0.9158 0.2823
vn -0.2854 0.9159 0.2823
vn -0.3090 0.9470 0.0880
vn 0.7313 -0.6438 0.2251
vn 0.7429 -0.6321 0.2205
vn 0.5875 -0.5060 0.6315
vn 0.6093 -0.4791 0.6318
vn 0.3925 -0.2845 0.8746
vn 0.4083 -0.2545 0.8767
vn 0.2128 -0.0488 0.9759
vn 0.2219 -0.0268 0.9747
vn 0.0590 0.1825 0.9814
vn 0.0639 0.1931 0.9791
vn -0.0738 0.4059 0.9109
vn -0.0721 0.4083 0.9100
vn -0.1867 0.6108 0.7695
vn -0.1879 0.6099 0.7698
vn -0.2743 0.7762 0.5677
vn -0.2774 0.7754 0.5673
vn -0.3304 0.8830 0.3333
vn -0.3333 0.8826 0.3315
vn -0.3554 0.9290 0.1029
vn -0.3565 0.9288 0.1017
vn 0.6201 -0.7630 0.1825
vn 0.6319 -0.7551 0.1747
vn 0.5176 -0.6710 0.5308
vn 0.5435 -0.6554 0.5245
vn 0.3700 -0.5019 0.7818
vn 0.3925 -0.4849 0.7816
vn 0.2178 -0.2908 0.9317
vn 0.2313 -0.2787 0.9321
vn 0.0703 -0.0481 0.9964
vn 0.0757 -0.0438 0.9962
vn -0.0724 0.2207 0.9727
vn -0.0739 0.2199 0.9727
vn -0.2030 0.4906 0.8474
vn -0.2100 0.4897 0.8462
vn -0.3048 0.7145 0.6298
vn -0.3138 0.7150 0.6248
vn -0.3662 0.8551 0.3669
vn -0.3729 0.8552 0.3599
vn -0.3917 0.9132 0.1125
vn -0.3940 0.9126 0.1090
vn 0.4047 -0.9089 0.1007
vn 0.4009 -0.9103 0.1036
vn 0.3950 -0.8522 0.3431
vn 0.3843 -0.8556 0.3468
vn 0.3490 -0.6980 0.6253
vn 0.3351 -0.7053 0.6247
vn 0.2416 -0.4169 0.8763
vn 0.2310 -0.4291 0.8732
vn 0.0839 -0.0705 0.9940
vn 0.0799 -0.0783 0.9937
vn -0.0818 0.2350 0.9685
vn -0.0792 0.2403 0.9675
vn -0.2353 0.4653 0.8533
vn -0.2247 0.4811 0.8474
vn -0.3761 0.6358 0.6740
vn -0.3569 0.6542 0.6669
vn -0.4938 0.7565 0.4289
vn -0.4719 0.7707 0.4282
vn -0.5566 0.8191 0.1385
vn -0.5466 0.8252 0.1423
vn 0.4544 -0.8830 0.1178
vn 0.4490 -0.8854 0.1205
vn 0.4449 -0.7998 0.4030
vn 0.4303 -0.8073 0.4038
vn 0.3851 -0.5751 0.7218
vn 0.3680 -0.5934 0.7159
vn 0.2480 -0.2073 0.9463
vn 0.2370 -0.2335 0.9430
vn 0.0770 0.1587 0.9843
vn 0.0723 0.1429 0.9871
vn -0.0757 0.4232 0.9029
vn -0.0755 0.4239 0.9026
vn -0.2061 0.6017 0.7717
vn -0.1993 0.6128 0.7647
vn -0.3237 0.7295 0.6025
vn -0.3093 0.7430 0.5935
vn -0.4235 0.8209 0.3832
vn -0.4061 0.8311 0.3800
vn -0.4787 0.8692 0.1242
vn -0.4704 0.8733 0.1266
vn 0.5396 -0.8292 0.1460
vn 0.5304 -0.8347 0.1484
vn 0.5281 -0.6860 0.5006
vn 0.5050 -0.7069 0.4952
vn 0.4275 -0.3240 0.8439
vn 0.4074 -0.3721 0.8340
vn 0.2360 0.1260 0.9636
vn 0.2274 0.0762 0.9708
vn 0.0603 0.4419 0.8950
vn 0.0557 0.4160 0.9076
vn -0.0693 0.6261 0.7767
vn -0.0714 0.6199 0.7814
vn -0.1729 0.7407 0.6492
vn -0.1701 0.7451 0.6449
vn -0.2658 0.8219 0.5038
vn -0.2567 0.8297 0.4957
vn -0.3462 0.8815 0.3211
vn -0.3339 0.8877 0.3171
vn -0.3924 0.9138 0.1047
vn -0.3863 0.9163 0.1059
vn 0.7518 -0.6236 0.2142
vn 0.7308 -0.6478 0.2152
vn 0.6789 -0.2714 0.6822
vn 0.6469 -0.3611 0.6716
vn 0.4104 0.2661 0.8722
vn 0.4079 0.1587 0.8991
vn 0.1721 0.5901 0.7888
vn 0.1724 0.5292 0.8308
vn 0.0305 0.7432 0.6684
vn 0.0270 0.7149 0.6987
vn -0.0605 0.8243 0.5629
vn -0.0647 0.8130 0.5786
vn -0.1310 0.8749 0.4662
vn -0.1329 0.8725 0.4702
vn -0.1947 0.9117 0.3619
vn -0.1923 0.9133 0.3591
vn -0.2513 0.9397 0.2321
vn -0.2456 0.9418 0.2294
vn -0.2853 0.9554 0.0763
vn -0.2821 0.9563 0.0766
vn 0.5518 0.8155 0.1744
vn 0.5919 0.7824 0.1937
vn 0.3196 0.8743 0.3653
vn 0.3649 0.8259 0.4298
vn 0.1457 0.9145 0.3775
vn 0.1660 0.8809 0.4431
vn 0.0476 0.9409 0.3352
vn 0.0529 0.9203 0.3876
vn -0.0092 0.9587 0.2842
vn -0.0114 0.9462 0.3234
vn -0.0456 0.9710 0.2349
vn -0.0514 0.9634 0.2629
vn -0.0722 0.9795 0.1880
vn -0.0793 0.9753 0.2061
vn -0.0942 0.9856 0.1404
vn -0.1010 0.9835 0.1499
vn -0.1130 0.9897 0.0879
vn -0.1177 0.9889 0.0908
vn -0.1254 0.9917 0.0289
vn -0.1270 0.9915 0.0289
vn -0.0876 0.9960 -0.0165
vn -0.0863 0.9961 -0.0156
vn -0.0838 0.9951 -0.0534
vn -0.0810 0.9955 -0.0484
vn -0.0751 0.9930 -0.0909
vn -0.0724 0.9942 -0.0801
vn -0.0624 0.9900 -0.1265
vn -0.0612 0.9920 -0.1105
vn -0.0453 0.9860 -0.1604
vn -0.0466 0.9891 -0.1396
vn -0.0214 0.9812 -0.1919
vn -0.0263 0.9855 -0.1674
vn 0.0135 0.9761 -0.2169
vn 0.0038 0.9816 -0.1907
vn 0.0651 0.9726 -0.2232
vn 0.0493 0.9788 -0.1987
vn 0.1329 0.9742 -0.1823
vn 0.1133 0.9793 -0.1678
vn 0.1869 0.9800 -0.0692
vn 0.1763 0.9820 -0.0683
vn -0.2377 0.9692 -0.0643
vn -0.2383 0.9690 -0.0650
vn -0.2169 0.9551 -0.2018
vn -0.2180 0.9542 -0.2047
vn -0.1785 0.9268 -0.3304
vn -0.1793 0.9250 -0.3350
vn -0.1278 0.8893 -0.4391
vn -0.1279 0.8871 -0.4434
vn -0.0667 0.8465 -0.5282
vn -0.0665 0.8450 -0.5306
vn 0.0094 0.7982 -0.6023
vn 0.0091 0.7990 -0.6012
vn 0.1138 0.7415 -0.6612
vn 0.1117 0.7463 -0.6562
vn 0.2728 0.6737 -0.6869
vn 0.2670 0.6839 -0.6789
vn 0.5215 0.5993 -0.6074
vn 0.5115 0.6141 -0.6010
vn 0.7976 0.5435 -0.2617
vn 0.7914 0.5525 -0.2616
vn -0.3090 0.9470 -0.0880
vn -0.2854 0.9159 -0.2821
vn -0.2856 0.9158 -0.2825
vn -0.2362 0.8484 -0.4737
vn -0.2364 0.8471 -0.4759
vn -0.1647 0.7505 -0.6401
vn -0.1643 0.7460 -0.6454
vn -0.0742 0.6322 -0.7713
vn -0.0723 0.6217 -0.7799
vn 0.0378 0.4976 -0.8666
vn 0.0424 0.4781 -0.8773
vn 0.1836 0.3408 -0.9220
vn 0.1913 0.3103 -0.9312
vn 0.3870 0.1468 -0.9103
vn 0.3960 0.1066 -0.9120
vn 0.6637 -0.0942 -0.7421
vn 0.6670 -0.1327 -0.7332
vn 0.9071 -0.3064 -0.2885
vn 0.9035 -0.3217 -0.2831
vn -0.3564 0.9286 -0.1033
vn -0.3555 0.9292 -0.1014
vn -0.3325 0.8813 -0.3357
vn -0.3311 0.8843 -0.3291
vn -0.2759 0.7729 -0.5715
vn -0.2757 0.7788 -0.5635
vn -0.1870 0.6084 -0.7713
vn -0.1876 0.6124 -0.7680
vn -0.0738 0.4111 -0.9086
vn -0.0721 0.4028 -0.9124
vn 0.0581 0.2020 -0.9776
vn 0.0646 0.1724 -0.9829
vn 0.2119 -0.0128 -0.9772
vn 0.2222 -0.0649 -0.9728
vn 0.3962 -0.2391 -0.8865
vn 0.4033 -0.3021 -0.8637
vn 0.6006 -0.4691 -0.6474
vn 0.5946 -0.5174 -0.6155
vn 0.7415 -0.6309 -0.2285
vn 0.7322 -0.6456 -0.2171
vn -0.3938 0.9122 -0.1131
vn -0.3919 0.9136 -0.1084
vn -0.3708 0.8510 -0.3718
vn -0.3681 0.8592 -0.3553
vn -0.3086 0.7048 -0.6387
vn -0.3094 0.7243 -0.6161
vn -0.2042 0.4786 -0.8540
vn -0.2083 0.5017 -0.8396
vn -0.0724 0.2171 -0.9735
vn -0.0739 0.2236 -0.9719
vn 0.0701 -0.0341 -0.9970
vn 0.0757 -0.0582 -0.9954
vn 0.2191 -0.2595 -0.9406
vn 0.2289 -0.3106 -0.9226
vn 0.3781 -0.4639 -0.8011
vn 0.3826 -0.5227 -0.7618
vn 0.5342 -0.6429 -0.5489
vn 0.5255 -0.6832 -0.5071
vn 0.6306 -0.7536 -0.1857
vn 0.6211 -0.7647 -0.1718
vn 0.0439 0.9990 -0.0034
vn 0.0428 0.9990 -0.0102
vn 0.0405 0.9990 -0.0168
vn 0.0374 0.9990 -0.0229
vn 0.0333 0.9990 -0.0285
vn 0.0284 0.9990 -0.0333
vn 0.0229 0.9990 -0.0374
vn 0.0168 0.9990 -0.0406
vn 0.0102 0.9990 -0.0428
vn 0.0034 0.9990 -0.0439
vn 0.2044 0.9788 -0.0159
vn 0.1991 0.9788 -0.0477
vn 0.1888 0.9789 -0.0782
vn 0.1740 0.9789 -0.1067
vn 0.1551 0.9790 -0.1325
vn 0.1325 0.9790 -0.1551
vn 0.1067 0.9789 -0.1740
vn 0.0782 0.9789 -0.1888
vn 0.0477 0.9788 -0.1991
vn 0.0159 0.9788 -0.2044
vn 0.5931 0.8038 -0.0461
vn 0.5931 0.8038 -0.0462
vn 0.5780 0.8042 -0.1384
vn 0.5485 0.8047 -0.2273
vn 0.5056 0.8051 -0.3101
vn 0.4507 0.8053 -0.3851
vn 0.3851 0.8053 -0.4507
vn 0.3101 0.8051 -0.5056
vn 0.2272 0.8047 -0.5485
vn 0.2273 0.8047 -0.5485
vn 0.1384 0.8042 -0.5780
vn 0.0461 0.8038 -0.5931
vn 0.0462 0.8038 -0.5931
vn 0.9970 0.0043 -0.0776
vn 0.9725 0.0042 -0.2329
vn 0.9725 0.0043 -0.2329
vn 0.9238 0.0042 -0.3828
vn 0.8524 0.0041 -0.5229
vn 0.8524 0.0042 -0.5229
vn 0.7603 0.0041 -0.6496
vn 0.7602 0.0041 -0.6496
vn 0.6496 0.0041 -0.7603
vn 0.6496 0.0041 -0.7602
vn 0.5229 0.0042 -0.8524
vn 0.5229 0.0041 -0.8524
vn 0.3828 0.0042 -0.9238
vn 0.2329 0.0043 -0.9725
vn 0.2329 0.0042 -0.9725
vn 0.0776 0.0043 -0.9970
vn 0.8466 -0.5281 -0.0659
vn 0.8255 -0.5287 -0.1977
vn 0.8255 -0.5286 -0.1978
vn 0.7838 -0.5294 -0.3248
vn 0.7838 -0.5293 -0.3248
vn 0.7228 -0.5300 -0.4434
vn 0.7228 -0.5299 -0.4435
vn 0.6446 -0.5303 -0.5508
vn 0.6445 -0.5303 -0.5508
vn 0.5508 -0.5303 -0.6446
vn 0.5508 -0.5303 -0.6445
vn 0.4434 -0.5299 -0.7229
vn 0.4435 -0.5300 -0.7228
vn 0.3248 -0.5293 -0.7838
vn 0.3248 -0.5294 -0.7837
vn 0.1977 -0.5286 -0.8255
vn 0.1977 -0.5287 -0.8255
vn 0.0659 -0.5281 -0.8466
vn 0.7474 -0.6618 -0.0582
vn 0.7285 -0.6624 -0.1745
vn 0.7286 -0.6623 -0.1746
vn 0.6915 -0.6631 -0.2866
vn 0.6915 -0.6630 -0.2867
vn 0.6376 -0.6637 -0.3912
vn 0.6376 -0.6636 -0.3913
vn 0.5685 -0.6640 -0.4858
vn 0.5685 -0.6639 -0.4858
vn 0.4858 -0.6639 -0.5685
vn 0.4858 -0.6640 -0.5685
vn 0.3912 -0.6636 -0.6376
vn 0.3912 -0.6637 -0.6376
vn 0.2866 -0.6630 -0.6915
vn 0.2867 -0.6631 -0.6914
vn 0.1745 -0.6623 -0.7286
vn 0.1746 -0.6624 -0.7285
vn 0.0582 -0.6618 -0.7474
vn 0.7424 -0.6674 -0.0578
vn 0.7424 -0.6674 -0.0579
vn 0.7237 -0.6680 -0.1735
vn 0.7237 -0.6680 -0.1736
vn 0.6868 -0.6687 -0.2848
vn 0.6868 -0.6687 -0.2850
vn 0.6333 -0.6693 -0.3886
vn 0.6332 -0.6693 -0.3887
vn 0.5646 -0.6696 -0.4825
vn 0.5646 -0.6696 -0.4826
vn 0.4825 -0.6696 -0.5646
vn 0.4826 -0.6696 -0.5646
vn 0.3886 -0.6693 -0.6333
vn 0.3887 -0.6693 -0.6332
vn 0.2848 -0.6687 -0.6869
vn 0.2850 -0.6687 -0.6867
vn 0.1735 -0.6680 -0.7237
vn 0.1736 -0.6680 -0.7236
vn 0.0578 -0.6674 -0.7425
vn 0.0579 -0.6674 -0.7424
vn 0.8218 -0.5661 -0.0641
vn 0.8219 -0.5660 -0.0643
vn 0.8011 -0.5668 -0.1922
vn 0.8011 -0.5666 -0.1926
vn 0.7605 -0.5676 -0.3156
vn 0.7604 -0.5674 -0.3159
vn 0.7013 -0.5682 -0.4305
vn 0.7012 -0.5681 -0.4308
vn 0.6254 -0.5685 -0.5345
vn 0.6253 -0.5685 -0.5346
vn 0.5345 -0.5685 -0.6254
vn 0.5346 -0.5685 -0.6253
vn 0.4305 -0.5681 -0.7013
vn 0.4308 -0.5682 -0.7011
vn 0.3156 -0.5674 -0.7605
vn 0.3159 -0.5676 -0.7603
vn 0.1922 -0.5666 -0.8012
vn 0.1926 -0.5668 -0.8010
vn 0.0641 -0.5660 -0.8219
vn 0.0643 -0.5661 -0.8218
vn 0.9752 -0.2080 -0.0763
vn 0.9752 -0.2079 -0.0765
vn 0.9509 -0.2085 -0.2286
vn 0.9509 -0.2083 -0.2290
vn 0.9030 -0.2092 -0.3752
vn 0.9029 -0.2089 -0.3757
vn 0.8331 -0.2097 -0.5119
vn 0.8329 -0.2095 -0.5122
vn 0.7432 -0.2099 -0.6353
vn 0.7431 -0.2099 -0.6355
vn 0.6353 -0.2099 -0.7432
vn 0.6355 -0.2100 -0.7430
vn 0.5119 -0.2095 -0.8331
vn 0.5121 -0.2097 -0.8329
vn 0.3752 -0.2089 -0.9031
vn 0.3757 -0.2092 -0.9028
vn 0.2286 -0.2083 -0.9510
vn 0.2290 -0.2085 -0.9508
vn 0.0763 -0.2079 -0.9752
vn 0.0765 -0.2080 -0.9751
vn 0.8311 0.5523 -0.0652
vn 0.8102 0.5527 -0.1952
vn 0.8101 0.5527 -0.1953
vn 0.7692 0.5531 -0.3201
vn 0.7691 0.5532 -0.3202
vn 0.7095 0.5534 -0.4363
vn 0.7094 0.5535 -0.4364
vn 0.6329 0.5536 -0.5413
vn 0.5413 0.5536 -0.6329
vn 0.4362 0.5535 -0.7095
vn 0.4364 0.5534 -0.7094
vn 0.3200 0.5532 -0.7691
vn 0.3202 0.5531 -0.7691
vn 0.1951 0.5527 -0.8102
vn 0.1953 0.5527 -0.8102
vn 0.0652 0.5523 -0.8311
vn -0.0034 0.9990 -0.0439
vn -0.0102 0.9990 -0.0428
vn -0.0168 0.9990 -0.0406
vn -0.0229 0.9990 -0.0374
vn -0.0284 0.9990 -0.0333
vn -0.0333 0.9990 -0.0285
vn -0.0374 0.9990 -0.0229
vn -0.0405 0.9990 -0.0168
vn -0.0428 0.9990 -0.0102
vn -0.0439 0.9990 -0.0034
vn -0.0159 0.9788 -0.2044
vn -0.0477 0.9788 -0.1991
vn -0.0782 0.9789 -0.1888
vn -0.1067 0.9789 -0.1740
vn -0.1325 0.9790 -0.1551
vn -0.1551 0.9790 -0.1325
vn -0.1740 0.9789 -0.1067
vn -0.1888 0.9789 -0.0782
vn -0.1991 0.9788 -0.0477
vn -0.2044 0.9788 -0.0159
vn -0.0461 0.8038 -0.5931
vn -0.0462 0.8038 -0.5931
vn -0.1384 0.8042 -0.5780
vn -0.2273 0.8047 -0.5485
vn -0.3101 0.8051 -0.5056
vn -0.3851 0.8053 -0.4507
vn -0.4507 0.8053 -0.3851
vn -0.5056 0.8051 -0.3101
vn -0.5485 0.8047 -0.2272
vn -0.5485 0.8047 -0.2273
vn -0.5780 0.8042 -0.1384
vn -0.5931 0.8038 -0.0461
vn -0.5931 0.8038 -0.0462
vn -0.0776 0.0043 -0.9970
vn -0.2329 0.0042 -0.9725
vn -0.2329 0.0043 -0.9725
vn -0.3828 0.0042 -0.9238
vn -0.5229 0.0041 -0.8524
vn -0.5229 0.0042 -0.8524
vn -0.6496 0.0041 -0.7603
vn -0.7603 0.0041 -0.6496
vn -0.8524 0.0042 -0.5229
vn -0.8524 0.0041 -0.5229
vn -0.9238 0.0042 -0.3828
vn -0.9725 0.0043 -0.2329
vn -0.9725 0.0042 -0.2329
vn -0.9970 0.0043 -0.0776
vn -0.0659 -0.5281 -0.8466
vn -0.1977 -0.5287 -0.8255
vn -0.1978 -0.5286 -0.8255
vn -0.3248 -0.5294 -0.7837
vn -0.3248 -0.5293 -0.7838
vn -0.4434 -0.5300 -0.7228
vn -0.4435 -0.5299 -0.7228
vn -0.5508 -0.5303 -0.6446
vn -0.6446 -0.5303 -0.5508
vn -0.6445 -0.5303 -0.5508
vn -0.7229 -0.5299 -0.4434
vn -0.7228 -0.5300 -0.4435
vn -0.7838 -0.5294 -0.3248
vn -0.7837 -0.5294 -0.3248
vn -0.8255 -0.5286 -0.1977
vn -0.8255 -0.5287 -0.1977
vn -0.8466 -0.5281 -0.0659
vn -0.0582 -0.6618 -0.7474
vn -0.1745 -0.6624 -0.7286
vn -0.1746 -0.6623 -0.7286
vn -0.2866 -0.6631 -0.6915
vn -0.2867 -0.6630 -0.6915
vn -0.3912 -0.6637 -0.6376
vn -0.3913 -0.6636 -0.6376
vn -0.4858 -0.6640 -0.5685
vn -0.4858 -0.6639 -0.5685
vn -0.5685 -0.6640 -0.4858
vn -0.6376 -0.6636 -0.3912
vn -0.6376 -0.6637 -0.3912
vn -0.6915 -0.6630 -0.2866
vn -0.6914 -0.6631 -0.2867
vn -0.7286 -0.6623 -0.1745
vn -0.7285 -0.6624 -0.1746
vn -0.7474 -0.6618 -0.0582
vn -0.0578 -0.6674 -0.7424
vn -0.0579 -0.6674 -0.7424
vn -0.1735 -0.6680 -0.7237
vn -0.1736 -0.6680 -0.7237
vn -0.2848 -0.6687 -0.6868
vn -0.2850 -0.6687 -0.6868
vn -0.3886 -0.6693 -0.6333
vn -0.3887 -0.6693 -0.6332
vn -0.4825 -0.6696 -0.5646
vn -0.4826 -0.6696 -0.5646
vn -0.5646 -0.6696 -0.4825
vn -0.5646 -0.6696 -0.4826
vn -0.6333 -0.6693 -0.3886
vn -0.6332 -0.6693 -0.3887
vn -0.6869 -0.6687 -0.2848
vn -0.6867 -0.6687 -0.2850
vn -0.7237 -0.6680 -0.1735
vn -0.7236 -0.6680 -0.1736
vn -0.7425 -0.6674 -0.0578
vn -0.7424 -0.6674 -0.0579
vn -0.0641 -0.5661 -0.8218
vn -0.0643 -0.5660 -0.8219
vn -0.1922 -0.5668 -0.8011
vn -0.1926 -0.5666 -0.8011
vn -0.3156 -0.5675 -0.7605
vn -0.3159 -0.5674 -0.7604
vn -0.4305 -0.5682 -0.7013
vn -0.4308 -0.5681 -0.7012
vn -0.5345 -0.5685 -0.6254
vn -0.5346 -0.5685 -0.6253
vn -0.6254 -0.5685 -0.5345
vn -0.6253 -0.5685 -0.5346
vn -0.7013 -0.5681 -0.4305
vn -0.7011 -0.5682 -0.4308
vn -0.7605 -0.5674 -0.3156
vn -0.7603 -0.5676 -0.3159
vn -0.8012 -0.5666 -0.1922
vn -0.8010 -0.5668 -0.1926
vn -0.8219 -0.5660 -0.0641
vn -0.8218 -0.5661 -0.0643
vn -0.0763 -0.2080 -0.9752
vn -0.0765 -0.2079 -0.9752
vn -0.2286 -0.2085 -0.9509
vn -0.2290 -0.2083 -0.9509
vn -0.3752 -0.2092 -0.9030
vn -0.3757 -0.2089 -0.9029
vn -0.5119 -0.2097 -0.8331
vn -0.5122 -0.2095 -0.8329
vn -0.6353 -0.2099 -0.7432
vn -0.6355 -0.2099 -0.7431
vn -0.7432 -0.2099 -0.6353
vn -0.7430 -0.2100 -0.6355
vn -0.8331 -0.2095 -0.5119
vn -0.8329 -0.2097 -0.5121
vn -0.9031 -0.2089 -0.3752
vn -0.9028 -0.2092 -0.3757
vn -0.9510 -0.2083 -0.2286
vn -0.9508 -0.2085 -0.2290
vn -0.9752 -0.2079 -0.0763
vn -0.9751 -0.2080 -0.0765
vn -0.0652 0.5523 -0.8311
vn -0.1952 0.5527 -0.8102
vn -0.1953 0.5527 -0.8101
vn -0.3201 0.5531 -0.7692
vn -0.3202 0.5532 -0.7691
vn -0.4363 0.5534 -0.7095
vn -0.4364 0.5535 -0.7094
vn -0.5413 0.5536 -0.6329
vn -0.6329 0.5536 -0.5413
vn -0.7095 0.5535 -0.4362
vn -0.7094 0.5534 -0.4364
vn -0.7691 0.5532 -0.3200
vn -0.7691 0.5531 -0.3202
vn -0.8102 0.5527 -0.1951
vn -0.8102 0.5527 -0.1953
vn -0.8311 0.5523 -0.0652
vn -0.0439 0.9990 0.0034
vn -0.0428 0.9990 0.0102
vn -0.0405 0.9990 0.0168
vn -0.0374 0.9990 0.0229
vn -0.0333 0.9990 0.0285
vn -0.0284 0.9990 0.0333
vn -0.0229 0.9990 0.0374
vn -0.0168 0.9990 0.0406
vn -0.0102 0.9990 0.0428
vn -0.0034 0.9990 0.0439
vn -0.2044 0.9788 0.0159
vn -0.1991 0.9788 0.0477
vn -0.1888 0.9789 0.0782
vn -0.1740 0.9789 0.1067
vn -0.1551 0.9790 0.1325
vn -0.1325 0.9790 0.1551
vn -0.1067 0.9789 0.1740
vn -0.0782 0.9789 0.1888
vn -0.0477 0.9788 0.1991
vn -0.0159 0.9788 0.2044
vn -0.5931 0.8038 0.0461
vn -0.5931 0.8038 0.0462
vn -0.5780 0.8042 0.1384
vn -0.5485 0.8047 0.2273
vn -0.5056 0.8051 0.3101
vn -0.4507 0.8053 0.3851
vn -0.3851 0.8053 0.4507
vn -0.3101 0.8051 0.5056
vn -0.2272 0.8047 0.5485
vn -0.2273 0.8047 0.5485
vn -0.1384 0.8042 0.5780
vn -0.0461 0.8038 0.5931
vn -0.0462 0.8038 0.5931
vn -0.9970 0.0043 0.0776
vn -0.9725 0.0042 0.2329
vn -0.9725 0.0043 0.2329
vn -0.9238 0.0042 0.3828
vn -0.8524 0.0041 0.5229
vn -0.8524 0.0042 0.5229
vn -0.7603 0.0041 0.6496
vn -0.7602 0.0041 0.6496
vn -0.6496 0.0041 0.7603
vn -0.6496 0.0041 0.7602
vn -0.5229 0.0042 0.8524
vn -0.5229 0.0041 0.8524
vn -0.3828 0.0042 0.9238
vn -0.2329 0.0043 0.9725
vn -0.2329 0.0042 0.9725
vn -0.0776 0.0043 0.9970
vn -0.8466 -0.5281 0.0659
vn -0.8255 -0.5287 0.1977
vn -0.8255 -0.5286 0.1978
vn -0.7838 -0.5294 0.3248
vn -0.7838 -0.5293 0.3248
vn -0.7228 -0.5300 0.4434
vn -0.7228 -0.5299 0.4435
vn -0.6446 -0.5303 0.5508
vn -0.6445 -0.5303 0.5508
vn -0.5508 -0.5303 0.6446
vn -0.5508 -0.5303 0.6445
vn -0.4434 -0.5299 0.7229
vn -0.4435 -0.5300 0.7228
vn -0.3248 -0.5293 0.7838
vn -0.3248 -0.5294 0.7837
vn -0.1977 -0.5286 0.8255
vn -0.1977 -0.5287 0.8255
vn -0.0659 -0.5281 0.8466
vn -0.7474 -0.6618 0.0582
vn -0.7285 -0.6624 0.1745
vn -0.7286 -0.6623 0.1746
vn -0.6915 -0.6631 0.2866
vn -0.6915 -0.6630 0.2867
vn -0.6376 -0.6637 0.3912
vn -0.6376 -0.6636 0.3913
vn -0.5685 -0.6640 0.4858
vn -0.5685 -0.6639 0.4858
vn -0.4858 -0.6639 0.5685
vn -0.4858 -0.6640 0.5685
vn -0.3912 -0.6636 0.6376
vn -0.3912 -0.6637 0.6376
vn -0.2866 -0.6630 0.6915
vn -0.2867 -0.6631 0.6914
vn -0.1745 -0.6623 0.7286
vn -0.1746 -0.6624 0.7285
vn -0.0582 -0.6618 0.7474
vn -0.7424 -0.6674 0.0578
vn -0.7424 -0.6674 0.0579
vn -0.7237 -0.6680 0.1735
vn -0.7237 -0.6680 0.1736
vn -0.6868 -0.6687 0.2848
vn -0.6868 -0.6687 0.2850
vn -0.6333 -0.6693 0.3886
vn -0.6332 -0.6693 0.3887
vn -0.5646 -0.6696 0.4825
vn -0.5646 -0.6696 0.4826
vn -0.4825 -0.6696 0.5646
vn -0.4826 -0.6696 0.5646
vn -0.3886 -0.6693 0.6333
vn -0.3887 -0.6693 0.6332
vn -0.2848 -0.6687 0.6869
vn -0.2850 -0.6687 0.6867
vn -0.1735 -0.6680 0.7237
vn -0.1736 -0.6680 0.7236
vn -0.0578 -0.6674 0.7425
vn -0.0579 -0.6674 0.7424
vn -0.8218 -0.5661 0.0641
vn -0.8219 -0.5660 0.0643
vn -0.8011 -0.5668 0.1922
vn -0.8011 -0.5666 0.1926
vn -0.7605 -0.5676 0.3156
vn -0.7604 -0.5674 0.3159
vn -0.7013 -0.5682 0.4305
vn -0.7012 -0.5681 0.4308
vn -0.6254 -0.5685 0.5345
vn -0.6253 -0.5685 0.5346
vn -0.5345 -0.5685 0.6254
vn -0.5346 -0.5685 0.6253
vn -0.4305 -0.5681 0.7013
vn -0.4308 -0.5682 0.7011
vn -0.3156 -0.5674 0.7605
vn -0.3159 -0.5676 0.7603
vn -0.1922 -0.5666 0.8012
vn -0.1926 -0.5668 0.8010
vn -0.0641 -0.5660 0.8219
vn -0.0643 -0.5661 0.8218
vn -0.9752 -0.2080 0.0763
vn -0.9752 -0.2079 0.0765
vn -0.9509 -0.2085 0.2286
vn -0.9509 -0.2083 0.2290
vn -0.9030 -0.2092 0.3752
vn -0.9029 -0.2089 0.3757
vn -0.8331 -0.2097 0.5119
vn -0.8329 -0.2095 0.5122
vn -0.7432 -0.2099 0.6353
vn -0.7431 -0.2099 0.6355
vn -0.6353 -0.2099 0.7432
vn -0.6355 -0.2100 0.7430
vn -0.5119 -0.2095 0.8331
vn -0.5121 -0.2097 0.8329
vn -0.3752 -0.2089 0.9031
vn -0.3757 -0.2092 0.9028
vn -0.2286 -0.2083 0.9510
vn -0.2290 -0.2085 0.9508
vn -0.0763 -0.2079 0.9752
vn -0.0765 -0.2080 0.9751
vn -0.8311 0.5523 0.0652
vn -0.8102 0.5527 0.1952
vn -0.8101 0.5527 0.1953
vn -0.7692 0.5531 0.3201
vn -0.7691 0.5532 0.3202
vn -0.7095 0.5534 0.4363
vn -0.7094 0.5535 0.4364
vn -0.6329 0.5536 0.5413
vn -0.5413 0.5536 0.6329
vn -0.4362 0.5535 0.7095
vn -0.4364 0.5534 0.7094
vn -0.3200 0.5532 0.7691
vn -0.3202 0.5531 0.7691
vn -0.1951 0.5527 0.8102
vn -0.1953 0.5527 0.8102
vn -0.0652 0.5523 0.8311
vn 0.0034 0.9990 0.0439
vn 0.0102 0.9990 0.0428
vn 0.0168 0.9990 0.0406
vn 0.0229 0.9990 0.0374
vn 0.0284 0.9990 0.0333
vn 0.0333 0.9990 0.0285
vn 0.0374 0.9990 0.0229
vn 0.0405 0.9990 0.0168
vn 0.0428 0.9990 0.0102
vn 0.0439 0.9990 0.0034
vn 0.0159 0.9788 0.2044
vn 0.0477 0.9788 0.1991
vn 0.0782 0.9789 0.1888
vn 0.1067 0.9789 0.1740
vn 0.1325 0.9790 0.1551
vn 0.1551 0.9790 0.1325
vn 0.1740 0.9789 0.1067
vn 0.1888 0.9789 0.0782
vn 0.1991 0.9788 0.0477
vn 0.2044 0.9788 0.0159
vn 0.0461 0.8038 0.5931
vn 0.0462 0.8038 0.5931
vn 0.1384 0.8042 0.5780
vn 0.2273 0.8047 0.5485
vn 0.3101 0.8051 0.5056
vn 0.3851 0.8053 0.4507
vn 0.4507 0.8053 0.3851
vn 0.5056 0.8051 0.3101
vn 0.5485 0.8047 0.2272
vn 0.5485 0.8047 0.2273
vn 0.5780 0.8042 0.1384
vn 0.5931 0.8038 0.0461
vn 0.5931 0.8038 0.0462
vn 0.0776 0.0043 0.9970
vn 0.2329 0.0042 0.9725
vn 0.2329 0.0043 0.9725
vn 0.3828 0.0042 0.9238
vn 0.5229 0.0041 0.8524
vn 0.5229 0.0042 0.8524
vn 0.6496 0.0041 0.7603
vn 0.7603 0.0041 0.6496
vn 0.8524 0.0042 0.5229
vn 0.8524 0.0041 0.5229
vn 0.9238 0.0042 0.3828
vn 0.9725 0.0043 0.2329
vn 0.9725 0.0042 0.2329
vn 0.9970 0.0043 0.0776
vn 0.0659 -0.5281 0.8466
vn 0.1977 -0.5287 0.8255
vn 0.1978 -0.5286 0.8255
vn 0.3248 -0.5294 0.7837
vn 0.3248 -0.5293 0.7838
vn 0.4434 -0.5300 0.7228
vn 0.4435 -0.5299 0.7228
vn 0.5508 -0.5303 0.6446
vn 0.6446 -0.5303 0.5508
vn 0.6445 -0.5303 0.5508
vn 0.7229 -0.5299 0.4434
vn 0.7228 -0.5300 0.4435
vn 0.7838 -0.5294 0.3248
vn 0.7837 -0.5294 0.3248
vn 0.8255 -0.5286 0.1977
vn 0.8255 -0.5287 0.1977
vn 0.8466 -0.5281 0.0659
vn 0.0582 -0.6618 0.7474
vn 0.1745 -0.6624 0.7286
vn 0.1746 -0.6623 0.7286
vn 0.2866 -0.6631 0.6915
vn 0.2867 -0.6630 0.6915
vn 0.3912 -0.6637 0.6376
vn 0.3913 -0.6636 0.6376
vn 0.4858 -0.6640 0.5685
vn 0.4858 -0.6639 0.5685
vn 0.5685 -0.6640 0.4858
vn 0.6376 -0.6636 0.3912
vn 0.6376 -0.6637 0.3912
vn 0.6915 -0.6630 0.2866
vn 0.6914 -0.6631 0.2867
vn 0.7286 -0.6623 0.1745
vn 0.7285 -0.6624 0.1746
vn 0.7474 -0.6618 0.0582
vn 0.0578 -0.6674 0.7424
vn 0.0579 -0.6674 0.7424
vn 0.1735 -0.6680 0.7237
vn 0.1736 -0.6680 0.7237
vn 0.2848 -0.6687 0.6868
vn 0.2850 -0.6687 0.6868
vn 0.3886 -0.6693 0.6333
vn 0.3887 -0.6693 0.6332
vn 0.4825 -0.6696 0.5646
vn 0.4826 -0.6696 0.5646
vn 0.5646 -0.6696 0.4825
vn 0.5646 -0.6696 0.4826
vn 0.6333 -0.6693 0.3886
vn 0.6332 -0.6693 0.3887
vn 0.6869 -0.6687 0.2848
vn 0.6867 -0.6687 0.2850
vn 0.7237 -0.6680 0.1735
vn 0.7236 -0.6680 0.1736
vn 0.7425 -0.6674 0.0578
vn 0.7424 -0.6674 0.0579
vn 0.0641 -0.5661 0.8218
vn 0.0643 -0.5660 0.8219
vn 0.1922 -0.5668 0.8011
vn 0.1926 -0.5666 0.8011
vn 0.3156 -0.5675 0.7605
vn 0.3159 -0.5674 0.7604
vn 0.4305 -0.5682 0.7013
vn 0.4308 -0.5681 0.7012
vn 0.5345 -0.5685 0.6254
vn 0.5346 -0.5685 0.6253
vn 0.6254 -0.5685 0.5345
vn 0.6253 -0.5685 0.5346
vn 0.7013 -0.5681 0.4305
vn 0.7011 -0.5682 0.4308
vn 0.7605 -0.5674 0.3156
vn 0.7603 -0.5676 0.3159
vn 0.8012 -0.5666 0.1922
vn 0.8010 -0.5668 0.1926
vn 0.8219 -0.5660 0.0641
vn 0.8218 -0.5661 0.0643
vn 0.0763 -0.2080 0.9752
vn 0.0765 -0.2079 0.9752
vn 0.2286 -0.2085 0.9509
vn 0.2290 -0.2083 0.9509
vn 0.3752 -0.2092 0.9030
vn 0.3757 -0.2089 0.9029
vn 0.5119 -0.2097 0.8331
vn 0.5122 -0.2095 0.8329
vn 0.6353 -0.2099 0.7432
vn 0.6355 -0.2099 0.7431
vn 0.7432 -0.2099 0.6353
vn 0.7430 -0.2100 0.6355
vn 0.8331 -0.2095 0.5119
vn 0.8329 -0.2097 0.5121
vn 0.9031 -0.2089 0.3752
vn 0.9028 -0.2092 0.3757
vn 0.9510 -0.2083 0.2286
vn 0.9508 -0.2085 0.2290
vn 0.9752 -0.2079 0.0763
vn 0.9751 -0.2080 0.0765
vn 0.0652 0.5523 0.8311
vn 0.1952 0.5527 0.8102
vn 0.1953 0.5527 0.8101
vn 0.3201 0.5531 0.7692
vn 0.3202 0.5532 0.7691
vn 0.4363 0.5534 0.7095
vn 0.4364 0.5535 0.7094
vn 0.5413 0.5536 0.6329
vn 0.6329 0.5536 0.5413
vn 0.7095 0.5535 0.4362
vn 0.7094 0.5534 0.4364
vn 0.7691 0.5532 0.3200
vn 0.7691 0.5531 0.3202
vn 0.8102 0.5527 0.1951
vn 0.8102 0.5527 0.1953
vn 0.8311 0.5523 0.0652
vn 0.4568 0.8889 -0.0358
vn 0.4568 0.8889 -0.0359
vn 0.4450 0.8891 -0.1073
vn 0.4221 0.8893 -0.1757
vn 0.4221 0.8893 -0.1758
vn 0.3891 0.8895 -0.2394
vn 0.3470 0.8896 -0.2968
vn 0.2968 0.8896 -0.3470
vn 0.2394 0.8895 -0.3891
vn 0.1757 0.8893 -0.4221
vn 0.1758 0.8893 -0.4221
vn 0.1073 0.8891 -0.4450
vn 0.0359 0.8889 -0.4568
vn 0.2877 0.9574 -0.0226
vn 0.2803 0.9575 -0.0676
vn 0.2658 0.9576 -0.1107
vn 0.2450 0.9577 -0.1507
vn 0.2185 0.9578 -0.1869
vn 0.1869 0.9578 -0.2185
vn 0.1507 0.9577 -0.2450
vn 0.1107 0.9576 -0.2658
vn 0.0676 0.9575 -0.2803
vn 0.0226 0.9574 -0.2877
vn 0.2050 0.9786 -0.0161
vn 0.1997 0.9787 -0.0482
vn 0.1997 0.9787 -0.0481
vn 0.1894 0.9787 -0.0789
vn 0.1746 0.9788 -0.1074
vn 0.1557 0.9788 -0.1331
vn 0.1331 0.9788 -0.1557
vn 0.1074 0.9788 -0.1746
vn 0.0789 0.9787 -0.1894
vn 0.0481 0.9787 -0.1997
vn 0.0482 0.9787 -0.1997
vn 0.0161 0.9786 -0.2050
vn 0.1642 0.9863 -0.0129
vn 0.1599 0.9864 -0.0386
vn 0.1517 0.9864 -0.0631
vn 0.1398 0.9864 -0.0860
vn 0.1246 0.9865 -0.1066
vn 0.1066 0.9865 -0.1246
vn 0.0860 0.9864 -0.1398
vn 0.0631 0.9864 -0.1517
vn 0.0386 0.9864 -0.1599
vn 0.0129 0.9863 -0.1642
vn 0.1489 0.9888 -0.0117
vn 0.1450 0.9888 -0.0350
vn 0.1376 0.9888 -0.0573
vn 0.1268 0.9889 -0.0780
vn 0.1131 0.9889 -0.0967
vn 0.0967 0.9889 -0.1131
vn 0.0780 0.9889 -0.1268
vn 0.0573 0.9888 -0.1376
vn 0.0350 0.9888 -0.1450
vn 0.0117 0.9888 -0.1489
vn 0.1549 0.9879 -0.0122
vn 0.1509 0.9879 -0.0364
vn 0.1431 0.9879 -0.0596
vn 0.1319 0.9879 -0.0811
vn 0.1176 0.9880 -0.1006
vn 0.1006 0.9880 -0.1176
vn 0.0811 0.9879 -0.1319
vn 0.0596 0.9879 -0.1431
vn 0.0364 0.9879 -0.1509
vn 0.0122 0.9879 -0.1549
vn 0.1862 0.9824 -0.0146
vn 0.1814 0.9824 -0.0437
vn 0.1720 0.9825 -0.0716
vn 0.1585 0.9825 -0.0975
vn 0.1414 0.9825 -0.1209
vn 0.1209 0.9825 -0.1414
vn 0.0975 0.9825 -0.1585
vn 0.0716 0.9825 -0.1720
vn 0.0437 0.9824 -0.1814
vn 0.0146 0.9824 -0.1862
vn 0.2602 0.9653 -0.0204
vn 0.2535 0.9654 -0.0611
vn 0.2404 0.9655 -0.1001
vn 0.2216 0.9656 -0.1363
vn 0.1976 0.9656 -0.1690
vn 0.1690 0.9656 -0.1976
vn 0.1363 0.9656 -0.2216
vn 0.1001 0.9655 -0.2404
vn 0.0611 0.9654 -0.2535
vn 0.0204 0.9653 -0.2602
vn 0.0204 0.9653 -0.2603
vn 0.4335 0.9005 -0.0340
vn 0.4223 0.9007 -0.1018
vn 0.4006 0.9009 -0.1668
vn 0.3693 0.9011 -0.2272
vn 0.3293 0.9012 -0.2817
vn 0.2817 0.9012 -0.3293
vn 0.2272 0.9011 -0.3693
vn 0.1668 0.9009 -0.4006
vn 0.1018 0.9007 -0.4223
vn 0.0340 0.9005 -0.4335
vn 0.8470 0.5273 -0.0665
vn 0.8471 0.5273 -0.0665
vn 0.8257 0.5278 -0.1991
vn 0.7838 0.5283 -0.3263
vn 0.7838 0.5283 -0.3264
vn 0.7230 0.5287 -0.4447
vn 0.6450 0.5289 -0.5516
vn 0.5516 0.5289 -0.6450
vn 0.4447 0.5287 -0.7230
vn 0.3263 0.5283 -0.7838
vn 0.1991 0.5278 -0.8257
vn 0.0665 0.5273 -0.8471
vn -0.0359 0.8889 -0.4568
vn -0.1073 0.8891 -0.4450
vn -0.1757 0.8893 -0.4221
vn -0.1758 0.8893 -0.4221
vn -0.2394 0.8895 -0.3891
vn -0.2968 0.8896 -0.3470
vn -0.3470 0.8896 -0.2968
vn -0.3891 0.8895 -0.2394
vn -0.4221 0.8893 -0.1758
vn -0.4221 0.8893 -0.1757
vn -0.4450 0.8891 -0.1073
vn -0.4568 0.8889 -0.0359
vn -0.0226 0.9574 -0.2877
vn -0.0676 0.9575 -0.2803
vn -0.1107 0.9576 -0.2658
vn -0.1507 0.9577 -0.2450
vn -0.1869 0.9578 -0.2185
vn -0.2185 0.9578 -0.1869
vn -0.2450 0.9577 -0.1507
vn -0.2658 0.9576 -0.1107
vn -0.2803 0.9575 -0.0676
vn -0.2877 0.9574 -0.0226
vn -0.0161 0.9786 -0.2050
vn -0.0481 0.9787 -0.1997
vn -0.0789 0.9787 -0.1894
vn -0.1074 0.9788 -0.1746
vn -0.1331 0.9788 -0.1557
vn -0.1557 0.9788 -0.1331
vn -0.1746 0.9788 -0.1074
vn -0.1894 0.9787 -0.0789
vn -0.1997 0.9787 -0.0481
vn -0.1997 0.9787 -0.0482
vn -0.2050 0.9786 -0.0161
vn -0.0129 0.9863 -0.1642
vn -0.0386 0.9864 -0.1599
vn -0.0631 0.9864 -0.1517
vn -0.0860 0.9864 -0.1398
vn -0.1066 0.9865 -0.1246
vn -0.1246 0.9865 -0.1066
vn -0.1398 0.9864 -0.0860
vn -0.1517 0.9864 -0.0631
vn -0.1599 0.9864 -0.0386
vn -0.1642 0.9863 -0.0129
vn -0.0117 0.9888 -0.1489
vn -0.0350 0.9888 -0.1450
vn -0.0573 0.9888 -0.1376
vn -0.0780 0.9889 -0.1268
vn -0.0967 0.9889 -0.1131
vn -0.1131 0.9889 -0.0967
vn -0.1268 0.9889 -0.0780
vn -0.1376 0.9888 -0.0573
vn -0.1450 0.9888 -0.0350
vn -0.1489 0.9888 -0.0117
vn -0.0122 0.9879 -0.1549
vn -0.0364 0.9879 -0.1509
vn -0.0596 0.9879 -0.1431
vn -0.0811 0.9879 -0.1319
vn -0.1006 0.9880 -0.1176
vn -0.1176 0.9880 -0.1006
vn -0.1319 0.9879 -0.0811
vn -0.1431 0.9879 -0.0596
vn -0.1509 0.9879 -0.0364
vn -0.1549 0.9879 -0.0122
vn -0.0146 0.9824 -0.1862
vn -0.0437 0.9824 -0.1814
vn -0.0716 0.9825 -0.1720
vn -0.0975 0.9825 -0.1585
vn -0.1209 0.9825 -0.1414
vn -0.1414 0.9825 -0.1209
vn -0.1585 0.9825 -0.0975
vn -0.1720 0.9825 -0.0716
vn -0.1814 0.9824 -0.0437
vn -0.1862 0.9824 -0.0146
vn -0.0204 0.9653 -0.2602
vn -0.0204 0.9653 -0.2603
vn -0.0611 0.9654 -0.2535
vn -0.1001 0.9655 -0.2404
vn -0.1363 0.9656 -0.2216
vn -0.1690 0.9656 -0.1976
vn -0.1976 0.9656 -0.1690
vn -0.2216 0.9656 -0.1363
vn -0.2404 0.9655 -0.1001
vn -0.2535 0.9654 -0.0611
vn -0.2602 0.9653 -0.0204
vn -0.0340 0.9005 -0.4335
vn -0.1018 0.9007 -0.4223
vn -0.1668 0.9009 -0.4006
vn -0.2272 0.9011 -0.3693
vn -0.2817 0.9012 -0.3293
vn -0.3293 0.9012 -0.2817
vn -0.3693 0.9011 -0.2272
vn -0.4006 0.9009 -0.1668
vn -0.4223 0.9007 -0.1018
vn -0.4335 0.9005 -0.0340
vn -0.0665 0.5273 -0.8471
vn -0.1991 0.5278 -0.8257
vn -0.3263 0.5283 -0.7838
vn -0.4447 0.5287 -0.7230
vn -0.5516 0.5289 -0.6450
vn -0.6450 0.5289 -0.5516
vn -0.7230 0.5287 -0.4447
vn -0.7838 0.5283 -0.3263
vn -0.7838 0.5283 -0.3264
vn -0.8257 0.5278 -0.1991
vn -0.8471 0.5273 -0.0665
vn -0.8470 0.5273 -0.0665
vn -0.4568 0.8889 0.0358
vn -0.4568 0.8889 0.0359
vn -0.4450 0.8891 0.1073
vn -0.4221 0.8893 0.1757
vn -0.4221 0.8893 0.1758
vn -0.3891 0.8895 0.2394
vn -0.3470 0.8896 0.2968
vn -0.2968 0.8896 0.3470
vn -0.2394 0.8895 0.3891
vn -0.1757 0.8893 0.4221
vn -0.1758 0.8893 0.4221
vn -0.1073 0.8891 0.4450
vn -0.0359 0.8889 0.4568
vn -0.2877 0.9574 0.0226
vn -0.2803 0.9575 0.0676
vn -0.2658 0.9576 0.1107
vn -0.2450 0.9577 0.1507
vn -0.2185 0.9578 0.1869
vn -0.1869 0.9578 0.2185
vn -0.1507 0.9577 0.2450
vn -0.1107 0.9576 0.2658
vn -0.0676 0.9575 0.2803
vn -0.0226 0.9574 0.2877
vn -0.2050 0.9786 0.0161
vn -0.1997 0.9787 0.0482
vn -0.1997 0.9787 0.0481
vn -0.1894 0.9787 0.0789
vn -0.1746 0.9788 0.1074
vn -0.1557 0.9788 0.1331
vn -0.1331 0.9788 0.1557
vn -0.1074 0.9788 0.1746
vn -0.0789 0.9787 0.1894
vn -0.0481 0.9787 0.1997
vn -0.0482 0.9787 0.1997
vn -0.0161 0.9786 0.2050
vn -0.1642 0.9863 0.0129
vn -0.1599 0.9864 0.0386
vn -0.1517 0.9864 0.0631
vn -0.1398 0.9864 0.0860
vn -0.1246 0.9865 0.1066
vn -0.1066 0.9865 0.1246
vn -0.0860 0.9864 0.1398
vn -0.0631 0.9864 0.1517
vn -0.0386 0.9864 0.1599
vn -0.0129 0.9863 0.1642
vn -0.1489 0.9888 0.0117
vn -0.1450 0.9888 0.0350
vn -0.1376 0.9888 0.0573
vn -0.1268 0.9889 0.0780
vn -0.1131 0.9889 0.0967
vn -0.0967 0.9889 0.1131
vn -0.0780 0.9889 0.1268
vn -0.0573 0.9888 0.1376
vn -0.0350 0.9888 0.1450
vn -0.0117 0.9888 0.1489
vn -0.1549 0.9879 0.0122
vn -0.1509 0.9879 0.0364
vn -0.1431 0.9879 0.0596
vn -0.1319 0.9879 0.0811
vn -0.1176 0.9880 0.1006
vn -0.1006 0.9880 0.1176
vn -0.0811 0.9879 0.1319
vn -0.0596 0.9879 0.1431
vn -0.0364 0.9879 0.1509
vn -0.0122 0.9879 0.1549
vn -0.1862 0.9824 0.0146
vn -0.1814 0.9824 0.0437
vn -0.1720 0.9825 0.0716
vn -0.1585 0.9825 0.0975
vn -0.1414 0.9825 0.1209
vn -0.1209 0.9825 0.1414
vn -0.0975 0.9825 0.1585
vn -0.0716 0.9825 0.1720
vn -0.0437 0.9824 0.1814
vn -0.0146 0.9824 0.1862
vn -0.2602 0.9653 0.0204
vn -0.2535 0.9654 0.0611
vn -0.2404 0.9655 0.1001
vn -0.2216 0.9656 0.1363
vn -0.1976 0.9656 0.1690
vn -0.1690 0.9656 0.1976
vn -0.1363 0.9656 0.2216
vn -0.1001 0.9655 0.2404
vn -0.0611 0.9654 0.2535
vn -0.0204 0.9653 0.2602
vn -0.0204 0.9653 0.2603
vn -0.4335 0.9005 0.0340
vn -0.4223 0.9007 0.1018
vn -0.4006 0.9009 0.1668
vn -0.3693 0.9011 0.2272
vn -0.3293 0.9012 0.2817
vn -0.2817 0.9012 0.3293
vn -0.2272 0.9011 0.3693
vn -0.1668 0.9009 0.4006
vn -0.1018 0.9007 0.4223
vn -0.0340 0.9005 0.4335
vn -0.8470 0.5273 0.0665
vn -0.8471 0.5273 0.0665
vn -0.8257 0.5278 0.1991
vn -0.7838 0.5283 0.3263
vn -0.7838 0.5283 0.3264
vn -0.7230 0.5287 0.4447
vn -0.6450 0.5289 0.5516
vn -0.5516 0.5289 0.6450
vn -0.4447 0.5287 0.7230
vn -0.3263 0.5283 0.7838
vn -0.1991 0.5278 0.8257
vn -0.0665 0.5273 0.8471
vn 0.0359 0.8889 0.4568
vn 0.1073 0.8891 0.4450
vn 0.1757 0.8893 0.4221
vn 0.1758 0.8893 0.4221
vn 0.2394 0.8895 0.3891
vn 0.2968 0.8896 0.3470
vn 0.3470 0.8896 0.2968
vn 0.3891 0.8895 0.2394
vn 0.4221 0.8893 0.1758
vn 0.4221 0.8893 0.1757
vn 0.4450 0.8891 0.1073
vn 0.4568 0.8889 0.0359
vn 0.0226 0.9574 0.2877
vn 0.0676 0.9575 0.2803
vn 0.1107 0.9576 0.2658
vn 0.1507 0.9577 0.2450
vn 0.1869 0.9578 0.2185
vn 0.2185 0.9578 0.1869
vn 0.2450 0.9577 0.1507
vn 0.2658 0.9576 0.1107
vn 0.2803 0.9575 0.0676
vn 0.2877 0.9574 0.0226
vn 0.0161 0.9786 0.2050
vn 0.0481 0.9787 0.1997
vn 0.0789 0.9787 0.1894
vn 0.1074 0.9788 0.1746
vn 0.1331 0.9788 0.1557
vn 0.1557 0.9788 0.1331
vn 0.1746 0.9788 0.1074
vn 0.1894 0.9787 0.0789
vn 0.1997 0.9787 0.0481
vn 0.1997 0.9787 0.0482
vn 0.2050 0.9786 0.0161
vn 0.0129 0.9863 0.1642
vn 0.0386 0.9864 0.1599
vn 0.0631 0.9864 0.1517
vn 0.0860 0.9864 0.1398
vn 0.1066 0.9865 0.1246
vn 0.1246 0.9865 0.1066
vn 0.1398 0.9864 0.0860
vn 0.1517 0.9864 0.0631
vn 0.1599 0.9864 0.0386
vn 0.1642 0.9863 0.0129
vn 0.0117 0.9888 0.1489
vn 0.0350 0.9888 0.1450
vn 0.0573 0.9888 0.1376
vn 0.0780 0.9889 0.1268
vn 0.0967 0.9889 0.1131
vn 0.1131 0.9889 0.0967
vn 0.1268 0.9889 0.0780
vn 0.1376 0.9888 0.0573
vn 0.1450 0.9888 0.0350
vn 0.1489 0.9888 0.0117
vn 0.0122 0.9879 0.1549
vn 0.0364 0.9879 0.1509
vn 0.0596 0.9879 0.1431
vn 0.0811 0.9879 0.1319
vn 0.1006 0.9880 0.1176
vn 0.1176 0.9880 0.1006
vn 0.1319 0.9879 0.0811
vn 0.1431 0.9879 0.0596
vn 0.1509 0.9879 0.0364
vn 0.1549 0.9879 0.0122
vn 0.0146 0.9824 0.1862
vn 0.0437 0.9824 0.1814
vn 0.0716 0.9825 0.1720
vn 0.0975 0.9825 0.1585
vn 0.1209 0.9825 0.1414
vn 0.1414 0.9825 0.1209
vn 0.1585 0.9825 0.0975
vn 0.1720 0.9825 0.0716
vn 0.1814 0.9824 0.0437
vn 0.1862 0.9824 0.0146
vn 0.0204 0.9653 0.2602
vn 0.0204 0.9653 0.2603
vn 0.0611 0.9654 0.2535
vn 0.1001 0.9655 0.2404
vn 0.1363 0.9656 0.2216
vn 0.1690 0.9656 0.1976
vn 0.1976 0.9656 0.1690
vn 0.2216 0.9656 0.1363
vn 0.2404 0.9655 0.1001
vn 0.2535 0.9654 0.0611
vn 0.2602 0.9653 0.0204
vn 0.0340 0.9005 0.4335
vn 0.1018 0.9007 0.4223
vn 0.1668 0.9009 0.4006
vn 0.2272 0.9011 0.3693
vn 0.2817 0.9012 0.3293
vn 0.3293 0.9012 0.2817
vn 0.3693 0.9011 0.2272
vn 0.4006 0.9009 0.1668
vn 0.4223 0.9007 0.1018
vn 0.4335 0.9005 0.0340
vn 0.0665 0.5273 0.8471
vn 0.1991 0.5278 0.8257
vn 0.3263 0.5283 0.7838
vn 0.4447 0.5287 0.7230
vn 0.5516 0.5289 0.6450
vn 0.6450 0.5289 0.5516
vn 0.7230 0.5287 0.4447
vn 0.7838 0.5283 0.3263
vn 0.7838 0.5283 0.3264
vn 0.8257 0.5278 0.1991
vn 0.8471 0.5273 0.0665
vn 0.8470 0.5273 0.0665
vn 0.0056 -1.0000 0.0004
vn 0.0055 -1.0000 0.0013
vn 0.0052 -1.0000 0.0022
vn 0.0048 -1.0000 0.0029
vn 0.0043 -1.0000 0.0036
vn 0.0036 -1.0000 0.0043
vn 0.0029 -1.0000 0.0048
vn 0.0022 -1.0000 0.0052
vn 0.0013 -1.0000 0.0055
vn 0.0004 -1.0000 0.0056
vn 0.0198 -0.9998 0.0016
vn 0.0192 -0.9998 0.0046
vn 0.0183 -0.9998 0.0076
vn 0.0168 -0.9998 0.0103
vn 0.0150 -0.9998 0.0128
vn 0.0128 -0.9998 0.0150
vn 0.0103 -0.9998 0.0168
vn 0.0076 -0.9998 0.0183
vn 0.0046 -0.9998 0.0192
vn 0.0016 -0.9998 0.0198
vn 0.0394 -0.9992 0.0031
vn 0.0384 -0.9992 0.0093
vn 0.0364 -0.9992 0.0151
vn 0.0335 -0.9992 0.0206
vn 0.0299 -0.9992 0.0256
vn 0.0256 -0.9992 0.0299
vn 0.0206 -0.9992 0.0335
vn 0.0151 -0.9992 0.0364
vn 0.0093 -0.9992 0.0384
vn 0.0031 -0.9992 0.0394
vn 0.0677 -0.9977 0.0053
vn 0.0660 -0.9977 0.0159
vn 0.0625 -0.9977 0.0260
vn 0.0576 -0.9977 0.0355
vn 0.0514 -0.9977 0.0440
vn 0.0440 -0.9977 0.0514
vn 0.0355 -0.9977 0.0576
vn 0.0260 -0.9977 0.0625
vn 0.0159 -0.9977 0.0660
vn 0.0053 -0.9977 0.0677
vn 0.1107 -0.9938 0.0087
vn 0.1078 -0.9938 0.0260
vn 0.1022 -0.9939 0.0426
vn 0.0942 -0.9939 0.0580
vn 0.0840 -0.9939 0.0719
vn 0.0719 -0.9939 0.0840
vn 0.0580 -0.9939 0.0942
vn 0.0426 -0.9939 0.1022
vn 0.0260 -0.9938 0.1078
vn 0.0087 -0.9938 0.1107
vn 0.1799 -0.9836 0.0141
vn 0.1752 -0.9836 0.0422
vn 0.1662 -0.9837 0.0692
vn 0.1531 -0.9837 0.0942
vn 0.1366 -0.9837 0.1168
vn 0.1168 -0.9837 0.1366
vn 0.0942 -0.9837 0.1531
vn 0.0692 -0.9837 0.1662
vn 0.0422 -0.9836 0.1752
vn 0.0141 -0.9836 0.1799
vn 0.2990 -0.9540 0.0235
vn 0.2913 -0.9541 0.0702
vn 0.2763 -0.9542 0.1150
vn 0.2547 -0.9543 0.1567
vn 0.2271 -0.9543 0.1942
vn 0.1942 -0.9543 0.2271
vn 0.1567 -0.9543 0.2547
vn 0.1150 -0.9542 0.2763
vn 0.0702 -0.9541 0.2913
vn 0.0235 -0.9540 0.2990
vn 0.5103 -0.8590 0.0401
vn 0.4972 -0.8593 0.1199
vn 0.4717 -0.8596 0.1964
vn 0.4349 -0.8598 0.2675
vn 0.3879 -0.8600 0.3317
vn 0.3878 -0.8600 0.3317
vn 0.3317 -0.8600 0.3878
vn 0.3317 -0.8600 0.3879
vn 0.2675 -0.8598 0.4349
vn 0.1964 -0.8596 0.4717
vn 0.1199 -0.8593 0.4972
vn 0.0401 -0.8590 0.5103
vn 0.8125 -0.5795 0.0638
vn 0.7920 -0.5800 0.1909
vn 0.7919 -0.5800 0.1909
vn 0.7517 -0.5805 0.3130
vn 0.6933 -0.5809 0.4265
vn 0.6185 -0.5811 0.5290
vn 0.5290 -0.5811 0.6185
vn 0.4265 -0.5809 0.6933
vn 0.3130 -0.5805 0.7517
vn 0.1909 -0.5800 0.7919
vn 0.1909 -0.5800 0.7920
vn 0.0638 -0.5795 0.8125
vn 0.9849 -0.1548 0.0773
vn 0.9604 -0.1550 0.2315
vn 0.9120 -0.1552 0.3797
vn 0.8414 -0.1554 0.5176
vn 0.7507 -0.1555 0.6421
vn 0.6421 -0.1555 0.7507
vn 0.5176 -0.1554 0.8414
vn 0.3797 -0.1552 0.9120
vn 0.2315 -0.1550 0.9604
vn 0.0773 -0.1548 0.9849
vn -0.0004 -1.0000 0.0056
vn -0.0013 -1.0000 0.0055
vn -0.0022 -1.0000 0.0052
vn -0.0029 -1.0000 0.0048
vn -0.0036 -1.0000 0.0043
vn -0.0043 -1.0000 0.0036
vn -0.0048 -1.0000 0.0029
vn -0.0052 -1.0000 0.0022
vn -0.0055 -1.0000 0.0013
vn -0.0056 -1.0000 0.0004
vn -0.0016 -0.9998 0.0198
vn -0.0046 -0.9998 0.0192
vn -0.0076 -0.9998 0.0183
vn -0.0103 -0.9998 0.0168
vn -0.0128 -0.9998 0.0150
vn -0.0150 -0.9998 0.0128
vn -0.0168 -0.9998 0.0104
vn -0.0168 -0.9998 0.0103
vn -0.0183 -0.9998 0.0076
vn -0.0192 -0.9998 0.0046
vn -0.0198 -0.9998 0.0016
vn -0.0031 -0.9992 0.0394
vn -0.0093 -0.9992 0.0384
vn -0.0151 -0.9992 0.0364
vn -0.0206 -0.9992 0.0335
vn -0.0256 -0.9992 0.0299
vn -0.0299 -0.9992 0.0256
vn -0.0335 -0.9992 0.0206
vn -0.0364 -0.9992 0.0151
vn -0.0384 -0.9992 0.0093
vn -0.0394 -0.9992 0.0031
vn -0.0053 -0.9977 0.0677
vn -0.0159 -0.9977 0.0660
vn -0.0260 -0.9977 0.0625
vn -0.0355 -0.9977 0.0576
vn -0.0440 -0.9977 0.0514
vn -0.0514 -0.9977 0.0440
vn -0.0576 -0.9977 0.0355
vn -0.0625 -0.9977 0.0260
vn -0.0660 -0.9977 0.0159
vn -0.0677 -0.9977 0.0053
vn -0.0087 -0.9938 0.1107
vn -0.0260 -0.9938 0.1078
vn -0.0426 -0.9939 0.1022
vn -0.0580 -0.9939 0.0942
vn -0.0719 -0.9939 0.0840
vn -0.0840 -0.9939 0.0719
vn -0.0942 -0.9939 0.0580
vn -0.1022 -0.9939 0.0426
vn -0.1078 -0.9938 0.0260
vn -0.1107 -0.9938 0.0087
vn -0.0141 -0.9836 0.1799
vn -0.0422 -0.9836 0.1752
vn -0.0692 -0.9837 0.1662
vn -0.0942 -0.9837 0.1531
vn -0.1168 -0.9837 0.1366
vn -0.1366 -0.9837 0.1168
vn -0.1531 -0.9837 0.0942
vn -0.1662 -0.9837 0.0692
vn -0.1752 -0.9836 0.0422
vn -0.1799 -0.9836 0.0141
vn -0.0235 -0.9540 0.2990
vn -0.0702 -0.9541 0.2913
vn -0.1150 -0.9542 0.2763
vn -0.1567 -0.9543 0.2547
vn -0.1942 -0.9543 0.2271
vn -0.2271 -0.9543 0.1942
vn -0.2547 -0.9543 0.1567
vn -0.2763 -0.9542 0.1150
vn -0.2913 -0.9541 0.0702
vn -0.2990 -0.9540 0.0235
vn -0.0401 -0.8590 0.5103
vn -0.1199 -0.8593 0.4972
vn -0.1964 -0.8596 0.4717
vn -0.2675 -0.8598 0.4349
vn -0.3317 -0.8600 0.3878
vn -0.3878 -0.8600 0.3317
vn -0.4349 -0.8598 0.2675
vn -0.4717 -0.8596 0.1964
vn -0.4972 -0.8593 0.1199
vn -0.5103 -0.8590 0.0401
vn -0.0638 -0.5795 0.8125
vn -0.1909 -0.5800 0.7920
vn -0.1909 -0.5800 0.7919
vn -0.3130 -0.5805 0.7517
vn -0.4265 -0.5809 0.6933
vn -0.5290 -0.5811 0.6185
vn -0.6185 -0.5811 0.5290
vn -0.6933 -0.5809 0.4265
vn -0.7517 -0.5805 0.3130
vn -0.7919 -0.5800 0.1909
vn -0.7920 -0.5800 0.1909
vn -0.8125 -0.5795 0.0638
vn -0.0773 -0.1548 0.9849
vn -0.2315 -0.1550 0.9604
vn -0.3797 -0.1552 0.9120
vn -0.5176 -0.1554 0.8414
vn -0.6421 -0.1555 0.7507
vn -0.7507 -0.1555 0.6421
vn -0.8414 -0.1554 0.5176
vn -0.9120 -0.1552 0.3797
vn -0.9604 -0.1550 0.2315
vn -0.9849 -0.1548 0.0773
vn -0.0056 -1.0000 -0.0004
vn -0.0055 -1.0000 -0.0013
vn -0.0052 -1.0000 -0.0022
vn -0.0048 -1.0000 -0.0029
vn -0.0043 -1.0000 -0.0036
vn -0.0036 -1.0000 -0.0043
vn -0.0029 -1.0000 -0.0048
vn -0.0022 -1.0000 -0.0052
vn -0.0013 -1.0000 -0.0055
vn -0.0004 -1.0000 -0.0056
vn -0.0198 -0.9998 -0.0016
vn -0.0192 -0.9998 -0.0046
vn -0.0183 -0.9998 -0.0076
vn -0.0168 -0.9998 -0.0103
vn -0.0150 -0.9998 -0.0128
vn -0.0128 -0.9998 -0.0150
vn -0.0103 -0.9998 -0.0168
vn -0.0076 -0.9998 -0.0183
vn -0.0046 -0.9998 -0.0192
vn -0.0016 -0.9998 -0.0198
vn -0.0394 -0.9992 -0.0031
vn -0.0384 -0.9992 -0.0093
vn -0.0364 -0.9992 -0.0151
vn -0.0335 -0.9992 -0.0206
vn -0.0299 -0.9992 -0.0256
vn -0.0256 -0.9992 -0.0299
vn -0.0206 -0.9992 -0.0335
vn -0.0151 -0.9992 -0.0364
vn -0.0093 -0.9992 -0.0384
vn -0.0031 -0.9992 -0.0394
vn -0.0677 -0.9977 -0.0053
vn -0.0660 -0.9977 -0.0159
vn -0.0625 -0.9977 -0.0260
vn -0.0576 -0.9977 -0.0355
vn -0.0514 -0.9977 -0.0440
vn -0.0440 -0.9977 -0.0514
vn -0.0355 -0.9977 -0.0576
vn -0.0260 -0.9977 -0.0625
vn -0.0159 -0.9977 -0.0660
vn -0.0053 -0.9977 -0.0677
vn -0.1107 -0.9938 -0.0087
vn -0.1078 -0.9938 -0.0260
vn -0.1022 -0.9939 -0.0426
vn -0.0942 -0.9939 -0.0580
vn -0.0840 -0.9939 -0.0719
vn -0.0719 -0.9939 -0.0840
vn -0.0580 -0.9939 -0.0942
vn -0.0426 -0.9939 -0.1022
vn -0.0260 -0.9938 -0.1078
vn -0.0087 -0.9938 -0.1107
vn -0.1799 -0.9836 -0.0141
vn -0.1752 -0.9836 -0.0422
vn -0.1662 -0.9837 -0.0692
vn -0.1531 -0.9837 -0.0942
vn -0.1366 -0.9837 -0.1168
vn -0.1168 -0.9837 -0.1366
vn -0.0942 -0.9837 -0.1531
vn -0.0692 -0.9837 -0.1662
vn -0.0422 -0.9836 -0.1752
vn -0.0141 -0.9836 -0.1799
vn -0.2990 -0.9540 -0.0235
vn -0.2913 -0.9541 -0.0702
vn -0.2763 -0.9542 -0.1150
vn -0.2547 -0.9543 -0.1567
vn -0.2271 -0.9543 -0.1942
vn -0.1942 -0.9543 -0.2271
vn -0.1567 -0.9543 -0.2547
vn -0.1150 -0.9542 -0.2763
vn -0.0702 -0.9541 -0.2913
vn -0.0235 -0.9540 -0.2990
vn -0.5103 -0.8590 -0.0401
vn -0.4972 -0.8593 -0.1199
vn -0.4717 -0.8596 -0.1964
vn -0.4349 -0.8598 -0.2675
vn -0.3879 -0.8600 -0.3317
vn -0.3878 -0.8600 -0.3317
vn -0.3317 -0.8600 -0.3878
vn -0.3317 -0.8600 -0.3879
vn -0.2675 -0.8598 -0.4349
vn -0.1964 -0.8596 -0.4717
vn -0.1199 -0.8593 -0.4972
vn -0.0401 -0.8590 -0.5103
vn -0.8125 -0.5795 -0.0638
vn -0.7920 -0.5800 -0.1909
vn -0.7919 -0.5800 -0.1909
vn -0.7517 -0.5805 -0.3130
vn -0.6933 -0.5809 -0.4265
vn -0.6185 -0.5811 -0.5290
vn -0.5290 -0.5811 -0.6185
vn -0.4265 -0.5809 -0.6933
vn -0.3130 -0.5805 -0.7517
vn -0.1909 -0.5800 -0.7919
vn -0.1909 -0.5800 -0.7920
vn -0.0638 -0.5795 -0.8125
vn -0.9849 -0.1548 -0.0773
vn -0.9604 -0.1550 -0.2315
vn -0.9120 -0.1552 -0.3797
vn -0.8414 -0.1554 -0.5176
vn -0.7507 -0.1555 -0.6421
vn -0.6421 -0.1555 -0.7507
vn -0.5176 -0.1554 -0.8414
vn -0.3797 -0.1552 -0.9120
vn -0.2315 -0.1550 -0.9604
vn -0.0773 -0.1548 -0.9849
vn 0.0004 -1.0000 -0.0056
vn 0.0013 -1.0000 -0.0055
vn 0.0022 -1.0000 -0.0052
vn 0.0029 -1.0000 -0.0048
vn 0.0036 -1.0000 -0.0043
vn 0.0043 -1.0000 -0.0036
vn 0.0048 -1.0000 -0.0029
vn 0.0052 -1.0000 -0.0022
vn 0.0055 -1.0000 -0.0013
vn 0.0056 -1.0000 -0.0004
vn 0.0016 -0.9998 -0.0198
vn 0.0046 -0.9998 -0.0192
vn 0.0076 -0.9998 -0.0183
vn 0.0103 -0.9998 -0.0168
vn 0.0128 -0.9998 -0.0150
vn 0.0150 -0.9998 -0.0128
vn 0.0168 -0.9998 -0.0103
vn 0.0183 -0.9998 -0.0076
vn 0.0192 -0.9998 -0.0046
vn 0.0198 -0.9998 -0.0016
vn 0.0031 -0.9992 -0.0394
vn 0.0093 -0.9992 -0.0384
vn 0.0151 -0.9992 -0.0364
vn 0.0206 -0.9992 -0.0335
vn 0.0256 -0.9992 -0.0299
vn 0.0299 -0.9992 -0.0256
vn 0.0335 -0.9992 -0.0206
vn 0.0364 -0.9992 -0.0151
vn 0.0384 -0.9992 -0.0093
vn 0.0394 -0.9992 -0.0031
vn 0.0053 -0.9977 -0.0677
vn 0.0159 -0.9977 -0.0660
vn 0.0260 -0.9977 -0.0625
vn 0.0355 -0.9977 -0.0576
vn 0.0440 -0.9977 -0.0514
vn 0.0514 -0.9977 -0.0440
vn 0.0576 -0.9977 -0.0355
vn 0.0625 -0.9977 -0.0260
vn 0.0660 -0.9977 -0.0159
vn 0.0677 -0.9977 -0.0053
vn 0.0087 -0.9938 -0.1107
vn 0.0260 -0.9938 -0.1078
vn 0.0426 -0.9939 -0.1022
vn 0.0580 -0.9939 -0.0942
vn 0.0719 -0.9939 -0.0840
vn 0.0840 -0.9939 -0.0719
vn 0.0942 -0.9939 -0.0580
vn 0.1022 -0.9939 -0.0426
vn 0.1078 -0.9938 -0.0260
vn 0.1107 -0.9938 -0.0087
vn 0.0141 -0.9836 -0.1799
vn 0.0422 -0.9836 -0.1752
vn 0.0692 -0.9837 -0.1662
vn 0.0942 -0.9837 -0.1531
vn 0.1168 -0.9837 -0.1366
vn 0.1366 -0.9837 -0.1168
vn 0.1531 -0.9837 -0.0942
vn 0.1662 -0.9837 -0.0692
vn 0.1752 -0.9836 -0.0422
vn 0.1799 -0.9836 -0.0141
vn 0.0235 -0.9540 -0.2990
vn 0.0702 -0.9541 -0.2913
vn 0.1150 -0.9542 -0.2763
vn 0.1567 -0.9543 -0.2547
vn 0.1942 -0.9543 -0.2271
vn 0.2271 -0.9543 -0.1942
vn 0.2547 -0.9543 -0.1567
vn 0.2763 -0.9542 -0.1150
vn 0.2913 -0.9541 -0.0702
vn 0.2990 -0.9540 -0.0235
vn 0.0401 -0.8590 -0.5103
vn 0.1199 -0.8593 -0.4972
vn 0.1964 -0.8596 -0.4717
vn 0.2675 -0.8598 -0.4349
vn 0.3317 -0.8600 -0.3878
vn 0.3878 -0.8600 -0.3317
vn 0.4349 -0.8598 -0.2675
vn 0.4717 -0.8596 -0.1964
vn 0.4972 -0.8593 -0.1199
vn 0.5103 -0.8590 -0.0401
vn 0.0638 -0.5795 -0.8125
vn 0.1909 -0.5800 -0.7920
vn 0.1909 -0.5800 -0.7919
vn 0.3130 -0.5805 -0.7517
vn 0.4265 -0.5809 -0.6933
vn 0.5290 -0.5811 -0.6185
vn 0.6185 -0.5811 -0.5290
vn 0.6933 -0.5809 -0.4265
vn 0.7517 -0.5805 -0.3130
vn 0.7919 -0.5800 -0.1909
vn 0.7920 -0.5800 -0.1909
vn 0.8125 -0.5795 -0.0638
vn 0.0773 -0.1548 -0.9849
vn 0.2315 -0.1550 -0.9604
vn 0.3797 -0.1552 -0.9120
vn 0.5176 -0.1554 -0.8414
vn 0.6421 -0.1555 -0.7507
vn 0.7507 -0.1555 -0.6421
vn 0.8414 -0.1554 -0.5176
vn 0.9120 -0.1552 -0.3797
vn 0.9604 -0.1550 -0.2315
vn 0.9849 -0.1548 -0.0773
vt 0.358166 0.585140
vt 0.359240 0.580976
vt 0.377409 0.582624
vt 0.376153 0.586772
vt 0.338052 0.583821
vt 0.338921 0.579643
vt 0.316240 0.582818
vt 0.316888 0.578630
vt 0.293160 0.582133
vt 0.293574 0.577938
vt 0.269243 0.581772
vt 0.269413 0.577573
vt 0.244918 0.581736
vt 0.244841 0.577537
vt 0.220615 0.582031
vt 0.220291 0.577835
vt 0.196765 0.582659
vt 0.196199 0.578469
vt 0.173797 0.583624
vt 0.172998 0.579444
vt 0.152143 0.584929
vt 0.151124 0.580763
vt 0.357747 0.588339
vt 0.375661 0.589964
vt 0.337713 0.587025
vt 0.315988 0.586025
vt 0.293000 0.585344
vt 0.269178 0.584983
vt 0.244950 0.584948
vt 0.220744 0.585242
vt 0.196989 0.585867
vt 0.174113 0.586828
vt 0.152544 0.588128
vt 0.357889 0.590580
vt 0.375827 0.592207
vt 0.337829 0.589264
vt 0.316075 0.588263
vt 0.293057 0.587581
vt 0.269203 0.587220
vt 0.244943 0.587185
vt 0.220705 0.587479
vt 0.196919 0.588105
vt 0.174012 0.589067
vt 0.152415 0.590369
vt 0.303647 1.013022
vt 0.303077 1.012184
vt 0.323082 0.995347
vt 0.323768 0.996087
vt 0.281821 1.026158
vt 0.281376 1.025246
vt 0.316446 0.589543
vt 0.338326 0.590549
vt 0.293295 0.588856
vt 0.269304 0.588493
vt 0.244904 0.588458
vt 0.220526 0.588754
vt 0.196602 0.589384
vt 0.173564 0.590351
vt 0.151842 0.591661
vt 0.304516 1.014264
vt 0.324824 0.997171
vt 0.282487 1.027522
vt 0.259175 1.036950
vt 0.258724 1.035499
vt 0.235018 1.042548
vt 0.234789 1.041045
vt 0.210452 1.044320
vt 0.210450 1.042801
vt 0.185917 1.042267
vt 0.186140 1.040768
vt 0.161849 1.036394
vt 0.162294 1.034948
vt 0.138687 1.026701
vt 0.139345 1.025345
vt 0.116868 1.013193
vt 0.117728 1.011961
vt 0.096830 0.995870
vt 0.097874 0.994798
vt 0.305605 1.015797
vt 0.326154 0.998502
vt 0.283314 1.029213
vt 0.259725 1.038753
vt 0.235280 1.044417
vt 0.210423 1.046210
vt 0.185596 1.044134
vt 0.161242 1.038190
vt 0.137805 1.028383
vt 0.115727 1.014714
vt 0.095451 0.997185
vt 0.306833 1.017510
vt 0.327660 0.999980
vt 0.284240 1.031108
vt 0.260332 1.040776
vt 0.235556 1.046517
vt 0.210362 1.048334
vt 0.185199 1.046230
vt 0.160516 1.040206
vt 0.136761 1.030266
vt 0.114384 1.016411
vt 0.093833 0.998646
vt 0.308122 1.019289
vt 0.329247 1.001509
vt 0.285206 1.033081
vt 0.260956 1.042888
vt 0.235826 1.048711
vt 0.210272 1.050555
vt 0.184749 1.048420
vt 0.159712 1.042310
vt 0.135618 1.032227
vt 0.112921 1.018175
vt 0.092076 1.000155
vt 0.047799 0.357602
vt 0.051504 0.358305
vt 0.055411 0.378295
vt 0.051761 0.377875
vt 0.580473 0.361301
vt 0.579817 0.358509
vt 0.604725 0.360104
vt 0.605734 0.362918
vt 0.554554 0.360314
vt 0.554262 0.357537
vt 0.528433 0.359950
vt 0.528506 0.357178
vt 0.502564 0.360199
vt 0.503000 0.357423
vt 0.477403 0.361049
vt 0.478190 0.358261
vt 0.453404 0.362493
vt 0.454527 0.359684
vt 0.297849 0.280365
vt 0.301291 0.279304
vt 0.300525 0.299221
vt 0.297071 0.300565
vt 0.299183 0.257240
vt 0.302606 0.256502
vt 0.301083 0.231400
vt 0.304480 0.231025
vt 0.043271 0.357246
vt 0.047286 0.377789
vt 0.581090 0.365004
vt 0.606686 0.366644
vt 0.554826 0.364005
vt 0.528358 0.363636
vt 0.502146 0.363888
vt 0.476650 0.364750
vt 0.452332 0.366212
vt 0.293525 0.281260
vt 0.292737 0.301728
vt 0.294876 0.257827
vt 0.296801 0.231644
vt 0.656650 0.632994
vt 0.655794 0.628755
vt 0.675136 0.628802
vt 0.675797 0.633040
vt 0.122240 0.751502
vt 0.121293 0.755377
vt 0.101079 0.756881
vt 0.102229 0.752991
vt 0.143972 0.750456
vt 0.143246 0.754321
vt 0.166996 0.749853
vt 0.166503 0.753712
vt 0.190881 0.749692
vt 0.190631 0.753549
vt 0.215198 0.749971
vt 0.215195 0.753831
vt 0.239517 0.750689
vt 0.239761 0.754556
vt 0.263408 0.751846
vt 0.263895 0.755725
vt 0.286442 0.753440
vt 0.287163 0.757335
vt 0.679492 0.750403
vt 0.679081 0.754711
vt 0.658447 0.754661
vt 0.659065 0.750353
vt 0.656855 0.636216
vt 0.675926 0.636262
vt 0.122636 0.748422
vt 0.102705 0.749905
vt 0.144282 0.747380
vt 0.167214 0.746780
vt 0.191004 0.746619
vt 0.215224 0.746897
vt 0.239446 0.747612
vt 0.263242 0.748764
vt 0.286184 0.750352
vt 0.307844 0.752374
vt 0.308189 0.755470
vt 0.656511 0.638437
vt 0.675607 0.638484
vt 0.122558 0.746152
vt 0.102600 0.747637
vt 0.144232 0.745109
vt 0.167194 0.744508
vt 0.191015 0.744346
vt 0.215267 0.744625
vt 0.239522 0.745341
vt 0.263349 0.746495
vt 0.286322 0.748085
vt 0.308011 0.750110
vt 0.102006 0.746200
vt 0.084787 0.749565
vt 0.084090 0.748140
vt 0.122079 0.744706
vt 0.143878 0.743657
vt 0.166973 0.743052
vt 0.190932 0.742891
vt 0.215324 0.743170
vt 0.239718 0.743891
vt 0.263683 0.745051
vt 0.286788 0.746650
vt 0.308602 0.748687
vt 0.713002 0.973354
vt 0.713894 0.974550
vt 0.693935 0.991579
vt 0.692857 0.990541
vt 0.734894 0.960001
vt 0.735584 0.961320
vt 0.758096 0.950481
vt 0.758573 0.951888
vt 0.782170 0.944795
vt 0.782426 0.946254
vt 0.806681 0.942939
vt 0.806711 0.944416
vt 0.831191 0.944914
vt 0.830994 0.946372
vt 0.855262 0.950718
vt 0.854844 0.952123
vt 0.878458 0.960351
vt 0.877826 0.961667
vt 0.900342 0.973810
vt 0.899509 0.975003
vt 0.920477 0.991096
vt 0.919458 0.992129
vt 0.711919 0.971777
vt 0.691535 0.989169
vt 0.734071 0.958265
vt 0.757549 0.948633
vt 0.781910 0.942878
vt 0.806712 0.941001
vt 0.831512 0.942999
vt 0.855870 0.948872
vt 0.879342 0.958619
vt 0.901486 0.972239
vt 0.921859 0.989730
vt 0.710726 0.969932
vt 0.690065 0.987559
vt 0.733178 0.956237
vt 0.756973 0.946474
vt 0.781664 0.940642
vt 0.806802 0.938739
vt 0.831939 0.940764
vt 0.856626 0.946717
vt 0.880415 0.956596
vt 0.902859 0.970400
vt 0.923509 0.988128
vt 0.424137 0.590410
vt 0.424491 0.592851
vt 0.398008 0.593399
vt 0.397276 0.590966
vt 0.450806 0.590201
vt 0.450784 0.592644
vt 0.476877 0.590323
vt 0.476487 0.592765
vt 0.781455 0.938222
vt 0.756411 0.944138
vt 0.806952 0.936292
vt 0.832448 0.938347
vt 0.857488 0.944385
vt 0.881618 0.954405
vt 0.904383 0.968406
vt 0.925328 0.986387
vt 0.423780 0.587065
vt 0.396537 0.587629
vt 0.450827 0.586853
vt 0.477269 0.586977
vt 0.502692 0.587421
vt 0.501945 0.590761
vt 0.526687 0.588169
vt 0.525604 0.591498
vt 0.548841 0.589206
vt 0.547447 0.592520
vt 0.568743 0.590515
vt 0.567070 0.593811
vt 0.882888 0.952169
vt 0.858415 0.942006
vt 0.905976 0.966369
vt 0.927218 0.984606
vt 0.423439 0.582827
vt 0.395834 0.583399
vt 0.450846 0.582612
vt 0.477638 0.582738
vt 0.503400 0.583188
vt 0.527713 0.583946
vt 0.550162 0.584996
vt 0.570328 0.586323
vt 0.587796 0.587909
vt 0.585981 0.592080
vt 0.907559 0.964401
vt 0.884164 0.950012
vt 0.929083 0.982880
vt 0.557032 1.054300
vt 0.556318 1.058545
vt 0.533478 1.056428
vt 0.534422 1.052205
vt 0.580684 1.055794
vt 0.580210 1.060054
vt 0.604950 1.056696
vt 0.604723 1.060965
vt 0.629406 1.057016
vt 0.629427 1.061287
vt 0.653625 1.056762
vt 0.653892 1.061031
vt 0.677181 1.055945
vt 0.677687 1.060206
vt 0.699649 1.054574
vt 0.700383 1.058821
vt 0.720601 1.052659
vt 0.721548 1.056886
vt 0.051396 0.998781
vt 0.052307 0.994869
vt 0.074214 0.994740
vt 0.073083 0.998653
vt 0.027141 0.998541
vt 0.027805 0.994627
vt 0.557320 1.051083
vt 0.534799 1.048995
vt 0.580877 1.052571
vt 0.605047 1.053469
vt 0.629405 1.053787
vt 0.653527 1.053534
vt 0.676990 1.052721
vt 0.699367 1.051355
vt 0.720237 1.049447
vt 0.050972 1.001880
vt 0.072572 1.001753
vt 0.026813 1.001641
vt 0.557239 1.048873
vt 0.534689 1.046783
vt 0.580828 1.050363
vt 0.605029 1.051263
vt 0.629420 1.051581
vt 0.653574 1.051328
vt 0.677067 1.050514
vt 0.699475 1.049146
vt 0.720372 1.047236
vt 0.050972 1.004153
vt 0.072601 1.004025
vt 0.026781 1.003914
vt 0.675081 0.683510
vt 0.674553 0.684993
vt 0.655265 0.684946
vt 0.655682 0.683463
vt 0.580575 1.049152
vt 0.556851 1.047654
vt 0.604917 1.050057
vt 0.629448 1.050377
vt 0.653741 1.050123
vt 0.677370 1.049303
vt 0.699907 1.047928
vt 0.073086 1.005459
vt 0.091470 1.003553
vt 0.092064 1.004984
vt 0.051333 1.005588
vt 0.027003 1.005347
vt 0.507777 1.028491
vt 0.508621 1.029670
vt 0.488556 1.046671
vt 0.487525 1.045650
vt 0.529762 1.015161
vt 0.530404 1.016463
vt 0.553044 1.005657
vt 0.553471 1.007047
vt 0.577183 0.999980
vt 0.577388 1.001422
vt 0.601742 0.998128
vt 0.601721 0.999587
vt 0.626284 1.000100
vt 0.626037 1.001541
vt 0.650371 1.005895
vt 0.649902 1.007282
vt 0.673565 1.015511
vt 0.672882 1.016810
vt 0.695428 1.028949
vt 0.694543 1.030124
vt 0.715522 1.046206
vt 0.714453 1.047222
vt 0.506655 1.026902
vt 0.486162 1.044264
vt 0.528901 1.013413
vt 0.552459 1.003796
vt 0.576885 0.998052
vt 0.601736 0.996178
vt 0.626570 0.998173
vt 0.650943 1.004037
vt 0.674412 1.013767
vt 0.696535 1.027364
vt 0.716869 1.044827
vt 0.505334 1.025014
vt 0.484564 1.042611
vt 0.527882 1.011342
vt 0.551758 1.001596
vt 0.576515 0.995773
vt 0.601703 0.993874
vt 0.626873 0.995896
vt 0.651576 1.001839
vt 0.675363 1.011702
vt 0.697785 1.025483
vt 0.718394 1.043181
vt 0.503894 1.022940
vt 0.482827 1.040789
vt 0.526764 1.009073
vt 0.550982 0.999187
vt 0.576093 0.993281
vt 0.601641 0.991354
vt 0.627171 0.993406
vt 0.652227 0.999434
vt 0.676355 1.009437
vt 0.699097 1.023416
vt 0.720001 1.041367
vt 0.502415 1.020792
vt 0.481049 1.038895
vt 0.525610 1.006728
vt 0.550172 0.996702
vt 0.467368 0.604513
vt 0.477803 0.356881
vt 0.453493 0.356301
vt 0.442712 0.603924
vt 0.492916 0.604751
vt 0.502994 0.357116
vt 0.518898 0.604638
vt 0.528612 0.357004
vt 0.544854 0.604173
vt 0.554205 0.356546
vt 0.570325 0.603355
vt 0.569519 0.606324
vt 0.594850 0.602183
vt 0.593701 0.605167
vt 0.721591 1.039481
vt 0.700390 1.021274
vt 0.396383 0.597801
vt 0.397917 0.601703
vt 0.378696 0.600071
vt 0.376906 0.596148
vt 0.418160 0.599103
vt 0.419409 0.602987
vt 0.441773 0.600052
vt 0.466757 0.600648
vt 0.492645 0.600890
vt 0.518972 0.600775
vt 0.545273 0.600304
vt 0.571082 0.599475
vt 0.595933 0.598287
vt 0.619362 0.596739
vt 0.617971 0.600654
vt 0.181072 0.507715
vt 0.181193 0.503775
vt 0.206932 0.502513
vt 0.206553 0.506466
vt 0.155765 0.508630
vt 0.155629 0.504699
vt 0.131017 0.509214
vt 0.130629 0.505289
vt 0.107212 0.509471
vt 0.106582 0.505549
vt 0.084737 0.509406
vt 0.083879 0.505484
vt 0.063977 0.509023
vt 0.062908 0.505096
vt 0.045317 0.508325
vt 0.044058 0.504391
vt 0.029143 0.507316
vt 0.027720 0.503372
vt 0.015840 0.506001
vt 0.014282 0.502044
vt 0.659354 0.659892
vt 0.660093 0.655622
vt 0.675149 0.655659
vt 0.674258 0.659929
vt 0.181072 0.510825
vt 0.206451 0.509581
vt 0.155866 0.511736
vt 0.131216 0.512318
vt 0.107507 0.512575
vt 0.085121 0.512510
vt 0.064444 0.512128
vt 0.045858 0.511433
vt 0.029748 0.510428
vt 0.016498 0.509118
vt 0.659256 0.663120
vt 0.674101 0.663156
vt 0.181172 0.513096
vt 0.206584 0.511850
vt 0.155932 0.514008
vt 0.131250 0.514591
vt 0.107509 0.514847
vt 0.085094 0.514783
vt 0.064389 0.514400
vt 0.045779 0.513704
vt 0.029648 0.512698
vt 0.016380 0.511386
vt 0.659695 0.665326
vt 0.674560 0.665362
vt 0.181350 0.514517
vt 0.206908 0.513264
vt 0.155965 0.515434
vt 0.131140 0.516020
vt 0.107262 0.516278
vt 0.084717 0.516213
vt 0.063893 0.515828
vt 0.045175 0.515128
vt -0.008934 0.792376
vt -0.008439 0.791509
vt 0.014441 0.800928
vt 0.014078 0.801849
vt -0.030657 0.779107
vt -0.030038 0.778316
vt -0.050659 0.762042
vt -0.049924 0.761349
vt 0.155794 0.780211
vt 0.154958 0.778988
vt 0.174865 0.761897
vt 0.175886 0.762961
vt 0.133943 0.793631
vt 0.133308 0.792284
vt 0.110771 0.803222
vt 0.110349 0.801787
vt 0.086714 0.808983
vt 0.086514 0.807495
vt 0.062209 0.810914
vt 0.062235 0.809408
vt 0.037693 0.809014
vt 0.037945 0.807526
vt 0.013604 0.803284
vt -0.009621 0.793723
vt -0.031547 0.780331
vt -0.051734 0.763107
vt 0.156941 0.781755
vt 0.177272 0.764301
vt 0.134831 0.795335
vt 0.111383 0.805040
vt 0.087040 0.810869
vt 0.062244 0.812823
vt 0.037437 0.810901
vt 0.013062 0.805102
vt -0.010440 0.795428
vt -0.032626 0.781877
vt -0.053053 0.764448
vt 0.158319 0.783508
vt 0.178925 0.765818
vt 0.135909 0.797272
vt 0.112144 0.807108
vt 0.087471 0.813016
vt 0.062340 0.814997
vt 0.037197 0.813049
vt 0.012492 0.807172
vt -0.011328 0.797366
vt -0.033815 0.783631
vt -0.054519 0.765967
vt 0.159847 0.785358
vt 0.180748 0.767415
vt 0.137117 0.799319
vt 0.113012 0.809296
vt 0.492247 0.093202
vt 0.491625 0.090688
vt 0.515520 0.089755
vt 0.516484 0.092256
vt 0.467096 0.093694
vt 0.466829 0.091173
vt 0.441485 0.093729
vt 0.441578 0.091207
vt 0.415865 0.093300
vt 0.416320 0.090785
vt 0.390690 0.092405
vt 0.391500 0.089902
vt 0.366412 0.091037
vt 0.367564 0.088553
vt -0.056034 0.767566
vt -0.035034 0.785483
vt 0.161445 0.787193
vt 0.182642 0.768995
vt 0.540648 0.094244
vt 0.539356 0.090862
vt 0.560409 0.089023
vt 0.562001 0.092379
vt 0.517452 0.095658
vt 0.492871 0.096617
vt 0.467363 0.097117
vt 0.441388 0.097151
vt 0.415405 0.096717
vt 0.389872 0.095809
vt 0.365250 0.094422
vt 0.341995 0.092551
vt 0.343484 0.089192
vt 0.563508 0.096624
vt 0.581050 0.090070
vt 0.582811 0.094284
vt 0.541873 0.098513
vt 0.518368 0.099946
vt 0.493460 0.100918
vt 0.467613 0.101424
vt 0.441293 0.101459
vt 0.414964 0.101019
vt 0.389092 0.100099
vt 0.364142 0.098693
vt 0.340579 0.096798
vt 0.023579 0.356661
vt 0.027794 0.378228
vt 0.583419 0.381666
vt 0.610291 0.383387
vt 0.555847 0.380617
vt 0.528060 0.380229
vt 0.500541 0.380493
vt 0.473775 0.381398
vt 0.448245 0.382934
vt 0.274499 0.284383
vt 0.273671 0.305871
vt 0.275917 0.259782
vt 0.277939 0.232295
vt 0.613822 0.400102
vt 0.635981 0.385790
vt 0.640707 0.402617
vt 0.585700 0.398301
vt 0.556846 0.397203
vt 0.527766 0.396798
vt 0.498967 0.397074
vt 0.470955 0.398021
vt 0.444238 0.399628
vt 0.255545 0.287411
vt 0.254680 0.309898
vt 0.257030 0.261665
vt 0.259146 0.232900
vt 0.617206 0.416761
vt 0.645236 0.419383
vt 0.587884 0.414883
vt 0.557800 0.413738
vt 0.527480 0.413315
vt 0.497454 0.413604
vt 0.468248 0.414591
vt 0.440392 0.416266
vt 0.236739 0.290247
vt 0.235836 0.313693
vt 0.238287 0.263404
vt 0.240492 0.233412
vt 0.620366 0.433335
vt 0.649469 0.436058
vt 0.589923 0.431385
vt 0.558688 0.430197
vt 0.527208 0.429758
vt 0.496032 0.430057
vt 0.465709 0.431082
vt 0.436787 0.432822
vt 0.218151 0.292797
vt 0.217214 0.317140
vt 0.219758 0.264927
vt 0.222048 0.233787
vt 0.623232 0.449797
vt 0.653309 0.452611
vt 0.591769 0.447782
vt 0.559487 0.446554
vt 0.526953 0.446101
vt 0.494733 0.446410
vt 0.463395 0.447469
vt 0.433504 0.449267
vt 0.199856 0.294965
vt 0.198887 0.320124
vt 0.201517 0.266161
vt 0.203884 0.233979
vt 0.625727 0.466119
vt 0.656657 0.469013
vt 0.593372 0.464046
vt 0.560176 0.462783
vt 0.526720 0.462317
vt 0.493587 0.462635
vt 0.461361 0.463725
vt 0.430623 0.465573
vt 0.181926 0.296655
vt 0.180930 0.322527
vt 0.183634 0.267035
vt 0.186068 0.233941
vt 0.627778 0.482272
vt 0.659414 0.485232
vt 0.594686 0.480152
vt 0.560732 0.478860
vt 0.526513 0.478384
vt 0.492624 0.478709
vt 0.459663 0.479823
vt 0.428224 0.481714
vt 0.398903 0.484368
vt 0.401956 0.468168
vt 0.166182 0.267477
vt 0.164435 0.297772
vt 0.168671 0.233627
vt 0.629312 0.498228
vt 0.661482 0.501238
vt 0.595661 0.496073
vt 0.561133 0.494759
vt 0.526336 0.494274
vt 0.491875 0.494605
vt 0.458357 0.495738
vt 0.426387 0.497661
vt 0.396571 0.500360
vt 0.149232 0.267414
vt 0.147455 0.298220
vt 0.151763 0.232992
vt 0.630254 0.513959
vt 0.662762 0.517001
vt 0.596248 0.511782
vt 0.561358 0.510454
vt 0.526195 0.509964
vt 0.491371 0.510298
vt 0.457500 0.511443
vt 0.425194 0.513386
vt 0.395064 0.516114
vt 0.132855 0.266773
vt 0.131060 0.297904
vt 0.135413 0.231990
vt 0.630530 0.529438
vt 0.663156 0.532491
vt 0.596401 0.527252
vt 0.561383 0.525920
vt 0.526092 0.525428
vt 0.491142 0.525764
vt 0.457148 0.526913
vt 0.424724 0.528863
vt 0.394485 0.531600
vt 0.117125 0.265485
vt 0.115323 0.296729
vt 0.119692 0.230575
vt 0.422137 0.564116
vt 0.393157 0.564716
vt 0.450910 0.563890
vt 0.479038 0.564022
vt 0.506084 0.564494
vt 0.531609 0.565290
vt 0.555176 0.566393
vt 0.576347 0.567785
vt 0.594685 0.569450
vt 0.609752 0.571372
vt 0.602148 0.589739
vt 0.936342 0.976238
vt 0.913745 0.956838
vt 0.420862 0.545469
vt 0.390534 0.546097
vt 0.450973 0.545233
vt 0.480409 0.545371
vt 0.508713 0.545865
vt 0.535425 0.546698
vt 0.560088 0.547852
vt 0.582244 0.549309
vt 0.601435 0.551052
vt 0.617203 0.553063
vt 0.943476 0.969720
vt 0.919828 0.949417
vt 0.419637 0.526952
vt 0.388016 0.527607
vt 0.451032 0.526706
vt 0.481723 0.526850
vt 0.511233 0.527365
vt 0.539084 0.528234
vt 0.564798 0.529437
vt 0.587899 0.530956
vt 0.607908 0.532773
vt 0.342966 0.533470
vt 0.241156 0.326664
vt 0.259577 0.324590
vt 0.253328 0.341175
vt 0.234641 0.343956
vt 0.418489 0.508631
vt 0.385658 0.509311
vt 0.451085 0.508375
vt 0.482951 0.508524
vt 0.513590 0.509060
vt 0.542507 0.509961
vt 0.569205 0.511211
vt 0.593190 0.512788
vt 0.613965 0.514675
vt 0.349652 0.515451
vt 0.222952 0.328375
vt 0.216187 0.346329
vt 0.417444 0.490569
vt 0.383513 0.491272
vt 0.451131 0.490305
vt 0.484064 0.490460
vt 0.515729 0.491013
vt 0.545615 0.491944
vt 0.573207 0.493236
vt 0.597995 0.494866
vt 0.619466 0.496816
vt 0.355725 0.497665
vt 0.205036 0.329603
vt 0.198045 0.348158
vt 0.416526 0.472833
vt 0.381634 0.473556
vt 0.451168 0.472561
vt 0.485034 0.472720
vt 0.517597 0.473289
vt 0.548329 0.474247
vt 0.576704 0.475575
vt 0.602194 0.477251
vt 0.342891 0.477857
vt 0.361032 0.480170
vt 0.187482 0.330226
vt 0.180292 0.349307
vt 0.415761 0.455487
vt 0.380073 0.456226
vt 0.451194 0.455209
vt 0.485832 0.455372
vt 0.519138 0.455953
vt 0.550571 0.456933
vt 0.579593 0.458291
vt 0.605665 0.460006
vt 0.346865 0.460657
vt 0.365420 0.463023
vt 0.170360 0.330124
vt 0.163007 0.349640
vt 0.415175 0.438596
vt 0.378884 0.439348
vt 0.451206 0.438314
vt 0.486430 0.438479
vt 0.520298 0.439070
vt 0.552262 0.440067
vt 0.581774 0.441448
vt 0.608286 0.443192
vt 0.349868 0.443877
vt 0.368736 0.446283
vt 0.153745 0.329175
vt 0.146267 0.349021
vt 0.414794 0.422226
vt 0.378121 0.422985
vt 0.451204 0.421940
vt 0.486798 0.422107
vt 0.521022 0.422705
vt 0.553323 0.423712
vt 0.583145 0.425108
vt 0.609936 0.426870
vt 0.351760 0.427577
vt 0.370826 0.430008
vt 0.137707 0.327260
vt 0.130150 0.347313
vt 0.414642 0.406441
vt 0.377836 0.407203
vt 0.451185 0.406154
vt 0.486909 0.406322
vt 0.521257 0.406921
vt 0.553675 0.407932
vt 0.583606 0.409333
vt 0.610495 0.411101
vt 0.352403 0.411816
vt 0.371539 0.414257
vt 0.122318 0.324256
vt 0.114734 0.344382
vt 0.390535 0.580367
vt 0.370088 0.578631
vt 0.413398 0.581733
vt 0.438188 0.582730
vt 0.464417 0.583356
vt 0.491595 0.583610
vt 0.519234 0.583490
vt 0.546845 0.582995
vt 0.573941 0.582125
vt 0.600030 0.580877
vt 0.343244 0.577852
vt 0.384803 0.562972
vt 0.363405 0.561156
vt 0.408730 0.564403
vt 0.434673 0.565446
vt 0.462121 0.566101
vt 0.490563 0.566366
vt 0.519488 0.566241
vt 0.548384 0.565723
vt 0.576740 0.564812
vt 0.604043 0.563507
vt 0.348401 0.560406
vt 0.379302 0.545657
vt 0.356991 0.543764
vt 0.404248 0.547149
vt 0.431297 0.548236
vt 0.459915 0.548919
vt 0.489570 0.549196
vt 0.519728 0.549065
vt 0.549856 0.548525
vt 0.579420 0.547576
vt 0.607887 0.546214
vt 0.353342 0.543041
vt 0.374146 0.528461
vt 0.350982 0.526495
vt 0.400046 0.530009
vt 0.428130 0.531138
vt 0.457844 0.531847
vt 0.488633 0.532135
vt 0.519945 0.531999
vt 0.551226 0.531439
vt 0.581921 0.530452
vt 0.611478 0.529039
vt 0.357960 0.525798
vt 0.369450 0.511423
vt 0.345510 0.509391
vt 0.396218 0.513023
vt 0.425243 0.514190
vt 0.455952 0.514923
vt 0.487772 0.515220
vt 0.520133 0.515079
vt 0.552461 0.514500
vt 0.584185 0.513481
vt 0.614731 0.512021
vt 0.362147 0.508718
vt 0.365331 0.494583
vt 0.340713 0.492494
vt 0.392857 0.496228
vt 0.422705 0.497429
vt 0.454284 0.498182
vt 0.487006 0.498487
vt 0.520284 0.498343
vt 0.553528 0.497747
vt 0.586150 0.496700
vt 0.617563 0.495198
vt 0.365794 0.491841
vt 0.361902 0.477980
vt 0.336723 0.475843
vt 0.390057 0.479663
vt 0.420585 0.480891
vt 0.452884 0.481662
vt 0.486353 0.481974
vt 0.520390 0.481826
vt 0.554393 0.481217
vt 0.587759 0.480145
vt 0.619888 0.478609
vt 0.368795 0.475208
vt 0.359280 0.461655
vt 0.333675 0.459482
vt 0.387910 0.463367
vt 0.418954 0.464615
vt 0.451799 0.465398
vt 0.485833 0.465716
vt 0.520444 0.465566
vt 0.555021 0.464946
vt 0.588951 0.463857
vt 0.621623 0.462294
vt 0.371041 0.458859
vt 0.357579 0.445646
vt 0.331705 0.443451
vt 0.386511 0.447376
vt 0.417881 0.448637
vt 0.451071 0.449429
vt 0.485464 0.449750
vt 0.520439 0.449598
vt 0.555380 0.448973
vt 0.589667 0.447871
vt 0.622682 0.446293
vt 0.372425 0.442836
vt 0.356915 0.429994
vt 0.330947 0.427790
vt 0.385952 0.431730
vt 0.417436 0.432996
vt 0.450747 0.433791
vt 0.485265 0.434113
vt 0.520368 0.433960
vt 0.555436 0.433332
vt 0.589847 0.432227
vt 0.622983 0.430643
vt 0.372839 0.427178
vt 0.569229 0.115353
vt 0.589493 0.112896
vt 0.546515 0.117336
vt 0.521839 0.118841
vt 0.495689 0.119861
vt 0.468555 0.120392
vt 0.440923 0.120429
vt 0.413282 0.119967
vt 0.386121 0.119001
vt 0.359928 0.117525
vt 0.335190 0.115535
vt 0.574834 0.134015
vt 0.596040 0.131444
vt 0.551063 0.136091
vt 0.525239 0.137665
vt 0.497874 0.138733
vt 0.469477 0.139289
vt 0.440560 0.139328
vt 0.411633 0.138844
vt 0.383209 0.137833
vt 0.355797 0.136289
vt 0.329909 0.134206
vt 0.580207 0.152545
vt 0.602318 0.149864
vt 0.555423 0.154709
vt 0.528499 0.156350
vt 0.499966 0.157463
vt 0.470359 0.158043
vt 0.440209 0.158084
vt 0.410050 0.157579
vt 0.380413 0.156525
vt 0.351833 0.154915
vt 0.324842 0.152743
vt 0.585233 0.170875
vt 0.608190 0.168091
vt 0.559501 0.173121
vt 0.531546 0.174826
vt 0.501922 0.175982
vt 0.471182 0.176583
vt 0.439878 0.176625
vt 0.408565 0.176102
vt 0.377794 0.175007
vt 0.348120 0.173336
vt 0.320096 0.171081
vt 0.589796 0.188939
vt 0.613522 0.186062
vt 0.563202 0.191261
vt 0.534311 0.193022
vt 0.503695 0.194217
vt 0.471925 0.194839
vt 0.439573 0.194882
vt 0.407211 0.194341
vt 0.375410 0.193210
vt 0.344742 0.191482
vt 0.315779 0.189152
vt 0.593781 0.206670
vt 0.618179 0.203712
vt 0.566433 0.209058
vt 0.536723 0.210869
vt 0.505239 0.212098
vt 0.472569 0.212738
vt 0.439300 0.212782
vt 0.406021 0.212226
vt 0.373319 0.211062
vt 0.341782 0.209286
vt 0.311998 0.206890
vt 0.597071 0.224003
vt 0.330843 0.470161
vt 0.569099 0.226445
vt 0.538711 0.228298
vt 0.506509 0.229554
vt 0.473094 0.230209
vt 0.439066 0.230254
vt 0.405028 0.229685
vt 0.371580 0.228495
vt 0.339323 0.226678
vt 0.308860 0.224227
vt 0.109936 0.092993
vt 0.126004 0.097197
vt 0.125887 0.123988
vt 0.109817 0.120237
vt 0.571106 0.243354
vt 0.599550 0.240870
vt 0.540206 0.245238
vt 0.507460 0.246516
vt 0.473480 0.247181
vt 0.438877 0.247227
vt 0.404264 0.246649
vt 0.370251 0.245439
vt 0.337450 0.243591
vt 0.306473 0.241099
vt 0.094111 0.089845
vt 0.093990 0.117376
vt 0.572361 0.259716
vt 0.601104 0.257206
vt 0.541135 0.261619
vt 0.508044 0.262911
vt 0.473707 0.263583
vt 0.438740 0.263630
vt 0.403763 0.263045
vt 0.369392 0.261822
vt 0.336246 0.259955
vt 0.304942 0.257437
vt 0.078560 0.087883
vt 0.078438 0.115514
vt 0.572768 0.275462
vt 0.601616 0.272943
vt 0.541429 0.277373
vt 0.508218 0.278669
vt 0.473755 0.279343
vt 0.438662 0.279391
vt 0.403557 0.278804
vt 0.369061 0.277576
vt 0.335795 0.275702
vt 0.304377 0.273175
vt 0.629759 0.544237
vt 0.662157 0.547269
vt 0.595869 0.542067
vt 0.561097 0.540744
vt 0.526053 0.540255
vt 0.491347 0.540588
vt 0.457591 0.541730
vt 0.425394 0.543666
vt 0.395366 0.546384
vt 0.084285 0.724210
vt 0.082926 0.738758
vt 0.051630 0.738943
vt 0.053209 0.724393
vt 0.119043 0.724554
vt 0.117929 0.739104
vt 0.627809 0.557922
vt 0.659587 0.560896
vt 0.594567 0.555793
vt 0.560460 0.554496
vt 0.526086 0.554017
vt 0.492045 0.554343
vt 0.458935 0.555463
vt 0.427354 0.557362
vt 0.397901 0.560028
vt 0.086840 0.711404
vt 0.056358 0.711584
vt 0.120933 0.711741
vt 0.624975 0.570451
vt 0.655839 0.573339
vt 0.592689 0.568384
vt 0.559562 0.567123
vt 0.526177 0.566658
vt 0.493114 0.566975
vt 0.460955 0.568063
vt 0.430282 0.569907
vt 0.401676 0.572497
vt 0.375719 0.575819
vt 0.371175 0.563448
vt 0.123391 0.700554
vt 0.090278 0.700227
vt 0.621554 0.581784
vt 0.651309 0.584568
vt 0.590428 0.579791
vt 0.558492 0.578576
vt 0.526307 0.578127
vt 0.494432 0.578433
vt 0.463430 0.579481
vt 0.433859 0.581260
vt 0.406281 0.583756
vt 0.381256 0.586959
vt 0.126209 0.690880
vt 0.094286 0.690564
vt 0.446760 0.807718
vt 0.452190 0.799489
vt 0.478534 0.821702
vt 0.472035 0.829030
vt 0.419337 0.791122
vt 0.423607 0.782192
vt 0.557340 0.588801
vt 0.587981 0.589967
vt 0.526461 0.588371
vt 0.495879 0.588664
vt 0.466134 0.589670
vt 0.269072 0.778950
vt 0.266989 0.769505
vt 0.298245 0.762198
vt 0.299060 0.771940
vt 0.240207 0.790686
vt 0.236903 0.781737
vt 0.213010 0.807148
vt 0.208556 0.798895
vt 0.188026 0.828338
vt 0.182516 0.820981
vt 0.441406 0.815747
vt 0.465612 0.836158
vt 0.415142 0.799853
vt 0.387343 0.788479
vt 0.390310 0.779246
vt 0.358530 0.781624
vt 0.360224 0.772089
vt 0.329226 0.779292
vt 0.329626 0.769653
vt 0.299952 0.781482
vt 0.271232 0.788196
vt 0.243587 0.799435
vt 0.217540 0.815201
vt 0.193613 0.835495
vt 0.436523 0.823030
vt 0.459746 0.842613
vt 0.411324 0.807782
vt 0.384653 0.796869
vt 0.357009 0.790293
vt 0.328893 0.788054
vt 0.300808 0.790156
vt 0.273253 0.796597
vt 0.246730 0.807380
vt 0.221740 0.822507
vt 0.198783 0.841977
vt 0.432503 0.829023
vt 0.454918 0.847924
vt 0.408182 0.814305
vt 0.382440 0.803772
vt 0.355758 0.797425
vt 0.328622 0.795265
vt 0.301515 0.797293
vt 0.274919 0.803510
vt 0.249320 0.813918
vt 0.225200 0.828517
vt 0.203043 0.847310
vt 0.429741 0.833178
vt 0.451607 0.851616
vt 0.406016 0.818821
vt 0.380904 0.808546
vt 0.354876 0.802354
vt 0.328404 0.800247
vt 0.301960 0.802225
vt 0.276016 0.808290
vt 0.251043 0.818443
vt 0.227514 0.832685
vt 0.205900 0.851017
vt 0.303666 1.069310
vt 0.304413 1.066026
vt 0.329083 1.068615
vt 0.328109 1.071876
vt 0.278089 1.067382
vt 0.278597 1.064080
vt 0.251839 1.066086
vt 0.252102 1.062772
vt 0.225377 1.065418
vt 0.225393 1.062098
vt 0.199163 1.065374
vt 0.198934 1.062053
vt 0.173659 1.065948
vt 0.173192 1.062633
vt 0.149326 1.067136
vt 0.148632 1.063832
vt 0.126625 1.068933
vt 0.125720 1.065645
vt 0.106018 1.071334
vt 0.104919 1.068069
vt 0.308581 0.757387
vt 0.307982 0.760350
vt 0.281483 0.760285
vt 0.282328 0.757323
vt 0.414853 0.391861
vt 0.378305 0.392617
vt 0.451140 0.391576
vt 0.486614 0.391742
vt 0.520722 0.392338
vt 0.552913 0.393342
vt 0.582634 0.394732
vt 0.609335 0.396489
vt 0.351080 0.397189
vt 0.370082 0.399612
vt 0.497172 0.928279
vt 0.482667 0.931402
vt 0.479017 0.910205
vt 0.493547 0.907231
vt 0.415474 0.378991
vt 0.379625 0.379734
vt 0.451067 0.378712
vt 0.485862 0.378875
vt 0.519317 0.379460
vt 0.550892 0.380444
vt 0.580045 0.381808
vt 0.606235 0.383531
vt 0.347537 0.384191
vt 0.366175 0.386567
vt 0.511019 0.927605
vt 0.507464 0.906960
vt 0.416403 0.367728
vt 0.381585 0.368449
vt 0.450972 0.367456
vt 0.484767 0.367615
vt 0.517261 0.368182
vt 0.547928 0.369139
vt 0.576243 0.370464
vt 0.601680 0.372137
vt 0.342330 0.372737
vt 0.360432 0.375046
vt 0.524065 0.928862
vt 0.520612 0.908810
vt 0.417538 0.357964
vt 0.383971 0.358659
vt 0.450865 0.357703
vt 0.483445 0.357855
vt 0.514771 0.358402
vt 0.544336 0.359324
vt 0.571634 0.360602
vt 0.596156 0.362214
vt 0.889144 0.914114
vt 0.890906 0.920494
vt 0.859780 0.933314
vt 0.859137 0.926474
vt 0.917522 0.896778
vt 0.920342 0.902512
vt 0.536167 0.931532
vt 0.532837 0.912201
vt 0.682745 0.889838
vt 0.676378 0.896191
vt 0.650717 0.873750
vt 0.658124 0.868308
vt 0.709580 0.906603
vt 0.704348 0.913664
vt 0.738091 0.918600
vt 0.734064 0.926169
vt 0.767736 0.925829
vt 0.764964 0.933703
vt 0.797978 0.928288
vt 0.796484 0.936267
vt 0.828275 0.925977
vt 0.828062 0.933857
vt 0.858089 0.918893
vt 0.886879 0.907035
vt 0.914106 0.890402
vt 0.939229 0.868993
vt 0.943708 0.874464
vt 0.688913 0.883407
vt 0.665333 0.862788
vt 0.714613 0.899463
vt 0.741918 0.910953
vt 0.770310 0.917877
vt 0.799273 0.920232
vt 0.828289 0.918018
vt 0.856842 0.911233
vt 0.884414 0.899877
vt 0.910490 0.883948
vt 0.934551 0.863444
vt 0.694486 0.877461
vt 0.671863 0.857678
vt 0.719144 0.892865
vt 0.745341 0.903889
vt 0.772581 0.910532
vt 0.800369 0.912791
vt 0.828207 0.910667
vt 0.855602 0.904158
vt 0.882056 0.893263
vt 0.907073 0.877980
vt 0.930158 0.858308
vt 0.699070 0.872562
vt 0.677235 0.853468
vt 0.722869 0.887430
vt 0.748154 0.898070
vt 0.774445 0.904481
vt 0.801265 0.906662
vt 0.828135 0.904612
vt 0.854575 0.898329
vt 0.880108 0.887813
vt 0.904254 0.873062
vt 0.926535 0.854076
vt 0.702269 0.869273
vt 0.680969 0.850646
vt 0.725486 0.883776
vt 0.750151 0.894156
vt 0.775799 0.900410
vt 0.801962 0.902538
vt 0.828174 0.900537
vt 0.853967 0.894409
vt 0.878874 0.884150
vt 0.902429 0.869761
vt 0.924165 0.851239
vt 0.026530 0.518177
vt 0.026383 0.521160
vt -0.001452 0.522524
vt -0.001047 0.519529
vt 0.053920 0.517187
vt 0.054028 0.520161
vt 0.080706 0.516555
vt 0.081064 0.519522
vt 0.106470 0.516276
vt 0.107068 0.519241
vt 0.130795 0.516347
vt 0.131620 0.519312
vt 0.153264 0.516762
vt 0.154299 0.519731
vt 0.173460 0.517517
vt 0.174684 0.520494
vt 0.190965 0.518609
vt 0.192352 0.521596
vt 0.205363 0.520033
vt 0.206885 0.523032
vt 0.214258 0.757200
vt 0.213406 0.760519
vt 0.197125 0.760479
vt 0.198126 0.757161
vt 0.357885 0.415186
vt 0.332098 0.412998
vt 0.386718 0.416910
vt 0.417982 0.418167
vt 0.451060 0.418956
vt 0.485336 0.419276
vt 0.520193 0.419125
vt 0.555015 0.418501
vt 0.589186 0.417403
vt 0.622090 0.415830
vt 0.371727 0.412380
vt 0.360702 0.401682
vt 0.335408 0.399535
vt 0.388984 0.403372
vt 0.419649 0.404605
vt 0.452094 0.405380
vt 0.485714 0.405693
vt 0.519904 0.405545
vt 0.554061 0.404933
vt 0.587578 0.403856
vt 0.619852 0.402313
vt 0.368895 0.398903
vt 0.364907 0.389477
vt 0.340340 0.387392
vt 0.392375 0.391119
vt 0.422160 0.392317
vt 0.453672 0.393068
vt 0.486325 0.393373
vt 0.519533 0.393229
vt 0.552707 0.392635
vt 0.585261 0.391589
vt 0.616607 0.390090
vt 0.364776 0.386737
vt 0.370040 0.378568
vt 0.346357 0.376558
vt 0.396521 0.380151
vt 0.425235 0.381306
vt 0.455615 0.382030
vt 0.487095 0.382324
vt 0.519109 0.382185
vt 0.551090 0.381612
vt 0.582474 0.380604
vt 0.612694 0.379160
vt 0.359800 0.375877
vt 0.121804 0.841268
vt 0.121179 0.848205
vt 0.086943 0.844287
vt 0.088957 0.837509
vt 0.401049 0.370470
vt 0.375642 0.368951
vt 0.428598 0.371578
vt 0.457745 0.372273
vt 0.487948 0.372555
vt 0.518663 0.372422
vt 0.549347 0.371872
vt 0.579457 0.370905
vt 0.608451 0.369519
vt 0.354402 0.366313
vt 0.122382 0.834123
vt 0.090925 0.830523
vt 0.153053 0.832821
vt 0.153829 0.839909
vt 0.431969 0.363139
vt 0.405585 0.362078
vt 0.459884 0.363805
vt 0.488809 0.364074
vt 0.518226 0.363947
vt 0.547612 0.363420
vt 0.576450 0.362494
vt 0.604217 0.361167
vt 0.770293 0.749733
vt 0.773006 0.757322
vt 0.740436 0.760842
vt 0.739100 0.753105
vt 0.122891 0.827459
vt 0.092710 0.824005
vt 0.152318 0.826210
vt 0.180571 0.820534
vt 0.182501 0.826906
vt 0.461853 0.356632
vt 0.435071 0.355993
vt 0.489606 0.356891
vt 0.517828 0.356768
vt 0.546023 0.356263
vt 0.708782 0.744434
vt 0.708693 0.751538
vt 0.679504 0.745329
vt 0.680778 0.738477
vt 0.737955 0.745937
vt 0.767882 0.742702
vt 0.123309 0.821964
vt 0.094179 0.818631
vt 0.151711 0.820759
vt 0.178980 0.815281
vt 0.463476 0.350763
vt 0.437626 0.350146
vt 0.490261 0.351013
vt 0.517501 0.350895
vt 0.544714 0.350407
vt 0.708861 0.738580
vt 0.681831 0.732830
vt 0.737018 0.740030
vt 0.765902 0.736908
vt 0.123614 0.818329
vt 0.095197 0.815077
vt 0.415523 0.344645
vt 0.413195 0.349164
vt 0.390662 0.347817
vt 0.393542 0.343331
vt 0.439356 0.345603
vt 0.464573 0.346205
vt 0.490702 0.346449
vt 0.517275 0.346334
vt 0.543822 0.345858
vt 0.569871 0.345021
vt 0.571418 0.349549
vt 0.594955 0.343822
vt 0.597131 0.348320
vt 0.764481 0.733032
vt 0.736303 0.736077
vt 0.394592 0.340119
vt 0.373884 0.341663
vt 0.375115 0.338466
vt 0.416370 0.341421
vt 0.439983 0.342370
vt 0.464966 0.342966
vt 0.490854 0.343208
vt 0.517181 0.343094
vt 0.543482 0.342622
vt 0.569291 0.341793
vt 0.594143 0.340605
vt 0.617571 0.339057
vt 0.618602 0.342259
vt 0.063721 0.087813
vt 0.063601 0.115250
vt 0.347724 0.540893
vt 0.348696 0.526401
vt 0.377551 0.523975
vt 0.376378 0.538484
vt 0.316598 0.542690
vt 0.317350 0.528211
vt 0.283616 0.543871
vt 0.284135 0.529400
vt 0.249393 0.544431
vt 0.249671 0.529963
vt 0.214545 0.544366
vt 0.214577 0.529898
vt 0.179688 0.543671
vt 0.179475 0.529198
vt 0.145437 0.542342
vt 0.144983 0.527860
vt 0.112410 0.540375
vt 0.111722 0.525879
vt 0.081220 0.537764
vt 0.080313 0.523250
vt 0.050037 0.089909
vt 0.049919 0.116821
vt 0.345255 0.553618
vt 0.373360 0.551255
vt 0.314724 0.555381
vt 0.282373 0.556539
vt 0.248804 0.557088
vt 0.214623 0.557024
vt 0.180433 0.556343
vt 0.146838 0.555040
vt 0.114443 0.553110
vt 0.659774 0.700121
vt 0.660616 0.686280
vt 0.689887 0.686351
vt 0.688485 0.700191
vt 0.037539 0.093658
vt 0.037425 0.119797
vt 0.341663 0.564698
vt 0.368961 0.562402
vt 0.312011 0.566410
vt 0.280589 0.567535
vt 0.247986 0.568068
vt 0.214788 0.568006
vt 0.181580 0.567344
vt 0.148951 0.566078
vt 0.117487 0.564204
vt 0.657616 0.712936
vt 0.685501 0.713004
vt 0.026260 0.098546
vt 0.026150 0.123745
vt 0.890199 0.784242
vt 0.892125 0.776621
vt 0.921138 0.794746
vt 0.918169 0.801716
vt 0.308740 0.575902
vt 0.337327 0.574251
vt 0.278448 0.576986
vt 0.247017 0.577500
vt 0.215011 0.577441
vt 0.182998 0.576802
vt 0.151541 0.575582
vt 0.677026 0.801128
vt 0.671004 0.794136
vt 0.700440 0.776154
vt 0.705404 0.783792
vt 0.650839 0.823442
vt 0.643842 0.817282
vt 0.914591 0.809164
vt 0.943831 0.824156
vt 0.939211 0.830694
vt 0.887755 0.792399
vt 0.859245 0.780402
vt 0.860483 0.771737
vt 0.829599 0.773173
vt 0.829584 0.764203
vt 0.799358 0.770714
vt 0.798064 0.761639
vt 0.769061 0.773025
vt 0.766485 0.764049
vt 0.739247 0.780109
vt 0.735411 0.771433
vt 0.710457 0.791967
vt 0.683230 0.808600
vt 0.658106 0.830009
vt 0.910813 0.816534
vt 0.934392 0.837153
vt 0.885113 0.800478
vt 0.857808 0.788988
vt 0.829415 0.782065
vt 0.800453 0.779709
vt 0.771437 0.781923
vt 0.742884 0.788708
vt 0.715311 0.800064
vt 0.689236 0.815994
vt 0.665174 0.836497
vt 0.907248 0.823269
vt 0.929870 0.843052
vt 0.882590 0.807865
vt 0.856393 0.796841
vt 0.829153 0.790199
vt 0.801365 0.787939
vt 0.773526 0.790063
vt 0.746132 0.796572
vt 0.719678 0.807468
vt 0.694660 0.822751
vt 0.671575 0.842423
vt 0.904305 0.828814
vt 0.926140 0.847908
vt 0.880506 0.813946
vt 0.855222 0.803306
vt 0.828930 0.796895
vt 0.802110 0.794714
vt 0.775241 0.796764
vt 0.748801 0.803046
vt 0.723268 0.813563
vt 0.699122 0.828313
vt 0.676840 0.847300
vt 0.902398 0.832611
vt 0.923698 0.851238
vt 0.879182 0.818107
vt 0.854516 0.807728
vt 0.828868 0.801473
vt 0.802705 0.799346
vt 0.776493 0.801346
vt 0.750700 0.807475
vt 0.725793 0.817733
vt 0.702238 0.832123
vt 0.680502 0.850645
vt 0.257726 0.757346
vt 0.258656 0.760629
vt 0.237739 0.760578
vt 0.237003 0.757296
vt 0.598921 0.355355
vt 0.599848 0.352434
vt 0.621709 0.350807
vt 0.620579 0.353744
vt 0.575400 0.356487
vt 0.576108 0.353576
vt 0.550481 0.357140
vt 0.550956 0.354235
vt 0.524630 0.357314
vt 0.524864 0.354411
vt 0.498312 0.357012
vt 0.498300 0.354106
vt 0.471991 0.356235
vt 0.471733 0.353322
vt 0.446133 0.354983
vt 0.445634 0.352058
vt 0.421203 0.353258
vt 0.420471 0.350316
vt 0.258656 0.760629
vt 0.259176 0.757267
vt 0.281491 0.757321
vt 0.280764 0.760683
vt 0.098376 0.609129
vt 0.121476 0.609393
vt 0.121037 0.618728
vt 0.098204 0.618467
vt 0.098819 0.601775
vt 0.122646 0.602047
vt 0.099466 0.596424
vt 0.124364 0.596708
vt 0.100248 0.593098
vt 0.126446 0.593397
vt 0.141437 0.618697
vt 0.134376 0.593067
vt 0.138509 0.594043
vt 0.145207 0.618360
vt 0.137668 0.619689
vt 0.130243 0.592746
vt 0.134206 0.621283
vt 0.126447 0.593134
vt 0.147954 0.950232
vt 0.179639 0.950276
vt 0.178138 0.955376
vt 0.147534 0.955334
vt 0.148251 0.943038
vt 0.180669 0.943083
vt 0.148380 0.933747
vt 0.181068 0.933792
vt 0.077401 0.608901
vt 0.077461 0.618241
vt 0.077214 0.601540
vt 0.076933 0.596180
vt 0.076588 0.592842
vt 0.148021 0.641708
vt 0.151454 0.640242
vt 0.144589 0.643829
vt 0.141437 0.646460
vt 0.119554 0.950185
vt 0.120068 0.955289
vt 0.119216 0.942991
vt 0.119111 0.933699
vt 0.058594 0.608719
vt 0.058853 0.618060
vt 0.057867 0.601354
vt 0.056790 0.595989
vt 0.055478 0.592644
vt 0.154345 0.662011
vt 0.157442 0.659595
vt 0.151248 0.665082
vt 0.148404 0.668585
vt 0.094424 0.950129
vt 0.095737 0.955235
vt 0.093544 0.942933
vt 0.093240 0.933640
vt 0.041997 0.608594
vt 0.042425 0.617936
vt 0.040813 0.601230
vt 0.039061 0.595864
vt 0.036930 0.592519
vt 0.160624 0.679519
vt 0.163364 0.676330
vt 0.157886 0.683364
vt 0.155371 0.687578
vt 0.072552 0.950056
vt 0.074537 0.955166
vt 0.071216 0.942858
vt 0.070744 0.933564
vt 0.027651 0.608539
vt 0.028220 0.617880
vt 0.026086 0.601178
vt 0.023771 0.595818
vt 0.020958 0.592480
vt 0.167077 0.694146
vt 0.169410 0.690355
vt 0.164745 0.698592
vt 0.162603 0.703360
vt 0.053924 0.949960
vt 0.056461 0.955075
vt 0.052213 0.942758
vt 0.051602 0.933463
vt 0.015600 0.608565
vt 0.016284 0.617902
vt 0.013722 0.601213
vt 0.010946 0.595865
vt 0.007572 0.592542
vt 0.173919 0.705804
vt 0.175773 0.701579
vt 0.172065 0.710684
vt 0.170363 0.715850
vt 0.038526 0.949833
vt 0.041508 0.954954
vt 0.036515 0.942626
vt 0.035793 0.933330
vt 0.005885 0.608683
vt 0.006662 0.618015
vt 0.003756 0.601344
vt 0.000610 0.596017
vt 0.264380 0.345695
vt 0.259542 0.339154
vt 0.262661 0.334783
vt 0.267043 0.341041
vt 0.181366 0.714405
vt 0.182644 0.709911
vt 0.180089 0.719555
vt 0.178916 0.724969
vt 0.026347 0.949668
vt 0.029671 0.954799
vt 0.024103 0.942455
vt 0.023296 0.933156
vt -0.001451 0.608903
vt -0.000602 0.618228
vt -0.003777 0.601585
vt 0.272589 0.345869
vt 0.269741 0.335109
vt 0.274797 0.339747
vt 0.270521 0.350754
vt 0.189636 0.719864
vt 0.190216 0.715260
vt 0.189058 0.725123
vt 0.188527 0.730638
vt 0.188091 0.736008
vt 0.177952 0.730257
vt 0.014957 0.942237
vt 0.017372 0.949458
vt 0.014088 0.932935
vt 0.282863 0.335731
vt 0.277014 0.332599
vt 0.279112 0.324638
vt 0.284805 0.327731
vt 0.281068 0.342983
vt 0.279482 0.349259
vt 0.278170 0.354332
vt 0.198946 0.722091
vt 0.198680 0.717534
vt 0.199213 0.727304
vt 0.199459 0.732775
vt 0.199663 0.738110
vt 0.199804 0.742912
vt 0.187797 0.740834
vt 0.008148 0.932660
vt 0.009059 0.941965
vt 0.289991 0.337468
vt 0.291740 0.329437
vt 0.288719 0.344805
vt 0.287905 0.351206
vt 0.287529 0.356430
vt 0.209511 0.721001
vt 0.208228 0.716643
vt 0.210796 0.726014
vt 0.211977 0.731303
vt 0.212951 0.736487
vt 0.213614 0.741186
vt 0.239378 0.224466
vt 0.253219 0.226107
vt 0.251279 0.230895
vt 0.237630 0.229289
vt 0.148307 0.924420
vt 0.180725 0.924465
vt 0.148054 0.917133
vt 0.179739 0.917177
vt 0.147664 0.911891
vt 0.178269 0.911934
vt 0.147182 0.908704
vt 0.176474 0.908745
vt 0.297925 0.109970
vt 0.301115 0.088391
vt 0.304827 0.088507
vt 0.301472 0.111191
vt 0.293966 0.109986
vt 0.296990 0.089513
vt 0.289898 0.111289
vt 0.292771 0.091832
vt 0.098779 0.634809
vt 0.122606 0.635081
vt 0.124311 0.640065
vt 0.099413 0.639781
vt 0.098353 0.627711
vt 0.121453 0.627975
vt 0.119272 0.924373
vt 0.119653 0.917086
vt 0.120199 0.911847
vt 0.120852 0.908661
vt 0.294824 0.129339
vt 0.298205 0.131511
vt 0.291030 0.128406
vt 0.287115 0.128836
vt 0.077174 0.634574
vt 0.076880 0.639537
vt 0.077378 0.627482
vt 0.093600 0.924315
vt 0.094523 0.917030
vt 0.095868 0.911793
vt 0.097491 0.908611
vt 0.291588 0.146425
vt 0.294780 0.149394
vt 0.287984 0.144693
vt 0.284243 0.144389
vt 0.057827 0.634388
vt 0.056737 0.639346
vt 0.058571 0.627300
vt 0.071272 0.924240
vt 0.072651 0.916957
vt 0.074667 0.911724
vt 0.077106 0.908545
vt 0.287996 0.161150
vt 0.290951 0.164769
vt 0.284629 0.158768
vt 0.281106 0.157866
vt 0.055417 0.642195
vt 0.036869 0.642070
vt 0.039008 0.639221
vt 0.040772 0.634263
vt 0.041974 0.627176
vt 0.052269 0.924140
vt 0.054023 0.916861
vt 0.056592 0.911632
vt 0.059702 0.908460
vt 0.283825 0.173438
vt 0.286471 0.177561
vt 0.280766 0.170552
vt 0.023718 0.639175
vt 0.020897 0.642031
vt 0.026045 0.634212
vt 0.027629 0.627121
vt 0.036571 0.924008
vt 0.038626 0.916734
vt 0.041638 0.911512
vt 0.281094 0.187699
vt 0.288473 0.182638
vt 0.282727 0.193107
vt 0.278851 0.183214
vt 0.276195 0.179966
vt 0.010893 0.639222
vt 0.007511 0.642093
vt 0.013681 0.634246
vt 0.015578 0.627147
vt 0.024159 0.923837
vt 0.026447 0.916569
vt 0.029802 0.911356
vt 0.274575 0.195107
vt 0.275729 0.200720
vt 0.272852 0.190401
vt 0.270717 0.186931
vt 0.173619 0.966465
vt 0.175030 0.959774
vt 0.179032 0.963696
vt 0.177287 0.970724
vt 0.003715 0.634378
vt 0.000557 0.639374
vt 0.005863 0.627264
vt 0.015013 0.923619
vt 0.017472 0.916359
vt 0.267212 0.205405
vt 0.276158 0.206907
vt 0.267140 0.211657
vt 0.266667 0.199715
vt 0.265606 0.194923
vt 0.264133 0.191369
vt 0.180971 0.973539
vt 0.176559 0.979618
vt 0.173426 0.976472
vt 0.170263 0.971910
vt -0.003818 0.634619
vt -0.007265 0.639645
vt -0.001474 0.627485
vt 0.254992 0.219758
vt 0.266347 0.218131
vt 0.264730 0.224489
vt 0.256210 0.213309
vt 0.256908 0.207094
vt 0.257123 0.201448
vt 0.256890 0.196705
vt 0.167235 0.980968
vt 0.169612 0.984420
vt 0.164768 0.976125
vt 0.162391 0.970104
vt 0.167314 0.966121
vt 0.160287 0.963120
vt 0.164821 0.959295
vt -0.005464 0.618553
vt 0.641411 0.764961
vt 0.636258 0.769140
vt 0.630501 0.764934
vt 0.241343 0.218151
vt 0.243083 0.211794
vt 0.244550 0.205715
vt 0.245698 0.200233
vt 0.246480 0.195670
vt 0.158503 0.984240
vt 0.159896 0.987986
vt 0.156939 0.979126
vt 0.155307 0.972882
vt 0.153707 0.965747
vt 0.152243 0.957960
vt 0.158637 0.955389
vt 0.298462 0.338175
vt 0.300022 0.330127
vt 0.297702 0.345557
vt 0.297643 0.352025
vt 0.298184 0.357330
vt 0.220822 0.717273
vt 0.218569 0.713229
vt 0.223076 0.721973
vt 0.225148 0.726974
vt 0.226856 0.731921
vt 0.228017 0.736460
vt 0.224538 0.220265
vt 0.222977 0.225140
vt 0.308037 0.338176
vt 0.309452 0.330133
vt 0.307673 0.345544
vt 0.308196 0.351992
vt 0.309443 0.357272
vt 0.232106 0.711643
vt 0.229139 0.707993
vt 0.235073 0.715948
vt 0.237801 0.720585
vt 0.240050 0.725233
vt 0.241577 0.729569
vt 0.210251 0.214233
vt 0.208832 0.219172
vt 0.318418 0.337393
vt 0.319723 0.329376
vt 0.318353 0.344692
vt 0.319316 0.351038
vt 0.321099 0.356194
vt 0.243187 0.704102
vt 0.239721 0.700935
vt 0.246655 0.707924
vt 0.249842 0.712118
vt 0.252468 0.716401
vt 0.254253 0.720488
vt 0.196547 0.206346
vt 0.195233 0.211364
vt 0.329305 0.335747
vt 0.330527 0.327774
vt 0.329464 0.342926
vt 0.330758 0.349095
vt 0.332942 0.354037
vt 0.253890 0.694643
vt 0.250095 0.692052
vt 0.257686 0.697890
vt 0.261175 0.701555
vt 0.264050 0.705403
vt 0.266002 0.709195
vt 0.183454 0.196586
vt 0.182216 0.201696
vt 0.340398 0.333158
vt 0.115260 0.322436
vt 0.102424 0.323374
vt 0.099751 0.316994
vt 0.340728 0.340171
vt 0.342274 0.346096
vt 0.344764 0.350741
vt 0.264039 0.683260
vt 0.260045 0.681342
vt 0.268033 0.685833
vt 0.271705 0.688879
vt 0.274730 0.692217
vt 0.276784 0.695664
vt 0.538350 0.911188
vt 0.546940 0.911770
vt 0.545395 0.919180
vt 0.545169 0.928530
vt 0.536175 0.927947
vt 0.536510 0.918598
vt 0.086241 0.316961
vt 0.089017 0.323394
vt 0.351866 0.336354
vt 0.351398 0.329549
vt 0.353618 0.341971
vt 0.356357 0.346244
vt 0.273458 0.669943
vt 0.269353 0.668802
vt 0.277563 0.671740
vt 0.281336 0.674072
vt 0.284445 0.676822
vt 0.556867 0.919630
vt 0.558048 0.912223
vt 0.556775 0.928978
vt 0.044239 0.824365
vt 0.034454 0.824470
vt 0.035150 0.815188
vt 0.044772 0.815081
vt 0.362601 0.331399
vt 0.362004 0.324840
vt 0.364541 0.336654
vt 0.367510 0.340487
vt 0.281971 0.654687
vt 0.277802 0.654432
vt 0.286141 0.655598
vt 0.289975 0.657117
vt 0.293133 0.659196
vt 0.570965 0.919942
vt 0.571719 0.912543
vt 0.571031 0.929287
vt 0.055946 0.824306
vt 0.056294 0.815020
vt 0.055336 0.831485
vt 0.043126 0.831540
vt 0.374799 0.330076
vt 0.054538 0.836568
vt 0.378016 0.333409
vt 0.289403 0.637484
vt 0.285172 0.638228
vt 0.293635 0.637395
vt 0.297525 0.637995
vt 0.587999 0.912723
vt 0.573114 0.907120
vt 0.588680 0.907312
vt 0.587730 0.920113
vt 0.587975 0.929455
vt 0.069665 0.824302
vt 0.069806 0.815015
vt 0.069613 0.831487
vt 0.069637 0.836576
vt 0.291247 0.620190
vt 0.281285 0.639594
vt 0.183272 0.761013
vt 0.194889 0.757153
vt 0.197123 0.761047
vt 0.295578 0.618326
vt 0.299910 0.617118
vt 0.303892 0.616689
vt 0.606934 0.912757
vt 0.606824 0.907359
vt 0.607202 0.920138
vt 0.607644 0.929477
vt 0.085483 0.824363
vt 0.085400 0.815075
vt 0.086040 0.831552
vt 0.086962 0.836648
vt 0.295808 0.600315
vt 0.287268 0.622584
vt 0.291664 0.603852
vt 0.300320 0.597207
vt 0.304833 0.594754
vt 0.308981 0.593182
vt 0.628569 0.912640
vt 0.627601 0.907253
vt 0.629420 0.920015
vt 0.630077 0.929351
vt 0.226690 0.214003
vt 0.228935 0.207787
vt 0.231149 0.201916
vt 0.233203 0.196687
vt 0.234971 0.192399
vt 0.147807 0.986508
vt 0.148201 0.990470
vt 0.147161 0.981195
vt 0.146285 0.974788
vt 0.145199 0.967542
vt 0.143924 0.959714
vt 0.212545 0.208034
vt 0.215175 0.201994
vt 0.217956 0.196381
vt 0.220698 0.191467
vt 0.223215 0.187520
vt 0.135991 0.987917
vt 0.135565 0.991953
vt 0.136098 0.982537
vt 0.135842 0.976074
vt 0.135176 0.968790
vt 0.134056 0.960948
vt 0.198946 0.200226
vt 0.201861 0.194398
vt 0.205060 0.189098
vt 0.208312 0.184563
vt 0.211384 0.181030
vt 0.123243 0.988381
vt 0.122140 0.992361
vt 0.123973 0.983052
vt 0.124229 0.976631
vt 0.123912 0.969376
vt 0.122920 0.961545
vt 0.185929 0.190558
vt 0.189050 0.184981
vt 0.192553 0.180052
vt 0.196173 0.175967
vt 0.199645 0.172923
vt 0.109751 0.987813
vt 0.108072 0.991622
vt 0.111010 0.982641
vt 0.111702 0.976350
vt 0.111680 0.969183
vt 0.110798 0.961385
vt 0.173531 0.179010
vt 0.171002 0.184929
vt 0.176801 0.173726
vt 0.180522 0.169229
vt 0.184408 0.165669
vt 0.188169 0.163196
vt 0.095702 0.986128
vt 0.093511 0.989663
vt 0.097433 0.981207
vt 0.098513 0.975122
vt 0.098755 0.968096
vt 0.097969 0.960349
vt 0.053150 0.220273
vt 0.041676 0.219907
vt 0.040420 0.210709
vt 0.052029 0.211073
vt 0.165172 0.160615
vt 0.161790 0.165561
vt 0.169059 0.156615
vt 0.173145 0.153659
vt 0.177125 0.151844
vt 0.081286 0.983239
vt 0.078605 0.986413
vt 0.083466 0.978650
vt 0.084917 0.972839
vt 0.085409 0.965997
vt 0.084716 0.958319
vt 0.067251 0.220484
vt 0.066286 0.211279
vt 0.154221 0.145630
vt 0.150742 0.150191
vt 0.158252 0.142197
vt 0.162513 0.139930
vt 0.166683 0.138863
vt 0.066689 0.979059
vt 0.063504 0.981798
vt 0.069333 0.974871
vt 0.071165 0.969390
vt 0.071917 0.962772
vt 0.071319 0.955176
vt 0.084017 0.220533
vt 0.083231 0.211324
vt 0.085086 0.227568
vt 0.068805 0.227507
vt 0.148192 0.125960
vt 0.144008 0.128753
vt 0.152639 0.124470
vt 0.157011 0.124248
vt 0.052100 0.973504
vt 0.048355 0.975746
vt 0.055257 0.969772
vt 0.057513 0.964666
vt 0.058552 0.958304
vt 0.083258 0.346037
vt 0.071736 0.346068
vt 0.071570 0.336736
vt 0.083278 0.336708
vt 0.103488 0.220418
vt 0.102900 0.211204
vt 0.104021 0.227466
vt 0.138968 0.107891
vt 0.134589 0.109968
vt 0.143651 0.107270
vt 0.148281 0.107996
vt 0.037705 0.966486
vt 0.033308 0.968184
vt 0.041463 0.963253
vt 0.044213 0.958559
vt 0.096996 0.336740
vt 0.082953 0.329408
vt 0.097230 0.329446
vt 0.096770 0.346067
vt 0.125705 0.220134
vt 0.125331 0.210916
vt 0.125655 0.227192
vt 0.130670 0.087976
vt 0.126024 0.089255
vt 0.135678 0.088323
vt 0.140660 0.090102
vt 0.023694 0.957918
vt 0.018511 0.959039
vt 0.028175 0.955217
vt 0.113657 0.329554
vt 0.097459 0.324195
vt 0.114783 0.324311
vt 0.112814 0.336842
vt 0.112364 0.346167
vt 0.745077 0.712920
vt 0.772700 0.712492
vt 0.772578 0.732910
vt 0.745371 0.732985
vt 0.744397 0.697427
vt 0.773154 0.696733
vt 0.558191 0.321511
vt 0.579688 0.340843
vt 0.572880 0.350688
vt 0.743432 0.686481
vt 0.565279 0.310909
vt 0.588875 0.330902
vt 0.573660 0.300831
vt 0.599552 0.321569
vt 0.582630 0.292041
vt 0.610829 0.313547
vt 0.591485 0.285305
vt 0.330632 0.556723
vt 0.730542 0.627343
vt 0.771565 0.628108
vt 0.769842 0.640152
vt 0.730557 0.639158
vt 0.730608 0.611277
vt 0.772812 0.611744
vt 0.449387 0.589629
vt 0.492029 0.589733
vt 0.724268 0.713831
vt 0.724841 0.732935
vt 0.722824 0.699075
vt 0.538443 0.311106
vt 0.553098 0.331871
vt 0.720732 0.688645
vt 0.543705 0.300527
vt 0.550067 0.290403
vt 0.556989 0.281506
vt 0.749484 1.010612
vt 0.726052 1.003089
vt 0.733508 0.991676
vt 0.755339 0.999517
vt 0.746313 1.023873
vt 0.721646 1.016821
vt 0.699239 0.610784
vt 0.700003 0.626063
vt 0.417706 0.590115
vt 0.708980 0.715097
vt 0.709729 0.732783
vt 0.707052 0.701432
vt 0.520088 0.307855
vt 0.534818 0.321369
vt 0.517735 0.317571
vt 0.523743 0.297800
vt 0.528309 0.288143
vt 0.533393 0.279621
vt 0.773536 1.013256
vt 0.777904 1.002888
vt 0.771466 1.025612
vt 0.772240 1.039441
vt 0.746515 1.038754
vt 0.394651 0.591059
vt 0.676402 0.610289
vt 0.697925 0.716590
vt 0.698780 0.732552
vt 0.695698 0.704250
vt 0.502773 0.309984
vt 0.501543 0.318865
vt 0.504984 0.300773
vt 0.507922 0.291908
vt 0.800945 1.002914
vt 0.784024 0.995023
vt 0.805419 0.995792
vt 0.797968 1.012293
vt 0.796894 1.023463
vt 0.798131 1.035954
vt 0.802086 1.049302
vt 0.776403 1.054227
vt 0.689810 0.718179
vt 0.690736 0.732266
vt 0.485940 0.323639
vt 0.501554 0.326739
vt 0.486549 0.330643
vt 0.486141 0.315718
vt 0.487019 0.307489
vt 0.488443 0.299557
vt 0.824207 1.000720
vt 0.827109 0.994436
vt 0.822541 1.008996
vt 0.822385 1.018851
vt 0.824013 1.029873
vt 0.827701 1.041650
vt 0.083936 0.316723
vt 0.068255 0.316917
vt 0.072986 0.310001
vt 0.087845 0.310812
vt 0.470620 0.330279
vt 0.471797 0.336439
vt 0.469837 0.323284
vt 0.469437 0.315993
vt 0.469407 0.308946
vt 0.847432 0.997430
vt 0.469735 0.302682
vt 0.847016 1.004635
vt 0.847727 1.013202
vt 0.849713 1.022773
vt 0.853120 1.032986
vt 0.099761 0.316994
vt 0.102908 0.312038
vt 0.455279 0.337176
vt 0.457035 0.342642
vt 0.453508 0.330908
vt 0.451830 0.324330
vt 0.450352 0.317934
vt 0.449181 0.312210
vt 0.871154 1.000483
vt 0.870365 0.994170
vt 0.872709 1.007944
vt 0.875055 1.016232
vt 0.878216 1.025027
vt 0.115274 0.316560
vt 0.324370 0.320912
vt 0.309185 0.324695
vt 0.307677 0.320871
vt 0.439613 0.342715
vt 0.442003 0.347767
vt 0.436798 0.336816
vt 0.433787 0.330544
vt 0.430812 0.324378
vt 0.428102 0.318793
vt 0.894716 0.997812
vt 0.892748 0.992064
vt 0.897120 1.004501
vt 0.899866 1.011827
vt 0.902864 1.019490
vt 0.663169 0.628434
vt 0.653884 0.628751
vt 0.652976 0.619640
vt 0.661951 0.620275
vt 0.423318 0.345286
vt 0.426437 0.350331
vt 0.419352 0.339233
vt 0.414900 0.332679
vt 0.410325 0.326136
vt 0.405987 0.320112
vt 0.917464 0.997893
vt 0.914325 0.992236
vt 0.920748 1.004299
vt 0.923973 1.011136
vt 0.926935 1.018090
vt 0.675944 0.628804
vt 0.674305 0.620984
vt 0.305476 0.294227
vt 0.318565 0.289565
vt 0.324435 0.294273
vt 0.679482 0.754712
vt 0.663528 0.758631
vt 0.657944 0.754659
vt 0.400814 0.336385
vt 0.406088 0.343276
vt 0.394759 0.328780
vt 0.388426 0.321066
vt 0.382320 0.313848
vt 0.939157 1.001999
vt 0.934839 0.995812
vt 0.943381 1.008764
vt 0.052612 0.750365
vt 0.080203 0.750780
vt 0.084068 0.757259
vt 0.057610 0.756592
vt 0.050936 0.742549
vt 0.078951 0.742618
vt 0.731018 0.665852
vt 0.773228 0.666286
vt 0.773111 0.686554
vt 0.730477 0.685765
vt 0.731494 0.650684
vt 0.772532 0.650844
vt 0.731890 0.640189
vt 0.771196 0.640156
vt 0.509986 0.946648
vt 0.493300 0.969597
vt 0.479406 0.968029
vt 0.497734 0.944070
vt 0.521703 0.952206
vt 0.506775 0.974107
vt 0.531992 0.960197
vt 0.518797 0.981091
vt 0.539962 0.970071
vt 0.528332 0.990085
vt 0.096646 0.678513
vt 0.125408 0.679016
vt 0.126209 0.690642
vt 0.095776 0.689929
vt 0.097193 0.662701
vt 0.124819 0.662920
vt 0.097317 0.642518
vt 0.124523 0.642378
vt 0.699612 0.666785
vt 0.698792 0.685742
vt 0.700892 0.652344
vt 0.702488 0.642350
vt 0.156464 0.869997
vt 0.175278 0.860440
vt 0.181219 0.872061
vt 0.161066 0.881385
vt 0.149097 0.860580
vt 0.166335 0.850921
vt 0.546375 0.948408
vt 0.537807 0.940080
vt 0.552835 0.958469
vt 0.075059 0.676776
vt 0.073057 0.687635
vt 0.076375 0.661729
vt 0.076786 0.642518
vt 0.676713 0.668767
vt 0.675724 0.686316
vt 0.678521 0.655393
vt 0.139312 0.884307
vt 0.162221 0.894088
vt 0.139637 0.896194
vt 0.135958 0.873610
vt 0.130124 0.864724
vt 0.561726 0.943849
vt 0.554852 0.935678
vt 0.566734 0.953587
vt 0.059265 0.674104
vt 0.056539 0.684147
vt 0.061076 0.660182
vt 0.061674 0.642402
vt 0.124947 0.590795
vt 0.099370 0.590781
vt 0.095837 0.577150
vt 0.121951 0.578547
vt 0.116070 0.893296
vt 0.136379 0.908647
vt 0.112661 0.904567
vt 0.116469 0.882521
vt 0.114282 0.872808
vt 0.109931 0.864724
vt 0.577824 0.944648
vt 0.572603 0.936953
vt 0.581440 0.953731
vt 0.582983 0.963657
vt 0.569268 0.964317
vt 0.050005 0.658240
vt 0.047884 0.670797
vt 0.050724 0.642198
vt 0.151106 0.588039
vt 0.148654 0.577279
vt 0.092004 0.887251
vt 0.088526 0.897214
vt 0.093048 0.877718
vt 0.091958 0.869116
vt 0.089034 0.861950
vt 0.594450 0.948933
vt 0.590827 0.941858
vt 0.596736 0.957209
vt 0.597353 0.966182
vt 0.595965 0.975349
vt 0.581983 0.973879
vt 0.592239 0.984204
vt 0.577971 0.983855
vt 0.064404 0.888590
vt 0.082316 0.907103
vt 0.058838 0.897176
vt 0.067917 0.879915
vt 0.069558 0.871592
vt 0.069507 0.864064
vt 0.067946 0.857773
vt 0.611383 0.954830
vt 0.609289 0.948344
vt 0.612403 0.962328
vt 0.612146 0.970373
vt 0.610407 0.978500
vt 0.606979 0.986241
vt 0.040725 0.880702
vt 0.035744 0.888114
vt 0.044292 0.873144
vt 0.046511 0.865837
vt 0.047452 0.859179
vt 0.047183 0.853565
vt 0.628403 0.960466
vt 0.627755 0.954363
vt 0.628224 0.967396
vt 0.627134 0.974708
vt 0.625050 0.981960
vt 0.621890 0.988708
vt 0.679535 0.732825
vt 0.655760 0.739979
vt 0.652309 0.732758
vt 0.675168 0.647847
vt 0.653344 0.655606
vt 0.653364 0.647692
vt 0.021608 0.868794
vt 0.017920 0.875552
vt 0.024418 0.862146
vt 0.026315 0.855987
vt 0.027260 0.850696
vt 0.645291 0.963970
vt 0.645989 0.957867
vt 0.643979 0.970720
vt 0.642084 0.977667
vt 0.639637 0.984360
vt 0.636667 0.990349
vt 0.071304 0.260290
vt 0.051824 0.265302
vt 0.051696 0.256193
vt 0.071601 0.252083
vt 0.000347 0.868721
vt -0.003580 0.875146
vt 0.003790 0.862212
vt 0.006616 0.856018
vt 0.008692 0.850537
vt 0.661826 0.963467
vt 0.663758 0.956808
vt 0.659451 0.970607
vt 0.656768 0.977727
vt 0.653910 0.984327
vt 0.651009 0.989906
vt 0.098433 0.255140
vt 0.099191 0.247221
vt 0.094181 0.261803
vt 0.068204 0.267053
vt -0.014863 0.867728
vt -0.019010 0.874782
vt -0.011122 0.860797
vt 0.680827 0.949137
vt 0.665115 0.951129
vt 0.683316 0.942127
vt 0.677788 0.957085
vt 0.674423 0.965364
vt 0.670955 0.973368
vt 0.662230 0.599272
vt 0.675024 0.599093
vt 0.671303 0.605661
vt 0.657384 0.605627
vt 0.382291 0.590007
vt 0.394654 0.589496
vt 0.046364 0.149104
vt 0.042699 0.148850
vt 0.041393 0.140968
vt 0.044957 0.141301
vt 0.051359 0.155478
vt 0.047435 0.155271
vt 0.465346 1.006850
vt 0.469468 1.004688
vt 0.478085 1.005717
vt 0.474307 1.007830
vt 0.455244 1.005939
vt 0.459795 1.003721
vt 0.444827 1.005154
vt 0.449850 1.002877
vt 0.434919 1.004551
vt 0.440420 1.002217
vt 0.642099 0.769154
vt 0.638027 0.772134
vt 0.630484 0.772005
vt 0.634303 0.769135
vt 0.096842 0.233608
vt 0.090150 0.234572
vt 0.081955 0.231358
vt 0.088280 0.230498
vt 0.103101 0.238754
vt 0.096166 0.239823
vt 0.106207 0.246053
vt 0.049817 0.149180
vt 0.048349 0.141608
vt 0.054940 0.155381
vt 0.295277 0.324661
vt 0.298684 0.323057
vt 0.307667 0.324691
vt 0.295280 0.323049
vt 0.291853 0.324488
vt 0.282841 0.323018
vt 0.451614 1.007731
vt 0.461889 1.008567
vt 0.440989 1.007021
vt 0.430857 1.006487
vt 0.422060 1.006179
vt 0.426343 1.004185
vt 0.550820 0.932186
vt 0.547519 0.934658
vt 0.539367 0.934369
vt 0.542669 0.931996
vt 0.108088 0.238142
vt 0.101740 0.233196
vt 0.111202 0.245201
vt 0.052924 0.149105
vt 0.051432 0.141879
vt 0.058060 0.155037
vt 0.065960 0.159605
vt 0.062838 0.160142
vt 0.075745 0.162742
vt 0.072630 0.163394
vt 0.438332 1.008450
vt 0.448931 1.009077
vt 0.428202 1.007990
vt 0.419382 1.007742
vt 0.553204 0.930419
vt 0.545211 0.930321
vt 0.111196 0.237941
vt 0.560911 0.931011
vt 0.114257 0.244656
vt 0.055551 0.148905
vt 0.054069 0.142102
vt 0.060598 0.154501
vt 0.068348 0.158824
vt 0.077938 0.161806
vt 0.088508 0.163379
vt 0.086535 0.164378
vt 0.426918 1.009024
vt 0.099195 0.163475
vt 0.418250 1.008832
vt 0.554649 0.929374
vt 0.546941 0.929355
vt 0.562028 0.929881
vt 0.568570 0.930948
vt 0.567817 0.932165
vt 0.057565 0.148607
vt 0.056121 0.142268
vt 0.062436 0.153832
vt 0.069904 0.157878
vt 0.079141 0.160679
vt 0.089317 0.162171
vt 0.099601 0.162289
vt 0.109166 0.160966
vt 0.109137 0.162027
vt 0.117181 0.158138
vt 0.117474 0.158968
vt 0.122816 0.153739
vt 0.123342 0.154229
vt 0.125244 0.147705
vt 0.125881 0.147742
vt 0.058831 0.148239
vt 0.057453 0.142366
vt 0.063453 0.153086
vt 0.070533 0.156846
vt 0.079286 0.159457
vt 0.088926 0.160856
vt 0.098667 0.160982
vt 0.107724 0.159774
vt 0.115310 0.157168
vt 0.120640 0.153104
vt 0.122929 0.147520
vt 0.414888 0.351353
vt 0.414830 0.350508
vt 0.420470 0.350964
vt 0.420121 0.351774
vt 0.408754 0.351149
vt 0.408231 0.350287
vt 0.402174 0.351136
vt 0.401162 0.350269
vt 0.078307 0.158232
vt 0.070138 0.155808
vt 0.087302 0.159533
vt 0.096390 0.159655
vt 0.104840 0.158540
vt 0.111917 0.156129
vt 0.116888 0.152366
vt 0.119021 0.147193
vt 0.415485 0.352638
vt 0.420361 0.353026
vt 0.409792 0.352465
vt 0.403704 0.352478
vt 0.397639 0.352649
vt 0.395606 0.351286
vt 0.392020 0.352949
vt 0.389507 0.351571
vt 0.092768 0.158406
vt 0.084407 0.158303
vt 0.100543 0.157353
vt 0.107055 0.155091
vt 0.111633 0.151568
vt 0.113601 0.146730
vt 0.383282 0.352365
vt 0.382218 0.350704
vt 0.387394 0.350236
vt 0.388185 0.351853
vt 0.411367 0.354224
vt 0.416673 0.354353
vt 0.405739 0.354290
vt 0.400171 0.354517
vt 0.662882 0.742974
vt 0.665642 0.744950
vt 0.659484 0.745025
vt 0.657302 0.743131
vt 0.669121 0.742904
vt 0.672491 0.744966
vt 0.675539 0.742929
vt 0.679505 0.745074
vt 0.100781 0.154123
vt 0.094860 0.156301
vt 0.104950 0.150750
vt 0.106754 0.146135
vt 0.384735 0.355281
vt 0.389500 0.354666
vt 0.380101 0.353478
vt 0.378428 0.350214
vt 0.408267 0.356564
vt 0.413497 0.356415
vt 0.403161 0.356891
vt 0.658890 0.740321
vt 0.653904 0.740612
vt 0.664524 0.740116
vt 0.670373 0.740014
vt 0.093149 0.153295
vt 0.087822 0.155474
vt 0.096912 0.149956
vt 0.098561 0.145416
vt 0.105343 0.253900
vt 0.100828 0.260535
vt 0.093512 0.265839
vt 0.087246 0.267099
vt -0.014986 0.862618
vt -0.018904 0.869740
vt 0.684531 0.946629
vt 0.687242 0.939292
vt 0.681276 0.954892
vt 0.677719 0.963450
vt 0.383579 0.357491
vt 0.380776 0.355272
vt 0.389498 0.355293
vt 0.057645 0.124077
vt 0.061915 0.124671
vt 0.053520 0.128290
vt 0.047579 0.133811
vt 0.043929 0.133384
vt 0.049621 0.127775
vt 0.110262 0.252822
vt 0.105604 0.259295
vt -0.022242 0.871364
vt -0.023185 0.876937
vt -0.026558 0.878536
vt -0.018242 0.864221
vt 0.687329 0.944903
vt 0.690188 0.937429
vt 0.683942 0.953275
vt 0.680282 0.961902
vt 0.057035 0.129029
vt 0.065587 0.125555
vt 0.050995 0.134357
vt 0.113268 0.251935
vt 0.108576 0.258143
vt -0.024818 0.872583
vt -0.029085 0.879595
vt -0.020821 0.865562
vt -0.017344 0.859023
vt -0.014804 0.857603
vt 0.078740 0.125062
vt 0.075772 0.123866
vt 0.086707 0.123892
vt 0.089655 0.125127
vt 0.068581 0.126635
vt 0.060056 0.129916
vt 0.054047 0.134974
vt 0.114440 0.251268
vt 0.115450 0.244411
vt -0.030720 0.880126
vt -0.033370 0.886106
vt -0.034839 0.886351
vt -0.026576 0.873382
vt -0.022657 0.866598
vt 0.091442 0.126466
vt 0.100445 0.126763
vt 0.102011 0.128038
vt 0.080755 0.126369
vt 0.070812 0.127817
vt 0.062476 0.130877
vt 0.056607 0.135616
vt 0.123800 0.141366
vt 0.124398 0.140940
vt 0.118929 0.136141
vt 0.119351 0.135343
vt 0.111461 0.132095
vt 0.111602 0.131020
vt 0.102224 0.129294
vt 0.092048 0.127802
vt 0.081763 0.127684
vt 0.072199 0.129007
vt 0.064184 0.131835
vt 0.058548 0.136234
vt 0.121551 0.141647
vt 0.116929 0.136799
vt 0.109849 0.133039
vt 0.101096 0.130429
vt 0.091456 0.129030
vt 0.081715 0.128903
vt 0.072658 0.130112
vt 0.065072 0.132717
vt 0.059741 0.136781
vt 0.117732 0.141750
vt 0.113417 0.137256
vt 0.106808 0.133769
vt 0.098641 0.131345
vt 0.089645 0.130044
vt 0.080557 0.129922
vt 0.072107 0.131037
vt 0.065030 0.133447
vt 0.662661 0.677534
vt 0.662790 0.676851
vt 0.669319 0.676577
vt 0.668729 0.677276
vt 0.657316 0.677233
vt 0.657029 0.676525
vt 0.112422 0.141644
vt 0.108457 0.137450
vt 0.102383 0.134198
vt 0.094871 0.131944
vt 0.059271 0.590861
vt 0.056727 0.592364
vt 0.047902 0.592342
vt 0.051150 0.590802
vt 0.067057 0.590817
vt 0.065195 0.592274
vt 0.073864 0.590667
vt 0.072604 0.592076
vt 0.667651 0.678641
vt 0.675098 0.676569
vt 0.673546 0.678023
vt 0.662018 0.678852
vt 0.657036 0.678560
vt 0.105701 0.141297
vt 0.102117 0.137317
vt 0.096613 0.134244
vt 0.055752 0.588619
vt 0.043339 0.590640
vt 0.048640 0.588385
vt 0.063130 0.588761
vt 0.070190 0.588804
vt 0.076345 0.588741
vt 0.666073 0.680694
vt 0.671526 0.680211
vt 0.660817 0.680824
vt 0.656112 0.680520
vt 0.097650 0.140676
vt 0.094461 0.136797
vt 0.055314 0.585419
vt 0.042381 0.588067
vt 0.049633 0.585002
vt 0.061732 0.585776
vt 0.068362 0.586054
vt 0.074680 0.586235
vt 0.080159 0.586300
vt 0.663983 0.683461
vt 0.669058 0.683160
vt 0.659012 0.683471
vt 0.652687 0.608762
vt 0.653390 0.605738
vt 0.658342 0.605629
vt 0.657516 0.608774
vt 0.065130 0.267045
vt 0.065434 0.289292
vt 0.061748 0.289046
vt 0.058264 0.288255
vt 0.055025 0.286958
vt 0.052074 0.285198
vt 0.049454 0.283016
vt 0.047206 0.280453
vt 0.045373 0.277551
vt 0.043997 0.274351
vt 0.043122 0.270894
vt 0.042789 0.267222
vt 0.059813 0.301807
vt 0.065663 0.302196
vt 0.054285 0.300550
vt 0.049146 0.298493
vt 0.044463 0.295700
vt 0.040304 0.292237
vt 0.036737 0.288170
vt 0.033828 0.283565
vt 0.031645 0.278487
vt 0.030256 0.273002
vt 0.029728 0.267175
vt 0.059045 0.307117
vt 0.065831 0.307569
vt 0.052633 0.305660
vt 0.046671 0.303273
vt 0.041240 0.300033
vt 0.036416 0.296016
vt 0.032278 0.291299
vt 0.028903 0.285957
vt 0.026371 0.280066
vt 0.024760 0.273704
vt 0.024147 0.266945
vt 0.119959 0.170395
vt 0.119975 0.165130
vt 0.125837 0.165677
vt 0.125824 0.170942
vt 0.113836 0.170003
vt 0.113855 0.164739
vt 0.107561 0.169765
vt 0.107584 0.164501
vt 0.101243 0.169678
vt 0.101270 0.164414
vt 0.094990 0.169740
vt 0.095020 0.164475
vt 0.088908 0.169948
vt 0.088942 0.164683
vt 0.083107 0.170300
vt 0.083144 0.165036
vt 0.077692 0.170794
vt 0.077733 0.165529
vt 0.667444 0.671151
vt 0.667268 0.676462
vt 0.661648 0.676536
vt 0.661821 0.671226
vt 0.673741 0.671167
vt 0.673562 0.676477
vt 0.118278 0.176995
vt 0.123596 0.177491
vt 0.112726 0.176640
vt 0.107036 0.176424
vt 0.101307 0.176345
vt 0.095635 0.176401
vt 0.090121 0.176590
vt 0.084859 0.176909
vt 0.079949 0.177357
vt 0.075488 0.177931
vt 0.072773 0.171428
vt 0.675125 0.665364
vt 0.669417 0.665350
vt 0.317258 0.299586
vt 0.310395 0.300400
vt 0.310410 0.294239
vt 0.317270 0.294401
vt 0.111031 0.184084
vt 0.115706 0.184383
vt 0.106241 0.183903
vt 0.101418 0.183836
vt 0.096643 0.183884
vt 0.092000 0.184043
vt 0.087570 0.184311
vt 0.668933 0.612213
vt 0.670287 0.605673
vt 0.675998 0.606613
vt 0.673741 0.613004
vt 0.663955 0.612187
vt 0.664373 0.605644
vt 0.658878 0.612972
vt 0.658340 0.606576
vt 0.324425 0.298739
vt 0.324434 0.294576
vt 0.109259 0.191773
vt 0.113013 0.192013
vt 0.105411 0.191628
vt 0.101535 0.191574
vt 0.097698 0.191612
vt 0.093967 0.191740
vt 0.090407 0.191956
vt 0.667529 0.619047
vt 0.671391 0.619684
vt 0.663531 0.619026
vt 0.659454 0.619655
vt 0.110975 0.199338
vt 0.116607 0.192348
vt 0.113902 0.199611
vt 0.107915 0.199143
vt 0.104777 0.199024
vt 0.101617 0.198981
vt 0.098487 0.199012
vt 0.095444 0.199116
vt 0.092540 0.199292
vt 0.089832 0.199538
vt 0.087086 0.192259
vt 0.087373 0.199854
vt 0.084070 0.192647
vt 0.669177 0.640074
vt 0.675181 0.642725
vt 0.674556 0.646531
vt 0.668668 0.643174
vt 0.110362 0.205810
vt 0.113094 0.206065
vt 0.107505 0.205628
vt 0.104574 0.205518
vt 0.101621 0.205477
vt 0.098696 0.205506
vt 0.095851 0.205604
vt 0.093138 0.205768
vt 0.090607 0.205998
vt 0.662661 0.641346
vt 0.668257 0.645951
vt 0.662277 0.643938
vt 0.663136 0.638453
vt 0.304776 0.312476
vt 0.311273 0.312930
vt 0.311884 0.315186
vt 0.305505 0.315170
vt 0.108536 0.210666
vt 0.111949 0.210884
vt 0.105034 0.210534
vt 0.101505 0.210486
vt 0.098010 0.210521
vt 0.094611 0.210637
vt 0.091369 0.210833
vt 0.656096 0.644989
vt 0.661986 0.646206
vt 0.655748 0.647698
vt 0.656554 0.641893
vt 0.657121 0.638439
vt 0.031061 0.205223
vt 0.031120 0.182882
vt 0.034795 0.183160
vt 0.038262 0.183985
vt 0.041478 0.185313
vt 0.044400 0.187103
vt 0.046989 0.189313
vt 0.049201 0.191902
vt 0.050994 0.194826
vt 0.052328 0.198045
vt 0.053159 0.201517
vt 0.053447 0.205200
vt 0.037137 0.170264
vt 0.031305 0.169822
vt 0.042638 0.171573
vt 0.047740 0.173680
vt 0.052379 0.176521
vt 0.056486 0.180028
vt 0.059996 0.184135
vt 0.062842 0.188776
vt 0.064958 0.193884
vt 0.066278 0.199393
vt 0.066734 0.205237
vt 0.038359 0.164757
vt 0.031593 0.164244
vt 0.044739 0.166275
vt 0.050658 0.168720
vt 0.056038 0.172015
vt 0.060803 0.176083
vt 0.064874 0.180847
vt 0.068176 0.186231
vt 0.070631 0.192156
vt 0.072161 0.198546
vt 0.072691 0.205325
vt 0.072449 0.304349
vt 0.072612 0.309660
vt 0.066004 0.309984
vt 0.065838 0.304674
vt 0.079004 0.304112
vt 0.079165 0.309423
vt 0.085407 0.303960
vt 0.085563 0.309271
vt 0.091559 0.303893
vt 0.091712 0.309204
vt 0.097363 0.303910
vt 0.097513 0.309221
vt 0.102722 0.304009
vt 0.102868 0.309320
vt 0.107537 0.304190
vt 0.107681 0.309501
vt 0.111713 0.304452
vt 0.111854 0.309763
vt 0.115151 0.304794
vt 0.115290 0.310104
vt 0.317497 0.316349
vt 0.312356 0.317667
vt 0.311887 0.313826
vt 0.317028 0.312506
vt 0.072837 0.298499
vt 0.066842 0.298793
vt 0.078781 0.298284
vt 0.084587 0.298146
vt 0.090165 0.298085
vt 0.095429 0.298101
vt 0.100288 0.298191
vt 0.104656 0.298355
vt 0.108443 0.298593
vt 0.049288 0.392221
vt 0.048838 0.395202
vt 0.042293 0.395089
vt 0.043353 0.392119
vt 0.324378 0.317696
vt 0.323953 0.314212
vt 0.317847 0.306495
vt 0.311574 0.306480
vt 0.311128 0.300401
vt 0.317471 0.301380
vt 0.078521 0.292105
vt 0.073517 0.292287
vt 0.083408 0.291990
vt 0.088105 0.291939
vt 0.092536 0.291951
vt 0.035392 0.384761
vt 0.032283 0.389255
vt 0.027313 0.386601
vt 0.031208 0.382526
vt 0.039917 0.386325
vt 0.037657 0.391112
vt 0.044712 0.387173
vt 0.049707 0.387260
vt 0.054834 0.386542
vt 0.055379 0.391368
vt 0.324406 0.306495
vt 0.324103 0.302388
vt 0.078251 0.285743
vt 0.074232 0.285888
vt 0.082177 0.285650
vt 0.085950 0.285609
vt 0.089511 0.285619
vt 0.038638 0.380043
vt 0.035275 0.378246
vt 0.042273 0.381300
vt 0.046124 0.381982
vt 0.050136 0.382053
vt 0.054252 0.381477
vt 0.074723 0.279481
vt 0.070182 0.286087
vt 0.071424 0.279643
vt 0.077998 0.279362
vt 0.081199 0.279287
vt 0.084276 0.279254
vt 0.087180 0.279262
vt 0.089862 0.279312
vt 0.092799 0.285680
vt 0.092273 0.279402
vt 0.095754 0.285791
vt 0.094362 0.279533
vt 0.098317 0.285952
vt 0.050615 0.378335
vt 0.047346 0.378276
vt 0.318017 0.320794
vt 0.310169 0.319959
vt 0.309589 0.317660
vt 0.317545 0.318922
vt 0.074732 0.273241
vt 0.071653 0.273392
vt 0.077790 0.273131
vt 0.080779 0.273060
vt 0.083654 0.273029
vt 0.086368 0.273037
vt 0.088875 0.273083
vt 0.091129 0.273168
vt 0.093082 0.273290
vt 0.094688 0.273449
vt 0.096082 0.279703
vt 0.324374 0.319442
vt 0.323934 0.317695
vt 0.074001 0.267346
vt 0.070324 0.267526
vt 0.077653 0.267214
vt 0.081224 0.267130
vt 0.084659 0.267093
vt 0.087903 0.267102
vt 0.090899 0.267158
vt 0.093591 0.267258
vt 0.634023 0.760381
vt 0.634139 0.764463
vt 0.631180 0.764936
vt 0.630488 0.760947
vt 0.637685 0.760379
vt 0.637205 0.764462
vt 0.641421 0.760971
vt 0.640333 0.764958
vt 0.080212 0.564605
vt 0.057827 0.564550
vt 0.058124 0.560868
vt 0.058965 0.557395
vt 0.060307 0.554175
vt 0.062108 0.551249
vt 0.064326 0.548660
vt 0.066921 0.546448
vt 0.069848 0.544655
vt 0.073067 0.543325
vt 0.076536 0.542498
vt 0.080212 0.542217
vt 0.045012 0.558623
vt 0.044540 0.564467
vt 0.046345 0.553113
vt 0.048475 0.548003
vt 0.051333 0.543360
vt 0.054854 0.539250
vt 0.058970 0.535740
vt 0.063616 0.532896
vt 0.068724 0.530785
vt 0.074228 0.529473
vt 0.080062 0.529026
vt 0.039131 0.557580
vt 0.038584 0.564358
vt 0.040678 0.551188
vt 0.043148 0.545262
vt 0.046464 0.539876
vt 0.050548 0.535109
vt 0.055323 0.531037
vt 0.060712 0.527738
vt 0.066637 0.525289
vt 0.073022 0.523767
vt 0.079788 0.523249
vt 0.329046 0.318380
vt 0.329023 0.323687
vt 0.324365 0.323224
vt 0.324385 0.317917
vt 0.334248 0.318766
vt 0.334222 0.324073
vt 0.339882 0.319074
vt 0.339853 0.324380
vt 0.345841 0.319301
vt 0.345808 0.324608
vt 0.352015 0.319447
vt 0.351978 0.324753
vt 0.358295 0.319508
vt 0.358255 0.324815
vt 0.364573 0.319484
vt 0.364530 0.324791
vt 0.370741 0.319373
vt 0.370694 0.324679
vt 0.376689 0.319172
vt 0.376638 0.324478
vt 0.382308 0.318880
vt 0.382255 0.324187
vt 0.331649 0.312017
vt 0.327423 0.311598
vt 0.336366 0.312367
vt 0.341475 0.312646
vt 0.346879 0.312853
vt 0.352478 0.312985
vt 0.358173 0.313040
vt 0.363867 0.313019
vt 0.369459 0.312917
vt 0.374853 0.312735
vt 0.379948 0.312471
vt 0.335634 0.305015
vt 0.332078 0.304662
vt 0.339605 0.305310
vt 0.343907 0.305545
vt 0.348456 0.305718
vt 0.353170 0.305829
vt 0.357965 0.305876
vt 0.362759 0.305858
vt 0.367467 0.305773
vt 0.372007 0.305620
vt 0.376295 0.305397
vt 0.339805 0.297790
vt 0.336949 0.297507
vt 0.342994 0.298027
vt 0.346450 0.298216
vt 0.350106 0.298355
vt 0.353894 0.298444
vt 0.357748 0.298482
vt 0.361599 0.298468
vt 0.365382 0.298399
vt 0.369028 0.298276
vt 0.372472 0.298098
vt 0.342963 0.290760
vt 0.340636 0.290529
vt 0.345563 0.290952
vt 0.348381 0.291106
vt 0.351363 0.291220
vt 0.354452 0.291292
vt 0.357595 0.291323
vt 0.360736 0.291311
vt 0.363820 0.291256
vt 0.366793 0.291156
vt 0.369597 0.291010
vt 0.343911 0.284339
vt 0.341739 0.284124
vt 0.346339 0.284519
vt 0.348973 0.284663
vt 0.351759 0.284769
vt 0.354647 0.284837
vt 0.357584 0.284865
vt 0.360519 0.284854
vt 0.363401 0.284803
vt 0.366176 0.284709
vt 0.368794 0.284574
vt 0.658010 0.670520
vt 0.657900 0.674667
vt 0.654741 0.674905
vt 0.654237 0.670803
vt 0.661662 0.670823
vt 0.660958 0.674920
vt 0.347499 0.279332
vt 0.344353 0.279161
vt 0.350829 0.279459
vt 0.354280 0.279540
vt 0.357790 0.279574
vt 0.361297 0.279561
vt 0.364740 0.279500
vt 0.368055 0.279388
vt 0.371182 0.279226
vt 0.024467 0.309883
vt 0.046853 0.310167
vt 0.046515 0.313837
vt 0.045634 0.317290
vt 0.044254 0.320484
vt 0.042417 0.323378
vt 0.040165 0.325930
vt 0.037542 0.328100
vt 0.034589 0.329846
vt 0.031348 0.331127
vt 0.027864 0.331902
vt 0.024177 0.332130
vt 0.059507 0.316009
vt 0.060044 0.310184
vt 0.058110 0.321487
vt 0.055920 0.326555
vt 0.053005 0.331147
vt 0.049432 0.335197
vt 0.045268 0.338640
vt 0.040582 0.341411
vt 0.035440 0.343444
vt 0.029911 0.344674
vt 0.024060 0.345036
vt 0.065202 0.316740
vt 0.065825 0.309984
vt 0.063582 0.323095
vt 0.061041 0.328974
vt 0.057659 0.334300
vt 0.053515 0.338998
vt 0.048685 0.342992
vt 0.043249 0.346206
vt 0.037285 0.348564
vt 0.030870 0.349991
vt 0.024085 0.350411
vt 0.319209 0.306498
vt 0.324403 0.307590
vt 0.323794 0.312523
vt 0.318600 0.311433
vt 0.081770 0.842379
vt 0.081790 0.837084
vt 0.086945 0.841942
vt 0.076157 0.842705
vt 0.076180 0.837410
vt 0.070213 0.842919
vt 0.070240 0.837624
vt 0.064047 0.843020
vt 0.064078 0.837725
vt 0.057768 0.843009
vt 0.057803 0.837713
vt 0.051485 0.842883
vt 0.051523 0.837587
vt 0.045305 0.842642
vt 0.045347 0.837347
vt 0.039338 0.842286
vt 0.039383 0.836991
vt 0.033692 0.841813
vt 0.033740 0.836518
vt 0.312405 0.308020
vt 0.311853 0.312494
vt 0.079636 0.848109
vt 0.084328 0.847713
vt 0.074546 0.848404
vt 0.069156 0.848598
vt 0.063564 0.848690
vt 0.057870 0.848679
vt 0.052172 0.848565
vt 0.046568 0.848347
vt 0.041157 0.848024
vt 0.653702 0.665312
vt 0.660620 0.665329
vt 0.661663 0.670529
vt 0.654648 0.670026
vt 0.073176 0.576912
vt 0.075600 0.571712
vt 0.080185 0.575727
vt 0.077035 0.580291
vt 0.068977 0.574281
vt 0.070612 0.568585
vt 0.064521 0.572398
vt 0.065320 0.566348
vt 0.059891 0.571264
vt 0.059821 0.565000
vt 0.055170 0.570878
vt 0.054213 0.564542
vt 0.050440 0.571241
vt 0.048595 0.564973
vt 0.045784 0.572353
vt 0.043065 0.566294
vt 0.041284 0.574213
vt 0.037720 0.568505
vt 0.037024 0.576824
vt 0.032659 0.571607
vt 0.033086 0.580183
vt 0.027980 0.575599
vt 0.070622 0.582349
vt 0.073721 0.585061
vt 0.067249 0.580237
vt 0.063670 0.578725
vt 0.059949 0.577814
vt 0.056156 0.577505
vt 0.052355 0.577796
vt 0.048613 0.578689
vt 0.044998 0.580182
vt 0.041576 0.582278
vt 0.038414 0.584975
vt 0.643005 0.851630
vt 0.650773 0.850572
vt 0.650036 0.853527
vt 0.642405 0.854036
vt 0.683194 0.719488
vt 0.685843 0.713250
vt 0.689018 0.713013
vt 0.685783 0.719295
vt 0.680385 0.719623
vt 0.682398 0.713416
vt 0.677410 0.719701
vt 0.678751 0.713512
vt 0.674324 0.719722
vt 0.674967 0.713538
vt 0.671182 0.719686
vt 0.671115 0.713493
vt 0.668039 0.719593
vt 0.667261 0.713379
vt 0.664950 0.719443
vt 0.663472 0.713195
vt 0.661971 0.719237
vt 0.659817 0.712942
vt 0.633604 0.772123
vt 0.641354 0.772142
vt 0.642084 0.775308
vt 0.634198 0.774702
vt 0.636601 0.850538
vt 0.636041 0.852783
vt 0.682357 0.725664
vt 0.684774 0.725484
vt 0.679732 0.725790
vt 0.676952 0.725863
vt 0.674067 0.725882
vt 0.671131 0.725849
vt 0.668194 0.725762
vt 0.665308 0.725622
vt 0.662526 0.725429
vt 0.659898 0.725184
vt 0.659155 0.718974
vt 0.687200 0.731444
vt 0.686932 0.725250
vt 0.689778 0.731165
vt 0.684313 0.731659
vt 0.681177 0.731810
vt 0.677854 0.731897
vt 0.674407 0.731920
vt 0.670898 0.731880
vt 0.667389 0.731776
vt 0.663941 0.731609
vt 0.660617 0.731379
vt 0.657479 0.731086
vt 0.470683 0.882979
vt 0.471949 0.874300
vt 0.475724 0.874550
vt 0.475957 0.883327
vt 0.465691 0.881842
vt 0.468375 0.873487
vt 0.461043 0.879979
vt 0.465048 0.872153
vt 0.456803 0.877449
vt 0.462013 0.870342
vt 0.453032 0.874313
vt 0.459314 0.868097
vt 0.449793 0.870633
vt 0.456995 0.865463
vt 0.447148 0.866469
vt 0.455102 0.862482
vt 0.445160 0.861881
vt 0.453679 0.859198
vt 0.443892 0.856931
vt 0.452771 0.855655
vt 0.443406 0.851679
vt 0.452423 0.851895
vt 0.468838 0.895390
vt 0.476223 0.895878
vt 0.461849 0.893799
vt 0.455341 0.891190
vt 0.449404 0.887647
vt 0.444124 0.883257
vt 0.439589 0.878104
vt 0.435886 0.872274
vt 0.433103 0.865850
vt 0.431327 0.858919
vt 0.430646 0.851566
vt 0.466585 0.910431
vt 0.476510 0.911087
vt 0.457191 0.908292
vt 0.448444 0.904785
vt 0.440464 0.900024
vt 0.433367 0.894123
vt 0.427272 0.887197
vt 0.422295 0.879361
vt 0.418554 0.870727
vt 0.416167 0.861411
vt 0.415252 0.851528
vt 0.464094 0.926997
vt 0.476809 0.927838
vt 0.452059 0.924258
vt 0.440854 0.919765
vt 0.430631 0.913666
vt 0.421539 0.906106
vt 0.413730 0.897234
vt 0.407354 0.887194
vt 0.402562 0.876133
vt 0.399504 0.864199
vt 0.398332 0.851537
vt 0.461536 0.943987
vt 0.477109 0.945016
vt 0.446796 0.940631
vt 0.433073 0.935129
vt 0.420552 0.927658
vt 0.409416 0.918400
vt 0.399852 0.907533
vt 0.392043 0.895237
vt 0.386174 0.881691
vt 0.382429 0.867074
vt 0.380993 0.851566
vt 0.459082 0.960296
vt 0.477400 0.961506
vt 0.441744 0.956349
vt 0.425602 0.949876
vt 0.410874 0.941090
vt 0.397776 0.930200
vt 0.386526 0.917417
vt 0.377341 0.902954
vt 0.370438 0.887020
vt 0.366033 0.869828
vt 0.364344 0.851587
vt 0.456903 0.974821
vt 0.477670 0.976193
vt 0.437245 0.970346
vt 0.418944 0.963008
vt 0.402246 0.953046
vt 0.387397 0.940699
vt 0.374642 0.926207
vt 0.364228 0.909809
vt 0.356401 0.891744
vt 0.351407 0.872252
vt 0.349492 0.851571
vt 0.455168 0.986459
vt 0.477910 0.987962
vt 0.433642 0.981558
vt 0.413601 0.973522
vt 0.395315 0.962613
vt 0.379054 0.949093
vt 0.365086 0.933223
vt 0.353682 0.915266
vt 0.345111 0.895484
vt 0.339643 0.874138
vt 0.337546 0.851491
vt 0.454050 0.994106
vt 0.478109 0.995696
vt 0.431276 0.988922
vt 0.410074 0.980420
vt 0.390729 0.968879
vt 0.373526 0.954576
vt 0.358749 0.937786
vt 0.346684 0.918789
vt 0.337617 0.897860
vt 0.331831 0.875278
vt 0.329613 0.851319
vt 0.305041 0.284153
vt 0.306686 0.279069
vt 0.324472 0.279112
vt 0.323182 0.284197
vt 0.455909 1.000896
vt 0.455108 0.996677
vt 0.476859 0.998062
vt 0.478093 1.002309
vt 0.433147 1.000038
vt 0.432791 0.995836
vt 0.410208 0.999727
vt 0.410300 0.995531
vt 0.387490 0.999953
vt 0.388026 0.995752
vt 0.365394 1.000708
vt 0.366362 0.996493
vt 0.344319 1.001983
vt 0.345699 0.997743
vt 0.586322 0.929457
vt 0.587814 0.934401
vt 0.570411 0.934697
vt 0.568573 0.929760
vt 0.606665 0.929500
vt 0.607759 0.934443
vt 0.629414 0.929908
vt 0.630064 0.934843
vt 0.060636 0.470870
vt 0.058931 0.479791
vt 0.055164 0.479550
vt 0.055374 0.470533
vt 0.065616 0.471997
vt 0.062496 0.480598
vt 0.070252 0.473854
vt 0.065814 0.481927
vt 0.074481 0.476379
vt 0.068841 0.483735
vt 0.078241 0.479513
vt 0.071533 0.485978
vt 0.081470 0.483194
vt 0.073844 0.488613
vt 0.084105 0.487361
vt 0.075731 0.491596
vt 0.086085 0.491954
vt 0.077147 0.494884
vt 0.087346 0.496912
vt 0.078050 0.498433
vt 0.087826 0.502175
vt 0.078394 0.502200
vt 0.062846 0.458245
vt 0.055478 0.457773
vt 0.069819 0.459823
vt 0.076310 0.462423
vt 0.082231 0.465959
vt 0.087496 0.470347
vt 0.092016 0.475501
vt 0.095706 0.481335
vt 0.098477 0.487766
vt 0.100243 0.494708
vt 0.100916 0.502076
vt 0.065408 0.443013
vt 0.055505 0.442379
vt 0.074780 0.445135
vt 0.083504 0.448629
vt 0.091463 0.453382
vt 0.098539 0.459279
vt 0.104615 0.466206
vt 0.109575 0.474049
vt 0.113299 0.482692
vt 0.115673 0.492023
vt 0.116577 0.501926
vt 0.068170 0.426271
vt 0.055483 0.425459
vt 0.080177 0.428989
vt 0.091353 0.433466
vt 0.101549 0.439555
vt 0.110614 0.447110
vt 0.118399 0.455984
vt 0.124752 0.466031
vt 0.129524 0.477104
vt 0.132564 0.489057
vt 0.133722 0.501744
vt 0.070980 0.409115
vt 0.055442 0.408120
vt 0.085686 0.412444
vt 0.099374 0.417927
vt 0.111862 0.425384
vt 0.122964 0.434637
vt 0.132498 0.445506
vt 0.140279 0.457811
vt 0.146124 0.471373
vt 0.149847 0.486013
vt 0.151266 0.501551
vt 0.073686 0.392642
vt 0.055410 0.391471
vt 0.090983 0.396557
vt 0.107084 0.403006
vt 0.121773 0.411778
vt 0.134832 0.422662
vt 0.146046 0.435446
vt 0.155199 0.449919
vt 0.162073 0.465872
vt 0.166453 0.483092
vt 0.168122 0.501369
vt 0.076136 0.377946
vt 0.055415 0.376619
vt 0.095747 0.382386
vt 0.114001 0.389697
vt 0.130654 0.399642
vt 0.145461 0.411982
vt 0.158175 0.426476
vt 0.168552 0.442886
vt 0.176346 0.460972
vt 0.181312 0.480495
vt 0.183204 0.501217
vt 0.078178 0.366126
vt 0.055486 0.364672
vt 0.099653 0.370987
vt 0.119643 0.378994
vt 0.137879 0.389885
vt 0.154093 0.403397
vt 0.168016 0.419270
vt 0.179379 0.437240
vt 0.187915 0.457045
vt 0.193352 0.478425
vt 0.195425 0.501116
vt 0.079658 0.358277
vt 0.055653 0.356739
vt 0.102378 0.363420
vt 0.123526 0.371891
vt 0.142819 0.383413
vt 0.159972 0.397708
vt 0.174702 0.414500
vt 0.186724 0.433511
vt 0.195753 0.454464
vt 0.201506 0.477082
vt 0.203698 0.501088
vt 0.117006 0.350843
vt 0.117549 0.355736
vt 0.094108 0.356716
vt 0.093098 0.351842
vt 0.140750 0.350157
vt 0.140828 0.355063
vt 0.163967 0.349777
vt 0.163592 0.354691
vt 0.186297 0.349696
vt 0.185486 0.354612
vt 0.207378 0.349910
vt 0.206155 0.354821
vt 0.226848 0.350410
vt 0.225244 0.355312
vt 0.244346 0.351192
vt 0.242400 0.356078
vt 0.259510 0.352247
vt 0.257268 0.357113
vt 0.204702 0.476668
vt 0.198835 0.453599
vt 0.206938 0.501153
vt 0.597925 0.901678
vt 0.607210 0.903436
vt 0.606848 0.907202
vt 0.597420 0.906940
vt 0.599210 0.896722
vt 0.608129 0.899888
vt 0.601211 0.892132
vt 0.609562 0.896602
vt 0.603866 0.887969
vt 0.611462 0.893622
vt 0.607112 0.884293
vt 0.613786 0.890991
vt 0.610887 0.881165
vt 0.616488 0.888752
vt 0.615128 0.878645
vt 0.619524 0.886948
vt 0.619773 0.876795
vt 0.622849 0.885624
vt 0.624759 0.875674
vt 0.626418 0.884822
vt 0.630023 0.875345
vt 0.630186 0.884585
vt 0.585041 0.899272
vt 0.584333 0.906639
vt 0.586839 0.892333
vt 0.589641 0.885906
vt 0.593358 0.880077
vt 0.597904 0.874930
vt 0.603189 0.870550
vt 0.609128 0.867023
vt 0.615631 0.864432
vt 0.622612 0.862863
vt 0.629982 0.862402
vt 0.569626 0.896411
vt 0.568675 0.906312
vt 0.572043 0.887084
vt 0.575809 0.878446
vt 0.580805 0.870611
vt 0.586915 0.863693
vt 0.594019 0.857806
vt 0.602001 0.853065
vt 0.610741 0.849583
vt 0.620124 0.847474
vt 0.630031 0.846854
vt 0.552750 0.893287
vt 0.551532 0.905971
vt 0.555847 0.881338
vt 0.560671 0.870272
vt 0.567072 0.860235
vt 0.574899 0.851372
vt 0.584000 0.843831
vt 0.594225 0.837756
vt 0.605423 0.833296
vt 0.617443 0.830595
vt 0.630134 0.829800
vt 0.535482 0.890094
vt 0.533990 0.905629
vt 0.539275 0.875460
vt 0.545184 0.861906
vt 0.553023 0.849613
vt 0.562609 0.838758
vt 0.573756 0.829522
vt 0.586279 0.822082
vt 0.599994 0.816619
vt 0.614716 0.813311
vt 0.630259 0.812337
vt 0.518892 0.887025
vt 0.517136 0.905298
vt 0.523353 0.869811
vt 0.530303 0.853870
vt 0.539524 0.839409
vt 0.550799 0.826642
vt 0.563911 0.815777
vt 0.578641 0.807026
vt 0.594773 0.800600
vt 0.612090 0.796709
vt 0.630372 0.795564
vt 0.504047 0.884272
vt 0.502057 0.904990
vt 0.509105 0.864757
vt 0.516985 0.846683
vt 0.527440 0.830288
vt 0.540223 0.815813
vt 0.555088 0.803495
vt 0.571789 0.793574
vt 0.590079 0.786288
vt 0.609711 0.781877
vt 0.630440 0.780578
vt 0.492018 0.882030
vt 0.489839 0.904718
vt 0.497557 0.860660
vt 0.506186 0.840867
vt 0.517635 0.822914
vt 0.531633 0.807062
vt 0.547912 0.793573
vt 0.566200 0.782709
vt 0.586229 0.774730
vt 0.607728 0.769899
vt 0.630427 0.768478
vt 0.483874 0.880492
vt 0.481569 0.904494
vt 0.489734 0.857883
vt 0.498863 0.836944
vt 0.510975 0.817951
vt 0.525784 0.801181
vt 0.543006 0.786910
vt 0.562354 0.775416
vt 0.583543 0.766976
vt 0.606287 0.761865
vt 0.630302 0.760361
vt 0.480684 0.879851
vt 0.478332 0.904330
vt 0.359116 1.047574
vt 0.360692 1.052033
vt 0.342195 1.050794
vt 0.340251 1.046310
vt 0.379574 1.048544
vt 0.380751 1.052985
vt 0.401222 1.049216
vt 0.401976 1.053644
vt 0.423657 1.049587
vt 0.423972 1.054008
vt 0.446474 1.049653
vt 0.446343 1.054072
vt 0.469270 1.049408
vt 0.468694 1.053832
vt 0.491642 1.048851
vt 0.490629 1.053286
vt 0.513187 1.047976
vt 0.511753 1.052428
vt 0.533501 1.046781
vt 0.531670 1.051256
vt 0.214135 0.856370
vt 0.205035 0.855048
vt 0.205388 0.851290
vt 0.214629 0.851121
vt 0.212860 0.861315
vt 0.204122 0.858588
vt 0.210866 0.865893
vt 0.202694 0.861865
vt 0.208215 0.870045
vt 0.200797 0.864837
vt 0.204971 0.873711
vt 0.198475 0.867461
vt 0.201196 0.876828
vt 0.195772 0.869692
vt 0.196952 0.879338
vt 0.192734 0.871489
vt 0.192302 0.881180
vt 0.189406 0.872807
vt 0.187308 0.882293
vt 0.185832 0.873604
vt 0.182034 0.882616
vt 0.182056 0.873836
vt 0.226881 0.858421
vt 0.227572 0.851071
vt 0.225095 0.865344
vt 0.222303 0.871755
vt 0.218592 0.877568
vt 0.214050 0.882700
vt 0.208764 0.887065
vt 0.202822 0.890580
vt 0.196311 0.893158
vt 0.189319 0.894716
vt 0.181935 0.895169
vt 0.242191 0.860988
vt 0.243120 0.851108
vt 0.239791 0.870293
vt 0.236038 0.878909
vt 0.231050 0.886723
vt 0.224945 0.893620
vt 0.217840 0.899487
vt 0.209853 0.904211
vt 0.201103 0.907677
vt 0.191706 0.909771
vt 0.181780 0.910380
vt 0.258984 0.863857
vt 0.260174 0.851200
vt 0.255909 0.875777
vt 0.251102 0.886815
vt 0.244712 0.896826
vt 0.236890 0.905662
vt 0.227789 0.913178
vt 0.217557 0.919229
vt 0.206346 0.923669
vt 0.194308 0.926352
vt 0.181592 0.927132
vt 0.276179 0.866815
vt 0.277637 0.851313
vt 0.272413 0.881414
vt 0.266525 0.894933
vt 0.258699 0.907193
vt 0.249120 0.918016
vt 0.237972 0.927222
vt 0.225441 0.934633
vt 0.211711 0.940071
vt 0.196966 0.943357
vt 0.181393 0.944312
vt 0.292695 0.869648
vt 0.294410 0.851414
vt 0.288266 0.886821
vt 0.281340 0.902722
vt 0.272135 0.917143
vt 0.260867 0.929873
vt 0.247755 0.940701
vt 0.233015 0.949419
vt 0.216865 0.955815
vt 0.199522 0.959680
vt 0.181204 0.960804
vt 0.307451 0.872144
vt 0.309396 0.851471
vt 0.302430 0.891613
vt 0.294578 0.909642
vt 0.284141 0.925992
vt 0.271367 0.940424
vt 0.256500 0.952701
vt 0.239789 0.962584
vt 0.221478 0.969836
vt 0.201816 0.974218
vt 0.181047 0.975493
vt 0.319367 0.874089
vt 0.321496 0.851450
vt 0.313868 0.895409
vt 0.305270 0.915152
vt 0.293841 0.933056
vt 0.279851 0.948860
vt 0.263572 0.962304
vt 0.245271 0.973127
vt 0.225220 0.981069
vt 0.203688 0.985868
vt 0.180945 0.987263
vt 0.327361 0.875269
vt 0.329613 0.851319
vt 0.321543 0.897825
vt 0.312446 0.918711
vt 0.300355 0.937652
vt 0.285556 0.954373
vt 0.268333 0.968596
vt 0.248972 0.980046
vt 0.227759 0.988447
vt 0.204980 0.993524
vt 0.180919 0.995000
vt 0.926504 1.061346
vt 0.924619 1.056406
vt 0.941045 1.054628
vt 0.943257 1.059532
vt 0.907734 1.062743
vt 0.906215 1.057776
vt 0.887349 1.063723
vt 0.886229 1.058738
vt 0.865753 1.064289
vt 0.865054 1.059292
vt 0.843348 1.064440
vt 0.843088 1.059441
vt 0.820539 1.064179
vt 0.820724 1.059184
vt 0.797728 1.063505
vt 0.798359 1.058524
vt 0.775317 1.062420
vt 0.776386 1.057460
vt 0.753711 1.060925
vt 0.755202 1.055994
vt 0.733313 1.059020
vt 0.735202 1.054126
vt 0.308981 0.593182
vt 0.353140 0.593684
vt 0.352561 0.600985
vt 0.350902 0.607867
vt 0.348249 0.614245
vt 0.344686 0.620036
vt 0.340298 0.625154
vt 0.335170 0.629515
vt 0.329386 0.633035
vt 0.323032 0.635629
vt 0.316193 0.637212
vt 0.308953 0.637701
vt 0.387985 0.607280
vt 0.389034 0.594058
vt 0.384981 0.619744
vt 0.380176 0.631296
vt 0.373723 0.641783
vt 0.365776 0.651052
vt 0.356489 0.658951
vt 0.346014 0.665325
vt 0.334507 0.670023
vt 0.322120 0.672891
vt 0.309007 0.673776
vt 0.416105 0.612225
vt 0.417525 0.594316
vt 0.412036 0.629106
vt 0.405528 0.644752
vt 0.396788 0.658956
vt 0.386024 0.671510
vt 0.373445 0.682208
vt 0.359259 0.690842
vt 0.343673 0.697205
vt 0.326896 0.701089
vt 0.309136 0.702287
vt 0.437769 0.615976
vt 0.439475 0.594473
vt 0.432884 0.636245
vt 0.425069 0.655032
vt 0.414575 0.672087
vt 0.401651 0.687162
vt 0.386547 0.700007
vt 0.369513 0.710374
vt 0.350799 0.718014
vt 0.330654 0.722678
vt 0.309329 0.724116
vt 0.453829 0.618692
vt 0.455745 0.594542
vt 0.448342 0.641457
vt 0.439566 0.662556
vt 0.427780 0.681710
vt 0.413264 0.698641
vt 0.396301 0.713067
vt 0.377170 0.724710
vt 0.356152 0.733291
vt 0.333528 0.738528
vt 0.309578 0.740144
vt 0.465134 0.620530
vt 0.467196 0.594537
vt 0.459228 0.645032
vt 0.449782 0.667742
vt 0.437096 0.688358
vt 0.421473 0.706580
vt 0.403215 0.722108
vt 0.382624 0.734640
vt 0.360003 0.743875
vt 0.335652 0.749513
vt 0.309874 0.751252
vt 0.472534 0.621648
vt 0.474689 0.594471
vt 0.466360 0.647265
vt 0.456483 0.671008
vt 0.443220 0.692563
vt 0.426886 0.711615
vt 0.407797 0.727849
vt 0.386269 0.740951
vt 0.362617 0.750607
vt 0.337158 0.756501
vt 0.310207 0.758319
vt 0.476879 0.622202
vt 0.479088 0.594359
vt 0.470553 0.648448
vt 0.460434 0.672774
vt 0.446846 0.694858
vt 0.430111 0.714377
vt 0.410553 0.731010
vt 0.388497 0.744434
vt 0.364264 0.754326
vt 0.338180 0.760365
vt 0.310568 0.762228
vt 0.237002 0.757751
vt 0.236074 0.760574
vt 0.214250 0.760521
vt 0.214946 0.757697
vt 0.472627 0.648874
vt 0.479019 0.622351
vt 0.573016 1.077625
vt 0.573342 1.079932
vt 0.547805 1.078941
vt 0.547208 1.076624
vt 0.599281 1.078149
vt 0.599332 1.080450
vt 0.625540 1.078198
vt 0.625316 1.080499
vt 0.651327 1.077776
vt 0.650833 1.080081
vt 0.676180 1.076886
vt 0.675425 1.079201
vt 0.699634 1.075532
vt 0.698634 1.077861
vt 0.721225 1.073717
vt 0.719998 1.076065
vt 0.658733 0.747745
vt 0.657829 0.745021
vt 0.678287 0.745071
vt 0.679408 0.747795
vt 0.522141 1.072621
vt 0.522322 1.075142
vt 0.498820 1.073175
vt 0.498584 1.070649
vt 0.547087 1.074106
vt 0.572956 1.075110
vt 0.599283 1.075635
vt 0.625603 1.075684
vt 0.651451 1.075261
vt 0.676362 1.074370
vt 0.699871 1.073012
vt 0.721513 1.071193
vt 0.658769 0.750353
vt 0.483433 0.593607
vt 0.527948 0.594162
vt 0.527204 0.601392
vt 0.525379 0.608205
vt 0.522561 0.614518
vt 0.518837 0.620247
vt 0.514295 0.625309
vt 0.509023 0.629620
vt 0.503107 0.633096
vt 0.496636 0.635654
vt 0.489697 0.637210
vt 0.482376 0.637681
vt 0.562673 0.607628
vt 0.564021 0.594534
vt 0.559368 0.619968
vt 0.554264 0.631401
vt 0.547520 0.641777
vt 0.539295 0.650944
vt 0.529746 0.658751
vt 0.519032 0.665046
vt 0.507312 0.669679
vt 0.494744 0.672497
vt 0.481486 0.673350
vt 0.590707 0.612477
vt 0.592532 0.594742
vt 0.586230 0.629190
vt 0.579318 0.644676
vt 0.570183 0.658729
vt 0.559042 0.671145
vt 0.546109 0.681719
vt 0.531598 0.690246
vt 0.515724 0.696520
vt 0.498702 0.700337
vt 0.480746 0.701492
vt 0.612170 0.616102
vt 0.614362 0.594807
vt 0.606795 0.636170
vt 0.598495 0.654764
vt 0.587527 0.671638
vt 0.574150 0.686546
vt 0.558621 0.699242
vt 0.541197 0.709480
vt 0.522137 0.717014
vt 0.501698 0.721597
vt 0.480138 0.722985
vt 0.627930 0.618664
vt 0.349010 0.593347
vt 0.621893 0.641202
vt 0.612571 0.662085
vt 0.600254 0.681036
vt 0.585230 0.697780
vt 0.567789 0.712039
vt 0.548220 0.723537
vt 0.526814 0.731998
vt 0.503859 0.737146
vt 0.479644 0.738703
vt 0.638852 0.620325
vt 0.360120 0.593183
vt 0.632355 0.644583
vt 0.622321 0.667060
vt 0.609064 0.687458
vt 0.592893 0.705479
vt 0.574121 0.720826
vt 0.553059 0.733202
vt 0.530019 0.742309
vt 0.505312 0.747850
vt 0.479249 0.749526
vt 0.645803 0.621248
vt 0.367191 0.592934
vt 0.639009 0.646610
vt 0.628519 0.670110
vt 0.614658 0.691436
vt 0.597751 0.710278
vt 0.578125 0.726324
vt 0.556104 0.739263
vt 0.532015 0.748784
vt 0.506183 0.754577
vt 0.478935 0.756330
vt 0.649647 0.621594
vt 0.371104 0.592619
vt 0.642688 0.647578
vt 0.631940 0.671655
vt 0.617738 0.693505
vt 0.600417 0.712809
vt 0.580308 0.729249
vt 0.557747 0.742505
vt 0.533067 0.752260
vt 0.506601 0.758195
vt 0.478684 0.759991
vt 0.697879 1.065684
vt 0.696976 1.063037
vt 0.720104 1.061509
vt 0.721252 1.064139
vt 0.673086 1.066869
vt 0.672442 1.064210
vt 0.647337 1.067696
vt 0.646964 1.065029
vt 0.621098 1.068166
vt 0.621000 1.065494
vt 0.594833 1.068280
vt 0.595009 1.065606
vt 0.569006 1.068039
vt 0.569453 1.065368
vt 0.544081 1.067444
vt 0.544789 1.064780
vt 0.520523 1.066497
vt 0.521478 1.063842
vt 0.498797 1.065199
vt 0.499979 1.062557
vt 0.479366 1.063550
vt 0.480752 1.060925
vt 0.698096 1.068281
vt 0.721524 1.066733
vt 0.673244 1.069469
vt 0.647435 1.070298
vt 0.621134 1.070769
vt 0.594807 1.070884
vt 0.568919 1.070642
vt 0.543936 1.070046
vt 0.520322 1.069097
vt 0.498545 1.067795
vt 0.479068 1.066142
vt 0.377953 0.357525
vt 0.377850 0.401611
vt 0.370544 0.401104
vt 0.363646 0.399513
vt 0.357242 0.396922
vt 0.351417 0.393416
vt 0.346256 0.389078
vt 0.341844 0.383993
vt 0.338268 0.378245
vt 0.335612 0.371917
vt 0.333961 0.365093
vt 0.333402 0.357858
vt 0.364500 0.436372
vt 0.377732 0.437291
vt 0.352008 0.433491
vt 0.340409 0.428799
vt 0.329859 0.422450
vt 0.320512 0.414594
vt 0.312523 0.405384
vt 0.306046 0.394973
vt 0.301235 0.383513
vt 0.298246 0.371155
vt 0.297233 0.358051
vt 0.359679 0.464198
vt 0.377600 0.465443
vt 0.342759 0.460296
vt 0.327050 0.453941
vt 0.312761 0.445341
vt 0.300101 0.434701
vt 0.289280 0.422228
vt 0.280507 0.408127
vt 0.273992 0.392604
vt 0.269943 0.375866
vt 0.268571 0.358119
vt 0.355939 0.485449
vt 0.377457 0.486943
vt 0.335623 0.480763
vt 0.316760 0.473133
vt 0.299603 0.462807
vt 0.284402 0.450031
vt 0.271409 0.435054
vt 0.260875 0.418122
vt 0.253052 0.399484
vt 0.248191 0.379386
vt 0.246543 0.358077
vt 0.353137 0.500991
vt 0.377304 0.502669
vt 0.330320 0.495728
vt 0.309135 0.487159
vt 0.289866 0.475561
vt 0.272794 0.461213
vt 0.258202 0.444392
vt 0.246371 0.425377
vt 0.237585 0.404444
vt 0.232126 0.381872
vt 0.230275 0.357940
vt 0.351132 0.511691
vt 0.377144 0.513498
vt 0.326573 0.506027
vt 0.303772 0.496804
vt 0.283032 0.484321
vt 0.264657 0.468878
vt 0.248951 0.450773
vt 0.236217 0.430306
vt 0.226761 0.407776
vt 0.220884 0.383482
vt 0.218892 0.357722
vt 0.349780 0.518418
vt 0.376976 0.520307
vt 0.324104 0.512496
vt 0.300265 0.502853
vt 0.278581 0.489802
vt 0.259369 0.473656
vt 0.242948 0.454727
vt 0.229636 0.433328
vt 0.219748 0.409773
vt 0.213605 0.384372
vt 0.211522 0.357441
vt 0.348941 0.522038
vt 0.376805 0.523973
vt 0.322635 0.515970
vt 0.298210 0.506090
vt 0.275994 0.492719
vt 0.256311 0.476177
vt 0.239487 0.456783
vt 0.225848 0.434859
vt 0.215718 0.410725
vt 0.209423 0.384702
vt 0.207289 0.357109
vt 0.307296 0.286929
vt 0.308535 0.284161
vt 0.324460 0.284200
vt 0.323389 0.286968
vt 0.321887 0.517285
vt 0.348472 0.523417
vt 0.910959 1.068043
vt 0.909618 1.065666
vt 0.926899 1.066743
vt 0.928423 1.069132
vt 0.890810 1.067289
vt 0.889680 1.064920
vt 0.868394 1.066875
vt 0.867499 1.064510
vt 0.844126 1.066805
vt 0.843485 1.064441
vt 0.818423 1.067083
vt 0.818051 1.064716
vt 0.791700 1.067713
vt 0.791608 1.065340
vt 0.764375 1.068701
vt 0.764569 1.066317
vt 0.736862 1.070050
vt 0.737344 1.067652
vt 0.307264 0.289538
vt 0.323395 0.289577
vt 0.928826 1.071672
vt 0.942787 1.070552
vt 0.943224 1.073095
vt 0.911321 1.070580
vt 0.891125 1.069825
vt 0.868656 1.069409
vt 0.844331 1.069339
vt 0.818567 1.069618
vt 0.791781 1.070250
vt 0.764391 1.071240
vt 0.736814 1.072592
vt 0.943658 0.761659
vt 0.899106 0.761778
vt 0.899728 0.754537
vt 0.901438 0.747694
vt 0.904150 0.741334
vt 0.907776 0.735543
vt 0.912232 0.730406
vt 0.917432 0.726007
vt 0.923288 0.722432
vt 0.929715 0.719765
vt 0.936628 0.718093
vt 0.943939 0.717498
vt 0.864063 0.748682
vt 0.862936 0.761798
vt 0.867160 0.736289
vt 0.872071 0.724771
vt 0.878639 0.714283
vt 0.886710 0.704979
vt 0.896126 0.697012
vt 0.906732 0.690538
vt 0.918372 0.685708
vt 0.930891 0.682679
vt 0.944132 0.681603
vt 0.835801 0.743964
vt 0.834274 0.761728
vt 0.839996 0.727178
vt 0.846647 0.711578
vt 0.855543 0.697373
vt 0.866473 0.684771
vt 0.879227 0.673981
vt 0.893592 0.665212
vt 0.909358 0.658671
vt 0.926314 0.654568
vt 0.944248 0.653111
vt 0.814080 0.740250
vt 0.812247 0.761580
vt 0.819117 0.720095
vt 0.827103 0.701364
vt 0.837785 0.684308
vt 0.850909 0.669176
vt 0.866223 0.656220
vt 0.883471 0.645691
vt 0.902402 0.637837
vt 0.922761 0.632910
vt 0.944295 0.631160
vt 0.798039 0.737410
vt 0.795980 0.761364
vt 0.803695 0.714773
vt 0.812664 0.693736
vt 0.824661 0.674580
vt 0.839401 0.657586
vt 0.856599 0.643036
vt 0.875972 0.631209
vt 0.897233 0.622389
vt 0.920098 0.616856
vt 0.944282 0.614890
vt 0.786815 0.735309
vt 0.784598 0.761093
vt 0.792903 0.710945
vt 0.802556 0.688303
vt 0.815469 0.667685
vt 0.831334 0.649394
vt 0.849845 0.633733
vt 0.870695 0.621004
vt 0.893579 0.611511
vt 0.918189 0.605555
vt 0.944220 0.603440
vt 0.779546 0.733819
vt 0.777229 0.760775
vt 0.785912 0.708346
vt 0.796005 0.684672
vt 0.809505 0.663116
vt 0.826092 0.643992
vt 0.845446 0.627618
vt 0.867245 0.614310
vt 0.891171 0.604384
vt 0.916901 0.598158
vt 0.944116 0.595946
vt 0.775372 0.732805
vt 0.772998 0.760423
vt 0.781894 0.706707
vt 0.792234 0.682453
vt 0.806066 0.660367
vt 0.823060 0.640774
vt 0.842889 0.623998
vt 0.865224 0.610363
vt 0.889736 0.600194
vt 0.634716 0.592414
vt 0.662599 0.590149
vt 0.066252 0.353920
vt 0.067182 0.351566
vt 0.093098 0.351822
vt 0.092443 0.354179
vt 0.127827 1.056710
vt 0.128857 1.059443
vt 0.108513 1.061813
vt 0.107267 1.059105
vt 0.150474 1.054917
vt 0.151267 1.057669
vt 0.174750 1.053732
vt 0.175289 1.056496
vt 0.200194 1.053159
vt 0.200466 1.055929
vt 0.226346 1.053203
vt 0.226344 1.055973
vt 0.252746 1.053869
vt 0.252468 1.056632
vt 0.278935 1.055162
vt 0.278382 1.057911
vt 0.304452 1.057086
vt 0.303632 1.059815
vt 0.328837 1.059645
vt 0.327761 1.062348
vt 0.065958 0.356451
vt 0.092210 0.356711
vt 0.042487 0.356590
vt 0.042836 0.354058
vt 0.150329 1.052311
vt 0.127628 1.054108
vt 0.174662 1.051123
vt 0.200166 1.050549
vt 0.226380 1.050594
vt 0.252842 1.051261
vt 0.279092 1.052557
vt 0.304669 1.054485
vt 0.329111 1.057051
s 0
usemtl Material.002
f 2909/1/1 2921/2/1 2939/3/1
f 2939/3/1 2931/4/1 2909/1/1
f 2869/5/2 2877/6/2 2921/2/2
f 2921/2/2 2909/1/2 2869/5/2
f 2819/7/3 2827/8/3 2877/6/3
f 2877/6/3 2869/5/3 2819/7/3
f 2737/9/4 2747/10/4 2827/8/4
f 2827/8/4 2819/7/4 2737/9/4
f 2669/11/5 2673/12/5 2747/10/5
f 2747/10/5 2737/9/5 2669/11/5
f 2567/13/6 2575/14/6 2673/12/6
f 2673/12/6 2669/11/6 2567/13/6
f 2476/15/7 2480/16/7 2575/14/7
f 2575/14/7 2567/13/7 2476/15/7
f 2358/17/8 2362/18/8 2480/16/8
f 2480/16/9 2476/15/9 2358/17/9
f 2158/19/10 2162/20/10 2362/18/10
f 2362/18/10 2358/17/10 2158/19/10
f 1715/21/11 1812/22/11 2162/20/11
f 2162/20/11 2158/19/11 1715/21/11
f 2901/23/12 2909/1/12 2931/4/12
f 2931/4/12 2917/24/12 2901/23/12
f 2863/25/13 2869/5/13 2909/1/13
f 2909/1/13 2901/23/13 2863/25/13
f 2813/26/14 2819/7/14 2869/5/14
f 2869/5/15 2863/25/15 2813/26/15
f 2729/27/16 2737/9/16 2819/7/16
f 2819/7/17 2813/26/17 2729/27/17
f 2663/28/18 2669/11/18 2737/9/18
f 2737/9/18 2729/27/18 2663/28/18
f 2561/29/19 2567/13/19 2669/11/19
f 2669/11/19 2663/28/19 2561/29/19
f 2468/30/20 2476/15/20 2567/13/20
f 2567/13/21 2561/29/21 2468/30/21
f 2350/31/22 2358/17/22 2476/15/22
f 2476/15/23 2468/30/23 2350/31/23
f 2152/32/24 2158/19/24 2358/17/24
f 2358/17/24 2350/31/24 2152/32/24
f 1717/33/25 1715/21/25 2158/19/25
f 2158/19/25 2152/32/25 1717/33/25
f 2903/34/26 2901/23/26 2917/24/26
f 2917/24/27 2923/35/27 2903/34/27
f 2865/36/28 2863/25/28 2901/23/28
f 2901/23/29 2903/34/29 2865/36/29
f 2815/37/30 2813/26/30 2863/25/30
f 2863/25/31 2865/36/31 2815/37/31
f 2733/38/32 2729/27/32 2813/26/32
f 2813/26/33 2815/37/33 2733/38/33
f 2665/39/34 2663/28/34 2729/27/34
f 2729/27/34 2733/38/34 2665/39/34
f 2564/40/35 2561/29/35 2663/28/35
f 2663/28/35 2665/39/35 2564/40/35
f 2473/41/36 2468/30/36 2561/29/36
f 2561/29/36 2564/40/36 2473/41/36
f 2354/42/37 2350/31/37 2468/30/37
f 2468/30/38 2473/41/38 2354/42/38
f 2155/43/39 2152/32/39 2350/31/39
f 2350/31/39 2354/42/39 2155/43/39
f 1927/44/40 1717/33/40 2152/32/40
f 2152/32/40 2155/43/40 1927/44/40
f 2911/45/41 2903/46/41 2923/47/41
f 2923/47/42 2935/48/42 2911/45/42
f 2875/49/43 2865/50/43 2903/46/43
f 2903/46/43 2911/45/43 2875/49/43
f 2823/51/44 2815/37/44 2865/36/44
f 2865/36/44 2875/52/44 2823/51/44
f 2741/53/45 2733/38/45 2815/37/45
f 2815/37/45 2823/51/45 2741/53/45
f 2671/54/46 2665/39/46 2733/38/46
f 2733/38/47 2741/53/47 2671/54/47
f 2571/55/48 2564/40/48 2665/39/48
f 2665/39/49 2671/54/49 2571/55/49
f 2478/56/50 2473/41/50 2564/40/50
f 2564/40/50 2571/55/50 2478/56/50
f 2360/57/51 2354/42/51 2473/41/51
f 2473/41/51 2478/56/51 2360/57/51
f 2160/58/52 2155/43/52 2354/42/52
f 2354/42/52 2360/57/52 2160/58/52
f 1718/59/53 1927/44/53 2155/43/53
f 2155/43/54 2160/58/54 1718/59/54
f 2929/60/55 2911/45/55 2935/48/55
f 2935/48/55 2947/61/55 2929/60/55
f 2881/62/56 2875/49/56 2911/45/56
f 2911/45/56 2929/60/56 2881/62/56
f 2829/63/57 2823/64/57 2875/49/57
f 2875/49/57 2881/62/57 2829/63/57
f 2751/65/58 2741/66/58 2823/64/58
f 2823/64/59 2829/63/59 2751/65/59
f 2677/67/60 2671/68/60 2741/66/60
f 2741/66/61 2751/65/61 2677/67/61
f 2577/69/62 2571/70/62 2671/68/62
f 2671/68/63 2677/67/63 2577/69/63
f 2482/71/64 2478/72/64 2571/70/64
f 2571/70/64 2577/69/64 2482/71/64
f 2364/73/65 2360/74/65 2478/72/65
f 2478/72/65 2482/71/65 2364/73/65
f 2164/75/66 2160/76/66 2360/74/66
f 2360/74/67 2364/73/67 2164/75/67
f 1842/77/68 1718/78/68 2160/76/68
f 2160/76/68 2164/75/68 1842/77/68
f 2945/79/69 2929/60/69 2947/61/69
f 2947/61/69 2959/80/69 2945/79/69
f 2897/81/70 2881/62/70 2929/60/70
f 2929/60/70 2945/79/70 2897/81/70
f 2835/82/71 2829/63/71 2881/62/71
f 2881/62/71 2897/81/71 2835/82/71
f 2761/83/72 2751/65/72 2829/63/72
f 2829/63/73 2835/82/73 2761/83/73
f 2679/84/74 2677/67/74 2751/65/74
f 2751/65/74 2761/83/74 2679/84/74
f 2579/85/75 2577/69/75 2677/67/75
f 2677/67/75 2679/84/75 2579/85/75
f 2486/86/76 2482/71/76 2577/69/76
f 2577/69/76 2579/85/76 2486/86/76
f 2368/87/77 2364/73/77 2482/71/77
f 2482/71/77 2486/86/77 2368/87/77
f 2172/88/78 2164/75/78 2364/73/78
f 2364/73/78 2368/87/78 2172/88/78
f 1725/89/79 1842/77/79 2164/75/79
f 2164/75/79 2172/88/79 1725/89/79
f 2965/90/80 2945/79/80 2959/80/80
f 2959/80/80 2981/91/80 2965/90/80
f 2907/92/81 2897/81/81 2945/79/81
f 2945/79/81 2965/90/81 2907/92/81
f 2845/93/82 2835/82/82 2897/81/82
f 2897/81/82 2907/92/82 2845/93/82
f 2769/94/83 2761/83/83 2835/82/83
f 2835/82/83 2845/93/83 2769/94/83
f 2685/95/84 2679/84/84 2761/83/84
f 2761/83/85 2769/94/85 2685/95/85
f 2587/96/86 2579/85/86 2679/84/86
f 2679/84/86 2685/95/86 2587/96/86
f 2491/97/87 2486/86/87 2579/85/87
f 2579/85/88 2587/96/88 2491/97/88
f 2370/98/89 2368/87/89 2486/86/89
f 2486/86/89 2491/97/89 2370/98/89
f 2174/99/90 2172/88/90 2368/87/90
f 2368/87/91 2370/98/91 2174/99/91
f 1834/100/92 1725/89/92 2172/88/92
f 2172/88/92 2174/99/92 1834/100/92
f 2982/101/93 2965/90/93 2981/91/93
f 2981/91/93 2988/102/93 2982/101/93
f 2933/103/94 2907/92/94 2965/90/94
f 2965/90/95 2982/101/95 2933/103/95
f 2855/104/96 2845/93/96 2907/92/96
f 2907/92/96 2933/103/96 2855/104/96
f 2779/105/97 2769/94/97 2845/93/97
f 2845/93/97 2855/104/97 2779/105/97
f 2691/106/98 2685/95/98 2769/94/98
f 2769/94/98 2779/105/98 2691/106/98
f 2595/107/99 2587/96/99 2685/95/99
f 2685/95/99 2691/106/99 2595/107/99
f 2500/108/100 2491/97/100 2587/96/100
f 2587/96/100 2595/107/100 2500/108/100
f 2374/109/101 2370/98/101 2491/97/101
f 2491/97/101 2500/108/101 2374/109/101
f 2178/110/102 2174/99/102 2370/98/102
f 2370/98/103 2374/109/103 2178/110/103
f 1716/111/104 1834/100/104 2174/99/104
f 2174/99/104 2178/110/104 1716/111/104
f 2990/112/105 2982/113/105 2988/114/105
f 2988/114/105 3002/115/105 2990/112/105
f 2949/116/106 2933/117/106 2982/118/106
f 2982/118/107 2990/119/107 2949/116/107
f 2871/120/108 2855/121/108 2933/117/108
f 2933/117/109 2949/116/109 2871/120/109
f 2791/122/110 2779/123/110 2855/121/110
f 2855/121/110 2871/120/110 2791/122/110
f 2699/124/111 2691/125/111 2779/123/111
f 2779/123/111 2791/122/111 2699/124/111
f 2601/126/112 2595/127/112 2691/125/112
f 2691/125/112 2699/124/112 2601/126/112
f 2506/128/113 2500/129/113 2595/127/113
f 2595/127/113 2601/126/113 2506/128/113
f 2378/130/114 2374/131/114 2500/132/114
f 2500/132/115 2506/133/115 2378/130/115
f 2180/134/116 2178/135/116 2374/131/116
f 2374/131/116 2378/130/116 2180/134/116
f 1714/136/117 1716/137/117 2178/135/117
f 2178/135/117 2180/134/117 1714/136/117
f 3008/138/118 2990/112/118 3002/115/118
f 3002/115/118 3024/139/118 3008/138/118
f 2973/140/119 2949/116/119 2990/119/119
f 2990/119/119 3008/141/119 2973/140/119
f 2889/142/120 2871/120/120 2949/116/120
f 2949/116/120 2973/140/120 2889/142/120
f 2805/143/121 2791/122/121 2871/120/121
f 2871/120/121 2889/142/121 2805/143/121
f 2711/144/122 2699/124/122 2791/122/122
f 2791/122/122 2805/143/122 2711/144/122
f 2611/145/123 2601/126/123 2699/124/123
f 2699/124/123 2711/144/123 2611/145/123
f 2521/146/124 2506/128/124 2601/126/124
f 2601/126/124 2611/145/124 2521/146/124
f 2387/147/125 2378/130/125 2506/133/125
f 2506/133/125 2521/148/125 2387/147/125
f 2191/149/126 2180/134/126 2378/130/126
f 2378/130/126 2387/147/126 2191/149/126
f 1810/150/127 1714/136/127 2180/134/127
f 2180/134/127 2191/149/127 1810/150/127
f 1464/151/128 1460/152/128 1813/153/128
f 1813/153/128 1821/154/128 1464/151/128
f 1264/155/129 1260/156/129 1460/157/129
f 1460/157/129 1464/158/129 1264/155/129
f 1146/159/130 1142/160/130 1260/156/130
f 1260/156/130 1264/155/130 1146/159/130
f 1055/161/131 1047/162/131 1142/160/131
f 1142/160/131 1146/159/131 1055/161/131
f 953/163/132 949/164/132 1047/162/132
f 1047/162/132 1055/161/132 953/163/132
f 885/165/133 875/166/133 949/164/133
f 949/164/133 953/163/133 885/165/133
f 803/167/134 795/168/134 875/166/134
f 875/166/134 885/165/134 803/167/134
f 753/169/135 745/170/135 795/168/135
f 795/168/136 803/167/136 753/169/136
f 713/171/137 701/172/137 745/170/137
f 745/170/137 753/169/137 713/171/137
f 691/173/138 683/174/138 701/175/138
f 701/175/138 713/176/138 691/173/138
f 1470/177/139 1464/151/139 1821/154/139
f 1821/154/139 1829/178/139 1470/177/139
f 1272/179/140 1264/155/140 1464/158/140
f 1464/158/140 1470/180/140 1272/179/140
f 1154/181/141 1146/159/141 1264/155/141
f 1264/155/142 1272/179/142 1154/181/142
f 1061/182/143 1055/161/143 1146/159/143
f 1146/159/144 1154/181/144 1061/182/144
f 959/183/145 953/163/145 1055/161/145
f 1055/161/146 1061/182/146 959/183/146
f 893/184/147 885/165/147 953/163/147
f 953/163/148 959/183/148 893/184/148
f 809/185/149 803/167/149 885/165/149
f 885/165/150 893/184/150 809/185/150
f 759/186/151 753/169/151 803/167/151
f 803/167/152 809/185/152 759/186/152
f 721/187/153 713/171/153 753/169/153
f 753/169/153 759/186/153 721/187/153
f 705/188/154 691/189/154 713/171/154
f 713/171/154 721/187/154 705/188/154
f 1469/190/155 1470/177/155 1829/178/155
f 1829/178/155 1835/191/155 1469/190/155
f 1268/192/156 1272/179/156 1470/180/156
f 1470/180/156 1469/193/156 1268/192/156
f 1151/194/157 1154/181/157 1272/179/157
f 1272/179/158 1268/192/158 1151/194/158
f 1060/195/159 1061/182/159 1154/181/159
f 1154/181/160 1151/194/160 1060/195/160
f 957/196/161 959/183/161 1061/182/161
f 1061/182/161 1060/195/161 957/196/161
f 889/197/162 893/184/162 959/183/162
f 959/183/162 957/196/162 889/197/162
f 807/198/163 809/185/163 893/184/163
f 893/184/164 889/197/164 807/198/164
f 757/199/165 759/186/165 809/185/165
f 809/185/166 807/198/166 757/199/166
f 719/200/167 721/187/167 759/186/167
f 759/186/168 757/199/168 719/200/168
f 699/201/169 705/188/169 721/187/169
f 721/187/169 719/200/169 699/201/169
f 1462/202/170 1469/193/170 1835/203/170
f 1835/203/171 1839/204/171 1462/202/171
f 1262/205/172 1268/192/172 1469/193/172
f 1469/193/172 1462/202/172 1262/205/172
f 1144/206/173 1151/194/173 1268/192/173
f 1268/192/173 1262/205/173 1144/206/173
f 1051/207/174 1060/195/174 1151/194/174
f 1151/194/175 1144/206/175 1051/207/175
f 951/208/176 957/196/176 1060/195/176
f 1060/195/177 1051/207/177 951/208/177
f 881/209/178 889/197/178 957/196/178
f 957/196/179 951/208/179 881/209/179
f 799/210/180 807/198/180 889/197/180
f 889/197/180 881/209/180 799/210/180
f 747/211/181 757/199/181 807/198/181
f 807/198/181 799/210/181 747/211/181
f 711/212/182 719/200/182 757/199/182
f 757/199/182 747/211/182 711/212/182
f 687/213/183 699/201/183 719/200/183
f 719/200/184 711/212/184 687/213/184
f 1458/214/185 1462/215/185 1839/216/185
f 1839/216/185 1843/217/185 1458/214/185
f 1258/218/186 1262/219/186 1462/215/186
f 1462/215/186 1458/214/186 1258/218/186
f 1140/220/187 1144/221/187 1262/219/187
f 1262/219/187 1258/218/187 1140/220/187
f 1045/222/188 1051/223/188 1144/221/188
f 1144/221/188 1140/220/188 1045/222/188
f 945/224/189 951/225/189 1051/223/189
f 1051/223/190 1045/222/190 945/224/190
f 871/226/191 881/227/191 951/225/191
f 951/225/192 945/224/192 871/226/192
f 793/228/193 799/229/193 881/227/193
f 881/227/194 871/226/194 793/228/194
f 741/230/195 747/231/195 799/229/195
f 799/229/195 793/228/195 741/230/195
f 693/232/196 711/233/196 747/231/196
f 747/231/196 741/230/196 693/232/196
f 675/234/197 687/235/197 711/233/197
f 711/233/197 693/232/197 675/234/197
f 1450/236/198 1458/214/198 1843/217/198
f 1843/217/198 1838/237/198 1450/236/198
f 1254/238/199 1258/218/199 1458/214/199
f 1458/214/199 1450/236/199 1254/238/199
f 1136/239/200 1140/220/200 1258/218/200
f 1258/218/200 1254/238/200 1136/239/200
f 1043/240/201 1045/222/201 1140/220/201
f 1140/220/202 1136/239/202 1043/240/202
f 943/241/203 945/224/203 1045/222/203
f 1045/222/203 1043/240/203 943/241/203
f 861/242/204 871/226/204 945/224/204
f 945/224/205 943/241/205 861/242/205
f 787/243/206 793/228/206 871/226/206
f 871/226/206 861/242/206 787/243/206
f 725/244/207 741/230/207 793/228/207
f 793/228/207 787/243/207 725/244/207
f 677/245/208 693/232/208 741/230/208
f 741/230/208 725/244/208 677/245/208
f 663/246/209 675/234/209 693/232/209
f 693/232/209 677/245/209 663/246/209
f 1448/247/210 1450/236/210 1838/237/210
f 1838/237/210 1834/248/210 1448/247/210
f 1252/249/211 1254/238/211 1450/236/211
f 1450/236/211 1448/247/211 1252/249/211
f 1133/250/212 1136/239/212 1254/238/212
f 1254/238/212 1252/249/212 1133/250/212
f 1035/251/213 1043/240/213 1136/239/213
f 1136/239/213 1133/250/213 1035/251/213
f 937/252/214 943/241/214 1043/240/214
f 1043/240/215 1035/251/215 937/252/215
f 853/253/216 861/242/216 943/241/216
f 943/241/217 937/252/217 853/253/217
f 777/254/218 787/243/218 861/242/218
f 861/242/218 853/253/218 777/254/218
f 715/255/219 725/244/219 787/243/219
f 787/243/219 777/254/219 715/255/219
f 657/256/220 677/245/220 725/244/220
f 725/244/220 715/255/220 657/256/220
f 642/257/221 663/246/221 677/245/221
f 677/245/221 657/256/221 642/257/221
f 1444/258/222 1448/259/222 1834/260/222
f 1834/260/222 1828/261/222 1444/258/222
f 1248/262/223 1252/263/223 1448/259/223
f 1448/259/224 1444/258/224 1248/262/224
f 1122/264/225 1133/265/225 1252/263/225
f 1252/263/225 1248/262/225 1122/264/225
f 1027/266/226 1035/251/226 1133/250/226
f 1133/250/226 1122/267/226 1027/266/226
f 931/268/227 937/252/227 1035/251/227
f 1035/251/227 1027/266/227 931/268/227
f 843/269/228 853/253/228 937/252/228
f 937/252/228 931/268/228 843/269/228
f 767/270/229 777/254/229 853/253/229
f 853/253/229 843/269/229 767/270/229
f 689/271/230 715/255/230 777/254/230
f 777/254/230 767/270/230 689/271/230
f 640/272/231 657/256/231 715/255/231
f 715/255/232 689/271/232 640/272/232
f 634/273/233 642/257/233 657/256/233
f 657/256/233 640/272/233 634/273/233
f 1442/274/234 1444/258/234 1828/261/234
f 1828/261/234 1820/275/234 1442/274/234
f 1244/276/235 1248/262/235 1444/258/235
f 1444/258/235 1442/274/235 1244/276/235
f 1116/277/236 1122/264/236 1248/262/236
f 1248/262/237 1244/276/237 1116/277/237
f 1021/278/238 1027/279/238 1122/264/238
f 1122/264/239 1116/277/239 1021/278/239
f 923/280/240 931/281/240 1027/279/240
f 1027/279/240 1021/278/240 923/280/240
f 831/282/241 843/283/241 931/281/241
f 931/281/241 923/280/241 831/282/241
f 751/284/242 767/285/242 843/283/242
f 843/283/243 831/282/243 751/284/243
f 673/286/244 689/271/244 767/270/244
f 767/270/245 751/287/245 673/286/245
f 632/288/246 640/272/246 689/271/246
f 689/271/246 673/286/246 632/288/246
f 620/289/247 634/273/247 640/272/247
f 640/272/247 632/288/247 620/289/247
f 1429/290/248 1442/274/248 1820/275/248
f 1820/275/248 1811/291/248 1429/290/248
f 1233/292/249 1244/276/249 1442/274/249
f 1442/274/249 1429/290/249 1233/292/249
f 1106/293/250 1116/277/250 1244/276/250
f 1244/276/250 1233/292/250 1106/293/250
f 1011/294/251 1021/278/251 1116/277/251
f 1116/277/251 1106/293/251 1011/294/251
f 911/295/252 923/280/252 1021/278/252
f 1021/278/252 1011/294/252 911/295/252
f 817/296/253 831/282/253 923/280/253
f 923/280/253 911/295/253 817/296/253
f 733/297/254 751/284/254 831/282/254
f 831/282/254 817/296/254 733/297/254
f 649/298/255 673/299/255 751/284/255
f 751/284/255 733/297/255 649/298/255
f 614/300/256 632/288/256 673/286/256
f 673/286/256 649/301/256 614/300/256
f 597/302/257 620/289/257 632/288/257
f 632/288/257 614/300/257 597/302/257
f 714/303/258 702/304/258 684/305/258
f 684/305/258 692/306/258 714/303/258
f 754/307/259 746/308/259 702/304/259
f 702/304/259 714/303/259 754/307/259
f 804/309/260 796/310/260 746/308/260
f 746/308/260 754/307/260 804/309/260
f 886/311/261 876/312/261 796/310/261
f 796/310/261 804/309/261 886/311/261
f 954/313/262 950/314/262 876/312/262
f 876/312/262 886/311/262 954/313/262
f 1056/315/263 1048/316/263 950/314/263
f 950/314/263 954/313/263 1056/315/263
f 1147/317/264 1143/318/264 1048/316/264
f 1048/316/264 1056/315/264 1147/317/264
f 1265/319/265 1261/320/265 1143/318/265
f 1143/318/266 1147/317/266 1265/319/266
f 1465/321/267 1461/322/267 1261/323/267
f 1261/323/267 1265/324/267 1465/321/267
f 1915/325/268 1817/326/268 1461/322/268
f 1461/322/268 1465/321/268 1915/325/268
f 722/327/269 714/303/269 692/306/269
f 692/306/269 706/328/269 722/327/269
f 760/329/270 754/307/270 714/303/270
f 714/303/270 722/327/270 760/329/270
f 810/330/271 804/309/271 754/307/271
f 754/307/272 760/329/272 810/330/272
f 894/331/273 886/311/273 804/309/273
f 804/309/274 810/330/274 894/331/274
f 960/332/275 954/313/275 886/311/275
f 886/311/275 894/331/275 960/332/275
f 1062/333/276 1056/315/276 954/313/276
f 954/313/276 960/332/276 1062/333/276
f 1155/334/277 1147/317/277 1056/315/277
f 1056/315/278 1062/333/278 1155/334/278
f 1273/335/279 1265/319/279 1147/317/279
f 1147/317/280 1155/334/280 1273/335/280
f 1471/336/281 1465/321/281 1265/324/281
f 1265/324/281 1273/337/281 1471/336/281
f 1917/338/282 1915/325/282 1465/321/282
f 1465/321/282 1471/336/282 1917/338/282
f 720/339/283 722/327/283 706/328/283
f 706/328/284 700/340/284 720/339/284
f 758/341/285 760/329/285 722/327/285
f 722/327/286 720/339/286 758/341/286
f 808/342/287 810/330/287 760/329/287
f 760/329/288 758/341/288 808/342/288
f 890/343/289 894/331/289 810/330/289
f 810/330/290 808/342/290 890/343/290
f 958/344/291 960/332/291 894/331/291
f 894/331/291 890/343/291 958/344/291
f 1059/345/292 1062/333/292 960/332/292
f 960/332/292 958/344/292 1059/345/292
f 1150/346/293 1155/334/293 1062/333/293
f 1062/333/293 1059/345/293 1150/346/293
f 1269/347/294 1273/335/294 1155/334/294
f 1155/334/295 1150/346/295 1269/347/295
f 1468/348/296 1471/336/296 1273/337/296
f 1273/337/296 1269/349/296 1468/348/296
f 1697/350/297 1917/338/297 1471/336/297
f 1471/336/297 1468/348/297 1697/350/297
f 712/351/298 720/352/298 700/353/298
f 700/353/299 688/354/299 712/351/299
f 748/355/300 758/341/300 720/339/300
f 720/339/300 712/356/300 748/355/300
f 800/357/301 808/342/301 758/341/301
f 758/341/301 748/355/301 800/357/301
f 882/358/302 890/343/302 808/342/302
f 808/342/302 800/357/302 882/358/302
f 952/359/303 958/344/303 890/343/303
f 890/343/304 882/358/304 952/359/304
f 1052/360/305 1059/345/305 958/344/305
f 958/344/306 952/359/306 1052/360/306
f 1145/361/307 1150/346/307 1059/345/307
f 1059/345/307 1052/360/307 1145/361/307
f 1263/362/308 1269/349/308 1150/363/308
f 1150/363/308 1145/364/308 1263/362/308
f 1463/365/309 1468/348/309 1269/349/309
f 1269/349/309 1263/362/309 1463/365/309
f 1919/366/310 1697/350/310 1468/348/310
f 1468/348/311 1463/365/311 1919/366/311
f 694/367/312 712/368/312 688/369/312
f 688/369/312 676/370/312 694/367/312
f 742/371/313 748/372/313 712/368/313
f 712/368/313 694/367/313 742/371/313
f 794/373/314 800/374/314 748/372/314
f 748/372/314 742/371/314 794/373/314
f 872/375/315 882/376/315 800/374/315
f 800/374/316 794/373/316 872/375/316
f 946/377/317 952/378/317 882/376/317
f 882/376/318 872/375/318 946/377/318
f 1046/379/319 1052/380/319 952/378/319
f 952/378/320 946/377/320 1046/379/320
f 1141/381/321 1145/382/321 1052/380/321
f 1052/380/321 1046/379/321 1141/381/321
f 1259/383/322 1263/384/322 1145/382/322
f 1145/382/322 1141/381/322 1259/383/322
f 1459/385/323 1463/386/323 1263/384/323
f 1263/384/324 1259/383/324 1459/385/324
f 1845/387/325 1919/388/325 1463/386/325
f 1463/386/325 1459/385/325 1845/387/325
f 678/389/326 694/367/326 676/370/326
f 676/370/326 664/390/326 678/389/326
f 726/391/327 742/371/327 694/367/327
f 694/367/327 678/389/327 726/391/327
f 788/392/328 794/373/328 742/371/328
f 742/371/328 726/391/328 788/392/328
f 862/393/329 872/375/329 794/373/329
f 794/373/330 788/392/330 862/393/330
f 944/394/331 946/377/331 872/375/331
f 872/375/331 862/393/331 944/394/331
f 1044/395/332 1046/379/332 946/377/332
f 946/377/332 944/394/332 1044/395/332
f 1137/396/333 1141/381/333 1046/379/333
f 1046/379/333 1044/395/333 1137/396/333
f 1255/397/334 1259/383/334 1141/381/334
f 1141/381/334 1137/396/334 1255/397/334
f 1451/398/335 1459/385/335 1259/383/335
f 1259/383/335 1255/397/335 1451/398/335
f 1898/399/336 1845/387/336 1459/385/336
f 1459/385/336 1451/398/336 1898/399/336
f 658/400/337 678/389/337 664/390/337
f 664/390/337 642/401/337 658/400/337
f 716/402/338 726/391/338 678/389/338
f 678/389/338 658/400/338 716/402/338
f 778/403/339 788/392/339 726/391/339
f 726/391/339 716/402/339 778/403/339
f 854/404/340 862/393/340 788/392/340
f 788/392/340 778/403/340 854/404/340
f 938/405/341 944/394/341 862/393/341
f 862/393/342 854/404/342 938/405/342
f 1036/406/343 1044/395/343 944/394/343
f 944/394/343 938/405/343 1036/406/343
f 1132/407/344 1137/396/344 1044/395/344
f 1044/395/345 1036/406/345 1132/407/345
f 1253/408/346 1255/397/346 1137/396/346
f 1137/396/346 1132/407/346 1253/408/346
f 1449/409/347 1451/398/347 1255/397/347
f 1255/397/348 1253/408/348 1449/409/348
f 1837/410/349 1898/399/349 1451/398/349
f 1451/398/349 1449/409/349 1837/410/349
f 641/411/350 658/400/350 642/401/350
f 642/401/350 635/412/350 641/411/350
f 690/413/351 716/402/351 658/400/351
f 658/400/352 641/411/352 690/413/352
f 768/414/353 778/403/353 716/402/353
f 716/402/353 690/413/353 768/414/353
f 844/415/354 854/404/354 778/403/354
f 778/403/354 768/414/354 844/415/354
f 932/416/355 938/405/355 854/404/355
f 854/404/355 844/415/355 932/416/355
f 1028/417/356 1036/406/356 938/405/356
f 938/405/356 932/416/356 1028/417/356
f 1123/418/357 1132/407/357 1036/406/357
f 1036/406/357 1028/417/357 1123/418/357
f 1249/419/358 1253/408/358 1132/407/358
f 1132/407/358 1123/418/358 1249/419/358
f 1445/420/359 1449/409/359 1253/408/359
f 1253/408/360 1249/419/360 1445/420/360
f 1918/421/361 1837/410/361 1449/409/361
f 1449/409/361 1445/420/361 1918/421/361
f 633/422/362 641/411/362 635/412/362
f 635/412/362 621/423/362 633/422/362
f 674/424/363 690/413/363 641/411/363
f 641/411/364 633/422/364 674/424/364
f 752/425/365 768/414/365 690/413/365
f 690/413/366 674/424/366 752/425/366
f 832/426/367 844/427/367 768/428/367
f 768/428/367 752/429/367 832/426/367
f 924/430/368 932/431/368 844/427/368
f 844/427/368 832/426/368 924/430/368
f 1022/432/369 1028/433/369 932/431/369
f 932/431/369 924/430/369 1022/432/369
f 1117/434/370 1123/435/370 1028/433/370
f 1028/433/370 1022/432/370 1117/434/370
f 1245/436/371 1249/437/371 1123/435/371
f 1123/435/372 1117/434/372 1245/436/372
f 1443/438/373 1445/439/373 1249/437/373
f 1249/437/373 1245/436/373 1443/438/373
f 1916/440/374 1918/421/374 1445/420/374
f 1445/420/374 1443/441/374 1916/440/374
f 616/442/375 633/443/375 621/444/375
f 621/444/375 600/445/375 616/442/375
f 654/446/376 674/447/376 633/443/376
f 633/443/376 616/442/376 654/446/376
f 737/448/377 752/429/377 674/447/377
f 674/447/377 654/446/377 737/448/377
f 822/449/378 832/426/378 752/429/378
f 752/429/378 737/448/378 822/449/378
f 914/450/379 924/430/379 832/426/379
f 832/426/379 822/449/379 914/450/379
f 1014/451/380 1022/432/380 924/430/380
f 924/430/380 914/450/380 1014/451/380
f 1104/452/381 1117/434/381 1022/432/381
f 1022/432/381 1014/451/381 1104/452/381
f 1237/453/382 1245/436/382 1117/434/382
f 1117/434/382 1104/452/382 1237/453/382
f 1433/454/383 1443/438/383 1245/436/383
f 1245/436/383 1237/453/383 1433/454/383
f 1819/455/384 1916/456/384 1443/438/384
f 1443/438/384 1433/454/384 1819/455/384
f 2159/457/385 2163/458/385 1816/459/385
f 1816/459/385 1822/460/385 2159/457/385
f 2359/461/386 2363/462/386 2163/458/386
f 2163/458/386 2159/457/386 2359/461/386
f 2477/463/387 2481/464/387 2363/462/387
f 2363/462/387 2359/461/387 2477/463/387
f 2568/465/388 2576/466/388 2481/464/388
f 2481/464/388 2477/463/388 2568/465/388
f 2670/467/389 2674/468/389 2576/466/389
f 2576/466/389 2568/465/389 2670/467/389
f 2738/469/390 2748/470/390 2674/468/390
f 2674/468/390 2670/467/390 2738/469/390
f 2820/471/391 2828/472/391 2748/470/391
f 2748/470/391 2738/469/391 2820/471/391
f 2870/473/392 2878/474/392 2828/472/392
f 2828/472/393 2820/471/393 2870/473/393
f 2910/475/394 2922/476/394 2878/474/394
f 2878/474/394 2870/473/394 2910/475/394
f 2932/477/395 2940/478/395 2922/479/395
f 2922/479/395 2910/480/395 2932/477/395
f 2153/481/396 2159/457/396 1822/460/396
f 1822/460/396 1830/482/396 2153/481/396
f 2351/483/397 2359/461/397 2159/457/397
f 2159/457/397 2153/481/397 2351/483/397
f 2469/484/398 2477/463/398 2359/461/398
f 2359/461/399 2351/483/399 2469/484/399
f 2562/485/400 2568/465/400 2477/463/400
f 2477/463/401 2469/484/401 2562/485/401
f 2664/486/402 2670/467/402 2568/465/402
f 2568/465/403 2562/485/403 2664/486/403
f 2730/487/404 2738/469/404 2670/467/404
f 2670/467/405 2664/486/405 2730/487/405
f 2814/488/406 2820/471/406 2738/469/406
f 2738/469/407 2730/487/407 2814/488/407
f 2864/489/408 2870/473/408 2820/471/408
f 2820/471/409 2814/488/409 2864/489/409
f 2902/490/410 2910/475/410 2870/473/410
f 2870/473/410 2864/489/410 2902/490/410
f 2918/491/411 2932/477/411 2910/480/411
f 2910/480/411 2902/492/411 2918/491/411
f 2154/493/412 2153/481/412 1830/482/412
f 1830/482/412 1836/494/412 2154/493/412
f 2355/495/413 2351/483/413 2153/481/413
f 2153/481/413 2154/493/413 2355/495/413
f 2472/496/414 2469/484/414 2351/483/414
f 2351/483/415 2355/495/415 2472/496/415
f 2563/497/416 2562/485/416 2469/484/416
f 2469/484/417 2472/496/417 2563/497/417
f 2666/498/418 2664/486/418 2562/485/418
f 2562/485/418 2563/497/418 2666/498/418
f 2734/499/419 2730/487/419 2664/486/419
f 2664/486/419 2666/498/419 2734/499/419
f 2816/500/420 2814/488/420 2730/487/420
f 2730/487/421 2734/499/421 2816/500/421
f 2866/501/422 2864/489/422 2814/488/422
f 2814/488/423 2816/500/423 2866/501/423
f 2904/502/424 2902/490/424 2864/489/424
f 2864/489/425 2866/501/425 2904/502/425
f 2924/503/426 2918/491/426 2902/492/426
f 2902/492/426 2904/504/426 2924/503/426
f 2161/505/427 2154/493/427 1836/494/427
f 1836/494/428 1840/506/428 2161/505/428
f 2361/507/429 2355/495/429 2154/493/429
f 2154/493/429 2161/505/429 2361/507/429
f 2479/508/430 2472/496/430 2355/495/430
f 2355/495/430 2361/507/430 2479/508/430
f 2572/509/431 2563/497/431 2472/496/431
f 2472/496/432 2479/508/432 2572/509/432
f 2672/510/433 2666/498/433 2563/497/433
f 2563/497/434 2572/509/434 2672/510/434
f 2742/511/435 2734/499/435 2666/498/435
f 2666/498/436 2672/510/436 2742/511/436
f 2824/512/437 2816/500/437 2734/499/437
f 2734/499/437 2742/511/437 2824/512/437
f 2876/513/438 2866/514/438 2816/515/438
f 2816/515/438 2824/516/438 2876/513/438
f 2912/517/439 2904/518/439 2866/514/439
f 2866/514/439 2876/513/439 2912/517/439
f 2936/519/440 2924/520/440 2904/518/440
f 2904/518/441 2912/517/441 2936/519/441
f 2165/521/442 2161/522/442 1840/523/442
f 1840/523/442 1844/524/442 2165/521/442
f 2365/525/443 2361/526/443 2161/522/443
f 2161/522/443 2165/521/443 2365/525/443
f 2483/527/444 2479/528/444 2361/526/444
f 2361/526/444 2365/525/444 2483/527/444
f 2578/529/445 2572/530/445 2479/528/445
f 2479/528/445 2483/527/445 2578/529/445
f 2678/531/446 2672/532/446 2572/530/446
f 2572/530/447 2578/529/447 2678/531/447
f 2752/533/448 2742/534/448 2672/532/448
f 2672/532/449 2678/531/449 2752/533/449
f 2830/535/450 2824/516/450 2742/534/450
f 2742/534/451 2752/533/451 2830/535/451
f 2882/536/452 2876/513/452 2824/516/452
f 2824/516/452 2830/535/452 2882/536/452
f 2930/537/453 2912/517/453 2876/513/453
f 2876/513/453 2882/536/453 2930/537/453
f 2948/538/454 2936/519/454 2912/517/454
f 2912/517/454 2930/537/454 2948/538/454
f 2173/539/455 2165/521/455 1844/524/455
f 1844/524/455 1841/540/455 2173/539/455
f 2369/541/456 2365/525/456 2165/521/456
f 2165/521/456 2173/539/456 2369/541/456
f 2487/542/457 2483/527/457 2365/525/457
f 2365/525/457 2369/541/457 2487/542/457
f 2580/543/458 2578/529/458 2483/527/458
f 2483/527/459 2487/542/459 2580/543/459
f 2680/544/460 2678/531/460 2578/529/460
f 2578/529/460 2580/543/460 2680/544/460
f 2762/545/461 2752/533/461 2678/531/461
f 2678/531/462 2680/544/462 2762/545/462
f 2836/546/463 2830/535/463 2752/533/463
f 2752/533/463 2762/545/463 2836/546/463
f 2898/547/464 2882/536/464 2830/535/464
f 2830/535/464 2836/546/464 2898/547/464
f 2946/548/465 2930/537/465 2882/536/465
f 2882/536/465 2898/547/465 2946/548/465
f 2960/549/466 2948/538/466 2930/537/466
f 2930/537/466 2946/548/466 2960/549/466
f 2175/550/467 2173/539/467 1841/540/467
f 1841/540/467 1837/551/467 2175/550/467
f 2371/552/468 2369/541/468 2173/539/468
f 2173/539/468 2175/550/468 2371/552/468
f 2490/553/469 2487/542/469 2369/541/469
f 2369/541/469 2371/552/469 2490/553/469
f 2588/554/470 2580/543/470 2487/542/470
f 2487/542/470 2490/553/470 2588/554/470
f 2686/555/471 2680/544/471 2580/543/471
f 2580/543/472 2588/554/472 2686/555/472
f 2770/556/473 2762/545/473 2680/544/473
f 2680/544/474 2686/555/474 2770/556/474
f 2846/557/475 2836/546/475 2762/545/475
f 2762/545/475 2770/556/475 2846/557/475
f 2908/558/476 2898/547/476 2836/546/476
f 2836/546/476 2846/557/476 2908/558/476
f 2966/559/477 2946/548/477 2898/547/477
f 2898/547/477 2908/558/477 2966/559/477
f 2981/560/478 2960/549/478 2946/548/478
f 2946/548/478 2966/559/478 2981/560/478
f 2179/561/479 2175/550/479 1837/551/479
f 1837/551/479 1831/562/479 2179/561/479
f 2375/563/480 2371/552/480 2175/550/480
f 2175/550/481 2179/561/481 2375/563/481
f 2501/564/482 2490/553/482 2371/552/482
f 2371/552/482 2375/563/482 2501/564/482
f 2596/565/483 2588/566/483 2490/567/483
f 2490/567/483 2501/568/483 2596/565/483
f 2692/569/484 2686/570/484 2588/566/484
f 2588/566/484 2596/565/484 2692/569/484
f 2780/571/485 2770/572/485 2686/570/485
f 2686/570/485 2692/569/485 2780/571/485
f 2856/573/486 2846/574/486 2770/572/486
f 2770/572/486 2780/571/486 2856/573/486
f 2934/575/487 2908/576/487 2846/574/487
f 2846/574/487 2856/573/487 2934/575/487
f 2983/577/488 2966/578/488 2908/576/488
f 2908/576/489 2934/575/489 2983/577/489
f 2989/579/490 2981/560/490 2966/559/490
f 2966/559/490 2983/580/490 2989/579/490
f 2181/581/491 2179/561/491 1831/562/491
f 1831/562/491 1823/582/491 2181/581/491
f 2379/583/492 2375/584/492 2179/585/492
f 2179/585/492 2181/586/492 2379/583/492
f 2507/587/493 2501/568/493 2375/584/493
f 2375/584/494 2379/583/494 2507/587/494
f 2602/588/495 2596/565/495 2501/568/495
f 2501/568/496 2507/587/496 2602/588/496
f 2700/589/497 2692/569/497 2596/565/497
f 2596/565/497 2602/588/497 2700/589/497
f 2792/590/498 2780/571/498 2692/569/498
f 2692/569/498 2700/589/498 2792/590/498
f 2872/591/499 2856/573/499 2780/571/499
f 2780/571/500 2792/590/500 2872/591/500
f 2950/592/501 2934/575/501 2856/573/501
f 2856/573/502 2872/591/502 2950/592/502
f 2991/593/503 2983/577/503 2934/575/503
f 2934/575/503 2950/592/503 2991/593/503
f 3003/594/504 2989/595/504 2983/577/504
f 2983/577/504 2991/593/504 3003/594/504
f 2194/596/505 2181/586/505 1823/597/505
f 1823/597/505 1818/598/505 2194/596/505
f 2391/599/506 2379/583/506 2181/586/506
f 2181/586/506 2194/596/506 2391/599/506
f 2518/600/507 2507/587/507 2379/583/507
f 2379/583/507 2391/599/507 2518/600/507
f 2614/601/508 2602/588/508 2507/587/508
f 2507/587/508 2518/600/508 2614/601/508
f 2712/602/509 2700/589/509 2602/588/509
f 2602/588/509 2614/601/509 2712/602/509
f 2806/603/510 2792/590/510 2700/589/510
f 2700/589/510 2712/602/510 2806/603/510
f 2890/604/511 2872/591/511 2792/590/511
f 2792/590/511 2806/603/511 2890/604/511
f 2974/605/512 2950/592/512 2872/591/512
f 2872/591/512 2890/604/512 2974/605/512
f 3009/606/513 2991/593/513 2950/592/513
f 2950/592/513 2974/605/513 3009/606/513
f 3025/607/514 3003/594/514 2991/593/514
f 2991/593/514 3009/606/514 3025/607/514
f 3040/608/515 3008/138/515 3024/139/515
f 3024/139/515 3048/609/515 3040/608/515
f 3018/610/516 2973/140/516 3008/141/516
f 3008/141/516 3040/611/516 3018/610/516
f 2943/612/517 2889/142/517 2973/140/517
f 2973/140/517 3018/610/517 2943/612/517
f 2841/613/518 2805/143/518 2889/142/518
f 2889/142/518 2943/612/518 2841/613/518
f 2731/614/519 2711/144/519 2805/143/519
f 2805/143/519 2841/613/519 2731/614/519
f 2645/615/520 2611/145/520 2711/144/520
f 2711/144/520 2731/614/520 2645/615/520
f 2529/616/521 2521/146/521 2611/145/521
f 2611/145/521 2645/615/521 2529/616/521
f 2402/617/522 2387/147/522 2521/148/522
f 2521/148/522 2529/618/522 2402/617/522
f 2208/619/523 2191/149/523 2387/147/523
f 2387/147/523 2402/617/523 2208/619/523
f 1806/620/524 1810/150/524 2191/149/524
f 2191/149/524 2208/619/524 1806/620/524
f 3072/621/525 3040/611/525 3048/622/525
f 3048/622/525 3078/623/525 3072/621/525
f 3044/624/526 3018/610/526 3040/611/526
f 3040/611/526 3072/621/526 3044/624/526
f 2994/625/527 2943/612/527 3018/610/527
f 3018/610/527 3044/624/527 2994/625/527
f 2883/626/528 2841/613/528 2943/612/528
f 2943/612/528 2994/625/528 2883/626/528
f 2773/627/529 2731/614/529 2841/613/529
f 2841/613/529 2883/626/529 2773/627/529
f 2659/628/530 2645/615/530 2731/614/530
f 2731/614/530 2773/627/530 2659/628/530
f 2539/629/531 2529/616/531 2645/615/531
f 2645/615/531 2659/628/531 2539/629/531
f 2410/630/532 2402/617/532 2529/618/532
f 2529/618/532 2539/631/532 2410/630/532
f 2222/632/533 2208/619/533 2402/617/533
f 2402/617/533 2410/630/533 2222/632/533
f 1694/633/534 1806/620/534 2208/619/534
f 2208/619/534 2222/632/534 1694/633/534
f 3092/634/535 3072/621/535 3078/623/535
f 3078/623/535 3116/635/535 3092/634/535
f 3074/636/536 3044/624/536 3072/621/536
f 3072/621/536 3092/634/536 3074/636/536
f 3030/637/537 2994/625/537 3044/624/537
f 3044/624/538 3074/636/538 3030/637/538
f 2937/638/539 2883/626/539 2994/625/539
f 2994/625/539 3030/637/539 2937/638/539
f 2810/639/540 2773/627/540 2883/626/540
f 2883/626/540 2937/638/540 2810/639/540
f 2683/640/541 2659/628/541 2773/627/541
f 2773/627/541 2810/639/541 2683/640/541
f 2554/641/542 2539/629/542 2659/628/542
f 2659/628/542 2683/640/542 2554/641/542
f 2420/642/543 2410/630/543 2539/631/543
f 2539/631/544 2554/643/544 2420/642/544
f 2238/644/545 2222/632/545 2410/630/545
f 2410/630/545 2420/642/545 2238/644/545
f 1930/645/546 1694/633/546 2222/632/546
f 2222/632/546 2238/644/546 1930/645/546
f 3132/646/547 3092/634/547 3116/635/547
f 3116/635/547 3142/647/547 3132/646/547
f 3090/648/548 3074/636/548 3092/634/548
f 3092/634/548 3132/646/548 3090/648/548
f 3054/649/549 3030/637/549 3074/636/549
f 3074/636/549 3090/648/549 3054/649/549
f 2984/650/550 2937/638/550 3030/637/550
f 3030/637/550 3054/649/550 2984/650/550
f 2837/651/551 2810/639/551 2937/638/551
f 2937/638/551 2984/650/551 2837/651/551
f 2705/652/552 2683/640/552 2810/639/552
f 2810/639/553 2837/651/553 2705/652/553
f 2574/653/554 2554/641/554 2683/640/554
f 2683/640/554 2705/652/554 2574/653/554
f 2430/654/555 2420/642/555 2554/643/555
f 2554/643/555 2574/655/555 2430/654/555
f 2247/656/556 2238/644/556 2420/642/556
f 2420/642/556 2430/654/556 2247/656/556
f 1913/657/557 1930/645/557 2238/644/557
f 2238/644/557 2247/656/557 1913/657/557
f 3150/658/558 3132/646/558 3142/647/558
f 3142/647/558 3156/659/558 3150/658/558
f 3128/660/559 3090/648/559 3132/646/559
f 3132/646/559 3150/658/559 3128/660/559
f 3076/661/560 3054/649/560 3090/648/560
f 3090/648/560 3128/660/560 3076/661/560
f 3014/662/561 2984/650/561 3054/649/561
f 3054/649/561 3076/661/561 3014/662/561
f 2861/663/562 2837/651/562 2984/650/562
f 2984/650/563 3014/662/563 2861/663/563
f 2723/664/564 2705/652/564 2837/651/564
f 2837/651/565 2861/663/565 2723/664/565
f 2585/665/566 2574/653/566 2705/652/566
f 2705/652/566 2723/664/566 2585/665/566
f 2438/666/567 2430/654/567 2574/655/567
f 2574/655/567 2585/667/567 2438/666/567
f 2253/668/568 2247/656/568 2430/654/568
f 2430/654/568 2438/666/568 2253/668/568
f 1711/669/569 1913/657/569 2247/656/569
f 2247/656/569 2253/668/569 1711/669/569
f 3162/670/570 3150/658/570 3156/659/570
f 3156/659/570 3172/671/570 3162/670/570
f 3148/672/571 3128/660/571 3150/658/571
f 3150/658/571 3162/670/571 3148/672/571
f 3088/673/572 3076/661/572 3128/660/572
f 3128/660/572 3148/672/572 3088/673/572
f 3036/674/573 3014/662/573 3076/661/573
f 3076/661/573 3088/673/573 3036/674/573
f 2893/675/574 2861/663/574 3014/662/574
f 3014/662/574 3036/674/574 2893/675/574
f 2743/676/575 2723/664/575 2861/663/575
f 2861/663/575 2893/675/575 2743/676/575
f 2599/677/576 2585/665/576 2723/664/576
f 2723/664/576 2743/676/576 2599/677/576
f 2450/678/577 2438/666/577 2585/667/577
f 2585/667/577 2599/679/577 2450/678/577
f 2267/680/578 2253/668/578 2438/666/578
f 2438/666/578 2450/678/578 2267/680/578
f 1794/681/579 1711/669/579 2253/668/579
f 2253/668/579 2267/680/579 1794/681/579
f 3178/682/580 3162/670/580 3172/671/580
f 3172/671/580 3184/683/580 3178/682/580
f 3154/684/581 3148/672/581 3162/670/581
f 3162/670/581 3178/682/581 3154/684/581
f 3118/685/582 3088/673/582 3148/672/582
f 3148/672/582 3154/684/582 3118/685/582
f 3046/686/583 3036/674/583 3088/673/583
f 3088/673/583 3118/685/583 3046/686/583
f 2915/687/584 2893/675/584 3036/674/584
f 3036/674/584 3046/686/584 2915/687/584
f 2763/688/585 2743/676/585 2893/675/585
f 2893/675/585 2915/687/585 2763/688/585
f 2615/689/586 2599/677/586 2743/676/586
f 2743/676/586 2763/688/586 2615/689/586
f 2452/690/587 2450/691/587 2599/677/587
f 2599/677/587 2615/689/587 2452/690/587
f 2277/692/588 2267/680/588 2450/678/588
f 2450/678/588 2452/693/588 2277/692/588
f 1710/694/589 1794/681/589 2267/680/589
f 2267/680/589 2277/692/589 1710/694/589
f 3188/695/590 3178/682/590 3184/683/590
f 3184/683/590 3200/696/590 3188/695/590
f 3164/697/591 3154/684/591 3178/682/591
f 3178/682/591 3188/695/591 3164/697/591
f 3130/698/592 3118/685/592 3154/684/592
f 3154/684/592 3164/697/592 3130/698/592
f 3058/699/593 3046/686/593 3118/685/593
f 3118/685/593 3130/698/593 3058/699/593
f 2941/700/594 2915/687/594 3046/686/594
f 3046/686/594 3058/699/594 2941/700/594
f 2775/701/595 2763/688/595 2915/687/595
f 2915/687/595 2941/700/595 2775/701/595
f 2627/702/596 2615/689/596 2763/688/596
f 2763/688/596 2775/701/596 2627/702/596
f 2458/703/597 2452/690/597 2615/689/597
f 2615/689/597 2627/702/597 2458/703/597
f 2287/704/598 2277/692/598 2452/693/598
f 2452/693/598 2458/705/598 2287/704/598
f 1910/706/599 1710/694/599 2277/692/599
f 2277/692/599 2287/704/599 1910/706/599
f 3198/707/600 3188/695/600 3200/696/600
f 3200/696/600 3209/708/600 3198/707/600
f 3170/709/601 3164/697/601 3188/695/601
f 3188/695/601 3198/707/601 3170/709/601
f 3136/710/602 3130/698/602 3164/697/602
f 3164/697/602 3170/709/602 3136/710/602
f 3064/711/603 3058/699/603 3130/698/603
f 3130/698/603 3136/710/603 3064/711/603
f 2955/712/604 2941/700/604 3058/699/604
f 3058/699/604 3064/711/604 2955/712/604
f 2781/713/605 2775/701/605 2941/700/605
f 2941/700/605 2955/712/605 2781/713/605
f 2636/714/606 2627/702/606 2775/701/606
f 2775/701/606 2781/713/606 2636/714/606
f 2462/715/607 2458/703/607 2627/702/607
f 2627/702/607 2636/714/607 2462/715/607
f 2295/716/608 2287/704/608 2458/705/608
f 2458/705/608 2462/717/608 2295/716/608
f 1909/718/609 1910/706/609 2287/704/609
f 2287/704/609 2295/716/609 1909/718/609
f 3202/719/610 3198/707/610 3209/708/610
f 3209/708/611 3213/720/611 3202/719/611
f 3174/721/612 3170/709/612 3198/707/612
f 3198/707/612 3202/719/612 3174/721/612
f 3138/722/613 3136/710/613 3170/709/613
f 3170/709/613 3174/721/613 3138/722/613
f 3066/723/614 3064/711/614 3136/710/614
f 3136/710/614 3138/722/614 3066/723/614
f 2961/724/615 2955/712/615 3064/711/615
f 3064/711/615 3066/723/615 2961/724/615
f 2783/725/616 2781/713/616 2955/712/616
f 2955/712/616 2961/724/616 2783/725/616
f 2642/726/617 2636/714/617 2781/713/617
f 2781/713/617 2783/725/617 2642/726/617
f 2464/727/618 2462/715/618 2636/714/618
f 2636/714/619 2642/726/619 2464/727/619
f 2297/728/620 2295/716/620 2462/717/620
f 2462/717/620 2464/729/620 2297/728/620
f 1784/730/621 1909/718/621 2295/716/621
f 2295/716/622 2297/728/622 1784/730/622
f 1414/731/623 1429/290/623 1811/291/623
f 1811/291/623 1807/732/623 1414/731/623
f 1220/733/624 1233/292/624 1429/290/624
f 1429/290/624 1414/731/624 1220/733/624
f 1093/734/625 1106/293/625 1233/292/625
f 1233/292/625 1220/733/625 1093/734/625
f 977/735/626 1011/294/626 1106/293/626
f 1106/293/626 1093/734/626 977/735/626
f 891/736/627 911/295/627 1011/294/627
f 1011/294/627 977/735/627 891/736/627
f 781/737/628 817/296/628 911/295/628
f 911/295/628 891/736/628 781/737/628
f 679/738/629 733/297/629 817/296/629
f 817/296/629 781/737/629 679/738/629
f 604/739/630 649/298/630 733/297/630
f 733/297/630 679/738/630 604/739/630
f 571/740/631 614/741/631 649/298/631
f 649/298/631 604/739/631 571/740/631
f 561/742/632 597/302/632 614/300/632
f 614/300/632 571/743/632 561/742/632
f 1400/744/633 1414/731/633 1807/732/633
f 1807/732/633 1804/745/633 1400/744/633
f 1212/746/634 1220/733/634 1414/731/634
f 1414/731/634 1400/744/634 1212/746/634
f 1083/747/635 1093/734/635 1220/733/635
f 1220/733/635 1212/746/635 1083/747/635
f 963/748/636 977/735/636 1093/734/636
f 1093/734/636 1083/747/636 963/748/636
f 849/749/637 891/736/637 977/735/637
f 977/735/637 963/748/637 849/749/637
f 739/750/638 781/737/638 891/736/638
f 891/736/638 849/749/638 739/750/638
f 628/751/639 679/738/639 781/737/639
f 781/737/639 739/750/639 628/751/639
f 565/752/640 604/739/640 679/738/640
f 679/738/640 628/751/640 565/752/640
f 530/753/641 571/740/641 604/739/641
f 604/739/641 565/752/641 530/753/641
f 524/754/642 561/742/642 571/743/642
f 571/743/642 530/755/642 524/754/642
f 1386/756/643 1400/744/643 1804/745/643
f 1804/745/643 1802/757/643 1386/756/643
f 1202/758/644 1212/746/644 1400/744/644
f 1400/744/644 1386/756/644 1202/758/644
f 1070/759/645 1083/747/645 1212/746/645
f 1212/746/646 1202/758/646 1070/759/646
f 939/760/647 963/748/647 1083/747/647
f 1083/747/647 1070/759/647 939/760/647
f 814/761/648 849/749/648 963/748/648
f 963/748/648 939/760/648 814/761/648
f 685/762/649 739/750/649 849/749/649
f 849/749/649 814/761/649 685/762/649
f 585/763/650 628/751/650 739/750/650
f 739/750/650 685/762/650 585/763/650
f 528/764/651 565/752/651 628/751/651
f 628/751/652 585/763/652 528/764/652
f 510/765/653 530/753/653 565/752/653
f 565/752/653 528/764/653 510/765/653
f 508/766/654 524/767/654 530/768/654
f 530/768/654 510/769/654 508/766/654
f 1375/770/655 1386/756/655 1802/757/655
f 1802/757/655 1800/771/655 1375/770/655
f 1192/772/656 1202/758/656 1386/756/656
f 1386/756/656 1375/770/656 1192/772/656
f 1050/773/657 1070/759/657 1202/758/657
f 1202/758/657 1192/772/657 1050/773/657
f 917/774/658 939/760/658 1070/759/658
f 1070/759/658 1050/773/658 917/774/658
f 785/775/659 814/761/659 939/760/659
f 939/760/659 917/774/659 785/775/659
f 638/776/660 685/762/660 814/761/660
f 814/761/661 785/775/661 638/776/661
f 553/777/662 585/763/662 685/762/662
f 685/762/662 638/776/662 553/777/662
f 512/778/663 528/764/663 585/763/663
f 585/763/663 553/777/663 512/778/663
f 492/779/664 510/765/664 528/764/664
f 528/764/664 512/778/664 492/779/664
f 482/780/665 508/766/665 510/769/665
f 510/769/665 492/781/665 482/780/665
f 1369/782/666 1375/770/666 1800/771/666
f 1800/771/666 1798/783/666 1369/782/666
f 1184/784/667 1192/772/667 1375/770/667
f 1375/770/667 1369/782/667 1184/784/667
f 1037/785/668 1050/773/668 1192/772/668
f 1192/772/668 1184/784/668 1037/785/668
f 899/786/669 917/774/669 1050/773/669
f 1050/773/669 1037/785/669 899/786/669
f 761/787/670 785/775/670 917/774/670
f 917/774/671 899/786/671 761/787/671
f 608/788/672 638/776/672 785/775/672
f 785/775/672 761/787/672 608/788/672
f 526/789/673 553/777/673 638/776/673
f 638/776/673 608/788/673 526/789/673
f 496/790/674 512/778/674 553/777/674
f 553/777/674 526/789/674 496/790/674
f 454/791/675 492/779/675 512/778/675
f 512/778/675 496/790/675 454/791/675
f 448/792/676 482/780/676 492/781/676
f 492/781/676 454/793/676 448/792/676
f 1355/794/677 1369/782/677 1798/783/677
f 1798/783/677 1795/795/677 1355/794/677
f 1172/796/678 1184/784/678 1369/782/678
f 1369/782/678 1355/794/678 1172/796/678
f 1023/797/679 1037/785/679 1184/784/679
f 1184/784/679 1172/796/679 1023/797/679
f 879/798/680 899/786/680 1037/785/680
f 1037/785/680 1023/797/680 879/798/680
f 729/799/681 761/787/681 899/786/681
f 899/786/681 879/798/681 729/799/681
f 579/800/682 608/788/682 761/787/682
f 761/787/682 729/799/682 579/800/682
f 514/801/683 526/789/683 608/788/683
f 608/788/683 579/800/683 514/801/683
f 457/802/684 496/790/684 526/789/684
f 526/789/684 514/801/684 457/802/684
f 442/803/685 454/791/685 496/790/685
f 496/790/685 457/802/685 442/803/685
f 432/804/686 448/792/686 454/793/686
f 454/793/686 442/805/686 432/804/686
f 1345/806/687 1355/794/687 1795/795/687
f 1795/795/687 1792/807/687 1345/806/687
f 1170/808/688 1172/796/688 1355/794/688
f 1355/794/688 1345/806/688 1170/808/688
f 1007/809/689 1023/797/689 1172/796/689
f 1172/796/690 1170/808/690 1007/809/690
f 859/810/691 879/798/691 1023/797/691
f 1023/797/691 1007/809/691 859/810/691
f 707/811/692 729/799/692 879/798/692
f 879/798/692 859/810/692 707/811/692
f 563/812/693 579/800/693 729/799/693
f 729/799/693 707/811/693 563/812/693
f 506/813/694 514/801/694 579/800/694
f 579/800/694 563/812/694 506/813/694
f 450/814/695 457/802/695 514/801/695
f 514/801/695 506/813/695 450/814/695
f 420/815/696 442/803/696 457/802/696
f 457/802/696 450/814/696 420/815/696
f 412/816/697 432/804/697 442/805/697
f 442/805/697 420/817/697 412/816/697
f 1335/818/698 1345/806/698 1792/807/698
f 1792/807/698 1790/819/698 1335/818/698
f 1164/820/699 1170/808/699 1345/806/699
f 1345/806/699 1335/818/699 1164/820/699
f 995/821/700 1007/809/700 1170/808/700
f 1170/808/700 1164/820/700 995/821/700
f 847/822/701 859/810/701 1007/809/701
f 1007/809/701 995/821/701 847/822/701
f 681/823/702 707/811/702 859/810/702
f 859/810/702 847/822/702 681/823/702
f 547/824/703 563/812/703 707/811/703
f 707/811/703 681/823/703 547/824/703
f 494/825/704 506/813/704 563/812/704
f 563/812/704 547/824/704 494/825/704
f 440/826/705 450/814/705 506/813/705
f 506/813/705 494/825/705 440/826/705
f 410/827/706 420/815/706 450/814/706
f 450/814/706 440/826/706 410/827/706
f 398/828/707 412/816/707 420/817/707
f 420/817/707 410/829/707 398/828/707
f 1327/830/708 1335/818/708 1790/819/708
f 1790/819/708 1788/831/708 1327/830/708
f 1160/832/709 1164/820/709 1335/818/709
f 1335/818/709 1327/830/709 1160/832/709
f 988/833/710 995/821/710 1164/820/710
f 1164/820/710 1160/832/710 988/833/710
f 841/834/711 847/822/711 995/821/711
f 995/821/711 988/833/711 841/834/711
f 667/835/712 681/823/712 847/822/712
f 847/822/712 841/834/712 667/835/712
f 538/836/713 547/824/713 681/823/713
f 681/823/713 667/835/713 538/836/713
f 488/837/714 494/825/714 547/824/714
f 547/824/714 538/836/714 488/837/714
f 434/838/715 440/826/715 494/825/715
f 494/825/715 488/837/715 434/838/715
f 400/839/716 410/827/716 440/826/716
f 440/826/716 434/838/716 400/839/716
f 381/840/717 398/828/717 410/829/717
f 410/829/717 400/841/717 381/840/717
f 1324/842/718 1327/830/718 1788/831/718
f 1788/831/719 1785/843/719 1324/842/719
f 1156/844/720 1160/832/720 1327/830/720
f 1327/830/720 1324/842/720 1156/844/720
f 979/845/721 988/833/721 1160/832/721
f 1160/832/721 1156/844/721 979/845/721
f 837/846/722 841/834/722 988/833/722
f 988/833/722 979/845/722 837/846/722
f 659/847/723 667/835/723 841/834/723
f 841/834/723 837/846/723 659/847/723
f 534/848/724 538/836/724 667/835/724
f 667/835/724 659/847/724 534/848/724
f 484/849/725 488/837/725 538/836/725
f 538/836/725 534/848/725 484/849/725
f 428/850/726 434/838/726 488/837/726
f 488/837/726 484/849/726 428/850/726
f 395/851/727 400/839/727 434/838/727
f 434/838/727 428/850/727 395/851/727
f 374/852/728 381/840/728 400/841/728
f 400/841/729 395/853/729 374/852/729
f 572/854/730 616/442/730 600/445/730
f 600/445/730 562/855/730 572/854/730
f 605/856/731 654/446/731 616/442/731
f 616/442/731 572/854/731 605/856/731
f 680/857/732 737/448/732 654/446/732
f 654/446/732 605/856/732 680/857/732
f 782/858/733 822/449/733 737/448/733
f 737/448/733 680/857/733 782/858/733
f 892/859/734 914/450/734 822/449/734
f 822/449/734 782/858/734 892/859/734
f 978/860/735 1014/451/735 914/450/735
f 914/450/735 892/859/735 978/860/735
f 1094/861/736 1104/452/736 1014/451/736
f 1014/451/736 978/860/736 1094/861/736
f 1221/862/737 1237/453/737 1104/452/737
f 1104/452/737 1094/861/737 1221/862/737
f 1415/863/738 1433/454/738 1237/453/738
f 1237/453/738 1221/862/738 1415/863/738
f 1809/864/739 1819/455/739 1433/454/739
f 1433/454/739 1415/863/739 1809/864/739
f 531/865/740 572/854/740 562/855/740
f 562/855/740 525/866/740 531/865/740
f 566/867/741 605/856/741 572/854/741
f 572/854/741 531/865/741 566/867/741
f 629/868/742 680/857/742 605/856/742
f 605/856/742 566/867/742 629/868/742
f 740/869/743 782/858/743 680/857/743
f 680/857/743 629/868/743 740/869/743
f 850/870/744 892/859/744 782/858/744
f 782/858/744 740/869/744 850/870/744
f 964/871/745 978/860/745 892/859/745
f 892/859/745 850/870/745 964/871/745
f 1084/872/746 1094/861/746 978/860/746
f 978/860/746 964/871/746 1084/872/746
f 1213/873/747 1221/862/747 1094/861/747
f 1094/861/747 1084/872/747 1213/873/747
f 1401/874/748 1415/863/748 1221/862/748
f 1221/862/748 1213/873/748 1401/874/748
f 1931/875/749 1809/864/749 1415/863/749
f 1415/863/749 1401/874/749 1931/875/749
f 511/876/750 531/865/750 525/866/750
f 525/866/750 509/877/750 511/876/750
f 529/878/751 566/867/751 531/865/751
f 531/865/751 511/876/751 529/878/751
f 586/879/752 629/868/752 566/867/752
f 566/867/753 529/878/753 586/879/753
f 686/880/754 740/869/754 629/868/754
f 629/868/754 586/879/754 686/880/754
f 813/881/755 850/870/755 740/869/755
f 740/869/755 686/880/755 813/881/755
f 940/882/756 964/871/756 850/870/756
f 850/870/756 813/881/756 940/882/756
f 1069/883/757 1084/872/757 964/871/757
f 964/871/757 940/882/757 1069/883/757
f 1203/884/758 1213/873/758 1084/872/758
f 1084/872/759 1069/883/759 1203/884/759
f 1385/885/760 1401/874/760 1213/873/760
f 1213/873/760 1203/884/760 1385/885/760
f 1693/886/761 1931/875/761 1401/874/761
f 1401/874/761 1385/885/761 1693/886/761
f 493/887/762 511/876/762 509/877/762
f 509/877/762 483/888/762 493/887/762
f 513/889/763 529/878/763 511/876/763
f 511/876/763 493/887/763 513/889/763
f 554/890/764 586/879/764 529/878/764
f 529/878/764 513/889/764 554/890/764
f 639/891/765 686/880/765 586/879/765
f 586/879/765 554/890/765 639/891/765
f 786/892/766 813/881/766 686/880/766
f 686/880/766 639/891/766 786/892/766
f 918/893/767 940/882/767 813/881/767
f 813/881/768 786/892/768 918/893/768
f 1049/894/769 1069/883/769 940/882/769
f 940/882/769 918/893/769 1049/894/769
f 1193/895/770 1203/884/770 1069/883/770
f 1069/883/770 1049/894/770 1193/895/770
f 1376/896/771 1385/885/771 1203/884/771
f 1203/884/771 1193/895/771 1376/896/771
f 1712/897/772 1693/886/772 1385/885/772
f 1385/885/772 1376/896/772 1712/897/772
f 455/898/773 493/887/773 483/888/773
f 483/888/773 449/899/773 455/898/773
f 497/900/774 513/889/774 493/887/774
f 493/887/774 455/898/774 497/900/774
f 527/901/775 554/890/775 513/889/775
f 513/889/775 497/900/775 527/901/775
f 609/902/776 639/891/776 554/890/776
f 554/890/776 527/901/776 609/902/776
f 762/903/777 786/892/777 639/891/777
f 639/891/778 609/902/778 762/903/778
f 900/904/779 918/893/779 786/892/779
f 786/892/780 762/903/780 900/904/780
f 1038/905/781 1049/894/781 918/893/781
f 918/893/781 900/904/781 1038/905/781
f 1185/906/782 1193/895/782 1049/894/782
f 1049/894/782 1038/905/782 1185/906/782
f 1370/907/783 1376/896/783 1193/895/783
f 1193/895/783 1185/906/783 1370/907/783
f 1912/908/784 1712/897/784 1376/896/784
f 1376/896/784 1370/907/784 1912/908/784
f 443/909/785 455/898/785 449/899/785
f 449/899/785 433/910/785 443/909/785
f 458/911/786 497/900/786 455/898/786
f 455/898/786 443/909/786 458/911/786
f 515/912/787 527/901/787 497/900/787
f 497/900/787 458/911/787 515/912/787
f 580/913/788 609/902/788 527/901/788
f 527/901/788 515/912/788 580/913/788
f 730/914/789 762/903/789 609/902/789
f 609/902/789 580/913/789 730/914/789
f 880/915/790 900/904/790 762/903/790
f 762/903/790 730/914/790 880/915/790
f 1024/916/791 1038/905/791 900/904/791
f 900/904/791 880/915/791 1024/916/791
f 1173/917/792 1185/906/792 1038/905/792
f 1038/905/792 1024/916/792 1173/917/792
f 1356/918/793 1370/907/793 1185/906/793
f 1185/906/793 1173/917/793 1356/918/793
f 1797/919/794 1912/908/794 1370/907/794
f 1370/907/794 1356/918/794 1797/919/794
f 421/920/795 443/909/795 433/910/795
f 433/910/795 413/921/795 421/920/795
f 451/922/796 458/911/796 443/909/796
f 443/909/796 421/920/796 451/922/796
f 507/923/797 515/912/797 458/911/797
f 458/911/797 451/922/797 507/923/797
f 564/924/798 580/913/798 515/912/798
f 515/912/798 507/923/798 564/924/798
f 708/925/799 730/914/799 580/913/799
f 580/913/799 564/924/799 708/925/799
f 860/926/800 880/915/800 730/914/800
f 730/914/800 708/925/800 860/926/800
f 1008/927/801 1024/916/801 880/915/801
f 880/915/801 860/926/801 1008/927/801
f 1171/928/802 1173/917/802 1024/916/802
f 1024/916/802 1008/927/802 1171/928/802
f 1346/929/803 1356/918/803 1173/917/803
f 1173/917/803 1171/928/803 1346/929/803
f 1911/930/804 1797/919/804 1356/918/804
f 1356/918/804 1346/929/804 1911/930/804
f 411/931/805 421/920/805 413/921/805
f 413/921/805 399/932/805 411/931/805
f 441/933/806 451/922/806 421/920/806
f 421/920/806 411/931/806 441/933/806
f 495/934/807 507/923/807 451/922/807
f 451/922/807 441/933/807 495/934/807
f 548/935/808 564/924/808 507/923/808
f 507/923/808 495/934/808 548/935/808
f 682/936/809 708/925/809 564/924/809
f 564/924/809 548/935/809 682/936/809
f 848/937/810 860/926/810 708/925/810
f 708/925/810 682/936/810 848/937/810
f 996/938/811 1008/927/811 860/926/811
f 860/926/811 848/937/811 996/938/811
f 1165/939/812 1171/928/812 1008/927/812
f 1008/927/812 996/938/812 1165/939/812
f 1336/940/813 1346/929/813 1171/928/813
f 1171/928/813 1165/939/813 1336/940/813
f 1709/941/814 1911/930/814 1346/929/814
f 1346/929/814 1336/940/814 1709/941/814
f 401/942/815 411/931/815 399/932/815
f 399/932/815 382/943/815 401/942/815
f 435/944/816 441/933/816 411/931/816
f 411/931/816 401/942/816 435/944/816
f 489/945/817 495/934/817 441/933/817
f 441/933/817 435/944/817 489/945/817
f 539/946/818 548/935/818 495/934/818
f 495/934/818 489/945/818 539/946/818
f 668/947/819 682/936/819 548/935/819
f 548/935/819 539/946/819 668/947/819
f 842/948/820 848/937/820 682/936/820
f 682/936/820 668/947/820 842/948/820
f 987/949/821 996/938/821 848/937/821
f 848/937/821 842/948/821 987/949/821
f 1161/950/822 1165/939/822 996/938/822
f 996/938/822 987/949/822 1161/950/822
f 1328/951/823 1336/940/823 1165/939/823
f 1165/939/823 1161/950/823 1328/951/823
f 1708/952/824 1709/941/824 1336/940/824
f 1336/940/824 1328/951/824 1708/952/824
f 397/953/825 401/942/825 382/943/825
f 382/943/826 376/954/826 397/953/826
f 431/955/827 435/944/827 401/942/827
f 401/942/827 397/953/827 431/955/827
f 487/956/828 489/945/828 435/944/828
f 435/944/828 431/955/828 487/956/828
f 537/957/829 539/946/829 489/945/829
f 489/945/829 487/956/829 537/957/829
f 662/958/830 668/947/830 539/946/830
f 539/946/830 537/957/830 662/958/830
f 840/959/831 842/948/831 668/947/831
f 668/947/831 662/958/831 840/959/831
f 981/960/832 987/949/832 842/948/832
f 842/948/832 840/959/832 981/960/832
f 1159/961/833 1161/950/833 987/949/833
f 987/949/834 981/960/834 1159/961/834
f 1326/962/835 1328/951/835 1161/950/835
f 1161/950/835 1159/961/835 1326/962/835
f 1787/963/836 1708/952/836 1328/951/836
f 1328/951/837 1326/962/837 1787/963/837
f 2209/964/838 2194/596/838 1818/598/838
f 1818/598/838 1808/965/838 2209/964/838
f 2403/966/839 2391/599/839 2194/596/839
f 2194/596/839 2209/964/839 2403/966/839
f 2530/967/840 2518/600/840 2391/599/840
f 2391/599/840 2403/966/840 2530/967/840
f 2646/968/841 2614/601/841 2518/600/841
f 2518/600/841 2530/967/841 2646/968/841
f 2732/969/842 2712/602/842 2614/601/842
f 2614/601/842 2646/968/842 2732/969/842
f 2842/970/843 2806/603/843 2712/602/843
f 2712/602/843 2732/969/843 2842/970/843
f 2944/971/844 2890/604/844 2806/603/844
f 2806/603/844 2842/970/844 2944/971/844
f 3019/972/845 2974/605/845 2890/604/845
f 2890/604/845 2944/971/845 3019/972/845
f 3041/973/846 3009/606/846 2974/605/846
f 2974/605/846 3019/972/846 3041/973/846
f 3049/974/847 3025/607/847 3009/606/847
f 3009/606/847 3041/973/847 3049/974/847
f 2223/975/848 2209/964/848 1808/965/848
f 1808/965/848 1805/976/848 2223/975/848
f 2411/977/849 2403/966/849 2209/964/849
f 2209/964/849 2223/975/849 2411/977/849
f 2540/978/850 2530/967/850 2403/966/850
f 2403/966/850 2411/977/850 2540/978/850
f 2660/979/851 2646/968/851 2530/967/851
f 2530/967/851 2540/978/851 2660/979/851
f 2774/980/852 2732/969/852 2646/968/852
f 2646/968/852 2660/979/852 2774/980/852
f 2884/981/853 2842/970/853 2732/969/853
f 2732/969/853 2774/980/853 2884/981/853
f 2995/982/854 2944/971/854 2842/970/854
f 2842/970/854 2884/981/854 2995/982/854
f 3045/983/855 3019/972/855 2944/971/855
f 2944/971/855 2995/982/855 3045/983/855
f 3073/984/856 3041/973/856 3019/972/856
f 3019/972/856 3045/983/856 3073/984/856
f 3079/985/857 3049/974/857 3041/973/857
f 3041/973/857 3073/984/857 3079/985/857
f 2237/986/858 2223/975/858 1805/976/858
f 1805/976/858 1803/987/858 2237/986/858
f 2421/988/859 2411/977/859 2223/975/859
f 2223/975/859 2237/986/859 2421/988/859
f 2553/989/860 2540/978/860 2411/977/860
f 2411/977/861 2421/988/861 2553/989/861
f 2684/990/862 2660/979/862 2540/978/862
f 2540/978/862 2553/989/862 2684/990/862
f 2809/991/863 2774/980/863 2660/979/863
f 2660/979/863 2684/990/863 2809/991/863
f 2938/992/864 2884/981/864 2774/980/864
f 2774/980/864 2809/991/864 2938/992/864
f 3031/993/865 2995/982/865 2884/981/865
f 2884/981/865 2938/992/865 3031/993/865
f 3075/994/866 3045/983/866 2995/982/866
f 2995/982/867 3031/993/867 3075/994/867
f 3093/995/868 3073/984/868 3045/983/868
f 3045/983/868 3075/994/868 3093/995/868
f 3117/996/869 3079/985/869 3073/984/869
f 3073/984/869 3093/995/869 3117/996/869
f 2248/997/870 2237/986/870 1803/987/870
f 1803/987/870 1801/998/870 2248/997/870
f 2431/999/871 2421/988/871 2237/986/871
f 2237/986/871 2248/997/871 2431/999/871
f 2573/1000/872 2553/989/872 2421/988/872
f 2421/988/872 2431/999/872 2573/1000/872
f 2706/1001/873 2684/990/873 2553/989/873
f 2553/989/873 2573/1000/873 2706/1001/873
f 2838/1002/874 2809/991/874 2684/990/874
f 2684/990/874 2706/1001/874 2838/1002/874
f 2985/1003/875 2938/992/875 2809/991/875
f 2809/991/876 2838/1002/876 2985/1003/876
f 3055/1004/877 3031/993/877 2938/992/877
f 2938/992/877 2985/1003/877 3055/1004/877
f 3091/1005/878 3075/994/878 3031/993/878
f 3031/993/878 3055/1004/878 3091/1005/878
f 3133/1006/879 3093/995/879 3075/994/879
f 3075/994/879 3091/1005/879 3133/1006/879
f 3143/1007/880 3117/996/880 3093/995/880
f 3093/995/880 3133/1006/880 3143/1007/880
f 2254/1008/881 2248/997/881 1801/998/881
f 1801/998/881 1799/1009/881 2254/1008/881
f 2439/1010/882 2431/999/882 2248/997/882
f 2248/997/882 2254/1008/882 2439/1010/882
f 2586/1011/883 2573/1000/883 2431/999/883
f 2431/999/883 2439/1010/883 2586/1011/883
f 2724/1012/884 2706/1001/884 2573/1000/884
f 2573/1000/884 2586/1011/884 2724/1012/884
f 2862/1013/885 2838/1002/885 2706/1001/885
f 2706/1001/886 2724/1012/886 2862/1013/886
f 3015/1014/887 2985/1003/887 2838/1002/887
f 2838/1002/887 2862/1013/887 3015/1014/887
f 3077/1015/888 3055/1004/888 2985/1003/888
f 2985/1003/888 3015/1014/888 3077/1015/888
f 3129/1016/889 3091/1005/889 3055/1004/889
f 3055/1004/889 3077/1015/889 3129/1016/889
f 3151/1017/890 3133/1006/890 3091/1005/890
f 3091/1005/890 3129/1016/890 3151/1017/890
f 3157/1018/891 3143/1007/891 3133/1006/891
f 3133/1006/891 3151/1017/891 3157/1018/891
f 2268/1019/892 2254/1008/892 1799/1009/892
f 1799/1009/892 1796/1020/892 2268/1019/892
f 2451/1021/893 2439/1010/893 2254/1008/893
f 2254/1008/893 2268/1019/893 2451/1021/893
f 2600/1022/894 2586/1011/894 2439/1010/894
f 2439/1010/894 2451/1021/894 2600/1022/894
f 2744/1023/895 2724/1012/895 2586/1011/895
f 2586/1011/895 2600/1022/895 2744/1023/895
f 2894/1024/896 2862/1013/896 2724/1012/896
f 2724/1012/896 2744/1023/896 2894/1024/896
f 3037/1025/897 3015/1014/897 2862/1013/897
f 2862/1013/897 2894/1024/897 3037/1025/897
f 3089/1026/898 3077/1015/898 3015/1014/898
f 3015/1014/898 3037/1025/898 3089/1026/898
f 3149/1027/899 3129/1016/899 3077/1015/899
f 3077/1015/899 3089/1026/899 3149/1027/899
f 3163/1028/900 3151/1017/900 3129/1016/900
f 3129/1016/900 3149/1027/900 3163/1028/900
f 3173/1029/901 3157/1018/901 3151/1017/901
f 3151/1017/901 3163/1028/901 3173/1029/901
f 2278/1030/902 2268/1019/902 1796/1020/902
f 1796/1020/902 1793/1031/902 2278/1030/902
f 2453/1032/903 2451/1021/903 2268/1019/903
f 2268/1019/903 2278/1030/903 2453/1032/903
f 2616/1033/904 2600/1022/904 2451/1021/904
f 2451/1021/905 2453/1032/905 2616/1033/905
f 2764/1034/906 2744/1023/906 2600/1022/906
f 2600/1022/906 2616/1033/906 2764/1034/906
f 2916/1035/907 2894/1024/907 2744/1023/907
f 2744/1023/907 2764/1034/907 2916/1035/907
f 3047/1036/908 3037/1025/908 2894/1024/908
f 2894/1024/908 2916/1035/908 3047/1036/908
f 3119/1037/909 3089/1026/909 3037/1025/909
f 3037/1025/909 3047/1036/909 3119/1037/909
f 3155/1038/910 3149/1027/910 3089/1026/910
f 3089/1026/910 3119/1037/910 3155/1038/910
f 3179/1039/911 3163/1028/911 3149/1027/911
f 3149/1027/911 3155/1038/911 3179/1039/911
f 3185/1040/912 3173/1029/912 3163/1028/912
f 3163/1028/912 3179/1039/912 3185/1040/912
f 2288/1041/913 2278/1042/913 1793/1043/913
f 1793/1043/913 1791/1044/913 2288/1041/913
f 2459/1045/914 2453/1032/914 2278/1030/914
f 2278/1030/914 2288/1046/914 2459/1045/914
f 2628/1047/915 2616/1033/915 2453/1032/915
f 2453/1032/915 2459/1045/915 2628/1047/915
f 2776/1048/916 2764/1034/916 2616/1033/916
f 2616/1033/916 2628/1047/916 2776/1048/916
f 2942/1049/917 2916/1035/917 2764/1034/917
f 2764/1034/917 2776/1048/917 2942/1049/917
f 3059/1050/918 3047/1036/918 2916/1035/918
f 2916/1035/918 2942/1049/918 3059/1050/918
f 3131/1051/919 3119/1037/919 3047/1036/919
f 3047/1036/919 3059/1050/919 3131/1051/919
f 3165/1052/920 3155/1038/920 3119/1037/920
f 3119/1037/920 3131/1051/920 3165/1052/920
f 3189/1053/921 3179/1039/921 3155/1038/921
f 3155/1038/921 3165/1052/921 3189/1053/921
f 3201/1054/922 3185/1040/922 3179/1039/922
f 3179/1039/922 3189/1053/922 3201/1054/922
f 2296/1055/923 2288/1041/923 1791/1044/923
f 1791/1044/923 1789/1056/923 2296/1055/923
f 2463/1057/924 2459/1045/924 2288/1046/924
f 2288/1046/924 2296/1058/924 2463/1057/924
f 2635/1059/925 2628/1047/925 2459/1045/925
f 2459/1045/925 2463/1057/925 2635/1059/925
f 2782/1060/926 2776/1048/926 2628/1047/926
f 2628/1047/926 2635/1059/926 2782/1060/926
f 2956/1061/927 2942/1049/927 2776/1048/927
f 2776/1048/927 2782/1060/927 2956/1061/927
f 3065/1062/928 3059/1050/928 2942/1049/928
f 2942/1049/928 2956/1061/928 3065/1062/928
f 3137/1063/929 3131/1051/929 3059/1050/929
f 3059/1050/929 3065/1062/929 3137/1063/929
f 3171/1064/930 3165/1052/930 3131/1051/930
f 3131/1051/930 3137/1063/930 3171/1064/930
f 3199/1065/931 3189/1053/931 3165/1052/931
f 3165/1052/931 3171/1064/931 3199/1065/931
f 3210/1066/932 3201/1054/932 3189/1053/932
f 3189/1053/932 3199/1065/932 3210/1066/932
f 2299/1067/933 2296/1055/933 1789/1056/933
f 1789/1056/934 1786/1068/934 2299/1067/934
f 2467/1069/935 2463/1057/935 2296/1058/935
f 2296/1058/935 2299/1070/935 2467/1069/935
f 2644/1071/936 2635/1059/936 2463/1057/936
f 2463/1057/936 2467/1069/936 2644/1071/936
f 2786/1072/937 2782/1060/937 2635/1059/937
f 2635/1059/937 2644/1071/937 2786/1072/937
f 2964/1073/938 2956/1061/938 2782/1060/938
f 2782/1060/938 2786/1072/938 2964/1073/938
f 3069/1074/939 3065/1062/939 2956/1061/939
f 2956/1061/939 2964/1073/939 3069/1074/939
f 3141/1075/940 3137/1063/940 3065/1062/940
f 3065/1062/940 3069/1074/940 3141/1075/940
f 3177/1076/941 3171/1064/941 3137/1063/941
f 3137/1063/941 3141/1075/941 3177/1076/941
f 3204/1077/942 3199/1065/942 3171/1064/942
f 3171/1064/942 3177/1076/942 3204/1077/942
f 3214/1078/943 3210/1066/943 3199/1065/943
f 3199/1065/944 3204/1077/944 3214/1078/944
f 3194/1079/945 3202/719/945 3213/720/945
f 3213/720/945 3207/1080/945 3194/1079/945
f 3166/1081/946 3175/721/946 3202/719/946
f 3202/719/946 3194/1079/946 3166/1081/946
f 3134/1082/947 3139/722/947 3175/721/947
f 3175/721/947 3166/1081/947 3134/1082/947
f 3060/1083/948 3067/723/948 3139/722/948
f 3139/722/948 3134/1082/948 3060/1083/948
f 2953/1084/949 2962/724/949 3067/723/949
f 3067/723/949 3060/1083/949 2953/1084/949
f 2777/1085/950 2784/725/950 2962/724/950
f 2962/724/950 2953/1084/950 2777/1085/950
f 2629/1086/951 2643/726/951 2784/725/951
f 2784/725/951 2777/1085/951 2629/1086/951
f 2460/1087/952 2465/727/952 2643/726/952
f 2643/726/952 2629/1086/952 2460/1087/952
f 2293/1088/953 2298/1089/953 2465/1090/953
f 2465/1090/953 2460/1091/953 2293/1088/953
f 1696/1092/954 1785/1093/954 2298/1089/954
f 2298/1089/954 2293/1088/954 1696/1092/954
f 3180/1094/955 3194/1079/955 3207/1080/955
f 3207/1080/955 3190/1095/955 3180/1094/955
f 3158/1096/956 3166/1081/956 3194/1079/956
f 3194/1079/956 3180/1094/956 3158/1096/956
f 3124/1097/957 3134/1082/957 3166/1081/957
f 3166/1081/957 3158/1096/957 3124/1097/957
f 3050/1098/958 3060/1083/958 3134/1082/958
f 3134/1082/958 3124/1097/958 3050/1098/958
f 2927/1099/959 2953/1084/959 3060/1083/959
f 3060/1083/959 3050/1098/959 2927/1099/959
f 2767/1100/960 2777/1085/960 2953/1084/960
f 2953/1084/960 2927/1099/960 2767/1100/960
f 2619/1101/961 2629/1086/961 2777/1085/961
f 2777/1085/961 2767/1100/961 2619/1101/961
f 2454/1102/962 2460/1087/962 2629/1086/962
f 2629/1086/962 2619/1101/962 2454/1102/962
f 2283/1103/963 2293/1088/963 2460/1091/963
f 2460/1091/963 2454/1104/963 2283/1103/963
f 1695/1105/964 1696/1092/964 2293/1088/964
f 2293/1088/964 2283/1103/964 1695/1105/964
f 3160/1106/965 3180/1094/965 3190/1095/965
f 3190/1095/965 3168/1107/965 3160/1106/965
f 3144/1108/966 3158/1096/966 3180/1094/966
f 3180/1094/966 3160/1106/966 3144/1108/966
f 3086/1109/967 3124/1097/967 3158/1096/967
f 3158/1096/967 3144/1108/967 3086/1109/967
f 3032/1110/968 3050/1098/968 3124/1097/968
f 3124/1097/968 3086/1109/968 3032/1110/968
f 2891/1111/969 2927/1099/969 3050/1098/969
f 3050/1098/969 3032/1110/969 2891/1111/969
f 2739/1112/970 2767/1100/970 2927/1099/970
f 2927/1099/970 2891/1111/970 2739/1112/970
f 2597/1113/971 2619/1101/971 2767/1100/971
f 2767/1100/971 2739/1112/971 2597/1113/971
f 2448/1114/972 2454/1102/972 2619/1101/972
f 2619/1101/972 2597/1113/972 2448/1114/972
f 2265/1115/973 2283/1116/973 2454/1102/973
f 2454/1102/973 2448/1114/973 2265/1115/973
f 1707/1117/974 1695/1105/974 2283/1103/974
f 2283/1103/974 2265/1118/974 1707/1117/974
f 3146/1119/975 3160/1106/975 3168/1107/975
f 3168/1107/975 3152/1120/975 3146/1119/975
f 3122/1121/976 3144/1108/976 3160/1106/976
f 3160/1106/976 3146/1119/976 3122/1121/976
f 3070/1122/977 3086/1109/977 3144/1108/977
f 3144/1108/977 3122/1121/977 3070/1122/977
f 2998/1123/978 3032/1110/978 3086/1109/978
f 3086/1109/979 3070/1122/979 2998/1123/979
f 2853/1124/980 2891/1111/980 3032/1110/980
f 3032/1110/980 2998/1123/980 2853/1124/980
f 2717/1125/981 2739/1112/981 2891/1111/981
f 2891/1111/981 2853/1124/981 2717/1125/981
f 2582/1126/982 2597/1113/982 2739/1112/982
f 2739/1112/983 2717/1125/983 2582/1126/983
f 2434/1127/984 2448/1114/984 2597/1113/984
f 2597/1113/984 2582/1126/984 2434/1127/984
f 2251/1128/985 2265/1115/985 2448/1114/985
f 2448/1114/985 2434/1127/985 2251/1128/985
f 1907/1129/986 1707/1117/986 2265/1118/986
f 2265/1118/986 2251/1130/986 1907/1129/986
f 3120/1131/987 3146/1132/987 3152/1133/987
f 3152/1133/987 3126/1134/987 3120/1131/987
f 3082/1135/988 3122/1136/988 3146/1132/988
f 3146/1132/988 3120/1131/988 3082/1135/988
f 3042/1137/989 3070/1122/989 3122/1121/989
f 3122/1121/989 3082/1138/989 3042/1137/989
f 2957/1139/990 2998/1123/990 3070/1122/990
f 3070/1122/990 3042/1137/990 2957/1139/990
f 2825/1140/991 2853/1124/991 2998/1123/991
f 2998/1123/991 2957/1139/991 2825/1140/991
f 2693/1141/992 2717/1125/992 2853/1124/992
f 2853/1124/992 2825/1140/992 2693/1141/992
f 2556/1142/993 2582/1143/993 2717/1144/993
f 2717/1144/993 2693/1145/993 2556/1142/993
f 2424/1146/994 2434/1147/994 2582/1143/994
f 2582/1143/994 2556/1142/994 2424/1146/994
f 2239/1148/995 2251/1149/995 2434/1147/995
f 2434/1147/995 2424/1146/995 2239/1148/995
f 1906/1150/996 1907/1151/996 2251/1149/996
f 2251/1149/996 2239/1148/996 1906/1150/996
f 3080/1152/997 3120/1131/997 3126/1134/997
f 3126/1134/997 3084/1153/997 3080/1152/997
f 3056/1154/998 3082/1135/998 3120/1131/998
f 3120/1131/998 3080/1152/998 3056/1154/998
f 3012/1155/999 3042/1156/999 3082/1135/999
f 3082/1135/999 3056/1154/999 3012/1155/999
f 2899/1157/1000 2957/1158/1000 3042/1156/1000
f 3042/1156/1000 3012/1155/1000 2899/1157/1000
f 2789/1159/1001 2825/1160/1001 2957/1158/1001
f 2957/1158/1001 2899/1157/1001 2789/1159/1001
f 2675/1161/1002 2693/1145/1002 2825/1160/1002
f 2825/1160/1002 2789/1159/1002 2675/1161/1002
f 2545/1162/1003 2556/1142/1003 2693/1145/1003
f 2693/1145/1003 2675/1161/1003 2545/1162/1003
f 2416/1163/1004 2424/1146/1004 2556/1142/1004
f 2556/1142/1004 2545/1162/1004 2416/1163/1004
f 2228/1164/1005 2239/1148/1005 2424/1146/1005
f 2424/1146/1005 2416/1163/1005 2228/1164/1005
f 1770/1165/1006 1906/1150/1006 2239/1148/1006
f 2239/1148/1006 2228/1164/1006 1770/1165/1006
f 3053/1166/1007 3080/1152/1007 3084/1153/1007
f 3084/1153/1007 3062/1167/1007 3053/1166/1007
f 3028/1168/1008 3056/1154/1008 3080/1152/1008
f 3080/1152/1008 3053/1166/1008 3028/1168/1008
f 2978/1169/1009 3012/1155/1009 3056/1154/1009
f 3056/1154/1009 3028/1168/1009 2978/1169/1009
f 2860/1170/1010 2899/1157/1010 3012/1155/1010
f 3012/1155/1010 2978/1169/1010 2860/1170/1010
f 2754/1171/1011 2789/1159/1011 2899/1157/1011
f 2899/1157/1011 2860/1170/1011 2754/1171/1011
f 2652/1172/1012 2675/1161/1012 2789/1159/1012
f 2789/1159/1012 2754/1171/1012 2652/1172/1012
f 2534/1173/1013 2545/1162/1013 2675/1161/1013
f 2675/1161/1013 2652/1172/1013 2534/1173/1013
f 2406/1174/1014 2416/1163/1014 2545/1162/1014
f 2545/1162/1014 2534/1173/1014 2406/1174/1014
f 2217/1175/1015 2228/1164/1015 2416/1163/1015
f 2416/1163/1015 2406/1174/1015 2217/1175/1015
f 1929/1176/1016 1770/1165/1016 2228/1164/1016
f 2228/1164/1016 2217/1175/1016 1929/1176/1016
f 3035/1177/1017 3053/1166/1017 3062/1167/1017
f 3062/1167/1017 3039/1178/1017 3035/1177/1017
f 2997/1179/1018 3028/1168/1018 3053/1166/1018
f 3053/1166/1019 3035/1177/1019 2997/1179/1019
f 2920/1180/1020 2978/1169/1020 3028/1168/1020
f 3028/1168/1020 2997/1179/1020 2920/1180/1020
f 2832/1181/1021 2860/1170/1021 2978/1169/1021
f 2978/1169/1022 2920/1180/1022 2832/1181/1022
f 2728/1182/1023 2754/1171/1023 2860/1170/1023
f 2860/1170/1023 2832/1181/1023 2728/1182/1023
f 2634/1183/1024 2652/1172/1024 2754/1171/1024
f 2754/1171/1024 2728/1182/1024 2634/1183/1024
f 2528/1184/1025 2534/1173/1025 2652/1172/1025
f 2652/1172/1026 2634/1183/1026 2528/1184/1026
f 2396/1185/1027 2406/1174/1027 2534/1173/1027
f 2534/1173/1027 2528/1184/1027 2396/1185/1027
f 2202/1186/1028 2217/1175/1028 2406/1174/1028
f 2406/1174/1029 2396/1185/1029 2202/1186/1029
f 1765/1187/1030 1929/1176/1030 2217/1175/1030
f 2217/1175/1030 2202/1186/1030 1765/1187/1030
f 3017/1188/1031 3035/1177/1031 3039/1178/1031
f 3039/1178/1031 3027/1189/1031 3017/1188/1031
f 2980/1190/1032 2997/1179/1032 3035/1177/1032
f 3035/1177/1033 3017/1188/1033 2980/1190/1033
f 2896/1191/1034 2920/1180/1034 2997/1179/1034
f 2997/1179/1034 2980/1190/1034 2896/1191/1034
f 2812/1192/1035 2832/1181/1035 2920/1180/1035
f 2920/1180/1035 2896/1191/1035 2812/1192/1035
f 2715/1193/1036 2728/1182/1036 2832/1181/1036
f 2832/1181/1036 2812/1192/1036 2715/1193/1036
f 2618/1194/1037 2634/1183/1037 2728/1182/1037
f 2728/1182/1037 2715/1193/1037 2618/1194/1037
f 2523/1195/1038 2528/1184/1038 2634/1183/1038
f 2634/1183/1038 2618/1194/1038 2523/1195/1038
f 2392/1196/1039 2396/1185/1039 2528/1184/1039
f 2528/1184/1039 2523/1195/1039 2392/1196/1039
f 2196/1197/1040 2202/1186/1040 2396/1185/1040
f 2396/1185/1041 2392/1196/1041 2196/1197/1041
f 1724/1198/1042 1765/1187/1042 2202/1186/1042
f 2202/1186/1042 2196/1197/1042 1724/1198/1042
f 3007/1199/1043 3017/1200/1043 3027/1201/1043
f 3027/1201/1043 3023/1202/1043 3007/1199/1043
f 2969/1203/1044 2980/1204/1044 3017/1200/1044
f 3017/1200/1044 3007/1199/1044 2969/1203/1044
f 2887/1205/1045 2896/1206/1045 2980/1204/1045
f 2980/1204/1045 2969/1203/1045 2887/1205/1045
f 2802/1207/1046 2812/1208/1046 2896/1206/1046
f 2896/1206/1046 2887/1205/1046 2802/1207/1046
f 2709/1209/1047 2715/1210/1047 2812/1208/1047
f 2812/1208/1047 2802/1207/1047 2709/1209/1047
f 2609/1211/1048 2618/1212/1048 2715/1210/1048
f 2715/1210/1048 2709/1209/1048 2609/1211/1048
f 2519/1213/1049 2523/1214/1049 2618/1212/1049
f 2618/1212/1049 2609/1211/1049 2519/1213/1049
f 2386/1215/1050 2392/1216/1050 2523/1214/1050
f 2523/1214/1050 2519/1213/1050 2386/1215/1050
f 2190/1217/1051 2196/1218/1051 2392/1216/1051
f 2392/1216/1051 2386/1215/1051 2190/1217/1051
f 1759/1219/1052 1724/1220/1052 2196/1221/1052
f 2196/1221/1052 2190/1222/1052 1759/1219/1052
f 1329/1223/1053 1324/842/1053 1785/843/1053
f 1785/843/1053 1782/1224/1053 1329/1223/1053
f 1162/1225/1054 1157/844/1054 1324/842/1054
f 1324/842/1054 1329/1223/1054 1162/1225/1054
f 993/1226/1055 982/845/1055 1157/844/1055
f 1157/844/1055 1162/1225/1055 993/1226/1055
f 845/1227/1056 838/846/1056 982/845/1056
f 982/845/1056 993/1226/1056 845/1227/1056
f 669/1228/1057 660/847/1057 838/846/1057
f 838/846/1057 845/1227/1057 669/1228/1057
f 542/1229/1058 535/848/1058 660/847/1058
f 660/847/1058 669/1228/1058 542/1229/1058
f 490/1230/1059 485/849/1059 535/848/1059
f 535/848/1059 542/1229/1059 490/1230/1059
f 438/1231/1060 429/850/1060 485/849/1060
f 485/849/1060 490/1230/1060 438/1231/1060
f 404/1232/1061 396/851/1061 429/850/1061
f 429/850/1061 438/1231/1061 404/1232/1061
f 387/1233/1062 376/1234/1062 396/1235/1062
f 396/1235/1062 404/1236/1062 387/1233/1062
f 1339/1237/1063 1329/1223/1063 1782/1224/1063
f 1782/1224/1063 1780/1238/1063 1339/1237/1063
f 1168/1239/1064 1162/1225/1064 1329/1223/1064
f 1329/1223/1064 1339/1237/1064 1168/1239/1064
f 1003/1240/1065 993/1226/1065 1162/1225/1065
f 1162/1225/1065 1168/1239/1065 1003/1240/1065
f 855/1241/1066 845/1227/1066 993/1226/1066
f 993/1226/1066 1003/1240/1066 855/1241/1066
f 695/1242/1067 669/1228/1067 845/1227/1067
f 845/1227/1067 855/1241/1067 695/1242/1067
f 559/1243/1068 542/1229/1068 669/1228/1068
f 669/1228/1068 695/1242/1068 559/1243/1068
f 500/1244/1069 490/1230/1069 542/1229/1069
f 542/1229/1069 559/1243/1069 500/1244/1069
f 446/1245/1070 438/1231/1070 490/1230/1070
f 490/1230/1070 500/1244/1070 446/1245/1070
f 416/1246/1071 404/1232/1071 438/1231/1071
f 438/1231/1071 446/1245/1071 416/1246/1071
f 408/1247/1072 387/1233/1072 404/1236/1072
f 404/1236/1072 416/1248/1072 408/1247/1072
f 1357/1249/1073 1339/1237/1073 1780/1238/1073
f 1780/1238/1073 1778/1250/1073 1357/1249/1073
f 1174/1251/1074 1168/1239/1074 1339/1237/1074
f 1339/1237/1074 1357/1249/1074 1174/1251/1074
f 1025/1252/1075 1003/1240/1075 1168/1239/1075
f 1168/1239/1075 1174/1251/1075 1025/1252/1075
f 883/1253/1076 855/1241/1076 1003/1240/1076
f 1003/1240/1076 1025/1252/1076 883/1253/1076
f 731/1254/1077 695/1242/1077 855/1241/1077
f 855/1241/1077 883/1253/1077 731/1254/1077
f 583/1255/1078 559/1243/1078 695/1242/1078
f 695/1242/1078 731/1254/1078 583/1255/1078
f 516/1256/1079 500/1244/1079 559/1243/1079
f 559/1243/1079 583/1255/1079 516/1256/1079
f 467/1257/1080 446/1245/1080 500/1244/1080
f 500/1244/1080 516/1256/1080 467/1257/1080
f 444/1258/1081 416/1246/1081 446/1245/1081
f 446/1245/1081 467/1257/1081 444/1258/1081
f 436/1259/1082 408/1247/1082 416/1248/1082
f 416/1248/1082 444/1260/1082 436/1259/1082
f 1371/1261/1083 1357/1249/1083 1778/1250/1083
f 1778/1250/1083 1776/1262/1083 1371/1261/1083
f 1188/1263/1084 1174/1251/1084 1357/1249/1084
f 1357/1249/1084 1371/1261/1084 1188/1263/1084
f 1042/1264/1085 1025/1252/1085 1174/1251/1085
f 1174/1251/1085 1188/1263/1085 1042/1264/1085
f 905/1265/1086 883/1253/1086 1025/1252/1086
f 1025/1252/1087 1042/1264/1087 905/1265/1087
f 769/1266/1088 731/1254/1088 883/1253/1088
f 883/1253/1088 905/1265/1088 769/1266/1088
f 624/1267/1089 583/1255/1089 731/1254/1089
f 731/1254/1089 769/1266/1089 624/1267/1089
f 532/1268/1090 516/1256/1090 583/1255/1090
f 583/1255/1090 624/1267/1090 532/1268/1090
f 502/1269/1091 467/1270/1091 516/1271/1091
f 516/1271/1091 532/1272/1091 502/1269/1091
f 459/1273/1092 444/1274/1092 467/1270/1092
f 467/1270/1092 502/1269/1092 459/1273/1092
f 452/1275/1093 436/1259/1093 444/1260/1093
f 444/1260/1093 459/1276/1093 452/1275/1093
f 1383/1277/1094 1371/1278/1094 1776/1279/1094
f 1776/1279/1094 1774/1280/1094 1383/1277/1094
f 1198/1281/1095 1188/1282/1095 1371/1278/1095
f 1371/1278/1095 1383/1277/1095 1198/1281/1095
f 1068/1283/1096 1042/1284/1096 1188/1282/1096
f 1188/1282/1096 1198/1281/1096 1068/1283/1096
f 929/1285/1097 905/1286/1097 1042/1284/1097
f 1042/1284/1097 1068/1283/1097 929/1285/1097
f 797/1287/1098 769/1288/1098 905/1286/1098
f 905/1286/1098 929/1285/1098 797/1287/1098
f 665/1289/1099 624/1290/1099 769/1288/1099
f 769/1288/1099 797/1287/1099 665/1289/1099
f 569/1291/1100 532/1272/1100 624/1290/1100
f 624/1290/1100 665/1289/1100 569/1291/1100
f 520/1292/1101 502/1269/1101 532/1272/1101
f 532/1272/1101 569/1291/1101 520/1292/1101
f 504/1293/1102 459/1273/1102 502/1269/1102
f 502/1269/1102 520/1292/1102 504/1293/1102
f 498/1294/1103 452/1295/1103 459/1273/1103
f 459/1273/1103 504/1293/1103 498/1294/1103
f 1394/1296/1104 1383/1277/1104 1774/1280/1104
f 1774/1280/1104 1771/1297/1104 1394/1296/1104
f 1206/1298/1105 1198/1281/1105 1383/1277/1105
f 1383/1277/1105 1394/1296/1105 1206/1298/1105
f 1077/1299/1106 1068/1283/1106 1198/1281/1106
f 1198/1281/1106 1206/1298/1106 1077/1299/1106
f 947/1300/1107 929/1285/1107 1068/1283/1107
f 1068/1283/1107 1077/1299/1107 947/1300/1107
f 833/1301/1108 797/1287/1108 929/1285/1108
f 929/1285/1108 947/1300/1108 833/1301/1108
f 723/1302/1109 665/1289/1109 797/1287/1109
f 797/1287/1109 833/1301/1109 723/1302/1109
f 610/1303/1110 569/1291/1110 665/1289/1110
f 665/1289/1110 723/1302/1110 610/1303/1110
f 549/1304/1111 520/1292/1111 569/1291/1111
f 569/1291/1111 610/1303/1111 549/1304/1111
f 522/1305/1112 504/1293/1112 520/1292/1112
f 520/1292/1112 549/1304/1112 522/1305/1112
f 518/1306/1113 498/1294/1113 504/1293/1113
f 504/1293/1113 522/1305/1113 518/1306/1113
f 1407/1307/1114 1394/1296/1114 1771/1297/1114
f 1771/1297/1114 1768/1308/1114 1407/1307/1114
f 1216/1309/1115 1206/1298/1115 1394/1296/1115
f 1394/1296/1115 1407/1307/1115 1216/1309/1115
f 1090/1310/1116 1077/1299/1116 1206/1298/1116
f 1206/1298/1116 1216/1309/1116 1090/1310/1116
f 972/1311/1117 947/1300/1117 1077/1299/1117
f 1077/1299/1117 1090/1310/1117 972/1311/1117
f 870/1312/1118 833/1301/1118 947/1300/1118
f 947/1300/1118 972/1311/1118 870/1312/1118
f 764/1313/1119 723/1302/1119 833/1301/1119
f 833/1301/1119 870/1312/1119 764/1313/1119
f 646/1314/1120 610/1303/1120 723/1302/1120
f 723/1302/1120 764/1313/1120 646/1314/1120
f 587/1315/1121 549/1304/1121 610/1303/1121
f 610/1303/1121 646/1314/1121 587/1315/1121
f 556/1316/1122 522/1305/1122 549/1304/1122
f 549/1304/1122 587/1315/1122 556/1316/1122
f 540/1317/1123 518/1306/1123 522/1305/1123
f 522/1305/1123 556/1316/1123 540/1317/1123
f 1420/1318/1124 1407/1307/1124 1768/1308/1124
f 1768/1308/1124 1764/1319/1124 1420/1318/1124
f 1226/1320/1125 1216/1309/1125 1407/1307/1125
f 1407/1307/1126 1420/1318/1126 1226/1320/1126
f 1096/1321/1127 1090/1310/1127 1216/1309/1127
f 1216/1309/1127 1226/1320/1127 1096/1321/1127
f 990/1322/1128 972/1311/1128 1090/1310/1128
f 1090/1310/1128 1096/1321/1128 990/1322/1128
f 896/1323/1129 870/1312/1129 972/1311/1129
f 972/1311/1129 990/1322/1129 896/1323/1129
f 792/1324/1130 764/1313/1130 870/1312/1130
f 870/1312/1130 896/1323/1130 792/1324/1130
f 704/1325/1131 646/1314/1131 764/1313/1131
f 764/1313/1131 792/1324/1131 704/1325/1131
f 627/1326/1132 587/1315/1132 646/1314/1132
f 646/1314/1132 704/1325/1132 627/1326/1132
f 582/1327/1133 556/1316/1133 587/1315/1133
f 587/1315/1134 627/1326/1134 582/1327/1134
f 574/1328/1135 540/1317/1135 556/1316/1135
f 556/1316/1135 582/1327/1135 574/1328/1135
f 1426/1329/1136 1420/1318/1136 1764/1319/1136
f 1764/1319/1136 1762/1330/1136 1426/1329/1136
f 1230/1331/1137 1226/1320/1137 1420/1318/1137
f 1420/1318/1138 1426/1329/1138 1230/1331/1138
f 1101/1332/1139 1096/1321/1139 1226/1320/1139
f 1226/1320/1139 1230/1331/1139 1101/1332/1139
f 1006/1333/1140 990/1322/1140 1096/1321/1140
f 1096/1321/1140 1101/1332/1140 1006/1333/1140
f 907/1334/1141 896/1323/1141 990/1322/1141
f 990/1322/1141 1006/1333/1141 907/1334/1141
f 812/1335/1142 792/1324/1142 896/1323/1142
f 896/1323/1142 907/1334/1142 812/1335/1142
f 728/1336/1143 704/1325/1143 792/1324/1143
f 792/1324/1143 812/1335/1143 728/1336/1143
f 644/1337/1144 627/1326/1144 704/1325/1144
f 704/1325/1144 728/1336/1144 644/1337/1144
f 607/1338/1145 582/1327/1145 627/1326/1145
f 627/1326/1146 644/1337/1146 607/1338/1146
f 592/1339/1147 574/1328/1147 582/1327/1147
f 582/1327/1147 607/1338/1147 592/1339/1147
f 1430/1340/1148 1426/1341/1148 1762/1342/1148
f 1762/1342/1148 1758/1343/1148 1430/1340/1148
f 1234/1344/1149 1230/1345/1149 1426/1341/1149
f 1426/1341/1149 1430/1340/1149 1234/1344/1149
f 1107/1346/1150 1101/1347/1150 1230/1345/1150
f 1230/1345/1150 1234/1344/1150 1107/1346/1150
f 1012/1348/1151 1006/1349/1151 1101/1347/1151
f 1101/1347/1151 1107/1346/1151 1012/1348/1151
f 912/1350/1152 907/1351/1152 1006/1349/1152
f 1006/1349/1152 1012/1348/1152 912/1350/1152
f 819/1352/1153 812/1353/1153 907/1351/1153
f 907/1351/1153 912/1350/1153 819/1352/1153
f 738/1354/1154 728/1355/1154 812/1353/1154
f 812/1353/1154 819/1352/1154 738/1354/1154
f 651/1356/1155 644/1357/1155 728/1355/1155
f 728/1355/1155 738/1354/1155 651/1356/1155
f 618/1358/1156 607/1359/1156 644/1357/1156
f 644/1357/1156 651/1356/1156 618/1358/1156
f 601/1360/1157 592/1361/1157 607/1362/1157
f 607/1362/1157 618/1363/1157 601/1360/1157
f 405/1364/1158 397/953/1158 376/954/1158
f 376/954/1158 388/1365/1158 405/1364/1158
f 439/1366/1159 430/955/1159 397/953/1159
f 397/953/1159 405/1364/1159 439/1366/1159
f 491/1367/1160 486/956/1160 430/955/1160
f 430/955/1160 439/1366/1160 491/1367/1160
f 543/1368/1161 536/957/1161 486/956/1161
f 486/956/1161 491/1367/1161 543/1368/1161
f 670/1369/1162 661/958/1162 536/957/1162
f 536/957/1162 543/1368/1162 670/1369/1162
f 846/1370/1163 839/959/1163 661/958/1163
f 661/958/1163 670/1369/1163 846/1370/1163
f 994/1371/1164 980/960/1164 839/959/1164
f 839/959/1164 846/1370/1164 994/1371/1164
f 1163/1372/1165 1158/961/1165 980/960/1165
f 980/960/1165 994/1371/1165 1163/1372/1165
f 1330/1373/1166 1325/962/1166 1158/961/1166
f 1158/961/1166 1163/1372/1166 1330/1373/1166
f 1926/1374/1167 1786/963/1167 1325/962/1167
f 1325/962/1167 1330/1373/1167 1926/1374/1167
f 417/1375/1168 405/1364/1168 388/1365/1168
f 388/1365/1168 409/1376/1168 417/1375/1168
f 447/1377/1169 439/1366/1169 405/1364/1169
f 405/1364/1169 417/1375/1169 447/1377/1169
f 501/1378/1170 491/1367/1170 439/1366/1170
f 439/1366/1170 447/1377/1170 501/1378/1170
f 560/1379/1171 543/1368/1171 491/1367/1171
f 491/1367/1171 501/1378/1171 560/1379/1171
f 696/1380/1172 670/1369/1172 543/1368/1172
f 543/1368/1172 560/1379/1172 696/1380/1172
f 856/1381/1173 846/1370/1173 670/1369/1173
f 670/1369/1173 696/1380/1173 856/1381/1173
f 1004/1382/1174 994/1371/1174 846/1370/1174
f 846/1370/1174 856/1381/1174 1004/1382/1174
f 1169/1383/1175 1163/1372/1175 994/1371/1175
f 994/1371/1175 1004/1382/1175 1169/1383/1175
f 1340/1384/1176 1330/1373/1176 1163/1372/1176
f 1163/1372/1176 1169/1383/1176 1340/1384/1176
f 1925/1385/1177 1926/1374/1177 1330/1373/1177
f 1330/1373/1177 1340/1384/1177 1925/1385/1177
f 445/1386/1178 417/1375/1178 409/1376/1178
f 409/1376/1178 437/1387/1178 445/1386/1178
f 468/1388/1179 447/1377/1179 417/1375/1179
f 417/1375/1179 445/1386/1179 468/1388/1179
f 517/1389/1180 501/1378/1180 447/1377/1180
f 447/1377/1180 468/1388/1180 517/1389/1180
f 584/1390/1181 560/1379/1181 501/1378/1181
f 501/1378/1181 517/1389/1181 584/1390/1181
f 732/1391/1182 696/1380/1182 560/1379/1182
f 560/1379/1182 584/1390/1182 732/1391/1182
f 884/1392/1183 856/1381/1183 696/1380/1183
f 696/1380/1183 732/1391/1183 884/1392/1183
f 1026/1393/1184 1004/1382/1184 856/1381/1184
f 856/1381/1184 884/1392/1184 1026/1393/1184
f 1175/1394/1185 1169/1383/1185 1004/1382/1185
f 1004/1382/1185 1026/1393/1185 1175/1394/1185
f 1358/1395/1186 1340/1384/1186 1169/1383/1186
f 1169/1383/1186 1175/1394/1186 1358/1395/1186
f 1908/1396/1187 1925/1385/1187 1340/1384/1187
f 1340/1384/1187 1358/1395/1187 1908/1396/1187
f 460/1397/1188 445/1386/1188 437/1387/1188
f 437/1387/1188 453/1398/1188 460/1397/1188
f 503/1399/1189 468/1388/1189 445/1386/1189
f 445/1386/1189 460/1397/1189 503/1399/1189
f 533/1400/1190 517/1389/1190 468/1388/1190
f 468/1388/1190 503/1399/1190 533/1400/1190
f 625/1401/1191 584/1390/1191 517/1389/1191
f 517/1389/1192 533/1400/1192 625/1401/1192
f 770/1402/1193 732/1391/1193 584/1390/1193
f 584/1390/1193 625/1401/1193 770/1402/1193
f 906/1403/1194 884/1392/1194 732/1391/1194
f 732/1391/1194 770/1402/1194 906/1403/1194
f 1041/1404/1195 1026/1393/1195 884/1392/1195
f 884/1392/1196 906/1403/1196 1041/1404/1196
f 1189/1405/1197 1175/1394/1197 1026/1393/1197
f 1026/1393/1197 1041/1404/1197 1189/1405/1197
f 1372/1406/1198 1358/1395/1198 1175/1394/1198
f 1175/1394/1198 1189/1405/1198 1372/1406/1198
f 1706/1407/1199 1908/1396/1199 1358/1395/1199
f 1358/1395/1199 1372/1406/1199 1706/1407/1199
f 505/1408/1200 460/1409/1200 453/1410/1200
f 453/1410/1200 499/1411/1200 505/1408/1200
f 521/1412/1201 503/1399/1201 460/1397/1201
f 460/1397/1201 505/1413/1201 521/1412/1201
f 570/1414/1202 533/1400/1202 503/1399/1202
f 503/1399/1202 521/1412/1202 570/1414/1202
f 666/1415/1203 625/1401/1203 533/1400/1203
f 533/1400/1203 570/1414/1203 666/1415/1203
f 798/1416/1204 770/1402/1204 625/1401/1204
f 625/1401/1204 666/1415/1204 798/1416/1204
f 930/1417/1205 906/1403/1205 770/1402/1205
f 770/1402/1205 798/1416/1205 930/1417/1205
f 1067/1418/1206 1041/1404/1206 906/1403/1206
f 906/1403/1206 930/1417/1206 1067/1418/1206
f 1199/1419/1207 1189/1405/1207 1041/1404/1207
f 1041/1404/1207 1067/1418/1207 1199/1419/1207
f 1384/1420/1208 1372/1406/1208 1189/1405/1208
f 1189/1405/1208 1199/1419/1208 1384/1420/1208
f 1705/1421/1209 1706/1407/1209 1372/1406/1209
f 1372/1406/1209 1384/1420/1209 1705/1421/1209
f 523/1422/1210 505/1408/1210 499/1411/1210
f 499/1411/1210 519/1423/1210 523/1422/1210
f 550/1424/1211 521/1425/1211 505/1408/1211
f 505/1408/1211 523/1422/1211 550/1424/1211
f 611/1426/1212 570/1414/1212 521/1412/1212
f 521/1412/1212 550/1427/1212 611/1426/1212
f 724/1428/1213 666/1415/1213 570/1414/1213
f 570/1414/1213 611/1426/1213 724/1428/1213
f 834/1429/1214 798/1416/1214 666/1415/1214
f 666/1415/1214 724/1428/1214 834/1429/1214
f 948/1430/1215 930/1417/1215 798/1416/1215
f 798/1416/1215 834/1429/1215 948/1430/1215
f 1078/1431/1216 1067/1418/1216 930/1417/1216
f 930/1417/1216 948/1430/1216 1078/1431/1216
f 1207/1432/1217 1199/1419/1217 1067/1418/1217
f 1067/1418/1217 1078/1431/1217 1207/1432/1217
f 1395/1433/1218 1384/1420/1218 1199/1419/1218
f 1199/1419/1218 1207/1432/1218 1395/1433/1218
f 1773/1434/1219 1705/1435/1219 1384/1436/1219
f 1384/1436/1219 1395/1437/1219 1773/1434/1219
f 555/1438/1220 523/1422/1220 519/1423/1220
f 519/1423/1220 541/1439/1220 555/1438/1220
f 588/1440/1221 550/1424/1221 523/1422/1221
f 523/1422/1221 555/1438/1221 588/1440/1221
f 645/1441/1222 611/1442/1222 550/1424/1222
f 550/1424/1222 588/1440/1222 645/1441/1222
f 763/1443/1223 724/1428/1223 611/1426/1223
f 611/1426/1223 645/1444/1223 763/1443/1223
f 869/1445/1224 834/1429/1224 724/1428/1224
f 724/1428/1224 763/1443/1224 869/1445/1224
f 971/1446/1225 948/1430/1225 834/1429/1225
f 834/1429/1225 869/1445/1225 971/1446/1225
f 1089/1447/1226 1078/1431/1226 948/1430/1226
f 948/1430/1226 971/1446/1226 1089/1447/1226
f 1217/1448/1227 1207/1449/1227 1078/1450/1227
f 1078/1450/1227 1089/1451/1227 1217/1448/1227
f 1406/1452/1228 1395/1437/1228 1207/1449/1228
f 1207/1449/1228 1217/1448/1228 1406/1452/1228
f 1692/1453/1229 1773/1434/1229 1395/1437/1229
f 1395/1437/1229 1406/1452/1229 1692/1453/1229
f 581/1454/1230 555/1438/1230 541/1439/1230
f 541/1439/1230 573/1455/1230 581/1454/1230
f 626/1456/1231 588/1440/1231 555/1438/1231
f 555/1438/1232 581/1454/1232 626/1456/1232
f 703/1457/1233 645/1441/1233 588/1440/1233
f 588/1440/1233 626/1456/1233 703/1457/1233
f 791/1458/1234 763/1443/1234 645/1444/1234
f 645/1444/1235 703/1459/1235 791/1458/1235
f 895/1460/1236 869/1445/1236 763/1443/1236
f 763/1443/1236 791/1458/1236 895/1460/1236
f 989/1461/1237 971/1446/1237 869/1445/1237
f 869/1445/1237 895/1460/1237 989/1461/1237
f 1095/1462/1238 1089/1447/1238 971/1446/1238
f 971/1446/1239 989/1461/1239 1095/1462/1239
f 1227/1463/1240 1217/1448/1240 1089/1451/1240
f 1089/1451/1240 1095/1464/1240 1227/1463/1240
f 1421/1465/1241 1406/1452/1241 1217/1448/1241
f 1217/1448/1242 1227/1463/1242 1421/1465/1242
f 1766/1466/1243 1692/1453/1243 1406/1452/1243
f 1406/1452/1243 1421/1465/1243 1766/1466/1243
f 606/1467/1244 581/1454/1244 573/1455/1244
f 573/1455/1244 591/1468/1244 606/1467/1244
f 643/1469/1245 626/1470/1245 581/1471/1245
f 581/1471/1246 606/1472/1246 643/1469/1246
f 727/1473/1247 703/1459/1247 626/1470/1247
f 626/1470/1247 643/1469/1247 727/1473/1247
f 811/1474/1248 791/1458/1248 703/1459/1248
f 703/1459/1248 727/1473/1248 811/1474/1248
f 908/1475/1249 895/1460/1249 791/1458/1249
f 791/1458/1249 811/1474/1249 908/1475/1249
f 1005/1476/1250 989/1461/1250 895/1460/1250
f 895/1460/1250 908/1475/1250 1005/1476/1250
f 1100/1477/1251 1095/1462/1251 989/1461/1251
f 989/1461/1251 1005/1476/1251 1100/1477/1251
f 1231/1478/1252 1227/1479/1252 1095/1462/1252
f 1095/1462/1252 1100/1477/1252 1231/1478/1252
f 1427/1480/1253 1421/1481/1253 1227/1479/1253
f 1227/1479/1254 1231/1478/1254 1427/1480/1254
f 1897/1482/1255 1766/1466/1255 1421/1465/1255
f 1421/1465/1255 1427/1483/1255 1897/1482/1255
f 615/1484/1256 606/1472/1256 591/1485/1256
f 591/1485/1256 598/1486/1256 615/1484/1256
f 653/1487/1257 643/1469/1257 606/1472/1257
f 606/1472/1257 615/1484/1257 653/1487/1257
f 735/1488/1258 727/1473/1258 643/1469/1258
f 643/1469/1258 653/1487/1258 735/1488/1258
f 820/1489/1259 811/1474/1259 727/1473/1259
f 727/1473/1259 735/1488/1259 820/1489/1259
f 913/1490/1260 908/1475/1260 811/1474/1260
f 811/1474/1260 820/1489/1260 913/1490/1260
f 1013/1491/1261 1005/1476/1261 908/1475/1261
f 908/1475/1261 913/1490/1261 1013/1491/1261
f 1103/1492/1262 1100/1477/1262 1005/1476/1262
f 1005/1476/1262 1013/1491/1262 1103/1492/1262
f 1236/1493/1263 1231/1478/1263 1100/1477/1263
f 1100/1477/1263 1103/1492/1263 1236/1493/1263
f 1432/1494/1264 1427/1480/1264 1231/1478/1264
f 1231/1478/1264 1236/1493/1264 1432/1494/1264
f 1760/1495/1265 1897/1496/1265 1427/1480/1265
f 1427/1480/1265 1432/1494/1265 1760/1495/1265
f 2294/1497/1266 2299/1067/1266 1786/1068/1266
f 1786/1068/1266 1783/1498/1266 2294/1497/1266
f 2461/1499/1267 2466/1500/1267 2299/1501/1267
f 2299/1501/1267 2294/1502/1267 2461/1499/1267
f 2630/1503/1268 2641/1504/1268 2466/1500/1268
f 2466/1500/1268 2461/1499/1268 2630/1503/1268
f 2778/1505/1269 2785/1506/1269 2641/1504/1269
f 2641/1504/1269 2630/1503/1269 2778/1505/1269
f 2954/1507/1270 2963/1508/1270 2785/1506/1270
f 2785/1506/1270 2778/1505/1270 2954/1507/1270
f 3061/1509/1271 3068/1510/1271 2963/1508/1271
f 2963/1508/1271 2954/1507/1271 3061/1509/1271
f 3135/1511/1272 3140/1512/1272 3068/1510/1272
f 3068/1510/1272 3061/1509/1272 3135/1511/1272
f 3167/1513/1273 3176/1514/1273 3140/1512/1273
f 3140/1512/1273 3135/1511/1273 3167/1513/1273
f 3195/1515/1274 3203/1516/1274 3176/1514/1274
f 3176/1514/1274 3167/1513/1274 3195/1515/1274
f 3208/1517/1275 3213/1518/1275 3203/1516/1275
f 3203/1516/1275 3195/1515/1275 3208/1517/1275
f 2284/1519/1276 2294/1497/1276 1783/1498/1276
f 1783/1498/1276 1781/1520/1276 2284/1519/1276
f 2455/1521/1277 2461/1499/1277 2294/1502/1277
f 2294/1502/1277 2284/1522/1277 2455/1521/1277
f 2620/1523/1278 2630/1503/1278 2461/1499/1278
f 2461/1499/1278 2455/1521/1278 2620/1523/1278
f 2768/1524/1279 2778/1505/1279 2630/1503/1279
f 2630/1503/1279 2620/1523/1279 2768/1524/1279
f 2928/1525/1280 2954/1507/1280 2778/1505/1280
f 2778/1505/1280 2768/1524/1280 2928/1525/1280
f 3051/1526/1281 3061/1509/1281 2954/1507/1281
f 2954/1507/1281 2928/1525/1281 3051/1526/1281
f 3125/1527/1282 3135/1511/1282 3061/1509/1282
f 3061/1509/1282 3051/1526/1282 3125/1527/1282
f 3159/1528/1283 3167/1513/1283 3135/1511/1283
f 3135/1511/1283 3125/1527/1283 3159/1528/1283
f 3181/1529/1284 3195/1515/1284 3167/1513/1284
f 3167/1513/1284 3159/1528/1284 3181/1529/1284
f 3191/1530/1285 3208/1531/1285 3195/1532/1285
f 3195/1532/1285 3181/1533/1285 3191/1530/1285
f 2266/1534/1286 2284/1519/1286 1781/1520/1286
f 1781/1520/1286 1779/1535/1286 2266/1534/1286
f 2449/1536/1287 2455/1521/1287 2284/1522/1287
f 2284/1522/1287 2266/1537/1287 2449/1536/1287
f 2598/1538/1288 2620/1523/1288 2455/1521/1288
f 2455/1521/1288 2449/1536/1288 2598/1538/1288
f 2740/1539/1289 2768/1524/1289 2620/1523/1289
f 2620/1523/1289 2598/1538/1289 2740/1539/1289
f 2892/1540/1290 2928/1525/1290 2768/1524/1290
f 2768/1524/1290 2740/1539/1290 2892/1540/1290
f 3033/1541/1291 3051/1526/1291 2928/1525/1291
f 2928/1525/1291 2892/1540/1291 3033/1541/1291
f 3087/1542/1292 3125/1527/1292 3051/1526/1292
f 3051/1526/1292 3033/1541/1292 3087/1542/1292
f 3145/1543/1293 3159/1528/1293 3125/1527/1293
f 3125/1527/1293 3087/1542/1293 3145/1543/1293
f 3161/1544/1294 3181/1529/1294 3159/1528/1294
f 3159/1528/1294 3145/1543/1294 3161/1544/1294
f 3169/1545/1295 3191/1530/1295 3181/1533/1295
f 3181/1533/1295 3161/1546/1295 3169/1545/1295
f 2252/1547/1296 2266/1534/1296 1779/1535/1296
f 1779/1535/1296 1777/1548/1296 2252/1547/1296
f 2435/1549/1297 2449/1550/1297 2266/1551/1297
f 2266/1551/1297 2252/1552/1297 2435/1549/1297
f 2581/1553/1298 2598/1538/1298 2449/1536/1298
f 2449/1536/1298 2435/1554/1298 2581/1553/1298
f 2718/1555/1299 2740/1539/1299 2598/1538/1299
f 2598/1538/1300 2581/1553/1300 2718/1555/1300
f 2854/1556/1301 2892/1540/1301 2740/1539/1301
f 2740/1539/1301 2718/1555/1301 2854/1556/1301
f 2999/1557/1302 3033/1541/1302 2892/1540/1302
f 2892/1540/1302 2854/1556/1302 2999/1557/1302
f 3071/1558/1303 3087/1542/1303 3033/1541/1303
f 3033/1541/1303 2999/1557/1303 3071/1558/1303
f 3123/1559/1304 3145/1543/1304 3087/1542/1304
f 3087/1542/1304 3071/1558/1304 3123/1559/1304
f 3147/1560/1305 3161/1561/1305 3145/1562/1305
f 3145/1562/1305 3123/1563/1305 3147/1560/1305
f 3153/1564/1306 3169/1565/1306 3161/1561/1306
f 3161/1561/1306 3147/1560/1306 3153/1564/1306
f 2240/1566/1307 2252/1552/1307 1777/1567/1307
f 1777/1567/1307 1775/1568/1307 2240/1566/1307
f 2425/1569/1308 2435/1549/1308 2252/1552/1308
f 2252/1552/1308 2240/1566/1308 2425/1569/1308
f 2555/1570/1309 2581/1571/1309 2435/1549/1309
f 2435/1549/1309 2425/1569/1309 2555/1570/1309
f 2694/1572/1310 2718/1573/1310 2581/1571/1310
f 2581/1571/1310 2555/1570/1310 2694/1572/1310
f 2826/1574/1311 2854/1575/1311 2718/1573/1311
f 2718/1573/1311 2694/1572/1311 2826/1574/1311
f 2958/1576/1312 2999/1577/1312 2854/1575/1312
f 2854/1575/1312 2826/1574/1312 2958/1576/1312
f 3043/1578/1313 3071/1579/1313 2999/1577/1313
f 2999/1577/1313 2958/1576/1313 3043/1578/1313
f 3083/1580/1314 3123/1563/1314 3071/1579/1314
f 3071/1579/1314 3043/1578/1314 3083/1580/1314
f 3121/1581/1315 3147/1560/1315 3123/1563/1315
f 3123/1563/1315 3083/1580/1315 3121/1581/1315
f 3127/1582/1316 3153/1564/1316 3147/1560/1316
f 3147/1560/1316 3121/1581/1316 3127/1582/1316
f 2229/1583/1317 2240/1566/1317 1775/1568/1317
f 1775/1568/1317 1772/1584/1317 2229/1583/1317
f 2417/1585/1318 2425/1569/1318 2240/1566/1318
f 2240/1566/1318 2229/1583/1318 2417/1585/1318
f 2546/1586/1319 2555/1570/1319 2425/1569/1319
f 2425/1569/1319 2417/1585/1319 2546/1586/1319
f 2676/1587/1320 2694/1572/1320 2555/1570/1320
f 2555/1570/1320 2546/1586/1320 2676/1587/1320
f 2790/1588/1321 2826/1574/1321 2694/1572/1321
f 2694/1572/1321 2676/1587/1321 2790/1588/1321
f 2900/1589/1322 2958/1576/1322 2826/1574/1322
f 2826/1574/1322 2790/1588/1322 2900/1589/1322
f 3013/1590/1323 3043/1578/1323 2958/1576/1323
f 2958/1576/1323 2900/1589/1323 3013/1590/1323
f 3057/1591/1324 3083/1580/1324 3043/1578/1324
f 3043/1578/1324 3013/1590/1324 3057/1591/1324
f 3081/1592/1325 3121/1581/1325 3083/1580/1325
f 3083/1580/1325 3057/1591/1325 3081/1592/1325
f 3085/1593/1326 3127/1582/1326 3121/1581/1326
f 3121/1581/1326 3081/1592/1326 3085/1593/1326
f 2216/1594/1327 2229/1583/1327 1772/1584/1327
f 1772/1584/1327 1769/1595/1327 2216/1594/1327
f 2407/1596/1328 2417/1585/1328 2229/1583/1328
f 2229/1583/1328 2216/1594/1328 2407/1596/1328
f 2533/1597/1329 2546/1586/1329 2417/1585/1329
f 2417/1585/1329 2407/1596/1329 2533/1597/1329
f 2651/1598/1330 2676/1587/1330 2546/1586/1330
f 2546/1586/1330 2533/1597/1330 2651/1598/1330
f 2753/1599/1331 2790/1588/1331 2676/1587/1331
f 2676/1587/1331 2651/1598/1331 2753/1599/1331
f 2859/1600/1332 2900/1589/1332 2790/1588/1332
f 2790/1588/1332 2753/1599/1332 2859/1600/1332
f 2977/1601/1333 3013/1590/1333 2900/1589/1333
f 2900/1589/1333 2859/1600/1333 2977/1601/1333
f 3029/1602/1334 3057/1591/1334 3013/1590/1334
f 3013/1590/1334 2977/1601/1334 3029/1602/1334
f 3052/1603/1335 3081/1592/1335 3057/1591/1335
f 3057/1591/1335 3029/1602/1335 3052/1603/1335
f 3063/1604/1336 3085/1593/1336 3081/1592/1336
f 3081/1592/1336 3052/1603/1336 3063/1604/1336
f 2203/1605/1337 2216/1594/1337 1769/1595/1337
f 1769/1595/1337 1767/1606/1337 2203/1605/1337
f 2397/1607/1338 2407/1596/1338 2216/1594/1338
f 2216/1594/1339 2203/1605/1339 2397/1607/1339
f 2527/1608/1340 2533/1597/1340 2407/1596/1340
f 2407/1596/1340 2397/1607/1340 2527/1608/1340
f 2633/1609/1341 2651/1598/1341 2533/1597/1341
f 2533/1597/1341 2527/1608/1341 2633/1609/1341
f 2727/1610/1342 2753/1599/1342 2651/1598/1342
f 2651/1598/1342 2633/1609/1342 2727/1610/1342
f 2831/1611/1343 2859/1600/1343 2753/1599/1343
f 2753/1599/1343 2727/1610/1343 2831/1611/1343
f 2919/1612/1344 2977/1601/1344 2859/1600/1344
f 2859/1600/1344 2831/1611/1344 2919/1612/1344
f 2996/1613/1345 3029/1602/1345 2977/1601/1345
f 2977/1601/1345 2919/1612/1345 2996/1613/1345
f 3034/1614/1346 3052/1603/1346 3029/1602/1346
f 3029/1602/1347 2996/1613/1347 3034/1614/1347
f 3038/1615/1348 3063/1604/1348 3052/1603/1348
f 3052/1603/1348 3034/1614/1348 3038/1615/1348
f 2197/1616/1349 2203/1605/1349 1767/1606/1349
f 1767/1606/1349 1763/1617/1349 2197/1616/1349
f 2393/1618/1350 2397/1607/1350 2203/1605/1350
f 2203/1605/1351 2197/1616/1351 2393/1618/1351
f 2522/1619/1352 2527/1608/1352 2397/1607/1352
f 2397/1607/1352 2393/1618/1352 2522/1619/1352
f 2617/1620/1353 2633/1609/1353 2527/1608/1353
f 2527/1608/1353 2522/1619/1353 2617/1620/1353
f 2716/1621/1354 2727/1610/1354 2633/1609/1354
f 2633/1609/1354 2617/1620/1354 2716/1621/1354
f 2811/1622/1355 2831/1611/1355 2727/1610/1355
f 2727/1610/1355 2716/1621/1355 2811/1622/1355
f 2895/1623/1356 2919/1612/1356 2831/1611/1356
f 2831/1611/1356 2811/1622/1356 2895/1623/1356
f 2979/1624/1357 2996/1613/1357 2919/1612/1357
f 2919/1612/1357 2895/1623/1357 2979/1624/1357
f 3016/1625/1358 3034/1614/1358 2996/1613/1358
f 2996/1613/1359 2979/1624/1359 3016/1625/1359
f 3026/1626/1360 3038/1615/1360 3034/1614/1360
f 3034/1614/1360 3016/1625/1360 3026/1626/1360
f 2193/1627/1361 2197/1628/1361 1763/1629/1361
f 1763/1629/1361 1761/1630/1361 2193/1627/1361
f 2389/1631/1362 2393/1632/1362 2197/1633/1362
f 2197/1633/1362 2193/1634/1362 2389/1631/1362
f 2516/1635/1363 2522/1636/1363 2393/1632/1363
f 2393/1632/1363 2389/1631/1363 2516/1635/1363
f 2610/1637/1364 2617/1638/1364 2522/1636/1364
f 2522/1636/1364 2516/1635/1364 2610/1637/1364
f 2710/1639/1365 2716/1640/1365 2617/1638/1365
f 2617/1638/1365 2610/1637/1365 2710/1639/1365
f 2803/1641/1366 2811/1642/1366 2716/1640/1366
f 2716/1640/1366 2710/1639/1366 2803/1641/1366
f 2885/1643/1367 2895/1644/1367 2811/1642/1367
f 2811/1642/1367 2803/1641/1367 2885/1643/1367
f 2971/1645/1368 2979/1646/1368 2895/1644/1368
f 2895/1644/1368 2885/1643/1368 2971/1645/1368
f 3005/1647/1369 3016/1648/1369 2979/1646/1369
f 2979/1646/1369 2971/1645/1369 3005/1647/1369
f 3022/1649/1370 3026/1650/1370 3016/1651/1370
f 3016/1651/1370 3005/1652/1370 3022/1649/1370
f 461/1653/1371 545/1654/1371 544/1655/1371
f 544/1655/1371 456/1656/1371 461/1653/1371
f 463/1657/1372 551/1658/1372 545/1654/1372
f 545/1654/1373 461/1653/1373 463/1657/1373
f 465/1659/1374 557/1660/1374 551/1658/1374
f 551/1658/1375 463/1657/1375 465/1659/1375
f 469/1661/1376 567/1662/1376 557/1660/1376
f 557/1660/1377 465/1659/1377 469/1661/1377
f 471/1663/1378 575/1664/1378 567/1665/1378
f 567/1665/1379 469/1666/1379 471/1663/1379
f 473/1667/1380 577/1668/1380 575/1664/1380
f 575/1664/1381 471/1663/1381 473/1667/1381
f 475/1669/1382 589/1670/1382 577/1668/1382
f 577/1668/1383 473/1667/1383 475/1669/1383
f 477/1671/1384 593/1672/1384 589/1673/1384
f 589/1673/1385 475/1674/1385 477/1671/1385
f 479/1675/1386 595/1676/1386 593/1672/1386
f 593/1672/1387 477/1671/1387 479/1675/1387
f 481/1677/1388 599/1678/1388 595/1676/1388
f 595/1676/1388 479/1675/1388 481/1677/1388
f 389/1679/1389 461/1653/1389 456/1656/1389
f 456/1656/1390 392/1680/1390 389/1679/1390
f 386/1681/1391 463/1657/1391 461/1653/1391
f 461/1653/1392 389/1679/1392 386/1681/1392
f 379/1682/1393 465/1659/1393 463/1657/1393
f 463/1657/1394 386/1681/1394 379/1682/1394
f 373/1683/1395 469/1661/1395 465/1659/1395
f 465/1659/1396 379/1682/1396 373/1683/1396
f 371/1684/1397 471/1663/1397 469/1666/1397
f 469/1666/1398 373/1685/1398 371/1684/1398
f 369/1686/1399 473/1667/1399 471/1663/1399
f 471/1663/1400 371/1684/1400 369/1686/1400
f 366/1687/1401 475/1669/1401 473/1667/1401
f 473/1667/1402 369/1686/1402 366/1687/1402
f 364/1688/1403 477/1671/1403 475/1674/1403
f 475/1674/1404 366/1689/1404 364/1688/1404
f 362/1690/1405 479/1675/1405 477/1671/1405
f 477/1671/1406 364/1688/1406 362/1690/1406
f 361/1691/1407 481/1677/1407 479/1675/1407
f 479/1675/1408 362/1690/1408 361/1691/1408
f 335/1692/1409 389/1679/1409 392/1680/1409
f 392/1680/1410 337/1693/1410 335/1692/1410
f 333/1694/1411 386/1681/1411 389/1679/1411
f 389/1679/1412 335/1692/1412 333/1694/1412
f 331/1695/1413 379/1682/1413 386/1681/1413
f 386/1681/1414 333/1694/1414 331/1695/1414
f 329/1696/1415 373/1683/1415 379/1682/1415
f 379/1682/1416 331/1695/1416 329/1696/1416
f 328/1697/1417 371/1684/1417 373/1685/1417
f 373/1685/1418 329/1698/1418 328/1697/1418
f 325/1699/1419 369/1686/1419 371/1684/1419
f 371/1684/1420 328/1697/1420 325/1699/1420
f 323/1700/1421 366/1687/1421 369/1686/1421
f 369/1686/1422 325/1699/1422 323/1700/1422
f 321/1701/1423 364/1688/1423 366/1689/1423
f 366/1689/1424 323/1702/1424 321/1701/1424
f 319/1703/1425 362/1690/1425 364/1688/1425
f 364/1688/1426 321/1701/1426 319/1703/1426
f 316/1704/1427 361/1691/1427 362/1690/1427
f 362/1690/1428 319/1703/1428 316/1704/1428
f 298/1705/1429 335/1692/1429 337/1693/1429
f 337/1693/1430 302/1706/1430 298/1705/1430
f 290/1707/1431 333/1694/1431 335/1692/1431
f 335/1692/1432 298/1705/1432 290/1707/1432
f 288/1708/1433 331/1695/1433 333/1694/1433
f 333/1694/1434 290/1707/1434 288/1708/1434
f 286/1709/1435 329/1696/1435 331/1695/1435
f 331/1695/1436 288/1708/1436 286/1709/1436
f 281/1710/1437 328/1697/1437 329/1698/1437
f 329/1698/1438 286/1711/1438 281/1710/1438
f 275/1712/1439 325/1699/1439 328/1697/1439
f 328/1697/1440 281/1710/1440 275/1712/1440
f 265/1713/1441 323/1700/1441 325/1699/1441
f 325/1699/1442 275/1712/1442 265/1713/1442
f 259/1714/1443 321/1701/1443 323/1702/1443
f 323/1702/1444 265/1715/1444 259/1714/1444
f 255/1716/1445 319/1703/1445 321/1701/1445
f 321/1701/1446 259/1714/1446 255/1716/1446
f 249/1717/1447 316/1704/1447 319/1703/1447
f 319/1703/1448 255/1716/1448 249/1717/1448
f 269/1718/1449 298/1705/1449 302/1706/1449
f 302/1706/1450 271/1719/1450 269/1718/1450
f 261/1720/1451 290/1707/1451 298/1705/1451
f 298/1705/1452 269/1718/1452 261/1720/1452
f 251/1721/1453 288/1708/1453 290/1707/1453
f 290/1707/1454 261/1720/1454 251/1721/1454
f 238/1722/1455 286/1709/1455 288/1708/1455
f 288/1708/1456 251/1721/1456 238/1722/1456
f 230/1723/1457 281/1710/1457 286/1711/1457
f 286/1711/1458 238/1724/1458 230/1723/1458
f 218/1725/1459 275/1712/1459 281/1710/1459
f 281/1710/1460 230/1723/1460 218/1725/1460
f 208/1726/1461 265/1713/1461 275/1712/1461
f 275/1712/1462 218/1725/1462 208/1726/1462
f 196/1727/1463 259/1714/1463 265/1715/1463
f 265/1715/1464 208/1728/1464 196/1727/1464
f 186/1729/1465 255/1716/1465 259/1714/1465
f 259/1714/1466 196/1727/1466 186/1729/1466
f 181/1730/1467 249/1717/1467 255/1716/1467
f 255/1716/1468 186/1729/1468 181/1730/1468
f 228/1731/1469 269/1718/1469 271/1719/1469
f 271/1719/1470 234/1732/1470 228/1731/1470
f 222/1733/1471 261/1720/1471 269/1718/1471
f 269/1718/1472 228/1731/1472 222/1733/1472
f 212/1734/1473 251/1721/1473 261/1720/1473
f 261/1720/1474 222/1733/1474 212/1734/1474
f 200/1735/1475 238/1722/1475 251/1721/1475
f 251/1721/1476 212/1734/1476 200/1735/1476
f 177/1736/1477 230/1723/1477 238/1724/1477
f 238/1724/1478 200/1737/1478 177/1736/1478
f 160/1738/1479 218/1725/1479 230/1723/1479
f 230/1723/1480 177/1736/1480 160/1738/1480
f 134/1739/1481 208/1726/1481 218/1725/1481
f 218/1725/1482 160/1738/1482 134/1739/1482
f 112/1740/1483 196/1727/1483 208/1728/1483
f 208/1728/1484 134/1741/1484 112/1740/1484
f 102/1742/1485 186/1729/1485 196/1727/1485
f 196/1727/1486 112/1740/1486 102/1742/1486
f 96/1743/1487 181/1730/1487 186/1729/1487
f 186/1729/1488 102/1742/1488 96/1743/1488
f 198/1744/1489 228/1731/1489 234/1732/1489
f 234/1732/1490 205/1745/1490 198/1744/1490
f 182/1746/1491 222/1733/1491 228/1731/1491
f 228/1731/1492 198/1744/1492 182/1746/1492
f 168/1747/1493 212/1734/1493 222/1733/1493
f 222/1733/1494 182/1746/1494 168/1747/1494
f 146/1748/1495 200/1749/1495 212/1750/1495
f 212/1750/1496 168/1751/1496 146/1748/1496
f 118/1752/1497 177/1736/1497 200/1737/1497
f 200/1737/1498 146/1753/1498 118/1752/1498
f 92/1754/1499 160/1738/1499 177/1736/1499
f 177/1736/1500 118/1752/1500 92/1754/1500
f 74/1755/1501 134/1739/1501 160/1738/1501
f 160/1738/1502 92/1754/1502 74/1755/1502
f 63/1756/1503 112/1740/1503 134/1741/1503
f 134/1741/1504 74/1757/1504 63/1756/1504
f 53/1758/1505 102/1742/1505 112/1740/1505
f 112/1740/1506 63/1756/1506 53/1758/1506
f 50/1759/1507 96/1743/1507 102/1742/1507
f 102/1742/1508 53/1758/1508 50/1759/1508
f 167/1760/1509 198/1744/1509 205/1745/1509
f 205/1745/1510 170/1761/1510 167/1760/1510
f 154/1762/1511 182/1746/1511 198/1744/1511
f 198/1744/1512 167/1760/1512 154/1762/1512
f 126/1763/1513 168/1751/1513 182/1764/1513
f 182/1764/1514 154/1765/1514 126/1763/1514
f 100/1766/1515 146/1748/1515 168/1751/1515
f 168/1751/1516 126/1763/1516 100/1766/1516
f 83/1767/1517 118/1752/1517 146/1753/1517
f 146/1753/1518 100/1768/1518 83/1767/1518
f 61/1769/1519 92/1754/1519 118/1752/1519
f 118/1752/1520 83/1767/1520 61/1769/1520
f 46/1770/1521 74/1755/1521 92/1754/1521
f 92/1754/1522 61/1769/1522 46/1770/1522
f 32/1771/1523 63/1772/1523 74/1755/1523
f 74/1755/1524 46/1770/1524 32/1771/1524
f 25/1773/1525 53/1758/1525 63/1756/1525
f 63/1756/1526 32/1774/1526 25/1773/1526
f 21/1775/1527 50/1759/1527 53/1758/1527
f 53/1758/1528 25/1773/1528 21/1775/1528
f 143/1776/1529 167/1777/1529 170/1778/1529
f 170/1778/1530 150/1779/1530 143/1776/1530
f 124/1780/1531 154/1765/1531 167/1777/1531
f 167/1777/1532 143/1776/1532 124/1780/1532
f 104/1781/1533 126/1763/1533 154/1765/1533
f 154/1765/1534 124/1780/1534 104/1781/1534
f 84/1782/1535 100/1766/1535 126/1763/1535
f 126/1763/1536 104/1781/1536 84/1782/1536
f 65/1783/1537 83/1767/1537 100/1768/1537
f 100/1768/1538 84/1784/1538 65/1783/1538
f 44/1785/1539 61/1769/1539 83/1767/1539
f 83/1767/1540 65/1783/1540 44/1785/1540
f 30/1786/1541 46/1770/1541 61/1769/1541
f 61/1769/1542 44/1785/1542 30/1786/1542
f 17/1787/1543 32/1771/1543 46/1770/1543
f 46/1770/1544 30/1786/1544 17/1787/1544
f 9/1788/1545 25/1789/1545 32/1771/1545
f 32/1771/1546 17/1787/1546 9/1788/1546
f 5/1790/1547 21/1775/1547 25/1773/1547
f 25/1773/1548 9/1791/1548 5/1790/1548
f 132/1792/1549 143/1776/1549 150/1779/1549
f 150/1779/1550 140/1793/1550 132/1792/1550
f 116/1794/1551 124/1780/1551 143/1776/1551
f 143/1776/1552 132/1792/1552 116/1794/1552
f 94/1795/1553 104/1781/1553 124/1780/1553
f 124/1780/1554 116/1794/1554 94/1795/1554
f 76/1796/1555 84/1782/1555 104/1781/1555
f 104/1781/1556 94/1795/1556 76/1796/1556
f 55/1797/1557 65/1783/1557 84/1784/1557
f 84/1784/1558 76/1798/1558 55/1797/1558
f 40/1799/1559 44/1785/1559 65/1783/1559
f 65/1783/1560 55/1797/1560 40/1799/1560
f 22/1800/1561 30/1786/1561 44/1785/1561
f 44/1785/1562 40/1799/1562 22/1800/1562
f 11/1801/1563 17/1787/1563 30/1786/1563
f 30/1786/1564 22/1800/1564 11/1801/1564
f 2/1802/1565 9/1788/1565 17/1787/1565
f 17/1787/1566 11/1801/1566 2/1802/1566
f 1/1803/1567 5/1804/1567 9/1805/1567
f 9/1805/1568 2/1806/1568 1/1803/1568
f 480/1807/1569 596/1808/1569 599/1678/1569
f 599/1678/1569 481/1677/1569 480/1807/1569
f 478/1809/1570 594/1810/1570 596/1808/1570
f 596/1808/1571 480/1807/1571 478/1809/1571
f 476/1811/1572 590/1812/1572 594/1810/1572
f 594/1810/1573 478/1809/1573 476/1811/1573
f 474/1813/1574 578/1814/1574 590/1812/1574
f 590/1812/1575 476/1811/1575 474/1813/1575
f 472/1815/1576 576/1816/1576 578/1817/1576
f 578/1817/1577 474/1818/1577 472/1815/1577
f 470/1819/1578 568/1820/1578 576/1816/1578
f 576/1816/1579 472/1815/1579 470/1819/1579
f 466/1821/1580 558/1822/1580 568/1820/1580
f 568/1820/1581 470/1819/1581 466/1821/1581
f 464/1823/1582 552/1824/1582 558/1825/1582
f 558/1825/1583 466/1826/1583 464/1823/1583
f 462/1827/1584 546/1828/1584 552/1824/1584
f 552/1824/1585 464/1823/1585 462/1827/1585
f 456/1656/1586 544/1655/1586 546/1828/1586
f 546/1828/1586 462/1827/1586 456/1656/1586
f 363/1829/1587 480/1807/1587 481/1677/1587
f 481/1677/1588 360/1691/1588 363/1829/1588
f 365/1830/1589 478/1809/1589 480/1807/1589
f 480/1807/1590 363/1829/1590 365/1830/1590
f 367/1831/1591 476/1811/1591 478/1809/1591
f 478/1809/1592 365/1830/1592 367/1831/1592
f 368/1832/1593 474/1813/1593 476/1811/1593
f 476/1811/1594 367/1831/1594 368/1832/1594
f 370/1833/1595 472/1815/1595 474/1818/1595
f 474/1818/1596 368/1834/1596 370/1833/1596
f 372/1835/1597 470/1819/1597 472/1815/1597
f 472/1815/1598 370/1833/1598 372/1835/1598
f 380/1836/1599 466/1821/1599 470/1819/1599
f 470/1819/1600 372/1835/1600 380/1836/1600
f 385/1837/1601 464/1823/1601 466/1826/1601
f 466/1826/1602 380/1838/1602 385/1837/1602
f 390/1839/1603 462/1827/1603 464/1823/1603
f 464/1823/1604 385/1837/1604 390/1839/1604
f 391/1680/1605 456/1656/1605 462/1827/1605
f 462/1827/1606 390/1839/1606 391/1680/1606
f 320/1840/1607 363/1829/1607 360/1691/1607
f 360/1691/1608 316/1704/1608 320/1840/1608
f 322/1841/1609 365/1830/1609 363/1829/1609
f 363/1829/1610 320/1840/1610 322/1841/1610
f 324/1842/1611 367/1831/1611 365/1830/1611
f 365/1830/1612 322/1841/1612 324/1842/1612
f 326/1843/1613 368/1832/1613 367/1831/1613
f 367/1831/1614 324/1842/1614 326/1843/1614
f 327/1844/1615 370/1833/1615 368/1834/1615
f 368/1834/1616 326/1845/1616 327/1844/1616
f 330/1846/1617 372/1835/1617 370/1833/1617
f 370/1833/1618 327/1844/1618 330/1846/1618
f 332/1847/1619 380/1836/1619 372/1835/1619
f 372/1835/1620 330/1846/1620 332/1847/1620
f 334/1848/1621 385/1837/1621 380/1838/1621
f 380/1838/1622 332/1849/1622 334/1848/1622
f 336/1850/1623 390/1839/1623 385/1837/1623
f 385/1837/1624 334/1848/1624 336/1850/1624
f 337/1693/1625 391/1680/1625 390/1839/1625
f 390/1839/1626 336/1850/1626 337/1693/1626
f 256/1851/1627 320/1840/1627 316/1704/1627
f 316/1704/1628 250/1717/1628 256/1851/1628
f 260/1852/1629 322/1841/1629 320/1840/1629
f 320/1840/1630 256/1851/1630 260/1852/1630
f 266/1853/1631 324/1842/1631 322/1841/1631
f 322/1841/1632 260/1852/1632 266/1853/1632
f 276/1854/1633 326/1843/1633 324/1842/1633
f 324/1842/1634 266/1853/1634 276/1854/1634
f 282/1855/1635 327/1844/1635 326/1845/1635
f 326/1845/1636 276/1856/1636 282/1855/1636
f 287/1857/1637 330/1846/1637 327/1844/1637
f 327/1844/1638 282/1855/1638 287/1857/1638
f 289/1858/1639 332/1847/1639 330/1846/1639
f 330/1859/1640 287/1860/1640 289/1861/1640
f 291/1862/1641 334/1848/1641 332/1849/1641
f 332/1849/1642 289/1861/1642 291/1862/1642
f 299/1863/1643 336/1850/1643 334/1848/1643
f 334/1848/1644 291/1862/1644 299/1863/1644
f 303/1706/1645 337/1693/1645 336/1850/1645
f 336/1850/1646 299/1863/1646 303/1706/1646
f 187/1864/1647 256/1851/1647 250/1717/1647
f 250/1717/1648 181/1730/1648 187/1864/1648
f 197/1865/1649 260/1852/1649 256/1851/1649
f 256/1851/1650 187/1864/1650 197/1865/1650
f 209/1866/1651 266/1853/1651 260/1852/1651
f 260/1852/1652 197/1865/1652 209/1866/1652
f 219/1867/1653 276/1854/1653 266/1853/1653
f 266/1853/1654 209/1866/1654 219/1867/1654
f 231/1868/1655 282/1855/1655 276/1856/1655
f 276/1856/1656 219/1869/1656 231/1868/1656
f 239/1870/1657 287/1857/1657 282/1855/1657
f 282/1855/1658 231/1868/1658 239/1870/1658
f 252/1871/1659 289/1861/1659 287/1860/1659
f 287/1860/1660 239/1872/1660 252/1871/1660
f 262/1873/1661 291/1862/1661 289/1861/1661
f 289/1861/1662 252/1871/1662 262/1873/1662
f 270/1874/1663 299/1863/1663 291/1862/1663
f 291/1862/1664 262/1873/1664 270/1874/1664
f 272/1719/1665 303/1706/1665 299/1863/1665
f 299/1863/1666 270/1874/1666 272/1719/1666
f 103/1875/1667 187/1864/1667 181/1730/1667
f 181/1730/1668 97/1743/1668 103/1875/1668
f 113/1876/1669 197/1865/1669 187/1864/1669
f 187/1864/1670 103/1875/1670 113/1876/1670
f 135/1877/1671 209/1866/1671 197/1865/1671
f 197/1865/1672 113/1876/1672 135/1877/1672
f 161/1878/1673 219/1869/1673 209/1879/1673
f 209/1879/1674 135/1880/1674 161/1878/1674
f 178/1881/1675 231/1868/1675 219/1869/1675
f 219/1869/1676 161/1878/1676 178/1881/1676
f 201/1882/1677 239/1870/1677 231/1868/1677
f 231/1868/1678 178/1881/1678 201/1882/1678
f 213/1883/1679 252/1871/1679 239/1872/1679
f 239/1872/1680 201/1884/1680 213/1883/1680
f 223/1885/1681 262/1873/1681 252/1871/1681
f 252/1871/1682 213/1883/1682 223/1885/1682
f 229/1886/1683 270/1874/1683 262/1873/1683
f 262/1873/1684 223/1885/1684 229/1886/1684
f 235/1732/1685 272/1719/1685 270/1874/1685
f 270/1874/1686 229/1886/1686 235/1732/1686
f 54/1887/1687 103/1875/1687 97/1743/1687
f 97/1743/1688 50/1759/1688 54/1887/1688
f 64/1888/1689 113/1876/1689 103/1875/1689
f 103/1875/1690 54/1887/1690 64/1888/1690
f 75/1889/1691 135/1877/1691 113/1876/1691
f 113/1876/1692 64/1888/1692 75/1889/1692
f 93/1890/1693 161/1878/1693 135/1880/1693
f 135/1880/1694 75/1891/1694 93/1890/1694
f 119/1892/1695 178/1881/1695 161/1878/1695
f 161/1878/1696 93/1890/1696 119/1892/1696
f 147/1893/1697 201/1882/1697 178/1881/1697
f 178/1881/1698 119/1892/1698 147/1893/1698
f 169/1894/1699 213/1895/1699 201/1896/1699
f 201/1896/1700 147/1897/1700 169/1894/1700
f 183/1898/1701 223/1885/1701 213/1883/1701
f 213/1883/1702 169/1899/1702 183/1898/1702
f 199/1900/1703 229/1886/1703 223/1885/1703
f 223/1885/1704 183/1898/1704 199/1900/1704
f 205/1745/1705 235/1732/1705 229/1886/1705
f 229/1886/1706 199/1900/1706 205/1745/1706
f 24/1901/1707 54/1887/1707 50/1759/1707
f 50/1759/1708 21/1775/1708 24/1901/1708
f 33/1902/1709 64/1888/1709 54/1887/1709
f 54/1887/1710 24/1901/1710 33/1902/1710
f 47/1903/1711 75/1891/1711 64/1904/1711
f 64/1904/1712 33/1905/1712 47/1903/1712
f 62/1906/1713 93/1890/1713 75/1891/1713
f 75/1891/1714 47/1903/1714 62/1906/1714
f 82/1907/1715 119/1892/1715 93/1890/1715
f 93/1890/1716 62/1906/1716 82/1907/1716
f 101/1908/1717 147/1893/1717 119/1892/1717
f 119/1909/1718 82/1910/1718 101/1911/1718
f 127/1912/1719 169/1894/1719 147/1897/1719
f 147/1897/1720 101/1911/1720 127/1912/1720
f 155/1913/1721 183/1898/1721 169/1899/1721
f 169/1899/1722 127/1914/1722 155/1913/1722
f 166/1915/1723 199/1900/1723 183/1898/1723
f 183/1898/1724 155/1913/1724 166/1915/1724
f 171/1761/1725 205/1745/1725 199/1900/1725
f 199/1900/1726 166/1915/1726 171/1761/1726
f 10/1916/1727 24/1917/1727 21/1918/1727
f 21/1918/1728 6/1804/1728 10/1916/1728
f 18/1919/1729 33/1905/1729 24/1917/1729
f 24/1917/1730 10/1916/1730 18/1919/1730
f 31/1920/1731 47/1903/1731 33/1905/1731
f 33/1905/1732 18/1919/1732 31/1920/1732
f 45/1921/1733 62/1906/1733 47/1903/1733
f 47/1903/1734 31/1920/1734 45/1921/1734
f 66/1922/1735 82/1907/1735 62/1906/1735
f 62/1906/1736 45/1921/1736 66/1922/1736
f 85/1923/1737 101/1911/1737 82/1910/1737
f 82/1910/1738 66/1924/1738 85/1923/1738
f 105/1925/1739 127/1912/1739 101/1911/1739
f 101/1911/1740 85/1923/1740 105/1925/1740
f 125/1926/1741 155/1927/1741 127/1912/1741
f 127/1912/1742 105/1925/1742 125/1926/1742
f 144/1928/1743 166/1929/1743 155/1927/1743
f 155/1927/1744 125/1926/1744 144/1928/1744
f 151/1930/1745 171/1761/1745 166/1915/1745
f 166/1931/1746 144/1932/1746 151/1933/1746
f 3/1934/1747 10/1916/1747 6/1804/1747
f 6/1804/1748 1/1803/1748 3/1934/1748
f 12/1935/1749 18/1919/1749 10/1916/1749
f 10/1916/1750 3/1934/1750 12/1935/1750
f 23/1936/1751 31/1920/1751 18/1919/1751
f 18/1919/1752 12/1935/1752 23/1936/1752
f 41/1937/1753 45/1921/1753 31/1920/1753
f 31/1920/1754 23/1936/1754 41/1937/1754
f 56/1938/1755 66/1922/1755 45/1921/1755
f 45/1921/1756 41/1937/1756 56/1938/1756
f 77/1939/1757 85/1923/1757 66/1924/1757
f 66/1924/1758 56/1940/1758 77/1939/1758
f 95/1941/1759 105/1925/1759 85/1923/1759
f 85/1923/1760 77/1939/1760 95/1941/1760
f 117/1942/1761 125/1926/1761 105/1925/1761
f 105/1925/1762 95/1941/1762 117/1942/1762
f 133/1943/1763 144/1928/1763 125/1926/1763
f 125/1926/1764 117/1942/1764 133/1943/1764
f 140/1944/1765 151/1945/1765 144/1928/1765
f 144/1928/1766 133/1943/1766 140/1944/1766
f 138/1946/1767 132/1792/1767 140/1793/1767
f 140/1793/1768 145/1947/1768 138/1946/1768
f 122/1948/1769 116/1794/1769 132/1792/1769
f 132/1792/1770 138/1946/1770 122/1948/1770
f 98/1949/1771 94/1795/1771 116/1794/1771
f 116/1794/1772 122/1948/1772 98/1949/1772
f 80/1950/1773 76/1796/1773 94/1795/1773
f 94/1795/1774 98/1949/1774 80/1950/1774
f 60/1951/1775 55/1797/1775 76/1798/1775
f 76/1798/1776 80/1952/1776 60/1951/1776
f 42/1953/1777 40/1799/1777 55/1797/1777
f 55/1797/1778 60/1951/1778 42/1953/1778
f 28/1954/1779 22/1800/1779 40/1799/1779
f 40/1799/1780 42/1953/1780 28/1954/1780
f 13/1955/1781 11/1801/1781 22/1800/1781
f 22/1800/1782 28/1954/1782 13/1955/1782
f 7/1956/1783 2/1802/1783 11/1801/1783
f 11/1801/1784 13/1955/1784 7/1956/1784
f 4/1957/1785 1/1803/1785 2/1806/1785
f 2/1806/1786 7/1958/1786 4/1957/1786
f 152/1959/1787 138/1946/1787 145/1947/1787
f 145/1947/1788 158/1960/1788 152/1959/1788
f 136/1961/1789 122/1948/1789 138/1946/1789
f 138/1946/1790 152/1959/1790 136/1961/1790
f 108/1962/1791 98/1949/1791 122/1948/1791
f 122/1948/1792 136/1961/1792 108/1962/1792
f 89/1963/1793 80/1950/1793 98/1949/1793
f 98/1949/1794 108/1962/1794 89/1963/1794
f 70/1964/1795 60/1951/1795 80/1952/1795
f 80/1952/1796 89/1965/1796 70/1964/1796
f 52/1966/1797 42/1953/1797 60/1951/1797
f 60/1951/1798 70/1964/1798 52/1966/1798
f 38/1967/1799 28/1954/1799 42/1953/1799
f 42/1953/1800 52/1966/1800 38/1967/1800
f 26/1968/1801 13/1955/1801 28/1954/1801
f 28/1954/1802 38/1967/1802 26/1968/1802
f 19/1969/1803 7/1956/1803 13/1955/1803
f 13/1955/1804 26/1968/1804 19/1969/1804
f 15/1970/1805 4/1957/1805 7/1958/1805
f 7/1958/1806 19/1971/1806 15/1970/1806
f 173/1972/1807 152/1959/1807 158/1960/1807
f 158/1960/1808 176/1973/1808 173/1972/1808
f 162/1974/1809 136/1961/1809 152/1959/1809
f 152/1959/1810 173/1972/1810 162/1974/1810
f 142/1975/1811 108/1962/1811 136/1961/1811
f 136/1961/1812 162/1974/1812 142/1975/1812
f 111/1976/1813 89/1963/1813 108/1962/1813
f 108/1962/1814 142/1975/1814 111/1976/1814
f 91/1977/1815 70/1964/1815 89/1965/1815
f 89/1965/1816 111/1978/1816 91/1977/1816
f 73/1979/1817 52/1966/1817 70/1964/1817
f 70/1964/1818 91/1977/1818 73/1979/1818
f 58/1980/1819 38/1967/1819 52/1966/1819
f 52/1966/1820 73/1979/1820 58/1980/1820
f 48/1981/1821 26/1968/1821 38/1967/1821
f 38/1967/1822 58/1980/1822 48/1981/1822
f 37/1982/1823 19/1969/1823 26/1968/1823
f 26/1968/1824 48/1981/1824 37/1982/1824
f 35/1983/1825 15/1970/1825 19/1971/1825
f 19/1971/1826 37/1984/1826 35/1983/1826
f 194/1985/1827 173/1972/1827 176/1973/1827
f 176/1973/1828 202/1986/1828 194/1985/1828
f 184/1987/1829 162/1974/1829 173/1972/1829
f 173/1972/1830 194/1985/1830 184/1987/1830
f 174/1988/1831 142/1975/1831 162/1974/1831
f 162/1974/1832 184/1987/1832 174/1988/1832
f 156/1989/1833 111/1976/1833 142/1975/1833
f 142/1975/1834 174/1988/1834 156/1989/1834
f 128/1990/1835 91/1977/1835 111/1978/1835
f 111/1978/1836 156/1991/1836 128/1990/1836
f 106/1992/1837 73/1979/1837 91/1977/1837
f 91/1977/1838 128/1990/1838 106/1992/1838
f 86/1993/1839 58/1980/1839 73/1979/1839
f 73/1979/1840 106/1992/1840 86/1993/1840
f 78/1994/1841 48/1981/1841 58/1980/1841
f 58/1980/1842 86/1993/1842 78/1994/1842
f 68/1995/1843 37/1982/1843 48/1981/1843
f 48/1981/1844 78/1994/1844 68/1995/1844
f 67/1996/1845 35/1983/1845 37/1984/1845
f 37/1984/1846 68/1997/1846 67/1996/1846
f 221/1998/1847 194/1985/1847 202/1986/1847
f 202/1999/1848 225/2000/1848 221/2001/1848
f 216/2002/1849 184/1987/1849 194/1985/1849
f 194/1985/1850 221/1998/1850 216/2002/1850
f 206/2003/1851 174/1988/1851 184/1987/1851
f 184/1987/1852 216/2002/1852 206/2003/1852
f 192/2004/1853 156/1989/1853 174/1988/1853
f 174/1988/1854 206/2003/1854 192/2004/1854
f 180/2005/1855 128/1990/1855 156/1991/1855
f 156/1991/1856 192/2006/1856 180/2005/1856
f 164/2007/1857 106/1992/1857 128/1990/1857
f 128/1990/1858 180/2005/1858 164/2007/1858
f 148/2008/1859 86/1993/1859 106/1992/1859
f 106/1992/1860 164/2007/1860 148/2008/1860
f 130/2009/1861 78/1994/1861 86/1993/1861
f 86/1993/1862 148/2008/1862 130/2009/1862
f 121/2010/1863 68/1995/1863 78/1994/1863
f 78/2011/1864 130/2012/1864 121/2013/1864
f 115/2014/1865 67/2015/1865 68/2016/1865
f 68/2016/1866 121/2013/1866 115/2014/1866
f 244/2017/1867 221/2001/1867 225/2000/1867
f 225/2000/1868 247/2018/1868 244/2017/1868
f 240/2019/1869 216/2002/1869 221/1998/1869
f 221/1998/1870 244/2020/1870 240/2019/1870
f 236/2021/1871 206/2003/1871 216/2002/1871
f 216/2002/1872 240/2019/1872 236/2021/1872
f 233/2022/1873 192/2004/1873 206/2003/1873
f 206/2003/1874 236/2021/1874 233/2022/1874
f 227/2023/1875 180/2005/1875 192/2006/1875
f 192/2006/1876 233/2024/1876 227/2023/1876
f 215/2025/1877 164/2007/1877 180/2005/1877
f 180/2005/1878 227/2023/1878 215/2025/1878
f 210/2026/1879 148/2008/1879 164/2007/1879
f 164/2007/1880 215/2025/1880 210/2026/1880
f 203/2027/1881 130/2009/1881 148/2008/1881
f 148/2008/1882 210/2026/1882 203/2027/1882
f 191/2028/1883 121/2013/1883 130/2012/1883
f 130/2012/1884 203/2029/1884 191/2028/1884
f 188/2030/1885 115/2014/1885 121/2013/1885
f 121/2013/1886 191/2028/1886 188/2030/1886
f 284/2031/1887 244/2032/1887 247/2033/1887
f 247/2033/1888 285/2034/1888 284/2031/1888
f 279/2035/1889 240/2019/1889 244/2020/1889
f 244/2020/1890 284/2036/1890 279/2035/1890
f 277/2037/1891 236/2021/1891 240/2019/1891
f 240/2019/1892 279/2035/1892 277/2037/1892
f 273/2038/1893 233/2022/1893 236/2021/1893
f 236/2021/1894 277/2037/1894 273/2038/1894
f 267/2039/1895 227/2023/1895 233/2024/1895
f 233/2024/1896 273/2040/1896 267/2039/1896
f 263/2041/1897 215/2025/1897 227/2023/1897
f 227/2023/1898 267/2039/1898 263/2041/1898
f 258/2042/1899 210/2026/1899 215/2025/1899
f 215/2025/1900 263/2041/1900 258/2042/1900
f 253/2043/1901 203/2027/1901 210/2026/1901
f 210/2026/1902 258/2042/1902 253/2043/1902
f 245/2044/1903 191/2028/1903 203/2029/1903
f 203/2029/1904 253/2045/1904 245/2044/1904
f 242/2046/1905 188/2030/1905 191/2028/1905
f 191/2028/1906 245/2044/1906 242/2046/1906
f 315/2047/1907 284/2031/1907 285/2034/1907
f 285/2034/1908 318/2048/1908 315/2047/1908
f 312/2049/1909 279/2050/1909 284/2031/1909
f 284/2031/1910 315/2047/1910 312/2049/1910
f 311/2051/1911 277/2037/1911 279/2035/1911
f 279/2050/1912 312/2049/1912 311/2052/1912
f 309/2053/1913 273/2038/1913 277/2037/1913
f 277/2037/1914 311/2051/1914 309/2053/1914
f 307/2054/1915 267/2039/1915 273/2040/1915
f 273/2040/1916 309/2055/1916 307/2054/1916
f 305/2056/1917 263/2041/1917 267/2039/1917
f 267/2039/1918 307/2054/1918 305/2056/1918
f 301/2057/1919 258/2042/1919 263/2041/1919
f 263/2041/1920 305/2056/1920 301/2057/1920
f 297/2058/1921 253/2045/1921 258/2059/1921
f 258/2059/1922 301/2060/1922 297/2058/1922
f 295/2061/1923 245/2044/1923 253/2045/1923
f 253/2045/1924 297/2058/1924 295/2061/1924
f 293/2062/1925 242/2046/1925 245/2044/1925
f 245/2044/1926 295/2061/1926 293/2062/1926
f 341/2063/1927 315/2047/1927 318/2048/1927
f 318/2048/1928 339/2064/1928 341/2063/1928
f 343/2065/1929 312/2049/1929 315/2047/1929
f 315/2047/1930 341/2063/1930 343/2065/1930
f 345/2066/1931 311/2052/1931 312/2049/1931
f 312/2049/1932 343/2065/1932 345/2066/1932
f 347/2067/1933 309/2055/1933 311/2068/1933
f 311/2069/1934 345/2070/1934 347/2071/1934
f 349/2072/1935 307/2054/1935 309/2055/1935
f 309/2055/1936 347/2067/1936 349/2072/1936
f 351/2073/1937 305/2056/1937 307/2054/1937
f 307/2054/1938 349/2072/1938 351/2073/1938
f 353/2074/1939 301/2057/1939 305/2056/1939
f 305/2056/1940 351/2073/1940 353/2074/1940
f 355/2075/1941 297/2058/1941 301/2060/1941
f 301/2060/1942 353/2076/1942 355/2075/1942
f 357/2077/1943 295/2061/1943 297/2058/1943
f 297/2058/1944 355/2075/1944 357/2077/1944
f 359/2078/1945 293/2062/1945 295/2061/1945
f 295/2061/1946 357/2077/1946 359/2078/1946
f 378/2079/1947 341/2063/1947 339/2064/1947
f 339/2064/1948 376/2080/1948 378/2079/1948
f 384/2081/1949 343/2065/1949 341/2063/1949
f 341/2063/1950 378/2079/1950 384/2081/1950
f 394/2082/1951 345/2066/1951 343/2065/1951
f 343/2065/1952 384/2081/1952 394/2082/1952
f 403/2083/1953 347/2067/1953 345/2084/1953
f 345/2084/1954 394/2085/1954 403/2083/1954
f 406/2086/1955 349/2072/1955 347/2067/1955
f 347/2067/1956 403/2083/1956 406/2086/1956
f 415/2087/1957 351/2073/1957 349/2072/1957
f 349/2072/1958 406/2086/1958 415/2087/1958
f 419/2088/1959 353/2074/1959 351/2073/1959
f 351/2073/1960 415/2087/1960 419/2088/1960
f 423/2089/1961 355/2075/1961 353/2076/1961
f 353/2076/1962 419/2090/1962 423/2089/1962
f 425/2091/1963 357/2077/1963 355/2075/1963
f 355/2075/1964 423/2089/1964 425/2091/1964
f 427/2092/1965 359/2078/1965 357/2077/1965
f 357/2077/1966 425/2091/1966 427/2092/1966
f 8/2093/1967 3/1934/1967 1/1803/1967
f 1/1803/1968 4/1957/1968 8/2093/1968
f 14/2094/1969 12/1935/1969 3/1934/1969
f 3/1934/1970 8/2093/1970 14/2094/1970
f 29/2095/1971 23/1936/1971 12/1935/1971
f 12/1935/1972 14/2094/1972 29/2095/1972
f 43/2096/1973 41/1937/1973 23/1936/1973
f 23/1936/1974 29/2095/1974 43/2096/1974
f 59/2097/1975 56/1938/1975 41/1937/1975
f 41/1937/1976 43/2096/1976 59/2097/1976
f 81/2098/1977 77/1939/1977 56/1940/1977
f 56/1940/1978 59/2099/1978 81/2098/1978
f 99/2100/1979 95/1941/1979 77/1939/1979
f 77/1939/1980 81/2098/1980 99/2100/1980
f 123/2101/1981 117/1942/1981 95/1941/1981
f 95/1941/1982 99/2100/1982 123/2101/1982
f 139/2102/1983 133/1943/1983 117/1942/1983
f 117/1942/1984 123/2101/1984 139/2102/1984
f 145/2103/1985 140/1944/1985 133/1943/1985
f 133/1943/1986 139/2102/1986 145/2103/1986
f 20/2104/1987 8/2093/1987 4/1957/1987
f 4/1957/1988 16/1970/1988 20/2104/1988
f 27/2105/1989 14/2094/1989 8/2093/1989
f 8/2093/1990 20/2104/1990 27/2105/1990
f 39/2106/1991 29/2095/1991 14/2094/1991
f 14/2094/1992 27/2105/1992 39/2106/1992
f 51/2107/1993 43/2096/1993 29/2095/1993
f 29/2095/1994 39/2106/1994 51/2107/1994
f 71/2108/1995 59/2097/1995 43/2096/1995
f 43/2096/1996 51/2107/1996 71/2108/1996
f 88/2109/1997 81/2098/1997 59/2099/1997
f 59/2099/1998 71/2110/1998 88/2109/1998
f 109/2111/1999 99/2100/1999 81/2098/1999
f 81/2098/2000 88/2109/2000 109/2111/2000
f 137/2112/2001 123/2101/2001 99/2100/2001
f 99/2100/2002 109/2111/2002 137/2112/2002
f 153/2113/2003 139/2102/2003 123/2101/2003
f 123/2101/2004 137/2112/2004 153/2113/2004
f 159/2114/2005 145/2103/2005 139/2102/2005
f 139/2102/2006 153/2113/2006 159/2114/2006
f 36/2115/2007 20/2104/2007 16/1970/2007
f 16/1970/2008 34/1983/2008 36/2115/2008
f 49/2116/2009 27/2105/2009 20/2104/2009
f 20/2104/2010 36/2115/2010 49/2116/2010
f 57/2117/2011 39/2106/2011 27/2105/2011
f 27/2105/2012 49/2116/2012 57/2117/2012
f 72/2118/2013 51/2107/2013 39/2106/2013
f 39/2106/2014 57/2117/2014 72/2118/2014
f 90/2119/2015 71/2108/2015 51/2107/2015
f 51/2107/2016 72/2118/2016 90/2119/2016
f 110/2120/2017 88/2109/2017 71/2110/2017
f 71/2110/2018 90/2121/2018 110/2120/2018
f 141/2122/2019 109/2111/2019 88/2109/2019
f 88/2109/2020 110/2120/2020 141/2122/2020
f 163/2123/2021 137/2112/2021 109/2111/2021
f 109/2111/2022 141/2122/2022 163/2123/2022
f 172/2124/2023 153/2113/2023 137/2112/2023
f 137/2112/2024 163/2123/2024 172/2124/2024
f 176/2125/2025 159/2114/2025 153/2113/2025
f 153/2113/2026 172/2124/2026 176/2125/2026
f 69/2126/2027 36/2115/2027 34/1983/2027
f 34/1983/2028 67/1996/2028 69/2126/2028
f 79/2127/2029 49/2116/2029 36/2115/2029
f 36/2115/2030 69/2126/2030 79/2127/2030
f 87/2128/2031 57/2117/2031 49/2116/2031
f 49/2116/2032 79/2127/2032 87/2128/2032
f 107/2129/2033 72/2118/2033 57/2117/2033
f 57/2117/2034 87/2128/2034 107/2129/2034
f 129/2130/2035 90/2119/2035 72/2118/2035
f 72/2118/2036 107/2129/2036 129/2130/2036
f 157/2131/2037 110/2120/2037 90/2121/2037
f 90/2121/2038 129/2132/2038 157/2131/2038
f 175/2133/2039 141/2122/2039 110/2120/2039
f 110/2120/2040 157/2131/2040 175/2133/2040
f 185/2134/2041 163/2123/2041 141/2122/2041
f 141/2122/2042 175/2133/2042 185/2134/2042
f 195/2135/2043 172/2124/2043 163/2123/2043
f 163/2123/2044 185/2134/2044 195/2135/2044
f 202/2136/2045 176/2125/2045 172/2124/2045
f 172/2124/2046 195/2135/2046 202/2136/2046
f 120/2137/2047 69/2126/2047 67/1996/2047
f 67/1996/2048 114/2138/2048 120/2137/2048
f 131/2139/2049 79/2127/2049 69/2126/2049
f 69/2126/2050 120/2137/2050 131/2139/2050
f 149/2140/2051 87/2128/2051 79/2127/2051
f 79/2127/2052 131/2139/2052 149/2140/2052
f 165/2141/2053 107/2129/2053 87/2128/2053
f 87/2128/2054 149/2140/2054 165/2141/2054
f 179/2142/2055 129/2130/2055 107/2129/2055
f 107/2129/2056 165/2141/2056 179/2142/2056
f 193/2143/2057 157/2131/2057 129/2132/2057
f 129/2132/2058 179/2144/2058 193/2143/2058
f 207/2145/2059 175/2133/2059 157/2131/2059
f 157/2131/2060 193/2143/2060 207/2145/2060
f 217/2146/2061 185/2134/2061 175/2133/2061
f 175/2133/2062 207/2145/2062 217/2146/2062
f 220/2147/2063 195/2135/2063 185/2134/2063
f 185/2134/2064 217/2146/2064 220/2147/2064
f 224/2148/2065 202/2136/2065 195/2135/2065
f 195/2135/2066 220/2147/2066 224/2148/2066
f 190/2149/2067 120/2150/2067 114/2151/2067
f 114/2151/2068 189/2152/2068 190/2149/2068
f 204/2153/2069 131/2139/2069 120/2137/2069
f 120/2137/2070 190/2154/2070 204/2153/2070
f 211/2155/2071 149/2140/2071 131/2139/2071
f 131/2139/2072 204/2153/2072 211/2155/2072
f 214/2156/2073 165/2141/2073 149/2140/2073
f 149/2140/2074 211/2155/2074 214/2156/2074
f 226/2157/2075 179/2142/2075 165/2141/2075
f 165/2141/2076 214/2156/2076 226/2157/2076
f 232/2158/2077 193/2143/2077 179/2144/2077
f 179/2144/2078 226/2159/2078 232/2158/2078
f 237/2160/2079 207/2145/2079 193/2143/2079
f 193/2143/2080 232/2158/2080 237/2160/2080
f 241/2161/2081 217/2146/2081 207/2145/2081
f 207/2145/2082 237/2160/2082 241/2161/2082
f 243/2162/2083 220/2147/2083 217/2146/2083
f 217/2146/2084 241/2161/2084 243/2162/2084
f 248/2163/2085 224/2148/2085 220/2147/2085
f 220/2147/2086 243/2162/2086 248/2163/2086
f 246/2164/2087 190/2149/2087 189/2152/2087
f 189/2152/2088 242/2165/2088 246/2164/2088
f 254/2166/2089 204/2153/2089 190/2154/2089
f 190/2154/2090 246/2167/2090 254/2166/2090
f 257/2168/2091 211/2155/2091 204/2153/2091
f 204/2153/2092 254/2166/2092 257/2168/2092
f 264/2169/2093 214/2156/2093 211/2155/2093
f 211/2155/2094 257/2168/2094 264/2169/2094
f 268/2170/2095 226/2157/2095 214/2156/2095
f 214/2156/2096 264/2169/2096 268/2170/2096
f 274/2171/2097 232/2158/2097 226/2159/2097
f 226/2159/2098 268/2172/2098 274/2171/2098
f 278/2173/2099 237/2160/2099 232/2158/2099
f 232/2158/2100 274/2171/2100 278/2173/2100
f 280/2174/2101 241/2161/2101 237/2160/2101
f 237/2160/2102 278/2173/2102 280/2174/2102
f 283/2175/2103 243/2162/2103 241/2161/2103
f 241/2161/2104 280/2174/2104 283/2175/2104
f 285/2176/2105 248/2163/2105 243/2162/2105
f 243/2162/2106 283/2175/2106 285/2176/2106
f 294/2177/2107 246/2164/2107 242/2165/2107
f 242/2165/2108 292/2178/2108 294/2177/2108
f 296/2179/2109 254/2180/2109 246/2164/2109
f 246/2164/2110 294/2177/2110 296/2179/2110
f 300/2181/2111 257/2168/2111 254/2166/2111
f 254/2166/2112 296/2182/2112 300/2181/2112
f 304/2183/2113 264/2169/2113 257/2168/2113
f 257/2168/2114 300/2181/2114 304/2183/2114
f 306/2184/2115 268/2170/2115 264/2169/2115
f 264/2169/2116 304/2183/2116 306/2184/2116
f 308/2185/2117 274/2171/2117 268/2172/2117
f 268/2172/2118 306/2186/2118 308/2185/2118
f 310/2187/2119 278/2173/2119 274/2171/2119
f 274/2171/2120 308/2185/2120 310/2187/2120
f 313/2188/2121 280/2174/2121 278/2173/2121
f 278/2173/2122 310/2187/2122 313/2188/2122
f 314/2189/2123 283/2175/2123 280/2174/2123
f 280/2174/2124 313/2188/2124 314/2189/2124
f 317/2190/2125 285/2191/2125 283/2192/2125
f 283/2192/2126 314/2193/2126 317/2190/2126
f 356/2194/2127 294/2177/2127 292/2178/2127
f 292/2178/2128 358/2195/2128 356/2194/2128
f 354/2196/2129 296/2179/2129 294/2177/2129
f 294/2177/2130 356/2194/2130 354/2196/2130
f 352/2197/2131 300/2181/2131 296/2182/2131
f 296/2182/2132 354/2198/2132 352/2197/2132
f 350/2199/2133 304/2183/2133 300/2181/2133
f 300/2181/2134 352/2197/2134 350/2199/2134
f 348/2200/2135 306/2184/2135 304/2183/2135
f 304/2183/2136 350/2199/2136 348/2200/2136
f 346/2201/2137 308/2185/2137 306/2186/2137
f 306/2186/2138 348/2202/2138 346/2201/2138
f 344/2203/2139 310/2187/2139 308/2185/2139
f 308/2185/2140 346/2201/2140 344/2203/2140
f 342/2204/2141 313/2188/2141 310/2187/2141
f 310/2187/2142 344/2203/2142 342/2204/2142
f 340/2205/2143 314/2193/2143 313/2206/2143
f 313/2206/2144 342/2207/2144 340/2205/2144
f 338/2208/2145 317/2190/2145 314/2193/2145
f 314/2193/2146 340/2205/2146 338/2208/2146
f 424/2209/2147 356/2194/2147 358/2195/2147
f 358/2195/2148 426/2210/2148 424/2209/2148
f 422/2211/2149 354/2196/2149 356/2194/2149
f 356/2194/2150 424/2209/2150 422/2211/2150
f 418/2212/2151 352/2197/2151 354/2198/2151
f 354/2198/2152 422/2213/2152 418/2212/2152
f 414/2214/2153 350/2199/2153 352/2197/2153
f 352/2197/2154 418/2212/2154 414/2214/2154
f 407/2215/2155 348/2200/2155 350/2199/2155
f 350/2199/2156 414/2214/2156 407/2215/2156
f 402/2216/2157 346/2201/2157 348/2202/2157
f 348/2202/2158 407/2217/2158 402/2216/2158
f 393/2218/2159 344/2203/2159 346/2201/2159
f 346/2201/2160 402/2216/2160 393/2218/2160
f 383/2219/2161 342/2207/2161 344/2220/2161
f 344/2220/2162 393/2221/2162 383/2219/2162
f 377/2222/2163 340/2205/2163 342/2207/2163
f 342/2207/2164 383/2219/2164 377/2222/2164
f 375/2223/2165 338/2208/2165 340/2205/2165
f 340/2205/2166 377/2222/2166 375/2223/2166
f 3186/2224/2167 3113/2225/2167 3115/2226/2167
f 3115/2226/2168 3182/2227/2168 3186/2224/2168
f 3192/2228/2169 3110/2229/2169 3113/2225/2169
f 3113/2225/2170 3186/2224/2170 3192/2228/2170
f 3196/2230/2171 3109/2231/2171 3110/2232/2171
f 3110/2229/2172 3192/2228/2172 3196/2233/2172
f 3205/2234/2173 3106/2235/2173 3109/2231/2173
f 3109/2231/2174 3196/2230/2174 3205/2234/2174
f 3211/2236/2175 3104/2237/2175 3106/2235/2175
f 3106/2235/2176 3205/2234/2176 3211/2236/2176
f 3215/2238/2177 3102/2239/2177 3104/2237/2177
f 3104/2237/2178 3211/2236/2178 3215/2238/2178
f 3217/2240/2179 3101/2241/2179 3102/2239/2179
f 3102/2239/2180 3215/2238/2180 3217/2240/2180
f 3220/2242/2181 3098/2243/2181 3101/2244/2181
f 3101/2244/2182 3217/2245/2182 3220/2242/2182
f 3222/2246/2183 3097/2247/2183 3098/2243/2183
f 3098/2243/2184 3220/2242/2184 3222/2246/2184
f 3223/2248/2185 3095/2249/2185 3097/2247/2185
f 3097/2247/2186 3222/2246/2186 3223/2248/2186
f 3227/2250/2187 3186/2224/2187 3182/2227/2187
f 3182/2227/2188 3225/2251/2188 3227/2250/2188
f 3229/2252/2189 3192/2228/2189 3186/2224/2189
f 3186/2224/2190 3227/2250/2190 3229/2252/2190
f 3231/2253/2191 3196/2230/2191 3192/2254/2191
f 3192/2228/2192 3229/2252/2192 3231/2255/2192
f 3233/2256/2193 3205/2234/2193 3196/2230/2193
f 3196/2230/2194 3231/2253/2194 3233/2256/2194
f 3235/2257/2195 3211/2236/2195 3205/2234/2195
f 3205/2234/2196 3233/2256/2196 3235/2257/2196
f 3241/2258/2197 3215/2238/2197 3211/2236/2197
f 3211/2236/2198 3235/2257/2198 3241/2258/2198
f 3245/2259/2199 3217/2260/2199 3215/2261/2199
f 3215/2261/2200 3241/2262/2200 3245/2259/2200
f 3249/2263/2201 3220/2264/2201 3217/2260/2201
f 3217/2260/2202 3245/2259/2202 3249/2263/2202
f 3251/2265/2203 3222/2246/2203 3220/2242/2203
f 3220/2242/2204 3249/2266/2204 3251/2265/2204
f 3253/2267/2205 3223/2248/2205 3222/2246/2205
f 3222/2246/2206 3251/2265/2206 3253/2267/2206
f 3239/2268/2207 3227/2250/2207 3225/2251/2207
f 3225/2251/2208 3237/2269/2208 3239/2268/2208
f 3243/2270/2209 3229/2252/2209 3227/2250/2209
f 3227/2250/2210 3239/2268/2210 3243/2270/2210
f 3247/2271/2211 3231/2253/2211 3229/2272/2211
f 3229/2272/2212 3243/2273/2212 3247/2271/2212
f 3257/2274/2213 3233/2256/2213 3231/2253/2213
f 3231/2253/2214 3247/2271/2214 3257/2274/2214
f 3263/2275/2215 3235/2257/2215 3233/2256/2215
f 3233/2256/2216 3257/2274/2216 3263/2275/2216
f 3271/2276/2217 3241/2258/2217 3235/2257/2217
f 3235/2257/2218 3263/2275/2218 3271/2276/2218
f 3279/2277/2219 3245/2259/2219 3241/2262/2219
f 3241/2262/2220 3271/2278/2220 3279/2277/2220
f 3285/2279/2221 3249/2263/2221 3245/2259/2221
f 3245/2259/2222 3279/2277/2222 3285/2279/2222
f 3293/2280/2223 3251/2281/2223 3249/2263/2223
f 3249/2263/2224 3285/2279/2224 3293/2280/2224
f 3297/2282/2225 3253/2267/2225 3251/2265/2225
f 3251/2265/2226 3293/2283/2226 3297/2282/2226
f 3259/2284/2227 3239/2268/2227 3237/2269/2227
f 3237/2269/2228 3255/2285/2228 3259/2284/2228
f 3261/2286/2229 3243/2270/2229 3239/2268/2229
f 3239/2268/2230 3259/2284/2230 3261/2286/2230
f 3265/2287/2231 3247/2271/2231 3243/2273/2231
f 3243/2273/2232 3261/2288/2232 3265/2287/2232
f 3275/2289/2233 3257/2274/2233 3247/2271/2233
f 3247/2271/2234 3265/2287/2234 3275/2289/2234
f 3287/2290/2235 3263/2275/2235 3257/2274/2235
f 3257/2274/2236 3275/2289/2236 3287/2290/2236
f 3303/2291/2237 3271/2278/2237 3263/2292/2237
f 3263/2292/2238 3287/2293/2238 3303/2291/2238
f 3314/2294/2239 3279/2277/2239 3271/2278/2239
f 3271/2278/2240 3303/2291/2240 3314/2294/2240
f 3320/2295/2241 3285/2279/2241 3279/2277/2241
f 3279/2277/2242 3314/2294/2242 3320/2295/2242
f 3330/2296/2243 3293/2280/2243 3285/2279/2243
f 3285/2279/2244 3320/2295/2244 3330/2296/2244
f 3332/2297/2245 3297/2298/2245 3293/2280/2245
f 3293/2280/2246 3330/2296/2246 3332/2297/2246
f 3270/2299/2247 3259/2284/2247 3255/2285/2247
f 3255/2285/2248 3268/2300/2248 3270/2299/2248
f 3273/2301/2249 3261/2288/2249 3259/2302/2249
f 3259/2302/2250 3270/2303/2250 3273/2301/2250
f 3283/2304/2251 3265/2287/2251 3261/2288/2251
f 3261/2288/2252 3273/2301/2252 3283/2304/2252
f 3299/2305/2253 3275/2289/2253 3265/2287/2253
f 3265/2287/2254 3283/2304/2254 3299/2305/2254
f 3308/2306/2255 3287/2290/2255 3275/2289/2255
f 3275/2289/2256 3299/2305/2256 3308/2306/2256
f 3322/2307/2257 3303/2291/2257 3287/2293/2257
f 3287/2293/2258 3308/2308/2258 3322/2307/2258
f 3338/2309/2259 3314/2294/2259 3303/2291/2259
f 3303/2291/2260 3322/2307/2260 3338/2309/2260
f 3346/2310/2261 3320/2295/2261 3314/2294/2261
f 3314/2294/2262 3338/2309/2262 3346/2310/2262
f 3351/2311/2263 3330/2296/2263 3320/2295/2263
f 3320/2295/2264 3346/2310/2264 3351/2311/2264
f 3355/2312/2265 3332/2297/2265 3330/2296/2265
f 3330/2296/2266 3351/2311/2266 3355/2312/2266
f 3282/2313/2267 3270/2314/2267 3268/2315/2267
f 3268/2315/2268 3278/2316/2268 3282/2313/2268
f 3290/2317/2269 3273/2301/2269 3270/2303/2269
f 3270/2303/2270 3282/2318/2270 3290/2317/2270
f 3302/2319/2271 3283/2304/2271 3273/2301/2271
f 3273/2301/2272 3290/2317/2272 3302/2319/2272
f 3312/2320/2273 3299/2305/2273 3283/2304/2273
f 3283/2304/2274 3302/2319/2274 3312/2320/2274
f 3324/2321/2275 3308/2306/2275 3299/2305/2275
f 3299/2305/2276 3312/2320/2276 3324/2321/2276
f 3340/2322/2277 3322/2307/2277 3308/2308/2277
f 3308/2306/2278 3324/2321/2278 3340/2323/2278
f 3353/2324/2279 3338/2309/2279 3322/2307/2279
f 3322/2307/2280 3340/2322/2280 3353/2324/2280
f 3368/2325/2281 3346/2310/2281 3338/2309/2281
f 3338/2309/2282 3353/2324/2282 3368/2325/2282
f 3373/2326/2283 3351/2311/2283 3346/2310/2283
f 3346/2310/2284 3368/2325/2284 3373/2326/2284
f 3379/2327/2285 3355/2312/2285 3351/2311/2285
f 3351/2311/2286 3373/2326/2286 3379/2327/2286
f 3295/2328/2287 3282/2313/2287 3278/2316/2287
f 3278/2316/2288 3292/2329/2288 3295/2328/2288
f 3306/2330/2289 3290/2317/2289 3282/2318/2289
f 3282/2318/2290 3295/2331/2290 3306/2330/2290
f 3316/2332/2291 3302/2319/2291 3290/2317/2291
f 3290/2317/2292 3306/2330/2292 3316/2332/2292
f 3326/2333/2293 3312/2320/2293 3302/2319/2293
f 3302/2319/2294 3316/2332/2294 3326/2333/2294
f 3345/2334/2295 3324/2321/2295 3312/2320/2295
f 3312/2320/2296 3326/2333/2296 3345/2334/2296
f 3359/2335/2297 3340/2323/2297 3324/2321/2297
f 3324/2321/2298 3345/2334/2298 3359/2335/2298
f 3376/2336/2299 3353/2324/2299 3340/2322/2299
f 3340/2322/2300 3359/2337/2300 3376/2336/2300
f 3394/2338/2301 3368/2325/2301 3353/2324/2301
f 3353/2324/2302 3376/2336/2302 3394/2338/2302
f 3404/2339/2303 3373/2326/2303 3368/2325/2303
f 3368/2325/2304 3394/2338/2304 3404/2339/2304
f 3406/2340/2305 3379/2327/2305 3373/2326/2305
f 3373/2326/2306 3404/2339/2306 3406/2340/2306
f 3310/2341/2307 3295/2328/2307 3292/2329/2307
f 3292/2342/2308 3307/2343/2308 3310/2344/2308
f 3318/2345/2309 3306/2330/2309 3295/2331/2309
f 3295/2331/2310 3310/2346/2310 3318/2345/2310
f 3336/2347/2311 3316/2332/2311 3306/2330/2311
f 3306/2330/2312 3318/2345/2312 3336/2347/2312
f 3348/2348/2313 3326/2333/2313 3316/2332/2313
f 3316/2332/2314 3336/2347/2314 3348/2348/2314
f 3369/2349/2315 3345/2334/2315 3326/2333/2315
f 3326/2333/2316 3348/2348/2316 3369/2349/2316
f 3389/2350/2317 3359/2335/2317 3345/2334/2317
f 3345/2334/2318 3369/2349/2318 3389/2350/2318
f 3425/2351/2319 3376/2336/2319 3359/2337/2319
f 3359/2337/2320 3389/2352/2320 3425/2351/2320
f 3449/2353/2321 3394/2338/2321 3376/2336/2321
f 3376/2336/2322 3425/2351/2322 3449/2353/2322
f 3468/2354/2323 3404/2339/2323 3394/2338/2323
f 3394/2338/2324 3449/2353/2324 3468/2354/2324
f 3472/2355/2325 3406/2340/2325 3404/2339/2325
f 3404/2339/2326 3468/2354/2326 3472/2355/2326
f 3335/2356/2327 3310/2357/2327 3307/2358/2327
f 3307/2358/2328 3329/2359/2328 3335/2356/2328
f 3343/2360/2329 3318/2345/2329 3310/2346/2329
f 3310/2346/2330 3335/2361/2330 3343/2360/2330
f 3362/2362/2331 3336/2347/2331 3318/2345/2331
f 3318/2345/2332 3343/2360/2332 3362/2362/2332
f 3386/2363/2333 3348/2348/2333 3336/2347/2333
f 3336/2347/2334 3362/2362/2334 3386/2363/2334
f 3422/2364/2335 3369/2349/2335 3348/2348/2335
f 3348/2348/2336 3386/2363/2336 3422/2364/2336
f 3464/2365/2337 3389/2350/2337 3369/2349/2337
f 3369/2349/2338 3422/2364/2338 3464/2365/2338
f 3490/2366/2339 3425/2351/2339 3389/2352/2339
f 3389/2352/2340 3464/2367/2340 3490/2366/2340
f 3505/2368/2341 3449/2353/2341 3425/2351/2341
f 3425/2351/2342 3490/2366/2342 3505/2368/2342
f 3521/2369/2343 3468/2354/2343 3449/2353/2343
f 3449/2353/2344 3505/2368/2344 3521/2369/2344
f 3523/2370/2345 3472/2355/2345 3468/2354/2345
f 3468/2354/2346 3521/2369/2346 3523/2370/2346
f 3364/2371/2347 3335/2356/2347 3329/2359/2347
f 3329/2359/2348 3357/2372/2348 3364/2371/2348
f 3382/2373/2349 3343/2374/2349 3335/2375/2349
f 3335/2376/2350 3364/2377/2350 3382/2378/2350
f 3416/2379/2351 3362/2362/2351 3343/2360/2351
f 3343/2360/2352 3382/2380/2352 3416/2379/2352
f 3465/2381/2353 3386/2363/2353 3362/2362/2353
f 3362/2362/2354 3416/2379/2354 3465/2381/2354
f 3495/2382/2355 3422/2364/2355 3386/2363/2355
f 3386/2363/2356 3465/2381/2356 3495/2382/2356
f 3528/2383/2357 3464/2365/2357 3422/2364/2357
f 3422/2364/2358 3495/2382/2358 3528/2383/2358
f 3553/2384/2359 3490/2366/2359 3464/2367/2359
f 3464/2367/2360 3528/2385/2360 3553/2384/2360
f 3579/2386/2361 3505/2368/2361 3490/2366/2361
f 3490/2366/2362 3553/2384/2362 3579/2386/2362
f 3592/2387/2363 3521/2388/2363 3505/2389/2363
f 3505/2389/2364 3579/2390/2364 3592/2387/2364
f 3604/2391/2365 3523/2392/2365 3521/2388/2365
f 3521/2388/2366 3592/2387/2366 3604/2391/2366
f 3221/2393/2367 3096/2394/2367 3094/2395/2367
f 3094/2395/2368 3224/2396/2368 3221/2393/2368
f 3219/2397/2369 3099/2398/2369 3096/2394/2369
f 3096/2394/2370 3221/2393/2370 3219/2397/2370
f 3218/2399/2371 3100/2400/2371 3099/2398/2371
f 3099/2398/2372 3219/2397/2372 3218/2399/2372
f 3216/2401/2373 3103/2402/2373 3100/2403/2373
f 3100/2403/2374 3218/2404/2374 3216/2401/2374
f 3212/2405/2375 3105/2406/2375 3103/2402/2375
f 3103/2402/2376 3216/2401/2376 3212/2405/2376
f 3206/2407/2377 3107/2408/2377 3105/2406/2377
f 3105/2406/2378 3212/2405/2378 3206/2407/2378
f 3197/2409/2379 3108/2410/2379 3107/2408/2379
f 3107/2408/2380 3206/2407/2380 3197/2409/2380
f 3193/2411/2381 3111/2412/2381 3108/2413/2381
f 3108/2413/2382 3197/2414/2382 3193/2411/2382
f 3187/2415/2383 3112/2416/2383 3111/2412/2383
f 3111/2412/2384 3193/2411/2384 3187/2415/2384
f 3183/2417/2385 3114/2418/2385 3112/2416/2385
f 3112/2416/2386 3187/2415/2386 3183/2417/2386
f 3252/2419/2387 3221/2393/2387 3224/2396/2387
f 3224/2396/2388 3254/2420/2388 3252/2419/2388
f 3250/2421/2389 3219/2397/2389 3221/2393/2389
f 3221/2393/2390 3252/2419/2390 3250/2421/2390
f 3246/2422/2391 3218/2399/2391 3219/2397/2391
f 3219/2397/2392 3250/2421/2392 3246/2422/2392
f 3242/2423/2393 3216/2424/2393 3218/2425/2393
f 3218/2425/2394 3246/2426/2394 3242/2423/2394
f 3236/2427/2395 3212/2428/2395 3216/2424/2395
f 3216/2424/2396 3242/2423/2396 3236/2427/2396
f 3234/2429/2397 3206/2407/2397 3212/2405/2397
f 3212/2405/2398 3236/2430/2398 3234/2429/2398
f 3232/2431/2399 3197/2409/2399 3206/2407/2399
f 3206/2407/2400 3234/2429/2400 3232/2431/2400
f 3230/2432/2401 3193/2411/2401 3197/2414/2401
f 3197/2414/2402 3232/2433/2402 3230/2432/2402
f 3228/2434/2403 3187/2415/2403 3193/2411/2403
f 3193/2411/2404 3230/2432/2404 3228/2434/2404
f 3226/2435/2405 3183/2417/2405 3187/2415/2405
f 3187/2415/2406 3228/2434/2406 3226/2435/2406
f 3294/2436/2407 3252/2419/2407 3254/2420/2407
f 3254/2420/2408 3298/2437/2408 3294/2436/2408
f 3286/2438/2409 3250/2421/2409 3252/2419/2409
f 3252/2419/2410 3294/2436/2410 3286/2438/2410
f 3280/2439/2411 3246/2426/2411 3250/2440/2411
f 3250/2440/2412 3286/2441/2412 3280/2439/2412
f 3272/2442/2413 3242/2423/2413 3246/2426/2413
f 3246/2426/2414 3280/2439/2414 3272/2442/2414
f 3264/2443/2415 3236/2427/2415 3242/2423/2415
f 3242/2423/2416 3272/2442/2416 3264/2443/2416
f 3258/2444/2417 3234/2429/2417 3236/2430/2417
f 3236/2430/2418 3264/2445/2418 3258/2444/2418
f 3248/2446/2419 3232/2431/2419 3234/2429/2419
f 3234/2429/2420 3258/2444/2420 3248/2446/2420
f 3244/2447/2421 3230/2432/2421 3232/2433/2421
f 3232/2433/2422 3248/2448/2422 3244/2447/2422
f 3240/2449/2423 3228/2434/2423 3230/2432/2423
f 3230/2432/2424 3244/2447/2424 3240/2449/2424
f 3238/2450/2425 3226/2435/2425 3228/2434/2425
f 3228/2434/2426 3240/2449/2426 3238/2450/2426
f 3331/2451/2427 3294/2452/2427 3298/2453/2427
f 3298/2453/2428 3333/2454/2428 3331/2451/2428
f 3321/2455/2429 3286/2441/2429 3294/2456/2429
f 3294/2456/2430 3331/2457/2430 3321/2455/2430
f 3315/2458/2431 3280/2439/2431 3286/2441/2431
f 3286/2441/2432 3321/2455/2432 3315/2458/2432
f 3304/2459/2433 3272/2442/2433 3280/2439/2433
f 3280/2439/2434 3315/2458/2434 3304/2459/2434
f 3288/2460/2435 3264/2443/2435 3272/2442/2435
f 3272/2442/2436 3304/2459/2436 3288/2460/2436
f 3276/2461/2437 3258/2444/2437 3264/2445/2437
f 3264/2445/2438 3288/2462/2438 3276/2461/2438
f 3266/2463/2439 3248/2446/2439 3258/2444/2439
f 3258/2444/2440 3276/2461/2440 3266/2463/2440
f 3262/2464/2441 3244/2465/2441 3248/2446/2441
f 3248/2446/2442 3266/2463/2442 3262/2464/2442
f 3260/2466/2443 3240/2449/2443 3244/2447/2443
f 3244/2447/2444 3262/2467/2444 3260/2466/2444
f 3256/2468/2445 3238/2450/2445 3240/2449/2445
f 3240/2449/2446 3260/2466/2446 3256/2468/2446
f 3350/2469/2447 3331/2451/2447 3333/2454/2447
f 3333/2454/2448 3354/2470/2448 3350/2469/2448
f 3347/2471/2449 3321/2455/2449 3331/2457/2449
f 3331/2457/2450 3350/2472/2450 3347/2471/2450
f 3339/2473/2451 3315/2458/2451 3321/2455/2451
f 3321/2455/2452 3347/2471/2452 3339/2473/2452
f 3323/2474/2453 3304/2459/2453 3315/2458/2453
f 3315/2458/2454 3339/2473/2454 3323/2474/2454
f 3309/2475/2455 3288/2460/2455 3304/2459/2455
f 3304/2459/2456 3323/2474/2456 3309/2475/2456
f 3300/2476/2457 3276/2461/2457 3288/2462/2457
f 3288/2462/2458 3309/2477/2458 3300/2476/2458
f 3284/2478/2459 3266/2463/2459 3276/2461/2459
f 3276/2461/2460 3300/2476/2460 3284/2478/2460
f 3274/2479/2461 3262/2464/2461 3266/2463/2461
f 3266/2463/2462 3284/2478/2462 3274/2479/2462
f 3269/2480/2463 3260/2481/2463 3262/2464/2463
f 3262/2464/2464 3274/2479/2464 3269/2480/2464
f 3267/2482/2465 3256/2483/2465 3260/2481/2465
f 3260/2481/2466 3269/2480/2466 3267/2482/2466
f 3372/2484/2467 3350/2472/2467 3354/2485/2467
f 3354/2485/2468 3378/2486/2468 3372/2484/2468
f 3367/2487/2469 3347/2471/2469 3350/2472/2469
f 3350/2472/2470 3372/2484/2470 3367/2487/2470
f 3352/2488/2471 3339/2473/2471 3347/2471/2471
f 3347/2471/2472 3367/2487/2472 3352/2488/2472
f 3341/2489/2473 3323/2474/2473 3339/2473/2473
f 3339/2473/2474 3352/2488/2474 3341/2489/2474
f 3325/2490/2475 3309/2475/2475 3323/2474/2475
f 3323/2474/2476 3341/2489/2476 3325/2490/2476
f 3313/2491/2477 3300/2476/2477 3309/2477/2477
f 3309/2477/2478 3325/2492/2478 3313/2491/2478
f 3301/2493/2479 3284/2478/2479 3300/2476/2479
f 3300/2476/2480 3313/2491/2480 3301/2493/2480
f 3289/2494/2481 3274/2479/2481 3284/2478/2481
f 3284/2478/2482 3301/2493/2482 3289/2494/2482
f 3281/2495/2483 3269/2480/2483 3274/2479/2483
f 3274/2479/2484 3289/2494/2484 3281/2495/2484
f 3277/2496/2485 3267/2482/2485 3269/2480/2485
f 3269/2480/2486 3281/2495/2486 3277/2496/2486
f 3403/2497/2487 3372/2484/2487 3378/2486/2487
f 3378/2486/2488 3405/2498/2488 3403/2497/2488
f 3393/2499/2489 3367/2487/2489 3372/2484/2489
f 3372/2484/2490 3403/2497/2490 3393/2499/2490
f 3377/2500/2491 3352/2488/2491 3367/2487/2491
f 3367/2487/2492 3393/2499/2492 3377/2500/2492
f 3360/2501/2493 3341/2489/2493 3352/2488/2493
f 3352/2488/2494 3377/2500/2494 3360/2501/2494
f 3344/2502/2495 3325/2490/2495 3341/2489/2495
f 3341/2489/2496 3360/2501/2496 3344/2502/2496
f 3327/2503/2497 3313/2491/2497 3325/2492/2497
f 3325/2492/2498 3344/2504/2498 3327/2503/2498
f 3317/2505/2499 3301/2493/2499 3313/2491/2499
f 3313/2491/2500 3327/2503/2500 3317/2505/2500
f 3305/2506/2501 3289/2494/2501 3301/2493/2501
f 3301/2493/2502 3317/2505/2502 3305/2506/2502
f 3296/2507/2503 3281/2495/2503 3289/2494/2503
f 3289/2494/2504 3305/2506/2504 3296/2507/2504
f 3291/2508/2505 3277/2496/2505 3281/2495/2505
f 3281/2495/2506 3296/2507/2506 3291/2508/2506
f 3469/2509/2507 3403/2510/2507 3405/2511/2507
f 3405/2512/2508 3472/2513/2508 3469/2514/2508
f 3450/2515/2509 3393/2499/2509 3403/2497/2509
f 3403/2497/2510 3469/2516/2510 3450/2515/2510
f 3426/2517/2511 3377/2500/2511 3393/2499/2511
f 3393/2499/2512 3450/2515/2512 3426/2517/2512
f 3390/2518/2513 3360/2501/2513 3377/2500/2513
f 3377/2500/2514 3426/2517/2514 3390/2518/2514
f 3370/2519/2515 3344/2502/2515 3360/2501/2515
f 3360/2501/2516 3390/2518/2516 3370/2519/2516
f 3349/2520/2517 3327/2503/2517 3344/2504/2517
f 3344/2504/2518 3370/2521/2518 3349/2520/2518
f 3337/2522/2519 3317/2505/2519 3327/2503/2519
f 3327/2503/2520 3349/2520/2520 3337/2522/2520
f 3319/2523/2521 3305/2506/2521 3317/2505/2521
f 3317/2505/2522 3337/2522/2522 3319/2523/2522
f 3311/2524/2523 3296/2507/2523 3305/2506/2523
f 3305/2506/2524 3319/2523/2524 3311/2524/2524
f 3307/2525/2525 3291/2508/2525 3296/2507/2525
f 3296/2507/2526 3311/2524/2526 3307/2525/2526
f 3520/2526/2527 3469/2527/2527 3472/2528/2527
f 3472/2528/2528 3522/2529/2528 3520/2526/2528
f 3504/2530/2529 3450/2515/2529 3469/2516/2529
f 3469/2516/2530 3520/2531/2530 3504/2530/2530
f 3489/2532/2531 3426/2517/2531 3450/2515/2531
f 3450/2515/2532 3504/2530/2532 3489/2532/2532
f 3463/2533/2533 3390/2518/2533 3426/2517/2533
f 3426/2517/2534 3489/2532/2534 3463/2533/2534
f 3421/2534/2535 3370/2519/2535 3390/2518/2535
f 3390/2518/2536 3463/2533/2536 3421/2534/2536
f 3385/2535/2537 3349/2520/2537 3370/2521/2537
f 3370/2521/2538 3421/2536/2538 3385/2535/2538
f 3361/2537/2539 3337/2522/2539 3349/2520/2539
f 3349/2520/2540 3385/2535/2540 3361/2537/2540
f 3342/2538/2541 3319/2523/2541 3337/2522/2541
f 3337/2522/2542 3361/2537/2542 3342/2538/2542
f 3334/2539/2543 3311/2524/2543 3319/2523/2543
f 3319/2523/2544 3342/2538/2544 3334/2539/2544
f 3328/2540/2545 3307/2525/2545 3311/2524/2545
f 3311/2524/2546 3334/2539/2546 3328/2540/2546
f 3591/2541/2547 3520/2526/2547 3522/2529/2547
f 3522/2529/2548 3603/2542/2548 3591/2541/2548
f 3578/2543/2549 3504/2544/2549 3520/2526/2549
f 3520/2526/2550 3591/2541/2550 3578/2543/2550
f 3552/2545/2551 3489/2532/2551 3504/2530/2551
f 3504/2530/2552 3578/2546/2552 3552/2545/2552
f 3530/2547/2553 3463/2533/2553 3489/2532/2553
f 3489/2532/2554 3552/2545/2554 3530/2547/2554
f 3499/2548/2555 3421/2536/2555 3463/2549/2555
f 3463/2549/2556 3530/2550/2556 3499/2548/2556
f 3467/2551/2557 3385/2535/2557 3421/2536/2557
f 3421/2536/2558 3499/2548/2558 3467/2551/2558
f 3415/2552/2559 3361/2537/2559 3385/2535/2559
f 3385/2535/2560 3467/2551/2560 3415/2552/2560
f 3381/2553/2561 3342/2538/2561 3361/2537/2561
f 3361/2537/2562 3415/2552/2562 3381/2553/2562
f 3363/2554/2563 3334/2555/2563 3342/2556/2563
f 3342/2556/2564 3381/2557/2564 3363/2554/2564
f 3356/2558/2565 3328/2559/2565 3334/2555/2565
f 3334/2555/2566 3363/2554/2566 3356/2558/2566
f 3374/2560/2567 3365/2561/2567 3358/2562/2567
f 3358/2562/2568 3371/2563/2568 3374/2560/2568
f 3395/2564/2569 3383/2565/2569 3365/2561/2569
f 3365/2561/2570 3374/2560/2570 3395/2564/2570
f 3443/2566/2571 3417/2567/2571 3383/2568/2571
f 3383/2568/2572 3395/2569/2572 3443/2566/2572
f 3481/2570/2573 3466/2571/2573 3417/2567/2573
f 3417/2567/2574 3443/2566/2574 3481/2570/2574
f 3514/2572/2575 3496/2573/2575 3466/2571/2575
f 3466/2571/2576 3481/2570/2576 3514/2572/2576
f 3545/2574/2577 3529/2575/2577 3496/2573/2577
f 3496/2573/2578 3514/2572/2578 3545/2574/2578
f 3573/2576/2579 3551/2577/2579 3529/2578/2579
f 3529/2578/2580 3545/2579/2580 3573/2576/2580
f 3597/2580/2581 3577/2581/2581 3551/2582/2581
f 3551/2582/2582 3573/2583/2582 3597/2580/2582
f 3613/2584/2583 3590/2585/2583 3577/2581/2583
f 3577/2581/2584 3597/2580/2584 3613/2584/2584
f 3619/2586/2585 3603/2542/2585 3590/2585/2585
f 3590/2585/2586 3613/2584/2586 3619/2586/2586
f 3387/2587/2587 3374/2560/2587 3371/2563/2587
f 3371/2563/2588 3380/2588/2588 3387/2587/2588
f 3413/2589/2589 3395/2564/2589 3374/2560/2589
f 3374/2560/2590 3387/2587/2590 3413/2589/2590
f 3461/2590/2591 3443/2591/2591 3395/2592/2591
f 3395/2593/2592 3413/2594/2592 3461/2595/2592
f 3493/2596/2593 3481/2570/2593 3443/2566/2593
f 3443/2566/2594 3461/2597/2594 3493/2596/2594
f 3524/2598/2595 3514/2572/2595 3481/2570/2595
f 3481/2570/2596 3493/2596/2596 3524/2598/2596
f 3556/2599/2597 3545/2574/2597 3514/2572/2597
f 3514/2572/2598 3524/2598/2598 3556/2599/2598
f 3584/2600/2599 3573/2601/2599 3545/2574/2599
f 3545/2574/2600 3556/2599/2600 3584/2600/2600
f 3611/2602/2601 3597/2603/2601 3573/2604/2601
f 3573/2604/2602 3584/2605/2602 3611/2602/2602
f 3628/2606/2603 3613/2584/2603 3597/2580/2603
f 3597/2580/2604 3611/2607/2604 3628/2606/2604
f 3632/2608/2605 3619/2586/2605 3613/2584/2605
f 3613/2584/2606 3628/2606/2606 3632/2608/2606
f 3398/2609/2607 3387/2587/2607 3380/2588/2607
f 3380/2588/2608 3391/2610/2608 3398/2609/2608
f 3435/2611/2609 3413/2589/2609 3387/2587/2609
f 3387/2587/2610 3398/2609/2610 3435/2611/2610
f 3473/2612/2611 3461/2613/2611 3413/2589/2611
f 3413/2589/2612 3435/2611/2612 3473/2612/2612
f 3500/2614/2613 3493/2615/2613 3461/2613/2613
f 3461/2613/2614 3473/2612/2614 3500/2614/2614
f 3531/2616/2615 3524/2598/2615 3493/2596/2615
f 3493/2596/2616 3500/2617/2616 3531/2616/2616
f 3562/2618/2617 3556/2599/2617 3524/2598/2617
f 3524/2598/2618 3531/2616/2618 3562/2618/2618
f 3595/2619/2619 3584/2600/2619 3556/2599/2619
f 3556/2599/2620 3562/2618/2620 3595/2619/2620
f 3617/2620/2621 3611/2602/2621 3584/2605/2621
f 3584/2605/2622 3595/2621/2622 3617/2620/2622
f 3633/2622/2623 3628/2606/2623 3611/2607/2623
f 3611/2602/2624 3617/2620/2624 3633/2623/2624
f 3641/2624/2625 3632/2608/2625 3628/2606/2625
f 3628/2606/2626 3633/2622/2626 3641/2624/2626
f 3409/2625/2627 3398/2609/2627 3391/2610/2627
f 3391/2610/2628 3400/2626/2628 3409/2625/2628
f 3447/2627/2629 3435/2611/2629 3398/2609/2629
f 3398/2609/2630 3409/2625/2630 3447/2627/2630
f 3477/2628/2631 3473/2612/2631 3435/2611/2631
f 3435/2611/2632 3447/2627/2632 3477/2628/2632
f 3506/2629/2633 3500/2614/2633 3473/2612/2633
f 3473/2612/2634 3477/2628/2634 3506/2629/2634
f 3540/2630/2635 3531/2631/2635 3500/2614/2635
f 3500/2614/2636 3506/2629/2636 3540/2630/2636
f 3567/2632/2637 3562/2618/2637 3531/2616/2637
f 3531/2631/2638 3540/2630/2638 3567/2633/2638
f 3601/2634/2639 3595/2619/2639 3562/2618/2639
f 3562/2618/2640 3567/2632/2640 3601/2634/2640
f 3624/2635/2641 3617/2620/2641 3595/2621/2641
f 3595/2621/2642 3601/2636/2642 3624/2635/2642
f 3639/2637/2643 3633/2623/2643 3617/2620/2643
f 3617/2620/2644 3624/2635/2644 3639/2637/2644
f 3644/2638/2645 3641/2639/2645 3633/2623/2645
f 3633/2623/2646 3639/2637/2646 3644/2638/2646
f 3433/2640/2647 3409/2625/2647 3400/2626/2647
f 3400/2626/2648 3411/2641/2648 3433/2640/2648
f 3453/2642/2649 3447/2627/2649 3409/2625/2649
f 3409/2625/2650 3433/2640/2650 3453/2642/2650
f 3483/2643/2651 3477/2628/2651 3447/2627/2651
f 3447/2627/2652 3453/2642/2652 3483/2643/2652
f 3510/2644/2653 3506/2629/2653 3477/2628/2653
f 3477/2628/2654 3483/2643/2654 3510/2644/2654
f 3543/2645/2655 3540/2630/2655 3506/2629/2655
f 3506/2629/2656 3510/2644/2656 3543/2645/2656
f 3569/2646/2657 3567/2633/2657 3540/2630/2657
f 3540/2630/2658 3543/2645/2658 3569/2646/2658
f 3599/2647/2659 3601/2648/2659 3567/2633/2659
f 3567/2633/2660 3569/2646/2660 3599/2647/2660
f 3622/2649/2661 3624/2650/2661 3601/2648/2661
f 3601/2648/2662 3599/2647/2662 3622/2649/2662
f 3637/2651/2663 3639/2652/2663 3624/2650/2663
f 3624/2650/2664 3622/2649/2664 3637/2651/2664
f 3642/2653/2665 3644/2654/2665 3639/2652/2665
f 3639/2652/2666 3637/2651/2666 3642/2653/2666
f 3439/2655/2667 3433/2640/2667 3411/2641/2667
f 3411/2641/2668 3424/2656/2668 3439/2655/2668
f 3458/2657/2669 3453/2642/2669 3433/2640/2669
f 3433/2640/2670 3439/2655/2670 3458/2657/2670
f 3487/2658/2671 3483/2643/2671 3453/2642/2671
f 3453/2642/2672 3458/2657/2672 3487/2658/2672
f 3513/2659/2673 3510/2644/2673 3483/2643/2673
f 3483/2643/2674 3487/2658/2674 3513/2659/2674
f 3542/2660/2675 3543/2645/2675 3510/2644/2675
f 3510/2644/2676 3513/2659/2676 3542/2660/2676
f 3566/2661/2677 3569/2646/2677 3543/2645/2677
f 3543/2645/2678 3542/2660/2678 3566/2661/2678
f 3593/2662/2679 3599/2647/2679 3569/2646/2679
f 3569/2646/2680 3566/2661/2680 3593/2662/2680
f 3616/2663/2681 3622/2649/2681 3599/2647/2681
f 3599/2647/2682 3593/2662/2682 3616/2663/2682
f 3630/2664/2683 3637/2651/2683 3622/2649/2683
f 3622/2649/2684 3616/2663/2684 3630/2664/2684
f 3636/2665/2685 3642/2653/2685 3637/2651/2685
f 3637/2651/2686 3630/2664/2686 3636/2665/2686
f 3441/2666/2687 3439/2667/2687 3424/2668/2687
f 3424/2668/2688 3429/2669/2688 3441/2666/2688
f 3459/2670/2689 3458/2671/2689 3439/2667/2689
f 3439/2667/2690 3441/2666/2690 3459/2670/2690
f 3485/2672/2691 3487/2673/2691 3458/2671/2691
f 3458/2671/2692 3459/2670/2692 3485/2672/2692
f 3508/2674/2693 3513/2659/2693 3487/2658/2693
f 3487/2658/2694 3485/2675/2694 3508/2674/2694
f 3533/2676/2695 3542/2660/2695 3513/2659/2695
f 3513/2659/2696 3508/2674/2696 3533/2676/2696
f 3558/2677/2697 3566/2661/2697 3542/2660/2697
f 3542/2660/2698 3533/2676/2698 3558/2677/2698
f 3582/2678/2699 3593/2662/2699 3566/2661/2699
f 3566/2661/2700 3558/2677/2700 3582/2678/2700
f 3607/2679/2701 3616/2663/2701 3593/2662/2701
f 3593/2662/2702 3582/2678/2702 3607/2679/2702
f 3620/2680/2703 3630/2664/2703 3616/2663/2703
f 3616/2663/2704 3607/2679/2704 3620/2680/2704
f 3626/2681/2705 3636/2665/2705 3630/2664/2705
f 3630/2664/2706 3620/2680/2706 3626/2681/2706
f 3437/2682/2707 3441/2666/2707 3429/2669/2707
f 3429/2669/2708 3427/2683/2708 3437/2682/2708
f 3455/2684/2709 3459/2670/2709 3441/2666/2709
f 3441/2666/2710 3437/2682/2710 3455/2684/2710
f 3479/2685/2711 3485/2672/2711 3459/2670/2711
f 3459/2670/2712 3455/2684/2712 3479/2685/2712
f 3502/2686/2713 3508/2687/2713 3485/2672/2713
f 3485/2672/2714 3479/2685/2714 3502/2686/2714
f 3526/2688/2715 3533/2689/2715 3508/2687/2715
f 3508/2687/2716 3502/2686/2716 3526/2688/2716
f 3547/2690/2717 3558/2677/2717 3533/2676/2717
f 3533/2676/2718 3526/2691/2718 3547/2690/2718
f 3571/2692/2719 3582/2678/2719 3558/2677/2719
f 3558/2677/2720 3547/2690/2720 3571/2692/2720
f 3588/2693/2721 3607/2679/2721 3582/2678/2721
f 3582/2678/2722 3571/2692/2722 3588/2693/2722
f 3605/2694/2723 3620/2680/2723 3607/2679/2723
f 3607/2679/2724 3588/2693/2724 3605/2694/2724
f 3609/2695/2725 3626/2681/2725 3620/2680/2725
f 3620/2680/2725 3605/2694/2725 3609/2695/2725
f 3419/2696/2726 3437/2697/2726 3427/2698/2726
f 3427/2698/2727 3408/2699/2727 3419/2696/2727
f 3445/2700/2728 3455/2684/2728 3437/2682/2728
f 3437/2682/2729 3419/2701/2729 3445/2700/2729
f 3470/2702/2730 3479/2685/2730 3455/2684/2730
f 3455/2684/2731 3445/2700/2731 3470/2702/2731
f 3492/2703/2732 3502/2686/2732 3479/2685/2732
f 3479/2685/2733 3470/2702/2733 3492/2703/2733
f 3517/2704/2734 3526/2705/2734 3502/2706/2734
f 3502/2706/2735 3492/2707/2735 3517/2704/2735
f 3536/2708/2736 3547/2709/2736 3526/2705/2736
f 3526/2705/2737 3517/2704/2737 3536/2708/2737
f 3554/2710/2738 3571/2711/2738 3547/2709/2738
f 3547/2709/2739 3536/2708/2739 3554/2710/2739
f 3575/2712/2740 3588/2693/2740 3571/2692/2740
f 3571/2692/2741 3554/2713/2741 3575/2712/2741
f 3580/2714/2742 3605/2694/2742 3588/2693/2742
f 3588/2693/2743 3575/2712/2743 3580/2714/2743
f 3587/2715/2744 3609/2695/2744 3605/2694/2744
f 3605/2694/2745 3580/2714/2745 3587/2715/2745
f 3401/2716/2746 3419/2696/2746 3408/2699/2746
f 3408/2699/2747 3397/2717/2747 3401/2716/2747
f 3431/2718/2748 3445/2719/2748 3419/2696/2748
f 3419/2696/2749 3401/2716/2749 3431/2718/2749
f 3451/2720/2750 3470/2702/2750 3445/2700/2750
f 3445/2700/2751 3431/2721/2751 3451/2720/2751
f 3475/2722/2752 3492/2703/2752 3470/2702/2752
f 3470/2702/2753 3451/2720/2753 3475/2722/2753
f 3497/2723/2754 3517/2704/2754 3492/2707/2754
f 3492/2707/2755 3475/2724/2755 3497/2723/2755
f 3518/2725/2756 3536/2708/2756 3517/2704/2756
f 3517/2704/2757 3497/2723/2757 3518/2725/2757
f 3537/2726/2758 3554/2710/2758 3536/2708/2758
f 3536/2708/2759 3518/2725/2759 3537/2726/2759
f 3549/2727/2760 3575/2712/2760 3554/2713/2760
f 3554/2713/2761 3537/2728/2761 3549/2727/2761
f 3560/2729/2762 3580/2714/2762 3575/2712/2762
f 3575/2712/2763 3549/2727/2763 3560/2729/2763
f 3564/2730/2764 3587/2715/2764 3580/2714/2764
f 3580/2714/2765 3560/2729/2765 3564/2730/2765
f 3614/2731/2766 3591/2541/2766 3603/2542/2766
f 3603/2542/2767 3619/2586/2767 3614/2731/2767
f 3598/2732/2768 3578/2543/2768 3591/2541/2768
f 3591/2541/2769 3614/2731/2769 3598/2732/2769
f 3574/2733/2770 3552/2734/2770 3578/2543/2770
f 3578/2543/2771 3598/2732/2771 3574/2733/2771
f 3546/2735/2772 3530/2547/2772 3552/2545/2772
f 3552/2545/2773 3574/2736/2773 3546/2735/2773
f 3515/2737/2774 3499/2548/2774 3530/2550/2774
f 3530/2550/2775 3546/2738/2775 3515/2737/2775
f 3482/2739/2776 3467/2551/2776 3499/2548/2776
f 3499/2548/2777 3515/2737/2777 3482/2739/2777
f 3444/2740/2778 3418/2552/2778 3467/2551/2778
f 3467/2551/2779 3482/2739/2779 3444/2740/2779
f 3396/2741/2780 3384/2742/2780 3418/2743/2780
f 3418/2744/2781 3444/2745/2781 3396/2746/2781
f 3375/2747/2782 3366/2748/2782 3384/2749/2782
f 3384/2749/2783 3396/2746/2783 3375/2747/2783
f 3371/2563/2784 3358/2562/2784 3366/2748/2784
f 3366/2748/2785 3375/2747/2785 3371/2563/2785
f 3629/2750/2786 3614/2731/2786 3619/2586/2786
f 3619/2586/2787 3632/2608/2787 3629/2750/2787
f 3612/2751/2788 3598/2732/2788 3614/2731/2788
f 3614/2731/2789 3629/2750/2789 3612/2751/2789
f 3585/2752/2790 3574/2736/2790 3598/2753/2790
f 3598/2753/2791 3612/2754/2791 3585/2752/2791
f 3557/2755/2792 3546/2735/2792 3574/2736/2792
f 3574/2736/2793 3585/2752/2793 3557/2755/2793
f 3525/2756/2794 3515/2737/2794 3546/2738/2794
f 3546/2738/2795 3557/2757/2795 3525/2756/2795
f 3494/2758/2796 3482/2739/2796 3515/2737/2796
f 3515/2737/2797 3525/2756/2797 3494/2758/2797
f 3462/2759/2798 3444/2740/2798 3482/2739/2798
f 3482/2739/2799 3494/2758/2799 3462/2759/2799
f 3414/2760/2800 3396/2746/2800 3444/2745/2800
f 3444/2745/2801 3462/2761/2801 3414/2760/2801
f 3388/2762/2802 3375/2747/2802 3396/2746/2802
f 3396/2746/2803 3414/2760/2803 3388/2762/2803
f 3380/2588/2804 3371/2563/2804 3375/2747/2804
f 3375/2747/2805 3388/2762/2805 3380/2588/2805
f 3634/2763/2806 3629/2750/2806 3632/2608/2806
f 3632/2608/2807 3641/2624/2807 3634/2763/2807
f 3618/2764/2808 3612/2751/2808 3629/2750/2808
f 3629/2750/2809 3634/2763/2809 3618/2764/2809
f 3596/2765/2810 3585/2752/2810 3612/2754/2810
f 3612/2754/2811 3618/2766/2811 3596/2765/2811
f 3563/2767/2812 3557/2755/2812 3585/2752/2812
f 3585/2752/2813 3596/2765/2813 3563/2767/2813
f 3532/2768/2814 3525/2769/2814 3557/2755/2814
f 3557/2755/2815 3563/2767/2815 3532/2768/2815
f 3501/2770/2816 3494/2771/2816 3525/2772/2816
f 3525/2772/2817 3532/2773/2817 3501/2770/2817
f 3474/2774/2818 3462/2761/2818 3494/2771/2818
f 3494/2771/2819 3501/2770/2819 3474/2774/2819
f 3436/2775/2820 3414/2760/2820 3462/2761/2820
f 3462/2761/2821 3474/2774/2821 3436/2775/2821
f 3399/2776/2822 3388/2762/2822 3414/2760/2822
f 3414/2760/2823 3436/2775/2823 3399/2776/2823
f 3392/2610/2824 3380/2588/2824 3388/2762/2824
f 3388/2762/2825 3399/2776/2825 3392/2610/2825
f 3640/2777/2826 3634/2763/2826 3641/2624/2826
f 3641/2624/2827 3644/2778/2827 3640/2777/2827
f 3625/2779/2828 3618/2766/2828 3634/2780/2828
f 3634/2780/2829 3640/2781/2829 3625/2779/2829
f 3602/2782/2830 3596/2765/2830 3618/2766/2830
f 3618/2766/2831 3625/2779/2831 3602/2782/2831
f 3568/2783/2832 3563/2767/2832 3596/2765/2832
f 3596/2765/2833 3602/2782/2833 3568/2783/2833
f 3539/2784/2834 3532/2773/2834 3563/2785/2834
f 3563/2785/2835 3568/2786/2835 3539/2784/2835
f 3507/2787/2836 3501/2770/2836 3532/2773/2836
f 3532/2773/2837 3539/2784/2837 3507/2787/2837
f 3478/2788/2838 3474/2774/2838 3501/2770/2838
f 3501/2770/2839 3507/2787/2839 3478/2788/2839
f 3448/2789/2840 3436/2775/2840 3474/2774/2840
f 3474/2774/2841 3478/2788/2841 3448/2789/2841
f 3410/2790/2842 3399/2776/2842 3436/2775/2842
f 3436/2775/2843 3448/2789/2843 3410/2790/2843
f 3400/2626/2844 3392/2610/2844 3399/2776/2844
f 3399/2776/2845 3410/2790/2845 3400/2626/2845
f 3638/2791/2846 3640/2792/2846 3644/2654/2846
f 3644/2654/2847 3643/2653/2847 3638/2791/2847
f 3623/2793/2848 3625/2794/2848 3640/2792/2848
f 3640/2792/2849 3638/2791/2849 3623/2793/2849
f 3600/2795/2850 3602/2796/2850 3625/2794/2850
f 3625/2794/2851 3623/2793/2851 3600/2795/2851
f 3570/2797/2852 3568/2786/2852 3602/2796/2852
f 3602/2796/2853 3600/2795/2853 3570/2797/2853
f 3544/2798/2854 3539/2784/2854 3568/2786/2854
f 3568/2786/2855 3570/2797/2855 3544/2798/2855
f 3511/2799/2856 3507/2787/2856 3539/2784/2856
f 3539/2784/2857 3544/2798/2857 3511/2799/2857
f 3484/2800/2858 3478/2788/2858 3507/2787/2858
f 3507/2787/2859 3511/2799/2859 3484/2800/2859
f 3454/2801/2860 3448/2789/2860 3478/2788/2860
f 3478/2788/2861 3484/2800/2861 3454/2801/2861
f 3434/2802/2862 3410/2790/2862 3448/2789/2862
f 3448/2789/2863 3454/2801/2863 3434/2802/2863
f 3412/2641/2864 3400/2626/2864 3410/2790/2864
f 3410/2790/2865 3434/2802/2865 3412/2641/2865
f 3631/2803/2866 3638/2791/2866 3643/2653/2866
f 3643/2653/2867 3635/2665/2867 3631/2803/2867
f 3615/2804/2868 3623/2793/2868 3638/2791/2868
f 3638/2791/2869 3631/2803/2869 3615/2804/2869
f 3594/2805/2870 3600/2795/2870 3623/2793/2870
f 3623/2793/2871 3615/2804/2871 3594/2805/2871
f 3565/2806/2872 3570/2797/2872 3600/2795/2872
f 3600/2795/2873 3594/2805/2873 3565/2806/2873
f 3541/2807/2874 3544/2798/2874 3570/2797/2874
f 3570/2797/2875 3565/2806/2875 3541/2807/2875
f 3512/2808/2876 3511/2799/2876 3544/2798/2876
f 3544/2798/2877 3541/2807/2877 3512/2808/2877
f 3488/2809/2878 3484/2800/2878 3511/2799/2878
f 3511/2799/2879 3512/2808/2879 3488/2809/2879
f 3457/2810/2880 3454/2801/2880 3484/2800/2880
f 3484/2800/2881 3488/2809/2881 3457/2810/2881
f 3440/2811/2882 3434/2802/2882 3454/2801/2882
f 3454/2801/2883 3457/2810/2883 3440/2811/2883
f 3423/2656/2884 3412/2641/2884 3434/2802/2884
f 3434/2802/2885 3440/2811/2885 3423/2656/2885
f 3621/2812/2886 3631/2803/2886 3635/2665/2886
f 3635/2665/2887 3627/2681/2887 3621/2812/2887
f 3608/2813/2888 3615/2804/2888 3631/2803/2888
f 3631/2803/2889 3621/2812/2889 3608/2813/2889
f 3583/2814/2890 3594/2805/2890 3615/2804/2890
f 3615/2804/2891 3608/2813/2891 3583/2814/2891
f 3559/2815/2892 3565/2806/2892 3594/2805/2892
f 3594/2805/2893 3583/2814/2893 3559/2815/2893
f 3534/2816/2894 3541/2807/2894 3565/2806/2894
f 3565/2806/2895 3559/2815/2895 3534/2816/2895
f 3509/2817/2896 3512/2808/2896 3541/2807/2896
f 3541/2807/2897 3534/2816/2897 3509/2817/2897
f 3486/2818/2898 3488/2809/2898 3512/2808/2898
f 3512/2808/2899 3509/2817/2899 3486/2818/2899
f 3460/2819/2900 3457/2810/2900 3488/2809/2900
f 3488/2809/2901 3486/2818/2901 3460/2819/2901
f 3442/2820/2902 3440/2821/2902 3457/2822/2902
f 3457/2822/2903 3460/2823/2903 3442/2820/2903
f 3430/2824/2904 3423/2825/2904 3440/2821/2904
f 3440/2821/2905 3442/2820/2905 3430/2824/2905
f 3606/2826/2906 3621/2812/2906 3627/2681/2906
f 3627/2681/2906 3610/2695/2906 3606/2826/2906
f 3589/2827/2907 3608/2813/2907 3621/2812/2907
f 3621/2812/2908 3606/2826/2908 3589/2827/2908
f 3572/2828/2909 3583/2814/2909 3608/2813/2909
f 3608/2813/2910 3589/2827/2910 3572/2828/2910
f 3548/2829/2911 3559/2815/2911 3583/2814/2911
f 3583/2814/2912 3572/2828/2912 3548/2829/2912
f 3527/2830/2913 3534/2831/2913 3559/2832/2913
f 3559/2832/2914 3548/2833/2914 3527/2830/2914
f 3503/2834/2915 3509/2835/2915 3534/2831/2915
f 3534/2831/2916 3527/2830/2916 3503/2834/2916
f 3480/2836/2917 3486/2837/2917 3509/2835/2917
f 3509/2835/2918 3503/2834/2918 3480/2836/2918
f 3456/2838/2919 3460/2823/2919 3486/2839/2919
f 3486/2839/2920 3480/2840/2920 3456/2838/2920
f 3438/2841/2921 3442/2820/2921 3460/2823/2921
f 3460/2823/2922 3456/2838/2922 3438/2841/2922
f 3428/2842/2923 3430/2824/2923 3442/2820/2923
f 3442/2820/2924 3438/2841/2924 3428/2842/2924
f 3581/2843/2925 3606/2826/2925 3610/2695/2925
f 3610/2695/2926 3586/2715/2926 3581/2843/2926
f 3576/2844/2927 3589/2827/2927 3606/2826/2927
f 3606/2826/2928 3581/2843/2928 3576/2844/2928
f 3555/2845/2929 3572/2828/2929 3589/2827/2929
f 3589/2827/2930 3576/2844/2930 3555/2845/2930
f 3535/2846/2931 3548/2833/2931 3572/2847/2931
f 3572/2847/2932 3555/2848/2932 3535/2846/2932
f 3516/2849/2933 3527/2830/2933 3548/2833/2933
f 3548/2833/2934 3535/2846/2934 3516/2849/2934
f 3491/2850/2935 3503/2834/2935 3527/2830/2935
f 3527/2830/2936 3516/2849/2936 3491/2850/2936
f 3471/2851/2937 3480/2836/2937 3503/2834/2937
f 3503/2834/2938 3491/2850/2938 3471/2851/2938
f 3446/2852/2939 3456/2838/2939 3480/2840/2939
f 3480/2840/2940 3471/2853/2940 3446/2852/2940
f 3420/2854/2941 3438/2841/2941 3456/2838/2941
f 3456/2838/2942 3446/2852/2942 3420/2854/2942
f 3407/2855/2943 3428/2842/2943 3438/2841/2943
f 3438/2841/2944 3420/2854/2944 3407/2855/2944
f 3561/2856/2945 3581/2843/2945 3586/2715/2945
f 3586/2715/2946 3564/2730/2946 3561/2856/2946
f 3550/2857/2947 3576/2844/2947 3581/2843/2947
f 3581/2843/2948 3561/2856/2948 3550/2857/2948
f 3538/2858/2949 3555/2848/2949 3576/2859/2949
f 3576/2859/2950 3550/2860/2950 3538/2858/2950
f 3519/2861/2951 3535/2846/2951 3555/2848/2951
f 3555/2848/2952 3538/2858/2952 3519/2861/2952
f 3498/2862/2953 3516/2849/2953 3535/2846/2953
f 3535/2846/2954 3519/2861/2954 3498/2862/2954
f 3476/2863/2955 3491/2850/2955 3516/2849/2955
f 3516/2849/2956 3498/2862/2956 3476/2863/2956
f 3452/2864/2957 3471/2851/2957 3491/2850/2957
f 3491/2850/2958 3476/2863/2958 3452/2864/2958
f 3432/2865/2959 3446/2852/2959 3471/2853/2959
f 3471/2853/2960 3452/2866/2960 3432/2865/2960
f 3402/2867/2961 3420/2854/2961 3446/2852/2961
f 3446/2852/2962 3432/2865/2962 3402/2867/2962
f 3397/2868/2963 3407/2869/2963 3420/2870/2963
f 3420/2870/2964 3402/2871/2964 3397/2868/2964
f 1888/2872/2965 2110/2873/2965 2104/2874/2965
f 1888/2872/2966 2104/2874/2966 2096/2875/2966
f 1888/2872/2967 2096/2875/2967 2076/2876/2967
f 1888/2872/2968 2076/2876/2968 2048/2877/2968
f 1888/2872/2969 2048/2877/2969 2030/2878/2969
f 1888/2872/2970 2030/2878/2970 2006/2879/2970
f 1888/2872/2971 2006/2879/2971 1982/2880/2971
f 1888/2872/2972 1982/2880/2972 1960/2881/2972
f 1888/2872/2973 1960/2881/2973 1936/2882/2973
f 1888/2872/2974 1936/2882/2974 1732/2883/2974
f 2257/2884/2975 2104/2874/2975 2110/2873/2975
f 2110/2873/2975 2261/2885/2975 2257/2884/2975
f 2249/2886/2976 2096/2875/2976 2104/2874/2976
f 2104/2874/2976 2257/2884/2976 2249/2886/2976
f 2226/2887/2977 2076/2876/2977 2096/2875/2977
f 2096/2875/2977 2249/2886/2977 2226/2887/2977
f 2200/2888/2978 2048/2877/2978 2076/2876/2978
f 2076/2876/2978 2226/2887/2978 2200/2888/2978
f 2142/2889/2979 2030/2878/2979 2048/2877/2979
f 2048/2877/2979 2200/2888/2979 2142/2889/2979
f 2094/2890/2980 2006/2879/2980 2030/2878/2980
f 2030/2878/2980 2142/2889/2980 2094/2890/2980
f 2036/2891/2981 1982/2880/2981 2006/2879/2981
f 2006/2879/2981 2094/2890/2981 2036/2891/2981
f 1988/2892/2982 1960/2881/2982 1982/2880/2982
f 1982/2880/2982 2036/2891/2982 1988/2892/2982
f 1948/2893/2983 1936/2882/2983 1960/2881/2983
f 1960/2881/2983 1988/2892/2983 1948/2893/2983
f 1728/2894/2984 1732/2883/2984 1936/2882/2984
f 1936/2882/2984 1948/2893/2984 1728/2894/2984
f 2310/2895/2985 2257/2884/2985 2261/2885/2985
f 2261/2885/2986 2315/2896/2986 2310/2895/2986
f 2300/2897/2987 2249/2886/2987 2257/2884/2987
f 2257/2884/2987 2310/2895/2987 2300/2897/2987
f 2279/2898/2988 2226/2887/2988 2249/2886/2988
f 2249/2886/2988 2300/2897/2988 2279/2898/2988
f 2243/2899/2989 2200/2888/2989 2226/2887/2989
f 2226/2887/2989 2279/2898/2989 2243/2899/2989
f 2204/2900/2990 2142/2889/2990 2200/2888/2990
f 2200/2888/2990 2243/2899/2990 2204/2900/2990
f 2132/2901/2991 2094/2890/2991 2142/2889/2991
f 2142/2889/2991 2204/2900/2991 2132/2901/2991
f 2067/2902/2992 2036/2891/2992 2094/2890/2992
f 2094/2890/2992 2132/2901/2992 2067/2902/2992
f 2000/2903/2993 1988/2892/2993 2036/2891/2993
f 2036/2891/2994 2067/2902/2994 2000/2903/2994
f 1956/2904/2995 1948/2893/2995 1988/2892/2995
f 1988/2892/2995 2000/2903/2995 1956/2904/2995
f 1734/2905/2996 1728/2894/2996 1948/2893/2996
f 1948/2893/2997 1956/2904/2997 1734/2905/2997
f 2312/2906/2998 2310/2907/2998 2315/2908/2998
f 2315/2908/2998 2316/2909/2998 2312/2906/2998
f 2302/2910/2999 2300/2911/2999 2310/2907/2999
f 2310/2907/3000 2312/2906/3000 2302/2910/3000
f 2281/2912/3001 2279/2913/3001 2300/2911/3001
f 2300/2911/3001 2302/2910/3001 2281/2912/3001
f 2245/2914/3002 2243/2915/3002 2279/2913/3002
f 2279/2913/3003 2281/2912/3003 2245/2914/3003
f 2206/2916/3004 2204/2917/3004 2243/2915/3004
f 2243/2915/3005 2245/2914/3005 2206/2916/3005
f 2134/2918/3006 2132/2919/3006 2204/2917/3006
f 2204/2917/3007 2206/2916/3007 2134/2918/3007
f 2068/2920/3008 2067/2921/3008 2132/2919/3008
f 2132/2919/3009 2134/2918/3009 2068/2920/3009
f 2002/2922/3010 2000/2923/3010 2067/2921/3010
f 2067/2921/3010 2068/2920/3010 2002/2922/3010
f 1958/2924/3011 1956/2925/3011 2000/2926/3011
f 2000/2926/3012 2002/2927/3012 1958/2924/3012
f 1878/2928/3013 1734/2929/3013 1956/2925/3013
f 1956/2925/3013 1958/2924/3013 1878/2928/3013
f 2285/2930/3014 2312/2906/3014 2316/2909/3014
f 2316/2909/3014 2289/2931/3014 2285/2930/3014
f 2259/2932/3015 2302/2910/3015 2312/2906/3015
f 2312/2906/3016 2285/2930/3016 2259/2932/3016
f 2241/2933/3017 2281/2912/3017 2302/2910/3017
f 2302/2910/3018 2259/2932/3018 2241/2933/3018
f 2214/2934/3019 2245/2914/3019 2281/2912/3019
f 2281/2912/3020 2241/2933/3020 2214/2934/3020
f 2168/2935/3021 2206/2916/3021 2245/2914/3021
f 2245/2914/3022 2214/2934/3022 2168/2935/3022
f 2106/2936/3023 2134/2918/3023 2206/2916/3023
f 2206/2916/3024 2168/2935/3024 2106/2936/3024
f 2042/2937/3025 2068/2920/3025 2134/2918/3025
f 2134/2918/3026 2106/2936/3026 2042/2937/3026
f 1994/2938/3027 2002/2922/3027 2068/2920/3027
f 2068/2920/3028 2042/2937/3028 1994/2938/3028
f 1952/2939/3029 1958/2940/3029 2002/2922/3029
f 2002/2922/3030 1994/2938/3030 1952/2939/3030
f 1731/2941/3031 1878/2928/3031 1958/2924/3031
f 1958/2924/3031 1952/2942/3031 1731/2941/3031
f 2220/2943/3032 2285/2944/3032 2289/2945/3032
f 2289/2945/3032 2225/2946/3032 2220/2943/3032
f 2210/2947/3033 2259/2932/3033 2285/2930/3033
f 2285/2930/3034 2220/2948/3034 2210/2947/3034
f 2186/2949/3035 2241/2933/3035 2259/2932/3035
f 2259/2932/3036 2210/2947/3036 2186/2949/3036
f 2146/2950/3037 2214/2934/3037 2241/2933/3037
f 2241/2933/3038 2186/2949/3038 2146/2950/3038
f 2108/2951/3039 2168/2935/3039 2214/2934/3039
f 2214/2934/3040 2146/2950/3040 2108/2951/3040
f 2060/2952/3041 2106/2936/3041 2168/2935/3041
f 2168/2935/3042 2108/2951/3042 2060/2952/3042
f 2018/2953/3043 2042/2937/3043 2106/2936/3043
f 2106/2936/3044 2060/2952/3044 2018/2953/3044
f 1978/2954/3045 1994/2955/3045 2042/2956/3045
f 2042/2956/3046 2018/2957/3046 1978/2954/3046
f 1944/2958/3047 1952/2959/3047 1994/2955/3047
f 1994/2955/3048 1978/2954/3048 1944/2958/3048
f 1727/2960/3049 1731/2961/3049 1952/2959/3049
f 1952/2959/3049 1944/2958/3049 1727/2960/3049
f 2141/2962/3050 2220/2943/3050 2225/2946/3050
f 2225/2946/3051 2145/2963/3051 2141/2962/3051
f 2127/2964/3052 2210/2947/3052 2220/2948/3052
f 2220/2948/3053 2141/2965/3053 2127/2964/3053
f 2112/2966/3054 2186/2949/3054 2210/2947/3054
f 2210/2947/3055 2127/2964/3055 2112/2966/3055
f 2084/2967/3056 2146/2950/3056 2186/2949/3056
f 2186/2949/3057 2112/2966/3057 2084/2967/3057
f 2044/2968/3058 2108/2951/3058 2146/2950/3058
f 2146/2950/3059 2084/2967/3059 2044/2968/3059
f 2024/2969/3060 2060/2952/3060 2108/2951/3060
f 2108/2951/3061 2044/2968/3061 2024/2969/3061
f 1992/2970/3062 2018/2953/3062 2060/2952/3062
f 2060/2952/3063 2024/2969/3063 1992/2970/3063
f 1970/2971/3064 1978/2954/3064 2018/2957/3064
f 2018/2957/3065 1992/2972/3065 1970/2971/3065
f 1942/2973/3066 1944/2958/3066 1978/2954/3066
f 1978/2954/3067 1970/2971/3067 1942/2973/3067
f 1721/2974/3068 1727/2960/3068 1944/2958/3068
f 1944/2958/3069 1942/2973/3069 1721/2974/3069
f 2079/2975/3070 2141/2965/3070 2145/2976/3070
f 2145/2976/3071 2087/2977/3071 2079/2975/3071
f 2075/2978/3072 2127/2964/3072 2141/2965/3072
f 2141/2965/3073 2079/2975/3073 2075/2978/3073
f 2055/2979/3074 2112/2966/3074 2127/2964/3074
f 2127/2964/3075 2075/2978/3075 2055/2979/3075
f 2039/2980/3076 2084/2967/3076 2112/2966/3076
f 2112/2966/3077 2055/2979/3077 2039/2980/3077
f 2021/2981/3078 2044/2968/3078 2084/2967/3078
f 2084/2967/3079 2039/2980/3079 2021/2981/3079
f 1996/2982/3080 2024/2969/3080 2044/2968/3080
f 2044/2968/3081 2021/2981/3081 1996/2982/3081
f 1974/2983/3082 1992/2970/3082 2024/2969/3082
f 2024/2969/3083 1996/2982/3083 1974/2983/3083
f 1954/2984/3084 1970/2985/3084 1992/2970/3084
f 1992/2970/3085 1974/2983/3085 1954/2984/3085
f 1934/2986/3086 1942/2987/3086 1970/2985/3086
f 1970/2985/3087 1954/2984/3087 1934/2986/3087
f 1720/2988/3088 1721/2989/3088 1942/2990/3088
f 1942/2990/3089 1934/2991/3089 1720/2988/3089
f 2063/2992/3090 2079/2975/3090 2087/2977/3090
f 2087/2977/3091 2071/2993/3091 2063/2992/3091
f 2051/2994/3092 2075/2978/3092 2079/2975/3092
f 2079/2975/3093 2063/2992/3093 2051/2994/3093
f 2041/2995/3094 2055/2979/3094 2075/2978/3094
f 2075/2978/3095 2051/2994/3095 2041/2995/3095
f 2029/2996/3096 2039/2980/3096 2055/2979/3096
f 2055/2979/3097 2041/2995/3097 2029/2996/3097
f 2013/2997/3098 2021/2981/3098 2039/2980/3098
f 2039/2980/3099 2029/2996/3099 2013/2997/3099
f 1991/2998/3100 1996/2982/3100 2021/2981/3100
f 2021/2981/3101 2013/2997/3101 1991/2998/3101
f 1972/2999/3102 1974/2983/3102 1996/2982/3102
f 1996/2982/3103 1991/2998/3103 1972/2999/3103
f 1950/3000/3104 1954/2984/3104 1974/2983/3104
f 1974/2983/3105 1972/2999/3105 1950/3000/3105
f 1932/3001/3106 1934/2991/3106 1954/3002/3106
f 1954/3002/3107 1950/3003/3107 1932/3001/3107
f 1701/3004/3108 1720/2988/3108 1934/2991/3108
f 1934/2991/3109 1932/3001/3109 1701/3004/3109
f 2115/3005/3110 2063/3006/3110 2071/3007/3110
f 2071/3007/3110 2123/3008/3110 2115/3005/3110
f 2101/3009/3111 2051/2994/3111 2063/2992/3111
f 2063/2992/3112 2115/3010/3112 2101/3009/3112
f 2081/3011/3113 2041/2995/3113 2051/2994/3113
f 2051/2994/3114 2101/3009/3114 2081/3011/3114
f 2057/3012/3115 2029/2996/3115 2041/2995/3115
f 2041/2995/3116 2081/3011/3116 2057/3012/3116
f 2033/3013/3117 2013/2997/3117 2029/2996/3117
f 2029/2996/3117 2057/3012/3117 2033/3013/3117
f 2009/3014/3118 1991/2998/3118 2013/2997/3118
f 2013/2997/3118 2033/3013/3118 2009/3014/3118
f 1984/3015/3119 1972/2999/3119 1991/2998/3119
f 1991/2998/3120 2009/3014/3120 1984/3015/3120
f 1964/3016/3121 1950/3003/3121 1972/3017/3121
f 1972/3017/3122 1984/3018/3122 1964/3016/3122
f 1938/3019/3123 1932/3001/3123 1950/3003/3123
f 1950/3003/3124 1964/3016/3124 1938/3019/3124
f 1698/3020/3125 1701/3004/3125 1932/3001/3125
f 1932/3001/3125 1938/3019/3125 1698/3020/3125
f 1888/3021/3126 1886/3022/3126 1686/3023/3126
f 1888/3021/3127 1686/3023/3127 1662/3024/3127
f 1888/3021/3128 1662/3024/3128 1640/3025/3128
f 1888/3021/3129 1640/3025/3129 1616/3026/3129
f 1888/3021/3130 1616/3026/3130 1592/3027/3130
f 1888/3021/3131 1592/3027/3131 1574/3028/3131
f 1888/3021/3132 1574/3028/3132 1546/3029/3132
f 1888/3021/3133 1546/3029/3133 1526/3030/3133
f 1888/3021/3134 1526/3030/3134 1518/3031/3134
f 1888/3021/3135 1518/3031/3135 1512/3032/3135
f 1674/3033/3136 1686/3023/3136 1886/3022/3136
f 1886/3022/3136 1884/3034/3136 1674/3033/3136
f 1634/3035/3137 1662/3024/3137 1686/3023/3137
f 1686/3023/3137 1674/3033/3137 1634/3035/3137
f 1586/3036/3138 1640/3025/3138 1662/3024/3138
f 1662/3024/3138 1634/3035/3138 1586/3036/3138
f 1528/3037/3139 1616/3026/3139 1640/3025/3139
f 1640/3025/3139 1586/3036/3139 1528/3037/3139
f 1480/3038/3140 1592/3027/3140 1616/3026/3140
f 1616/3026/3140 1528/3037/3140 1480/3038/3140
f 1422/3039/3141 1574/3028/3141 1592/3027/3141
f 1592/3027/3141 1480/3038/3141 1422/3039/3141
f 1396/3040/3142 1546/3029/3142 1574/3028/3142
f 1574/3028/3142 1422/3039/3142 1396/3040/3142
f 1373/3041/3143 1526/3030/3143 1546/3029/3143
f 1546/3029/3143 1396/3040/3143 1373/3041/3143
f 1365/3042/3144 1518/3031/3144 1526/3030/3144
f 1526/3030/3144 1373/3041/3144 1365/3042/3144
f 1361/3043/3145 1512/3032/3145 1518/3031/3145
f 1518/3031/3145 1365/3042/3145 1361/3043/3145
f 1666/3044/3146 1674/3033/3146 1884/3034/3146
f 1884/3034/3147 1882/3045/3147 1666/3044/3147
f 1622/3046/3148 1634/3035/3148 1674/3033/3148
f 1674/3033/3148 1666/3044/3148 1622/3046/3148
f 1557/3047/3149 1586/3036/3149 1634/3035/3149
f 1634/3035/3149 1622/3046/3149 1557/3047/3149
f 1490/3048/3150 1528/3037/3150 1586/3036/3150
f 1586/3036/3150 1557/3047/3150 1490/3048/3150
f 1418/3049/3151 1480/3038/3151 1528/3037/3151
f 1528/3037/3151 1490/3048/3151 1418/3049/3151
f 1379/3050/3152 1422/3039/3152 1480/3038/3152
f 1480/3038/3152 1418/3049/3152 1379/3050/3152
f 1343/3051/3153 1396/3040/3153 1422/3039/3153
f 1422/3039/3153 1379/3050/3153 1343/3051/3153
f 1322/3052/3154 1373/3041/3154 1396/3040/3154
f 1396/3040/3155 1343/3051/3155 1322/3052/3155
f 1312/3053/3156 1365/3042/3156 1373/3041/3156
f 1373/3041/3156 1322/3052/3156 1312/3053/3156
f 1309/3054/3157 1361/3043/3157 1365/3042/3157
f 1365/3042/3158 1312/3053/3158 1309/3054/3158
f 1664/3055/3159 1666/3056/3159 1882/3057/3159
f 1882/3057/3159 1879/3058/3159 1664/3055/3159
f 1620/3059/3160 1622/3060/3160 1666/3056/3160
f 1666/3056/3161 1664/3055/3161 1620/3059/3161
f 1554/3061/3162 1557/3062/3162 1622/3060/3162
f 1622/3060/3162 1620/3059/3162 1554/3061/3162
f 1488/3063/3163 1490/3064/3163 1557/3062/3163
f 1557/3062/3164 1554/3061/3164 1488/3063/3164
f 1416/3065/3165 1418/3066/3165 1490/3064/3165
f 1490/3064/3165 1488/3063/3165 1416/3065/3165
f 1377/3067/3166 1379/3068/3166 1418/3066/3166
f 1418/3066/3166 1416/3065/3166 1377/3067/3166
f 1341/3069/3167 1343/3070/3167 1379/3068/3167
f 1379/3068/3168 1377/3067/3168 1341/3069/3168
f 1320/3071/3169 1322/3072/3169 1343/3070/3169
f 1343/3070/3169 1341/3069/3169 1320/3071/3169
f 1310/3073/3170 1312/3074/3170 1322/3072/3170
f 1322/3072/3171 1320/3071/3171 1310/3073/3171
f 1306/3075/3172 1309/3076/3172 1312/3077/3172
f 1312/3077/3172 1310/3078/3172 1306/3075/3172
f 1670/3079/3173 1664/3055/3173 1879/3058/3173
f 1879/3058/3173 1876/3080/3173 1670/3079/3173
f 1628/3081/3174 1620/3059/3174 1664/3055/3174
f 1664/3055/3175 1670/3079/3175 1628/3081/3175
f 1580/3082/3176 1554/3061/3176 1620/3059/3176
f 1620/3059/3177 1628/3081/3177 1580/3082/3177
f 1516/3083/3178 1488/3063/3178 1554/3061/3178
f 1554/3061/3179 1580/3082/3179 1516/3083/3179
f 1454/3084/3180 1416/3065/3180 1488/3063/3180
f 1488/3063/3180 1516/3083/3180 1454/3084/3180
f 1408/3085/3181 1377/3067/3181 1416/3065/3181
f 1416/3065/3182 1454/3084/3182 1408/3085/3182
f 1381/3086/3183 1341/3069/3183 1377/3067/3183
f 1377/3067/3184 1408/3085/3184 1381/3086/3184
f 1363/3087/3185 1320/3071/3185 1341/3069/3185
f 1341/3069/3186 1381/3086/3186 1363/3087/3186
f 1337/3088/3187 1310/3089/3187 1320/3090/3187
f 1320/3090/3188 1363/3091/3188 1337/3088/3188
f 1333/3092/3189 1306/3075/3189 1310/3078/3189
f 1310/3078/3189 1337/3093/3189 1333/3092/3189
f 1678/3094/3190 1670/3095/3190 1876/3096/3190
f 1876/3096/3190 1874/3097/3190 1678/3094/3190
f 1644/3098/3191 1628/3081/3191 1670/3079/3191
f 1670/3079/3192 1678/3099/3192 1644/3098/3192
f 1604/3100/3193 1580/3082/3193 1628/3081/3193
f 1628/3081/3194 1644/3098/3194 1604/3100/3194
f 1562/3101/3195 1516/3083/3195 1580/3082/3195
f 1580/3082/3196 1604/3100/3196 1562/3101/3196
f 1514/3102/3197 1454/3084/3197 1516/3083/3197
f 1516/3083/3198 1562/3101/3198 1514/3102/3198
f 1476/3103/3199 1408/3104/3199 1454/3105/3199
f 1454/3105/3199 1514/3106/3199 1476/3103/3199
f 1436/3107/3200 1381/3108/3200 1408/3104/3200
f 1408/3104/3201 1476/3103/3201 1436/3107/3201
f 1412/3109/3202 1363/3091/3202 1381/3108/3202
f 1381/3108/3203 1436/3107/3203 1412/3109/3203
f 1402/3110/3204 1337/3088/3204 1363/3091/3204
f 1363/3091/3205 1412/3109/3205 1402/3110/3205
f 1399/3111/3206 1333/3112/3206 1337/3088/3206
f 1337/3088/3206 1402/3110/3206 1399/3111/3206
f 1680/3113/3207 1678/3094/3207 1874/3097/3207
f 1874/3097/3208 1872/3114/3208 1680/3113/3208
f 1652/3115/3209 1644/3098/3209 1678/3099/3209
f 1678/3099/3210 1680/3116/3210 1652/3115/3210
f 1630/3117/3211 1604/3100/3211 1644/3098/3211
f 1644/3098/3212 1652/3115/3212 1630/3117/3212
f 1598/3118/3213 1562/3101/3213 1604/3100/3213
f 1604/3100/3214 1630/3117/3214 1598/3118/3214
f 1578/3119/3215 1514/3102/3215 1562/3101/3215
f 1562/3101/3216 1598/3118/3216 1578/3119/3216
f 1538/3120/3217 1476/3103/3217 1514/3106/3217
f 1514/3106/3218 1578/3121/3218 1538/3120/3218
f 1510/3122/3219 1436/3107/3219 1476/3103/3219
f 1476/3103/3220 1538/3120/3220 1510/3122/3220
f 1497/3123/3221 1412/3109/3221 1436/3107/3221
f 1436/3107/3222 1510/3122/3222 1497/3123/3222
f 1483/3124/3223 1402/3110/3223 1412/3109/3223
f 1412/3109/3224 1497/3123/3224 1483/3124/3224
f 1479/3125/3225 1399/3111/3225 1402/3110/3225
f 1402/3110/3226 1483/3124/3226 1479/3125/3226
f 1688/3126/3227 1680/3116/3227 1872/3127/3227
f 1872/3127/3228 1870/3128/3228 1688/3126/3228
f 1668/3129/3229 1652/3115/3229 1680/3116/3229
f 1680/3116/3230 1688/3126/3230 1668/3129/3230
f 1648/3130/3231 1630/3117/3231 1652/3115/3231
f 1652/3115/3232 1668/3129/3232 1648/3130/3232
f 1626/3131/3233 1598/3118/3233 1630/3117/3233
f 1630/3117/3234 1648/3130/3234 1626/3131/3234
f 1603/3132/3235 1578/3119/3235 1598/3118/3235
f 1598/3118/3236 1626/3131/3236 1603/3132/3236
f 1585/3133/3237 1538/3134/3237 1578/3119/3237
f 1578/3119/3238 1603/3132/3238 1585/3133/3238
f 1569/3135/3239 1510/3136/3239 1538/3134/3239
f 1538/3134/3240 1585/3133/3240 1569/3135/3240
f 1549/3137/3241 1497/3138/3241 1510/3136/3241
f 1510/3136/3242 1569/3135/3242 1549/3137/3242
f 1545/3139/3243 1483/3124/3243 1497/3123/3243
f 1497/3123/3244 1549/3140/3244 1545/3139/3244
f 1537/3141/3245 1479/3142/3245 1483/3143/3245
f 1483/3143/3246 1545/3144/3246 1537/3141/3246
f 1690/3145/3247 1688/3126/3247 1870/3128/3247
f 1870/3128/3248 1868/3146/3248 1690/3145/3248
f 1672/3147/3249 1668/3129/3249 1688/3126/3249
f 1688/3126/3250 1690/3145/3250 1672/3147/3250
f 1650/3148/3251 1648/3130/3251 1668/3129/3251
f 1668/3129/3252 1672/3147/3252 1650/3148/3252
f 1633/3149/3253 1626/3131/3253 1648/3130/3253
f 1648/3130/3254 1650/3148/3254 1633/3149/3254
f 1611/3150/3255 1603/3132/3255 1626/3131/3255
f 1626/3131/3256 1633/3149/3256 1611/3150/3256
f 1595/3151/3257 1585/3133/3257 1603/3132/3257
f 1603/3132/3258 1611/3150/3258 1595/3151/3258
f 1583/3152/3259 1569/3135/3259 1585/3133/3259
f 1585/3133/3260 1595/3151/3260 1583/3152/3260
f 1573/3153/3261 1549/3137/3261 1569/3135/3261
f 1569/3135/3262 1583/3152/3262 1573/3153/3262
f 1561/3154/3263 1545/3155/3263 1549/3137/3263
f 1549/3137/3264 1573/3153/3264 1561/3154/3264
f 1553/3156/3265 1537/3141/3265 1545/3144/3265
f 1545/3144/3266 1561/3157/3266 1553/3156/3266
f 1684/3158/3267 1690/3145/3267 1868/3146/3267
f 1868/3146/3267 1865/3159/3267 1684/3158/3267
f 1658/3160/3268 1672/3147/3268 1690/3145/3268
f 1690/3145/3269 1684/3158/3269 1658/3160/3269
f 1638/3161/3270 1650/3148/3270 1672/3147/3270
f 1672/3147/3271 1658/3160/3271 1638/3161/3271
f 1615/3162/3272 1633/3149/3272 1650/3148/3272
f 1650/3148/3273 1638/3161/3273 1615/3162/3273
f 1591/3163/3274 1611/3150/3274 1633/3149/3274
f 1633/3149/3274 1615/3162/3274 1591/3163/3274
f 1567/3164/3275 1595/3151/3275 1611/3150/3275
f 1611/3150/3275 1591/3163/3275 1567/3164/3275
f 1543/3165/3276 1583/3152/3276 1595/3151/3276
f 1595/3151/3277 1567/3164/3277 1543/3165/3277
f 1523/3166/3278 1573/3167/3278 1583/3168/3278
f 1583/3168/3279 1543/3169/3279 1523/3166/3279
f 1509/3170/3280 1561/3171/3280 1573/3167/3280
f 1573/3167/3281 1523/3166/3281 1509/3170/3281
f 1501/3172/3282 1553/3173/3282 1561/3171/3282
f 1561/3171/3282 1509/3170/3282 1501/3172/3282
f 1888/3174/3283 1513/3175/3283 1519/3176/3283
f 1888/3174/3284 1519/3176/3284 1527/3177/3284
f 1888/3174/3285 1527/3177/3285 1547/3178/3285
f 1888/3174/3286 1547/3178/3286 1575/3179/3286
f 1888/3174/3287 1575/3179/3287 1593/3180/3287
f 1888/3174/3288 1593/3180/3288 1617/3181/3288
f 1888/3174/3289 1617/3181/3289 1641/3182/3289
f 1888/3174/3290 1641/3182/3290 1663/3183/3290
f 1888/3174/3291 1663/3183/3291 1687/3184/3291
f 1888/3174/3292 1687/3184/3292 1894/3185/3292
f 1366/3186/3293 1519/3176/3293 1513/3175/3293
f 1513/3175/3293 1362/3187/3293 1366/3186/3293
f 1374/3188/3294 1527/3177/3294 1519/3176/3294
f 1519/3176/3294 1366/3186/3294 1374/3188/3294
f 1397/3189/3295 1547/3178/3295 1527/3177/3295
f 1527/3177/3295 1374/3188/3295 1397/3189/3295
f 1423/3190/3296 1575/3179/3296 1547/3178/3296
f 1547/3178/3296 1397/3189/3296 1423/3190/3296
f 1481/3191/3297 1593/3180/3297 1575/3179/3297
f 1575/3179/3297 1423/3190/3297 1481/3191/3297
f 1529/3192/3298 1617/3181/3298 1593/3180/3298
f 1593/3180/3298 1481/3191/3298 1529/3192/3298
f 1587/3193/3299 1641/3182/3299 1617/3181/3299
f 1617/3181/3299 1529/3192/3299 1587/3193/3299
f 1635/3194/3300 1663/3183/3300 1641/3182/3300
f 1641/3182/3300 1587/3193/3300 1635/3194/3300
f 1675/3195/3301 1687/3184/3301 1663/3183/3301
f 1663/3183/3301 1635/3194/3301 1675/3195/3301
f 1895/3196/3302 1894/3185/3302 1687/3184/3302
f 1687/3184/3302 1675/3195/3302 1895/3196/3302
f 1313/3197/3303 1366/3186/3303 1362/3187/3303
f 1362/3187/3304 1308/3198/3304 1313/3197/3304
f 1323/3199/3305 1374/3188/3305 1366/3186/3305
f 1366/3186/3305 1313/3197/3305 1323/3199/3305
f 1344/3200/3306 1397/3189/3306 1374/3188/3306
f 1374/3188/3306 1323/3199/3306 1344/3200/3306
f 1380/3201/3307 1423/3190/3307 1397/3189/3307
f 1397/3189/3307 1344/3200/3307 1380/3201/3307
f 1419/3202/3308 1481/3191/3308 1423/3190/3308
f 1423/3190/3308 1380/3201/3308 1419/3202/3308
f 1491/3203/3309 1529/3192/3309 1481/3191/3309
f 1481/3191/3309 1419/3202/3309 1491/3203/3309
f 1556/3204/3310 1587/3193/3310 1529/3192/3310
f 1529/3192/3310 1491/3203/3310 1556/3204/3310
f 1623/3205/3311 1635/3194/3311 1587/3193/3311
f 1587/3193/3312 1556/3204/3312 1623/3205/3312
f 1667/3206/3313 1675/3195/3313 1635/3194/3313
f 1635/3194/3313 1623/3205/3313 1667/3206/3313
f 1890/3207/3314 1895/3196/3314 1675/3195/3314
f 1675/3195/3315 1667/3206/3315 1890/3207/3315
f 1311/3208/3316 1313/3209/3316 1308/3210/3316
f 1308/3210/3316 1307/3211/3316 1311/3208/3316
f 1321/3212/3317 1323/3213/3317 1313/3209/3317
f 1313/3209/3318 1311/3208/3318 1321/3212/3318
f 1342/3214/3319 1344/3215/3319 1323/3213/3319
f 1323/3213/3319 1321/3212/3319 1342/3214/3319
f 1378/3216/3320 1380/3217/3320 1344/3215/3320
f 1344/3215/3321 1342/3214/3321 1378/3216/3321
f 1417/3218/3322 1419/3219/3322 1380/3217/3322
f 1380/3217/3323 1378/3216/3323 1417/3218/3323
f 1489/3220/3324 1491/3221/3324 1419/3219/3324
f 1419/3219/3325 1417/3218/3325 1489/3220/3325
f 1555/3222/3326 1556/3223/3326 1491/3221/3326
f 1491/3221/3327 1489/3220/3327 1555/3222/3327
f 1621/3224/3328 1623/3225/3328 1556/3223/3328
f 1556/3223/3328 1555/3222/3328 1621/3224/3328
f 1665/3226/3329 1667/3227/3329 1623/3225/3329
f 1623/3225/3330 1621/3224/3330 1665/3226/3330
f 1881/3228/3331 1890/3229/3331 1667/3227/3331
f 1667/3227/3331 1665/3226/3331 1881/3228/3331
f 1338/3230/3332 1311/3208/3332 1307/3211/3332
f 1307/3211/3332 1334/3231/3332 1338/3230/3332
f 1364/3232/3333 1321/3212/3333 1311/3208/3333
f 1311/3208/3334 1338/3230/3334 1364/3232/3334
f 1382/3233/3335 1342/3214/3335 1321/3212/3335
f 1321/3212/3336 1364/3232/3336 1382/3233/3336
f 1409/3234/3337 1378/3216/3337 1342/3214/3337
f 1342/3214/3338 1382/3233/3338 1409/3234/3338
f 1455/3235/3339 1417/3218/3339 1378/3216/3339
f 1378/3216/3340 1409/3234/3340 1455/3235/3340
f 1517/3236/3341 1489/3220/3341 1417/3218/3341
f 1417/3218/3342 1455/3235/3342 1517/3236/3342
f 1581/3237/3343 1555/3222/3343 1489/3220/3343
f 1489/3220/3344 1517/3236/3344 1581/3237/3344
f 1629/3238/3345 1621/3224/3345 1555/3222/3345
f 1555/3222/3346 1581/3237/3346 1629/3238/3346
f 1671/3239/3347 1665/3226/3347 1621/3224/3347
f 1621/3224/3348 1629/3238/3348 1671/3239/3348
f 1893/3240/3349 1881/3228/3349 1665/3226/3349
f 1665/3226/3349 1671/3239/3349 1893/3240/3349
f 1403/3241/3350 1338/3230/3350 1334/3231/3350
f 1334/3231/3350 1398/3242/3350 1403/3241/3350
f 1413/3243/3351 1364/3232/3351 1338/3230/3351
f 1338/3230/3352 1403/3241/3352 1413/3243/3352
f 1437/3244/3353 1382/3233/3353 1364/3232/3353
f 1364/3232/3354 1413/3243/3354 1437/3244/3354
f 1477/3245/3355 1409/3234/3355 1382/3233/3355
f 1382/3233/3356 1437/3244/3356 1477/3245/3356
f 1515/3246/3357 1455/3235/3357 1409/3234/3357
f 1409/3234/3358 1477/3245/3358 1515/3246/3358
f 1563/3247/3359 1517/3236/3359 1455/3235/3359
f 1455/3235/3360 1515/3246/3360 1563/3247/3360
f 1605/3248/3361 1581/3237/3361 1517/3236/3361
f 1517/3236/3362 1563/3247/3362 1605/3248/3362
f 1645/3249/3363 1629/3238/3363 1581/3237/3363
f 1581/3237/3364 1605/3248/3364 1645/3249/3364
f 1679/3250/3365 1671/3239/3365 1629/3238/3365
f 1629/3238/3366 1645/3249/3366 1679/3250/3366
f 1900/3251/3367 1893/3240/3367 1671/3239/3367
f 1671/3239/3367 1679/3250/3367 1900/3251/3367
f 1482/3252/3368 1403/3241/3368 1398/3242/3368
f 1398/3242/3369 1478/3253/3369 1482/3252/3369
f 1496/3254/3370 1413/3243/3370 1403/3241/3370
f 1403/3241/3371 1482/3252/3371 1496/3254/3371
f 1511/3255/3372 1437/3244/3372 1413/3243/3372
f 1413/3243/3373 1496/3254/3373 1511/3255/3373
f 1539/3256/3374 1477/3245/3374 1437/3244/3374
f 1437/3244/3375 1511/3255/3375 1539/3256/3375
f 1579/3257/3376 1515/3246/3376 1477/3245/3376
f 1477/3245/3377 1539/3256/3377 1579/3257/3377
f 1599/3258/3378 1563/3247/3378 1515/3246/3378
f 1515/3246/3379 1579/3257/3379 1599/3258/3379
f 1631/3259/3380 1605/3248/3380 1563/3247/3380
f 1563/3247/3381 1599/3258/3381 1631/3259/3381
f 1653/3260/3382 1645/3249/3382 1605/3248/3382
f 1605/3248/3383 1631/3259/3383 1653/3260/3383
f 1681/3261/3384 1679/3250/3384 1645/3249/3384
f 1645/3249/3385 1653/3260/3385 1681/3261/3385
f 1902/3262/3386 1900/3251/3386 1679/3250/3386
f 1679/3250/3387 1681/3261/3387 1902/3262/3387
f 1544/3263/3388 1482/3252/3388 1478/3253/3388
f 1478/3253/3389 1536/3264/3389 1544/3263/3389
f 1548/3265/3390 1496/3254/3390 1482/3252/3390
f 1482/3252/3391 1544/3263/3391 1548/3265/3391
f 1568/3266/3392 1511/3255/3392 1496/3254/3392
f 1496/3254/3393 1548/3265/3393 1568/3266/3393
f 1584/3267/3394 1539/3256/3394 1511/3255/3394
f 1511/3255/3395 1568/3266/3395 1584/3267/3395
f 1602/3268/3396 1579/3257/3396 1539/3256/3396
f 1539/3256/3397 1584/3267/3397 1602/3268/3397
f 1627/3269/3398 1599/3258/3398 1579/3257/3398
f 1579/3257/3399 1602/3268/3399 1627/3269/3399
f 1649/3270/3400 1631/3259/3400 1599/3258/3400
f 1599/3258/3401 1627/3269/3401 1649/3270/3401
f 1669/3271/3402 1653/3260/3402 1631/3259/3402
f 1631/3259/3403 1649/3270/3403 1669/3271/3403
f 1689/3272/3404 1681/3261/3404 1653/3260/3404
f 1653/3260/3405 1669/3271/3405 1689/3272/3405
f 1921/3273/3406 1902/3262/3406 1681/3261/3406
f 1681/3261/3407 1689/3272/3407 1921/3273/3407
f 1560/3274/3408 1544/3263/3408 1536/3264/3408
f 1536/3264/3409 1552/3275/3409 1560/3274/3409
f 1572/3276/3410 1548/3265/3410 1544/3263/3410
f 1544/3263/3411 1560/3274/3411 1572/3276/3411
f 1582/3277/3412 1568/3266/3412 1548/3265/3412
f 1548/3265/3413 1572/3276/3413 1582/3277/3413
f 1594/3278/3414 1584/3267/3414 1568/3266/3414
f 1568/3266/3415 1582/3277/3415 1594/3278/3415
f 1610/3279/3416 1602/3268/3416 1584/3267/3416
f 1584/3267/3417 1594/3278/3417 1610/3279/3417
f 1632/3280/3418 1627/3269/3418 1602/3268/3418
f 1602/3268/3419 1610/3279/3419 1632/3280/3419
f 1651/3281/3420 1649/3270/3420 1627/3269/3420
f 1627/3269/3421 1632/3280/3421 1651/3281/3421
f 1673/3282/3422 1669/3271/3422 1649/3270/3422
f 1649/3270/3423 1651/3281/3423 1673/3282/3423
f 1691/3283/3424 1689/3272/3424 1669/3271/3424
f 1669/3271/3425 1673/3282/3425 1691/3283/3425
f 1922/3284/3426 1921/3273/3426 1689/3272/3426
f 1689/3272/3427 1691/3283/3427 1922/3284/3427
f 1508/3285/3428 1560/3286/3428 1552/3287/3428
f 1552/3287/3428 1500/3288/3428 1508/3285/3428
f 1522/3289/3429 1572/3290/3429 1560/3286/3429
f 1560/3286/3430 1508/3285/3430 1522/3289/3430
f 1542/3291/3431 1582/3277/3431 1572/3276/3431
f 1572/3276/3432 1522/3292/3432 1542/3291/3432
f 1566/3293/3433 1594/3278/3433 1582/3277/3433
f 1582/3277/3434 1542/3291/3434 1566/3293/3434
f 1590/3294/3435 1610/3279/3435 1594/3278/3435
f 1594/3278/3435 1566/3293/3435 1590/3294/3435
f 1614/3295/3436 1632/3280/3436 1610/3279/3436
f 1610/3279/3436 1590/3294/3436 1614/3295/3436
f 1639/3296/3437 1651/3281/3437 1632/3280/3437
f 1632/3280/3438 1614/3295/3438 1639/3296/3438
f 1659/3297/3439 1673/3282/3439 1651/3281/3439
f 1651/3281/3440 1639/3296/3440 1659/3297/3440
f 1685/3298/3441 1691/3283/3441 1673/3282/3441
f 1673/3282/3442 1659/3297/3442 1685/3298/3442
f 1928/3299/3443 1922/3284/3443 1691/3283/3443
f 1691/3283/3443 1685/3298/3443 1928/3299/3443
f 1888/3300/3444 1887/3301/3444 1937/3302/3444
f 1888/3300/3445 1937/3302/3445 1961/3303/3445
f 1888/3300/3446 1961/3303/3446 1983/3304/3446
f 1888/3300/3447 1983/3304/3447 2007/3305/3447
f 1888/3300/3448 2007/3305/3448 2031/3306/3448
f 1888/3300/3449 2031/3306/3449 2049/3307/3449
f 1888/3300/3450 2049/3307/3450 2077/3308/3450
f 1888/3300/3451 2077/3308/3451 2097/3309/3451
f 1888/3300/3452 2097/3309/3452 2105/3310/3452
f 1888/3300/3453 2105/3310/3453 2111/3311/3453
f 1949/3312/3454 1937/3302/3454 1887/3301/3454
f 1887/3301/3454 1885/3313/3454 1949/3312/3454
f 1989/3314/3455 1961/3303/3455 1937/3302/3455
f 1937/3302/3455 1949/3312/3455 1989/3314/3455
f 2037/3315/3456 1983/3304/3456 1961/3303/3456
f 1961/3303/3456 1989/3314/3456 2037/3315/3456
f 2095/3316/3457 2007/3305/3457 1983/3304/3457
f 1983/3304/3457 2037/3315/3457 2095/3316/3457
f 2143/3317/3458 2031/3306/3458 2007/3305/3458
f 2007/3305/3458 2095/3316/3458 2143/3317/3458
f 2201/3318/3459 2049/3307/3459 2031/3306/3459
f 2031/3306/3459 2143/3317/3459 2201/3318/3459
f 2227/3319/3460 2077/3308/3460 2049/3307/3460
f 2049/3307/3460 2201/3318/3460 2227/3319/3460
f 2250/3320/3461 2097/3309/3461 2077/3308/3461
f 2077/3308/3461 2227/3319/3461 2250/3320/3461
f 2258/3321/3462 2105/3310/3462 2097/3309/3462
f 2097/3309/3462 2250/3320/3462 2258/3321/3462
f 2262/3322/3463 2111/3311/3463 2105/3310/3463
f 2105/3310/3463 2258/3321/3463 2262/3322/3463
f 1957/3323/3464 1949/3312/3464 1885/3313/3464
f 1885/3313/3465 1883/3324/3465 1957/3323/3465
f 2001/3325/3466 1989/3314/3466 1949/3312/3466
f 1949/3312/3466 1957/3323/3466 2001/3325/3466
f 2066/3326/3467 2037/3315/3467 1989/3314/3467
f 1989/3314/3467 2001/3325/3467 2066/3326/3467
f 2133/3327/3468 2095/3316/3468 2037/3315/3468
f 2037/3315/3468 2066/3326/3468 2133/3327/3468
f 2205/3328/3469 2143/3317/3469 2095/3316/3469
f 2095/3316/3469 2133/3327/3469 2205/3328/3469
f 2244/3329/3470 2201/3318/3470 2143/3317/3470
f 2143/3317/3470 2205/3328/3470 2244/3329/3470
f 2280/3330/3471 2227/3319/3471 2201/3318/3471
f 2201/3318/3471 2244/3329/3471 2280/3330/3471
f 2301/3331/3472 2250/3320/3472 2227/3319/3472
f 2227/3319/3473 2280/3330/3473 2301/3331/3473
f 2311/3332/3474 2258/3321/3474 2250/3320/3474
f 2250/3320/3474 2301/3331/3474 2311/3332/3474
f 2314/3333/3475 2262/3322/3475 2258/3321/3475
f 2258/3321/3476 2311/3332/3476 2314/3333/3476
f 1959/3334/3477 1957/3335/3477 1883/3336/3477
f 1883/3336/3477 1880/3337/3477 1959/3334/3477
f 2003/3338/3478 2001/3339/3478 1957/2082/3478
f 1957/2082/3479 1959/3340/3479 2003/3338/3479
f 2069/3341/3480 2066/3342/3480 2001/3339/3480
f 2001/3339/3480 2003/3338/3480 2069/3341/3480
f 2135/3343/3481 2133/3344/3481 2066/3342/3481
f 2066/3342/3482 2069/3341/3482 2135/3343/3482
f 2207/3345/3483 2205/3346/3483 2133/3344/3483
f 2133/3344/3483 2135/3343/3483 2207/3345/3483
f 2246/3347/3484 2244/3348/3484 2205/3346/3484
f 2205/3346/3484 2207/3345/3484 2246/3347/3484
f 2282/3349/3485 2280/3350/3485 2244/3348/3485
f 2244/3348/3486 2246/3347/3486 2282/3349/3486
f 2303/3351/3487 2301/3352/3487 2280/3350/3487
f 2280/3350/3487 2282/3349/3487 2303/3351/3487
f 2313/3353/3488 2311/3354/3488 2301/3352/3488
f 2301/3352/3489 2303/3351/3489 2313/3353/3489
f 2317/3355/3490 2314/3356/3490 2311/3354/3490
f 2311/3354/3490 2313/3353/3490 2317/3355/3490
f 1953/3357/3491 1959/3334/3491 1880/3337/3491
f 1880/3337/3491 1877/3358/3491 1953/3357/3491
f 1995/3359/3492 2003/3338/3492 1959/3340/3492
f 1959/3340/3493 1953/3360/3493 1995/3359/3493
f 2043/3361/3494 2069/3341/3494 2003/3338/3494
f 2003/3338/3495 1995/3359/3495 2043/3361/3495
f 2107/3362/3496 2135/3343/3496 2069/3341/3496
f 2069/3341/3497 2043/3361/3497 2107/3362/3497
f 2169/3363/3498 2207/3345/3498 2135/3343/3498
f 2135/3343/3498 2107/3362/3498 2169/3363/3498
f 2215/3364/3499 2246/3347/3499 2207/3345/3499
f 2207/3345/3500 2169/3363/3500 2215/3364/3500
f 2242/3365/3501 2282/3349/3501 2246/3347/3501
f 2246/3347/3502 2215/3364/3502 2242/3365/3502
f 2260/3366/3503 2303/3351/3503 2282/3349/3503
f 2282/3349/3504 2242/3365/3504 2260/3366/3504
f 2286/3367/3505 2313/3353/3505 2303/3351/3505
f 2303/3351/3506 2260/3366/3506 2286/3367/3506
f 2290/3368/3507 2317/3369/3507 2313/3370/3507
f 2313/3370/3507 2286/3371/3507 2290/3368/3507
f 1945/3372/3508 1953/3373/3508 1877/3374/3508
f 1877/3374/3508 1875/3375/3508 1945/3372/3508
f 1979/3376/3509 1995/3377/3509 1953/3373/3509
f 1953/3373/3510 1945/3372/3510 1979/3376/3510
f 2019/3378/3511 2043/3379/3511 1995/3377/3511
f 1995/3377/3512 1979/3376/3512 2019/3378/3512
f 2061/3380/3513 2107/3381/3513 2043/3379/3513
f 2043/3379/3514 2019/3378/3514 2061/3380/3514
f 2109/3382/3515 2169/3383/3515 2107/3381/3515
f 2107/3381/3516 2061/3380/3516 2109/3382/3516
f 2147/3384/3517 2215/3385/3517 2169/3383/3517
f 2169/3383/3517 2109/3382/3517 2147/3384/3517
f 2187/3386/3518 2242/3387/3518 2215/3385/3518
f 2215/3385/3519 2147/3384/3519 2187/3386/3519
f 2211/3388/3520 2260/3389/3520 2242/3387/3520
f 2242/3387/3521 2187/3386/3521 2211/3388/3521
f 2221/3390/3522 2286/3391/3522 2260/3389/3522
f 2260/3389/3523 2211/3388/3523 2221/3390/3523
f 2224/3392/3524 2290/3393/3524 2286/3391/3524
f 2286/3391/3524 2221/3390/3524 2224/3392/3524
f 1943/3394/3525 1945/3372/3525 1875/3375/3525
f 1875/3375/3526 1873/3395/3526 1943/3394/3526
f 1971/3396/3527 1979/3376/3527 1945/3372/3527
f 1945/3372/3528 1943/3394/3528 1971/3396/3528
f 1993/3397/3529 2019/3378/3529 1979/3376/3529
f 1979/3376/3530 1971/3396/3530 1993/3397/3530
f 2025/3398/3531 2061/3380/3531 2019/3378/3531
f 2019/3378/3532 1993/3397/3532 2025/3398/3532
f 2045/3399/3533 2109/3382/3533 2061/3380/3533
f 2061/3380/3534 2025/3398/3534 2045/3399/3534
f 2085/3400/3535 2147/3384/3535 2109/3382/3535
f 2109/3382/3536 2045/3399/3536 2085/3400/3536
f 2113/3401/3537 2187/3386/3537 2147/3384/3537
f 2147/3384/3538 2085/3400/3538 2113/3401/3538
f 2126/3402/3539 2211/3388/3539 2187/3386/3539
f 2187/3386/3540 2113/3401/3540 2126/3402/3540
f 2140/3403/3541 2221/3390/3541 2211/3388/3541
f 2211/3388/3542 2126/3402/3542 2140/3403/3542
f 2144/3404/3543 2224/3392/3543 2221/3390/3543
f 2221/3390/3544 2140/3403/3544 2144/3404/3544
f 1935/3405/3545 1943/3406/3545 1873/3407/3545
f 1873/3407/3546 1871/3408/3546 1935/3405/3546
f 1955/3409/3547 1971/3410/3547 1943/3411/3547
f 1943/3411/3548 1935/3412/3548 1955/3409/3548
f 1975/3413/3549 1993/3414/3549 1971/3410/3549
f 1971/3410/3550 1955/3409/3550 1975/3413/3550
f 1997/3415/3551 2025/3416/3551 1993/3414/3551
f 1993/3414/3552 1975/3413/3552 1997/3415/3552
f 2020/3417/3553 2045/3418/3553 2025/3416/3553
f 2025/3416/3554 1997/3415/3554 2020/3417/3554
f 2038/3419/3555 2085/3420/3555 2045/3418/3555
f 2045/3418/3556 2020/3417/3556 2038/3419/3556
f 2054/3421/3557 2113/3422/3557 2085/3420/3557
f 2085/3420/3558 2038/3419/3558 2054/3421/3558
f 2074/3423/3559 2126/3424/3559 2113/3422/3559
f 2113/3422/3560 2054/3421/3560 2074/3423/3560
f 2078/3425/3561 2140/3426/3561 2126/3424/3561
f 2126/3424/3562 2074/3423/3562 2078/3425/3562
f 2086/3427/3563 2144/3428/3563 2140/3429/3563
f 2140/3429/3564 2078/3430/3564 2086/3427/3564
f 1933/3431/3565 1935/3405/3565 1871/3408/3565
f 1871/3408/3566 1869/3432/3566 1933/3431/3566
f 1951/3433/3567 1955/3409/3567 1935/3412/3567
f 1935/3412/3568 1933/3434/3568 1951/3433/3568
f 1973/3435/3569 1975/3413/3569 1955/3409/3569
f 1955/3409/3570 1951/3433/3570 1973/3435/3570
f 1990/3436/3571 1997/3415/3571 1975/3413/3571
f 1975/3413/3572 1973/3435/3572 1990/3436/3572
f 2012/3437/3573 2020/3417/3573 1997/3415/3573
f 1997/3415/3574 1990/3436/3574 2012/3437/3574
f 2028/3438/3575 2038/3419/3575 2020/3417/3575
f 2020/3417/3576 2012/3437/3576 2028/3438/3576
f 2040/3439/3577 2054/3421/3577 2038/3419/3577
f 2038/3419/3578 2028/3438/3578 2040/3439/3578
f 2050/3440/3579 2074/3423/3579 2054/3421/3579
f 2054/3421/3580 2040/3439/3580 2050/3440/3580
f 2062/3441/3581 2078/3425/3581 2074/3423/3581
f 2074/3423/3582 2050/3440/3582 2062/3441/3582
f 2070/3442/3583 2086/3443/3583 2078/3425/3583
f 2078/3425/3584 2062/3441/3584 2070/3442/3584
f 1939/3444/3585 1933/3434/3585 1869/3445/3585
f 1869/3445/3585 1866/3446/3585 1939/3444/3585
f 1965/3447/3586 1951/3433/3586 1933/3434/3586
f 1933/3434/3587 1939/3444/3587 1965/3447/3587
f 1985/3448/3588 1973/3435/3588 1951/3433/3588
f 1951/3433/3589 1965/3447/3589 1985/3448/3589
f 2008/3449/3590 1990/3436/3590 1973/3435/3590
f 1973/3435/3591 1985/3448/3591 2008/3449/3591
f 2032/3450/3592 2012/3437/3592 1990/3436/3592
f 1990/3436/3592 2008/3449/3592 2032/3450/3592
f 2056/3451/3593 2028/3438/3593 2012/3437/3593
f 2012/3437/3593 2032/3450/3593 2056/3451/3593
f 2080/3452/3594 2040/3439/3594 2028/3438/3594
f 2028/3438/3595 2056/3451/3595 2080/3452/3595
f 2100/3453/3596 2050/3440/3596 2040/3439/3596
f 2040/3439/3597 2080/3452/3597 2100/3453/3597
f 2114/3454/3598 2062/3441/3598 2050/3440/3598
f 2050/3440/3599 2100/3453/3599 2114/3454/3599
f 2122/3455/3600 2070/3442/3600 2062/3441/3600
f 2062/3441/3600 2114/3454/3600 2122/3455/3600
f 2232/3456/3601 2116/3457/3601 2124/3458/3601
f 2124/3458/3602 2236/3459/3602 2232/3456/3602
f 2218/3460/3603 2102/3461/3603 2116/3457/3603
f 2116/3457/3603 2232/3456/3603 2218/3460/3603
f 2199/3462/3604 2082/3463/3604 2102/3461/3604
f 2102/3461/3605 2218/3460/3605 2199/3462/3605
f 2150/3464/3606 2058/3465/3606 2082/3463/3606
f 2082/3463/3606 2199/3462/3606 2150/3464/3606
f 2120/3466/3607 2034/3467/3607 2058/3465/3607
f 2058/3465/3607 2150/3464/3607 2120/3466/3607
f 2064/3468/3608 2010/3469/3608 2034/3467/3608
f 2034/3467/3608 2120/3466/3608 2064/3468/3608
f 2023/3470/3609 1986/3471/3609 2010/3469/3609
f 2010/3469/3609 2064/3468/3609 2023/3470/3609
f 1980/3472/3610 1966/3473/3610 1986/3471/3610
f 1986/3471/3611 2023/3470/3611 1980/3472/3611
f 1946/3474/3612 1940/3475/3612 1966/3473/3612
f 1966/3473/3612 1980/3472/3612 1946/3474/3612
f 1862/3476/3613 1730/3477/3613 1940/3475/3613
f 1940/3475/3613 1946/3474/3613 1862/3476/3613
f 2332/3478/3614 2232/3456/3614 2236/3459/3614
f 2236/3459/3614 2336/3479/3614 2332/3478/3614
f 2322/3480/3615 2218/3460/3615 2232/3456/3615
f 2232/3456/3615 2332/3478/3615 2322/3480/3615
f 2306/3481/3616 2199/3462/3616 2218/3460/3616
f 2218/3460/3616 2322/3480/3616 2306/3481/3616
f 2275/3482/3617 2150/3464/3617 2199/3462/3617
f 2199/3462/3617 2306/3481/3617 2275/3482/3617
f 2234/3483/3618 2120/3466/3618 2150/3464/3618
f 2150/3464/3618 2275/3482/3618 2234/3483/3618
f 2170/3484/3619 2064/3468/3619 2120/3466/3619
f 2120/3466/3619 2234/3483/3619 2170/3484/3619
f 2093/3485/3620 2023/3470/3620 2064/3468/3620
f 2064/3468/3620 2170/3484/3620 2093/3485/3620
f 2016/3486/3621 1980/3472/3621 2023/3470/3621
f 2023/3470/3621 2093/3485/3621 2016/3486/3621
f 1968/3487/3622 1946/3474/3622 1980/3472/3622
f 1980/3472/3622 2016/3486/3622 1968/3487/3622
f 1858/3488/3623 1862/3476/3623 1946/3474/3623
f 1946/3474/3623 1968/3487/3623 1858/3488/3623
f 2409/3489/3624 2332/3478/3624 2336/3479/3624
f 2336/3479/3624 2413/3490/3624 2409/3489/3624
f 2400/3491/3625 2322/3480/3625 2332/3478/3625
f 2332/3478/3626 2409/3489/3626 2400/3491/3626
f 2376/3492/3627 2306/3481/3627 2322/3480/3627
f 2322/3480/3627 2400/3491/3627 2376/3492/3627
f 2349/3493/3628 2275/3482/3628 2306/3481/3628
f 2306/3481/3628 2376/3492/3628 2349/3493/3628
f 2324/3494/3629 2234/3483/3629 2275/3482/3629
f 2275/3482/3629 2349/3493/3629 2324/3494/3629
f 2271/3495/3630 2170/3484/3630 2234/3483/3630
f 2234/3483/3630 2324/3494/3630 2271/3495/3630
f 2185/3496/3631 2093/3485/3631 2170/3484/3631
f 2170/3484/3631 2271/3495/3631 2185/3496/3631
f 2072/3497/3632 2016/3486/3632 2093/3485/3632
f 2093/3485/3632 2185/3496/3632 2072/3497/3632
f 1976/3498/3633 1968/3487/3633 2016/3486/3633
f 2016/3486/3634 2072/3497/3634 1976/3498/3634
f 1729/3499/3635 1858/3488/3635 1968/3487/3635
f 1968/3487/3635 1976/3498/3635 1729/3499/3635
f 2488/3500/3636 2409/3489/3636 2413/3490/3636
f 2413/3490/3636 2498/3501/3636 2488/3500/3636
f 2470/3502/3637 2400/3491/3637 2409/3489/3637
f 2409/3489/3637 2488/3500/3637 2470/3502/3637
f 2444/3503/3638 2376/3492/3638 2400/3491/3638
f 2400/3491/3638 2470/3502/3638 2444/3503/3638
f 2418/3504/3639 2349/3493/3639 2376/3492/3639
f 2376/3492/3639 2444/3503/3639 2418/3504/3639
f 2384/3505/3640 2324/3494/3640 2349/3493/3640
f 2349/3493/3640 2418/3504/3640 2384/3505/3640
f 2338/3506/3641 2271/3495/3641 2324/3494/3641
f 2324/3494/3641 2384/3505/3641 2338/3506/3641
f 2269/3507/3642 2185/3496/3642 2271/3495/3642
f 2271/3495/3642 2338/3506/3642 2269/3507/3642
f 2138/3508/3643 2072/3497/3643 2185/3496/3643
f 2185/3496/3643 2269/3507/3643 2138/3508/3643
f 1998/3509/3644 1976/3498/3644 2072/3497/3644
f 2072/3497/3644 2138/3508/3644 1998/3509/3644
f 1722/3510/3645 1729/3499/3645 1976/3498/3645
f 1976/3498/3645 1998/3509/3645 1722/3510/3645
f 2559/3511/3646 2488/3500/3646 2498/3501/3646
f 2498/3501/3646 2569/3512/3646 2559/3511/3646
f 2549/3513/3647 2470/3502/3647 2488/3500/3647
f 2488/3500/3647 2559/3511/3647 2549/3513/3647
f 2531/3514/3648 2444/3503/3648 2470/3502/3648
f 2470/3502/3648 2549/3513/3648 2531/3514/3648
f 2492/3515/3649 2418/3504/3649 2444/3503/3649
f 2444/3503/3649 2531/3514/3649 2492/3515/3649
f 2436/3516/3650 2384/3505/3650 2418/3504/3650
f 2418/3504/3650 2492/3515/3650 2436/3516/3650
f 2394/3517/3651 2338/3506/3651 2384/3505/3651
f 2384/3505/3651 2436/3516/3651 2394/3517/3651
f 2326/3518/3652 2269/3507/3652 2338/3506/3652
f 2338/3506/3652 2394/3517/3652 2326/3518/3652
f 2212/3519/3653 2138/3508/3653 2269/3507/3653
f 2269/3507/3653 2326/3518/3653 2212/3519/3653
f 2026/3520/3654 1998/3509/3654 2138/3508/3654
f 2138/3508/3654 2212/3519/3654 2026/3520/3654
f 1850/3521/3655 1722/3510/3655 1998/3509/3655
f 1998/3509/3655 2026/3520/3655 1850/3521/3655
f 2653/3522/3656 2559/3511/3656 2569/3512/3656
f 2569/3512/3656 2655/3523/3656 2653/3522/3656
f 2631/3524/3657 2549/3513/3657 2559/3511/3657
f 2559/3511/3657 2653/3522/3657 2631/3524/3657
f 2593/3525/3658 2531/3514/3658 2549/3513/3658
f 2549/3513/3658 2631/3524/3658 2593/3525/3658
f 2551/3526/3659 2492/3515/3659 2531/3514/3659
f 2531/3514/3659 2593/3525/3659 2551/3526/3659
f 2510/3527/3660 2436/3516/3660 2492/3515/3660
f 2492/3515/3660 2551/3526/3660 2510/3527/3660
f 2432/3528/3661 2394/3517/3661 2436/3516/3661
f 2436/3516/3661 2510/3527/3661 2432/3528/3661
f 2366/3529/3662 2326/3518/3662 2394/3517/3662
f 2394/3517/3662 2432/3528/3662 2366/3529/3662
f 2263/3530/3663 2212/3519/3663 2326/3518/3663
f 2326/3518/3663 2366/3529/3663 2263/3530/3663
f 2052/3531/3664 2026/3520/3664 2212/3519/3664
f 2212/3519/3664 2263/3530/3664 2052/3531/3664
f 1726/3532/3665 1850/3521/3665 2026/3520/3665
f 2026/3520/3665 2052/3531/3665 1726/3532/3665
f 2720/3533/3666 2653/3522/3666 2655/3523/3666
f 2655/3523/3666 2726/3534/3666 2720/3533/3666
f 2697/3535/3667 2631/3524/3667 2653/3522/3667
f 2653/3522/3667 2720/3533/3667 2697/3535/3667
f 2662/3536/3668 2593/3525/3668 2631/3524/3668
f 2631/3524/3668 2697/3535/3668 2662/3536/3668
f 2607/3537/3669 2551/3526/3669 2593/3525/3669
f 2593/3525/3669 2662/3536/3669 2607/3537/3669
f 2547/3538/3670 2510/3527/3670 2551/3526/3670
f 2551/3526/3670 2607/3537/3670 2547/3538/3670
f 2484/3539/3671 2432/3528/3671 2510/3527/3671
f 2510/3527/3671 2547/3538/3671 2484/3539/3671
f 2405/3540/3672 2366/3529/3672 2432/3528/3672
f 2432/3528/3672 2484/3539/3672 2405/3540/3672
f 2308/3541/3673 2263/3530/3673 2366/3529/3673
f 2366/3529/3673 2405/3540/3673 2308/3541/3673
f 2090/3542/3674 2052/3531/3674 2263/3530/3674
f 2263/3530/3674 2308/3541/3674 2090/3542/3674
f 1719/3543/3675 1726/3532/3675 2052/3531/3675
f 2052/3531/3675 2090/3542/3675 1719/3543/3675
f 2787/3544/3676 2720/3533/3676 2726/3534/3676
f 2726/3534/3676 2795/3545/3676 2787/3544/3676
f 2759/3546/3677 2697/3535/3677 2720/3533/3677
f 2720/3533/3677 2787/3544/3677 2759/3546/3677
f 2713/3547/3678 2662/3536/3678 2697/3535/3678
f 2697/3535/3678 2759/3546/3678 2713/3547/3678
f 2657/3548/3679 2607/3537/3679 2662/3536/3679
f 2662/3536/3679 2713/3547/3679 2657/3548/3679
f 2589/3549/3680 2547/3538/3680 2607/3537/3680
f 2607/3537/3680 2657/3548/3680 2589/3549/3680
f 2525/3550/3681 2484/3539/3681 2547/3538/3681
f 2547/3538/3681 2589/3549/3681 2525/3550/3681
f 2422/3551/3682 2405/3540/3682 2484/3539/3682
f 2484/3539/3682 2525/3550/3682 2422/3551/3682
f 2330/3552/3683 2308/3541/3683 2405/3540/3683
f 2405/3540/3683 2422/3551/3683 2330/3552/3683
f 2118/3553/3684 2090/3542/3684 2308/3541/3684
f 2308/3541/3684 2330/3552/3684 2118/3553/3684
f 1700/3554/3685 1719/3543/3685 2090/3542/3685
f 2090/3542/3686 2118/3553/3686 1700/3554/3686
f 2834/3555/3687 2787/3544/3687 2795/3545/3687
f 2795/3545/3687 2844/3556/3687 2834/3555/3687
f 2798/3557/3688 2759/3546/3688 2787/3544/3688
f 2787/3544/3688 2834/3555/3688 2798/3557/3688
f 2750/3558/3689 2713/3547/3689 2759/3546/3689
f 2759/3546/3689 2798/3557/3689 2750/3558/3689
f 2690/3559/3690 2657/3548/3690 2713/3547/3690
f 2713/3547/3690 2750/3558/3690 2690/3559/3690
f 2624/3560/3691 2589/3549/3691 2657/3548/3691
f 2657/3548/3691 2690/3559/3691 2624/3560/3691
f 2536/3561/3692 2525/3550/3692 2589/3549/3692
f 2589/3549/3692 2624/3560/3692 2536/3561/3692
f 2441/3562/3693 2422/3551/3693 2525/3550/3693
f 2525/3550/3693 2536/3561/3693 2441/3562/3693
f 2340/3563/3694 2330/3552/3694 2422/3551/3694
f 2422/3551/3694 2441/3562/3694 2340/3563/3694
f 2128/3564/3695 2118/3553/3695 2330/3552/3695
f 2330/3552/3695 2340/3563/3695 2128/3564/3695
f 1825/3565/3696 1700/3554/3696 2118/3553/3696
f 2118/3553/3696 2128/3564/3696 1825/3565/3696
f 2847/3566/3697 2834/3567/3697 2844/3568/3697
f 2844/3568/3698 2857/3569/3698 2847/3566/3698
f 2821/3570/3699 2798/3571/3699 2834/3572/3699
f 2834/3572/3699 2847/3573/3699 2821/3570/3699
f 2765/3574/3700 2750/3575/3700 2798/3571/3700
f 2798/3571/3701 2821/3570/3701 2765/3574/3701
f 2703/3576/3702 2690/3577/3702 2750/3575/3702
f 2750/3575/3702 2765/3574/3702 2703/3576/3702
f 2637/3578/3703 2624/3579/3703 2690/3577/3703
f 2690/3577/3703 2703/3576/3703 2637/3578/3703
f 2543/3580/3704 2536/3581/3704 2624/3579/3704
f 2624/3579/3704 2637/3578/3704 2543/3580/3704
f 2446/3582/3705 2441/3583/3705 2536/3581/3705
f 2536/3581/3705 2543/3580/3705 2446/3582/3705
f 2344/3584/3706 2340/3585/3706 2441/3586/3706
f 2441/3586/3706 2446/3587/3706 2344/3584/3706
f 2136/3588/3707 2128/3589/3707 2340/3585/3707
f 2340/3585/3707 2344/3584/3707 2136/3588/3707
f 1713/3590/3708 1825/3591/3708 2128/3589/3708
f 2128/3589/3708 2136/3588/3708 1713/3590/3708
f 1676/3592/3709 1682/3593/3709 1864/3594/3709
f 1864/3594/3709 1862/3595/3709 1676/3592/3709
f 1642/3596/3710 1656/3597/3710 1682/3593/3710
f 1682/3593/3710 1676/3592/3710 1642/3596/3710
f 1601/3598/3711 1636/3599/3711 1656/3597/3711
f 1656/3597/3712 1642/3596/3712 1601/3598/3712
f 1558/3600/3713 1612/3601/3713 1636/3599/3713
f 1636/3599/3713 1601/3598/3713 1558/3600/3713
f 1502/3602/3714 1588/3603/3714 1612/3601/3714
f 1612/3601/3714 1558/3600/3714 1502/3602/3714
f 1472/3604/3715 1564/3605/3715 1588/3603/3715
f 1588/3603/3715 1502/3602/3715 1472/3604/3715
f 1425/3606/3716 1540/3607/3716 1564/3605/3716
f 1564/3605/3716 1472/3604/3716 1425/3606/3716
f 1404/3608/3717 1520/3609/3717 1540/3607/3717
f 1540/3607/3718 1425/3606/3718 1404/3608/3718
f 1390/3610/3719 1506/3611/3719 1520/3609/3719
f 1520/3609/3719 1404/3608/3719 1390/3610/3719
f 1387/3612/3720 1498/3613/3720 1506/3611/3720
f 1506/3611/3720 1390/3610/3720 1387/3612/3720
f 1654/3614/3721 1676/3592/3721 1862/3595/3721
f 1862/3595/3721 1859/3615/3721 1654/3614/3721
f 1606/3616/3722 1642/3596/3722 1676/3592/3722
f 1676/3592/3722 1654/3614/3722 1606/3616/3722
f 1531/3617/3723 1601/3598/3723 1642/3596/3723
f 1642/3596/3723 1606/3616/3723 1531/3617/3723
f 1452/3618/3724 1558/3600/3724 1601/3598/3724
f 1601/3598/3724 1531/3617/3724 1452/3618/3724
f 1388/3619/3725 1502/3602/3725 1558/3600/3725
f 1558/3600/3725 1452/3618/3725 1388/3619/3725
f 1347/3620/3726 1472/3604/3726 1502/3602/3726
f 1502/3602/3726 1388/3619/3726 1347/3620/3726
f 1316/3621/3727 1425/3606/3727 1472/3604/3727
f 1472/3604/3727 1347/3620/3727 1316/3621/3727
f 1300/3622/3728 1404/3608/3728 1425/3606/3728
f 1425/3606/3728 1316/3621/3728 1300/3622/3728
f 1290/3623/3729 1390/3610/3729 1404/3608/3729
f 1404/3608/3729 1300/3622/3729 1290/3623/3729
f 1286/3624/3730 1387/3612/3730 1390/3610/3730
f 1390/3610/3730 1290/3623/3730 1286/3624/3730
f 1646/3625/3731 1654/3614/3731 1859/3615/3731
f 1859/3615/3731 1856/3626/3731 1646/3625/3731
f 1550/3627/3732 1606/3616/3732 1654/3614/3732
f 1654/3614/3732 1646/3625/3732 1550/3627/3732
f 1439/3628/3733 1531/3617/3733 1606/3616/3733
f 1606/3616/3733 1550/3627/3733 1439/3628/3733
f 1351/3629/3734 1452/3618/3734 1531/3617/3734
f 1531/3617/3734 1439/3628/3734 1351/3629/3734
f 1298/3630/3735 1388/3619/3735 1452/3618/3735
f 1452/3618/3735 1351/3629/3735 1298/3630/3735
f 1275/3631/3736 1347/3620/3736 1388/3619/3736
f 1388/3619/3736 1298/3630/3736 1275/3631/3736
f 1246/3632/3737 1316/3621/3737 1347/3620/3737
f 1347/3620/3737 1275/3631/3737 1246/3632/3737
f 1222/3633/3738 1300/3622/3738 1316/3621/3738
f 1316/3621/3738 1246/3632/3738 1222/3633/3738
f 1215/3634/3739 1290/3623/3739 1300/3622/3739
f 1300/3622/3740 1222/3633/3740 1215/3634/3740
f 1211/3635/3741 1286/3624/3741 1290/3623/3741
f 1290/3623/3741 1215/3634/3741 1211/3635/3741
f 1624/3636/3742 1646/3625/3742 1856/3626/3742
f 1856/3626/3742 1854/3637/3742 1624/3636/3742
f 1484/3638/3743 1550/3627/3743 1646/3625/3743
f 1646/3625/3743 1624/3636/3743 1484/3638/3743
f 1353/3639/3744 1439/3628/3744 1550/3627/3744
f 1550/3627/3744 1484/3638/3744 1353/3639/3744
f 1284/3640/3745 1351/3629/3745 1439/3628/3745
f 1439/3628/3745 1353/3639/3745 1284/3640/3745
f 1238/3641/3746 1298/3630/3746 1351/3629/3746
f 1351/3629/3746 1284/3640/3746 1238/3641/3746
f 1204/3642/3747 1275/3631/3747 1298/3630/3747
f 1298/3630/3747 1238/3641/3747 1204/3642/3747
f 1178/3643/3748 1246/3632/3748 1275/3631/3748
f 1275/3631/3748 1204/3642/3748 1178/3643/3748
f 1152/3644/3749 1222/3633/3749 1246/3632/3749
f 1246/3632/3749 1178/3643/3749 1152/3644/3749
f 1134/3645/3750 1215/3634/3750 1222/3633/3750
f 1222/3633/3750 1152/3644/3750 1134/3645/3750
f 1124/3646/3751 1211/3635/3751 1215/3634/3751
f 1215/3634/3751 1134/3645/3751 1124/3646/3751
f 1596/3647/3752 1624/3636/3752 1854/3637/3752
f 1854/3637/3752 1851/3648/3752 1596/3647/3752
f 1410/3649/3753 1484/3638/3753 1624/3636/3753
f 1624/3636/3753 1596/3647/3753 1410/3649/3753
f 1296/3650/3754 1353/3639/3754 1484/3638/3754
f 1484/3638/3754 1410/3649/3754 1296/3650/3754
f 1228/3651/3755 1284/3640/3755 1353/3639/3755
f 1353/3639/3755 1296/3650/3755 1228/3651/3755
f 1186/3652/3756 1238/3641/3756 1284/3640/3756
f 1284/3640/3756 1228/3651/3756 1186/3652/3756
f 1130/3653/3757 1204/3642/3757 1238/3641/3757
f 1238/3641/3757 1186/3652/3757 1130/3653/3757
f 1091/3654/3758 1178/3643/3758 1204/3642/3758
f 1204/3642/3758 1130/3653/3758 1091/3654/3758
f 1073/3655/3759 1152/3644/3759 1178/3643/3759
f 1178/3643/3759 1091/3654/3759 1073/3655/3759
f 1063/3656/3760 1134/3645/3760 1152/3644/3760
f 1152/3644/3760 1073/3655/3760 1063/3656/3760
f 1053/3657/3761 1124/3646/3761 1134/3645/3761
f 1134/3645/3761 1063/3656/3761 1053/3657/3761
f 1570/3658/3762 1596/3647/3762 1851/3648/3762
f 1851/3648/3762 1848/3659/3762 1570/3658/3762
f 1359/3660/3763 1410/3649/3763 1596/3647/3763
f 1596/3647/3763 1570/3658/3763 1359/3660/3763
f 1256/3661/3764 1296/3650/3764 1410/3649/3764
f 1410/3649/3764 1359/3660/3764 1256/3661/3764
f 1190/3662/3765 1228/3651/3765 1296/3650/3765
f 1296/3650/3765 1256/3661/3765 1190/3662/3765
f 1112/3663/3766 1186/3652/3766 1228/3651/3766
f 1228/3651/3766 1190/3662/3766 1112/3663/3766
f 1071/3664/3767 1130/3653/3767 1186/3652/3767
f 1186/3652/3767 1112/3663/3767 1071/3664/3767
f 1029/3665/3768 1091/3654/3768 1130/3653/3768
f 1130/3653/3768 1071/3664/3768 1029/3665/3768
f 991/3666/3769 1073/3655/3769 1091/3654/3769
f 1091/3654/3769 1029/3665/3769 991/3666/3769
f 969/3667/3770 1063/3656/3770 1073/3655/3770
f 1073/3655/3770 991/3666/3770 969/3667/3770
f 967/3668/3771 1053/3657/3771 1063/3656/3771
f 1063/3656/3771 969/3667/3771 967/3668/3771
f 1532/3669/3772 1570/3658/3772 1848/3659/3772
f 1848/3659/3772 1846/3670/3772 1532/3669/3772
f 1314/3671/3773 1359/3660/3773 1570/3658/3773
f 1570/3658/3773 1532/3669/3773 1314/3671/3773
f 1219/3672/3774 1256/3661/3774 1359/3660/3774
f 1359/3660/3774 1314/3671/3774 1219/3672/3774
f 1138/3673/3775 1190/3662/3775 1256/3661/3775
f 1256/3661/3775 1219/3672/3775 1138/3673/3775
f 1075/3674/3776 1112/3663/3776 1190/3662/3776
f 1190/3662/3776 1138/3673/3776 1075/3674/3776
f 1015/3675/3777 1071/3664/3777 1112/3663/3777
f 1112/3663/3777 1075/3674/3777 1015/3675/3777
f 962/3676/3778 1029/3665/3778 1071/3664/3778
f 1071/3664/3778 1015/3675/3778 962/3676/3778
f 925/3677/3779 991/3666/3779 1029/3665/3779
f 1029/3665/3779 962/3676/3779 925/3677/3779
f 904/3678/3780 969/3667/3780 991/3666/3780
f 991/3666/3780 925/3677/3780 904/3678/3780
f 898/3679/3781 967/3668/3781 969/3667/3781
f 969/3667/3781 904/3678/3781 898/3679/3781
f 1504/3680/3782 1532/3669/3782 1846/3670/3782
f 1846/3670/3783 1832/3681/3783 1504/3680/3783
f 1292/3682/3784 1314/3671/3784 1532/3669/3784
f 1532/3669/3784 1504/3680/3784 1292/3682/3784
f 1200/3683/3785 1219/3672/3785 1314/3671/3785
f 1314/3671/3785 1292/3682/3785 1200/3683/3785
f 1097/3684/3786 1138/3673/3786 1219/3672/3786
f 1219/3672/3786 1200/3683/3786 1097/3684/3786
f 1033/3685/3787 1075/3674/3787 1138/3673/3787
f 1138/3673/3787 1097/3684/3787 1033/3685/3787
f 965/3686/3788 1015/3675/3788 1075/3674/3788
f 1075/3674/3788 1033/3685/3788 965/3686/3788
f 909/3687/3789 962/3676/3789 1015/3675/3789
f 1015/3675/3789 965/3686/3789 909/3687/3789
f 863/3688/3790 925/3677/3790 962/3676/3790
f 962/3676/3790 909/3687/3790 863/3688/3790
f 835/3689/3791 904/3678/3791 925/3677/3791
f 925/3677/3791 863/3688/3791 835/3689/3791
f 827/3690/3792 898/3679/3792 904/3678/3792
f 904/3678/3792 835/3689/3792 827/3690/3792
f 1494/3691/3793 1504/3680/3793 1832/3681/3793
f 1832/3681/3793 1824/3692/3793 1494/3691/3793
f 1282/3693/3794 1292/3682/3794 1504/3680/3794
f 1504/3680/3794 1494/3691/3794 1282/3693/3794
f 1183/3694/3795 1200/3683/3795 1292/3682/3795
f 1292/3682/3795 1282/3693/3795 1183/3694/3795
f 1088/3695/3796 1097/3684/3796 1200/3683/3796
f 1200/3683/3796 1183/3694/3796 1088/3695/3796
f 1000/3696/3797 1033/3685/3797 1097/3684/3797
f 1097/3684/3797 1088/3695/3797 1000/3696/3797
f 934/3697/3798 965/3686/3798 1033/3685/3798
f 1033/3685/3798 1000/3696/3798 934/3697/3798
f 874/3698/3799 909/3687/3799 965/3686/3799
f 965/3686/3799 934/3697/3799 874/3698/3799
f 826/3699/3800 863/3688/3800 909/3687/3800
f 909/3687/3800 874/3698/3800 826/3699/3800
f 790/3700/3801 835/3689/3801 863/3688/3801
f 863/3688/3801 826/3699/3801 790/3700/3801
f 780/3701/3802 827/3690/3802 835/3689/3802
f 835/3689/3802 790/3700/3802 780/3701/3802
f 1486/3702/3803 1494/3703/3803 1824/3704/3803
f 1824/3704/3803 1814/3705/3803 1486/3702/3803
f 1278/3706/3804 1282/3707/3804 1494/3703/3804
f 1494/3703/3804 1486/3702/3804 1278/3706/3804
f 1176/3708/3805 1183/3709/3805 1282/3707/3805
f 1282/3707/3805 1278/3706/3805 1176/3708/3805
f 1079/3710/3806 1088/3711/3806 1183/3709/3806
f 1183/3709/3806 1176/3708/3806 1079/3710/3806
f 985/3712/3807 1000/3713/3807 1088/3711/3807
f 1088/3711/3807 1079/3710/3807 985/3712/3807
f 919/3714/3808 934/3715/3808 1000/3713/3808
f 1000/3713/3808 985/3712/3808 919/3714/3808
f 857/3716/3809 874/3717/3809 934/3715/3809
f 934/3715/3809 919/3714/3809 857/3716/3809
f 801/3718/3810 826/3719/3810 874/3717/3810
f 874/3717/3811 857/3716/3811 801/3718/3811
f 775/3720/3812 790/3700/3812 826/3699/3812
f 826/3699/3812 801/3721/3812 775/3720/3812
f 765/3722/3813 780/3701/3813 790/3700/3813
f 790/3700/3814 775/3720/3814 765/3722/3814
f 1391/3723/3815 1507/3724/3815 1499/3725/3815
f 1499/3725/3816 1387/3726/3816 1391/3723/3816
f 1405/3727/3817 1521/3728/3817 1507/3724/3817
f 1507/3724/3817 1391/3723/3817 1405/3727/3817
f 1424/3729/3818 1541/3730/3818 1521/3728/3818
f 1521/3728/3819 1405/3727/3819 1424/3729/3819
f 1473/3731/3820 1565/3732/3820 1541/3730/3820
f 1541/3730/3820 1424/3729/3820 1473/3731/3820
f 1503/3733/3821 1589/3734/3821 1565/3732/3821
f 1565/3732/3821 1473/3731/3821 1503/3733/3821
f 1559/3735/3822 1613/3736/3822 1589/3734/3822
f 1589/3734/3822 1503/3733/3822 1559/3735/3822
f 1600/3737/3823 1637/3738/3823 1613/3736/3823
f 1613/3736/3823 1559/3735/3823 1600/3737/3823
f 1643/3739/3824 1657/3740/3824 1637/3738/3824
f 1637/3738/3825 1600/3737/3825 1643/3739/3825
f 1677/3741/3826 1683/3742/3826 1657/3740/3826
f 1657/3740/3826 1643/3739/3826 1677/3741/3826
f 1863/3743/3827 1892/3744/3827 1683/3742/3827
f 1683/3742/3827 1677/3741/3827 1863/3743/3827
f 1291/3745/3828 1391/3723/3828 1387/3726/3828
f 1387/3726/3828 1287/3746/3828 1291/3745/3828
f 1301/3747/3829 1405/3727/3829 1391/3723/3829
f 1391/3723/3829 1291/3745/3829 1301/3747/3829
f 1317/3748/3830 1424/3729/3830 1405/3727/3830
f 1405/3727/3830 1301/3747/3830 1317/3748/3830
f 1348/3749/3831 1473/3731/3831 1424/3729/3831
f 1424/3729/3831 1317/3748/3831 1348/3749/3831
f 1389/3750/3832 1503/3733/3832 1473/3731/3832
f 1473/3731/3832 1348/3749/3832 1389/3750/3832
f 1453/3751/3833 1559/3735/3833 1503/3733/3833
f 1503/3733/3833 1389/3750/3833 1453/3751/3833
f 1530/3752/3834 1600/3737/3834 1559/3735/3834
f 1559/3735/3834 1453/3751/3834 1530/3752/3834
f 1607/3753/3835 1643/3739/3835 1600/3737/3835
f 1600/3737/3835 1530/3752/3835 1607/3753/3835
f 1655/3754/3836 1677/3741/3836 1643/3739/3836
f 1643/3739/3836 1607/3753/3836 1655/3754/3836
f 1861/3755/3837 1863/3743/3837 1677/3741/3837
f 1677/3741/3837 1655/3754/3837 1861/3755/3837
f 1214/3756/3838 1291/3745/3838 1287/3746/3838
f 1287/3746/3838 1210/3757/3838 1214/3756/3838
f 1223/3758/3839 1301/3747/3839 1291/3745/3839
f 1291/3745/3840 1214/3756/3840 1223/3758/3840
f 1247/3759/3841 1317/3748/3841 1301/3747/3841
f 1301/3747/3841 1223/3758/3841 1247/3759/3841
f 1274/3760/3842 1348/3749/3842 1317/3748/3842
f 1317/3748/3842 1247/3759/3842 1274/3760/3842
f 1299/3761/3843 1389/3750/3843 1348/3749/3843
f 1348/3749/3843 1274/3760/3843 1299/3761/3843
f 1352/3762/3844 1453/3751/3844 1389/3750/3844
f 1389/3750/3844 1299/3761/3844 1352/3762/3844
f 1438/3763/3845 1530/3752/3845 1453/3751/3845
f 1453/3751/3845 1352/3762/3845 1438/3763/3845
f 1551/3764/3846 1607/3753/3846 1530/3752/3846
f 1530/3752/3846 1438/3763/3846 1551/3764/3846
f 1647/3765/3847 1655/3754/3847 1607/3753/3847
f 1607/3753/3848 1551/3764/3848 1647/3765/3848
f 1891/3766/3849 1861/3755/3849 1655/3754/3849
f 1655/3754/3849 1647/3765/3849 1891/3766/3849
f 1135/3767/3850 1214/3756/3850 1210/3757/3850
f 1210/3757/3850 1125/3768/3850 1135/3767/3850
f 1153/3769/3851 1223/3758/3851 1214/3756/3851
f 1214/3756/3851 1135/3767/3851 1153/3769/3851
f 1179/3770/3852 1247/3759/3852 1223/3758/3852
f 1223/3758/3852 1153/3769/3852 1179/3770/3852
f 1205/3771/3853 1274/3760/3853 1247/3759/3853
f 1247/3759/3853 1179/3770/3853 1205/3771/3853
f 1239/3772/3854 1299/3761/3854 1274/3760/3854
f 1274/3760/3854 1205/3771/3854 1239/3772/3854
f 1285/3773/3855 1352/3762/3855 1299/3761/3855
f 1299/3761/3855 1239/3772/3855 1285/3773/3855
f 1354/3774/3856 1438/3763/3856 1352/3762/3856
f 1352/3762/3856 1285/3773/3856 1354/3774/3856
f 1485/3775/3857 1551/3764/3857 1438/3763/3857
f 1438/3763/3857 1354/3774/3857 1485/3775/3857
f 1625/3776/3858 1647/3765/3858 1551/3764/3858
f 1551/3764/3858 1485/3775/3858 1625/3776/3858
f 1901/3777/3859 1891/3766/3859 1647/3765/3859
f 1647/3765/3859 1625/3776/3859 1901/3777/3859
f 1064/3778/3860 1135/3767/3860 1125/3768/3860
f 1125/3768/3860 1054/3779/3860 1064/3778/3860
f 1074/3780/3861 1153/3769/3861 1135/3767/3861
f 1135/3767/3861 1064/3778/3861 1074/3780/3861
f 1092/3781/3862 1179/3770/3862 1153/3769/3862
f 1153/3769/3862 1074/3780/3862 1092/3781/3862
f 1131/3782/3863 1205/3771/3863 1179/3770/3863
f 1179/3770/3863 1092/3781/3863 1131/3782/3863
f 1187/3783/3864 1239/3772/3864 1205/3771/3864
f 1205/3771/3864 1131/3782/3864 1187/3783/3864
f 1229/3784/3865 1285/3773/3865 1239/3772/3865
f 1239/3772/3865 1187/3783/3865 1229/3784/3865
f 1297/3785/3866 1354/3774/3866 1285/3773/3866
f 1285/3773/3866 1229/3784/3866 1297/3785/3866
f 1411/3786/3867 1485/3775/3867 1354/3774/3867
f 1354/3774/3867 1297/3785/3867 1411/3786/3867
f 1597/3787/3868 1625/3776/3868 1485/3775/3868
f 1485/3775/3868 1411/3786/3868 1597/3787/3868
f 1853/3788/3869 1901/3777/3869 1625/3776/3869
f 1625/3776/3869 1597/3787/3869 1853/3788/3869
f 970/3789/3870 1064/3778/3870 1054/3779/3870
f 1054/3779/3870 968/3790/3870 970/3789/3870
f 992/3791/3871 1074/3780/3871 1064/3778/3871
f 1064/3778/3871 970/3789/3871 992/3791/3871
f 1030/3792/3872 1092/3781/3872 1074/3780/3872
f 1074/3780/3872 992/3791/3872 1030/3792/3872
f 1072/3793/3873 1131/3782/3873 1092/3781/3873
f 1092/3781/3873 1030/3792/3873 1072/3793/3873
f 1113/3794/3874 1187/3783/3874 1131/3782/3874
f 1131/3782/3874 1072/3793/3874 1113/3794/3874
f 1191/3795/3875 1229/3784/3875 1187/3783/3875
f 1187/3783/3875 1113/3794/3875 1191/3795/3875
f 1257/3796/3876 1297/3785/3876 1229/3784/3876
f 1229/3784/3876 1191/3795/3876 1257/3796/3876
f 1360/3797/3877 1411/3786/3877 1297/3785/3877
f 1297/3785/3877 1257/3796/3877 1360/3797/3877
f 1571/3798/3878 1597/3787/3878 1411/3786/3878
f 1411/3786/3878 1360/3797/3878 1571/3798/3878
f 1899/3799/3879 1853/3788/3879 1597/3787/3879
f 1597/3787/3879 1571/3798/3879 1899/3799/3879
f 903/3800/3880 970/3789/3880 968/3790/3880
f 968/3790/3880 897/3801/3880 903/3800/3880
f 926/3802/3881 992/3791/3881 970/3789/3881
f 970/3789/3881 903/3800/3881 926/3802/3881
f 961/3803/3882 1030/3792/3882 992/3791/3882
f 992/3791/3882 926/3802/3882 961/3803/3882
f 1016/3804/3883 1072/3793/3883 1030/3792/3883
f 1030/3792/3883 961/3803/3883 1016/3804/3883
f 1076/3805/3884 1113/3794/3884 1072/3793/3884
f 1072/3793/3884 1016/3804/3884 1076/3805/3884
f 1139/3806/3885 1191/3795/3885 1113/3794/3885
f 1113/3794/3885 1076/3805/3885 1139/3806/3885
f 1218/3807/3886 1257/3796/3886 1191/3795/3886
f 1191/3795/3886 1139/3806/3886 1218/3807/3886
f 1315/3808/3887 1360/3797/3887 1257/3796/3887
f 1257/3796/3887 1218/3807/3887 1315/3808/3887
f 1533/3809/3888 1571/3798/3888 1360/3797/3888
f 1360/3797/3888 1315/3808/3888 1533/3809/3888
f 1920/3810/3889 1899/3799/3889 1571/3798/3889
f 1571/3798/3889 1533/3809/3889 1920/3810/3889
f 836/3811/3890 903/3800/3890 897/3801/3890
f 897/3801/3890 828/3812/3890 836/3811/3890
f 864/3813/3891 926/3802/3891 903/3800/3891
f 903/3800/3891 836/3811/3891 864/3813/3891
f 910/3814/3892 961/3803/3892 926/3802/3892
f 926/3802/3892 864/3813/3892 910/3814/3892
f 966/3815/3893 1016/3804/3893 961/3803/3893
f 961/3803/3893 910/3814/3893 966/3815/3893
f 1034/3816/3894 1076/3805/3894 1016/3804/3894
f 1016/3804/3894 966/3815/3894 1034/3816/3894
f 1098/3817/3895 1139/3806/3895 1076/3805/3895
f 1076/3805/3895 1034/3816/3895 1098/3817/3895
f 1201/3818/3896 1218/3807/3896 1139/3806/3896
f 1139/3806/3896 1098/3817/3896 1201/3818/3896
f 1293/3819/3897 1315/3808/3897 1218/3807/3897
f 1218/3807/3897 1201/3818/3897 1293/3819/3897
f 1505/3820/3898 1533/3809/3898 1315/3808/3898
f 1315/3808/3898 1293/3819/3898 1505/3820/3898
f 1924/3821/3899 1920/3810/3899 1533/3809/3899
f 1533/3809/3900 1505/3820/3900 1924/3821/3900
f 789/3822/3901 836/3811/3901 828/3812/3901
f 828/3812/3901 779/3823/3901 789/3822/3901
f 825/3824/3902 864/3813/3902 836/3811/3902
f 836/3811/3902 789/3822/3902 825/3824/3902
f 873/3825/3903 910/3814/3903 864/3813/3903
f 864/3813/3903 825/3824/3903 873/3825/3903
f 933/3826/3904 966/3815/3904 910/3814/3904
f 910/3814/3904 873/3825/3904 933/3826/3904
f 999/3827/3905 1034/3816/3905 966/3815/3905
f 966/3815/3905 933/3826/3905 999/3827/3905
f 1087/3828/3906 1098/3817/3906 1034/3816/3906
f 1034/3816/3906 999/3827/3906 1087/3828/3906
f 1182/3829/3907 1201/3818/3907 1098/3817/3907
f 1098/3817/3907 1087/3828/3907 1182/3829/3907
f 1283/3830/3908 1293/3819/3908 1201/3818/3908
f 1201/3818/3908 1182/3829/3908 1283/3830/3908
f 1495/3831/3909 1505/3820/3909 1293/3819/3909
f 1293/3819/3909 1283/3830/3909 1495/3831/3909
f 1826/3832/3910 1924/3821/3910 1505/3820/3910
f 1505/3820/3910 1495/3831/3910 1826/3832/3910
f 776/3833/3911 789/3822/3911 779/3823/3911
f 779/3823/3912 766/3834/3912 776/3833/3912
f 802/3835/3913 825/3836/3913 789/3837/3913
f 789/3837/3913 776/3838/3913 802/3835/3913
f 858/3839/3914 873/3840/3914 825/3836/3914
f 825/3836/3915 802/3835/3915 858/3839/3915
f 920/3841/3916 933/3842/3916 873/3840/3916
f 873/3840/3916 858/3839/3916 920/3841/3916
f 986/3843/3917 999/3844/3917 933/3842/3917
f 933/3842/3917 920/3841/3917 986/3843/3917
f 1080/3845/3918 1087/3846/3918 999/3844/3918
f 999/3844/3918 986/3843/3918 1080/3845/3918
f 1177/3847/3919 1182/3848/3919 1087/3846/3919
f 1087/3846/3919 1080/3845/3919 1177/3847/3919
f 1279/3849/3920 1283/3850/3920 1182/3848/3920
f 1182/3848/3920 1177/3847/3920 1279/3849/3920
f 1487/3851/3921 1495/3852/3921 1283/3850/3921
f 1283/3850/3921 1279/3849/3921 1487/3851/3921
f 1914/3853/3922 1826/3854/3922 1495/3852/3922
f 1495/3852/3922 1487/3851/3922 1914/3853/3922
f 1947/3855/3923 1941/3856/3923 1867/3857/3923
f 1867/3857/3923 1863/3858/3923 1947/3855/3923
f 1981/3859/3924 1967/3860/3924 1941/3856/3924
f 1941/3856/3924 1947/3855/3924 1981/3859/3924
f 2022/3861/3925 1987/3862/3925 1967/3860/3925
f 1967/3860/3926 1981/3859/3926 2022/3861/3926
f 2065/3863/3927 2011/3864/3927 1987/3862/3927
f 1987/3862/3927 2022/3861/3927 2065/3863/3927
f 2121/3865/3928 2035/3866/3928 2011/3864/3928
f 2011/3864/3928 2065/3863/3928 2121/3865/3928
f 2151/3867/3929 2059/3868/3929 2035/3866/3929
f 2035/3866/3929 2121/3865/3929 2151/3867/3929
f 2198/3869/3930 2083/3870/3930 2059/3868/3930
f 2059/3868/3930 2151/3867/3930 2198/3869/3930
f 2219/3871/3931 2103/3872/3931 2083/3870/3931
f 2083/3870/3932 2198/3869/3932 2219/3871/3932
f 2233/3873/3933 2117/3874/3933 2103/3872/3933
f 2103/3872/3933 2219/3871/3933 2233/3873/3933
f 2236/3875/3934 2125/3876/3934 2117/3874/3934
f 2117/3874/3934 2233/3873/3934 2236/3875/3934
f 1969/3877/3935 1947/3855/3935 1863/3858/3935
f 1863/3858/3935 1860/3878/3935 1969/3877/3935
f 2017/3879/3936 1981/3859/3936 1947/3855/3936
f 1947/3855/3936 1969/3877/3936 2017/3879/3936
f 2092/3880/3937 2022/3861/3937 1981/3859/3937
f 1981/3859/3937 2017/3879/3937 2092/3880/3937
f 2171/3881/3938 2065/3863/3938 2022/3861/3938
f 2022/3861/3938 2092/3880/3938 2171/3881/3938
f 2235/3882/3939 2121/3865/3939 2065/3863/3939
f 2065/3863/3939 2171/3881/3939 2235/3882/3939
f 2276/3883/3940 2151/3867/3940 2121/3865/3940
f 2121/3865/3940 2235/3882/3940 2276/3883/3940
f 2307/3884/3941 2198/3869/3941 2151/3867/3941
f 2151/3867/3941 2276/3883/3941 2307/3884/3941
f 2323/3885/3942 2219/3871/3942 2198/3869/3942
f 2198/3869/3942 2307/3884/3942 2323/3885/3942
f 2333/3886/3943 2233/3873/3943 2219/3871/3943
f 2219/3871/3943 2323/3885/3943 2333/3886/3943
f 2337/3887/3944 2236/3875/3944 2233/3873/3944
f 2233/3873/3944 2333/3886/3944 2337/3887/3944
f 1977/3888/3945 1969/3877/3945 1860/3878/3945
f 1860/3878/3945 1857/3889/3945 1977/3888/3945
f 2073/3890/3946 2017/3879/3946 1969/3877/3946
f 1969/3877/3946 1977/3888/3946 2073/3890/3946
f 2184/3891/3947 2092/3880/3947 2017/3879/3947
f 2017/3879/3947 2073/3890/3947 2184/3891/3947
f 2272/3892/3948 2171/3881/3948 2092/3880/3948
f 2092/3880/3948 2184/3891/3948 2272/3892/3948
f 2325/3893/3949 2235/3882/3949 2171/3881/3949
f 2171/3881/3949 2272/3892/3949 2325/3893/3949
f 2348/3894/3950 2276/3883/3950 2235/3882/3950
f 2235/3882/3950 2325/3893/3950 2348/3894/3950
f 2377/3895/3951 2307/3884/3951 2276/3883/3951
f 2276/3883/3951 2348/3894/3951 2377/3895/3951
f 2401/3896/3952 2323/3885/3952 2307/3884/3952
f 2307/3884/3952 2377/3895/3952 2401/3896/3952
f 2408/3897/3953 2333/3886/3953 2323/3885/3953
f 2323/3885/3954 2401/3896/3954 2408/3897/3954
f 2412/3898/3955 2337/3887/3955 2333/3886/3955
f 2333/3886/3955 2408/3897/3955 2412/3898/3955
f 1999/3899/3956 1977/3888/3956 1857/3889/3956
f 1857/3889/3956 1855/3900/3956 1999/3899/3956
f 2139/3901/3957 2073/3890/3957 1977/3888/3957
f 1977/3888/3957 1999/3899/3957 2139/3901/3957
f 2270/3902/3958 2184/3891/3958 2073/3890/3958
f 2073/3890/3958 2139/3901/3958 2270/3902/3958
f 2339/3903/3959 2272/3892/3959 2184/3891/3959
f 2184/3891/3959 2270/3902/3959 2339/3903/3959
f 2385/3904/3960 2325/3893/3960 2272/3892/3960
f 2272/3892/3960 2339/3903/3960 2385/3904/3960
f 2419/3905/3961 2348/3894/3961 2325/3893/3961
f 2325/3893/3961 2385/3904/3961 2419/3905/3961
f 2445/3906/3962 2377/3895/3962 2348/3894/3962
f 2348/3894/3962 2419/3905/3962 2445/3906/3962
f 2471/3907/3963 2401/3896/3963 2377/3895/3963
f 2377/3895/3963 2445/3906/3963 2471/3907/3963
f 2489/3908/3964 2408/3897/3964 2401/3896/3964
f 2401/3896/3964 2471/3907/3964 2489/3908/3964
f 2499/3909/3965 2412/3898/3965 2408/3897/3965
f 2408/3897/3965 2489/3908/3965 2499/3909/3965
f 2027/3910/3966 1999/3899/3966 1855/3900/3966
f 1855/3900/3966 1852/3911/3966 2027/3910/3966
f 2213/3912/3967 2139/3901/3967 1999/3899/3967
f 1999/3899/3967 2027/3910/3967 2213/3912/3967
f 2327/3913/3968 2270/3902/3968 2139/3901/3968
f 2139/3901/3968 2213/3912/3968 2327/3913/3968
f 2395/3914/3969 2339/3903/3969 2270/3902/3969
f 2270/3902/3969 2327/3913/3969 2395/3914/3969
f 2437/3915/3970 2385/3904/3970 2339/3903/3970
f 2339/3903/3970 2395/3914/3970 2437/3915/3970
f 2493/3916/3971 2419/3905/3971 2385/3904/3971
f 2385/3904/3971 2437/3915/3971 2493/3916/3971
f 2532/3917/3972 2445/3906/3972 2419/3905/3972
f 2419/3905/3972 2493/3916/3972 2532/3917/3972
f 2550/3918/3973 2471/3907/3973 2445/3906/3973
f 2445/3906/3973 2532/3917/3973 2550/3918/3973
f 2560/3919/3974 2489/3908/3974 2471/3907/3974
f 2471/3907/3974 2550/3918/3974 2560/3919/3974
f 2570/3920/3975 2499/3909/3975 2489/3908/3975
f 2489/3908/3975 2560/3919/3975 2570/3920/3975
f 2053/3921/3976 2027/3910/3976 1852/3911/3976
f 1852/3911/3976 1849/3922/3976 2053/3921/3976
f 2264/3923/3977 2213/3912/3977 2027/3910/3977
f 2027/3910/3977 2053/3921/3977 2264/3923/3977
f 2367/3924/3978 2327/3913/3978 2213/3912/3978
f 2213/3912/3978 2264/3923/3978 2367/3924/3978
f 2433/3925/3979 2395/3914/3979 2327/3913/3979
f 2327/3913/3979 2367/3924/3979 2433/3925/3979
f 2511/3926/3980 2437/3915/3980 2395/3914/3980
f 2395/3914/3980 2433/3925/3980 2511/3926/3980
f 2552/3927/3981 2493/3916/3981 2437/3915/3981
f 2437/3915/3981 2511/3926/3981 2552/3927/3981
f 2594/3928/3982 2532/3917/3982 2493/3916/3982
f 2493/3916/3982 2552/3927/3982 2594/3928/3982
f 2632/3929/3983 2550/3918/3983 2532/3917/3983
f 2532/3917/3983 2594/3928/3983 2632/3929/3983
f 2654/3930/3984 2560/3919/3984 2550/3918/3984
f 2550/3918/3984 2632/3929/3984 2654/3930/3984
f 2656/3931/3985 2570/3920/3985 2560/3919/3985
f 2560/3919/3985 2654/3930/3985 2656/3931/3985
f 2091/3932/3986 2053/3921/3986 1849/3922/3986
f 1849/3922/3986 1847/3933/3986 2091/3932/3986
f 2309/3934/3987 2264/3923/3987 2053/3921/3987
f 2053/3921/3987 2091/3932/3987 2309/3934/3987
f 2404/3935/3988 2367/3924/3988 2264/3923/3988
f 2264/3923/3988 2309/3934/3988 2404/3935/3988
f 2485/3936/3989 2433/3925/3989 2367/3924/3989
f 2367/3924/3989 2404/3935/3989 2485/3936/3989
f 2548/3937/3990 2511/3926/3990 2433/3925/3990
f 2433/3925/3990 2485/3936/3990 2548/3937/3990
f 2608/3938/3991 2552/3927/3991 2511/3926/3991
f 2511/3926/3991 2548/3937/3991 2608/3938/3991
f 2661/3939/3992 2594/3928/3992 2552/3927/3992
f 2552/3927/3992 2608/3938/3992 2661/3939/3992
f 2698/3940/3993 2632/3929/3993 2594/3928/3993
f 2594/3928/3993 2661/3939/3993 2698/3940/3993
f 2719/3941/3994 2654/3930/3994 2632/3929/3994
f 2632/3929/3994 2698/3940/3994 2719/3941/3994
f 2725/3942/3995 2656/3931/3995 2654/3930/3995
f 2654/3930/3995 2719/3941/3995 2725/3942/3995
f 2119/3943/3996 2091/3932/3996 1847/3933/3996
f 1847/3933/3997 1833/3944/3997 2119/3943/3997
f 2331/3945/3998 2309/3934/3998 2091/3932/3998
f 2091/3932/3998 2119/3943/3998 2331/3945/3998
f 2423/3946/3999 2404/3935/3999 2309/3934/3999
f 2309/3934/3999 2331/3945/3999 2423/3946/3999
f 2526/3947/4000 2485/3936/4000 2404/3935/4000
f 2404/3935/4000 2423/3946/4000 2526/3947/4000
f 2590/3948/4001 2548/3937/4001 2485/3936/4001
f 2485/3936/4001 2526/3947/4001 2590/3948/4001
f 2658/3949/4002 2608/3938/4002 2548/3937/4002
f 2548/3937/4002 2590/3948/4002 2658/3949/4002
f 2714/3950/4003 2661/3939/4003 2608/3938/4003
f 2608/3938/4003 2658/3949/4003 2714/3950/4003
f 2760/3951/4004 2698/3940/4004 2661/3939/4004
f 2661/3939/4004 2714/3950/4004 2760/3951/4004
f 2788/3952/4005 2719/3941/4005 2698/3940/4005
f 2698/3940/4005 2760/3951/4005 2788/3952/4005
f 2796/3953/4006 2725/3942/4006 2719/3941/4006
f 2719/3941/4006 2788/3952/4006 2796/3953/4006
f 2129/3954/4007 2119/3943/4007 1833/3944/4007
f 1833/3944/4007 1827/3955/4007 2129/3954/4007
f 2341/3956/4008 2331/3945/4008 2119/3943/4008
f 2119/3943/4008 2129/3954/4008 2341/3956/4008
f 2440/3957/4009 2423/3946/4009 2331/3945/4009
f 2331/3945/4009 2341/3956/4009 2440/3957/4009
f 2535/3958/4010 2526/3947/4010 2423/3946/4010
f 2423/3946/4010 2440/3957/4010 2535/3958/4010
f 2623/3959/4011 2590/3948/4011 2526/3947/4011
f 2526/3947/4011 2535/3958/4011 2623/3959/4011
f 2689/3960/4012 2658/3949/4012 2590/3948/4012
f 2590/3948/4012 2623/3959/4012 2689/3960/4012
f 2749/3961/4013 2714/3950/4013 2658/3949/4013
f 2658/3949/4013 2689/3960/4013 2749/3961/4013
f 2797/3962/4014 2760/3951/4014 2714/3950/4014
f 2714/3950/4014 2749/3961/4014 2797/3962/4014
f 2833/3963/4015 2788/3952/4015 2760/3951/4015
f 2760/3951/4015 2797/3962/4015 2833/3963/4015
f 2843/3964/4016 2796/3953/4016 2788/3952/4016
f 2788/3952/4016 2833/3963/4016 2843/3964/4016
f 2137/3965/4017 2129/3966/4017 1827/3967/4017
f 1827/3967/4017 1815/3968/4017 2137/3965/4017
f 2345/3969/4018 2341/3970/4018 2129/3966/4018
f 2129/3966/4018 2137/3965/4018 2345/3969/4018
f 2447/3971/4019 2440/3972/4019 2341/3970/4019
f 2341/3970/4019 2345/3969/4019 2447/3971/4019
f 2544/3973/4020 2535/3974/4020 2440/3972/4020
f 2440/3972/4020 2447/3971/4020 2544/3973/4020
f 2638/3975/4021 2623/3976/4021 2535/3974/4021
f 2535/3974/4021 2544/3973/4021 2638/3975/4021
f 2704/3977/4022 2689/3978/4022 2623/3976/4022
f 2623/3976/4022 2638/3975/4022 2704/3977/4022
f 2766/3979/4023 2749/3980/4023 2689/3978/4023
f 2689/3978/4023 2704/3977/4023 2766/3979/4023
f 2822/3981/4024 2797/3982/4024 2749/3980/4024
f 2749/3980/4025 2766/3979/4025 2822/3981/4025
f 2848/3983/4026 2833/3984/4026 2797/3982/4026
f 2797/3982/4026 2822/3981/4026 2848/3983/4026
f 2858/3985/4027 2843/3986/4027 2833/3984/4027
f 2833/3984/4028 2848/3983/4028 2858/3985/4028
f 1735/3987/4029 2334/3988/4029 2329/3989/4029
f 1735/3987/4030 2329/3989/4030 2321/3990/4030
f 1735/3987/4031 2321/3990/4031 2305/3991/4031
f 1735/3987/4032 2305/3991/4032 2274/3992/4032
f 1735/3987/4033 2274/3992/4033 2231/3993/4033
f 1735/3987/4034 2231/3993/4034 2167/3994/4034
f 1735/3987/4035 2167/3994/4035 2089/3995/4035
f 1735/3987/4036 2089/3995/4036 2014/3996/4036
f 1735/3987/4037 2014/3996/4037 1962/3997/4037
f 1735/3987/4038 1962/3997/4038 1733/3998/4038
f 2515/3999/4039 2329/3989/4039 2334/3988/4039
f 2334/3988/4039 2524/4000/4039 2515/3999/4039
f 2495/4001/4040 2321/3990/4040 2329/3989/4040
f 2329/3989/4040 2515/3999/4040 2495/4001/4040
f 2456/4002/4041 2305/3991/4041 2321/3990/4041
f 2321/3990/4041 2495/4001/4041 2456/4002/4041
f 2429/4003/4042 2274/3992/4042 2305/3991/4042
f 2305/3991/4042 2456/4002/4042 2429/4003/4042
f 2399/4004/4043 2231/3993/4043 2274/3992/4043
f 2274/3992/4043 2429/4003/4043 2399/4004/4043
f 2347/4005/4044 2167/3994/4044 2231/3993/4044
f 2231/3993/4044 2399/4004/4044 2347/4005/4044
f 2292/4006/4045 2089/3995/4045 2167/3994/4045
f 2167/3994/4045 2347/4005/4045 2292/4006/4045
f 2148/4007/4046 2014/3996/4046 2089/3995/4046
f 2089/3995/4046 2292/4006/4046 2148/4007/4046
f 2004/4008/4047 1962/3997/4047 2014/3996/4047
f 2014/3996/4047 2148/4007/4047 2004/4008/4047
f 1739/4009/4048 1733/3998/4048 1962/3997/4048
f 1962/3997/4048 2004/4008/4048 1739/4009/4048
f 2647/4010/4049 2515/3999/4049 2524/4000/4049
f 2524/4000/4049 2649/4011/4049 2647/4010/4049
f 2621/4012/4050 2495/4001/4050 2515/3999/4050
f 2515/3999/4050 2647/4010/4050 2621/4012/4050
f 2584/4013/4051 2456/4002/4051 2495/4001/4051
f 2495/4001/4051 2621/4012/4051 2584/4013/4051
f 2541/4014/4052 2429/4003/4052 2456/4002/4052
f 2456/4002/4052 2584/4013/4052 2541/4014/4052
f 2502/4015/4053 2399/4004/4053 2429/4003/4053
f 2429/4003/4053 2541/4014/4053 2502/4015/4053
f 2426/4016/4054 2347/4005/4054 2399/4004/4054
f 2399/4004/4054 2502/4015/4054 2426/4016/4054
f 2352/4017/4055 2292/4006/4055 2347/4005/4055
f 2347/4005/4055 2426/4016/4055 2352/4017/4055
f 2255/4018/4056 2148/4007/4056 2292/4006/4056
f 2292/4006/4056 2352/4017/4056 2255/4018/4056
f 2046/4019/4057 2004/4008/4057 2148/4007/4057
f 2148/4007/4057 2255/4018/4057 2046/4019/4057
f 1702/4020/4058 1739/4009/4058 2004/4008/4058
f 2004/4008/4058 2046/4019/4058 1702/4020/4058
f 2746/4021/4059 2647/4010/4059 2649/4011/4059
f 2649/4011/4059 2757/4022/4059 2746/4021/4059
f 2721/4023/4060 2621/4012/4060 2647/4010/4060
f 2647/4010/4060 2746/4021/4060 2721/4023/4060
f 2681/4024/4061 2584/4013/4061 2621/4012/4061
f 2621/4012/4061 2721/4023/4061 2681/4024/4061
f 2639/4025/4062 2541/4014/4062 2584/4013/4062
f 2584/4013/4062 2681/4024/4062 2639/4025/4062
f 2557/4026/4063 2502/4015/4063 2541/4014/4063
f 2541/4014/4063 2639/4025/4063 2557/4026/4063
f 2505/4027/4064 2426/4016/4064 2502/4015/4064
f 2502/4015/4064 2557/4026/4064 2505/4027/4064
f 2415/4028/4065 2352/4017/4065 2426/4016/4065
f 2426/4016/4065 2505/4027/4065 2415/4028/4065
f 2318/4029/4066 2255/4018/4066 2352/4017/4066
f 2352/4017/4066 2415/4028/4066 2318/4029/4066
f 2098/4030/4067 2046/4019/4067 2255/4018/4067
f 2255/4018/4067 2318/4029/4067 2098/4030/4067
f 1745/4031/4068 1702/4020/4068 2046/4019/4068
f 2046/4019/4068 2098/4030/4068 1745/4031/4068
f 2840/4032/4069 2746/4021/4069 2757/4022/4069
f 2757/4022/4069 2849/4033/4069 2840/4032/4069
f 2808/4034/4070 2721/4023/4070 2746/4021/4070
f 2746/4021/4070 2840/4032/4070 2808/4034/4070
f 2756/4035/4071 2681/4024/4071 2721/4023/4071
f 2721/4023/4071 2808/4034/4071 2756/4035/4071
f 2696/4036/4072 2639/4025/4072 2681/4024/4072
f 2681/4024/4072 2756/4035/4072 2696/4036/4072
f 2626/4037/4073 2557/4026/4073 2639/4025/4073
f 2639/4025/4073 2696/4036/4073 2626/4037/4073
f 2538/4038/4074 2505/4027/4074 2557/4026/4074
f 2557/4026/4074 2626/4037/4074 2538/4038/4074
f 2443/4039/4075 2415/4028/4075 2505/4027/4075
f 2505/4027/4075 2538/4038/4075 2443/4039/4075
f 2342/4040/4076 2318/4029/4076 2415/4028/4076
f 2415/4028/4076 2443/4039/4076 2342/4040/4076
f 2131/4041/4077 2098/4030/4077 2318/4029/4077
f 2318/4029/4077 2342/4040/4077 2131/4041/4077
f 1904/4042/4078 1745/4031/4078 2098/4030/4078
f 2098/4030/4078 2131/4041/4078 1904/4042/4078
f 2906/4043/4079 2840/4032/4079 2849/4033/4079
f 2849/4033/4079 2925/4044/4079 2906/4043/4079
f 2867/4045/4080 2808/4034/4080 2840/4032/4080
f 2840/4032/4080 2906/4043/4080 2867/4045/4080
f 2818/4046/4081 2756/4035/4081 2808/4034/4081
f 2808/4034/4081 2867/4045/4081 2818/4046/4081
f 2736/4047/4082 2696/4036/4082 2756/4035/4082
f 2756/4035/4082 2818/4046/4082 2736/4047/4082
f 2667/4048/4083 2626/4037/4083 2696/4036/4083
f 2696/4036/4083 2736/4047/4083 2667/4048/4083
f 2565/4049/4084 2538/4038/4084 2626/4037/4084
f 2626/4037/4084 2667/4048/4084 2565/4049/4084
f 2475/4050/4085 2443/4039/4085 2538/4038/4085
f 2538/4038/4085 2565/4049/4085 2475/4050/4085
f 2356/4051/4086 2342/4040/4086 2443/4039/4086
f 2443/4039/4086 2475/4050/4086 2356/4051/4086
f 2156/4052/4087 2131/4041/4087 2342/4040/4087
f 2342/4040/4087 2356/4051/4087 2156/4052/4087
f 1704/4053/4088 1904/4042/4088 2131/4041/4088
f 2131/4041/4088 2156/4052/4088 1704/4053/4088
f 2976/4054/4089 2906/4043/4089 2925/4044/4089
f 2925/4044/4089 2987/4055/4089 2976/4054/4089
f 2914/4056/4090 2867/4045/4090 2906/4043/4090
f 2906/4043/4090 2976/4054/4090 2914/4056/4090
f 2852/4057/4091 2818/4046/4091 2867/4045/4091
f 2867/4045/4091 2914/4056/4091 2852/4057/4091
f 2772/4058/4092 2736/4047/4092 2818/4046/4092
f 2818/4046/4092 2852/4057/4092 2772/4058/4092
f 2688/4059/4093 2667/4048/4093 2736/4047/4093
f 2736/4047/4093 2772/4058/4093 2688/4059/4093
f 2592/4060/4094 2565/4049/4094 2667/4048/4094
f 2667/4048/4094 2688/4059/4094 2592/4060/4094
f 2497/4061/4095 2475/4050/4095 2565/4049/4095
f 2565/4049/4095 2592/4060/4095 2497/4061/4095
f 2372/4062/4096 2356/4051/4096 2475/4050/4096
f 2475/4050/4096 2497/4061/4096 2372/4062/4096
f 2176/4063/4097 2156/4052/4097 2356/4051/4097
f 2356/4051/4097 2372/4062/4097 2176/4063/4097
f 1752/4064/4098 1704/4053/4098 2156/4052/4098
f 2156/4052/4098 2176/4063/4098 1752/4064/4098
f 2993/4065/4099 2976/4054/4099 2987/4055/4099
f 2987/4055/4099 3011/4066/4099 2993/4065/4099
f 2952/4067/4100 2914/4056/4100 2976/4054/4100
f 2976/4054/4100 2993/4065/4100 2952/4067/4100
f 2874/4068/4101 2852/4057/4101 2914/4056/4101
f 2914/4056/4101 2952/4067/4101 2874/4068/4101
f 2794/4069/4102 2772/4058/4102 2852/4057/4102
f 2852/4057/4102 2874/4068/4102 2794/4069/4102
f 2702/4070/4103 2688/4059/4103 2772/4058/4103
f 2772/4058/4104 2794/4069/4104 2702/4070/4104
f 2604/4071/4105 2592/4060/4105 2688/4059/4105
f 2688/4059/4106 2702/4070/4106 2604/4071/4106
f 2509/4072/4107 2497/4061/4107 2592/4060/4107
f 2592/4060/4107 2604/4071/4107 2509/4072/4107
f 2380/4073/4108 2372/4062/4108 2497/4061/4108
f 2497/4061/4108 2509/4072/4108 2380/4073/4108
f 2182/4074/4109 2176/4063/4109 2372/4062/4109
f 2372/4062/4109 2380/4073/4109 2182/4074/4109
f 1723/4075/4110 1752/4064/4110 2176/4063/4110
f 2176/4063/4110 2182/4074/4110 1723/4075/4110
f 3000/4076/4111 2993/4077/4111 3011/4078/4111
f 3011/4078/4111 3020/4079/4111 3000/4076/4111
f 2967/4080/4112 2952/4067/4112 2993/4065/4112
f 2993/4065/4113 3000/4081/4113 2967/4080/4113
f 2879/4082/4114 2874/4083/4114 2952/4084/4114
f 2952/4084/4114 2967/4085/4114 2879/4082/4114
f 2799/4086/4115 2794/4087/4115 2874/4083/4115
f 2874/4083/4115 2879/4082/4115 2799/4086/4115
f 2707/4088/4116 2702/4089/4116 2794/4087/4116
f 2794/4087/4116 2799/4086/4116 2707/4088/4116
f 2605/4090/4117 2604/4091/4117 2702/4089/4117
f 2702/4089/4117 2707/4088/4117 2605/4090/4117
f 2512/4092/4118 2509/4093/4118 2604/4091/4118
f 2604/4091/4118 2605/4090/4118 2512/4092/4118
f 2382/4094/4119 2380/4095/4119 2509/4093/4119
f 2509/4093/4119 2512/4092/4119 2382/4094/4119
f 2188/4096/4120 2182/4097/4120 2380/4095/4120
f 2380/4095/4121 2382/4094/4121 2188/4096/4121
f 1699/4098/4122 1723/4099/4122 2182/4100/4122
f 2182/4100/4122 2188/4101/4122 1699/4098/4122
f 3006/4102/4123 3000/4103/4123 3020/4104/4123
f 3020/4104/4123 3022/4105/4123 3006/4102/4123
f 2972/4106/4124 2967/4085/4124 3000/4103/4124
f 3000/4103/4124 3006/4102/4124 2972/4106/4124
f 2888/4107/4125 2879/4082/4125 2967/4085/4125
f 2967/4085/4125 2972/4106/4125 2888/4107/4125
f 2804/4108/4126 2799/4086/4126 2879/4082/4126
f 2879/4082/4126 2888/4107/4126 2804/4108/4126
f 2710/4109/4127 2707/4088/4127 2799/4086/4127
f 2799/4086/4127 2804/4108/4127 2710/4109/4127
f 2613/4110/4128 2605/4090/4128 2707/4088/4128
f 2707/4088/4128 2710/4109/4128 2613/4110/4128
f 2520/4111/4129 2512/4092/4129 2605/4090/4129
f 2605/4090/4129 2613/4110/4129 2520/4111/4129
f 2388/4112/4130 2382/4094/4130 2512/4092/4130
f 2512/4092/4130 2520/4111/4130 2388/4112/4130
f 2192/4113/4131 2188/4096/4131 2382/4094/4131
f 2382/4094/4131 2388/4112/4131 2192/4113/4131
f 1760/4114/4132 1699/4098/4132 2188/4101/4132
f 2188/4101/4132 2192/173/4132 1760/4114/4132
f 1735/4115/4133 1737/4116/4133 1660/4117/4133
f 1735/4115/4134 1660/4117/4134 1608/4118/4134
f 1735/4115/4135 1608/4118/4135 1535/4119/4135
f 1735/4115/4136 1535/4119/4136 1457/4120/4136
f 1735/4115/4137 1457/4120/4137 1393/4121/4137
f 1735/4115/4138 1393/4121/4138 1350/4122/4138
f 1735/4115/4139 1350/4122/4139 1319/4123/4139
f 1735/4115/4140 1319/4123/4140 1303/4124/4140
f 1735/4115/4141 1303/4124/4141 1295/4125/4141
f 1735/4115/4142 1295/4125/4142 1288/4126/4142
f 1618/4127/4143 1660/4117/4143 1737/4116/4143
f 1737/4116/4143 1739/4128/4143 1618/4127/4143
f 1474/4129/4144 1608/4118/4144 1660/4117/4144
f 1660/4117/4144 1618/4127/4144 1474/4129/4144
f 1332/4130/4145 1535/4119/4145 1608/4118/4145
f 1608/4118/4145 1474/4129/4145 1332/4130/4145
f 1277/4131/4146 1457/4120/4146 1535/4119/4146
f 1535/4119/4146 1332/4130/4146 1277/4131/4146
f 1225/4132/4147 1393/4121/4147 1457/4120/4147
f 1457/4120/4147 1277/4131/4147 1225/4132/4147
f 1195/4133/4148 1350/4122/4148 1393/4121/4148
f 1393/4121/4148 1225/4132/4148 1195/4133/4148
f 1166/4134/4149 1319/4123/4149 1350/4122/4149
f 1350/4122/4150 1195/4133/4150 1166/4134/4150
f 1129/4135/4151 1303/4124/4151 1319/4123/4151
f 1319/4123/4151 1166/4134/4151 1129/4135/4151
f 1109/4136/4152 1295/4125/4152 1303/4124/4152
f 1303/4124/4152 1129/4135/4152 1109/4136/4152
f 1099/4137/4153 1288/4126/4153 1295/4125/4153
f 1295/4125/4153 1109/4136/4153 1099/4137/4153
f 1576/4138/4154 1618/4127/4154 1739/4128/4154
f 1739/4128/4154 1741/4139/4154 1576/4138/4154
f 1367/4140/4155 1474/4129/4155 1618/4127/4155
f 1618/4127/4155 1576/4138/4155 1367/4140/4155
f 1270/4141/4156 1332/4130/4156 1474/4129/4156
f 1474/4129/4156 1367/4140/4156 1270/4141/4156
f 1196/4142/4157 1277/4131/4157 1332/4130/4157
f 1332/4130/4157 1270/4141/4157 1196/4142/4157
f 1120/4143/4158 1225/4132/4158 1277/4131/4158
f 1277/4131/4158 1196/4142/4158 1120/4143/4158
f 1081/4144/4159 1195/4133/4159 1225/4132/4159
f 1225/4132/4159 1120/4143/4159 1081/4144/4159
f 1040/4145/4160 1166/4134/4160 1195/4133/4160
f 1195/4133/4160 1081/4144/4160 1040/4145/4160
f 1001/4146/4161 1129/4135/4161 1166/4134/4161
f 1166/4134/4161 1040/4145/4161 1001/4146/4161
f 975/4147/4162 1109/4136/4162 1129/4135/4162
f 1129/4135/4162 1001/4146/4162 975/4147/4162
f 973/4148/4163 1099/4137/4163 1109/4136/4163
f 1109/4136/4163 975/4147/4163 973/4148/4163
f 1524/4149/4164 1576/4138/4164 1741/4139/4164
f 1741/4139/4164 1744/4150/4164 1524/4149/4164
f 1304/4151/4165 1367/4140/4165 1576/4138/4165
f 1576/4138/4165 1524/4149/4165 1304/4151/4165
f 1209/4152/4166 1270/4141/4166 1367/4140/4166
f 1367/4140/4166 1304/4151/4166 1209/4152/4166
f 1119/4153/4167 1196/4142/4167 1270/4141/4167
f 1270/4141/4167 1209/4152/4167 1119/4153/4167
f 1065/4154/4168 1120/4143/4168 1196/4142/4168
f 1196/4142/4168 1119/4153/4168 1065/4154/4168
f 983/4155/4169 1081/4144/4169 1120/4143/4169
f 1120/4143/4169 1065/4154/4169 983/4155/4169
f 941/4156/4170 1040/4145/4170 1081/4144/4170
f 1081/4144/4170 983/4155/4170 941/4156/4170
f 901/4157/4171 1001/4146/4171 1040/4145/4171
f 1040/4145/4171 941/4156/4171 901/4157/4171
f 878/4158/4172 975/4147/4172 1001/4146/4172
f 1001/4146/4172 901/4157/4172 878/4158/4172
f 865/4159/4173 973/4148/4173 975/4147/4173
f 975/4147/4173 878/4158/4173 865/4159/4173
f 1493/4160/4174 1524/4149/4174 1744/4150/4174
f 1744/4150/4174 1747/4161/4174 1493/4160/4174
f 1280/4162/4175 1304/4151/4175 1524/4149/4175
f 1524/4149/4175 1493/4160/4175 1280/4162/4175
f 1181/4163/4176 1209/4152/4176 1304/4151/4176
f 1304/4151/4176 1280/4162/4176 1181/4163/4176
f 1086/4164/4177 1119/4153/4177 1209/4152/4177
f 1209/4152/4177 1181/4163/4177 1086/4164/4177
f 998/4165/4178 1065/4154/4178 1119/4153/4178
f 1119/4153/4178 1086/4164/4178 998/4165/4178
f 928/4166/4179 983/4155/4179 1065/4154/4179
f 1065/4154/4179 998/4165/4179 928/4166/4179
f 868/4167/4180 941/4156/4180 983/4155/4180
f 983/4155/4180 928/4166/4180 868/4167/4180
f 816/4168/4181 901/4157/4181 941/4156/4181
f 941/4156/4181 868/4167/4181 816/4168/4181
f 784/4169/4182 878/4158/4182 901/4157/4182
f 901/4157/4182 816/4168/4182 784/4169/4182
f 773/4170/4183 865/4159/4183 878/4158/4183
f 878/4158/4183 784/4169/4183 773/4170/4183
f 1466/4171/4184 1493/4160/4184 1747/4161/4184
f 1747/4161/4184 1749/4172/4184 1466/4171/4184
f 1266/4173/4185 1280/4162/4185 1493/4160/4185
f 1493/4160/4185 1466/4171/4185 1266/4173/4185
f 1149/4174/4186 1181/4163/4186 1280/4162/4186
f 1280/4162/4186 1266/4173/4186 1149/4174/4186
f 1057/4175/4187 1086/4164/4187 1181/4163/4187
f 1181/4163/4187 1149/4174/4187 1057/4175/4187
f 955/4176/4188 998/4165/4188 1086/4164/4188
f 1086/4164/4188 1057/4175/4188 955/4176/4188
f 888/4177/4189 928/4166/4189 998/4165/4189
f 998/4165/4189 955/4176/4189 888/4177/4189
f 806/4178/4190 868/4167/4190 928/4166/4190
f 928/4166/4190 888/4177/4190 806/4178/4190
f 755/4179/4191 816/4168/4191 868/4167/4191
f 868/4167/4191 806/4178/4191 755/4179/4191
f 718/4180/4192 784/4169/4192 816/4168/4192
f 816/4168/4192 755/4179/4192 718/4180/4192
f 697/4181/4193 773/4170/4193 784/4169/4193
f 784/4169/4193 718/4180/4193 697/4181/4193
f 1446/4182/4194 1466/4171/4194 1749/4172/4194
f 1749/4172/4194 1753/4183/4194 1446/4182/4194
f 1250/4184/4195 1266/4173/4195 1466/4171/4195
f 1466/4171/4195 1446/4182/4195 1250/4184/4195
f 1127/4185/4196 1149/4174/4196 1266/4173/4196
f 1266/4173/4196 1250/4184/4196 1127/4185/4196
f 1032/4186/4197 1057/4175/4197 1149/4174/4197
f 1149/4174/4197 1127/4185/4197 1032/4186/4197
f 936/4187/4198 955/4176/4198 1057/4175/4198
f 1057/4175/4198 1032/4186/4198 936/4187/4198
f 852/4188/4199 888/4177/4199 955/4176/4199
f 955/4176/4199 936/4187/4199 852/4188/4199
f 772/4189/4200 806/4178/4200 888/4177/4200
f 888/4177/4200 852/4188/4200 772/4189/4200
f 710/4190/4201 755/4179/4201 806/4178/4201
f 806/4178/4201 772/4189/4201 710/4190/4201
f 648/4191/4202 718/4180/4202 755/4179/4202
f 755/4179/4202 710/4190/4202 648/4191/4202
f 637/4192/4203 697/4181/4203 718/4180/4203
f 718/4180/4203 648/4191/4203 637/4192/4203
f 1440/4193/4204 1446/4182/4204 1753/4183/4204
f 1753/4183/4204 1755/4194/4204 1440/4193/4204
f 1242/4195/4205 1250/4184/4205 1446/4182/4205
f 1446/4182/4205 1440/4193/4205 1242/4195/4205
f 1115/4196/4206 1127/4185/4206 1250/4184/4206
f 1250/4184/4206 1242/4195/4206 1115/4196/4206
f 1020/4197/4207 1032/4186/4207 1127/4185/4207
f 1127/4185/4207 1115/4196/4207 1020/4197/4207
f 922/4198/4208 936/4187/4208 1032/4186/4208
f 1032/4186/4208 1020/4197/4208 922/4198/4208
f 830/4199/4209 852/4188/4209 936/4187/4209
f 936/4187/4209 922/4198/4209 830/4199/4209
f 750/4200/4210 772/4189/4210 852/4188/4210
f 852/4188/4210 830/4199/4210 750/4200/4210
f 672/4201/4211 710/4190/4211 772/4189/4211
f 772/4189/4211 750/4200/4211 672/4201/4211
f 631/4202/4212 648/4191/4212 710/4190/4212
f 710/4190/4212 672/4201/4212 631/4202/4212
f 613/4203/4213 637/4192/4213 648/4191/4213
f 648/4191/4213 631/4202/4213 613/4203/4213
f 1434/4204/4214 1440/4205/4214 1755/4206/4214
f 1755/4206/4214 1757/4207/4214 1434/4204/4214
f 1240/4208/4215 1242/4209/4215 1440/4205/4215
f 1440/4205/4216 1434/4204/4216 1240/4208/4216
f 1110/4210/4217 1115/4211/4217 1242/4209/4217
f 1242/4209/4217 1240/4208/4217 1110/4210/4217
f 1017/4212/4218 1020/4213/4218 1115/4211/4218
f 1115/4211/4218 1110/4210/4218 1017/4212/4218
f 915/4214/4219 922/4215/4219 1020/4213/4219
f 1020/4213/4219 1017/4212/4219 915/4214/4219
f 823/4216/4220 830/4217/4220 922/4215/4220
f 922/4215/4220 915/4214/4220 823/4216/4220
f 743/4218/4221 750/4219/4221 830/4217/4221
f 830/4217/4221 823/4216/4221 743/4218/4221
f 655/4220/4222 672/4221/4222 750/4219/4222
f 750/4219/4222 743/4218/4222 655/4220/4222
f 622/4222/4223 631/4223/4223 672/4221/4223
f 672/4221/4224 655/4220/4224 622/4222/4224
f 602/4224/4225 613/4225/4225 631/4223/4225
f 631/4223/4225 622/4222/4225 602/4224/4225
f 1428/4226/4226 1434/4204/4226 1757/4207/4226
f 1757/4207/4226 1760/4227/4226 1428/4226/4226
f 1232/4228/4227 1240/4208/4227 1434/4204/4227
f 1434/4204/4227 1428/4226/4227 1232/4228/4227
f 1105/4229/4228 1110/4210/4228 1240/4208/4228
f 1240/4208/4228 1232/4228/4228 1105/4229/4228
f 1010/4230/4229 1017/4212/4229 1110/4210/4229
f 1110/4210/4229 1105/4229/4229 1010/4230/4229
f 913/4231/4230 915/4214/4230 1017/4212/4230
f 1017/4212/4230 1010/4230/4230 913/4231/4230
f 821/4232/4231 823/4216/4231 915/4214/4231
f 915/4214/4231 913/4231/4231 821/4232/4231
f 736/4233/4232 743/4218/4232 823/4216/4232
f 823/4216/4232 821/4232/4232 736/4233/4232
f 652/4234/4233 655/4220/4233 743/4218/4233
f 743/4218/4233 736/4233/4233 652/4234/4233
f 619/4235/4234 622/4222/4234 655/4220/4234
f 655/4220/4234 652/4234/4234 619/4235/4234
f 601/4236/4235 602/4224/4235 622/4222/4235
f 622/4222/4235 619/4235/4235 601/4236/4235
f 1735/4237/4236 1289/4238/4236 1294/4239/4236
f 1735/4237/4237 1294/4239/4237 1302/4240/4237
f 1735/4237/4238 1302/4240/4238 1318/4241/4238
f 1735/4237/4239 1318/4241/4239 1349/4242/4239
f 1735/4237/4240 1349/4242/4240 1392/4243/4240
f 1735/4237/4241 1392/4243/4241 1456/4244/4241
f 1735/4237/4242 1456/4244/4242 1534/4245/4242
f 1735/4237/4243 1534/4245/4243 1609/4246/4243
f 1735/4237/4244 1609/4246/4244 1661/4247/4244
f 1735/4237/4245 1661/4247/4245 1889/4248/4245
f 1108/4249/4246 1294/4239/4246 1289/4238/4246
f 1289/4238/4246 1099/4250/4246 1108/4249/4246
f 1128/4251/4247 1302/4240/4247 1294/4239/4247
f 1294/4239/4247 1108/4249/4247 1128/4251/4247
f 1167/4252/4248 1318/4241/4248 1302/4240/4248
f 1302/4240/4248 1128/4251/4248 1167/4252/4248
f 1194/4253/4249 1349/4242/4249 1318/4241/4249
f 1318/4241/4249 1167/4252/4249 1194/4253/4249
f 1224/4254/4250 1392/4243/4250 1349/4242/4250
f 1349/4242/4250 1194/4253/4250 1224/4254/4250
f 1276/4255/4251 1456/4244/4251 1392/4243/4251
f 1392/4243/4251 1224/4254/4251 1276/4255/4251
f 1331/4256/4252 1534/4245/4252 1456/4244/4252
f 1456/4244/4252 1276/4255/4252 1331/4256/4252
f 1475/4257/4253 1609/4246/4253 1534/4245/4253
f 1534/4245/4253 1331/4256/4253 1475/4257/4253
f 1619/4258/4254 1661/4247/4254 1609/4246/4254
f 1609/4246/4254 1475/4257/4254 1619/4258/4254
f 1738/4259/4255 1889/4248/4255 1661/4247/4255
f 1661/4247/4255 1619/4258/4255 1738/4259/4255
f 976/4260/4256 1108/4249/4256 1099/4250/4256
f 1099/4250/4256 974/4261/4256 976/4260/4256
f 1002/4262/4257 1128/4251/4257 1108/4249/4257
f 1108/4249/4257 976/4260/4257 1002/4262/4257
f 1039/4263/4258 1167/4252/4258 1128/4251/4258
f 1128/4251/4258 1002/4262/4258 1039/4263/4258
f 1082/4264/4259 1194/4253/4259 1167/4252/4259
f 1167/4252/4259 1039/4263/4259 1082/4264/4259
f 1121/4265/4260 1224/4254/4260 1194/4253/4260
f 1194/4253/4260 1082/4264/4260 1121/4265/4260
f 1197/4266/4261 1276/4255/4261 1224/4254/4261
f 1224/4254/4261 1121/4265/4261 1197/4266/4261
f 1271/4267/4262 1331/4256/4262 1276/4255/4262
f 1276/4255/4262 1197/4266/4262 1271/4267/4262
f 1368/4268/4263 1475/4257/4263 1331/4256/4263
f 1331/4256/4263 1271/4267/4263 1368/4268/4263
f 1577/4269/4264 1619/4258/4264 1475/4257/4264
f 1475/4257/4264 1368/4268/4264 1577/4269/4264
f 1903/4270/4265 1738/4259/4265 1619/4258/4265
f 1619/4258/4265 1577/4269/4265 1903/4270/4265
f 877/4271/4266 976/4260/4266 974/4261/4266
f 974/4261/4266 866/4272/4266 877/4271/4266
f 902/4273/4267 1002/4262/4267 976/4260/4267
f 976/4260/4267 877/4271/4267 902/4273/4267
f 942/4274/4268 1039/4263/4268 1002/4262/4268
f 1002/4262/4268 902/4273/4268 942/4274/4268
f 984/4275/4269 1082/4264/4269 1039/4263/4269
f 1039/4263/4269 942/4274/4269 984/4275/4269
f 1066/4276/4270 1121/4265/4270 1082/4264/4270
f 1082/4264/4270 984/4275/4270 1066/4276/4270
f 1118/4277/4271 1197/4266/4271 1121/4265/4271
f 1121/4265/4271 1066/4276/4271 1118/4277/4271
f 1208/4278/4272 1271/4267/4272 1197/4266/4272
f 1197/4266/4272 1118/4277/4272 1208/4278/4272
f 1305/4279/4273 1368/4268/4273 1271/4267/4273
f 1271/4267/4273 1208/4278/4273 1305/4279/4273
f 1525/4280/4274 1577/4269/4274 1368/4268/4274
f 1368/4268/4274 1305/4279/4274 1525/4280/4274
f 1742/4281/4275 1903/4270/4275 1577/4269/4275
f 1577/4269/4275 1525/4280/4275 1742/4281/4275
f 783/4282/4276 877/4271/4276 866/4272/4276
f 866/4272/4276 774/4283/4276 783/4282/4276
f 815/4284/4277 902/4273/4277 877/4271/4277
f 877/4271/4277 783/4282/4277 815/4284/4277
f 867/4285/4278 942/4274/4278 902/4273/4278
f 902/4273/4278 815/4284/4278 867/4285/4278
f 927/4286/4279 984/4275/4279 942/4274/4279
f 942/4274/4279 867/4285/4279 927/4286/4279
f 997/4287/4280 1066/4276/4280 984/4275/4280
f 984/4275/4280 927/4286/4280 997/4287/4280
f 1085/4288/4281 1118/4277/4281 1066/4276/4281
f 1066/4276/4281 997/4287/4281 1085/4288/4281
f 1180/4289/4282 1208/4278/4282 1118/4277/4282
f 1118/4277/4282 1085/4288/4282 1180/4289/4282
f 1281/4290/4283 1305/4279/4283 1208/4278/4283
f 1208/4278/4283 1180/4289/4283 1281/4290/4283
f 1492/4291/4284 1525/4280/4284 1305/4279/4284
f 1305/4279/4284 1281/4290/4284 1492/4291/4284
f 1703/4292/4285 1742/4281/4285 1525/4280/4285
f 1525/4280/4285 1492/4291/4285 1703/4292/4285
f 717/4293/4286 783/4282/4286 774/4283/4286
f 774/4283/4286 698/4294/4286 717/4293/4286
f 756/4295/4287 815/4284/4287 783/4282/4287
f 783/4282/4287 717/4293/4287 756/4295/4287
f 805/4296/4288 867/4285/4288 815/4284/4288
f 815/4284/4288 756/4295/4288 805/4296/4288
f 887/4297/4289 927/4286/4289 867/4285/4289
f 867/4285/4289 805/4296/4289 887/4297/4289
f 956/4298/4290 997/4287/4290 927/4286/4290
f 927/4286/4290 887/4297/4290 956/4298/4290
f 1058/4299/4291 1085/4288/4291 997/4287/4291
f 997/4287/4291 956/4298/4291 1058/4299/4291
f 1148/4300/4292 1180/4289/4292 1085/4288/4292
f 1085/4288/4292 1058/4299/4292 1148/4300/4292
f 1267/4301/4293 1281/4290/4293 1180/4289/4293
f 1180/4289/4293 1148/4300/4293 1267/4301/4293
f 1467/4302/4294 1492/4291/4294 1281/4290/4294
f 1281/4290/4294 1267/4301/4294 1467/4302/4294
f 1905/4303/4295 1703/4292/4295 1492/4291/4295
f 1492/4291/4295 1467/4302/4295 1905/4303/4295
f 647/4304/4296 717/4293/4296 698/4294/4296
f 698/4294/4296 636/4305/4296 647/4304/4296
f 709/4306/4297 756/4295/4297 717/4293/4297
f 717/4293/4297 647/4304/4297 709/4306/4297
f 771/4307/4298 805/4296/4298 756/4295/4298
f 756/4295/4298 709/4306/4298 771/4307/4298
f 851/4308/4299 887/4297/4299 805/4296/4299
f 805/4296/4299 771/4307/4299 851/4308/4299
f 935/4309/4300 956/4298/4300 887/4297/4300
f 887/4297/4300 851/4308/4300 935/4309/4300
f 1031/4310/4301 1058/4299/4301 956/4298/4301
f 956/4298/4301 935/4309/4301 1031/4310/4301
f 1126/4311/4302 1148/4300/4302 1058/4299/4302
f 1058/4299/4302 1031/4310/4302 1126/4311/4302
f 1251/4312/4303 1267/4301/4303 1148/4300/4303
f 1148/4300/4303 1126/4311/4303 1251/4312/4303
f 1447/4313/4304 1467/4302/4304 1267/4301/4304
f 1267/4301/4304 1251/4312/4304 1447/4313/4304
f 1751/4314/4305 1905/4303/4305 1467/4302/4305
f 1467/4302/4305 1447/4313/4305 1751/4314/4305
f 630/4315/4306 647/4304/4306 636/4305/4306
f 636/4305/4306 612/4316/4306 630/4315/4306
f 671/4317/4307 709/4306/4307 647/4304/4307
f 647/4304/4307 630/4315/4307 671/4317/4307
f 749/4318/4308 771/4307/4308 709/4306/4308
f 709/4306/4308 671/4317/4308 749/4318/4308
f 829/4319/4309 851/4308/4309 771/4307/4309
f 771/4307/4309 749/4318/4309 829/4319/4309
f 921/4320/4310 935/4309/4310 851/4308/4310
f 851/4308/4311 829/4319/4311 921/4320/4311
f 1019/4321/4312 1031/4310/4312 935/4309/4312
f 935/4309/4313 921/4320/4313 1019/4321/4313
f 1114/4322/4314 1126/4311/4314 1031/4310/4314
f 1031/4310/4314 1019/4321/4314 1114/4322/4314
f 1243/4323/4315 1251/4312/4315 1126/4311/4315
f 1126/4311/4315 1114/4322/4315 1243/4323/4315
f 1441/4324/4316 1447/4313/4316 1251/4312/4316
f 1251/4312/4316 1243/4323/4316 1441/4324/4316
f 1896/4325/4317 1751/4314/4317 1447/4313/4317
f 1447/4313/4317 1441/4324/4317 1896/4325/4317
f 623/4326/4318 630/4327/4318 612/4328/4318
f 612/4328/4318 603/4329/4318 623/4326/4318
f 656/4330/4319 671/4317/4319 630/4315/4319
f 630/4315/4320 623/4331/4320 656/4330/4320
f 744/4332/4321 749/4333/4321 671/4334/4321
f 671/4334/4321 656/4335/4321 744/4332/4321
f 824/4336/4322 829/4337/4322 749/4333/4322
f 749/4333/4322 744/4332/4322 824/4336/4322
f 916/4338/4323 921/4339/4323 829/4337/4323
f 829/4337/4323 824/4336/4323 916/4338/4323
f 1018/4340/4324 1019/4341/4324 921/4339/4324
f 921/4339/4324 916/4338/4324 1018/4340/4324
f 1111/4342/4325 1114/4343/4325 1019/4341/4325
f 1019/4341/4325 1018/4340/4325 1111/4342/4325
f 1241/4344/4326 1243/4345/4326 1114/4343/4326
f 1114/4343/4326 1111/4342/4326 1241/4344/4326
f 1435/4346/4327 1441/4347/4327 1243/4345/4327
f 1243/4345/4328 1241/4344/4328 1435/4346/4328
f 1923/4348/4329 1896/4349/4329 1441/4347/4329
f 1441/4347/4329 1435/4346/4329 1923/4348/4329
f 617/4350/4330 623/4326/4330 603/4329/4330
f 603/4329/4330 601/4351/4330 617/4350/4330
f 650/4352/4331 656/4335/4331 623/4353/4331
f 623/4353/4331 617/4354/4331 650/4352/4331
f 734/4355/4332 744/4332/4332 656/4335/4332
f 656/4335/4332 650/4352/4332 734/4355/4332
f 818/4356/4333 824/4336/4333 744/4332/4333
f 744/4332/4333 734/4355/4333 818/4356/4333
f 912/4357/4334 916/4338/4334 824/4336/4334
f 824/4336/4334 818/4356/4334 912/4357/4334
f 1009/4358/4335 1018/4340/4335 916/4338/4335
f 916/4338/4335 912/4357/4335 1009/4358/4335
f 1102/4359/4336 1111/4342/4336 1018/4340/4336
f 1018/4340/4336 1009/4358/4336 1102/4359/4336
f 1235/4360/4337 1241/4344/4337 1111/4342/4337
f 1111/4342/4337 1102/4359/4337 1235/4360/4337
f 1431/4361/4338 1435/4346/4338 1241/4344/4338
f 1241/4344/4338 1235/4360/4338 1431/4361/4338
f 1759/4362/4339 1923/4348/4339 1435/4346/4339
f 1435/4346/4339 1431/4361/4339 1759/4362/4339
f 1735/4363/4340 1736/4364/4340 1963/4365/4340
f 1735/4363/4341 1963/4365/4341 2015/4366/4341
f 1735/4363/4342 2015/4366/4342 2088/4367/4342
f 1735/4363/4343 2088/4367/4343 2166/4368/4343
f 1735/4363/4344 2166/4368/4344 2230/4369/4344
f 1735/4363/4345 2230/4369/4345 2273/4370/4345
f 1735/4363/4346 2273/4370/4346 2304/4371/4346
f 1735/4363/4347 2304/4371/4347 2320/4372/4347
f 1735/4363/4348 2320/4372/4348 2328/4373/4348
f 1735/4363/4349 2328/4373/4349 2335/4374/4349
f 2005/4375/4350 1963/4365/4350 1736/4364/4350
f 1736/4364/4350 1738/4376/4350 2005/4375/4350
f 2149/4377/4351 2015/4366/4351 1963/4365/4351
f 1963/4365/4351 2005/4375/4351 2149/4377/4351
f 2291/4378/4352 2088/4367/4352 2015/4366/4352
f 2015/4366/4352 2149/4377/4352 2291/4378/4352
f 2346/4379/4353 2166/4368/4353 2088/4367/4353
f 2088/4367/4353 2291/4378/4353 2346/4379/4353
f 2398/4380/4354 2230/4369/4354 2166/4368/4354
f 2166/4368/4354 2346/4379/4354 2398/4380/4354
f 2428/4381/4355 2273/4370/4355 2230/4369/4355
f 2230/4369/4355 2398/4380/4355 2428/4381/4355
f 2457/4382/4356 2304/4371/4356 2273/4370/4356
f 2273/4370/4356 2428/4381/4356 2457/4382/4356
f 2494/4383/4357 2320/4372/4357 2304/4371/4357
f 2304/4371/4357 2457/4382/4357 2494/4383/4357
f 2514/4384/4358 2328/4373/4358 2320/4372/4358
f 2320/4372/4358 2494/4383/4358 2514/4384/4358
f 2524/4385/4359 2335/4374/4359 2328/4373/4359
f 2328/4373/4359 2514/4384/4359 2524/4385/4359
f 2047/4386/4360 2005/4375/4360 1738/4376/4360
f 1738/4376/4360 1740/4387/4360 2047/4386/4360
f 2256/4388/4361 2149/4377/4361 2005/4375/4361
f 2005/4375/4361 2047/4386/4361 2256/4388/4361
f 2353/4389/4362 2291/4378/4362 2149/4377/4362
f 2149/4377/4362 2256/4388/4362 2353/4389/4362
f 2427/4390/4363 2346/4379/4363 2291/4378/4363
f 2291/4378/4363 2353/4389/4363 2427/4390/4363
f 2503/4391/4364 2398/4380/4364 2346/4379/4364
f 2346/4379/4364 2427/4390/4364 2503/4391/4364
f 2542/4392/4365 2428/4381/4365 2398/4380/4365
f 2398/4380/4365 2503/4391/4365 2542/4392/4365
f 2583/4393/4366 2457/4382/4366 2428/4381/4366
f 2428/4381/4366 2542/4392/4366 2583/4393/4366
f 2622/4394/4367 2494/4383/4367 2457/4382/4367
f 2457/4382/4367 2583/4393/4367 2622/4394/4367
f 2648/4395/4368 2514/4384/4368 2494/4383/4368
f 2494/4383/4368 2622/4394/4368 2648/4395/4368
f 2650/4396/4369 2524/4385/4369 2514/4384/4369
f 2514/4384/4369 2648/4395/4369 2650/4396/4369
f 2099/4397/4370 2047/4386/4370 1740/4387/4370
f 1740/4387/4370 1743/4398/4370 2099/4397/4370
f 2319/4399/4371 2256/4388/4371 2047/4386/4371
f 2047/4386/4371 2099/4397/4371 2319/4399/4371
f 2414/4400/4372 2353/4389/4372 2256/4388/4372
f 2256/4388/4372 2319/4399/4372 2414/4400/4372
f 2504/4401/4373 2427/4390/4373 2353/4389/4373
f 2353/4389/4373 2414/4400/4373 2504/4401/4373
f 2558/4402/4374 2503/4391/4374 2427/4390/4374
f 2427/4390/4374 2504/4401/4374 2558/4402/4374
f 2640/4403/4375 2542/4392/4375 2503/4391/4375
f 2503/4391/4375 2558/4402/4375 2640/4403/4375
f 2682/4404/4376 2583/4393/4376 2542/4392/4376
f 2542/4392/4376 2640/4403/4376 2682/4404/4376
f 2722/4405/4377 2622/4394/4377 2583/4393/4377
f 2583/4393/4377 2682/4404/4377 2722/4405/4377
f 2745/4406/4378 2648/4395/4378 2622/4394/4378
f 2622/4394/4378 2722/4405/4378 2745/4406/4378
f 2758/4407/4379 2650/4396/4379 2648/4395/4379
f 2648/4395/4379 2745/4406/4379 2758/4407/4379
f 2130/4408/4380 2099/4397/4380 1743/4398/4380
f 1743/4398/4380 1746/4409/4380 2130/4408/4380
f 2343/4410/4381 2319/4399/4381 2099/4397/4381
f 2099/4397/4381 2130/4408/4381 2343/4410/4381
f 2442/4411/4382 2414/4400/4382 2319/4399/4382
f 2319/4399/4382 2343/4410/4382 2442/4411/4382
f 2537/4412/4383 2504/4401/4383 2414/4400/4383
f 2414/4400/4383 2442/4411/4383 2537/4412/4383
f 2625/4413/4384 2558/4402/4384 2504/4401/4384
f 2504/4401/4384 2537/4412/4384 2625/4413/4384
f 2695/4414/4385 2640/4403/4385 2558/4402/4385
f 2558/4402/4385 2625/4413/4385 2695/4414/4385
f 2755/4415/4386 2682/4404/4386 2640/4403/4386
f 2640/4403/4386 2695/4414/4386 2755/4415/4386
f 2807/4416/4387 2722/4405/4387 2682/4404/4387
f 2682/4404/4387 2755/4415/4387 2807/4416/4387
f 2839/4417/4388 2745/4406/4388 2722/4405/4388
f 2722/4405/4388 2807/4416/4388 2839/4417/4388
f 2850/4418/4389 2758/4407/4389 2745/4406/4389
f 2745/4406/4389 2839/4417/4389 2850/4418/4389
f 2157/4419/4390 2130/4408/4390 1746/4409/4390
f 1746/4409/4390 1748/4420/4390 2157/4419/4390
f 2357/4421/4391 2343/4410/4391 2130/4408/4391
f 2130/4408/4391 2157/4419/4391 2357/4421/4391
f 2474/4422/4392 2442/4411/4392 2343/4410/4392
f 2343/4410/4392 2357/4421/4392 2474/4422/4392
f 2566/4423/4393 2537/4412/4393 2442/4411/4393
f 2442/4411/4393 2474/4422/4393 2566/4423/4393
f 2668/4424/4394 2625/4413/4394 2537/4412/4394
f 2537/4412/4394 2566/4423/4394 2668/4424/4394
f 2735/4425/4395 2695/4414/4395 2625/4413/4395
f 2625/4413/4395 2668/4424/4395 2735/4425/4395
f 2817/4426/4396 2755/4415/4396 2695/4414/4396
f 2695/4414/4396 2735/4425/4396 2817/4426/4396
f 2868/4427/4397 2807/4416/4397 2755/4415/4397
f 2755/4415/4397 2817/4426/4397 2868/4427/4397
f 2905/4428/4398 2839/4417/4398 2807/4416/4398
f 2807/4416/4398 2868/4427/4398 2905/4428/4398
f 2926/4429/4399 2850/4418/4399 2839/4417/4399
f 2839/4417/4399 2905/4428/4399 2926/4429/4399
f 2177/4430/4400 2157/4419/4400 1748/4420/4400
f 1748/4420/4400 1750/4431/4400 2177/4430/4400
f 2373/4432/4401 2357/4421/4401 2157/4419/4401
f 2157/4419/4401 2177/4430/4401 2373/4432/4401
f 2496/4433/4402 2474/4422/4402 2357/4421/4402
f 2357/4421/4402 2373/4432/4402 2496/4433/4402
f 2591/4434/4403 2566/4423/4403 2474/4422/4403
f 2474/4422/4403 2496/4433/4403 2591/4434/4403
f 2687/4435/4404 2668/4424/4404 2566/4423/4404
f 2566/4423/4404 2591/4434/4404 2687/4435/4404
f 2771/4436/4405 2735/4425/4405 2668/4424/4405
f 2668/4424/4405 2687/4435/4405 2771/4436/4405
f 2851/4437/4406 2817/4426/4406 2735/4425/4406
f 2735/4425/4406 2771/4436/4406 2851/4437/4406
f 2913/4438/4407 2868/4427/4407 2817/4426/4407
f 2817/4426/4407 2851/4437/4407 2913/4438/4407
f 2975/4439/4408 2905/4428/4408 2868/4427/4408
f 2868/4427/4408 2913/4438/4408 2975/4439/4408
f 2986/4440/4409 2926/4429/4409 2905/4428/4409
f 2905/4428/4409 2975/4439/4409 2986/4440/4409
f 2183/4441/4410 2177/4430/4410 1750/4431/4410
f 1750/4431/4410 1754/4442/4410 2183/4441/4410
f 2381/4443/4411 2373/4432/4411 2177/4430/4411
f 2177/4430/4411 2183/4441/4411 2381/4443/4411
f 2508/4444/4412 2496/4433/4412 2373/4432/4412
f 2373/4432/4412 2381/4443/4412 2508/4444/4412
f 2603/4445/4413 2591/4434/4413 2496/4433/4413
f 2496/4433/4413 2508/4444/4413 2603/4445/4413
f 2701/4446/4414 2687/4435/4414 2591/4434/4414
f 2591/4434/4414 2603/4445/4414 2701/4446/4414
f 2793/4447/4415 2771/4436/4415 2687/4435/4415
f 2687/4435/4415 2701/4446/4415 2793/4447/4415
f 2873/4448/4416 2851/4437/4416 2771/4436/4416
f 2771/4436/4416 2793/4447/4416 2873/4448/4416
f 2951/4449/4417 2913/4438/4417 2851/4437/4417
f 2851/4437/4417 2873/4448/4417 2951/4449/4417
f 2992/4450/4418 2975/4439/4418 2913/4438/4418
f 2913/4438/4418 2951/4449/4418 2992/4450/4418
f 3010/4451/4419 2986/4440/4419 2975/4439/4419
f 2975/4439/4419 2992/4450/4419 3010/4451/4419
f 2189/4452/4420 2183/4453/4420 1754/4454/4420
f 1754/4454/4420 1756/4455/4420 2189/4452/4420
f 2383/4456/4421 2381/4457/4421 2183/4458/4421
f 2183/4458/4422 2189/4459/4422 2383/4456/4422
f 2513/4460/4423 2508/4461/4423 2381/4457/4423
f 2381/4457/4423 2383/4456/4423 2513/4460/4423
f 2606/4462/4424 2603/4463/4424 2508/4461/4424
f 2508/4461/4424 2513/4460/4424 2606/4462/4424
f 2708/4464/4425 2701/4465/4425 2603/4463/4425
f 2603/4463/4425 2606/4462/4425 2708/4464/4425
f 2800/4466/4426 2793/4467/4426 2701/4465/4426
f 2701/4465/4426 2708/4464/4426 2800/4466/4426
f 2880/4468/4427 2873/4469/4427 2793/4467/4427
f 2793/4467/4427 2800/4466/4427 2880/4468/4427
f 2968/4470/4428 2951/4471/4428 2873/4469/4428
f 2873/4469/4428 2880/4468/4428 2968/4470/4428
f 3001/4472/4429 2992/4473/4429 2951/4471/4429
f 2951/4471/4430 2968/4470/4430 3001/4472/4430
f 3021/4474/4431 3010/4475/4431 2992/4473/4431
f 2992/4473/4431 3001/4472/4431 3021/4474/4431
f 2195/4476/4432 2189/4452/4432 1756/4455/4432
f 1756/4455/4432 1759/4477/4432 2195/4476/4432
f 2390/4478/4433 2383/4479/4433 2189/4452/4433
f 2189/4452/4433 2195/4476/4433 2390/4478/4433
f 2517/4480/4434 2513/4460/4434 2383/4456/4434
f 2383/4456/4434 2390/4481/4434 2517/4480/4434
f 2612/4482/4435 2606/4462/4435 2513/4460/4435
f 2513/4460/4435 2517/4480/4435 2612/4482/4435
f 2709/4483/4436 2708/4464/4436 2606/4462/4436
f 2606/4462/4436 2612/4482/4436 2709/4483/4436
f 2801/4484/4437 2800/4466/4437 2708/4464/4437
f 2708/4464/4437 2709/4483/4437 2801/4484/4437
f 2886/4485/4438 2880/4468/4438 2800/4466/4438
f 2800/4466/4438 2801/4484/4438 2886/4485/4438
f 2970/4486/4439 2968/4470/4439 2880/4468/4439
f 2880/4468/4439 2886/4485/4439 2970/4486/4439
f 3004/4487/4440 3001/4472/4440 2968/4470/4440
f 2968/4470/4440 2970/4486/4440 3004/4487/4440
f 3022/4488/4441 3021/4474/4441 3001/4472/4441
f 3001/4472/4441 3004/4487/4441 3022/4488/4441
