# Blender 5.1.1
# www.blender.org
mtllib silent_hill.mtl
o shot_2026-04-29_21-18-24-196.001
v -0.658597 0.098272 -4.806974
v -0.658597 0.819580 -4.797658
v -0.603377 0.113119 -5.965641
v -0.603377 0.834428 -5.956328
v -0.658597 0.098272 -4.806974
v -0.658597 0.819580 -4.797658
v -0.603377 0.113119 -5.965641
v -0.603377 0.834428 -5.956328
v -0.428397 0.113016 -5.957317
v -0.483618 0.098168 -4.798647
v -0.603377 0.113119 -5.965641
v -0.658597 0.098272 -4.806974
v -0.428397 0.113016 -5.957317
v -0.483618 0.098168 -4.798647
v -0.603377 0.113119 -5.965641
v -0.658597 0.098272 -4.806974
v -0.658597 1.540888 -4.788345
v -0.658597 2.262196 -4.779030
v -0.603377 1.555735 -5.947013
v -0.603377 2.277044 -5.937699
v -0.658597 1.540888 -4.788345
v -0.658597 2.262196 -4.779030
v -0.603377 1.555735 -5.947013
v -0.603377 2.277044 -5.937699
v -0.658597 0.819580 -4.797658
v -0.658597 1.540888 -4.788345
v -0.603377 0.834428 -5.956328
v -0.603377 1.555735 -5.947013
v -0.658597 0.819580 -4.797658
v -0.658597 1.540888 -4.788345
v -0.603377 0.834428 -5.956328
v -0.603377 1.555735 -5.947013
v -0.428397 0.834324 -5.948002
v -0.428397 1.555632 -5.938688
v -0.483618 0.819477 -4.789334
v -0.483618 1.540784 -4.780019
v -0.428397 0.834324 -5.948002
v -0.428397 1.555632 -5.938688
v -0.483618 0.819477 -4.789334
v -0.483618 1.540784 -4.780019
v -0.428397 0.113016 -5.957317
v -0.428397 0.834324 -5.948002
v -0.483618 0.098168 -4.798647
v -0.483618 0.819477 -4.789334
v -0.428397 0.113016 -5.957317
v -0.428397 0.834324 -5.948002
v -0.483618 0.098168 -4.798647
v -0.483618 0.819477 -4.789334
v -0.658597 2.262196 -4.779030
v -0.658597 2.983504 -4.769717
v -0.603377 2.277044 -5.937699
v -0.603377 2.998351 -5.928384
v -0.658597 2.262196 -4.779030
v -0.658597 2.983504 -4.769717
v -0.603377 2.277044 -5.937699
v -0.603377 2.998351 -5.928384
v -0.658597 2.983504 -4.769717
v -0.658597 3.704812 -4.760401
v -0.603377 2.998351 -5.928384
v -0.603377 3.719660 -5.919071
v -0.658597 2.983504 -4.769717
v -0.658597 3.704812 -4.760401
v -0.603377 2.998351 -5.928384
v -0.603377 3.719660 -5.919071
v -0.428397 1.555632 -5.938688
v -0.428397 2.276940 -5.929373
v -0.483618 1.540784 -4.780019
v -0.483618 2.262093 -4.770705
v -0.428397 1.555632 -5.938688
v -0.428397 2.276940 -5.929373
v -0.483618 1.540784 -4.780019
v -0.483618 2.262093 -4.770705
v -0.428397 2.276940 -5.929373
v -0.428397 2.998248 -5.920060
v -0.483618 2.262093 -4.770705
v -0.483618 2.983400 -4.761390
v -0.428397 2.276940 -5.929373
v -0.428397 2.998248 -5.920060
v -0.483618 2.262093 -4.770705
v -0.483618 2.983400 -4.761390
v -6.838700 0.101919 -5.100941
v -7.611024 0.102375 -5.137687
v -6.801887 0.111818 -5.873388
v -7.574210 0.112273 -5.910133
v -6.838700 0.101919 -5.100941
v -7.611024 0.102375 -5.137687
v -6.801887 0.111818 -5.873388
v -7.574210 0.112273 -5.910133
v -6.801887 0.111818 -5.873388
v -6.801887 0.833125 -5.864072
v -6.066377 0.101463 -5.064195
v -6.066377 0.822772 -5.054880
v -6.801887 0.111818 -5.873388
v -6.801887 0.833125 -5.864072
v -6.066377 0.101463 -5.064195
v -6.066377 0.822772 -5.054880
v -6.801887 0.111818 -5.873388
v -6.066377 0.101463 -5.064195
v -6.838700 0.101919 -5.100941
v -6.838700 0.101919 -5.100941
v -6.801887 0.111818 -5.873388
v -6.066377 0.101463 -5.064195
v -6.838700 0.101919 -5.100941
v -6.838700 0.101919 -5.100941
v -6.029563 2.275285 -5.808698
v -6.066377 2.265388 -5.036252
v -6.801887 2.275741 -5.845444
v -6.801887 2.275741 -5.845444
v -6.029563 2.275285 -5.808698
v -6.066377 2.265388 -5.036252
v -6.801887 2.275741 -5.845444
v -6.801887 2.275741 -5.845444
v -6.801887 1.554434 -5.854759
v -6.801887 2.275741 -5.845444
v -6.066377 1.544079 -5.045567
v -6.066377 2.265388 -5.036252
v -6.801887 1.554434 -5.854759
v -6.801887 2.275741 -5.845444
v -6.066377 1.544079 -5.045567
v -6.066377 2.265388 -5.036252
v -6.801887 0.833125 -5.864072
v -6.801887 1.554434 -5.854759
v -6.066377 0.822772 -5.054880
v -6.066377 1.544079 -5.045567
v -6.801887 0.833125 -5.864072
v -6.801887 1.554434 -5.854759
v -6.066377 0.822772 -5.054880
v -6.066377 1.544079 -5.045567
v -6.066377 2.265388 -5.036252
v -6.029563 2.275285 -5.808698
v -5.294051 2.264931 -4.999506
v -5.257239 2.274830 -5.771952
v -6.066377 2.265388 -5.036252
v -6.029563 2.275285 -5.808698
v -5.294051 2.264931 -4.999506
v -5.257239 2.274830 -5.771952
v -4.521728 2.264475 -4.962760
v -5.294051 2.264931 -4.999506
v -4.484916 2.274374 -5.735206
v -5.257239 2.274830 -5.771952
v -4.521728 2.264475 -4.962760
v -5.294051 2.264931 -4.999506
v -4.484916 2.274374 -5.735206
v -5.257239 2.274830 -5.771952
v -5.294051 0.822315 -5.018135
v -5.286719 0.824288 -5.172020
v -5.294051 0.101007 -5.027449
v -5.286719 0.102980 -5.181335
v -5.294051 0.822315 -5.018135
v -5.286719 0.824288 -5.172020
v -5.294051 0.101007 -5.027449
v -5.286719 0.102980 -5.181335
v -5.294051 1.543623 -5.008821
v -5.286719 1.545595 -5.162706
v -5.294051 0.822315 -5.018135
v -5.286719 0.824288 -5.172020
v -5.294051 1.543623 -5.008821
v -5.286719 1.545595 -5.162706
v -5.294051 0.822315 -5.018135
v -5.286719 0.824288 -5.172020
v -5.286719 0.824288 -5.172020
v -5.286719 1.545595 -5.162706
v -4.514394 0.823831 -5.135274
v -4.514394 1.545140 -5.125960
v -5.286719 0.824288 -5.172020
v -5.286719 1.545595 -5.162706
v -4.514394 0.823831 -5.135274
v -4.514394 1.545140 -5.125960
v -5.286719 0.102980 -5.181335
v -5.286719 0.824288 -5.172020
v -4.514394 0.102524 -5.144589
v -4.514394 0.823831 -5.135274
v -5.286719 0.102980 -5.181335
v -5.286719 0.824288 -5.172020
v -4.514394 0.102524 -5.144589
v -4.514394 0.823831 -5.135274
v -4.521728 0.100552 -4.990703
v -5.294051 0.101007 -5.027449
v -4.514394 0.102524 -5.144589
v -5.286719 0.102980 -5.181335
v -4.521728 0.100552 -4.990703
v -5.294051 0.101007 -5.027449
v -4.514394 0.102524 -5.144589
v -5.286719 0.102980 -5.181335
v -4.521728 1.543168 -4.972074
v -4.514394 1.545140 -5.125960
v -5.294051 1.543623 -5.008821
v -5.286719 1.545595 -5.162706
v -4.521728 1.543168 -4.972074
v -4.514394 1.545140 -5.125960
v -5.294051 1.543623 -5.008821
v -5.286719 1.545595 -5.162706
v -4.521728 0.100552 -4.990703
v -4.514394 0.102524 -5.144589
v -4.521728 0.821859 -4.981389
v -4.514394 0.823831 -5.135274
v -4.521728 0.100552 -4.990703
v -4.514394 0.102524 -5.144589
v -4.521728 0.821859 -4.981389
v -4.514394 0.823831 -5.135274
v -4.521728 0.821859 -4.981389
v -4.514394 0.823831 -5.135274
v -4.521728 1.543168 -4.972074
v -4.514394 1.545140 -5.125960
v -4.521728 0.821859 -4.981389
v -4.514394 0.823831 -5.135274
v -4.521728 1.543168 -4.972074
v -4.514394 1.545140 -5.125960
v -6.875514 0.092021 -4.328495
v -7.647838 0.092477 -4.365241
v -6.838700 0.101919 -5.100941
v -7.611024 0.102375 -5.137687
v -6.875514 0.092021 -4.328495
v -7.647838 0.092477 -4.365241
v -6.838700 0.101919 -5.100941
v -7.611024 0.102375 -5.137687
v -6.103190 0.091565 -4.291749
v -6.875514 0.092021 -4.328495
v -6.066377 0.101463 -5.064195
v -6.838700 0.101919 -5.100941
v -6.103190 0.091565 -4.291749
v -6.875514 0.092021 -4.328495
v -6.066377 0.101463 -5.064195
v -6.838700 0.101919 -5.100941
v -6.066377 0.822772 -5.054880
v -6.066377 1.544079 -5.045567
v -5.294051 0.822315 -5.018135
v -5.294051 1.543623 -5.008821
v -6.066377 0.822772 -5.054880
v -6.066377 1.544079 -5.045567
v -5.294051 0.822315 -5.018135
v -5.294051 1.543623 -5.008821
v -6.066377 0.101463 -5.064195
v -6.066377 0.822772 -5.054880
v -5.294051 0.101007 -5.027449
v -5.294051 0.822315 -5.018135
v -6.066377 0.101463 -5.064195
v -6.066377 0.822772 -5.054880
v -5.294051 0.101007 -5.027449
v -5.294051 0.822315 -5.018135
v -5.330865 0.091109 -4.255003
v -6.103190 0.091565 -4.291749
v -5.294051 0.101007 -5.027449
v -6.066377 0.101463 -5.064195
v -5.330865 0.091109 -4.255003
v -6.103190 0.091565 -4.291749
v -5.294051 0.101007 -5.027449
v -6.066377 0.101463 -5.064195
v -2.975570 0.820948 -4.907896
v -2.968236 0.822920 -5.061782
v -2.203245 0.820491 -4.871151
v -2.195911 0.822464 -5.025036
v -2.975570 0.820948 -4.907896
v -2.968236 0.822920 -5.061782
v -2.203245 0.820491 -4.871151
v -2.195911 0.822464 -5.025036
v -2.975570 1.542255 -4.898583
v -2.968236 1.544227 -5.052469
v -2.975570 0.820948 -4.907896
v -2.968236 0.822920 -5.061782
v -2.975570 1.542255 -4.898583
v -2.968236 1.544227 -5.052469
v -2.975570 0.820948 -4.907896
v -2.968236 0.822920 -5.061782
v -2.203245 1.541800 -4.861837
v -2.195911 1.543772 -5.015723
v -2.975570 1.542255 -4.898583
v -2.968236 1.544227 -5.052469
v -2.203245 1.541800 -4.861837
v -2.195911 1.543772 -5.015723
v -2.975570 1.542255 -4.898583
v -2.968236 1.544227 -5.052469
v -2.968236 0.822920 -5.061782
v -2.968236 1.544227 -5.052469
v -2.195911 0.822464 -5.025036
v -2.195911 1.543772 -5.015723
v -2.968236 0.822920 -5.061782
v -2.968236 1.544227 -5.052469
v -2.195911 0.822464 -5.025036
v -2.195911 1.543772 -5.015723
v -6.066377 1.544079 -5.045567
v -6.066377 2.265388 -5.036252
v -5.294051 1.543623 -5.008821
v -5.294051 2.264931 -4.999506
v -6.066377 1.544079 -5.045567
v -6.066377 2.265388 -5.036252
v -5.294051 1.543623 -5.008821
v -5.294051 2.264931 -4.999506
v -5.294051 0.101007 -5.027449
v -4.521728 0.100552 -4.990703
v -5.330865 0.091109 -4.255003
v -4.558541 0.090653 -4.218257
v -5.294051 0.101007 -5.027449
v -4.521728 0.100552 -4.990703
v -5.330865 0.091109 -4.255003
v -4.558541 0.090653 -4.218257
v -2.203245 0.820491 -4.871151
v -2.195911 0.822464 -5.025036
v -1.430921 0.820036 -4.834405
v -1.423588 0.822008 -4.988291
v -2.203245 0.820491 -4.871151
v -2.195911 0.822464 -5.025036
v -1.430921 0.820036 -4.834405
v -1.423588 0.822008 -4.988291
v -2.195911 0.822464 -5.025036
v -2.195911 1.543772 -5.015723
v -1.423588 0.822008 -4.988291
v -1.423588 1.543316 -4.978976
v -2.195911 0.822464 -5.025036
v -2.195911 1.543772 -5.015723
v -1.423588 0.822008 -4.988291
v -1.423588 1.543316 -4.978976
v -5.294051 1.543623 -5.008821
v -5.294051 2.264931 -4.999506
v -4.521728 1.543168 -4.972074
v -4.521728 2.264475 -4.962760
v -5.294051 1.543623 -5.008821
v -5.294051 2.264931 -4.999506
v -4.521728 1.543168 -4.972074
v -4.521728 2.264475 -4.962760
v -1.430921 1.541344 -4.825090
v -1.423588 1.543316 -4.978976
v -2.203245 1.541800 -4.861837
v -2.195911 1.543772 -5.015723
v -1.430921 1.541344 -4.825090
v -1.423588 1.543316 -4.978976
v -2.203245 1.541800 -4.861837
v -2.195911 1.543772 -5.015723
v -4.521728 0.821859 -4.981389
v -4.521728 1.543168 -4.972074
v -3.749404 0.821404 -4.944642
v -3.749404 1.542711 -4.935329
v -4.521728 0.821859 -4.981389
v -4.521728 1.543168 -4.972074
v -3.749404 0.821404 -4.944642
v -3.749404 1.542711 -4.935329
v -4.521728 0.100552 -4.990703
v -4.521728 0.821859 -4.981389
v -3.749404 0.100095 -4.953957
v -3.749404 0.821404 -4.944642
v -4.521728 0.100552 -4.990703
v -4.521728 0.821859 -4.981389
v -3.749404 0.100095 -4.953957
v -3.749404 0.821404 -4.944642
v -3.786218 0.090197 -4.181511
v -4.558541 0.090653 -4.218257
v -3.749404 0.100095 -4.953957
v -4.521728 0.100552 -4.990703
v -3.786218 0.090197 -4.181511
v -4.558541 0.090653 -4.218257
v -3.749404 0.100095 -4.953957
v -4.521728 0.100552 -4.990703
v -1.430921 0.820036 -4.834405
v -1.423588 0.822008 -4.988291
v -1.430921 1.541344 -4.825090
v -1.423588 1.543316 -4.978976
v -1.430921 0.820036 -4.834405
v -1.423588 0.822008 -4.988291
v -1.430921 1.541344 -4.825090
v -1.423588 1.543316 -4.978976
v -4.521728 1.543168 -4.972074
v -4.521728 2.264475 -4.962760
v -3.749404 1.542711 -4.935329
v -3.749404 2.264020 -4.926014
v -4.521728 1.543168 -4.972074
v -4.521728 2.264475 -4.962760
v -3.749404 1.542711 -4.935329
v -3.749404 2.264020 -4.926014
v -4.521728 2.985784 -4.953446
v -4.521728 3.707091 -4.944131
v -3.749404 2.985327 -4.916700
v -3.749404 3.706636 -4.907385
v -4.521728 2.985784 -4.953446
v -4.521728 3.707091 -4.944131
v -3.749404 2.985327 -4.916700
v -3.749404 3.706636 -4.907385
v -4.521728 2.264475 -4.962760
v -4.521728 2.985784 -4.953446
v -3.749404 2.264020 -4.926014
v -3.749404 2.985327 -4.916700
v -4.521728 2.264475 -4.962760
v -4.521728 2.985784 -4.953446
v -3.749404 2.264020 -4.926014
v -3.749404 2.985327 -4.916700
v -3.762979 0.100105 -4.954675
v -3.762979 0.821413 -4.945361
v -2.975570 0.099640 -4.917211
v -2.975570 0.820948 -4.907896
v -3.762979 0.100105 -4.954675
v -3.762979 0.821413 -4.945361
v -2.975570 0.099640 -4.917211
v -2.975570 0.820948 -4.907896
v -3.012383 0.089742 -4.144765
v -3.799792 0.090206 -4.182229
v -2.975570 0.099640 -4.917211
v -3.762979 0.100105 -4.954675
v -3.012383 0.089742 -4.144765
v -3.799792 0.090206 -4.182229
v -2.975570 0.099640 -4.917211
v -3.762979 0.100105 -4.954675
v -3.762979 2.264028 -4.926731
v -3.762979 2.985337 -4.917418
v -2.975570 2.263564 -4.889268
v -2.975570 2.984871 -4.879954
v -3.762979 2.264028 -4.926731
v -3.762979 2.985337 -4.917418
v -2.975570 2.263564 -4.889268
v -2.975570 2.984871 -4.879954
v -3.762979 1.542721 -4.936046
v -3.762979 2.264028 -4.926731
v -2.975570 1.542255 -4.898583
v -2.975570 2.263564 -4.889268
v -3.762979 1.542721 -4.936046
v -3.762979 2.264028 -4.926731
v -2.975570 1.542255 -4.898583
v -2.975570 2.263564 -4.889268
v -3.762979 0.821413 -4.945361
v -3.762979 1.542721 -4.936046
v -2.975570 0.820948 -4.907896
v -2.975570 1.542255 -4.898583
v -3.762979 0.821413 -4.945361
v -3.762979 1.542721 -4.936046
v -2.975570 0.820948 -4.907896
v -2.975570 1.542255 -4.898583
v -4.319274 0.906897 -4.877569
v -4.328685 0.819901 -4.905764
v -3.833041 0.842214 -4.881585
v -3.839471 0.820063 -4.912003
v -4.319274 0.906897 -4.877569
v -4.328685 0.819901 -4.905764
v -3.833041 0.842214 -4.881585
v -3.839471 0.820063 -4.912003
v -3.833041 0.842214 -4.881585
v -3.839471 0.820063 -4.912003
v -3.829768 0.835903 -4.395269
v -3.833140 0.813714 -4.422704
v -3.833041 0.842214 -4.881585
v -3.839471 0.820063 -4.912003
v -3.829768 0.835903 -4.395269
v -3.833140 0.813714 -4.422704
v -4.319274 0.906897 -4.877569
v -4.316001 0.900585 -4.391252
v -4.328685 0.819901 -4.905764
v -4.322354 0.813551 -4.416465
v -4.319274 0.906897 -4.877569
v -4.316001 0.900585 -4.391252
v -4.328685 0.819901 -4.905764
v -4.322354 0.813551 -4.416465
v -4.328685 0.819901 -4.905764
v -4.304214 0.098287 -4.891223
v -3.839471 0.820063 -4.912003
v -3.863317 0.098433 -4.896846
v -4.328685 0.819901 -4.905764
v -4.304214 0.098287 -4.891223
v -3.839471 0.820063 -4.912003
v -3.863317 0.098433 -4.896846
v -3.839471 0.820063 -4.912003
v -3.863317 0.098433 -4.896846
v -3.833140 0.813714 -4.422704
v -3.857612 0.092711 -4.455873
v -3.839471 0.820063 -4.912003
v -3.863317 0.098433 -4.896846
v -3.833140 0.813714 -4.422704
v -3.857612 0.092711 -4.455873
v -4.322354 0.813551 -4.416465
v -4.298507 0.092565 -4.450251
v -4.328685 0.819901 -4.905764
v -4.304214 0.098287 -4.891223
v -4.322354 0.813551 -4.416465
v -4.298507 0.092565 -4.450251
v -4.328685 0.819901 -4.905764
v -4.304214 0.098287 -4.891223
v -3.762979 2.985337 -4.917418
v -3.762979 3.706644 -4.908103
v -2.975570 2.984871 -4.879954
v -2.975570 3.706180 -4.870639
v -3.762979 2.985337 -4.917418
v -3.762979 3.706644 -4.908103
v -2.975570 2.984871 -4.879954
v -2.975570 3.706180 -4.870639
v -2.975570 0.099640 -4.917211
v -2.975570 0.820948 -4.907896
v -2.203245 0.099184 -4.880465
v -2.203245 0.820491 -4.871151
v -2.975570 0.099640 -4.917211
v -2.975570 0.820948 -4.907896
v -2.203245 0.099184 -4.880465
v -2.203245 0.820491 -4.871151
v -2.240059 0.089285 -4.108019
v -3.012383 0.089742 -4.144765
v -2.203245 0.099184 -4.880465
v -2.975570 0.099640 -4.917211
v -2.240059 0.089285 -4.108019
v -3.012383 0.089742 -4.144765
v -2.203245 0.099184 -4.880465
v -2.975570 0.099640 -4.917211
v -3.833041 0.842214 -4.881585
v -3.830020 0.878844 -4.881151
v -4.319274 0.906897 -4.877569
v -4.316255 0.943527 -4.877134
v -3.833041 0.842214 -4.881585
v -3.830020 0.878844 -4.881151
v -4.319274 0.906897 -4.877569
v -4.316255 0.943527 -4.877134
v -3.830020 0.878844 -4.881151
v -3.833041 0.842214 -4.881585
v -3.826749 0.872532 -4.394834
v -3.829768 0.835903 -4.395269
v -3.830020 0.878844 -4.881151
v -3.833041 0.842214 -4.881585
v -3.826749 0.872532 -4.394834
v -3.829768 0.835903 -4.395269
v -4.316001 0.900585 -4.391252
v -4.319274 0.906897 -4.877569
v -4.312982 0.937216 -4.390817
v -4.316255 0.943527 -4.877134
v -4.316001 0.900585 -4.391252
v -4.319274 0.906897 -4.877569
v -4.312982 0.937216 -4.390817
v -4.316255 0.943527 -4.877134
v -4.068480 0.957339 -4.635386
v -4.316255 0.943527 -4.877134
v -3.830020 0.878844 -4.881151
v -3.830020 0.878844 -4.881151
v -4.068480 0.957339 -4.635386
v -4.316255 0.943527 -4.877134
v -3.830020 0.878844 -4.881151
v -3.830020 0.878844 -4.881151
v -4.068480 0.957339 -4.635386
v -4.312982 0.937216 -4.390817
v -4.316255 0.943527 -4.877134
v -4.316255 0.943527 -4.877134
v -4.068480 0.957339 -4.635386
v -4.312982 0.937216 -4.390817
v -4.316255 0.943527 -4.877134
v -4.316255 0.943527 -4.877134
v -3.826749 0.872532 -4.394834
v -4.068480 0.957339 -4.635386
v -3.830020 0.878844 -4.881151
v -3.830020 0.878844 -4.881151
v -3.826749 0.872532 -4.394834
v -4.068480 0.957339 -4.635386
v -3.830020 0.878844 -4.881151
v -3.830020 0.878844 -4.881151
v -2.975570 1.542255 -4.898583
v -2.975570 2.263564 -4.889268
v -2.203245 1.541800 -4.861837
v -2.203245 2.263107 -4.852522
v -2.975570 1.542255 -4.898583
v -2.975570 2.263564 -4.889268
v -2.203245 1.541800 -4.861837
v -2.203245 2.263107 -4.852522
v -2.203245 0.099184 -4.880465
v -2.203245 0.820491 -4.871151
v -1.430921 0.098728 -4.843719
v -1.430921 0.820036 -4.834405
v -2.203245 0.099184 -4.880465
v -2.203245 0.820491 -4.871151
v -1.430921 0.098728 -4.843719
v -1.430921 0.820036 -4.834405
v -2.975570 2.984871 -4.879954
v -2.975570 3.706180 -4.870639
v -2.203245 2.984416 -4.843208
v -2.203245 3.705723 -4.833894
v -2.975570 2.984871 -4.879954
v -2.975570 3.706180 -4.870639
v -2.203245 2.984416 -4.843208
v -2.203245 3.705723 -4.833894
v -2.975570 2.263564 -4.889268
v -2.975570 2.984871 -4.879954
v -2.203245 2.263107 -4.852522
v -2.203245 2.984416 -4.843208
v -2.975570 2.263564 -4.889268
v -2.975570 2.984871 -4.879954
v -2.203245 2.263107 -4.852522
v -2.203245 2.984416 -4.843208
v -1.467734 0.088829 -4.071273
v -2.240059 0.089285 -4.108019
v -1.430921 0.098728 -4.843719
v -2.203245 0.099184 -4.880465
v -1.467734 0.088829 -4.071273
v -2.240059 0.089285 -4.108019
v -1.430921 0.098728 -4.843719
v -2.203245 0.099184 -4.880465
v -2.203245 1.541800 -4.861837
v -2.203245 2.263107 -4.852522
v -1.430921 1.541344 -4.825090
v -1.430921 2.262652 -4.815776
v -2.203245 1.541800 -4.861837
v -2.203245 2.263107 -4.852522
v -1.430921 1.541344 -4.825090
v -1.430921 2.262652 -4.815776
v -2.203245 2.263107 -4.852522
v -2.203245 2.984416 -4.843208
v -1.430921 2.262652 -4.815776
v -1.430921 2.983960 -4.806462
v -2.203245 2.263107 -4.852522
v -2.203245 2.984416 -4.843208
v -1.430921 2.262652 -4.815776
v -1.430921 2.983960 -4.806462
v -2.203245 2.984416 -4.843208
v -2.203245 3.705723 -4.833894
v -1.430921 2.983960 -4.806462
v -1.430921 3.705268 -4.797148
v -2.203245 2.984416 -4.843208
v -2.203245 3.705723 -4.833894
v -1.430921 2.983960 -4.806462
v -1.430921 3.705268 -4.797148
v -1.430921 0.098728 -4.843719
v -1.430921 0.820036 -4.834405
v -0.658597 0.098272 -4.806974
v -0.658597 0.819580 -4.797658
v -1.430921 0.098728 -4.843719
v -1.430921 0.820036 -4.834405
v -0.658597 0.098272 -4.806974
v -0.658597 0.819580 -4.797658
v -1.430921 0.820036 -4.834405
v -1.430921 1.541344 -4.825090
v -0.658597 0.819580 -4.797658
v -0.658597 1.540888 -4.788345
v -1.430921 0.820036 -4.834405
v -1.430921 1.541344 -4.825090
v -0.658597 0.819580 -4.797658
v -0.658597 1.540888 -4.788345
v -0.695411 0.088374 -4.034527
v -1.467734 0.088829 -4.071273
v -0.658597 0.098272 -4.806974
v -1.430921 0.098728 -4.843719
v -0.695411 0.088374 -4.034527
v -1.467734 0.088829 -4.071273
v -0.658597 0.098272 -4.806974
v -1.430921 0.098728 -4.843719
v -3.380137 0.867132 -4.539405
v -3.523744 0.820174 -4.836034
v -3.084126 0.818202 -4.683686
v -3.084126 0.818202 -4.683686
v -3.380137 0.867132 -4.539405
v -3.523744 0.820174 -4.836034
v -3.084126 0.818202 -4.683686
v -3.084126 0.818202 -4.683686
v -3.523744 0.820174 -4.836034
v -3.380137 0.867132 -4.539405
v -3.676150 0.814628 -4.396434
v -3.676150 0.814628 -4.396434
v -3.523744 0.820174 -4.836034
v -3.380137 0.867132 -4.539405
v -3.676150 0.814628 -4.396434
v -3.676150 0.814628 -4.396434
v -3.676150 0.814628 -4.396434
v -3.645396 0.093505 -4.420671
v -3.523744 0.820174 -4.836034
v -3.508822 0.098476 -4.814597
v -3.676150 0.814628 -4.396434
v -3.645396 0.093505 -4.420671
v -3.523744 0.820174 -4.836034
v -3.508822 0.098476 -4.814597
v -3.523744 0.820174 -4.836034
v -3.508822 0.098476 -4.814597
v -3.084126 0.818202 -4.683686
v -3.114882 0.096708 -4.678078
v -3.523744 0.820174 -4.836034
v -3.508822 0.098476 -4.814597
v -3.084126 0.818202 -4.683686
v -3.114882 0.096708 -4.678078
v -1.430921 1.541344 -4.825090
v -1.430921 2.262652 -4.815776
v -0.658597 1.540888 -4.788345
v -0.658597 2.262196 -4.779030
v -1.430921 1.541344 -4.825090
v -1.430921 2.262652 -4.815776
v -0.658597 1.540888 -4.788345
v -0.658597 2.262196 -4.779030
v -1.430921 2.262652 -4.815776
v -1.430921 2.983960 -4.806462
v -0.658597 2.262196 -4.779030
v -0.658597 2.983504 -4.769717
v -1.430921 2.262652 -4.815776
v -1.430921 2.983960 -4.806462
v -0.658597 2.262196 -4.779030
v -0.658597 2.983504 -4.769717
v -1.430921 2.983960 -4.806462
v -1.430921 3.705268 -4.797148
v -0.658597 2.983504 -4.769717
v -0.658597 3.704812 -4.760401
v -1.430921 2.983960 -4.806462
v -1.430921 3.705268 -4.797148
v -0.658597 2.983504 -4.769717
v -0.658597 3.704812 -4.760401
v -0.483618 0.098168 -4.798647
v -0.520432 0.088270 -4.026202
v -0.658597 0.098272 -4.806974
v -0.695411 0.088374 -4.034527
v -0.483618 0.098168 -4.798647
v -0.520432 0.088270 -4.026202
v -0.658597 0.098272 -4.806974
v -0.695411 0.088374 -4.034527
v -0.483618 1.540784 -4.780019
v -0.483618 2.262093 -4.770705
v -0.520432 1.530886 -4.007573
v -0.520432 2.252194 -3.998259
v -0.483618 1.540784 -4.780019
v -0.483618 2.262093 -4.770705
v -0.520432 1.530886 -4.007573
v -0.520432 2.252194 -3.998259
v -0.483618 0.819477 -4.789334
v -0.483618 1.540784 -4.780019
v -0.520432 0.809578 -4.016888
v -0.520432 1.530886 -4.007573
v -0.483618 0.819477 -4.789334
v -0.483618 1.540784 -4.780019
v -0.520432 0.809578 -4.016888
v -0.520432 1.530886 -4.007573
v -0.483618 0.098168 -4.798647
v -0.483618 0.819477 -4.789334
v -0.520432 0.088270 -4.026202
v -0.520432 0.809578 -4.016888
v -0.483618 0.098168 -4.798647
v -0.483618 0.819477 -4.789334
v -0.520432 0.088270 -4.026202
v -0.520432 0.809578 -4.016888
v -1.830582 0.866077 -4.554471
v -2.066516 0.818329 -4.784332
v -1.601347 0.818306 -4.791161
v -1.601347 0.818306 -4.791161
v -1.830582 0.866077 -4.554471
v -2.066516 0.818329 -4.784332
v -1.601347 0.818306 -4.791161
v -1.601347 0.818306 -4.791161
v -1.594647 0.812391 -4.325920
v -1.830582 0.866077 -4.554471
v -1.601347 0.818306 -4.791161
v -1.601347 0.818306 -4.791161
v -1.594647 0.812391 -4.325920
v -1.830582 0.866077 -4.554471
v -1.601347 0.818306 -4.791161
v -1.601347 0.818306 -4.791161
v -2.066516 0.818329 -4.784332
v -1.830582 0.866077 -4.554471
v -2.059815 0.812414 -4.319091
v -2.059815 0.812414 -4.319091
v -2.066516 0.818329 -4.784332
v -1.830582 0.866077 -4.554471
v -2.059815 0.812414 -4.319091
v -2.059815 0.812414 -4.319091
v -2.059815 0.812414 -4.319091
v -2.035999 0.091413 -4.352929
v -2.066516 0.818329 -4.784332
v -2.042004 0.096713 -4.769833
v -2.059815 0.812414 -4.319091
v -2.035999 0.091413 -4.352929
v -2.066516 0.818329 -4.784332
v -2.042004 0.096713 -4.769833
v -2.066516 0.818329 -4.784332
v -2.042004 0.096713 -4.769833
v -1.601347 0.818306 -4.791161
v -1.625164 0.096692 -4.775952
v -2.066516 0.818329 -4.784332
v -2.042004 0.096713 -4.769833
v -1.601347 0.818306 -4.791161
v -1.625164 0.096692 -4.775952
v -1.601347 0.818306 -4.791161
v -1.625164 0.096692 -4.775952
v -1.594647 0.812391 -4.325920
v -1.619160 0.091392 -4.359048
v -1.601347 0.818306 -4.791161
v -1.625164 0.096692 -4.775952
v -1.594647 0.812391 -4.325920
v -1.619160 0.091392 -4.359048
v -2.878789 0.836131 -4.316462
v -2.875968 0.813200 -4.286078
v -2.824495 0.842265 -4.799792
v -2.824359 0.819376 -4.772729
v -2.878789 0.836131 -4.316462
v -2.875968 0.813200 -4.286078
v -2.824495 0.842265 -4.799792
v -2.824359 0.819376 -4.772729
v -2.341231 0.906324 -4.744843
v -2.824495 0.842265 -4.799792
v -2.337772 0.818665 -4.721303
v -2.824359 0.819376 -4.772729
v -2.341231 0.906324 -4.744843
v -2.824495 0.842265 -4.799792
v -2.337772 0.818665 -4.721303
v -2.824359 0.819376 -4.772729
v -2.881793 0.872765 -4.316306
v -2.878789 0.836131 -4.316462
v -2.827498 0.878898 -4.799636
v -2.824495 0.842265 -4.799792
v -2.881793 0.872765 -4.316306
v -2.878789 0.836131 -4.316462
v -2.827498 0.878898 -4.799636
v -2.824495 0.842265 -4.799792
v -2.344234 0.942958 -4.744687
v -2.827498 0.878898 -4.799636
v -2.341231 0.906324 -4.744843
v -2.824495 0.842265 -4.799792
v -2.344234 0.942958 -4.744687
v -2.827498 0.878898 -4.799636
v -2.341231 0.906324 -4.744843
v -2.824495 0.842265 -4.799792
v -2.616017 0.957173 -4.530177
v -2.827498 0.878898 -4.799636
v -2.344234 0.942958 -4.744687
v -2.344234 0.942958 -4.744687
v -2.616017 0.957173 -4.530177
v -2.827498 0.878898 -4.799636
v -2.344234 0.942958 -4.744687
v -2.344234 0.942958 -4.744687
v -2.827498 0.878898 -4.799636
v -2.616017 0.957173 -4.530177
v -2.881793 0.872765 -4.316306
v -2.881793 0.872765 -4.316306
v -2.827498 0.878898 -4.799636
v -2.616017 0.957173 -4.530177
v -2.881793 0.872765 -4.316306
v -2.881793 0.872765 -4.316306
v -0.483618 2.262093 -4.770705
v -0.483618 2.983400 -4.761390
v -0.520432 2.252194 -3.998259
v -0.520432 2.973502 -3.988944
v -0.483618 2.262093 -4.770705
v -0.483618 2.983400 -4.761390
v -0.520432 2.252194 -3.998259
v -0.520432 2.973502 -3.988944
v -2.875968 0.813200 -4.286078
v -2.849391 0.092163 -4.316884
v -2.824359 0.819376 -4.772729
v -2.802878 0.097728 -4.755473
v -2.875968 0.813200 -4.286078
v -2.849391 0.092163 -4.316884
v -2.824359 0.819376 -4.772729
v -2.802878 0.097728 -4.755473
v -2.824359 0.819376 -4.772729
v -2.802878 0.097728 -4.755473
v -2.337772 0.818665 -4.721303
v -2.364350 0.097086 -4.709125
v -2.824359 0.819376 -4.772729
v -2.802878 0.097728 -4.755473
v -2.337772 0.818665 -4.721303
v -2.364350 0.097086 -4.709125
v -1.194508 3.131502 -4.552394
v -1.183867 3.134363 -4.775678
v -1.152272 3.131477 -4.550384
v -1.141631 3.134338 -4.773669
v -1.194508 3.131502 -4.552394
v -1.183867 3.134363 -4.775678
v -1.152272 3.131477 -4.550384
v -1.141631 3.134338 -4.773669
v -1.194508 3.131502 -4.552394
v -1.212610 3.086431 -4.553837
v -1.183867 3.134363 -4.775678
v -1.201969 3.089292 -4.777122
v -1.194508 3.131502 -4.552394
v -1.212610 3.086431 -4.553837
v -1.183867 3.134363 -4.775678
v -1.201969 3.089292 -4.777122
v -1.152272 3.131477 -4.550384
v -1.141631 3.134338 -4.773669
v -1.134171 3.086385 -4.550104
v -1.123529 3.089246 -4.773390
v -1.152272 3.131477 -4.550384
v -1.141631 3.134338 -4.773669
v -1.134171 3.086385 -4.550104
v -1.123529 3.089246 -4.773390
v -1.134171 3.086385 -4.550104
v -1.123529 3.089246 -4.773390
v -1.152272 3.041314 -4.551548
v -1.141631 3.044175 -4.774833
v -1.134171 3.086385 -4.550104
v -1.123529 3.089246 -4.773390
v -1.152272 3.041314 -4.551548
v -1.141631 3.044175 -4.774833
v -1.152272 3.041314 -4.551548
v -1.141631 3.044175 -4.774833
v -1.194508 3.041339 -4.553558
v -1.183867 3.044201 -4.776842
v -1.152272 3.041314 -4.551548
v -1.141631 3.044175 -4.774833
v -1.194508 3.041339 -4.553558
v -1.183867 3.044201 -4.776842
v -2.395526 0.900191 -4.261513
v -2.341231 0.906324 -4.744843
v -2.389382 0.812489 -4.234652
v -2.337772 0.818665 -4.721303
v -2.395526 0.900191 -4.261513
v -2.341231 0.906324 -4.744843
v -2.389382 0.812489 -4.234652
v -2.337772 0.818665 -4.721303
v -2.341231 0.906324 -4.744843
v -2.395526 0.900191 -4.261513
v -2.344234 0.942958 -4.744687
v -2.398529 0.936824 -4.261357
v -2.341231 0.906324 -4.744843
v -2.395526 0.900191 -4.261513
v -2.344234 0.942958 -4.744687
v -2.398529 0.936824 -4.261357
v -2.616017 0.957173 -4.530177
v -2.344234 0.942958 -4.744687
v -2.398529 0.936824 -4.261357
v -2.398529 0.936824 -4.261357
v -2.616017 0.957173 -4.530177
v -2.344234 0.942958 -4.744687
v -2.398529 0.936824 -4.261357
v -2.398529 0.936824 -4.261357
v -2.337772 0.818665 -4.721303
v -2.364350 0.097086 -4.709125
v -2.389382 0.812489 -4.234652
v -2.410862 0.091521 -4.270538
v -2.337772 0.818665 -4.721303
v -2.364350 0.097086 -4.709125
v -2.389382 0.812489 -4.234652
v -2.410862 0.091521 -4.270538
v -3.236533 0.812655 -4.244086
v -3.380137 0.867132 -4.539405
v -3.084126 0.818202 -4.683686
v -3.084126 0.818202 -4.683686
v -3.236533 0.812655 -4.244086
v -3.380137 0.867132 -4.539405
v -3.084126 0.818202 -4.683686
v -3.084126 0.818202 -4.683686
v -3.084126 0.818202 -4.683686
v -3.114882 0.096708 -4.678078
v -3.236533 0.812655 -4.244086
v -3.251453 0.091738 -4.284150
v -3.084126 0.818202 -4.683686
v -3.114882 0.096708 -4.678078
v -3.236533 0.812655 -4.244086
v -3.251453 0.091738 -4.284150
v -4.068480 0.957339 -4.635386
v -3.826749 0.872532 -4.394834
v -4.312982 0.937216 -4.390817
v -4.312982 0.937216 -4.390817
v -4.068480 0.957339 -4.635386
v -3.826749 0.872532 -4.394834
v -4.312982 0.937216 -4.390817
v -4.312982 0.937216 -4.390817
v -1.135897 0.947356 -4.541512
v -1.152272 0.947830 -4.578581
v -1.135897 0.118978 -4.552208
v -1.152272 0.119453 -4.589279
v -1.135897 0.947356 -4.541512
v -1.152272 0.947830 -4.578581
v -1.135897 0.118978 -4.552208
v -1.152272 0.119453 -4.589279
v -1.152272 1.779025 -4.567849
v -1.135897 1.778550 -4.530778
v -1.152272 2.607402 -4.557151
v -1.135897 2.606927 -4.520082
v -1.152272 1.779025 -4.567849
v -1.135897 1.778550 -4.530778
v -1.152272 2.607402 -4.557151
v -1.135897 2.606927 -4.520082
v -1.152272 0.947830 -4.578581
v -1.135897 0.947356 -4.541512
v -1.152272 1.779025 -4.567849
v -1.135897 1.778550 -4.530778
v -1.152272 0.947830 -4.578581
v -1.135897 0.947356 -4.541512
v -1.152272 1.779025 -4.567849
v -1.135897 1.778550 -4.530778
v -3.380137 0.867132 -4.539405
v -3.236533 0.812655 -4.244086
v -3.676150 0.814628 -4.396434
v -3.676150 0.814628 -4.396434
v -3.380137 0.867132 -4.539405
v -3.236533 0.812655 -4.244086
v -3.676150 0.814628 -4.396434
v -3.676150 0.814628 -4.396434
v -1.830582 0.866077 -4.554471
v -1.594647 0.812391 -4.325920
v -2.059815 0.812414 -4.319091
v -2.059815 0.812414 -4.319091
v -1.830582 0.866077 -4.554471
v -1.594647 0.812391 -4.325920
v -2.059815 0.812414 -4.319091
v -2.059815 0.812414 -4.319091
v -1.135753 3.074689 -4.517059
v -1.134171 3.086385 -4.550104
v -1.152272 3.041314 -4.551548
v -1.152272 3.041314 -4.551548
v -1.135753 3.074689 -4.517059
v -1.134171 3.086385 -4.550104
v -1.152272 3.041314 -4.551548
v -1.152272 3.041314 -4.551548
v -1.152272 3.131477 -4.550384
v -1.134171 3.086385 -4.550104
v -1.155149 3.105346 -4.490364
v -1.135753 3.074689 -4.517059
v -1.152272 3.131477 -4.550384
v -1.134171 3.086385 -4.550104
v -1.155149 3.105346 -4.490364
v -1.135753 3.074689 -4.517059
v -1.197385 3.105371 -4.492374
v -1.194508 3.131502 -4.552394
v -1.155149 3.105346 -4.490364
v -1.152272 3.131477 -4.550384
v -1.197385 3.105371 -4.492374
v -1.194508 3.131502 -4.552394
v -1.155149 3.105346 -4.490364
v -1.152272 3.131477 -4.550384
v -1.194508 3.131502 -4.552394
v -1.197385 3.105371 -4.492374
v -1.212610 3.086431 -4.553837
v -1.214192 3.074736 -4.520791
v -1.194508 3.131502 -4.552394
v -1.197385 3.105371 -4.492374
v -1.212610 3.086431 -4.553837
v -1.214192 3.074736 -4.520791
v -1.135897 3.040839 -4.514479
v -1.135753 3.074689 -4.517059
v -1.152272 3.041314 -4.551548
v -1.152272 3.041314 -4.551548
v -1.135897 3.040839 -4.514479
v -1.135753 3.074689 -4.517059
v -1.152272 3.041314 -4.551548
v -1.152272 3.041314 -4.551548
v -1.135897 0.947356 -4.541512
v -1.155725 0.946902 -4.506165
v -1.135897 1.778550 -4.530778
v -1.155725 1.778097 -4.495431
v -1.135897 0.947356 -4.541512
v -1.155725 0.946902 -4.506165
v -1.135897 1.778550 -4.530778
v -1.155725 1.778097 -4.495431
v -1.152272 2.607402 -4.557151
v -1.135897 2.606927 -4.520082
v -1.152272 3.041314 -4.551548
v -1.135897 3.040839 -4.514479
v -1.152272 2.607402 -4.557151
v -1.135897 2.606927 -4.520082
v -1.152272 3.041314 -4.551548
v -1.135897 3.040839 -4.514479
v -1.214335 0.947402 -4.545245
v -1.197960 0.946927 -4.508174
v -1.214335 0.119025 -4.555941
v -1.197960 0.118550 -4.518871
v -1.214335 0.947402 -4.545245
v -1.197960 0.946927 -4.508174
v -1.214335 0.119025 -4.555941
v -1.197960 0.118550 -4.518871
v -1.197960 0.946927 -4.508174
v -1.214335 0.947402 -4.545245
v -1.197960 1.778122 -4.497441
v -1.214335 1.778597 -4.534511
v -1.197960 0.946927 -4.508174
v -1.214335 0.947402 -4.545245
v -1.197960 1.778122 -4.497441
v -1.214335 1.778597 -4.534511
v -1.155725 0.946902 -4.506165
v -1.135897 0.947356 -4.541512
v -1.155725 0.118525 -4.516861
v -1.135897 0.118978 -4.552208
v -1.155725 0.946902 -4.506165
v -1.135897 0.947356 -4.541512
v -1.155725 0.118525 -4.516861
v -1.135897 0.118978 -4.552208
v -2.616017 0.957173 -4.530177
v -2.398529 0.936824 -4.261357
v -2.881793 0.872765 -4.316306
v -2.881793 0.872765 -4.316306
v -2.616017 0.957173 -4.530177
v -2.398529 0.936824 -4.261357
v -2.881793 0.872765 -4.316306
v -2.881793 0.872765 -4.316306
v -1.155725 2.606474 -4.484735
v -1.135897 2.606927 -4.520082
v -1.155725 1.778097 -4.495431
v -1.135897 1.778550 -4.530778
v -1.155725 2.606474 -4.484735
v -1.135897 2.606927 -4.520082
v -1.155725 1.778097 -4.495431
v -1.135897 1.778550 -4.530778
v -1.214335 2.606974 -4.523815
v -1.197960 2.606499 -4.486744
v -1.214335 1.778597 -4.534511
v -1.197960 1.778122 -4.497441
v -1.214335 2.606974 -4.523815
v -1.197960 2.606499 -4.486744
v -1.214335 1.778597 -4.534511
v -1.197960 1.778122 -4.497441
v -1.155725 3.040386 -4.479131
v -1.155149 3.105346 -4.490364
v -1.135897 3.040839 -4.514479
v -1.135753 3.074689 -4.517059
v -1.155725 3.040386 -4.479131
v -1.155149 3.105346 -4.490364
v -1.135897 3.040839 -4.514479
v -1.135753 3.074689 -4.517059
v -1.197960 3.040411 -4.481141
v -1.214335 3.040886 -4.518210
v -1.197385 3.105371 -4.492374
v -1.214192 3.074736 -4.520791
v -1.197960 3.040411 -4.481141
v -1.214335 3.040886 -4.518210
v -1.197385 3.105371 -4.492374
v -1.214192 3.074736 -4.520791
v -1.135897 2.606927 -4.520082
v -1.155725 2.606474 -4.484735
v -1.135897 3.040839 -4.514479
v -1.155725 3.040386 -4.479131
v -1.135897 2.606927 -4.520082
v -1.155725 2.606474 -4.484735
v -1.135897 3.040839 -4.514479
v -1.155725 3.040386 -4.479131
v -1.197960 0.946927 -4.508174
v -1.155725 0.946902 -4.506165
v -1.197960 0.118550 -4.518871
v -1.155725 0.118525 -4.516861
v -1.197960 0.946927 -4.508174
v -1.155725 0.946902 -4.506165
v -1.197960 0.118550 -4.518871
v -1.155725 0.118525 -4.516861
v -1.197960 2.606499 -4.486744
v -1.214335 2.606974 -4.523815
v -1.197960 3.040411 -4.481141
v -1.214335 3.040886 -4.518210
v -1.197960 2.606499 -4.486744
v -1.214335 2.606974 -4.523815
v -1.197960 3.040411 -4.481141
v -1.214335 3.040886 -4.518210
v -1.197960 2.606499 -4.486744
v -1.155725 2.606474 -4.484735
v -1.197960 1.778122 -4.497441
v -1.155725 1.778097 -4.495431
v -1.197960 2.606499 -4.486744
v -1.155725 2.606474 -4.484735
v -1.197960 1.778122 -4.497441
v -1.155725 1.778097 -4.495431
v -1.197960 3.040411 -4.481141
v -1.197385 3.105371 -4.492374
v -1.155725 3.040386 -4.479131
v -1.155149 3.105346 -4.490364
v -1.197960 3.040411 -4.481141
v -1.197385 3.105371 -4.492374
v -1.155725 3.040386 -4.479131
v -1.155149 3.105346 -4.490364
v -1.155725 0.946902 -4.506165
v -1.197960 0.946927 -4.508174
v -1.155725 1.778097 -4.495431
v -1.197960 1.778122 -4.497441
v -1.155725 0.946902 -4.506165
v -1.197960 0.946927 -4.508174
v -1.155725 1.778097 -4.495431
v -1.197960 1.778122 -4.497441
v -1.155725 2.606474 -4.484735
v -1.197960 2.606499 -4.486744
v -1.155725 3.040386 -4.479131
v -1.197960 3.040411 -4.481141
v -1.155725 2.606474 -4.484735
v -1.197960 2.606499 -4.486744
v -1.155725 3.040386 -4.479131
v -1.197960 3.040411 -4.481141
v -3.833140 0.813714 -4.422704
v -3.857612 0.092711 -4.455873
v -4.322354 0.813551 -4.416465
v -4.298507 0.092565 -4.450251
v -3.833140 0.813714 -4.422704
v -3.857612 0.092711 -4.455873
v -4.322354 0.813551 -4.416465
v -4.298507 0.092565 -4.450251
v -4.316001 0.900585 -4.391252
v -3.829768 0.835903 -4.395269
v -4.322354 0.813551 -4.416465
v -3.833140 0.813714 -4.422704
v -4.316001 0.900585 -4.391252
v -3.829768 0.835903 -4.395269
v -4.322354 0.813551 -4.416465
v -3.833140 0.813714 -4.422704
v -3.236533 0.812655 -4.244086
v -3.251453 0.091738 -4.284150
v -3.676150 0.814628 -4.396434
v -3.645396 0.093505 -4.420671
v -3.236533 0.812655 -4.244086
v -3.251453 0.091738 -4.284150
v -3.676150 0.814628 -4.396434
v -3.645396 0.093505 -4.420671
v -4.312982 0.937216 -4.390817
v -3.826749 0.872532 -4.394834
v -4.316001 0.900585 -4.391252
v -3.829768 0.835903 -4.395269
v -4.312982 0.937216 -4.390817
v -3.826749 0.872532 -4.394834
v -4.316001 0.900585 -4.391252
v -3.829768 0.835903 -4.395269
v -1.594647 0.812391 -4.325920
v -1.619160 0.091392 -4.359048
v -2.059815 0.812414 -4.319091
v -2.035999 0.091413 -4.352929
v -1.594647 0.812391 -4.325920
v -1.619160 0.091392 -4.359048
v -2.059815 0.812414 -4.319091
v -2.035999 0.091413 -4.352929
v -6.140002 0.081667 -3.519304
v -6.912326 0.082123 -3.556050
v -6.103190 0.091565 -4.291749
v -6.875514 0.092021 -4.328495
v -6.140002 0.081667 -3.519304
v -6.912326 0.082123 -3.556050
v -6.103190 0.091565 -4.291749
v -6.875514 0.092021 -4.328495
v -2.395526 0.900191 -4.261513
v -2.389382 0.812489 -4.234652
v -2.878789 0.836131 -4.316462
v -2.875968 0.813200 -4.286078
v -2.395526 0.900191 -4.261513
v -2.389382 0.812489 -4.234652
v -2.878789 0.836131 -4.316462
v -2.875968 0.813200 -4.286078
v -2.878789 0.836131 -4.316462
v -2.881793 0.872765 -4.316306
v -2.395526 0.900191 -4.261513
v -2.398529 0.936824 -4.261357
v -2.878789 0.836131 -4.316462
v -2.881793 0.872765 -4.316306
v -2.395526 0.900191 -4.261513
v -2.398529 0.936824 -4.261357
v -2.389382 0.812489 -4.234652
v -2.410862 0.091521 -4.270538
v -2.875968 0.813200 -4.286078
v -2.849391 0.092163 -4.316884
v -2.389382 0.812489 -4.234652
v -2.410862 0.091521 -4.270538
v -2.875968 0.813200 -4.286078
v -2.849391 0.092163 -4.316884
v -5.367679 0.081212 -3.482558
v -6.140002 0.081667 -3.519304
v -5.330865 0.091109 -4.255003
v -6.103190 0.091565 -4.291749
v -5.367679 0.081212 -3.482558
v -6.140002 0.081667 -3.519304
v -5.330865 0.091109 -4.255003
v -6.103190 0.091565 -4.291749
v -4.595355 0.080755 -3.445812
v -5.367679 0.081212 -3.482558
v -4.558541 0.090653 -4.218257
v -5.330865 0.091109 -4.255003
v -4.595355 0.080755 -3.445812
v -5.367679 0.081212 -3.482558
v -4.558541 0.090653 -4.218257
v -5.330865 0.091109 -4.255003
v -3.823031 0.080300 -3.409066
v -4.595355 0.080755 -3.445812
v -3.786218 0.090197 -4.181511
v -4.558541 0.090653 -4.218257
v -3.823031 0.080300 -3.409066
v -4.595355 0.080755 -3.445812
v -3.786218 0.090197 -4.181511
v -4.558541 0.090653 -4.218257
v -1.084498 0.858783 -3.966535
v -1.311007 0.811124 -4.205680
v -0.845952 0.810930 -4.193827
v -0.845952 0.810930 -4.193827
v -1.084498 0.858783 -3.966535
v -1.311007 0.811124 -4.205680
v -0.845952 0.810930 -4.193827
v -0.845952 0.810930 -4.193827
v -1.311007 0.811124 -4.205680
v -1.084498 0.858783 -3.966535
v -1.323046 0.805201 -3.740553
v -1.323046 0.805201 -3.740553
v -1.311007 0.811124 -4.205680
v -1.084498 0.858783 -3.966535
v -1.323046 0.805201 -3.740553
v -1.323046 0.805201 -3.740553
v -1.323046 0.805201 -3.740553
v -1.298262 0.084191 -3.773414
v -1.311007 0.811124 -4.205680
v -1.287475 0.089498 -4.190216
v -1.323046 0.805201 -3.740553
v -1.298262 0.084191 -3.773414
v -1.311007 0.811124 -4.205680
v -1.287475 0.089498 -4.190216
v -1.311007 0.811124 -4.205680
v -1.287475 0.089498 -4.190216
v -0.845952 0.810930 -4.193827
v -0.870736 0.089324 -4.179594
v -1.311007 0.811124 -4.205680
v -1.287475 0.089498 -4.190216
v -0.845952 0.810930 -4.193827
v -0.870736 0.089324 -4.179594
v -3.039992 0.082319 -3.565431
v -3.827401 0.082782 -3.602894
v -3.012383 0.089742 -4.144765
v -3.799792 0.090206 -4.182229
v -3.039992 0.082319 -3.565431
v -3.827401 0.082782 -3.602894
v -3.012383 0.089742 -4.144765
v -3.799792 0.090206 -4.182229
v -0.857990 0.805006 -3.728699
v -1.084498 0.858783 -3.966535
v -0.845952 0.810930 -4.193827
v -0.845952 0.810930 -4.193827
v -0.857990 0.805006 -3.728699
v -1.084498 0.858783 -3.966535
v -0.845952 0.810930 -4.193827
v -0.845952 0.810930 -4.193827
v -0.845952 0.810930 -4.193827
v -0.870736 0.089324 -4.179594
v -0.857990 0.805006 -3.728699
v -0.881523 0.084017 -3.762792
v -0.845952 0.810930 -4.193827
v -0.870736 0.089324 -4.179594
v -0.857990 0.805006 -3.728699
v -0.881523 0.084017 -3.762792
v -3.460969 0.898203 -4.164401
v -3.433877 0.810981 -4.174853
v -3.459359 0.827213 -3.678821
v -3.429217 0.804759 -3.685443
v -3.460969 0.898203 -4.164401
v -3.433877 0.810981 -4.174853
v -3.459359 0.827213 -3.678821
v -3.429217 0.804759 -3.685443
v -3.947192 0.898092 -4.162771
v -3.945582 0.827101 -3.677190
v -3.923091 0.810829 -4.170171
v -3.918433 0.804608 -3.680763
v -3.947192 0.898092 -4.162771
v -3.945582 0.827101 -3.677190
v -3.923091 0.810829 -4.170171
v -3.918433 0.804608 -3.680763
v -3.460969 0.898203 -4.164401
v -3.947192 0.898092 -4.162771
v -3.433877 0.810981 -4.174853
v -3.923091 0.810829 -4.170171
v -3.460969 0.898203 -4.164401
v -3.947192 0.898092 -4.162771
v -3.433877 0.810981 -4.174853
v -3.923091 0.810829 -4.170171
v -3.459359 0.827213 -3.678821
v -3.459331 0.863804 -3.675328
v -3.460969 0.898203 -4.164401
v -3.460940 0.934793 -4.160907
v -3.459359 0.827213 -3.678821
v -3.459331 0.863804 -3.675328
v -3.460969 0.898203 -4.164401
v -3.460940 0.934793 -4.160907
v -3.947164 0.934681 -4.159276
v -3.945554 0.863692 -3.673696
v -3.947192 0.898092 -4.162771
v -3.945582 0.827101 -3.677190
v -3.947164 0.934681 -4.159276
v -3.945554 0.863692 -3.673696
v -3.947192 0.898092 -4.162771
v -3.945582 0.827101 -3.677190
v -3.947192 0.898092 -4.162771
v -3.460969 0.898203 -4.164401
v -3.947164 0.934681 -4.159276
v -3.460940 0.934793 -4.160907
v -3.947192 0.898092 -4.162771
v -3.460969 0.898203 -4.164401
v -3.947164 0.934681 -4.159276
v -3.460940 0.934793 -4.160907
v -3.703219 0.948513 -3.913644
v -3.945554 0.863692 -3.673696
v -3.947164 0.934681 -4.159276
v -3.947164 0.934681 -4.159276
v -3.703219 0.948513 -3.913644
v -3.945554 0.863692 -3.673696
v -3.947164 0.934681 -4.159276
v -3.947164 0.934681 -4.159276
v -3.703219 0.948513 -3.913644
v -3.460940 0.934793 -4.160907
v -3.459331 0.863804 -3.675328
v -3.459331 0.863804 -3.675328
v -3.703219 0.948513 -3.913644
v -3.460940 0.934793 -4.160907
v -3.459331 0.863804 -3.675328
v -3.459331 0.863804 -3.675328
v -3.703219 0.948513 -3.913644
v -3.947164 0.934681 -4.159276
v -3.460940 0.934793 -4.160907
v -3.460940 0.934793 -4.160907
v -3.703219 0.948513 -3.913644
v -3.947164 0.934681 -4.159276
v -3.460940 0.934793 -4.160907
v -3.460940 0.934793 -4.160907
v -3.433877 0.810981 -4.174853
v -3.457807 0.089358 -4.159768
v -3.429217 0.804759 -3.685443
v -3.453607 0.083751 -3.718695
v -3.433877 0.810981 -4.174853
v -3.457807 0.089358 -4.159768
v -3.429217 0.804759 -3.685443
v -3.453607 0.083751 -3.718695
v -3.918433 0.804608 -3.680763
v -3.894504 0.083614 -3.714476
v -3.923091 0.810829 -4.170171
v -3.898704 0.089222 -4.155548
v -3.918433 0.804608 -3.680763
v -3.894504 0.083614 -3.714476
v -3.923091 0.810829 -4.170171
v -3.898704 0.089222 -4.155548
v -3.923091 0.810829 -4.170171
v -3.898704 0.089222 -4.155548
v -3.433877 0.810981 -4.174853
v -3.457807 0.089358 -4.159768
v -3.923091 0.810829 -4.170171
v -3.898704 0.089222 -4.155548
v -3.433877 0.810981 -4.174853
v -3.457807 0.089358 -4.159768
v 0.076914 2.251841 -3.969838
v 0.084248 2.253813 -4.123724
v 0.076914 1.530534 -3.979153
v 0.084248 1.532506 -4.133039
v 0.076914 2.251841 -3.969838
v 0.084248 2.253813 -4.123724
v 0.076914 1.530534 -3.979153
v 0.084248 1.532506 -4.133039
v 0.076914 1.530534 -3.979153
v 0.084248 1.532506 -4.133039
v 0.849238 1.530077 -3.942407
v 0.856571 1.532050 -4.096293
v 0.076914 1.530534 -3.979153
v 0.084248 1.532506 -4.133039
v 0.849238 1.530077 -3.942407
v 0.856571 1.532050 -4.096293
v 0.084248 1.532506 -4.133039
v 0.084248 2.253813 -4.123724
v 0.856571 1.532050 -4.096293
v 0.856571 2.253358 -4.086977
v 0.084248 1.532506 -4.133039
v 0.084248 2.253813 -4.123724
v 0.856571 1.532050 -4.096293
v 0.856571 2.253358 -4.086977
v -2.267669 0.081862 -3.528685
v -3.039992 0.082319 -3.565431
v -2.240059 0.089285 -4.108019
v -3.012383 0.089742 -4.144765
v -2.267669 0.081862 -3.528685
v -3.039992 0.082319 -3.565431
v -2.240059 0.089285 -4.108019
v -3.012383 0.089742 -4.144765
v 0.849238 2.251386 -3.933092
v 0.856571 2.253358 -4.086977
v 0.076914 2.251841 -3.969838
v 0.084248 2.253813 -4.123724
v 0.849238 2.251386 -3.933092
v 0.856571 2.253358 -4.086977
v 0.076914 2.251841 -3.969838
v 0.084248 2.253813 -4.123724
v -1.495345 0.081407 -3.491939
v -2.267669 0.081862 -3.528685
v -1.467734 0.088829 -4.071273
v -2.240059 0.089285 -4.108019
v -1.495345 0.081407 -3.491939
v -2.267669 0.081862 -3.528685
v -1.467734 0.088829 -4.071273
v -2.240059 0.089285 -4.108019
v 1.621562 2.250930 -3.896346
v 1.628896 2.252902 -4.050232
v 0.849238 2.251386 -3.933092
v 0.856571 2.253358 -4.086977
v 1.621562 2.250930 -3.896346
v 1.628896 2.252902 -4.050232
v 0.849238 2.251386 -3.933092
v 0.856571 2.253358 -4.086977
v 0.849238 1.530077 -3.942407
v 0.856571 1.532050 -4.096293
v 1.621562 1.529622 -3.905660
v 1.628896 1.531594 -4.059546
v 0.849238 1.530077 -3.942407
v 0.856571 1.532050 -4.096293
v 1.621562 1.529622 -3.905660
v 1.628896 1.531594 -4.059546
v 0.856571 1.532050 -4.096293
v 0.856571 2.253358 -4.086977
v 1.628896 1.531594 -4.059546
v 1.628896 2.252902 -4.050232
v 0.856571 1.532050 -4.096293
v 0.856571 2.253358 -4.086977
v 1.628896 1.531594 -4.059546
v 1.628896 2.252902 -4.050232
v 1.621562 1.529622 -3.905660
v 1.628896 1.531594 -4.059546
v 1.621562 2.250930 -3.896346
v 1.628896 2.252902 -4.050232
v 1.621562 1.529622 -3.905660
v 1.628896 1.531594 -4.059546
v 1.621562 2.250930 -3.896346
v 1.628896 2.252902 -4.050232
v -0.723020 0.080950 -3.455193
v -1.495345 0.081407 -3.491939
v -0.695411 0.088374 -4.034527
v -1.467734 0.088829 -4.071273
v -0.723020 0.080950 -3.455193
v -1.495345 0.081407 -3.491939
v -0.695411 0.088374 -4.034527
v -1.467734 0.088829 -4.071273
v -0.520432 0.088270 -4.026202
v -0.723020 0.080950 -3.455193
v -0.695411 0.088374 -4.034527
v -0.695411 0.088374 -4.034527
v -0.520432 0.088270 -4.026202
v -0.723020 0.080950 -3.455193
v -0.695411 0.088374 -4.034527
v -0.695411 0.088374 -4.034527
v -0.520432 1.530886 -4.007573
v -0.520432 2.252194 -3.998259
v 0.076914 1.530534 -3.979153
v 0.076914 2.251841 -3.969838
v -0.520432 1.530886 -4.007573
v -0.520432 2.252194 -3.998259
v 0.076914 1.530534 -3.979153
v 0.076914 2.251841 -3.969838
v -0.520432 0.809578 -4.016888
v -0.520432 1.530886 -4.007573
v 0.076914 0.809226 -3.988467
v 0.076914 1.530534 -3.979153
v -0.520432 0.809578 -4.016888
v -0.520432 1.530886 -4.007573
v 0.076914 0.809226 -3.988467
v 0.076914 1.530534 -3.979153
v -0.520432 0.088270 -4.026202
v -0.520432 0.809578 -4.016888
v 0.076914 0.087918 -3.997781
v 0.076914 0.809226 -3.988467
v -0.520432 0.088270 -4.026202
v -0.520432 0.809578 -4.016888
v 0.076914 0.087918 -3.997781
v 0.076914 0.809226 -3.988467
v -0.723020 0.080950 -3.455193
v -0.520432 0.088270 -4.026202
v 0.049304 0.080494 -3.418447
v 0.076914 0.087918 -3.997781
v -0.723020 0.080950 -3.455193
v -0.520432 0.088270 -4.026202
v 0.049304 0.080494 -3.418447
v 0.076914 0.087918 -3.997781
v 0.076914 0.087918 -3.997781
v 0.076914 0.809226 -3.988467
v 0.849238 0.087461 -3.961035
v 0.849238 0.808770 -3.951722
v 0.076914 0.087918 -3.997781
v 0.076914 0.809226 -3.988467
v 0.849238 0.087461 -3.961035
v 0.849238 0.808770 -3.951722
v -0.520432 2.252194 -3.998259
v -0.520432 2.973502 -3.988944
v 0.076914 2.251841 -3.969838
v 0.076914 2.973150 -3.960524
v -0.520432 2.252194 -3.998259
v -0.520432 2.973502 -3.988944
v 0.076914 2.251841 -3.969838
v 0.076914 2.973150 -3.960524
v 0.076914 0.809226 -3.988467
v 0.076914 1.530534 -3.979153
v 0.849238 0.808770 -3.951722
v 0.849238 1.530077 -3.942407
v 0.076914 0.809226 -3.988467
v 0.076914 1.530534 -3.979153
v 0.849238 0.808770 -3.951722
v 0.849238 1.530077 -3.942407
v 0.821628 0.080040 -3.381701
v 0.049304 0.080494 -3.418447
v 0.849238 0.087461 -3.961035
v 0.076914 0.087918 -3.997781
v 0.821628 0.080040 -3.381701
v 0.049304 0.080494 -3.418447
v 0.849238 0.087461 -3.961035
v 0.076914 0.087918 -3.997781
v 0.849238 0.087461 -3.961035
v 0.849238 0.808770 -3.951722
v 1.621562 0.087006 -3.924289
v 1.621562 0.808314 -3.914976
v 0.849238 0.087461 -3.961035
v 0.849238 0.808770 -3.951722
v 1.621562 0.087006 -3.924289
v 1.621562 0.808314 -3.914976
v 0.076914 2.251841 -3.969838
v 0.076914 2.973150 -3.960524
v 0.849238 2.251386 -3.933092
v 0.849238 2.972693 -3.923778
v 0.076914 2.251841 -3.969838
v 0.076914 2.973150 -3.960524
v 0.849238 2.251386 -3.933092
v 0.849238 2.972693 -3.923778
v 1.593952 0.079582 -3.344955
v 0.821628 0.080040 -3.381701
v 1.621562 0.087006 -3.924289
v 0.849238 0.087461 -3.961035
v 1.593952 0.079582 -3.344955
v 0.821628 0.080040 -3.381701
v 1.621562 0.087006 -3.924289
v 0.849238 0.087461 -3.961035
v -1.084498 0.858783 -3.966535
v -0.857990 0.805006 -3.728699
v -1.323046 0.805201 -3.740553
v -1.323046 0.805201 -3.740553
v -1.084498 0.858783 -3.966535
v -0.857990 0.805006 -3.728699
v -1.323046 0.805201 -3.740553
v -1.323046 0.805201 -3.740553
v 0.849238 0.808770 -3.951722
v 0.849238 1.530077 -3.942407
v 1.621562 0.808314 -3.914976
v 1.621562 1.529622 -3.905660
v 0.849238 0.808770 -3.951722
v 0.849238 1.530077 -3.942407
v 1.621562 0.808314 -3.914976
v 1.621562 1.529622 -3.905660
v 0.849238 2.251386 -3.933092
v 0.849238 2.972693 -3.923778
v 1.621562 2.250930 -3.896346
v 1.621562 2.972238 -3.887032
v 0.849238 2.251386 -3.933092
v 0.849238 2.972693 -3.923778
v 1.621562 2.250930 -3.896346
v 1.621562 2.972238 -3.887032
v 1.621562 0.087006 -3.924289
v 1.621562 0.808314 -3.914976
v 2.393886 0.086550 -3.887544
v 2.393886 0.807857 -3.878229
v 1.621562 0.087006 -3.924289
v 1.621562 0.808314 -3.914976
v 2.393886 0.086550 -3.887544
v 2.393886 0.807857 -3.878229
v 1.621562 0.808314 -3.914976
v 1.621562 1.529622 -3.905660
v 2.393886 0.807857 -3.878229
v 2.393886 1.529166 -3.868915
v 1.621562 0.808314 -3.914976
v 1.621562 1.529622 -3.905660
v 2.393886 0.807857 -3.878229
v 2.393886 1.529166 -3.868915
v 2.366276 0.079127 -3.308209
v 1.593952 0.079582 -3.344955
v 2.393886 0.086550 -3.887544
v 1.621562 0.087006 -3.924289
v 2.366276 0.079127 -3.308209
v 1.593952 0.079582 -3.344955
v 2.393886 0.086550 -3.887544
v 1.621562 0.087006 -3.924289
v -3.945554 0.863692 -3.673696
v -3.703219 0.948513 -3.913644
v -3.459331 0.863804 -3.675328
v -3.459331 0.863804 -3.675328
v -3.945554 0.863692 -3.673696
v -3.703219 0.948513 -3.913644
v -3.459331 0.863804 -3.675328
v -3.459331 0.863804 -3.675328
v 1.621562 1.529622 -3.905660
v 1.621562 2.250930 -3.896346
v 2.393886 1.529166 -3.868915
v 2.393886 2.250473 -3.859600
v 1.621562 1.529622 -3.905660
v 1.621562 2.250930 -3.896346
v 2.393886 1.529166 -3.868915
v 2.393886 2.250473 -3.859600
v 1.621562 2.250930 -3.896346
v 1.621562 2.972238 -3.887032
v 2.393886 2.250473 -3.859600
v 2.393886 2.971782 -3.850286
v 1.621562 2.250930 -3.896346
v 1.621562 2.972238 -3.887032
v 2.393886 2.250473 -3.859600
v 2.393886 2.971782 -3.850286
v 3.137090 0.078671 -3.271463
v 2.349681 0.079135 -3.308927
v 3.164700 0.086094 -3.850797
v 2.377292 0.086559 -3.888261
v 3.137090 0.078671 -3.271463
v 2.349681 0.079135 -3.308927
v 3.164700 0.086094 -3.850797
v 2.377292 0.086559 -3.888261
v 2.377292 0.086559 -3.888261
v 2.377292 0.807867 -3.878947
v 3.164700 0.086094 -3.850797
v 3.164700 0.807402 -3.841483
v 2.377292 0.086559 -3.888261
v 2.377292 0.807867 -3.878947
v 3.164700 0.086094 -3.850797
v 3.164700 0.807402 -3.841483
v 2.377292 1.529175 -3.869632
v 2.377292 2.250484 -3.860318
v 3.164700 1.528710 -3.832169
v 3.164700 2.250018 -3.822854
v 2.377292 1.529175 -3.869632
v 2.377292 2.250484 -3.860318
v 3.164700 1.528710 -3.832169
v 3.164700 2.250018 -3.822854
v 2.377292 0.807867 -3.878947
v 2.377292 1.529175 -3.869632
v 3.164700 0.807402 -3.841483
v 3.164700 1.528710 -3.832169
v 2.377292 0.807867 -3.878947
v 2.377292 1.529175 -3.869632
v 3.164700 0.807402 -3.841483
v 3.164700 1.528710 -3.832169
v 1.856276 2.971587 -3.635839
v 1.866917 2.974448 -3.859124
v 1.898512 2.971562 -3.633829
v 1.909153 2.974423 -3.857113
v 1.856276 2.971587 -3.635839
v 1.866917 2.974448 -3.859124
v 1.898512 2.971562 -3.633829
v 1.909153 2.974423 -3.857113
v 1.856276 2.971587 -3.635839
v 1.838174 2.926516 -3.637282
v 1.866917 2.974448 -3.859124
v 1.848815 2.929377 -3.860566
v 1.856276 2.971587 -3.635839
v 1.838174 2.926516 -3.637282
v 1.866917 2.974448 -3.859124
v 1.848815 2.929377 -3.860566
v 1.898512 2.971562 -3.633829
v 1.909153 2.974423 -3.857113
v 1.916614 2.926470 -3.633549
v 1.927255 2.929331 -3.856835
v 1.898512 2.971562 -3.633829
v 1.909153 2.974423 -3.857113
v 1.916614 2.926470 -3.633549
v 1.927255 2.929331 -3.856835
v 1.916614 2.926470 -3.633549
v 1.927255 2.929331 -3.856835
v 1.898512 2.881399 -3.634993
v 1.909153 2.884260 -3.858278
v 1.916614 2.926470 -3.633549
v 1.927255 2.929331 -3.856835
v 1.898512 2.881399 -3.634993
v 1.909153 2.884260 -3.858278
v 1.898512 2.881399 -3.634993
v 1.909153 2.884260 -3.858278
v 1.856276 2.881424 -3.637002
v 1.866917 2.884285 -3.860288
v 1.898512 2.881399 -3.634993
v 1.909153 2.884260 -3.858278
v 1.856276 2.881424 -3.637002
v 1.866917 2.884285 -3.860288
v 4.061406 0.077621 -3.188171
v 3.137090 0.078671 -3.271463
v 3.937024 0.085638 -3.814051
v 3.164700 0.086094 -3.850797
v 4.061406 0.077621 -3.188171
v 3.137090 0.078671 -3.271463
v 3.937024 0.085638 -3.814051
v 3.164700 0.086094 -3.850797
v 3.164700 0.086094 -3.850797
v 3.164700 0.807402 -3.841483
v 3.937024 0.085638 -3.814051
v 3.937024 0.806946 -3.804737
v 3.164700 0.086094 -3.850797
v 3.164700 0.807402 -3.841483
v 3.937024 0.085638 -3.814051
v 3.937024 0.806946 -3.804737
v 2.377292 2.250484 -3.860318
v 2.377292 2.971791 -3.851004
v 3.164700 2.250018 -3.822854
v 3.164700 2.971326 -3.813540
v 2.377292 2.250484 -3.860318
v 2.377292 2.971791 -3.851004
v 3.164700 2.250018 -3.822854
v 3.164700 2.971326 -3.813540
v 3.164700 0.807402 -3.841483
v 3.164700 1.528710 -3.832169
v 3.937024 0.806946 -3.804737
v 3.937024 1.528254 -3.795423
v 3.164700 0.807402 -3.841483
v 3.164700 1.528710 -3.832169
v 3.937024 0.806946 -3.804737
v 3.937024 1.528254 -3.795423
v 3.164700 1.528710 -3.832169
v 3.164700 2.250018 -3.822854
v 3.937024 1.528254 -3.795423
v 3.937024 2.249562 -3.786108
v 3.164700 1.528710 -3.832169
v 3.164700 2.250018 -3.822854
v 3.937024 1.528254 -3.795423
v 3.937024 2.249562 -3.786108
v 4.709348 0.085182 -3.777305
v 4.672535 0.075284 -3.004859
v 3.937024 0.085638 -3.814051
v 4.061406 0.077621 -3.188171
v 4.709348 0.085182 -3.777305
v 4.672535 0.075284 -3.004859
v 3.937024 0.085638 -3.814051
v 4.061406 0.077621 -3.188171
v 3.937024 0.085638 -3.814051
v 3.937024 0.806946 -3.804737
v 4.709348 0.085182 -3.777305
v 4.709348 0.806490 -3.767991
v 3.937024 0.085638 -3.814051
v 3.937024 0.806946 -3.804737
v 4.709348 0.085182 -3.777305
v 4.709348 0.806490 -3.767991
v 3.164700 2.250018 -3.822854
v 3.164700 2.971326 -3.813540
v 3.937024 2.249562 -3.786108
v 3.937024 2.970870 -3.776794
v 3.164700 2.250018 -3.822854
v 3.164700 2.971326 -3.813540
v 3.937024 2.249562 -3.786108
v 3.937024 2.970870 -3.776794
v 3.937024 1.528254 -3.795423
v 3.937024 2.249562 -3.786108
v 4.709348 1.527798 -3.758676
v 4.709348 2.249106 -3.749362
v 3.937024 1.528254 -3.795423
v 3.937024 2.249562 -3.786108
v 4.709348 1.527798 -3.758676
v 4.709348 2.249106 -3.749362
v 3.937024 0.806946 -3.804737
v 3.937024 1.528254 -3.795423
v 4.709348 0.806490 -3.767991
v 4.709348 1.527798 -3.758676
v 3.937024 0.806946 -3.804737
v 3.937024 1.528254 -3.795423
v 4.709348 0.806490 -3.767991
v 4.709348 1.527798 -3.758676
v -0.857990 0.805006 -3.728699
v -0.881523 0.084017 -3.762792
v -1.323046 0.805201 -3.740553
v -1.298262 0.084191 -3.773414
v -0.857990 0.805006 -3.728699
v -0.881523 0.084017 -3.762792
v -1.323046 0.805201 -3.740553
v -1.298262 0.084191 -3.773414
v 4.672535 0.075284 -3.004859
v 4.709348 0.085182 -3.777305
v 4.672535 0.796592 -2.995545
v 4.709348 0.806490 -3.767991
v 4.672535 0.075284 -3.004859
v 4.709348 0.085182 -3.777305
v 4.672535 0.796592 -2.995545
v 4.709348 0.806490 -3.767991
v 4.709348 0.806490 -3.767991
v 4.709348 1.527798 -3.758676
v 4.672535 0.796592 -2.995545
v 4.672535 1.517900 -2.986231
v 4.709348 0.806490 -3.767991
v 4.709348 1.527798 -3.758676
v 4.672535 0.796592 -2.995545
v 4.672535 1.517900 -2.986231
v 3.937024 2.249562 -3.786108
v 3.937024 2.970870 -3.776794
v 4.709348 2.249106 -3.749362
v 4.709348 2.970414 -3.740048
v 3.937024 2.249562 -3.786108
v 3.937024 2.970870 -3.776794
v 4.709348 2.249106 -3.749362
v 4.709348 2.970414 -3.740048
v 4.709348 1.527798 -3.758676
v 4.709348 2.249106 -3.749362
v 4.672535 1.517900 -2.986231
v 4.672535 2.239208 -2.976917
v 4.709348 1.527798 -3.758676
v 4.709348 2.249106 -3.749362
v 4.672535 1.517900 -2.986231
v 4.672535 2.239208 -2.976917
v 4.709348 2.249106 -3.749362
v 4.709348 2.970414 -3.740048
v 4.672535 2.239208 -2.976917
v 4.672535 2.960516 -2.967602
v 4.709348 2.249106 -3.749362
v 4.709348 2.970414 -3.740048
v 4.672535 2.239208 -2.976917
v 4.672535 2.960516 -2.967602
v 4.173059 2.970351 -3.523717
v 4.183700 2.973213 -3.747002
v 4.215295 2.970326 -3.521708
v 4.225937 2.973188 -3.744993
v 4.173059 2.970351 -3.523717
v 4.183700 2.973213 -3.747002
v 4.215295 2.970326 -3.521708
v 4.225937 2.973188 -3.744993
v 4.173059 2.970351 -3.523717
v 4.154958 2.925280 -3.525160
v 4.183700 2.973213 -3.747002
v 4.165599 2.928141 -3.748445
v 4.173059 2.970351 -3.523717
v 4.154958 2.925280 -3.525160
v 4.183700 2.973213 -3.747002
v 4.165599 2.928141 -3.748445
v 4.215295 2.970326 -3.521708
v 4.225937 2.973188 -3.744993
v 4.233397 2.925234 -3.521428
v 4.244039 2.928095 -3.744713
v 4.215295 2.970326 -3.521708
v 4.225937 2.973188 -3.744993
v 4.233397 2.925234 -3.521428
v 4.244039 2.928095 -3.744713
v 4.233397 2.925234 -3.521428
v 4.244039 2.928095 -3.744713
v 4.215295 2.880163 -3.522871
v 4.225937 2.883024 -3.746157
v 4.233397 2.925234 -3.521428
v 4.244039 2.928095 -3.744713
v 4.215295 2.880163 -3.522871
v 4.225937 2.883024 -3.746157
v 4.215295 2.880163 -3.522871
v 4.225937 2.883024 -3.746157
v 4.173059 2.880188 -3.524881
v 4.183700 2.883049 -3.748166
v 4.215295 2.880163 -3.522871
v 4.225937 2.883024 -3.746157
v 4.173059 2.880188 -3.524881
v 4.183700 2.883049 -3.748166
v -3.429217 0.804759 -3.685443
v -3.453607 0.083751 -3.718695
v -3.918433 0.804608 -3.680763
v -3.894504 0.083614 -3.714476
v -3.429217 0.804759 -3.685443
v -3.453607 0.083751 -3.718695
v -3.918433 0.804608 -3.680763
v -3.894504 0.083614 -3.714476
v -3.459359 0.827213 -3.678821
v -3.429217 0.804759 -3.685443
v -3.945582 0.827101 -3.677190
v -3.918433 0.804608 -3.680763
v -3.459359 0.827213 -3.678821
v -3.429217 0.804759 -3.685443
v -3.945582 0.827101 -3.677190
v -3.918433 0.804608 -3.680763
v -3.459331 0.863804 -3.675328
v -3.459359 0.827213 -3.678821
v -3.945554 0.863692 -3.673696
v -3.945582 0.827101 -3.677190
v -3.459331 0.863804 -3.675328
v -3.459359 0.827213 -3.678821
v -3.945554 0.863692 -3.673696
v -3.945582 0.827101 -3.677190
v 1.914886 0.787441 -3.624956
v 1.898512 0.787915 -3.662026
v 1.914886 -0.040937 -3.635654
v 1.898512 -0.040462 -3.672723
v 1.914886 0.787441 -3.624956
v 1.898512 0.787915 -3.662026
v 1.914886 -0.040937 -3.635654
v 1.898512 -0.040462 -3.672723
v 1.898512 1.619110 -3.651293
v 1.914886 1.618635 -3.614223
v 1.898512 2.447487 -3.640596
v 1.914886 2.447013 -3.603526
v 1.898512 1.619110 -3.651293
v 1.914886 1.618635 -3.614223
v 1.898512 2.447487 -3.640596
v 1.914886 2.447013 -3.603526
v 1.898512 0.787915 -3.662026
v 1.914886 0.787441 -3.624956
v 1.898512 1.619110 -3.651293
v 1.914886 1.618635 -3.614223
v 1.898512 0.787915 -3.662026
v 1.914886 0.787441 -3.624956
v 1.898512 1.619110 -3.651293
v 1.914886 1.618635 -3.614223
v 1.915030 2.914774 -3.600504
v 1.916614 2.926470 -3.633549
v 1.898512 2.881399 -3.634993
v 1.898512 2.881399 -3.634993
v 1.915030 2.914774 -3.600504
v 1.916614 2.926470 -3.633549
v 1.898512 2.881399 -3.634993
v 1.898512 2.881399 -3.634993
v 1.898512 2.971562 -3.633829
v 1.916614 2.926470 -3.633549
v 1.895636 2.945431 -3.573809
v 1.915030 2.914774 -3.600504
v 1.898512 2.971562 -3.633829
v 1.916614 2.926470 -3.633549
v 1.895636 2.945431 -3.573809
v 1.915030 2.914774 -3.600504
v 1.853399 2.945457 -3.575818
v 1.856276 2.971587 -3.635839
v 1.895636 2.945431 -3.573809
v 1.898512 2.971562 -3.633829
v 1.853399 2.945457 -3.575818
v 1.856276 2.971587 -3.635839
v 1.895636 2.945431 -3.573809
v 1.898512 2.971562 -3.633829
v 1.856276 2.971587 -3.635839
v 1.853399 2.945457 -3.575818
v 1.838174 2.926516 -3.637282
v 1.836593 2.914821 -3.604236
v 1.856276 2.971587 -3.635839
v 1.853399 2.945457 -3.575818
v 1.838174 2.926516 -3.637282
v 1.836593 2.914821 -3.604236
v 1.914886 2.880924 -3.597924
v 1.915030 2.914774 -3.600504
v 1.898512 2.881399 -3.634993
v 1.898512 2.881399 -3.634993
v 1.914886 2.880924 -3.597924
v 1.915030 2.914774 -3.600504
v 1.898512 2.881399 -3.634993
v 1.898512 2.881399 -3.634993
v 1.914886 0.787441 -3.624956
v 1.895061 0.786988 -3.589609
v 1.914886 1.618635 -3.614223
v 1.895061 1.618182 -3.578876
v 1.914886 0.787441 -3.624956
v 1.895061 0.786988 -3.589609
v 1.914886 1.618635 -3.614223
v 1.895061 1.618182 -3.578876
v 1.898512 2.447487 -3.640596
v 1.914886 2.447013 -3.603526
v 1.898512 2.881399 -3.634993
v 1.914886 2.880924 -3.597924
v 1.898512 2.447487 -3.640596
v 1.914886 2.447013 -3.603526
v 1.898512 2.881399 -3.634993
v 1.914886 2.880924 -3.597924
v 1.836449 0.787487 -3.628689
v 1.852824 0.787013 -3.591619
v 1.836449 -0.040890 -3.639386
v 1.852824 -0.041365 -3.602315
v 1.836449 0.787487 -3.628689
v 1.852824 0.787013 -3.591619
v 1.836449 -0.040890 -3.639386
v 1.852824 -0.041365 -3.602315
v 1.852824 0.787013 -3.591619
v 1.836449 0.787487 -3.628689
v 1.852824 1.618207 -3.580885
v 1.836449 1.618682 -3.617956
v 1.852824 0.787013 -3.591619
v 1.836449 0.787487 -3.628689
v 1.852824 1.618207 -3.580885
v 1.836449 1.618682 -3.617956
v 1.895061 0.786988 -3.589609
v 1.914886 0.787441 -3.624956
v 1.895061 -0.041390 -3.600306
v 1.914886 -0.040937 -3.635654
v 1.895061 0.786988 -3.589609
v 1.914886 0.787441 -3.624956
v 1.895061 -0.041390 -3.600306
v 1.914886 -0.040937 -3.635654
v -3.039992 0.082319 -3.565431
v -3.039992 0.659928 -3.557972
v -3.827401 0.082782 -3.602894
v -3.827401 0.660393 -3.595436
v -3.039992 0.082319 -3.565431
v -3.039992 0.659928 -3.557972
v -3.827401 0.082782 -3.602894
v -3.827401 0.660393 -3.595436
v 1.895061 2.446559 -3.568179
v 1.914886 2.447013 -3.603526
v 1.895061 1.618182 -3.578876
v 1.914886 1.618635 -3.614223
v 1.895061 2.446559 -3.568179
v 1.914886 2.447013 -3.603526
v 1.895061 1.618182 -3.578876
v 1.914886 1.618635 -3.614223
v 1.836449 2.447059 -3.607259
v 1.852824 2.446584 -3.570189
v 1.836449 1.618682 -3.617956
v 1.852824 1.618207 -3.580885
v 1.836449 2.447059 -3.607259
v 1.852824 2.446584 -3.570189
v 1.836449 1.618682 -3.617956
v 1.852824 1.618207 -3.580885
v 1.895061 2.880471 -3.562577
v 1.895636 2.945431 -3.573809
v 1.914886 2.880924 -3.597924
v 1.915030 2.914774 -3.600504
v 1.895061 2.880471 -3.562577
v 1.895636 2.945431 -3.573809
v 1.914886 2.880924 -3.597924
v 1.915030 2.914774 -3.600504
v 1.852824 2.880497 -3.564586
v 1.836449 2.880971 -3.601655
v 1.853399 2.945457 -3.575818
v 1.836593 2.914821 -3.604236
v 1.852824 2.880497 -3.564586
v 1.836449 2.880971 -3.601655
v 1.853399 2.945457 -3.575818
v 1.836593 2.914821 -3.604236
v 1.914886 2.447013 -3.603526
v 1.895061 2.446559 -3.568179
v 1.914886 2.880924 -3.597924
v 1.895061 2.880471 -3.562577
v 1.914886 2.447013 -3.603526
v 1.895061 2.446559 -3.568179
v 1.914886 2.880924 -3.597924
v 1.895061 2.880471 -3.562577
v 1.852824 0.787013 -3.591619
v 1.895061 0.786988 -3.589609
v 1.852824 -0.041365 -3.602315
v 1.895061 -0.041390 -3.600306
v 1.852824 0.787013 -3.591619
v 1.895061 0.786988 -3.589609
v 1.852824 -0.041365 -3.602315
v 1.895061 -0.041390 -3.600306
v 1.852824 2.446584 -3.570189
v 1.836449 2.447059 -3.607259
v 1.852824 2.880497 -3.564586
v 1.836449 2.880971 -3.601655
v 1.852824 2.446584 -3.570189
v 1.836449 2.447059 -3.607259
v 1.852824 2.880497 -3.564586
v 1.836449 2.880971 -3.601655
v -3.827401 1.238002 -3.587977
v -3.039992 1.237538 -3.550513
v -3.836604 1.235527 -3.394865
v -3.049196 1.235063 -3.357402
v -3.827401 1.238002 -3.587977
v -3.039992 1.237538 -3.550513
v -3.836604 1.235527 -3.394865
v -3.049196 1.235063 -3.357402
v -3.039992 0.659928 -3.557972
v -3.039992 1.237538 -3.550513
v -3.827401 0.660393 -3.595436
v -3.827401 1.238002 -3.587977
v -3.039992 0.659928 -3.557972
v -3.039992 1.237538 -3.550513
v -3.827401 0.660393 -3.595436
v -3.827401 1.238002 -3.587977
v 1.852824 2.446584 -3.570189
v 1.895061 2.446559 -3.568179
v 1.852824 1.618207 -3.580885
v 1.895061 1.618182 -3.578876
v 1.852824 2.446584 -3.570189
v 1.895061 2.446559 -3.568179
v 1.852824 1.618207 -3.580885
v 1.895061 1.618182 -3.578876
v 1.852824 2.880497 -3.564586
v 1.853399 2.945457 -3.575818
v 1.895061 2.880471 -3.562577
v 1.895636 2.945431 -3.573809
v 1.852824 2.880497 -3.564586
v 1.853399 2.945457 -3.575818
v 1.895061 2.880471 -3.562577
v 1.895636 2.945431 -3.573809
v 1.895061 0.786988 -3.589609
v 1.852824 0.787013 -3.591619
v 1.895061 1.618182 -3.578876
v 1.852824 1.618207 -3.580885
v 1.895061 0.786988 -3.589609
v 1.852824 0.787013 -3.591619
v 1.895061 1.618182 -3.578876
v 1.852824 1.618207 -3.580885
v -3.039992 1.237538 -3.550513
v -2.267669 1.237081 -3.513768
v -3.049196 1.235063 -3.357402
v -2.276872 1.234607 -3.320655
v -3.039992 1.237538 -3.550513
v -2.267669 1.237081 -3.513768
v -3.049196 1.235063 -3.357402
v -2.276872 1.234607 -3.320655
v -2.267669 0.081862 -3.528685
v -2.267669 0.659472 -3.521226
v -3.039992 0.082319 -3.565431
v -3.039992 0.659928 -3.557972
v -2.267669 0.081862 -3.528685
v -2.267669 0.659472 -3.521226
v -3.039992 0.082319 -3.565431
v -3.039992 0.659928 -3.557972
v -2.267669 0.659472 -3.521226
v -2.267669 1.237081 -3.513768
v -3.039992 0.659928 -3.557972
v -3.039992 1.237538 -3.550513
v -2.267669 0.659472 -3.521226
v -2.267669 1.237081 -3.513768
v -3.039992 0.659928 -3.557972
v -3.039992 1.237538 -3.550513
v 1.895061 2.446559 -3.568179
v 1.852824 2.446584 -3.570189
v 1.895061 2.880471 -3.562577
v 1.852824 2.880497 -3.564586
v 1.895061 2.446559 -3.568179
v 1.852824 2.446584 -3.570189
v 1.895061 2.880471 -3.562577
v 1.852824 2.880497 -3.564586
v 4.215295 0.786680 -3.549905
v 4.231671 0.786206 -3.512836
v 4.215295 1.617874 -3.539172
v 4.231671 1.617399 -3.502102
v 4.215295 0.786680 -3.549905
v 4.231671 0.786206 -3.512836
v 4.215295 1.617874 -3.539172
v 4.231671 1.617399 -3.502102
v 4.231671 0.786206 -3.512836
v 4.215295 0.786680 -3.549905
v 4.231671 -0.042171 -3.523532
v 4.215295 -0.041698 -3.560603
v 4.231671 0.786206 -3.512836
v 4.215295 0.786680 -3.549905
v 4.231671 -0.042171 -3.523532
v 4.215295 -0.041698 -3.560603
v -1.495345 0.081407 -3.491939
v -1.495345 0.659017 -3.484480
v -2.267669 0.081862 -3.528685
v -2.267669 0.659472 -3.521226
v -1.495345 0.081407 -3.491939
v -1.495345 0.659017 -3.484480
v -2.267669 0.081862 -3.528685
v -2.267669 0.659472 -3.521226
v 4.215295 1.617874 -3.539172
v 4.231671 1.617399 -3.502102
v 4.215295 2.446251 -3.528474
v 4.231671 2.445777 -3.491405
v 4.215295 1.617874 -3.539172
v 4.231671 1.617399 -3.502102
v 4.215295 2.446251 -3.528474
v 4.231671 2.445777 -3.491405
v 4.170182 2.944220 -3.463697
v 4.173059 2.970351 -3.523717
v 4.212420 2.944196 -3.461687
v 4.215295 2.970326 -3.521708
v 4.170182 2.944220 -3.463697
v 4.173059 2.970351 -3.523717
v 4.212420 2.944196 -3.461687
v 4.215295 2.970326 -3.521708
v 4.173059 2.970351 -3.523717
v 4.170182 2.944220 -3.463697
v 4.154958 2.925280 -3.525160
v 4.153376 2.913585 -3.492114
v 4.173059 2.970351 -3.523717
v 4.170182 2.944220 -3.463697
v 4.154958 2.925280 -3.525160
v 4.153376 2.913585 -3.492114
v 4.215295 2.446251 -3.528474
v 4.231671 2.445777 -3.491405
v 4.215295 2.880163 -3.522871
v 4.231671 2.879689 -3.485802
v 4.215295 2.446251 -3.528474
v 4.231671 2.445777 -3.491405
v 4.215295 2.880163 -3.522871
v 4.231671 2.879689 -3.485802
v 4.153232 0.786252 -3.516568
v 4.169608 0.785777 -3.479498
v 4.153232 -0.042125 -3.527264
v 4.169608 -0.042600 -3.490195
v 4.153232 0.786252 -3.516568
v 4.169608 0.785777 -3.479498
v 4.153232 -0.042125 -3.527264
v 4.169608 -0.042600 -3.490195
v 4.211845 0.785752 -3.477488
v 4.231671 0.786206 -3.512836
v 4.211845 -0.042625 -3.488185
v 4.231671 -0.042171 -3.523532
v 4.211845 0.785752 -3.477488
v 4.231671 0.786206 -3.512836
v 4.211845 -0.042625 -3.488185
v 4.231671 -0.042171 -3.523532
v -5.404492 0.071312 -2.710111
v -6.176816 0.071769 -2.746858
v -5.367679 0.081212 -3.482558
v -6.140002 0.081667 -3.519304
v -5.404492 0.071312 -2.710111
v -6.176816 0.071769 -2.746858
v -5.367679 0.081212 -3.482558
v -6.140002 0.081667 -3.519304
v -2.267669 1.237081 -3.513768
v -1.495345 1.236626 -3.477022
v -2.276872 1.234607 -3.320655
v -1.504548 1.234151 -3.283910
v -2.267669 1.237081 -3.513768
v -1.495345 1.236626 -3.477022
v -2.276872 1.234607 -3.320655
v -1.504548 1.234151 -3.283910
v -1.495345 0.659017 -3.484480
v -1.495345 1.236626 -3.477022
v -2.267669 0.659472 -3.521226
v -2.267669 1.237081 -3.513768
v -1.495345 0.659017 -3.484480
v -1.495345 1.236626 -3.477022
v -2.267669 0.659472 -3.521226
v -2.267669 1.237081 -3.513768
v 4.211845 2.445323 -3.456058
v 4.231671 2.445777 -3.491405
v 4.211845 1.616946 -3.466754
v 4.231671 1.617399 -3.502102
v 4.211845 2.445323 -3.456058
v 4.231671 2.445777 -3.491405
v 4.211845 1.616946 -3.466754
v 4.231671 1.617399 -3.502102
v 4.153232 2.445823 -3.495138
v 4.169608 2.445348 -3.458067
v 4.153232 1.617446 -3.505834
v 4.169608 1.616971 -3.468765
v 4.153232 2.445823 -3.495138
v 4.169608 2.445348 -3.458067
v 4.153232 1.617446 -3.505834
v 4.169608 1.616971 -3.468765
v 4.231814 2.913538 -3.488383
v 4.233397 2.925234 -3.521428
v 4.215295 2.880163 -3.522871
v 4.215295 2.880163 -3.522871
v 4.231814 2.913538 -3.488383
v 4.233397 2.925234 -3.521428
v 4.215295 2.880163 -3.522871
v 4.215295 2.880163 -3.522871
v 4.215295 2.970326 -3.521708
v 4.233397 2.925234 -3.521428
v 4.212420 2.944196 -3.461687
v 4.231814 2.913538 -3.488383
v 4.215295 2.970326 -3.521708
v 4.233397 2.925234 -3.521428
v 4.212420 2.944196 -3.461687
v 4.231814 2.913538 -3.488383
v 4.231671 2.879689 -3.485802
v 4.231814 2.913538 -3.488383
v 4.215295 2.880163 -3.522871
v 4.215295 2.880163 -3.522871
v 4.231671 2.879689 -3.485802
v 4.231814 2.913538 -3.488383
v 4.215295 2.880163 -3.522871
v 4.215295 2.880163 -3.522871
v 4.231671 0.786206 -3.512836
v 4.211845 0.785752 -3.477488
v 4.231671 1.617399 -3.502102
v 4.211845 1.616946 -3.466754
v 4.231671 0.786206 -3.512836
v 4.211845 0.785752 -3.477488
v 4.231671 1.617399 -3.502102
v 4.211845 1.616946 -3.466754
v 4.169608 0.785777 -3.479498
v 4.153232 0.786252 -3.516568
v 4.169608 1.616971 -3.468765
v 4.153232 1.617446 -3.505834
v 4.169608 0.785777 -3.479498
v 4.153232 0.786252 -3.516568
v 4.169608 1.616971 -3.468765
v 4.153232 1.617446 -3.505834
v -4.632167 0.070858 -2.673365
v -5.404492 0.071312 -2.710111
v -4.595355 0.080755 -3.445812
v -5.367679 0.081212 -3.482558
v -4.632167 0.070858 -2.673365
v -5.404492 0.071312 -2.710111
v -4.595355 0.080755 -3.445812
v -5.367679 0.081212 -3.482558
v -1.495345 1.236626 -3.477022
v -0.723020 1.236170 -3.440276
v -1.504548 1.234151 -3.283910
v -0.732224 1.233695 -3.247164
v -1.495345 1.236626 -3.477022
v -0.723020 1.236170 -3.440276
v -1.504548 1.234151 -3.283910
v -0.732224 1.233695 -3.247164
v -0.723020 0.080950 -3.455193
v -0.723020 0.658561 -3.447734
v -1.495345 0.081407 -3.491939
v -1.495345 0.659017 -3.484480
v -0.723020 0.080950 -3.455193
v -0.723020 0.658561 -3.447734
v -1.495345 0.081407 -3.491939
v -1.495345 0.659017 -3.484480
v -0.723020 0.658561 -3.447734
v -0.723020 1.236170 -3.440276
v -1.495345 0.659017 -3.484480
v -1.495345 1.236626 -3.477022
v -0.723020 0.658561 -3.447734
v -0.723020 1.236170 -3.440276
v -1.495345 0.659017 -3.484480
v -1.495345 1.236626 -3.477022
v 4.211845 2.879236 -3.450455
v 4.212420 2.944196 -3.461687
v 4.231671 2.879689 -3.485802
v 4.231814 2.913538 -3.488383
v 4.211845 2.879236 -3.450455
v 4.212420 2.944196 -3.461687
v 4.231671 2.879689 -3.485802
v 4.231814 2.913538 -3.488383
v 4.169608 2.879260 -3.452464
v 4.153232 2.879735 -3.489534
v 4.170182 2.944220 -3.463697
v 4.153376 2.913585 -3.492114
v 4.169608 2.879260 -3.452464
v 4.153232 2.879735 -3.489534
v 4.170182 2.944220 -3.463697
v 4.153376 2.913585 -3.492114
v 4.211845 0.785752 -3.477488
v 4.169608 0.785777 -3.479498
v 4.211845 1.616946 -3.466754
v 4.169608 1.616971 -3.468765
v 4.211845 0.785752 -3.477488
v 4.169608 0.785777 -3.479498
v 4.211845 1.616946 -3.466754
v 4.169608 1.616971 -3.468765
v 4.231671 2.445777 -3.491405
v 4.211845 2.445323 -3.456058
v 4.231671 2.879689 -3.485802
v 4.211845 2.879236 -3.450455
v 4.231671 2.445777 -3.491405
v 4.211845 2.445323 -3.456058
v 4.231671 2.879689 -3.485802
v 4.211845 2.879236 -3.450455
v 4.169608 0.785777 -3.479498
v 4.211845 0.785752 -3.477488
v 4.169608 -0.042600 -3.490195
v 4.211845 -0.042625 -3.488185
v 4.169608 0.785777 -3.479498
v 4.211845 0.785752 -3.477488
v 4.169608 -0.042600 -3.490195
v 4.211845 -0.042625 -3.488185
v 4.169608 2.445348 -3.458067
v 4.153232 2.445823 -3.495138
v 4.169608 2.879260 -3.452464
v 4.153232 2.879735 -3.489534
v 4.169608 2.445348 -3.458067
v 4.153232 2.445823 -3.495138
v 4.169608 2.879260 -3.452464
v 4.153232 2.879735 -3.489534
v 0.049304 0.080494 -3.418447
v 0.049304 0.658104 -3.410988
v -0.723020 0.080950 -3.455193
v -0.723020 0.658561 -3.447734
v 0.049304 0.080494 -3.418447
v 0.049304 0.658104 -3.410988
v -0.723020 0.080950 -3.455193
v -0.723020 0.658561 -3.447734
v 4.169608 2.445348 -3.458067
v 4.211845 2.445323 -3.456058
v 4.169608 1.616971 -3.468765
v 4.211845 1.616946 -3.466754
v 4.169608 2.445348 -3.458067
v 4.211845 2.445323 -3.456058
v 4.169608 1.616971 -3.468765
v 4.211845 1.616946 -3.466754
v 4.169608 2.879260 -3.452464
v 4.170182 2.944220 -3.463697
v 4.211845 2.879236 -3.450455
v 4.212420 2.944196 -3.461687
v 4.169608 2.879260 -3.452464
v 4.170182 2.944220 -3.463697
v 4.211845 2.879236 -3.450455
v 4.212420 2.944196 -3.461687
v 4.211845 2.445323 -3.456058
v 4.169608 2.445348 -3.458067
v 4.211845 2.879236 -3.450455
v 4.169608 2.879260 -3.452464
v 4.211845 2.445323 -3.456058
v 4.169608 2.445348 -3.458067
v 4.211845 2.879236 -3.450455
v 4.169608 2.879260 -3.452464
v -3.859843 0.070401 -2.636620
v -4.632167 0.070858 -2.673365
v -3.823031 0.080300 -3.409066
v -4.595355 0.080755 -3.445812
v -3.859843 0.070401 -2.636620
v -4.632167 0.070858 -2.673365
v -3.823031 0.080300 -3.409066
v -4.595355 0.080755 -3.445812
v -0.723020 1.236170 -3.440276
v 0.049304 1.235714 -3.403530
v -0.732224 1.233695 -3.247164
v 0.040100 1.233239 -3.210418
v -0.723020 1.236170 -3.440276
v 0.049304 1.235714 -3.403530
v -0.732224 1.233695 -3.247164
v 0.040100 1.233239 -3.210418
v 0.049304 0.658104 -3.410988
v 0.049304 1.235714 -3.403530
v -0.723020 0.658561 -3.447734
v -0.723020 1.236170 -3.440276
v 0.049304 0.658104 -3.410988
v 0.049304 1.235714 -3.403530
v -0.723020 0.658561 -3.447734
v -0.723020 1.236170 -3.440276
v 0.049304 1.235714 -3.403530
v 0.821628 1.235258 -3.366783
v 0.040100 1.233239 -3.210418
v 0.812425 1.232784 -3.173672
v 0.049304 1.235714 -3.403530
v 0.821628 1.235258 -3.366783
v 0.040100 1.233239 -3.210418
v 0.812425 1.232784 -3.173672
v 0.821628 0.080040 -3.381701
v 0.821628 0.657649 -3.374242
v 0.049304 0.080494 -3.418447
v 0.049304 0.658104 -3.410988
v 0.821628 0.080040 -3.381701
v 0.821628 0.657649 -3.374242
v 0.049304 0.080494 -3.418447
v 0.049304 0.658104 -3.410988
v -3.086009 0.069946 -2.599874
v -3.873418 0.070410 -2.637338
v -3.049196 0.079844 -3.372320
v -3.836604 0.080308 -3.409784
v -3.086009 0.069946 -2.599874
v -3.873418 0.070410 -2.637338
v -3.049196 0.079844 -3.372320
v -3.836604 0.080308 -3.409784
v -3.836604 0.080308 -3.409784
v -3.836604 0.657918 -3.402324
v -3.049196 0.079844 -3.372320
v -3.049196 0.657454 -3.364860
v -3.836604 0.080308 -3.409784
v -3.836604 0.657918 -3.402324
v -3.049196 0.079844 -3.372320
v -3.049196 0.657454 -3.364860
v 0.821628 0.657649 -3.374242
v 0.821628 1.235258 -3.366783
v 0.049304 0.658104 -3.410988
v 0.049304 1.235714 -3.403530
v 0.821628 0.657649 -3.374242
v 0.821628 1.235258 -3.366783
v 0.049304 0.658104 -3.410988
v 0.049304 1.235714 -3.403530
v -3.836604 0.657918 -3.402324
v -3.836604 1.235527 -3.394865
v -3.049196 0.657454 -3.364860
v -3.049196 1.235063 -3.357402
v -3.836604 0.657918 -3.402324
v -3.836604 1.235527 -3.394865
v -3.049196 0.657454 -3.364860
v -3.049196 1.235063 -3.357402
v 1.593952 0.079582 -3.344955
v 1.593952 0.657192 -3.337496
v 0.821628 0.080040 -3.381701
v 0.821628 0.657649 -3.374242
v 1.593952 0.079582 -3.344955
v 1.593952 0.657192 -3.337496
v 0.821628 0.080040 -3.381701
v 0.821628 0.657649 -3.374242
v -3.086009 0.069946 -2.599874
v -3.086009 0.647556 -2.592415
v -3.049915 0.079650 -3.357233
v -3.049915 0.657259 -3.349774
v -3.086009 0.069946 -2.599874
v -3.086009 0.647556 -2.592415
v -3.049915 0.079650 -3.357233
v -3.049915 0.657259 -3.349774
v 0.821628 1.235258 -3.366783
v 1.593952 1.234802 -3.330037
v 0.812425 1.232784 -3.173672
v 1.584748 1.232327 -3.136926
v 0.821628 1.235258 -3.366783
v 1.593952 1.234802 -3.330037
v 0.812425 1.232784 -3.173672
v 1.584748 1.232327 -3.136926
v -2.313685 0.069489 -2.563128
v -3.086009 0.069946 -2.599874
v -2.276872 0.079387 -3.335574
v -3.049196 0.079844 -3.372320
v -2.313685 0.069489 -2.563128
v -3.086009 0.069946 -2.599874
v -2.276872 0.079387 -3.335574
v -3.049196 0.079844 -3.372320
v -3.049196 0.079844 -3.372320
v -3.049196 0.657454 -3.364860
v -2.276872 0.079387 -3.335574
v -2.276872 0.656997 -3.328115
v -3.049196 0.079844 -3.372320
v -3.049196 0.657454 -3.364860
v -2.276872 0.079387 -3.335574
v -2.276872 0.656997 -3.328115
v -3.049196 0.657454 -3.364860
v -3.049196 1.235063 -3.357402
v -2.276872 0.656997 -3.328115
v -2.276872 1.234607 -3.320655
v -3.049196 0.657454 -3.364860
v -3.049196 1.235063 -3.357402
v -2.276872 0.656997 -3.328115
v -2.276872 1.234607 -3.320655
v 1.593952 0.657192 -3.337496
v 1.593952 1.234802 -3.330037
v 0.821628 0.657649 -3.374242
v 0.821628 1.235258 -3.366783
v 1.593952 0.657192 -3.337496
v 1.593952 1.234802 -3.330037
v 0.821628 0.657649 -3.374242
v 0.821628 1.235258 -3.366783
v -3.086009 0.647556 -2.592415
v -3.086009 1.078650 -2.586848
v -3.049915 0.657259 -3.349774
v -3.049915 1.088354 -3.344207
v -3.086009 0.647556 -2.592415
v -3.086009 1.078650 -2.586848
v -3.049915 0.657259 -3.349774
v -3.049915 1.088354 -3.344207
v -2.276872 0.079387 -3.335574
v -2.276872 0.656997 -3.328115
v -1.504548 0.078932 -3.298828
v -1.504548 0.656542 -3.291369
v -2.276872 0.079387 -3.335574
v -2.276872 0.656997 -3.328115
v -1.504548 0.078932 -3.298828
v -1.504548 0.656542 -3.291369
v -1.541361 0.069034 -2.526381
v -2.313685 0.069489 -2.563128
v -1.504548 0.078932 -3.298828
v -2.276872 0.079387 -3.335574
v -1.541361 0.069034 -2.526381
v -2.313685 0.069489 -2.563128
v -1.504548 0.078932 -3.298828
v -2.276872 0.079387 -3.335574
v 2.366276 0.079127 -3.308209
v 2.366276 0.656737 -3.300750
v 1.593952 0.079582 -3.344955
v 1.593952 0.657192 -3.337496
v 2.366276 0.079127 -3.308209
v 2.366276 0.656737 -3.300750
v 1.593952 0.079582 -3.344955
v 1.593952 0.657192 -3.337496
v 2.366276 0.656737 -3.300750
v 2.366276 1.234346 -3.293291
v 1.593952 0.657192 -3.337496
v 1.593952 1.234802 -3.330037
v 2.366276 0.656737 -3.300750
v 2.366276 1.234346 -3.293291
v 1.593952 0.657192 -3.337496
v 1.593952 1.234802 -3.330037
v 1.593952 1.234802 -3.330037
v 2.366276 1.234346 -3.293291
v 1.584748 1.232327 -3.136926
v 2.357073 1.231871 -3.100180
v 1.593952 1.234802 -3.330037
v 2.366276 1.234346 -3.293291
v 1.584748 1.232327 -3.136926
v 2.357073 1.231871 -3.100180
v -2.276872 0.656997 -3.328115
v -2.276872 1.234607 -3.320655
v -1.504548 0.656542 -3.291369
v -1.504548 1.234151 -3.283910
v -2.276872 0.656997 -3.328115
v -2.276872 1.234607 -3.320655
v -1.504548 0.656542 -3.291369
v -1.504548 1.234151 -3.283910
v -1.504548 0.078932 -3.298828
v -1.504548 0.656542 -3.291369
v -0.732224 0.078475 -3.262081
v -0.732224 0.656085 -3.254623
v -1.504548 0.078932 -3.298828
v -1.504548 0.656542 -3.291369
v -0.732224 0.078475 -3.262081
v -0.732224 0.656085 -3.254623
v -0.769037 0.068578 -2.489636
v -1.541361 0.069034 -2.526381
v -0.732224 0.078475 -3.262081
v -1.504548 0.078932 -3.298828
v -0.769037 0.068578 -2.489636
v -1.541361 0.069034 -2.526381
v -0.732224 0.078475 -3.262081
v -1.504548 0.078932 -3.298828
v -1.504548 0.656542 -3.291369
v -1.504548 1.234151 -3.283910
v -0.732224 0.656085 -3.254623
v -0.732224 1.233695 -3.247164
v -1.504548 0.656542 -3.291369
v -1.504548 1.234151 -3.283910
v -0.732224 0.656085 -3.254623
v -0.732224 1.233695 -3.247164
v 3.137090 0.656281 -3.264004
v 3.137090 1.233890 -3.256545
v 2.349681 0.656745 -3.301468
v 2.349681 1.234355 -3.294009
v 3.137090 0.656281 -3.264004
v 3.137090 1.233890 -3.256545
v 2.349681 0.656745 -3.301468
v 2.349681 1.234355 -3.294009
v 2.349681 1.234355 -3.294009
v 3.137090 1.233890 -3.256545
v 2.340478 1.231880 -3.100898
v 3.127887 1.231416 -3.063434
v 2.349681 1.234355 -3.294009
v 3.137090 1.233890 -3.256545
v 2.340478 1.231880 -3.100898
v 3.127887 1.231416 -3.063434
v -0.732224 0.078475 -3.262081
v -0.732224 0.656085 -3.254623
v 0.040100 0.078020 -3.225335
v 0.040100 0.655631 -3.217877
v -0.732224 0.078475 -3.262081
v -0.732224 0.656085 -3.254623
v 0.040100 0.078020 -3.225335
v 0.040100 0.655631 -3.217877
v 0.003287 0.068121 -2.452890
v -0.769037 0.068578 -2.489636
v 0.040100 0.078020 -3.225335
v -0.732224 0.078475 -3.262081
v 0.003287 0.068121 -2.452890
v -0.769037 0.068578 -2.489636
v 0.040100 0.078020 -3.225335
v -0.732224 0.078475 -3.262081
v 3.137090 0.656281 -3.264004
v 4.102494 0.655710 -3.218071
v 3.137090 1.233890 -3.256545
v 4.102494 1.233320 -3.210614
v 3.137090 0.656281 -3.264004
v 4.102494 0.655710 -3.218071
v 3.137090 1.233890 -3.256545
v 4.102494 1.233320 -3.210614
v 4.411803 0.782661 -3.265986
v 4.374738 0.782450 -3.249604
v 4.411803 -0.045716 -3.276682
v 4.374738 -0.045925 -3.260301
v 4.411803 0.782661 -3.265986
v 4.374738 0.782450 -3.249604
v 4.411803 -0.045716 -3.276682
v 4.374738 -0.045925 -3.260301
v 4.374738 0.782450 -3.249604
v 4.372724 0.781909 -3.207361
v 4.374738 -0.045925 -3.260301
v 4.372724 -0.046468 -3.218058
v 4.374738 0.782450 -3.249604
v 4.372724 0.781909 -3.207361
v 4.374738 -0.045925 -3.260301
v 4.372724 -0.046468 -3.218058
v 4.374738 0.782450 -3.249604
v 4.411803 0.782661 -3.265986
v 4.374738 1.613646 -3.238871
v 4.411803 1.613856 -3.255252
v 4.374738 0.782450 -3.249604
v 4.411803 0.782661 -3.265986
v 4.374738 1.613646 -3.238871
v 4.411803 1.613856 -3.255252
v -0.732224 0.656085 -3.254623
v -0.732224 1.233695 -3.247164
v 0.040100 0.655631 -3.217877
v 0.040100 1.233239 -3.210418
v -0.732224 0.656085 -3.254623
v -0.732224 1.233695 -3.247164
v 0.040100 0.655631 -3.217877
v 0.040100 1.233239 -3.210418
v 4.102494 1.233320 -3.210614
v 3.900210 1.230960 -3.026687
v 3.137090 1.233890 -3.256545
v 3.127887 1.231416 -3.063434
v 4.102494 1.233320 -3.210614
v 3.900210 1.230960 -3.026687
v 3.137090 1.233890 -3.256545
v 3.127887 1.231416 -3.063434
v 4.374738 2.442022 -3.228174
v 4.372724 2.441482 -3.185931
v 4.374738 1.613646 -3.238871
v 4.372724 1.613104 -3.196628
v 4.374738 2.442022 -3.228174
v 4.372724 2.441482 -3.185931
v 4.374738 1.613646 -3.238871
v 4.372724 1.613104 -3.196628
v 4.411803 2.442233 -3.244556
v 4.374738 2.442022 -3.228174
v 4.411803 1.613856 -3.255252
v 4.374738 1.613646 -3.238871
v 4.411803 2.442233 -3.244556
v 4.374738 2.442022 -3.228174
v 4.411803 1.613856 -3.255252
v 4.374738 1.613646 -3.238871
v 4.447143 2.966055 -3.217961
v 4.448005 2.921206 -3.236647
v 4.670393 2.965923 -3.207339
v 4.671255 2.921074 -3.226026
v 4.447143 2.966055 -3.217961
v 4.448005 2.921206 -3.236647
v 4.670393 2.965923 -3.207339
v 4.671255 2.921074 -3.226026
v 4.447143 2.966055 -3.217961
v 4.386805 2.940732 -3.221159
v 4.448005 2.921206 -3.236647
v 4.414819 2.909956 -3.238372
v 4.447143 2.966055 -3.217961
v 4.386805 2.940732 -3.221159
v 4.448005 2.921206 -3.236647
v 4.414819 2.909956 -3.238372
v 4.374738 2.875934 -3.222570
v 4.411803 2.876145 -3.238952
v 4.386805 2.940732 -3.221159
v 4.414819 2.909956 -3.238372
v 4.374738 2.875934 -3.222570
v 4.411803 2.876145 -3.238952
v 4.386805 2.940732 -3.221159
v 4.414819 2.909956 -3.238372
v 4.372724 0.781909 -3.207361
v 4.374738 0.782450 -3.249604
v 4.372724 1.613104 -3.196628
v 4.374738 1.613646 -3.238871
v 4.372724 0.781909 -3.207361
v 4.374738 0.782450 -3.249604
v 4.372724 1.613104 -3.196628
v 4.374738 1.613646 -3.238871
v 4.374738 2.442022 -3.228174
v 4.411803 2.442233 -3.244556
v 4.374738 2.875934 -3.222570
v 4.411803 2.876145 -3.238952
v 4.374738 2.442022 -3.228174
v 4.411803 2.442233 -3.244556
v 4.374738 2.875934 -3.222570
v 4.411803 2.876145 -3.238952
v -3.048343 1.038440 -3.187492
v -3.047192 0.689364 -3.216143
v -3.073651 1.000641 -2.656835
v -3.072501 0.651567 -2.685486
v -3.048343 1.038440 -3.187492
v -3.047192 0.689364 -3.216143
v -3.073651 1.000641 -2.656835
v -3.072501 0.651567 -2.685486
v 0.040100 0.078020 -3.225335
v 0.040100 0.655631 -3.217877
v 0.812425 0.077564 -3.188589
v 0.812425 0.655174 -3.181131
v 0.040100 0.078020 -3.225335
v 0.040100 0.655631 -3.217877
v 0.812425 0.077564 -3.188589
v 0.812425 0.655174 -3.181131
v 0.040100 0.078020 -3.225335
v 0.812425 0.077564 -3.188589
v 0.003287 0.068121 -2.452890
v 0.775611 0.067666 -2.416144
v 0.040100 0.078020 -3.225335
v 0.812425 0.077564 -3.188589
v 0.003287 0.068121 -2.452890
v 0.775611 0.067666 -2.416144
v 0.040100 0.655631 -3.217877
v 0.040100 1.233239 -3.210418
v 0.812425 0.655174 -3.181131
v 0.812425 1.232784 -3.173672
v 0.040100 0.655631 -3.217877
v 0.040100 1.233239 -3.210418
v 0.812425 0.655174 -3.181131
v 0.812425 1.232784 -3.173672
v 4.058348 1.221451 -2.284282
v 3.865267 1.221565 -2.293468
v 4.102494 1.233320 -3.210614
v 3.900210 1.230960 -3.026687
v 4.058348 1.221451 -2.284282
v 3.865267 1.221565 -2.293468
v 4.102494 1.233320 -3.210614
v 3.900210 1.230960 -3.026687
v 4.058348 0.643841 -2.291740
v 4.058348 1.221451 -2.284282
v 4.102494 0.655710 -3.218071
v 4.102494 1.233320 -3.210614
v 4.058348 0.643841 -2.291740
v 4.058348 1.221451 -2.284282
v 4.102494 0.655710 -3.218071
v 4.102494 1.233320 -3.210614
v 4.447143 2.966055 -3.217961
v 4.670393 2.965923 -3.207339
v 4.445129 2.965514 -3.175718
v 4.668380 2.965382 -3.165096
v 4.447143 2.966055 -3.217961
v 4.670393 2.965923 -3.207339
v 4.445129 2.965514 -3.175718
v 4.668380 2.965382 -3.165096
v 4.386805 2.940732 -3.221159
v 4.447143 2.966055 -3.217961
v 4.384791 2.940192 -3.178916
v 4.445129 2.965514 -3.175718
v 4.386805 2.940732 -3.221159
v 4.447143 2.966055 -3.217961
v 4.384791 2.940192 -3.178916
v 4.445129 2.965514 -3.175718
v 4.374738 2.875934 -3.222570
v 4.386805 2.940732 -3.221159
v 4.372724 2.875393 -3.180327
v 4.384791 2.940192 -3.178916
v 4.374738 2.875934 -3.222570
v 4.386805 2.940732 -3.221159
v 4.372724 2.875393 -3.180327
v 4.384791 2.940192 -3.178916
v 4.408064 0.781657 -3.187534
v 4.445129 0.781867 -3.203916
v 4.408064 -0.046721 -3.198231
v 4.445129 -0.046510 -3.214612
v 4.408064 0.781657 -3.187534
v 4.445129 0.781867 -3.203916
v 4.408064 -0.046721 -3.198231
v 4.445129 -0.046510 -3.214612
v 4.445129 2.875350 -3.176882
v 4.668380 2.875219 -3.166260
v 4.447143 2.875892 -3.219125
v 4.670393 2.875760 -3.208503
v 4.445129 2.875350 -3.176882
v 4.668380 2.875219 -3.166260
v 4.447143 2.875892 -3.219125
v 4.670393 2.875760 -3.208503
v 4.372724 2.441482 -3.185931
v 4.374738 2.442022 -3.228174
v 4.372724 2.875393 -3.180327
v 4.374738 2.875934 -3.222570
v 4.372724 2.441482 -3.185931
v 4.374738 2.442022 -3.228174
v 4.372724 2.875393 -3.180327
v 4.374738 2.875934 -3.222570
v 4.372724 0.781909 -3.207361
v 4.408064 0.781657 -3.187534
v 4.372724 -0.046468 -3.218058
v 4.408064 -0.046721 -3.198231
v 4.372724 0.781909 -3.207361
v 4.408064 0.781657 -3.187534
v 4.372724 -0.046468 -3.218058
v 4.408064 -0.046721 -3.198231
v 1.547935 0.067209 -2.379397
v 0.775611 0.067666 -2.416144
v 1.584748 0.077109 -3.151843
v 0.812425 0.077564 -3.188589
v 1.547935 0.067209 -2.379397
v 0.775611 0.067666 -2.416144
v 1.584748 0.077109 -3.151843
v 0.812425 0.077564 -3.188589
v 0.812425 0.077564 -3.188589
v 0.812425 0.655174 -3.181131
v 1.584748 0.077109 -3.151843
v 1.584748 0.654717 -3.144385
v 0.812425 0.077564 -3.188589
v 0.812425 0.655174 -3.181131
v 1.584748 0.077109 -3.151843
v 1.584748 0.654717 -3.144385
v 4.061406 0.077621 -3.188171
v 4.672535 0.075284 -3.004859
v 4.058348 0.066231 -2.299199
v 4.639461 0.066391 -2.310865
v 4.061406 0.077621 -3.188171
v 4.672535 0.075284 -3.004859
v 4.058348 0.066231 -2.299199
v 4.639461 0.066391 -2.310865
v 4.372724 2.441482 -3.185931
v 4.408064 2.441228 -3.166104
v 4.372724 1.613104 -3.196628
v 4.408064 1.612851 -3.176801
v 4.372724 2.441482 -3.185931
v 4.408064 2.441228 -3.166104
v 4.372724 1.613104 -3.196628
v 4.408064 1.612851 -3.176801
v 4.445129 1.613062 -3.193182
v 4.408064 1.612851 -3.176801
v 4.445129 2.441438 -3.182486
v 4.408064 2.441228 -3.166104
v 4.445129 1.613062 -3.193182
v 4.408064 1.612851 -3.176801
v 4.445129 2.441438 -3.182486
v 4.408064 2.441228 -3.166104
v 4.445129 0.781867 -3.203916
v 4.408064 0.781657 -3.187534
v 4.445129 1.613062 -3.193182
v 4.408064 1.612851 -3.176801
v 4.445129 0.781867 -3.203916
v 4.408064 0.781657 -3.187534
v 4.445129 1.613062 -3.193182
v 4.408064 1.612851 -3.176801
v 4.408064 0.781657 -3.187534
v 4.372724 0.781909 -3.207361
v 4.408064 1.612851 -3.176801
v 4.372724 1.613104 -3.196628
v 4.408064 0.781657 -3.187534
v 4.372724 0.781909 -3.207361
v 4.408064 1.612851 -3.176801
v 4.372724 1.613104 -3.196628
v 4.408064 2.441228 -3.166104
v 4.372724 2.441482 -3.185931
v 4.408064 2.875140 -3.160501
v 4.372724 2.875393 -3.180327
v 4.408064 2.441228 -3.166104
v 4.372724 2.441482 -3.185931
v 4.408064 2.875140 -3.160501
v 4.372724 2.875393 -3.180327
v 0.812425 0.655174 -3.181131
v 0.812425 1.232784 -3.173672
v 1.584748 0.654717 -3.144385
v 1.584748 1.232327 -3.136926
v 0.812425 0.655174 -3.181131
v 0.812425 1.232784 -3.173672
v 1.584748 0.654717 -3.144385
v 1.584748 1.232327 -3.136926
v 4.411080 2.908949 -3.159920
v 4.444266 2.920200 -3.158197
v 4.445129 2.875350 -3.176882
v 4.445129 2.875350 -3.176882
v 4.411080 2.908949 -3.159920
v 4.444266 2.920200 -3.158197
v 4.445129 2.875350 -3.176882
v 4.445129 2.875350 -3.176882
v 4.445129 2.965514 -3.175718
v 4.444266 2.920200 -3.158197
v 4.384791 2.940192 -3.178916
v 4.411080 2.908949 -3.159920
v 4.445129 2.965514 -3.175718
v 4.444266 2.920200 -3.158197
v 4.384791 2.940192 -3.178916
v 4.411080 2.908949 -3.159920
v 4.408064 2.875140 -3.160501
v 4.411080 2.908949 -3.159920
v 4.445129 2.875350 -3.176882
v 4.445129 2.875350 -3.176882
v 4.408064 2.875140 -3.160501
v 4.411080 2.908949 -3.159920
v 4.445129 2.875350 -3.176882
v 4.445129 2.875350 -3.176882
v 4.372724 2.875393 -3.180327
v 4.384791 2.940192 -3.178916
v 4.408064 2.875140 -3.160501
v 4.411080 2.908949 -3.159920
v 4.372724 2.875393 -3.180327
v 4.384791 2.940192 -3.178916
v 4.408064 2.875140 -3.160501
v 4.411080 2.908949 -3.159920
v 4.445129 2.965514 -3.175718
v 4.668380 2.965382 -3.165096
v 4.444266 2.920200 -3.158197
v 4.667516 2.920069 -3.147574
v 4.445129 2.965514 -3.175718
v 4.668380 2.965382 -3.165096
v 4.444266 2.920200 -3.158197
v 4.667516 2.920069 -3.147574
v 4.444266 2.920200 -3.158197
v 4.667516 2.920069 -3.147574
v 4.445129 2.875350 -3.176882
v 4.668380 2.875219 -3.166260
v 4.444266 2.920200 -3.158197
v 4.667516 2.920069 -3.147574
v 4.445129 2.875350 -3.176882
v 4.668380 2.875219 -3.166260
v 4.445129 2.441438 -3.182486
v 4.408064 2.441228 -3.166104
v 4.445129 2.875350 -3.176882
v 4.408064 2.875140 -3.160501
v 4.445129 2.441438 -3.182486
v 4.408064 2.441228 -3.166104
v 4.445129 2.875350 -3.176882
v 4.408064 2.875140 -3.160501
v 1.584748 0.077109 -3.151843
v 1.584748 0.654717 -3.144385
v 2.357073 0.076652 -3.115097
v 2.357073 0.654263 -3.107639
v 1.584748 0.077109 -3.151843
v 1.584748 0.654717 -3.144385
v 2.357073 0.076652 -3.115097
v 2.357073 0.654263 -3.107639
v 1.584748 0.654717 -3.144385
v 1.584748 1.232327 -3.136926
v 2.357073 0.654263 -3.107639
v 2.357073 1.231871 -3.100180
v 1.584748 0.654717 -3.144385
v 1.584748 1.232327 -3.136926
v 2.357073 0.654263 -3.107639
v 2.357073 1.231871 -3.100180
v 2.320259 0.066754 -2.342652
v 1.547935 0.067209 -2.379397
v 2.357073 0.076652 -3.115097
v 1.584748 0.077109 -3.151843
v 2.320259 0.066754 -2.342652
v 1.547935 0.067209 -2.379397
v 2.357073 0.076652 -3.115097
v 1.584748 0.077109 -3.151843
v 2.340478 0.076662 -3.115816
v 2.340478 0.654272 -3.108356
v 3.127887 0.076196 -3.078351
v 3.127887 0.653806 -3.070892
v 2.340478 0.076662 -3.115816
v 2.340478 0.654272 -3.108356
v 3.127887 0.076196 -3.078351
v 3.127887 0.653806 -3.070892
v 3.091073 0.066298 -2.305906
v 2.303664 0.066762 -2.343369
v 3.127887 0.076196 -3.078351
v 2.340478 0.076662 -3.115816
v 3.091073 0.066298 -2.305906
v 2.303664 0.066762 -2.343369
v 3.127887 0.076196 -3.078351
v 2.340478 0.076662 -3.115816
v 2.340478 0.654272 -3.108356
v 2.340478 1.231880 -3.100898
v 3.127887 0.653806 -3.070892
v 3.127887 1.231416 -3.063434
v 2.340478 0.654272 -3.108356
v 2.340478 1.231880 -3.100898
v 3.127887 0.653806 -3.070892
v 3.127887 1.231416 -3.063434
v 3.127887 0.076196 -3.078351
v 3.127887 0.653806 -3.070892
v 3.900210 0.075741 -3.041605
v 3.900210 0.653349 -3.034147
v 3.127887 0.076196 -3.078351
v 3.127887 0.653806 -3.070892
v 3.900210 0.075741 -3.041605
v 3.900210 0.653349 -3.034147
v 3.127887 0.653806 -3.070892
v 3.127887 1.231416 -3.063434
v 3.900210 0.653349 -3.034147
v 3.900210 1.230960 -3.026687
v 3.127887 0.653806 -3.070892
v 3.127887 1.231416 -3.063434
v 3.900210 0.653349 -3.034147
v 3.900210 1.230960 -3.026687
v 3.127887 0.076196 -3.078351
v 3.900210 0.075741 -3.041605
v 3.091073 0.066298 -2.305906
v 3.865267 0.066344 -2.308385
v 3.127887 0.076196 -3.078351
v 3.900210 0.075741 -3.041605
v 3.091073 0.066298 -2.305906
v 3.865267 0.066344 -2.308385
v 3.865267 0.643955 -2.300927
v 3.865267 0.066344 -2.308385
v 3.900210 0.653349 -3.034147
v 3.900210 0.075741 -3.041605
v 3.865267 0.643955 -2.300927
v 3.865267 0.066344 -2.308385
v 3.900210 0.653349 -3.034147
v 3.900210 0.075741 -3.041605
v 3.865267 1.221565 -2.293468
v 3.865267 0.643955 -2.300927
v 3.900210 1.230960 -3.026687
v 3.900210 0.653349 -3.034147
v 3.865267 1.221565 -2.293468
v 3.865267 0.643955 -2.300927
v 3.900210 1.230960 -3.026687
v 3.900210 0.653349 -3.034147
v 4.672535 0.075284 -3.004859
v 4.672535 0.796592 -2.995545
v 4.639461 0.066391 -2.310865
v 4.639461 0.787699 -2.301551
v 4.672535 0.075284 -3.004859
v 4.672535 0.796592 -2.995545
v 4.639461 0.066391 -2.310865
v 4.639461 0.787699 -2.301551
v 4.672535 0.796592 -2.995545
v 4.672535 1.517900 -2.986231
v 4.639461 0.787699 -2.301551
v 4.639461 1.509007 -2.292237
v 4.672535 0.796592 -2.995545
v 4.672535 1.517900 -2.986231
v 4.639461 0.787699 -2.301551
v 4.639461 1.509007 -2.292237
v 4.672535 1.517900 -2.986231
v 4.672535 2.239208 -2.976917
v 4.639461 1.509007 -2.292237
v 4.639461 2.230315 -2.282923
v 4.672535 1.517900 -2.986231
v 4.672535 2.239208 -2.976917
v 4.639461 1.509007 -2.292237
v 4.639461 2.230315 -2.282923
v 4.672535 2.239208 -2.976917
v 4.672535 2.960516 -2.967602
v 4.639461 2.230315 -2.282923
v 4.639461 2.951622 -2.273608
v 4.672535 2.239208 -2.976917
v 4.672535 2.960516 -2.967602
v 4.639461 2.230315 -2.282923
v 4.639461 2.951622 -2.273608
v 3.497719 0.843801 -2.666489
v 3.354114 0.796844 -2.963117
v 3.793730 0.794872 -2.810769
v 3.793730 0.794872 -2.810769
v 3.497719 0.843801 -2.666489
v 3.354114 0.796844 -2.963117
v 3.793730 0.794872 -2.810769
v 3.793730 0.794872 -2.810769
v 3.354114 0.796844 -2.963117
v 3.497719 0.843801 -2.666489
v 3.201707 0.791297 -2.523518
v 3.201707 0.791297 -2.523518
v 3.354114 0.796844 -2.963117
v 3.497719 0.843801 -2.666489
v 3.201707 0.791297 -2.523518
v 3.201707 0.791297 -2.523518
v 3.201707 0.791297 -2.523518
v 3.232461 0.070174 -2.547754
v 3.354114 0.796844 -2.963117
v 3.369033 0.075145 -2.941681
v 3.201707 0.791297 -2.523518
v 3.232461 0.070174 -2.547754
v 3.354114 0.796844 -2.963117
v 3.369033 0.075145 -2.941681
v 3.354114 0.796844 -2.963117
v 3.369033 0.075145 -2.941681
v 3.793730 0.794872 -2.810769
v 3.762976 0.073378 -2.805162
v 3.354114 0.796844 -2.963117
v 3.369033 0.075145 -2.941681
v 3.793730 0.794872 -2.810769
v 3.762976 0.073378 -2.805162
v 3.641324 0.789325 -2.371170
v 3.497719 0.843801 -2.666489
v 3.793730 0.794872 -2.810769
v 3.793730 0.794872 -2.810769
v 3.641324 0.789325 -2.371170
v 3.497719 0.843801 -2.666489
v 3.793730 0.794872 -2.810769
v 3.793730 0.794872 -2.810769
v 3.793730 0.794872 -2.810769
v 3.762976 0.073378 -2.805162
v 3.641324 0.789325 -2.371170
v 3.626404 0.068408 -2.411234
v 3.793730 0.794872 -2.810769
v 3.762976 0.073378 -2.805162
v 3.641324 0.789325 -2.371170
v 3.626404 0.068408 -2.411234
v -4.669700 0.060766 -1.885833
v -5.442023 0.061222 -1.922579
v -4.632167 0.070858 -2.673365
v -5.404492 0.071312 -2.710111
v -4.669700 0.060766 -1.885833
v -5.442023 0.061222 -1.922579
v -4.632167 0.070858 -2.673365
v -5.404492 0.071312 -2.710111
v -3.897376 0.060309 -1.849087
v -4.669700 0.060766 -1.885833
v -3.859843 0.070401 -2.636620
v -4.632167 0.070858 -2.673365
v -3.897376 0.060309 -1.849087
v -4.669700 0.060766 -1.885833
v -3.859843 0.070401 -2.636620
v -4.632167 0.070858 -2.673365
v 3.497719 0.843801 -2.666489
v 3.641324 0.789325 -2.371170
v 3.201707 0.791297 -2.523518
v 3.201707 0.791297 -2.523518
v 3.497719 0.843801 -2.666489
v 3.641324 0.789325 -2.371170
v 3.201707 0.791297 -2.523518
v 3.201707 0.791297 -2.523518
v -3.123542 0.059854 -1.812342
v -3.910951 0.060318 -1.849804
v -3.086009 0.069946 -2.599874
v -3.873418 0.070410 -2.637338
v -3.123542 0.059854 -1.812342
v -3.910951 0.060318 -1.849804
v -3.086009 0.069946 -2.599874
v -3.873418 0.070410 -2.637338
v -2.351218 0.059397 -1.775595
v -3.123542 0.059854 -1.812342
v -2.313685 0.069489 -2.563128
v -3.086009 0.069946 -2.599874
v -2.351218 0.059397 -1.775595
v -3.123542 0.059854 -1.812342
v -2.313685 0.069489 -2.563128
v -3.086009 0.069946 -2.599874
v -3.124402 0.638046 -1.850287
v -3.282970 0.624897 -2.583932
v -3.121385 0.060434 -1.857602
v -3.280241 0.069751 -2.584921
v -3.124402 0.638046 -1.850287
v -3.282970 0.624897 -2.583932
v -3.121385 0.060434 -1.857602
v -3.280241 0.069751 -2.584921
v -3.285268 1.056188 -2.593595
v -3.282970 0.624897 -2.583932
v -3.127419 1.069142 -1.844863
v -3.124402 0.638046 -1.850287
v -3.285268 1.056188 -2.593595
v -3.282970 0.624897 -2.583932
v -3.127419 1.069142 -1.844863
v -3.124402 0.638046 -1.850287
v -1.578894 0.058943 -1.738849
v -2.351218 0.059397 -1.775595
v -1.541361 0.069034 -2.526381
v -2.313685 0.069489 -2.563128
v -1.578894 0.058943 -1.738849
v -2.351218 0.059397 -1.775595
v -1.541361 0.069034 -2.526381
v -2.313685 0.069489 -2.563128
v 3.641324 0.789325 -2.371170
v 3.626404 0.068408 -2.411234
v 3.201707 0.791297 -2.523518
v 3.232461 0.070174 -2.547754
v 3.641324 0.789325 -2.371170
v 3.626404 0.068408 -2.411234
v 3.201707 0.791297 -2.523518
v 3.232461 0.070174 -2.547754
v -0.806569 0.058486 -1.702103
v -1.578894 0.058943 -1.738849
v -0.769037 0.068578 -2.489636
v -1.541361 0.069034 -2.526381
v -0.806569 0.058486 -1.702103
v -1.578894 0.058943 -1.738849
v -0.769037 0.068578 -2.489636
v -1.541361 0.069034 -2.526381
v -0.034245 0.058029 -1.665357
v -0.806569 0.058486 -1.702103
v 0.003287 0.068121 -2.452890
v -0.769037 0.068578 -2.489636
v -0.034245 0.058029 -1.665357
v -0.806569 0.058486 -1.702103
v 0.003287 0.068121 -2.452890
v -0.769037 0.068578 -2.489636
v 0.738079 0.057575 -1.628611
v -0.034245 0.058029 -1.665357
v 0.775611 0.067666 -2.416144
v 0.003287 0.068121 -2.452890
v 0.738079 0.057575 -1.628611
v -0.034245 0.058029 -1.665357
v 0.775611 0.067666 -2.416144
v 0.003287 0.068121 -2.452890
v 1.510403 0.057118 -1.591865
v 0.738079 0.057575 -1.628611
v 1.547935 0.067209 -2.379397
v 0.775611 0.067666 -2.416144
v 1.510403 0.057118 -1.591865
v 0.738079 0.057575 -1.628611
v 1.547935 0.067209 -2.379397
v 0.775611 0.067666 -2.416144
v 2.282727 0.056663 -1.555119
v 1.510403 0.057118 -1.591865
v 2.320259 0.066754 -2.342652
v 1.547935 0.067209 -2.379397
v 2.282727 0.056663 -1.555119
v 1.510403 0.057118 -1.591865
v 2.320259 0.066754 -2.342652
v 1.547935 0.067209 -2.379397
v 3.053540 0.056206 -1.518373
v 2.266132 0.056670 -1.555837
v 3.091073 0.066298 -2.305906
v 2.303664 0.066762 -2.343369
v 3.053540 0.056206 -1.518373
v 2.266132 0.056670 -1.555837
v 3.091073 0.066298 -2.305906
v 2.303664 0.066762 -2.343369
v 3.825865 0.055751 -1.481627
v 3.053540 0.056206 -1.518373
v 3.863397 0.065841 -2.269160
v 3.091073 0.066298 -2.305906
v 3.825865 0.055751 -1.481627
v 3.053540 0.056206 -1.518373
v 3.863397 0.065841 -2.269160
v 3.091073 0.066298 -2.305906
v 4.639461 1.509007 -2.292237
v 4.639461 2.230315 -2.282923
v 5.411784 1.508551 -2.255490
v 5.411784 2.229860 -2.246177
v 4.639461 1.509007 -2.292237
v 4.639461 2.230315 -2.282923
v 5.411784 1.508551 -2.255490
v 5.411784 2.229860 -2.246177
v 3.865267 0.643955 -2.300927
v 3.865267 1.221565 -2.293468
v 4.058348 0.643841 -2.291740
v 4.058348 1.221451 -2.284282
v 3.865267 0.643955 -2.300927
v 3.865267 1.221565 -2.293468
v 4.058348 0.643841 -2.291740
v 4.058348 1.221451 -2.284282
v 4.639461 0.066391 -2.310865
v 4.639461 0.787699 -2.301551
v 5.411784 0.065936 -2.274119
v 5.411784 0.787244 -2.264805
v 4.639461 0.066391 -2.310865
v 4.639461 0.787699 -2.301551
v 5.411784 0.065936 -2.274119
v 5.411784 0.787244 -2.264805
v 4.058348 0.643841 -2.291740
v 4.058348 0.066231 -2.299199
v 3.865267 0.643955 -2.300927
v 3.865267 0.066344 -2.308385
v 4.058348 0.643841 -2.291740
v 4.058348 0.066231 -2.299199
v 3.865267 0.643955 -2.300927
v 3.865267 0.066344 -2.308385
v 4.058348 0.066231 -2.299199
v 4.056479 0.065727 -2.259973
v 3.865267 0.066344 -2.308385
v 3.863397 0.065841 -2.269160
v 4.058348 0.066231 -2.299199
v 4.056479 0.065727 -2.259973
v 3.865267 0.066344 -2.308385
v 3.863397 0.065841 -2.269160
v 4.635721 0.065386 -2.232414
v 4.056479 0.065727 -2.259973
v 4.639461 0.066391 -2.310865
v 4.058348 0.066231 -2.299199
v 4.635721 0.065386 -2.232414
v 4.056479 0.065727 -2.259973
v 4.639461 0.066391 -2.310865
v 4.058348 0.066231 -2.299199
v 3.091073 0.066298 -2.305906
v 3.865267 0.066344 -2.308385
v 3.863397 0.065841 -2.269160
v 3.863397 0.065841 -2.269160
v 3.091073 0.066298 -2.305906
v 3.865267 0.066344 -2.308385
v 3.863397 0.065841 -2.269160
v 3.863397 0.065841 -2.269160
v 4.639461 0.787699 -2.301551
v 4.639461 1.509007 -2.292237
v 5.411784 0.787244 -2.264805
v 5.411784 1.508551 -2.255490
v 4.639461 0.787699 -2.301551
v 4.639461 1.509007 -2.292237
v 5.411784 0.787244 -2.264805
v 5.411784 1.508551 -2.255490
v 4.639461 0.066391 -2.310865
v 5.411784 0.065936 -2.274119
v 4.635721 0.065386 -2.232414
v 5.408045 0.064930 -2.195668
v 4.639461 0.066391 -2.310865
v 5.411784 0.065936 -2.274119
v 4.635721 0.065386 -2.232414
v 5.408045 0.064930 -2.195668
v 4.639461 2.230315 -2.282923
v 4.639461 2.951622 -2.273608
v 5.411784 2.229860 -2.246177
v 5.411784 2.951168 -2.236862
v 4.639461 2.230315 -2.282923
v 4.639461 2.951622 -2.273608
v 5.411784 2.229860 -2.246177
v 5.411784 2.951168 -2.236862
v 3.863397 0.065841 -2.269160
v 3.863397 0.787149 -2.259846
v 3.825865 0.055751 -1.481627
v 3.825865 0.777059 -1.472312
v 3.863397 0.065841 -2.269160
v 3.863397 0.787149 -2.259846
v 3.825865 0.055751 -1.481627
v 3.825865 0.777059 -1.472312
v 4.635721 0.065386 -2.232414
v 4.635721 0.786695 -2.223100
v 3.863397 0.065841 -2.269160
v 3.863397 0.787149 -2.259846
v 4.635721 0.065386 -2.232414
v 4.635721 0.786695 -2.223100
v 3.863397 0.065841 -2.269160
v 3.863397 0.787149 -2.259846
v 4.635721 1.508002 -2.213785
v 4.635721 1.868656 -2.209128
v 3.863397 1.508458 -2.250531
v 3.863397 1.869112 -2.245874
v 4.635721 1.508002 -2.213785
v 4.635721 1.868656 -2.209128
v 3.863397 1.508458 -2.250531
v 3.863397 1.869112 -2.245874
v 4.598189 1.858564 -1.421595
v 3.825865 1.859020 -1.458341
v 4.635721 1.868656 -2.209128
v 3.863397 1.869112 -2.245874
v 4.598189 1.858564 -1.421595
v 3.825865 1.859020 -1.458341
v 4.635721 1.868656 -2.209128
v 3.863397 1.869112 -2.245874
v 3.631097 1.508595 -2.261584
v 3.631097 1.869249 -2.256926
v 3.593564 1.498504 -1.474050
v 3.593564 1.859158 -1.469394
v 3.631097 1.508595 -2.261584
v 3.631097 1.869249 -2.256926
v 3.593564 1.498504 -1.474050
v 3.593564 1.859158 -1.469394
v 4.635721 0.786695 -2.223100
v 4.635721 1.508002 -2.213785
v 3.863397 0.787149 -2.259846
v 3.863397 1.508458 -2.250531
v 4.635721 0.786695 -2.223100
v 4.635721 1.508002 -2.213785
v 3.863397 0.787149 -2.259846
v 3.863397 1.508458 -2.250531
v 3.863397 0.787149 -2.259846
v 3.863397 1.508458 -2.250531
v 3.825865 0.777059 -1.472312
v 3.825865 1.498366 -1.462999
v 3.863397 0.787149 -2.259846
v 3.863397 1.508458 -2.250531
v 3.825865 0.777059 -1.472312
v 3.825865 1.498366 -1.462999
v 3.825865 1.859020 -1.458341
v 3.593564 1.859158 -1.469394
v 3.863397 1.869112 -2.245874
v 3.631097 1.869249 -2.256926
v 3.825865 1.859020 -1.458341
v 3.593564 1.859158 -1.469394
v 3.863397 1.869112 -2.245874
v 3.631097 1.869249 -2.256926
v 3.863397 1.508458 -2.250531
v 3.631097 1.508595 -2.261584
v 3.825865 1.498366 -1.462999
v 3.593564 1.498504 -1.474050
v 3.863397 1.508458 -2.250531
v 3.631097 1.508595 -2.261584
v 3.825865 1.498366 -1.462999
v 3.593564 1.498504 -1.474050
v 3.863397 1.869112 -2.245874
v 3.631097 1.869249 -2.256926
v 3.863397 1.508458 -2.250531
v 3.631097 1.508595 -2.261584
v 3.863397 1.869112 -2.245874
v 3.631097 1.869249 -2.256926
v 3.863397 1.508458 -2.250531
v 3.631097 1.508595 -2.261584
v 5.408045 0.064930 -2.195668
v 5.408045 0.786237 -2.186353
v 4.635721 0.065386 -2.232414
v 4.635721 0.786695 -2.223100
v 5.408045 0.064930 -2.195668
v 5.408045 0.786237 -2.186353
v 4.635721 0.065386 -2.232414
v 4.635721 0.786695 -2.223100
v 5.408045 0.786237 -2.186353
v 5.408045 1.507547 -2.177039
v 4.635721 0.786695 -2.223100
v 4.635721 1.508002 -2.213785
v 5.408045 0.786237 -2.186353
v 5.408045 1.507547 -2.177039
v 4.635721 0.786695 -2.223100
v 4.635721 1.508002 -2.213785
v 5.408045 1.507547 -2.177039
v 5.408045 1.868199 -2.172382
v 4.635721 1.508002 -2.213785
v 4.635721 1.868656 -2.209128
v 5.408045 1.507547 -2.177039
v 5.408045 1.868199 -2.172382
v 4.635721 1.508002 -2.213785
v 4.635721 1.868656 -2.209128
v 5.370513 1.858109 -1.384849
v 4.598189 1.858564 -1.421595
v 5.408045 1.868199 -2.172382
v 4.635721 1.868656 -2.209128
v 5.370513 1.858109 -1.384849
v 4.598189 1.858564 -1.421595
v 5.408045 1.868199 -2.172382
v 4.635721 1.868656 -2.209128
v -4.661143 1.505277 -2.015056
v -4.661143 1.648975 -2.013200
v -5.433467 1.505733 -2.051801
v -5.433467 1.649431 -2.049946
v -4.661143 1.505277 -2.015056
v -4.661143 1.648975 -2.013200
v -5.433467 1.505733 -2.051801
v -5.433467 1.649431 -2.049946
v -4.666751 1.503769 -1.897378
v -4.661143 1.505277 -2.015056
v -5.439076 1.504223 -1.934124
v -5.433467 1.505733 -2.051801
v -4.666751 1.503769 -1.897378
v -4.661143 1.505277 -2.015056
v -5.439076 1.504223 -1.934124
v -5.433467 1.505733 -2.051801
v -5.433467 1.649431 -2.049946
v -4.661143 1.648975 -2.013200
v -5.476607 1.998485 -1.140079
v -4.704284 1.998029 -1.103333
v -5.433467 1.649431 -2.049946
v -4.661143 1.648975 -2.013200
v -5.476607 1.998485 -1.140079
v -4.704284 1.998029 -1.103333
v -3.879769 1.504815 -1.977879
v -3.879769 1.648512 -1.976024
v -4.661143 1.505277 -2.015056
v -4.661143 1.648975 -2.013200
v -3.879769 1.504815 -1.977879
v -3.879769 1.648512 -1.976024
v -4.661143 1.505277 -2.015056
v -4.661143 1.648975 -2.013200
v -3.885377 1.503307 -1.860202
v -3.879769 1.504815 -1.977879
v -4.666751 1.503769 -1.897378
v -4.661143 1.505277 -2.015056
v -3.885377 1.503307 -1.860202
v -3.879769 1.504815 -1.977879
v -4.666751 1.503769 -1.897378
v -4.661143 1.505277 -2.015056
v -4.704284 1.998029 -1.103333
v -4.661143 1.648975 -2.013200
v -3.922910 1.997568 -1.066156
v -3.879769 1.648512 -1.976024
v -4.704284 1.998029 -1.103333
v -4.661143 1.648975 -2.013200
v -3.922910 1.997568 -1.066156
v -3.879769 1.648512 -1.976024
v -3.948554 1.997582 -1.067304
v -3.905414 1.648528 -1.977172
v -3.161146 1.997117 -1.029840
v -3.118006 1.648062 -1.939708
v -3.948554 1.997582 -1.067304
v -3.905414 1.648528 -1.977172
v -3.161146 1.997117 -1.029840
v -3.118006 1.648062 -1.939708
v -3.118006 1.504364 -1.941563
v -3.118006 1.648062 -1.939708
v -3.905414 1.504830 -1.979027
v -3.905414 1.648528 -1.977172
v -3.118006 1.504364 -1.941563
v -3.118006 1.648062 -1.939708
v -3.905414 1.504830 -1.979027
v -3.905414 1.648528 -1.977172
v -3.123614 1.502856 -1.823886
v -3.118006 1.504364 -1.941563
v -3.911023 1.503322 -1.861350
v -3.905414 1.504830 -1.979027
v -3.123614 1.502856 -1.823886
v -3.118006 1.504364 -1.941563
v -3.911023 1.503322 -1.861350
v -3.905414 1.504830 -1.979027
v -4.666751 0.061152 -1.916006
v -4.666751 0.782459 -1.906692
v -5.439076 0.061608 -1.952752
v -5.439076 0.782917 -1.943438
v -4.666751 0.061152 -1.916006
v -4.666751 0.782459 -1.906692
v -5.439076 0.061608 -1.952752
v -5.439076 0.782917 -1.943438
v -4.666751 0.782459 -1.906692
v -4.666751 1.503769 -1.897378
v -5.439076 0.782917 -1.943438
v -5.439076 1.504223 -1.934124
v -4.666751 0.782459 -1.906692
v -4.666751 1.503769 -1.897378
v -5.439076 0.782917 -1.943438
v -5.439076 1.504223 -1.934124
v -2.345681 1.503909 -1.904817
v -2.345681 1.647606 -1.902962
v -3.118006 1.504364 -1.941563
v -3.118006 1.648062 -1.939708
v -2.345681 1.503909 -1.904817
v -2.345681 1.647606 -1.902962
v -3.118006 1.504364 -1.941563
v -3.118006 1.648062 -1.939708
v -3.161146 1.997117 -1.029840
v -3.118006 1.648062 -1.939708
v -2.388822 1.996661 -0.993095
v -2.345681 1.647606 -1.902962
v -3.161146 1.997117 -1.029840
v -3.118006 1.648062 -1.939708
v -2.388822 1.996661 -0.993095
v -2.345681 1.647606 -1.902962
v -2.351290 1.502401 -1.787140
v -2.345681 1.503909 -1.904817
v -3.123614 1.502856 -1.823886
v -3.118006 1.504364 -1.941563
v -2.351290 1.502401 -1.787140
v -2.345681 1.503909 -1.904817
v -3.123614 1.502856 -1.823886
v -3.118006 1.504364 -1.941563
v -3.885377 0.781998 -1.869516
v -3.885377 1.503307 -1.860202
v -4.666751 0.782459 -1.906692
v -4.666751 1.503769 -1.897378
v -3.885377 0.781998 -1.869516
v -3.885377 1.503307 -1.860202
v -4.666751 0.782459 -1.906692
v -4.666751 1.503769 -1.897378
v -3.885377 0.060690 -1.878830
v -3.885377 0.781998 -1.869516
v -4.666751 0.061152 -1.916006
v -4.666751 0.782459 -1.906692
v -3.885377 0.060690 -1.878830
v -3.885377 0.781998 -1.869516
v -4.666751 0.061152 -1.916006
v -4.666751 0.782459 -1.906692
v -1.458715 1.503384 -1.862617
v -1.458715 1.647083 -1.860762
v -2.345681 1.503909 -1.904817
v -2.345681 1.647606 -1.902962
v -1.458715 1.503384 -1.862617
v -1.458715 1.647083 -1.860762
v -2.345681 1.503909 -1.904817
v -2.345681 1.647606 -1.902962
v -2.345681 1.503909 -1.904817
v -2.351290 1.502401 -1.787140
v -1.458715 1.503384 -1.862617
v -1.578966 1.501945 -1.750394
v -2.345681 1.503909 -1.904817
v -2.351290 1.502401 -1.787140
v -1.458715 1.503384 -1.862617
v -1.578966 1.501945 -1.750394
v -1.458715 1.647083 -1.860762
v -2.388822 1.996661 -0.993095
v -2.345681 1.647606 -1.902962
v -2.345681 1.647606 -1.902962
v -1.458715 1.647083 -1.860762
v -2.388822 1.996661 -0.993095
v -2.345681 1.647606 -1.902962
v -2.345681 1.647606 -1.902962
v -3.123614 0.060241 -1.842515
v -3.123614 0.781549 -1.833200
v -3.911023 0.060705 -1.879979
v -3.911023 0.782012 -1.870664
v -3.123614 0.060241 -1.842515
v -3.123614 0.781549 -1.833200
v -3.911023 0.060705 -1.879979
v -3.911023 0.782012 -1.870664
v -2.388822 1.996661 -0.993095
v -1.458715 1.647083 -1.860762
v -1.501857 1.635484 -0.955552
v -1.501857 1.635484 -0.955552
v -2.388822 1.996661 -0.993095
v -1.458715 1.647083 -1.860762
v -1.501857 1.635484 -0.955552
v -1.501857 1.635484 -0.955552
v -3.123614 0.781549 -1.833200
v -3.123614 1.502856 -1.823886
v -3.911023 0.782012 -1.870664
v -3.911023 1.503322 -1.861350
v -3.123614 0.781549 -1.833200
v -3.123614 1.502856 -1.823886
v -3.911023 0.782012 -1.870664
v -3.911023 1.503322 -1.861350
v -1.458715 1.503384 -1.862617
v -1.578966 1.501945 -1.750394
v -1.501857 1.491785 -0.957407
v -1.616498 1.491853 -0.962861
v -1.458715 1.503384 -1.862617
v -1.578966 1.501945 -1.750394
v -1.501857 1.491785 -0.957407
v -1.616498 1.491853 -0.962861
v -1.458715 1.647083 -1.860762
v -1.458715 1.503384 -1.862617
v -1.501857 1.635484 -0.955552
v -1.501857 1.491785 -0.957407
v -1.458715 1.647083 -1.860762
v -1.458715 1.503384 -1.862617
v -1.501857 1.635484 -0.955552
v -1.501857 1.491785 -0.957407
v -2.351290 0.781092 -1.796455
v -2.351290 1.502401 -1.787140
v -3.123614 0.781549 -1.833200
v -3.123614 1.502856 -1.823886
v -2.351290 0.781092 -1.796455
v -2.351290 1.502401 -1.787140
v -3.123614 0.781549 -1.833200
v -3.123614 1.502856 -1.823886
v -2.351290 0.059784 -1.805768
v -2.351290 0.781092 -1.796455
v -3.123614 0.060241 -1.842515
v -3.123614 0.781549 -1.833200
v -2.351290 0.059784 -1.805768
v -2.351290 0.781092 -1.796455
v -3.123614 0.060241 -1.842515
v -3.123614 0.781549 -1.833200
v -1.578966 0.059329 -1.769022
v -1.578966 0.780637 -1.759708
v -2.351290 0.059784 -1.805768
v -2.351290 0.781092 -1.796455
v -1.578966 0.059329 -1.769022
v -1.578966 0.780637 -1.759708
v -2.351290 0.059784 -1.805768
v -2.351290 0.781092 -1.796455
v -1.578966 0.780637 -1.759708
v -1.578966 1.501945 -1.750394
v -2.351290 0.781092 -1.796455
v -2.351290 1.502401 -1.787140
v -1.578966 0.780637 -1.759708
v -1.578966 1.501945 -1.750394
v -2.351290 0.781092 -1.796455
v -2.351290 1.502401 -1.787140
v -0.844174 0.048780 -0.944744
v -1.616498 0.049237 -0.981490
v -0.806643 0.058872 -1.732277
v -1.578966 0.059329 -1.769022
v -0.844174 0.048780 -0.944744
v -1.616498 0.049237 -0.981490
v -0.806643 0.058872 -1.732277
v -1.578966 0.059329 -1.769022
v -1.616498 0.049237 -0.981490
v -1.616498 0.770545 -0.972176
v -1.578966 0.059329 -1.769022
v -1.578966 0.780637 -1.759708
v -1.616498 0.049237 -0.981490
v -1.616498 0.770545 -0.972176
v -1.578966 0.059329 -1.769022
v -1.578966 0.780637 -1.759708
v -1.616498 0.770545 -0.972176
v -1.616498 1.491853 -0.962861
v -1.578966 0.780637 -1.759708
v -1.578966 1.501945 -1.750394
v -1.616498 0.770545 -0.972176
v -1.616498 1.491853 -0.962861
v -1.578966 0.780637 -1.759708
v -1.578966 1.501945 -1.750394
v -0.071850 0.048326 -0.907998
v -0.844174 0.048780 -0.944744
v -0.034318 0.058417 -1.695531
v -0.806643 0.058872 -1.732277
v -0.071850 0.048326 -0.907998
v -0.844174 0.048780 -0.944744
v -0.034318 0.058417 -1.695531
v -0.806643 0.058872 -1.732277
v 0.700474 0.047868 -0.871252
v -0.071850 0.048326 -0.907998
v 0.738007 0.057961 -1.658785
v -0.034318 0.058417 -1.695531
v 0.700474 0.047868 -0.871252
v -0.071850 0.048326 -0.907998
v 0.738007 0.057961 -1.658785
v -0.034318 0.058417 -1.695531
v 1.472798 0.047412 -0.834506
v 0.700474 0.047868 -0.871252
v 1.510330 0.057504 -1.622038
v 0.738007 0.057961 -1.658785
v 1.472798 0.047412 -0.834506
v 0.700474 0.047868 -0.871252
v 1.510330 0.057504 -1.622038
v 0.738007 0.057961 -1.658785
v 2.260207 0.046948 -0.797042
v 1.472798 0.047412 -0.834506
v 2.297739 0.057040 -1.584576
v 1.510330 0.057504 -1.622038
v 2.260207 0.046948 -0.797042
v 1.472798 0.047412 -0.834506
v 2.297739 0.057040 -1.584576
v 1.510330 0.057504 -1.622038
v 3.018957 0.046501 -0.761014
v 2.246633 0.046957 -0.797760
v 3.056489 0.056592 -1.548547
v 2.284165 0.057050 -1.585293
v 3.018957 0.046501 -0.761014
v 2.246633 0.046957 -0.797760
v 3.056489 0.056592 -1.548547
v 2.284165 0.057050 -1.585293
v 3.791281 0.046045 -0.724268
v 3.018957 0.046501 -0.761014
v 3.828814 0.056137 -1.511801
v 3.056489 0.056592 -1.548547
v 3.791281 0.046045 -0.724268
v 3.018957 0.046501 -0.761014
v 3.828814 0.056137 -1.511801
v 3.056489 0.056592 -1.548547
v 3.982675 0.056046 -1.504480
v 3.982675 0.777354 -1.495166
v 3.945142 0.045954 -0.716947
v 3.945142 0.767262 -0.707633
v 3.982675 0.056046 -1.504480
v 3.982675 0.777354 -1.495166
v 3.945142 0.045954 -0.716947
v 3.945142 0.767262 -0.707633
v 3.982675 0.777354 -1.495166
v 3.982675 1.498662 -1.485851
v 3.945142 0.767262 -0.707633
v 3.945142 1.488571 -0.698319
v 3.982675 0.777354 -1.495166
v 3.982675 1.498662 -1.485851
v 3.945142 0.767262 -0.707633
v 3.945142 1.488571 -0.698319
v 3.819762 0.777451 -1.502917
v 3.982675 0.777354 -1.495166
v 3.819762 0.056143 -1.512231
v 3.982675 0.056046 -1.504480
v 3.819762 0.777451 -1.502917
v 3.982675 0.777354 -1.495166
v 3.819762 0.056143 -1.512231
v 3.982675 0.056046 -1.504480
v 3.819762 1.498759 -1.493603
v 3.982675 1.498662 -1.485851
v 3.819762 0.777451 -1.502917
v 3.982675 0.777354 -1.495166
v 3.819762 1.498759 -1.493603
v 3.982675 1.498662 -1.485851
v 3.819762 0.777451 -1.502917
v 3.982675 0.777354 -1.495166
v 3.828814 0.056137 -1.511801
v 3.982675 0.056046 -1.504480
v 3.791281 0.046045 -0.724268
v 3.945142 0.045954 -0.716947
v 3.828814 0.056137 -1.511801
v 3.982675 0.056046 -1.504480
v 3.791281 0.046045 -0.724268
v 3.945142 0.045954 -0.716947
v 3.791281 1.849316 -0.700982
v 3.558980 1.849453 -0.712035
v 3.828814 1.859406 -1.488515
v 3.596513 1.859544 -1.499568
v 3.791281 1.849316 -0.700982
v 3.558980 1.849453 -0.712035
v 3.828814 1.859406 -1.488515
v 3.596513 1.859544 -1.499568
v 3.828814 1.498752 -1.493172
v 3.596513 1.498891 -1.504225
v 3.791281 1.488661 -0.705639
v 3.558980 1.488799 -0.716692
v 3.828814 1.498752 -1.493172
v 3.596513 1.498891 -1.504225
v 3.791281 1.488661 -0.705639
v 3.558980 1.488799 -0.716692
v 3.596513 1.498891 -1.504225
v 3.596513 1.859544 -1.499568
v 3.558980 1.488799 -0.716692
v 3.558980 1.849453 -0.712035
v 3.596513 1.498891 -1.504225
v 3.596513 1.859544 -1.499568
v 3.558980 1.488799 -0.716692
v 3.558980 1.849453 -0.712035
v 3.791281 1.488661 -0.705639
v 3.945142 1.488571 -0.698319
v 3.828814 1.498752 -1.493172
v 3.982675 1.498662 -1.485851
v 3.791281 1.488661 -0.705639
v 3.945142 1.488571 -0.698319
v 3.828814 1.498752 -1.493172
v 3.982675 1.498662 -1.485851
v 4.563605 1.848860 -0.664236
v 3.791281 1.849316 -0.700982
v 4.601137 1.858950 -1.451769
v 3.828814 1.859406 -1.488515
v 4.563605 1.848860 -0.664236
v 3.791281 1.849316 -0.700982
v 4.601137 1.858950 -1.451769
v 3.828814 1.859406 -1.488515
v -3.959723 1.987670 -0.293710
v -4.741097 1.988131 -0.330887
v -3.922910 1.997568 -1.066156
v -4.704284 1.998029 -1.103333
v -3.959723 1.987670 -0.293710
v -4.741097 1.988131 -0.330887
v -3.922910 1.997568 -1.066156
v -4.704284 1.998029 -1.103333
v -3.197960 1.987219 -0.257395
v -3.985368 1.987684 -0.294858
v -3.161146 1.997117 -1.029840
v -3.948554 1.997582 -1.067304
v -3.197960 1.987219 -0.257395
v -3.985368 1.987684 -0.294858
v -3.161146 1.997117 -1.029840
v -3.948554 1.997582 -1.067304
v -2.425635 1.986763 -0.220649
v -3.197960 1.987219 -0.257395
v -2.388822 1.996661 -0.993095
v -3.161146 1.997117 -1.029840
v -2.425635 1.986763 -0.220649
v -3.197960 1.987219 -0.257395
v -2.388822 1.996661 -0.993095
v -3.161146 1.997117 -1.029840
v -1.653312 0.039339 -0.209044
v -1.807173 0.039430 -0.216365
v -1.616498 0.049237 -0.981490
v -1.770360 0.049328 -0.988810
v -1.653312 0.039339 -0.209044
v -1.807173 0.039430 -0.216365
v -1.616498 0.049237 -0.981490
v -1.770360 0.049328 -0.988810
v -1.807173 0.039430 -0.216365
v -1.807173 0.760737 -0.207051
v -1.770360 0.049328 -0.988810
v -1.770360 0.770636 -0.979496
v -1.807173 0.039430 -0.216365
v -1.807173 0.760737 -0.207051
v -1.770360 0.049328 -0.988810
v -1.770360 0.770636 -0.979496
v -2.388822 1.996661 -0.993095
v -1.501857 1.635484 -0.955552
v -2.425635 1.986763 -0.220649
v -1.538670 1.625585 -0.183106
v -2.388822 1.996661 -0.993095
v -1.501857 1.635484 -0.955552
v -2.425635 1.986763 -0.220649
v -1.538670 1.625585 -0.183106
v -1.616498 0.049237 -0.981490
v -1.770360 0.049328 -0.988810
v -1.616498 0.770545 -0.972176
v -1.770360 0.770636 -0.979496
v -1.616498 0.049237 -0.981490
v -1.770360 0.049328 -0.988810
v -1.616498 0.770545 -0.972176
v -1.770360 0.770636 -0.979496
v -0.880987 0.038883 -0.172299
v -1.653312 0.039339 -0.209044
v -0.844174 0.048780 -0.944744
v -1.616498 0.049237 -0.981490
v -0.880987 0.038883 -0.172299
v -1.653312 0.039339 -0.209044
v -0.844174 0.048780 -0.944744
v -1.616498 0.049237 -0.981490
v -1.807173 0.760737 -0.207051
v -1.807173 1.482046 -0.197736
v -1.770360 0.770636 -0.979496
v -1.770360 1.491944 -0.970182
v -1.807173 0.760737 -0.207051
v -1.807173 1.482046 -0.197736
v -1.770360 0.770636 -0.979496
v -1.770360 1.491944 -0.970182
v -1.653312 1.481955 -0.190415
v -1.538670 1.481887 -0.184961
v -1.616498 1.491853 -0.962861
v -1.501857 1.491785 -0.957407
v -1.653312 1.481955 -0.190415
v -1.538670 1.481887 -0.184961
v -1.616498 1.491853 -0.962861
v -1.501857 1.491785 -0.957407
v -1.616498 1.491853 -0.962861
v -1.770360 1.491944 -0.970182
v -1.653312 1.481955 -0.190415
v -1.807173 1.482046 -0.197736
v -1.616498 1.491853 -0.962861
v -1.770360 1.491944 -0.970182
v -1.653312 1.481955 -0.190415
v -1.807173 1.482046 -0.197736
v -1.616498 0.770545 -0.972176
v -1.770360 0.770636 -0.979496
v -1.616498 1.491853 -0.962861
v -1.770360 1.491944 -0.970182
v -1.616498 0.770545 -0.972176
v -1.770360 0.770636 -0.979496
v -1.616498 1.491853 -0.962861
v -1.770360 1.491944 -0.970182
v -0.108663 0.038427 -0.135552
v -0.880987 0.038883 -0.172299
v -0.071850 0.048326 -0.907998
v -0.844174 0.048780 -0.944744
v -0.108663 0.038427 -0.135552
v -0.880987 0.038883 -0.172299
v -0.071850 0.048326 -0.907998
v -0.844174 0.048780 -0.944744
v -1.538670 1.481887 -0.184961
v -1.538670 1.625585 -0.183106
v -1.501857 1.491785 -0.957407
v -1.501857 1.635484 -0.955552
v -1.538670 1.481887 -0.184961
v -1.538670 1.625585 -0.183106
v -1.501857 1.491785 -0.957407
v -1.501857 1.635484 -0.955552
v 0.663661 0.037971 -0.098806
v -0.108663 0.038427 -0.135552
v 0.700474 0.047868 -0.871252
v -0.071850 0.048326 -0.907998
v 0.663661 0.037971 -0.098806
v -0.108663 0.038427 -0.135552
v 0.700474 0.047868 -0.871252
v -0.071850 0.048326 -0.907998
v 1.435985 0.037516 -0.062060
v 0.663661 0.037971 -0.098806
v 1.472798 0.047412 -0.834506
v 0.700474 0.047868 -0.871252
v 1.435985 0.037516 -0.062060
v 0.663661 0.037971 -0.098806
v 1.472798 0.047412 -0.834506
v 0.700474 0.047868 -0.871252
v 2.223394 0.037050 -0.024597
v 1.435985 0.037516 -0.062060
v 2.260207 0.046948 -0.797042
v 1.472798 0.047412 -0.834506
v 2.223394 0.037050 -0.024597
v 1.435985 0.037516 -0.062060
v 2.260207 0.046948 -0.797042
v 1.472798 0.047412 -0.834506
v 2.982143 0.036603 0.011431
v 2.209819 0.037059 -0.025315
v 3.018957 0.046501 -0.761014
v 2.246633 0.046957 -0.797760
v 2.982143 0.036603 0.011431
v 2.209819 0.037059 -0.025315
v 3.018957 0.046501 -0.761014
v 2.246633 0.046957 -0.797760
v 3.754468 0.036148 0.048178
v 2.982143 0.036603 0.011431
v 3.791281 0.046045 -0.724268
v 3.018957 0.046501 -0.761014
v 3.754468 0.036148 0.048178
v 2.982143 0.036603 0.011431
v 3.791281 0.046045 -0.724268
v 3.018957 0.046501 -0.761014
v 3.791281 0.046045 -0.724268
v 3.945142 0.045954 -0.716947
v 3.754468 0.036148 0.048178
v 3.908329 0.036057 0.055498
v 3.791281 0.046045 -0.724268
v 3.945142 0.045954 -0.716947
v 3.754468 0.036148 0.048178
v 3.908329 0.036057 0.055498
v 3.945142 0.045954 -0.716947
v 3.945142 0.767262 -0.707633
v 3.908329 0.036057 0.055498
v 3.908329 0.757365 0.064812
v 3.945142 0.045954 -0.716947
v 3.945142 0.767262 -0.707633
v 3.908329 0.036057 0.055498
v 3.908329 0.757365 0.064812
v 3.945142 0.767262 -0.707633
v 3.945142 1.488571 -0.698319
v 3.908329 0.757365 0.064812
v 3.908329 1.478673 0.074127
v 3.945142 0.767262 -0.707633
v 3.945142 1.488571 -0.698319
v 3.908329 0.757365 0.064812
v 3.908329 1.478673 0.074127
v 3.754468 1.478764 0.066806
v 3.908329 1.478673 0.074127
v 3.791281 1.488661 -0.705639
v 3.945142 1.488571 -0.698319
v 3.754468 1.478764 0.066806
v 3.908329 1.478673 0.074127
v 3.791281 1.488661 -0.705639
v 3.945142 1.488571 -0.698319
v 3.791281 1.488661 -0.705639
v 3.558980 1.488799 -0.716692
v 3.754468 1.478764 0.066806
v 3.522167 1.478901 0.055753
v 3.791281 1.488661 -0.705639
v 3.558980 1.488799 -0.716692
v 3.754468 1.478764 0.066806
v 3.522167 1.478901 0.055753
v 3.754468 1.839417 0.071463
v 3.522167 1.839555 0.060411
v 3.791281 1.849316 -0.700982
v 3.558980 1.849453 -0.712035
v 3.754468 1.839417 0.071463
v 3.522167 1.839555 0.060411
v 3.791281 1.849316 -0.700982
v 3.558980 1.849453 -0.712035
v 4.526792 1.838962 0.108210
v 3.754468 1.839417 0.071463
v 4.563605 1.848860 -0.664236
v 3.791281 1.849316 -0.700982
v 4.526792 1.838962 0.108210
v 3.754468 1.839417 0.071463
v 4.563605 1.848860 -0.664236
v 3.791281 1.849316 -0.700982
v 3.558980 1.488799 -0.716692
v 3.558980 1.849453 -0.712035
v 3.522167 1.478901 0.055753
v 3.522167 1.839555 0.060411
v 3.558980 1.488799 -0.716692
v 3.558980 1.849453 -0.712035
v 3.522167 1.478901 0.055753
v 3.522167 1.839555 0.060411
v -3.234773 1.977320 0.515051
v -4.022182 1.977785 0.477587
v -3.197960 1.987219 -0.257395
v -3.985368 1.987684 -0.294858
v -3.234773 1.977320 0.515051
v -4.022182 1.977785 0.477587
v -3.197960 1.987219 -0.257395
v -3.985368 1.987684 -0.294858
v -2.462449 1.976865 0.551797
v -3.234773 1.977320 0.515051
v -2.425635 1.986763 -0.220649
v -3.197960 1.987219 -0.257395
v -2.462449 1.976865 0.551797
v -3.234773 1.977320 0.515051
v -2.425635 1.986763 -0.220649
v -3.197960 1.987219 -0.257395
v -1.690125 0.029440 0.563402
v -1.843987 0.029531 0.556081
v -1.653312 0.039339 -0.209044
v -1.807173 0.039430 -0.216365
v -1.690125 0.029440 0.563402
v -1.843987 0.029531 0.556081
v -1.653312 0.039339 -0.209044
v -1.807173 0.039430 -0.216365
v -1.843987 0.029531 0.556081
v -1.843987 0.750839 0.565395
v -1.807173 0.039430 -0.216365
v -1.807173 0.760737 -0.207051
v -1.843987 0.029531 0.556081
v -1.843987 0.750839 0.565395
v -1.807173 0.039430 -0.216365
v -1.807173 0.760737 -0.207051
v -2.425635 1.986763 -0.220649
v -1.538670 1.625585 -0.183106
v -2.462449 1.976865 0.551797
v -1.575482 1.615687 0.589340
v -2.425635 1.986763 -0.220649
v -1.538670 1.625585 -0.183106
v -2.462449 1.976865 0.551797
v -1.575482 1.615687 0.589340
v -0.917801 0.028985 0.600147
v -1.690125 0.029440 0.563402
v -0.880987 0.038883 -0.172299
v -1.653312 0.039339 -0.209044
v -0.917801 0.028985 0.600147
v -1.690125 0.029440 0.563402
v -0.880987 0.038883 -0.172299
v -1.653312 0.039339 -0.209044
v -1.843987 0.750839 0.565395
v -1.843987 1.472147 0.574710
v -1.807173 0.760737 -0.207051
v -1.807173 1.482046 -0.197736
v -1.843987 0.750839 0.565395
v -1.843987 1.472147 0.574710
v -1.807173 0.760737 -0.207051
v -1.807173 1.482046 -0.197736
v -1.690125 1.472057 0.582030
v -1.575482 1.471989 0.587484
v -1.653312 1.481955 -0.190415
v -1.538670 1.481887 -0.184961
v -1.690125 1.472057 0.582030
v -1.575482 1.471989 0.587484
v -1.653312 1.481955 -0.190415
v -1.538670 1.481887 -0.184961
v -1.653312 1.481955 -0.190415
v -1.807173 1.482046 -0.197736
v -1.690125 1.472057 0.582030
v -1.843987 1.472147 0.574710
v -1.653312 1.481955 -0.190415
v -1.807173 1.482046 -0.197736
v -1.690125 1.472057 0.582030
v -1.843987 1.472147 0.574710
v -0.145476 0.028529 0.636893
v -0.917801 0.028985 0.600147
v -0.108663 0.038427 -0.135552
v -0.880987 0.038883 -0.172299
v -0.145476 0.028529 0.636893
v -0.917801 0.028985 0.600147
v -0.108663 0.038427 -0.135552
v -0.880987 0.038883 -0.172299
v -1.575482 1.471989 0.587484
v -1.575482 1.615687 0.589340
v -1.538670 1.481887 -0.184961
v -1.538670 1.625585 -0.183106
v -1.575482 1.471989 0.587484
v -1.575482 1.615687 0.589340
v -1.538670 1.481887 -0.184961
v -1.538670 1.625585 -0.183106
v 0.626847 0.028072 0.673639
v -0.145476 0.028529 0.636893
v 0.663661 0.037971 -0.098806
v -0.108663 0.038427 -0.135552
v 0.626847 0.028072 0.673639
v -0.145476 0.028529 0.636893
v 0.663661 0.037971 -0.098806
v -0.108663 0.038427 -0.135552
v 1.399172 0.027617 0.710386
v 0.626847 0.028072 0.673639
v 1.435985 0.037516 -0.062060
v 0.663661 0.037971 -0.098806
v 1.399172 0.027617 0.710386
v 0.626847 0.028072 0.673639
v 1.435985 0.037516 -0.062060
v 0.663661 0.037971 -0.098806
v 2.186580 0.027152 0.747850
v 1.399172 0.027617 0.710386
v 2.223394 0.037050 -0.024597
v 1.435985 0.037516 -0.062060
v 2.186580 0.027152 0.747850
v 1.399172 0.027617 0.710386
v 2.223394 0.037050 -0.024597
v 1.435985 0.037516 -0.062060
v 2.945331 0.026705 0.783877
v 2.173006 0.027161 0.747131
v 2.982143 0.036603 0.011431
v 2.209819 0.037059 -0.025315
v 2.945331 0.026705 0.783877
v 2.173006 0.027161 0.747131
v 2.982143 0.036603 0.011431
v 2.209819 0.037059 -0.025315
v 3.717654 0.026249 0.820624
v 2.945331 0.026705 0.783877
v 3.754468 0.036148 0.048178
v 2.982143 0.036603 0.011431
v 3.717654 0.026249 0.820624
v 2.945331 0.026705 0.783877
v 3.754468 0.036148 0.048178
v 2.982143 0.036603 0.011431
v -0.042071 0.054387 0.102610
v -0.006719 0.053835 0.116738
v -0.041733 0.076363 0.106411
v -0.006380 0.075811 0.120539
v -0.042071 0.054387 0.102610
v -0.041733 0.076363 0.106411
v -0.069959 0.053346 0.128564
v -0.069621 0.075321 0.132364
v -0.041733 0.076363 0.106411
v -0.006380 0.075811 0.120539
v -0.035588 0.128050 0.128141
v -0.008677 0.130785 0.129146
v -0.207653 0.064690 0.096980
v -0.208347 0.086458 0.101284
v -0.242107 0.063027 0.113365
v -0.242803 0.084794 0.117669
v -0.208347 0.086458 0.101284
v -0.179075 0.085733 0.125751
v -0.214606 0.137322 0.124634
v -0.186749 0.137237 0.137061
v -0.207653 0.064690 0.096980
v -0.178381 0.063966 0.121447
v -0.208347 0.086458 0.101284
v -0.179075 0.085733 0.125751
v -0.208347 0.086458 0.101284
v -0.214606 0.137322 0.124634
v -0.242803 0.084794 0.117669
v -0.241457 0.139339 0.127337
v -0.041733 0.076363 0.106411
v -0.035588 0.128050 0.128141
v -0.069621 0.075321 0.132364
v -0.062735 0.127487 0.142105
v -0.189982 0.130637 0.094447
v -0.155815 0.338024 0.151050
v -0.257745 0.134065 0.097169
v -0.221372 0.330544 0.163041
v -0.077962 0.121710 0.104128
v -0.010860 0.118616 0.095907
v -0.081340 0.333914 0.150374
v -0.016066 0.320557 0.152354
v -0.125729 0.910575 0.185883
v -0.069496 0.911294 0.175620
v -0.137266 1.036316 0.175303
v -0.089245 1.031030 0.154720
v -0.117218 1.110229 0.203825
v -0.137266 1.036316 0.175303
v -0.089245 1.031030 0.154720
v -0.089245 1.031030 0.154720
v -0.031639 0.994537 0.188143
v -0.029387 1.039862 0.162370
v 0.032218 0.839789 0.169172
v 0.037736 0.894433 0.162804
v 0.006085 0.848863 0.180503
v 0.011537 0.897756 0.171862
v 0.070455 0.890201 0.171271
v 0.066741 0.932176 0.174263
v 0.037736 0.894433 0.162804
v 0.041162 0.934376 0.165460
v 0.011537 0.897756 0.171862
v 0.037736 0.894433 0.162804
v 0.015323 0.930103 0.173367
v 0.041162 0.934376 0.165460
v 0.062218 0.833383 0.183815
v 0.070455 0.890201 0.171271
v 0.032218 0.839789 0.169172
v 0.037736 0.894433 0.162804
v 0.014351 0.992307 0.165534
v -0.012856 0.969890 0.175779
v 0.041162 0.934376 0.165460
v 0.015323 0.930103 0.173367
v -0.189982 0.130637 0.094447
v -0.161458 0.117941 0.163513
v -0.155815 0.338024 0.151050
v -0.139182 0.279624 0.199285
v -0.257745 0.134065 0.097169
v -0.221372 0.330544 0.163041
v -0.281937 0.125494 0.171782
v -0.260246 0.281170 0.209040
v -0.171140 0.418911 0.206242
v -0.221372 0.330544 0.163041
v -0.155815 0.338024 0.151050
v -0.077962 0.121710 0.104128
v -0.081340 0.333914 0.150374
v -0.096398 0.114713 0.177193
v -0.096067 0.279379 0.204373
v -0.010860 0.118616 0.095907
v 0.023590 0.110806 0.165839
v -0.016066 0.320557 0.152354
v 0.024113 0.269494 0.194806
v -0.016066 0.320557 0.152354
v -0.049443 0.415251 0.196367
v -0.081340 0.333914 0.150374
v -0.089245 1.031030 0.154720
v -0.069496 0.911294 0.175620
v -0.031639 0.994537 0.188143
v -0.024215 0.897026 0.192704
v -0.137266 1.036316 0.175303
v -0.197022 1.024206 0.180335
v -0.125729 0.910575 0.185883
v -0.180186 0.904287 0.201927
v -0.117218 1.110229 0.203825
v -0.089245 1.031030 0.154720
v -0.018989 1.092175 0.197028
v -0.029387 1.039862 0.162370
v -0.120718 0.798715 0.173271
v -0.062597 0.802266 0.171775
v -0.125729 0.910575 0.185883
v -0.069496 0.911294 0.175620
v -0.120718 0.798715 0.173271
v -0.125729 0.910575 0.185883
v -0.173287 0.795259 0.198081
v -0.180186 0.904287 0.201927
v -0.069496 0.911294 0.175620
v -0.062597 0.802266 0.171775
v -0.024215 0.897026 0.192704
v -0.017790 0.804781 0.191915
v -0.062597 0.802266 0.171775
v -0.117721 0.801175 0.197190
v -0.017790 0.804781 0.191915
v -0.048362 0.804988 0.190477
v -0.117721 0.801175 0.197190
v -0.062597 0.802266 0.171775
v -0.120718 0.798715 0.173271
v -0.197022 1.024206 0.180335
v -0.137266 1.036316 0.175303
v -0.160911 1.107463 0.214209
v -0.117721 0.801175 0.197190
v -0.120718 0.798715 0.173271
v -0.173287 0.795259 0.198081
v 0.047727 0.722601 0.182155
v 0.022077 0.721930 0.206306
v 0.077080 0.659401 0.195974
v 0.068773 0.664263 0.198316
v -0.029387 1.039862 0.162370
v -0.031639 0.994537 0.188143
v -0.008362 1.035489 0.171080
v -0.015497 1.005913 0.180653
v 0.013199 1.091501 0.201617
v -0.018989 1.092175 0.197028
v -0.008362 1.035489 0.171080
v -0.029387 1.039862 0.162370
v 0.032218 0.839789 0.169172
v 0.032413 0.717958 0.165480
v 0.062218 0.833383 0.183815
v 0.047727 0.722601 0.182155
v 0.022077 0.721930 0.206306
v 0.032413 0.717958 0.165480
v 0.006085 0.848863 0.180503
v 0.032218 0.839789 0.169172
v 0.032413 0.717958 0.165480
v 0.022077 0.721930 0.206306
v 0.047727 0.722601 0.182155
v 0.011537 0.897756 0.171862
v 0.017104 0.849648 0.241678
v 0.006085 0.848863 0.180503
v 0.044990 1.022666 0.189681
v 0.014351 0.992307 0.165534
v 0.066741 0.932176 0.174263
v 0.041162 0.934376 0.165460
v 0.014351 0.992307 0.165534
v -0.008362 1.035489 0.171080
v -0.012856 0.969890 0.175779
v -0.015497 1.005913 0.180653
v 0.013199 1.091501 0.201617
v -0.008362 1.035489 0.171080
v 0.044990 1.022666 0.189681
v 0.014351 0.992307 0.165534
v -0.014400 0.988738 0.222032
v -0.012856 0.969890 0.175779
v -0.015497 1.005913 0.180653
v -0.039140 0.788157 0.188386
v -0.048362 0.804988 0.190477
v -0.117910 0.783600 0.194613
v -0.117721 0.801175 0.197190
v -0.042846 0.068336 0.308079
v -0.069621 0.075321 0.132364
v -0.053137 0.125438 0.193638
v -0.062735 0.127487 0.142105
v 0.039450 0.069209 0.286765
v 0.001479 0.125862 0.183426
v -0.006380 0.075811 0.120539
v -0.008677 0.130785 0.129146
v -0.113054 0.673470 0.200628
v -0.060615 0.678118 0.188793
v -0.116257 0.703295 0.192073
v -0.066257 0.702351 0.182063
v -0.066257 0.702351 0.182063
v -0.039140 0.788157 0.188386
v -0.117910 0.783600 0.194613
v -0.060615 0.678118 0.188793
v -0.016795 0.696060 0.192258
v -0.066257 0.702351 0.182063
v -0.039140 0.788157 0.188386
v -0.066257 0.702351 0.182063
v -0.016795 0.696060 0.192258
v -0.066257 0.702351 0.182063
v -0.117910 0.783600 0.194613
v -0.116257 0.703295 0.192073
v -0.016795 0.696060 0.192258
v -0.060615 0.678118 0.188793
v -0.058429 0.670871 0.196042
v -0.049443 0.415251 0.196367
v -0.016066 0.320557 0.152354
v -0.016291 0.416228 0.201861
v -0.081340 0.333914 0.150374
v -0.049443 0.415251 0.196367
v -0.077295 0.416039 0.211744
v -0.195864 0.075415 0.304479
v -0.193414 0.134167 0.189584
v -0.179075 0.085733 0.125751
v -0.186749 0.137237 0.137061
v -0.279127 0.074517 0.287989
v -0.242803 0.084794 0.117669
v -0.248450 0.133356 0.182604
v -0.241457 0.139339 0.127337
v -0.019302 0.975729 0.232047
v -0.031639 0.994537 0.188143
v -0.004093 0.883780 0.234218
v -0.024215 0.897026 0.192704
v -0.173287 0.795259 0.198081
v -0.204216 0.792979 0.236220
v -0.117721 0.801175 0.197190
v -0.180999 0.801468 0.226668
v -0.197022 1.024206 0.180335
v -0.215581 0.976417 0.239928
v -0.180186 0.904287 0.201927
v -0.210641 0.885224 0.237010
v -0.160911 1.107463 0.214209
v -0.238851 1.072577 0.245003
v -0.197022 1.024206 0.180335
v -0.237021 1.017260 0.214351
v -0.180186 0.904287 0.201927
v -0.210641 0.885224 0.237010
v -0.173287 0.795259 0.198081
v -0.204216 0.792979 0.236220
v -0.017790 0.804781 0.191915
v 0.012316 0.806237 0.227865
v -0.024215 0.897026 0.192704
v -0.004093 0.883780 0.234218
v -0.048362 0.804988 0.190477
v -0.002198 0.815584 0.235891
v -0.017790 0.804781 0.191915
v 0.012316 0.806237 0.227865
v -0.215581 0.976417 0.239928
v -0.197022 1.024206 0.180335
v -0.237021 1.017260 0.214351
v -0.160911 1.107463 0.214209
v -0.137266 1.036316 0.175303
v -0.117218 1.110229 0.203825
v 0.068773 0.664263 0.198316
v 0.067759 0.645377 0.203268
v 0.077080 0.659401 0.195974
v 0.071912 0.642947 0.202097
v 0.084929 0.647810 0.241157
v 0.093859 0.664498 0.233391
v 0.071912 0.642947 0.202097
v 0.077080 0.659401 0.195974
v 0.068773 0.664263 0.198316
v 0.022077 0.721930 0.206306
v 0.050318 0.721281 0.240454
v 0.046731 0.728132 0.237224
v 0.071912 0.642947 0.202097
v 0.067759 0.645377 0.203268
v 0.050963 0.611730 0.216130
v 0.093859 0.664498 0.233391
v 0.047727 0.722601 0.182155
v 0.077080 0.659401 0.195974
v -0.273139 0.824754 0.214240
v -0.244592 0.832967 0.210721
v -0.279033 0.879278 0.209929
v -0.251822 0.881772 0.204583
v -0.251822 0.881772 0.204583
v -0.251658 0.923272 0.213969
v -0.279033 0.879278 0.209929
v -0.278779 0.926203 0.214494
v -0.031639 0.994537 0.188143
v -0.019302 0.975729 0.232047
v -0.015497 1.005913 0.180653
v -0.014400 0.988738 0.222032
v 0.078899 0.836375 0.238738
v 0.069582 0.934177 0.222506
v 0.070455 0.890201 0.171271
v 0.066741 0.932176 0.174263
v 0.017104 0.849648 0.241678
v 0.011537 0.897756 0.171862
v 0.013077 0.929742 0.227677
v 0.015323 0.930103 0.173367
v 0.078899 0.836375 0.238738
v 0.062218 0.833383 0.183815
v 0.072912 0.727539 0.227856
v 0.022077 0.721930 0.206306
v 0.006085 0.848863 0.180503
v 0.017104 0.849648 0.241678
v 0.070455 0.890201 0.171271
v 0.062218 0.833383 0.183815
v 0.078899 0.836375 0.238738
v 0.062218 0.833383 0.183815
v 0.047727 0.722601 0.182155
v 0.072912 0.727539 0.227856
v -0.256132 0.985650 0.218268
v -0.278779 0.926203 0.214494
v -0.226126 0.964676 0.216082
v -0.251658 0.923272 0.213969
v 0.035886 1.030964 0.264606
v 0.044990 1.022666 0.189681
v 0.069582 0.934177 0.222506
v 0.066741 0.932176 0.174263
v -0.012856 0.969890 0.175779
v -0.006337 0.976172 0.248591
v 0.015323 0.930103 0.173367
v 0.013077 0.929742 0.227677
v -0.039140 0.788157 0.188386
v 0.007784 0.799265 0.236645
v -0.048362 0.804988 0.190477
v -0.002198 0.815584 0.235891
v -0.189077 0.784177 0.229297
v -0.117910 0.783600 0.194613
v -0.180999 0.801468 0.226668
v -0.117721 0.801175 0.197190
v -0.013048 0.045650 0.322344
v 0.045927 0.047050 0.287615
v -0.042071 0.054387 0.102610
v -0.006719 0.053835 0.116738
v -0.069959 0.053346 0.128564
v -0.069621 0.075321 0.132364
v -0.047868 0.046088 0.311080
v -0.042846 0.068336 0.308079
v -0.013048 0.045650 0.322344
v -0.042071 0.054387 0.102610
v -0.047868 0.046088 0.311080
v -0.069959 0.053346 0.128564
v -0.006719 0.053835 0.116738
v 0.045927 0.047050 0.287615
v -0.006380 0.075811 0.120539
v 0.039450 0.069209 0.286765
v -0.155015 0.573699 0.219309
v -0.171140 0.418911 0.206242
v -0.120313 0.563939 0.219821
v -0.141247 0.416324 0.216954
v -0.155015 0.573699 0.219309
v -0.190019 0.576855 0.230079
v -0.171140 0.418911 0.206242
v -0.202882 0.422551 0.217197
v -0.162231 0.668117 0.224364
v -0.155015 0.573699 0.219309
v -0.114321 0.647276 0.215929
v -0.120313 0.563939 0.219821
v -0.051939 0.573164 0.204535
v -0.086193 0.566976 0.214526
v -0.049443 0.415251 0.196367
v -0.077295 0.416039 0.211744
v -0.051939 0.573164 0.204535
v -0.049443 0.415251 0.196367
v -0.015219 0.573248 0.205886
v -0.016291 0.416228 0.201861
v -0.016795 0.696060 0.192258
v -0.058429 0.670871 0.196042
v -0.015219 0.573248 0.205886
v -0.051939 0.573164 0.204535
v -0.058429 0.670871 0.196042
v -0.102787 0.647582 0.212783
v -0.051939 0.573164 0.204535
v -0.086193 0.566976 0.214526
v -0.016795 0.696060 0.192258
v 0.024773 0.721833 0.245185
v -0.039140 0.788157 0.188386
v 0.007784 0.799265 0.236645
v -0.113054 0.673470 0.200628
v -0.102787 0.647582 0.212783
v -0.060615 0.678118 0.188793
v -0.058429 0.670871 0.196042
v -0.113054 0.673470 0.200628
v -0.116257 0.703295 0.192073
v -0.164418 0.675364 0.217116
v -0.164292 0.699749 0.208812
v -0.113054 0.673470 0.200628
v -0.164418 0.675364 0.217116
v -0.114321 0.647276 0.215929
v -0.162231 0.668117 0.224364
v -0.117910 0.783600 0.194613
v -0.189077 0.784177 0.229297
v -0.164292 0.699749 0.208812
v -0.102787 0.647582 0.212783
v -0.113054 0.673470 0.200628
v -0.114321 0.647276 0.215929
v -0.201334 0.691163 0.242609
v -0.164418 0.675364 0.217116
v -0.164292 0.699749 0.208812
v -0.116257 0.703295 0.192073
v -0.117910 0.783600 0.194613
v -0.164292 0.699749 0.208812
v -0.260246 0.281170 0.209040
v -0.221372 0.330544 0.163041
v -0.221118 0.424678 0.267023
v -0.202882 0.422551 0.217197
v -0.139182 0.279624 0.199285
v -0.127678 0.414159 0.258701
v -0.155815 0.338024 0.151050
v -0.141247 0.416324 0.216954
v -0.281937 0.125494 0.171782
v -0.260246 0.281170 0.209040
v -0.236129 0.114469 0.225578
v -0.217534 0.223644 0.241561
v -0.161458 0.117941 0.163513
v -0.180095 0.112103 0.223452
v -0.139182 0.279624 0.199285
v -0.162809 0.234930 0.243055
v -0.221372 0.330544 0.163041
v -0.171140 0.418911 0.206242
v -0.202882 0.422551 0.217197
v -0.171140 0.418911 0.206242
v -0.155815 0.338024 0.151050
v -0.141247 0.416324 0.216954
v 0.024113 0.269494 0.194806
v 0.009555 0.418626 0.247680
v -0.016066 0.320557 0.152354
v -0.016291 0.416228 0.201861
v -0.096067 0.279379 0.204373
v -0.081340 0.333914 0.150374
v -0.084280 0.416935 0.254944
v -0.077295 0.416039 0.211744
v 0.023590 0.110806 0.165839
v -0.013975 0.106529 0.226538
v 0.024113 0.269494 0.194806
v -0.018506 0.217727 0.237439
v -0.096398 0.114713 0.177193
v -0.096067 0.279379 0.204373
v -0.069396 0.109559 0.233423
v -0.070683 0.234374 0.246706
v -0.224201 0.051899 0.320212
v -0.207653 0.064690 0.096980
v -0.284966 0.052323 0.288787
v -0.242107 0.063027 0.113365
v -0.178381 0.063966 0.121447
v -0.190116 0.053392 0.306746
v -0.179075 0.085733 0.125751
v -0.195864 0.075415 0.304479
v -0.224201 0.051899 0.320212
v -0.190116 0.053392 0.306746
v -0.207653 0.064690 0.096980
v -0.178381 0.063966 0.121447
v -0.242107 0.063027 0.113365
v -0.242803 0.084794 0.117669
v -0.284966 0.052323 0.288787
v -0.279127 0.074517 0.287989
v -0.085032 1.186902 0.207074
v -0.049048 1.179051 0.212676
v -0.062551 1.207883 0.209743
v -0.045401 1.192963 0.210363
v -0.133727 1.217079 0.212951
v -0.118358 1.186100 0.203654
v -0.076285 1.236908 0.203858
v -0.102958 1.193698 0.202973
v -0.103419 1.194083 0.197068
v -0.118770 1.183520 0.200525
v -0.096386 1.142587 0.210885
v -0.113867 1.163630 0.201760
v -0.103419 1.194083 0.197068
v -0.102958 1.193698 0.202973
v -0.118770 1.183520 0.200525
v -0.118358 1.186100 0.203654
v -0.118358 1.186100 0.203654
v -0.113405 1.163245 0.207666
v -0.118770 1.183520 0.200525
v -0.113867 1.163630 0.201760
v -0.076285 1.236908 0.203858
v -0.062551 1.207883 0.209743
v -0.028964 1.247070 0.224731
v -0.033156 1.224840 0.226516
v -0.076285 1.236908 0.203858
v -0.099316 1.261426 0.234197
v -0.133727 1.217079 0.212951
v -0.145566 1.241599 0.233464
v -0.113405 1.163245 0.207666
v -0.096386 1.142587 0.210885
v -0.113867 1.163630 0.201760
v -0.103419 1.194083 0.197068
v -0.096386 1.142587 0.210885
v -0.085032 1.186902 0.207074
v -0.102958 1.193698 0.202973
v -0.103419 1.194083 0.197068
v -0.085032 1.186902 0.207074
v -0.062551 1.207883 0.209743
v -0.076285 1.236908 0.203858
v -0.085032 1.186902 0.207074
v -0.062551 1.207883 0.209743
v -0.045401 1.192963 0.210363
v -0.033156 1.224840 0.226516
v -0.096386 1.142587 0.210885
v -0.113405 1.163245 0.207666
v -0.111374 1.137569 0.214695
v -0.076285 1.236908 0.203858
v -0.102958 1.193698 0.202973
v -0.085032 1.186902 0.207074
v -0.045382 1.110485 0.234535
v -0.049955 1.165187 0.211794
v -0.096386 1.142587 0.210885
v -0.085032 1.186902 0.207074
v -0.049955 1.165187 0.211794
v -0.049048 1.179051 0.212676
v -0.085032 1.186902 0.207074
v -0.096386 1.142587 0.210885
v -0.049955 1.165187 0.211794
v -0.028964 1.247070 0.224731
v -0.049582 1.250851 0.226601
v -0.076285 1.236908 0.203858
v -0.117218 1.110229 0.203825
v -0.151174 1.141012 0.238928
v -0.160911 1.107463 0.214209
v -0.148403 1.138701 0.274361
v -0.078563 1.100771 0.259386
v -0.111374 1.137569 0.214695
v -0.117218 1.110229 0.203825
v -0.151174 1.141012 0.238928
v -0.117218 1.110229 0.203825
v -0.018989 1.092175 0.197028
v -0.078563 1.100771 0.259386
v -0.047975 1.087967 0.265268
v -0.284239 0.708659 0.236531
v -0.284454 0.643656 0.244178
v -0.249874 0.707182 0.244588
v -0.276655 0.649375 0.245733
v 0.067759 0.645377 0.203268
v 0.064187 0.650893 0.260603
v 0.050963 0.611730 0.216130
v 0.050182 0.619097 0.264986
v 0.050182 0.619097 0.264986
v 0.084929 0.647810 0.241157
v 0.050963 0.611730 0.216130
v 0.071912 0.642947 0.202097
v 0.047727 0.722601 0.182155
v 0.093859 0.664498 0.233391
v 0.072912 0.727539 0.227856
v 0.070277 0.724545 0.244964
v 0.068773 0.664263 0.198316
v 0.050318 0.721281 0.240454
v 0.063356 0.675379 0.257375
v 0.049765 0.711166 0.247683
v 0.063356 0.675379 0.257375
v 0.064187 0.650893 0.260603
v 0.068773 0.664263 0.198316
v 0.067759 0.645377 0.203268
v 0.046731 0.728132 0.237224
v 0.072912 0.727539 0.227856
v 0.050318 0.721281 0.240454
v 0.070277 0.724545 0.244964
v -0.237021 1.017260 0.214351
v -0.234991 1.029373 0.225505
v -0.215581 0.976417 0.239928
v -0.223876 0.999537 0.226874
v -0.248840 1.077538 0.271070
v -0.234991 1.029373 0.225505
v -0.238851 1.072577 0.245003
v -0.237021 1.017260 0.214351
v -0.273139 0.824754 0.214240
v -0.291507 0.819286 0.242002
v -0.279911 0.703588 0.214656
v -0.284239 0.708659 0.236531
v -0.249874 0.707182 0.244588
v -0.244592 0.832967 0.210721
v -0.279911 0.703588 0.214656
v -0.273139 0.824754 0.214240
v -0.222464 0.834026 0.268934
v -0.232960 0.914697 0.264525
v -0.251822 0.881772 0.204583
v -0.251658 0.923272 0.213969
v -0.302825 0.876063 0.233660
v -0.279033 0.879278 0.209929
v -0.300248 0.920208 0.229471
v -0.278779 0.926203 0.214494
v -0.291507 0.819286 0.242002
v -0.273139 0.824754 0.214240
v -0.302825 0.876063 0.233660
v -0.279033 0.879278 0.209929
v -0.249874 0.707182 0.244588
v -0.279911 0.703588 0.214656
v -0.284239 0.708659 0.236531
v -0.222464 0.834026 0.268934
v -0.251822 0.881772 0.204583
v -0.244592 0.832967 0.210721
v -0.021725 1.084501 0.258348
v -0.018989 1.092175 0.197028
v 0.014386 1.077457 0.255678
v 0.013199 1.091501 0.201617
v -0.047975 1.087967 0.265268
v -0.018989 1.092175 0.197028
v -0.021725 1.084501 0.258348
v 0.078899 0.836375 0.238738
v 0.017104 0.849648 0.241678
v 0.069582 0.934177 0.222506
v 0.013077 0.929742 0.227677
v 0.017104 0.849648 0.241678
v 0.078899 0.836375 0.238738
v 0.046731 0.728132 0.237224
v 0.072912 0.727539 0.227856
v 0.017104 0.849648 0.241678
v 0.046731 0.728132 0.237224
v 0.022077 0.721930 0.206306
v -0.279297 1.008747 0.255387
v -0.300248 0.920208 0.229471
v -0.256132 0.985650 0.218268
v -0.278779 0.926203 0.214494
v -0.256132 0.985650 0.218268
v -0.226126 0.964676 0.216082
v -0.234991 1.029373 0.225505
v -0.223876 0.999537 0.226874
v -0.248840 1.077538 0.271070
v -0.279297 1.008747 0.255387
v -0.234991 1.029373 0.225505
v -0.256132 0.985650 0.218268
v -0.226126 0.964676 0.216082
v -0.211475 0.976143 0.262922
v -0.223876 0.999537 0.226874
v 0.044990 1.022666 0.189681
v 0.035886 1.030964 0.264606
v 0.013199 1.091501 0.201617
v 0.014386 1.077457 0.255678
v 0.035886 1.030964 0.264606
v 0.069582 0.934177 0.222506
v -0.006337 0.976172 0.248591
v 0.013077 0.929742 0.227677
v -0.012856 0.969890 0.175779
v -0.014400 0.988738 0.222032
v -0.006337 0.976172 0.248591
v -0.016566 1.010216 0.268907
v -0.006337 0.976172 0.248591
v -0.014400 0.988738 0.222032
v -0.120313 0.563939 0.219821
v -0.141247 0.416324 0.216954
v -0.103606 0.534980 0.269928
v -0.127678 0.414159 0.258701
v -0.201334 0.691163 0.242609
v -0.190019 0.576855 0.230079
v -0.162231 0.668117 0.224364
v -0.155015 0.573699 0.219309
v -0.103606 0.534980 0.269928
v -0.114321 0.647276 0.215929
v -0.120313 0.563939 0.219821
v -0.086193 0.566976 0.214526
v -0.092567 0.542055 0.269388
v -0.077295 0.416039 0.211744
v -0.084280 0.416935 0.254944
v 0.024773 0.721833 0.245185
v -0.016795 0.696060 0.192258
v 0.015591 0.551765 0.250006
v -0.015219 0.573248 0.205886
v -0.015219 0.573248 0.205886
v -0.016291 0.416228 0.201861
v 0.015591 0.551765 0.250006
v 0.009555 0.418626 0.247680
v -0.102787 0.647582 0.212783
v -0.092567 0.542055 0.269388
v -0.086193 0.566976 0.214526
v -0.164418 0.675364 0.217116
v -0.201334 0.691163 0.242609
v -0.162231 0.668117 0.224364
v -0.164292 0.699749 0.208812
v -0.189077 0.784177 0.229297
v -0.201334 0.691163 0.242609
v -0.180095 0.112103 0.223452
v -0.236129 0.114469 0.225578
v -0.162809 0.234930 0.243055
v -0.217534 0.223644 0.241561
v -0.069396 0.109559 0.233423
v -0.070683 0.234374 0.246706
v -0.013975 0.106529 0.226538
v -0.018506 0.217727 0.237439
v -0.045382 1.110485 0.234535
v -0.096386 1.142587 0.210885
v -0.072403 1.114939 0.230985
v -0.111374 1.137569 0.214695
v -0.038057 1.176886 0.238525
v -0.025777 1.193523 0.229756
v -0.049048 1.179051 0.212676
v -0.045401 1.192963 0.210363
v -0.151174 1.141012 0.238928
v -0.113405 1.163245 0.207666
v -0.159578 1.205937 0.235093
v -0.118358 1.186100 0.203654
v -0.038057 1.176886 0.238525
v -0.049048 1.179051 0.212676
v -0.039921 1.152124 0.233986
v -0.049955 1.165187 0.211794
v -0.017968 1.150152 0.247055
v -0.024886 1.181085 0.249720
v -0.039921 1.152124 0.233986
v -0.038057 1.176886 0.238525
v -0.045382 1.110485 0.234535
v -0.039921 1.152124 0.233986
v -0.049955 1.165187 0.211794
v -0.159578 1.205937 0.235093
v -0.133727 1.217079 0.212951
v -0.145566 1.241599 0.233464
v -0.076285 1.236908 0.203858
v -0.049582 1.250851 0.226601
v -0.099316 1.261426 0.234197
v -0.039921 1.152124 0.233986
v -0.045382 1.110485 0.234535
v -0.030397 1.142411 0.247494
v -0.118358 1.186100 0.203654
v -0.133727 1.217079 0.212951
v -0.159578 1.205937 0.235093
v -0.025777 1.193523 0.229756
v -0.038057 1.176886 0.238525
v -0.024886 1.181085 0.249720
v -0.033156 1.224840 0.226516
v -0.045401 1.192963 0.210363
v -0.025777 1.193523 0.229756
v -0.111374 1.137569 0.214695
v -0.113405 1.163245 0.207666
v -0.151174 1.141012 0.238928
v -0.030397 1.142411 0.247494
v -0.017968 1.150152 0.247055
v -0.039921 1.152124 0.233986
v -0.168863 1.095054 0.280846
v -0.160911 1.107463 0.214209
v -0.105372 1.132564 0.291466
v -0.148403 1.138701 0.274361
v -0.078563 1.100771 0.259386
v -0.111485 1.072999 0.307438
v -0.111374 1.137569 0.214695
v -0.072403 1.114939 0.230985
v -0.072403 1.114939 0.230985
v -0.111485 1.072999 0.307438
v -0.069633 1.112630 0.266417
v -0.023697 0.870632 0.303625
v -0.026661 1.003591 0.298883
v -0.004093 0.883780 0.234218
v -0.019302 0.975729 0.232047
v -0.202962 0.962762 0.285909
v -0.207997 0.870871 0.282677
v -0.215581 0.976417 0.239928
v -0.210641 0.885224 0.237010
v 0.012316 0.806237 0.227865
v -0.002198 0.815584 0.235891
v -0.014529 0.800958 0.308163
v -0.021593 0.824933 0.302245
v -0.180999 0.801468 0.226668
v -0.204216 0.792979 0.236220
v -0.198270 0.810381 0.289390
v -0.214891 0.791853 0.281863
v -0.204216 0.792979 0.236220
v -0.210641 0.885224 0.237010
v -0.214891 0.791853 0.281863
v -0.207997 0.870871 0.282677
v 0.012316 0.806237 0.227865
v -0.014529 0.800958 0.308163
v -0.004093 0.883780 0.234218
v -0.023697 0.870632 0.303625
v -0.160911 1.107463 0.214209
v -0.168863 1.095054 0.280846
v -0.238851 1.072577 0.245003
v -0.181282 1.080816 0.291649
v -0.276655 0.649375 0.245733
v -0.284454 0.643656 0.244178
v -0.272437 0.630693 0.249325
v -0.276337 0.627833 0.248548
v -0.283684 0.629410 0.289106
v -0.276337 0.627833 0.248548
v -0.295741 0.645066 0.283608
v -0.284454 0.643656 0.244178
v -0.276655 0.649375 0.245733
v -0.259759 0.706100 0.288547
v -0.249874 0.707182 0.244588
v -0.254795 0.714076 0.283355
v -0.272437 0.630693 0.249325
v -0.276337 0.627833 0.248548
v -0.249725 0.599092 0.257803
v -0.284239 0.708659 0.236531
v -0.295741 0.645066 0.283608
v -0.284454 0.643656 0.244178
v 0.084769 0.675707 0.259689
v 0.093859 0.664498 0.233391
v 0.077501 0.649707 0.259840
v 0.084929 0.647810 0.241157
v 0.093859 0.664498 0.233391
v 0.084769 0.675707 0.259689
v 0.070277 0.724545 0.244964
v 0.072609 0.718646 0.259108
v 0.084769 0.675707 0.259689
v 0.077501 0.649707 0.259840
v 0.063356 0.675379 0.257375
v 0.064187 0.650893 0.260603
v 0.072609 0.718646 0.259108
v 0.049765 0.711166 0.247683
v 0.070277 0.724545 0.244964
v 0.050318 0.721281 0.240454
v 0.064187 0.650893 0.260603
v 0.077501 0.649707 0.259840
v 0.050182 0.619097 0.264986
v 0.084769 0.675707 0.259689
v 0.063356 0.675379 0.257375
v 0.049765 0.711166 0.247683
v 0.077501 0.649707 0.259840
v 0.084929 0.647810 0.241157
v 0.050182 0.619097 0.264986
v -0.215581 0.976417 0.239928
v -0.223876 0.999537 0.226874
v -0.202962 0.962762 0.285909
v -0.211475 0.976143 0.262922
v -0.277359 0.822719 0.297584
v -0.302825 0.876063 0.233660
v -0.288337 0.914404 0.276167
v -0.300248 0.920208 0.229471
v -0.244592 0.832967 0.210721
v -0.249874 0.707182 0.244588
v -0.222464 0.834026 0.268934
v -0.277359 0.822719 0.297584
v -0.291507 0.819286 0.242002
v -0.302825 0.876063 0.233660
v -0.284239 0.708659 0.236531
v -0.291507 0.819286 0.242002
v -0.282044 0.714297 0.288345
v -0.011660 1.008646 0.286556
v -0.016566 1.010216 0.268907
v -0.019302 0.975729 0.232047
v -0.014400 0.988738 0.222032
v -0.021725 1.084501 0.258348
v 0.014386 1.077457 0.255678
v -0.011660 1.008646 0.286556
v -0.016566 1.010216 0.268907
v -0.226126 0.964676 0.216082
v -0.251658 0.923272 0.213969
v -0.210421 0.958903 0.287803
v -0.232960 0.914697 0.264525
v -0.211475 0.976143 0.262922
v -0.226126 0.964676 0.216082
v -0.210421 0.958903 0.287803
v 0.035886 1.030964 0.264606
v -0.006337 0.976172 0.248591
v 0.014386 1.077457 0.255678
v -0.016566 1.010216 0.268907
v -0.189077 0.784177 0.229297
v -0.180999 0.801468 0.226668
v -0.205588 0.793602 0.294864
v -0.198270 0.810381 0.289390
v -0.021593 0.824933 0.302245
v -0.002198 0.815584 0.235891
v -0.005400 0.803251 0.302464
v 0.007784 0.799265 0.236645
v 0.039450 0.069209 0.286765
v -0.014309 0.067967 0.317557
v 0.001479 0.125862 0.183426
v -0.021192 0.124978 0.205440
v -0.021192 0.124978 0.205440
v -0.014309 0.067967 0.317557
v -0.053137 0.125438 0.193638
v -0.042846 0.068336 0.308079
v -0.211667 0.715559 0.309699
v -0.211345 0.555236 0.279550
v -0.201334 0.691163 0.242609
v -0.190019 0.576855 0.230079
v -0.190019 0.576855 0.230079
v -0.211345 0.555236 0.279550
v -0.202882 0.422551 0.217197
v -0.221118 0.424678 0.267023
v 0.009555 0.418626 0.247680
v -0.007695 0.422942 0.304799
v 0.015591 0.551765 0.250006
v -0.201334 0.691163 0.242609
v -0.189077 0.784177 0.229297
v -0.211667 0.715559 0.309699
v -0.205588 0.793602 0.294864
v -0.162809 0.234930 0.243055
v -0.145527 0.418310 0.312097
v -0.139182 0.279624 0.199285
v -0.127678 0.414159 0.258701
v -0.217534 0.223644 0.241561
v -0.260246 0.281170 0.209040
v -0.194923 0.424195 0.321067
v -0.221118 0.424678 0.267023
v -0.070683 0.234374 0.246706
v -0.096067 0.279379 0.204373
v -0.058048 0.421536 0.304181
v -0.084280 0.416935 0.254944
v -0.018506 0.217727 0.237439
v -0.007695 0.422942 0.304799
v 0.024113 0.269494 0.194806
v 0.009555 0.418626 0.247680
v -0.279127 0.074517 0.287989
v -0.248450 0.133356 0.182604
v -0.223785 0.074178 0.315763
v -0.224602 0.132717 0.203418
v -0.224602 0.132717 0.203418
v -0.193414 0.134167 0.189584
v -0.223785 0.074178 0.315763
v -0.195864 0.075415 0.304479
v -0.145566 1.241599 0.233464
v -0.099316 1.261426 0.234197
v -0.140949 1.237749 0.292519
v -0.095161 1.257961 0.287346
v -0.140949 1.237749 0.292519
v -0.155423 1.202472 0.288242
v -0.145566 1.241599 0.233464
v -0.159578 1.205937 0.235093
v -0.159578 1.205937 0.235093
v -0.155423 1.202472 0.288242
v -0.151174 1.141012 0.238928
v -0.148403 1.138701 0.274361
v -0.072403 1.114939 0.230985
v -0.069633 1.112630 0.266417
v -0.045382 1.110485 0.234535
v -0.043535 1.108945 0.258157
v -0.024348 1.243220 0.283786
v -0.044965 1.247001 0.285656
v -0.028964 1.247070 0.224731
v -0.049582 1.250851 0.226601
v -0.017968 1.150152 0.247055
v -0.037613 1.150199 0.263513
v -0.024886 1.181085 0.249720
v -0.036211 1.175346 0.262146
v -0.033156 1.224840 0.226516
v -0.025777 1.193523 0.229756
v -0.029001 1.221375 0.279665
v -0.022545 1.190828 0.271094
v -0.049582 1.250851 0.226601
v -0.044965 1.247001 0.285656
v -0.099316 1.261426 0.234197
v -0.095161 1.257961 0.287346
v -0.028964 1.247070 0.224731
v -0.033156 1.224840 0.226516
v -0.024348 1.243220 0.283786
v -0.029001 1.221375 0.279665
v -0.043535 1.108945 0.258157
v -0.037613 1.150199 0.263513
v -0.030397 1.142411 0.247494
v -0.036211 1.175346 0.262146
v -0.022545 1.190828 0.271094
v -0.024886 1.181085 0.249720
v -0.017968 1.150152 0.247055
v -0.030397 1.142411 0.247494
v -0.037613 1.150199 0.263513
v -0.030397 1.142411 0.247494
v -0.045382 1.110485 0.234535
v -0.043535 1.108945 0.258157
v -0.022545 1.190828 0.271094
v -0.025777 1.193523 0.229756
v -0.024886 1.181085 0.249720
v -0.168863 1.095054 0.280846
v -0.105372 1.132564 0.291466
v -0.111485 1.072999 0.307438
v -0.069633 1.112630 0.266417
v -0.053127 1.009118 0.312579
v -0.078563 1.100771 0.259386
v -0.026661 1.003591 0.298883
v -0.047975 1.087967 0.265268
v -0.272437 0.630693 0.249325
v -0.249725 0.599092 0.257803
v -0.260949 0.634213 0.305862
v -0.242488 0.604440 0.306433
v -0.242488 0.604440 0.306433
v -0.249725 0.599092 0.257803
v -0.283684 0.629410 0.289106
v -0.276337 0.627833 0.248548
v -0.284239 0.708659 0.236531
v -0.282044 0.714297 0.288345
v -0.295741 0.645066 0.283608
v -0.278915 0.706663 0.295754
v -0.276655 0.649375 0.245733
v -0.263844 0.658571 0.304085
v -0.259759 0.706100 0.288547
v -0.256793 0.695906 0.294991
v -0.263844 0.658571 0.304085
v -0.276655 0.649375 0.245733
v -0.260949 0.634213 0.305862
v -0.272437 0.630693 0.249325
v -0.254795 0.714076 0.283355
v -0.259759 0.706100 0.288547
v -0.282044 0.714297 0.288345
v -0.278915 0.706663 0.295754
v 0.049765 0.711166 0.247683
v 0.072609 0.718646 0.259108
v 0.062529 0.661224 0.293118
v 0.070236 0.665403 0.295722
v 0.049765 0.711166 0.247683
v 0.062529 0.661224 0.293118
v 0.084769 0.675707 0.259689
v 0.070443 0.659028 0.290303
v 0.072609 0.718646 0.259108
v 0.084769 0.675707 0.259689
v 0.070236 0.665403 0.295722
v 0.070443 0.659028 0.290303
v 0.062529 0.661224 0.293118
v 0.070236 0.665403 0.295722
v 0.070443 0.659028 0.290303
v -0.206864 1.073819 0.298205
v -0.232812 1.055237 0.319712
v -0.238851 1.072577 0.245003
v -0.248840 1.077538 0.271070
v -0.238851 1.072577 0.245003
v -0.181282 1.080816 0.291649
v -0.206864 1.073819 0.298205
v -0.277359 0.822719 0.297584
v -0.288337 0.914404 0.276167
v -0.222464 0.834026 0.268934
v -0.232960 0.914697 0.264525
v -0.222464 0.834026 0.268934
v -0.254795 0.714076 0.283355
v -0.277359 0.822719 0.297584
v -0.282044 0.714297 0.288345
v -0.291507 0.819286 0.242002
v -0.277359 0.822719 0.297584
v -0.282044 0.714297 0.288345
v -0.222464 0.834026 0.268934
v -0.249874 0.707182 0.244588
v -0.254795 0.714076 0.283355
v -0.047975 1.087967 0.265268
v -0.021725 1.084501 0.258348
v -0.026661 1.003591 0.298883
v -0.011660 1.008646 0.286556
v -0.011660 1.008646 0.286556
v -0.019302 0.975729 0.232047
v -0.026661 1.003591 0.298883
v -0.248232 1.006132 0.325158
v -0.210421 0.958903 0.287803
v -0.288337 0.914404 0.276167
v -0.232960 0.914697 0.264525
v -0.248232 1.006132 0.325158
v -0.288337 0.914404 0.276167
v -0.279297 1.008747 0.255387
v -0.300248 0.920208 0.229471
v -0.211475 0.976143 0.262922
v -0.210421 0.958903 0.287803
v -0.196177 0.990155 0.310683
v -0.145527 0.418310 0.312097
v -0.103606 0.534980 0.269928
v -0.127678 0.414159 0.258701
v 0.002683 0.748680 0.314904
v 0.024773 0.721833 0.245185
v -0.007695 0.422942 0.304799
v 0.015591 0.551765 0.250006
v -0.092567 0.542055 0.269388
v -0.058048 0.421536 0.304181
v -0.084280 0.416935 0.254944
v -0.102787 0.647582 0.212783
v -0.114321 0.647276 0.215929
v -0.069048 0.660602 0.349391
v -0.074815 0.660449 0.350964
v 0.024773 0.721833 0.245185
v 0.002683 0.748680 0.314904
v 0.007784 0.799265 0.236645
v -0.005400 0.803251 0.302464
v -0.217534 0.223644 0.241561
v -0.194923 0.424195 0.321067
v -0.162809 0.234930 0.243055
v -0.145527 0.418310 0.312097
v -0.018506 0.217727 0.237439
v -0.070683 0.234374 0.246706
v -0.007695 0.422942 0.304799
v -0.058048 0.421536 0.304181
v -0.036211 1.175346 0.262146
v -0.037613 1.150199 0.263513
v -0.043047 1.174045 0.289447
v -0.043954 1.160182 0.288565
v -0.043535 1.108945 0.258157
v -0.069633 1.112630 0.266417
v -0.089923 1.137196 0.293562
v -0.105372 1.132564 0.291466
v -0.036211 1.175346 0.262146
v -0.043047 1.174045 0.289447
v -0.022545 1.190828 0.271094
v -0.038939 1.187572 0.293039
v -0.037613 1.150199 0.263513
v -0.043535 1.108945 0.258157
v -0.043954 1.160182 0.288565
v -0.044965 1.247001 0.285656
v -0.067976 1.229977 0.310156
v -0.095161 1.257961 0.287346
v -0.043954 1.160182 0.288565
v -0.043535 1.108945 0.258157
v -0.089923 1.137196 0.293562
v -0.043954 1.160182 0.288565
v -0.077645 1.180743 0.301562
v -0.043047 1.174045 0.289447
v -0.089923 1.137196 0.293562
v -0.077645 1.180743 0.301562
v -0.043954 1.160182 0.288565
v -0.038939 1.187572 0.293039
v -0.029001 1.221375 0.279665
v -0.022545 1.190828 0.271094
v -0.148403 1.138701 0.274361
v -0.106019 1.157084 0.302153
v -0.105372 1.132564 0.291466
v -0.038939 1.187572 0.293039
v -0.055627 1.202108 0.298325
v -0.029001 1.221375 0.279665
v -0.024348 1.243220 0.283786
v -0.067976 1.229977 0.310156
v -0.044965 1.247001 0.285656
v -0.157691 0.862150 0.335469
v -0.207997 0.870871 0.282677
v -0.170318 1.000240 0.338630
v -0.202962 0.962762 0.285909
v -0.168863 1.095054 0.280846
v -0.111485 1.072999 0.307438
v -0.146340 1.003217 0.334732
v -0.093709 0.989478 0.343910
v -0.214891 0.791853 0.281863
v -0.154348 0.792106 0.341392
v -0.198270 0.810381 0.289390
v -0.148463 0.821566 0.336862
v -0.214891 0.791853 0.281863
v -0.207997 0.870871 0.282677
v -0.154348 0.792106 0.341392
v -0.157691 0.862150 0.335469
v -0.078563 1.100771 0.259386
v -0.053127 1.009118 0.312579
v -0.111485 1.072999 0.307438
v -0.093709 0.989478 0.343910
v -0.146340 1.003217 0.334732
v -0.170318 1.000240 0.338630
v -0.168863 1.095054 0.280846
v -0.181282 1.080816 0.291649
v -0.088307 0.872028 0.331251
v -0.023697 0.870632 0.303625
v -0.081986 0.825303 0.330936
v -0.021593 0.824933 0.302245
v -0.014529 0.800958 0.308163
v -0.021593 0.824933 0.302245
v -0.023697 0.870632 0.303625
v -0.026661 1.003591 0.298883
v -0.023697 0.870632 0.303625
v -0.053127 1.009118 0.312579
v -0.284364 0.656152 0.309126
v -0.273861 0.631430 0.306735
v -0.295741 0.645066 0.283608
v -0.283684 0.629410 0.289106
v -0.295741 0.645066 0.283608
v -0.278915 0.706663 0.295754
v -0.284364 0.656152 0.309126
v -0.278255 0.699982 0.309662
v -0.263844 0.658571 0.304085
v -0.260949 0.634213 0.305862
v -0.284364 0.656152 0.309126
v -0.273861 0.631430 0.306735
v -0.278255 0.699982 0.309662
v -0.278915 0.706663 0.295754
v -0.256793 0.695906 0.294991
v -0.259759 0.706100 0.288547
v -0.273861 0.631430 0.306735
v -0.260949 0.634213 0.305862
v -0.242488 0.604440 0.306433
v -0.263844 0.658571 0.304085
v -0.284364 0.656152 0.309126
v -0.256793 0.695906 0.294991
v -0.283684 0.629410 0.289106
v -0.273861 0.631430 0.306735
v -0.242488 0.604440 0.306433
v -0.189978 1.002008 0.334406
v -0.202962 0.962762 0.285909
v -0.196177 0.990155 0.310683
v -0.211475 0.976143 0.262922
v -0.181282 1.080816 0.291649
v -0.170318 1.000240 0.338630
v -0.206864 1.073819 0.298205
v -0.189978 1.002008 0.334406
v -0.206864 1.073819 0.298205
v -0.189978 1.002008 0.334406
v -0.232812 1.055237 0.319712
v -0.196177 0.990155 0.310683
v -0.248232 1.006132 0.325158
v -0.232812 1.055237 0.319712
v -0.210421 0.958903 0.287803
v -0.196177 0.990155 0.310683
v -0.279297 1.008747 0.255387
v -0.248840 1.077538 0.271070
v -0.248232 1.006132 0.325158
v -0.232812 1.055237 0.319712
v -0.148463 0.821566 0.336862
v -0.161104 0.799119 0.344948
v -0.198270 0.810381 0.289390
v -0.205588 0.793602 0.294864
v -0.047868 0.046088 0.311080
v -0.042846 0.068336 0.308079
v -0.013048 0.045650 0.322344
v -0.014309 0.067967 0.317557
v 0.045927 0.047050 0.287615
v -0.013048 0.045650 0.322344
v 0.039450 0.069209 0.286765
v -0.014309 0.067967 0.317557
v -0.158788 0.744396 0.358962
v -0.194923 0.424195 0.321067
v -0.211667 0.715559 0.309699
v -0.211345 0.555236 0.279550
v -0.221118 0.424678 0.267023
v -0.211345 0.555236 0.279550
v -0.194923 0.424195 0.321067
v -0.114321 0.647276 0.215929
v -0.103606 0.534980 0.269928
v -0.074815 0.660449 0.350964
v -0.074815 0.660449 0.350964
v -0.103606 0.534980 0.269928
v -0.145527 0.418310 0.312097
v -0.092567 0.542055 0.269388
v -0.102787 0.647582 0.212783
v -0.069048 0.660602 0.349391
v -0.190116 0.053392 0.306746
v -0.224201 0.051899 0.320212
v -0.195864 0.075415 0.304479
v -0.223785 0.074178 0.315763
v -0.284966 0.052323 0.288787
v -0.279127 0.074517 0.287989
v -0.224201 0.051899 0.320212
v -0.223785 0.074178 0.315763
v -0.126341 1.210919 0.307438
v -0.067976 1.229977 0.310156
v -0.110048 1.179170 0.309952
v -0.094648 1.186767 0.309272
v -0.094187 1.186382 0.315178
v -0.089923 1.137196 0.293562
v -0.109999 1.176204 0.312729
v -0.105557 1.156700 0.308059
v -0.155423 1.202472 0.288242
v -0.110048 1.179170 0.309952
v -0.148403 1.138701 0.274361
v -0.106019 1.157084 0.302153
v -0.110048 1.179170 0.309952
v -0.109999 1.176204 0.312729
v -0.106019 1.157084 0.302153
v -0.105557 1.156700 0.308059
v -0.094187 1.186382 0.315178
v -0.109999 1.176204 0.312729
v -0.094648 1.186767 0.309272
v -0.110048 1.179170 0.309952
v -0.077645 1.180743 0.301562
v -0.055627 1.202108 0.298325
v -0.043047 1.174045 0.289447
v -0.038939 1.187572 0.293039
v -0.067976 1.229977 0.310156
v -0.024348 1.243220 0.283786
v -0.055627 1.202108 0.298325
v -0.029001 1.221375 0.279665
v -0.067976 1.229977 0.310156
v -0.126341 1.210919 0.307438
v -0.095161 1.257961 0.287346
v -0.140949 1.237749 0.292519
v -0.126341 1.210919 0.307438
v -0.155423 1.202472 0.288242
v -0.140949 1.237749 0.292519
v -0.094187 1.186382 0.315178
v -0.094648 1.186767 0.309272
v -0.077645 1.180743 0.301562
v -0.105372 1.132564 0.291466
v -0.106019 1.157084 0.302153
v -0.089923 1.137196 0.293562
v -0.089923 1.137196 0.293562
v -0.106019 1.157084 0.302153
v -0.105557 1.156700 0.308059
v -0.089923 1.137196 0.293562
v -0.094187 1.186382 0.315178
v -0.077645 1.180743 0.301562
v -0.155423 1.202472 0.288242
v -0.126341 1.210919 0.307438
v -0.110048 1.179170 0.309952
v -0.094648 1.186767 0.309272
v -0.067976 1.229977 0.310156
v -0.077645 1.180743 0.301562
v -0.067976 1.229977 0.310156
v -0.055627 1.202108 0.298325
v -0.077645 1.180743 0.301562
v -0.157691 0.862150 0.335469
v -0.146340 1.003217 0.334732
v -0.088307 0.872028 0.331251
v -0.093709 0.989478 0.343910
v -0.088307 0.872028 0.331251
v -0.081986 0.825303 0.330936
v -0.157691 0.862150 0.335469
v -0.148463 0.821566 0.336862
v -0.023697 0.870632 0.303625
v -0.088307 0.872028 0.331251
v -0.053127 1.009118 0.312579
v -0.093709 0.989478 0.343910
v -0.154348 0.792106 0.341392
v -0.157691 0.862150 0.335469
v -0.148463 0.821566 0.336862
v -0.157691 0.862150 0.335469
v -0.170318 1.000240 0.338630
v -0.146340 1.003217 0.334732
v -0.256793 0.695906 0.294991
v -0.255736 0.643261 0.338418
v -0.278255 0.699982 0.309662
v -0.263385 0.646318 0.342235
v -0.256793 0.695906 0.294991
v -0.284364 0.656152 0.309126
v -0.255736 0.643261 0.338418
v -0.263575 0.640234 0.336513
v -0.278255 0.699982 0.309662
v -0.263385 0.646318 0.342235
v -0.284364 0.656152 0.309126
v -0.263575 0.640234 0.336513
v -0.263385 0.646318 0.342235
v -0.255736 0.643261 0.338418
v -0.263575 0.640234 0.336513
v -0.170318 1.000240 0.338630
v -0.202962 0.962762 0.285909
v -0.189978 1.002008 0.334406
v -0.079228 0.800994 0.338453
v -0.081986 0.825303 0.330936
v -0.005400 0.803251 0.302464
v -0.021593 0.824933 0.302245
v -0.079228 0.800994 0.338453
v -0.161104 0.799119 0.344948
v -0.081986 0.825303 0.330936
v -0.148463 0.821566 0.336862
v -0.158788 0.744396 0.358962
v -0.074815 0.660449 0.350964
v -0.194923 0.424195 0.321067
v -0.145527 0.418310 0.312097
v 0.002683 0.748680 0.314904
v -0.007695 0.422942 0.304799
v -0.069048 0.660602 0.349391
v -0.058048 0.421536 0.304181
v -0.058048 0.421536 0.304181
v -0.092567 0.542055 0.269388
v -0.069048 0.660602 0.349391
v -0.071904 0.709979 0.355582
v -0.079228 0.800994 0.338453
v 0.002683 0.748680 0.314904
v -0.005400 0.803251 0.302464
v -0.211667 0.715559 0.309699
v -0.205588 0.793602 0.294864
v -0.158788 0.744396 0.358962
v -0.161104 0.799119 0.344948
v -0.071904 0.709979 0.355582
v -0.158788 0.744396 0.358962
v -0.079228 0.800994 0.338453
v -0.161104 0.799119 0.344948
v 0.002683 0.748680 0.314904
v -0.069048 0.660602 0.349391
v -0.071904 0.709979 0.355582
v -0.069048 0.660602 0.349391
v -0.074815 0.660449 0.350964
v -0.071904 0.709979 0.355582
v -0.074815 0.660449 0.350964
v -0.158788 0.744396 0.358962
v -0.071904 0.709979 0.355582
v -2.499262 1.966966 1.324242
v -3.271586 1.967422 1.287497
v -2.462449 1.976865 0.551797
v -3.234773 1.977320 0.515051
v -2.499262 1.966966 1.324242
v -3.271586 1.967422 1.287497
v -2.462449 1.976865 0.551797
v -3.234773 1.977320 0.515051
v -1.726938 0.019543 1.335848
v -1.880799 0.019633 1.328527
v -1.690125 0.029440 0.563402
v -1.843987 0.029531 0.556081
v -1.726938 0.019543 1.335848
v -1.880799 0.019633 1.328527
v -1.690125 0.029440 0.563402
v -1.843987 0.029531 0.556081
v -1.880799 0.019633 1.328527
v -1.880799 0.740941 1.337841
v -1.843987 0.029531 0.556081
v -1.843987 0.750839 0.565395
v -1.880799 0.019633 1.328527
v -1.880799 0.740941 1.337841
v -1.843987 0.029531 0.556081
v -1.843987 0.750839 0.565395
v -1.575482 1.615687 0.589340
v -1.612296 1.605789 1.361786
v -2.462449 1.976865 0.551797
v -2.499262 1.966966 1.324242
v -1.575482 1.615687 0.589340
v -1.612296 1.605789 1.361786
v -2.462449 1.976865 0.551797
v -2.499262 1.966966 1.324242
v -0.954614 0.019086 1.372593
v -1.726938 0.019543 1.335848
v -0.917801 0.028985 0.600147
v -1.690125 0.029440 0.563402
v -0.954614 0.019086 1.372593
v -1.726938 0.019543 1.335848
v -0.917801 0.028985 0.600147
v -1.690125 0.029440 0.563402
v -1.880799 0.740941 1.337841
v -1.880799 1.462249 1.347155
v -1.843987 0.750839 0.565395
v -1.843987 1.472147 0.574710
v -1.880799 0.740941 1.337841
v -1.880799 1.462249 1.347155
v -1.843987 0.750839 0.565395
v -1.843987 1.472147 0.574710
v -1.726938 1.462159 1.354476
v -1.612296 1.462091 1.359930
v -1.690125 1.472057 0.582030
v -1.575482 1.471989 0.587484
v -1.726938 1.462159 1.354476
v -1.612296 1.462091 1.359930
v -1.690125 1.472057 0.582030
v -1.575482 1.471989 0.587484
v -1.690125 1.472057 0.582030
v -1.843987 1.472147 0.574710
v -1.726938 1.462159 1.354476
v -1.880799 1.462249 1.347155
v -1.690125 1.472057 0.582030
v -1.843987 1.472147 0.574710
v -1.726938 1.462159 1.354476
v -1.880799 1.462249 1.347155
v -0.182290 0.018631 1.409339
v -0.954614 0.019086 1.372593
v -0.145476 0.028529 0.636893
v -0.917801 0.028985 0.600147
v -0.182290 0.018631 1.409339
v -0.954614 0.019086 1.372593
v -0.145476 0.028529 0.636893
v -0.917801 0.028985 0.600147
v -1.612296 1.462091 1.359930
v -1.612296 1.605789 1.361786
v -1.575482 1.471989 0.587484
v -1.575482 1.615687 0.589340
v -1.612296 1.462091 1.359930
v -1.612296 1.605789 1.361786
v -1.575482 1.471989 0.587484
v -1.575482 1.615687 0.589340
v 0.590034 0.018175 1.446085
v -0.182290 0.018631 1.409339
v 0.626847 0.028072 0.673639
v -0.145476 0.028529 0.636893
v 0.590034 0.018175 1.446085
v -0.182290 0.018631 1.409339
v 0.626847 0.028072 0.673639
v -0.145476 0.028529 0.636893
v 1.362358 0.017719 1.482832
v 0.590034 0.018175 1.446085
v 1.399172 0.027617 0.710386
v 0.626847 0.028072 0.673639
v 1.362358 0.017719 1.482832
v 0.590034 0.018175 1.446085
v 1.399172 0.027617 0.710386
v 0.626847 0.028072 0.673639
v 2.149767 0.017253 1.520295
v 1.362358 0.017719 1.482832
v 2.186580 0.027152 0.747850
v 1.399172 0.027617 0.710386
v 2.149767 0.017253 1.520295
v 1.362358 0.017719 1.482832
v 2.186580 0.027152 0.747850
v 1.399172 0.027617 0.710386
v 2.908517 0.016807 1.556323
v 2.136193 0.017262 1.519577
v 2.945331 0.026705 0.783877
v 2.173006 0.027161 0.747131
v 2.908517 0.016807 1.556323
v 2.136193 0.017262 1.519577
v 2.945331 0.026705 0.783877
v 2.173006 0.027161 0.747131
v -2.536076 1.957068 2.096688
v -3.308400 1.957524 2.059943
v -2.499262 1.966966 1.324242
v -3.271586 1.967422 1.287497
v -2.536076 1.957068 2.096688
v -3.308400 1.957524 2.059943
v -2.499262 1.966966 1.324242
v -3.271586 1.967422 1.287497
v -1.763751 0.009644 2.108293
v -1.917613 0.009735 2.100973
v -1.726938 0.019543 1.335848
v -1.880799 0.019633 1.328527
v -1.763751 0.009644 2.108293
v -1.917613 0.009735 2.100973
v -1.726938 0.019543 1.335848
v -1.880799 0.019633 1.328527
v -1.917613 0.009735 2.100973
v -1.917613 0.731043 2.110287
v -1.880799 0.019633 1.328527
v -1.880799 0.740941 1.337841
v -1.917613 0.009735 2.100973
v -1.917613 0.731043 2.110287
v -1.880799 0.019633 1.328527
v -1.880799 0.740941 1.337841
v -2.499262 1.966966 1.324242
v -1.612296 1.605789 1.361786
v -2.536076 1.957068 2.096688
v -1.649110 1.595891 2.134231
v -2.499262 1.966966 1.324242
v -1.612296 1.605789 1.361786
v -2.536076 1.957068 2.096688
v -1.649110 1.595891 2.134231
v -0.991427 0.009188 2.145039
v -1.763751 0.009644 2.108293
v -0.954614 0.019086 1.372593
v -1.726938 0.019543 1.335848
v -0.991427 0.009188 2.145039
v -1.763751 0.009644 2.108293
v -0.954614 0.019086 1.372593
v -1.726938 0.019543 1.335848
v -1.917613 0.731043 2.110287
v -1.917613 1.452351 2.119601
v -1.880799 0.740941 1.337841
v -1.880799 1.462249 1.347155
v -1.917613 0.731043 2.110287
v -1.917613 1.452351 2.119601
v -1.880799 0.740941 1.337841
v -1.880799 1.462249 1.347155
v -1.763751 1.452260 2.126922
v -1.649110 1.452192 2.132376
v -1.726938 1.462159 1.354476
v -1.612296 1.462091 1.359930
v -1.763751 1.452260 2.126922
v -1.649110 1.452192 2.132376
v -1.726938 1.462159 1.354476
v -1.612296 1.462091 1.359930
v -1.726938 1.462159 1.354476
v -1.880799 1.462249 1.347155
v -1.763751 1.452260 2.126922
v -1.917613 1.452351 2.119601
v -1.726938 1.462159 1.354476
v -1.880799 1.462249 1.347155
v -1.763751 1.452260 2.126922
v -1.917613 1.452351 2.119601
v -0.035232 0.717739 0.162234
v -0.005400 0.803251 0.302464
v -0.219103 0.008732 2.181785
v -0.991427 0.009188 2.145039
v -0.182290 0.018631 1.409339
v -0.954614 0.019086 1.372593
v -0.219103 0.008732 2.181785
v -0.991427 0.009188 2.145039
v -0.182290 0.018631 1.409339
v -0.954614 0.019086 1.372593
v -1.649110 1.452192 2.132376
v -1.649110 1.595891 2.134231
v -1.612296 1.462091 1.359930
v -1.612296 1.605789 1.361786
v -1.649110 1.452192 2.132376
v -1.649110 1.595891 2.134231
v -1.612296 1.462091 1.359930
v -1.612296 1.605789 1.361786
v 0.553221 0.008276 2.218531
v -0.219103 0.008732 2.181785
v 0.590034 0.018175 1.446085
v -0.182290 0.018631 1.409339
v 0.553221 0.008276 2.218531
v -0.219103 0.008732 2.181785
v 0.590034 0.018175 1.446085
v -0.182290 0.018631 1.409339
v 1.325545 0.007820 2.255277
v 0.553221 0.008276 2.218531
v 1.362358 0.017719 1.482832
v 0.590034 0.018175 1.446085
v 1.325545 0.007820 2.255277
v 0.553221 0.008276 2.218531
v 1.362358 0.017719 1.482832
v 0.590034 0.018175 1.446085
v 2.112954 0.007356 2.292741
v 1.325545 0.007820 2.255277
v 2.149767 0.017253 1.520295
v 1.362358 0.017719 1.482832
v 2.112954 0.007356 2.292741
v 1.325545 0.007820 2.255277
v 2.149767 0.017253 1.520295
v 1.362358 0.017719 1.482832
v 2.871703 0.006909 2.328769
v 2.099380 0.007364 2.292023
v 2.908517 0.016807 1.556323
v 2.136193 0.017262 1.519577
v 2.871703 0.006909 2.328769
v 2.099380 0.007364 2.292023
v 2.908517 0.016807 1.556323
v 2.136193 0.017262 1.519577
v -1.691387 1.584523 3.021338
v -2.536076 1.957068 2.096688
v -1.649110 1.595891 2.134231
v -1.649110 1.595891 2.134231
v -1.691387 1.584523 3.021338
v -2.536076 1.957068 2.096688
v -1.649110 1.595891 2.134231
v -1.649110 1.595891 2.134231
v -1.763751 0.730952 2.117607
v -1.917613 0.731043 2.110287
v -1.763751 0.009644 2.108293
v -1.917613 0.009735 2.100973
v -1.763751 0.730952 2.117607
v -1.917613 0.731043 2.110287
v -1.763751 0.009644 2.108293
v -1.917613 0.009735 2.100973
v -1.028240 -0.000710 2.917485
v -1.800565 -0.000254 2.880739
v -0.991427 0.009188 2.145039
v -1.763751 0.009644 2.108293
v -1.028240 -0.000710 2.917485
v -1.800565 -0.000254 2.880739
v -0.991427 0.009188 2.145039
v -1.763751 0.009644 2.108293
v -1.800565 -0.000254 2.880739
v -1.800565 0.721054 2.890053
v -1.763751 0.009644 2.108293
v -1.763751 0.730952 2.117607
v -1.800565 -0.000254 2.880739
v -1.800565 0.721054 2.890053
v -1.763751 0.009644 2.108293
v -1.763751 0.730952 2.117607
v -1.800565 0.721054 2.890053
v -1.800565 1.442362 2.899368
v -1.763751 0.730952 2.117607
v -1.763751 1.452260 2.126922
v -1.800565 0.721054 2.890053
v -1.800565 1.442362 2.899368
v -1.763751 0.730952 2.117607
v -1.763751 1.452260 2.126922
v -1.649110 1.452192 2.132376
v -1.763751 1.452260 2.126922
v -1.691387 1.440825 3.019482
v -1.800565 1.442362 2.899368
v -1.649110 1.452192 2.132376
v -1.763751 1.452260 2.126922
v -1.691387 1.440825 3.019482
v -1.800565 1.442362 2.899368
v -1.763751 1.452260 2.126922
v -1.917613 1.452351 2.119601
v -1.763751 0.730952 2.117607
v -1.917613 0.731043 2.110287
v -1.763751 1.452260 2.126922
v -1.917613 1.452351 2.119601
v -1.763751 0.730952 2.117607
v -1.917613 0.731043 2.110287
v -0.255917 -0.001166 2.954231
v -1.028240 -0.000710 2.917485
v -0.219103 0.008732 2.181785
v -0.991427 0.009188 2.145039
v -0.255917 -0.001166 2.954231
v -1.028240 -0.000710 2.917485
v -0.219103 0.008732 2.181785
v -0.991427 0.009188 2.145039
v -1.649110 1.452192 2.132376
v -1.691387 1.440825 3.019482
v -1.649110 1.595891 2.134231
v -1.691387 1.584523 3.021338
v -1.649110 1.452192 2.132376
v -1.691387 1.440825 3.019482
v -1.649110 1.595891 2.134231
v -1.691387 1.584523 3.021338
v 0.516408 -0.001622 2.990977
v -0.255917 -0.001166 2.954231
v 0.553221 0.008276 2.218531
v -0.219103 0.008732 2.181785
v 0.516408 -0.001622 2.990977
v -0.255917 -0.001166 2.954231
v 0.553221 0.008276 2.218531
v -0.219103 0.008732 2.181785
v 1.288732 -0.002078 3.027723
v 0.516408 -0.001622 2.990977
v 1.325545 0.007820 2.255277
v 0.553221 0.008276 2.218531
v 1.288732 -0.002078 3.027723
v 0.516408 -0.001622 2.990977
v 1.325545 0.007820 2.255277
v 0.553221 0.008276 2.218531
v 2.076140 -0.002543 3.065187
v 1.288732 -0.002078 3.027723
v 2.112954 0.007356 2.292741
v 1.325545 0.007820 2.255277
v 2.076140 -0.002543 3.065187
v 1.288732 -0.002078 3.027723
v 2.112954 0.007356 2.292741
v 1.325545 0.007820 2.255277
v -1.065054 -0.010608 3.689931
v -1.837377 -0.010153 3.653185
v -1.028240 -0.000710 2.917485
v -1.800565 -0.000254 2.880739
v -1.065054 -0.010608 3.689931
v -1.837377 -0.010153 3.653185
v -1.028240 -0.000710 2.917485
v -1.800565 -0.000254 2.880739
v -0.292729 -0.011064 3.726677
v -1.065054 -0.010608 3.689931
v -0.255917 -0.001166 2.954231
v -1.028240 -0.000710 2.917485
v -0.292729 -0.011064 3.726677
v -1.065054 -0.010608 3.689931
v -0.255917 -0.001166 2.954231
v -1.028240 -0.000710 2.917485
v 0.479594 -0.011521 3.763423
v -0.292729 -0.011064 3.726677
v 0.516408 -0.001622 2.990977
v -0.255917 -0.001166 2.954231
v 0.479594 -0.011521 3.763423
v -0.292729 -0.011064 3.726677
v 0.516408 -0.001622 2.990977
v -0.255917 -0.001166 2.954231
v 1.251919 -0.011976 3.800169
v 0.479594 -0.011521 3.763423
v 1.288732 -0.002078 3.027723
v 0.516408 -0.001622 2.990977
v 1.251919 -0.011976 3.800169
v 0.479594 -0.011521 3.763423
v 1.288732 -0.002078 3.027723
v 0.516408 -0.001622 2.990977
v 2.039327 -0.012441 3.837633
v 1.251919 -0.011976 3.800169
v 2.076140 -0.002543 3.065187
v 1.288732 -0.002078 3.027723
v 2.039327 -0.012441 3.837633
v 1.251919 -0.011976 3.800169
v 2.076140 -0.002543 3.065187
v 1.288732 -0.002078 3.027723
v -0.330262 -0.021156 4.514209
v -1.102586 -0.020700 4.477464
v -0.292729 -0.011064 3.726677
v -1.065054 -0.010608 3.689931
v -0.330262 -0.021156 4.514209
v -1.102586 -0.020700 4.477464
v -0.292729 -0.011064 3.726677
v -1.065054 -0.010608 3.689931
v 0.442062 -0.021612 4.550955
v -0.330262 -0.021156 4.514209
v 0.479594 -0.011521 3.763423
v -0.292729 -0.011064 3.726677
v 0.442062 -0.021612 4.550955
v -0.330262 -0.021156 4.514209
v 0.479594 -0.011521 3.763423
v -0.292729 -0.011064 3.726677
v 1.214386 -0.022068 4.587701
v 0.442062 -0.021612 4.550955
v 1.251919 -0.011976 3.800169
v 0.479594 -0.011521 3.763423
v 1.214386 -0.022068 4.587701
v 0.442062 -0.021612 4.550955
v 1.251919 -0.011976 3.800169
v 0.479594 -0.011521 3.763423
vn 0.9989 -0.0006 0.0476
vn -0.0000 0.9999 0.0128
vn -0.9989 0.0006 -0.0476
vn -0.7400 -0.0087 0.6725
vn -0.0475 -0.0129 0.9988
vn -0.0000 -0.9999 -0.0128
vn -0.0122 0.3095 -0.9508
vn 0.9658 -0.2587 -0.0159
vn -0.9975 0.0706 0.0076
vn -0.0127 -0.0206 -0.9997
vn 0.9994 -0.0333 -0.0134
vn -0.9994 -0.0336 0.0125
vn -0.0066 0.0124 -0.9999
vn 0.9966 -0.0822 -0.0078
vn 0.9966 -0.0821 -0.0078
vn -0.9966 0.0821 0.0078
vn -0.9966 0.0820 0.0078
vn 0.1280 0.9740 -0.1869
vn -0.0687 0.9975 0.0134
vn 0.3220 0.9467 0.0101
vn 0.0698 0.9795 -0.1889
vn -0.2012 0.9779 -0.0574
vn -0.9443 -0.0293 -0.3278
vn 0.3273 -0.0213 -0.9447
vn -0.0029 0.9797 -0.2005
vn 0.2132 0.9770 0.0093
vn -0.2128 0.9770 0.0155
vn -0.9993 -0.0337 0.0140
vn -0.0147 -0.0206 -0.9997
vn 0.9993 -0.0333 -0.0148
vn -0.9605 -0.2575 -0.1051
vn 0.1720 -0.7517 -0.6366
vn -0.9904 -0.0808 -0.1123
vn -0.9904 -0.0807 -0.1123
vn 0.1112 0.0133 -0.9937
vn 0.1112 0.0134 -0.9937
vn -0.1065 0.9741 -0.1994
vn -0.3200 0.9471 -0.0239
vn -0.9939 -0.0321 -0.1058
vn 0.1050 -0.0206 -0.9943
vn -0.9268 0.3735 -0.0394
vn -0.9268 0.3736 -0.0394
vn 0.9268 0.3724 0.0489
vn 0.9268 0.3723 0.0489
vn 0.9268 -0.3735 0.0394
vn 0.9913 0.0693 0.1122
vn 0.9904 0.0807 0.1123
vn 0.0682 0.9975 0.0203
vn 0.9939 -0.0348 0.1050
vn 0.2014 0.9761 0.0821
vn 0.9443 -0.0377 0.3269
vn 0.1306 0.9689 0.2103
vn 0.9147 0.0052 -0.4040
vn -0.0697 0.9744 0.2136
vn 0.0034 0.9743 0.2254
vn 0.9254 -0.3690 -0.0863
vn 0.9083 0.3659 0.2028
vn -0.0184 0.9170 0.3984
vn -0.9230 0.3670 0.1155
vn 0.9140 -0.0346 -0.4042
vn 0.8722 -0.0063 0.4892
vn -0.9147 -0.0052 0.4040
vn -0.1507 0.9691 0.1953
vn 0.8490 0.0827 0.5219
vn -0.9140 0.0346 0.4042
vn 0.8722 -0.0063 0.4891
vn -0.0467 0.1706 0.9842
vn -0.0468 0.1706 0.9842
vn 0.0128 -0.0464 0.9988
vn -0.0969 -0.7680 0.6331
vn -0.3273 -0.0457 0.9438
vn 0.0066 -0.0124 0.9999
vn 0.0147 -0.0464 0.9988
vn -0.1003 0.2849 0.9533
vn -0.1112 -0.0133 0.9937
vn -0.1112 -0.0134 0.9937
vn -0.1051 -0.0463 0.9934
vn 0.0055 0.9797 -0.2005
vn -0.2129 0.9771 0.0069
vn -0.9991 -0.0331 -0.0263
vn 0.0255 -0.0206 -0.9995
vn 0.2131 0.9769 0.0180
vn 0.9991 -0.0338 0.0254
vn 0.9548 0.2972 -0.0053
vn -0.6427 -0.7584 -0.1087
vn -0.0034 0.0836 -0.9965
vn 1.0000 -0.0005 -0.0034
vn 1.0000 -0.0004 -0.0034
vn -1.0000 0.0004 0.0034
vn -1.0000 0.0005 0.0034
vn -0.0034 0.0951 -0.9955
vn -0.1984 0.9697 0.1424
vn 0.1989 0.9698 0.1411
vn -0.0004 0.9984 -0.0558
vn 0.9994 -0.0333 -0.0099
vn -0.9994 -0.0336 0.0091
vn -0.0096 -0.0206 -0.9997
vn -0.0053 0.9743 0.2254
vn 0.0009 0.9425 0.3341
vn -0.0255 -0.0464 0.9986
vn 0.0096 -0.0464 0.9989
vn 0.0093 -0.2714 0.9624
vn 0.0034 -0.0951 0.9955
vn 0.0034 -0.0950 0.9955
vn 0.9148 0.0052 -0.4040
vn 0.9255 -0.3689 -0.0862
vn 0.9140 -0.0347 -0.4042
vn 0.0475 0.0129 -0.9988
vn -0.9140 0.0347 0.4042
vn 0.9254 -0.3689 -0.0863
vn 0.8490 0.0827 0.5218
vn -0.0476 -0.0129 0.9988
vn -0.4043 0.0118 -0.9146
vn 0.0441 0.3850 -0.9219
vn 0.0441 0.3849 -0.9219
vn -0.1110 0.3804 -0.9181
vn -0.4040 0.0517 -0.9133
vn -0.3867 0.9222 -0.0066
vn -0.9820 0.1838 -0.0445
vn -0.9819 0.1839 -0.0445
vn 0.4043 -0.0118 0.9146
vn -0.4893 -0.0113 0.8720
vn -0.4893 -0.0113 0.8721
vn 0.0817 -0.3819 0.9206
vn -0.1981 0.3568 0.9129
vn 0.4039 -0.0517 0.9133
vn -0.5209 0.0785 0.8500
vn -0.0441 0.3610 0.9315
vn -0.0441 -0.3849 0.9219
vn 0.9770 0.0054 -0.2132
vn 0.9773 0.0076 -0.2115
vn 0.9774 0.0078 -0.2114
vn 0.9783 0.0082 -0.2071
vn 0.9776 0.0018 -0.2106
vn 0.9774 0.0005 -0.2113
vn 0.0176 0.9338 -0.3574
vn 0.3759 0.9262 0.0298
vn 0.3688 0.1529 -0.9168
vn 0.3688 0.1529 -0.9169
vn -0.6777 0.1354 -0.7228
vn 0.3552 0.3261 -0.8761
vn -0.4302 0.1619 -0.8881
vn 0.5950 0.3946 -0.7002
vn 0.6345 0.1693 -0.7541
vn 0.6345 0.1694 -0.7541
vn -0.4177 0.3361 -0.8441
vn -0.6426 0.3606 -0.6760
vn -0.2041 0.2889 -0.9354
vn -0.1052 0.2652 -0.9584
vn -0.1736 -0.1971 -0.9649
vn -0.3194 0.4153 -0.8518
vn 0.1815 -0.4929 -0.8510
vn -0.4156 -0.0638 -0.9073
vn 0.2606 0.0916 -0.9611
vn -0.3165 0.0810 -0.9451
vn 0.3806 -0.2516 -0.8898
vn -0.2696 -0.1245 -0.9549
vn -0.2602 -0.1246 -0.9575
vn -0.2580 -0.1247 -0.9581
vn 0.9237 -0.0476 -0.3801
vn 0.9216 -0.0429 -0.3857
vn 0.9208 -0.0411 -0.3878
vn -0.8624 0.2971 -0.4099
vn -0.2107 0.5234 -0.8256
vn -0.9720 0.0361 -0.2322
vn -0.9703 0.0402 -0.2384
vn -0.9725 0.0347 -0.2302
vn 0.8978 0.0762 -0.4338
vn 0.1195 0.4528 -0.8836
vn 0.4630 -0.0777 -0.8829
vn -0.0655 -0.0896 -0.9938
vn 0.0403 0.5368 -0.8428
vn -0.0278 0.0335 -0.9991
vn -0.2913 0.0943 -0.9520
vn 0.3678 0.0560 -0.9282
vn 0.0639 -0.9933 0.0959
vn 0.0631 -0.9935 0.0943
vn -0.1622 0.4314 -0.8875
vn 0.1069 -0.9903 0.0885
vn -0.6198 -0.4091 -0.6697
vn -0.0570 -0.4913 -0.8691
vn 0.1361 0.4333 -0.8909
vn 0.7333 0.0218 -0.6795
vn -0.9693 0.0059 -0.2460
vn 0.1514 -0.9794 0.1336
vn -0.9749 0.1394 0.1738
vn 0.4329 0.2516 -0.8656
vn -0.5016 -0.1545 -0.8512
vn 0.3801 0.3257 -0.8657
vn -0.9973 -0.0727 -0.0037
vn -0.0830 0.0779 -0.9935
vn -0.9790 0.1332 0.1545
vn 0.9515 0.1716 -0.2555
vn -0.1842 -0.3026 -0.9351
vn -0.0841 0.0997 -0.9915
vn 0.1688 -0.2271 -0.9591
vn 0.2029 0.0080 -0.9792
vn -0.1957 0.0270 -0.9803
vn 0.3119 -0.6233 -0.7171
vn 0.1324 0.4558 -0.8802
vn -0.3868 0.5642 -0.7295
vn 0.9823 0.1572 0.1014
vn -0.9686 0.1513 -0.1974
vn 0.9675 0.0622 -0.2452
vn 0.4344 -0.8488 0.3015
vn -0.8776 -0.2015 -0.4349
vn -0.5030 0.5039 -0.7022
vn -0.7485 -0.0240 -0.6627
vn 0.7455 0.2096 -0.6327
vn -0.0181 -0.9695 0.2446
vn -0.4362 -0.6308 -0.6417
vn -0.2356 0.4049 -0.8835
vn -0.3793 -0.2155 -0.8998
vn -0.3797 -0.2155 -0.8996
vn -0.3798 -0.2155 -0.8996
vn 0.8195 -0.5346 -0.2066
vn -0.6318 -0.5825 0.5114
vn -0.3590 -0.1716 -0.9174
vn 0.8533 0.3036 -0.4240
vn -0.0966 -0.0888 -0.9913
vn -0.2073 0.2166 -0.9540
vn 0.6712 -0.5942 -0.4431
vn 0.9939 0.0916 -0.0616
vn 0.9939 0.0918 -0.0617
vn 0.9947 0.0854 -0.0564
vn -0.9978 -0.0412 0.0512
vn 0.9569 -0.0237 -0.2894
vn -0.9802 -0.0874 0.1777
vn 0.9410 -0.1972 -0.2751
vn 0.8756 -0.1075 -0.4709
vn -0.0140 0.0678 -0.9976
vn -0.0237 0.0671 -0.9975
vn -0.0120 0.0679 -0.9976
vn 0.9518 0.2953 0.0829
vn -0.8964 -0.4276 0.1171
vn 0.6290 0.3527 -0.6928
vn -0.4367 0.0676 -0.8971
vn 0.0003 -0.9992 -0.0398
vn -0.9886 -0.0108 0.1502
vn 0.9256 0.2601 -0.2749
vn 0.0373 0.0802 -0.9961
vn -0.2840 0.1033 -0.9533
vn -0.1560 0.0409 -0.9869
vn -0.2872 0.0450 -0.9568
vn 0.1617 0.0535 -0.9854
vn -0.0234 -0.1106 -0.9936
vn -0.3037 -0.1025 -0.9472
vn 0.7400 0.1520 -0.6552
vn -0.0960 -0.4540 -0.8858
vn -0.2953 -0.2926 -0.9095
vn -0.2355 -0.7219 -0.6507
vn -0.4358 0.0894 -0.8956
vn -0.2182 -0.4844 -0.8472
vn -0.6204 -0.2499 -0.7434
vn -0.3305 0.0230 -0.9435
vn -0.8668 0.3707 -0.3335
vn -0.8669 0.3706 -0.3333
vn -0.8665 0.3712 -0.3339
vn 0.9505 0.0539 -0.3061
vn -0.6717 -0.0826 0.7362
vn 0.9446 -0.1771 0.2765
vn -0.2225 0.5274 -0.8200
vn 0.3197 0.5746 -0.7534
vn 0.8367 0.2533 -0.4855
vn 0.8366 0.2534 -0.4856
vn 0.8363 0.2539 -0.4860
vn -0.9820 0.1416 -0.1248
vn 0.8507 -0.0168 0.5253
vn -0.8877 -0.0732 0.4545
vn 0.0218 -0.9982 -0.0556
vn 0.0217 -0.9982 -0.0556
vn 0.9977 0.0191 0.0643
vn -0.9781 0.0098 -0.2080
vn 0.1470 -0.0317 -0.9886
vn -0.1491 0.2157 -0.9650
vn -0.1534 -0.0989 -0.9832
vn -0.4373 0.8946 0.0925
vn -0.9526 -0.1611 0.2582
vn 0.4747 0.0464 -0.8789
vn -0.3232 0.6010 -0.7310
vn -0.7732 -0.6339 0.0191
vn 0.4139 -0.1827 -0.8918
vn 0.3475 0.9371 0.0340
vn 0.2079 -0.0989 -0.9731
vn 0.3179 0.3286 -0.8894
vn -0.1505 -0.2721 -0.9504
vn 0.1874 -0.0956 -0.9776
vn 0.1944 -0.3626 -0.9114
vn 0.1647 0.0519 -0.9850
vn 0.0696 -0.1032 -0.9922
vn 0.0921 0.7971 -0.5968
vn -0.2185 0.6191 -0.7543
vn 0.8238 0.0485 -0.5649
vn 0.1833 0.9823 0.0397
vn 0.2735 -0.1133 -0.9552
vn -0.9048 0.4149 -0.0963
vn 0.6800 -0.7234 0.1199
vn 0.8400 0.2362 -0.4885
vn -0.9600 -0.1260 -0.2499
vn -0.9974 -0.0415 -0.0581
vn 0.2963 0.5297 0.7947
vn -0.8355 -0.2899 0.4668
vn -0.9249 0.0846 -0.3706
vn -0.8312 -0.0271 -0.5553
vn -0.0448 -0.2580 -0.9651
vn 0.9315 0.1021 -0.3492
vn -0.7042 -0.0262 -0.7095
vn -0.7871 -0.2404 -0.5681
vn -0.0906 -0.9740 0.2079
vn 0.9301 0.0932 -0.3553
vn 0.0031 0.9922 0.1243
vn 0.1633 0.9780 0.1297
vn 0.0828 0.1713 0.9817
vn 0.0772 0.1747 0.9816
vn 0.0834 0.1709 0.9818
vn 0.0418 -0.0264 0.9988
vn -0.7448 -0.2049 0.6350
vn -0.6816 0.3495 -0.6428
vn 0.1304 0.2855 -0.9495
vn -0.6338 0.4276 -0.6446
vn 0.9515 0.0332 -0.3058
vn 0.9013 0.4287 0.0620
vn 0.1142 -0.3672 0.9231
vn 0.1141 -0.3683 0.9227
vn 0.1180 -0.3613 0.9250
vn -0.9280 -0.3549 0.1137
vn -0.9297 -0.3492 0.1170
vn 0.9180 -0.1229 -0.3771
vn -0.3919 0.0618 -0.9179
vn 0.9298 -0.0836 -0.3583
vn -0.9886 -0.0557 -0.1402
vn 0.8034 -0.0596 -0.5925
vn 0.7996 -0.0571 -0.5979
vn 0.7983 -0.0563 -0.5996
vn 0.8219 0.0090 -0.5696
vn -0.9582 -0.2016 -0.2029
vn -0.6005 -0.6487 -0.4675
vn -0.6717 -0.0175 -0.7406
vn 0.0312 -0.1500 0.9882
vn 0.1419 -0.1033 0.9845
vn 0.0110 -0.5818 -0.8133
vn 0.6632 -0.6678 -0.3379
vn -0.5225 -0.2560 -0.8133
vn 0.9186 -0.0353 -0.3937
vn 0.5966 0.2004 -0.7771
vn 0.8758 -0.1210 -0.4673
vn -0.6891 0.2395 -0.6840
vn 0.0812 0.8044 -0.5885
vn 0.7735 -0.1097 -0.6242
vn -0.6284 -0.0796 -0.7738
vn 0.5923 -0.6717 -0.4449
vn 0.6987 0.0913 -0.7096
vn -0.5182 -0.2637 -0.8136
vn 0.3604 -0.6181 -0.6986
vn -0.9067 0.4206 -0.0299
vn -0.1516 0.8973 0.4147
vn 0.6310 -0.7693 -0.0995
vn 0.9948 0.0257 0.0988
vn -0.9959 0.0520 0.0740
vn -0.6195 -0.7421 -0.2559
vn 0.4189 -0.8758 0.2398
vn -0.9969 -0.0697 0.0358
vn 0.9356 0.1441 0.3223
vn -0.3624 0.9231 0.1287
vn 0.2782 -0.1205 -0.9529
vn 0.2783 -0.1204 -0.9529
vn 0.2783 -0.1203 -0.9529
vn -0.7672 -0.6311 -0.1144
vn 0.8922 -0.4095 0.1905
vn 0.2502 -0.0791 -0.9650
vn -0.9613 -0.0291 -0.2741
vn 0.8682 -0.2711 0.4156
vn 0.9269 0.3293 0.1800
vn -0.1079 0.0359 0.9935
vn -0.4611 0.7894 0.4052
vn 0.0664 0.1075 0.9920
vn -0.1081 0.2214 0.9692
vn 0.7275 -0.5906 0.3492
vn -0.9542 -0.2477 0.1674
vn -0.9372 -0.0311 0.3474
vn 0.9272 -0.1332 -0.3500
vn -0.9553 -0.1533 0.2526
vn -0.9965 -0.0679 0.0496
vn 0.9503 0.1890 -0.2474
vn 0.1014 0.1469 0.9839
vn 0.7974 -0.4726 -0.3751
vn 0.9359 -0.2698 -0.2266
vn 0.2454 -0.4414 0.8631
vn -0.8821 0.3672 -0.2951
vn 0.7917 0.5928 0.1479
vn 0.2263 0.8738 0.4304
vn -0.1400 0.8791 0.4556
vn -0.9863 0.0285 -0.1623
vn -0.9298 0.1063 -0.3523
vn -0.9319 0.1039 -0.3475
vn -0.9292 0.1070 -0.3538
vn 0.9552 -0.0484 0.2921
vn -0.9770 0.1019 -0.1875
vn 0.9330 -0.2005 0.2989
vn -0.7356 -0.1764 0.6541
vn -0.8895 -0.0782 0.4502
vn 0.8106 -0.2207 0.5424
vn -0.3173 0.8643 0.3902
vn 0.1598 0.8775 0.4521
vn -0.3936 0.9148 0.0904
vn -0.9249 0.3678 0.0963
vn -0.9899 -0.1240 0.0693
vn -0.1558 -0.9864 -0.0521
vn 0.1845 0.9816 0.0496
vn 0.6422 0.0058 0.7665
vn 0.9729 0.2228 -0.0615
vn 0.9729 0.2229 -0.0615
vn 0.9729 0.2231 -0.0614
vn 0.2146 0.9756 0.0468
vn 0.9775 -0.1914 -0.0889
vn 0.9775 -0.1915 -0.0889
vn 0.9775 -0.1913 -0.0889
vn 0.8591 -0.1853 0.4770
vn 0.6460 -0.7188 0.2568
vn 0.4565 -0.7018 0.5469
vn 0.9155 -0.3904 -0.0970
vn 0.9949 -0.0596 -0.0817
vn -0.3149 0.2758 0.9082
vn 0.0492 0.5115 0.8579
vn 0.8203 0.5359 -0.2000
vn -0.5626 -0.8085 0.1726
vn -0.9461 -0.3154 0.0744
vn 0.9588 -0.2237 -0.1752
vn 0.9565 0.1705 -0.2369
vn 0.1631 0.4649 0.8702
vn -0.5101 0.5038 0.6972
vn -0.5119 0.5024 0.6968
vn -0.5127 0.5019 0.6966
vn -0.4633 -0.6582 -0.5934
vn 0.8703 0.2522 0.4231
vn 0.0919 -0.6430 0.7604
vn -0.2258 0.8552 0.4665
vn -0.2337 0.9651 0.1180
vn 0.4060 0.2537 0.8780
vn 0.4657 -0.0192 0.8847
vn -0.9692 0.0210 0.2454
vn 0.9573 -0.2383 0.1639
vn 0.2821 0.3670 0.8864
vn 0.5557 -0.7439 0.3713
vn 0.1771 -0.5277 0.8307
vn 0.1767 -0.5269 0.8314
vn 0.1733 -0.5219 0.8352
vn -0.8969 0.1754 0.4059
vn 0.9383 -0.2644 -0.2230
vn 0.9214 -0.2137 0.3246
vn 0.9495 -0.0404 0.3111
vn 0.9482 -0.0416 0.3148
vn 0.9477 -0.0422 0.3165
vn -0.8725 -0.1127 0.4754
vn 0.0490 -0.9954 0.0828
vn 0.9495 0.2317 0.2116
vn 0.0517 -0.3731 0.9264
vn 0.0679 -0.3144 0.9469
vn 0.9648 -0.0398 0.2600
vn 0.1303 -0.6847 0.7171
vn 0.7000 -0.6999 0.1419
vn 0.9359 -0.1741 0.3063
vn 0.1799 0.7206 0.6696
vn 0.3285 -0.4801 0.8134
vn 0.3154 -0.0808 0.9455
vn 0.2209 -0.2361 0.9463
vn 0.8010 0.0013 0.5986
vn -0.3881 -0.3769 0.8411
vn 0.4557 0.2084 0.8654
vn 0.1919 0.7123 0.6752
vn -0.7226 0.0153 0.6911
vn -0.2268 0.4509 0.8633
vn 0.6644 -0.3221 -0.6744
vn -0.7182 0.0555 0.6936
vn 0.5234 0.5317 0.6659
vn 0.0760 0.5099 0.8569
vn 0.3936 0.0470 0.9181
vn -0.7432 -0.0543 0.6669
vn 0.4661 0.0419 0.8837
vn -0.7882 -0.3816 0.4829
vn -0.9249 0.1874 0.3309
vn 0.0504 0.0786 0.9956
vn 0.4154 0.8275 0.3778
vn 0.0558 0.0537 0.9970
vn 0.2125 0.1932 0.9579
vn -0.5926 -0.6935 0.4097
vn -0.9697 0.0201 0.2433
vn -0.1420 0.4841 0.8634
vn -0.9542 -0.0788 0.2887
vn 0.2737 0.0207 0.9616
vn -0.8628 0.2872 0.4160
vn -0.6368 0.5523 0.5380
vn -0.3005 0.1929 0.9341
vn -0.3068 0.1844 0.9338
vn -0.2998 0.1936 0.9342
vn 0.4962 0.1777 0.8498
vn -0.8764 0.0421 0.4797
vn -0.8995 0.0255 0.4362
vn 0.9600 -0.0415 -0.2768
vn 0.9473 -0.2962 0.1221
vn -0.9710 0.0329 0.2367
vn 0.3610 0.1775 0.9155
vn 0.3545 0.1858 0.9164
vn 0.3539 0.1867 0.9165
vn -0.4533 0.1508 0.8785
vn -0.0499 0.0104 0.9987
vn 0.3667 -0.3474 0.8630
vn -0.5154 -0.2360 0.8238
vn -0.9828 -0.1346 -0.1263
vn -0.4823 0.5944 0.6435
vn 0.2975 -0.1642 0.9405
vn 0.5566 -0.2669 0.7868
vn -0.2008 0.4943 0.8458
vn -0.5731 0.1372 0.8079
vn 0.3474 0.9371 0.0339
vn -0.0045 -0.3996 0.9167
vn -0.7731 -0.6340 0.0192
vn 0.5442 -0.2976 0.7844
vn -0.5016 -0.1906 0.8438
vn 0.3350 -0.2255 0.9149
vn 0.3545 -0.2279 0.9069
vn -0.1670 0.0186 0.9858
vn 0.0885 0.0053 0.9961
vn 0.3904 -0.0809 0.9171
vn 0.2681 0.0939 0.9588
vn 0.1614 -0.0078 0.9869
vn 0.5396 0.5420 0.6443
vn 0.5415 0.5411 0.6434
vn 0.5386 0.5425 0.6447
vn 0.4548 -0.5613 -0.6915
vn -0.8249 0.1082 0.5548
vn 0.0881 -0.6840 0.7241
vn -0.2052 -0.7332 0.6483
vn 0.4085 0.3132 0.8573
vn 0.4091 0.3121 0.8575
vn 0.4093 0.3116 0.8575
vn 0.0682 0.3033 0.9504
vn 0.0679 0.3023 0.9508
vn 0.0684 0.3038 0.9503
vn -0.0206 -0.1152 0.9931
vn 0.4747 -0.0424 0.8791
vn -0.8863 -0.1251 0.4459
vn 0.3868 0.2005 0.9001
vn -0.7217 0.1831 0.6675
vn 0.1142 0.1926 0.9746
vn 0.5083 -0.0781 0.8576
vn 0.2643 -0.1049 0.9587
vn 0.0019 -0.0929 0.9957
vn -0.0000 -0.0000 1.0000
vn 0.1007 0.7940 -0.5995
vn 0.9901 -0.1399 -0.0085
vn -0.9946 0.1029 0.0142
vn -0.9840 -0.1386 -0.1123
vn 0.1013 -0.2543 -0.9618
vn 0.1051 -0.0206 -0.9943
vn 0.9891 0.1018 0.1062
vn 0.8954 0.4046 0.1860
vn -0.9085 0.4057 0.1001
vn 0.8715 0.0336 0.4893
vn -0.8947 0.0838 0.4388
vn 0.0123 -0.2791 0.9602
vn -0.1718 0.7786 0.6036
vn 0.6094 0.7848 0.1127
vn -0.9638 -0.2667 0.0058
vn -0.0095 0.1161 -0.9932
vn 0.0034 -0.1529 0.9882
vn 0.8954 0.4044 0.1861
vn -0.9086 0.4055 0.1001
vn 0.8954 0.4045 0.1860
vn 0.8715 0.0337 0.4893
vn -0.0950 0.4184 -0.9033
vn -0.4379 0.1010 -0.8933
vn -0.9819 0.1839 -0.0444
vn -0.1808 0.3954 0.9005
vn -0.4889 0.0287 0.8719
vn 0.9770 0.0052 -0.2133
vn 0.9784 0.0094 -0.2064
vn 0.0211 0.1555 -0.9876
vn 0.3948 0.2528 -0.8833
vn -0.0855 0.1759 -0.9807
vn -0.4497 0.2210 -0.8654
vn -0.0218 0.3214 -0.9467
vn 0.0732 0.2135 -0.9742
vn -0.4019 -0.1133 -0.9086
vn -0.3385 -0.1271 -0.9324
vn 0.3279 0.0346 -0.9441
vn -0.3049 0.0892 -0.9482
vn 0.2317 -0.1357 -0.9633
vn -0.2715 -0.1244 -0.9544
vn 0.9244 -0.0491 -0.3782
vn -0.9388 0.1982 -0.2816
vn -0.9697 0.0417 -0.2407
vn 0.8120 0.1764 -0.5563
vn 0.3482 -0.0173 -0.9373
vn -0.2546 -0.2059 -0.9449
vn 0.0259 0.5485 -0.8357
vn -0.1799 0.1023 -0.9784
vn -0.4271 0.0049 -0.9042
vn 0.4080 0.0362 -0.9123
vn -0.0139 -0.9879 0.1544
vn -0.4526 -0.3860 -0.8038
vn 0.2929 -0.3577 -0.8867
vn 0.4202 0.4417 -0.7927
vn 0.4308 -0.0429 -0.9014
vn -0.4537 -0.2321 -0.8604
vn 0.3334 0.1555 -0.9299
vn -0.4163 0.0919 -0.9046
vn 0.3787 0.3111 -0.8717
vn -0.1032 0.1454 -0.9840
vn -0.9780 0.0944 0.1859
vn 0.9817 0.0688 -0.1774
vn -0.1931 -0.2896 -0.9375
vn 0.9843 0.1178 0.1318
vn -0.9917 0.0458 -0.1205
vn 0.9078 0.1409 -0.3951
vn 0.1066 -0.9653 0.2384
vn -0.7498 -0.0194 -0.6614
vn -0.6405 0.3559 -0.6805
vn -0.7744 -0.0485 -0.6309
vn 0.9061 0.0667 -0.4179
vn -0.3674 -0.8647 0.3427
vn -0.3797 -0.2156 -0.8996
vn 0.8579 -0.3927 -0.3312
vn -0.7675 -0.1032 0.6327
vn -0.1775 -0.1487 -0.9728
vn -0.0088 0.0969 -0.9953
vn 0.4217 -0.8334 -0.3572
vn 0.9938 0.0923 -0.0624
vn -0.9922 0.1179 -0.0402
vn -0.0259 0.0669 -0.9974
vn 0.9675 0.2440 -0.0671
vn -0.8166 -0.5760 -0.0376
vn 0.5902 0.4098 -0.6955
vn -0.4178 0.1362 -0.8983
vn -0.9639 0.2345 0.1260
vn 0.9639 0.0310 -0.2645
vn 0.3350 -0.0292 -0.9418
vn -0.3127 0.1122 -0.9432
vn 0.0016 -0.0468 -0.9989
vn -0.4836 -0.0124 -0.8752
vn 0.0367 0.0254 -0.9990
vn 0.0368 -0.0841 -0.9958
vn -0.2666 -0.0757 -0.9608
vn 0.7059 0.0772 -0.7041
vn -0.0921 -0.7179 -0.6900
vn -0.3012 -0.3060 -0.9031
vn -0.3445 -0.4610 -0.8178
vn -0.8671 0.3703 -0.3332
vn 0.9612 0.0496 -0.2714
vn -0.7575 0.0336 0.6519
vn 0.9325 -0.1956 0.3036
vn 0.8369 0.2531 -0.4853
vn -0.9766 0.1428 -0.1609
vn 0.7698 -0.1171 0.6274
vn -0.9020 -0.0549 0.4281
vn 0.9595 0.2612 0.1052
vn -0.9460 0.2412 -0.2164
vn -0.0871 -0.1411 -0.9862
vn -0.2035 0.1454 -0.9682
vn 0.2258 -0.2236 -0.9482
vn -0.5686 0.6699 -0.4775
vn -0.9700 -0.2354 0.0605
vn 0.4260 -0.1520 -0.8919
vn -0.2267 0.5583 -0.7981
vn -0.9723 0.2157 0.0901
vn -0.4478 0.4114 -0.7939
vn 0.3446 0.9166 0.2029
vn 0.2216 -0.1218 -0.9675
vn -0.9164 0.3934 -0.0740
vn 0.7761 -0.6033 -0.1835
vn 0.9246 0.3247 0.1992
vn -0.9331 -0.3592 -0.0180
vn -0.9949 0.0281 -0.0966
vn -0.1907 0.9715 0.1407
vn -0.3222 0.3752 0.8691
vn -0.8414 -0.2830 0.4604
vn -0.9771 0.0539 -0.2058
vn 0.7078 -0.0420 -0.7052
vn 0.9394 0.0721 -0.3352
vn -0.5855 0.0816 -0.8066
vn -0.6912 -0.1309 -0.7107
vn 0.2030 0.9488 0.2420
vn 0.0761 0.1754 0.9816
vn 0.3325 -0.1119 0.9364
vn -0.6006 0.2764 -0.7503
vn 0.2395 0.0447 -0.9699
vn -0.6336 0.4145 -0.6533
vn 0.9101 0.4055 0.0854
vn 0.1134 -0.3683 0.9228
vn 0.9367 -0.1576 -0.3126
vn -0.2916 0.0289 -0.9561
vn -0.9862 -0.0470 -0.1585
vn 0.8044 -0.0602 -0.5910
vn 0.8713 -0.0309 -0.4898
vn 0.0057 -0.1584 0.9874
vn 0.1178 -0.0921 0.9888
vn -0.0067 -0.5918 -0.8060
vn 0.6769 -0.2901 -0.6766
vn -0.6396 -0.1276 -0.7581
vn 0.9125 0.0063 -0.4089
vn 0.5158 0.1167 -0.8487
vn -0.3190 0.2839 0.9043
vn -0.2839 -0.8320 -0.4766
vn 0.9410 0.1627 0.2966
vn -0.9670 -0.0603 0.2475
vn -0.9189 -0.3257 -0.2227
vn 0.7056 -0.6930 0.1479
vn -0.9705 0.0870 -0.2248
vn 0.9385 0.1742 0.2981
vn -0.4740 0.7560 0.4515
vn 0.2782 -0.1206 -0.9529
vn -0.8409 -0.4930 -0.2231
vn 0.8841 -0.4278 0.1883
vn 0.8916 -0.2470 0.3796
vn 0.9613 0.2717 -0.0452
vn 0.0685 0.1327 0.9888
vn -0.2686 0.5698 0.7766
vn -0.9350 -0.3147 0.1632
vn -0.9634 0.0805 0.2558
vn 0.9579 -0.2416 0.1550
vn 0.9637 0.0292 -0.2653
vn 0.9108 -0.3448 -0.2272
vn 0.0050 0.1908 0.9816
vn -0.9111 0.3082 -0.2737
vn 0.8422 0.5215 0.1371
vn 0.3184 0.8757 0.3631
vn -0.1544 0.8785 0.4522
vn -0.9101 -0.0449 -0.4120
vn -0.9327 0.1030 -0.3457
vn -0.9684 0.0283 -0.2479
vn 0.9194 -0.2220 0.3246
vn -0.8975 0.0687 0.4356
vn -0.8743 -0.0997 0.4751
vn 0.9571 -0.0093 0.2897
vn -0.2215 0.8641 0.4519
vn 0.1455 0.8778 0.4563
vn -0.9899 -0.1241 0.0693
vn 0.7122 0.0994 0.6949
vn 0.6203 0.1431 0.7712
vn 0.4843 0.4266 0.7638
vn 0.8373 0.5158 -0.1813
vn -0.7133 -0.6934 -0.1022
vn -0.9649 0.2449 0.0950
vn 0.9203 0.0207 -0.3907
vn 0.9737 0.1008 -0.2041
vn 0.2610 0.7253 0.6371
vn -0.5091 0.5044 0.6974
vn -0.4023 -0.7116 -0.5760
vn 0.9235 -0.2304 0.3066
vn 0.1659 0.9785 -0.1226
vn 0.2047 0.0800 0.9756
vn 0.1787 -0.0912 0.9797
vn 0.4840 0.4267 0.7640
vn 0.1774 -0.5278 0.8306
vn -0.9536 0.1490 0.2618
vn 0.9499 -0.0399 0.3099
vn 0.9658 0.1846 0.1823
vn 0.1250 -0.3599 0.9246
vn -0.0035 -0.2933 0.9560
vn 0.9679 -0.0784 0.2386
vn 0.1115 -0.6940 0.7113
vn 0.7694 -0.3716 0.5196
vn -0.8178 -0.0878 0.5688
vn -0.0588 0.3890 0.9194
vn 0.6973 -0.2430 -0.6743
vn -0.7009 0.0268 0.7127
vn 0.4076 0.4369 0.8019
vn 0.1294 0.5253 0.8410
vn 0.4291 -0.0075 0.9032
vn -0.7577 -0.4034 0.5130
vn -0.9844 0.1359 0.1120
vn 0.2378 0.0071 0.9713
vn 0.3038 0.5707 0.7629
vn -0.9462 -0.0540 0.3190
vn 0.0978 0.4662 0.8792
vn 0.5415 0.1913 0.8186
vn 0.0374 -0.6014 0.7981
vn -0.8627 0.3148 0.3959
vn -0.6822 0.4781 0.5532
vn -0.3077 0.1829 0.9337
vn 0.4823 0.2097 0.8505
vn -0.6311 -0.1446 0.7621
vn 0.3621 0.1761 0.9154
vn -0.4400 0.1838 0.8790
vn 0.0041 0.0810 0.9967
vn -0.0006 -0.2330 0.9725
vn -0.3924 -0.3691 0.8425
vn -0.4372 0.8946 0.0925
vn 0.0648 -0.2744 0.9594
vn 0.6053 -0.0684 0.7930
vn -0.0952 0.4437 0.8911
vn 0.0750 -0.1034 0.9918
vn 0.0540 0.0465 0.9975
vn 0.5872 0.0727 0.8062
vn 0.5423 0.5407 0.6431
vn 0.4036 -0.6240 -0.6691
vn -0.8312 -0.3668 0.4177
vn 0.4083 0.3136 0.8573
vn 0.0678 0.3018 0.9510
vn 0.1520 -0.1998 0.9680
vn -0.0069 -0.1861 0.9825
vn 0.4166 0.2603 0.8710
vn -0.7482 0.1347 0.6497
vn 0.0709 0.2503 0.9656
vt 0.964479 0.971766
vt 0.385438 0.324215
vt 0.337084 0.296110
vt 0.335432 0.324215
vt 0.969022 0.971766
vt 0.183042 0.869955
vt 0.189082 0.907428
vt 0.189082 0.869955
vt 0.602082 0.977368
vt 0.199195 0.226383
vt 0.170161 0.278000
vt 0.199195 0.278000
vt 0.606625 0.977368
vt 0.215348 0.070965
vt 0.163731 0.099999
vt 0.163731 0.070965
vt 0.611169 0.977368
vt 0.132867 0.499337
vt 0.160972 0.449372
vt 0.160972 0.499337
vt 0.615712 0.977368
vt 0.215348 0.133577
vt 0.165383 0.104543
vt 0.215348 0.104543
vt 0.620255 0.977368
vt 0.232773 0.278000
vt 0.203738 0.226383
vt 0.232773 0.226383
vt 0.624799 0.977368
vt 0.128323 0.738121
vt 0.165797 0.699409
vt 0.165797 0.738121
vt 0.629342 0.977368
vt 0.034920 0.334160
vt 0.063026 0.282543
vt 0.063026 0.334160
vt 0.633885 0.977368
vt 0.165515 0.449372
vt 0.193621 0.499337
vt 0.193621 0.449372
vt 0.638429 0.977368
vt 0.230812 0.503880
vt 0.258918 0.553845
vt 0.230812 0.553845
vt 0.642972 0.977368
vt 0.263461 0.553845
vt 0.291566 0.503880
vt 0.291566 0.553845
vt 0.647515 0.977368
vt 0.168578 0.906049
vt 0.134688 0.894746
vt 0.168578 0.869955
vt 0.652059 0.977368
vt 0.121285 0.217809
vt 0.096653 0.163731
vt 0.140953 0.163731
vt 0.656602 0.977368
vt 0.335432 0.193620
vt 0.387049 0.165515
vt 0.335432 0.165515
vt 0.661145 0.977368
vt 0.160972 0.334160
vt 0.132866 0.282543
vt 0.132866 0.334160
vt 0.665689 0.977368
vt 0.266351 0.278000
vt 0.237316 0.226383
vt 0.266351 0.226383
vt 0.670232 0.977368
vt 0.249831 0.738121
vt 0.212357 0.699409
vt 0.212357 0.738121
vt 0.674776 0.977368
vt 0.661242 0.198164
vt 0.611278 0.226269
vt 0.611278 0.198164
vt 0.679319 0.977368
vt 0.291848 0.699409
vt 0.254374 0.738121
vt 0.291848 0.738121
vt 0.683862 0.977368
vt 0.296110 0.608353
vt 0.324215 0.558388
vt 0.324215 0.608353
vt 0.688406 0.977368
vt 0.165515 0.334160
vt 0.193620 0.282543
vt 0.193620 0.334160
vt 0.692949 0.977368
vt 0.013142 0.869955
vt 0.002272 0.907428
vt 0.014350 0.907428
vt 0.697492 0.977368
vt 0.296391 0.699409
vt 0.333865 0.738121
vt 0.333865 0.699409
vt 0.702036 0.977368
vt 0.394056 0.608353
vt 0.422161 0.558388
vt 0.422161 0.608353
vt 0.706579 0.977368
vt 0.261807 0.656153
vt 0.299281 0.694865
vt 0.299281 0.656153
vt 0.711122 0.977368
vt 0.324215 0.553845
vt 0.296110 0.503880
vt 0.324215 0.503880
vt 0.715666 0.977368
vt 0.328758 0.503880
vt 0.356864 0.553845
vt 0.328758 0.553845
vt 0.720209 0.977368
vt 0.226269 0.334160
vt 0.198164 0.282543
vt 0.198164 0.334160
vt 0.724752 0.977368
vt 0.426704 0.608353
vt 0.454810 0.558388
vt 0.454810 0.608353
vt 0.729296 0.977368
vt 0.198164 0.449372
vt 0.226269 0.499337
vt 0.198164 0.499337
vt 0.733839 0.977368
vt 0.838070 0.201775
vt 0.875544 0.166717
vt 0.875544 0.201775
vt 0.738382 0.977368
vt 0.341298 0.656153
vt 0.303824 0.694865
vt 0.341298 0.694865
vt 0.742926 0.977368
vt 0.380426 0.699409
vt 0.417899 0.738121
vt 0.417899 0.699409
vt 0.747469 0.977368
vt 0.345841 0.656153
vt 0.383315 0.694865
vt 0.345841 0.694865
vt 0.752012 0.977368
vt 0.748580 0.165797
vt 0.711106 0.128323
vt 0.709868 0.165797
vt 0.756556 0.977368
vt 0.447752 0.229056
vt 0.497717 0.200951
vt 0.447752 0.200951
vt 0.761099 0.977368
vt 0.875544 0.242584
vt 0.838070 0.206318
vt 0.838070 0.242584
vt 0.765643 0.977368
vt 0.034920 0.553845
vt 0.063026 0.503880
vt 0.063026 0.553845
vt 0.770186 0.977368
vt 0.387858 0.694865
vt 0.425332 0.656153
vt 0.387858 0.656153
vt 0.774729 0.977368
vt 0.391592 0.239109
vt 0.441557 0.210075
vt 0.441557 0.239109
vt 0.779273 0.977368
vt 0.218551 0.612897
vt 0.257264 0.651609
vt 0.218551 0.651609
vt 0.783816 0.977368
vt 0.548494 0.699409
vt 0.585968 0.738121
vt 0.585968 0.699409
vt 0.788359 0.977368
vt 0.447752 0.131110
vt 0.497717 0.103005
vt 0.447752 0.103005
vt 0.792903 0.977368
vt 0.391592 0.243653
vt 0.441557 0.272687
vt 0.441557 0.243653
vt 0.797446 0.977368
vt 0.391575 0.612897
vt 0.430287 0.651609
vt 0.391575 0.651609
vt 0.801989 0.977368
vt 0.441557 0.138376
vt 0.391592 0.109342
vt 0.441557 0.109342
vt 0.806533 0.977368
vt 0.214008 0.656153
vt 0.175295 0.694865
vt 0.214008 0.694865
vt 0.811076 0.977368
vt 0.422443 0.738121
vt 0.459917 0.699409
vt 0.422443 0.699409
vt 0.815619 0.977368
vt 0.754036 0.291848
vt 0.791510 0.254375
vt 0.791510 0.291848
vt 0.820163 0.977368
vt 0.170752 0.651609
vt 0.132039 0.612897
vt 0.170752 0.612897
vt 0.824706 0.977368
vt 0.434831 0.651609
vt 0.473543 0.612897
vt 0.434831 0.612897
vt 0.829249 0.977368
vt 0.387031 0.651609
vt 0.348319 0.612897
vt 0.348319 0.651609
vt 0.833793 0.977368
vt 0.487458 0.608353
vt 0.459353 0.558388
vt 0.487458 0.558388
vt 0.838336 0.977368
vt 0.389512 0.558388
vt 0.361407 0.608353
vt 0.389512 0.608353
vt 0.842879 0.977368
vt 0.520107 0.608353
vt 0.492002 0.558388
vt 0.492002 0.608353
vt 0.847423 0.977368
vt 0.361407 0.553845
vt 0.389512 0.503880
vt 0.361407 0.503880
vt 0.851966 0.977368
vt 0.705324 0.338409
vt 0.666612 0.375882
vt 0.705324 0.375882
vt 0.856510 0.977368
vt 0.705324 0.417899
vt 0.666612 0.380426
vt 0.666612 0.417899
vt 0.861053 0.977368
vt 0.441557 0.344386
vt 0.391592 0.373421
vt 0.441557 0.373421
vt 0.865596 0.977368
vt 0.709868 0.542743
vt 0.748580 0.506477
vt 0.748580 0.542743
vt 0.870140 0.977368
vt 0.791510 0.212357
vt 0.754036 0.249831
vt 0.754036 0.213565
vt 0.874683 0.977368
vt 0.309361 0.869955
vt 0.305706 0.907428
vt 0.309361 0.907428
vt 0.879226 0.977368
vt 0.313904 0.907428
vt 0.317559 0.869955
vt 0.313904 0.869955
vt 0.883770 0.977368
vt 0.322102 0.869955
vt 0.325757 0.907428
vt 0.325757 0.869955
vt 0.888313 0.977368
vt 0.857426 0.511426
vt 0.875544 0.530782
vt 0.838070 0.530782
vt 0.892856 0.977368
vt 0.913028 0.359132
vt 0.907858 0.382768
vt 0.881326 0.359132
vt 0.897400 0.977368
vt 0.476117 0.912114
vt 0.490090 0.940676
vt 0.466320 0.940676
vt 0.901943 0.977368
vt 0.748580 0.081763
vt 0.709868 0.044289
vt 0.709868 0.081763
vt 0.906486 0.977368
vt 0.748580 0.583552
vt 0.709868 0.547286
vt 0.709868 0.583552
vt 0.911030 0.977368
vt 0.002272 0.444828
vt 0.031306 0.394863
vt 0.031306 0.444828
vt 0.915573 0.977368
vt 0.611277 0.531983
vt 0.649990 0.493270
vt 0.649990 0.531983
vt 0.920116 0.977368
vt 0.754036 0.422443
vt 0.791510 0.459917
vt 0.791510 0.422443
vt 0.924660 0.977368
vt 0.030377 0.390320
vt 0.002272 0.338703
vt 0.030377 0.338703
vt 0.929203 0.977368
vt 0.258918 0.334160
vt 0.230812 0.282543
vt 0.230812 0.334160
vt 0.933746 0.977368
vt 0.754036 0.501934
vt 0.791510 0.464460
vt 0.754036 0.464460
vt 0.938290 0.977368
vt 0.711075 0.086306
vt 0.747341 0.123780
vt 0.709868 0.123780
vt 0.942833 0.977368
vt 0.064884 0.394863
vt 0.035849 0.444828
vt 0.064884 0.444828
vt 0.947377 0.977368
vt 0.754036 0.543951
vt 0.791510 0.506477
vt 0.754036 0.506477
vt 0.951920 0.977368
vt 0.913028 0.330952
vt 0.907858 0.354588
vt 0.881326 0.330952
vt 0.956463 0.977368
vt 0.838070 0.641310
vt 0.875544 0.641310
vt 0.857426 0.659427
vt 0.961007 0.977368
vt 0.328758 0.558388
vt 0.356864 0.608353
vt 0.356864 0.558388
vt 0.965550 0.977368
vt 0.524651 0.558388
vt 0.552756 0.608353
vt 0.552756 0.558388
vt 0.970093 0.977368
vt 0.095674 0.503880
vt 0.067569 0.553845
vt 0.095674 0.553845
vt 0.974637 0.977368
vt 0.261807 0.612897
vt 0.300520 0.651609
vt 0.300520 0.612897
vt 0.979180 0.977368
vt 0.098462 0.444828
vt 0.069427 0.394863
vt 0.069427 0.444828
vt 0.983723 0.977368
vt 0.193625 0.869955
vt 0.199664 0.907428
vt 0.199664 0.869955
vt 0.988267 0.977368
vt 0.335432 0.160972
vt 0.387049 0.132866
vt 0.335432 0.132866
vt 0.002272 0.993185
vt 0.754036 0.081763
vt 0.791510 0.044289
vt 0.754036 0.044289
vt 0.006815 0.993185
vt 0.387049 0.226269
vt 0.335432 0.198164
vt 0.387049 0.198164
vt 0.011358 0.993185
vt 0.912296 0.804447
vt 0.912296 0.828642
vt 0.881326 0.811222
vt 0.015902 0.993185
vt 0.511008 0.938612
vt 0.537506 0.912114
vt 0.537506 0.939488
vt 0.020445 0.993185
vt 0.838070 0.663971
vt 0.875544 0.663971
vt 0.857426 0.682088
vt 0.024989 0.993185
vt 0.394056 0.503880
vt 0.422161 0.553845
vt 0.422161 0.503880
vt 0.029532 0.993185
vt 0.557299 0.558388
vt 0.585404 0.608353
vt 0.585404 0.558388
vt 0.034075 0.993185
vt 0.454810 0.503880
vt 0.426705 0.553845
vt 0.454810 0.553845
vt 0.038619 0.993185
vt 0.661242 0.030377
vt 0.611277 0.002272
vt 0.611277 0.030377
vt 0.043162 0.993185
vt 0.661242 0.063026
vt 0.611277 0.034920
vt 0.661242 0.034920
vt 0.047705 0.993185
vt 0.330300 0.907428
vt 0.333954 0.869955
vt 0.330300 0.869955
vt 0.052249 0.993185
vt 0.342152 0.907428
vt 0.338498 0.869955
vt 0.338498 0.907428
vt 0.056792 0.993185
vt 0.857426 0.704749
vt 0.838070 0.686632
vt 0.875544 0.686632
vt 0.061336 0.993185
vt 0.881326 0.415491
vt 0.913123 0.415491
vt 0.902678 0.436843
vt 0.065879 0.993185
vt 0.754036 0.585968
vt 0.791510 0.548494
vt 0.754036 0.548494
vt 0.070422 0.993185
vt 0.291566 0.334160
vt 0.263461 0.282543
vt 0.263461 0.334160
vt 0.074966 0.993185
vt 0.459353 0.503880
vt 0.487459 0.553845
vt 0.487459 0.503880
vt 0.079509 0.993185
vt 0.217073 0.942754
vt 0.221602 0.912114
vt 0.221602 0.942754
vt 0.084052 0.993185
vt 0.226146 0.912114
vt 0.230675 0.942754
vt 0.226146 0.942754
vt 0.088596 0.993185
vt 0.114442 0.942754
vt 0.105360 0.912114
vt 0.105360 0.942754
vt 0.093139 0.993185
vt 0.881326 0.723467
vt 0.912760 0.739168
vt 0.889781 0.739168
vt 0.097683 0.993185
vt 0.352906 0.977368
vt 0.355624 0.987031
vt 0.352906 0.987031
vt 0.102226 0.993185
vt 0.661242 0.067569
vt 0.611277 0.095674
vt 0.661242 0.095674
vt 0.106769 0.993185
vt 0.346696 0.869955
vt 0.350350 0.907428
vt 0.350350 0.869955
vt 0.111313 0.993185
vt 0.363060 0.881817
vt 0.384148 0.869955
vt 0.384148 0.905488
vt 0.115856 0.993185
vt 0.324215 0.282543
vt 0.296110 0.334160
vt 0.324215 0.334160
vt 0.120399 0.993185
vt 0.542049 0.938612
vt 0.568547 0.912114
vt 0.568547 0.939488
vt 0.124943 0.993185
vt 0.520107 0.503880
vt 0.492002 0.553845
vt 0.520107 0.553845
vt 0.129486 0.993185
vt 0.857426 0.727410
vt 0.838070 0.709292
vt 0.875544 0.709292
vt 0.134030 0.993185
vt 0.838070 0.257998
vt 0.876762 0.247127
vt 0.876762 0.257998
vt 0.138573 0.993185
vt 0.881326 0.514911
vt 0.913576 0.504040
vt 0.907134 0.514911
vt 0.143116 0.993185
vt 0.911966 0.607394
vt 0.881326 0.596523
vt 0.881326 0.607394
vt 0.147660 0.993185
vt 0.903926 0.082163
vt 0.881326 0.061010
vt 0.914483 0.061010
vt 0.152203 0.993185
vt 0.289655 0.941781
vt 0.298490 0.912114
vt 0.313296 0.941781
vt 0.156746 0.993185
vt 0.975250 0.685190
vt 0.987013 0.693784
vt 0.974093 0.693784
vt 0.161290 0.993185
vt 0.919732 0.915102
vt 0.942319 0.902420
vt 0.943930 0.915102
vt 0.165833 0.993185
vt 0.919732 0.919645
vt 0.943930 0.932328
vt 0.919732 0.932328
vt 0.170377 0.993185
vt 0.002272 0.972347
vt 0.014954 0.948150
vt 0.014954 0.970737
vt 0.174920 0.993185
vt 0.974094 0.424952
vt 0.979694 0.412961
vt 0.987720 0.424952
vt 0.179463 0.993185
vt 0.922147 0.261009
vt 0.943919 0.277918
vt 0.943919 0.261009
vt 0.184007 0.993185
vt 0.907134 0.530324
vt 0.881326 0.519454
vt 0.881326 0.530324
vt 0.188550 0.993185
vt 0.401374 0.869955
vt 0.388692 0.905426
vt 0.388692 0.869955
vt 0.193093 0.993185
vt 0.943919 0.282462
vt 0.919732 0.299371
vt 0.943919 0.299371
vt 0.197637 0.993185
vt 0.521953 0.905425
vt 0.509271 0.869955
vt 0.521953 0.869955
vt 0.202180 0.993185
vt 0.857426 0.535325
vt 0.875544 0.554682
vt 0.838070 0.554682
vt 0.206724 0.993185
vt 0.922147 0.067931
vt 0.943919 0.084841
vt 0.943919 0.067931
vt 0.211267 0.993185
vt 0.943919 0.106294
vt 0.922147 0.089384
vt 0.943919 0.089384
vt 0.215810 0.993185
vt 0.019497 0.948150
vt 0.032180 0.970737
vt 0.019497 0.972347
vt 0.220354 0.993185
vt 0.049405 0.948150
vt 0.036723 0.972347
vt 0.036723 0.948150
vt 0.224897 0.993185
vt 0.942319 0.833517
vt 0.919732 0.846200
vt 0.919732 0.833517
vt 0.229440 0.993185
vt 0.418600 0.869955
vt 0.405917 0.905426
vt 0.405917 0.869955
vt 0.233984 0.993185
vt 0.943919 0.320824
vt 0.919732 0.303915
vt 0.943919 0.303915
vt 0.238527 0.993185
vt 0.943919 0.110838
vt 0.919732 0.127747
vt 0.943919 0.127747
vt 0.243071 0.993185
vt 0.919732 0.850743
vt 0.943930 0.863425
vt 0.919732 0.863425
vt 0.247614 0.993185
vt 0.943919 0.342277
vt 0.922147 0.325368
vt 0.943919 0.325368
vt 0.252157 0.993185
vt 0.919732 0.867968
vt 0.943930 0.880651
vt 0.919732 0.880651
vt 0.256701 0.993185
vt 0.556769 0.030377
vt 0.606734 0.002272
vt 0.556769 0.002272
vt 0.261244 0.993185
vt 0.661242 0.128323
vt 0.611277 0.100218
vt 0.661242 0.100218
vt 0.265788 0.993185
vt 0.611277 0.132866
vt 0.661242 0.160972
vt 0.661242 0.132866
vt 0.270331 0.993185
vt 0.260174 0.907428
vt 0.256519 0.869955
vt 0.256519 0.907428
vt 0.274874 0.993185
vt 0.611278 0.165515
vt 0.661242 0.193620
vt 0.661242 0.165515
vt 0.279418 0.993185
vt 0.838070 0.038538
vt 0.875544 0.002272
vt 0.875544 0.038538
vt 0.283961 0.993185
vt 0.606734 0.034920
vt 0.556769 0.063026
vt 0.556769 0.034920
vt 0.288504 0.993185
vt 0.268372 0.869955
vt 0.264717 0.907428
vt 0.268372 0.907428
vt 0.293048 0.993185
vt 0.447752 0.233600
vt 0.497717 0.261705
vt 0.497717 0.233600
vt 0.297591 0.993185
vt 0.791510 0.590511
vt 0.754036 0.627985
vt 0.754036 0.590511
vt 0.302135 0.993185
vt 0.754036 0.632529
vt 0.791510 0.670002
vt 0.754036 0.670002
vt 0.306678 0.993185
vt 0.791510 0.674546
vt 0.754036 0.712019
vt 0.754036 0.674546
vt 0.311221 0.993185
vt 0.913028 0.387311
vt 0.907858 0.410948
vt 0.881326 0.387311
vt 0.315765 0.993185
vt 0.838070 0.754614
vt 0.875544 0.754614
vt 0.857426 0.772731
vt 0.320308 0.993185
vt 0.556769 0.095674
vt 0.606734 0.067569
vt 0.556769 0.067569
vt 0.324851 0.993185
vt 0.556769 0.128323
vt 0.606734 0.100218
vt 0.556769 0.100218
vt 0.329395 0.993185
vt 0.222957 0.906221
vt 0.251976 0.869955
vt 0.222957 0.869955
vt 0.333938 0.993185
vt 0.875544 0.578581
vt 0.838070 0.578581
vt 0.857426 0.559225
vt 0.338482 0.993185
vt 0.556769 0.132866
vt 0.606734 0.160972
vt 0.606734 0.132866
vt 0.343025 0.993185
vt 0.606734 0.165515
vt 0.556769 0.193620
vt 0.556769 0.165515
vt 0.347568 0.993185
vt 0.606734 0.226269
vt 0.556769 0.198164
vt 0.606734 0.198164
vt 0.352112 0.993185
vt 0.606734 0.230812
vt 0.556769 0.258918
vt 0.606734 0.258918
vt 0.356655 0.993185
vt 0.276569 0.869955
vt 0.272915 0.907428
vt 0.276570 0.907428
vt 0.361198 0.993185
vt 0.284767 0.907428
vt 0.281113 0.869955
vt 0.281113 0.907428
vt 0.365742 0.993185
vt 0.289311 0.869955
vt 0.292965 0.907428
vt 0.292965 0.869955
vt 0.370285 0.993185
vt 0.857426 0.795392
vt 0.838070 0.777275
vt 0.875544 0.777275
vt 0.374829 0.993185
vt 0.857426 0.583124
vt 0.875544 0.602481
vt 0.838070 0.602481
vt 0.379372 0.993185
vt 0.913028 0.302772
vt 0.907858 0.326408
vt 0.881326 0.302772
vt 0.383915 0.993185
vt 0.375882 0.865411
vt 0.338408 0.827937
vt 0.338408 0.865411
vt 0.388459 0.993185
vt 0.417899 0.827937
vt 0.380426 0.865411
vt 0.417899 0.865411
vt 0.393002 0.993185
vt 0.128323 0.282543
vt 0.100218 0.334160
vt 0.128323 0.334160
vt 0.397546 0.993185
vt 0.478087 0.651609
vt 0.516799 0.612897
vt 0.516799 0.651609
vt 0.402089 0.993185
vt 0.611277 0.536526
vt 0.649990 0.575239
vt 0.611277 0.575239
vt 0.406632 0.993185
vt 0.103005 0.444828
vt 0.132039 0.396474
vt 0.103005 0.394863
vt 0.411176 0.993185
vt 0.758580 0.823394
vt 0.785183 0.785920
vt 0.758580 0.785920
vt 0.415719 0.993185
vt 0.649990 0.450015
vt 0.611277 0.488727
vt 0.611277 0.450015
vt 0.420262 0.993185
vt 0.055760 0.780138
vt 0.093234 0.742665
vt 0.093234 0.780138
vt 0.424806 0.993185
vt 0.611277 0.445471
vt 0.649990 0.406759
vt 0.649990 0.445471
vt 0.429349 0.993185
vt 0.330889 0.035849
vt 0.279272 0.064884
vt 0.279272 0.035849
vt 0.433893 0.993185
vt 0.305063 0.651609
vt 0.343775 0.612897
vt 0.343775 0.651609
vt 0.438436 0.993185
vt 0.279272 0.002272
vt 0.330889 0.031306
vt 0.279272 0.031306
vt 0.442979 0.993185
vt 0.833527 0.375882
vt 0.796053 0.338409
vt 0.796053 0.375882
vt 0.447523 0.993185
vt 0.749423 0.912114
vt 0.749423 0.937530
vt 0.744655 0.936453
vt 0.452066 0.993185
vt 0.330889 0.132039
vt 0.279272 0.103005
vt 0.330889 0.103005
vt 0.456609 0.993185
vt 0.097777 0.742664
vt 0.135251 0.780138
vt 0.097777 0.780138
vt 0.461153 0.993185
vt 0.387049 0.230812
vt 0.335432 0.258918
vt 0.387049 0.258918
vt 0.465696 0.993185
vt 0.709868 0.647038
vt 0.748559 0.619838
vt 0.709868 0.619838
vt 0.470240 0.993185
vt 0.098462 0.226383
vt 0.069427 0.276348
vt 0.069427 0.226383
vt 0.474783 0.993185
vt 0.139795 0.742664
vt 0.177268 0.780138
vt 0.139795 0.780138
vt 0.479326 0.993185
vt 0.181812 0.742664
vt 0.219285 0.780138
vt 0.181812 0.780138
vt 0.483870 0.993185
vt 0.649969 0.606982
vt 0.611277 0.579782
vt 0.611277 0.606982
vt 0.488413 0.993185
vt 0.031306 0.278000
vt 0.002272 0.226383
vt 0.002272 0.278000
vt 0.492956 0.993185
vt 0.838070 0.043081
vt 0.875544 0.079347
vt 0.838070 0.079347
vt 0.497500 0.993185
vt 0.748559 0.615295
vt 0.709867 0.588095
vt 0.709867 0.615295
vt 0.502043 0.993185
vt 0.317840 0.941781
vt 0.326675 0.912114
vt 0.341481 0.941781
vt 0.506587 0.993185
vt 0.502261 0.356864
vt 0.552226 0.328759
vt 0.502261 0.328759
vt 0.511130 0.993185
vt 0.673368 0.827937
vt 0.709634 0.865411
vt 0.709634 0.827937
vt 0.515673 0.993185
vt 0.064884 0.278000
vt 0.035849 0.226383
vt 0.035849 0.278000
vt 0.520217 0.993185
vt 0.552226 0.389513
vt 0.502261 0.361407
vt 0.552226 0.361407
vt 0.524760 0.993185
vt 0.709867 0.678780
vt 0.748559 0.651581
vt 0.709867 0.651581
vt 0.529303 0.993185
vt 0.447803 0.912114
vt 0.461777 0.940677
vt 0.438007 0.940677
vt 0.533847 0.993185
vt 0.387049 0.002272
vt 0.335432 0.030377
vt 0.387049 0.030377
vt 0.538390 0.993185
vt 0.136583 0.444828
vt 0.165617 0.394863
vt 0.165617 0.444828
vt 0.542933 0.993185
vt 0.552226 0.034920
vt 0.502261 0.063026
vt 0.502261 0.034920
vt 0.547477 0.993185
vt 0.464460 0.738121
vt 0.501934 0.700647
vt 0.464460 0.699409
vt 0.552020 0.993185
vt 0.429876 0.694865
vt 0.467349 0.657391
vt 0.429876 0.656153
vt 0.556563 0.993185
vt 0.128323 0.553845
vt 0.100218 0.503880
vt 0.100218 0.553845
vt 0.561107 0.993185
vt 0.235219 0.942754
vt 0.239748 0.912114
vt 0.239748 0.942754
vt 0.565650 0.993185
vt 0.244291 0.912114
vt 0.248821 0.942754
vt 0.244291 0.942754
vt 0.570193 0.993185
vt 0.128068 0.942754
vt 0.118986 0.912114
vt 0.118986 0.942754
vt 0.574737 0.993185
vt 0.881326 0.743712
vt 0.912760 0.759414
vt 0.889781 0.759414
vt 0.579280 0.993185
vt 0.361073 0.977368
vt 0.363790 0.987031
vt 0.361073 0.987031
vt 0.583824 0.993185
vt 0.502261 0.095674
vt 0.552226 0.067569
vt 0.552226 0.095674
vt 0.588367 0.993185
vt 0.391592 0.306265
vt 0.441557 0.278160
vt 0.391592 0.277231
vt 0.592910 0.993185
vt 0.552226 0.100218
vt 0.502261 0.128323
vt 0.552226 0.128323
vt 0.597454 0.993185
vt 0.552226 0.132866
vt 0.502261 0.160972
vt 0.552226 0.160972
vt 0.601997 0.993185
vt 0.391592 0.310808
vt 0.441557 0.339843
vt 0.391592 0.339843
vt 0.606540 0.993185
vt 0.552226 0.165515
vt 0.502261 0.193620
vt 0.502261 0.165515
vt 0.611084 0.993185
vt 0.044289 0.827938
vt 0.081763 0.865411
vt 0.044289 0.865411
vt 0.615627 0.993185
vt 0.606734 0.263461
vt 0.556769 0.291566
vt 0.606734 0.291566
vt 0.620170 0.993185
vt 0.086306 0.827938
vt 0.123780 0.865411
vt 0.086306 0.865411
vt 0.624714 0.993185
vt 0.606734 0.296110
vt 0.556769 0.324215
vt 0.606734 0.324215
vt 0.629257 0.993185
vt 0.556769 0.328758
vt 0.606734 0.356864
vt 0.606734 0.328758
vt 0.633800 0.993185
vt 0.128323 0.865411
vt 0.165797 0.827937
vt 0.128323 0.827937
vt 0.638344 0.993185
vt 0.230813 0.499337
vt 0.258918 0.449372
vt 0.258918 0.499337
vt 0.642887 0.993185
vt 0.606734 0.361407
vt 0.556769 0.389512
vt 0.606734 0.389512
vt 0.647430 0.993185
vt 0.170340 0.865411
vt 0.207814 0.827937
vt 0.170340 0.827937
vt 0.651974 0.993185
vt 0.606734 0.422161
vt 0.556769 0.394056
vt 0.606734 0.394056
vt 0.656517 0.993185
vt 0.253364 0.942754
vt 0.257893 0.912114
vt 0.257893 0.942754
vt 0.661060 0.993185
vt 0.262437 0.912114
vt 0.266966 0.942754
vt 0.262437 0.942754
vt 0.665604 0.993185
vt 0.155318 0.942754
vt 0.146236 0.912114
vt 0.146236 0.942754
vt 0.670147 0.993185
vt 0.881326 0.763957
vt 0.912760 0.779659
vt 0.889781 0.779659
vt 0.674690 0.993185
vt 0.369240 0.977368
vt 0.371957 0.987031
vt 0.369240 0.987031
vt 0.679234 0.993185
vt 0.387049 0.034920
vt 0.335432 0.063026
vt 0.387049 0.063026
vt 0.683777 0.993185
vt 0.796053 0.212357
vt 0.833527 0.249831
vt 0.833527 0.212357
vt 0.688321 0.993185
vt 0.301163 0.869955
vt 0.297509 0.907428
vt 0.301163 0.907428
vt 0.692864 0.993185
vt 0.838070 0.273412
vt 0.876762 0.262541
vt 0.876762 0.273412
vt 0.697407 0.993185
vt 0.881326 0.622807
vt 0.913576 0.611937
vt 0.907134 0.622807
vt 0.701951 0.993185
vt 0.911966 0.545738
vt 0.881326 0.534868
vt 0.881326 0.545738
vt 0.706494 0.993185
vt 0.974093 0.273951
vt 0.988661 0.273951
vt 0.978228 0.281573
vt 0.711037 0.993185
vt 0.919732 0.897876
vt 0.942319 0.885194
vt 0.943930 0.897876
vt 0.715581 0.993185
vt 0.066631 0.948150
vt 0.053948 0.972347
vt 0.053948 0.948150
vt 0.720124 0.993185
vt 0.071174 0.972347
vt 0.083856 0.948150
vt 0.083856 0.970737
vt 0.724667 0.993185
vt 0.974093 0.441487
vt 0.979694 0.429496
vt 0.987720 0.441487
vt 0.729211 0.993185
vt 0.922147 0.346821
vt 0.943919 0.363730
vt 0.943919 0.346821
vt 0.733754 0.993185
vt 0.907134 0.638221
vt 0.881326 0.627351
vt 0.881326 0.638221
vt 0.738297 0.993185
vt 0.539179 0.869955
vt 0.526497 0.905425
vt 0.526497 0.869955
vt 0.742841 0.993185
vt 0.943919 0.132291
vt 0.919732 0.149200
vt 0.943919 0.149200
vt 0.747384 0.993185
vt 0.435825 0.905426
vt 0.423143 0.869955
vt 0.435825 0.869955
vt 0.751927 0.993185
vt 0.103005 0.278000
vt 0.132039 0.226383
vt 0.103005 0.226383
vt 0.756471 0.993185
vt 0.922147 0.368274
vt 0.943919 0.385183
vt 0.943919 0.368274
vt 0.761014 0.993185
vt 0.943919 0.170653
vt 0.922147 0.153744
vt 0.943919 0.153744
vt 0.765558 0.993185
vt 0.088400 0.948150
vt 0.101082 0.970737
vt 0.088400 0.972347
vt 0.770101 0.993185
vt 0.118307 0.948150
vt 0.105625 0.972347
vt 0.105625 0.948150
vt 0.774644 0.993185
vt 0.135533 0.970737
vt 0.122851 0.948150
vt 0.135533 0.948150
vt 0.779188 0.993185
vt 0.556405 0.869955
vt 0.543722 0.905425
vt 0.543722 0.869955
vt 0.783731 0.993185
vt 0.943919 0.406636
vt 0.919732 0.389727
vt 0.943919 0.389727
vt 0.788274 0.993185
vt 0.627985 0.738121
vt 0.590511 0.699409
vt 0.590511 0.738121
vt 0.792818 0.993185
vt 0.170161 0.444828
vt 0.199195 0.394863
vt 0.170161 0.394863
vt 0.797361 0.993185
vt 0.943919 0.411180
vt 0.919732 0.428089
vt 0.943919 0.428089
vt 0.801904 0.993185
vt 0.152759 0.948150
vt 0.140076 0.972347
vt 0.140076 0.948150
vt 0.806448 0.993185
vt 0.943919 0.192106
vt 0.922147 0.175197
vt 0.943919 0.175197
vt 0.810991 0.993185
vt 0.223112 0.069427
vt 0.274729 0.098462
vt 0.223112 0.098462
vt 0.815534 0.993185
vt 0.670002 0.699409
vt 0.632529 0.738121
vt 0.670002 0.738121
vt 0.820078 0.993185
vt 0.232773 0.444828
vt 0.203738 0.394863
vt 0.232773 0.394863
vt 0.824621 0.993185
vt 0.169984 0.948150
vt 0.157302 0.972347
vt 0.157302 0.948150
vt 0.829164 0.993185
vt 0.911966 0.561152
vt 0.881326 0.550282
vt 0.881326 0.561152
vt 0.833708 0.993185
vt 0.876762 0.277955
vt 0.838070 0.288826
vt 0.838070 0.277955
vt 0.838251 0.993185
vt 0.709868 0.207814
vt 0.748580 0.170340
vt 0.748580 0.207814
vt 0.842794 0.993185
vt 0.881326 0.653635
vt 0.913576 0.642765
vt 0.907134 0.653635
vt 0.847338 0.993185
vt 0.919732 0.695713
vt 0.943930 0.708395
vt 0.919732 0.708395
vt 0.851881 0.993185
vt 0.943930 0.725621
vt 0.919732 0.712938
vt 0.942319 0.712938
vt 0.856425 0.993185
vt 0.887768 0.565696
vt 0.913576 0.576566
vt 0.913576 0.565695
vt 0.860968 0.993185
vt 0.453051 0.869955
vt 0.440369 0.905426
vt 0.440369 0.869955
vt 0.865511 0.993185
vt 0.573630 0.905425
vt 0.560948 0.869955
vt 0.573630 0.869955
vt 0.870055 0.993185
vt 0.606734 0.426704
vt 0.556769 0.454810
vt 0.556769 0.426704
vt 0.874598 0.993185
vt 0.223112 0.103005
vt 0.274729 0.132039
vt 0.223112 0.132039
vt 0.879141 0.993185
vt 0.237316 0.444828
vt 0.266351 0.394863
vt 0.237316 0.394863
vt 0.883685 0.993185
vt 0.922147 0.432633
vt 0.943919 0.449542
vt 0.943919 0.432633
vt 0.888228 0.993185
vt 0.943919 0.213559
vt 0.922147 0.196650
vt 0.943919 0.196650
vt 0.892771 0.993185
vt 0.975250 0.698327
vt 0.987013 0.706920
vt 0.974093 0.706920
vt 0.897315 0.993185
vt 0.919732 0.742846
vt 0.942319 0.730164
vt 0.943930 0.742846
vt 0.901858 0.993185
vt 0.981672 0.258084
vt 0.988522 0.269408
vt 0.974093 0.269408
vt 0.906401 0.993185
vt 0.922147 0.454086
vt 0.943919 0.470995
vt 0.943919 0.454086
vt 0.910945 0.993185
vt 0.913576 0.251095
vt 0.881326 0.263777
vt 0.913576 0.263777
vt 0.915488 0.993185
vt 0.291567 0.499337
vt 0.263461 0.449372
vt 0.291567 0.449372
vt 0.920031 0.993185
vt 0.136583 0.226383
vt 0.165617 0.278000
vt 0.165617 0.226383
vt 0.924575 0.993185
vt 0.709868 0.212357
vt 0.748580 0.249831
vt 0.748580 0.212357
vt 0.929118 0.993185
vt 0.299928 0.444828
vt 0.270894 0.394863
vt 0.299928 0.394863
vt 0.933661 0.993185
vt 0.919732 0.587816
vt 0.942319 0.575134
vt 0.943930 0.587816
vt 0.938205 0.993185
vt 0.919732 0.747389
vt 0.943930 0.760072
vt 0.919732 0.760072
vt 0.942748 0.993185
vt 0.881326 0.199418
vt 0.910355 0.212100
vt 0.881326 0.212100
vt 0.947291 0.993185
vt 0.942319 0.592359
vt 0.919732 0.605042
vt 0.919732 0.592359
vt 0.951835 0.993185
vt 0.470277 0.869955
vt 0.457594 0.905426
vt 0.457594 0.869955
vt 0.956378 0.993185
vt 0.881326 0.216644
vt 0.913576 0.229326
vt 0.881326 0.229326
vt 0.960922 0.993185
vt 0.709868 0.291848
vt 0.748580 0.254374
vt 0.748580 0.291848
vt 0.965465 0.993185
vt 0.881326 0.246552
vt 0.913576 0.233869
vt 0.881326 0.233869
vt 0.970008 0.993185
vt 0.919732 0.764615
vt 0.943930 0.777297
vt 0.919732 0.777297
vt 0.974552 0.993185
vt 0.919732 0.609585
vt 0.943930 0.622267
vt 0.919732 0.622267
vt 0.979095 0.993185
vt 0.296110 0.449372
vt 0.324215 0.499337
vt 0.296110 0.499337
vt 0.983638 0.993185
vt 0.560055 0.612897
vt 0.521342 0.651609
vt 0.560055 0.651609
vt 0.988182 0.993185
vt 0.441557 0.071221
vt 0.391592 0.042186
vt 0.391592 0.071221
vt 0.993794 0.002272
vt 0.603311 0.651609
vt 0.564598 0.612897
vt 0.603311 0.612897
vt 0.993794 0.006815
vt 0.709868 0.296391
vt 0.748580 0.333865
vt 0.748580 0.296391
vt 0.993794 0.011358
vt 0.030377 0.499337
vt 0.002272 0.449372
vt 0.002272 0.499337
vt 0.993794 0.015902
vt 0.750443 0.827937
vt 0.714177 0.865411
vt 0.714177 0.827937
vt 0.993794 0.020445
vt 0.304472 0.444828
vt 0.333506 0.394863
vt 0.304472 0.394863
vt 0.993794 0.024989
vt 0.875544 0.083890
vt 0.838070 0.120156
vt 0.875544 0.120156
vt 0.993794 0.029532
vt 0.506477 0.699409
vt 0.543951 0.738121
vt 0.506477 0.738121
vt 0.002272 0.159188
vt 0.047023 0.083001
vt 0.047023 0.159188
vt 0.993794 0.034075
vt 0.993794 0.038619
vt 0.040984 0.612897
vt 0.002272 0.651609
vt 0.040984 0.651609
vt 0.993794 0.043162
vt 0.497717 0.392300
vt 0.447752 0.364195
vt 0.447752 0.392300
vt 0.993794 0.047705
vt 0.330889 0.197383
vt 0.279272 0.169255
vt 0.330889 0.169255
vt 0.993794 0.052249
vt 0.441557 0.104798
vt 0.391592 0.082105
vt 0.441557 0.075764
vt 0.993794 0.056792
vt 0.170340 0.699409
vt 0.207814 0.738121
vt 0.207814 0.699409
vt 0.159188 0.033706
vt 0.083001 0.002272
vt 0.159188 0.002272
vt 0.993794 0.061336
vt 0.993794 0.065879
vt 0.709868 0.375882
vt 0.748580 0.338408
vt 0.709868 0.338408
vt 0.993794 0.070422
vt 0.497717 0.396843
vt 0.447752 0.424949
vt 0.497717 0.424949
vt 0.993794 0.074966
vt 0.666612 0.207814
vt 0.705324 0.170340
vt 0.705324 0.207814
vt 0.993794 0.079509
vt 0.338409 0.699409
vt 0.375882 0.738121
vt 0.375882 0.699409
vt 0.993794 0.084052
vt 0.646567 0.651609
vt 0.607854 0.612897
vt 0.646567 0.612897
vt 0.993794 0.088596
vt 0.705324 0.459916
vt 0.666612 0.422443
vt 0.666612 0.459916
vt 0.993794 0.093139
vt 0.666612 0.254374
vt 0.705324 0.291848
vt 0.666612 0.291848
vt 0.993794 0.097683
vt 0.034920 0.499337
vt 0.063026 0.449372
vt 0.063026 0.499337
vt 0.993794 0.102226
vt 0.705324 0.501934
vt 0.666612 0.464460
vt 0.666612 0.501934
vt 0.993794 0.106769
vt 0.705324 0.296391
vt 0.666612 0.333865
vt 0.666612 0.296391
vt 0.993794 0.111313
vt 0.039745 0.656153
vt 0.002272 0.694865
vt 0.040984 0.694865
vt 0.993794 0.115856
vt 0.666612 0.249831
vt 0.705324 0.212357
vt 0.666612 0.212357
vt 0.993794 0.120399
vt 0.754036 0.296392
vt 0.791510 0.333865
vt 0.754036 0.333865
vt 0.993794 0.124943
vt 0.666612 0.506477
vt 0.705324 0.543951
vt 0.666612 0.543951
vt 0.993794 0.129486
vt 0.590856 0.869955
vt 0.578173 0.905426
vt 0.578173 0.869955
vt 0.993794 0.134030
vt 0.487502 0.869955
vt 0.474820 0.905426
vt 0.474820 0.869955
vt 0.993794 0.138573
vt 0.881326 0.143198
vt 0.913576 0.130516
vt 0.881326 0.130516
vt 0.993794 0.143116
vt 0.709868 0.417899
vt 0.748580 0.380426
vt 0.748580 0.417899
vt 0.993794 0.147660
vt 0.748580 0.039745
vt 0.711075 0.002272
vt 0.748580 0.002272
vt 0.993794 0.152203
vt 0.881326 0.160424
vt 0.913576 0.147741
vt 0.881326 0.147741
vt 0.993794 0.156746
vt 0.881326 0.164967
vt 0.910355 0.177649
vt 0.881326 0.177649
vt 0.993794 0.161290
vt 0.271510 0.912114
vt 0.276039 0.942754
vt 0.271510 0.942754
vt 0.993794 0.165833
vt 0.943930 0.794523
vt 0.919732 0.781841
vt 0.942319 0.781841
vt 0.993794 0.170377
vt 0.919732 0.626810
vt 0.943930 0.639493
vt 0.919732 0.639493
vt 0.993794 0.174920
vt 0.913576 0.194875
vt 0.884547 0.182193
vt 0.913576 0.182193
vt 0.993794 0.179463
vt 0.881326 0.268321
vt 0.913576 0.281003
vt 0.881326 0.281003
vt 0.993794 0.184007
vt 0.078458 0.002272
vt 0.002272 0.078458
vt 0.002272 0.002272
vt 0.993794 0.188550
vt 0.666612 0.585968
vt 0.705324 0.548494
vt 0.666612 0.548494
vt 0.993794 0.193093
vt 0.791510 0.716563
vt 0.754036 0.754037
vt 0.791510 0.754037
vt 0.993794 0.197637
vt 0.748580 0.459916
vt 0.709868 0.422443
vt 0.709868 0.459916
vt 0.993794 0.202180
vt 0.796053 0.291848
vt 0.833527 0.254374
vt 0.833527 0.290640
vt 0.993794 0.206724
vt 0.791253 0.865411
vt 0.754987 0.827937
vt 0.791253 0.827937
vt 0.993794 0.211267
vt 0.285112 0.942754
vt 0.280582 0.912114
vt 0.285112 0.912114
vt 0.993794 0.215810
vt 0.919732 0.811748
vt 0.942319 0.799066
vt 0.943930 0.811748
vt 0.993794 0.220354
vt 0.919732 0.644036
vt 0.943930 0.656718
vt 0.919732 0.656718
vt 0.993794 0.224897
vt 0.876762 0.293369
vt 0.838070 0.304239
vt 0.838070 0.293369
vt 0.993794 0.229441
vt 0.381030 0.977368
vt 0.377407 0.987031
vt 0.377407 0.977368
vt 0.993794 0.233984
vt 0.919732 0.557908
vt 0.943930 0.570590
vt 0.919732 0.570590
vt 0.993794 0.238527
vt 0.608081 0.869955
vt 0.595399 0.905426
vt 0.595399 0.869955
vt 0.993794 0.243071
vt 0.002272 0.785920
vt 0.039745 0.823394
vt 0.039745 0.785920
vt 0.993794 0.247614
vt 0.666612 0.590511
vt 0.705324 0.627985
vt 0.666612 0.627985
vt 0.993794 0.252157
vt 0.044289 0.823394
vt 0.081763 0.785920
vt 0.081763 0.823394
vt 0.993794 0.256701
vt 0.881326 0.298228
vt 0.913576 0.285546
vt 0.881326 0.285546
vt 0.993794 0.261244
vt 0.881326 0.669049
vt 0.913576 0.658179
vt 0.907134 0.669049
vt 0.993794 0.265787
vt 0.911966 0.684463
vt 0.881326 0.673592
vt 0.881326 0.684463
vt 0.993794 0.270331
vt 0.881326 0.125972
vt 0.913576 0.113290
vt 0.881326 0.113290
vt 0.993794 0.274874
vt 0.919732 0.661262
vt 0.943930 0.673944
vt 0.919732 0.673944
vt 0.993794 0.279418
vt 0.666612 0.670002
vt 0.705324 0.632528
vt 0.705324 0.670002
vt 0.993794 0.283961
vt 0.975250 0.711463
vt 0.987013 0.720057
vt 0.974093 0.720057
vt 0.993794 0.288504
vt 0.919732 0.828974
vt 0.942319 0.816292
vt 0.943930 0.828974
vt 0.993794 0.293048
vt 0.974093 0.458021
vt 0.979694 0.446030
vt 0.987720 0.458021
vt 0.993794 0.297591
vt 0.919732 0.691170
vt 0.942319 0.678487
vt 0.943930 0.691170
vt 0.993794 0.302135
vt 0.132611 0.942754
vt 0.141693 0.912114
vt 0.132611 0.912114
vt 0.993794 0.306678
vt 0.881326 0.784202
vt 0.912760 0.799904
vt 0.889781 0.799904
vt 0.993794 0.311221
vt 0.907134 0.591980
vt 0.881326 0.581109
vt 0.881326 0.591980
vt 0.993794 0.315765
vt 0.002272 0.699409
vt 0.039745 0.738121
vt 0.039745 0.699409
vt 0.993794 0.320308
vt 0.044289 0.738121
vt 0.081763 0.699409
vt 0.044289 0.699409
vt 0.993794 0.324851
vt 0.086306 0.785920
vt 0.123780 0.823394
vt 0.123780 0.785920
vt 0.993794 0.329395
vt 0.086306 0.699409
vt 0.123780 0.738121
vt 0.123780 0.699409
vt 0.993794 0.333938
vt 0.791510 0.086306
vt 0.754036 0.123780
vt 0.754036 0.086306
vt 0.993794 0.338482
vt 0.555927 0.694865
vt 0.593401 0.656153
vt 0.593401 0.694865
vt 0.993794 0.343025
vt 0.330889 0.136583
vt 0.279272 0.164711
vt 0.330889 0.164711
vt 0.993794 0.347568
vt 0.632528 0.827937
vt 0.668825 0.865411
vt 0.668825 0.827937
vt 0.993794 0.352112
vt 0.165797 0.823394
vt 0.128323 0.785920
vt 0.165797 0.785920
vt 0.993794 0.356655
vt 0.832062 0.865411
vt 0.795796 0.827937
vt 0.795796 0.865411
vt 0.993794 0.361198
vt 0.838070 0.124700
vt 0.875544 0.160965
vt 0.838070 0.160965
vt 0.993794 0.365742
vt 0.212357 0.827937
vt 0.249831 0.865411
vt 0.212357 0.865411
vt 0.993794 0.370285
vt 0.170340 0.785920
vt 0.207814 0.823394
vt 0.207814 0.785920
vt 0.993794 0.374829
vt 0.254374 0.827938
vt 0.291848 0.865411
vt 0.254374 0.865411
vt 0.993794 0.379372
vt 0.212357 0.785920
vt 0.249831 0.823394
vt 0.249831 0.785920
vt 0.993794 0.383915
vt 0.912296 0.833186
vt 0.912296 0.857381
vt 0.881326 0.839961
vt 0.993794 0.388459
vt 0.838070 0.731953
vt 0.875544 0.731953
vt 0.857426 0.750071
vt 0.993794 0.393002
vt 0.501933 0.827937
vt 0.464460 0.865411
vt 0.501933 0.865411
vt 0.993794 0.397545
vt 0.556769 0.487458
vt 0.606734 0.459353
vt 0.556769 0.459353
vt 0.993794 0.402089
vt 0.573091 0.939473
vt 0.598699 0.912114
vt 0.599603 0.939473
vt 0.993794 0.406632
vt 0.459916 0.865411
vt 0.422443 0.827937
vt 0.422443 0.865411
vt 0.993794 0.411176
vt 0.291848 0.823394
vt 0.254374 0.785920
vt 0.254374 0.823394
vt 0.993794 0.415719
vt 0.261303 0.780138
vt 0.223829 0.742665
vt 0.261303 0.742665
vt 0.993794 0.420262
vt 0.912281 0.884582
vt 0.881326 0.884582
vt 0.905533 0.861925
vt 0.993794 0.424806
vt 0.833527 0.417899
vt 0.796053 0.380426
vt 0.796053 0.417899
vt 0.993794 0.429349
vt 0.303320 0.742664
vt 0.265846 0.780138
vt 0.303320 0.780138
vt 0.157980 0.083001
vt 0.083001 0.038250
vt 0.157980 0.038250
vt 0.993794 0.433893
vt 0.157980 0.118979
vt 0.083001 0.087545
vt 0.157980 0.087545
vt 0.993794 0.438436
vt 0.993794 0.442979
vt 0.345337 0.742664
vt 0.307863 0.780138
vt 0.345337 0.780138
vt 0.993794 0.447523
vt 0.556769 0.492002
vt 0.606734 0.520107
vt 0.606734 0.492002
vt 0.993794 0.452066
vt 0.387354 0.742664
vt 0.349880 0.780138
vt 0.387354 0.780138
vt 0.993794 0.456609
vt 0.833527 0.459917
vt 0.796053 0.422443
vt 0.833527 0.422443
vt 0.993794 0.461153
vt 0.791510 0.338409
vt 0.754036 0.375883
vt 0.754036 0.338409
vt 0.993794 0.465696
vt 0.333865 0.785920
vt 0.296392 0.823394
vt 0.296392 0.785920
vt 0.993794 0.470240
vt 0.375882 0.785920
vt 0.338409 0.823394
vt 0.375882 0.823394
vt 0.993794 0.474783
vt 0.417899 0.823394
vt 0.380426 0.785920
vt 0.417899 0.785920
vt 0.993794 0.479326
vt 0.422443 0.785920
vt 0.459917 0.823394
vt 0.459917 0.785920
vt 0.993794 0.483870
vt 0.296391 0.865411
vt 0.333865 0.827937
vt 0.296391 0.827937
vt 0.993794 0.488413
vt 0.556769 0.524651
vt 0.606734 0.552756
vt 0.556769 0.552756
vt 0.993794 0.492956
vt 0.833527 0.501934
vt 0.796053 0.464460
vt 0.796053 0.501934
vt 0.993794 0.497500
vt 0.447752 0.266248
vt 0.497717 0.294354
vt 0.447752 0.294354
vt 0.993794 0.502043
vt 0.754036 0.128323
vt 0.791510 0.165797
vt 0.754036 0.165797
vt 0.993794 0.506587
vt 0.501934 0.823394
vt 0.464460 0.785920
vt 0.501934 0.785920
vt 0.993794 0.511130
vt 0.354893 0.907428
vt 0.358517 0.871162
vt 0.354893 0.869955
vt 0.993794 0.515673
vt 0.543951 0.785920
vt 0.506477 0.823394
vt 0.506477 0.785920
vt 0.993794 0.520217
vt 0.548494 0.785920
vt 0.585968 0.823394
vt 0.548494 0.823394
vt 0.993794 0.524760
vt 0.627985 0.785920
vt 0.590511 0.823394
vt 0.590511 0.785920
vt 0.993794 0.529303
vt 0.543950 0.827938
vt 0.506477 0.865411
vt 0.543950 0.865411
vt 0.993794 0.533847
vt 0.585968 0.865411
vt 0.548494 0.827938
vt 0.548494 0.865411
vt 0.993794 0.538390
vt 0.179233 0.338703
vt 0.202833 0.390320
vt 0.202832 0.338703
vt 0.993794 0.542933
vt 0.084240 0.651609
vt 0.045528 0.612897
vt 0.084240 0.612897
vt 0.993794 0.547477
vt 0.838070 0.341456
vt 0.875544 0.308783
vt 0.875544 0.341456
vt 0.993794 0.552020
vt 0.833527 0.543951
vt 0.796053 0.506477
vt 0.833527 0.506477
vt 0.993794 0.556563
vt 0.590511 0.827938
vt 0.627985 0.865411
vt 0.590511 0.865411
vt 0.993794 0.561107
vt 0.002272 0.781377
vt 0.015558 0.742664
vt 0.015558 0.781377
vt 0.993794 0.565650
vt 0.993794 0.570193
vt 0.993794 0.574737
vt 0.881326 0.889126
vt 0.912792 0.901204
vt 0.912792 0.889126
vt 0.993794 0.579280
vt 0.391592 0.142920
vt 0.441557 0.171954
vt 0.441557 0.142920
vt 0.993794 0.583824
vt 0.441557 0.176497
vt 0.391592 0.205532
vt 0.391592 0.176497
vt 0.993794 0.588367
vt 0.230975 0.390320
vt 0.207376 0.338703
vt 0.207376 0.390320
vt 0.993794 0.592910
vt 0.084240 0.656153
vt 0.045528 0.694865
vt 0.045528 0.656153
vt 0.993794 0.597454
vt 0.838070 0.353246
vt 0.876783 0.345999
vt 0.838070 0.346000
vt 0.993794 0.601997
vt 0.342552 0.338703
vt 0.347987 0.390320
vt 0.347987 0.338703
vt 0.993794 0.606540
vt 0.391897 0.780138
vt 0.429371 0.742665
vt 0.391897 0.742665
vt 0.993794 0.611084
vt 0.278137 0.390320
vt 0.272701 0.338703
vt 0.272701 0.390320
vt 0.993794 0.615627
vt 0.282680 0.338703
vt 0.288115 0.390320
vt 0.288115 0.338703
vt 0.993794 0.620170
vt 0.002272 0.282543
vt 0.030377 0.334160
vt 0.030377 0.282543
vt 0.993794 0.624714
vt 0.513910 0.694865
vt 0.551384 0.656153
vt 0.550176 0.694865
vt 0.993794 0.629257
vt 0.298094 0.390320
vt 0.292659 0.338703
vt 0.292659 0.390320
vt 0.993794 0.633800
vt 0.268158 0.390320
vt 0.262723 0.338703
vt 0.262723 0.390320
vt 0.993794 0.638344
vt 0.088783 0.694865
vt 0.127496 0.656153
vt 0.127496 0.694865
vt 0.993794 0.642887
vt 0.367084 0.444828
vt 0.338049 0.394863
vt 0.367084 0.394863
vt 0.993794 0.647430
vt 0.308072 0.390320
vt 0.302637 0.338703
vt 0.302637 0.390320
vt 0.993794 0.651974
vt 0.833527 0.548494
vt 0.796053 0.585968
vt 0.796053 0.548494
vt 0.993794 0.656517
vt 0.312616 0.338703
vt 0.318051 0.390320
vt 0.318051 0.338703
vt 0.993794 0.661061
vt 0.400662 0.444828
vt 0.371627 0.394863
vt 0.400662 0.394863
vt 0.993794 0.665604
vt 0.175295 0.651609
vt 0.214008 0.612897
vt 0.214008 0.651609
vt 0.993794 0.670147
vt 0.328030 0.390320
vt 0.322594 0.338703
vt 0.322594 0.390320
vt 0.993794 0.674691
vt 0.338008 0.338703
vt 0.332573 0.380657
vt 0.332573 0.338703
vt 0.993794 0.679234
vt 0.833527 0.627985
vt 0.796053 0.627985
vt 0.796053 0.590511
vt 0.993794 0.683777
vt 0.709868 0.464460
vt 0.748580 0.501933
vt 0.748580 0.464460
vt 0.993794 0.688321
vt 0.552226 0.394056
vt 0.502261 0.394056
vt 0.502261 0.422161
vt 0.993794 0.692864
vt 0.611277 0.264674
vt 0.658445 0.300940
vt 0.658445 0.269505
vt 0.993794 0.697407
vt 0.367944 0.338703
vt 0.362509 0.380657
vt 0.367944 0.390320
vt 0.993794 0.701951
vt 0.372488 0.390320
vt 0.377923 0.338703
vt 0.377923 0.390320
vt 0.993794 0.706494
vt 0.051567 0.097469
vt 0.077978 0.145995
vt 0.054441 0.147352
vt 0.993794 0.711037
vt 0.330889 0.201927
vt 0.279272 0.230032
vt 0.279272 0.201927
vt 0.993794 0.715581
vt 0.132039 0.694865
vt 0.170752 0.656153
vt 0.170752 0.694865
vt 0.993794 0.720124
vt 0.434239 0.444828
vt 0.405205 0.394863
vt 0.434239 0.394863
vt 0.993794 0.724667
vt 0.433915 0.742665
vt 0.471388 0.780138
vt 0.471388 0.742664
vt 0.993794 0.729211
vt 0.387049 0.095674
vt 0.335432 0.067569
vt 0.335432 0.095674
vt 0.993794 0.733754
vt 0.552226 0.226269
vt 0.502261 0.198164
vt 0.502261 0.226269
vt 0.993794 0.738297
vt 0.796053 0.670002
vt 0.833527 0.632528
vt 0.833527 0.670002
vt 0.993794 0.742841
vt 0.475932 0.780138
vt 0.513406 0.742664
vt 0.513406 0.780138
vt 0.993794 0.747384
vt 0.517949 0.780138
vt 0.555423 0.742665
vt 0.555423 0.780138
vt 0.993794 0.751927
vt 0.597440 0.742664
vt 0.559966 0.780138
vt 0.597440 0.780138
vt 0.993794 0.756471
vt 0.833527 0.712019
vt 0.796053 0.674545
vt 0.796053 0.712019
vt 0.993794 0.761014
vt 0.552226 0.454810
vt 0.502261 0.426705
vt 0.552226 0.426705
vt 0.993794 0.765558
vt 0.088783 0.612897
vt 0.127496 0.651609
vt 0.088783 0.651609
vt 0.993794 0.770101
vt 0.497717 0.031306
vt 0.447752 0.003178
vt 0.497717 0.002272
vt 0.993794 0.774644
vt 0.661242 0.260130
vt 0.611278 0.251978
vt 0.661242 0.251977
vt 0.993794 0.779188
vt 0.029764 0.907428
vt 0.018893 0.869955
vt 0.018893 0.907428
vt 0.993794 0.783731
vt 0.034307 0.869955
vt 0.041552 0.907571
vt 0.041552 0.870086
vt 0.993794 0.788274
vt 0.020101 0.781377
vt 0.033387 0.742664
vt 0.033387 0.781377
vt 0.993794 0.792818
vt 0.077557 0.390320
vt 0.090262 0.338703
vt 0.066663 0.338703
vt 0.993794 0.797361
vt 0.118405 0.390320
vt 0.094806 0.338703
vt 0.118405 0.338703
vt 0.993794 0.801904
vt 0.146547 0.390320
vt 0.122948 0.338703
vt 0.135654 0.338703
vt 0.993794 0.806448
vt 0.218551 0.656153
vt 0.257264 0.694865
vt 0.218551 0.694865
vt 0.993794 0.810991
vt 0.635418 0.694865
vt 0.597944 0.656153
vt 0.597944 0.694865
vt 0.993794 0.815534
vt 0.705324 0.039745
vt 0.666612 0.002272
vt 0.705324 0.003480
vt 0.993794 0.820078
vt 0.274729 0.064884
vt 0.223112 0.035849
vt 0.274729 0.035849
vt 0.993794 0.824621
vt 0.076944 0.907428
vt 0.084191 0.869955
vt 0.084191 0.907428
vt 0.993794 0.829164
vt 0.330889 0.098462
vt 0.279272 0.069427
vt 0.279272 0.098462
vt 0.993794 0.833708
vt 0.502261 0.459353
vt 0.552226 0.487459
vt 0.552226 0.459353
vt 0.993794 0.838251
vt 0.095674 0.334160
vt 0.067569 0.282543
vt 0.067569 0.334160
vt 0.993794 0.842795
vt 0.030377 0.503880
vt 0.002272 0.553845
vt 0.030377 0.553845
vt 0.993794 0.847338
vt 0.497717 0.064884
vt 0.447752 0.035849
vt 0.447752 0.064884
vt 0.993794 0.851881
vt 0.443209 0.007707
vt 0.391592 0.002272
vt 0.391592 0.007707
vt 0.993794 0.856425
vt 0.443209 0.037643
vt 0.391592 0.032208
vt 0.391592 0.037643
vt 0.993794 0.860968
vt 0.328759 0.499337
vt 0.356864 0.449372
vt 0.356864 0.499337
vt 0.993794 0.865511
vt 0.132866 0.503880
vt 0.160972 0.553845
vt 0.132866 0.553845
vt 0.993794 0.870055
vt 0.443209 0.012250
vt 0.391592 0.017686
vt 0.443209 0.017686
vt 0.993794 0.874598
vt 0.193620 0.553845
vt 0.165515 0.503880
vt 0.193620 0.503880
vt 0.993794 0.879141
vt 0.552226 0.230813
vt 0.502261 0.258918
vt 0.502261 0.230813
vt 0.993794 0.883685
vt 0.497717 0.135654
vt 0.447752 0.163759
vt 0.447752 0.135654
vt 0.993794 0.888228
vt 0.447752 0.327002
vt 0.497717 0.298897
vt 0.497717 0.327002
vt 0.993794 0.892771
vt 0.497717 0.196408
vt 0.447752 0.169208
vt 0.447752 0.196408
vt 0.993794 0.897315
vt 0.053340 0.907571
vt 0.046096 0.869955
vt 0.046096 0.907439
vt 0.993794 0.901858
vt 0.330889 0.234575
vt 0.279272 0.262681
vt 0.330889 0.262681
vt 0.993794 0.906401
vt 0.796053 0.333865
vt 0.833527 0.296392
vt 0.796053 0.296392
vt 0.993794 0.910945
vt 0.748580 0.696127
vt 0.709868 0.713068
vt 0.709867 0.696127
vt 0.993794 0.915488
vt 0.223112 0.216444
vt 0.274729 0.203738
vt 0.274729 0.216444
vt 0.993794 0.920031
vt 0.037931 0.742664
vt 0.051217 0.781377
vt 0.051217 0.742664
vt 0.993794 0.924575
vt 0.223112 0.031306
vt 0.274729 0.002272
vt 0.274729 0.031306
vt 0.993794 0.929118
vt 0.151091 0.338703
vt 0.174690 0.390320
vt 0.151091 0.390320
vt 0.993794 0.933662
vt 0.034920 0.390320
vt 0.062120 0.338703
vt 0.062120 0.390320
vt 0.993794 0.938205
vt 0.163731 0.138120
vt 0.215348 0.167155
vt 0.163731 0.167155
vt 0.993794 0.942748
vt 0.100525 0.907428
vt 0.107772 0.869955
vt 0.107772 0.907428
vt 0.993794 0.947292
vt 0.666612 0.044289
vt 0.705324 0.081763
vt 0.705324 0.044289
vt 0.993794 0.951835
vt 0.705324 0.087514
vt 0.666612 0.123780
vt 0.666612 0.086306
vt 0.993794 0.956378
vt 0.030377 0.608353
vt 0.002272 0.558389
vt 0.030377 0.558389
vt 0.993794 0.960922
vt 0.502261 0.263461
vt 0.552226 0.291567
vt 0.552226 0.263461
vt 0.993794 0.965465
vt 0.443209 0.027664
vt 0.391592 0.022229
vt 0.391592 0.027664
vt 0.993794 0.970008
vt 0.352530 0.390320
vt 0.357966 0.338703
vt 0.352530 0.338703
vt 0.993794 0.974552
vt 0.034920 0.558389
vt 0.063026 0.608353
vt 0.063026 0.558388
vt 0.993794 0.979095
vt 0.838070 0.423989
vt 0.876783 0.416742
vt 0.838070 0.416742
vt 0.993794 0.983638
vt 0.361408 0.449372
vt 0.389513 0.499337
vt 0.389513 0.449372
vt 0.993794 0.988182
vt 0.422162 0.499337
vt 0.394056 0.449372
vt 0.394056 0.499337
vt 0.993794 0.992725
vt 0.426705 0.449372
vt 0.454810 0.499337
vt 0.426705 0.499337
vt 0.002272 0.997728
vt 0.095674 0.608353
vt 0.067569 0.558388
vt 0.067569 0.608353
vt 0.006815 0.997728
vt 0.100218 0.558388
vt 0.128323 0.608353
vt 0.100218 0.608353
vt 0.715651 0.905610
vt 0.715651 0.869955
vt 0.723799 0.905242
vt 0.720194 0.905610
vt 0.720194 0.869955
vt 0.965891 0.599693
vt 0.948951 0.588822
vt 0.948951 0.599693
vt 0.731947 0.869955
vt 0.731947 0.905610
vt 0.965891 0.557932
vt 0.948951 0.568834
vt 0.948951 0.557932
vt 0.736490 0.905610
vt 0.740095 0.905242
vt 0.736490 0.869954
vt 0.948951 0.604236
vt 0.965891 0.615106
vt 0.948951 0.615106
vt 0.948951 0.584279
vt 0.965891 0.573377
vt 0.948951 0.573377
vt 0.504728 0.905426
vt 0.492046 0.873176
vt 0.504728 0.869955
vt 0.625307 0.905426
vt 0.612625 0.873176
vt 0.612625 0.905426
vt 0.919041 0.948150
vt 0.907690 0.968435
vt 0.908287 0.949938
vt 0.002272 0.943606
vt 0.002272 0.912114
vt 0.012312 0.918604
vt 0.163705 0.977368
vt 0.169389 0.984604
vt 0.163705 0.987635
vt 0.329810 0.972348
vt 0.327093 0.948150
vt 0.327093 0.972348
vt 0.699880 0.937922
vt 0.695328 0.912114
vt 0.695328 0.937922
vt 0.716237 0.912114
vt 0.713520 0.937922
vt 0.716237 0.937922
vt 0.287132 0.948150
vt 0.291684 0.972347
vt 0.292590 0.948150
vt 0.988587 0.335140
vt 0.974093 0.340002
vt 0.988587 0.340002
vt 0.948951 0.272314
vt 0.968307 0.285600
vt 0.948951 0.285600
vt 0.876768 0.912114
vt 0.894917 0.935094
vt 0.876768 0.936302
vt 0.968535 0.232245
vt 0.955970 0.246872
vt 0.948950 0.232245
vt 0.948951 0.290144
vt 0.968307 0.303430
vt 0.968307 0.290144
vt 0.919732 0.020420
vt 0.942711 0.002272
vt 0.919732 0.002272
vt 0.948951 0.442481
vt 0.948951 0.458705
vt 0.966607 0.450955
vt 0.494410 0.967292
vt 0.507070 0.951184
vt 0.507070 0.969534
vt 0.817976 0.948150
vt 0.830099 0.968352
vt 0.812855 0.968352
vt 0.861874 0.926117
vt 0.872225 0.913032
vt 0.872225 0.936651
vt 0.948951 0.866802
vt 0.964652 0.877703
vt 0.948951 0.877703
vt 0.948951 0.813231
vt 0.964652 0.801121
vt 0.964652 0.813231
vt 0.964652 0.749987
vt 0.948950 0.760857
vt 0.948950 0.745155
vt 0.979529 0.931593
vt 0.984987 0.921930
vt 0.974093 0.921930
vt 0.437877 0.986427
vt 0.443674 0.980630
vt 0.437877 0.977368
vt 0.618115 0.912114
vt 0.618115 0.938516
vt 0.604146 0.922146
vt 0.985651 0.871177
vt 0.974093 0.871177
vt 0.977573 0.876478
vt 0.275391 0.949939
vt 0.272737 0.972378
vt 0.272737 0.948150
vt 0.276895 0.987031
vt 0.270856 0.977368
vt 0.270856 0.987031
vt 0.320176 0.977368
vt 0.323831 0.987031
vt 0.323831 0.977368
vt 0.969515 0.009550
vt 0.948951 0.003479
vt 0.948951 0.009550
vt 0.948951 0.113625
vt 0.969515 0.108794
vt 0.948951 0.108794
vt 0.578278 0.980318
vt 0.576240 0.982490
vt 0.576240 0.977368
vt 0.944407 0.527438
vt 0.920678 0.523885
vt 0.919732 0.527438
vt 0.974093 0.307343
vt 0.988587 0.312174
vt 0.988587 0.307343
vt 0.941217 0.948310
vt 0.938772 0.968813
vt 0.941217 0.968894
vt 0.796528 0.948309
vt 0.791702 0.968734
vt 0.797735 0.968933
vt 0.686310 0.968182
vt 0.691044 0.969137
vt 0.691044 0.948150
vt 0.986776 0.775430
vt 0.974093 0.768989
vt 0.974093 0.775430
vt 0.053069 0.212127
vt 0.057598 0.221789
vt 0.056692 0.163731
vt 0.031311 0.221840
vt 0.037195 0.207007
vt 0.031311 0.163731
vt 0.975938 0.667803
vt 0.983437 0.660425
vt 0.974093 0.659502
vt 0.968631 0.226271
vt 0.948951 0.214184
vt 0.948951 0.227702
vt 0.390507 0.986830
vt 0.390507 0.977368
vt 0.385573 0.985413
vt 0.969515 0.025914
vt 0.948951 0.025914
vt 0.953782 0.033161
vt 0.948951 0.251415
vt 0.954518 0.257321
vt 0.968712 0.251415
vt 0.202738 0.977368
vt 0.202738 0.987434
vt 0.204912 0.983568
vt 0.965891 0.714098
vt 0.948950 0.714098
vt 0.662194 0.937824
vt 0.671747 0.923236
vt 0.662194 0.912114
vt 0.066671 0.221789
vt 0.062142 0.212127
vt 0.065765 0.163731
vt 0.048074 0.207007
vt 0.042190 0.221840
vt 0.042190 0.163731
vt 0.913576 0.441386
vt 0.881326 0.453185
vt 0.913576 0.453185
vt 0.979552 0.857662
vt 0.974093 0.848000
vt 0.974093 0.857662
vt 0.532261 0.950404
vt 0.545052 0.967131
vt 0.532261 0.968911
vt 0.728042 0.913368
vt 0.739765 0.924751
vt 0.728042 0.937213
vt 0.965860 0.488929
vt 0.948951 0.478059
vt 0.965860 0.473227
vt 0.988587 0.208484
vt 0.974093 0.196684
vt 0.988587 0.196684
vt 0.266313 0.977368
vt 0.259066 0.987031
vt 0.259066 0.977368
vt 0.183092 0.979526
vt 0.188951 0.977368
vt 0.188951 0.987327
vt 0.570124 0.969014
vt 0.554648 0.969014
vt 0.558784 0.948150
vt 0.974093 0.577118
vt 0.987379 0.572287
vt 0.974093 0.572287
vt 0.974093 0.484535
vt 0.987380 0.494228
vt 0.974093 0.496644
vt 0.380952 0.968472
vt 0.369994 0.962645
vt 0.380952 0.948150
vt 0.246417 0.978034
vt 0.242855 0.987240
vt 0.242855 0.977369
vt 0.920095 0.936871
vt 0.919732 0.942323
vt 0.943960 0.942323
vt 0.334354 0.948150
vt 0.337071 0.972347
vt 0.334354 0.972347
vt 0.720780 0.937922
vt 0.723498 0.912114
vt 0.723498 0.937922
vt 0.952171 0.971766
vt 0.948951 0.972672
vt 0.948951 0.971766
vt 0.244577 0.366122
vt 0.235518 0.338703
vt 0.235518 0.390320
vt 0.204208 0.907459
vt 0.209039 0.888103
vt 0.204208 0.869955
vt 0.404254 0.937693
vt 0.396793 0.912114
vt 0.396793 0.942075
vt 0.751511 0.948150
vt 0.751511 0.969031
vt 0.756269 0.968192
vt 0.967947 0.377990
vt 0.948951 0.370879
vt 0.948951 0.381264
vt 0.232760 0.972275
vt 0.232760 0.948150
vt 0.221435 0.955086
vt 0.988587 0.344545
vt 0.974093 0.349408
vt 0.974093 0.345784
vt 0.950158 0.817774
vt 0.963444 0.829852
vt 0.964652 0.817774
vt 0.988587 0.353951
vt 0.974093 0.358782
vt 0.988587 0.358782
vt 0.987705 0.469006
vt 0.974093 0.462564
vt 0.974093 0.469006
vt 0.974093 0.779974
vt 0.986776 0.786415
vt 0.974093 0.786415
vt 0.957103 0.175798
vt 0.965279 0.164525
vt 0.968903 0.175798
vt 0.662068 0.241395
vt 0.618524 0.247434
vt 0.662068 0.246226
vt 0.974093 0.896449
vt 0.980688 0.907332
vt 0.536441 0.552255
vt 0.543688 0.508711
vt 0.536441 0.503880
vt 0.041929 0.988239
vt 0.051592 0.977368
vt 0.051592 0.988239
vt 0.097710 0.988239
vt 0.104957 0.977368
vt 0.104957 0.988239
vt 0.850866 0.968714
vt 0.860529 0.948150
vt 0.858113 0.968714
vt 0.065798 0.977368
vt 0.056135 0.988239
vt 0.065798 0.988239
vt 0.109500 0.988239
vt 0.116747 0.977368
vt 0.109500 0.977368
vt 0.874735 0.948150
vt 0.865072 0.968714
vt 0.874735 0.968714
vt 0.888941 0.948150
vt 0.879278 0.968714
vt 0.886525 0.968714
vt 0.586266 0.968714
vt 0.604414 0.952981
vt 0.586266 0.948150
vt 0.464468 0.986204
vt 0.458615 0.977368
vt 0.458615 0.983848
vt 0.975938 0.680647
vt 0.983437 0.673269
vt 0.987051 0.680647
vt 0.454071 0.986204
vt 0.448218 0.977368
vt 0.452946 0.977776
vt 0.949931 0.196158
vt 0.968683 0.209640
vt 0.948951 0.209640
vt 0.569885 0.977368
vt 0.571697 0.977368
vt 0.569885 0.983810
vt 0.428200 0.986463
vt 0.430723 0.977368
vt 0.433334 0.986463
vt 0.954518 0.267771
vt 0.948951 0.261865
vt 0.968712 0.261865
vt 0.943930 0.487576
vt 0.921342 0.501187
vt 0.919732 0.487576
vt 0.403325 0.948150
vt 0.416611 0.969921
vt 0.403325 0.969921
vt 0.074486 0.912114
vt 0.085380 0.934660
vt 0.074486 0.942754
vt 0.948951 0.307973
vt 0.968307 0.320082
vt 0.948951 0.320082
vt 0.948950 0.718642
vt 0.965891 0.718642
vt 0.648097 0.912114
vt 0.657650 0.923236
vt 0.648097 0.937824
vt 0.942319 0.505730
vt 0.919732 0.519342
vt 0.943930 0.519342
vt 0.421154 0.948150
vt 0.434440 0.969921
vt 0.434440 0.948150
vt 0.089923 0.912114
vt 0.100817 0.934660
vt 0.095382 0.912114
vt 0.948951 0.324626
vt 0.968307 0.336735
vt 0.968307 0.324626
vt 0.957103 0.191614
vt 0.965279 0.180341
vt 0.948950 0.180341
vt 0.662068 0.235644
vt 0.611277 0.230812
vt 0.662068 0.230812
vt 0.974093 0.881022
vt 0.980688 0.891905
vt 0.985353 0.881022
vt 0.524651 0.552255
vt 0.531898 0.508711
vt 0.529482 0.552255
vt 0.974093 0.037911
vt 0.989168 0.046377
vt 0.989168 0.034515
vt 0.974093 0.175488
vt 0.988618 0.163379
vt 0.988618 0.175488
vt 0.843374 0.936572
vt 0.835733 0.922774
vt 0.838596 0.937108
vt 0.561718 0.983851
vt 0.565341 0.977368
vt 0.561718 0.977368
vt 0.229803 0.987021
vt 0.231772 0.977702
vt 0.231772 0.987331
vt 0.654716 0.305483
vt 0.611277 0.339300
vt 0.641470 0.338979
vt 0.839987 0.607024
vt 0.875864 0.619624
vt 0.838070 0.619624
vt 0.484071 0.985854
vt 0.484071 0.977368
vt 0.491318 0.977368
vt 0.913936 0.692411
vt 0.911628 0.689006
vt 0.881326 0.692411
vt 0.531218 0.977368
vt 0.531218 0.984853
vt 0.533577 0.980340
vt 0.644921 0.873379
vt 0.629850 0.869955
vt 0.629850 0.905292
vt 0.974093 0.013567
vt 0.989251 0.013567
vt 0.976635 0.002272
vt 0.974093 0.630027
vt 0.979650 0.638094
vt 0.987150 0.630027
vt 0.121290 0.977368
vt 0.126122 0.988262
vt 0.121290 0.988262
vt 0.782810 0.912114
vt 0.781056 0.936399
vt 0.803851 0.936399
vt 0.986248 0.805242
vt 0.974093 0.805242
vt 0.977503 0.814982
vt 0.159862 0.942754
vt 0.168944 0.931481
vt 0.159862 0.912114
vt 0.961673 0.351535
vt 0.948951 0.341278
vt 0.968199 0.341278
vt 0.951691 0.952419
vt 0.964374 0.939536
vt 0.963468 0.952419
vt 0.474886 0.951915
vt 0.486044 0.965146
vt 0.486044 0.948150
vt 0.948951 0.143648
vt 0.968903 0.127543
vt 0.968903 0.143648
vt 0.282588 0.949939
vt 0.279934 0.972378
vt 0.281744 0.972498
vt 0.986799 0.735914
vt 0.974093 0.724600
vt 0.986799 0.724600
vt 0.987018 0.542336
vt 0.974093 0.533254
vt 0.987018 0.529630
vt 0.376428 0.912114
vt 0.372441 0.942289
vt 0.380074 0.919511
vt 0.948950 0.778718
vt 0.956228 0.765400
vt 0.964683 0.765400
vt 0.948951 0.493473
vt 0.965891 0.507967
vt 0.948951 0.507967
vt 0.004083 0.988642
vt 0.002272 0.977368
vt 0.004083 0.977368
vt 0.287478 0.987031
vt 0.281439 0.977368
vt 0.287478 0.977368
vt 0.332029 0.987031
vt 0.328374 0.977368
vt 0.332029 0.977368
vt 0.969515 0.021371
vt 0.948951 0.015301
vt 0.969515 0.014093
vt 0.948951 0.123000
vt 0.969515 0.118169
vt 0.969515 0.121792
vt 0.218414 0.888103
vt 0.213582 0.907459
vt 0.213582 0.869955
vt 0.704424 0.912114
vt 0.708976 0.937922
vt 0.704424 0.937922
vt 0.301686 0.972347
vt 0.297134 0.948150
vt 0.302592 0.948150
vt 0.582821 0.977368
vt 0.582821 0.982490
vt 0.584859 0.980318
vt 0.919732 0.535535
vt 0.920678 0.531982
vt 0.944407 0.535535
vt 0.987851 0.397518
vt 0.974093 0.408418
vt 0.986943 0.408418
vt 0.159161 0.986353
vt 0.151872 0.987576
vt 0.151872 0.977368
vt 0.079391 0.168562
vt 0.071214 0.220179
vt 0.079391 0.220179
vt 0.787158 0.948150
vt 0.776257 0.968714
vt 0.787158 0.968714
vt 0.969515 0.151815
vt 0.948951 0.148191
vt 0.948951 0.151815
vt 0.988587 0.290947
vt 0.974093 0.286116
vt 0.988587 0.286116
vt 0.931816 0.948310
vt 0.929371 0.968813
vt 0.926958 0.948150
vt 0.802278 0.968734
vt 0.807105 0.948309
vt 0.808312 0.968933
vt 0.948951 0.094486
vt 0.969523 0.090337
vt 0.969523 0.095166
vt 0.718267 0.948150
vt 0.730345 0.968714
vt 0.730345 0.949357
vt 0.250022 0.948150
vt 0.258199 0.972347
vt 0.258199 0.953022
vt 0.681767 0.949104
vt 0.677033 0.948150
vt 0.677033 0.969137
vt 0.834642 0.968402
vt 0.838211 0.969030
vt 0.838211 0.948150
vt 0.974093 0.614613
vt 0.987018 0.625484
vt 0.974093 0.625484
vt 0.893484 0.968714
vt 0.903147 0.948150
vt 0.903147 0.968714
vt 0.988587 0.103489
vt 0.974093 0.103489
vt 0.974093 0.088995
vt 0.987018 0.610070
vt 0.974093 0.599199
vt 0.974093 0.610070
vt 0.672490 0.967506
vt 0.654341 0.948150
vt 0.654341 0.968714
vt 0.974094 0.140681
vt 0.988587 0.127069
vt 0.974094 0.127069
vt 0.974093 0.108032
vt 0.974093 0.122526
vt 0.988587 0.122526
vt 0.209456 0.987434
vt 0.211630 0.983568
vt 0.209456 0.977368
vt 0.953782 0.044952
vt 0.948951 0.037705
vt 0.969515 0.037705
vt 0.943919 0.239556
vt 0.926979 0.256465
vt 0.919732 0.239556
vt 0.919732 0.235012
vt 0.936672 0.218103
vt 0.919732 0.218103
vt 0.733731 0.717611
vt 0.717692 0.724962
vt 0.749053 0.724962
vt 0.395051 0.977368
vt 0.403144 0.985544
vt 0.395051 0.986450
vt 0.016856 0.912114
vt 0.017729 0.942347
vt 0.952496 0.661279
vt 0.965408 0.649733
vt 0.964072 0.657724
vt 0.974093 0.368157
vt 0.987380 0.363326
vt 0.988587 0.368157
vt 0.875932 0.840526
vt 0.838070 0.840526
vt 0.850870 0.832135
vt 0.069943 0.912114
vt 0.060452 0.942141
vt 0.044740 0.912114
vt 0.875864 0.811492
vt 0.838070 0.811492
vt 0.858321 0.799936
vt 0.969535 0.099709
vt 0.964517 0.104250
vt 0.948951 0.099709
vt 0.803739 0.904163
vt 0.781103 0.869955
vt 0.805100 0.869955
vt 0.469012 0.986229
vt 0.469012 0.977368
vt 0.472486 0.979483
vt 0.965884 0.619650
vt 0.949388 0.630536
vt 0.948951 0.619650
vt 0.711671 0.683324
vt 0.749492 0.691584
vt 0.709867 0.691584
vt 0.517589 0.985454
vt 0.517589 0.977368
vt 0.519773 0.981547
vt 0.201023 0.948150
vt 0.188944 0.972337
vt 0.201023 0.961436
vt 0.494634 0.941066
vt 0.503995 0.916933
vt 0.506465 0.941066
vt 0.341615 0.948149
vt 0.349950 0.948312
vt 0.341615 0.971818
vt 0.838070 0.506882
vt 0.873431 0.497268
vt 0.875894 0.506882
vt 0.881326 0.499497
vt 0.913576 0.488603
vt 0.913576 0.499497
vt 0.899460 0.936619
vt 0.909123 0.912114
vt 0.899460 0.912114
vt 0.225232 0.977368
vt 0.216173 0.987031
vt 0.216173 0.977368
vt 0.988587 0.228441
vt 0.974093 0.239335
vt 0.974093 0.228441
vt 0.974093 0.065414
vt 0.988611 0.050920
vt 0.988611 0.065414
vt 0.527718 0.948150
vt 0.511613 0.969008
vt 0.511613 0.948150
vt 0.987379 0.581661
vt 0.974093 0.586493
vt 0.974093 0.581661
vt 0.987380 0.510881
vt 0.974093 0.501188
vt 0.974093 0.513297
vt 0.354493 0.962645
vt 0.365451 0.968472
vt 0.365451 0.948150
vt 0.250961 0.977369
vt 0.250961 0.987240
vt 0.254523 0.978034
vt 0.262742 0.972378
vt 0.262742 0.948150
vt 0.268194 0.948512
vt 0.948950 0.463249
vt 0.966665 0.466872
vt 0.948951 0.468684
vt 0.969515 0.051911
vt 0.948951 0.049495
vt 0.948951 0.056742
vt 0.340196 0.987031
vt 0.336572 0.977368
vt 0.336572 0.987031
vt 0.985366 0.961556
vt 0.974093 0.963368
vt 0.974093 0.961556
vt 0.987257 0.564128
vt 0.974093 0.567743
vt 0.987441 0.567743
vt 0.545836 0.977368
vt 0.545836 0.984775
vt 0.549008 0.979768
vt 0.173932 0.987514
vt 0.173932 0.977368
vt 0.178548 0.986630
vt 0.959936 0.971766
vt 0.956715 0.972672
vt 0.959936 0.972672
vt 0.249121 0.338703
vt 0.258179 0.366122
vt 0.249121 0.390320
vt 0.969550 0.071600
vt 0.969267 0.076423
vt 0.948950 0.071600
vt 0.948950 0.385808
vt 0.967947 0.392919
vt 0.948950 0.396193
vt 0.205566 0.955086
vt 0.216891 0.948150
vt 0.216891 0.972275
vt 0.976223 0.862206
vt 0.984704 0.866634
vt 0.974094 0.866634
vt 0.988618 0.253541
vt 0.974093 0.243878
vt 0.988618 0.243878
vt 0.988587 0.372701
vt 0.974093 0.377532
vt 0.974093 0.372701
vt 0.969535 0.080967
vt 0.949110 0.085793
vt 0.948951 0.080967
vt 0.643554 0.937922
vt 0.635378 0.912114
vt 0.635378 0.933050
vt 0.987705 0.479991
vt 0.974093 0.473550
vt 0.987705 0.473550
vt 0.315633 0.987062
vt 0.310802 0.977368
vt 0.310802 0.987062
vt 0.208906 0.002272
vt 0.165341 0.010425
vt 0.218569 0.010425
vt 0.136228 0.155001
vt 0.092664 0.145013
vt 0.083001 0.155001
vt 0.631649 0.968714
vt 0.649798 0.948150
vt 0.649798 0.967506
vt 0.988587 0.145224
vt 0.974093 0.158835
vt 0.974093 0.145224
vt 0.956662 0.967223
vt 0.964340 0.956963
vt 0.948951 0.956963
vt 0.627106 0.952981
vt 0.608958 0.968714
vt 0.608958 0.948150
vt 0.467746 0.948150
vt 0.458052 0.969921
vt 0.455637 0.948150
vt 0.881326 0.468623
vt 0.905524 0.457729
vt 0.913617 0.468623
vt 0.441400 0.969921
vt 0.451093 0.948150
vt 0.438984 0.948150
vt 0.905524 0.473166
vt 0.881326 0.484060
vt 0.913617 0.484060
vt 0.153650 0.208906
vt 0.145497 0.165341
vt 0.152744 0.163731
vt 0.136228 0.140470
vt 0.092664 0.130482
vt 0.141060 0.134105
vt 0.827111 0.904424
vt 0.840036 0.873578
vt 0.827111 0.869955
vt 0.776559 0.869955
vt 0.754013 0.904424
vt 0.776559 0.904424
vt 0.822568 0.869955
vt 0.809643 0.903518
vt 0.822568 0.904424
vt 0.789726 0.785920
vt 0.791337 0.806779
vt 0.789726 0.821296
vt 0.749470 0.905330
vt 0.744638 0.873578
vt 0.744638 0.901707
vt 0.974093 0.296729
vt 0.987380 0.302800
vt 0.975301 0.302800
vt 0.776513 0.912114
vt 0.753967 0.929372
vt 0.753967 0.919384
vt 0.124106 0.907459
vt 0.130145 0.869955
vt 0.130145 0.907459
vt 0.875575 0.488091
vt 0.838070 0.463903
vt 0.875575 0.463903
vt 0.948950 0.067057
vt 0.964473 0.061285
vt 0.969536 0.067057
vt 0.508313 0.977369
vt 0.513046 0.977369
vt 0.509518 0.985462
vt 0.479527 0.980925
vt 0.477030 0.986250
vt 0.477030 0.977368
vt 0.964753 0.884298
vt 0.948950 0.890647
vt 0.948950 0.882246
vt 0.501581 0.977368
vt 0.503770 0.985556
vt 0.495861 0.985556
vt 0.433464 0.913519
vt 0.420802 0.941244
vt 0.420802 0.912114
vt 0.312571 0.972306
vt 0.307135 0.948150
vt 0.312571 0.948150
vt 0.974093 0.740458
vt 0.986799 0.751772
vt 0.986799 0.740458
vt 0.974093 0.550503
vt 0.987018 0.559585
vt 0.987018 0.546879
vt 0.392250 0.919511
vt 0.384617 0.914448
vt 0.388605 0.912114
vt 0.948951 0.796578
vt 0.956228 0.783261
vt 0.948951 0.783261
vt 0.948950 0.512510
vt 0.965891 0.527004
vt 0.965891 0.512510
vt 0.985366 0.967912
vt 0.974093 0.969723
vt 0.985366 0.969723
vt 0.974093 0.937948
vt 0.985366 0.936136
vt 0.974093 0.936136
vt 0.010439 0.977368
vt 0.008627 0.988641
vt 0.008627 0.977368
vt 0.016794 0.977368
vt 0.014982 0.988641
vt 0.016794 0.988641
vt 0.596000 0.977368
vt 0.595642 0.980445
vt 0.597539 0.980445
vt 0.987851 0.382075
vt 0.974093 0.392975
vt 0.976608 0.382076
vt 0.140040 0.977368
vt 0.140040 0.987576
vt 0.147329 0.986353
vt 0.083934 0.220179
vt 0.092110 0.168562
vt 0.092110 0.220179
vt 0.760812 0.968714
vt 0.771713 0.948150
vt 0.771713 0.968714
vt 0.408798 0.942075
vt 0.408798 0.912114
vt 0.416259 0.937693
vt 0.969515 0.159982
vt 0.948951 0.159982
vt 0.948951 0.156358
vt 0.027692 0.988239
vt 0.037386 0.977368
vt 0.037386 0.988239
vt 0.292021 0.987062
vt 0.292021 0.977368
vt 0.296884 0.987062
vt 0.245479 0.972347
vt 0.237303 0.948150
vt 0.245479 0.953022
vt 0.963444 0.846474
vt 0.950158 0.834396
vt 0.964652 0.834396
vt 0.846323 0.969030
vt 0.842754 0.968402
vt 0.846323 0.948150
vt 0.986203 0.829219
vt 0.974093 0.829219
vt 0.974093 0.819526
vt 0.915188 0.023659
vt 0.892484 0.037791
vt 0.911833 0.037100
vt 0.974093 0.833763
vt 0.974093 0.843456
vt 0.986203 0.843456
vt 0.147109 0.125938
vt 0.083001 0.123523
vt 0.083001 0.125938
vt 0.964683 0.904885
vt 0.952605 0.895191
vt 0.948951 0.904885
vt 0.919732 0.024964
vt 0.943950 0.041904
vt 0.919732 0.041904
vt 0.943950 0.063388
vt 0.919732 0.046447
vt 0.919732 0.063388
vt 0.952503 0.665822
vt 0.965379 0.677366
vt 0.948951 0.677366
vt 0.356107 0.936463
vt 0.346024 0.924565
vt 0.356107 0.912114
vt 0.415781 0.978274
vt 0.407688 0.986427
vt 0.407688 0.977368
vt 0.863145 0.845069
vt 0.875932 0.853439
vt 0.838070 0.853439
vt 0.858321 0.816035
vt 0.838070 0.827592
vt 0.875864 0.827592
vt 0.831189 0.936399
vt 0.808394 0.936399
vt 0.810148 0.912114
vt 0.977503 0.800699
vt 0.974093 0.790959
vt 0.986248 0.790959
vt 0.173487 0.912114
vt 0.182569 0.931481
vt 0.173487 0.942754
vt 0.939979 0.475539
vt 0.944261 0.483032
vt 0.919732 0.483032
vt 0.873914 0.869955
vt 0.873914 0.898989
vt 0.948951 0.635079
vt 0.965884 0.635079
vt 0.954592 0.645189
vt 0.968199 0.356079
vt 0.961673 0.366335
vt 0.948951 0.356079
vt 0.072401 0.869955
vt 0.057884 0.902205
vt 0.057884 0.869955
vt 0.669078 0.875994
vt 0.686019 0.898974
vt 0.669078 0.905013
vt 0.360650 0.912114
vt 0.367897 0.942372
vt 0.367897 0.912114
vt 0.988611 0.084451
vt 0.974093 0.069957
vt 0.988611 0.069957
vt 0.690562 0.898974
vt 0.707503 0.875994
vt 0.707503 0.905013
vt 0.317114 0.972306
vt 0.322549 0.948150
vt 0.322549 0.972306
vt 0.919732 0.540079
vt 0.943919 0.553365
vt 0.919732 0.553365
vt 0.174528 0.948150
vt 0.174528 0.972825
vt 0.177193 0.948859
vt 0.173121 0.869954
vt 0.178499 0.870742
vt 0.173121 0.907473
vt 0.987380 0.525087
vt 0.974093 0.520256
vt 0.974093 0.525087
vt 0.581722 0.949807
vt 0.574668 0.969274
vt 0.574668 0.948150
vt 0.348362 0.987031
vt 0.344739 0.977368
vt 0.348362 0.977368
vt 0.974093 0.944303
vt 0.985366 0.942491
vt 0.974093 0.942491
vt 0.987424 0.594656
vt 0.974093 0.593976
vt 0.987424 0.591036
vt 0.541292 0.979768
vt 0.538121 0.984775
vt 0.538121 0.977368
vt 0.198195 0.987333
vt 0.195401 0.977368
vt 0.193495 0.987333
vt 0.976402 0.329432
vt 0.988213 0.317956
vt 0.988213 0.330596
vt 0.078827 0.988239
vt 0.070341 0.977368
vt 0.078827 0.977368
vt 0.988618 0.213027
vt 0.974093 0.223897
vt 0.977748 0.213027
vt 0.622658 0.912114
vt 0.630834 0.937922
vt 0.622658 0.937922
vt 0.734889 0.948150
vt 0.746967 0.968714
vt 0.737305 0.968714
vt 0.301427 0.977368
vt 0.306258 0.987062
vt 0.301427 0.987062
vt 0.948951 0.851017
vt 0.963275 0.862258
vt 0.964674 0.851017
vt 0.961919 0.531547
vt 0.948951 0.540197
vt 0.966155 0.540197
vt 0.915188 0.042334
vt 0.892484 0.056466
vt 0.881326 0.042334
vt 0.974093 0.654959
vt 0.977687 0.642638
vt 0.986908 0.654959
vt 0.676290 0.937509
vt 0.676290 0.912114
vt 0.690784 0.923015
vt 0.913599 0.705667
vt 0.881326 0.705667
vt 0.894695 0.696954
vt 0.713724 0.948149
vt 0.695588 0.948149
vt 0.710853 0.968445
vt 0.964553 0.934992
vt 0.948950 0.925606
vt 0.964553 0.923665
vt 0.948950 0.553389
vt 0.961919 0.544740
vt 0.966155 0.553389
vt 0.974093 0.192141
vt 0.988618 0.180031
vt 0.974093 0.180031
vt 0.855558 0.936571
vt 0.847917 0.922774
vt 0.855558 0.912114
vt 0.912549 0.086706
vt 0.881326 0.097726
vt 0.914137 0.108747
vt 0.236315 0.977368
vt 0.238312 0.987331
vt 0.236342 0.987021
vt 0.553551 0.983851
vt 0.557175 0.977368
vt 0.557175 0.983851
vt 0.989168 0.029972
vt 0.974093 0.021506
vt 0.989168 0.018111
vt 0.654716 0.343843
vt 0.611278 0.377660
vt 0.613633 0.343843
vt 0.875864 0.636767
vt 0.839987 0.624167
vt 0.838070 0.636767
vt 0.212530 0.912114
vt 0.187112 0.912114
vt 0.203766 0.941888
vt 0.526675 0.980340
vt 0.524316 0.984853
vt 0.524316 0.977368
vt 0.083370 0.977368
vt 0.093166 0.977368
vt 0.085760 0.988122
vt 0.974093 0.911876
vt 0.985252 0.911876
vt 0.978800 0.917387
vt 0.865966 0.869955
vt 0.869371 0.900256
vt 0.865966 0.902565
vt 0.611277 0.402215
vt 0.652297 0.402215
vt 0.624520 0.382203
vt 0.130665 0.988262
vt 0.135496 0.988262
vt 0.130665 0.977368
vt 0.649464 0.905292
vt 0.649464 0.869955
vt 0.664535 0.873379
vt 0.163731 0.066421
vt 0.211004 0.045807
vt 0.217052 0.063019
vt 0.385495 0.971129
vt 0.398782 0.948150
vt 0.398782 0.971129
vt 0.163731 0.014968
vt 0.213760 0.032568
vt 0.166993 0.038934
vt 0.184401 0.948859
vt 0.181736 0.948150
vt 0.181736 0.972825
vt 0.838070 0.863317
vt 0.874505 0.857983
vt 0.875893 0.863317
vt 0.974093 0.950658
vt 0.985366 0.948846
vt 0.985366 0.950658
vt 0.021337 0.988641
vt 0.023149 0.977368
vt 0.021337 0.977368
vt 0.985366 0.957013
vt 0.974093 0.955201
vt 0.985366 0.955201
vt 0.589402 0.977368
vt 0.591099 0.978217
vt 0.589402 0.980808
vt 0.984909 0.756316
vt 0.986733 0.764445
vt 0.974093 0.764445
vt 0.948950 0.729627
vt 0.965279 0.723185
vt 0.948950 0.723185
vt 0.948950 0.740612
vt 0.965279 0.734170
vt 0.965279 0.740612
vt 0.845259 0.869955
vt 0.861423 0.897770
vt 0.844579 0.903810
vt 0.909141 0.002272
vt 0.881326 0.018436
vt 0.915182 0.019115
vt 0.881326 0.718923
vt 0.913599 0.718923
vt 0.894695 0.710210
vt 0.950561 0.437938
vt 0.966665 0.421609
vt 0.948951 0.421609
vt 0.952605 0.909428
vt 0.964683 0.919121
vt 0.948951 0.919121
vt 0.948951 0.417065
vt 0.965055 0.400736
vt 0.966665 0.417065
vt 0.965324 0.681910
vt 0.948950 0.681910
vt 0.951035 0.693461
vt 0.423657 0.978791
vt 0.420324 0.986595
vt 0.420324 0.977368
vt 0.951035 0.709555
vt 0.948950 0.698004
vt 0.965324 0.698004
vt 0.011358 0.997728
vt 0.274729 0.136583
vt 0.223112 0.165617
vt 0.274729 0.165617
vt 0.015902 0.997728
vt 0.112315 0.907428
vt 0.119562 0.869955
vt 0.119562 0.907428
vt 0.020445 0.997728
vt 0.509367 0.656153
vt 0.471893 0.694865
vt 0.509367 0.694865
vt 0.024989 0.997728
vt 0.705324 0.165797
vt 0.666612 0.128323
vt 0.666612 0.165797
vt 0.029532 0.997728
vt 0.459354 0.499337
vt 0.487459 0.449372
vt 0.486553 0.499337
vt 0.034075 0.997728
vt 0.502261 0.030377
vt 0.552226 0.002272
vt 0.552226 0.030377
vt 0.038619 0.997728
vt 0.838070 0.428532
vt 0.876783 0.435779
vt 0.876783 0.428532
vt 0.043162 0.997728
vt 0.838070 0.440322
vt 0.876783 0.447569
vt 0.876783 0.440322
vt 0.047705 0.997728
vt 0.160972 0.608353
vt 0.132866 0.558388
vt 0.160972 0.558388
vt 0.052249 0.997728
vt 0.838070 0.365037
vt 0.876783 0.357790
vt 0.838070 0.357790
vt 0.056792 0.997728
vt 0.095675 0.499337
vt 0.067569 0.449372
vt 0.095675 0.449372
vt 0.061336 0.997728
vt 0.128323 0.499337
vt 0.100218 0.449372
vt 0.128323 0.449372
vt 0.065879 0.997728
vt 0.193620 0.608353
vt 0.165515 0.558388
vt 0.165515 0.608353
vt 0.070422 0.997728
vt 0.198164 0.608353
vt 0.226269 0.558388
vt 0.226269 0.608353
vt 0.074966 0.997728
vt 0.274729 0.170161
vt 0.223112 0.199195
vt 0.274729 0.199195
vt 0.079509 0.997728
vt 0.088735 0.907428
vt 0.095982 0.869955
vt 0.095982 0.907428
vt 0.084052 0.997728
vt 0.215348 0.171698
vt 0.163731 0.200733
vt 0.163731 0.171698
vt 0.088596 0.997728
vt 0.502261 0.324215
vt 0.552226 0.296110
vt 0.552226 0.324215
vt 0.093139 0.997728
vt 0.497717 0.359651
vt 0.447752 0.331546
vt 0.497717 0.331546
vt 0.097683 0.997728
vt 0.497717 0.069427
vt 0.447752 0.098462
vt 0.447752 0.069427
vt 0.102226 0.997728
vt 0.838070 0.369580
vt 0.876783 0.376827
vt 0.876783 0.369580
vt 0.106769 0.997728
vt 0.838070 0.452113
vt 0.876783 0.459360
vt 0.876783 0.452113
vt 0.111313 0.997728
vt 0.754036 0.380426
vt 0.791510 0.417900
vt 0.791510 0.380426
vt 0.115856 0.997728
vt 0.838070 0.388618
vt 0.876783 0.381371
vt 0.838070 0.381371
vt 0.120399 0.997728
vt 0.670002 0.823394
vt 0.632528 0.785920
vt 0.632528 0.823394
vt 0.124943 0.997728
vt 0.712019 0.823394
vt 0.674546 0.785920
vt 0.674546 0.823394
vt 0.129486 0.997728
vt 0.716563 0.785920
vt 0.754036 0.823394
vt 0.716563 0.823394
vt 0.134030 0.997728
vt 0.833527 0.039745
vt 0.796053 0.002272
vt 0.796053 0.039745
vt 0.138573 0.997728
vt 0.026768 0.221058
vt 0.002272 0.207279
vt 0.026768 0.163731
vt 0.143116 0.997728
vt 0.387049 0.100218
vt 0.335432 0.128323
vt 0.335432 0.100218
vt 0.147660 0.997728
vt 0.754036 0.207814
vt 0.791510 0.170340
vt 0.791510 0.207814
vt 0.152203 0.997728
vt 0.387049 0.263461
vt 0.335432 0.291566
vt 0.335432 0.263461
vt 0.156746 0.997728
vt 0.258918 0.608353
vt 0.230812 0.558388
vt 0.258918 0.558388
vt 0.161290 0.997728
vt 0.876783 0.400408
vt 0.845317 0.393161
vt 0.876783 0.393161
vt 0.165833 0.997728
vt 0.291566 0.608353
vt 0.263461 0.558388
vt 0.291566 0.558388
vt 0.170377 0.997728
vt 0.833527 0.044289
vt 0.796053 0.081763
vt 0.833527 0.081763
vt 0.174920 0.997728
vt 0.876783 0.404951
vt 0.838070 0.412198
vt 0.876783 0.412198
vt 0.179463 0.997728
vt 0.833527 0.123780
vt 0.796053 0.086306
vt 0.796053 0.123780
vt 0.184007 0.997728
vt 0.833527 0.165797
vt 0.796053 0.128323
vt 0.796053 0.165797
vt 0.188550 0.997728
vt 0.796053 0.207814
vt 0.833527 0.170340
vt 0.833527 0.207814
vt 0.193093 0.997728
vt 0.601983 0.742664
vt 0.639457 0.780138
vt 0.639457 0.742664
vt 0.197637 0.997728
vt 0.796053 0.754036
vt 0.833527 0.716562
vt 0.833527 0.754036
vt 0.202180 0.997728
vt 0.644000 0.780138
vt 0.681474 0.742664
vt 0.681474 0.780138
vt 0.206724 0.997728
vt 0.686017 0.780138
vt 0.723491 0.742665
vt 0.723491 0.780138
vt 0.211267 0.997728
vt 0.754036 0.002272
vt 0.791510 0.039745
vt 0.791510 0.002272
vt 0.215810 0.997728
vt 0.833527 0.796053
vt 0.796053 0.758579
vt 0.796053 0.796053
vt 0.220354 0.997728
vt 0.039745 0.865411
vt 0.002272 0.827937
vt 0.002272 0.865411
vt 0.224897 0.997728
vt 0.198164 0.503880
vt 0.226269 0.553845
vt 0.198164 0.553845
vt 0.387049 0.296110
vt 0.183042 0.907428
vt 0.170161 0.226383
vt 0.215348 0.099999
vt 0.132867 0.449372
vt 0.163731 0.133577
vt 0.203738 0.278000
vt 0.128323 0.699409
vt 0.034920 0.282543
vt 0.165515 0.499337
vt 0.258918 0.503880
vt 0.263461 0.503880
vt 0.387049 0.193620
vt 0.160972 0.282543
vt 0.237316 0.278000
vt 0.249831 0.699409
vt 0.661242 0.226269
vt 0.254374 0.699409
vt 0.296110 0.558388
vt 0.165515 0.282543
vt 0.002272 0.869955
vt 0.296391 0.738121
vt 0.394056 0.558388
vt 0.261807 0.694865
vt 0.296110 0.553845
vt 0.356864 0.503880
vt 0.226269 0.282543
vt 0.426704 0.558388
vt 0.226269 0.449372
vt 0.838070 0.165509
vt 0.303824 0.656153
vt 0.380426 0.738121
vt 0.383315 0.656153
vt 0.748580 0.128323
vt 0.497717 0.229056
vt 0.875544 0.207526
vt 0.034920 0.503880
vt 0.425332 0.694865
vt 0.391592 0.210075
vt 0.257264 0.612897
vt 0.548494 0.738121
vt 0.497717 0.131110
vt 0.391592 0.272687
vt 0.430287 0.612897
vt 0.391592 0.138376
vt 0.175295 0.656153
vt 0.459917 0.738121
vt 0.754036 0.255582
vt 0.132039 0.651609
vt 0.473543 0.651609
vt 0.387031 0.612897
vt 0.459353 0.608353
vt 0.361407 0.558388
vt 0.520107 0.558388
vt 0.389512 0.553845
vt 0.666612 0.338409
vt 0.705324 0.380426
vt 0.391592 0.344386
vt 0.709868 0.506477
vt 0.791510 0.249831
vt 0.305706 0.869955
vt 0.317559 0.907428
vt 0.322102 0.907428
vt 0.748580 0.044289
vt 0.748580 0.547286
vt 0.002272 0.394863
vt 0.611277 0.493270
vt 0.754036 0.459917
vt 0.002272 0.390320
vt 0.258918 0.282543
vt 0.791510 0.501934
vt 0.748580 0.086306
vt 0.035849 0.394863
vt 0.791510 0.543951
vt 0.328758 0.608353
vt 0.524651 0.608353
vt 0.067569 0.503880
vt 0.261807 0.651609
vt 0.098462 0.394863
vt 0.193625 0.907428
vt 0.387049 0.160972
vt 0.791510 0.081763
vt 0.335432 0.226269
vt 0.394056 0.553845
vt 0.557299 0.608353
vt 0.426705 0.503880
vt 0.661242 0.002272
vt 0.611277 0.063026
vt 0.333954 0.907428
vt 0.342152 0.869955
vt 0.791510 0.585968
vt 0.291566 0.282543
vt 0.459353 0.553845
vt 0.217073 0.912114
vt 0.230675 0.912114
vt 0.114442 0.912114
vt 0.912760 0.723467
vt 0.356529 0.977368
vt 0.611277 0.067569
vt 0.346696 0.907428
vt 0.296110 0.282543
vt 0.492002 0.503880
vt 0.838070 0.247127
vt 0.881326 0.504040
vt 0.913576 0.596523
vt 0.919732 0.902420
vt 0.942319 0.919645
vt 0.002272 0.948150
vt 0.919732 0.277918
vt 0.913576 0.519454
vt 0.401374 0.905426
vt 0.922147 0.282462
vt 0.509271 0.905425
vt 0.919732 0.084841
vt 0.919732 0.106294
vt 0.032180 0.948150
vt 0.049405 0.970737
vt 0.943930 0.846200
vt 0.418600 0.905426
vt 0.926979 0.320824
vt 0.922147 0.110838
vt 0.942319 0.850743
vt 0.919732 0.342277
vt 0.942319 0.867968
vt 0.606734 0.030377
vt 0.611277 0.128323
vt 0.611278 0.160972
vt 0.260174 0.869955
vt 0.611278 0.193620
vt 0.838070 0.002272
vt 0.606734 0.063026
vt 0.264717 0.869955
vt 0.447752 0.261705
vt 0.791510 0.627985
vt 0.791510 0.632529
vt 0.791510 0.712019
vt 0.606734 0.095674
vt 0.606734 0.128323
vt 0.251976 0.906221
vt 0.556769 0.160972
vt 0.606734 0.193620
vt 0.556769 0.226269
vt 0.556769 0.230812
vt 0.272915 0.869955
vt 0.284767 0.869955
vt 0.289311 0.907428
vt 0.375882 0.827937
vt 0.380426 0.827937
vt 0.100218 0.282543
vt 0.478087 0.612897
vt 0.649990 0.536526
vt 0.132039 0.444828
vt 0.785183 0.823394
vt 0.649990 0.488727
vt 0.055760 0.742665
vt 0.611277 0.406759
vt 0.330889 0.064884
vt 0.305063 0.614136
vt 0.330889 0.002272
vt 0.833527 0.338409
vt 0.279272 0.132039
vt 0.135251 0.742664
vt 0.335432 0.230812
vt 0.748559 0.647038
vt 0.098462 0.278000
vt 0.177268 0.742664
vt 0.219285 0.742664
vt 0.649969 0.579782
vt 0.031306 0.228035
vt 0.875544 0.043081
vt 0.748559 0.588095
vt 0.552226 0.356864
vt 0.673368 0.865411
vt 0.064884 0.228035
vt 0.502261 0.389513
vt 0.748559 0.678780
vt 0.335432 0.002272
vt 0.136583 0.394863
vt 0.552226 0.063026
vt 0.501934 0.738121
vt 0.467349 0.694865
vt 0.128323 0.503880
vt 0.235219 0.912114
vt 0.248821 0.912114
vt 0.128068 0.912114
vt 0.912760 0.743712
vt 0.364696 0.977368
vt 0.502261 0.067569
vt 0.441557 0.306265
vt 0.502261 0.100218
vt 0.502261 0.132867
vt 0.441557 0.311738
vt 0.552226 0.193620
vt 0.081763 0.827938
vt 0.556769 0.263461
vt 0.123780 0.827938
vt 0.556769 0.296110
vt 0.556769 0.356864
vt 0.165797 0.865411
vt 0.230813 0.449372
vt 0.556769 0.361407
vt 0.207814 0.865411
vt 0.556769 0.422161
vt 0.253364 0.912114
vt 0.266966 0.912114
vt 0.155318 0.912114
vt 0.912760 0.763957
vt 0.372863 0.977368
vt 0.335432 0.034920
vt 0.796053 0.249831
vt 0.297509 0.869955
vt 0.838070 0.262541
vt 0.881326 0.611937
vt 0.913576 0.534868
vt 0.919732 0.885194
vt 0.066631 0.970737
vt 0.071174 0.948150
vt 0.919732 0.363730
vt 0.913576 0.627351
vt 0.539179 0.905425
vt 0.922147 0.132291
vt 0.423143 0.905426
vt 0.132039 0.278000
vt 0.919732 0.385183
vt 0.919732 0.170653
vt 0.101082 0.948150
vt 0.118308 0.970737
vt 0.122851 0.972347
vt 0.556405 0.905425
vt 0.926979 0.406636
vt 0.627985 0.699409
vt 0.199195 0.444828
vt 0.922147 0.411180
vt 0.152759 0.970737
vt 0.919732 0.192106
vt 0.274729 0.069427
vt 0.632529 0.699409
vt 0.203738 0.444828
vt 0.169984 0.970737
vt 0.913576 0.550282
vt 0.876762 0.288826
vt 0.709868 0.170340
vt 0.881326 0.642765
vt 0.942319 0.695713
vt 0.919732 0.725621
vt 0.881326 0.576566
vt 0.453051 0.905426
vt 0.560948 0.905425
vt 0.606734 0.454810
vt 0.274729 0.103005
vt 0.266351 0.444828
vt 0.919732 0.449542
vt 0.919732 0.213559
vt 0.919732 0.730164
vt 0.919732 0.470995
vt 0.884547 0.251095
vt 0.263461 0.499337
vt 0.136583 0.278000
vt 0.709868 0.249831
vt 0.270894 0.444828
vt 0.919732 0.575134
vt 0.942319 0.747389
vt 0.913576 0.199418
vt 0.943930 0.605042
vt 0.470277 0.905426
vt 0.903913 0.216644
vt 0.709868 0.254374
vt 0.910355 0.246552
vt 0.942319 0.764615
vt 0.942319 0.609585
vt 0.324215 0.449372
vt 0.521342 0.612897
vt 0.441557 0.042186
vt 0.564598 0.651609
vt 0.709868 0.333865
vt 0.030377 0.449372
vt 0.750443 0.865411
vt 0.333506 0.444828
vt 0.838070 0.092345
vt 0.543951 0.699409
vt 0.002272 0.083001
vt 0.002272 0.612897
vt 0.497717 0.364195
vt 0.279272 0.197383
vt 0.391592 0.104798
vt 0.170340 0.738121
vt 0.083001 0.033706
vt 0.748580 0.375882
vt 0.447752 0.396843
vt 0.666612 0.170340
vt 0.338409 0.738121
vt 0.607854 0.651609
vt 0.705324 0.422443
vt 0.705324 0.254374
vt 0.034920 0.449372
vt 0.705324 0.464460
vt 0.705324 0.333865
vt 0.002272 0.656153
vt 0.705324 0.249831
vt 0.791510 0.296392
vt 0.705324 0.506477
vt 0.590856 0.905426
vt 0.487502 0.905426
vt 0.910355 0.143198
vt 0.709868 0.380426
vt 0.709868 0.039745
vt 0.910355 0.160424
vt 0.913576 0.164967
vt 0.276039 0.912114
vt 0.919732 0.794523
vt 0.942319 0.626810
vt 0.881326 0.194875
vt 0.903913 0.268321
vt 0.078458 0.078458
vt 0.705324 0.585968
vt 0.754036 0.716563
vt 0.748580 0.422443
vt 0.796053 0.254374
vt 0.754987 0.865411
vt 0.280582 0.942754
vt 0.919732 0.799066
vt 0.942319 0.644036
vt 0.876762 0.304239
vt 0.380124 0.987031
vt 0.942319 0.557908
vt 0.608081 0.905426
vt 0.002272 0.823394
vt 0.705324 0.590511
vt 0.044289 0.785920
vt 0.910355 0.298228
vt 0.881326 0.658179
vt 0.913576 0.673592
vt 0.910355 0.125972
vt 0.942319 0.661262
vt 0.666612 0.632528
vt 0.919732 0.816292
vt 0.919732 0.678487
vt 0.141693 0.942754
vt 0.912760 0.784202
vt 0.913576 0.581109
vt 0.002272 0.738121
vt 0.081763 0.738121
vt 0.086306 0.823394
vt 0.086306 0.738121
vt 0.791510 0.123780
vt 0.555927 0.656153
vt 0.279272 0.136583
vt 0.632528 0.864203
vt 0.128323 0.823394
vt 0.832062 0.827937
vt 0.875544 0.124700
vt 0.249831 0.827937
vt 0.170340 0.823394
vt 0.291848 0.827938
vt 0.212357 0.823394
vt 0.464460 0.827937
vt 0.606734 0.487458
vt 0.459916 0.827937
vt 0.291848 0.785920
vt 0.223829 0.780138
vt 0.833527 0.380426
vt 0.265846 0.742664
vt 0.083001 0.083001
vt 0.083001 0.118979
vt 0.307863 0.742664
vt 0.556769 0.520107
vt 0.349880 0.742664
vt 0.796053 0.459917
vt 0.791510 0.375883
vt 0.333865 0.823394
vt 0.338409 0.785920
vt 0.380426 0.823394
vt 0.422443 0.823394
vt 0.333865 0.865411
vt 0.606734 0.524651
vt 0.833527 0.464460
vt 0.497717 0.266248
vt 0.791510 0.128323
vt 0.464460 0.823394
vt 0.543951 0.823394
vt 0.585968 0.785920
vt 0.627985 0.823394
vt 0.506477 0.827938
vt 0.585968 0.827938
vt 0.179233 0.390320
vt 0.045528 0.651609
vt 0.838070 0.309991
vt 0.796053 0.543951
vt 0.627985 0.827938
vt 0.002272 0.742664
vt 0.881326 0.901204
vt 0.391592 0.171954
vt 0.441557 0.205532
vt 0.230975 0.338703
vt 0.084240 0.694865
vt 0.876783 0.353246
vt 0.342552 0.390320
vt 0.429371 0.780138
vt 0.278137 0.338703
vt 0.282680 0.390320
vt 0.002272 0.332549
vt 0.513910 0.656153
vt 0.298094 0.338703
vt 0.268158 0.338703
vt 0.088783 0.656153
vt 0.338049 0.444828
vt 0.308072 0.338703
vt 0.833527 0.585968
vt 0.312616 0.390320
vt 0.371627 0.444828
vt 0.175295 0.612897
vt 0.328030 0.338703
vt 0.338008 0.390320
vt 0.709868 0.501933
vt 0.620971 0.300940
vt 0.362509 0.338703
vt 0.372488 0.338703
vt 0.077978 0.083001
vt 0.330889 0.230032
vt 0.132039 0.656153
vt 0.405205 0.444828
vt 0.433915 0.780138
vt 0.387049 0.067569
vt 0.552226 0.198164
vt 0.796053 0.632528
vt 0.475932 0.742664
vt 0.517949 0.742665
vt 0.559966 0.742664
vt 0.833527 0.674545
vt 0.502261 0.454810
vt 0.127496 0.612897
vt 0.447752 0.031306
vt 0.611278 0.260130
vt 0.029764 0.869955
vt 0.034307 0.907439
vt 0.020101 0.742664
vt 0.090262 0.390320
vt 0.094806 0.390320
vt 0.122948 0.390320
vt 0.257264 0.656153
vt 0.635418 0.657360
vt 0.666612 0.039745
vt 0.223112 0.064884
vt 0.076944 0.869955
vt 0.330889 0.069427
vt 0.502261 0.487459
vt 0.095674 0.282543
vt 0.002272 0.503880
vt 0.497717 0.035849
vt 0.443209 0.002272
vt 0.443209 0.032208
vt 0.328759 0.449372
vt 0.160972 0.503880
vt 0.391592 0.012250
vt 0.165515 0.553845
vt 0.552226 0.258918
vt 0.497717 0.163759
vt 0.447752 0.298897
vt 0.497717 0.168302
vt 0.053340 0.870086
vt 0.279272 0.234575
vt 0.833527 0.333865
vt 0.748580 0.713068
vt 0.223112 0.203738
vt 0.037931 0.781377
vt 0.223112 0.002272
vt 0.174690 0.338703
vt 0.034920 0.338703
vt 0.215348 0.138120
vt 0.100525 0.869955
vt 0.666612 0.081763
vt 0.705324 0.123780
vt 0.002272 0.608353
vt 0.502261 0.291567
vt 0.443209 0.022229
vt 0.357966 0.390320
vt 0.034920 0.608353
vt 0.876783 0.423989
vt 0.361408 0.499337
vt 0.422162 0.449372
vt 0.454810 0.449372
vt 0.095674 0.558388
vt 0.128323 0.558388
vt 0.712046 0.870323
vt 0.965891 0.588822
vt 0.728342 0.870323
vt 0.965891 0.568834
vt 0.965891 0.604236
vt 0.965891 0.584279
vt 0.492046 0.905426
vt 0.625307 0.869955
vt 0.922415 0.968435
vt 0.329810 0.948150
vt 0.699880 0.912114
vt 0.713520 0.912114
vt 0.287132 0.972347
vt 0.974093 0.336379
vt 0.968307 0.272314
vt 0.894917 0.912114
vt 0.948951 0.303430
vt 0.943919 0.020420
vt 0.490588 0.948150
vt 0.829872 0.949846
vt 0.860102 0.912114
vt 0.964652 0.866802
vt 0.948951 0.801121
vt 0.964652 0.760857
vt 0.984987 0.931593
vt 0.274546 0.972498
vt 0.276895 0.977368
vt 0.320176 0.987031
vt 0.969515 0.002272
vt 0.969515 0.112417
vt 0.974093 0.313413
vt 0.936359 0.948150
vt 0.791702 0.948150
vt 0.986776 0.768989
vt 0.053069 0.221789
vt 0.037647 0.221488
vt 0.987051 0.667803
vt 0.062142 0.221789
vt 0.048526 0.221488
vt 0.881326 0.441386
vt 0.985893 0.848000
vt 0.550105 0.948150
vt 0.740112 0.912114
vt 0.948951 0.488929
vt 0.974093 0.208484
vt 0.266313 0.987031
vt 0.987379 0.577118
vt 0.987380 0.484535
vt 0.376851 0.971364
vt 0.337071 0.948150
vt 0.720780 0.912114
vt 0.952171 0.972672
vt 0.244577 0.340314
vt 0.209039 0.907459
vt 0.988587 0.349408
vt 0.948950 0.829852
vt 0.974093 0.353951
vt 0.987705 0.462564
vt 0.986776 0.779974
vt 0.948950 0.164525
vt 0.611277 0.241395
vt 0.985353 0.896449
vt 0.541272 0.552255
vt 0.041929 0.977368
vt 0.097710 0.977368
vt 0.850866 0.948150
vt 0.056135 0.977368
vt 0.116747 0.988239
vt 0.867488 0.948150
vt 0.879278 0.948150
vt 0.604414 0.968714
vt 0.463342 0.977775
vt 0.974093 0.672346
vt 0.448218 0.983849
vt 0.943930 0.501187
vt 0.416611 0.948150
vt 0.079944 0.912114
vt 0.968307 0.307973
vt 0.919732 0.505730
vt 0.421154 0.969921
vt 0.089923 0.942754
vt 0.948951 0.336735
vt 0.968903 0.191614
vt 0.618524 0.236852
vt 0.524651 0.503880
vt 0.981117 0.045758
vt 0.974093 0.163379
vt 0.843374 0.912114
vt 0.565341 0.983851
vt 0.229775 0.977368
vt 0.613633 0.305483
vt 0.873869 0.607563
vt 0.948951 0.939536
vt 0.472289 0.969789
vt 0.948951 0.135596
vt 0.279934 0.948150
vt 0.974093 0.735914
vt 0.974093 0.542336
vt 0.372441 0.914448
vt 0.948950 0.765400
vt 0.965891 0.493473
vt 0.002272 0.988642
vt 0.281439 0.987031
vt 0.328374 0.987031
vt 0.948951 0.021371
vt 0.948951 0.118169
vt 0.218414 0.907459
vt 0.708976 0.912114
vt 0.297134 0.972347
vt 0.976608 0.397518
vt 0.071214 0.163731
vt 0.777465 0.948150
vt 0.974093 0.292186
vt 0.931816 0.968894
vt 0.802278 0.948150
vt 0.720683 0.968714
vt 0.250022 0.969127
vt 0.987018 0.614613
vt 0.895900 0.948150
vt 0.987018 0.599199
vt 0.672490 0.948150
vt 0.988587 0.140681
vt 0.943919 0.256465
vt 0.943919 0.235012
vt 0.709868 0.720542
vt 0.403144 0.977368
vt 0.040197 0.912114
vt 0.948951 0.649733
vt 0.975301 0.363326
vt 0.188944 0.954189
vt 0.497846 0.912114
vt 0.841779 0.492634
vt 0.881326 0.488603
vt 0.909123 0.936619
vt 0.225232 0.987031
vt 0.988587 0.239335
vt 0.974093 0.050920
vt 0.519666 0.969008
vt 0.987379 0.586493
vt 0.987380 0.501188
vt 0.361350 0.971364
vt 0.966665 0.463249
vt 0.964683 0.049495
vt 0.340196 0.977368
vt 0.985366 0.963368
vt 0.956715 0.971766
vt 0.258179 0.340314
vt 0.985762 0.864434
vt 0.977748 0.253541
vt 0.988587 0.377532
vt 0.643554 0.912114
vt 0.974093 0.479991
vt 0.315633 0.977368
vt 0.163731 0.003178
vt 0.141060 0.148636
vt 0.631649 0.948150
vt 0.988587 0.158835
vt 0.627106 0.968714
vt 0.467746 0.969921
vt 0.881326 0.457729
vt 0.451093 0.969921
vt 0.881326 0.473166
vt 0.145497 0.218569
vt 0.083001 0.140470
vt 0.840036 0.901707
vt 0.754013 0.869955
vt 0.809643 0.870860
vt 0.791337 0.800438
vt 0.749470 0.869955
vt 0.988587 0.296729
vt 0.776513 0.936619
vt 0.124106 0.869955
vt 0.838070 0.488091
vt 0.427445 0.937133
vt 0.307135 0.972306
vt 0.974093 0.751772
vt 0.974093 0.559585
vt 0.384617 0.942289
vt 0.964683 0.783261
vt 0.948950 0.527004
vt 0.974093 0.967912
vt 0.985366 0.937948
vt 0.010439 0.988641
vt 0.014982 0.977368
vt 0.986942 0.392975
vt 0.083934 0.163731
vt 0.762020 0.948150
vt 0.027692 0.977368
vt 0.237303 0.969127
vt 0.948950 0.846474
vt 0.881326 0.023659
vt 0.147109 0.123523
vt 0.964683 0.895191
vt 0.943950 0.026171
vt 0.943950 0.047655
vt 0.964047 0.669374
vt 0.350352 0.942408
vt 0.415781 0.986427
vt 0.066966 0.907077
vt 0.686019 0.869955
vt 0.360650 0.942372
vt 0.974093 0.084451
vt 0.690562 0.869955
vt 0.317114 0.948150
vt 0.943919 0.540079
vt 0.987380 0.517840
vt 0.578124 0.965123
vt 0.344739 0.987031
vt 0.985366 0.944303
vt 0.974093 0.323647
vt 0.070341 0.988239
vt 0.988618 0.223897
vt 0.630834 0.916987
vt 0.746967 0.949357
vt 0.306258 0.977368
vt 0.951270 0.858452
vt 0.950896 0.533837
vt 0.911833 0.055776
vt 0.952170 0.932697
vt 0.950896 0.547029
vt 0.988618 0.192141
vt 0.850780 0.937108
vt 0.882849 0.086706
vt 0.238312 0.977702
vt 0.553551 0.977368
vt 0.981117 0.029354
vt 0.641470 0.377339
vt 0.873869 0.624705
vt 0.163731 0.043478
vt 0.385495 0.948150
vt 0.217459 0.014968
vt 0.974093 0.948846
vt 0.023149 0.988641
vt 0.974093 0.957013
vt 0.965279 0.729627
vt 0.948950 0.734170
vt 0.860989 0.869955
vt 0.881326 0.002706
vt 0.966665 0.437938
vt 0.964683 0.909428
vt 0.948951 0.400736
vt 0.223112 0.136583
vt 0.112315 0.869955
vt 0.471893 0.656153
vt 0.705324 0.129531
vt 0.459354 0.449372
vt 0.502261 0.002272
vt 0.838070 0.435779
vt 0.838070 0.447569
vt 0.132866 0.608353
vt 0.876783 0.365037
vt 0.067569 0.499337
vt 0.100218 0.499337
vt 0.193620 0.558388
vt 0.198164 0.558388
vt 0.223112 0.170161
vt 0.088735 0.869955
vt 0.215348 0.200733
vt 0.502261 0.296110
vt 0.447752 0.359651
vt 0.497717 0.098462
vt 0.838070 0.376827
vt 0.838070 0.459360
vt 0.754036 0.417900
vt 0.876783 0.388618
vt 0.670002 0.785920
vt 0.712019 0.785920
vt 0.754036 0.785920
vt 0.833527 0.002272
vt 0.387049 0.128323
vt 0.754036 0.170340
vt 0.387049 0.291566
vt 0.230812 0.608353
vt 0.838070 0.400408
vt 0.263461 0.608353
vt 0.796053 0.044289
vt 0.838070 0.404951
vt 0.833527 0.086306
vt 0.833527 0.128323
vt 0.796053 0.170340
vt 0.601983 0.780138
vt 0.796053 0.716562
vt 0.644000 0.742664
vt 0.686017 0.742665
vt 0.754036 0.039745
vt 0.833527 0.758579
vt 0.039745 0.827937
vt 0.226269 0.503880
s 1
usemtl Material.002
f 1/1/1 4/1/1 2/1/1
f 5/2/1 8/3/1 6/4/1
f 11/5/2 10/5/2 9/5/2
f 15/6/2 14/7/2 13/8/2
f 17/9/1 20/9/1 18/9/1
f 21/10/1 24/11/1 22/12/1
f 25/13/1 28/13/1 26/13/1
f 29/14/1 32/15/1 30/16/1
f 35/17/3 34/17/3 33/17/3
f 39/18/3 38/19/3 37/20/3
f 43/21/3 42/21/3 41/21/3
f 47/22/3 46/23/3 45/24/3
f 49/25/1 52/25/1 50/25/1
f 53/26/1 56/27/1 54/28/1
f 57/29/1 60/29/1 58/29/1
f 61/30/1 64/31/1 62/32/1
f 67/33/3 66/33/3 65/33/3
f 71/34/3 70/35/3 69/36/3
f 75/37/3 74/37/3 73/37/3
f 79/38/3 78/39/3 77/40/3
f 81/41/2 84/41/2 82/41/2
f 85/42/2 88/43/2 86/44/2
f 91/45/4 90/45/4 89/45/4
f 95/46/4 94/47/4 93/48/4
f 97/49/2 100/49/2 98/49/2
f 101/50/2 104/51/2 102/52/2
f 105/53/2 108/53/2 106/53/2
f 109/54/2 112/55/2 110/56/2
f 115/57/4 114/57/4 113/57/4
f 119/58/4 118/59/4 117/60/4
f 123/61/4 122/61/4 121/61/4
f 127/62/4 126/63/4 125/64/4
f 131/65/2 130/65/2 129/65/2
f 135/66/2 134/67/2 133/68/2
f 137/69/2 140/69/2 138/69/2
f 141/70/2 144/71/2 142/72/2
f 147/73/1 146/73/1 145/73/1
f 151/74/1 150/75/1 149/76/1
f 155/77/1 154/77/1 153/77/1
f 159/78/1 158/79/1 157/80/1
f 163/81/5 162/81/5 161/81/5
f 167/82/5 166/83/5 165/84/5
f 171/85/5 170/85/5 169/85/5
f 175/86/5 174/87/5 173/88/5
f 177/89/2 180/89/2 178/89/2
f 181/90/2 184/91/2 182/92/2
f 185/93/6 188/93/6 186/93/6
f 189/94/6 192/95/6 190/96/6
f 193/97/3 196/97/3 194/97/3
f 197/98/3 200/99/3 198/100/3
f 201/101/3 204/101/3 202/101/3
f 205/102/3 208/103/3 206/104/3
f 209/105/2 212/105/2 210/105/2
f 213/106/2 216/107/2 214/108/2
f 217/109/2 220/109/2 218/109/2
f 221/110/2 224/111/2 222/112/2
f 227/113/5 226/113/5 225/113/5
f 231/114/5 230/115/5 229/116/5
f 235/117/5 234/117/5 233/117/5
f 239/118/5 238/119/5 237/120/5
f 241/121/2 244/121/2 242/121/2
f 245/122/2 248/123/2 246/124/2
f 251/125/2 250/125/2 249/125/2
f 255/126/2 254/127/2 253/128/2
f 259/129/1 258/129/1 257/129/1
f 263/130/1 262/131/1 261/132/1
f 265/133/6 268/133/6 266/133/6
f 269/134/6 272/135/6 270/136/6
f 275/137/5 274/137/5 273/137/5
f 279/138/5 278/139/5 277/140/5
f 283/141/5 282/141/5 281/141/5
f 287/142/5 286/143/5 285/144/5
f 289/145/2 292/145/2 290/145/2
f 293/146/2 296/147/2 294/148/2
f 299/149/2 298/149/2 297/149/2
f 303/150/2 302/151/2 301/152/2
f 307/153/5 306/153/5 305/153/5
f 311/154/5 310/155/5 309/156/5
f 315/157/5 314/157/5 313/157/5
f 319/158/5 318/159/5 317/160/5
f 321/161/6 324/161/6 322/161/6
f 325/162/6 328/163/6 326/164/6
f 331/165/5 330/165/5 329/165/5
f 335/166/5 334/167/5 333/168/5
f 339/169/5 338/169/5 337/169/5
f 343/170/5 342/171/5 341/172/5
f 345/173/2 348/173/2 346/173/2
f 349/174/2 352/175/2 350/176/2
f 353/177/3 356/177/3 354/177/3
f 357/178/3 360/179/3 358/180/3
f 363/181/5 362/181/5 361/181/5
f 367/182/5 366/183/5 365/184/5
f 371/185/5 370/185/5 369/185/5
f 375/186/5 374/187/5 373/188/5
f 379/189/5 378/189/5 377/189/5
f 383/190/5 382/191/5 381/192/5
f 387/193/5 386/193/5 385/193/5
f 391/194/5 390/195/5 389/196/5
f 393/197/2 396/197/2 394/197/2
f 397/198/2 400/199/2 398/200/2
f 403/201/5 402/201/5 401/201/5
f 407/202/5 406/203/5 405/204/5
f 411/205/5 410/205/5 409/205/5
f 415/206/5 414/207/5 413/208/5
f 419/209/5 418/209/5 417/209/5
f 423/210/5 422/211/5 421/212/5
f 425/213/7 428/213/7 426/213/7
f 429/214/7 432/215/7 430/216/7
f 433/217/8 436/217/8 434/217/8
f 437/218/8 440/219/8 438/220/8
f 441/221/9 444/221/9 442/221/9
f 445/222/9 448/223/9 446/224/9
f 449/225/10 452/225/10 450/225/10
f 453/226/10 456/227/10 454/228/10
f 459/229/11 458/229/11 457/229/11
f 463/230/11 462/231/11 461/232/11
f 465/233/12 468/233/12 466/233/12
f 469/234/12 472/235/12 470/236/12
f 475/237/5 474/237/5 473/237/5
f 479/238/5 478/239/5 477/240/5
f 483/241/5 482/241/5 481/241/5
f 487/242/5 486/243/5 485/244/5
f 489/245/2 492/245/2 490/245/2
f 493/246/2 496/247/2 494/248/2
f 499/249/13 498/249/13 497/249/13
f 503/250/13 502/251/13 501/252/13
f 507/253/14 506/253/15 505/253/15
f 511/254/14 510/255/15 509/256/15
f 515/257/16 514/257/17 513/257/16
f 519/258/16 518/259/17 517/260/16
f 521/261/18 524/261/18 522/261/18
f 525/262/18 528/263/18 526/264/18
f 529/265/19 532/265/19 530/265/19
f 533/266/19 536/267/19 534/268/19
f 537/269/20 540/269/20 538/269/20
f 541/270/20 544/271/20 542/272/20
f 547/273/5 546/273/5 545/273/5
f 551/274/5 550/275/5 549/276/5
f 555/277/5 554/277/5 553/277/5
f 559/278/5 558/279/5 557/280/5
f 563/281/5 562/281/5 561/281/5
f 567/282/5 566/283/5 565/284/5
f 571/285/5 570/285/5 569/285/5
f 575/286/5 574/287/5 573/288/5
f 577/289/2 580/289/2 578/289/2
f 581/290/2 584/291/2 582/292/2
f 587/293/5 586/293/5 585/293/5
f 591/294/5 590/295/5 589/296/5
f 595/297/5 594/297/5 593/297/5
f 599/298/5 598/299/5 597/300/5
f 603/301/5 602/301/5 601/301/5
f 607/302/5 606/303/5 605/304/5
f 611/305/5 610/305/5 609/305/5
f 615/306/5 614/307/5 613/308/5
f 619/309/5 618/309/5 617/309/5
f 623/310/5 622/311/5 621/312/5
f 625/313/2 628/313/2 626/313/2
f 629/314/2 632/315/2 630/316/2
f 633/317/21 636/317/21 634/317/21
f 637/318/21 640/319/21 638/320/21
f 641/321/22 644/321/22 642/321/22
f 645/322/22 648/323/22 646/324/22
f 651/325/23 650/325/23 649/325/23
f 655/326/23 654/327/23 653/328/23
f 659/329/24 658/329/24 657/329/24
f 663/330/24 662/331/24 661/332/24
f 667/333/5 666/333/5 665/333/5
f 671/334/5 670/335/5 669/336/5
f 675/337/5 674/337/5 673/337/5
f 679/338/5 678/339/5 677/340/5
f 683/341/5 682/341/5 681/341/5
f 687/342/5 686/343/5 685/344/5
f 691/345/2 690/345/2 689/345/2
f 695/346/2 694/347/2 693/348/2
f 699/349/3 698/349/3 697/349/3
f 703/350/3 702/351/3 701/352/3
f 707/353/3 706/353/3 705/353/3
f 711/354/3 710/355/3 709/356/3
f 715/357/3 714/357/3 713/357/3
f 719/358/3 718/359/3 717/360/3
f 721/361/25 724/361/25 722/361/25
f 725/362/25 728/363/25 726/364/25
f 729/365/26 732/365/26 730/365/26
f 733/366/26 736/367/26 734/368/26
f 737/369/27 740/369/27 738/369/27
f 741/370/27 744/371/27 742/372/27
f 747/373/28 746/373/28 745/373/28
f 751/374/28 750/375/28 749/376/28
f 755/377/29 754/377/29 753/377/29
f 759/378/29 758/379/29 757/380/29
f 761/381/30 764/381/30 762/381/30
f 765/382/30 768/383/30 766/384/30
f 769/385/31 772/385/31 770/385/31
f 773/386/31 776/387/31 774/388/31
f 777/389/32 780/389/32 778/389/32
f 781/390/32 784/391/32 782/392/32
f 787/393/33 786/393/34 785/393/34
f 791/394/33 790/395/34 789/396/34
f 795/397/35 794/397/36 793/397/35
f 799/398/35 798/399/36 797/400/35
f 801/401/37 804/401/37 802/401/37
f 805/402/37 808/403/37 806/404/37
f 809/405/38 812/405/38 810/405/38
f 813/406/38 816/407/38 814/408/38
f 819/409/3 818/409/3 817/409/3
f 823/410/3 822/411/3 821/412/3
f 827/413/39 826/413/39 825/413/39
f 831/414/39 830/415/39 829/416/39
f 835/417/40 834/417/40 833/417/40
f 839/418/40 838/419/40 837/420/40
f 843/421/2 842/421/2 841/421/2
f 847/422/2 846/423/2 845/424/2
f 851/425/41 850/425/41 849/425/42
f 855/426/41 854/427/41 853/428/42
f 859/429/43 858/429/44 857/429/43
f 863/430/43 862/431/44 861/432/43
f 867/433/45 866/433/45 865/433/45
f 871/434/45 870/435/45 869/436/45
f 873/437/6 876/437/6 874/437/6
f 877/438/6 880/439/6 878/440/6
f 881/441/46 884/441/46 882/441/46
f 885/442/46 888/443/46 886/444/46
f 891/445/47 890/445/47 889/445/47
f 895/446/47 894/447/47 893/448/47
f 897/449/48 900/449/48 898/449/48
f 901/450/48 904/451/48 902/452/48
f 905/453/49 908/453/49 906/453/49
f 909/454/49 912/455/49 910/456/49
f 913/457/50 916/457/50 914/457/50
f 917/458/50 920/459/50 918/460/50
f 921/461/51 924/461/51 922/461/51
f 925/462/51 928/463/51 926/464/51
f 929/465/52 932/465/52 930/465/52
f 933/466/52 936/467/52 934/468/52
f 939/469/53 938/469/53 937/469/53
f 943/470/53 942/471/53 941/472/53
f 947/473/53 946/473/53 945/473/53
f 951/474/53 950/475/53 949/476/53
f 955/477/53 954/477/53 953/477/53
f 959/478/53 958/479/53 957/480/53
f 961/481/54 964/481/54 962/481/54
f 965/482/54 968/483/54 966/484/54
f 969/485/55 972/485/55 970/485/55
f 973/486/55 976/487/55 974/488/55
f 977/489/56 980/489/56 978/489/56
f 981/490/56 984/491/56 982/492/56
f 987/493/57 986/493/57 985/493/57
f 991/494/57 990/495/57 989/496/57
f 995/497/58 994/497/58 993/497/58
f 999/498/58 998/499/58 997/500/58
f 1003/501/59 1002/501/59 1001/501/59
f 1007/502/59 1006/503/59 1005/504/59
f 1009/505/60 1012/505/60 1010/505/60
f 1013/506/60 1016/507/60 1014/508/60
f 1019/509/61 1018/509/61 1017/509/61
f 1023/510/61 1022/511/61 1021/512/61
f 1027/513/53 1026/513/53 1025/513/53
f 1031/514/53 1030/515/53 1029/516/53
f 1033/517/62 1036/517/62 1034/517/62
f 1037/518/62 1040/519/62 1038/520/62
f 1041/521/62 1044/521/62 1042/521/62
f 1045/522/62 1048/523/62 1046/524/62
f 1051/525/61 1050/525/61 1049/525/61
f 1055/526/61 1054/527/61 1053/528/61
f 1057/529/63 1060/529/63 1058/529/63
f 1061/530/63 1064/531/63 1062/532/63
f 1067/533/61 1066/533/61 1065/533/61
f 1071/534/61 1070/535/61 1069/536/61
f 1073/537/62 1076/537/62 1074/537/62
f 1077/538/62 1080/539/62 1078/540/62
f 1081/541/64 1084/541/64 1082/541/64
f 1085/542/64 1088/543/64 1086/544/64
f 1089/545/65 1092/545/65 1090/545/65
f 1093/546/65 1096/547/65 1094/548/65
f 1099/549/66 1098/549/61 1097/549/61
f 1103/550/66 1102/551/61 1101/552/61
f 1105/553/5 1108/553/5 1106/553/5
f 1109/554/5 1112/555/5 1110/556/5
f 1113/557/62 1116/557/62 1114/557/62
f 1117/558/62 1120/559/62 1118/560/62
f 1121/561/5 1124/561/5 1122/561/5
f 1125/562/5 1128/563/5 1126/564/5
f 1131/565/67 1130/565/67 1129/565/68
f 1135/566/67 1134/567/67 1133/568/68
f 1137/569/5 1140/569/5 1138/569/5
f 1141/570/5 1144/571/5 1142/572/5
f 1145/573/5 1148/573/5 1146/573/5
f 1149/574/5 1152/575/5 1150/576/5
f 1155/577/69 1154/577/69 1153/577/69
f 1159/578/69 1158/579/69 1157/580/69
f 1161/581/70 1164/581/70 1162/581/70
f 1165/582/70 1168/583/70 1166/584/70
f 1169/585/71 1172/585/71 1170/585/71
f 1173/586/71 1176/587/71 1174/588/71
f 1179/589/72 1178/589/72 1177/589/72
f 1183/590/72 1182/591/72 1181/592/72
f 1185/593/73 1188/593/73 1186/593/73
f 1189/594/73 1192/595/73 1190/596/73
f 1193/597/2 1196/597/2 1194/597/2
f 1197/598/2 1200/599/2 1198/600/2
f 1201/601/74 1204/601/74 1202/601/74
f 1205/602/74 1208/603/74 1206/604/74
f 1211/605/75 1210/605/76 1209/605/76
f 1215/606/75 1214/607/76 1213/608/76
f 1217/609/77 1220/609/77 1218/609/77
f 1221/610/77 1224/611/77 1222/612/77
f 1225/613/2 1228/613/2 1226/613/2
f 1229/614/2 1232/615/2 1230/616/2
f 1233/617/2 1236/617/2 1234/617/2
f 1237/618/2 1240/619/2 1238/620/2
f 1241/621/2 1244/621/2 1242/621/2
f 1245/622/2 1248/623/2 1246/624/2
f 1249/625/78 1252/625/78 1250/625/78
f 1253/626/78 1256/627/78 1254/628/78
f 1257/629/79 1260/629/79 1258/629/79
f 1261/630/79 1264/631/79 1262/632/79
f 1267/633/80 1266/633/80 1265/633/80
f 1271/634/80 1270/635/80 1269/636/80
f 1275/637/81 1274/637/81 1273/637/81
f 1279/638/81 1278/639/81 1277/640/81
f 1281/641/2 1284/641/2 1282/641/2
f 1285/642/2 1288/643/2 1286/644/2
f 1289/645/82 1292/645/82 1290/645/82
f 1293/646/82 1296/647/82 1294/648/82
f 1297/649/83 1300/649/83 1298/649/83
f 1301/650/83 1304/651/83 1302/652/83
f 1305/653/84 1308/653/84 1306/653/84
f 1309/654/84 1312/655/84 1310/656/84
f 1313/657/85 1316/657/85 1314/657/85
f 1317/658/85 1320/659/85 1318/660/85
f 1321/661/86 1324/661/86 1322/661/86
f 1325/662/86 1328/663/86 1326/664/86
f 1331/665/87 1330/665/88 1329/665/88
f 1335/666/87 1334/667/88 1333/668/88
f 1339/669/89 1338/669/90 1337/669/89
f 1343/670/89 1342/671/90 1341/672/89
f 1347/673/91 1346/673/91 1345/673/91
f 1351/674/91 1350/675/91 1349/676/91
f 1353/677/92 1356/677/92 1354/677/92
f 1357/678/92 1360/679/92 1358/680/92
f 1361/681/93 1364/681/93 1362/681/93
f 1365/682/93 1368/683/93 1366/684/93
f 1369/685/94 1372/685/94 1370/685/94
f 1373/686/94 1376/687/94 1374/688/94
f 1377/689/95 1380/689/95 1378/689/95
f 1381/690/95 1384/691/95 1382/692/95
f 1387/693/96 1386/693/96 1385/693/96
f 1391/694/96 1390/695/96 1389/696/96
f 1393/697/97 1396/697/97 1394/697/97
f 1397/698/97 1400/699/97 1398/700/97
f 1403/701/1 1402/701/1 1401/701/1
f 1407/702/1 1406/703/1 1405/704/1
f 1411/705/2 1410/705/2 1409/705/2
f 1415/706/2 1414/707/2 1413/708/2
f 1419/709/5 1418/709/5 1417/709/5
f 1423/710/5 1422/711/5 1421/712/5
f 1425/713/2 1428/713/2 1426/713/2
f 1429/714/2 1432/715/2 1430/716/2
f 1433/717/6 1436/717/6 1434/717/6
f 1437/718/6 1440/719/6 1438/720/6
f 1441/721/2 1444/721/2 1442/721/2
f 1445/722/2 1448/723/2 1446/724/2
f 1449/725/6 1452/725/6 1450/725/6
f 1453/726/6 1456/727/6 1454/728/6
f 1459/729/2 1458/729/2 1457/729/2
f 1463/730/2 1462/731/2 1461/732/2
f 1467/733/5 1466/733/5 1465/733/5
f 1471/734/5 1470/735/5 1469/736/5
f 1473/737/3 1476/737/3 1474/737/3
f 1477/738/3 1480/739/3 1478/740/3
f 1481/741/2 1484/741/2 1482/741/2
f 1485/742/2 1488/743/2 1486/744/2
f 1489/745/2 1492/745/2 1490/745/2
f 1493/746/2 1496/747/2 1494/748/2
f 1499/749/5 1498/749/5 1497/749/5
f 1503/750/5 1502/751/5 1501/752/5
f 1507/753/5 1506/753/5 1505/753/5
f 1511/754/5 1510/755/5 1509/756/5
f 1515/757/5 1514/757/5 1513/757/5
f 1519/758/5 1518/759/5 1517/760/5
f 1523/761/2 1522/761/2 1521/761/2
f 1527/762/2 1526/763/2 1525/764/2
f 1531/765/5 1530/765/5 1529/765/5
f 1535/766/5 1534/767/5 1533/768/5
f 1539/769/5 1538/769/5 1537/769/5
f 1543/770/5 1542/771/5 1541/772/5
f 1547/773/5 1546/773/5 1545/773/5
f 1551/774/5 1550/775/5 1549/776/5
f 1553/777/2 1556/777/2 1554/777/2
f 1557/778/2 1560/779/2 1558/780/2
f 1563/781/5 1562/781/5 1561/781/5
f 1567/782/5 1566/783/5 1565/784/5
f 1571/785/5 1570/785/5 1569/785/5
f 1575/786/5 1574/787/5 1573/788/5
f 1577/789/2 1580/789/2 1578/789/2
f 1581/790/2 1584/791/2 1582/792/2
f 1585/793/98 1588/793/98 1586/793/98
f 1589/794/98 1592/795/98 1590/796/98
f 1595/797/5 1594/797/5 1593/797/5
f 1599/798/5 1598/799/5 1597/800/5
f 1603/801/5 1602/801/5 1601/801/5
f 1607/802/5 1606/803/5 1605/804/5
f 1611/805/5 1610/805/5 1609/805/5
f 1615/806/5 1614/807/5 1613/808/5
f 1619/809/5 1618/809/5 1617/809/5
f 1623/810/5 1622/811/5 1621/812/5
f 1625/813/2 1628/813/2 1626/813/2
f 1629/814/2 1632/815/2 1630/816/2
f 1633/817/99 1636/817/99 1634/817/99
f 1637/818/99 1640/819/99 1638/820/99
f 1643/821/5 1642/821/5 1641/821/5
f 1647/822/5 1646/823/5 1645/824/5
f 1651/825/5 1650/825/5 1649/825/5
f 1655/826/5 1654/827/5 1653/828/5
f 1657/829/2 1660/829/2 1658/829/2
f 1661/830/2 1664/831/2 1662/832/2
f 1667/833/5 1666/833/5 1665/833/5
f 1671/834/5 1670/835/5 1669/836/5
f 1675/837/5 1674/837/5 1673/837/5
f 1679/838/5 1678/839/5 1677/840/5
f 1683/841/5 1682/841/5 1681/841/5
f 1687/842/5 1686/843/5 1685/844/5
f 1691/845/2 1690/845/2 1689/845/2
f 1695/846/2 1694/847/2 1693/848/2
f 1699/849/41 1698/849/41 1697/849/41
f 1703/850/41 1702/851/41 1701/852/41
f 1707/853/44 1706/853/43 1705/853/44
f 1711/854/44 1710/855/43 1709/856/44
f 1715/857/45 1714/857/45 1713/857/45
f 1719/858/45 1718/859/45 1717/860/45
f 1721/861/6 1724/861/6 1722/861/6
f 1725/862/6 1728/863/6 1726/864/6
f 1731/865/2 1730/865/2 1729/865/2
f 1735/866/2 1734/867/2 1733/868/2
f 1739/869/5 1738/869/5 1737/869/5
f 1743/870/5 1742/871/5 1741/872/5
f 1747/873/5 1746/873/5 1745/873/5
f 1751/874/5 1750/875/5 1749/876/5
f 1755/877/5 1754/877/5 1753/877/5
f 1759/878/5 1758/879/5 1757/880/5
f 1763/881/5 1762/881/5 1761/881/5
f 1767/882/5 1766/883/5 1765/884/5
f 1769/885/2 1772/885/2 1770/885/2
f 1773/886/2 1776/887/2 1774/888/2
f 1779/889/5 1778/889/5 1777/889/5
f 1783/890/5 1782/891/5 1781/892/5
f 1787/893/5 1786/893/5 1785/893/5
f 1791/894/5 1790/895/5 1789/896/5
f 1795/897/5 1794/897/5 1793/897/5
f 1799/898/5 1798/899/5 1797/900/5
f 1803/901/5 1802/901/5 1801/901/5
f 1807/902/5 1806/903/5 1805/904/5
f 1809/905/100 1812/905/100 1810/905/100
f 1813/906/100 1816/907/100 1814/908/100
f 1817/909/3 1820/909/3 1818/909/3
f 1821/910/3 1824/911/3 1822/912/3
f 1827/913/3 1826/913/3 1825/913/3
f 1831/914/3 1830/915/3 1829/916/3
f 1835/917/5 1834/917/5 1833/917/5
f 1839/918/5 1838/919/5 1837/920/5
f 1843/921/3 1842/921/3 1841/921/3
f 1847/922/3 1846/923/3 1845/924/3
f 1851/925/3 1850/925/3 1849/925/3
f 1855/926/3 1854/927/3 1853/928/3
f 1859/929/2 1858/929/2 1857/929/2
f 1863/930/2 1862/931/2 1861/932/2
f 1867/933/41 1866/933/41 1865/933/41
f 1871/934/41 1870/935/41 1869/936/41
f 1875/937/44 1874/937/44 1873/937/44
f 1879/938/44 1878/939/44 1877/940/44
f 1883/941/45 1882/941/45 1881/941/45
f 1887/942/45 1886/943/45 1885/944/45
f 1889/945/6 1892/945/6 1890/945/6
f 1893/946/6 1896/947/6 1894/948/6
f 1899/949/101 1898/949/101 1897/949/101
f 1903/950/101 1902/951/101 1901/952/101
f 1905/953/102 1908/953/102 1906/953/102
f 1909/954/102 1912/955/102 1910/956/102
f 1915/957/103 1914/957/104 1913/957/104
f 1919/958/103 1918/959/104 1917/960/104
f 1923/961/53 1922/961/53 1921/961/53
f 1927/962/53 1926/963/53 1925/964/53
f 1931/965/53 1930/965/53 1929/965/53
f 1935/966/53 1934/967/53 1933/968/53
f 1939/969/105 1938/969/53 1937/969/53
f 1943/970/105 1942/971/53 1941/972/53
f 1945/973/106 1948/973/106 1946/973/106
f 1949/974/106 1952/975/106 1950/976/106
f 1955/977/57 1954/977/57 1953/977/57
f 1959/978/57 1958/979/57 1957/980/57
f 1963/981/58 1962/981/58 1961/981/58
f 1967/982/58 1966/983/58 1965/984/58
f 1971/985/59 1970/985/59 1969/985/59
f 1975/986/59 1974/987/59 1973/988/59
f 1977/989/107 1980/989/107 1978/989/107
f 1981/990/107 1984/991/107 1982/992/107
f 1987/993/66 1986/993/66 1985/993/66
f 1991/994/66 1990/995/66 1989/996/66
f 1995/997/53 1994/997/53 1993/997/53
f 1999/998/53 1998/999/53 1997/1000/53
f 2001/1001/62 2004/1001/62 2002/1001/62
f 2005/1002/62 2008/1003/62 2006/1004/62
f 2009/1005/62 2012/1005/62 2010/1005/62
f 2013/1006/62 2016/1007/62 2014/1008/62
f 2019/1009/66 2018/1009/66 2017/1009/66
f 2023/1010/66 2022/1011/66 2021/1012/66
f 2025/1013/108 2028/1013/108 2026/1013/108
f 2029/1014/108 2032/1015/108 2030/1016/108
f 2035/1017/66 2034/1017/66 2033/1017/66
f 2039/1018/66 2038/1019/66 2037/1020/66
f 2041/1021/62 2044/1021/62 2042/1021/62
f 2045/1022/62 2048/1023/62 2046/1024/62
f 2049/1025/64 2052/1025/64 2050/1025/64
f 2053/1026/64 2056/1027/64 2054/1028/64
f 2057/1029/109 2060/1029/109 2058/1029/109
f 2061/1030/109 2064/1031/109 2062/1032/109
f 2067/1033/66 2066/1033/66 2065/1033/66
f 2071/1034/66 2070/1035/66 2069/1036/66
f 2073/1037/5 2076/1037/5 2074/1037/5
f 2077/1038/5 2080/1039/5 2078/1040/5
f 2081/1041/62 2084/1041/62 2082/1041/62
f 2085/1042/62 2088/1043/62 2086/1044/62
f 2089/1045/2 2092/1045/2 2090/1045/2
f 2093/1046/2 2096/1047/2 2094/1048/2
f 2097/1049/108 2100/1049/108 2098/1049/108
f 2101/1050/108 2104/1051/108 2102/1052/108
f 2105/1053/5 2108/1053/5 2106/1053/5
f 2109/1054/5 2112/1055/5 2110/1056/5
f 2115/1057/67 2114/1057/67 2113/1057/67
f 2119/1058/67 2118/1059/67 2117/1060/67
f 2121/1061/5 2124/1061/5 2122/1061/5
f 2125/1062/5 2128/1063/5 2126/1064/5
f 2129/1065/2 2132/1065/2 2130/1065/2
f 2133/1066/2 2136/1067/2 2134/1068/2
f 2137/1069/108 2140/1069/108 2138/1069/108
f 2141/1070/108 2144/1071/108 2142/1072/108
f 2145/1073/108 2148/1073/108 2146/1073/108
f 2149/1074/108 2152/1075/108 2150/1076/108
f 2153/1077/5 2156/1077/5 2154/1077/5
f 2157/1078/5 2160/1079/5 2158/1080/5
f 2163/1081/53 2162/1081/53 2161/1081/53
f 2167/1082/53 2166/1083/53 2165/1084/53
f 2171/1085/53 2170/1085/53 2169/1085/53
f 2175/1086/53 2174/1087/53 2173/1088/53
f 2177/1089/108 2180/1089/108 2178/1089/108
f 2181/1090/108 2184/1091/108 2182/1092/108
f 2187/1093/53 2186/1093/53 2185/1093/53
f 2191/1094/53 2190/1095/53 2189/1096/53
f 2195/1097/58 2194/1097/58 2193/1097/58
f 2199/1098/58 2198/1099/58 2197/1100/58
f 2203/1101/59 2202/1101/59 2201/1101/59
f 2207/1102/59 2206/1103/59 2205/1104/59
f 2211/1105/53 2210/1105/53 2209/1105/53
f 2215/1106/53 2214/1107/53 2213/1108/53
f 2217/1109/62 2220/1109/62 2218/1109/62
f 2221/1110/62 2224/1111/62 2222/1112/62
f 2227/1113/66 2226/1113/66 2225/1113/66
f 2231/1114/66 2230/1115/66 2229/1116/66
f 2233/1117/2 2236/1117/2 2234/1117/2
f 2237/1118/2 2240/1119/2 2238/1120/2
f 2241/1121/2 2244/1121/2 2242/1121/2
f 2245/1122/2 2248/1123/2 2246/1124/2
f 2249/1125/108 2252/1125/108 2250/1125/108
f 2253/1126/108 2256/1127/108 2254/1128/108
f 2259/1129/66 2258/1129/66 2257/1129/66
f 2263/1130/66 2262/1131/66 2261/1132/66
f 2265/1133/62 2268/1133/62 2266/1133/62
f 2269/1134/62 2272/1135/62 2270/1136/62
f 2273/1137/110 2276/1137/110 2274/1137/110
f 2277/1138/110 2280/1139/110 2278/1140/110
f 2283/1141/57 2282/1141/57 2281/1141/57
f 2287/1142/57 2286/1143/57 2285/1144/57
f 2289/1145/107 2292/1145/107 2290/1145/107
f 2293/1146/107 2296/1147/107 2294/1148/107
f 2299/1149/66 2298/1149/66 2297/1149/66
f 2303/1150/66 2302/1151/66 2301/1152/66
f 2305/1153/62 2308/1153/62 2306/1153/62
f 2309/1154/62 2312/1155/62 2310/1156/62
f 2313/1157/2 2316/1157/2 2314/1157/2
f 2317/1158/2 2320/1159/2 2318/1160/2
f 2321/1161/2 2324/1161/2 2322/1161/2
f 2325/1162/2 2328/1163/2 2326/1164/2
f 2329/1165/108 2332/1165/108 2330/1165/108
f 2333/1166/108 2336/1167/108 2334/1168/108
f 2337/1169/108 2340/1169/108 2338/1169/108
f 2341/1170/108 2344/1171/108 2342/1172/108
f 2345/1173/111 2348/1173/111 2346/1173/111
f 2349/1174/111 2352/1175/111 2350/1176/111
f 2353/1177/109 2356/1177/109 2354/1177/109
f 2357/1178/109 2360/1179/109 2358/1180/109
f 2361/1181/5 2364/1181/112 2362/1181/5
f 2365/1182/5 2368/1183/112 2366/1184/5
f 2371/1185/66 2370/1185/66 2369/1185/66
f 2375/1186/66 2374/1187/66 2373/1188/66
f 2377/1189/5 2380/1189/5 2378/1189/5
f 2381/1190/5 2384/1191/5 2382/1192/5
f 2385/1193/62 2388/1193/62 2386/1193/62
f 2389/1194/62 2392/1195/62 2390/1196/62
f 2393/1197/108 2396/1197/108 2394/1197/108
f 2397/1198/108 2400/1199/108 2398/1200/108
f 2401/1201/5 2404/1201/112 2402/1201/5
f 2405/1202/5 2408/1203/112 2406/1204/5
f 2411/1205/67 2410/1205/67 2409/1205/67
f 2415/1206/67 2414/1207/67 2413/1208/67
f 2417/1209/5 2420/1209/5 2418/1209/5
f 2421/1210/5 2424/1211/5 2422/1212/5
f 2425/1213/2 2428/1213/2 2426/1213/2
f 2429/1214/2 2432/1215/2 2430/1216/2
f 2433/1217/2 2436/1217/2 2434/1217/2
f 2437/1218/2 2440/1219/2 2438/1220/2
f 2441/1221/108 2444/1221/108 2442/1221/108
f 2445/1222/108 2448/1223/108 2446/1224/108
f 2449/1225/2 2452/1225/2 2450/1225/2
f 2453/1226/2 2456/1227/2 2454/1228/2
f 2457/1229/108 2460/1229/108 2458/1229/108
f 2461/1230/108 2464/1231/108 2462/1232/108
f 2465/1233/2 2468/1233/2 2466/1233/2
f 2469/1234/2 2472/1235/2 2470/1236/2
f 2475/1237/5 2474/1237/5 2473/1237/5
f 2479/1238/5 2478/1239/5 2477/1240/5
f 2481/1241/108 2484/1241/108 2482/1241/108
f 2485/1242/108 2488/1243/108 2486/1244/108
f 2491/1245/5 2490/1245/5 2489/1245/5
f 2495/1246/5 2494/1247/5 2493/1248/5
f 2497/1249/108 2500/1249/108 2498/1249/108
f 2501/1250/108 2504/1251/108 2502/1252/108
f 2505/1253/1 2508/1254/1 2506/1255/1
f 2509/1256/1 2512/1256/1 2510/1256/1
f 2513/1257/2 2516/1257/2 2514/1257/2
f 2517/1258/2 2520/1259/2 2518/1260/2
f 2521/1261/2 2524/1261/2 2522/1261/2
f 2525/1262/2 2528/1263/2 2526/1264/2
f 2531/1265/5 2530/1265/5 2529/1265/5
f 2535/1266/5 2534/1267/5 2533/1268/5
f 2539/1269/5 2538/1269/5 2537/1269/5
f 2543/1270/5 2542/1271/5 2541/1272/5
f 2545/1273/108 2548/1273/108 2546/1273/108
f 2549/1274/108 2552/1275/108 2550/1276/108
f 2553/1277/1 2556/1278/1 2554/1279/1
f 2557/1280/1 2560/1280/1 2558/1280/1
f 2563/1281/5 2562/1281/5 2561/1281/5
f 2567/1282/5 2566/1283/5 2565/1284/5
f 2569/1285/2 2572/1285/2 2570/1285/2
f 2573/1286/2 2576/1287/2 2574/1288/2
f 2577/1289/108 2580/1289/108 2578/1289/108
f 2581/1290/108 2584/1291/108 2582/1292/108
f 2585/1293/108 2588/1293/108 2586/1293/108
f 2589/1294/108 2592/1295/108 2590/1296/108
f 2593/1297/2 2596/1297/2 2594/1297/2
f 2597/1298/2 2600/1299/2 2598/1300/2
f 2603/1301/5 2602/1301/5 2601/1301/5
f 2607/1302/5 2606/1303/5 2605/1304/5
f 2611/1305/5 2610/1305/5 2609/1305/5
f 2615/1306/5 2614/1307/5 2613/1308/5
f 2617/1309/2 2620/1309/2 2618/1309/2
f 2621/1310/2 2624/1311/2 2622/1312/2
f 2627/1313/5 2626/1313/5 2625/1313/5
f 2631/1314/5 2630/1315/5 2629/1316/5
f 2633/1317/108 2636/1317/108 2634/1317/108
f 2637/1318/108 2640/1319/108 2638/1320/108
f 2641/1321/2 2644/1321/2 2642/1321/2
f 2645/1322/2 2648/1323/2 2646/1324/2
f 2651/1325/5 2650/1325/5 2649/1325/5
f 2655/1326/5 2654/1327/5 2653/1328/5
f 2657/1329/2 2660/1329/2 2658/1329/2
f 2661/1330/2 2664/1331/2 2662/1332/2
f 2667/1333/108 2666/1333/108 2665/1333/108
f 2671/1334/108 2670/1335/108 2669/1336/108
f 2673/1337/113 2676/1337/113 2674/1337/113
f 2677/1338/113 2680/1339/113 2678/1340/113
f 2681/1341/3 2684/1341/3 2682/1341/3
f 2685/1342/3 2688/1343/3 2686/1344/3
f 2689/1345/113 2692/1345/113 2690/1345/113
f 2693/1346/113 2696/1347/113 2694/1348/113
f 2699/1349/5 2698/1349/5 2697/1349/5
f 2703/1350/5 2702/1351/5 2701/1352/5
f 2707/1353/2 2706/1353/2 2705/1353/2
f 2711/1354/2 2710/1355/2 2709/1356/2
f 2713/1357/3 2716/1357/3 2714/1357/3
f 2717/1358/3 2720/1359/3 2718/1360/3
f 2721/1361/113 2724/1361/113 2722/1361/113
f 2725/1362/113 2728/1363/113 2726/1364/113
f 2731/1365/114 2730/1365/115 2729/1365/115
f 2735/1366/114 2734/1367/115 2733/1368/115
f 2739/1369/116 2738/1369/116 2737/1369/116
f 2743/1370/116 2742/1371/116 2741/1372/116
f 2745/1373/117 2748/1373/117 2746/1373/117
f 2749/1374/117 2752/1375/117 2750/1376/117
f 2753/1377/3 2756/1377/3 2754/1377/3
f 2757/1378/3 2760/1379/3 2758/1380/3
f 2761/1381/113 2764/1381/113 2762/1381/113
f 2765/1382/113 2768/1383/113 2766/1384/113
f 2769/1385/1 2772/1385/1 2770/1385/1
f 2773/1386/1 2776/1387/1 2774/1388/1
f 2779/1389/5 2778/1389/5 2777/1389/5
f 2783/1390/5 2782/1391/5 2781/1392/5
f 2785/1393/2 2788/1393/2 2786/1393/2
f 2789/1394/2 2792/1395/2 2790/1396/2
f 2795/1397/5 2794/1397/5 2793/1397/5
f 2799/1398/5 2798/1399/5 2797/1400/5
f 2801/1401/2 2804/1401/2 2802/1401/2
f 2805/1402/2 2808/1403/2 2806/1404/2
f 2809/1405/1 2812/1405/1 2810/1405/1
f 2813/1406/1 2816/1407/1 2814/1408/1
f 2817/1409/2 2820/1409/2 2818/1409/2
f 2821/1410/2 2824/1411/2 2822/1412/2
f 2825/1413/118 2828/1413/118 2826/1413/118
f 2829/1414/118 2832/1415/118 2830/1416/118
f 2835/1417/119 2834/1417/120 2833/1417/119
f 2839/1418/119 2838/1419/120 2837/1420/119
f 2843/1421/121 2842/1421/121 2841/1421/121
f 2847/1422/121 2846/1423/121 2845/1424/121
f 2851/1425/6 2850/1425/6 2849/1425/6
f 2855/1426/6 2854/1427/6 2853/1428/6
f 2857/1429/3 2860/1429/3 2858/1429/3
f 2861/1430/3 2864/1431/3 2862/1432/3
f 2865/1433/122 2868/1433/122 2866/1433/122
f 2869/1434/122 2872/1435/122 2870/1436/122
f 2873/1437/2 2876/1437/2 2874/1437/2
f 2877/1438/2 2880/1439/2 2878/1440/2
f 2883/1441/5 2882/1441/5 2881/1441/5
f 2887/1442/5 2886/1443/5 2885/1444/5
f 2891/1445/2 2890/1445/2 2889/1445/2
f 2895/1446/2 2894/1447/2 2893/1448/2
f 2897/1449/122 2900/1449/122 2898/1449/122
f 2901/1450/122 2904/1451/122 2902/1452/122
f 2907/1453/121 2906/1453/121 2905/1453/121
f 2911/1454/121 2910/1455/121 2909/1456/121
f 2915/1457/121 2914/1457/121 2913/1457/121
f 2919/1458/121 2918/1459/121 2917/1460/121
f 2921/1461/122 2924/1461/122 2922/1461/122
f 2925/1462/122 2928/1463/122 2926/1464/122
f 2929/1465/122 2932/1465/123 2930/1465/122
f 2933/1466/122 2936/1467/123 2934/1468/122
f 2939/1469/5 2938/1469/5 2937/1469/5
f 2943/1470/5 2942/1471/5 2941/1472/5
f 2945/1473/124 2948/1473/124 2946/1473/124
f 2949/1474/124 2952/1475/124 2950/1476/124
f 2955/1477/125 2954/1477/125 2953/1477/125
f 2959/1478/125 2958/1479/125 2957/1480/125
f 2961/1481/126 2964/1481/126 2962/1481/126
f 2965/1482/126 2968/1483/126 2966/1484/126
f 2969/1485/127 2972/1485/127 2970/1485/127
f 2973/1486/127 2976/1487/127 2974/1488/127
f 2977/1489/128 2980/1489/128 2978/1489/128
f 2981/1490/128 2984/1491/128 2982/1492/128
f 2987/1493/129 2986/1493/129 2985/1493/129
f 2991/1494/129 2990/1495/129 2989/1496/129
f 2995/1497/121 2994/1497/121 2993/1497/121
f 2999/1498/121 2998/1499/121 2997/1500/121
f 3003/1501/5 3002/1501/5 3001/1501/5
f 3007/1502/5 3006/1503/5 3005/1504/5
f 3011/1505/5 3010/1505/5 3009/1505/5
f 3015/1506/5 3014/1507/5 3013/1508/5
f 3017/1509/2 3020/1509/2 3018/1509/2
f 3021/1510/2 3024/1511/2 3022/1512/2
f 3027/1513/5 3026/1513/5 3025/1513/5
f 3031/1514/5 3030/1515/5 3029/1516/5
f 3033/1517/2 3036/1517/2 3034/1517/2
f 3037/1518/2 3040/1519/2 3038/1520/2
f 3043/1521/5 3042/1521/5 3041/1521/5
f 3047/1522/5 3046/1523/5 3045/1524/5
f 3051/1525/5 3050/1525/5 3049/1525/5
f 3055/1526/5 3054/1527/5 3053/1528/5
f 3059/1529/5 3058/1529/5 3057/1529/5
f 3063/1530/5 3062/1531/5 3061/1532/5
f 3065/1533/2 3068/1533/2 3066/1533/2
f 3069/1534/2 3072/1535/2 3070/1536/2
f 3075/1537/3 3074/1537/3 3073/1537/3
f 3079/1538/3 3078/1539/3 3077/1540/3
f 3083/1541/3 3082/1541/3 3081/1541/3
f 3087/1542/3 3086/1543/3 3085/1544/3
f 3091/1545/3 3090/1545/3 3089/1545/3
f 3095/1546/3 3094/1547/3 3093/1548/3
f 3099/1549/3 3098/1549/3 3097/1549/3
f 3103/1550/3 3102/1551/3 3101/1552/3
f 3107/1553/3 3106/1553/3 3105/1553/3
f 3111/1554/3 3110/1555/3 3109/1556/3
f 3115/1557/3 3114/1557/3 3113/1557/3
f 3119/1558/3 3118/1559/3 3117/1560/3
f 3121/1561/21 3124/1561/21 3122/1561/21
f 3125/1562/21 3128/1563/21 3126/1564/21
f 3129/1565/22 3132/1565/22 3130/1565/22
f 3133/1566/22 3136/1567/22 3134/1568/22
f 3139/1569/23 3138/1569/23 3137/1569/23
f 3143/1570/23 3142/1571/23 3141/1572/23
f 3147/1573/24 3146/1573/24 3145/1573/24
f 3151/1574/24 3150/1575/24 3149/1576/24
f 3153/1577/50 3156/1577/50 3154/1577/50
f 3157/1578/50 3160/1579/50 3158/1580/50
f 3161/1581/51 3164/1581/51 3162/1581/51
f 3165/1582/51 3168/1583/51 3166/1584/51
f 3169/1585/2 3172/1585/2 3170/1585/2
f 3173/1586/2 3176/1587/2 3174/1588/2
f 3177/1589/2 3180/1589/2 3178/1589/2
f 3181/1590/2 3184/1591/2 3182/1592/2
f 3185/1593/54 3188/1593/54 3186/1593/54
f 3189/1594/54 3192/1595/54 3190/1596/54
f 3193/1597/2 3196/1597/2 3194/1597/2
f 3197/1598/2 3200/1599/2 3198/1600/2
f 3201/1601/2 3204/1601/2 3202/1601/2
f 3205/1602/2 3208/1603/2 3206/1604/2
f 3211/1605/130 3210/1606/131 3209/1607/132
f 3215/1608/130 3214/1608/131 3213/1608/132
f 3217/1609/133 3220/1610/134 3218/1611/135
f 3221/1612/133 3224/1612/134 3222/1612/135
f 3225/1613/2 3228/1613/2 3226/1613/2
f 3229/1614/2 3232/1615/2 3230/1616/2
f 3233/1617/71 3236/1617/71 3234/1617/71
f 3237/1618/71 3240/1619/71 3238/1620/71
f 3241/1621/2 3244/1621/2 3242/1621/2
f 3245/1622/2 3248/1623/2 3246/1624/2
f 3249/1625/2 3252/1625/2 3250/1625/2
f 3253/1626/2 3256/1627/2 3254/1628/2
f 3257/1629/2 3260/1629/2 3258/1629/2
f 3261/1630/2 3264/1631/2 3262/1632/2
f 3265/1633/2 3268/1633/2 3266/1633/2
f 3269/1634/2 3272/1635/2 3270/1636/2
f 3273/1637/2 3276/1637/2 3274/1637/2
f 3277/1638/2 3280/1639/2 3278/1640/2
f 3281/1641/2 3284/1641/2 3282/1641/2
f 3285/1642/2 3288/1643/2 3286/1644/2
f 3289/1645/2 3292/1645/2 3290/1645/2
f 3293/1646/2 3296/1647/2 3294/1648/2
f 3299/1649/5 3298/1649/5 3297/1649/5
f 3303/1650/5 3302/1651/5 3301/1652/5
f 3307/1653/5 3306/1653/5 3305/1653/5
f 3311/1654/5 3310/1655/5 3309/1656/5
f 3315/1657/5 3314/1657/5 3313/1657/5
f 3319/1658/5 3318/1659/5 3317/1660/5
f 3323/1661/5 3322/1661/5 3321/1661/5
f 3327/1662/5 3326/1663/5 3325/1664/5
f 3331/1665/2 3330/1665/2 3329/1665/2
f 3335/1666/2 3334/1667/2 3333/1668/2
f 3337/1669/2 3340/1669/2 3338/1669/2
f 3341/1670/2 3344/1671/2 3342/1672/2
f 3345/1673/2 3348/1673/2 3346/1673/2
f 3349/1674/2 3352/1675/2 3350/1676/2
f 3355/1677/5 3354/1677/5 3353/1677/5
f 3359/1678/5 3358/1679/5 3357/1680/5
f 3361/1681/2 3364/1681/2 3362/1681/2
f 3365/1682/2 3368/1683/2 3366/1684/2
f 3371/1685/5 3370/1685/5 3369/1685/5
f 3375/1686/5 3374/1687/5 3373/1688/5
f 3379/1689/3 3378/1689/3 3377/1689/3
f 3383/1690/3 3382/1691/3 3381/1692/3
f 3385/1693/108 3388/1693/108 3386/1693/108
f 3389/1694/108 3392/1695/108 3390/1696/108
f 3393/1697/108 3396/1697/108 3394/1697/108
f 3397/1698/108 3400/1699/108 3398/1700/108
f 3401/1701/2 3404/1701/2 3402/1701/2
f 3405/1702/2 3408/1703/2 3406/1704/2
f 3411/1705/3 3410/1705/3 3409/1705/3
f 3415/1706/3 3414/1707/3 3413/1708/3
f 3417/1709/108 3420/1709/108 3418/1709/108
f 3421/1710/108 3424/1711/108 3422/1712/108
f 3427/1713/3 3426/1713/3 3425/1713/3
f 3431/1714/3 3430/1715/3 3429/1716/3
f 3433/1717/2 3436/1717/2 3434/1717/2
f 3437/1718/2 3440/1719/2 3438/1720/2
f 3443/1721/6 3442/1721/6 3441/1721/6
f 3447/1722/6 3446/1722/6 3445/1722/6
f 3451/1723/108 3450/1723/108 3449/1723/108
f 3455/1724/108 3454/1725/108 3453/1726/108
f 3457/1727/108 3460/1727/108 3458/1727/108
f 3461/1728/108 3464/1729/108 3462/1730/108
f 3465/1731/108 3468/1731/108 3466/1731/108
f 3469/1732/108 3472/1733/108 3470/1734/108
f 3473/1735/108 3476/1735/108 3474/1735/108
f 3477/1736/108 3480/1737/108 3478/1738/108
f 3481/1739/2 3484/1739/2 3482/1739/2
f 3485/1740/2 3488/1741/2 3486/1742/2
f 3489/1743/108 3492/1743/108 3490/1743/108
f 3493/1744/108 3496/1745/108 3494/1746/108
f 3497/1747/6 3500/1747/6 3498/1747/6
f 3501/1748/6 3504/1749/6 3502/1750/6
f 3505/1751/136 3508/1751/136 3506/1751/136
f 3509/1752/136 3512/1753/136 3510/1754/136
f 3513/1755/108 3516/1755/108 3514/1755/108
f 3517/1756/108 3520/1757/108 3518/1758/108
f 3521/1759/6 3524/1759/6 3522/1759/6
f 3525/1760/6 3528/1761/6 3526/1762/6
f 3531/1763/136 3530/1763/136 3529/1763/136
f 3535/1764/136 3534/1765/136 3533/1766/136
f 3539/1767/136 3538/1767/136 3537/1767/136
f 3543/1768/136 3542/1769/136 3541/1770/136
f 3545/1771/108 3548/1771/108 3546/1771/108
f 3549/1772/108 3552/1773/108 3550/1774/108
f 3553/1775/6 3556/1775/6 3554/1775/6
f 3557/1776/6 3560/1777/6 3558/1778/6
f 3561/1779/108 3564/1779/108 3562/1779/108
f 3565/1780/108 3568/1781/108 3566/1782/108
f 3569/1783/108 3572/1783/108 3570/1783/108
f 3573/1784/108 3576/1785/108 3574/1786/108
f 3577/1787/108 3580/1787/108 3578/1787/108
f 3581/1788/108 3584/1789/108 3582/1790/108
f 3587/1791/136 3586/1791/136 3585/1791/136
f 3591/1792/136 3590/1793/136 3589/1794/136
f 3593/1795/6 3596/1795/6 3594/1795/6
f 3597/1796/6 3600/1797/6 3598/1798/6
f 3601/1799/108 3604/1799/108 3602/1799/108
f 3605/1800/108 3608/1801/108 3606/1802/108
f 3609/1803/108 3612/1803/108 3610/1803/108
f 3613/1804/108 3616/1805/108 3614/1806/108
f 3617/1807/108 3620/1807/108 3618/1807/108
f 3621/1808/108 3624/1809/108 3622/1810/108
f 3625/1811/6 3628/1811/6 3626/1811/6
f 3629/1812/6 3632/1813/6 3630/1814/6
f 3633/1815/136 3636/1815/136 3634/1815/136
f 3637/1816/136 3640/1817/136 3638/1818/136
f 3641/1819/108 3644/1819/108 3642/1819/108
f 3645/1820/108 3648/1821/108 3646/1822/108
f 3649/1823/137 3652/1823/137 3650/1823/137
f 3653/1824/137 3656/1825/137 3654/1826/137
f 3657/1827/108 3660/1827/108 3658/1827/108
f 3661/1828/108 3664/1829/108 3662/1830/108
f 3667/1831/6 3666/1831/6 3665/1831/6
f 3671/1832/6 3670/1833/6 3669/1834/6
f 3673/1835/1 3676/1835/1 3674/1835/1
f 3677/1836/1 3680/1837/1 3678/1838/1
f 3681/1839/108 3684/1839/108 3682/1839/108
f 3685/1840/108 3688/1841/108 3686/1842/108
f 3689/1843/108 3692/1843/108 3690/1843/108
f 3693/1844/108 3696/1845/108 3694/1846/108
f 3697/1847/108 3700/1847/108 3698/1847/108
f 3701/1848/108 3704/1849/108 3702/1850/108
f 3705/1851/108 3708/1851/108 3706/1851/108
f 3709/1852/108 3712/1853/108 3710/1854/108
f 3713/1855/2 3716/1855/2 3714/1855/2
f 3717/1856/2 3720/1857/2 3718/1858/2
f 3721/1859/1 3724/1859/1 3722/1859/1
f 3725/1860/1 3728/1861/1 3726/1862/1
f 3729/1863/1 3732/1863/1 3730/1863/1
f 3733/1864/1 3736/1865/1 3734/1866/1
f 3737/1867/2 3740/1867/2 3738/1867/2
f 3741/1868/2 3744/1869/2 3742/1870/2
f 3745/1871/2 3748/1871/2 3746/1871/2
f 3749/1872/2 3752/1873/2 3750/1874/2
f 3753/1875/2 3756/1875/2 3754/1875/2
f 3757/1876/2 3760/1877/2 3758/1878/2
f 3761/1879/2 3764/1879/2 3762/1879/2
f 3765/1880/2 3768/1881/2 3766/1882/2
f 3769/1883/2 3772/1883/2 3770/1883/2
f 3773/1884/2 3776/1885/2 3774/1886/2
f 3777/1887/2 3780/1887/2 3778/1887/2
f 3781/1888/2 3784/1889/2 3782/1890/2
f 3787/1891/3 3786/1891/3 3785/1891/3
f 3791/1892/3 3790/1893/3 3789/1894/3
f 3795/1895/3 3794/1895/3 3793/1895/3
f 3799/1896/3 3798/1897/3 3797/1898/3
f 3801/1899/5 3804/1899/5 3802/1899/5
f 3805/1900/5 3808/1901/5 3806/1902/5
f 3809/1903/5 3812/1903/5 3810/1903/5
f 3813/1904/5 3816/1905/5 3814/1906/5
f 3817/1907/2 3820/1907/2 3818/1907/2
f 3821/1908/2 3824/1909/2 3822/1910/2
f 3825/1911/2 3828/1911/2 3826/1911/2
f 3829/1912/2 3832/1913/2 3830/1914/2
f 3835/1915/6 3834/1915/6 3833/1915/6
f 3839/1916/6 3838/1917/6 3837/1918/6
f 3843/1919/3 3842/1919/3 3841/1919/3
f 3847/1920/3 3846/1921/3 3845/1922/3
f 3851/1923/6 3850/1923/6 3849/1923/6
f 3855/1924/6 3854/1925/6 3853/1926/6
f 3857/1927/2 3860/1927/2 3858/1927/2
f 3861/1928/2 3864/1929/2 3862/1930/2
f 3865/1931/2 3868/1931/2 3866/1931/2
f 3869/1932/2 3872/1933/2 3870/1934/2
f 3873/1935/2 3876/1935/2 3874/1935/2
f 3877/1936/2 3880/1937/2 3878/1938/2
f 3881/1939/2 3884/1939/2 3882/1939/2
f 3885/1940/2 3888/1941/2 3886/1942/2
f 3889/1943/2 3892/1943/2 3890/1943/2
f 3893/1944/2 3896/1945/2 3894/1946/2
f 3897/1947/1 3900/1947/1 3898/1947/1
f 3901/1948/1 3904/1949/1 3902/1950/1
f 3905/1951/137 3908/1951/137 3906/1951/137
f 3909/1952/137 3912/1953/137 3910/1954/137
f 3913/1955/5 3916/1955/5 3914/1955/5
f 3917/1956/5 3920/1957/5 3918/1958/5
f 3921/1959/2 3924/1959/2 3922/1959/2
f 3925/1960/2 3928/1961/2 3926/1962/2
f 3929/1963/1 3932/1963/1 3930/1963/1
f 3933/1964/1 3936/1965/1 3934/1966/1
f 3939/1967/6 3938/1967/6 3937/1967/6
f 3943/1968/6 3942/1969/6 3941/1970/6
f 3947/1971/6 3946/1971/6 3945/1971/6
f 3951/1972/6 3950/1973/6 3949/1974/6
f 3953/1975/5 3956/1975/5 3954/1975/5
f 3957/1976/5 3960/1977/5 3958/1978/5
f 3961/1979/2 3964/1979/2 3962/1979/2
f 3965/1980/2 3968/1981/2 3966/1982/2
f 3969/1983/1 3972/1983/1 3970/1983/1
f 3973/1984/1 3976/1985/1 3974/1986/1
f 3977/1987/2 3980/1987/2 3978/1987/2
f 3981/1988/2 3984/1989/2 3982/1990/2
f 3985/1991/2 3988/1991/2 3986/1991/2
f 3989/1992/2 3992/1993/2 3990/1994/2
f 3993/1995/2 3996/1995/2 3994/1995/2
f 3997/1996/2 4000/1997/2 3998/1998/2
f 4001/1999/2 4004/1999/2 4002/1999/2
f 4005/2000/2 4008/2001/2 4006/2002/2
f 4009/2003/2 4012/2003/2 4010/2003/2
f 4013/2004/2 4016/2005/2 4014/2006/2
f 4017/2007/2 4020/2007/2 4018/2007/2
f 4021/2008/2 4024/2009/2 4022/2010/2
f 4027/2011/3 4026/2011/3 4025/2011/3
f 4031/2012/3 4030/2013/3 4029/2014/3
f 4035/2015/3 4034/2015/3 4033/2015/3
f 4039/2016/3 4038/2017/3 4037/2018/3
f 4043/2019/6 4042/2019/6 4041/2019/6
f 4047/2020/6 4046/2021/6 4045/2022/6
f 4051/2023/6 4050/2023/6 4049/2023/6
f 4055/2024/6 4054/2025/6 4053/2026/6
f 4057/2027/2 4060/2027/2 4058/2027/2
f 4061/2028/2 4064/2029/2 4062/2030/2
f 4065/2031/2 4068/2031/2 4066/2031/2
f 4069/2032/2 4072/2033/2 4070/2034/2
f 4075/2035/3 4074/2035/3 4073/2035/3
f 4079/2036/3 4078/2037/3 4077/2038/3
f 4081/2039/2 4084/2039/2 4082/2039/2
f 4085/2040/2 4088/2041/2 4086/2042/2
f 4089/2043/2 4092/2043/2 4090/2043/2
f 4093/2044/2 4096/2045/2 4094/2046/2
f 4097/2047/2 4100/2047/2 4098/2047/2
f 4101/2048/2 4104/2049/2 4102/2050/2
f 4105/2051/1 4108/2051/1 4106/2051/1
f 4109/2052/1 4112/2053/1 4110/2054/1
f 4113/2055/137 4116/2055/137 4114/2055/137
f 4117/2056/137 4120/2057/137 4118/2058/137
f 4121/2059/2 4124/2059/2 4122/2059/2
f 4125/2060/2 4128/2061/2 4126/2062/2
f 4129/2063/1 4132/2063/1 4130/2063/1
f 4133/2064/1 4136/2065/1 4134/2066/1
f 4139/2067/6 4138/2067/6 4137/2067/6
f 4143/2068/6 4142/2069/6 4141/2070/6
f 4147/2071/6 4146/2071/6 4145/2071/6
f 4151/2072/6 4150/2073/6 4149/2074/6
f 4153/2075/2 4156/2075/2 4154/2075/2
f 4157/2076/2 4160/2077/2 4158/2078/2
f 4161/2079/1 4164/2079/1 4162/2079/1
f 4165/2080/1 4168/2081/1 4166/2082/1
f 4169/2083/2 4172/2083/2 4170/2083/2
f 4173/2084/2 4176/2085/2 4174/2086/2
f 4177/2087/2 4180/2087/2 4178/2087/2
f 4181/2088/2 4184/2089/2 4182/2090/2
f 4185/2091/2 4188/2091/2 4186/2091/2
f 4189/2092/2 4192/2093/2 4190/2094/2
f 4193/2095/2 4196/2095/2 4194/2095/2
f 4197/2096/2 4200/2097/2 4198/2098/2
f 4201/2099/2 4204/2099/2 4202/2099/2
f 4205/2100/2 4208/2101/2 4206/2102/2
f 4211/2103/138 4210/2104/139 4209/2104/138
f 4215/2105/140 4214/2106/140 4213/2107/140
f 4219/2108/141 4218/2109/141 4217/2110/141
f 4223/2111/142 4222/2112/142 4221/2111/142
f 4227/2113/143 4226/2114/143 4225/2115/143
f 4231/2116/144 4230/2117/145 4229/2118/144
f 4235/2119/146 4234/2120/146 4233/2121/146
f 4239/2122/147 4238/2123/147 4237/2124/147
f 4241/2125/148 4244/2126/148 4242/2127/148
f 4245/2128/149 4248/2129/149 4246/2130/149
f 4249/2131/150 4252/2132/150 4250/2133/150
f 4253/2134/151 4255/2135/151 4254/2136/151
f 4256/2137/152 4258/2138/152 4257/2139/152
f 4261/2140/153 4260/2141/153 4259/2142/153
f 4265/2143/154 4264/2144/154 4263/2145/154
f 4269/2146/155 4268/2147/155 4267/2148/155
f 4273/2149/156 4272/2150/156 4271/2151/156
f 4275/2152/157 4278/2153/158 4276/2154/159
f 4279/2155/160 4282/2156/161 4280/2157/162
f 4283/2158/163 4286/2159/163 4284/2160/163
f 4287/2161/164 4289/2162/164 4288/2163/164
f 4290/2164/165 4293/2165/166 4291/2166/167
f 4294/2167/168 4297/2168/168 4295/2169/168
f 4298/2170/169 4300/2171/169 4299/2172/169
f 4303/2173/170 4302/2174/170 4301/2175/170
f 4307/2176/171 4306/2177/171 4305/2178/171
f 4311/2179/172 4310/2180/172 4309/2181/172
f 4313/2182/173 4316/2183/173 4314/2184/173
f 4317/2185/174 4320/2186/174 4318/2187/174
f 4323/2188/175 4322/2189/175 4321/2190/175
f 4325/2191/176 4328/2192/176 4326/2193/176
f 4329/2194/177 4331/2195/177 4330/2196/177
f 4332/2197/178 4334/2198/178 4333/2199/178
f 4335/2200/179 4337/2201/179 4336/2202/179
f 4338/2203/180 4341/2204/180 4339/2205/180
f 4342/2206/181 4345/2207/181 4343/2208/181
f 4348/2209/182 4347/2210/182 4346/2211/182
f 4350/2212/183 4353/2213/183 4351/2214/183
f 4354/2215/184 4357/2216/184 4355/2217/184
f 4358/2218/185 4360/2219/185 4359/2220/185
f 4361/2221/186 4363/2222/186 4362/2223/186
f 4366/2224/187 4365/2225/187 4364/2226/187
f 4368/2227/188 4371/2228/188 4369/2229/188
f 4374/2230/189 4373/2231/189 4372/2232/189
f 4376/2233/190 4378/2234/190 4377/2235/190
f 4381/2236/191 4380/2237/191 4379/2238/191
f 4385/2239/192 4384/2240/192 4383/2241/192
f 4389/2242/193 4388/2243/193 4387/2244/193
f 4391/2245/194 4394/2246/194 4392/2247/194
f 4395/2248/195 4397/2249/195 4396/2250/195
f 4398/2251/196 4400/2252/196 4399/2253/196
f 4401/2254/197 4403/2255/197 4402/2256/197
f 4404/2257/198 4406/2258/198 4405/2259/198
f 4407/2260/199 4409/2261/199 4408/2262/199
f 4410/2263/200 4412/2263/200 4411/2264/200
f 4413/2265/201 4415/2266/201 4414/2267/201
f 4418/2268/202 4417/2269/202 4416/2270/202
f 4422/2271/203 4421/2272/203 4420/2273/203
f 4424/2274/204 4427/2275/204 4425/2276/204
f 4428/2277/205 4431/2278/205 4429/2279/205
f 4434/2280/206 4433/2281/206 4432/2282/206
f 4438/2283/207 4437/2284/207 4436/2285/207
f 4442/2286/208 4441/2287/208 4440/2288/208
f 4444/2289/209 4447/2290/209 4445/2291/209
f 4450/2292/210 4449/2293/210 4448/2294/210
f 4452/2295/211 4454/2296/211 4453/2297/211
f 4455/2298/212 4457/2299/212 4456/2300/212
f 4460/2301/213 4459/2302/214 4458/2303/215
f 4464/2304/216 4463/2305/216 4462/2306/216
f 4468/2307/217 4467/2308/217 4466/2309/217
f 4470/2310/218 4472/2311/218 4471/2312/218
f 4473/2313/219 4475/2314/219 4474/2315/219
f 4478/2316/220 4477/2317/220 4476/2318/220
f 4482/2319/221 4481/2320/221 4480/2321/221
f 4484/2322/222 4487/2323/222 4485/2324/222
f 4490/2325/223 4489/2326/224 4488/2327/225
f 4494/2328/226 4493/2329/226 4492/2330/226
f 4496/2331/227 4498/2332/227 4497/2333/227
f 4499/2334/228 4501/2335/228 4500/2336/228
f 4502/2337/229 4504/2338/229 4503/2339/229
f 4505/2340/230 4507/2341/230 4506/2342/230
f 4508/2343/231 4511/2344/232 4509/2345/233
f 4514/2346/234 4513/2347/234 4512/2348/234
f 4516/2349/235 4519/2350/235 4517/2351/235
f 4520/2352/236 4523/2353/236 4521/2354/236
f 4526/2355/237 4525/2356/237 4524/2357/237
f 4528/2358/238 4531/2359/238 4529/2360/238
f 4532/2361/239 4535/2362/239 4533/2363/239
f 4536/2364/238 4539/2365/238 4537/2365/238
f 4540/2366/240 4543/2367/240 4541/2368/240
f 4546/2369/241 4545/2370/241 4544/2371/241
f 4548/2372/242 4551/2373/242 4549/2374/242
f 4554/2375/243 4553/2376/243 4552/2377/243
f 4558/2378/244 4557/2379/244 4556/2380/244
f 4560/2381/245 4563/2382/245 4561/2383/245
f 4566/2384/246 4565/2385/246 4564/2386/246
f 4570/2387/247 4569/2388/247 4568/2389/247
f 4574/2390/248 4573/2391/248 4572/2392/248
f 4576/2393/249 4579/2394/249 4577/2395/249
f 4580/2396/250 4583/2397/250 4581/2398/250
f 4584/2399/251 4587/2400/251 4585/2401/251
f 4588/2402/252 4590/2403/252 4589/2404/252
f 4591/2405/253 4593/2406/253 4592/2407/253
f 4594/2408/254 4596/2409/254 4595/2410/254
f 4597/2411/255 4599/2412/255 4598/2413/255
f 4602/2414/256 4601/2415/257 4600/2416/258
f 4604/2417/259 4607/2418/259 4605/2419/259
f 4608/2420/260 4611/2421/260 4609/2422/260
f 4612/2423/261 4615/2424/261 4613/2425/261
f 4616/2426/262 4618/2427/262 4617/2427/262
f 4619/2428/263 4621/2429/263 4620/2430/263
f 4624/2431/264 4623/2432/265 4622/2433/266
f 4626/2434/267 4629/2435/267 4627/2436/267
f 4630/2437/268 4633/2438/268 4631/2439/268
f 4634/2440/269 4637/2441/269 4635/2442/269
f 4638/2443/270 4641/2444/270 4639/2445/271
f 4644/2446/272 4643/2447/272 4642/2448/272
f 4646/2449/270 4649/2450/270 4647/2451/270
f 4650/2452/273 4653/2453/273 4651/2454/273
f 4656/2455/274 4655/2456/274 4654/2457/274
f 4658/2458/275 4661/2459/275 4659/2460/275
f 4662/2461/276 4665/2462/276 4663/2463/276
f 4666/2464/277 4669/2465/277 4667/2466/277
f 4672/2467/278 4671/2468/278 4670/2469/278
f 4674/2470/279 4677/2471/279 4675/2472/279
f 4680/2473/280 4679/2474/280 4678/2475/280
f 4682/2476/281 4684/2477/281 4683/2478/281
f 4685/2479/282 4687/2480/282 4686/2481/282
f 4688/2482/283 4690/2483/283 4689/2484/283
f 4691/2485/284 4693/2486/284 4692/2487/284
f 4694/2488/285 4696/2489/285 4695/2490/285
f 4697/2491/286 4699/2492/286 4698/2493/286
f 4700/2494/287 4702/2495/287 4701/2496/287
f 4703/2497/288 4705/2498/288 4704/2499/288
f 4706/2500/289 4708/2501/289 4707/2502/289
f 4709/2503/290 4711/2504/290 4710/2505/290
f 4712/2506/291 4714/2507/291 4713/2508/291
f 4717/2509/292 4716/2510/292 4715/2511/292
f 4721/2512/293 4720/2513/293 4719/2514/293
f 4725/2515/294 4724/2516/294 4723/2517/294
f 4727/2518/295 4730/2519/295 4728/2520/295
f 4733/2521/296 4732/2522/296 4731/2523/296
f 4737/2524/297 4736/2525/297 4735/2526/297
f 4741/2527/298 4740/2528/298 4739/2529/298
f 4743/2530/299 4746/2531/299 4744/2532/299
f 4747/2533/300 4750/2534/300 4748/2535/300
f 4753/2536/301 4752/2537/301 4751/2538/301
f 4755/2539/302 4758/2540/302 4756/2541/302
f 4761/2542/303 4760/2543/303 4759/2544/303
f 4763/2545/304 4766/2546/304 4764/2547/304
f 4767/2548/305 4770/2549/305 4768/2550/305
f 4773/2551/306 4772/2552/306 4771/2553/306
f 4777/2554/307 4776/2555/307 4775/2556/307
f 4781/2557/308 4780/2558/308 4779/2559/308
f 4783/2560/309 4785/2561/309 4784/2562/309
f 4786/2563/310 4788/2564/310 4787/2565/310
f 4789/2566/311 4792/2567/311 4790/2568/311
f 4793/2569/312 4795/2570/312 4794/2571/312
f 4798/2572/313 4797/2573/314 4796/2574/315
f 4802/2575/316 4801/2576/316 4800/2577/316
f 4804/2578/317 4806/2579/317 4805/2580/317
f 4809/2581/318 4808/2582/318 4807/2583/318
f 4811/2584/319 4814/2585/319 4812/2586/319
f 4817/2587/320 4816/2588/320 4815/2589/320
f 4819/2590/321 4821/2591/321 4820/2592/321
f 4822/2593/322 4825/2594/322 4823/2595/322
f 4828/2596/323 4827/2597/324 4826/2598/325
f 4830/2599/326 4832/2600/326 4831/2601/326
f 4833/2602/327 4835/2603/327 4834/2604/327
f 4838/2605/328 4837/2606/328 4836/2607/328
f 4842/2608/329 4841/2609/329 4840/2610/329
f 4844/2611/330 4846/2612/330 4845/2613/330
f 4849/2614/331 4848/2615/331 4847/2616/331
f 4851/2617/332 4854/2618/333 4852/2619/334
f 4857/2620/335 4856/2621/335 4855/2622/335
f 4859/2623/336 4861/2624/336 4860/2625/336
f 4862/2626/337 4864/2627/337 4863/2628/337
f 4865/2629/338 4867/2630/338 4866/2631/338
f 4868/2632/339 4871/2633/339 4869/2634/339
f 4872/2635/340 4875/2636/340 4873/2637/340
f 4878/2638/341 4877/2639/341 4876/2640/341
f 4882/2641/342 4881/2642/342 4880/2643/342
f 4884/2644/343 4887/2645/343 4885/2645/343
f 4888/2646/344 4891/2647/344 4889/2648/344
f 4892/2649/345 4895/2650/345 4893/2651/345
f 4896/2652/346 4898/2653/346 4897/2654/346
f 4899/2655/347 4901/2656/347 4900/2657/347
f 4902/2658/348 4904/2659/348 4903/2660/348
f 4905/2661/349 4907/2662/349 4906/2663/349
f 4908/2664/350 4910/2665/350 4909/2666/350
f 4911/2667/351 4913/2668/351 4912/2669/351
f 4914/2670/352 4916/2671/352 4915/2672/352
f 4917/2673/353 4919/2674/353 4918/2675/353
f 4920/2676/354 4922/2677/354 4921/2678/354
f 4923/2679/355 4926/2680/355 4924/2681/355
f 4927/2682/356 4930/2683/356 4928/2684/356
f 4931/2685/357 4933/2686/357 4932/2687/357
f 4934/2688/358 4937/2689/358 4935/2690/358
f 4938/2691/359 4941/2692/359 4939/2693/359
f 4944/2694/360 4943/2695/360 4942/2696/360
f 4948/2697/361 4947/2698/361 4946/2699/361
f 4950/2700/362 4953/2701/362 4951/2702/362
f 4954/2703/363 4957/2704/363 4955/2705/363
f 4960/2706/364 4959/2707/364 4958/2708/364
f 4964/2709/365 4963/2710/366 4962/2711/367
f 4968/2712/368 4967/2713/368 4966/2714/368
f 4972/2715/369 4971/2716/369 4970/2717/369
f 4974/2718/370 4976/2719/370 4975/2720/370
f 4977/2721/371 4979/2722/371 4978/2723/371
f 4980/2724/372 4983/2725/372 4981/2726/372
f 4986/2727/373 4985/2728/373 4984/2729/373
f 4990/2730/374 4989/2731/374 4988/2732/374
f 4994/2733/375 4993/2734/375 4992/2735/375
f 4996/2736/376 4998/2737/376 4997/2738/376
f 4999/2739/377 5001/2740/377 5000/2741/377
f 5002/2742/378 5004/2743/378 5003/2744/378
f 5005/2745/379 5008/2746/379 5006/2747/379
f 5011/2748/380 5010/2749/380 5009/2750/380
f 5013/2751/381 5015/2752/381 5014/2753/381
f 5016/2754/382 5018/2755/382 5017/2756/382
f 5019/2757/383 5021/2758/383 5020/2759/383
f 5024/2760/384 5023/2761/384 5022/2762/384
f 5026/2763/385 5029/2764/385 5027/2765/385
f 5030/2766/386 5033/2767/386 5031/2768/386
f 5034/2769/387 5036/2770/387 5035/2771/387
f 5037/2772/388 5040/2773/388 5038/2774/388
f 5041/2775/389 5044/2776/389 5042/2777/389
f 5047/2778/390 5046/2779/390 5045/2780/390
f 5049/2781/391 5052/2782/391 5050/2783/391
f 5053/2784/392 5056/2785/392 5054/2786/392
f 5059/2787/393 5058/2788/393 5057/2789/393
f 5063/2790/394 5062/2791/395 5061/2792/396
f 5065/2793/397 5067/2794/397 5066/2795/397
f 5070/2796/398 5069/2797/398 5068/2798/398
f 5074/2799/399 5073/2800/399 5072/2801/399
f 5078/2802/400 5077/2803/400 5076/2804/400
f 5082/2805/401 5081/2806/401 5080/2807/401
f 5086/2808/402 5085/2809/402 5084/2810/402
f 5088/2811/403 5091/2812/403 5089/2813/403
f 5092/2814/404 5095/2815/404 5093/2816/404
f 5098/2817/405 5097/2818/405 5096/2819/405
f 5102/2820/406 5101/2821/406 5100/2822/406
f 5104/2823/407 5107/2824/407 5105/2825/407
f 5108/2826/408 5111/2827/408 5109/2828/408
f 5112/2829/409 5115/2830/409 5113/2831/409
f 5116/2832/410 5119/2833/410 5117/2834/410
f 5120/2835/411 5123/2836/412 5121/2837/413
f 5126/2838/414 5125/2839/414 5124/2840/414
f 5128/2841/415 5131/2842/416 5129/2843/417
f 5132/2844/418 5134/2845/418 5133/2846/418
f 5135/2847/419 5137/2848/419 5136/2849/419
f 5138/2850/420 5140/2851/420 5139/2852/420
f 5141/2853/421 5143/2854/421 5142/2855/421
f 5144/2856/422 5146/2857/422 5145/2858/422
f 5149/2859/423 5148/2860/423 5147/2861/423
f 5151/2862/424 5154/2863/424 5152/2864/424
f 5157/2865/425 5156/2866/425 5155/2867/425
f 5161/2868/426 5160/2869/426 5159/2870/426
f 5163/2871/427 5166/2872/427 5164/2873/427
f 5167/2874/428 5170/2875/428 5168/2876/428
f 5171/2877/429 5174/2878/429 5172/2879/429
f 5177/2880/430 5176/2881/430 5175/2882/430
f 5179/2883/431 5182/2884/432 5180/2885/433
f 5185/2886/434 5184/2887/434 5183/2888/434
f 5189/2889/435 5188/2890/435 5187/2891/435
f 5191/2892/436 5193/2893/436 5192/2894/436
f 5194/2895/437 5197/2896/437 5195/2897/437
f 5198/2898/438 5200/2899/438 5199/2900/438
f 5203/2901/439 5202/2902/439 5201/2903/439
f 5207/2904/440 5206/2905/440 5205/2906/440
f 5209/2907/441 5211/2908/441 5210/2909/441
f 5212/2910/442 5214/2911/442 5213/2912/442
f 5215/2913/443 5218/2914/443 5216/2915/443
f 5219/2916/444 5221/2917/444 5220/2918/444
f 5224/2919/445 5223/2920/446 5222/2921/447
f 5228/2922/448 5227/2923/448 5226/2924/448
f 5230/2925/449 5232/2926/449 5231/2927/449
f 5233/2928/450 5235/2929/450 5234/2930/450
f 5236/2931/451 5239/2932/452 5237/2933/453
f 5240/2934/454 5242/2935/454 5241/2936/454
f 5245/2937/455 5244/2938/455 5243/2939/455
f 5249/2940/456 5248/2941/456 5247/2942/456
f 5253/2943/457 5252/2944/457 5251/2945/457
f 5257/2946/458 5256/2947/458 5255/2948/458
f 5259/2949/459 5262/2950/459 5260/2951/459
f 5265/2952/460 5264/2953/460 5263/2954/460
f 5269/2955/461 5268/2956/461 5267/2957/461
f 5271/2958/462 5273/2959/462 5272/2960/462
f 5274/2961/463 5276/2962/463 5275/2963/463
f 5277/2964/464 5279/2965/464 5278/2966/464
f 5280/2967/465 5282/2968/465 5281/2969/465
f 5283/2970/466 5285/2971/466 5284/2972/466
f 5286/2973/467 5288/2974/467 5287/2975/467
f 5289/2976/468 5291/2977/468 5290/2977/468
f 5292/2978/469 5294/2979/469 5293/2980/469
f 5295/2981/470 5297/2982/470 5296/2983/470
f 5298/2984/471 5301/2985/471 5299/2986/471
f 5304/2987/472 5303/2988/472 5302/2989/472
f 5308/2990/473 5307/2991/473 5306/2992/473
f 5310/2993/474 5313/2994/474 5311/2995/474
f 5316/2996/475 5315/2997/475 5314/2998/475
f 5318/2999/476 5321/3000/476 5319/3001/476
f 5324/3002/477 5323/3003/477 5322/3004/477
f 5326/3005/478 5328/3006/478 5327/3007/478
f 5329/3008/479 5331/3009/479 5330/3010/479
f 5332/3011/480 5335/3012/480 5333/3013/480
f 5338/3014/481 5337/3015/481 5336/3016/481
f 5340/3017/482 5343/3018/482 5341/3019/482
f 5346/3020/483 5345/3021/483 5344/3022/483
f 5348/3023/484 5350/3024/484 5349/3025/484
f 5351/3026/485 5353/3027/485 5352/3028/485
f 5354/3029/486 5356/3030/486 5355/3031/486
f 5359/3032/487 5358/3033/487 5357/3034/487
f 5361/3035/488 5364/3036/488 5362/3037/488
f 5365/3038/489 5368/3039/489 5366/3040/489
f 5369/3041/490 5372/3042/490 5370/3043/490
f 5373/3044/491 5376/3045/491 5374/3046/491
f 5379/3047/492 5378/3048/492 5377/3049/492
f 5383/3050/493 5382/3051/494 5381/3052/495
f 5387/3053/496 5386/3054/496 5385/3055/496
f 5389/3056/497 5392/3057/497 5390/3058/497
f 5393/3059/498 5395/3060/498 5394/3061/498
f 5396/3062/499 5398/3063/499 5397/3064/499
f 5399/3065/500 5401/3066/500 5400/3067/500
f 5402/3068/501 5404/3069/501 5403/3070/501
f 5407/3071/502 5406/3072/503 5405/3073/504
f 5411/3074/505 5410/3075/505 5409/3076/505
f 5413/3077/506 5416/3078/506 5414/3079/506
f 5417/3080/507 5420/3081/507 5418/3082/507
f 5423/3083/508 5422/3084/508 5421/3085/508
f 5427/3086/509 5426/3087/509 5425/3088/509
f 5429/3089/510 5432/3090/510 5430/3091/510
f 5435/3092/511 5434/3093/511 5433/3094/511
f 5437/3095/512 5440/3096/512 5438/3097/512
f 5443/3098/513 5442/3099/513 5441/3100/513
f 5445/3101/514 5447/3102/514 5446/3103/514
f 5448/3104/515 5450/3105/515 5449/3106/515
f 5451/3107/516 5453/3108/516 5452/3109/516
f 5454/3110/517 5456/3111/517 5455/3112/517
f 5457/3113/518 5459/3114/518 5458/3115/518
f 5460/3116/519 5462/3117/519 5461/3118/519
f 5463/3119/520 5465/3120/520 5464/3121/520
f 5466/3122/521 5468/3123/521 5467/3124/521
f 5469/3125/522 5472/3126/522 5470/3127/522
f 5473/3128/523 5476/3129/523 5474/3130/523
f 5477/3131/524 5480/3132/524 5478/3133/524
f 5481/3134/525 5483/3135/525 5482/3136/525
f 5484/3137/526 5486/3138/526 5485/3139/526
f 5487/3140/527 5490/3141/528 5488/3142/529
f 5493/3143/530 5492/3144/530 5491/3145/530
f 5497/3146/531 5496/3147/531 5495/3148/531
f 5499/3149/532 5501/3150/532 5500/3151/532
f 5502/3152/533 5504/3153/533 5503/3154/533
f 5505/3155/534 5508/3156/535 5506/3157/536
f 5509/3158/537 5512/3159/538 5510/3160/539
f 5515/3161/540 5514/3162/540 5513/3163/540
f 5519/3164/541 5518/3165/541 5517/3166/541
f 5521/3167/542 5523/3168/542 5522/3169/542
f 5526/3170/543 5525/3171/543 5524/3172/543
f 5530/3173/544 5529/3174/544 5528/3175/544
f 5534/3176/545 5533/3177/545 5532/3178/545
f 5536/3179/546 5538/3180/546 5537/3181/546
f 5539/3182/547 5541/3183/547 5540/3184/547
f 5542/3185/548 5544/3186/548 5543/3187/548
f 5545/3188/2 5548/3188/2 5546/3188/2
f 5549/3189/2 5552/3190/2 5550/3191/2
f 5553/3192/2 5556/3192/2 5554/3192/2
f 5557/3193/2 5560/3194/2 5558/3195/2
f 5561/3196/1 5564/3196/1 5562/3196/1
f 5565/3197/1 5568/3198/1 5566/3199/1
f 5571/3200/137 5570/3200/137 5569/3200/137
f 5575/3201/137 5574/3202/137 5573/3203/137
f 5577/3204/2 5580/3204/2 5578/3204/2
f 5581/3205/2 5584/3206/2 5582/3207/2
f 5585/3208/1 5588/3208/1 5586/3208/1
f 5589/3209/1 5592/3210/1 5590/3211/1
f 5595/3212/6 5594/3212/6 5593/3212/6
f 5599/3213/6 5598/3214/6 5597/3215/6
f 5603/3216/6 5602/3216/6 5601/3216/6
f 5607/3217/6 5606/3218/6 5605/3219/6
f 5609/3220/2 5612/3220/2 5610/3220/2
f 5613/3221/2 5616/3222/2 5614/3223/2
f 5617/3224/1 5620/3224/1 5618/3224/1
f 5621/3225/1 5624/3226/1 5622/3227/1
f 5625/3228/2 5628/3228/2 5626/3228/2
f 5629/3229/2 5632/3230/2 5630/3231/2
f 5633/3232/2 5636/3232/2 5634/3232/2
f 5637/3233/2 5640/3234/2 5638/3235/2
f 5641/3236/2 5644/3236/2 5642/3236/2
f 5645/3237/2 5648/3238/2 5646/3239/2
f 5649/3240/2 5652/3240/2 5650/3240/2
f 5653/3241/2 5656/3242/2 5654/3243/2
f 5657/3244/2 5660/3244/2 5658/3244/2
f 5661/3245/2 5664/3246/2 5662/3247/2
f 5665/3248/2 5668/3248/2 5666/3248/2
f 5669/3249/2 5672/3250/2 5670/3251/2
f 5673/3252/1 5676/3252/1 5674/3252/1
f 5677/3253/1 5680/3254/1 5678/3255/1
f 5681/3256/137 5684/3256/137 5682/3256/137
f 5685/3257/137 5688/3258/137 5686/3259/137
f 5689/3260/2 5692/3260/2 5690/3260/2
f 5693/3261/2 5696/3262/2 5694/3263/2
f 5697/3264/1 5700/3264/1 5698/3264/1
f 5701/3265/1 5704/3266/1 5702/3267/1
f 5707/3268/6 5706/3268/6 5705/3268/6
f 5711/3269/6 5710/3270/6 5709/3271/6
f 5715/3272/6 5714/3272/6 5713/3272/6
f 5719/3273/6 5718/3274/6 5717/3275/6
f 5723/3276/2 5726/3276/2 5724/3276/2
f 5727/3277/2 5730/3278/2 5728/3279/2
f 5731/3280/1 5734/3280/1 5732/3280/1
f 5735/3281/1 5738/3282/1 5736/3283/1
f 5739/3284/2 5742/3284/2 5740/3284/2
f 5743/3285/2 5746/3286/2 5744/3287/2
f 5747/3288/2 5750/3288/2 5748/3288/2
f 5751/3289/2 5754/3290/2 5752/3291/2
f 5755/3292/2 5758/3292/2 5756/3292/2
f 5759/3293/2 5762/3294/2 5760/3295/2
f 5763/3296/2 5766/3296/2 5764/3296/2
f 5767/3297/2 5770/3298/2 5768/3299/2
f 5771/3300/137 5774/3300/137 5772/3300/137
f 5775/3301/137 5778/3302/137 5776/3303/137
f 5781/3304/108 5780/3304/108 5779/3304/108
f 5785/3305/108 5784/3306/108 5783/3307/108
f 5787/3308/2 5790/3308/2 5788/3308/2
f 5791/3309/2 5794/3310/2 5792/3311/2
f 5795/3312/1 5798/3312/1 5796/3312/1
f 5799/3313/1 5802/3314/1 5800/3315/1
f 5803/3316/1 5806/3316/1 5804/3316/1
f 5807/3317/1 5810/3318/1 5808/3319/1
f 5811/3320/6 5814/3320/6 5812/3320/6
f 5815/3321/6 5818/3322/6 5816/3323/6
f 5821/3324/108 5820/3324/108 5819/3324/108
f 5825/3325/108 5824/3326/108 5823/3327/108
f 5827/3328/2 5830/3328/2 5828/3328/2
f 5831/3329/2 5834/3330/2 5832/3331/2
f 5837/3332/1 5836/3332/1 5835/3332/1
f 5841/3333/1 5840/3334/1 5839/3335/1
f 5843/3336/2 5846/3336/2 5844/3336/2
f 5847/3337/2 5850/3338/2 5848/3339/2
f 5851/3340/2 5854/3340/2 5852/3340/2
f 5855/3341/2 5858/3342/2 5856/3343/2
f 5859/3344/2 5862/3344/2 5860/3344/2
f 5863/3345/2 5866/3346/2 5864/3347/2
f 5867/3348/2 5870/3348/2 5868/3348/2
f 5871/3349/2 5874/3350/2 5872/3351/2
f 5875/3352/2 5878/3352/2 5876/3352/2
f 5879/3353/2 5882/3354/2 5880/3355/2
f 5883/3356/2 5886/3356/2 5884/3356/2
f 5887/3357/2 5890/3358/2 5888/3359/2
f 5891/3360/2 5894/3360/2 5892/3360/2
f 5895/3361/2 5898/3362/2 5896/3363/2
f 5899/3364/2 5902/3364/2 5900/3364/2
f 5903/3365/2 5906/3366/2 5904/3367/2
f 5907/3368/2 5910/3368/2 5908/3368/2
f 5911/3369/2 5914/3370/2 5912/3371/2
f 5915/3372/2 5918/3372/2 5916/3372/2
f 5919/3373/2 5922/3374/2 5920/3375/2
f 5923/3376/2 5926/3376/2 5924/3376/2
f 5927/3377/2 5930/3378/2 5928/3379/2
f 1/1/1 3/1/1 4/1/1
f 5/2/1 7/3380/1 8/3/1
f 11/5/2 12/5/2 10/5/2
f 15/6/2 16/3381/2 14/7/2
f 17/9/1 19/9/1 20/9/1
f 21/10/1 23/3382/1 24/11/1
f 25/13/1 27/13/1 28/13/1
f 29/14/1 31/3383/1 32/15/1
f 35/17/3 36/17/3 34/17/3
f 39/18/3 40/3384/3 38/19/3
f 43/21/3 44/21/3 42/21/3
f 47/22/3 48/3385/3 46/23/3
f 49/25/1 51/25/1 52/25/1
f 53/26/1 55/3386/1 56/27/1
f 57/29/1 59/29/1 60/29/1
f 61/30/1 63/3387/1 64/31/1
f 67/33/3 68/33/3 66/33/3
f 71/34/3 72/3388/3 70/35/3
f 75/37/3 76/37/3 74/37/3
f 79/38/3 80/3389/3 78/39/3
f 81/41/2 83/41/2 84/41/2
f 85/42/2 87/3390/2 88/43/2
f 91/45/4 92/45/4 90/45/4
f 95/46/4 96/3391/4 94/47/4
s 0
f 97/49/549 99/49/549 100/49/549
f 101/50/549 103/51/549 104/51/549
f 105/53/549 107/53/549 108/53/549
f 109/54/549 111/55/549 112/55/549
s 1
f 115/57/4 116/57/4 114/57/4
f 119/58/4 120/3392/4 118/59/4
f 123/61/4 124/61/4 122/61/4
f 127/62/4 128/3393/4 126/63/4
f 131/65/2 132/65/2 130/65/2
f 135/66/2 136/3394/2 134/67/2
f 137/69/2 139/69/2 140/69/2
f 141/70/2 143/3395/2 144/71/2
f 147/73/1 148/73/1 146/73/1
f 151/74/1 152/3396/1 150/75/1
f 155/77/1 156/77/1 154/77/1
f 159/78/1 160/3397/1 158/79/1
f 163/81/5 164/81/5 162/81/5
f 167/82/5 168/3398/5 166/83/5
f 171/85/5 172/85/5 170/85/5
f 175/86/5 176/3399/5 174/87/5
f 177/89/2 179/89/2 180/89/2
f 181/90/2 183/3400/2 184/91/2
f 185/93/6 187/93/6 188/93/6
f 189/94/6 191/3401/6 192/95/6
f 193/97/3 195/97/3 196/97/3
f 197/98/3 199/3402/3 200/99/3
f 201/101/3 203/101/3 204/101/3
f 205/102/3 207/3403/3 208/103/3
f 209/105/2 211/105/2 212/105/2
f 213/106/2 215/3404/2 216/107/2
f 217/109/2 219/109/2 220/109/2
f 221/110/2 223/3405/2 224/111/2
f 227/113/5 228/113/5 226/113/5
f 231/114/5 232/3406/5 230/115/5
f 235/117/5 236/117/5 234/117/5
f 239/118/5 240/3407/5 238/119/5
f 241/121/2 243/121/2 244/121/2
f 245/122/2 247/3408/2 248/123/2
f 251/125/2 252/125/2 250/125/2
f 255/126/2 256/3409/2 254/127/2
f 259/129/1 260/129/1 258/129/1
f 263/130/1 264/3410/1 262/131/1
f 265/133/6 267/133/6 268/133/6
f 269/134/6 271/3411/6 272/135/6
f 275/137/5 276/137/5 274/137/5
f 279/138/5 280/3412/5 278/139/5
f 283/141/5 284/141/5 282/141/5
f 287/142/5 288/3413/5 286/143/5
f 289/145/2 291/145/2 292/145/2
f 293/146/2 295/3414/2 296/147/2
f 299/149/2 300/149/2 298/149/2
f 303/150/2 304/3415/2 302/151/2
f 307/153/5 308/153/5 306/153/5
f 311/154/5 312/3416/5 310/155/5
f 315/157/5 316/157/5 314/157/5
f 319/158/5 320/3417/5 318/159/5
f 321/161/6 323/161/6 324/161/6
f 325/162/6 327/3418/6 328/163/6
f 331/165/5 332/165/5 330/165/5
f 335/166/5 336/3419/5 334/167/5
f 339/169/5 340/169/5 338/169/5
f 343/170/5 344/3420/5 342/171/5
f 345/173/2 347/173/2 348/173/2
f 349/174/2 351/3421/2 352/175/2
f 353/177/3 355/177/3 356/177/3
f 357/178/3 359/3422/3 360/179/3
f 363/181/5 364/181/5 362/181/5
f 367/182/5 368/3423/5 366/183/5
f 371/185/5 372/185/5 370/185/5
f 375/186/5 376/3424/5 374/187/5
f 379/189/5 380/189/5 378/189/5
f 383/190/5 384/3425/5 382/191/5
f 387/193/5 388/193/5 386/193/5
f 391/194/5 392/3426/5 390/195/5
f 393/197/2 395/197/2 396/197/2
f 397/198/2 399/3427/2 400/199/2
f 403/201/5 404/201/5 402/201/5
f 407/202/5 408/3428/5 406/203/5
f 411/205/5 412/205/5 410/205/5
f 415/206/5 416/3429/5 414/207/5
f 419/209/5 420/209/5 418/209/5
f 423/210/5 424/3430/5 422/211/5
f 425/213/550 427/213/550 428/213/550
f 429/214/550 431/3431/550 432/215/550
f 433/217/551 435/217/551 436/217/551
f 437/218/551 439/3432/551 440/219/551
f 441/221/552 443/221/552 444/221/552
f 445/222/552 447/3433/552 448/223/552
f 449/225/10 451/225/10 452/225/10
f 453/226/10 455/3434/10 456/227/10
f 459/229/11 460/229/11 458/229/11
f 463/230/11 464/3435/11 462/231/11
f 465/233/12 467/233/12 468/233/12
f 469/234/12 471/3436/12 472/235/12
f 475/237/5 476/237/5 474/237/5
f 479/238/5 480/3437/5 478/239/5
f 483/241/5 484/241/5 482/241/5
f 487/242/5 488/3438/5 486/243/5
f 489/245/2 491/245/2 492/245/2
f 493/246/2 495/3439/2 496/247/2
f 499/249/13 500/249/13 498/249/13
f 503/250/13 504/3440/13 502/251/13
f 507/253/14 508/253/14 506/253/15
f 511/254/14 512/3441/14 510/255/15
f 515/257/16 516/257/17 514/257/17
f 519/258/16 520/3442/17 518/259/17
s 0
f 521/261/549 523/261/549 524/261/549
f 525/262/549 527/263/549 528/263/549
f 529/265/549 531/265/549 532/265/549
f 533/266/549 535/267/549 536/267/549
f 537/269/549 539/269/549 540/269/549
f 541/270/549 543/271/549 544/271/549
s 1
f 547/273/5 548/273/5 546/273/5
f 551/274/5 552/3443/5 550/275/5
f 555/277/5 556/277/5 554/277/5
f 559/278/5 560/3444/5 558/279/5
f 563/281/5 564/281/5 562/281/5
f 567/282/5 568/3445/5 566/283/5
f 571/285/5 572/285/5 570/285/5
f 575/286/5 576/3446/5 574/287/5
f 577/289/2 579/289/2 580/289/2
f 581/290/2 583/3447/2 584/291/2
f 587/293/5 588/293/5 586/293/5
f 591/294/5 592/3448/5 590/295/5
f 595/297/5 596/297/5 594/297/5
f 599/298/5 600/3449/5 598/299/5
f 603/301/5 604/301/5 602/301/5
f 607/302/5 608/3450/5 606/303/5
f 611/305/5 612/305/5 610/305/5
f 615/306/5 616/3451/5 614/307/5
f 619/309/5 620/309/5 618/309/5
f 623/310/5 624/3452/5 622/311/5
f 625/313/2 627/313/2 628/313/2
f 629/314/2 631/3453/2 632/315/2
s 0
f 633/317/549 635/317/549 636/317/549
f 637/318/549 639/319/549 640/319/549
f 641/321/549 643/321/549 644/321/549
f 645/322/549 647/323/549 648/323/549
s 1
f 651/325/23 652/325/23 650/325/23
f 655/326/23 656/3454/23 654/327/23
f 659/329/24 660/329/24 658/329/24
f 663/330/24 664/3455/24 662/331/24
f 667/333/5 668/333/5 666/333/5
f 671/334/5 672/3456/5 670/335/5
f 675/337/5 676/337/5 674/337/5
f 679/338/5 680/3457/5 678/339/5
f 683/341/5 684/341/5 682/341/5
f 687/342/5 688/3458/5 686/343/5
f 691/345/2 692/345/2 690/345/2
f 695/346/2 696/3459/2 694/347/2
f 699/349/3 700/349/3 698/349/3
f 703/350/3 704/3460/3 702/351/3
f 707/353/3 708/353/3 706/353/3
f 711/354/3 712/3461/3 710/355/3
f 715/357/3 716/357/3 714/357/3
f 719/358/3 720/3462/3 718/359/3
s 0
f 721/361/549 723/361/549 724/361/549
f 725/362/549 727/363/549 728/363/549
f 729/365/549 731/365/549 732/365/549
f 733/366/549 735/367/549 736/367/549
f 737/369/549 739/369/549 740/369/549
f 741/370/549 743/371/549 744/371/549
s 1
f 747/373/28 748/373/28 746/373/28
f 751/374/28 752/3463/28 750/375/28
f 755/377/29 756/377/29 754/377/29
f 759/378/29 760/3464/29 758/379/29
f 761/381/30 763/381/30 764/381/30
f 765/382/30 767/3465/30 768/383/30
f 769/385/553 771/385/553 772/385/553
f 773/386/553 775/3466/553 776/387/553
f 777/389/554 779/389/554 780/389/554
f 781/390/554 783/3467/554 784/391/554
f 787/393/33 788/393/33 786/393/34
f 791/394/33 792/3468/33 790/395/34
f 795/397/35 796/397/36 794/397/36
f 799/398/35 800/3469/36 798/399/36
s 0
f 801/401/549 803/401/549 804/401/549
f 805/402/549 807/403/549 808/403/549
f 809/405/549 811/405/549 812/405/549
f 813/406/549 815/407/549 816/407/549
s 1
f 819/409/3 820/409/3 818/409/3
f 823/410/3 824/3470/3 822/411/3
f 827/413/39 828/413/39 826/413/39
f 831/414/39 832/3471/39 830/415/39
f 835/417/40 836/417/555 834/417/40
f 839/418/40 840/3472/555 838/419/40
f 843/421/2 844/421/2 842/421/2
f 847/422/2 848/3473/2 846/423/2
f 851/425/41 852/425/41 850/425/41
f 855/426/41 856/3474/41 854/427/41
f 859/429/43 860/429/44 858/429/44
f 863/430/43 864/3475/44 862/431/44
f 867/433/45 868/433/45 866/433/45
f 871/434/45 872/3476/45 870/435/45
f 873/437/6 875/437/6 876/437/6
f 877/438/6 879/3477/6 880/439/6
f 881/441/556 883/441/556 884/441/556
f 885/442/556 887/3478/556 888/443/556
f 891/445/47 892/445/47 890/445/47
f 895/446/47 896/3479/47 894/447/47
s 0
f 897/449/549 899/449/549 900/449/549
f 901/450/549 903/451/549 904/451/549
s 1
f 905/453/49 907/453/49 908/453/49
f 909/454/49 911/3480/49 912/455/49
s 0
f 913/457/549 915/457/549 916/457/549
f 917/458/549 919/459/549 920/459/549
s 1
f 921/461/51 923/461/51 924/461/51
f 925/462/51 927/3481/51 928/463/51
s 0
f 929/465/549 931/465/549 932/465/549
f 933/466/549 935/467/549 936/467/549
s 1
f 939/469/53 940/469/53 938/469/53
f 943/470/53 944/3482/53 942/471/53
f 947/473/53 948/473/53 946/473/53
f 951/474/53 952/3483/53 950/475/53
f 955/477/53 956/477/53 954/477/53
f 959/478/53 960/3484/53 958/479/53
s 0
f 961/481/549 963/481/549 964/481/549
f 965/482/549 967/483/549 968/483/549
f 969/485/549 971/485/549 972/485/549
f 973/486/549 975/487/549 976/487/549
f 977/489/549 979/489/549 980/489/549
f 981/490/549 983/491/549 984/491/549
s 1
f 987/493/557 988/493/557 986/493/557
f 991/494/557 992/3485/557 990/495/557
f 995/497/58 996/497/58 994/497/58
f 999/498/58 1000/3486/58 998/499/58
f 1003/501/558 1004/501/558 1002/501/558
f 1007/502/558 1008/3487/558 1006/503/558
s 0
f 1009/505/549 1011/505/549 1012/505/549
f 1013/506/549 1015/507/549 1016/507/549
s 1
f 1019/509/61 1020/509/61 1018/509/61
f 1023/510/61 1024/3488/61 1022/511/61
f 1027/513/53 1028/513/53 1026/513/53
f 1031/514/53 1032/3489/53 1030/515/53
f 1033/517/62 1035/517/62 1036/517/62
f 1037/518/62 1039/3490/62 1040/519/62
f 1041/521/62 1043/521/62 1044/521/62
f 1045/522/62 1047/3491/62 1048/523/62
f 1051/525/61 1052/525/61 1050/525/61
f 1055/526/61 1056/3492/61 1054/527/61
s 0
f 1057/529/549 1059/529/549 1060/529/549
f 1061/530/549 1063/531/549 1064/531/549
s 1
f 1067/533/61 1068/533/61 1066/533/61
f 1071/534/61 1072/3493/61 1070/535/61
f 1073/537/62 1075/537/62 1076/537/62
f 1077/538/62 1079/3494/62 1080/539/62
f 1081/541/559 1083/541/559 1084/541/559
f 1085/542/559 1087/3495/559 1088/543/559
f 1089/545/560 1091/545/560 1092/545/560
f 1093/546/560 1095/3496/560 1096/547/560
f 1099/549/66 1100/549/66 1098/549/61
f 1103/550/66 1104/3497/66 1102/551/61
f 1105/553/5 1107/553/5 1108/553/5
f 1109/554/5 1111/3498/5 1112/555/5
f 1113/557/62 1115/557/62 1116/557/62
f 1117/558/62 1119/3499/62 1120/559/62
f 1121/561/5 1123/561/5 1124/561/5
f 1125/562/5 1127/3500/5 1128/563/5
f 1131/565/67 1132/565/67 1130/565/67
f 1135/566/67 1136/3501/67 1134/567/67
f 1137/569/5 1139/569/5 1140/569/5
f 1141/570/5 1143/3502/5 1144/571/5
f 1145/573/5 1147/573/5 1148/573/5
f 1149/574/5 1151/3503/5 1152/575/5
f 1155/577/69 1156/577/69 1154/577/69
f 1159/578/69 1160/3504/69 1158/579/69
f 1161/581/561 1163/581/561 1164/581/561
f 1165/582/561 1167/3505/561 1168/583/561
f 1169/585/71 1171/585/71 1172/585/71
f 1173/586/71 1175/3506/71 1176/587/71
f 1179/589/72 1180/589/72 1178/589/72
f 1183/590/72 1184/3507/72 1182/591/72
f 1185/593/73 1187/593/73 1188/593/73
f 1189/594/73 1191/3508/73 1192/595/73
f 1193/597/2 1195/597/2 1196/597/2
f 1197/598/2 1199/3509/2 1200/599/2
f 1201/601/562 1203/601/562 1204/601/562
f 1205/602/562 1207/3510/562 1208/603/562
f 1211/605/75 1212/605/75 1210/605/76
f 1215/606/75 1216/3511/75 1214/607/76
f 1217/609/77 1219/609/77 1220/609/77
f 1221/610/77 1223/3512/77 1224/611/77
f 1225/613/2 1227/613/2 1228/613/2
f 1229/614/2 1231/3513/2 1232/615/2
f 1233/617/2 1235/617/2 1236/617/2
f 1237/618/2 1239/3514/2 1240/619/2
f 1241/621/2 1243/621/2 1244/621/2
f 1245/622/2 1247/3515/2 1248/623/2
s 0
f 1249/625/549 1251/625/549 1252/625/549
f 1253/626/549 1255/627/549 1256/627/549
f 1257/629/549 1259/629/549 1260/629/549
f 1261/630/549 1263/631/549 1264/631/549
s 1
f 1267/633/80 1268/633/80 1266/633/80
f 1271/634/80 1272/3516/80 1270/635/80
f 1275/637/81 1276/637/81 1274/637/81
f 1279/638/81 1280/3517/81 1278/639/81
f 1281/641/2 1283/641/2 1284/641/2
f 1285/642/2 1287/3518/2 1288/643/2
s 0
f 1289/645/549 1291/645/549 1292/645/549
f 1293/646/549 1295/647/549 1296/647/549
s 1
f 1297/649/83 1299/649/83 1300/649/83
f 1301/650/83 1303/3519/83 1304/651/83
f 1305/653/563 1307/653/563 1308/653/563
f 1309/654/563 1311/3520/563 1312/655/563
f 1313/657/564 1315/657/564 1316/657/564
f 1317/658/564 1319/3521/564 1320/659/564
f 1321/661/565 1323/661/565 1324/661/565
f 1325/662/565 1327/3522/565 1328/663/565
f 1331/665/87 1332/665/87 1330/665/88
f 1335/666/87 1336/3523/87 1334/667/88
f 1339/669/89 1340/669/90 1338/669/90
f 1343/670/89 1344/3524/90 1342/671/90
f 1347/673/91 1348/673/91 1346/673/91
f 1351/674/91 1352/3525/91 1350/675/91
s 0
f 1353/677/549 1355/677/549 1356/677/549
f 1357/678/549 1359/679/549 1360/679/549
f 1361/681/549 1363/681/549 1364/681/549
f 1365/682/549 1367/683/549 1368/683/549
f 1369/685/549 1371/685/549 1372/685/549
f 1373/686/549 1375/687/549 1376/687/549
s 1
f 1377/689/95 1379/689/95 1380/689/95
f 1381/690/95 1383/3526/95 1384/691/95
f 1387/693/96 1388/693/96 1386/693/96
f 1391/694/96 1392/3527/96 1390/695/96
f 1393/697/97 1395/697/97 1396/697/97
f 1397/698/97 1399/3528/97 1400/699/97
f 1403/701/1 1404/701/1 1402/701/1
f 1407/702/1 1408/3529/1 1406/703/1
f 1411/705/2 1412/705/2 1410/705/2
f 1415/706/2 1416/3530/2 1414/707/2
f 1419/709/5 1420/709/5 1418/709/5
f 1423/710/5 1424/3531/5 1422/711/5
f 1425/713/2 1427/713/2 1428/713/2
f 1429/714/2 1431/3532/2 1432/715/2
f 1433/717/6 1435/717/6 1436/717/6
f 1437/718/6 1439/3533/6 1440/719/6
f 1441/721/2 1443/721/2 1444/721/2
f 1445/722/2 1447/3534/2 1448/723/2
f 1449/725/6 1451/725/6 1452/725/6
f 1453/726/6 1455/3535/6 1456/727/6
f 1459/729/2 1460/729/2 1458/729/2
f 1463/730/2 1464/3536/2 1462/731/2
f 1467/733/5 1468/733/5 1466/733/5
f 1471/734/5 1472/3537/5 1470/735/5
f 1473/737/3 1475/737/3 1476/737/3
f 1477/738/3 1479/3538/3 1480/739/3
f 1481/741/2 1483/741/2 1484/741/2
f 1485/742/2 1487/3539/2 1488/743/2
s 0
f 1489/745/549 1491/745/549 1492/745/549
f 1493/746/549 1495/747/549 1496/747/549
s 1
f 1499/749/5 1500/749/5 1498/749/5
f 1503/750/5 1504/3540/5 1502/751/5
f 1507/753/5 1508/753/5 1506/753/5
f 1511/754/5 1512/3541/5 1510/755/5
f 1515/757/5 1516/757/5 1514/757/5
f 1519/758/5 1520/3542/5 1518/759/5
f 1523/761/2 1524/761/2 1522/761/2
f 1527/762/2 1528/3543/2 1526/763/2
f 1531/765/5 1532/765/5 1530/765/5
f 1535/766/5 1536/3544/5 1534/767/5
f 1539/769/5 1540/769/5 1538/769/5
f 1543/770/5 1544/3545/5 1542/771/5
f 1547/773/5 1548/773/5 1546/773/5
f 1551/774/5 1552/3546/5 1550/775/5
f 1553/777/2 1555/777/2 1556/777/2
f 1557/778/2 1559/3547/2 1560/779/2
f 1563/781/5 1564/781/5 1562/781/5
f 1567/782/5 1568/3548/5 1566/783/5
f 1571/785/5 1572/785/5 1570/785/5
f 1575/786/5 1576/3549/5 1574/787/5
f 1577/789/2 1579/789/2 1580/789/2
f 1581/790/2 1583/3550/2 1584/791/2
s 0
f 1585/793/549 1587/793/549 1588/793/549
f 1589/794/549 1591/795/549 1592/795/549
s 1
f 1595/797/5 1596/797/5 1594/797/5
f 1599/798/5 1600/3551/5 1598/799/5
f 1603/801/5 1604/801/5 1602/801/5
f 1607/802/5 1608/3552/5 1606/803/5
f 1611/805/5 1612/805/5 1610/805/5
f 1615/806/5 1616/3553/5 1614/807/5
f 1619/809/5 1620/809/5 1618/809/5
f 1623/810/5 1624/3554/5 1622/811/5
f 1625/813/2 1627/813/2 1628/813/2
f 1629/814/2 1631/3555/2 1632/815/2
s 0
f 1633/817/549 1635/817/549 1636/817/549
f 1637/818/549 1639/819/549 1640/819/549
s 1
f 1643/821/5 1644/821/5 1642/821/5
f 1647/822/5 1648/3556/5 1646/823/5
f 1651/825/5 1652/825/5 1650/825/5
f 1655/826/5 1656/3557/5 1654/827/5
f 1657/829/2 1659/829/2 1660/829/2
f 1661/830/2 1663/3558/2 1664/831/2
f 1667/833/5 1668/833/5 1666/833/5
f 1671/834/5 1672/3559/5 1670/835/5
f 1675/837/5 1676/837/5 1674/837/5
f 1679/838/5 1680/3560/5 1678/839/5
f 1683/841/5 1684/841/5 1682/841/5
f 1687/842/5 1688/3561/5 1686/843/5
f 1691/845/2 1692/845/2 1690/845/2
f 1695/846/2 1696/3562/2 1694/847/2
f 1699/849/41 1700/849/41 1698/849/41
f 1703/850/41 1704/3563/41 1702/851/41
f 1707/853/44 1708/853/43 1706/853/43
f 1711/854/44 1712/3564/43 1710/855/43
f 1715/857/45 1716/857/45 1714/857/45
f 1719/858/45 1720/3565/45 1718/859/45
f 1721/861/6 1723/861/6 1724/861/6
f 1725/862/6 1727/3566/6 1728/863/6
f 1731/865/2 1732/865/2 1730/865/2
f 1735/866/2 1736/3567/2 1734/867/2
f 1739/869/5 1740/869/5 1738/869/5
f 1743/870/5 1744/3568/5 1742/871/5
f 1747/873/5 1748/873/5 1746/873/5
f 1751/874/5 1752/3569/5 1750/875/5
f 1755/877/5 1756/877/5 1754/877/5
f 1759/878/5 1760/3570/5 1758/879/5
f 1763/881/5 1764/881/5 1762/881/5
f 1767/882/5 1768/3571/5 1766/883/5
f 1769/885/2 1771/885/2 1772/885/2
f 1773/886/2 1775/3572/2 1776/887/2
f 1779/889/5 1780/889/5 1778/889/5
f 1783/890/5 1784/3573/5 1782/891/5
f 1787/893/5 1788/893/5 1786/893/5
f 1791/894/5 1792/3574/5 1790/895/5
f 1795/897/5 1796/897/5 1794/897/5
f 1799/898/5 1800/3575/5 1798/899/5
f 1803/901/5 1804/901/5 1802/901/5
f 1807/902/5 1808/3576/5 1806/903/5
f 1809/905/100 1811/905/100 1812/905/100
f 1813/906/100 1815/3577/100 1816/907/100
f 1817/909/3 1819/909/3 1820/909/3
f 1821/910/3 1823/3578/3 1824/911/3
f 1827/913/3 1828/913/3 1826/913/3
f 1831/914/3 1832/3579/3 1830/915/3
f 1835/917/5 1836/917/5 1834/917/5
f 1839/918/5 1840/3580/5 1838/919/5
f 1843/921/3 1844/921/3 1842/921/3
f 1847/922/3 1848/3581/3 1846/923/3
f 1851/925/3 1852/925/3 1850/925/3
f 1855/926/3 1856/3582/3 1854/927/3
f 1859/929/2 1860/929/2 1858/929/2
f 1863/930/2 1864/3583/2 1862/931/2
f 1867/933/41 1868/933/41 1866/933/41
f 1871/934/41 1872/3584/41 1870/935/41
f 1875/937/44 1876/937/44 1874/937/44
f 1879/938/44 1880/3585/44 1878/939/44
f 1883/941/45 1884/941/45 1882/941/45
f 1887/942/45 1888/3586/45 1886/943/45
f 1889/945/6 1891/945/6 1892/945/6
f 1893/946/6 1895/3587/6 1896/947/6
f 1899/949/101 1900/949/101 1898/949/101
f 1903/950/101 1904/3588/101 1902/951/101
f 1905/953/566 1907/953/566 1908/953/566
f 1909/954/566 1911/3589/566 1912/955/566
f 1915/957/103 1916/957/103 1914/957/104
f 1919/958/103 1920/3590/103 1918/959/104
f 1923/961/53 1924/961/53 1922/961/53
f 1927/962/53 1928/3591/53 1926/963/53
f 1931/965/53 1932/965/53 1930/965/53
f 1935/966/53 1936/3592/53 1934/967/53
f 1939/969/105 1940/969/105 1938/969/53
f 1943/970/105 1944/3593/105 1942/971/53
s 0
f 1945/973/549 1947/973/549 1948/973/549
f 1949/974/549 1951/975/549 1952/975/549
s 1
f 1955/977/567 1956/977/567 1954/977/567
f 1959/978/567 1960/3594/567 1958/979/567
f 1963/981/58 1964/981/58 1962/981/58
f 1967/982/58 1968/3595/58 1966/983/58
f 1971/985/568 1972/985/568 1970/985/568
f 1975/986/568 1976/3596/568 1974/987/568
s 0
f 1977/989/549 1979/989/549 1980/989/549
f 1981/990/549 1983/991/549 1984/991/549
s 1
f 1987/993/66 1988/993/66 1986/993/66
f 1991/994/66 1992/3597/66 1990/995/66
f 1995/997/53 1996/997/53 1994/997/53
f 1999/998/53 2000/3598/53 1998/999/53
f 2001/1001/62 2003/1001/62 2004/1001/62
f 2005/1002/62 2007/3599/62 2008/1003/62
f 2009/1005/62 2011/1005/62 2012/1005/62
f 2013/1006/62 2015/3600/62 2016/1007/62
f 2019/1009/66 2020/1009/66 2018/1009/66
f 2023/1010/66 2024/3601/66 2022/1011/66
f 2025/1013/108 2027/1013/108 2028/1013/108
f 2029/1014/108 2031/3602/108 2032/1015/108
f 2035/1017/66 2036/1017/66 2034/1017/66
f 2039/1018/66 2040/3603/66 2038/1019/66
f 2041/1021/62 2043/1021/62 2044/1021/62
f 2045/1022/62 2047/3604/62 2048/1023/62
f 2049/1025/559 2051/1025/559 2052/1025/559
f 2053/1026/559 2055/3605/559 2056/1027/559
f 2057/1029/560 2059/1029/560 2060/1029/560
f 2061/1030/560 2063/3606/560 2064/1031/560
f 2067/1033/66 2068/1033/66 2066/1033/66
f 2071/1034/66 2072/3607/66 2070/1035/66
f 2073/1037/5 2075/1037/5 2076/1037/5
f 2077/1038/5 2079/3608/5 2080/1039/5
f 2081/1041/62 2083/1041/62 2084/1041/62
f 2085/1042/62 2087/3609/62 2088/1043/62
f 2089/1045/2 2091/1045/2 2092/1045/2
f 2093/1046/2 2095/3610/2 2096/1047/2
f 2097/1049/108 2099/1049/108 2100/1049/108
f 2101/1050/108 2103/3611/108 2104/1051/108
f 2105/1053/5 2107/1053/5 2108/1053/5
f 2109/1054/5 2111/3612/5 2112/1055/5
f 2115/1057/67 2116/1057/67 2114/1057/67
f 2119/1058/67 2120/3613/67 2118/1059/67
f 2121/1061/5 2123/1061/5 2124/1061/5
f 2125/1062/5 2127/3614/5 2128/1063/5
f 2129/1065/2 2131/1065/2 2132/1065/2
f 2133/1066/2 2135/3615/2 2136/1067/2
f 2137/1069/108 2139/1069/108 2140/1069/108
f 2141/1070/108 2143/3616/108 2144/1071/108
f 2145/1073/108 2147/1073/108 2148/1073/108
f 2149/1074/108 2151/3617/108 2152/1075/108
f 2153/1077/5 2155/1077/5 2156/1077/5
f 2157/1078/5 2159/3618/5 2160/1079/5
f 2163/1081/53 2164/1081/53 2162/1081/53
f 2167/1082/53 2168/3619/53 2166/1083/53
f 2171/1085/53 2172/1085/53 2170/1085/53
f 2175/1086/53 2176/3620/53 2174/1087/53
f 2177/1089/108 2179/1089/108 2180/1089/108
f 2181/1090/108 2183/3621/108 2184/1091/108
f 2187/1093/53 2188/1093/53 2186/1093/53
f 2191/1094/53 2192/3622/53 2190/1095/53
f 2195/1097/58 2196/1097/58 2194/1097/58
f 2199/1098/58 2200/3623/58 2198/1099/58
f 2203/1101/558 2204/1101/558 2202/1101/558
f 2207/1102/558 2208/3624/558 2206/1103/558
f 2211/1105/53 2212/1105/53 2210/1105/53
f 2215/1106/53 2216/3625/53 2214/1107/53
f 2217/1109/62 2219/1109/62 2220/1109/62
f 2221/1110/62 2223/3626/62 2224/1111/62
f 2227/1113/66 2228/1113/66 2226/1113/66
f 2231/1114/66 2232/3627/66 2230/1115/66
f 2233/1117/2 2235/1117/2 2236/1117/2
f 2237/1118/2 2239/3628/2 2240/1119/2
f 2241/1121/2 2243/1121/2 2244/1121/2
f 2245/1122/2 2247/3629/2 2248/1123/2
f 2249/1125/108 2251/1125/108 2252/1125/108
f 2253/1126/108 2255/3630/108 2256/1127/108
f 2259/1129/66 2260/1129/66 2258/1129/66
f 2263/1130/66 2264/3631/66 2262/1131/66
f 2265/1133/62 2267/1133/62 2268/1133/62
f 2269/1134/62 2271/3632/62 2272/1135/62
s 0
f 2273/1137/549 2275/1137/549 2276/1137/549
f 2277/1138/549 2279/1139/549 2280/1139/549
s 1
f 2283/1141/569 2284/1141/569 2282/1141/569
f 2287/1142/569 2288/3633/569 2286/1143/569
s 0
f 2289/1145/549 2291/1145/549 2292/1145/549
f 2293/1146/549 2295/1147/549 2296/1147/549
s 1
f 2299/1149/66 2300/1149/66 2298/1149/66
f 2303/1150/66 2304/3634/66 2302/1151/66
f 2305/1153/62 2307/1153/62 2308/1153/62
f 2309/1154/62 2311/3635/62 2312/1155/62
f 2313/1157/2 2315/1157/2 2316/1157/2
f 2317/1158/2 2319/3636/2 2320/1159/2
f 2321/1161/2 2323/1161/2 2324/1161/2
f 2325/1162/2 2327/3637/2 2328/1163/2
f 2329/1165/108 2331/1165/108 2332/1165/108
f 2333/1166/108 2335/3638/108 2336/1167/108
f 2337/1169/108 2339/1169/108 2340/1169/108
f 2341/1170/108 2343/3639/108 2344/1171/108
f 2345/1173/570 2347/1173/570 2348/1173/570
f 2349/1174/570 2351/3640/570 2352/1175/570
f 2353/1177/560 2355/1177/560 2356/1177/560
f 2357/1178/560 2359/3641/560 2360/1179/560
f 2361/1181/5 2363/1181/112 2364/1181/112
f 2365/1182/5 2367/3642/112 2368/1183/112
f 2371/1185/66 2372/1185/66 2370/1185/66
f 2375/1186/66 2376/3643/66 2374/1187/66
f 2377/1189/5 2379/1189/5 2380/1189/5
f 2381/1190/5 2383/3644/5 2384/1191/5
f 2385/1193/62 2387/1193/62 2388/1193/62
f 2389/1194/62 2391/3645/62 2392/1195/62
f 2393/1197/108 2395/1197/108 2396/1197/108
f 2397/1198/108 2399/3646/108 2400/1199/108
f 2401/1201/5 2403/1201/112 2404/1201/112
f 2405/1202/5 2407/3647/112 2408/1203/112
f 2411/1205/67 2412/1205/67 2410/1205/67
f 2415/1206/67 2416/3648/67 2414/1207/67
f 2417/1209/5 2419/1209/5 2420/1209/5
f 2421/1210/5 2423/3649/5 2424/1211/5
f 2425/1213/2 2427/1213/2 2428/1213/2
f 2429/1214/2 2431/3650/2 2432/1215/2
f 2433/1217/2 2435/1217/2 2436/1217/2
f 2437/1218/2 2439/3651/2 2440/1219/2
f 2441/1221/108 2443/1221/108 2444/1221/108
f 2445/1222/108 2447/3652/108 2448/1223/108
f 2449/1225/2 2451/1225/2 2452/1225/2
f 2453/1226/2 2455/3653/2 2456/1227/2
f 2457/1229/108 2459/1229/108 2460/1229/108
f 2461/1230/108 2463/3654/108 2464/1231/108
f 2465/1233/2 2467/1233/2 2468/1233/2
f 2469/1234/2 2471/3655/2 2472/1235/2
f 2475/1237/5 2476/1237/5 2474/1237/5
f 2479/1238/5 2480/3656/5 2478/1239/5
f 2481/1241/108 2483/1241/108 2484/1241/108
f 2485/1242/108 2487/3657/108 2488/1243/108
f 2491/1245/5 2492/1245/5 2490/1245/5
f 2495/1246/5 2496/3658/5 2494/1247/5
f 2497/1249/108 2499/1249/108 2500/1249/108
f 2501/1250/108 2503/3659/108 2504/1251/108
f 2505/1253/1 2507/3660/1 2508/1254/1
f 2509/1256/1 2511/1256/1 2512/1256/1
f 2513/1257/2 2515/1257/2 2516/1257/2
f 2517/1258/2 2519/3661/2 2520/1259/2
f 2521/1261/2 2523/1261/2 2524/1261/2
f 2525/1262/2 2527/3662/2 2528/1263/2
f 2531/1265/5 2532/1265/5 2530/1265/5
f 2535/1266/5 2536/3663/5 2534/1267/5
f 2539/1269/5 2540/1269/5 2538/1269/5
f 2543/1270/5 2544/3664/5 2542/1271/5
f 2545/1273/108 2547/1273/108 2548/1273/108
f 2549/1274/108 2551/3665/108 2552/1275/108
f 2553/1277/1 2555/3666/1 2556/1278/1
f 2557/1280/1 2559/1280/1 2560/1280/1
f 2563/1281/5 2564/1281/5 2562/1281/5
f 2567/1282/5 2568/3667/5 2566/1283/5
f 2569/1285/2 2571/1285/2 2572/1285/2
f 2573/1286/2 2575/3668/2 2576/1287/2
f 2577/1289/108 2579/1289/108 2580/1289/108
f 2581/1290/108 2583/3669/108 2584/1291/108
f 2585/1293/108 2587/1293/108 2588/1293/108
f 2589/1294/108 2591/3670/108 2592/1295/108
f 2593/1297/2 2595/1297/2 2596/1297/2
f 2597/1298/2 2599/3671/2 2600/1299/2
f 2603/1301/5 2604/1301/5 2602/1301/5
f 2607/1302/5 2608/3672/5 2606/1303/5
f 2611/1305/5 2612/1305/5 2610/1305/5
f 2615/1306/5 2616/3673/5 2614/1307/5
f 2617/1309/2 2619/1309/2 2620/1309/2
f 2621/1310/2 2623/3674/2 2624/1311/2
f 2627/1313/5 2628/1313/5 2626/1313/5
f 2631/1314/5 2632/3675/5 2630/1315/5
f 2633/1317/108 2635/1317/108 2636/1317/108
f 2637/1318/108 2639/3676/108 2640/1319/108
f 2641/1321/2 2643/1321/2 2644/1321/2
f 2645/1322/2 2647/3677/2 2648/1323/2
f 2651/1325/5 2652/1325/5 2650/1325/5
f 2655/1326/5 2656/3678/5 2654/1327/5
f 2657/1329/2 2659/1329/2 2660/1329/2
f 2661/1330/2 2663/3679/2 2664/1331/2
f 2667/1333/108 2668/1333/108 2666/1333/108
f 2671/1334/108 2672/3680/108 2670/1335/108
f 2673/1337/113 2675/1337/113 2676/1337/113
f 2677/1338/113 2679/3681/113 2680/1339/113
f 2681/1341/3 2683/1341/3 2684/1341/3
f 2685/1342/3 2687/3682/3 2688/1343/3
f 2689/1345/113 2691/1345/113 2692/1345/113
f 2693/1346/113 2695/3683/113 2696/1347/113
f 2699/1349/5 2700/1349/5 2698/1349/5
f 2703/1350/5 2704/3684/5 2702/1351/5
f 2707/1353/2 2708/1353/2 2706/1353/2
f 2711/1354/2 2712/3685/2 2710/1355/2
f 2713/1357/3 2715/1357/3 2716/1357/3
f 2717/1358/3 2719/3686/3 2720/1359/3
f 2721/1361/113 2723/1361/113 2724/1361/113
f 2725/1362/113 2727/3687/113 2728/1363/113
f 2731/1365/114 2732/1365/114 2730/1365/115
f 2735/1366/114 2736/3688/114 2734/1367/115
f 2739/1369/571 2740/1369/571 2738/1369/571
f 2743/1370/571 2744/3689/571 2742/1371/571
f 2745/1373/572 2747/1373/572 2748/1373/572
f 2749/1374/572 2751/3690/572 2752/1375/572
f 2753/1377/3 2755/1377/3 2756/1377/3
f 2757/1378/3 2759/3691/3 2760/1379/3
f 2761/1381/113 2763/1381/113 2764/1381/113
f 2765/1382/113 2767/3692/113 2768/1383/113
f 2769/1385/1 2771/1385/1 2772/1385/1
f 2773/1386/1 2775/3693/1 2776/1387/1
f 2779/1389/5 2780/1389/5 2778/1389/5
f 2783/1390/5 2784/3694/5 2782/1391/5
f 2785/1393/2 2787/1393/2 2788/1393/2
f 2789/1394/2 2791/3695/2 2792/1395/2
f 2795/1397/5 2796/1397/5 2794/1397/5
f 2799/1398/5 2800/3696/5 2798/1399/5
f 2801/1401/2 2803/1401/2 2804/1401/2
f 2805/1402/2 2807/3697/2 2808/1403/2
f 2809/1405/1 2811/1405/1 2812/1405/1
f 2813/1406/1 2815/3698/1 2816/1407/1
f 2817/1409/2 2819/1409/2 2820/1409/2
f 2821/1410/2 2823/3699/2 2824/1411/2
f 2825/1413/118 2827/1413/118 2828/1413/118
f 2829/1414/118 2831/3700/118 2832/1415/118
f 2835/1417/119 2836/1417/573 2834/1417/120
f 2839/1418/119 2840/3701/573 2838/1419/120
f 2843/1421/121 2844/1421/121 2842/1421/121
f 2847/1422/121 2848/3702/121 2846/1423/121
f 2851/1425/6 2852/1425/6 2850/1425/6
f 2855/1426/6 2856/3703/6 2854/1427/6
f 2857/1429/3 2859/1429/3 2860/1429/3
f 2861/1430/3 2863/3704/3 2864/1431/3
f 2865/1433/122 2867/1433/122 2868/1433/122
f 2869/1434/122 2871/3705/122 2872/1435/122
f 2873/1437/2 2875/1437/2 2876/1437/2
f 2877/1438/2 2879/3706/2 2880/1439/2
f 2883/1441/5 2884/1441/5 2882/1441/5
f 2887/1442/5 2888/3707/5 2886/1443/5
f 2891/1445/2 2892/1445/2 2890/1445/2
f 2895/1446/2 2896/3708/2 2894/1447/2
f 2897/1449/122 2899/1449/122 2900/1449/122
f 2901/1450/122 2903/3709/122 2904/1451/122
f 2907/1453/121 2908/1453/121 2906/1453/121
f 2911/1454/121 2912/3710/121 2910/1455/121
f 2915/1457/121 2916/1457/121 2914/1457/121
f 2919/1458/121 2920/3711/121 2918/1459/121
f 2921/1461/122 2923/1461/122 2924/1461/122
f 2925/1462/122 2927/3712/122 2928/1463/122
f 2929/1465/122 2931/1465/123 2932/1465/123
f 2933/1466/122 2935/3713/123 2936/1467/123
f 2939/1469/5 2940/1469/5 2938/1469/5
f 2943/1470/5 2944/3714/5 2942/1471/5
s 0
f 2945/1473/549 2947/1473/549 2948/1473/549
f 2949/1474/549 2951/1475/549 2952/1475/549
s 1
f 2955/1477/574 2956/1477/574 2954/1477/574
f 2959/1478/574 2960/3715/574 2958/1479/574
s 0
f 2961/1481/549 2963/1481/549 2964/1481/549
f 2965/1482/549 2967/1483/549 2968/1483/549
s 1
f 2969/1485/575 2971/1485/575 2972/1485/575
f 2973/1486/575 2975/3716/575 2976/1487/575
f 2977/1489/128 2979/1489/128 2980/1489/128
f 2981/1490/128 2983/3717/128 2984/1491/128
f 2987/1493/129 2988/1493/129 2986/1493/129
f 2991/1494/129 2992/3718/129 2990/1495/129
f 2995/1497/121 2996/1497/121 2994/1497/121
f 2999/1498/121 3000/3719/121 2998/1499/121
f 3003/1501/5 3004/1501/5 3002/1501/5
f 3007/1502/5 3008/3720/5 3006/1503/5
f 3011/1505/5 3012/1505/5 3010/1505/5
f 3015/1506/5 3016/3721/5 3014/1507/5
f 3017/1509/2 3019/1509/2 3020/1509/2
f 3021/1510/2 3023/3722/2 3024/1511/2
f 3027/1513/5 3028/1513/5 3026/1513/5
f 3031/1514/5 3032/3723/5 3030/1515/5
f 3033/1517/2 3035/1517/2 3036/1517/2
f 3037/1518/2 3039/3724/2 3040/1519/2
f 3043/1521/5 3044/1521/5 3042/1521/5
f 3047/1522/5 3048/3725/5 3046/1523/5
f 3051/1525/5 3052/1525/5 3050/1525/5
f 3055/1526/5 3056/3726/5 3054/1527/5
f 3059/1529/5 3060/1529/5 3058/1529/5
f 3063/1530/5 3064/3727/5 3062/1531/5
f 3065/1533/2 3067/1533/2 3068/1533/2
f 3069/1534/2 3071/3728/2 3072/1535/2
f 3075/1537/3 3076/1537/3 3074/1537/3
f 3079/1538/3 3080/3729/3 3078/1539/3
f 3083/1541/3 3084/1541/3 3082/1541/3
f 3087/1542/3 3088/3730/3 3086/1543/3
f 3091/1545/3 3092/1545/3 3090/1545/3
f 3095/1546/3 3096/3731/3 3094/1547/3
f 3099/1549/3 3100/1549/3 3098/1549/3
f 3103/1550/3 3104/3732/3 3102/1551/3
f 3107/1553/3 3108/1553/3 3106/1553/3
f 3111/1554/3 3112/3733/3 3110/1555/3
f 3115/1557/3 3116/1557/3 3114/1557/3
f 3119/1558/3 3120/3734/3 3118/1559/3
s 0
f 3121/1561/549 3123/1561/549 3124/1561/549
f 3125/1562/549 3127/1563/549 3128/1563/549
f 3129/1565/549 3131/1565/549 3132/1565/549
f 3133/1566/549 3135/1567/549 3136/1567/549
s 1
f 3139/1569/23 3140/1569/23 3138/1569/23
f 3143/1570/23 3144/3735/23 3142/1571/23
f 3147/1573/24 3148/1573/24 3146/1573/24
f 3151/1574/24 3152/3736/24 3150/1575/24
s 0
f 3153/1577/549 3155/1577/549 3156/1577/549
f 3157/1578/549 3159/1579/549 3160/1579/549
s 1
f 3161/1581/51 3163/1581/51 3164/1581/51
f 3165/1582/51 3167/3737/51 3168/1583/51
f 3169/1585/2 3171/1585/2 3172/1585/2
f 3173/1586/2 3175/3738/2 3176/1587/2
f 3177/1589/2 3179/1589/2 3180/1589/2
f 3181/1590/2 3183/3739/2 3184/1591/2
s 0
f 3185/1593/549 3187/1593/549 3188/1593/549
f 3189/1594/549 3191/1595/549 3192/1595/549
s 1
f 3193/1597/2 3195/1597/2 3196/1597/2
f 3197/1598/2 3199/3740/2 3200/1599/2
f 3201/1601/2 3203/1601/2 3204/1601/2
f 3205/1602/2 3207/3741/2 3208/1603/2
f 3211/1605/130 3212/3742/576 3210/1606/131
f 3215/1608/130 3216/1608/576 3214/1608/131
f 3217/1609/133 3219/3743/577 3220/1610/134
f 3221/1612/133 3223/1612/577 3224/1612/134
f 3225/1613/2 3227/1613/2 3228/1613/2
f 3229/1614/2 3231/3744/2 3232/1615/2
f 3233/1617/71 3235/1617/71 3236/1617/71
f 3237/1618/71 3239/3745/71 3240/1619/71
f 3241/1621/2 3243/1621/2 3244/1621/2
f 3245/1622/2 3247/3746/2 3248/1623/2
f 3249/1625/2 3251/1625/2 3252/1625/2
f 3253/1626/2 3255/3747/2 3256/1627/2
f 3257/1629/2 3259/1629/2 3260/1629/2
f 3261/1630/2 3263/3748/2 3264/1631/2
f 3265/1633/2 3267/1633/2 3268/1633/2
f 3269/1634/2 3271/3749/2 3272/1635/2
f 3273/1637/2 3275/1637/2 3276/1637/2
f 3277/1638/2 3279/3750/2 3280/1639/2
f 3281/1641/2 3283/1641/2 3284/1641/2
f 3285/1642/2 3287/3751/2 3288/1643/2
f 3289/1645/2 3291/1645/2 3292/1645/2
f 3293/1646/2 3295/3752/2 3296/1647/2
f 3299/1649/5 3300/1649/5 3298/1649/5
f 3303/1650/5 3304/3753/5 3302/1651/5
f 3307/1653/5 3308/1653/5 3306/1653/5
f 3311/1654/5 3312/3754/5 3310/1655/5
f 3315/1657/5 3316/1657/5 3314/1657/5
f 3319/1658/5 3320/3755/5 3318/1659/5
f 3323/1661/5 3324/1661/5 3322/1661/5
f 3327/1662/5 3328/3756/5 3326/1663/5
f 3331/1665/2 3332/1665/2 3330/1665/2
f 3335/1666/2 3336/3757/2 3334/1667/2
f 3337/1669/2 3339/1669/2 3340/1669/2
f 3341/1670/2 3343/3758/2 3344/1671/2
s 0
f 3345/1673/549 3347/1673/549 3348/1673/549
f 3349/1674/549 3351/1675/549 3352/1675/549
s 1
f 3355/1677/5 3356/1677/5 3354/1677/5
f 3359/1678/5 3360/3759/5 3358/1679/5
f 3361/1681/2 3363/1681/2 3364/1681/2
f 3365/1682/2 3367/3760/2 3368/1683/2
f 3371/1685/5 3372/1685/5 3370/1685/5
f 3375/1686/5 3376/3761/5 3374/1687/5
f 3379/1689/3 3380/1689/3 3378/1689/3
f 3383/1690/3 3384/3762/3 3382/1691/3
f 3385/1693/108 3387/1693/108 3388/1693/108
f 3389/1694/108 3391/3763/108 3392/1695/108
f 3393/1697/108 3395/1697/108 3396/1697/108
f 3397/1698/108 3399/3764/108 3400/1699/108
f 3401/1701/2 3403/1701/2 3404/1701/2
f 3405/1702/2 3407/3765/2 3408/1703/2
f 3411/1705/3 3412/1705/3 3410/1705/3
f 3415/1706/3 3416/3766/3 3414/1707/3
f 3417/1709/108 3419/1709/108 3420/1709/108
f 3421/1710/108 3423/3767/108 3424/1711/108
f 3427/1713/3 3428/1713/3 3426/1713/3
f 3431/1714/3 3432/3768/3 3430/1715/3
f 3433/1717/2 3435/1717/2 3436/1717/2
f 3437/1718/2 3439/3769/2 3440/1719/2
f 3443/1721/6 3444/1721/6 3442/1721/6
f 3447/1722/6 3448/1722/6 3446/1722/6
f 3451/1723/108 3452/1723/108 3450/1723/108
f 3455/1724/108 3456/3770/108 3454/1725/108
f 3457/1727/108 3459/1727/108 3460/1727/108
f 3461/1728/108 3463/3771/108 3464/1729/108
f 3465/1731/108 3467/1731/108 3468/1731/108
f 3469/1732/108 3471/3772/108 3472/1733/108
f 3473/1735/108 3475/1735/108 3476/1735/108
f 3477/1736/108 3479/3773/108 3480/1737/108
f 3481/1739/2 3483/1739/2 3484/1739/2
f 3485/1740/2 3487/3774/2 3488/1741/2
f 3489/1743/108 3491/1743/108 3492/1743/108
f 3493/1744/108 3495/3775/108 3496/1745/108
f 3497/1747/6 3499/1747/6 3500/1747/6
f 3501/1748/6 3503/3776/6 3504/1749/6
f 3505/1751/136 3507/1751/136 3508/1751/136
f 3509/1752/136 3511/3777/136 3512/1753/136
f 3513/1755/108 3515/1755/108 3516/1755/108
f 3517/1756/108 3519/3778/108 3520/1757/108
f 3521/1759/6 3523/1759/6 3524/1759/6
f 3525/1760/6 3527/3779/6 3528/1761/6
f 3531/1763/136 3532/1763/136 3530/1763/136
f 3535/1764/136 3536/3780/136 3534/1765/136
f 3539/1767/136 3540/1767/136 3538/1767/136
f 3543/1768/136 3544/3781/136 3542/1769/136
f 3545/1771/108 3547/1771/108 3548/1771/108
f 3549/1772/108 3551/3782/108 3552/1773/108
f 3553/1775/6 3555/1775/6 3556/1775/6
f 3557/1776/6 3559/3783/6 3560/1777/6
f 3561/1779/108 3563/1779/108 3564/1779/108
f 3565/1780/108 3567/3784/108 3568/1781/108
f 3569/1783/108 3571/1783/108 3572/1783/108
f 3573/1784/108 3575/3785/108 3576/1785/108
f 3577/1787/108 3579/1787/108 3580/1787/108
f 3581/1788/108 3583/3786/108 3584/1789/108
f 3587/1791/136 3588/1791/136 3586/1791/136
f 3591/1792/136 3592/3787/136 3590/1793/136
f 3593/1795/6 3595/1795/6 3596/1795/6
f 3597/1796/6 3599/3788/6 3600/1797/6
f 3601/1799/108 3603/1799/108 3604/1799/108
f 3605/1800/108 3607/3789/108 3608/1801/108
f 3609/1803/108 3611/1803/108 3612/1803/108
f 3613/1804/108 3615/3790/108 3616/1805/108
f 3617/1807/108 3619/1807/108 3620/1807/108
f 3621/1808/108 3623/3791/108 3624/1809/108
f 3625/1811/6 3627/1811/6 3628/1811/6
f 3629/1812/6 3631/3792/6 3632/1813/6
s 0
f 3633/1815/549 3635/1815/549 3636/1815/549
f 3637/1816/549 3639/1817/549 3640/1817/549
s 1
f 3641/1819/108 3643/1819/108 3644/1819/108
f 3645/1820/108 3647/3793/108 3648/1821/108
s 0
f 3649/1823/549 3651/1823/549 3652/1823/549
f 3653/1824/549 3655/1825/549 3656/1825/549
s 1
f 3657/1827/108 3659/1827/108 3660/1827/108
f 3661/1828/108 3663/3794/108 3664/1829/108
f 3667/1831/6 3668/1831/6 3666/1831/6
f 3671/1832/6 3672/3795/6 3670/1833/6
f 3673/1835/1 3675/1835/1 3676/1835/1
f 3677/1836/1 3679/3796/1 3680/1837/1
f 3681/1839/108 3683/1839/108 3684/1839/108
f 3685/1840/108 3687/3797/108 3688/1841/108
f 3689/1843/108 3691/1843/108 3692/1843/108
f 3693/1844/108 3695/3798/108 3696/1845/108
f 3697/1847/108 3699/1847/108 3700/1847/108
f 3701/1848/108 3703/3799/108 3704/1849/108
f 3705/1851/108 3707/1851/108 3708/1851/108
f 3709/1852/108 3711/3800/108 3712/1853/108
f 3713/1855/2 3715/1855/2 3716/1855/2
f 3717/1856/2 3719/3801/2 3720/1857/2
f 3721/1859/1 3723/1859/1 3724/1859/1
f 3725/1860/1 3727/3802/1 3728/1861/1
f 3729/1863/1 3731/1863/1 3732/1863/1
f 3733/1864/1 3735/3803/1 3736/1865/1
f 3737/1867/2 3739/1867/2 3740/1867/2
f 3741/1868/2 3743/3804/2 3744/1869/2
f 3745/1871/2 3747/1871/2 3748/1871/2
f 3749/1872/2 3751/3805/2 3752/1873/2
f 3753/1875/2 3755/1875/2 3756/1875/2
f 3757/1876/2 3759/3806/2 3760/1877/2
f 3761/1879/2 3763/1879/2 3764/1879/2
f 3765/1880/2 3767/3807/2 3768/1881/2
f 3769/1883/2 3771/1883/2 3772/1883/2
f 3773/1884/2 3775/3808/2 3776/1885/2
f 3777/1887/2 3779/1887/2 3780/1887/2
f 3781/1888/2 3783/3809/2 3784/1889/2
f 3787/1891/3 3788/1891/3 3786/1891/3
f 3791/1892/3 3792/3810/3 3790/1893/3
f 3795/1895/3 3796/1895/3 3794/1895/3
f 3799/1896/3 3800/3811/3 3798/1897/3
f 3801/1899/5 3803/1899/5 3804/1899/5
f 3805/1900/5 3807/3812/5 3808/1901/5
f 3809/1903/5 3811/1903/5 3812/1903/5
f 3813/1904/5 3815/3813/5 3816/1905/5
f 3817/1907/2 3819/1907/2 3820/1907/2
f 3821/1908/2 3823/3814/2 3824/1909/2
f 3825/1911/2 3827/1911/2 3828/1911/2
f 3829/1912/2 3831/3815/2 3832/1913/2
f 3835/1915/6 3836/1915/6 3834/1915/6
f 3839/1916/6 3840/3816/6 3838/1917/6
f 3843/1919/3 3844/1919/3 3842/1919/3
f 3847/1920/3 3848/3817/3 3846/1921/3
f 3851/1923/6 3852/1923/6 3850/1923/6
f 3855/1924/6 3856/3818/6 3854/1925/6
f 3857/1927/2 3859/1927/2 3860/1927/2
f 3861/1928/2 3863/3819/2 3864/1929/2
f 3865/1931/2 3867/1931/2 3868/1931/2
f 3869/1932/2 3871/3820/2 3872/1933/2
f 3873/1935/2 3875/1935/2 3876/1935/2
f 3877/1936/2 3879/3821/2 3880/1937/2
f 3881/1939/2 3883/1939/2 3884/1939/2
f 3885/1940/2 3887/3822/2 3888/1941/2
f 3889/1943/2 3891/1943/2 3892/1943/2
f 3893/1944/2 3895/3823/2 3896/1945/2
f 3897/1947/1 3899/1947/1 3900/1947/1
f 3901/1948/1 3903/3824/1 3904/1949/1
f 3905/1951/137 3907/1951/137 3908/1951/137
f 3909/1952/137 3911/3825/137 3912/1953/137
f 3913/1955/5 3915/1955/5 3916/1955/5
f 3917/1956/5 3919/3826/5 3920/1957/5
f 3921/1959/2 3923/1959/2 3924/1959/2
f 3925/1960/2 3927/3827/2 3928/1961/2
f 3929/1963/1 3931/1963/1 3932/1963/1
f 3933/1964/1 3935/3828/1 3936/1965/1
f 3939/1967/6 3940/1967/6 3938/1967/6
f 3943/1968/6 3944/3829/6 3942/1969/6
f 3947/1971/6 3948/1971/6 3946/1971/6
f 3951/1972/6 3952/3830/6 3950/1973/6
f 3953/1975/5 3955/1975/5 3956/1975/5
f 3957/1976/5 3959/3831/5 3960/1977/5
f 3961/1979/2 3963/1979/2 3964/1979/2
f 3965/1980/2 3967/3832/2 3968/1981/2
f 3969/1983/1 3971/1983/1 3972/1983/1
f 3973/1984/1 3975/3833/1 3976/1985/1
f 3977/1987/2 3979/1987/2 3980/1987/2
f 3981/1988/2 3983/3834/2 3984/1989/2
f 3985/1991/2 3987/1991/2 3988/1991/2
f 3989/1992/2 3991/3835/2 3992/1993/2
f 3993/1995/2 3995/1995/2 3996/1995/2
f 3997/1996/2 3999/3836/2 4000/1997/2
f 4001/1999/2 4003/1999/2 4004/1999/2
f 4005/2000/2 4007/3837/2 4008/2001/2
f 4009/2003/2 4011/2003/2 4012/2003/2
f 4013/2004/2 4015/3838/2 4016/2005/2
f 4017/2007/2 4019/2007/2 4020/2007/2
f 4021/2008/2 4023/3839/2 4024/2009/2
f 4027/2011/3 4028/2011/3 4026/2011/3
f 4031/2012/3 4032/3840/3 4030/2013/3
f 4035/2015/3 4036/2015/3 4034/2015/3
f 4039/2016/3 4040/3841/3 4038/2017/3
f 4043/2019/6 4044/2019/6 4042/2019/6
f 4047/2020/6 4048/3842/6 4046/2021/6
f 4051/2023/6 4052/2023/6 4050/2023/6
f 4055/2024/6 4056/3843/6 4054/2025/6
f 4057/2027/2 4059/2027/2 4060/2027/2
f 4061/2028/2 4063/3844/2 4064/2029/2
f 4065/2031/2 4067/2031/2 4068/2031/2
f 4069/2032/2 4071/3845/2 4072/2033/2
f 4075/2035/3 4076/2035/3 4074/2035/3
f 4079/2036/3 4080/3846/3 4078/2037/3
f 4081/2039/2 4083/2039/2 4084/2039/2
f 4085/2040/2 4087/3847/2 4088/2041/2
f 4089/2043/2 4091/2043/2 4092/2043/2
f 4093/2044/2 4095/3848/2 4096/2045/2
f 4097/2047/2 4099/2047/2 4100/2047/2
f 4101/2048/2 4103/3849/2 4104/2049/2
f 4105/2051/1 4107/2051/1 4108/2051/1
f 4109/2052/1 4111/3850/1 4112/2053/1
f 4113/2055/137 4115/2055/137 4116/2055/137
f 4117/2056/137 4119/3851/137 4120/2057/137
f 4121/2059/2 4123/2059/2 4124/2059/2
f 4125/2060/2 4127/3852/2 4128/2061/2
f 4129/2063/1 4131/2063/1 4132/2063/1
f 4133/2064/1 4135/3853/1 4136/2065/1
f 4139/2067/6 4140/2067/6 4138/2067/6
f 4143/2068/6 4144/3854/6 4142/2069/6
f 4147/2071/6 4148/2071/6 4146/2071/6
f 4151/2072/6 4152/3855/6 4150/2073/6
f 4153/2075/2 4155/2075/2 4156/2075/2
f 4157/2076/2 4159/3856/2 4160/2077/2
f 4161/2079/1 4163/2079/1 4164/2079/1
f 4165/2080/1 4167/3857/1 4168/2081/1
f 4169/2083/2 4171/2083/2 4172/2083/2
f 4173/2084/2 4175/3858/2 4176/2085/2
f 4177/2087/2 4179/2087/2 4180/2087/2
f 4181/2088/2 4183/3859/2 4184/2089/2
f 4185/2091/2 4187/2091/2 4188/2091/2
f 4189/2092/2 4191/3860/2 4192/2093/2
f 4193/2095/2 4195/2095/2 4196/2095/2
f 4197/2096/2 4199/3861/2 4200/2097/2
f 4201/2099/2 4203/2099/2 4204/2099/2
f 4205/2100/2 4207/3862/2 4208/2101/2
f 4211/2103/138 4212/3863/139 4210/2104/139
f 4215/2105/140 4216/2106/140 4214/2106/140
f 4219/2108/578 4220/3864/578 4218/2109/578
f 4223/2111/142 4224/3865/142 4222/2112/142
f 4227/2113/579 4228/3866/579 4226/2114/579
f 4231/2116/144 4232/2116/145 4230/2117/145
f 4235/2119/580 4236/3867/580 4234/2120/580
f 4239/2122/581 4240/3868/581 4238/2123/581
f 4241/2125/582 4243/3869/582 4244/2126/582
f 4245/2128/583 4247/3870/583 4248/2129/583
f 4249/2131/584 4251/3871/584 4252/2132/584
f 4261/2140/585 4262/3872/585 4260/2141/585
f 4265/2143/586 4266/3873/586 4264/2144/586
f 4269/2146/587 4270/3874/587 4268/2147/587
f 4273/2149/588 4274/3875/588 4272/2150/588
f 4275/2152/157 4277/3876/589 4278/2153/158
f 4279/2155/160 4281/3877/590 4282/2156/161
f 4283/2158/591 4285/3878/591 4286/2159/591
f 4290/2164/165 4292/3879/592 4293/2165/166
f 4294/2167/593 4296/3880/593 4297/2168/593
f 4303/2173/594 4304/3881/594 4302/2174/594
f 4307/2176/595 4308/3882/595 4306/2177/595
f 4311/2179/596 4312/3883/596 4310/2180/596
f 4313/2182/597 4315/3884/597 4316/2183/597
f 4317/2185/598 4319/3885/598 4320/2186/598
f 4323/2188/599 4324/3886/599 4322/2189/599
f 4325/2191/600 4327/3887/600 4328/2192/600
f 4338/2203/601 4340/3888/601 4341/2204/601
f 4342/2206/602 4344/3889/602 4345/2207/602
f 4348/2209/603 4349/3890/603 4347/2210/603
f 4350/2212/604 4352/3891/604 4353/2213/604
f 4354/2215/605 4356/3892/605 4357/2216/605
f 4366/2224/606 4367/3893/606 4365/2225/606
f 4368/2227/607 4370/3894/607 4371/2228/607
f 4374/2230/608 4375/3895/608 4373/2231/608
f 4381/2236/609 4382/3896/609 4380/2237/609
f 4385/2239/610 4386/3897/610 4384/2240/610
f 4389/2242/611 4390/3898/611 4388/2243/611
f 4391/2245/612 4393/3899/612 4394/2246/612
f 4418/2268/613 4419/3900/613 4417/2269/613
f 4422/2271/614 4423/3901/614 4421/2272/614
f 4424/2274/615 4426/3902/615 4427/2275/615
f 4428/2277/616 4430/3903/616 4431/2278/616
f 4434/2280/617 4435/3904/617 4433/2281/617
f 4438/2283/618 4439/3905/618 4437/2284/618
f 4442/2286/619 4443/3906/619 4441/2287/619
f 4444/2289/620 4446/3907/620 4447/2290/620
f 4450/2292/621 4451/3908/621 4449/2293/621
f 4460/2301/213 4461/3909/622 4459/2302/214
f 4464/2304/623 4465/3910/623 4463/2305/623
f 4468/2307/624 4469/3911/624 4467/2308/624
f 4478/2316/625 4479/3912/625 4477/2317/625
f 4482/2319/626 4483/3913/626 4481/2320/626
f 4484/2322/627 4486/3914/627 4487/2323/627
f 4490/2325/223 4491/3915/628 4489/2326/224
f 4494/2328/629 4495/3916/629 4493/2329/629
f 4508/2343/231 4510/3917/630 4511/2344/232
f 4514/2346/631 4515/3918/631 4513/2347/631
f 4516/2349/632 4518/3919/632 4519/2350/632
f 4520/2352/633 4522/3920/633 4523/2353/633
f 4526/2355/634 4527/3921/634 4525/2356/634
f 4528/2358/238 4530/3922/238 4531/2359/238
f 4532/2361/635 4534/3923/635 4535/2362/635
f 4536/2364/238 4538/3924/238 4539/2365/238
f 4540/2366/636 4542/3925/636 4543/2367/636
f 4546/2369/637 4547/3926/637 4545/2370/637
f 4548/2372/638 4550/3927/638 4551/2373/638
f 4554/2375/639 4555/3928/639 4553/2376/639
f 4558/2378/640 4559/3929/640 4557/2379/640
f 4560/2381/641 4562/3930/641 4563/2382/641
f 4566/2384/642 4567/3931/642 4565/2385/642
f 4570/2387/643 4571/3932/643 4569/2388/643
f 4574/2390/644 4575/3933/644 4573/2391/644
f 4576/2393/645 4578/3934/645 4579/2394/645
f 4580/2396/646 4582/3935/646 4583/2397/646
f 4584/2399/647 4586/3936/647 4587/2400/647
f 4602/2414/256 4603/3937/648 4601/2415/257
f 4604/2417/649 4606/3938/649 4607/2418/649
f 4608/2420/650 4610/3939/650 4611/2421/650
f 4612/2423/651 4614/3940/651 4615/2424/651
f 4624/2431/264 4625/3941/652 4623/2432/265
f 4626/2434/653 4628/3942/653 4629/2435/653
f 4630/2437/654 4632/3943/654 4633/2438/654
f 4634/2440/655 4636/3944/655 4637/2441/655
f 4638/2443/270 4640/3945/270 4641/2444/270
f 4644/2446/656 4645/3946/656 4643/2447/656
f 4646/2449/270 4648/2450/270 4649/2450/270
f 4650/2452/657 4652/3947/657 4653/2453/657
f 4656/2455/658 4657/3948/658 4655/2456/658
f 4658/2458/659 4660/3949/659 4661/2459/659
f 4662/2461/660 4664/3950/660 4665/2462/660
f 4666/2464/661 4668/3951/661 4669/2465/661
f 4672/2467/662 4673/3952/662 4671/2468/662
f 4674/2470/663 4676/3953/663 4677/2471/663
f 4680/2473/664 4681/3954/664 4679/2474/664
f 4717/2509/665 4718/3955/665 4716/2510/665
f 4721/2512/666 4722/3956/666 4720/2513/666
f 4725/2515/667 4726/3957/667 4724/2516/667
f 4727/2518/668 4729/3958/668 4730/2519/668
f 4733/2521/669 4734/3959/669 4732/2522/669
f 4737/2524/670 4738/3960/670 4736/2525/670
f 4741/2527/671 4742/3961/671 4740/2528/671
f 4743/2530/672 4745/3962/672 4746/2531/672
f 4747/2533/673 4749/3963/673 4750/2534/673
f 4753/2536/674 4754/3964/674 4752/2537/674
f 4755/2539/675 4757/3965/675 4758/2540/675
f 4761/2542/676 4762/3966/676 4760/2543/676
f 4763/2545/677 4765/3967/677 4766/2546/677
f 4767/2548/678 4769/3968/678 4770/2549/678
f 4773/2551/679 4774/3969/679 4772/2552/679
f 4777/2554/680 4778/3970/680 4776/2555/680
f 4781/2557/681 4782/3971/681 4780/2558/681
f 4789/2566/682 4791/3972/682 4792/2567/682
f 4798/2572/313 4799/3973/683 4797/2573/314
f 4802/2575/684 4803/3974/684 4801/2576/684
f 4809/2581/685 4810/3975/685 4808/2582/685
f 4811/2584/686 4813/3976/686 4814/2585/686
f 4817/2587/687 4818/3977/687 4816/2588/687
f 4822/2593/688 4824/3978/688 4825/2594/688
f 4828/2596/323 4829/3979/689 4827/2597/324
f 4838/2605/690 4839/3980/690 4837/2606/690
f 4842/2608/691 4843/3981/691 4841/2609/691
f 4849/2614/692 4850/3982/692 4848/2615/692
f 4851/2617/332 4853/3983/693 4854/2618/333
f 4857/2620/694 4858/3984/694 4856/2621/694
f 4868/2632/695 4870/3985/695 4871/2633/695
f 4872/2635/696 4874/3986/696 4875/2636/696
f 4878/2638/697 4879/3987/697 4877/2639/697
f 4882/2641/698 4883/3988/698 4881/2642/698
f 4884/2644/699 4886/3989/699 4887/2645/699
f 4888/2646/700 4890/3990/700 4891/2647/700
f 4892/2649/701 4894/3991/701 4895/2650/701
f 4923/2679/702 4925/3992/702 4926/2680/702
f 4927/2682/703 4929/3993/703 4930/2683/703
f 4934/2688/704 4936/3994/704 4937/2689/704
f 4938/2691/705 4940/3995/705 4941/2692/705
f 4944/2694/706 4945/3996/706 4943/2695/706
f 4948/2697/707 4949/3997/707 4947/2698/707
f 4950/2700/708 4952/3998/708 4953/2701/708
f 4954/2703/709 4956/3999/709 4957/2704/709
f 4960/2706/710 4961/4000/710 4959/2707/710
f 4964/2709/365 4965/4001/711 4963/2710/366
f 4968/2712/712 4969/4002/712 4967/2713/712
f 4972/2715/713 4973/4003/713 4971/2716/713
f 4980/2724/714 4982/4004/714 4983/2725/714
f 4986/2727/715 4987/4005/715 4985/2728/715
f 4990/2730/716 4991/4006/716 4989/2731/716
f 4994/2733/717 4995/4007/717 4993/2734/717
f 5005/2745/718 5007/4008/718 5008/2746/718
f 5011/2748/719 5012/4009/719 5010/2749/719
f 5024/2760/720 5025/4010/720 5023/2761/720
f 5026/2763/721 5028/4011/721 5029/2764/721
f 5030/2766/722 5032/4012/722 5033/2767/722
f 5037/2772/723 5039/4013/723 5040/2773/723
f 5041/2775/724 5043/4014/724 5044/2776/724
f 5047/2778/725 5048/4015/725 5046/2779/725
f 5049/2781/726 5051/4016/726 5052/2782/726
f 5053/2784/727 5055/4017/727 5056/2785/727
f 5059/2787/728 5060/4018/728 5058/2788/728
f 5063/2790/394 5064/4019/729 5062/2791/395
f 5070/2796/730 5071/4020/730 5069/2797/730
f 5074/2799/731 5075/4021/731 5073/2800/731
f 5078/2802/732 5079/4022/732 5077/2803/732
f 5082/2805/733 5083/4023/733 5081/2806/733
f 5086/2808/734 5087/4024/734 5085/2809/734
f 5088/2811/735 5090/4025/735 5091/2812/735
f 5092/2814/736 5094/4026/736 5095/2815/736
f 5098/2817/405 5099/4027/405 5097/2818/405
f 5102/2820/406 5103/4028/406 5101/2821/406
f 5104/2823/407 5106/4029/737 5107/2824/407
f 5108/2826/408 5110/4030/408 5111/2827/408
f 5112/2829/409 5114/4031/409 5115/2830/409
f 5116/2832/738 5118/4032/738 5119/2833/738
f 5120/2835/411 5122/4033/412 5123/2836/412
f 5126/2838/414 5127/4034/414 5125/2839/414
f 5128/2841/415 5130/4035/416 5131/2842/416
f 5149/2859/739 5150/4036/739 5148/2860/739
f 5151/2862/740 5153/4037/740 5154/2863/740
f 5157/2865/741 5158/4038/741 5156/2866/741
f 5161/2868/742 5162/4039/742 5160/2869/742
f 5163/2871/743 5165/4040/743 5166/2872/743
f 5167/2874/744 5169/4041/744 5170/2875/744
f 5171/2877/745 5173/4042/745 5174/2878/745
f 5177/2880/746 5178/4043/746 5176/2881/746
f 5179/2883/431 5181/4044/747 5182/2884/432
f 5185/2886/748 5186/4045/748 5184/2887/748
f 5189/2889/749 5190/4046/749 5188/2890/749
f 5194/2895/750 5196/4047/750 5197/2896/750
f 5203/2901/751 5204/4048/751 5202/2902/751
f 5207/2904/752 5208/4049/752 5206/2905/752
f 5215/2913/753 5217/4050/753 5218/2914/753
f 5224/2919/445 5225/4051/754 5223/2920/446
f 5228/2922/755 5229/4052/755 5227/2923/755
f 5236/2931/451 5238/4053/756 5239/2932/452
f 5245/2937/455 5246/4054/455 5244/2938/455
f 5249/2940/757 5250/4055/757 5248/2941/757
f 5253/2943/758 5254/4056/758 5252/2944/758
f 5257/2946/759 5258/4057/759 5256/2947/759
f 5259/2949/760 5261/4058/760 5262/2950/760
f 5265/2952/761 5266/4059/761 5264/2953/761
f 5269/2955/762 5270/4060/762 5268/2956/762
f 5298/2984/763 5300/4061/763 5301/2985/763
f 5304/2987/764 5305/4062/764 5303/2988/764
f 5308/2990/765 5309/4063/765 5307/2991/765
f 5310/2993/766 5312/4064/766 5313/2994/766
f 5316/2996/767 5317/4065/767 5315/2997/767
f 5318/2999/768 5320/4066/768 5321/3000/768
f 5324/3002/769 5325/4067/769 5323/3003/769
f 5332/3011/770 5334/4068/770 5335/3012/770
f 5338/3014/771 5339/4069/771 5337/3015/771
f 5340/3017/772 5342/4070/772 5343/3018/772
f 5346/3020/773 5347/4071/773 5345/3021/773
f 5359/3032/774 5360/4072/774 5358/3033/774
f 5361/3035/775 5363/4073/775 5364/3036/775
f 5365/3038/776 5367/4074/776 5368/3039/776
f 5369/3041/777 5371/4075/777 5372/3042/777
f 5373/3044/778 5375/4076/778 5376/3045/778
f 5379/3047/779 5380/4077/779 5378/3048/779
f 5383/3050/493 5384/4078/780 5382/3051/494
f 5387/3053/781 5388/4079/781 5386/3054/781
f 5389/3056/782 5391/4080/782 5392/3057/782
f 5407/3071/502 5408/4081/783 5406/3072/503
f 5411/3074/784 5412/4082/784 5410/3075/784
f 5413/3077/785 5415/4083/785 5416/3078/785
f 5417/3080/786 5419/4084/786 5420/3081/786
f 5423/3083/787 5424/4085/787 5422/3084/787
f 5427/3086/662 5428/4086/662 5426/3087/662
f 5429/3089/788 5431/4087/788 5432/3090/788
f 5435/3092/789 5436/4088/789 5434/3093/789
f 5437/3095/790 5439/4089/790 5440/3096/790
f 5443/3098/791 5444/4090/791 5442/3099/791
f 5469/3125/792 5471/4091/792 5472/3126/792
f 5473/3128/793 5475/4092/793 5476/3129/793
f 5477/3131/794 5479/4093/794 5480/3132/794
f 5487/3140/527 5489/4094/795 5490/3141/528
f 5493/3143/796 5494/4095/796 5492/3144/796
f 5497/3146/797 5498/4096/797 5496/3147/797
f 5505/3155/534 5507/4097/798 5508/3156/535
f 5509/3158/537 5511/4098/799 5512/3159/538
f 5515/3161/800 5516/4099/800 5514/3162/800
f 5519/3164/801 5520/4100/801 5518/3165/801
f 5526/3170/802 5527/4101/802 5525/3171/802
f 5530/3173/803 5531/4102/803 5529/3174/803
f 5534/3176/804 5535/4103/804 5533/3177/804
f 5545/3188/2 5547/3188/2 5548/3188/2
f 5549/3189/2 5551/4104/2 5552/3190/2
f 5553/3192/2 5555/3192/2 5556/3192/2
f 5557/3193/2 5559/4105/2 5560/3194/2
f 5561/3196/1 5563/3196/1 5564/3196/1
f 5565/3197/1 5567/4106/1 5568/3198/1
f 5571/3200/137 5572/3200/137 5570/3200/137
f 5575/3201/137 5576/4107/137 5574/3202/137
f 5577/3204/2 5579/3204/2 5580/3204/2
f 5581/3205/2 5583/4108/2 5584/3206/2
f 5585/3208/1 5587/3208/1 5588/3208/1
f 5589/3209/1 5591/4109/1 5592/3210/1
f 5595/3212/6 5596/3212/6 5594/3212/6
f 5599/3213/6 5600/4110/6 5598/3214/6
f 5603/3216/6 5604/3216/6 5602/3216/6
f 5607/3217/6 5608/4111/6 5606/3218/6
f 5609/3220/2 5611/3220/2 5612/3220/2
f 5613/3221/2 5615/4112/2 5616/3222/2
f 5617/3224/1 5619/3224/1 5620/3224/1
f 5621/3225/1 5623/4113/1 5624/3226/1
f 5625/3228/2 5627/3228/2 5628/3228/2
f 5629/3229/2 5631/4114/2 5632/3230/2
f 5633/3232/2 5635/3232/2 5636/3232/2
f 5637/3233/2 5639/4115/2 5640/3234/2
f 5641/3236/2 5643/3236/2 5644/3236/2
f 5645/3237/2 5647/4116/2 5648/3238/2
f 5649/3240/2 5651/3240/2 5652/3240/2
f 5653/3241/2 5655/4117/2 5656/3242/2
f 5657/3244/2 5659/3244/2 5660/3244/2
f 5661/3245/2 5663/4118/2 5664/3246/2
f 5665/3248/2 5667/3248/2 5668/3248/2
f 5669/3249/2 5671/4119/2 5672/3250/2
f 5673/3252/1 5675/3252/1 5676/3252/1
f 5677/3253/1 5679/4120/1 5680/3254/1
f 5681/3256/137 5683/3256/137 5684/3256/137
f 5685/3257/137 5687/4121/137 5688/3258/137
f 5689/3260/2 5691/3260/2 5692/3260/2
f 5693/3261/2 5695/4122/2 5696/3262/2
f 5697/3264/1 5699/3264/1 5700/3264/1
f 5701/3265/1 5703/4123/1 5704/3266/1
f 5707/3268/6 5708/3268/6 5706/3268/6
f 5711/3269/6 5712/4124/6 5710/3270/6
f 5715/3272/6 5716/3272/6 5714/3272/6
f 5719/3273/6 5720/4125/6 5718/3274/6
f 5723/3276/2 5725/3276/2 5726/3276/2
f 5727/3277/2 5729/4126/2 5730/3278/2
f 5731/3280/1 5733/3280/1 5734/3280/1
f 5735/3281/1 5737/4127/1 5738/3282/1
f 5739/3284/2 5741/3284/2 5742/3284/2
f 5743/3285/2 5745/4128/2 5746/3286/2
f 5747/3288/2 5749/3288/2 5750/3288/2
f 5751/3289/2 5753/4129/2 5754/3290/2
f 5755/3292/2 5757/3292/2 5758/3292/2
f 5759/3293/2 5761/4130/2 5762/3294/2
f 5763/3296/2 5765/3296/2 5766/3296/2
f 5767/3297/2 5769/4131/2 5770/3298/2
s 0
f 5771/3300/549 5773/3300/549 5774/3300/549
f 5775/3301/549 5777/3302/549 5778/3302/549
s 1
f 5781/3304/108 5782/3304/108 5780/3304/108
f 5785/3305/108 5786/4132/108 5784/3306/108
f 5787/3308/2 5789/3308/2 5790/3308/2
f 5791/3309/2 5793/4133/2 5794/3310/2
f 5795/3312/1 5797/3312/1 5798/3312/1
f 5799/3313/1 5801/4134/1 5802/3314/1
f 5803/3316/1 5805/3316/1 5806/3316/1
f 5807/3317/1 5809/4135/1 5810/3318/1
f 5811/3320/6 5813/3320/6 5814/3320/6
f 5815/3321/6 5817/4136/6 5818/3322/6
f 5821/3324/108 5822/3324/108 5820/3324/108
f 5825/3325/108 5826/4137/108 5824/3326/108
f 5827/3328/2 5829/3328/2 5830/3328/2
f 5831/3329/2 5833/4138/2 5834/3330/2
f 5837/3332/1 5838/3332/1 5836/3332/1
f 5841/3333/1 5842/4139/1 5840/3334/1
f 5843/3336/2 5845/3336/2 5846/3336/2
f 5847/3337/2 5849/4140/2 5850/3338/2
f 5851/3340/2 5853/3340/2 5854/3340/2
f 5855/3341/2 5857/4141/2 5858/3342/2
f 5859/3344/2 5861/3344/2 5862/3344/2
f 5863/3345/2 5865/4142/2 5866/3346/2
f 5867/3348/2 5869/3348/2 5870/3348/2
f 5871/3349/2 5873/4143/2 5874/3350/2
f 5875/3352/2 5877/3352/2 5878/3352/2
f 5879/3353/2 5881/4144/2 5882/3354/2
f 5883/3356/2 5885/3356/2 5886/3356/2
f 5887/3357/2 5889/4145/2 5890/3358/2
f 5891/3360/2 5893/3360/2 5894/3360/2
f 5895/3361/2 5897/4146/2 5898/3362/2
f 5899/3364/2 5901/3364/2 5902/3364/2
f 5903/3365/2 5905/4147/2 5906/3366/2
f 5907/3368/2 5909/3368/2 5910/3368/2
f 5911/3369/2 5913/4148/2 5914/3370/2
f 5915/3372/2 5917/3372/2 5918/3372/2
f 5919/3373/2 5921/4149/2 5922/3374/2
f 5923/3376/2 5925/3376/2 5926/3376/2
f 5927/3377/2 5929/4150/2 5930/3378/2
l 5721 5722
