# Blender 5.1.1
# www.blender.org
mtllib balloon.mtl
o shot_2026-05-01_00-23-13-580.001
v -233.916962 69.213257 -628.370850
v -180.107010 69.341606 -624.812378
v -237.486725 69.006172 -574.557983
v -183.676788 69.134552 -570.999390
v -233.916962 69.213257 -628.370850
v -180.107010 69.341606 -624.812378
v -237.486725 69.006172 -574.557983
v -183.676788 69.134552 -570.999390
v -218.356308 77.887421 -626.219971
v -221.372421 77.880249 -626.419312
v -218.334305 69.259476 -626.252258
v -221.350510 69.252304 -626.451660
v -218.356308 77.887421 -626.219971
v -221.372421 77.880249 -626.419312
v -218.334305 69.259476 -626.252258
v -221.350510 69.252304 -626.451660
v -216.203873 77.892563 -626.077637
v -218.356308 77.887421 -626.219971
v -216.181961 69.264595 -626.109985
v -218.334305 69.259476 -626.252258
v -216.203873 77.892563 -626.077637
v -218.356308 77.887421 -626.219971
v -216.181961 69.264595 -626.109985
v -218.334305 69.259476 -626.252258
v -208.967484 77.905090 -624.319031
v -216.203873 77.892563 -626.077637
v -208.436172 69.283089 -625.597656
v -216.181961 69.264595 -626.109985
v -208.967484 77.905090 -624.319031
v -216.203873 77.892563 -626.077637
v -208.436172 69.283089 -625.597656
v -216.181961 69.264595 -626.109985
v -180.107010 69.341606 -624.812378
v -126.297066 69.469971 -621.253784
v -183.676788 69.134552 -570.999390
v -129.866852 69.262886 -567.440918
v -180.107010 69.341606 -624.812378
v -126.297066 69.469971 -621.253784
v -183.676788 69.134552 -570.999390
v -129.866852 69.262886 -567.440918
v -198.715683 77.934258 -624.921082
v -201.731796 77.927086 -625.120483
v -198.693680 69.306313 -624.953491
v -201.709885 69.299088 -625.153015
v -196.563263 77.939407 -624.778809
v -198.715683 77.934258 -624.921082
v -196.541260 69.311455 -624.811157
v -198.693680 69.306313 -624.953491
v -198.715683 77.934258 -624.921082
v -201.731796 77.927086 -625.120483
v -198.693680 69.306313 -624.953491
v -201.709885 69.299088 -625.153015
v -196.563263 77.939407 -624.778809
v -198.715683 77.934258 -624.921082
v -196.541260 69.311455 -624.811157
v -198.693680 69.306313 -624.953491
v -189.326767 77.951973 -623.020020
v -196.563263 77.939407 -624.778809
v -188.795563 69.329918 -624.298889
v -196.541260 69.311455 -624.811157
v -189.326767 77.951973 -623.020020
v -196.563263 77.939407 -624.778809
v -188.795563 69.329918 -624.298889
v -196.541260 69.311455 -624.811157
v -221.828964 77.853745 -619.537109
v -221.807053 69.225777 -619.569458
v -221.372421 77.880249 -626.419312
v -221.350510 69.252304 -626.451660
v -221.828964 77.853745 -619.537109
v -221.807053 69.225777 -619.569458
v -221.372421 77.880249 -626.419312
v -221.350510 69.252304 -626.451660
v -218.812851 77.860947 -619.337524
v -221.828964 77.853745 -619.537109
v -218.356308 77.887421 -626.219971
v -221.372421 77.880249 -626.419312
v -216.660431 77.866081 -619.195190
v -218.812851 77.860947 -619.337524
v -216.203873 77.892563 -626.077637
v -218.356308 77.887421 -626.219971
v -218.812851 77.860947 -619.337524
v -221.828964 77.853745 -619.537109
v -218.356308 77.887421 -626.219971
v -221.372421 77.880249 -626.419312
v -216.660431 77.866081 -619.195190
v -218.812851 77.860947 -619.337524
v -216.203873 77.892563 -626.077637
v -218.356308 77.887421 -626.219971
v -202.188446 77.900604 -618.238098
v -202.166443 69.272636 -618.270447
v -201.731796 77.927086 -625.120483
v -201.709885 69.299088 -625.153015
v -208.892731 69.256607 -618.715271
v -209.401489 77.879936 -617.776489
v -208.436172 69.283089 -625.597656
v -208.967484 77.905090 -624.319031
v -202.188446 77.900604 -618.238098
v -202.166443 69.272636 -618.270447
v -201.731796 77.927086 -625.120483
v -201.709885 69.299088 -625.153015
v -208.892731 69.256607 -618.715271
v -209.401489 77.879936 -617.776489
v -208.436172 69.283089 -625.597656
v -208.967484 77.905090 -624.319031
v -209.401489 77.879936 -617.776489
v -216.660431 77.866081 -619.195190
v -208.967484 77.905090 -624.319031
v -216.203873 77.892563 -626.077637
v -209.401489 77.879936 -617.776489
v -216.660431 77.866081 -619.195190
v -208.967484 77.905090 -624.319031
v -216.203873 77.892563 -626.077637
v -199.172241 77.907776 -618.038696
v -202.188446 77.900604 -618.238098
v -198.715683 77.934258 -624.921082
v -201.731796 77.927086 -625.120483
v -199.172241 77.907776 -618.038696
v -202.188446 77.900604 -618.238098
v -198.715683 77.934258 -624.921082
v -201.731796 77.927086 -625.120483
v -197.019806 77.912918 -617.896362
v -199.172241 77.907776 -618.038696
v -196.563263 77.939407 -624.778809
v -198.715683 77.934258 -624.921082
v -197.019806 77.912918 -617.896362
v -199.172241 77.907776 -618.038696
v -196.563263 77.939407 -624.778809
v -198.715683 77.934258 -624.921082
v -189.252106 69.303436 -617.416443
v -189.760864 77.926765 -616.477661
v -188.795563 69.329918 -624.298889
v -189.326767 77.951973 -623.020020
v -189.252106 69.303436 -617.416443
v -189.760864 77.926765 -616.477661
v -188.795563 69.329918 -624.298889
v -189.326767 77.951973 -623.020020
v -189.760864 77.926765 -616.477661
v -197.019806 77.912918 -617.896362
v -189.326767 77.951973 -623.020020
v -196.563263 77.939407 -624.778809
v -189.760864 77.926765 -616.477661
v -197.019806 77.912918 -617.896362
v -189.326767 77.951973 -623.020020
v -196.563263 77.939407 -624.778809
v -153.579224 69.396889 -617.527588
v -153.592941 74.789391 -617.507202
v -175.103210 69.345543 -618.950989
v -175.116913 74.738037 -618.930725
v -153.579224 69.396889 -617.527588
v -153.592941 74.789391 -617.507202
v -175.103210 69.345543 -618.950989
v -175.116913 74.738037 -618.930725
v -123.434166 56.005066 -621.115356
v -99.361259 56.062462 -619.523560
v -112.282982 53.143845 -606.876953
v -123.434166 56.005066 -621.115356
v -99.361259 56.062462 -619.523560
v -112.282982 53.143845 -606.876953
v -218.503479 84.755318 -618.450989
v -218.812851 77.860947 -619.337524
v -217.299835 84.758179 -618.371460
v -216.660431 77.866081 -619.195190
v -218.503479 84.755318 -618.450989
v -218.812851 77.860947 -619.337524
v -217.299835 84.758179 -618.371460
v -216.660431 77.866081 -619.195190
v -222.100479 77.837997 -615.444336
v -222.078568 69.210022 -615.476868
v -221.828964 77.853745 -619.537109
v -221.807053 69.225777 -619.569458
v -222.100479 77.837997 -615.444336
v -222.078568 69.210022 -615.476868
v -221.828964 77.853745 -619.537109
v -221.807053 69.225777 -619.569458
v -132.068970 74.840683 -616.083984
v -153.592941 74.789391 -617.507202
v -132.055267 69.448235 -616.104065
v -153.579224 69.396889 -617.527588
v -132.068970 74.840683 -616.083984
v -153.592941 74.789391 -617.507202
v -132.055267 69.448235 -616.104065
v -153.579224 69.396889 -617.527588
v -219.084274 77.845192 -615.244995
v -222.100479 77.837997 -615.444336
v -218.812851 77.860947 -619.337524
v -221.828964 77.853745 -619.537109
v -219.084274 77.845192 -615.244995
v -222.100479 77.837997 -615.444336
v -218.812851 77.860947 -619.337524
v -221.828964 77.853745 -619.537109
v -198.862854 84.802170 -617.151978
v -199.172241 77.907776 -618.038696
v -197.659225 84.805069 -617.072388
v -197.019806 77.912918 -617.896362
v -198.862854 84.802170 -617.151978
v -199.172241 77.907776 -618.038696
v -197.659225 84.805069 -617.072388
v -197.019806 77.912918 -617.896362
v -218.665070 84.745995 -616.015015
v -219.084274 77.845192 -615.244995
v -218.503479 84.755318 -618.450989
v -218.812851 77.860947 -619.337524
v -202.459854 77.884850 -614.145508
v -202.437943 69.256882 -614.177856
v -202.188446 77.900604 -618.238098
v -202.166443 69.272636 -618.270447
v -209.164230 69.240829 -614.622681
v -209.656036 77.865166 -613.938782
v -208.892731 69.256607 -618.715271
v -209.401489 77.879936 -617.776489
v -218.665070 84.745995 -616.015015
v -219.084274 77.845192 -615.244995
v -218.503479 84.755318 -618.450989
v -218.812851 77.860947 -619.337524
v -202.459854 77.884850 -614.145508
v -202.437943 69.256882 -614.177856
v -202.188446 77.900604 -618.238098
v -202.166443 69.272636 -618.270447
v -209.164230 69.240829 -614.622681
v -209.656036 77.865166 -613.938782
v -208.892731 69.256607 -618.715271
v -209.401489 77.879936 -617.776489
v -72.456291 56.126667 -617.744141
v -86.804817 57.461845 -605.175354
v -99.361259 56.062462 -619.523560
v -72.456291 56.126667 -617.744141
v -86.804817 57.461845 -605.175354
v -99.361259 56.062462 -619.523560
v -217.299835 84.758179 -618.371460
v -216.660431 77.866081 -619.195190
v -217.461426 84.748810 -615.935608
v -216.931931 77.850311 -615.102661
v -209.656036 77.865166 -613.938782
v -216.931931 77.850311 -615.102661
v -209.401489 77.879936 -617.776489
v -216.660431 77.866081 -619.195190
v -217.299835 84.758179 -618.371460
v -216.660431 77.866081 -619.195190
v -217.461426 84.748810 -615.935608
v -216.931931 77.850311 -615.102661
v -209.656036 77.865166 -613.938782
v -216.931931 77.850311 -615.102661
v -209.401489 77.879936 -617.776489
v -216.660431 77.866081 -619.195190
v -217.461426 84.748810 -615.935608
v -218.665070 84.745995 -616.015015
v -217.299835 84.758179 -618.371460
v -218.503479 84.755318 -618.450989
v -199.443741 77.892052 -613.945923
v -202.459854 77.884850 -614.145508
v -199.172241 77.907776 -618.038696
v -202.188446 77.900604 -618.238098
v -217.461426 84.748810 -615.935608
v -218.665070 84.745995 -616.015015
v -217.299835 84.758179 -618.371460
v -218.503479 84.755318 -618.450989
v -199.443741 77.892052 -613.945923
v -202.459854 77.884850 -614.145508
v -199.172241 77.907776 -618.038696
v -202.188446 77.900604 -618.238098
v -175.103210 69.345543 -618.950989
v -175.116913 74.738037 -618.930725
v -175.577606 69.318031 -611.799438
v -175.605026 80.102997 -611.758972
v -175.103210 69.345543 -618.950989
v -175.116913 74.738037 -618.930725
v -175.577606 69.318031 -611.799438
v -175.605026 80.102997 -611.758972
v -189.523529 69.287682 -613.323914
v -190.015427 77.912025 -612.639771
v -189.252106 69.303436 -617.416443
v -189.760864 77.926765 -616.477661
v -189.523529 69.287682 -613.323914
v -190.015427 77.912025 -612.639771
v -189.252106 69.303436 -617.416443
v -189.760864 77.926765 -616.477661
v -199.024445 84.792793 -614.716370
v -199.443741 77.892052 -613.945923
v -198.862854 84.802170 -617.151978
v -199.172241 77.907776 -618.038696
v -197.659225 84.805069 -617.072388
v -197.019806 77.912918 -617.896362
v -197.820816 84.795685 -614.636597
v -197.291321 77.897148 -613.803833
v -199.024445 84.792793 -614.716370
v -199.443741 77.892052 -613.945923
v -198.862854 84.802170 -617.151978
v -199.172241 77.907776 -618.038696
v -197.659225 84.805069 -617.072388
v -197.019806 77.912918 -617.896362
v -197.820816 84.795685 -614.636597
v -197.291321 77.897148 -613.803833
v -190.015427 77.912025 -612.639771
v -197.291321 77.897148 -613.803833
v -189.760864 77.926765 -616.477661
v -197.019806 77.912918 -617.896362
v -190.015427 77.912025 -612.639771
v -197.291321 77.897148 -613.803833
v -189.760864 77.926765 -616.477661
v -197.019806 77.912918 -617.896362
v -197.820816 84.795685 -614.636597
v -199.024445 84.792793 -614.716370
v -197.659225 84.805069 -617.072388
v -198.862854 84.802170 -617.151978
v -217.461426 84.748810 -615.935608
v -216.931931 77.850311 -615.102661
v -218.665070 84.745995 -616.015015
v -219.084274 77.845192 -615.244995
v -197.820816 84.795685 -614.636597
v -199.024445 84.792793 -614.716370
v -197.659225 84.805069 -617.072388
v -198.862854 84.802170 -617.151978
v -217.461426 84.748810 -615.935608
v -216.931931 77.850311 -615.102661
v -218.665070 84.745995 -616.015015
v -219.084274 77.845192 -615.244995
v -72.461510 56.125923 -617.739685
v -45.556534 56.190102 -615.960449
v -59.908676 58.944389 -603.386230
v -72.461510 56.125923 -617.739685
v -45.556534 56.190102 -615.960449
v -59.908676 58.944389 -603.386230
v -154.081055 80.154320 -610.335632
v -175.605026 80.102997 -611.758972
v -153.592941 74.789391 -617.507202
v -175.116913 74.738037 -618.930725
v -154.081055 80.154320 -610.335632
v -175.605026 80.102997 -611.758972
v -153.592941 74.789391 -617.507202
v -175.116913 74.738037 -618.930725
v -197.820816 84.795685 -614.636597
v -197.291321 77.897148 -613.803833
v -199.024445 84.792793 -614.716370
v -199.443741 77.892052 -613.945923
v -197.820816 84.795685 -614.636597
v -197.291321 77.897148 -613.803833
v -199.024445 84.792793 -614.716370
v -199.443741 77.892052 -613.945923
v -18.651550 56.254257 -614.181274
v -32.989273 53.332249 -601.628357
v -45.556534 56.190102 -615.960449
v -18.651550 56.254257 -614.181274
v -32.989273 53.332249 -601.628357
v -45.556534 56.190102 -615.960449
v -132.068970 74.840683 -616.083984
v -132.557068 80.205666 -608.912231
v -153.592941 74.789391 -617.507202
v -154.081055 80.154320 -610.335632
v -132.068970 74.840683 -616.083984
v -132.557068 80.205666 -608.912231
v -153.592941 74.789391 -617.507202
v -154.081055 80.154320 -610.335632
v -132.557068 80.205666 -608.912231
v -132.068970 74.840683 -616.083984
v -132.529663 69.420738 -608.952515
v -132.055267 69.448235 -616.104065
v -132.557068 80.205666 -608.912231
v -132.068970 74.840683 -616.083984
v -132.529663 69.420738 -608.952515
v -132.055267 69.448235 -616.104065
v -123.434166 56.005066 -621.115356
v -112.282982 53.143845 -606.876953
v -125.219048 55.901482 -594.209167
v -123.434166 56.005066 -621.115356
v -112.282982 53.143845 -606.876953
v -125.219048 55.901482 -594.209167
v -126.300591 69.479485 -621.252258
v -123.434166 56.005066 -621.115356
v -128.085388 69.375946 -594.345764
v -125.219048 55.901482 -594.209167
v -126.300591 69.479485 -621.252258
v -123.434166 56.005066 -621.115356
v -128.085388 69.375946 -594.345764
v -125.219048 55.901482 -594.209167
v -222.964798 77.787849 -602.416138
v -222.942795 69.159874 -602.448608
v -222.100479 77.837997 -615.444336
v -222.078568 69.210022 -615.476868
v -222.964798 77.787849 -602.416138
v -222.942795 69.159874 -602.448608
v -222.100479 77.837997 -615.444336
v -222.078568 69.210022 -615.476868
v -101.146141 55.958893 -592.617188
v -112.282982 53.143845 -606.876953
v -99.361259 56.062462 -619.523560
v -101.146141 55.958893 -592.617188
v -112.282982 53.143845 -606.876953
v -99.361259 56.062462 -619.523560
v -175.577606 69.318031 -611.799438
v -175.605026 80.102997 -611.758972
v -176.052017 69.290527 -604.647949
v -176.065720 74.682976 -604.627869
v -175.577606 69.318031 -611.799438
v -175.605026 80.102997 -611.758972
v -176.052017 69.290527 -604.647949
v -176.065720 74.682976 -604.627869
v -219.948593 77.795036 -602.216675
v -222.964798 77.787849 -602.416138
v -219.084274 77.845192 -615.244995
v -222.100479 77.837997 -615.444336
v -219.948593 77.795036 -602.216675
v -222.964798 77.787849 -602.416138
v -219.084274 77.845192 -615.244995
v -222.100479 77.837997 -615.444336
v -217.796158 77.800186 -602.074219
v -219.948593 77.795036 -602.216675
v -216.931931 77.850311 -615.102661
v -219.084274 77.845192 -615.244995
v -210.028458 69.190674 -601.594482
v -210.486450 77.816978 -601.420105
v -209.164230 69.240829 -614.622681
v -209.656036 77.865166 -613.938782
v -217.796158 77.800186 -602.074219
v -219.948593 77.795036 -602.216675
v -216.931931 77.850311 -615.102661
v -219.084274 77.845192 -615.244995
v -210.028458 69.190674 -601.594482
v -210.486450 77.816978 -601.420105
v -209.164230 69.240829 -614.622681
v -209.656036 77.865166 -613.938782
v -101.146141 55.958893 -592.617188
v -99.361259 56.062462 -619.523560
v -86.804817 57.461845 -605.175354
v -101.146141 55.958893 -592.617188
v -99.361259 56.062462 -619.523560
v -86.804817 57.461845 -605.175354
v -203.324173 77.834702 -601.117249
v -203.302170 69.206734 -601.149597
v -202.459854 77.884850 -614.145508
v -202.437943 69.256882 -614.177856
v -203.324173 77.834702 -601.117249
v -203.302170 69.206734 -601.149597
v -202.459854 77.884850 -614.145508
v -202.437943 69.256882 -614.177856
v -210.486450 77.816978 -601.420105
v -217.796158 77.800186 -602.074219
v -209.656036 77.865166 -613.938782
v -216.931931 77.850311 -615.102661
v -210.486450 77.816978 -601.420105
v -217.796158 77.800186 -602.074219
v -209.656036 77.865166 -613.938782
v -216.931931 77.850311 -615.102661
v -176.065720 74.682976 -604.627869
v -175.605026 80.102997 -611.758972
v -154.541748 74.734322 -603.204529
v -154.081055 80.154320 -610.335632
v -176.065720 74.682976 -604.627869
v -175.605026 80.102997 -611.758972
v -154.541748 74.734322 -603.204529
v -154.081055 80.154320 -610.335632
v -200.307968 77.841904 -600.917664
v -203.324173 77.834702 -601.117249
v -199.443741 77.892052 -613.945923
v -202.459854 77.884850 -614.145508
v -200.307968 77.841904 -600.917664
v -203.324173 77.834702 -601.117249
v -199.443741 77.892052 -613.945923
v -202.459854 77.884850 -614.145508
v -198.155533 77.847046 -600.775391
v -200.307968 77.841904 -600.917664
v -197.291321 77.897148 -613.803833
v -199.443741 77.892052 -613.945923
v -198.155533 77.847046 -600.775391
v -200.307968 77.841904 -600.917664
v -197.291321 77.897148 -613.803833
v -199.443741 77.892052 -613.945923
v -74.241173 56.023106 -590.837830
v -86.804817 57.461845 -605.175354
v -72.456291 56.126667 -617.744141
v -74.241173 56.023106 -590.837830
v -86.804817 57.461845 -605.175354
v -72.456291 56.126667 -617.744141
v -190.387833 69.237564 -600.295410
v -190.845825 77.863815 -600.121460
v -189.523529 69.287682 -613.323914
v -190.015427 77.912025 -612.639771
v -190.387833 69.237564 -600.295410
v -190.845825 77.863815 -600.121460
v -189.523529 69.287682 -613.323914
v -190.015427 77.912025 -612.639771
v -190.845825 77.863815 -600.121460
v -198.155533 77.847046 -600.775391
v -190.015427 77.912025 -612.639771
v -197.291321 77.897148 -613.803833
v -190.845825 77.863815 -600.121460
v -198.155533 77.847046 -600.775391
v -190.015427 77.912025 -612.639771
v -197.291321 77.897148 -613.803833
v -72.461510 56.125923 -617.739685
v -59.908676 58.944389 -603.386230
v -74.246407 56.022362 -590.833313
v -72.461510 56.125923 -617.739685
v -59.908676 58.944389 -603.386230
v -74.246407 56.022362 -590.833313
v -133.017761 74.785675 -601.780945
v -132.557068 80.205666 -608.912231
v -133.004059 69.393204 -601.801208
v -132.529663 69.420738 -608.952515
v -154.081055 80.154320 -610.335632
v -132.557068 80.205666 -608.912231
v -154.541748 74.734322 -603.204529
v -133.017761 74.785675 -601.780945
v -133.017761 74.785675 -601.780945
v -132.557068 80.205666 -608.912231
v -133.004059 69.393204 -601.801208
v -132.529663 69.420738 -608.952515
v -154.081055 80.154320 -610.335632
v -132.557068 80.205666 -608.912231
v -154.541748 74.734322 -603.204529
v -133.017761 74.785675 -601.780945
v -47.341415 56.086536 -589.054138
v -59.908676 58.944389 -603.386230
v -45.556534 56.190102 -615.960449
v -47.341415 56.086536 -589.054138
v -59.908676 58.944389 -603.386230
v -45.556534 56.190102 -615.960449
v -47.341415 56.086536 -589.054138
v -45.556534 56.190102 -615.960449
v -32.989273 53.332249 -601.628357
v -47.341415 56.086536 -589.054138
v -45.556534 56.190102 -615.960449
v -32.989273 53.332249 -601.628357
v -18.651550 56.254257 -614.181274
v -20.436356 56.150719 -587.274902
v -32.989273 53.332249 -601.628357
v -18.651550 56.254257 -614.181274
v -20.436356 56.150719 -587.274902
v -32.989273 53.332249 -601.628357
v -176.052017 69.290527 -604.647949
v -176.065720 74.682976 -604.627869
v -176.527405 69.262962 -597.482361
v -176.554810 80.047874 -597.442078
v -176.052017 69.290527 -604.647949
v -176.065720 74.682976 -604.627869
v -176.527405 69.262962 -597.482361
v -176.554810 80.047874 -597.442078
v -223.207184 77.773804 -598.762390
v -223.185181 69.145805 -598.794922
v -222.964798 77.787849 -602.416138
v -222.942795 69.159874 -602.448608
v -223.207184 77.773804 -598.762390
v -223.185181 69.145805 -598.794922
v -222.964798 77.787849 -602.416138
v -222.942795 69.159874 -602.448608
v -101.146141 55.958893 -592.617188
v -125.219048 55.901482 -594.209167
v -112.282982 53.143845 -606.876953
v -101.146141 55.958893 -592.617188
v -125.219048 55.901482 -594.209167
v -112.282982 53.143845 -606.876953
v -219.653809 86.418541 -600.740906
v -219.948593 77.795036 -602.216675
v -218.535126 86.421211 -600.666931
v -217.796158 77.800186 -602.074219
v -219.653809 86.418541 -600.740906
v -219.948593 77.795036 -602.216675
v -218.535126 86.421211 -600.666931
v -217.796158 77.800186 -602.074219
v -220.190979 77.780975 -598.562988
v -223.207184 77.773804 -598.762390
v -219.948593 77.795036 -602.216675
v -222.964798 77.787849 -602.416138
v -220.190979 77.780975 -598.562988
v -223.207184 77.773804 -598.762390
v -219.948593 77.795036 -602.216675
v -222.964798 77.787849 -602.416138
v -155.030853 80.099220 -596.018677
v -176.554810 80.047874 -597.442078
v -154.541748 74.734322 -603.204529
v -176.065720 74.682976 -604.627869
v -155.030853 80.099220 -596.018677
v -176.554810 80.047874 -597.442078
v -154.541748 74.734322 -603.204529
v -176.065720 74.682976 -604.627869
v -210.270844 69.176636 -597.940735
v -210.706284 77.804214 -598.106628
v -210.028458 69.190674 -601.594482
v -210.486450 77.816978 -601.420105
v -210.270844 69.176636 -597.940735
v -210.706284 77.804214 -598.106628
v -210.028458 69.190674 -601.594482
v -210.486450 77.816978 -601.420105
v -210.706284 77.804214 -598.106628
v -218.038544 77.786095 -598.420898
v -210.486450 77.816978 -601.420105
v -217.796158 77.800186 -602.074219
v -210.706284 77.804214 -598.106628
v -218.038544 77.786095 -598.420898
v -210.486450 77.816978 -601.420105
v -217.796158 77.800186 -602.074219
v -219.708282 86.415375 -599.919556
v -220.190979 77.780975 -598.562988
v -219.653809 86.418541 -600.740906
v -219.948593 77.795036 -602.216675
v -203.566559 77.820618 -597.463745
v -203.544556 69.192680 -597.495850
v -203.324173 77.834702 -601.117249
v -203.302170 69.206734 -601.149597
v -219.708282 86.415375 -599.919556
v -220.190979 77.780975 -598.562988
v -219.653809 86.418541 -600.740906
v -219.948593 77.795036 -602.216675
v -203.566559 77.820618 -597.463745
v -203.544556 69.192680 -597.495850
v -203.324173 77.834702 -601.117249
v -203.302170 69.206734 -601.149597
v -200.013184 86.465393 -599.442078
v -200.307968 77.841904 -600.917664
v -198.894501 86.468018 -599.368286
v -198.155533 77.847046 -600.775391
v -218.535126 86.421211 -600.666931
v -217.796158 77.800186 -602.074219
v -218.589584 86.418045 -599.845581
v -218.038544 77.786095 -598.420898
v -200.013184 86.465393 -599.442078
v -200.307968 77.841904 -600.917664
v -198.894501 86.468018 -599.368286
v -198.155533 77.847046 -600.775391
v -218.535126 86.421211 -600.666931
v -217.796158 77.800186 -602.074219
v -218.589584 86.418045 -599.845581
v -218.038544 77.786095 -598.420898
v -218.589584 86.418045 -599.845581
v -219.708282 86.415375 -599.919556
v -218.535126 86.421211 -600.666931
v -219.653809 86.418541 -600.740906
v -200.550354 77.827812 -597.264343
v -203.566559 77.820618 -597.463745
v -200.307968 77.841904 -600.917664
v -203.324173 77.834702 -601.117249
v -190.630127 69.223473 -596.642090
v -191.065674 77.851074 -596.807617
v -190.387833 69.237564 -600.295410
v -190.845825 77.863815 -600.121460
v -218.589584 86.418045 -599.845581
v -219.708282 86.415375 -599.919556
v -218.535126 86.421211 -600.666931
v -219.653809 86.418541 -600.740906
v -200.550354 77.827812 -597.264343
v -203.566559 77.820618 -597.463745
v -200.307968 77.841904 -600.917664
v -203.324173 77.834702 -601.117249
v -190.630127 69.223473 -596.642090
v -191.065674 77.851074 -596.807617
v -190.387833 69.237564 -600.295410
v -190.845825 77.863815 -600.121460
v -133.506866 80.150566 -594.595154
v -133.017761 74.785675 -601.780945
v -133.479370 69.365608 -594.635620
v -133.004059 69.393204 -601.801208
v -133.017761 74.785675 -601.780945
v -133.506866 80.150566 -594.595154
v -154.541748 74.734322 -603.204529
v -155.030853 80.099220 -596.018677
v -133.506866 80.150566 -594.595154
v -133.017761 74.785675 -601.780945
v -133.479370 69.365608 -594.635620
v -133.004059 69.393204 -601.801208
v -133.017761 74.785675 -601.780945
v -133.506866 80.150566 -594.595154
v -154.541748 74.734322 -603.204529
v -155.030853 80.099220 -596.018677
v -101.146141 55.958893 -592.617188
v -86.804817 57.461845 -605.175354
v -74.241173 56.023106 -590.837830
v -101.146141 55.958893 -592.617188
v -86.804817 57.461845 -605.175354
v -74.241173 56.023106 -590.837830
v -191.065674 77.851074 -596.807617
v -198.397919 77.832954 -597.121887
v -190.845825 77.863815 -600.121460
v -198.155533 77.847046 -600.775391
v -191.065674 77.851074 -596.807617
v -198.397919 77.832954 -597.121887
v -190.845825 77.863815 -600.121460
v -198.155533 77.847046 -600.775391
v -200.067657 86.462196 -598.620911
v -200.550354 77.827812 -597.264343
v -200.013184 86.465393 -599.442078
v -200.307968 77.841904 -600.917664
v -218.589584 86.418045 -599.845581
v -218.038544 77.786095 -598.420898
v -219.708282 86.415375 -599.919556
v -220.190979 77.780975 -598.562988
v -200.067657 86.462196 -598.620911
v -200.550354 77.827812 -597.264343
v -200.013184 86.465393 -599.442078
v -200.307968 77.841904 -600.917664
v -218.589584 86.418045 -599.845581
v -218.038544 77.786095 -598.420898
v -219.708282 86.415375 -599.919556
v -220.190979 77.780975 -598.562988
v -198.894501 86.468018 -599.368286
v -198.155533 77.847046 -600.775391
v -198.948975 86.464912 -598.546753
v -198.397919 77.832954 -597.121887
v -198.894501 86.468018 -599.368286
v -198.155533 77.847046 -600.775391
v -198.948975 86.464912 -598.546753
v -198.397919 77.832954 -597.121887
v -198.948975 86.464912 -598.546753
v -200.067657 86.462196 -598.620911
v -198.894501 86.468018 -599.368286
v -200.013184 86.465393 -599.442078
v -198.948975 86.464912 -598.546753
v -200.067657 86.462196 -598.620911
v -198.894501 86.468018 -599.368286
v -200.013184 86.465393 -599.442078
v -198.948975 86.464912 -598.546753
v -198.397919 77.832954 -597.121887
v -200.067657 86.462196 -598.620911
v -200.550354 77.827812 -597.264343
v -198.948975 86.464912 -598.546753
v -198.397919 77.832954 -597.121887
v -200.067657 86.462196 -598.620911
v -200.550354 77.827812 -597.264343
v -47.341415 56.086536 -589.054138
v -74.246407 56.022362 -590.833313
v -59.908676 58.944389 -603.386230
v -47.341415 56.086536 -589.054138
v -74.246407 56.022362 -590.833313
v -59.908676 58.944389 -603.386230
v -47.341415 56.086536 -589.054138
v -32.989273 53.332249 -601.628357
v -20.436356 56.150719 -587.274902
v -47.341415 56.086536 -589.054138
v -32.989273 53.332249 -601.628357
v -20.436356 56.150719 -587.274902
v -176.527405 69.262962 -597.482361
v -176.554810 80.047874 -597.442078
v -177.001801 69.235405 -590.331055
v -177.015518 74.627899 -590.310791
v -176.527405 69.262962 -597.482361
v -176.554810 80.047874 -597.442078
v -177.001801 69.235405 -590.331055
v -177.015518 74.627899 -590.310791
v -223.991501 77.728287 -586.937805
v -223.969589 69.100319 -586.970093
v -223.207184 77.773804 -598.762390
v -223.185181 69.145805 -598.794922
v -223.991501 77.728287 -586.937805
v -223.969589 69.100319 -586.970093
v -223.207184 77.773804 -598.762390
v -223.185181 69.145805 -598.794922
v -177.015518 74.627899 -590.310791
v -176.554810 80.047874 -597.442078
v -155.491547 74.679222 -588.887451
v -155.030853 80.099220 -596.018677
v -177.015518 74.627899 -590.310791
v -176.554810 80.047874 -597.442078
v -155.491547 74.679222 -588.887451
v -155.030853 80.099220 -596.018677
v -211.055252 69.131119 -586.116150
v -211.456894 77.760689 -586.791626
v -210.270844 69.176636 -597.940735
v -210.706284 77.804214 -598.106628
v -211.055252 69.131119 -586.116150
v -211.456894 77.760689 -586.791626
v -210.270844 69.176636 -597.940735
v -210.706284 77.804214 -598.106628
v -220.975296 77.735504 -586.738220
v -223.991501 77.728287 -586.937805
v -220.190979 77.780975 -598.562988
v -223.207184 77.773804 -598.762390
v -220.975296 77.735504 -586.738220
v -223.991501 77.728287 -586.937805
v -220.190979 77.780975 -598.562988
v -223.207184 77.773804 -598.762390
v -218.822952 77.740631 -586.595947
v -220.975296 77.735504 -586.738220
v -218.038544 77.786095 -598.420898
v -220.190979 77.780975 -598.562988
v -211.456894 77.760689 -586.791626
v -218.822952 77.740631 -586.595947
v -210.706284 77.804214 -598.106628
v -218.038544 77.786095 -598.420898
v -218.822952 77.740631 -586.595947
v -220.975296 77.735504 -586.738220
v -218.038544 77.786095 -598.420898
v -220.190979 77.780975 -598.562988
v -211.456894 77.760689 -586.791626
v -218.822952 77.740631 -586.595947
v -210.706284 77.804214 -598.106628
v -218.038544 77.786095 -598.420898
v -204.350876 77.775124 -585.638977
v -204.328964 69.147179 -585.671265
v -203.566559 77.820618 -597.463745
v -203.544556 69.192680 -597.495850
v -204.350876 77.775124 -585.638977
v -204.328964 69.147179 -585.671265
v -203.566559 77.820618 -597.463745
v -203.544556 69.192680 -597.495850
v -155.030853 80.099220 -596.018677
v -133.506866 80.150566 -594.595154
v -155.491547 74.679222 -588.887451
v -133.967468 74.730576 -587.463867
v -155.030853 80.099220 -596.018677
v -133.506866 80.150566 -594.595154
v -155.491547 74.679222 -588.887451
v -133.967468 74.730576 -587.463867
v -133.967468 74.730576 -587.463867
v -133.506866 80.150566 -594.595154
v -133.953857 69.338081 -587.484253
v -133.479370 69.365608 -594.635620
v -133.967468 74.730576 -587.463867
v -133.506866 80.150566 -594.595154
v -133.953857 69.338081 -587.484253
v -133.479370 69.365608 -594.635620
v -201.334763 77.782318 -585.439575
v -204.350876 77.775124 -585.638977
v -200.550354 77.827812 -597.264343
v -203.566559 77.820618 -597.463745
v -191.414551 69.178001 -584.817139
v -191.816269 77.807541 -585.492798
v -190.630127 69.223473 -596.642090
v -191.065674 77.851074 -596.807617
v -201.334763 77.782318 -585.439575
v -204.350876 77.775124 -585.638977
v -200.550354 77.827812 -597.264343
v -203.566559 77.820618 -597.463745
v -191.414551 69.178001 -584.817139
v -191.816269 77.807541 -585.492798
v -190.630127 69.223473 -596.642090
v -191.065674 77.851074 -596.807617
v -101.146141 55.958893 -592.617188
v -114.082207 58.716591 -579.949280
v -125.219048 55.901482 -594.209167
v -101.146141 55.958893 -592.617188
v -114.082207 58.716591 -579.949280
v -125.219048 55.901482 -594.209167
v -199.182343 77.787437 -585.297241
v -201.334763 77.782318 -585.439575
v -198.397919 77.832954 -597.121887
v -200.550354 77.827812 -597.264343
v -199.182343 77.787437 -585.297241
v -201.334763 77.782318 -585.439575
v -198.397919 77.832954 -597.121887
v -200.550354 77.827812 -597.264343
v -191.816269 77.807541 -585.492798
v -199.182343 77.787437 -585.297241
v -191.065674 77.851074 -596.807617
v -198.397919 77.832954 -597.121887
v -191.816269 77.807541 -585.492798
v -199.182343 77.787437 -585.297241
v -191.065674 77.851074 -596.807617
v -198.397919 77.832954 -597.121887
v -101.146141 55.958893 -592.617188
v -74.241173 56.023106 -590.837830
v -88.582497 54.520134 -578.279663
v -101.146141 55.958893 -592.617188
v -74.241173 56.023106 -590.837830
v -88.582497 54.520134 -578.279663
v -47.341415 56.086536 -589.054138
v -61.682739 54.583588 -576.495972
v -74.246407 56.022362 -590.833313
v -47.341415 56.086536 -589.054138
v -61.682739 54.583588 -576.495972
v -74.246407 56.022362 -590.833313
v -177.001801 69.235405 -590.331055
v -177.015518 74.627899 -590.310791
v -177.477112 69.207817 -583.165405
v -177.504517 79.992790 -583.125000
v -177.001801 69.235405 -590.331055
v -177.015518 74.627899 -590.310791
v -177.477112 69.207817 -583.165405
v -177.504517 79.992790 -583.125000
v -47.341415 56.086536 -589.054138
v -20.436356 56.150719 -587.274902
v -34.784897 57.485916 -574.706116
v -47.341415 56.086536 -589.054138
v -20.436356 56.150719 -587.274902
v -34.784897 57.485916 -574.706116
v -155.980545 80.044144 -581.701416
v -177.504517 79.992790 -583.125000
v -155.491547 74.679222 -588.887451
v -177.015518 74.627899 -590.310791
v -155.980545 80.044144 -581.701416
v -177.504517 79.992790 -583.125000
v -155.491547 74.679222 -588.887451
v -177.015518 74.627899 -590.310791
v -220.696121 84.629700 -585.825256
v -220.975296 77.735504 -586.738220
v -219.336761 84.632935 -585.735352
v -218.822952 77.740631 -586.595947
v -224.238571 77.713928 -583.213501
v -224.216660 69.085999 -583.245667
v -223.991501 77.728287 -586.937805
v -223.969589 69.100319 -586.970093
v -220.696121 84.629700 -585.825256
v -220.975296 77.735504 -586.738220
v -219.336761 84.632935 -585.735352
v -218.822952 77.740631 -586.595947
v -224.238571 77.713928 -583.213501
v -224.216660 69.085999 -583.245667
v -223.991501 77.728287 -586.937805
v -223.969589 69.100319 -586.970093
v -211.302246 69.116806 -582.391724
v -211.688004 77.747284 -583.307983
v -211.055252 69.131119 -586.116150
v -211.456894 77.760689 -586.791626
v -211.302246 69.116806 -582.391724
v -211.688004 77.747284 -583.307983
v -211.055252 69.131119 -586.116150
v -211.456894 77.760689 -586.791626
v -221.222382 77.721138 -583.013916
v -224.238571 77.713928 -583.213501
v -220.975296 77.735504 -586.738220
v -223.991501 77.728287 -586.937805
v -211.688004 77.747284 -583.307983
v -219.070038 77.726280 -582.871643
v -211.456894 77.760689 -586.791626
v -218.822952 77.740631 -586.595947
v -221.222382 77.721138 -583.013916
v -224.238571 77.713928 -583.213501
v -220.975296 77.735504 -586.738220
v -223.991501 77.728287 -586.937805
v -211.688004 77.747284 -583.307983
v -219.070038 77.726280 -582.871643
v -211.456894 77.760689 -586.791626
v -218.822952 77.740631 -586.595947
v -133.967468 74.730576 -587.463867
v -134.456573 80.095467 -580.278076
v -155.491547 74.679222 -588.887451
v -155.980545 80.044144 -581.701416
v -133.967468 74.730576 -587.463867
v -134.456573 80.095467 -580.278076
v -155.491547 74.679222 -588.887451
v -155.980545 80.044144 -581.701416
v -134.456573 80.095467 -580.278076
v -133.967468 74.730576 -587.463867
v -134.429169 69.310509 -580.318726
v -133.953857 69.338081 -587.484253
v -134.456573 80.095467 -580.278076
v -133.967468 74.730576 -587.463867
v -134.429169 69.310509 -580.318726
v -133.953857 69.338081 -587.484253
v -201.055588 84.676529 -584.526428
v -201.334763 77.782318 -585.439575
v -199.696136 84.679771 -584.436523
v -199.182343 77.787437 -585.297241
v -220.820206 84.622505 -583.955933
v -221.222382 77.721138 -583.013916
v -220.696121 84.629700 -585.825256
v -220.975296 77.735504 -586.738220
v -201.055588 84.676529 -584.526428
v -201.334763 77.782318 -585.439575
v -199.696136 84.679771 -584.436523
v -199.182343 77.787437 -585.297241
v -220.820206 84.622505 -583.955933
v -221.222382 77.721138 -583.013916
v -220.696121 84.629700 -585.825256
v -220.975296 77.735504 -586.738220
v -219.336761 84.632935 -585.735352
v -218.822952 77.740631 -586.595947
v -219.460754 84.625748 -583.866028
v -219.070038 77.726280 -582.871643
v -219.336761 84.632935 -585.735352
v -218.822952 77.740631 -586.595947
v -219.460754 84.625748 -583.866028
v -219.070038 77.726280 -582.871643
v -204.669373 77.756645 -580.838257
v -204.647461 69.128670 -580.870789
v -204.350876 77.775124 -585.638977
v -204.328964 69.147179 -585.671265
v -191.661621 69.163635 -581.092896
v -192.047287 77.794144 -582.008972
v -191.414551 69.178001 -584.817139
v -191.816269 77.807541 -585.492798
v -204.669373 77.756645 -580.838257
v -204.647461 69.128670 -580.870789
v -204.350876 77.775124 -585.638977
v -204.328964 69.147179 -585.671265
v -191.661621 69.163635 -581.092896
v -192.047287 77.794144 -582.008972
v -191.414551 69.178001 -584.817139
v -191.816269 77.807541 -585.492798
v -219.460754 84.625748 -583.866028
v -220.820206 84.622505 -583.955933
v -219.336761 84.632935 -585.735352
v -220.696121 84.629700 -585.825256
v -219.460754 84.625748 -583.866028
v -220.820206 84.622505 -583.955933
v -219.336761 84.632935 -585.735352
v -220.696121 84.629700 -585.825256
v -192.047287 77.794144 -582.008972
v -199.429413 77.773148 -581.572632
v -191.816269 77.807541 -585.492798
v -199.182343 77.787437 -585.297241
v -192.047287 77.794144 -582.008972
v -199.429413 77.773148 -581.572632
v -191.816269 77.807541 -585.492798
v -199.182343 77.787437 -585.297241
v -201.581757 77.767998 -581.715149
v -204.669373 77.756645 -580.838257
v -201.334763 77.782318 -585.439575
v -204.350876 77.775124 -585.638977
v -201.581757 77.767998 -581.715149
v -204.669373 77.756645 -580.838257
v -201.334763 77.782318 -585.439575
v -204.350876 77.775124 -585.638977
v -345.106628 68.749481 -581.674988
v -291.296692 68.877823 -578.116577
v -348.676300 68.542389 -527.862244
v -294.866455 68.670715 -524.303711
v -345.106628 68.749481 -581.674988
v -291.296692 68.877823 -578.116577
v -348.676300 68.542389 -527.862244
v -294.866455 68.670715 -524.303711
v -127.003845 55.797947 -567.302612
v -125.219048 55.901482 -594.209167
v -114.082207 58.716591 -579.949280
v -127.003845 55.797947 -567.302612
v -129.870270 69.272385 -567.439392
v -125.219048 55.901482 -594.209167
v -128.085388 69.375946 -594.345764
v -127.003845 55.797947 -567.302612
v -125.219048 55.901482 -594.209167
v -114.082207 58.716591 -579.949280
v -127.003845 55.797947 -567.302612
v -129.870270 69.272385 -567.439392
v -125.219048 55.901482 -594.209167
v -128.085388 69.375946 -594.345764
v -201.179581 84.669342 -582.657104
v -201.581757 77.767998 -581.715149
v -201.055588 84.676529 -584.526428
v -201.334763 77.782318 -585.439575
v -199.696136 84.679771 -584.436523
v -199.182343 77.787437 -585.297241
v -199.820129 84.672585 -582.567139
v -199.429413 77.773148 -581.572632
v -201.179581 84.669342 -582.657104
v -201.581757 77.767998 -581.715149
v -201.055588 84.676529 -584.526428
v -201.334763 77.782318 -585.439575
v -199.696136 84.679771 -584.436523
v -199.182343 77.787437 -585.297241
v -199.820129 84.672585 -582.567139
v -199.429413 77.773148 -581.572632
v -219.460754 84.625748 -583.866028
v -219.070038 77.726280 -582.871643
v -220.820206 84.622505 -583.955933
v -221.222382 77.721138 -583.013916
v -219.460754 84.625748 -583.866028
v -219.070038 77.726280 -582.871643
v -220.820206 84.622505 -583.955933
v -221.222382 77.721138 -583.013916
v -199.820129 84.672585 -582.567139
v -201.179581 84.669342 -582.657104
v -199.696136 84.679771 -584.436523
v -201.055588 84.676529 -584.526428
v -199.820129 84.672585 -582.567139
v -201.179581 84.669342 -582.657104
v -199.696136 84.679771 -584.436523
v -201.055588 84.676529 -584.526428
v -101.146141 55.958893 -592.617188
v -102.931038 55.855358 -565.710876
v -114.082207 58.716591 -579.949280
v -101.146141 55.958893 -592.617188
v -102.931038 55.855358 -565.710876
v -114.082207 58.716591 -579.949280
v -101.146141 55.958893 -592.617188
v -88.582497 54.520134 -578.279663
v -102.931038 55.855358 -565.710876
v -101.146141 55.958893 -592.617188
v -88.582497 54.520134 -578.279663
v -102.931038 55.855358 -565.710876
v -199.820129 84.672585 -582.567139
v -199.429413 77.773148 -581.572632
v -201.179581 84.669342 -582.657104
v -201.581757 77.767998 -581.715149
v -199.820129 84.672585 -582.567139
v -199.429413 77.773148 -581.572632
v -201.179581 84.669342 -582.657104
v -201.581757 77.767998 -581.715149
v -76.026054 55.919537 -563.931458
v -88.582497 54.520134 -578.279663
v -74.241173 56.023106 -590.837830
v -76.026054 55.919537 -563.931458
v -88.582497 54.520134 -578.279663
v -74.241173 56.023106 -590.837830
v -177.477112 69.207817 -583.165405
v -177.504517 79.992790 -583.125000
v -177.951508 69.180283 -576.014099
v -177.965210 74.572777 -575.993835
v -177.477112 69.207817 -583.165405
v -177.504517 79.992790 -583.125000
v -177.951508 69.180283 -576.014099
v -177.965210 74.572777 -575.993835
v -76.031288 55.918789 -563.927185
v -74.246407 56.022362 -590.833313
v -61.682739 54.583588 -576.495972
v -76.031288 55.918789 -563.927185
v -74.246407 56.022362 -590.833313
v -61.682739 54.583588 -576.495972
v -224.799454 77.681427 -574.759155
v -224.777451 69.053459 -574.791504
v -224.238571 77.713928 -583.213501
v -224.216660 69.085999 -583.245667
v -224.799454 77.681427 -574.759155
v -224.777451 69.053459 -574.791504
v -224.238571 77.713928 -583.213501
v -224.216660 69.085999 -583.245667
v -291.296692 68.877823 -578.116577
v -237.486725 69.006172 -574.557983
v -294.866455 68.670715 -524.303711
v -241.056427 68.799072 -520.745300
v -291.296692 68.877823 -578.116577
v -237.486725 69.006172 -574.557983
v -294.866455 68.670715 -524.303711
v -241.056427 68.799072 -520.745300
v -211.863113 69.084259 -573.937317
v -212.225250 77.716125 -575.207703
v -211.302246 69.116806 -582.391724
v -211.688004 77.747284 -583.307983
v -211.863113 69.084259 -573.937317
v -212.225250 77.716125 -575.207703
v -211.302246 69.116806 -582.391724
v -211.688004 77.747284 -583.307983
v -177.965210 74.572777 -575.993835
v -177.504517 79.992790 -583.125000
v -156.441238 74.624146 -574.570312
v -155.980545 80.044144 -581.701416
v -177.965210 74.572777 -575.993835
v -177.504517 79.992790 -583.125000
v -156.441238 74.624146 -574.570312
v -155.980545 80.044144 -581.701416
v -221.783249 77.688599 -574.559753
v -224.799454 77.681427 -574.759155
v -221.222382 77.721138 -583.013916
v -224.238571 77.713928 -583.213501
v -212.225250 77.716125 -575.207703
v -219.630814 77.693741 -574.417480
v -211.688004 77.747284 -583.307983
v -219.070038 77.726280 -582.871643
v -221.783249 77.688599 -574.559753
v -224.799454 77.681427 -574.759155
v -221.222382 77.721138 -583.013916
v -224.238571 77.713928 -583.213501
v -212.225250 77.716125 -575.207703
v -219.630814 77.693741 -574.417480
v -211.688004 77.747284 -583.307983
v -219.070038 77.726280 -582.871643
v -47.341415 56.086536 -589.054138
v -49.126221 55.982975 -562.147766
v -61.682739 54.583588 -576.495972
v -47.341415 56.086536 -589.054138
v -49.126221 55.982975 -562.147766
v -61.682739 54.583588 -576.495972
v -219.630814 77.693741 -574.417480
v -221.783249 77.688599 -574.559753
v -219.070038 77.726280 -582.871643
v -221.222382 77.721138 -583.013916
v -219.630814 77.693741 -574.417480
v -221.783249 77.688599 -574.559753
v -219.070038 77.726280 -582.871643
v -221.222382 77.721138 -583.013916
v -192.222504 69.131096 -572.638672
v -192.584717 77.762962 -573.908875
v -191.661621 69.163635 -581.092896
v -192.047287 77.794144 -582.008972
v -192.222504 69.131096 -572.638672
v -192.584717 77.762962 -573.908875
v -191.661621 69.163635 -581.092896
v -192.047287 77.794144 -582.008972
v -47.341415 56.086536 -589.054138
v -34.784897 57.485916 -574.706116
v -49.126221 55.982975 -562.147766
v -47.341415 56.086536 -589.054138
v -34.784897 57.485916 -574.706116
v -49.126221 55.982975 -562.147766
v -205.158737 77.728256 -573.460327
v -205.136826 69.100296 -573.492615
v -204.669373 77.756645 -580.838257
v -204.647461 69.128670 -580.870789
v -205.158737 77.728256 -573.460327
v -205.136826 69.100296 -573.492615
v -204.669373 77.756645 -580.838257
v -204.647461 69.128670 -580.870789
v -155.980545 80.044144 -581.701416
v -134.456573 80.095467 -580.278076
v -156.441238 74.624146 -574.570312
v -134.917267 74.675476 -573.146973
v -155.980545 80.044144 -581.701416
v -134.456573 80.095467 -580.278076
v -156.441238 74.624146 -574.570312
v -134.917267 74.675476 -573.146973
v -192.584717 77.762962 -573.908875
v -199.990204 77.740601 -573.118408
v -192.047287 77.794144 -582.008972
v -199.429413 77.773148 -581.572632
v -192.584717 77.762962 -573.908875
v -199.990204 77.740601 -573.118408
v -192.047287 77.794144 -582.008972
v -199.429413 77.773148 -581.572632
v -134.917267 74.675476 -573.146973
v -134.456573 80.095467 -580.278076
v -134.903564 69.282982 -573.167175
v -134.429169 69.310509 -580.318726
v -134.917267 74.675476 -573.146973
v -134.456573 80.095467 -580.278076
v -134.903564 69.282982 -573.167175
v -134.429169 69.310509 -580.318726
v -202.142548 77.735458 -573.260742
v -205.158737 77.728256 -573.460327
v -201.581757 77.767998 -581.715149
v -204.669373 77.756645 -580.838257
v -199.990204 77.740601 -573.118408
v -202.142548 77.735458 -573.260742
v -199.429413 77.773148 -581.572632
v -201.581757 77.767998 -581.715149
v -202.142548 77.735458 -573.260742
v -205.158737 77.728256 -573.460327
v -201.581757 77.767998 -581.715149
v -204.669373 77.756645 -580.838257
v -199.990204 77.740601 -573.118408
v -202.142548 77.735458 -573.260742
v -199.429413 77.773148 -581.572632
v -201.581757 77.767998 -581.715149
v -22.221237 56.047180 -560.368408
v -34.784897 57.485916 -574.706116
v -20.436356 56.150719 -587.274902
v -22.221237 56.047180 -560.368408
v -34.784897 57.485916 -574.706116
v -20.436356 56.150719 -587.274902
v -177.951508 69.180283 -576.014099
v -177.965210 74.572777 -575.993835
v -156.427521 69.231636 -574.590576
v -156.441238 74.624146 -574.570312
v -177.951508 69.180283 -576.014099
v -177.965210 74.572777 -575.993835
v -156.427521 69.231636 -574.590576
v -156.441238 74.624146 -574.570312
v -237.486725 69.006172 -574.557983
v -183.676788 69.134552 -570.999390
v -241.056427 68.799072 -520.745300
v -187.246475 68.927414 -517.186768
v -237.486725 69.006172 -574.557983
v -183.676788 69.134552 -570.999390
v -241.056427 68.799072 -520.745300
v -187.246475 68.927414 -517.186768
v -224.777451 69.053459 -574.791504
v -224.799454 77.681427 -574.759155
v -221.761337 69.060654 -574.592102
v -221.783249 77.688599 -574.559753
v -224.777451 69.053459 -574.791504
v -224.799454 77.681427 -574.759155
v -221.761337 69.060654 -574.592102
v -221.783249 77.688599 -574.559753
v -221.761337 69.060654 -574.592102
v -221.783249 77.688599 -574.559753
v -219.608902 69.065765 -574.449768
v -219.630814 77.693741 -574.417480
v -219.608902 69.065765 -574.449768
v -219.630814 77.693741 -574.417480
v -211.863113 69.084259 -573.937317
v -212.225250 77.716125 -575.207703
v -221.761337 69.060654 -574.592102
v -221.783249 77.688599 -574.559753
v -219.608902 69.065765 -574.449768
v -219.630814 77.693741 -574.417480
v -219.608902 69.065765 -574.449768
v -219.630814 77.693741 -574.417480
v -211.863113 69.084259 -573.937317
v -212.225250 77.716125 -575.207703
v -156.441238 74.624146 -574.570312
v -134.917267 74.675476 -573.146973
v -156.427521 69.231636 -574.590576
v -134.903564 69.282982 -573.167175
v -156.441238 74.624146 -574.570312
v -134.917267 74.675476 -573.146973
v -156.427521 69.231636 -574.590576
v -134.903564 69.282982 -573.167175
v -205.136826 69.100296 -573.492615
v -205.158737 77.728256 -573.460327
v -202.120636 69.107513 -573.293091
v -202.142548 77.735458 -573.260742
v -202.120636 69.107513 -573.293091
v -202.142548 77.735458 -573.260742
v -199.968201 69.112633 -573.150757
v -199.990204 77.740601 -573.118408
v -199.968201 69.112633 -573.150757
v -199.990204 77.740601 -573.118408
v -192.222504 69.131096 -572.638672
v -192.584717 77.762962 -573.908875
v -205.136826 69.100296 -573.492615
v -205.158737 77.728256 -573.460327
v -202.120636 69.107513 -573.293091
v -202.142548 77.735458 -573.260742
v -202.120636 69.107513 -573.293091
v -202.142548 77.735458 -573.260742
v -199.968201 69.112633 -573.150757
v -199.990204 77.740601 -573.118408
v -199.968201 69.112633 -573.150757
v -199.990204 77.740601 -573.118408
v -192.222504 69.131096 -572.638672
v -192.584717 77.762962 -573.908875
v -127.003845 55.797947 -567.302612
v -114.082207 58.716591 -579.949280
v -102.931038 55.855358 -565.710876
v -127.003845 55.797947 -567.302612
v -114.082207 58.716591 -579.949280
v -102.931038 55.855358 -565.710876
v -183.676788 69.134552 -570.999390
v -129.866852 69.262886 -567.440918
v -187.246475 68.927414 -517.186768
v -133.436523 69.055771 -513.628235
v -183.676788 69.134552 -570.999390
v -129.866852 69.262886 -567.440918
v -187.246475 68.927414 -517.186768
v -133.436523 69.055771 -513.628235
v -76.026054 55.919537 -563.931458
v -102.931038 55.855358 -565.710876
v -88.582497 54.520134 -578.279663
v -76.026054 55.919537 -563.931458
v -102.931038 55.855358 -565.710876
v -88.582497 54.520134 -578.279663
v -76.031288 55.918789 -563.927185
v -61.682739 54.583588 -576.495972
v -49.126221 55.982975 -562.147766
v -76.031288 55.918789 -563.927185
v -61.682739 54.583588 -576.495972
v -49.126221 55.982975 -562.147766
v -210.946869 69.056046 -567.284424
v -210.960571 74.448540 -567.264221
v -232.470856 69.004700 -568.708008
v -232.484558 74.397194 -568.687561
v -210.946869 69.056046 -567.284424
v -210.960571 74.448540 -567.264221
v -232.470856 69.004700 -568.708008
v -232.484558 74.397194 -568.687561
v -49.126221 55.982975 -562.147766
v -34.784897 57.485916 -574.706116
v -22.221237 56.047180 -560.368408
v -49.126221 55.982975 -562.147766
v -34.784897 57.485916 -574.706116
v -22.221237 56.047180 -560.368408
v -189.436600 74.499863 -565.840820
v -210.960571 74.448540 -567.264221
v -189.422897 69.107376 -565.861084
v -210.946869 69.056046 -567.284424
v -189.436600 74.499863 -565.840820
v -210.960571 74.448540 -567.264221
v -189.422897 69.107376 -565.861084
v -210.946869 69.056046 -567.284424
v -232.470856 69.004700 -568.708008
v -232.484558 74.397194 -568.687561
v -232.945251 68.977196 -561.556458
v -232.972656 79.762131 -561.515991
v -232.470856 69.004700 -568.708008
v -232.484558 74.397194 -568.687561
v -232.945251 68.977196 -561.556458
v -232.972656 79.762131 -561.515991
v -336.198120 79.506470 -564.824036
v -336.092346 80.051941 -566.436401
v -346.209595 79.482590 -565.486084
v -346.103943 80.028061 -567.098389
v -336.170715 68.721512 -564.864502
v -336.198120 79.506470 -564.824036
v -346.182190 68.697655 -565.526489
v -346.209595 79.482590 -565.486084
v -336.198120 79.506470 -564.824036
v -336.092346 80.051941 -566.436401
v -346.209595 79.482590 -565.486084
v -346.103943 80.028061 -567.098389
v -336.170715 68.721512 -564.864502
v -336.198120 79.506470 -564.824036
v -346.182190 68.697655 -565.526489
v -346.209595 79.482590 -565.486084
v -127.011421 55.793835 -567.295532
v -102.938606 55.851223 -565.703735
v -115.860237 52.932598 -553.057068
v -127.011421 55.793835 -567.295532
v -102.938606 55.851223 -565.703735
v -115.860237 52.932598 -553.057068
v -336.092346 80.051941 -566.436401
v -336.198120 79.506470 -564.824036
v -326.080872 80.075829 -565.774170
v -326.186646 79.530357 -564.161865
v -336.198120 79.506470 -564.824036
v -336.170715 68.721512 -564.864502
v -326.186646 79.530357 -564.161865
v -326.159241 68.745399 -564.202454
v -336.092346 80.051941 -566.436401
v -336.198120 79.506470 -564.824036
v -326.080872 80.075829 -565.774170
v -326.186646 79.530357 -564.161865
v -336.198120 79.506470 -564.824036
v -336.170715 68.721512 -564.864502
v -326.186646 79.530357 -564.161865
v -326.159241 68.745399 -564.202454
v -211.448685 79.813469 -560.092651
v -232.972656 79.762131 -561.515991
v -210.960571 74.448540 -567.264221
v -232.484558 74.397194 -568.687561
v -211.448685 79.813469 -560.092651
v -232.972656 79.762131 -561.515991
v -210.960571 74.448540 -567.264221
v -232.484558 74.397194 -568.687561
v -326.080872 80.075829 -565.774170
v -326.186646 79.530357 -564.161865
v -316.083679 80.099670 -565.113159
v -316.189362 79.554222 -563.500732
v -326.186646 79.530357 -564.161865
v -326.159241 68.745399 -564.202454
v -316.189362 79.554222 -563.500732
v -316.161926 68.769249 -563.541199
v -326.080872 80.075829 -565.774170
v -326.186646 79.530357 -564.161865
v -316.083679 80.099670 -565.113159
v -316.189362 79.554222 -563.500732
v -326.186646 79.530357 -564.161865
v -326.159241 68.745399 -564.202454
v -316.189362 79.554222 -563.500732
v -316.161926 68.769249 -563.541199
v -316.189362 79.554222 -563.500732
v -316.161926 68.769249 -563.541199
v -306.177887 79.578087 -562.838745
v -306.150452 68.793129 -562.879150
v -316.189362 79.554222 -563.500732
v -316.161926 68.769249 -563.541199
v -306.177887 79.578087 -562.838745
v -306.150452 68.793129 -562.879150
v -316.083679 80.099670 -565.113159
v -316.189362 79.554222 -563.500732
v -306.072174 80.123558 -564.451050
v -306.177887 79.578087 -562.838745
v -316.083679 80.099670 -565.113159
v -316.189362 79.554222 -563.500732
v -306.072174 80.123558 -564.451050
v -306.177887 79.578087 -562.838745
v -189.436600 74.499863 -565.840820
v -189.924698 79.864822 -558.669067
v -210.960571 74.448540 -567.264221
v -211.448685 79.813469 -560.092651
v -189.436600 74.499863 -565.840820
v -189.924698 79.864822 -558.669067
v -210.960571 74.448540 -567.264221
v -211.448685 79.813469 -560.092651
v -306.072174 80.123558 -564.451050
v -306.177887 79.578087 -562.838745
v -296.060608 80.147438 -563.788940
v -297.780670 79.598114 -562.283508
v -306.177887 79.578087 -562.838745
v -306.150452 68.793129 -562.879150
v -297.780670 79.598114 -562.283508
v -297.753265 68.813133 -562.323914
v -306.072174 80.123558 -564.451050
v -306.177887 79.578087 -562.838745
v -296.060608 80.147438 -563.788940
v -297.780670 79.598114 -562.283508
v -306.177887 79.578087 -562.838745
v -306.150452 68.793129 -562.879150
v -297.780670 79.598114 -562.283508
v -297.753265 68.813133 -562.323914
v -76.033638 55.915401 -563.924316
v -90.382179 57.250599 -551.355530
v -102.938606 55.851223 -565.703735
v -76.033638 55.915401 -563.924316
v -90.382179 57.250599 -551.355530
v -102.938606 55.851223 -565.703735
v -189.924698 79.864822 -558.669067
v -189.436600 74.499863 -565.840820
v -189.897293 69.079865 -558.709534
v -189.422897 69.107376 -565.861084
v -189.924698 79.864822 -558.669067
v -189.436600 74.499863 -565.840820
v -189.897293 69.079865 -558.709534
v -189.422897 69.107376 -565.861084
v -336.092346 80.051941 -566.436401
v -336.694519 80.017006 -557.359009
v -346.103943 80.028061 -567.098389
v -346.706024 79.993126 -558.021057
v -336.092346 80.051941 -566.436401
v -336.694519 80.017006 -557.359009
v -346.103943 80.028061 -567.098389
v -346.706024 79.993126 -558.021057
v -336.694519 80.017006 -557.359009
v -336.092346 80.051941 -566.436401
v -326.683044 80.040894 -556.696838
v -326.080872 80.075829 -565.774170
v -336.694519 80.017006 -557.359009
v -336.092346 80.051941 -566.436401
v -326.683044 80.040894 -556.696838
v -326.080872 80.075829 -565.774170
v -76.024620 55.914707 -563.919678
v -49.119629 55.978909 -562.140442
v -63.471786 58.733170 -549.566223
v -76.024620 55.914707 -563.919678
v -49.119629 55.978909 -562.140442
v -63.471786 58.733170 -549.566223
v -326.683044 80.040894 -556.696838
v -326.080872 80.075829 -565.774170
v -316.685760 80.064713 -556.035889
v -316.083679 80.099670 -565.113159
v -326.683044 80.040894 -556.696838
v -326.080872 80.075829 -565.774170
v -316.685760 80.064713 -556.035889
v -316.083679 80.099670 -565.113159
v -316.685760 80.064713 -556.035889
v -316.083679 80.099670 -565.113159
v -306.674286 80.088615 -555.373718
v -306.072174 80.123558 -564.451050
v -316.685760 80.064713 -556.035889
v -316.083679 80.099670 -565.113159
v -306.674286 80.088615 -555.373718
v -306.072174 80.123558 -564.451050
v -22.214661 56.043064 -560.361206
v -36.552383 53.121056 -547.808167
v -49.119629 55.978909 -562.140442
v -22.214661 56.043064 -560.361206
v -36.552383 53.121056 -547.808167
v -49.119629 55.978909 -562.140442
v -306.674286 80.088615 -555.373718
v -306.072174 80.123558 -564.451050
v -296.662811 80.112488 -554.711670
v -296.060608 80.147438 -563.788940
v -306.674286 80.088615 -555.373718
v -306.072174 80.123558 -564.451050
v -296.662811 80.112488 -554.711670
v -296.060608 80.147438 -563.788940
v -297.753265 68.813133 -562.323914
v -298.248322 68.784454 -554.860840
v -297.780670 79.598114 -562.283508
v -298.275726 79.569397 -554.820374
v -297.753265 68.813133 -562.323914
v -298.248322 68.784454 -554.860840
v -297.780670 79.598114 -562.283508
v -298.275726 79.569397 -554.820374
v -232.945251 68.977196 -561.556458
v -232.972656 79.762131 -561.515991
v -233.419647 68.949661 -554.404907
v -233.433350 74.342133 -554.384888
v -232.945251 68.977196 -561.556458
v -232.972656 79.762131 -561.515991
v -233.419647 68.949661 -554.404907
v -233.433350 74.342133 -554.384888
v -296.060608 80.147438 -563.788940
v -297.780670 79.598114 -562.283508
v -296.662811 80.112488 -554.711670
v -298.275726 79.569397 -554.820374
v -296.060608 80.147438 -563.788940
v -297.780670 79.598114 -562.283508
v -296.662811 80.112488 -554.711670
v -298.275726 79.569397 -554.820374
v 31.563004 69.647911 -556.765503
v 85.372955 69.776253 -553.207092
v 27.993225 69.440804 -502.952881
v 81.803162 69.569176 -499.394165
v 31.563004 69.647911 -556.765503
v 85.372955 69.776253 -553.207092
v 27.993225 69.440804 -502.952881
v 81.803162 69.569176 -499.394165
v 4.685440 56.104462 -558.591675
v -10.456253 54.596863 -545.332397
v -22.219620 56.040306 -560.370850
v 4.685440 56.104462 -558.591675
v -10.456253 54.596863 -545.332397
v -22.219620 56.040306 -560.370850
v -233.433350 74.342133 -554.384888
v -232.972656 79.762131 -561.515991
v -211.909378 74.393478 -552.961304
v -211.448685 79.813469 -560.092651
v -233.433350 74.342133 -554.384888
v -232.972656 79.762131 -561.515991
v -211.909378 74.393478 -552.961304
v -211.448685 79.813469 -560.092651
v -127.011421 55.793835 -567.295532
v -115.860237 52.932598 -553.057068
v -128.796310 55.690254 -540.389221
v -127.011421 55.793835 -567.295532
v -115.860237 52.932598 -553.057068
v -128.796310 55.690254 -540.389221
v -129.877838 69.268250 -567.432434
v -127.011421 55.793835 -567.295532
v -131.662735 69.164703 -540.525940
v -128.796310 55.690254 -540.389221
v -129.877838 69.268250 -567.432434
v -127.011421 55.793835 -567.295532
v -131.662735 69.164703 -540.525940
v -128.796310 55.690254 -540.389221
v -335.919128 81.094170 -556.435730
v -336.694519 80.017006 -557.359009
v -327.578552 81.114059 -555.884338
v -326.683044 80.040894 -556.696838
v -335.919128 81.094170 -556.435730
v -336.694519 80.017006 -557.359009
v -327.578552 81.114059 -555.884338
v -326.683044 80.040894 -556.696838
v -211.448685 79.813469 -560.092651
v -189.924698 79.864822 -558.669067
v -211.909378 74.393478 -552.961304
v -190.385406 74.444801 -551.537964
v -211.448685 79.813469 -560.092651
v -189.924698 79.864822 -558.669067
v -211.909378 74.393478 -552.961304
v -190.385406 74.444801 -551.537964
v -190.385406 74.444801 -551.537964
v -189.924698 79.864822 -558.669067
v -190.371689 69.052338 -551.558167
v -189.897293 69.079865 -558.709534
v -190.385406 74.444801 -551.537964
v -189.924698 79.864822 -558.669067
v -190.371689 69.052338 -551.558167
v -189.897293 69.079865 -558.709534
v -104.723488 55.747692 -538.797302
v -115.860237 52.932598 -553.057068
v -102.938606 55.851223 -565.703735
v -104.723488 55.747692 -538.797302
v -115.860237 52.932598 -553.057068
v -102.938606 55.851223 -565.703735
v -315.905670 81.142151 -555.183594
v -316.685760 80.064713 -556.035889
v -307.565094 81.162064 -554.631958
v -306.674286 80.088615 -555.373718
v -315.905670 81.142151 -555.183594
v -316.685760 80.064713 -556.035889
v -307.565094 81.162064 -554.631958
v -306.674286 80.088615 -555.373718
v -104.723488 55.747692 -538.797302
v -102.938606 55.851223 -565.703735
v -90.382179 57.250599 -551.355530
v -104.723488 55.747692 -538.797302
v -102.938606 55.851223 -565.703735
v -90.382179 57.250599 -551.355530
v -346.706024 79.993126 -558.021057
v -336.694519 80.017006 -557.359009
v -347.143799 79.967728 -551.421936
v -337.132324 79.991615 -550.759888
v -346.706024 79.993126 -558.021057
v -336.694519 80.017006 -557.359009
v -347.143799 79.967728 -551.421936
v -337.132324 79.991615 -550.759888
v -336.242310 81.075439 -551.564331
v -337.132324 79.991615 -550.759888
v -335.919128 81.094170 -556.435730
v -336.694519 80.017006 -557.359009
v -336.242310 81.075439 -551.564331
v -337.132324 79.991615 -550.759888
v -335.919128 81.094170 -556.435730
v -336.694519 80.017006 -557.359009
v -77.818520 55.811844 -537.018066
v -90.382179 57.250599 -551.355530
v -76.033638 55.915401 -563.924316
v -77.818520 55.811844 -537.018066
v -90.382179 57.250599 -551.355530
v -76.033638 55.915401 -563.924316
v -336.242310 81.075439 -551.564331
v -335.919128 81.094170 -556.435730
v -327.901733 81.095299 -551.012878
v -327.578552 81.114059 -555.884338
v -336.242310 81.075439 -551.564331
v -335.919128 81.094170 -556.435730
v -327.901733 81.095299 -551.012878
v -327.578552 81.114059 -555.884338
v -327.578552 81.114059 -555.884338
v -326.683044 80.040894 -556.696838
v -327.901733 81.095299 -551.012878
v -327.120850 80.015495 -550.097778
v -327.578552 81.114059 -555.884338
v -326.683044 80.040894 -556.696838
v -327.901733 81.095299 -551.012878
v -327.120850 80.015495 -550.097778
v -76.024620 55.914707 -563.919678
v -63.471786 58.733170 -549.566223
v -77.809502 55.811176 -537.013245
v -76.024620 55.914707 -563.919678
v -63.471786 58.733170 -549.566223
v -77.809502 55.811176 -537.013245
v -327.120850 80.015495 -550.097778
v -326.683044 80.040894 -556.696838
v -317.123535 80.039322 -549.436646
v -316.685760 80.064713 -556.035889
v -327.120850 80.015495 -550.097778
v -326.683044 80.040894 -556.696838
v -317.123535 80.039322 -549.436646
v -316.685760 80.064713 -556.035889
v -316.238220 81.122887 -550.170288
v -317.123535 80.039322 -549.436646
v -315.905670 81.142151 -555.183594
v -316.685760 80.064713 -556.035889
v -316.238220 81.122887 -550.170288
v -317.123535 80.039322 -549.436646
v -315.905670 81.142151 -555.183594
v -316.685760 80.064713 -556.035889
v -298.686096 68.759041 -548.261719
v -298.713501 79.543991 -548.221252
v -298.248322 68.784454 -554.860840
v -298.275726 79.569397 -554.820374
v -298.686096 68.759041 -548.261719
v -298.713501 79.543991 -548.221252
v -298.248322 68.784454 -554.860840
v -298.275726 79.569397 -554.820374
v -316.238220 81.122887 -550.170288
v -315.905670 81.142151 -555.183594
v -307.897644 81.142769 -549.618896
v -307.565094 81.162064 -554.631958
v -316.238220 81.122887 -550.170288
v -315.905670 81.142151 -555.183594
v -307.897644 81.142769 -549.618896
v -307.565094 81.162064 -554.631958
v -307.565094 81.162064 -554.631958
v -306.674286 80.088615 -555.373718
v -307.897644 81.142769 -549.618896
v -307.112061 80.063202 -548.774597
v -307.565094 81.162064 -554.631958
v -306.674286 80.088615 -555.373718
v -307.897644 81.142769 -549.618896
v -307.112061 80.063202 -548.774597
v -50.904526 55.875336 -535.234009
v -63.471786 58.733170 -549.566223
v -49.119629 55.978909 -562.140442
v -50.904526 55.875336 -535.234009
v -63.471786 58.733170 -549.566223
v -49.119629 55.978909 -562.140442
v -233.419647 68.949661 -554.404907
v -233.433350 74.342133 -554.384888
v -233.894958 68.922073 -547.239380
v -233.922363 79.707054 -547.198914
v -233.419647 68.949661 -554.404907
v -233.433350 74.342133 -554.384888
v -233.894958 68.922073 -547.239380
v -233.922363 79.707054 -547.198914
v -307.112061 80.063202 -548.774597
v -306.674286 80.088615 -555.373718
v -297.100586 80.087082 -548.112610
v -296.662811 80.112488 -554.711670
v -307.112061 80.063202 -548.774597
v -306.674286 80.088615 -555.373718
v -297.100586 80.087082 -548.112610
v -296.662811 80.112488 -554.711670
v -50.904526 55.875336 -535.234009
v -49.119629 55.978909 -562.140442
v -36.552383 53.121056 -547.808167
v -50.904526 55.875336 -535.234009
v -49.119629 55.978909 -562.140442
v -36.552383 53.121056 -547.808167
v -298.713501 79.543991 -548.221252
v -297.100586 80.087082 -548.112610
v -298.275726 79.569397 -554.820374
v -296.662811 80.112488 -554.711670
v -298.713501 79.543991 -548.221252
v -297.100586 80.087082 -548.112610
v -298.275726 79.569397 -554.820374
v -296.662811 80.112488 -554.711670
v -327.901733 81.095299 -551.012878
v -327.120850 80.015495 -550.097778
v -336.242310 81.075439 -551.564331
v -337.132324 79.991615 -550.759888
v -327.901733 81.095299 -551.012878
v -327.120850 80.015495 -550.097778
v -336.242310 81.075439 -551.564331
v -337.132324 79.991615 -550.759888
v -212.398392 79.758377 -545.775513
v -233.922363 79.707054 -547.198914
v -211.909378 74.393478 -552.961304
v -233.433350 74.342133 -554.384888
v -212.398392 79.758377 -545.775513
v -233.922363 79.707054 -547.198914
v -211.909378 74.393478 -552.961304
v -233.433350 74.342133 -554.384888
v -22.214661 56.043064 -560.361206
v -23.999542 55.939495 -533.454956
v -36.552383 53.121056 -547.808167
v -22.214661 56.043064 -560.361206
v -23.999542 55.939495 -533.454956
v -36.552383 53.121056 -547.808167
v 31.555969 69.649818 -556.761780
v 29.771255 69.546295 -529.855347
v 4.685440 56.104462 -558.591675
v 31.555969 69.649818 -556.761780
v 29.771255 69.546295 -529.855347
v 4.685440 56.104462 -558.591675
v -22.219620 56.040306 -560.370850
v -10.456253 54.596863 -545.332397
v -24.004501 55.936764 -533.464355
v -22.219620 56.040306 -560.370850
v -10.456253 54.596863 -545.332397
v -24.004501 55.936764 -533.464355
v -307.897644 81.142769 -549.618896
v -307.112061 80.063202 -548.774597
v -316.238220 81.122887 -550.170288
v -317.123535 80.039322 -549.436646
v -307.897644 81.142769 -549.618896
v -307.112061 80.063202 -548.774597
v -316.238220 81.122887 -550.170288
v -317.123535 80.039322 -549.436646
v -190.874496 79.809700 -544.352173
v -190.385406 74.444801 -551.537964
v -190.847000 69.024765 -544.392639
v -190.371689 69.052338 -551.558167
v -190.385406 74.444801 -551.537964
v -190.874496 79.809700 -544.352173
v -211.909378 74.393478 -552.961304
v -212.398392 79.758377 -545.775513
v -190.874496 79.809700 -544.352173
v -190.385406 74.444801 -551.537964
v -190.847000 69.024765 -544.392639
v -190.371689 69.052338 -551.558167
v -190.385406 74.444801 -551.537964
v -190.874496 79.809700 -544.352173
v -211.909378 74.393478 -552.961304
v -212.398392 79.758377 -545.775513
v 0.068390 55.994152 -531.872620
v -10.456253 54.596863 -545.332397
v 4.685440 56.104462 -558.591675
v 0.068390 55.994152 -531.872620
v -10.456253 54.596863 -545.332397
v 4.685440 56.104462 -558.591675
v -104.723488 55.747692 -538.797302
v -128.796310 55.690254 -540.389221
v -115.860237 52.932598 -553.057068
v -104.723488 55.747692 -538.797302
v -128.796310 55.690254 -540.389221
v -115.860237 52.932598 -553.057068
v -337.132324 79.991615 -550.759888
v -337.734497 79.956657 -541.682556
v -347.143799 79.967728 -551.421936
v -347.745972 79.932800 -542.344604
v -337.132324 79.991615 -550.759888
v -337.734497 79.956657 -541.682556
v -347.143799 79.967728 -551.421936
v -347.745972 79.932800 -542.344604
v -337.734497 79.956657 -541.682556
v -337.132324 79.991615 -550.759888
v -327.723022 79.980560 -541.020447
v -327.120850 80.015495 -550.097778
v -337.734497 79.956657 -541.682556
v -337.132324 79.991615 -550.759888
v -327.723022 79.980560 -541.020447
v -327.120850 80.015495 -550.097778
v -104.723488 55.747692 -538.797302
v -90.382179 57.250599 -551.355530
v -77.818520 55.811844 -537.018066
v -104.723488 55.747692 -538.797302
v -90.382179 57.250599 -551.355530
v -77.818520 55.811844 -537.018066
v -298.713501 79.543991 -548.221252
v -298.686096 68.759041 -548.261719
v -299.208557 79.515274 -540.758362
v -299.181152 68.730331 -540.798706
v -327.723022 79.980560 -541.020447
v -327.120850 80.015495 -550.097778
v -317.725708 80.004395 -540.359375
v -317.123535 80.039322 -549.436646
v -298.713501 79.543991 -548.221252
v -298.686096 68.759041 -548.261719
v -299.208557 79.515274 -540.758362
v -299.181152 68.730331 -540.798706
v -327.723022 79.980560 -541.020447
v -327.120850 80.015495 -550.097778
v -317.725708 80.004395 -540.359375
v -317.123535 80.039322 -549.436646
v 31.550919 69.649101 -556.757324
v 38.631134 69.665985 -556.289062
v 29.765854 69.545547 -529.851074
v 36.846252 69.562439 -529.382751
v 31.550919 69.649101 -556.757324
v 38.631134 69.665985 -556.289062
v 29.765854 69.545547 -529.851074
v 36.846252 69.562439 -529.382751
v -233.894958 68.922073 -547.239380
v -233.922363 79.707054 -547.198914
v -234.369354 68.894547 -540.088013
v -234.383057 74.287041 -540.067688
v -233.894958 68.922073 -547.239380
v -233.922363 79.707054 -547.198914
v -234.369354 68.894547 -540.088013
v -234.383057 74.287041 -540.067688
v -337.626038 79.423630 -543.298889
v -337.598633 68.638687 -543.339294
v -347.637512 79.399757 -543.960999
v -347.609985 68.614815 -544.001343
v -317.725708 80.004395 -540.359375
v -317.123535 80.039322 -549.436646
v -307.714233 80.028275 -539.697266
v -307.112061 80.063202 -548.774597
v -337.626038 79.423630 -543.298889
v -337.598633 68.638687 -543.339294
v -347.637512 79.399757 -543.960999
v -347.609985 68.614815 -544.001343
v -317.725708 80.004395 -540.359375
v -317.123535 80.039322 -549.436646
v -307.714233 80.028275 -539.697266
v -307.112061 80.063202 -548.774597
v -297.100586 80.087082 -548.112610
v -298.713501 79.543991 -548.221252
v -297.702759 80.052177 -539.035034
v -299.208557 79.515274 -540.758362
v -297.100586 80.087082 -548.112610
v -298.713501 79.543991 -548.221252
v -297.702759 80.052177 -539.035034
v -299.208557 79.515274 -540.758362
v -337.598633 68.638687 -543.339294
v -337.626038 79.423630 -543.298889
v -327.587158 68.662560 -542.677368
v -327.614563 79.447510 -542.636902
v -297.702759 80.052177 -539.035034
v -307.714233 80.028275 -539.697266
v -297.100586 80.087082 -548.112610
v -307.112061 80.063202 -548.774597
v -337.598633 68.638687 -543.339294
v -337.626038 79.423630 -543.298889
v -327.587158 68.662560 -542.677368
v -327.614563 79.447510 -542.636902
v -297.702759 80.052177 -539.035034
v -307.714233 80.028275 -539.697266
v -297.100586 80.087082 -548.112610
v -307.112061 80.063202 -548.774597
v -50.904526 55.875336 -535.234009
v -77.809502 55.811176 -537.013245
v -63.471786 58.733170 -549.566223
v -50.904526 55.875336 -535.234009
v -77.809502 55.811176 -537.013245
v -63.471786 58.733170 -549.566223
v -234.383057 74.287041 -540.067688
v -233.922363 79.707054 -547.198914
v -212.859085 74.338387 -538.644287
v -212.398392 79.758377 -545.775513
v -234.383057 74.287041 -540.067688
v -233.922363 79.707054 -547.198914
v -212.859085 74.338387 -538.644287
v -212.398392 79.758377 -545.775513
v -327.587158 68.662560 -542.677368
v -327.614563 79.447510 -542.636902
v -317.589844 68.686432 -542.016052
v -317.617249 79.471359 -541.975769
v -327.587158 68.662560 -542.677368
v -327.614563 79.447510 -542.636902
v -317.589844 68.686432 -542.016052
v -317.617249 79.471359 -541.975769
v -337.734497 79.956657 -541.682556
v -337.626038 79.423630 -543.298889
v -347.745972 79.932800 -542.344604
v -347.637512 79.399757 -543.960999
v -337.734497 79.956657 -541.682556
v -337.626038 79.423630 -543.298889
v -347.745972 79.932800 -542.344604
v -347.637512 79.399757 -543.960999
v 4.685440 56.104462 -558.591675
v 29.771255 69.546295 -529.855347
v 0.068390 55.994152 -531.872620
v 4.685440 56.104462 -558.591675
v 29.771255 69.546295 -529.855347
v 0.068390 55.994152 -531.872620
v -317.589844 68.686432 -542.016052
v -317.617249 79.471359 -541.975769
v -307.578339 68.710289 -541.354065
v -307.605774 79.495232 -541.313660
v -317.589844 68.686432 -542.016052
v -317.617249 79.471359 -541.975769
v -307.578339 68.710289 -541.354065
v -307.605774 79.495232 -541.313660
v -337.626038 79.423630 -543.298889
v -337.734497 79.956657 -541.682556
v -327.614563 79.447510 -542.636902
v -327.723022 79.980560 -541.020447
v -337.626038 79.423630 -543.298889
v -337.734497 79.956657 -541.682556
v -327.614563 79.447510 -542.636902
v -327.723022 79.980560 -541.020447
v -50.904526 55.875336 -535.234009
v -36.552383 53.121056 -547.808167
v -23.999542 55.939495 -533.454956
v -50.904526 55.875336 -535.234009
v -36.552383 53.121056 -547.808167
v -23.999542 55.939495 -533.454956
v -191.335098 74.389725 -537.220886
v -190.874496 79.809700 -544.352173
v -191.321396 68.997261 -537.241089
v -190.847000 69.024765 -544.392639
v -212.398392 79.758377 -545.775513
v -190.874496 79.809700 -544.352173
v -212.859085 74.338387 -538.644287
v -191.335098 74.389725 -537.220886
v -191.335098 74.389725 -537.220886
v -190.874496 79.809700 -544.352173
v -191.321396 68.997261 -537.241089
v -190.847000 69.024765 -544.392639
v -212.398392 79.758377 -545.775513
v -190.874496 79.809700 -544.352173
v -212.859085 74.338387 -538.644287
v -191.335098 74.389725 -537.220886
v -307.578339 68.710289 -541.354065
v -307.605774 79.495232 -541.313660
v -299.181152 68.730331 -540.798706
v -299.208557 79.515274 -540.758362
v -307.578339 68.710289 -541.354065
v -307.605774 79.495232 -541.313660
v -299.181152 68.730331 -540.798706
v -299.208557 79.515274 -540.758362
v -327.614563 79.447510 -542.636902
v -327.723022 79.980560 -541.020447
v -317.617249 79.471359 -541.975769
v -317.725708 80.004395 -540.359375
v -327.614563 79.447510 -542.636902
v -327.723022 79.980560 -541.020447
v -317.617249 79.471359 -541.975769
v -317.725708 80.004395 -540.359375
v 78.280457 69.760544 -553.667114
v 85.360870 69.777435 -553.198853
v 76.495758 69.657021 -526.760681
v 83.575806 69.673920 -526.292358
v 78.280457 69.760544 -553.667114
v 85.360870 69.777435 -553.198853
v 76.495758 69.657021 -526.760681
v 83.575806 69.673920 -526.292358
v -317.617249 79.471359 -541.975769
v -317.725708 80.004395 -540.359375
v -307.605774 79.495232 -541.313660
v -307.714233 80.028275 -539.697266
v -317.617249 79.471359 -541.975769
v -317.725708 80.004395 -540.359375
v -307.605774 79.495232 -541.313660
v -307.714233 80.028275 -539.697266
v -297.702759 80.052177 -539.035034
v -299.208557 79.515274 -540.758362
v -307.714233 80.028275 -539.697266
v -307.605774 79.495232 -541.313660
v -297.702759 80.052177 -539.035034
v -299.208557 79.515274 -540.758362
v -307.714233 80.028275 -539.697266
v -307.605774 79.495232 -541.313660
v -24.004501 55.936764 -533.464355
v -10.456253 54.596863 -545.332397
v 0.068390 55.994152 -531.872620
v -24.004501 55.936764 -533.464355
v -10.456253 54.596863 -545.332397
v 0.068390 55.994152 -531.872620
v -104.723488 55.747692 -538.797302
v -117.659554 58.505325 -526.129456
v -128.796310 55.690254 -540.389221
v -104.723488 55.747692 -538.797302
v -117.659554 58.505325 -526.129456
v -128.796310 55.690254 -540.389221
v -234.369354 68.894547 -540.088013
v -234.383057 74.287041 -540.067688
v -234.844757 68.866966 -532.922424
v -234.872162 79.651939 -532.881897
v -234.369354 68.894547 -540.088013
v -234.383057 74.287041 -540.067688
v -234.844757 68.866966 -532.922424
v -234.872162 79.651939 -532.881897
v -104.723488 55.747692 -538.797302
v -77.818520 55.811844 -537.018066
v -92.159752 54.308937 -524.459656
v -104.723488 55.747692 -538.797302
v -77.818520 55.811844 -537.018066
v -92.159752 54.308937 -524.459656
v -213.348175 79.703285 -531.458496
v -234.872162 79.651939 -532.881897
v -212.859085 74.338387 -538.644287
v -234.383057 74.287041 -540.067688
v -213.348175 79.703285 -531.458496
v -234.872162 79.651939 -532.881897
v -212.859085 74.338387 -538.644287
v -234.383057 74.287041 -540.067688
v -50.904526 55.875336 -535.234009
v -65.245857 54.372391 -522.675903
v -77.809502 55.811176 -537.013245
v -50.904526 55.875336 -535.234009
v -65.245857 54.372391 -522.675903
v -77.809502 55.811176 -537.013245
v -191.824203 79.754608 -530.035156
v -191.335098 74.389725 -537.220886
v -191.796783 68.969666 -530.075500
v -191.321396 68.997261 -537.241089
v -191.335098 74.389725 -537.220886
v -191.824203 79.754608 -530.035156
v -212.859085 74.338387 -538.644287
v -213.348175 79.703285 -531.458496
v -191.824203 79.754608 -530.035156
v -191.335098 74.389725 -537.220886
v -191.796783 68.969666 -530.075500
v -191.321396 68.997261 -537.241089
v -191.335098 74.389725 -537.220886
v -191.824203 79.754608 -530.035156
v -212.859085 74.338387 -538.644287
v -213.348175 79.703285 -531.458496
v -402.486328 68.414062 -531.420654
v -348.676300 68.542389 -527.862244
v -406.055939 68.206917 -477.608093
v -352.246094 68.335274 -474.049500
v -402.486328 68.414062 -531.420654
v -348.676300 68.542389 -527.862244
v -406.055939 68.206917 -477.608093
v -352.246094 68.335274 -474.049500
v -50.904526 55.875336 -535.234009
v -23.999542 55.939495 -533.454956
v -38.348083 57.274727 -520.885925
v -50.904526 55.875336 -535.234009
v -23.999542 55.939495 -533.454956
v -38.348083 57.274727 -520.885925
v 0.068390 55.994152 -531.872620
v -12.152420 58.756325 -519.911133
v -24.004501 55.936764 -533.464355
v 0.068390 55.994152 -531.872620
v -12.152420 58.756325 -519.911133
v -24.004501 55.936764 -533.464355
v -234.844757 68.866966 -532.922424
v -234.872162 79.651939 -532.881897
v -235.319153 68.839447 -525.770935
v -235.332855 74.231934 -525.750671
v -234.844757 68.866966 -532.922424
v -234.872162 79.651939 -532.881897
v -235.319153 68.839447 -525.770935
v -235.332855 74.231934 -525.750671
v -130.581207 55.586723 -513.482849
v -128.796310 55.690254 -540.389221
v -117.659554 58.505325 -526.129456
v -130.581207 55.586723 -513.482849
v -128.796310 55.690254 -540.389221
v -117.659554 58.505325 -526.129456
v -348.676300 68.542389 -527.862244
v -294.866455 68.670715 -524.303711
v -352.246094 68.335274 -474.049500
v -298.436157 68.463615 -470.490997
v -348.676300 68.542389 -527.862244
v -294.866455 68.670715 -524.303711
v -352.246094 68.335274 -474.049500
v -298.436157 68.463615 -470.490997
v -130.581207 55.586723 -513.482849
v -133.447540 69.061165 -513.619629
v -128.796310 55.690254 -540.389221
v -131.662735 69.164703 -540.525940
v -130.581207 55.586723 -513.482849
v -133.447540 69.061165 -513.619629
v -128.796310 55.690254 -540.389221
v -131.662735 69.164703 -540.525940
v -235.332855 74.231934 -525.750671
v -234.872162 79.651939 -532.881897
v -213.808868 74.283287 -524.327332
v -213.348175 79.703285 -531.458496
v -235.332855 74.231934 -525.750671
v -234.872162 79.651939 -532.881897
v -213.808868 74.283287 -524.327332
v -213.348175 79.703285 -531.458496
v -104.723488 55.747692 -538.797302
v -106.508293 55.644127 -511.890961
v -117.659554 58.505325 -526.129456
v -104.723488 55.747692 -538.797302
v -106.508293 55.644127 -511.890961
v -117.659554 58.505325 -526.129456
v -104.723488 55.747692 -538.797302
v -92.159752 54.308937 -524.459656
v -106.508293 55.644127 -511.890961
v -104.723488 55.747692 -538.797302
v -92.159752 54.308937 -524.459656
v -106.508293 55.644127 -511.890961
v -213.348175 79.703285 -531.458496
v -191.824203 79.754608 -530.035156
v -213.808868 74.283287 -524.327332
v -192.284897 74.334602 -522.903931
v -213.348175 79.703285 -531.458496
v -191.824203 79.754608 -530.035156
v -213.808868 74.283287 -524.327332
v -192.284897 74.334602 -522.903931
v -192.284897 74.334602 -522.903931
v -191.824203 79.754608 -530.035156
v -192.271194 68.942146 -522.924072
v -191.796783 68.969666 -530.075500
v -192.284897 74.334602 -522.903931
v -191.824203 79.754608 -530.035156
v -192.271194 68.942146 -522.924072
v -191.796783 68.969666 -530.075500
v -79.603325 55.708279 -510.111755
v -92.159752 54.308937 -524.459656
v -77.818520 55.811844 -537.018066
v -79.603325 55.708279 -510.111755
v -92.159752 54.308937 -524.459656
v -77.818520 55.811844 -537.018066
v -79.594398 55.707596 -510.107025
v -77.809502 55.811176 -537.013245
v -65.245857 54.372391 -522.675903
v -79.594398 55.707596 -510.107025
v -77.809502 55.811176 -537.013245
v -65.245857 54.372391 -522.675903
v -235.319153 68.839447 -525.770935
v -235.332855 74.231934 -525.750671
v -213.795074 68.890800 -524.347473
v -213.808868 74.283287 -524.327332
v -235.319153 68.839447 -525.770935
v -235.332855 74.231934 -525.750671
v -213.795074 68.890800 -524.347473
v -213.808868 74.283287 -524.327332
v -294.866455 68.670715 -524.303711
v -241.056427 68.799072 -520.745300
v -298.436157 68.463615 -470.490997
v -244.626190 68.591972 -466.932556
v -294.866455 68.670715 -524.303711
v -241.056427 68.799072 -520.745300
v -298.436157 68.463615 -470.490997
v -244.626190 68.591972 -466.932556
v -50.904526 55.875336 -535.234009
v -52.689407 55.771790 -508.327728
v -65.245857 54.372391 -522.675903
v -50.904526 55.875336 -535.234009
v -52.689407 55.771790 -508.327728
v -65.245857 54.372391 -522.675903
v -213.808868 74.283287 -524.327332
v -192.284897 74.334602 -522.903931
v -213.795074 68.890800 -524.347473
v -192.271194 68.942146 -522.924072
v -213.808868 74.283287 -524.327332
v -192.284897 74.334602 -522.903931
v -213.795074 68.890800 -524.347473
v -192.271194 68.942146 -522.924072
v 0.068390 55.994152 -531.872620
v 29.771255 69.546295 -529.855347
v 1.115662 55.897366 -504.778931
v 0.068390 55.994152 -531.872620
v 29.771255 69.546295 -529.855347
v 1.115662 55.897366 -504.778931
v -50.904526 55.875336 -535.234009
v -38.348083 57.274727 -520.885925
v -52.689407 55.771790 -508.327728
v -50.904526 55.875336 -535.234009
v -38.348083 57.274727 -520.885925
v -52.689407 55.771790 -508.327728
v -25.784348 55.835968 -506.548523
v -38.348083 57.274727 -520.885925
v -23.999542 55.939495 -533.454956
v -25.784348 55.835968 -506.548523
v -38.348083 57.274727 -520.885925
v -23.999542 55.939495 -533.454956
v -24.004501 55.936764 -533.464355
v -12.152420 58.756325 -519.911133
v -25.789307 55.833191 -506.558136
v -24.004501 55.936764 -533.464355
v -12.152420 58.756325 -519.911133
v -25.789307 55.833191 -506.558136
v -241.056427 68.799072 -520.745300
v -187.246475 68.927414 -517.186768
v -244.626190 68.591972 -466.932556
v -190.816254 68.720322 -463.374054
v 1.115662 55.897366 -504.778931
v -12.152420 58.756325 -519.911133
v 0.068390 55.994152 -531.872620
v 1.115662 55.897366 -504.778931
v -12.152420 58.756325 -519.911133
v 0.068390 55.994152 -531.872620
v -130.581207 55.586723 -513.482849
v -117.659554 58.505325 -526.129456
v -106.508293 55.644127 -511.890961
v -130.581207 55.586723 -513.482849
v -117.659554 58.505325 -526.129456
v -106.508293 55.644127 -511.890961
v -187.246475 68.927414 -517.186768
v -133.436523 69.055771 -513.628235
v -190.816254 68.720322 -463.374054
v -137.006317 68.848679 -459.815460
v -79.603325 55.708279 -510.111755
v -106.508293 55.644127 -511.890961
v -92.159752 54.308937 -524.459656
v -79.603325 55.708279 -510.111755
v -106.508293 55.644127 -511.890961
v -92.159752 54.308937 -524.459656
v 35.061340 69.458893 -502.476318
v 27.981140 69.442024 -502.944580
v 36.846252 69.562439 -529.382751
v 29.765854 69.545547 -529.851074
v 35.061340 69.458893 -502.476318
v 27.981140 69.442024 -502.944580
v 36.846252 69.562439 -529.382751
v 29.765854 69.545547 -529.851074
v -79.594398 55.707596 -510.107025
v -65.245857 54.372391 -522.675903
v -52.689407 55.771790 -508.327728
v -79.594398 55.707596 -510.107025
v -65.245857 54.372391 -522.675903
v -52.689407 55.771790 -508.327728
v -399.719299 79.698181 -516.592529
v -398.210693 79.156586 -514.873291
v -389.707703 79.722069 -515.930359
v -389.813599 79.176613 -514.318054
v -389.786163 68.391655 -514.358521
v -389.813599 79.176613 -514.318054
v -398.183289 68.371613 -514.913879
v -398.210693 79.156586 -514.873291
v -399.719299 79.698181 -516.592529
v -398.210693 79.156586 -514.873291
v -389.707703 79.722069 -515.930359
v -389.813599 79.176613 -514.318054
v -389.786163 68.391655 -514.358521
v -389.813599 79.176613 -514.318054
v -398.183289 68.371613 -514.913879
v -398.210693 79.156586 -514.873291
v -52.689407 55.771790 -508.327728
v -38.348083 57.274727 -520.885925
v -25.784348 55.835968 -506.548523
v -52.689407 55.771790 -508.327728
v -38.348083 57.274727 -520.885925
v -25.784348 55.835968 -506.548523
v -379.802002 79.200485 -513.655945
v -379.696350 79.745941 -515.268433
v -389.813599 79.176613 -514.318054
v -389.707703 79.722069 -515.930359
v -379.774597 68.415535 -513.696533
v -379.802002 79.200485 -513.655945
v -389.786163 68.391655 -514.358521
v -389.813599 79.176613 -514.318054
v -379.802002 79.200485 -513.655945
v -379.696350 79.745941 -515.268433
v -389.813599 79.176613 -514.318054
v -389.707703 79.722069 -515.930359
v -379.774597 68.415535 -513.696533
v -379.802002 79.200485 -513.655945
v -389.786163 68.391655 -514.358521
v -389.813599 79.176613 -514.318054
v 81.791077 69.570358 -499.386139
v 74.710876 69.553482 -499.854187
v 83.575806 69.673920 -526.292358
v 76.495758 69.657021 -526.760681
v 81.791077 69.570358 -499.386139
v 74.710876 69.553482 -499.854187
v 83.575806 69.673920 -526.292358
v 76.495758 69.657021 -526.760681
v -369.777191 68.439362 -513.035400
v -369.804596 79.224327 -512.994873
v -379.774597 68.415535 -513.696533
v -379.802002 79.200485 -513.655945
v -369.777191 68.439362 -513.035400
v -369.804596 79.224327 -512.994873
v -379.774597 68.415535 -513.696533
v -379.802002 79.200485 -513.655945
v 27.986191 69.442726 -502.949036
v 1.115662 55.897366 -504.778931
v 29.771255 69.546295 -529.855347
v 27.986191 69.442726 -502.949036
v 1.115662 55.897366 -504.778931
v 29.771255 69.546295 -529.855347
v -369.804596 79.224327 -512.994873
v -369.698914 79.769783 -514.607300
v -379.802002 79.200485 -513.655945
v -379.696350 79.745941 -515.268433
v -369.804596 79.224327 -512.994873
v -369.698914 79.769783 -514.607300
v -379.802002 79.200485 -513.655945
v -379.696350 79.745941 -515.268433
v -359.793213 79.248207 -512.332764
v -359.687439 79.793655 -513.945190
v -369.804596 79.224327 -512.994873
v -369.698914 79.769783 -514.607300
v -359.765808 68.463234 -512.373291
v -359.793213 79.248207 -512.332764
v -369.777191 68.439362 -513.035400
v -369.804596 79.224327 -512.994873
v -359.793213 79.248207 -512.332764
v -359.687439 79.793655 -513.945190
v -369.804596 79.224327 -512.994873
v -369.698914 79.769783 -514.607300
v -359.765808 68.463234 -512.373291
v -359.793213 79.248207 -512.332764
v -369.777191 68.439362 -513.035400
v -369.804596 79.224327 -512.994873
v -25.789307 55.833191 -506.558136
v -12.152420 58.756325 -519.911133
v 1.115662 55.897366 -504.778931
v -25.789307 55.833191 -506.558136
v -12.152420 58.756325 -519.911133
v 1.115662 55.897366 -504.778931
v -359.687439 79.793655 -513.945190
v -359.793213 79.248207 -512.332764
v -349.676056 79.817528 -513.283081
v -349.781738 79.272087 -511.670715
v -359.793213 79.248207 -512.332764
v -359.765808 68.463234 -512.373291
v -349.781738 79.272087 -511.670715
v -349.754333 68.487129 -511.711182
v -359.687439 79.793655 -513.945190
v -359.793213 79.248207 -512.332764
v -349.676056 79.817528 -513.283081
v -349.781738 79.272087 -511.670715
v -359.793213 79.248207 -512.332764
v -359.765808 68.463234 -512.373291
v -349.781738 79.272087 -511.670715
v -349.754333 68.487129 -511.711182
v -339.775391 79.295265 -511.004150
v -339.669708 79.840698 -512.616577
v -349.786865 79.271347 -511.666229
v -349.681213 79.816803 -513.278687
v -339.747986 68.510269 -511.044708
v -339.775391 79.295265 -511.004150
v -349.759552 68.486404 -511.706726
v -349.786865 79.271347 -511.666229
v -339.775391 79.295265 -511.004150
v -339.669708 79.840698 -512.616577
v -349.786865 79.271347 -511.666229
v -349.681213 79.816803 -513.278687
v -339.747986 68.510269 -511.044708
v -339.775391 79.295265 -511.004150
v -349.759552 68.486404 -511.706726
v -349.786865 79.271347 -511.666229
v -398.705750 79.127861 -507.410400
v -398.678345 68.342888 -507.450928
v -398.210693 79.156586 -514.873291
v -398.183289 68.371613 -514.913879
v -398.705750 79.127861 -507.410400
v -398.678345 68.342888 -507.450928
v -398.210693 79.156586 -514.873291
v -398.183289 68.371613 -514.913879
v -399.719299 79.698181 -516.592529
v -389.707703 79.722069 -515.930359
v -400.321472 79.663261 -507.515076
v -390.309875 79.687134 -506.852966
v -399.719299 79.698181 -516.592529
v -389.707703 79.722069 -515.930359
v -400.321472 79.663261 -507.515076
v -390.309875 79.687134 -506.852966
v -339.669708 79.840698 -512.616577
v -339.775391 79.295265 -511.004150
v -329.658234 79.864571 -511.954498
v -329.764008 79.319130 -510.342133
v -339.775391 79.295265 -511.004150
v -339.747986 68.510269 -511.044708
v -329.764008 79.319130 -510.342133
v -329.736603 68.534164 -510.382599
v -339.669708 79.840698 -512.616577
v -339.775391 79.295265 -511.004150
v -329.658234 79.864571 -511.954498
v -329.764008 79.319130 -510.342133
v -339.775391 79.295265 -511.004150
v -339.747986 68.510269 -511.044708
v -329.764008 79.319130 -510.342133
v -329.736603 68.534164 -510.382599
v -400.321472 79.663261 -507.515076
v -398.705750 79.127861 -507.410400
v -399.719299 79.698181 -516.592529
v -398.210693 79.156586 -514.873291
v -400.321472 79.663261 -507.515076
v -398.705750 79.127861 -507.410400
v -399.719299 79.698181 -516.592529
v -398.210693 79.156586 -514.873291
v -130.574341 55.594620 -513.491699
v -106.501442 55.652069 -511.899689
v -119.423073 52.733421 -499.253052
v -379.696350 79.745941 -515.268433
v -380.298523 79.711006 -506.191040
v -389.707703 79.722069 -515.930359
v -390.309875 79.687134 -506.852966
v -379.696350 79.745941 -515.268433
v -380.298523 79.711006 -506.191040
v -389.707703 79.722069 -515.930359
v -390.309875 79.687134 -506.852966
v -329.658234 79.864571 -511.954498
v -329.764008 79.319130 -510.342133
v -319.660919 79.888412 -511.293396
v -319.766602 79.342949 -509.681030
v -329.764008 79.319130 -510.342133
v -329.736603 68.534164 -510.382599
v -319.766602 79.342949 -509.681030
v -319.739288 68.558014 -509.721497
v -329.658234 79.864571 -511.954498
v -329.764008 79.319130 -510.342133
v -319.660919 79.888412 -511.293396
v -319.766602 79.342949 -509.681030
v -329.764008 79.319130 -510.342133
v -329.736603 68.534164 -510.382599
v -319.766602 79.342949 -509.681030
v -319.739288 68.558014 -509.721497
v -369.698914 79.769783 -514.607300
v -370.301178 79.734879 -505.529755
v -379.696350 79.745941 -515.268433
v -380.298523 79.711006 -506.191040
v -369.698914 79.769783 -514.607300
v -370.301178 79.734879 -505.529755
v -379.696350 79.745941 -515.268433
v -380.298523 79.711006 -506.191040
v -319.660919 79.888412 -511.293396
v -319.766602 79.342949 -509.681030
v -309.649445 79.912300 -510.631378
v -309.755127 79.366844 -509.018921
v -319.766602 79.342949 -509.681030
v -319.739288 68.558014 -509.721497
v -309.755127 79.366844 -509.018921
v -309.727722 68.581886 -509.059387
v -319.660919 79.888412 -511.293396
v -319.766602 79.342949 -509.681030
v -309.649445 79.912300 -510.631378
v -309.755127 79.366844 -509.018921
v -319.766602 79.342949 -509.681030
v -319.739288 68.558014 -509.721497
v -309.755127 79.366844 -509.018921
v -309.727722 68.581886 -509.059387
v -309.755127 79.366844 -509.018921
v -309.727722 68.581886 -509.059387
v -301.358032 79.386864 -508.463684
v -301.330627 68.601913 -508.504150
v -309.755127 79.366844 -509.018921
v -309.727722 68.581886 -509.059387
v -301.358032 79.386864 -508.463684
v -301.330627 68.601913 -508.504150
v -359.687439 79.793655 -513.945190
v -360.289612 79.758736 -504.867737
v -369.698914 79.769783 -514.607300
v -370.301178 79.734879 -505.529755
v -359.687439 79.793655 -513.945190
v -360.289612 79.758736 -504.867737
v -369.698914 79.769783 -514.607300
v -370.301178 79.734879 -505.529755
v -79.596474 55.716225 -510.120483
v -93.945000 57.051437 -497.551575
v -106.501442 55.652069 -511.899689
v -309.649445 79.912300 -510.631378
v -309.755127 79.366844 -509.018921
v -299.637970 79.936172 -509.969269
v -301.358032 79.386864 -508.463684
v -309.649445 79.912300 -510.631378
v -309.755127 79.366844 -509.018921
v -299.637970 79.936172 -509.969269
v -301.358032 79.386864 -508.463684
v -360.289612 79.758736 -504.867737
v -359.687439 79.793655 -513.945190
v -350.278137 79.782631 -504.205627
v -349.676056 79.817528 -513.283081
v -360.289612 79.758736 -504.867737
v -359.687439 79.793655 -513.945190
v -350.278137 79.782631 -504.205627
v -349.676056 79.817528 -513.283081
v -339.669708 79.840698 -512.616577
v -340.271912 79.805763 -503.539215
v -349.681213 79.816803 -513.278687
v -350.283386 79.781891 -504.201324
v -339.669708 79.840698 -512.616577
v -340.271912 79.805763 -503.539215
v -349.681213 79.816803 -513.278687
v -350.283386 79.781891 -504.201324
v -79.601692 55.715504 -510.115997
v -52.696716 55.779659 -508.336792
v -67.048866 58.533947 -495.762543
v -340.271912 79.805763 -503.539215
v -339.669708 79.840698 -512.616577
v -330.260406 79.829643 -502.877228
v -329.658234 79.864571 -511.954498
v -340.271912 79.805763 -503.539215
v -339.669708 79.840698 -512.616577
v -330.260406 79.829643 -502.877228
v -329.658234 79.864571 -511.954498
v -330.260406 79.829643 -502.877228
v -329.658234 79.864571 -511.954498
v -320.263092 79.853493 -502.215912
v -319.660919 79.888412 -511.293396
v -330.260406 79.829643 -502.877228
v -329.658234 79.864571 -511.954498
v -320.263092 79.853493 -502.215912
v -319.660919 79.888412 -511.293396
v -320.263092 79.853493 -502.215912
v -319.660919 79.888412 -511.293396
v -310.251617 79.877365 -501.554016
v -309.649445 79.912300 -510.631378
v -320.263092 79.853493 -502.215912
v -319.660919 79.888412 -511.293396
v -310.251617 79.877365 -501.554016
v -309.649445 79.912300 -510.631378
v -25.791733 55.843834 -506.557587
v -40.129456 52.921829 -494.004669
v -52.696716 55.779659 -508.336792
v -389.529724 80.764572 -506.000793
v -390.309875 79.687134 -506.852966
v -381.189240 80.784470 -505.449158
v -380.298523 79.711006 -506.191040
v -389.529724 80.764572 -506.000793
v -390.309875 79.687134 -506.852966
v -381.189240 80.784470 -505.449158
v -380.298523 79.711006 -506.191040
v -310.251617 79.877365 -501.554016
v -309.649445 79.912300 -510.631378
v -300.240051 79.901291 -500.891724
v -299.637970 79.936172 -509.969269
v -310.251617 79.877365 -501.554016
v -309.649445 79.912300 -510.631378
v -300.240051 79.901291 -500.891724
v -299.637970 79.936172 -509.969269
v -301.330627 68.601913 -508.504150
v -301.825653 68.573189 -501.041016
v -301.358032 79.386864 -508.463684
v -301.853088 79.358124 -501.000732
v -301.330627 68.601913 -508.504150
v -301.825653 68.573189 -501.041016
v -301.358032 79.386864 -508.463684
v -301.853088 79.358124 -501.000732
v -299.637970 79.936172 -509.969269
v -301.358032 79.386864 -508.463684
v -300.240051 79.901291 -500.891724
v -301.853088 79.358124 -501.000732
v -299.637970 79.936172 -509.969269
v -301.358032 79.386864 -508.463684
v -300.240051 79.901291 -500.891724
v -301.853088 79.358124 -501.000732
v -398.678345 68.342888 -507.450928
v -398.705750 79.127861 -507.410400
v -399.116028 68.317505 -500.851746
v -399.143616 79.102478 -500.811188
v -398.678345 68.342888 -507.450928
v -398.705750 79.127861 -507.410400
v -399.116028 68.317505 -500.851746
v -399.143616 79.102478 -500.811188
v -369.525696 80.812035 -504.606659
v -370.301178 79.734879 -505.529755
v -361.185120 80.831924 -504.055054
v -360.289612 79.758736 -504.867737
v -369.525696 80.812035 -504.606659
v -370.301178 79.734879 -505.529755
v -361.185120 80.831924 -504.055054
v -360.289612 79.758736 -504.867737
v 27.993225 69.440804 -502.952881
v 81.803162 69.569176 -499.394165
v 24.423630 69.233704 -449.140015
v 78.233582 69.362045 -445.581512
v 27.993225 69.440804 -502.952881
v 81.803162 69.569176 -499.394165
v 24.423630 69.233704 -449.140015
v 78.233582 69.362045 -445.581512
v -398.705750 79.127861 -507.410400
v -400.321472 79.663261 -507.515076
v -399.143616 79.102478 -500.811188
v -400.759155 79.637848 -500.915955
v -398.705750 79.127861 -507.410400
v -400.321472 79.663261 -507.515076
v -399.143616 79.102478 -500.811188
v -400.759155 79.637848 -500.915955
v 1.122162 55.907322 -504.773529
v -14.019363 54.399696 -491.514435
v -25.782730 55.843147 -506.552734
v 1.122162 55.907322 -504.773529
v -14.019363 54.399696 -491.514435
v -25.782730 55.843147 -506.552734
v -390.309875 79.687134 -506.852966
v -390.747772 79.661728 -500.253967
v -400.321472 79.663261 -507.515076
v -400.759155 79.637848 -500.915955
v -390.309875 79.687134 -506.852966
v -390.747772 79.661728 -500.253967
v -400.321472 79.663261 -507.515076
v -400.759155 79.637848 -500.915955
v -389.862274 80.745270 -500.987610
v -390.747772 79.661728 -500.253967
v -389.529724 80.764572 -506.000793
v -390.309875 79.687134 -506.852966
v -389.862274 80.745270 -500.987610
v -390.747772 79.661728 -500.253967
v -389.529724 80.764572 -506.000793
v -390.309875 79.687134 -506.852966
v -130.574341 55.594620 -513.491699
v -119.423073 52.733421 -499.253052
v -132.359131 55.491089 -486.585327
v -381.189240 80.784470 -505.449158
v -381.521790 80.765137 -500.436157
v -389.529724 80.764572 -506.000793
v -389.862274 80.745270 -500.987610
v -381.189240 80.784470 -505.449158
v -381.521790 80.765137 -500.436157
v -389.529724 80.764572 -506.000793
v -389.862274 80.745270 -500.987610
v -381.189240 80.784470 -505.449158
v -380.298523 79.711006 -506.191040
v -381.521790 80.765137 -500.436157
v -380.736206 79.685600 -499.591858
v -381.189240 80.784470 -505.449158
v -380.298523 79.711006 -506.191040
v -381.521790 80.765137 -500.436157
v -380.736206 79.685600 -499.591858
v -133.440674 69.069069 -513.628418
v -130.574341 55.594620 -513.491699
v -135.225555 68.965530 -486.722076
v -132.359131 55.491089 -486.585327
v -339.496490 80.882950 -502.615967
v -340.271912 79.805763 -503.539215
v -331.155945 80.902817 -502.064514
v -330.260406 79.829643 -502.877228
v -339.496490 80.882950 -502.615967
v -340.271912 79.805763 -503.539215
v -331.155945 80.902817 -502.064514
v -330.260406 79.829643 -502.877228
v -370.301178 79.734879 -505.529755
v -370.738892 79.709442 -498.930756
v -380.298523 79.711006 -506.191040
v -380.736206 79.685600 -499.591858
v -370.301178 79.734879 -505.529755
v -370.738892 79.709442 -498.930756
v -380.298523 79.711006 -506.191040
v -380.736206 79.685600 -499.591858
v -369.848877 80.793266 -499.735321
v -370.738892 79.709442 -498.930756
v -369.525696 80.812035 -504.606659
v -370.301178 79.734879 -505.529755
v -369.848877 80.793266 -499.735321
v -370.738892 79.709442 -498.930756
v -369.525696 80.812035 -504.606659
v -370.301178 79.734879 -505.529755
v -108.286324 55.548492 -484.993256
v -119.423073 52.733421 -499.253052
v -106.501442 55.652069 -511.899689
v -361.185120 80.831924 -504.055054
v -361.508301 80.813179 -499.183716
v -369.525696 80.812035 -504.606659
v -369.848877 80.793266 -499.735321
v -361.185120 80.831924 -504.055054
v -361.508301 80.813179 -499.183716
v -369.525696 80.812035 -504.606659
v -369.848877 80.793266 -499.735321
v -319.482910 80.930908 -501.363770
v -320.263092 79.853493 -502.215912
v -311.142365 80.950821 -500.812134
v -310.251617 79.877365 -501.554016
v -319.482910 80.930908 -501.363770
v -320.263092 79.853493 -502.215912
v -311.142365 80.950821 -500.812134
v -310.251617 79.877365 -501.554016
v -361.185120 80.831924 -504.055054
v -360.289612 79.758736 -504.867737
v -361.508301 80.813179 -499.183716
v -360.727417 79.733337 -498.268646
v -361.185120 80.831924 -504.055054
v -360.289612 79.758736 -504.867737
v -361.508301 80.813179 -499.183716
v -360.727417 79.733337 -498.268646
v -108.286324 55.548492 -484.993256
v -106.501442 55.652069 -511.899689
v -93.945000 57.051437 -497.551575
v -350.715942 79.757202 -497.606628
v -360.727417 79.733337 -498.268646
v -350.278137 79.782631 -504.205627
v -360.289612 79.758736 -504.867737
v -350.715942 79.757202 -497.606628
v -360.727417 79.733337 -498.268646
v -350.278137 79.782631 -504.205627
v -360.289612 79.758736 -504.867737
v -350.283386 79.781891 -504.201324
v -340.271912 79.805763 -503.539215
v -350.721069 79.756485 -497.602142
v -340.709595 79.780357 -496.940033
v -350.283386 79.781891 -504.201324
v -340.271912 79.805763 -503.539215
v -350.721069 79.756485 -497.602142
v -340.709595 79.780357 -496.940033
v -381.521790 80.765137 -500.436157
v -380.736206 79.685600 -499.591858
v -389.862274 80.745270 -500.987610
v -390.747772 79.661728 -500.253967
v -381.521790 80.765137 -500.436157
v -380.736206 79.685600 -499.591858
v -389.862274 80.745270 -500.987610
v -390.747772 79.661728 -500.253967
v -339.819580 80.864182 -497.744629
v -340.709595 79.780357 -496.940033
v -339.496490 80.882950 -502.615967
v -340.271912 79.805763 -503.539215
v -339.819580 80.864182 -497.744629
v -340.709595 79.780357 -496.940033
v -339.496490 80.882950 -502.615967
v -340.271912 79.805763 -503.539215
v -81.381355 55.612671 -483.214050
v -93.945000 57.051437 -497.551575
v -79.596474 55.716225 -510.120483
v -339.819580 80.864182 -497.744629
v -339.496490 80.882950 -502.615967
v -331.479126 80.884087 -497.192993
v -331.155945 80.902817 -502.064514
v -339.819580 80.864182 -497.744629
v -339.496490 80.882950 -502.615967
v -331.479126 80.884087 -497.192993
v -331.155945 80.902817 -502.064514
v -331.155945 80.902817 -502.064514
v -330.260406 79.829643 -502.877228
v -331.479126 80.884087 -497.192993
v -330.698181 79.804237 -496.278015
v -331.155945 80.902817 -502.064514
v -330.260406 79.829643 -502.877228
v -331.479126 80.884087 -497.192993
v -330.698181 79.804237 -496.278015
v -79.601692 55.715504 -510.115997
v -67.048866 58.533947 -495.762543
v -81.386589 55.611954 -483.209595
v -330.698181 79.804237 -496.278015
v -330.260406 79.829643 -502.877228
v -320.700806 79.828087 -495.616913
v -320.263092 79.853493 -502.215912
v -330.698181 79.804237 -496.278015
v -330.260406 79.829643 -502.877228
v -320.700806 79.828087 -495.616913
v -320.263092 79.853493 -502.215912
v -361.508301 80.813179 -499.183716
v -360.727417 79.733337 -498.268646
v -369.848877 80.793266 -499.735321
v -370.738892 79.709442 -498.930756
v -361.508301 80.813179 -499.183716
v -360.727417 79.733337 -498.268646
v -369.848877 80.793266 -499.735321
v -370.738892 79.709442 -498.930756
v -319.815582 80.911667 -496.350494
v -320.700806 79.828087 -495.616913
v -319.482910 80.930908 -501.363770
v -320.263092 79.853493 -502.215912
v -319.815582 80.911667 -496.350494
v -320.700806 79.828087 -495.616913
v -319.482910 80.930908 -501.363770
v -320.263092 79.853493 -502.215912
v -319.815582 80.911667 -496.350494
v -319.482910 80.930908 -501.363770
v -311.475006 80.931526 -495.799042
v -311.142365 80.950821 -500.812134
v -302.263367 68.547806 -494.442017
v -302.290863 79.332748 -494.401459
v -301.825653 68.573189 -501.041016
v -301.853088 79.358124 -501.000732
v -319.815582 80.911667 -496.350494
v -319.482910 80.930908 -501.363770
v -311.475006 80.931526 -495.799042
v -311.142365 80.950821 -500.812134
v -302.263367 68.547806 -494.442017
v -302.290863 79.332748 -494.401459
v -301.825653 68.573189 -501.041016
v -301.853088 79.358124 -501.000732
v -311.142365 80.950821 -500.812134
v -310.251617 79.877365 -501.554016
v -311.475006 80.931526 -495.799042
v -310.689331 79.851982 -494.954834
v -311.142365 80.950821 -500.812134
v -310.251617 79.877365 -501.554016
v -311.475006 80.931526 -495.799042
v -310.689331 79.851982 -494.954834
v -54.481506 55.676128 -481.430359
v -67.048866 58.533947 -495.762543
v -52.696716 55.779659 -508.336792
v -310.689331 79.851982 -494.954834
v -310.251617 79.877365 -501.554016
v -300.677856 79.875854 -494.292725
v -300.240051 79.901291 -500.891724
v -310.689331 79.851982 -494.954834
v -310.251617 79.877365 -501.554016
v -300.677856 79.875854 -494.292725
v -300.240051 79.901291 -500.891724
v -399.611084 68.288788 -493.388641
v -399.116028 68.317505 -500.851746
v -399.638672 79.073730 -493.348267
v -399.143616 79.102478 -500.811188
v -399.611084 68.288788 -493.388641
v -399.116028 68.317505 -500.851746
v -399.638672 79.073730 -493.348267
v -399.143616 79.102478 -500.811188
v -54.481506 55.676128 -481.430359
v -52.696716 55.779659 -508.336792
v -40.129456 52.921829 -494.004669
v -302.290863 79.332748 -494.401459
v -300.677856 79.875854 -494.292725
v -301.853088 79.358124 -501.000732
v -300.240051 79.901291 -500.891724
v -302.290863 79.332748 -494.401459
v -300.677856 79.875854 -494.292725
v -301.853088 79.358124 -501.000732
v -300.240051 79.901291 -500.891724
v -331.479126 80.884087 -497.192993
v -330.698181 79.804237 -496.278015
v -339.819580 80.864182 -497.744629
v -340.709595 79.780357 -496.940033
v -331.479126 80.884087 -497.192993
v -330.698181 79.804237 -496.278015
v -339.819580 80.864182 -497.744629
v -340.709595 79.780357 -496.940033
v -401.361328 79.602921 -491.838684
v -399.638672 79.073730 -493.348267
v -400.759155 79.637848 -500.915955
v -399.143616 79.102478 -500.811188
v -401.361328 79.602921 -491.838684
v -399.638672 79.073730 -493.348267
v -400.759155 79.637848 -500.915955
v -399.143616 79.102478 -500.811188
v -25.791733 55.843834 -506.557587
v -27.576538 55.740295 -479.651062
v -40.129456 52.921829 -494.004669
v 27.993042 69.452690 -502.943726
v 26.207977 69.349129 -476.037415
v 1.122162 55.907322 -504.773529
v 27.993042 69.452690 -502.943726
v 26.207977 69.349129 -476.037415
v 1.122162 55.907322 -504.773529
v -390.747772 79.661728 -500.253967
v -391.349762 79.626793 -491.176575
v -400.759155 79.637848 -500.915955
v -401.361328 79.602921 -491.838684
v -390.747772 79.661728 -500.253967
v -391.349762 79.626793 -491.176575
v -400.759155 79.637848 -500.915955
v -401.361328 79.602921 -491.838684
v -25.782730 55.843147 -506.552734
v -14.019363 54.399696 -491.514435
v -27.567612 55.739594 -479.646484
v -25.782730 55.843147 -506.552734
v -14.019363 54.399696 -491.514435
v -27.567612 55.739594 -479.646484
v -311.475006 80.931526 -495.799042
v -310.689331 79.851982 -494.954834
v -319.815582 80.911667 -496.350494
v -320.700806 79.828087 -495.616913
v -311.475006 80.931526 -495.799042
v -310.689331 79.851982 -494.954834
v -319.815582 80.911667 -496.350494
v -320.700806 79.828087 -495.616913
v -380.736206 79.685600 -499.591858
v -381.338379 79.650696 -490.514465
v -390.747772 79.661728 -500.253967
v -391.349762 79.626793 -491.176575
v -380.736206 79.685600 -499.591858
v -381.338379 79.650696 -490.514465
v -390.747772 79.661728 -500.253967
v -391.349762 79.626793 -491.176575
v -370.738892 79.709442 -498.930756
v -371.341064 79.674515 -489.853363
v -380.736206 79.685600 -499.591858
v -381.338379 79.650696 -490.514465
v -370.738892 79.709442 -498.930756
v -371.341064 79.674515 -489.853363
v -380.736206 79.685600 -499.591858
v -381.338379 79.650696 -490.514465
v -3.494705 55.797020 -478.054443
v -14.019363 54.399696 -491.514435
v 1.122162 55.907322 -504.773529
v -3.494705 55.797020 -478.054443
v -14.019363 54.399696 -491.514435
v 1.122162 55.907322 -504.773529
v -360.727417 79.733337 -498.268646
v -361.329590 79.698425 -489.191162
v -370.738892 79.709442 -498.930756
v -371.341064 79.674515 -489.853363
v -360.727417 79.733337 -498.268646
v -361.329590 79.698425 -489.191162
v -370.738892 79.709442 -498.930756
v -371.341064 79.674515 -489.853363
v -391.241394 79.093758 -492.793030
v -391.213989 68.308815 -492.833405
v -399.638672 79.073730 -493.348267
v -399.611084 68.288788 -493.388641
v -391.241394 79.093758 -492.793030
v -391.213989 68.308815 -492.833405
v -399.638672 79.073730 -493.348267
v -399.611084 68.288788 -493.388641
v -108.286324 55.548492 -484.993256
v -132.359131 55.491089 -486.585327
v -119.423073 52.733421 -499.253052
v -381.229797 79.117630 -492.130920
v -381.202393 68.332687 -492.171295
v -391.241394 79.093758 -492.793030
v -391.213989 68.308815 -492.833405
v -361.329590 79.698425 -489.191162
v -360.727417 79.733337 -498.268646
v -351.318115 79.722298 -488.529236
v -350.715942 79.757202 -497.606628
v -381.229797 79.117630 -492.130920
v -381.202393 68.332687 -492.171295
v -391.241394 79.093758 -492.793030
v -391.213989 68.308815 -492.833405
v -361.329590 79.698425 -489.191162
v -360.727417 79.733337 -498.268646
v -351.318115 79.722298 -488.529236
v -350.715942 79.757202 -497.606628
v -340.709595 79.780357 -496.940033
v -341.311768 79.745430 -487.862762
v -350.721069 79.756485 -497.602142
v -351.323242 79.721550 -488.524780
v -340.709595 79.780357 -496.940033
v -341.311768 79.745430 -487.862762
v -350.721069 79.756485 -497.602142
v -351.323242 79.721550 -488.524780
v -371.232483 79.141525 -491.469604
v -371.205170 68.356552 -491.510193
v -381.229797 79.117630 -492.130920
v -381.202393 68.332687 -492.171295
v -371.232483 79.141525 -491.469604
v -371.205170 68.356552 -491.510193
v -381.229797 79.117630 -492.130920
v -381.202393 68.332687 -492.171295
v -391.349762 79.626793 -491.176575
v -391.241394 79.093758 -492.793030
v -401.361328 79.602921 -491.838684
v -399.638672 79.073730 -493.348267
v -391.349762 79.626793 -491.176575
v -391.241394 79.093758 -492.793030
v -401.361328 79.602921 -491.838684
v -399.638672 79.073730 -493.348267
v -341.311768 79.745430 -487.862762
v -340.709595 79.780357 -496.940033
v -331.300293 79.769310 -487.200653
v -330.698181 79.804237 -496.278015
v -341.311768 79.745430 -487.862762
v -340.709595 79.780357 -496.940033
v -331.300293 79.769310 -487.200653
v -330.698181 79.804237 -496.278015
v -361.221100 79.165359 -490.807770
v -361.193695 68.380424 -490.848083
v -371.232483 79.141525 -491.469604
v -371.205170 68.356552 -491.510193
v -361.221100 79.165359 -490.807770
v -361.193695 68.380424 -490.848083
v -371.232483 79.141525 -491.469604
v -371.205170 68.356552 -491.510193
v -381.338379 79.650696 -490.514465
v -381.229797 79.117630 -492.130920
v -391.349762 79.626793 -491.176575
v -391.241394 79.093758 -492.793030
v -381.338379 79.650696 -490.514465
v -381.229797 79.117630 -492.130920
v -391.349762 79.626793 -491.176575
v -391.241394 79.093758 -492.793030
v -108.286324 55.548492 -484.993256
v -93.945000 57.051437 -497.551575
v -81.381355 55.612671 -483.214050
v -302.290863 79.332748 -494.401459
v -302.263367 68.547806 -494.442017
v -302.785919 79.304024 -486.938538
v -302.758423 68.519081 -486.978912
v -302.290863 79.332748 -494.401459
v -302.263367 68.547806 -494.442017
v -302.785919 79.304024 -486.938538
v -302.758423 68.519081 -486.978912
v -331.300293 79.769310 -487.200653
v -330.698181 79.804237 -496.278015
v -321.302979 79.793152 -486.539551
v -320.700806 79.828087 -495.616913
v -331.300293 79.769310 -487.200653
v -330.698181 79.804237 -496.278015
v -321.302979 79.793152 -486.539551
v -320.700806 79.828087 -495.616913
v -361.193695 68.380424 -490.848083
v -361.221100 79.165359 -490.807770
v -351.182129 68.404289 -490.186066
v -351.209625 79.189232 -490.145691
v -361.193695 68.380424 -490.848083
v -361.221100 79.165359 -490.807770
v -351.182129 68.404289 -490.186066
v -351.209625 79.189232 -490.145691
v -371.341064 79.674515 -489.853363
v -371.232483 79.141525 -491.469604
v -381.338379 79.650696 -490.514465
v -381.229797 79.117630 -492.130920
v -371.341064 79.674515 -489.853363
v -371.232483 79.141525 -491.469604
v -381.338379 79.650696 -490.514465
v -381.229797 79.117630 -492.130920
v 27.987991 69.449936 -502.953369
v 35.068207 69.466835 -502.485046
v 26.203110 69.346375 -476.047058
v 33.283325 69.363258 -475.578796
v 27.987991 69.449936 -502.953369
v 35.068207 69.466835 -502.485046
v 26.203110 69.346375 -476.047058
v 33.283325 69.363258 -475.578796
v -341.203308 79.212410 -489.479126
v -341.175873 68.427437 -489.519653
v -351.214844 79.188515 -490.141205
v -351.187347 68.403587 -490.181580
v -321.302979 79.793152 -486.539551
v -320.700806 79.828087 -495.616913
v -311.291504 79.817024 -485.877441
v -310.689331 79.851982 -494.954834
v -341.203308 79.212410 -489.479126
v -341.175873 68.427437 -489.519653
v -351.214844 79.188515 -490.141205
v -351.187347 68.403587 -490.181580
v -321.302979 79.793152 -486.539551
v -320.700806 79.828087 -495.616913
v -311.291504 79.817024 -485.877441
v -310.689331 79.851982 -494.954834
v -361.329590 79.698425 -489.191162
v -361.221100 79.165359 -490.807770
v -371.341064 79.674515 -489.853363
v -371.232483 79.141525 -491.469604
v -361.329590 79.698425 -489.191162
v -361.221100 79.165359 -490.807770
v -371.341064 79.674515 -489.853363
v -371.232483 79.141525 -491.469604
v -300.677856 79.875854 -494.292725
v -302.290863 79.332748 -494.401459
v -301.280029 79.840904 -485.215424
v -302.785919 79.304024 -486.938538
v -300.677856 79.875854 -494.292725
v -302.290863 79.332748 -494.401459
v -301.280029 79.840904 -485.215424
v -302.785919 79.304024 -486.938538
v -341.175873 68.427437 -489.519653
v -341.203308 79.212410 -489.479126
v -331.164398 68.451340 -488.857361
v -331.191895 79.236275 -488.817078
v -301.280029 79.840904 -485.215424
v -311.291504 79.817024 -485.877441
v -300.677856 79.875854 -494.292725
v -310.689331 79.851982 -494.954834
v -341.175873 68.427437 -489.519653
v -341.203308 79.212410 -489.479126
v -331.164398 68.451340 -488.857361
v -331.191895 79.236275 -488.817078
v -301.280029 79.840904 -485.215424
v -311.291504 79.817024 -485.877441
v -300.677856 79.875854 -494.292725
v -310.689331 79.851982 -494.954834
v -54.481506 55.676128 -481.430359
v -81.386589 55.611954 -483.209595
v -67.048866 58.533947 -495.762543
v -361.221100 79.165359 -490.807770
v -361.329590 79.698425 -489.191162
v -351.209625 79.189232 -490.145691
v -351.318115 79.722298 -488.529236
v -361.221100 79.165359 -490.807770
v -361.329590 79.698425 -489.191162
v -351.209625 79.189232 -490.145691
v -351.318115 79.722298 -488.529236
v -331.164398 68.451340 -488.857361
v -331.191895 79.236275 -488.817078
v -321.167084 68.475151 -488.196442
v -321.194580 79.260117 -488.155975
v -331.164398 68.451340 -488.857361
v -331.191895 79.236275 -488.817078
v -321.167084 68.475151 -488.196442
v -321.194580 79.260117 -488.155975
v -341.311768 79.745430 -487.862762
v -341.203308 79.212410 -489.479126
v -351.323242 79.721550 -488.524780
v -351.214844 79.188515 -490.141205
v -341.311768 79.745430 -487.862762
v -341.203308 79.212410 -489.479126
v -351.323242 79.721550 -488.524780
v -351.214844 79.188515 -490.141205
v 1.122162 55.907322 -504.773529
v 26.207977 69.349129 -476.037415
v -3.494705 55.797020 -478.054443
v 1.122162 55.907322 -504.773529
v 26.207977 69.349129 -476.037415
v -3.494705 55.797020 -478.054443
v -321.167084 68.475151 -488.196442
v -321.194580 79.260117 -488.155975
v -311.155609 68.499069 -487.534241
v -311.183014 79.284012 -487.493866
v -321.167084 68.475151 -488.196442
v -321.194580 79.260117 -488.155975
v -311.155609 68.499069 -487.534241
v -311.183014 79.284012 -487.493866
v -341.203308 79.212410 -489.479126
v -341.311768 79.745430 -487.862762
v -331.191895 79.236275 -488.817078
v -331.300293 79.769310 -487.200653
v -341.203308 79.212410 -489.479126
v -341.311768 79.745430 -487.862762
v -331.191895 79.236275 -488.817078
v -331.300293 79.769310 -487.200653
v -54.481506 55.676128 -481.430359
v -40.129456 52.921829 -494.004669
v -27.576538 55.740295 -479.651062
v -311.155609 68.499069 -487.534241
v -311.183014 79.284012 -487.493866
v -302.758423 68.519081 -486.978912
v -302.785919 79.304024 -486.938538
v -311.155609 68.499069 -487.534241
v -311.183014 79.284012 -487.493866
v -302.758423 68.519081 -486.978912
v -302.785919 79.304024 -486.938538
v 74.717712 69.561378 -499.863098
v 81.797943 69.578285 -499.394867
v 72.932831 69.457848 -472.956665
v 80.013062 69.474716 -472.488525
v 74.717712 69.561378 -499.863098
v 81.797943 69.578285 -499.394867
v 72.932831 69.457848 -472.956665
v 80.013062 69.474716 -472.488525
v -331.191895 79.236275 -488.817078
v -331.300293 79.769310 -487.200653
v -321.194580 79.260117 -488.155975
v -321.302979 79.793152 -486.539551
v -331.191895 79.236275 -488.817078
v -331.300293 79.769310 -487.200653
v -321.194580 79.260117 -488.155975
v -321.302979 79.793152 -486.539551
v -321.194580 79.260117 -488.155975
v -321.302979 79.793152 -486.539551
v -311.183014 79.284012 -487.493866
v -311.291504 79.817024 -485.877441
v -321.194580 79.260117 -488.155975
v -321.302979 79.793152 -486.539551
v -311.183014 79.284012 -487.493866
v -311.291504 79.817024 -485.877441
v -27.567612 55.739594 -479.646484
v -14.019363 54.399696 -491.514435
v -3.494705 55.797020 -478.054443
v -27.567612 55.739594 -479.646484
v -14.019363 54.399696 -491.514435
v -3.494705 55.797020 -478.054443
v -301.280029 79.840904 -485.215424
v -302.785919 79.304024 -486.938538
v -311.291504 79.817024 -485.877441
v -311.183014 79.284012 -487.493866
v -301.280029 79.840904 -485.215424
v -302.785919 79.304024 -486.938538
v -311.291504 79.817024 -485.877441
v -311.183014 79.284012 -487.493866
v -108.286324 55.548492 -484.993256
v -121.222389 58.306160 -472.325500
v -132.359131 55.491089 -486.585327
v -108.286324 55.548492 -484.993256
v -81.381355 55.612671 -483.214050
v -95.722588 54.109741 -470.655823
v -54.481506 55.676128 -481.430359
v -68.822853 54.173195 -468.872131
v -81.386589 55.611954 -483.209595
v -406.055939 68.206917 -477.608093
v -352.246094 68.335274 -474.049500
v -409.625702 67.999817 -423.795349
v -355.815765 68.128189 -420.236664
v -406.055939 68.206917 -477.608093
v -352.246094 68.335274 -474.049500
v -409.625702 67.999817 -423.795349
v -355.815765 68.128189 -420.236664
v -54.481506 55.676128 -481.430359
v -27.576538 55.740295 -479.651062
v -41.925079 57.075508 -467.082153
v -3.494705 55.797020 -478.054443
v -15.715424 58.559158 -466.093201
v -27.567612 55.739594 -479.646484
v -3.494705 55.797020 -478.054443
v -15.715424 58.559158 -466.093201
v -27.567612 55.739594 -479.646484
v -352.246094 68.335274 -474.049500
v -298.436157 68.463615 -470.490997
v -355.815765 68.128189 -420.236664
v -302.005920 68.256523 -416.678223
v -134.144028 55.387524 -459.678955
v -132.359131 55.491089 -486.585327
v -121.222389 58.306160 -472.325500
v -134.144028 55.387524 -459.678955
v -137.010468 68.861961 -459.815552
v -132.359131 55.491089 -486.585327
v -135.225555 68.965530 -486.722076
v -108.286324 55.548492 -484.993256
v -110.071129 55.444950 -458.086945
v -121.222389 58.306160 -472.325500
v -108.286324 55.548492 -484.993256
v -95.722588 54.109741 -470.655823
v -110.071129 55.444950 -458.086945
v -83.166145 55.509129 -456.307739
v -95.722588 54.109741 -470.655823
v -81.381355 55.612671 -483.214050
v 81.792725 69.577538 -499.390381
v 81.751587 85.754990 -499.329681
v 78.222931 69.370445 -445.577637
v 78.181824 85.547874 -445.516907
v 81.792725 69.577538 -499.390381
v 81.751587 85.754990 -499.329681
v 78.222931 69.370445 -445.577637
v 78.181824 85.547874 -445.516907
v 81.792725 69.577538 -499.390381
v 81.751587 85.754990 -499.329681
v 78.222931 69.370445 -445.577637
v 78.181824 85.547874 -445.516907
v 81.792725 69.577538 -499.390381
v 81.751587 85.754990 -499.329681
v 78.222931 69.370445 -445.577637
v 78.181824 85.547874 -445.516907
v -83.171379 55.508389 -456.303253
v -81.386589 55.611954 -483.209595
v -68.822853 54.173195 -468.872131
v -298.436157 68.463615 -470.490997
v -244.626190 68.591972 -466.932556
v -302.005920 68.256523 -416.678223
v -248.195969 68.384872 -413.119720
v -54.481506 55.676128 -481.430359
v -56.266403 55.572567 -454.524048
v -68.822853 54.173195 -468.872131
v 89.003143 90.753250 -498.830658
v 85.433380 90.546150 -445.017792
v 81.751587 85.754990 -499.329681
v 78.181824 85.547874 -445.516907
v 89.003143 90.753250 -498.830658
v 85.433380 90.546150 -445.017792
v 81.751587 85.754990 -499.329681
v 78.181824 85.547874 -445.516907
v -3.494705 55.797020 -478.054443
v 26.207977 69.349129 -476.037415
v -2.447525 55.700230 -450.960785
v -3.494705 55.797020 -478.054443
v 26.207977 69.349129 -476.037415
v -2.447525 55.700230 -450.960785
v -54.481506 55.676128 -481.430359
v -41.925079 57.075508 -467.082153
v -56.266403 55.572567 -454.524048
v 98.950317 93.842178 -498.160889
v 95.380554 93.635086 -444.348114
v 89.003143 90.753250 -498.830658
v 85.433380 90.546150 -445.017792
v 98.950317 93.842178 -498.160889
v 95.380554 93.635086 -444.348114
v 89.003143 90.753250 -498.830658
v 85.433380 90.546150 -445.017792
v -29.361420 55.636734 -452.744720
v -41.925079 57.075508 -467.082153
v -27.576538 55.740295 -479.651062
v -27.567612 55.739594 -479.646484
v -15.715424 58.559158 -466.093201
v -29.352402 55.636051 -452.739990
v -27.567612 55.739594 -479.646484
v -15.715424 58.559158 -466.093201
v -29.352402 55.636051 -452.739990
v 108.633484 94.901237 -497.516296
v 105.063721 94.694115 -443.703583
v 98.950317 93.842178 -498.160889
v 95.380554 93.635086 -444.348114
v 108.633484 94.901237 -497.516296
v 105.063721 94.694115 -443.703583
v 98.950317 93.842178 -498.160889
v 95.380554 93.635086 -444.348114
v -244.626190 68.591972 -466.932556
v -190.816254 68.720322 -463.374054
v -248.195969 68.384872 -413.119720
v -194.385925 68.513199 -409.561310
v 118.321869 93.888390 -496.879822
v 114.752106 93.681305 -443.066986
v 108.633484 94.901237 -497.516296
v 105.063721 94.694115 -443.703583
v 118.321869 93.888390 -496.879822
v 114.752106 93.681305 -443.066986
v 108.633484 94.901237 -497.516296
v 105.063721 94.694115 -443.703583
v 135.561554 85.883324 -495.771240
v 131.991943 85.676216 -441.958405
v 127.208435 90.844406 -496.304047
v 123.638672 90.637291 -442.491302
v 127.208435 90.844406 -496.304047
v 123.638672 90.637291 -442.491302
v 118.321869 93.888390 -496.879822
v 114.752106 93.681305 -443.066986
v 135.561554 85.883324 -495.771240
v 131.991943 85.676216 -441.958405
v 127.208435 90.844406 -496.304047
v 123.638672 90.637291 -442.491302
v 127.208435 90.844406 -496.304047
v 123.638672 90.637291 -442.491302
v 118.321869 93.888390 -496.879822
v 114.752106 93.681305 -443.066986
v -2.447525 55.700230 -450.960785
v -15.715424 58.559158 -466.093201
v -3.494705 55.797020 -478.054443
v -2.447525 55.700230 -450.960785
v -15.715424 58.559158 -466.093201
v -3.494705 55.797020 -478.054443
v -134.144028 55.387524 -459.678955
v -121.222389 58.306160 -472.325500
v -110.071129 55.444950 -458.086945
v -190.816254 68.720322 -463.374054
v -137.006317 68.848679 -459.815460
v -194.385925 68.513199 -409.561310
v -140.575989 68.641571 -406.002625
v -83.166145 55.509129 -456.307739
v -110.071129 55.444950 -458.086945
v -95.722588 54.109741 -470.655823
v 31.498627 69.259712 -448.672455
v 24.418228 69.242828 -449.140503
v 33.283325 69.363258 -475.578796
v 26.203110 69.346375 -476.047058
v 31.498627 69.259712 -448.672455
v 24.418228 69.242828 -449.140503
v 33.283325 69.363258 -475.578796
v 26.203110 69.346375 -476.047058
v -83.171379 55.508389 -456.303253
v -68.822853 54.173195 -468.872131
v -56.266403 55.572567 -454.524048
v -56.266403 55.572567 -454.524048
v -41.925079 57.075508 -467.082153
v -29.361420 55.636734 -452.744720
v 78.228180 69.371162 -445.582092
v 71.147949 69.354279 -446.050323
v 80.013062 69.474716 -472.488525
v 72.932831 69.457848 -472.956665
v 78.228180 69.371162 -445.582092
v 71.147949 69.354279 -446.050323
v 80.013062 69.474716 -472.488525
v 72.932831 69.457848 -472.956665
v 24.423279 69.245613 -449.130890
v -2.447525 55.700230 -450.960785
v 26.207977 69.349129 -476.037415
v 24.423279 69.245613 -449.130890
v -2.447525 55.700230 -450.960785
v 26.207977 69.349129 -476.037415
v -29.352402 55.636051 -452.739990
v -15.715424 58.559158 -466.093201
v -2.447525 55.700230 -450.960785
v -29.352402 55.636051 -452.739990
v -15.715424 58.559158 -466.093201
v -2.447525 55.700230 -450.960785
v -134.151611 55.383396 -459.671906
v -110.078789 55.440792 -458.079956
v -123.000435 52.522190 -445.433350
v -83.173729 55.505005 -456.300659
v -97.522270 56.840191 -443.731750
v -110.078789 55.440792 -458.079956
v -83.164803 55.504288 -456.295990
v -56.259811 55.568489 -454.516602
v -70.611977 58.322739 -441.942474
v -29.354843 55.632641 -452.737396
v -43.692474 52.710636 -440.184479
v -56.259811 55.568489 -454.516602
v 24.423630 69.233704 -449.140015
v 78.233582 69.362045 -445.581512
v 20.853851 69.026611 -395.327271
v 74.663788 69.154968 -391.768646
v -2.454834 55.694065 -450.967804
v -17.596436 54.186436 -437.708710
v -29.359802 55.629887 -452.747009
v -134.151611 55.383396 -459.671906
v -123.000435 52.522190 -445.433350
v -135.936493 55.279858 -432.765381
v -137.018036 68.857826 -459.808594
v -134.151611 55.383396 -459.671906
v -138.802826 68.754265 -432.902252
v -135.936493 55.279858 -432.765381
v -111.863594 55.337261 -431.173523
v -123.000435 52.522190 -445.433350
v -110.078789 55.440792 -458.079956
v -111.863594 55.337261 -431.173523
v -110.078789 55.440792 -458.079956
v -97.522270 56.840191 -443.731750
v -84.958611 55.401463 -429.394135
v -97.522270 56.840191 -443.731750
v -83.173729 55.505005 -456.300659
v -83.164803 55.504288 -456.295990
v -70.611977 58.322739 -441.942474
v -84.949593 55.400734 -429.389557
v -58.044617 55.464912 -427.610352
v -70.611977 58.322739 -441.942474
v -56.259811 55.568489 -454.516602
v -58.044617 55.464912 -427.610352
v -56.259811 55.568489 -454.516602
v -43.692474 52.710636 -440.184479
v -29.354843 55.632641 -452.737396
v -31.139725 55.529083 -425.831055
v -43.692474 52.710636 -440.184479
v 24.415878 69.239426 -449.137939
v 22.630997 69.135887 -422.231598
v -2.454834 55.694065 -450.967804
v -29.359802 55.629887 -452.747009
v -17.596436 54.186436 -437.708710
v -31.144684 55.526321 -425.840698
v -7.071793 55.583763 -424.248718
v -17.596436 54.186436 -437.708710
v -2.454834 55.694065 -450.967804
v -111.863594 55.337261 -431.173523
v -135.936493 55.279858 -432.765381
v -123.000435 52.522190 -445.433350
v -111.863594 55.337261 -431.173523
v -97.522270 56.840191 -443.731750
v -84.958611 55.401463 -429.394135
v 24.410645 69.238708 -449.133453
v 31.491043 69.255562 -448.665405
v 22.625763 69.135132 -422.227203
v 29.705978 69.152046 -421.758881
v -58.044617 55.464912 -427.610352
v -84.949593 55.400734 -429.389557
v -70.611977 58.322739 -441.942474
v -2.454834 55.694065 -450.967804
v 22.630997 69.135887 -422.231598
v -7.071793 55.583763 -424.248718
v -58.044617 55.464912 -427.610352
v -43.692474 52.710636 -440.184479
v -31.139725 55.529083 -425.831055
v 71.140381 69.350151 -446.043274
v 78.220581 69.367043 -445.575043
v 69.355499 69.246590 -419.136932
v 76.435699 69.263474 -418.668701
v -31.144684 55.526321 -425.840698
v -17.596436 54.186436 -437.708710
v -7.071793 55.583763 -424.248718
v -111.863594 55.337261 -431.173523
v -124.799660 58.094929 -418.505585
v -135.936493 55.279858 -432.765381
v -111.863594 55.337261 -431.173523
v -84.958611 55.401463 -429.394135
v -99.299934 53.898499 -416.835999
v -58.044617 55.464912 -427.610352
v -72.386040 53.962006 -415.051941
v -84.949593 55.400734 -429.389557
v -58.044617 55.464912 -427.610352
v -31.139725 55.529083 -425.831055
v -45.488174 56.864319 -413.262177
v -7.071793 55.583763 -424.248718
v -19.292511 58.345856 -412.287445
v -31.144684 55.526321 -425.840698
v -137.721375 55.176277 -405.859161
v -135.936493 55.279858 -432.765381
v -124.799660 58.094929 -418.505585
v -137.721375 55.176277 -405.859161
v -140.587708 68.650742 -405.995728
v -135.936493 55.279858 -432.765381
v -138.802826 68.754265 -432.902252
v -355.815765 68.128189 -420.236664
v -302.005920 68.256523 -416.678223
v -359.385559 67.921074 -366.423889
v -305.575592 68.049431 -362.865479
v -111.863594 55.337261 -431.173523
v -113.648476 55.233734 -404.267120
v -124.799660 58.094929 -418.505585
v -111.863594 55.337261 -431.173523
v -99.299934 53.898499 -416.835999
v -113.648476 55.233734 -404.267120
v -86.743507 55.297886 -402.487885
v -99.299934 53.898499 -416.835999
v -84.958611 55.401463 -429.394135
v 78.229614 69.366348 -445.570374
v 78.188477 85.543770 -445.509674
v 74.659821 69.159248 -391.757629
v 74.618713 85.336678 -391.696930
v 78.229614 69.366348 -445.570374
v 78.188477 85.543770 -445.509674
v 74.659821 69.159248 -391.757629
v 74.618713 85.336678 -391.696930
v 78.229614 69.366348 -445.570374
v 78.188477 85.543770 -445.509674
v 74.659821 69.159248 -391.757629
v 74.618713 85.336678 -391.696930
v 78.229614 69.366348 -445.570374
v 78.188477 85.543770 -445.509674
v 74.659821 69.159248 -391.757629
v 74.618713 85.336678 -391.696930
v -86.734489 55.297188 -402.483246
v -84.949593 55.400734 -429.389557
v -72.386040 53.962006 -415.051941
v -302.005920 68.256523 -416.678223
v -248.195969 68.384872 -413.119720
v -305.575592 68.049431 -362.865479
v -251.765656 68.177773 -359.306976
v -58.044617 55.464912 -427.610352
v -59.829498 55.361370 -400.704041
v -72.386040 53.962006 -415.051941
v 74.618713 85.336678 -391.696930
v 78.188477 85.543770 -445.509674
v 81.870453 90.334946 -391.197906
v 85.440216 90.542038 -445.010651
v 74.618713 85.336678 -391.696930
v 78.188477 85.543770 -445.509674
v 81.870453 90.334946 -391.197906
v 85.440216 90.542038 -445.010651
v -7.071793 55.583763 -424.248718
v 22.630997 69.135887 -422.231598
v -6.024612 55.486961 -397.154968
v -58.044617 55.464912 -427.610352
v -45.488174 56.864319 -413.262177
v -59.829498 55.361370 -400.704041
v 95.387238 93.630989 -444.340698
v 91.817444 93.423897 -390.527954
v 85.440216 90.542038 -445.010651
v 81.870453 90.334946 -391.197906
v 95.387238 93.630989 -444.340698
v 91.817444 93.423897 -390.527954
v 85.440216 90.542038 -445.010651
v 81.870453 90.334946 -391.197906
v -32.924530 55.425552 -398.924652
v -45.488174 56.864319 -413.262177
v -31.139725 55.529083 -425.831055
v -31.144684 55.526321 -425.840698
v -19.292511 58.345856 -412.287445
v -32.929489 55.422794 -398.934265
v -329.288269 68.181145 -412.952972
v -329.301941 73.573608 -412.932739
v -350.812256 68.129791 -414.376343
v -350.825928 73.522285 -414.356110
v 105.070190 94.690018 -443.696320
v 101.500610 94.482925 -389.883575
v 95.387238 93.630989 -444.340698
v 91.817444 93.423897 -390.527954
v 105.070190 94.690018 -443.696320
v 101.500610 94.482925 -389.883575
v 95.387238 93.630989 -444.340698
v 91.817444 93.423897 -390.527954
v -248.195969 68.384872 -413.119720
v -194.385925 68.513199 -409.561310
v -251.765656 68.177773 -359.306976
v -197.955704 68.306107 -355.748535
v 114.758759 93.677200 -443.059631
v 111.188995 93.470108 -389.246887
v 105.070190 94.690018 -443.696320
v 101.500610 94.482925 -389.883575
v 114.758759 93.677200 -443.059631
v 111.188995 93.470108 -389.246887
v 105.070190 94.690018 -443.696320
v 101.500610 94.482925 -389.883575
v -6.024612 55.486961 -397.154968
v -19.292511 58.345856 -412.287445
v -7.071793 55.583763 -424.248718
v 131.998444 85.672104 -441.951263
v 128.428650 85.465012 -388.138489
v 123.645142 90.633186 -442.484039
v 120.075378 90.426071 -388.671295
v 123.645142 90.633186 -442.484039
v 120.075378 90.426071 -388.671295
v 114.758759 93.677200 -443.059631
v 111.188995 93.470108 -389.246887
v 131.998444 85.672104 -441.951263
v 128.428650 85.465012 -388.138489
v 123.645142 90.633186 -442.484039
v 120.075378 90.426071 -388.671295
v 123.645142 90.633186 -442.484039
v 120.075378 90.426071 -388.671295
v 114.758759 93.677200 -443.059631
v 111.188995 93.470108 -389.246887
v -307.777985 73.624985 -411.509216
v -329.301941 73.573608 -412.932739
v -307.764282 68.232498 -411.529541
v -329.288269 68.181145 -412.952972
v 128.423615 85.462265 -388.148041
v 131.993378 85.669342 -441.960876
v 135.395447 94.773880 -387.650421
v 138.965210 94.980980 -441.463348
v 128.423615 85.462265 -388.148041
v 131.993378 85.669342 -441.960876
v 135.395447 94.773880 -387.650421
v 138.965210 94.980980 -441.463348
v -137.721375 55.176277 -405.859161
v -124.799660 58.094929 -418.505585
v -113.648476 55.233734 -404.267120
v -229.768356 68.431374 -410.814453
v -229.790359 77.059326 -410.782104
v -231.920792 68.426254 -410.956757
v -231.942795 77.054192 -410.924500
v -231.920792 68.426254 -410.956757
v -231.942795 77.054192 -410.924500
v -239.666672 68.407745 -411.469025
v -239.348267 77.031822 -410.134094
v -350.812256 68.129791 -414.376343
v -350.825928 73.522285 -414.356110
v -351.286621 68.102280 -407.224915
v -351.314026 78.887238 -407.184448
v -226.752243 68.438545 -410.615051
v -226.774155 77.066528 -410.582611
v -229.768356 68.431374 -410.814453
v -229.790359 77.059326 -410.782104
v 148.097046 101.218338 -440.835052
v 144.527283 101.011215 -387.022278
v 138.965210 94.980980 -441.463348
v 135.395447 94.773880 -387.650421
v 148.097046 101.218338 -440.835052
v 144.527283 101.011215 -387.022278
v 138.965210 94.980980 -441.463348
v 135.395447 94.773880 -387.650421
v -194.385925 68.513199 -409.561310
v -140.575989 68.641571 -406.002625
v -197.955704 68.306107 -355.748535
v -144.145767 68.434448 -352.190033
v -86.743507 55.297886 -402.487885
v -113.648476 55.233734 -404.267120
v -99.299934 53.898499 -416.835999
v -210.127823 68.478195 -409.515686
v -210.149734 77.106178 -409.483276
v -212.280167 68.473061 -409.657990
v -212.302170 77.101044 -409.625580
v -212.280167 68.473061 -409.657990
v -212.302170 77.101044 -409.625580
v -220.025955 68.454605 -410.170197
v -219.707642 77.078659 -408.835236
v -329.790070 78.938583 -405.761078
v -351.314026 78.887238 -407.184448
v -329.301941 73.573608 -412.932739
v -350.825928 73.522285 -414.356110
v -207.111618 68.485397 -409.316132
v -207.133530 77.113380 -409.283691
v -210.127823 68.478195 -409.515686
v -210.149734 77.106178 -409.483276
v 158.853455 103.429382 -440.115143
v 155.283691 103.222260 -386.302399
v 148.097046 101.218338 -440.835052
v 144.527283 101.011215 -387.022278
v 158.853455 103.429382 -440.115143
v 155.283691 103.222260 -386.302399
v 148.097046 101.218338 -440.835052
v 144.527283 101.011215 -387.022278
v -264.770966 68.328743 -407.729126
v -264.781891 72.642723 -407.712952
v -297.056946 68.251717 -409.864288
v -297.067932 72.565720 -409.848022
v 175.214844 94.868851 -385.017212
v 178.784424 95.075958 -438.829987
v 182.233551 85.590622 -384.589447
v 185.803345 85.797714 -438.402191
v 175.214844 94.868851 -385.017212
v 178.784424 95.075958 -438.829987
v 182.233551 85.590622 -384.589447
v 185.803345 85.797714 -438.402191
v 27.921265 69.048447 -394.852631
v 20.840866 69.031609 -395.320709
v 29.705978 69.152046 -421.758881
v 22.625763 69.135132 -422.227203
v -297.056946 68.251717 -409.864288
v -297.067932 72.565720 -409.848022
v -297.271118 68.239304 -406.635376
v -297.278046 70.935547 -406.625336
v 178.784424 95.075958 -438.829987
v 175.214844 94.868851 -385.017212
v 169.621033 101.269653 -439.411682
v 166.051270 101.062576 -385.598846
v 169.621033 101.269653 -439.411682
v 166.051270 101.062576 -385.598846
v 158.853455 103.429382 -440.115143
v 155.283691 103.222260 -386.302399
v 178.784424 95.075958 -438.829987
v 175.214844 94.868851 -385.017212
v 169.621033 101.269653 -439.411682
v 166.051270 101.062576 -385.598846
v 169.621033 101.269653 -439.411682
v 166.051270 101.062576 -385.598846
v 158.853455 103.429382 -440.115143
v 155.283691 103.222260 -386.302399
v -86.734489 55.297188 -402.483246
v -72.386040 53.962006 -415.051941
v -59.829498 55.361370 -400.704041
v -307.777985 73.624985 -411.509216
v -308.266113 78.989922 -404.337616
v -329.301941 73.573608 -412.932739
v -329.790070 78.938583 -405.761078
v -308.266113 78.989922 -404.337616
v -307.777985 73.624985 -411.509216
v -308.238678 68.204994 -404.377991
v -307.764282 68.232498 -411.529541
v -264.992004 71.012543 -404.490204
v -297.278046 70.935547 -406.625336
v -264.781891 72.642723 -407.712952
v -297.067932 72.565720 -409.848022
v -226.774155 77.066528 -410.582611
v -226.752243 68.438545 -410.615051
v -227.263611 77.038132 -403.204651
v -227.241699 68.410164 -403.237061
v -239.666672 68.407745 -411.469025
v -239.348267 77.031822 -410.134094
v -240.227448 68.375237 -403.014740
v -239.885620 77.000656 -402.033844
v -264.992004 71.012543 -404.490204
v -264.781891 72.642723 -407.712952
v -264.985138 68.316330 -404.500336
v -264.770966 68.328743 -407.729126
v -59.829498 55.361370 -400.704041
v -45.488174 56.864319 -413.262177
v -32.924530 55.425552 -398.924652
v -229.790359 77.059326 -410.782104
v -226.774155 77.066528 -410.582611
v -230.351227 77.026810 -402.327820
v -227.263611 77.038132 -403.204651
v -231.942795 77.054192 -410.924500
v -229.790359 77.059326 -410.782104
v -232.503571 77.021622 -402.470276
v -230.351227 77.026810 -402.327820
v -297.271118 68.239304 -406.635376
v -297.278046 70.935547 -406.625336
v -264.985138 68.316330 -404.500336
v -264.992004 71.012543 -404.490204
v 74.650818 69.159943 -391.762268
v 67.570770 69.143059 -392.230499
v 76.435699 69.263474 -418.668701
v 69.355499 69.246590 -419.136932
v -239.348267 77.031822 -410.134094
v -231.942795 77.054192 -410.924500
v -239.885620 77.000656 -402.033844
v -232.503571 77.021622 -402.470276
v 20.846100 69.032333 -395.325165
v -6.024612 55.486961 -397.154968
v 22.630997 69.135887 -422.231598
v -220.025955 68.454605 -410.170197
v -219.707642 77.078659 -408.835236
v -220.586838 68.422058 -401.715973
v -220.244995 77.047501 -400.735016
v -207.133530 77.113380 -409.283691
v -207.111618 68.485397 -409.316132
v -207.694412 77.080826 -400.829590
v -207.672409 68.452888 -400.861816
v -212.302170 77.101044 -409.625580
v -210.149734 77.106178 -409.483276
v -212.862961 77.068512 -401.171295
v -210.710526 77.073616 -401.029053
v -32.929489 55.422794 -398.934265
v -19.292511 58.345856 -412.287445
v -6.024612 55.486961 -397.154968
v -210.149734 77.106178 -409.483276
v -207.133530 77.113380 -409.283691
v -210.710526 77.073616 -401.029053
v -207.694412 77.080826 -400.829590
v -219.707642 77.078659 -408.835236
v -212.302170 77.101044 -409.625580
v -220.244995 77.047501 -400.735016
v -212.862961 77.068512 -401.171295
v -265.127960 68.308044 -402.347748
v -265.138885 72.622009 -402.331665
v -297.413849 68.231010 -404.482971
v -297.424927 72.544998 -404.466827
v -351.286621 68.102280 -407.224915
v -351.314026 78.887238 -407.184448
v -351.761047 68.074776 -400.073395
v -351.774750 73.467232 -400.053253
v -297.413849 68.231010 -404.482971
v -297.424927 72.544998 -404.466827
v -297.628113 68.218582 -401.254181
v -297.634949 70.914841 -401.244080
v -137.714447 55.170170 -405.865814
v -113.641624 55.227570 -404.273956
v -126.563255 52.308945 -391.627350
v -351.774750 73.467232 -400.053253
v -351.314026 78.887238 -407.184448
v -330.250763 73.518578 -398.629883
v -329.790070 78.938583 -405.761078
v -265.348999 70.991844 -399.109009
v -297.634949 70.914841 -401.244080
v -265.138885 72.622009 -402.331665
v -297.424927 72.544998 -404.466827
v -86.736656 55.291756 -402.494568
v -101.085182 56.626961 -389.925690
v -113.641624 55.227570 -404.273956
v -265.348999 70.991844 -399.109009
v -265.138885 72.622009 -402.331665
v -265.342133 68.295601 -399.119049
v -265.127960 68.308044 -402.347748
v -329.790070 78.938583 -405.761078
v -308.266113 78.989922 -404.337616
v -330.250763 73.518578 -398.629883
v -308.726807 73.569931 -397.206421
v -232.147934 83.915588 -401.423920
v -232.503571 77.021622 -402.470276
v -230.788483 83.918831 -401.333984
v -230.351227 77.026810 -402.327820
v -227.263611 77.038132 -403.204651
v -227.241699 68.410164 -403.237061
v -227.582108 77.019630 -398.404053
v -227.560104 68.391701 -398.436310
v -308.726807 73.569931 -397.206421
v -308.266113 78.989922 -404.337616
v -308.713104 68.177467 -397.226654
v -308.238678 68.204994 -404.377991
v -240.227448 68.375237 -403.014740
v -239.885620 77.000656 -402.033844
v -240.474533 68.360886 -399.290375
v -240.116730 76.987259 -398.550079
v -297.628113 68.218582 -401.254181
v -297.634949 70.914841 -401.244080
v -265.342133 68.295601 -399.119049
v -265.348999 70.991844 -399.109009
v -230.351227 77.026810 -402.327820
v -227.263611 77.038132 -403.204651
v -230.598221 77.012459 -398.603455
v -227.582108 77.019630 -398.404053
v -239.885620 77.000656 -402.033844
v -232.503571 77.021622 -402.470276
v -240.116730 76.987259 -398.550079
v -232.750656 77.007317 -398.745758
v -232.271927 83.908386 -399.554657
v -232.750656 77.007317 -398.745758
v -232.147934 83.915588 -401.423920
v -232.503571 77.021622 -402.470276
v -212.507233 83.962433 -400.125153
v -212.862961 77.068512 -401.171295
v -211.147858 83.965683 -400.035248
v -210.710526 77.073616 -401.029053
v -220.586838 68.422058 -401.715973
v -220.244995 77.047501 -400.735016
v -220.833908 68.407738 -397.991455
v -220.476105 77.034088 -397.251312
v -86.741783 55.291031 -402.490112
v -59.836899 55.355209 -400.710876
v -74.189049 58.109493 -388.136658
v -230.788483 83.918831 -401.333984
v -230.351227 77.026810 -402.327820
v -230.912476 83.911629 -399.464752
v -230.598221 77.012459 -398.603455
v -207.694412 77.080826 -400.829590
v -207.672409 68.452888 -400.861816
v -207.941391 77.066521 -397.105042
v -207.919479 68.438515 -397.137451
v -232.147934 83.915588 -401.423920
v -230.788483 83.918831 -401.333984
v -232.271927 83.908386 -399.554657
v -230.912476 83.911629 -399.464752
v -220.244995 77.047501 -400.735016
v -212.862961 77.068512 -401.171295
v -220.476105 77.034088 -397.251312
v -213.110031 77.054176 -397.446930
v -210.710526 77.073616 -401.029053
v -207.694412 77.080826 -400.829590
v -210.957596 77.059311 -397.304535
v -207.941391 77.066521 -397.105042
v -211.147858 83.965683 -400.035248
v -210.710526 77.073616 -401.029053
v -211.271851 83.958488 -398.165924
v -210.957596 77.059311 -397.304535
v -212.631302 83.955231 -398.255920
v -213.110031 77.054176 -397.446930
v -212.507233 83.962433 -400.125153
v -212.862961 77.068512 -401.171295
v -230.912476 83.911629 -399.464752
v -230.598221 77.012459 -398.603455
v -232.271927 83.908386 -399.554657
v -232.750656 77.007317 -398.745758
v -32.931931 55.419388 -398.931671
v -47.269638 52.497353 -386.378784
v -59.836899 55.355209 -400.710876
v -212.507233 83.962433 -400.125153
v -211.147858 83.965683 -400.035248
v -212.631302 83.955231 -398.255920
v -211.271851 83.958488 -398.165924
v -211.271851 83.958488 -398.165924
v -210.957596 77.059311 -397.304535
v -212.631302 83.955231 -398.255920
v -213.110031 77.054176 -397.446930
v -351.761047 68.074776 -400.073395
v -351.774750 73.467232 -400.053253
v -352.236328 68.047203 -392.907837
v -352.263855 78.832123 -392.867432
v 20.853851 69.026611 -395.327271
v 74.663788 69.154968 -391.768646
v 17.284073 68.819511 -341.514526
v 71.094025 68.947838 -337.955994
v -6.017929 55.482849 -397.147827
v -21.159546 53.975243 -383.888550
v -32.922913 55.418694 -398.927032
v -330.739868 78.883499 -391.443909
v -352.263855 78.832123 -392.867432
v -330.250763 73.518578 -398.629883
v -351.774750 73.467232 -400.053253
v -137.714447 55.170170 -405.865814
v -126.563255 52.308945 -391.627350
v -139.499329 55.066605 -378.959503
v -140.580872 68.644585 -406.002594
v -137.714447 55.170170 -405.865814
v -142.365753 68.541054 -379.096161
v -139.499329 55.066605 -378.959503
v -309.215820 78.934814 -390.020721
v -308.726807 73.569931 -397.206421
v -309.188385 68.149864 -390.061005
v -308.713104 68.177467 -397.226654
v -308.726807 73.569931 -397.206421
v -309.215820 78.934814 -390.020721
v -330.250763 73.518578 -398.629883
v -330.739868 78.883499 -391.443909
v -115.426506 55.124039 -377.367554
v -126.563255 52.308945 -391.627350
v -113.641624 55.227570 -404.273956
v -240.474533 68.360886 -399.290375
v -240.116730 76.987259 -398.550079
v -241.258850 68.315384 -387.465790
v -240.867325 76.943687 -387.235352
v -115.426506 55.124039 -377.367554
v -113.641624 55.227570 -404.273956
v -101.085182 56.626961 -389.925690
v -227.582108 77.019630 -398.404053
v -227.560104 68.391701 -398.436310
v -228.366425 76.974144 -386.579285
v -228.344513 68.346176 -386.611694
v 74.663788 69.154968 -391.768646
v 128.473755 69.283333 -388.210144
v 71.094025 68.947838 -337.955994
v 124.903961 69.076195 -334.397400
v -240.116730 76.987259 -398.550079
v -232.750656 77.007317 -398.745758
v -240.867325 76.943687 -387.235352
v -233.535065 76.961800 -386.921173
v -255.079880 68.292313 -390.873505
v -255.090881 72.606270 -390.857330
v -287.365845 68.215286 -393.008636
v -287.376831 72.529236 -392.992554
v -232.750656 77.007317 -398.745758
v -230.598221 77.012459 -398.603455
v -233.535065 76.961800 -386.921173
v -231.382629 76.966942 -386.778870
v -230.598221 77.012459 -398.603455
v -227.582108 77.019630 -398.404053
v -231.382629 76.966942 -386.778870
v -228.366425 76.974144 -386.579285
v -220.833908 68.407738 -397.991455
v -220.476105 77.034088 -397.251312
v -221.618240 68.362213 -386.166870
v -221.226700 76.990562 -385.936401
v -287.365845 68.215286 -393.008636
v -287.376831 72.529236 -392.992554
v -287.580017 68.202843 -389.779938
v -287.586945 70.899078 -389.769806
v -88.521446 55.188210 -375.588257
v -101.085182 56.626961 -389.925690
v -86.736656 55.291756 -402.494568
v -207.941391 77.066521 -397.105042
v -207.919479 68.438515 -397.137451
v -208.725815 77.020996 -385.280457
v -208.703903 68.393013 -385.312866
v -220.476105 77.034088 -397.251312
v -213.110031 77.054176 -397.446930
v -221.226700 76.990562 -385.936401
v -213.894455 77.008667 -385.622253
v -86.741783 55.291031 -402.490112
v -74.189049 58.109493 -388.136658
v -88.526772 55.187469 -375.583862
v -210.957596 77.059311 -397.304535
v -207.941391 77.066521 -397.105042
v -211.742020 77.013786 -385.479950
v -208.725815 77.020996 -385.280457
v -213.110031 77.054176 -397.446930
v -210.957596 77.059311 -397.304535
v -213.894455 77.008667 -385.622253
v -211.742020 77.013786 -385.479950
v 74.618713 85.336678 -391.696930
v 81.883057 85.354004 -391.216461
v 74.659821 69.159248 -391.757629
v 81.924194 69.176559 -391.277161
v 74.618713 85.336678 -391.696930
v 81.883057 85.354004 -391.216461
v 74.659821 69.159248 -391.757629
v 81.924194 69.176559 -391.277161
v 74.618713 85.336678 -391.696930
v 81.883057 85.354004 -391.216461
v 74.659821 69.159248 -391.757629
v 81.924194 69.176559 -391.277161
v 74.618713 85.336678 -391.696930
v 81.883057 85.354004 -391.216461
v 74.659821 69.159248 -391.757629
v 81.924194 69.176559 -391.277161
v -255.300995 70.976082 -387.634766
v -287.586945 70.899078 -389.769806
v -255.090881 72.606270 -390.857330
v -287.376831 72.529236 -392.992554
v 81.883057 85.354004 -391.216461
v 91.837830 85.377731 -390.558258
v 81.924194 69.176559 -391.277161
v 91.878937 69.200333 -390.618774
v 81.883057 85.354004 -391.216461
v 91.837830 85.377731 -390.558258
v 81.924194 69.176559 -391.277161
v 91.878937 69.200333 -390.618774
v 81.883057 85.354004 -391.216461
v 91.837830 85.377731 -390.558258
v 81.924194 69.176559 -391.277161
v 91.878937 69.200333 -390.618774
v 81.883057 85.354004 -391.216461
v 91.837830 85.377731 -390.558258
v 81.924194 69.176559 -391.277161
v 91.878937 69.200333 -390.618774
v 74.657684 69.169876 -391.757050
v 74.187683 69.142624 -384.676453
v 67.577271 69.153015 -392.225128
v -61.621689 55.251671 -373.804565
v -74.189049 58.109493 -388.136658
v -59.836899 55.355209 -400.710876
v -255.300995 70.976082 -387.634766
v -255.090881 72.606270 -390.857330
v -255.294037 68.279831 -387.644867
v -255.079880 68.292313 -390.873505
v 91.837830 85.377731 -390.558258
v 101.523865 85.400833 -389.917725
v 91.878937 69.200333 -390.618774
v 101.564819 69.223404 -389.978394
v 91.837830 85.377731 -390.558258
v 101.523865 85.400833 -389.917725
v 91.878937 69.200333 -390.618774
v 101.564819 69.223404 -389.978394
v 91.837830 85.377731 -390.558258
v 101.523865 85.400833 -389.917725
v 91.878937 69.200333 -390.618774
v 101.564819 69.223404 -389.978394
v 91.837830 85.377731 -390.558258
v 101.523865 85.400833 -389.917725
v 91.878937 69.200333 -390.618774
v 101.564819 69.223404 -389.978394
v -61.621689 55.251671 -373.804565
v -59.836899 55.355209 -400.710876
v -47.269638 52.497353 -386.378784
v -352.236328 68.047203 -392.907837
v -352.263855 78.832123 -392.867432
v -352.710754 68.019646 -385.756470
v -352.724426 73.412140 -385.736237
v -287.580017 68.202843 -389.779938
v -287.586945 70.899078 -389.769806
v -255.294037 68.279831 -387.644867
v -255.300995 70.976082 -387.634766
v 81.870453 90.334946 -391.197906
v 81.883057 85.354004 -391.216461
v 74.618713 85.336678 -391.696930
v 101.523865 85.400833 -389.917725
v 111.209564 85.423935 -389.277191
v 101.564819 69.223404 -389.978394
v 111.250671 69.246506 -389.337891
v 101.523865 85.400833 -389.917725
v 111.209564 85.423935 -389.277191
v 101.564819 69.223404 -389.978394
v 111.250671 69.246506 -389.337891
v 81.870453 90.334946 -391.197906
v 81.883057 85.354004 -391.216461
v 74.618713 85.336678 -391.696930
v 101.523865 85.400833 -389.917725
v 111.209564 85.423935 -389.277191
v 101.564819 69.223404 -389.978394
v 111.250671 69.246506 -389.337891
v 101.523865 85.400833 -389.917725
v 111.209564 85.423935 -389.277191
v 101.564819 69.223404 -389.978394
v 111.250671 69.246506 -389.337891
v 91.837830 85.377731 -390.558258
v 81.883057 85.354004 -391.216461
v 91.817444 93.423897 -390.527954
v 81.870453 90.334946 -391.197906
v 91.837830 85.377731 -390.558258
v 81.883057 85.354004 -391.216461
v 91.817444 93.423897 -390.527954
v 81.870453 90.334946 -391.197906
v 111.209564 85.423935 -389.277191
v 120.088196 85.445122 -388.689941
v 111.250671 69.246506 -389.337891
v 120.129303 69.267708 -388.750549
v 111.209564 85.423935 -389.277191
v 120.088196 85.445122 -388.689941
v 111.250671 69.246506 -389.337891
v 120.129303 69.267708 -388.750549
v 111.209564 85.423935 -389.277191
v 120.088196 85.445122 -388.689941
v 111.250671 69.246506 -389.337891
v 120.129303 69.267708 -388.750549
v 111.209564 85.423935 -389.277191
v 120.088196 85.445122 -388.689941
v 111.250671 69.246506 -389.337891
v 120.129303 69.267708 -388.750549
v -32.931931 55.419388 -398.931671
v -34.716721 55.315819 -372.025330
v -47.269638 52.497353 -386.378784
v -352.724426 73.412140 -385.736237
v -352.263855 78.832123 -392.867432
v -331.200562 73.463463 -384.312866
v -330.739868 78.883499 -391.443909
v 74.182831 69.139854 -384.685974
v 74.652618 69.167122 -391.766693
v 101.087799 69.204033 -382.906769
v 101.557587 69.231277 -389.987457
v 20.852768 69.028206 -395.317932
v 19.067886 68.924675 -368.411499
v -6.017929 55.482849 -397.147827
v 120.088196 85.445122 -388.689941
v 128.428650 85.465012 -388.138489
v 120.129303 69.267708 -388.750549
v 128.469788 69.287582 -388.199188
v 101.523865 85.400833 -389.917725
v 91.837830 85.377731 -390.558258
v 101.500610 94.482925 -389.883575
v 91.817444 93.423897 -390.527954
v 120.088196 85.445122 -388.689941
v 128.428650 85.465012 -388.138489
v 120.129303 69.267708 -388.750549
v 128.469788 69.287582 -388.199188
v 120.088196 85.445122 -388.689941
v 128.428650 85.465012 -388.138489
v 120.129303 69.267708 -388.750549
v 128.469788 69.287582 -388.199188
v 101.523865 85.400833 -389.917725
v 91.837830 85.377731 -390.558258
v 101.500610 94.482925 -389.883575
v 91.817444 93.423897 -390.527954
v 120.088196 85.445122 -388.689941
v 128.428650 85.465012 -388.138489
v 120.129303 69.267708 -388.750549
v 128.469788 69.287582 -388.199188
v -32.922913 55.418694 -398.927032
v -21.159546 53.975243 -383.888550
v -34.707794 55.315140 -372.020599
v 128.423615 85.462265 -388.148041
v 135.418884 85.478928 -387.685425
v 128.464905 69.284813 -388.208740
v 135.460175 69.301506 -387.746124
v 128.423615 85.462265 -388.148041
v 135.418884 85.478928 -387.685425
v 128.464905 69.284813 -388.208740
v 135.460175 69.301506 -387.746124
v 128.423615 85.462265 -388.148041
v 135.418884 85.478928 -387.685425
v 128.464905 69.284813 -388.208740
v 135.460175 69.301506 -387.746124
v 128.423615 85.462265 -388.148041
v 135.418884 85.478928 -387.685425
v 128.464905 69.284813 -388.208740
v 135.460175 69.301506 -387.746124
v 111.188995 93.470108 -389.246887
v 111.209564 85.423935 -389.277191
v 101.500610 94.482925 -389.883575
v 101.523865 85.400833 -389.917725
v 111.188995 93.470108 -389.246887
v 111.209564 85.423935 -389.277191
v 101.500610 94.482925 -389.883575
v 101.523865 85.400833 -389.917725
v -255.436874 68.271561 -385.492310
v -255.447876 72.585556 -385.476044
v -287.722839 68.194550 -387.627350
v -287.733765 72.508522 -387.611267
v -309.676514 73.514809 -382.889496
v -309.215820 78.934814 -390.020721
v -309.662781 68.122330 -382.909637
v -309.188385 68.149864 -390.061005
v -330.739868 78.883499 -391.443909
v -309.215820 78.934814 -390.020721
v -331.200562 73.463463 -384.312866
v -309.676514 73.514809 -382.889496
v 135.418884 85.478928 -387.685425
v 144.566772 85.500763 -387.080505
v 135.460175 69.301506 -387.746124
v 144.607880 69.323311 -387.141205
v 135.418884 85.478928 -387.685425
v 144.566772 85.500763 -387.080505
v 135.460175 69.301506 -387.746124
v 144.607880 69.323311 -387.141205
v 135.418884 85.478928 -387.685425
v 144.566772 85.500763 -387.080505
v 135.460175 69.301506 -387.746124
v 144.607880 69.323311 -387.141205
v 135.418884 85.478928 -387.685425
v 144.566772 85.500763 -387.080505
v 135.460175 69.301506 -387.746124
v 144.607880 69.323311 -387.141205
v 120.075378 90.426071 -388.671295
v 120.088196 85.445122 -388.689941
v 111.188995 93.470108 -389.246887
v 111.209564 85.423935 -389.277191
v 120.075378 90.426071 -388.671295
v 120.088196 85.445122 -388.689941
v 111.188995 93.470108 -389.246887
v 111.209564 85.423935 -389.277191
v -287.722839 68.194550 -387.627350
v -287.733765 72.508522 -387.611267
v -287.937012 68.182129 -384.398651
v -287.943848 70.878357 -384.388611
v 128.462555 69.295479 -388.208099
v 127.992767 69.268242 -381.127380
v 101.557587 69.231277 -389.987457
v 101.087799 69.204033 -382.906769
v -10.634888 55.372520 -370.428741
v -21.159546 53.975243 -383.888550
v -6.017929 55.482849 -397.147827
v 144.566772 85.500763 -387.080505
v 155.328766 85.526421 -386.368835
v 144.607880 69.323311 -387.141205
v 155.369873 69.349022 -386.429352
v 144.566772 85.500763 -387.080505
v 155.328766 85.526421 -386.368835
v 144.607880 69.323311 -387.141205
v 155.369873 69.349022 -386.429352
v 144.566772 85.500763 -387.080505
v 155.328766 85.526421 -386.368835
v 144.607880 69.323311 -387.141205
v 155.369873 69.349022 -386.429352
v 144.566772 85.500763 -387.080505
v 155.328766 85.526421 -386.368835
v 144.607880 69.323311 -387.141205
v 155.369873 69.349022 -386.429352
v 120.075378 90.426071 -388.671295
v 128.428650 85.465012 -388.138489
v 120.088196 85.445122 -388.689941
v 120.075378 90.426071 -388.671295
v 128.428650 85.465012 -388.138489
v 120.088196 85.445122 -388.689941
v -241.258850 68.315384 -387.465790
v -240.867325 76.943687 -387.235352
v -241.501251 68.301315 -383.812164
v -241.087158 76.930939 -383.921570
v 135.395447 94.773880 -387.650421
v 135.418884 85.478928 -387.685425
v 128.423615 85.462265 -388.148041
v 166.090759 85.552132 -385.656982
v 166.131866 69.374680 -385.717651
v 155.328766 85.526421 -386.368835
v 155.369873 69.349022 -386.429352
v 166.090759 85.552132 -385.656982
v 166.131866 69.374680 -385.717651
v 155.328766 85.526421 -386.368835
v 155.369873 69.349022 -386.429352
v 135.395447 94.773880 -387.650421
v 135.418884 85.478928 -387.685425
v 128.423615 85.462265 -388.148041
v 166.090759 85.552132 -385.656982
v 166.131866 69.374680 -385.717651
v 155.328766 85.526421 -386.368835
v 155.369873 69.349022 -386.429352
v 166.090759 85.552132 -385.656982
v 166.131866 69.374680 -385.717651
v 155.328766 85.526421 -386.368835
v 155.369873 69.349022 -386.429352
v -115.426506 55.124039 -377.367554
v -139.499329 55.066605 -378.959503
v -126.563255 52.308945 -391.627350
v -255.657898 70.955376 -382.253479
v -287.943848 70.878357 -384.388611
v -255.447876 72.585556 -385.476044
v -287.733765 72.508522 -387.611267
v -233.027847 85.585823 -385.431335
v -233.535065 76.961800 -386.921173
v -231.909149 85.588486 -385.357452
v -231.382629 76.966942 -386.778870
v -228.366425 76.974144 -386.579285
v -228.344513 68.346176 -386.611694
v -228.608826 76.960083 -382.925659
v -228.586914 68.332108 -382.958099
v -240.867325 76.943687 -387.235352
v -233.535065 76.961800 -386.921173
v -241.087158 76.930939 -383.921570
v -233.777466 76.947769 -383.267548
v 166.090759 85.552132 -385.656982
v 175.238464 85.573929 -385.052063
v 166.131866 69.374680 -385.717651
v 175.279388 69.396507 -385.112732
v 166.090759 85.552132 -385.656982
v 175.238464 85.573929 -385.052063
v 166.131866 69.374680 -385.717651
v 175.279388 69.396507 -385.112732
v 166.090759 85.552132 -385.656982
v 175.238464 85.573929 -385.052063
v 166.131866 69.374680 -385.717651
v 175.279388 69.396507 -385.112732
v 166.090759 85.552132 -385.656982
v 175.238464 85.573929 -385.052063
v 166.131866 69.374680 -385.717651
v 175.279388 69.396507 -385.112732
v 144.566772 85.500763 -387.080505
v 135.418884 85.478928 -387.685425
v 144.527283 101.011215 -387.022278
v 135.395447 94.773880 -387.650421
v 144.566772 85.500763 -387.080505
v 135.418884 85.478928 -387.685425
v 144.527283 101.011215 -387.022278
v 135.395447 94.773880 -387.650421
v 128.001770 69.267532 -381.122833
v 128.471588 69.294785 -388.203430
v 154.906769 69.331703 -379.343536
v 155.376373 69.358940 -386.424225
v 128.001770 69.267532 -381.122833
v 128.471588 69.294785 -388.203430
v 154.906769 69.331703 -379.343536
v 155.376373 69.358940 -386.424225
v -231.382629 76.966942 -386.778870
v -228.366425 76.974144 -386.579285
v -231.625031 76.952888 -383.125061
v -228.608826 76.960083 -382.925659
v -221.618240 68.362213 -386.166870
v -221.226700 76.990562 -385.936401
v -221.860626 68.348160 -382.513245
v -221.446548 76.977783 -382.622833
v -255.657898 70.955376 -382.253479
v -255.447876 72.585556 -385.476044
v -255.651031 68.259140 -382.263580
v -255.436874 68.271561 -385.492310
v 175.238464 85.573929 -385.052063
v 182.233551 85.590622 -384.589447
v 175.279388 69.396507 -385.112732
v 182.274841 69.413177 -384.650116
v 175.238464 85.573929 -385.052063
v 182.233551 85.590622 -384.589447
v 175.279388 69.396507 -385.112732
v 182.274841 69.413177 -384.650116
v 175.238464 85.573929 -385.052063
v 182.233551 85.590622 -384.589447
v 175.279388 69.396507 -385.112732
v 182.274841 69.413177 -384.650116
v 175.238464 85.573929 -385.052063
v 182.233551 85.590622 -384.589447
v 175.279388 69.396507 -385.112732
v 182.274841 69.413177 -384.650116
v -233.082306 85.582657 -384.610077
v -233.777466 76.947769 -383.267548
v -233.027847 85.585823 -385.431335
v -233.535065 76.961800 -386.921173
v -287.937012 68.182129 -384.398651
v -287.943848 70.878357 -384.388611
v -255.651031 68.259140 -382.263580
v -255.657898 70.955376 -382.253479
v -231.909149 85.588486 -385.357452
v -231.382629 76.966942 -386.778870
v -231.963715 85.585327 -384.536102
v -231.625031 76.952888 -383.125061
v -213.387222 85.632645 -384.132568
v -213.894455 77.008667 -385.622253
v -212.268539 85.635330 -384.058533
v -211.742020 77.013786 -385.479950
v 144.566772 85.500763 -387.080505
v 144.527283 101.011215 -387.022278
v 155.328766 85.526421 -386.368835
v 155.283691 103.222260 -386.302399
v 144.566772 85.500763 -387.080505
v 144.527283 101.011215 -387.022278
v 155.328766 85.526421 -386.368835
v 155.283691 103.222260 -386.302399
v -208.725815 77.020996 -385.280457
v -208.703903 68.393013 -385.312866
v -208.968201 77.006920 -381.626831
v -208.946289 68.378967 -381.659271
v -221.226700 76.990562 -385.936401
v -213.894455 77.008667 -385.622253
v -221.446548 76.977783 -382.622833
v -214.136841 76.994606 -381.968536
v -115.426506 55.124039 -377.367554
v -101.085182 56.626961 -389.925690
v -88.521446 55.188210 -375.588257
v -233.027847 85.585823 -385.431335
v -231.909149 85.588486 -385.357452
v -233.082306 85.582657 -384.610077
v -231.963715 85.585327 -384.536102
v -211.742020 77.013786 -385.479950
v -208.725815 77.020996 -385.280457
v -211.984406 76.999733 -381.826324
v -208.968201 77.006920 -381.626831
v 166.051270 101.062576 -385.598846
v 166.090759 85.552132 -385.656982
v 155.283691 103.222260 -386.302399
v 155.328766 85.526421 -386.368835
v 166.051270 101.062576 -385.598846
v 166.090759 85.552132 -385.656982
v 155.283691 103.222260 -386.302399
v 155.328766 85.526421 -386.368835
v -231.963715 85.585327 -384.536102
v -231.625031 76.952888 -383.125061
v -233.082306 85.582657 -384.610077
v -233.777466 76.947769 -383.267548
v 182.281342 69.423111 -384.644928
v 181.811737 69.395882 -377.564331
v 155.376373 69.358940 -386.424225
v 154.906769 69.331703 -379.343536
v 182.281342 69.423111 -384.644928
v 181.811737 69.395882 -377.564331
v 155.376373 69.358940 -386.424225
v 154.906769 69.331703 -379.343536
v -212.268539 85.635330 -384.058533
v -211.742020 77.013786 -385.479950
v -212.323090 85.632156 -383.237274
v -211.984406 76.999733 -381.826324
v -213.441696 85.629501 -383.311157
v -214.136841 76.994606 -381.968536
v -213.387222 85.632645 -384.132568
v -213.894455 77.008667 -385.622253
v 175.214844 94.868851 -385.017212
v 175.238464 85.573929 -385.052063
v 166.051270 101.062576 -385.598846
v 166.090759 85.552132 -385.656982
v 175.214844 94.868851 -385.017212
v 175.238464 85.573929 -385.052063
v 166.051270 101.062576 -385.598846
v 166.090759 85.552132 -385.656982
v 27.927765 69.058426 -394.847260
v 26.143051 68.954849 -367.941010
v 20.847549 69.041534 -395.315582
v 19.062653 68.937988 -368.409241
v -352.710754 68.019646 -385.756470
v -352.724426 73.412140 -385.736237
v -353.186035 67.992088 -378.590820
v -353.213562 78.777046 -378.550354
v 175.214844 94.868851 -385.017212
v 182.233551 85.590622 -384.589447
v 175.238464 85.573929 -385.052063
v 175.214844 94.868851 -385.017212
v 182.233551 85.590622 -384.589447
v 175.238464 85.573929 -385.052063
v -213.387222 85.632645 -384.132568
v -212.268539 85.635330 -384.058533
v -213.441696 85.629501 -383.311157
v -212.323090 85.632156 -383.237274
v -61.621689 55.251671 -373.804565
v -88.526772 55.187469 -375.583862
v -74.189049 58.109493 -388.136658
v -212.323090 85.632156 -383.237274
v -211.984406 76.999733 -381.826324
v -213.441696 85.629501 -383.311157
v -214.136841 76.994606 -381.968536
v -331.689575 78.828369 -377.126984
v -353.213562 78.777046 -378.550354
v -331.200562 73.463463 -384.312866
v -352.724426 73.412140 -385.736237
v 181.806488 69.395157 -377.559845
v 182.276306 69.422394 -384.640533
v 208.711639 69.459312 -375.780640
v 209.181274 69.486565 -382.861237
v 181.806488 69.395157 -377.559845
v 182.276306 69.422394 -384.640533
v 208.711639 69.459312 -375.780640
v 209.181274 69.486565 -382.861237
v -6.017929 55.482849 -397.147827
v 19.067886 68.924675 -368.411499
v -10.634888 55.372520 -370.428741
v -61.621689 55.251671 -373.804565
v -47.269638 52.497353 -386.378784
v -34.716721 55.315819 -372.025330
v -309.676514 73.514809 -382.889496
v -310.165588 78.879730 -375.703552
v -331.200562 73.463463 -384.312866
v -331.689575 78.828369 -377.126984
v -310.165588 78.879730 -375.703552
v -309.676514 73.514809 -382.889496
v -310.138184 68.094757 -375.744080
v -309.662781 68.122330 -382.909637
v 236.086426 69.550743 -381.082031
v 235.616455 69.523491 -374.001404
v 209.181274 69.486565 -382.861237
v 208.711639 69.459312 -375.780640
v 236.086426 69.550743 -381.082031
v 235.616455 69.523491 -374.001404
v 209.181274 69.486565 -382.861237
v 208.711639 69.459312 -375.780640
v -34.707794 55.315140 -372.020599
v -21.159546 53.975243 -383.888550
v -10.634888 55.372520 -370.428741
v -241.501251 68.301315 -383.812164
v -241.087158 76.930939 -383.921570
v -242.365555 68.251190 -370.783722
v -241.917572 76.882767 -371.403168
v -266.912842 68.204475 -375.441406
v -266.923767 72.518463 -375.425262
v -299.198730 68.127457 -377.576569
v -299.209747 72.441452 -377.560303
v -228.608826 76.960083 -382.925659
v -228.586914 68.332108 -382.958099
v -229.473038 76.909950 -369.897308
v -229.451126 68.281967 -369.929749
v -241.087158 76.930939 -383.921570
v -233.777466 76.947769 -383.267548
v -241.917572 76.882767 -371.403168
v -234.641678 76.897606 -370.239197
v -221.860626 68.348160 -382.513245
v -221.446548 76.977783 -382.622833
v -222.724930 68.298012 -369.484985
v -222.276947 76.929611 -370.104248
v -299.198730 68.127457 -377.576569
v -299.209747 72.441452 -377.560303
v -299.412994 68.115036 -374.347839
v -299.419830 70.811295 -374.337738
v -233.777466 76.947769 -383.267548
v -231.625031 76.952888 -383.125061
v -234.641678 76.897606 -370.239197
v -232.489243 76.902740 -370.096802
v -115.426506 55.124039 -377.367554
v -128.362579 57.881672 -364.699707
v -139.499329 55.066605 -378.959503
v -231.625031 76.952888 -383.125061
v -228.608826 76.960083 -382.925659
v -232.489243 76.902740 -370.096802
v -229.473038 76.909950 -369.897308
v -221.446548 76.977783 -382.622833
v -214.136841 76.994606 -381.968536
v -222.276947 76.929611 -370.104248
v -215.001053 76.944481 -368.940277
v -208.968201 77.006920 -381.626831
v -208.946289 68.378967 -381.659271
v -209.832413 76.956772 -368.598572
v -209.810501 68.328819 -368.630798
v -353.186035 67.992088 -378.590820
v -353.213562 78.777046 -378.550354
v -353.660461 67.964561 -371.439484
v -353.674255 73.357040 -371.419159
v -267.133881 70.888283 -372.202515
v -299.419830 70.811295 -374.337738
v -266.923767 72.518463 -375.425262
v -299.209747 72.441452 -377.560303
v -211.984406 76.999733 -381.826324
v -208.968201 77.006920 -381.626831
v -212.848618 76.949600 -368.797974
v -209.832413 76.956772 -368.598572
v -214.136841 76.994606 -381.968536
v -211.984406 76.999733 -381.826324
v -215.001053 76.944481 -368.940277
v -212.848618 76.949600 -368.797974
v -115.426506 55.124039 -377.367554
v -88.521446 55.188210 -375.588257
v -102.862770 53.685261 -363.030090
v -267.133881 70.888283 -372.202515
v -266.923767 72.518463 -375.425262
v -267.127014 68.192047 -372.212799
v -266.912842 68.204475 -375.441406
v -299.412994 68.115036 -374.347839
v -299.419830 70.811295 -374.337738
v -267.127014 68.192047 -372.212799
v -267.133881 70.888283 -372.202515
v -353.674255 73.357040 -371.419159
v -353.213562 78.777046 -378.550354
v -332.150269 73.408401 -369.995697
v -331.689575 78.828369 -377.126984
v -61.621689 55.251671 -373.804565
v -75.963036 53.748699 -361.246399
v -88.526772 55.187469 -375.583862
v -331.689575 78.828369 -377.126984
v -310.165588 78.879730 -375.703552
v -332.150269 73.408401 -369.995697
v -310.626282 73.459724 -368.572327
v -310.626282 73.459724 -368.572327
v -310.165588 78.879730 -375.703552
v -310.612579 68.067223 -368.592651
v -310.138184 68.094757 -375.744080
v -267.269775 68.183754 -370.060242
v -267.280762 72.497757 -370.043976
v -299.555725 68.106773 -372.195282
v -299.566742 72.420746 -372.179016
v -299.555725 68.106773 -372.195282
v -299.566742 72.420746 -372.179016
v -299.769897 68.094330 -368.966553
v -299.776733 70.790558 -368.956451
v -353.660461 67.964561 -371.439484
v -353.674255 73.357040 -371.419159
v -332.136536 68.015884 -370.016113
v -332.150269 73.408401 -369.995697
v -61.621689 55.251671 -373.804565
v -34.716721 55.315819 -372.025330
v -49.065262 56.651035 -359.456451
v -267.490784 70.867592 -366.821228
v -299.776733 70.790558 -368.956451
v -267.280762 72.497757 -370.043976
v -299.566742 72.420746 -372.179016
v -332.150269 73.408401 -369.995697
v -310.626282 73.459724 -368.572327
v -332.136536 68.015884 -370.016113
v -310.612579 68.067223 -368.592651
v -242.365555 68.251190 -370.783722
v -241.917572 76.882767 -371.403168
v -242.637054 68.235428 -366.691101
v -242.172134 76.867981 -367.565399
v -10.634888 55.372520 -370.428741
v -22.855698 58.134686 -358.467285
v -34.707794 55.315140 -372.020599
v -234.147247 83.792496 -369.354492
v -234.641678 76.897606 -370.239197
v -232.943634 83.795372 -369.274811
v -232.489243 76.902740 -370.096802
v -267.490784 70.867592 -366.821228
v -267.280762 72.497757 -370.043976
v -267.483917 68.171341 -366.831329
v -267.269775 68.183754 -370.060242
v -241.917572 76.882767 -371.403168
v -234.641678 76.897606 -370.239197
v -242.172134 76.867981 -367.565399
v -234.913101 76.881859 -366.146637
v -299.769897 68.094330 -368.966553
v -299.776733 70.790558 -368.956451
v -267.483917 68.171341 -366.831329
v -267.490784 70.867592 -366.821228
v -229.473038 76.909950 -369.897308
v -229.451126 68.281967 -369.929749
v -229.744553 76.894196 -365.804749
v -229.722641 68.266220 -365.837189
v -222.724930 68.298012 -369.484985
v -222.276947 76.929611 -370.104248
v -222.996353 68.282272 -365.392334
v -222.531509 76.914833 -366.266479
v -141.284210 54.963070 -352.053101
v -139.499329 55.066605 -378.959503
v -128.362579 57.881672 -364.699707
v -214.506638 83.839333 -368.055664
v -215.001053 76.944481 -368.940277
v -213.303009 83.842201 -367.976074
v -212.848618 76.949600 -368.797974
v -232.489243 76.902740 -370.096802
v -229.473038 76.909950 -369.897308
v -232.760757 76.887001 -366.004150
v -229.744553 76.894196 -365.804749
v -141.284210 54.963070 -352.053101
v -144.150635 68.437508 -352.189850
v -139.499329 55.066605 -378.959503
v -142.365753 68.541054 -379.096161
v -234.308838 83.783142 -366.918762
v -234.913101 76.881859 -366.146637
v -234.147247 83.792496 -369.354492
v -234.641678 76.897606 -370.239197
v -232.943634 83.795372 -369.274811
v -232.489243 76.902740 -370.096802
v -233.105225 83.785995 -366.839111
v -232.760757 76.887001 -366.004150
v -222.276947 76.929611 -370.104248
v -215.001053 76.944481 -368.940277
v -222.531509 76.914833 -366.266479
v -215.272568 76.928711 -364.847717
v -209.832413 76.956772 -368.598572
v -209.810501 68.328819 -368.630798
v -210.103928 76.941048 -364.505829
v -210.082016 68.313080 -364.538177
v -234.147247 83.792496 -369.354492
v -232.943634 83.795372 -369.274811
v -234.308838 83.783142 -366.918762
v -233.105225 83.785995 -366.839111
v -115.426506 55.124039 -377.367554
v -117.211311 55.020477 -350.461212
v -128.362579 57.881672 -364.699707
v -115.426506 55.124039 -377.367554
v -102.862770 53.685261 -363.030090
v -117.211311 55.020477 -350.461212
v -212.848618 76.949600 -368.797974
v -209.832413 76.956772 -368.598572
v -213.120132 76.933853 -364.705444
v -210.103928 76.941048 -364.505829
v -213.303009 83.842201 -367.976074
v -212.848618 76.949600 -368.797974
v -213.464600 83.832817 -365.540344
v -213.120132 76.933853 -364.705444
v -214.668228 83.829941 -365.620026
v -215.272568 76.928711 -364.847717
v -214.506638 83.839333 -368.055664
v -215.001053 76.944481 -368.940277
v -233.105225 83.785995 -366.839111
v -232.760757 76.887001 -366.004150
v -234.308838 83.783142 -366.918762
v -234.913101 76.881859 -366.146637
v -214.506638 83.839333 -368.055664
v -213.303009 83.842201 -367.976074
v -214.668228 83.829941 -365.620026
v -213.464600 83.832817 -365.540344
v -90.306419 55.084633 -348.682007
v -102.862770 53.685261 -363.030090
v -88.521446 55.188210 -375.588257
v -90.311562 55.083908 -348.677521
v -88.526772 55.187469 -375.583862
v -75.963036 53.748699 -361.246399
v -213.464600 83.832817 -365.540344
v -213.120132 76.933853 -364.705444
v -214.668228 83.829941 -365.620026
v -215.272568 76.928711 -364.847717
v -242.637054 68.235428 -366.691101
v -242.172134 76.867981 -367.565399
v -243.093521 68.208939 -359.808838
v -242.606140 76.842796 -361.022919
v -305.575592 68.049431 -362.865479
v -251.765656 68.177773 -359.306976
v -309.145386 67.842323 -309.052826
v -255.335342 67.970680 -305.494202
v -61.621689 55.251671 -373.804565
v -63.406586 55.148113 -346.898132
v -75.963036 53.748699 -361.246399
v -242.172134 76.867981 -367.565399
v -234.913101 76.881859 -366.146637
v -242.606140 76.842796 -361.022919
v -235.369736 76.855392 -359.264130
v -222.996353 68.282272 -365.392334
v -222.531509 76.914833 -366.266479
v -223.452988 68.255753 -358.510010
v -222.965515 76.889671 -359.723999
v -10.634888 55.372520 -370.428741
v 19.067886 68.924675 -368.411499
v -9.587708 55.275753 -343.335083
v -61.621689 55.251671 -373.804565
v -49.065262 56.651035 -359.456451
v -63.406586 55.148113 -346.898132
v -229.744553 76.894196 -365.804749
v -229.722641 68.266220 -365.837189
v -230.201096 76.867706 -358.922424
v -230.179184 68.239746 -358.954681
v -234.913101 76.881859 -366.146637
v -232.760757 76.887001 -366.004150
v -235.369736 76.855392 -359.264130
v -233.217300 76.860504 -359.121826
v -232.760757 76.887001 -366.004150
v -229.744553 76.894196 -365.804749
v -233.217300 76.860504 -359.121826
v -230.201096 76.867706 -358.922424
v -222.531509 76.914833 -366.266479
v -215.272568 76.928711 -364.847717
v -222.965515 76.889671 -359.723999
v -215.729111 76.902214 -357.965393
v -210.103928 76.941048 -364.505829
v -210.082016 68.313080 -364.538177
v -210.560486 76.914551 -357.623505
v -210.538559 68.286568 -357.655945
v -36.501602 55.212292 -345.118927
v -49.065262 56.651035 -359.456451
v -34.716721 55.315819 -372.025330
v -287.150421 68.092506 -360.557617
v -287.172424 76.720467 -360.525177
v -289.302856 68.087387 -360.699921
v -289.324768 76.715332 -360.667572
v -289.302856 68.087387 -360.699921
v -289.324768 76.715332 -360.667572
v -297.048645 68.068886 -361.212280
v -296.730347 76.692993 -359.877167
v -34.707794 55.315140 -372.020599
v -22.855698 58.134686 -358.467285
v -36.492676 55.211575 -345.114258
v -215.272568 76.928711 -364.847717
v -213.120132 76.933853 -364.705444
v -215.729111 76.902214 -357.965393
v -213.576675 76.907356 -357.822906
v -284.134308 68.099693 -360.358124
v -284.156219 76.727684 -360.325806
v -287.150421 68.092506 -360.557617
v -287.172424 76.720467 -360.525177
v -213.120132 76.933853 -364.705444
v -210.103928 76.941048 -364.505829
v -213.576675 76.907356 -357.822906
v -210.560486 76.914551 -357.623505
v -251.765656 68.177773 -359.306976
v -197.955704 68.306107 -355.748535
v -255.335342 67.970680 -305.494202
v -201.525391 68.099014 -301.935791
v -242.606140 76.842796 -361.022919
v -235.369736 76.855392 -359.264130
v -243.093521 68.208939 -359.808838
v -235.347733 68.227432 -359.296570
v -9.587708 55.275753 -343.335083
v -22.855698 58.134686 -358.467285
v -10.634888 55.372520 -370.428741
v -267.509796 68.139366 -359.258789
v -267.531799 76.767311 -359.226440
v -269.662231 68.134224 -359.401093
v -269.684143 76.762207 -359.368652
v -269.662231 68.134224 -359.401093
v -269.684143 76.762207 -359.368652
v -277.408020 68.115738 -359.913361
v -277.089722 76.739792 -358.578430
v -235.369736 76.855392 -359.264130
v -233.217300 76.860504 -359.121826
v -235.347733 68.227432 -359.296570
v -233.195389 68.232529 -359.154266
v -264.493591 68.146538 -359.059387
v -264.515594 76.774498 -359.026947
v -267.509796 68.139366 -359.258789
v -267.531799 76.767311 -359.226440
v -233.217300 76.860504 -359.121826
v -230.201096 76.867706 -358.922424
v -233.195389 68.232529 -359.154266
v -230.179184 68.239746 -358.954681
v -322.152954 67.989868 -357.472290
v -322.163940 72.303894 -357.456055
v -354.438995 67.912888 -359.607361
v -354.449890 72.226868 -359.591187
v -222.965515 76.889671 -359.723999
v -215.729111 76.902214 -357.965393
v -223.452988 68.255753 -358.510010
v -215.707108 68.274254 -357.997620
v -354.438995 67.912888 -359.607361
v -354.449890 72.226868 -359.591187
v -354.653168 67.900444 -356.378632
v -354.660034 70.596710 -356.368439
v -141.284210 54.963070 -352.053101
v -128.362579 57.881672 -364.699707
v -117.211311 55.020477 -350.461212
v -215.729111 76.902214 -357.965393
v -213.576675 76.907356 -357.822906
v -215.707108 68.274254 -357.997620
v -213.554764 68.279396 -357.855347
v -213.576675 76.907356 -357.822906
v -210.560486 76.914551 -357.623505
v -213.554764 68.279396 -357.855347
v -210.538559 68.286568 -357.655945
v -322.374054 70.673698 -354.233368
v -354.660034 70.596710 -356.368439
v -322.163940 72.303894 -357.456055
v -354.449890 72.226868 -359.591187
v 24.827789 68.878571 -348.115173
v 17.277771 68.834435 -341.502808
v 26.143051 68.954849 -367.941010
v 19.062653 68.937988 -368.409241
v -284.156219 76.727684 -360.325806
v -284.134308 68.099693 -360.358124
v -284.645691 76.699295 -352.947723
v -284.623688 68.071312 -352.980164
v -297.048645 68.068886 -361.212280
v -296.730347 76.692993 -359.877167
v -297.609528 68.036362 -352.757904
v -297.267670 76.661804 -351.776917
v -197.955704 68.306107 -355.748535
v -144.145767 68.434448 -352.190033
v -201.525391 68.099014 -301.935791
v -147.715546 68.227341 -298.377289
v -322.374054 70.673698 -354.233368
v -322.163940 72.303894 -357.456055
v -322.367188 67.977478 -354.243408
v -322.152954 67.989868 -357.472290
v -90.306419 55.084633 -348.682007
v -117.211311 55.020477 -350.461212
v -102.862770 53.685261 -363.030090
v -287.172424 76.720467 -360.525177
v -284.156219 76.727684 -360.325806
v -287.733215 76.687958 -352.070892
v -284.645691 76.699295 -352.947723
v -289.324768 76.715332 -360.667572
v -287.172424 76.720467 -360.525177
v -289.885651 76.682785 -352.213379
v -287.733215 76.687958 -352.070892
v -354.653168 67.900444 -356.378632
v -354.660034 70.596710 -356.368439
v -322.367188 67.977478 -354.243408
v -322.374054 70.673698 -354.233368
v -296.730347 76.692993 -359.877167
v -289.324768 76.715332 -360.667572
v -297.267670 76.661804 -351.776917
v -289.885651 76.682785 -352.213379
v -277.408020 68.115738 -359.913361
v -277.089722 76.739792 -358.578430
v -277.968903 68.083221 -351.459045
v -277.627045 76.708649 -350.478180
v -264.515594 76.774498 -359.026947
v -264.493591 68.146538 -359.059387
v -265.076385 76.741974 -350.572754
v -265.054474 68.114021 -350.604980
v -269.684143 76.762207 -359.368652
v -267.531799 76.767311 -359.226440
v -270.244934 76.729637 -350.914429
v -268.092590 76.734779 -350.772156
v -90.311562 55.083908 -348.677521
v -75.963036 53.748699 -361.246399
v -63.406586 55.148113 -346.898132
v -267.531799 76.767311 -359.226440
v -264.515594 76.774498 -359.026947
v -268.092590 76.734779 -350.772156
v -265.076385 76.741974 -350.572754
v -277.089722 76.739792 -358.578430
v -269.684143 76.762207 -359.368652
v -277.627045 76.708649 -350.478180
v -270.244934 76.729637 -350.914429
v -242.439133 68.182549 -353.272736
v -242.450043 72.496513 -353.256744
v -245.667694 68.174850 -353.486389
v -245.674561 70.871086 -353.476257
v -322.510010 67.969162 -352.091003
v -322.520935 72.283142 -352.074829
v -354.795898 67.892174 -354.226074
v -354.806885 72.206139 -354.209900
v -237.058136 68.195381 -352.916901
v -237.069046 72.509369 -352.900726
v -240.286713 68.187691 -353.130432
v -240.293549 70.883934 -353.120422
v -354.795898 67.892174 -354.226074
v -354.806885 72.206139 -354.209900
v -355.010162 67.879723 -350.997437
v -355.017029 70.576004 -350.987152
v -63.406586 55.148113 -346.898132
v -49.065262 56.651035 -359.456451
v -36.501602 55.212292 -345.118927
v 17.283005 68.821114 -341.505188
v -9.587708 55.275753 -343.335083
v 19.067886 68.924675 -368.411499
v -322.731049 70.652985 -348.852112
v -355.017029 70.576004 -350.987152
v -322.520935 72.283142 -352.074829
v -354.806885 72.206139 -354.209900
v -210.153168 68.259583 -351.137695
v -210.164078 72.573540 -351.121429
v -213.381729 68.251869 -351.351227
v -213.388580 70.948090 -351.341217
v -204.772171 68.272392 -350.781860
v -204.783081 72.586388 -350.765594
v -208.000732 68.264679 -350.995392
v -208.007584 70.960922 -350.985352
v -36.492676 55.211575 -345.114258
v -22.855698 58.134686 -358.467285
v -9.587708 55.275753 -343.335083
v -322.731049 70.652985 -348.852112
v -322.520935 72.283142 -352.074829
v -322.724182 67.956734 -348.862183
v -322.510010 67.969162 -352.091003
v -289.529999 83.576744 -351.167084
v -289.885651 76.682785 -352.213379
v -288.170563 83.579971 -351.077271
v -287.733215 76.687958 -352.070892
v -284.645691 76.699295 -352.947723
v -284.623688 68.071312 -352.980164
v -284.964081 76.680801 -348.147125
v -284.942169 68.052841 -348.179565
v -297.609528 68.036362 -352.757904
v -297.267670 76.661804 -351.776917
v -297.856598 68.022034 -349.033539
v -297.498779 76.648392 -348.293427
v -355.010162 67.879723 -350.997437
v -355.017029 70.576004 -350.987152
v -322.724182 67.956734 -348.862183
v -322.731049 70.652985 -348.852112
v -287.733215 76.687958 -352.070892
v -284.645691 76.699295 -352.947723
v -287.980286 76.673630 -348.346558
v -284.964081 76.680801 -348.147125
v -297.267670 76.661804 -351.776917
v -289.885651 76.682785 -352.213379
v -297.498779 76.648392 -348.293427
v -290.132721 76.668457 -348.489014
v -141.291779 54.972980 -352.048035
v -117.218880 55.030384 -350.456177
v -130.140610 52.111759 -337.809570
v -289.653900 83.569550 -349.297729
v -290.132721 76.668457 -348.489014
v -289.529999 83.576744 -351.167084
v -289.885651 76.682785 -352.213379
v -269.889374 83.623581 -349.868225
v -270.244934 76.729637 -350.914429
v -268.529938 83.626823 -349.778320
v -268.092590 76.734779 -350.772156
v -277.968903 68.083221 -351.459045
v -277.627045 76.708649 -350.478180
v -278.215881 68.068848 -347.734711
v -277.858154 76.695251 -346.994415
v -288.170563 83.579971 -351.077271
v -287.733215 76.687958 -352.070892
v -288.294556 83.572769 -349.208008
v -287.980286 76.673630 -348.346558
v -265.076385 76.741974 -350.572754
v -265.054474 68.114021 -350.604980
v -265.323456 76.727646 -346.848206
v -265.301544 68.099670 -346.880615
v -289.529999 83.576744 -351.167084
v -288.170563 83.579971 -351.077271
v -289.653900 83.569550 -349.297729
v -288.294556 83.572769 -349.208008
v -268.092590 76.734779 -350.772156
v -265.076385 76.741974 -350.572754
v -268.339661 76.720451 -347.047607
v -265.323456 76.727646 -346.848206
v -277.627045 76.708649 -350.478180
v -270.244934 76.729637 -350.914429
v -277.858154 76.695251 -346.994415
v -270.492096 76.715309 -347.190094
v -288.294556 83.572769 -349.208008
v -287.980286 76.673630 -348.346558
v -289.653900 83.569550 -349.297729
v -290.132721 76.668457 -348.489014
v -268.529938 83.626823 -349.778320
v -268.092590 76.734779 -350.772156
v -268.653931 83.619614 -347.909088
v -268.339661 76.720451 -347.047607
v -270.013275 83.616379 -347.998993
v -270.492096 76.715309 -347.190094
v -269.889374 83.623581 -349.868225
v -270.244934 76.729637 -350.914429
v -90.313911 55.094555 -348.676971
v -104.662453 56.429775 -336.108093
v -117.218880 55.030384 -350.456177
v -269.889374 83.623581 -349.868225
v -268.529938 83.626823 -349.778320
v -270.013275 83.616379 -347.998993
v -268.653931 83.619614 -347.909088
v -268.653931 83.619614 -347.909088
v -268.339661 76.720451 -347.047607
v -270.013275 83.616379 -347.998993
v -270.492096 76.715309 -347.190094
v -90.304985 55.093891 -348.672150
v -63.400009 55.158043 -346.892914
v -77.752159 57.912323 -334.318787
v 17.277771 68.834435 -341.502808
v 24.827789 68.878571 -348.115173
v 44.182739 68.898605 -339.723511
v 44.652527 68.925842 -346.804199
v -36.495026 55.222225 -345.113708
v -50.832657 52.300217 -332.560822
v -63.400009 55.158043 -346.892914
v -297.856598 68.022034 -349.033539
v -297.498779 76.648392 -348.293427
v -298.640930 67.976517 -337.208954
v -298.249390 76.604843 -336.978516
v 71.557526 68.990036 -345.024902
v 71.087708 68.962784 -337.944305
v 44.652527 68.925842 -346.804199
v 44.182739 68.898605 -339.723511
v -284.964081 76.680801 -348.147125
v -284.942169 68.052841 -348.179565
v -285.748505 76.635277 -336.322540
v -285.726593 68.007347 -336.354797
v -36.499985 55.219471 -345.123352
v -9.595016 55.283619 -343.344116
v -23.932632 52.361637 -330.791046
v -297.498779 76.648392 -348.293427
v -290.132721 76.668457 -348.489014
v -298.249390 76.604843 -336.978516
v -290.917145 76.622963 -336.664246
v -312.461945 67.953415 -340.616852
v -312.472961 72.267387 -340.600586
v -344.747925 67.876404 -342.751892
v -344.758911 72.190399 -342.735657
v -227.010040 68.179634 -341.442749
v -227.021057 72.493614 -341.426483
v -230.238617 68.171921 -341.656281
v -230.245544 70.868179 -341.645996
v -287.980286 76.673630 -348.346558
v -284.964081 76.680801 -348.147125
v -288.764709 76.628082 -336.521942
v -285.748505 76.635277 -336.322540
v -290.132721 76.668457 -348.489014
v -287.980286 76.673630 -348.346558
v -290.917145 76.622963 -336.664246
v -288.764709 76.628082 -336.521942
v -221.629059 68.192467 -341.086914
v -221.640060 72.506439 -341.070618
v -224.857697 68.184776 -341.300446
v -224.864563 70.880989 -341.290314
v -278.215881 68.068848 -347.734711
v -277.858154 76.695251 -346.994415
v -279.000305 68.023376 -335.909973
v -278.608765 76.651718 -335.679596
v -344.747925 67.876404 -342.751892
v -344.758911 72.190399 -342.735657
v -344.962158 67.864006 -339.523010
v -344.968933 70.560204 -339.513000
v 71.082855 68.959999 -337.953918
v 71.552460 68.987274 -345.034546
v 97.987823 69.024208 -336.174561
v 98.457611 69.051460 -343.255157
v -265.323456 76.727646 -346.848206
v -265.301544 68.099670 -346.880615
v -266.107880 76.682129 -335.023621
v -266.085876 68.054146 -335.056030
v -141.291779 54.972980 -352.048035
v -130.140610 52.111759 -337.809570
v -143.076675 54.869438 -325.141724
v -270.492096 76.715309 -347.190094
v -268.339661 76.720451 -347.047607
v -271.276428 76.669792 -335.365509
v -269.124084 76.674934 -335.223022
v -277.858154 76.695251 -346.994415
v -270.492096 76.715309 -347.190094
v -278.608765 76.651718 -335.679596
v -271.276428 76.669792 -335.365509
v -268.339661 76.720451 -347.047607
v -265.323456 76.727646 -346.848206
v -269.124084 76.674934 -335.223022
v -266.107880 76.682129 -335.023621
v -144.158203 68.447418 -352.184814
v -141.291779 54.972980 -352.048035
v -145.943085 68.343864 -325.278381
v -143.076675 54.869438 -325.141724
v -312.682953 70.637253 -337.377869
v -344.968933 70.560204 -339.513000
v -312.472961 72.267387 -340.600586
v -344.758911 72.190399 -342.735657
v -119.003777 54.926834 -323.549744
v -130.140610 52.111759 -337.809570
v -117.218880 55.030384 -350.456177
v -312.682953 70.637253 -337.377869
v -312.472961 72.267387 -340.600586
v -312.676117 67.940994 -337.387939
v -312.461945 67.953415 -340.616852
v 125.362427 69.115608 -341.476135
v 124.892792 69.088348 -334.395416
v 98.457611 69.051460 -343.255157
v 97.987823 69.024208 -336.174561
v -119.003777 54.926834 -323.549744
v -117.218880 55.030384 -350.456177
v -104.662453 56.429775 -336.108093
v -344.962158 67.864006 -339.523010
v -344.968933 70.560204 -339.513000
v -312.676117 67.940994 -337.387939
v -312.682953 70.637253 -337.377869
v 17.275787 68.829002 -341.514252
v -0.058563 56.665337 -326.351013
v -9.595016 55.283619 -343.344116
v -92.098793 54.991028 -321.770447
v -104.662453 56.429775 -336.108093
v -90.313911 55.094555 -348.676971
v -245.667694 68.174850 -353.486389
v -245.674561 70.871086 -353.476257
v -247.809570 68.050606 -321.198578
v -247.816437 70.746841 -321.188538
v -244.580933 68.058289 -320.985199
v -244.591919 72.372292 -320.968964
v -242.439133 68.182549 -353.272736
v -242.450043 72.496513 -353.256744
v -240.286713 68.187691 -353.130432
v -240.293549 70.883934 -353.120422
v -242.428497 68.063431 -320.842743
v -242.435440 70.759674 -320.832703
v 124.901794 69.087669 -334.390686
v 125.371429 69.114922 -341.471283
v 151.806793 69.151848 -332.611450
v 152.276398 69.179100 -339.692078
v 124.901794 69.087669 -334.390686
v 125.371429 69.114922 -341.471283
v 151.806793 69.151848 -332.611450
v 152.276398 69.179100 -339.692078
v -247.816437 70.746841 -321.188538
v -245.674561 70.871086 -353.476257
v -244.591919 72.372292 -320.968964
v -242.450043 72.496513 -353.256744
v -90.304985 55.093891 -348.672150
v -77.752159 57.912323 -334.318787
v -92.089775 54.990311 -321.765869
v -239.199936 68.071121 -320.629364
v -239.210938 72.385117 -320.613098
v -237.058136 68.195381 -352.916901
v -237.069046 72.509369 -352.900726
v -242.435440 70.759674 -320.832703
v -240.293549 70.883934 -353.120422
v -239.210938 72.385117 -320.613098
v -237.069046 72.509369 -352.900726
v -312.818939 67.932724 -335.235382
v -312.829956 72.246704 -335.219299
v -345.104797 67.855690 -337.370605
v -345.115814 72.169678 -337.354462
v -345.104797 67.855690 -337.370605
v -345.115814 72.169678 -337.354462
v -345.319061 67.843262 -334.141815
v -345.325928 70.539520 -334.131714
v -65.184807 55.054497 -319.986481
v -77.752159 57.912323 -334.318787
v -63.400009 55.158043 -346.892914
v -213.381729 68.251869 -351.351227
v -213.388580 70.948090 -351.341217
v -215.523605 68.127609 -319.063507
v -215.530365 70.823845 -319.053406
v 179.181366 69.243248 -337.912872
v 178.711761 69.216034 -330.832153
v 152.276398 69.179100 -339.692078
v 151.806793 69.151848 -332.611450
v 179.181366 69.243248 -337.912872
v 178.711761 69.216034 -330.832153
v 152.276398 69.179100 -339.692078
v 151.806793 69.151848 -332.611450
v -65.184807 55.054497 -319.986481
v -63.400009 55.158043 -346.892914
v -50.832657 52.300217 -332.560822
v -298.640930 67.976517 -337.208954
v -298.249390 76.604843 -336.978516
v -298.883301 67.962440 -333.555328
v -298.469147 76.592094 -333.664734
v -212.294952 68.135323 -318.849976
v -212.305954 72.449272 -318.833893
v -210.153168 68.259583 -351.137695
v -210.164078 72.573540 -351.121429
v -215.530365 70.823845 -319.053406
v -213.388580 70.948090 -351.341217
v -212.305954 72.449272 -318.833893
v -210.164078 72.573540 -351.121429
v -208.000732 68.264679 -350.995392
v -208.007584 70.960922 -350.985352
v -210.142517 68.140442 -318.707672
v -210.149475 70.836678 -318.697540
v -206.913971 68.148125 -318.494324
v -206.924957 72.462105 -318.478058
v -204.772171 68.272392 -350.781860
v -204.783081 72.586388 -350.765594
v -210.149475 70.836678 -318.697540
v -208.007584 70.960922 -350.985352
v -206.924957 72.462105 -318.478058
v -204.783081 72.586388 -350.765594
v -290.409912 85.246933 -335.174683
v -290.917145 76.622963 -336.664246
v -289.291229 85.249634 -335.100647
v -288.764709 76.628082 -336.521942
v -313.039948 70.616508 -331.996643
v -345.325928 70.539520 -334.131714
v -312.829956 72.246704 -335.219299
v -345.115814 72.169678 -337.354462
v -285.748505 76.635277 -336.322540
v -285.726593 68.007347 -336.354797
v -285.990906 76.621208 -332.668915
v -285.968994 67.993271 -332.701172
v -298.249390 76.604843 -336.978516
v -290.917145 76.622963 -336.664246
v -298.469147 76.592094 -333.664734
v -291.159424 76.608910 -333.010651
v -36.495026 55.222225 -345.113708
v -38.279831 55.118660 -318.207367
v -50.832657 52.300217 -332.560822
v -288.764709 76.628082 -336.521942
v -285.748505 76.635277 -336.322540
v -289.007080 76.614029 -332.868347
v -285.990906 76.621208 -332.668915
v -279.000305 68.023376 -335.909973
v -278.608765 76.651718 -335.679596
v -279.242676 68.009323 -332.256348
v -278.828522 76.638954 -332.365906
v -313.039948 70.616508 -331.996643
v -312.829956 72.246704 -335.219299
v -313.033112 67.920303 -332.006653
v -312.818939 67.932724 -335.235382
v 178.706512 69.215302 -330.827789
v 179.176147 69.242531 -337.908386
v 205.611481 69.279472 -329.048462
v 206.081116 69.306709 -336.129181
v 178.706512 69.215302 -330.827789
v 179.176147 69.242531 -337.908386
v 205.611481 69.279472 -329.048462
v 206.081116 69.306709 -336.129181
v -36.499985 55.219471 -345.123352
v -23.932632 52.361637 -330.791046
v -38.284790 55.115913 -318.216797
v -290.464386 85.243805 -334.353210
v -291.159424 76.608910 -333.010651
v -290.409912 85.246933 -335.174683
v -290.917145 76.622963 -336.664246
v -345.319061 67.843262 -334.141815
v -345.325928 70.539520 -334.131714
v -313.033112 67.920303 -332.006653
v -313.039948 70.616508 -331.996643
v -289.291229 85.249634 -335.100647
v -288.764709 76.628082 -336.521942
v -289.345703 85.246468 -334.279175
v -289.007080 76.614029 -332.868347
v -270.769287 85.293816 -333.875671
v -271.276428 76.669792 -335.365509
v -269.650604 85.296486 -333.801697
v -269.124084 76.674934 -335.223022
v -266.107880 76.682129 -335.023621
v -266.085876 68.054146 -335.056030
v -266.350281 76.668076 -331.369995
v -266.328247 68.040115 -331.402435
v -278.608765 76.651718 -335.679596
v -271.276428 76.669792 -335.365509
v -278.828522 76.638954 -332.365906
v -271.518799 76.655731 -331.711884
v 17.270554 68.828285 -341.509766
v 44.175507 68.892441 -339.730560
v 15.519928 55.243519 -314.653931
v -290.409912 85.246933 -335.174683
v -289.291229 85.249634 -335.100647
v -290.464386 85.243805 -334.353210
v -289.345703 85.246468 -334.279175
v -11.379807 55.180115 -316.437592
v -23.932632 52.361637 -330.791046
v -9.595016 55.283619 -343.344116
v -269.124084 76.674934 -335.223022
v -266.107880 76.682129 -335.023621
v -269.366394 76.660904 -331.569397
v -266.350281 76.668076 -331.369995
v -289.345703 85.246468 -334.279175
v -289.007080 76.614029 -332.868347
v -290.464386 85.243805 -334.353210
v -291.159424 76.608910 -333.010651
v -269.650604 85.296486 -333.801697
v -269.124084 76.674934 -335.223022
v -269.705078 85.293312 -332.980438
v -269.366394 76.660904 -331.569397
v -270.823761 85.290642 -333.054382
v -271.518799 76.655731 -331.711884
v -270.769287 85.293816 -333.875671
v -271.276428 76.669792 -335.365509
v 232.985901 69.370880 -334.349884
v 232.516296 69.343651 -327.269287
v 206.081116 69.306709 -336.129181
v 205.611481 69.279472 -329.048462
v 232.985901 69.370880 -334.349884
v 232.516296 69.343651 -327.269287
v 206.081116 69.306709 -336.129181
v 205.611481 69.279472 -329.048462
v -270.769287 85.293816 -333.875671
v -269.650604 85.296486 -333.801697
v -270.823761 85.290642 -333.054382
v -269.705078 85.293312 -332.980438
v -119.003777 54.926834 -323.549744
v -143.076675 54.869438 -325.141724
v -130.140610 52.111759 -337.809570
v -269.705078 85.293312 -332.980438
v -269.366394 76.660904 -331.569397
v -270.823761 85.290642 -333.054382
v -271.518799 76.655731 -331.711884
v -11.379807 55.180115 -316.437592
v -9.595016 55.283619 -343.344116
v -0.058563 56.665337 -326.351013
v 71.080505 68.956619 -337.951355
v 69.329865 55.371872 -311.095490
v 44.175507 68.892441 -339.730560
v 71.089325 68.955948 -337.946503
v 97.994476 69.020103 -336.167297
v 69.338898 55.371212 -311.090637
v -119.003777 54.926834 -323.549744
v -104.662453 56.429775 -336.108093
v -92.098793 54.991028 -321.770447
v 15.525162 55.244244 -314.658386
v -0.058563 56.665337 -326.351013
v 17.275787 68.829002 -341.514252
v -65.184807 55.054497 -319.986481
v -92.089775 54.990311 -321.765869
v -77.752159 57.912323 -334.318787
v -298.883301 67.962440 -333.555328
v -298.469147 76.592094 -333.664734
v -299.747528 67.912331 -320.526794
v -299.299561 76.543930 -321.146240
v 124.899292 69.084259 -334.388092
v 123.148834 55.499527 -307.532349
v 97.994476 69.020103 -336.167297
v -324.294830 67.865631 -325.184601
v -324.305847 72.179604 -325.168518
v -356.580811 67.788597 -327.319824
v -356.591797 72.102592 -327.303589
v -285.990906 76.621208 -332.668915
v -285.968994 67.993271 -332.701172
v -286.855103 76.571106 -319.640472
v -286.833191 67.943100 -319.672913
v -298.469147 76.592094 -333.664734
v -291.159424 76.608910 -333.010651
v -299.299561 76.543930 -321.146240
v -292.023743 76.558739 -319.982361
v -65.184807 55.054497 -319.986481
v -50.832657 52.300217 -332.560822
v -38.279831 55.118660 -318.207367
v -230.238617 68.171921 -341.656281
v -230.245544 70.868179 -341.645996
v -232.380493 68.047684 -309.368561
v -232.387344 70.743912 -309.358459
v -279.242676 68.009323 -332.256348
v -278.828522 76.638954 -332.365906
v -280.106903 67.959152 -319.228027
v -279.659027 76.590759 -319.847321
v -356.580811 67.788597 -327.319824
v -356.591797 72.102592 -327.303589
v -356.795044 67.776184 -324.090912
v -356.801880 70.472427 -324.080872
v 124.894592 69.081505 -334.397705
v 151.799377 69.145676 -332.618530
v 123.143799 55.496758 -307.541870
v 124.894592 69.081505 -334.397705
v 151.799377 69.145676 -332.618530
v 123.143799 55.496758 -307.541870
v -291.159424 76.608910 -333.010651
v -289.007080 76.614029 -332.868347
v -292.023743 76.558739 -319.982361
v -289.871307 76.563889 -319.839874
v -229.151932 68.055412 -309.154938
v -229.162842 72.369324 -309.138916
v -227.010040 68.179634 -341.442749
v -227.021057 72.493614 -341.426483
v -232.387344 70.743912 -309.358459
v -230.245544 70.868179 -341.645996
v -229.162842 72.369324 -309.138916
v -227.021057 72.493614 -341.426483
v -224.857697 68.184776 -341.300446
v -224.864563 70.880989 -341.290314
v -226.999496 68.060509 -309.012726
v -227.006348 70.756752 -309.002625
v -289.007080 76.614029 -332.868347
v -285.990906 76.621208 -332.668915
v -289.871307 76.563889 -319.839874
v -286.855103 76.571106 -319.640472
v -223.770935 68.068214 -308.799103
v -223.781845 72.382202 -308.783081
v -221.629059 68.192467 -341.086914
v -221.640060 72.506439 -341.070618
v -227.006348 70.756752 -309.002625
v -224.864563 70.880989 -341.290314
v -223.781845 72.382202 -308.783081
v -221.640060 72.506439 -341.070618
v -278.828522 76.638954 -332.365906
v -271.518799 76.655731 -331.711884
v -279.659027 76.590759 -319.847321
v -272.383026 76.605621 -318.683350
v -266.350281 76.668076 -331.369995
v -266.328247 68.040115 -331.402435
v -267.214478 76.617935 -318.341644
v -267.192566 67.989960 -318.374084
v -324.515930 70.549423 -321.945740
v -356.801880 70.472427 -324.080872
v -324.305847 72.179604 -325.168518
v -356.591797 72.102592 -327.303589
v -271.518799 76.655731 -331.711884
v -269.366394 76.660904 -331.569397
v -272.383026 76.605621 -318.683350
v -270.230682 76.610733 -318.541138
v -269.366394 76.660904 -331.569397
v -266.350281 76.668076 -331.369995
v -270.230682 76.610733 -318.541138
v -267.214478 76.617935 -318.341644
v -11.379807 55.180115 -316.437592
v -38.284790 55.115913 -318.216797
v -23.932632 52.361637 -330.791046
v -324.515930 70.549423 -321.945740
v -324.305847 72.179604 -325.168518
v -324.509094 67.853210 -321.955872
v -324.294830 67.865631 -325.184601
v -356.795044 67.776184 -324.090912
v -356.801880 70.472427 -324.080872
v -324.509094 67.853210 -321.955872
v -324.515930 70.549423 -321.945740
v 178.704346 69.209846 -330.839203
v 176.953735 55.625107 -303.983368
v 151.799377 69.145676 -332.618530
v 178.704346 69.209846 -330.839203
v 176.953735 55.625107 -303.983368
v 151.799377 69.145676 -332.618530
v 15.519928 55.243519 -314.653931
v 44.175507 68.892441 -339.730560
v 42.237152 55.296791 -310.042542
v -119.003777 54.926834 -323.549744
v -131.939835 57.684517 -310.881897
v -143.076675 54.869438 -325.141724
v 42.237152 55.296791 -310.042542
v 44.175507 68.892441 -339.730560
v 69.329865 55.371872 -311.095490
v -11.379807 55.180115 -316.437592
v -0.058563 56.665337 -326.351013
v 15.525162 55.244244 -314.658386
v -247.816437 70.746841 -321.188538
v -244.591919 72.372292 -320.968964
v -247.809570 68.050606 -321.198578
v -244.580933 68.058289 -320.985199
v -242.435440 70.759674 -320.832703
v -239.210938 72.385117 -320.613098
v -242.428497 68.063431 -320.842743
v -239.199936 68.071121 -320.629364
v -324.651825 67.844902 -319.803284
v -324.662842 72.158890 -319.787140
v -356.937805 67.767937 -321.938354
v -356.948700 72.081879 -321.922180
v -356.937805 67.767937 -321.938354
v -356.948700 72.081879 -321.922180
v -357.151947 67.755455 -318.709717
v -357.158875 70.451714 -318.699615
v -119.003777 54.926834 -323.549744
v -92.098793 54.991028 -321.770447
v -106.440117 53.488056 -309.212280
v 69.338898 55.371212 -311.090637
v 97.994476 69.020103 -336.167297
v 96.055939 55.424454 -306.479279
v -215.530365 70.823845 -319.053406
v -212.305954 72.449272 -318.833893
v -215.523605 68.127609 -319.063507
v -212.294952 68.135323 -318.849976
v -324.872833 70.528702 -316.564575
v -357.158875 70.451714 -318.699615
v -324.662842 72.158890 -319.787140
v -356.948700 72.081879 -321.922180
v -210.149475 70.836678 -318.697540
v -206.924957 72.462105 -318.478058
v -210.142517 68.140442 -318.707672
v -206.913971 68.148125 -318.494324
v -299.747528 67.912331 -320.526794
v -299.299561 76.543930 -321.146240
v -300.019043 67.896553 -316.434418
v -299.554199 76.529144 -317.308563
v -65.184807 55.054497 -319.986481
v -79.526222 53.551571 -307.428345
v -92.089775 54.990311 -321.765869
v -324.872833 70.528702 -316.564575
v -324.662842 72.158890 -319.787140
v -324.866089 67.832481 -316.574585
v -324.651825 67.844902 -319.803284
v -291.529327 83.453659 -319.097565
v -292.023743 76.558739 -319.982361
v -290.325684 83.456497 -319.018066
v -289.871307 76.563889 -319.839874
v 96.055939 55.424454 -306.479279
v 97.994476 69.020103 -336.167297
v 123.148834 55.499527 -307.532349
v -357.151947 67.755455 -318.709717
v -357.158875 70.451714 -318.699615
v -324.866089 67.832481 -316.574585
v -324.872833 70.528702 -316.564575
v -299.299561 76.543930 -321.146240
v -292.023743 76.558739 -319.982361
v -299.554199 76.529144 -317.308563
v -292.295258 76.542999 -315.889709
v -286.855103 76.571106 -319.640472
v -286.833191 67.943100 -319.672913
v -287.126617 76.555367 -315.547852
v -287.104706 67.927361 -315.580261
v -280.106903 67.959152 -319.228027
v -279.659027 76.590759 -319.847321
v -280.378418 67.943420 -315.135406
v -279.913574 76.576004 -316.009552
v -271.888702 83.500488 -317.798828
v -272.383026 76.605621 -318.683350
v -270.685059 83.503365 -317.719147
v -270.230682 76.610733 -318.541138
v -289.871307 76.563889 -319.839874
v -286.855103 76.571106 -319.640472
v -290.142822 76.548134 -315.747314
v -287.126617 76.555367 -315.547852
v -65.184807 55.054497 -319.986481
v -38.279831 55.118660 -318.207367
v -52.628357 56.453892 -305.638397
v -291.690918 83.444283 -316.661835
v -292.295258 76.542999 -315.889709
v -291.529327 83.453659 -319.097565
v -292.023743 76.558739 -319.982361
v -290.325684 83.456497 -319.018066
v -289.871307 76.563889 -319.839874
v -290.487274 83.447144 -316.582275
v -290.142822 76.548134 -315.747314
v -279.659027 76.590759 -319.847321
v -272.383026 76.605621 -318.683350
v -279.913574 76.576004 -316.009552
v -272.654541 76.589851 -314.590973
v -267.214478 76.617935 -318.341644
v -267.192566 67.989960 -318.374084
v -267.485992 76.602173 -314.249084
v -267.463989 67.974205 -314.281525
v -291.529327 83.453659 -319.097565
v -290.325684 83.456497 -319.018066
v -291.690918 83.444283 -316.661835
v -290.487274 83.447144 -316.582275
v 123.143799 55.496758 -307.541870
v 151.799377 69.145676 -332.618530
v 149.861023 55.550049 -302.930389
v 123.143799 55.496758 -307.541870
v 151.799377 69.145676 -332.618530
v 149.861023 55.550049 -302.930389
v -270.230682 76.610733 -318.541138
v -267.214478 76.617935 -318.341644
v -270.502197 76.594994 -314.448486
v -267.485992 76.602173 -314.249084
v -270.685059 83.503365 -317.719147
v -270.230682 76.610733 -318.541138
v -270.846680 83.493988 -315.283417
v -270.502197 76.594994 -314.448486
v -272.050293 83.491104 -315.363098
v -272.654541 76.589851 -314.590973
v -271.888702 83.500488 -317.798828
v -272.383026 76.605621 -318.683350
v -290.487274 83.447144 -316.582275
v -290.142822 76.548134 -315.747314
v -291.690918 83.444283 -316.661835
v -292.295258 76.542999 -315.889709
v -11.379807 55.180115 -316.437592
v -25.732040 57.934353 -303.863464
v -38.284790 55.115913 -318.216797
v -271.888702 83.500488 -317.798828
v -270.685059 83.503365 -317.719147
v -272.050293 83.491104 -315.363098
v -270.846680 83.493988 -315.283417
v 149.861023 55.550049 -302.930389
v 151.799377 69.145676 -332.618530
v 176.953735 55.625107 -303.983368
v 149.861023 55.550049 -302.930389
v 151.799377 69.145676 -332.618530
v 176.953735 55.625107 -303.983368
v -270.846680 83.493988 -315.283417
v -270.502197 76.594994 -314.448486
v -272.050293 83.491104 -315.363098
v -272.654541 76.589851 -314.590973
v -144.861481 54.765892 -298.235291
v -143.076675 54.869438 -325.141724
v -131.939835 57.684517 -310.881897
v -300.019043 67.896553 -316.434418
v -299.554199 76.529144 -317.308563
v -300.475586 67.870087 -309.551880
v -299.988190 76.503960 -310.765991
v -11.379807 55.180115 -316.437592
v 15.525162 55.244244 -314.658386
v 1.183838 53.741318 -302.100250
v -144.861481 54.765892 -298.235291
v -147.727905 68.240303 -298.372040
v -143.076675 54.869438 -325.141724
v -145.943085 68.343864 -325.278381
v -299.554199 76.529144 -317.308563
v -292.295258 76.542999 -315.889709
v -299.988190 76.503960 -310.765991
v -292.751709 76.516510 -309.007385
v -119.003777 54.926834 -323.549744
v -120.788658 54.823288 -296.643402
v -131.939835 57.684517 -310.881897
v -119.003777 54.926834 -323.549744
v -106.440117 53.488056 -309.212280
v -120.788658 54.823288 -296.643402
v -287.126617 76.555367 -315.547852
v -287.104706 67.927361 -315.580261
v -287.583160 76.528870 -308.665497
v -287.561249 67.900887 -308.697906
v -280.378418 67.943420 -315.135406
v -279.913574 76.576004 -316.009552
v -280.834961 67.916908 -308.253174
v -280.347595 76.550835 -309.467072
v -292.295258 76.542999 -315.889709
v -290.142822 76.548134 -315.747314
v -292.751709 76.516510 -309.007385
v -290.599365 76.521637 -308.864990
v -290.142822 76.548134 -315.747314
v -287.126617 76.555367 -315.547852
v -290.599365 76.521637 -308.864990
v -287.583160 76.528870 -308.665497
v -279.913574 76.576004 -316.009552
v -272.654541 76.589851 -314.590973
v -280.347595 76.550835 -309.467072
v -273.111084 76.563385 -307.708466
v -93.883690 54.887489 -294.864014
v -106.440117 53.488056 -309.212280
v -92.098793 54.991028 -321.770447
v -267.485992 76.602173 -314.249084
v -267.463989 67.974205 -314.281525
v -267.942535 76.575699 -307.366577
v -267.920532 67.947739 -307.399017
v 42.237152 55.296791 -310.042542
v 28.784409 53.803658 -299.516357
v 15.519928 55.243519 -314.653931
v -93.874763 54.886765 -294.859467
v -92.089775 54.990311 -321.765869
v -79.526222 53.551571 -307.428345
v -270.502197 76.594994 -314.448486
v -267.485992 76.602173 -314.249084
v -270.958740 76.568489 -307.566223
v -267.942535 76.575699 -307.366577
v -272.654541 76.589851 -314.590973
v -270.502197 76.594994 -314.448486
v -273.111084 76.563385 -307.708466
v -270.958740 76.568489 -307.566223
v -309.145386 67.842323 -309.052826
v -255.335342 67.970680 -305.494202
v -312.715057 67.635231 -255.239868
v -258.905121 67.763565 -251.681458
v -232.387344 70.743912 -309.358459
v -229.162842 72.369324 -309.138916
v -232.380493 68.047684 -309.368561
v -229.151932 68.055412 -309.154938
v -299.988190 76.503960 -310.765991
v -292.751709 76.516510 -309.007385
v -300.475586 67.870087 -309.551880
v -292.729797 67.888573 -309.039612
v -65.184807 55.054497 -319.986481
v -66.969704 54.950958 -293.080139
v -79.526222 53.551571 -307.428345
v -227.006348 70.756752 -309.002625
v -223.781845 72.382202 -308.783081
v -226.999496 68.060509 -309.012726
v -223.770935 68.068214 -308.799103
v -292.751709 76.516510 -309.007385
v -290.599365 76.521637 -308.864990
v -292.729797 67.888573 -309.039612
v -290.577454 67.893677 -308.897400
v -290.599365 76.521637 -308.864990
v -287.583160 76.528870 -308.665497
v -290.577454 67.893677 -308.897400
v -287.561249 67.900887 -308.697906
v 69.329865 55.371872 -311.095490
v 54.177338 58.121483 -297.820343
v 42.237152 55.296791 -310.042542
v -65.184807 55.054497 -319.986481
v -52.628357 56.453892 -305.638397
v -66.969704 54.950958 -293.080139
v -280.347595 76.550835 -309.467072
v -273.111084 76.563385 -307.708466
v -280.834961 67.916908 -308.253174
v -273.089172 67.935394 -307.740906
v -273.111084 76.563385 -307.708466
v -270.958740 76.568489 -307.566223
v -273.089172 67.935394 -307.740906
v -270.936829 67.940552 -307.598511
v -270.958740 76.568489 -307.566223
v -267.942535 76.575699 -307.366577
v -270.936829 67.940552 -307.598511
v -267.920532 67.947739 -307.399017
v -40.064713 55.015106 -291.300964
v -52.628357 56.453892 -305.638397
v -38.279831 55.118660 -318.207367
v 96.055939 55.424454 -306.479279
v 82.603180 53.931324 -295.953094
v 69.338898 55.371212 -311.090637
v -40.069672 55.012352 -291.310547
v -38.284790 55.115913 -318.216797
v -25.732040 57.934353 -303.863464
v -255.335342 67.970680 -305.494202
v -201.525391 68.099014 -301.935791
v -258.905121 67.763565 -251.681458
v -205.095169 67.891899 -248.123032
v -11.379807 55.180115 -316.437592
v -13.164703 55.076542 -289.531250
v -25.732040 57.934353 -303.863464
v -11.379807 55.180115 -316.437592
v 1.183838 53.741318 -302.100250
v -13.164703 55.076542 -289.531250
v 123.148834 55.499527 -307.532349
v 107.996307 58.249146 -294.257080
v 96.055939 55.424454 -306.479279
v -144.861481 54.765892 -298.235291
v -131.939835 57.684517 -310.881897
v -120.788658 54.823288 -296.643402
v -333.066528 83.735123 -299.414429
v -333.025391 67.557693 -299.475159
v -313.717346 83.820984 -308.944702
v -313.676239 67.643562 -309.005432
v 13.740280 55.140720 -287.752075
v 1.183838 53.741318 -302.100250
v 15.525162 55.244244 -314.658386
v 149.861023 55.550049 -302.930389
v 136.408264 54.056915 -292.404236
v 123.143799 55.496758 -307.541870
v 149.861023 55.550049 -302.930389
v 136.408264 54.056915 -292.404236
v 123.143799 55.496758 -307.541870
v 15.519928 55.243519 -314.653931
v 28.784409 53.803658 -299.516357
v 13.735046 55.139980 -287.747589
v -201.525391 68.099014 -301.935791
v -147.715546 68.227341 -298.377289
v -205.095169 67.891899 -248.123032
v -151.285217 68.020241 -244.564514
v -295.754944 67.646599 -297.010437
v -295.796082 83.824020 -296.949738
v -313.676239 67.643562 -309.005432
v -313.717346 83.820984 -308.944702
v -93.883690 54.887489 -294.864014
v -120.788658 54.823288 -296.643402
v -106.440117 53.488056 -309.212280
v 176.953735 55.625107 -303.983368
v 161.801392 58.374725 -290.708282
v 149.861023 55.550049 -302.930389
v 176.953735 55.625107 -303.983368
v 161.801392 58.374725 -290.708282
v 149.861023 55.550049 -302.930389
v 40.640015 55.204128 -285.968384
v 28.784409 53.803658 -299.516357
v 42.237152 55.296791 -310.042542
v -93.874763 54.886765 -294.859467
v -79.526222 53.551571 -307.428345
v -66.969704 54.950958 -293.080139
v 42.237152 55.296791 -310.042542
v 54.177338 58.121483 -297.820343
v 40.640015 55.204128 -285.968384
v 67.544983 55.268326 -284.189178
v 54.177338 58.121483 -297.820343
v 69.329865 55.371872 -311.095490
v 69.338898 55.371212 -311.090637
v 82.603180 53.931324 -295.953094
v 67.554016 55.267643 -284.184326
v -66.969704 54.950958 -293.080139
v -52.628357 56.453892 -305.638397
v -40.064713 55.015106 -291.300964
v 94.458984 55.331799 -282.405090
v 82.603180 53.931324 -295.953094
v 96.055939 55.424454 -306.479279
v -40.069672 55.012352 -291.310547
v -25.732040 57.934353 -303.863464
v -13.164703 55.076542 -289.531250
v 96.055939 55.424454 -306.479279
v 107.996307 58.249146 -294.257080
v 94.458984 55.331799 -282.405090
v 121.363953 55.395973 -280.625916
v 107.996307 58.249146 -294.257080
v 123.148834 55.499527 -307.532349
v 123.143799 55.496758 -307.541870
v 136.408264 54.056915 -292.404236
v 121.359070 55.393211 -280.635529
v 123.143799 55.496758 -307.541870
v 136.408264 54.056915 -292.404236
v 121.359070 55.393211 -280.635529
v -144.854889 54.761787 -298.228027
v -120.781990 54.819176 -296.636078
v -133.703705 51.900562 -283.989563
v 13.740280 55.140720 -287.752075
v -13.164703 55.076542 -289.531250
v 1.183838 53.741318 -302.100250
v 148.263885 55.457367 -278.856323
v 136.408264 54.056915 -292.404236
v 149.861023 55.550049 -302.930389
v 148.263885 55.457367 -278.856323
v 136.408264 54.056915 -292.404236
v 149.861023 55.550049 -302.930389
v -93.877007 54.883366 -294.856781
v -108.225548 56.218582 -282.287903
v -120.781990 54.819176 -296.636078
v 13.735046 55.139980 -287.747589
v 28.784409 53.803658 -299.516357
v 40.640015 55.204128 -285.968384
v -248.187317 84.115974 -288.739502
v -248.146194 67.938560 -288.800110
v -228.838135 84.201828 -298.269653
v -228.796921 68.024406 -298.330383
v 149.861023 55.550049 -302.930389
v 161.801392 58.374725 -290.708282
v 148.263885 55.457367 -278.856323
v 149.861023 55.550049 -302.930389
v 161.801392 58.374725 -290.708282
v 148.263885 55.457367 -278.856323
v 175.169037 55.521561 -277.077026
v 161.801392 58.374725 -290.708282
v 176.953735 55.625107 -303.983368
v 175.169037 55.521561 -277.077026
v 161.801392 58.374725 -290.708282
v 176.953735 55.625107 -303.983368
v -210.875717 68.027443 -286.335388
v -210.916840 84.204842 -286.274902
v -228.796921 68.024406 -298.330383
v -228.838135 84.201828 -298.269653
v -93.881981 54.880615 -294.866394
v -66.976997 54.944790 -293.087219
v -81.329140 57.699051 -280.512939
v 40.640015 55.204128 -285.968384
v 54.177338 58.121483 -297.820343
v 67.544983 55.268326 -284.189178
v -40.072021 55.008949 -291.307983
v -54.409729 52.086937 -278.755066
v -66.976997 54.944790 -293.087219
v 67.554016 55.267643 -284.184326
v 82.603180 53.931324 -295.953094
v 94.458984 55.331799 -282.405090
v -194.368347 84.243622 -285.176361
v -194.327225 68.066193 -285.236938
v -175.019165 84.329498 -294.706421
v -174.978043 68.152069 -294.767090
v -40.063095 55.008251 -291.303131
v -13.158020 55.072449 -289.523956
v -27.499435 53.569481 -276.965759
v -157.056763 68.155083 -282.772308
v -157.097870 84.332527 -282.711639
v -174.978043 68.152069 -294.767090
v -175.019165 84.329498 -294.706421
v -334.494507 83.652252 -277.889496
v -334.453186 67.474838 -277.950073
v -333.066528 83.735123 -299.414429
v -333.025391 67.557693 -299.475159
v 94.458984 55.331799 -282.405090
v 107.996307 58.249146 -294.257080
v 121.363953 55.395973 -280.625916
v -144.854889 54.761787 -298.228027
v -133.703705 51.900562 -283.989563
v -146.639771 54.658203 -271.321777
v -147.721313 68.236214 -298.364716
v -144.854889 54.761787 -298.228027
v -149.506195 68.132652 -271.458374
v -146.639771 54.658203 -271.321777
v 13.746765 55.136608 -287.744720
v -0.605194 57.890877 -275.170502
v -13.158020 55.072449 -289.523956
v -334.494507 83.652252 -277.889496
v -333.066528 83.735123 -299.414429
v -316.573120 83.655304 -265.894409
v -313.717346 83.820984 -308.944702
v 121.359070 55.393211 -280.635529
v 136.408264 54.056915 -292.404236
v 148.263885 55.457367 -278.856323
v 121.359070 55.393211 -280.635529
v 136.408264 54.056915 -292.404236
v 148.263885 55.457367 -278.856323
v -122.566872 54.715614 -269.729736
v -133.703705 51.900562 -283.989563
v -120.781990 54.819176 -296.636078
v -295.796082 83.824020 -296.949738
v -295.754944 67.646599 -297.010437
v -297.223938 83.741173 -275.424683
v -297.182831 67.563721 -275.485413
v -122.566872 54.715614 -269.729736
v -120.781990 54.819176 -296.636078
v -108.225548 56.218582 -282.287903
v -295.796082 83.824020 -296.949738
v -297.223938 83.741173 -275.424683
v -313.717346 83.820984 -308.944702
v -316.573120 83.655304 -265.894409
v 40.646667 55.200043 -285.961060
v 26.298157 56.535263 -273.392151
v 13.741714 55.135887 -287.740234
v 148.263885 55.457367 -278.856323
v 161.801392 58.374725 -290.708282
v 175.169037 55.521561 -277.077026
v 148.263885 55.457367 -278.856323
v 161.801392 58.374725 -290.708282
v 175.169037 55.521561 -277.077026
v -95.661903 54.779839 -267.950378
v -108.225548 56.218582 -282.287903
v -93.877007 54.883366 -294.856781
v -93.881981 54.880615 -294.866394
v -81.329140 57.699051 -280.512939
v -95.666862 54.777054 -267.959961
v 67.551666 55.264229 -284.181824
v 53.210327 53.761292 -271.623596
v 40.646667 55.200043 -285.961060
v -68.761894 54.841232 -266.180786
v -81.329140 57.699051 -280.512939
v -66.976997 54.944790 -293.087219
v -68.761894 54.841232 -266.180786
v -66.976997 54.944790 -293.087219
v -54.409729 52.086937 -278.755066
v 94.451752 55.325630 -282.412140
v 80.103058 56.660851 -269.843262
v 67.546600 55.261475 -284.191376
v -40.072021 55.008949 -291.307983
v -41.856903 54.905407 -264.401459
v -54.409729 52.086937 -278.755066
v -40.063095 55.008251 -291.303131
v -27.499435 53.569481 -276.965759
v -41.847885 54.904705 -264.396912
v 121.356567 55.389786 -280.632935
v 107.015228 53.886864 -268.074646
v 94.451752 55.325630 -282.412140
v -14.942917 54.968868 -262.617584
v -27.499435 53.569481 -276.965759
v -13.158020 55.072449 -289.523956
v -14.942917 54.968868 -262.617584
v -13.158020 55.072449 -289.523956
v -0.605194 57.890877 -275.170502
v -122.566872 54.715614 -269.729736
v -146.639771 54.658203 -271.321777
v -133.703705 51.900562 -283.989563
v -249.615204 84.033119 -267.214447
v -249.574097 67.855705 -267.275055
v -248.187317 84.115974 -288.739502
v -248.146194 67.938560 -288.800110
v 13.746765 55.136608 -287.744720
v 11.962051 55.033039 -260.838379
v -0.605194 57.890877 -275.170502
v 13.741714 55.135887 -287.740234
v 26.298157 56.535263 -273.392151
v 11.956833 55.032326 -260.833923
v -249.615204 84.033119 -267.214447
v -248.187317 84.115974 -288.739502
v -231.693909 84.036156 -255.219482
v -228.838135 84.201828 -298.269653
v -122.566872 54.715614 -269.729736
v -108.225548 56.218582 -282.287903
v -95.661903 54.779839 -267.950378
v 38.861786 55.096478 -259.054718
v 26.298157 56.535263 -273.392151
v 40.646667 55.200043 -285.961060
v -210.916840 84.204842 -286.274902
v -210.875717 68.027443 -286.335388
v -212.344727 84.122009 -264.749664
v -212.303619 67.944588 -264.810364
v 38.861786 55.096478 -259.054718
v 40.646667 55.200043 -285.961060
v 53.210327 53.761292 -271.623596
v -210.916840 84.204842 -286.274902
v -212.344727 84.122009 -264.749664
v -228.838135 84.201828 -298.269653
v -231.693909 84.036156 -255.219482
v -195.796234 84.160782 -263.651184
v -195.755127 67.983360 -263.711914
v -194.368347 84.243622 -285.176361
v -194.327225 68.066193 -285.236938
v -68.761894 54.841232 -266.180786
v -95.666862 54.777054 -267.959961
v -81.329140 57.699051 -280.512939
v 67.551666 55.264229 -284.181824
v 65.766785 55.160679 -257.275513
v 53.210327 53.761292 -271.623596
v 67.546600 55.261475 -284.191376
v 80.103058 56.660851 -269.843262
v 65.761902 55.157902 -257.285156
v -68.761894 54.841232 -266.180786
v -54.409729 52.086937 -278.755066
v -41.856903 54.905407 -264.401459
v -195.796234 84.160782 -263.651184
v -194.368347 84.243622 -285.176361
v -177.874954 84.163803 -251.656326
v -175.019165 84.329498 -294.706421
v 92.666870 55.222054 -255.505905
v 80.103058 56.660851 -269.843262
v 94.451752 55.325630 -282.412140
v -157.097870 84.332527 -282.711639
v -157.056763 68.155083 -282.772308
v -158.525772 84.249680 -261.186401
v -158.484650 68.072250 -261.247131
v -316.573120 83.655304 -265.894409
v -316.531982 67.477875 -265.955139
v -334.494507 83.652252 -277.889496
v -334.453186 67.474838 -277.950073
v 92.666870 55.222054 -255.505905
v 94.451752 55.325630 -282.412140
v 107.015228 53.886864 -268.074646
v -157.097870 84.332527 -282.711639
v -158.525772 84.249680 -261.186401
v -175.019165 84.329498 -294.706421
v -177.874954 84.163803 -251.656326
v -14.942917 54.968868 -262.617584
v -41.847885 54.904705 -264.396912
v -27.499435 53.569481 -276.965759
v -316.531982 67.477875 -265.955139
v -316.573120 83.655304 -265.894409
v -297.182831 67.563721 -275.485413
v -297.223938 83.741173 -275.424683
v 121.356567 55.389786 -280.632935
v 119.571838 55.286270 -253.726425
v 107.015228 53.886864 -268.074646
v -14.942917 54.968868 -262.617584
v -0.605194 57.890877 -275.170502
v 11.962051 55.033039 -260.838379
v -122.566872 54.715614 -269.729736
v -135.503021 57.473305 -257.061798
v -146.639771 54.658203 -271.321777
v -122.566872 54.715614 -269.729736
v -95.661903 54.779839 -267.950378
v -110.003227 53.276852 -255.392212
v 38.861786 55.096478 -259.054718
v 11.956833 55.032326 -260.833923
v 26.298157 56.535263 -273.392151
v 38.861786 55.096478 -259.054718
v 53.210327 53.761292 -271.623596
v 65.766785 55.160679 -257.275513
v -68.761894 54.841232 -266.180786
v -83.103218 53.338306 -253.622528
v -95.666862 54.777054 -267.959961
v 92.666870 55.222054 -255.505905
v 65.761902 55.157902 -257.285156
v 80.103058 56.660851 -269.843262
v -68.761894 54.841232 -266.180786
v -41.856903 54.905407 -264.401459
v -56.205444 56.240639 -251.832596
v 92.666870 55.222054 -255.505905
v 107.015228 53.886864 -268.074646
v 119.571838 55.286270 -253.726425
v -14.942917 54.968868 -262.617584
v -29.291458 56.304081 -250.048706
v -41.847885 54.904705 -264.396912
v -231.693909 84.036156 -255.219482
v -231.652802 67.858742 -255.280075
v -249.615204 84.033119 -267.214447
v -249.574097 67.855705 -267.275055
v -148.424652 54.554688 -244.415283
v -146.639771 54.658203 -271.321777
v -135.503021 57.473305 -257.061798
v -14.942917 54.968868 -262.617584
v 11.962051 55.033039 -260.838379
v -2.375656 52.111073 -248.285400
v -148.424652 54.554688 -244.415283
v -151.290985 68.029106 -244.552063
v -146.639771 54.658203 -271.321777
v -149.506195 68.132652 -271.458374
v -231.652802 67.858742 -255.280075
v -231.693909 84.036156 -255.219482
v -212.303619 67.944588 -264.810364
v -212.344727 84.122009 -264.749664
v -122.566872 54.715614 -269.729736
v -124.351768 54.612103 -242.823318
v -135.503021 57.473305 -257.061798
v 38.861786 55.096478 -259.054718
v 24.618042 52.179935 -247.917908
v 11.956833 55.032326 -260.833923
v -122.566872 54.715614 -269.729736
v -110.003227 53.276852 -255.392212
v -124.351768 54.612103 -242.823318
v -97.446785 54.676273 -241.044022
v -110.003227 53.276852 -255.392212
v -95.661903 54.779839 -267.950378
v -177.874954 84.163803 -251.656326
v -177.833832 67.986359 -251.716995
v -195.796234 84.160782 -263.651184
v -195.755127 67.983360 -263.711914
v -97.451744 54.673515 -241.053650
v -95.666862 54.777054 -267.959961
v -83.103218 53.338306 -253.622528
v 38.861786 55.096478 -259.054718
v 65.766785 55.160679 -257.275513
v 51.508575 57.920403 -246.117371
v -177.833832 67.986359 -251.716995
v -177.874954 84.163803 -251.656326
v -158.484650 68.072250 -261.247131
v -158.525772 84.249680 -261.186401
v -68.761894 54.841232 -266.180786
v -70.546776 54.737667 -239.274445
v -83.103218 53.338306 -253.622528
v 92.666870 55.222054 -255.505905
v 78.422943 52.305511 -244.368927
v 65.761902 55.157902 -257.285156
v -68.761894 54.841232 -266.180786
v -56.205444 56.240639 -251.832596
v -70.546776 54.737667 -239.274445
v -43.641785 54.801823 -237.495239
v -56.205444 56.240639 -251.832596
v -41.856903 54.905407 -264.401459
v -302.174744 67.516853 -252.775208
v -302.185669 71.830841 -252.759048
v -305.403320 67.509178 -252.988632
v -305.410156 70.205414 -252.978546
v -296.793640 67.529694 -252.419266
v -296.804657 71.843674 -252.403198
v -300.022308 67.521980 -252.632812
v -300.029175 70.218239 -252.622696
v -41.847885 54.904705 -264.396912
v -29.291458 56.304081 -250.048706
v -43.632782 54.801159 -237.490387
v 92.666870 55.222054 -255.505905
v 119.571838 55.286270 -253.726425
v 105.313477 58.046009 -242.568375
v -258.905121 67.763565 -251.681458
v -205.095169 67.891899 -248.123032
v -262.474792 67.556480 -197.868607
v -208.664856 67.684814 -194.310211
v -14.942917 54.968868 -262.617584
v -16.727798 54.865360 -235.711182
v -29.291458 56.304081 -250.048706
v -14.942917 54.968868 -262.617584
v -2.375656 52.111073 -248.285400
v -16.727798 54.865360 -235.711182
v -274.556396 67.593887 -250.639984
v -274.567322 71.907829 -250.623978
v -277.784973 67.586182 -250.853607
v -277.791809 70.282394 -250.843475
v 11.962051 55.033039 -260.838379
v 10.365097 54.940418 -236.764328
v -2.375656 52.111073 -248.285400
v 10.359863 54.939655 -236.759842
v 11.956833 55.032326 -260.833923
v 24.618042 52.179935 -247.917908
v -269.175415 67.606720 -250.284119
v -269.186310 71.920708 -250.267975
v -272.403961 67.598999 -250.497757
v -272.410828 70.295235 -250.487640
v -148.424652 54.554688 -244.415283
v -135.503021 57.473305 -257.061798
v -124.351768 54.612103 -242.823318
v 38.861786 55.096478 -259.054718
v 37.264832 55.003803 -234.980637
v 24.618042 52.179935 -247.917908
v 38.861786 55.096478 -259.054718
v 51.508575 57.920403 -246.117371
v 37.264832 55.003803 -234.980637
v -97.446785 54.676273 -241.044022
v -124.351768 54.612103 -242.823318
v -110.003227 53.276852 -255.392212
v -205.095169 67.891899 -248.123032
v -151.285217 68.020241 -244.564514
v -208.664856 67.684814 -194.310211
v -154.854919 67.813148 -190.751785
v 64.169800 55.068027 -233.201248
v 51.508575 57.920403 -246.117371
v 65.766785 55.160679 -257.275513
v 64.164764 55.065289 -233.210785
v 65.761902 55.157902 -257.285156
v 78.422943 52.305511 -244.368927
v -97.451744 54.673515 -241.053650
v -83.103218 53.338306 -253.622528
v -70.546776 54.737667 -239.274445
v 92.666870 55.222054 -255.505905
v 91.069916 55.129448 -231.431580
v 78.422943 52.305511 -244.368927
v 92.666870 55.222054 -255.505905
v 105.313477 58.046009 -242.568375
v 91.069916 55.129448 -231.431580
v -70.546776 54.737667 -239.274445
v -56.205444 56.240639 -251.832596
v -43.641785 54.801823 -237.495239
v 117.974701 55.193600 -229.652359
v 105.313477 58.046009 -242.568375
v 119.571838 55.286270 -253.726425
v -43.632782 54.801159 -237.490387
v -29.291458 56.304081 -250.048706
v -16.727798 54.865360 -235.711182
v 10.359863 54.939655 -236.759842
v 24.618042 52.179935 -247.917908
v 37.264832 55.003803 -234.980637
v 10.365097 54.940418 -236.764328
v 7.345016 54.922714 -234.119324
v -2.375656 52.111073 -248.285400
v -16.727798 54.865360 -235.711182
v -2.375656 52.111073 -248.285400
v 7.345016 54.922714 -234.119324
v -291.413269 67.513939 -240.945023
v -291.424286 71.827927 -240.928864
v -294.641937 67.506218 -241.158630
v -294.648804 70.202477 -241.148514
v -286.032288 67.526787 -240.589172
v -286.043274 71.840759 -240.573013
v -289.260925 67.519081 -240.802719
v -289.267700 70.215302 -240.792679
v 64.169800 55.068027 -233.201248
v 37.264832 55.003803 -234.980637
v 51.508575 57.920403 -246.117371
v -251.750427 83.904778 -234.919495
v -251.709198 67.727325 -234.980194
v -232.401245 83.990631 -244.449692
v -232.360107 67.813210 -244.510376
v 64.164764 55.065289 -233.210785
v 78.422943 52.305511 -244.368927
v 91.069916 55.129448 -231.431580
v -214.438828 67.816246 -232.515427
v -214.479950 83.993668 -232.454712
v -232.360107 67.813210 -244.510376
v -232.401245 83.990631 -244.449692
v -305.403320 67.509178 -252.988632
v -305.410156 70.205414 -252.978546
v -307.545166 67.384911 -220.700974
v -307.552063 70.081146 -220.690842
v -304.316528 67.392616 -220.487518
v -304.327545 71.706604 -220.471329
v -302.174744 67.516853 -252.775208
v -302.185669 71.830841 -252.759048
v -307.552063 70.081146 -220.690842
v -305.410156 70.205414 -252.978546
v -304.327545 71.706604 -220.471329
v -302.185669 71.830841 -252.759048
v -300.022308 67.521980 -252.632812
v -300.029175 70.218239 -252.622696
v -302.164124 67.397743 -220.345108
v -302.171051 70.093979 -220.334991
v -298.935547 67.405426 -220.131668
v -298.946533 71.719437 -220.115494
v -296.793640 67.529694 -252.419266
v -296.804657 71.843674 -252.403198
v 117.974701 55.193600 -229.652359
v 91.069916 55.129448 -231.431580
v 105.313477 58.046009 -242.568375
v -302.171051 70.093979 -220.334991
v -300.029175 70.218239 -252.622696
v -298.946533 71.719437 -220.115494
v -296.804657 71.843674 -252.403198
v 7.345016 54.922714 -234.119324
v 10.365097 54.940418 -236.764328
v 10.142899 68.410683 -233.881378
v 10.137680 68.409943 -233.877090
v 10.359863 54.939655 -236.759842
v 37.042633 68.474136 -232.097717
v 37.264832 55.003803 -234.980637
v -197.945435 84.030342 -231.370605
v -197.904312 67.852921 -231.431122
v -178.596252 84.116234 -240.900696
v -178.555130 67.938789 -240.961395
v -277.784973 67.586182 -250.853607
v -277.791809 70.282394 -250.843475
v -279.926819 67.461922 -218.565933
v -279.933594 70.158142 -218.555771
v -276.698181 67.469627 -218.352463
v -276.709167 71.783585 -218.336288
v -274.556396 67.593887 -250.639984
v -274.567322 71.907829 -250.623978
v -272.403961 67.598999 -250.497757
v -272.410828 70.295235 -250.487640
v -274.545837 67.474754 -218.210052
v -274.552612 70.170982 -218.199951
v -43.640167 54.809055 -237.499451
v -16.735107 54.873207 -235.720245
v -31.076431 53.370308 -223.162109
v -279.933594 70.158142 -218.555771
v -277.791809 70.282394 -250.843475
v -276.709167 71.783585 -218.336288
v -274.567322 71.907829 -250.623978
v -160.633850 67.941795 -228.966614
v -160.674957 84.119217 -228.905930
v -178.555130 67.938789 -240.961395
v -178.596252 84.116234 -240.900696
v -271.317200 67.482452 -217.996613
v -271.328186 71.796417 -217.980438
v -269.175415 67.606720 -250.284119
v -269.186310 71.920708 -250.267975
v -274.552612 70.170982 -218.199951
v -272.410828 70.295235 -250.487640
v -271.328186 71.796417 -217.980438
v -269.186310 71.920708 -250.267975
v 64.169800 55.068027 -233.201248
v 63.947601 68.538330 -230.318405
v 37.264832 55.003803 -234.980637
v 37.042633 68.474136 -232.097717
v 7.337616 54.930634 -234.128189
v -5.598358 57.688278 -221.460464
v -16.735107 54.873207 -235.720245
v -151.298401 68.022934 -244.558990
v -148.431976 54.548534 -244.422318
v -153.083191 67.919388 -217.652664
v -150.216766 54.444977 -217.515915
v 63.942566 68.535553 -230.328033
v 64.164764 55.065289 -233.210785
v 90.847717 68.599709 -228.548828
v 91.069916 55.129448 -231.431580
v 117.974701 55.193600 -229.652359
v 117.752502 68.663910 -226.769623
v 91.069916 55.129448 -231.431580
v 90.847717 68.599709 -228.548828
v 22.319717 68.427063 -227.675735
v 22.292297 79.212021 -227.635300
v 15.168610 68.409996 -228.148697
v 15.154907 73.802475 -228.128372
v 29.484879 68.444145 -227.201889
v 29.471161 73.836624 -227.181747
v 22.319717 68.427063 -227.675735
v 22.292297 79.212021 -227.635300
v 36.635956 68.461235 -226.728943
v 36.608551 79.246170 -226.688477
v 29.484879 68.444145 -227.201889
v 29.471161 73.836624 -227.181747
v 43.801117 68.478294 -226.255081
v 43.787415 73.870773 -226.234940
v 36.635956 68.461235 -226.728943
v 36.608551 79.246170 -226.688477
v -43.640167 54.809055 -237.499451
v -31.076431 53.370308 -223.162109
v -45.424973 54.705486 -210.593140
v 50.952209 68.495338 -225.782242
v 50.924805 79.280334 -225.741669
v 43.801117 68.478294 -226.255081
v 43.787415 73.870773 -226.234940
v 58.103302 68.512428 -225.309296
v 58.089600 73.904884 -225.289169
v 50.952209 68.495338 -225.782242
v 50.924805 79.280334 -225.741669
v -294.641937 67.506218 -241.158630
v -294.648804 70.202477 -241.148514
v -296.783722 67.381989 -208.870972
v -296.790588 70.078217 -208.860748
v -293.555176 67.389702 -208.657425
v -293.566071 71.703659 -208.641144
v -291.413269 67.513939 -240.945023
v -291.424286 71.827927 -240.928864
v -289.260925 67.519081 -240.802719
v -289.267700 70.215302 -240.792679
v -291.402710 67.394852 -208.514938
v -291.409576 70.091049 -208.504883
v -18.519989 54.769638 -208.813934
v -31.076431 53.370308 -223.162109
v -16.735107 54.873207 -235.720245
v -296.790588 70.078217 -208.860748
v -294.648804 70.202477 -241.148514
v -293.566071 71.703659 -208.641144
v -291.424286 71.827927 -240.928864
v -288.174164 67.402489 -208.301743
v -288.185059 71.716492 -208.285492
v -286.032288 67.526787 -240.589172
v -286.043274 71.840759 -240.573013
v -291.409576 70.091049 -208.504883
v -289.267700 70.215302 -240.792679
v -288.185059 71.716492 -208.285492
v -286.043274 71.840759 -240.573013
v -18.519989 54.769638 -208.813934
v -16.735107 54.873207 -235.720245
v -5.598358 57.688278 -221.460464
v -253.178314 83.821915 -213.394379
v -253.137192 67.644501 -213.454987
v -251.750427 83.904778 -234.919495
v -251.709198 67.727325 -234.980194
v 7.337616 54.930634 -234.128189
v 5.552902 54.827095 -207.221985
v -5.598358 57.688278 -221.460464
v 7.337616 54.930634 -234.128189
v 10.135513 68.418594 -233.890366
v 5.552902 54.827095 -207.221985
v 8.350616 68.314995 -206.984222
v -253.178314 83.821915 -213.394379
v -251.750427 83.904778 -234.919495
v -235.257019 83.824966 -201.399506
v -232.401245 83.990631 -244.449692
v -214.479950 83.993668 -232.454712
v -214.438828 67.816246 -232.515427
v -215.907837 83.910797 -210.929779
v -215.866714 67.733398 -210.990295
v -307.552063 70.081146 -220.690842
v -304.327545 71.706604 -220.471329
v -307.545166 67.384911 -220.700974
v -304.316528 67.392616 -220.487518
v -214.479950 83.993668 -232.454712
v -215.907837 83.910797 -210.929779
v -232.401245 83.990631 -244.449692
v -235.257019 83.824966 -201.399506
v -302.171051 70.093979 -220.334991
v -298.946533 71.719437 -220.115494
v -302.164124 67.397743 -220.345108
v -298.935547 67.405426 -220.131668
v -199.373322 83.947510 -209.845398
v -199.332108 67.770088 -209.906097
v -197.945435 84.030342 -231.370605
v -197.904312 67.852921 -231.431122
v -279.933594 70.158142 -218.555771
v -276.709167 71.783585 -218.336288
v -279.926819 67.461922 -218.565933
v -276.698181 67.469627 -218.352463
v -274.552612 70.170982 -218.199951
v -271.328186 71.796417 -217.980438
v -274.545837 67.474754 -218.210052
v -271.317200 67.482452 -217.996613
v -199.373322 83.947510 -209.845398
v -197.945435 84.030342 -231.370605
v -181.452026 83.950562 -197.850342
v -178.596252 84.116234 -240.900696
v -160.674957 84.119217 -228.905930
v -160.633850 67.941795 -228.966614
v -162.102844 84.036407 -207.380783
v -162.061737 67.859001 -207.441299
v 15.168610 68.409996 -228.148697
v 15.154907 73.802475 -228.128372
v 13.740631 68.327187 -206.623367
v 13.726929 73.719627 -206.603317
v -160.674957 84.119217 -228.905930
v -162.102844 84.036407 -207.380783
v -178.596252 84.116234 -240.900696
v -181.452026 83.950562 -197.850342
v 15.154907 73.802475 -228.128372
v 22.292297 79.212021 -227.635300
v 13.726929 73.719627 -206.603317
v 20.864319 79.129158 -206.110153
v -18.519989 54.769638 -208.813934
v -45.424973 54.705486 -210.593140
v -31.076431 53.370308 -223.162109
v 20.864319 79.129158 -206.110153
v 22.292297 79.212021 -227.635300
v 28.043182 73.753792 -205.656525
v 29.471161 73.836624 -227.181747
v 29.471161 73.836624 -227.181747
v 36.608551 79.246170 -226.688477
v 28.043182 73.753792 -205.656525
v 35.180573 79.163300 -205.163528
v 35.180573 79.163300 -205.163528
v 36.608551 79.246170 -226.688477
v 42.359436 73.787941 -204.709900
v 43.787415 73.870773 -226.234940
v 43.787415 73.870773 -226.234940
v 50.924805 79.280334 -225.741669
v 42.359436 73.787941 -204.709900
v 49.496826 79.197495 -204.216553
v 56.675323 68.429573 -203.784241
v 56.661621 73.822067 -203.763824
v 58.103302 68.512428 -225.309296
v 58.089600 73.904884 -225.289169
v -18.519989 54.769638 -208.813934
v -5.598358 57.688278 -221.460464
v 5.552902 54.827095 -207.221985
v 49.496826 79.197495 -204.216553
v 50.924805 79.280334 -225.741669
v 56.661621 73.822067 -203.763824
v 58.089600 73.904884 -225.289169
v -296.790588 70.078217 -208.860748
v -293.566071 71.703659 -208.641144
v -296.783722 67.381989 -208.870972
v -293.555176 67.389702 -208.657425
v -291.409576 70.091049 -208.504883
v -288.185059 71.716492 -208.285492
v -291.402710 67.394852 -208.514938
v -288.174164 67.402489 -208.301743
v -18.519989 54.769638 -208.813934
v -32.868530 56.104866 -196.244949
v -45.424973 54.705486 -210.593140
v -235.257019 83.824966 -201.399506
v -235.215897 67.647537 -201.460220
v -253.178314 83.821915 -213.394379
v -253.137192 67.644501 -213.454987
v -18.519989 54.769638 -208.813934
v 5.552902 54.827095 -207.221985
v -7.368820 51.908398 -194.575531
v -235.215897 67.647537 -201.460220
v -235.257019 83.824966 -201.399506
v -215.866714 67.733398 -210.990295
v -215.907837 83.910797 -210.929779
v -316.443726 53.938812 -198.632278
v -316.290161 67.430878 -201.413956
v -289.538757 54.002968 -196.853073
v -289.385193 67.495064 -199.634750
v -262.480225 67.559219 -197.855545
v -262.633789 54.067154 -195.073685
v -289.385193 67.495064 -199.634750
v -289.538757 54.002968 -196.853073
v -45.424973 54.705486 -210.593140
v -32.868530 56.104866 -196.244949
v -47.209854 54.601913 -183.686798
v -18.519989 54.769638 -208.813934
v -20.304886 54.666145 -181.907425
v -32.868530 56.104866 -196.244949
v -18.519989 54.769638 -208.813934
v -7.368820 51.908398 -194.575531
v -20.304886 54.666145 -181.907425
v -262.638733 54.078388 -195.085495
v -262.485168 67.570518 -197.867188
v -235.733765 54.142605 -193.306137
v -235.580200 67.634697 -196.087982
v 3.768021 54.723564 -180.315460
v -7.368820 51.908398 -194.575531
v 5.552902 54.827095 -207.221985
v -316.443726 53.938812 -198.632278
v -289.538757 54.002968 -196.853073
v -303.796936 56.762703 -185.694931
v 13.726929 73.719627 -206.603317
v 12.298950 73.636810 -185.078201
v 13.740631 68.327187 -206.623367
v 12.312653 68.244339 -185.098419
v -208.675232 67.698875 -194.308594
v -208.828796 54.206779 -191.527084
v -235.580200 67.634697 -196.087982
v -235.733765 54.142605 -193.306137
v 6.565735 68.211479 -180.077728
v 3.768021 54.723564 -180.315460
v 8.350616 68.314995 -206.984222
v 5.552902 54.827095 -207.221985
v 20.864319 79.129158 -206.110153
v 19.436340 79.046356 -184.585022
v 13.726929 73.719627 -206.603317
v 12.298950 73.636810 -185.078201
v -262.633789 54.067154 -195.073685
v -276.877533 51.150608 -183.937057
v -289.538757 54.002968 -196.853073
v 26.615387 73.670944 -184.131577
v 19.436340 79.046356 -184.585022
v 28.043182 73.753792 -205.656525
v 20.864319 79.129158 -206.110153
v 35.180573 79.163300 -205.163528
v 33.752594 79.080482 -183.638382
v 28.043182 73.753792 -205.656525
v 26.615387 73.670944 -184.131577
v 40.931641 73.705093 -183.184570
v 33.752594 79.080482 -183.638382
v 42.359436 73.787941 -204.709900
v 35.180573 79.163300 -205.163528
v 49.496826 79.197495 -204.216553
v 48.068848 79.114632 -182.691574
v 42.359436 73.787941 -204.709900
v 40.931641 73.705093 -183.184570
v 55.233643 73.739197 -182.238876
v 56.661621 73.822067 -203.763824
v 55.247345 68.346733 -182.259109
v 56.675323 68.429573 -203.784241
v 55.233643 73.739197 -182.238876
v 48.068848 79.114632 -182.691574
v 56.661621 73.822067 -203.763824
v 49.496826 79.197495 -204.216553
v -262.638733 54.078388 -195.085495
v -235.733765 54.142605 -193.306137
v -249.991943 56.902309 -182.148163
v -208.828796 54.206779 -191.527084
v -223.072540 51.290245 -180.390106
v -235.733765 54.142605 -193.306137
v -47.209854 54.601913 -183.686798
v -32.868530 56.104866 -196.244949
v -20.304886 54.666145 -181.907425
v -316.443726 53.938812 -198.632278
v -303.796936 56.762703 -185.694931
v -318.040710 53.846138 -174.558121
v 3.768021 54.723564 -180.315460
v -20.304886 54.666145 -181.907425
v -7.368820 51.908398 -194.575531
v -291.135712 53.910339 -172.778915
v -303.796936 56.762703 -185.694931
v -289.538757 54.002968 -196.853073
v -291.135712 53.910339 -172.778915
v -289.538757 54.002968 -196.853073
v -276.877533 51.150608 -183.937057
v -262.633789 54.067154 -195.073685
v -264.230835 53.974495 -170.999710
v -276.877533 51.150608 -183.937057
v -262.638733 54.078388 -195.085495
v -249.991943 56.902309 -182.148163
v -264.235718 53.985748 -171.011337
v 12.298950 73.636810 -185.078201
v 19.436340 79.046356 -184.585022
v 12.312653 68.244339 -185.098419
v 19.463745 68.261406 -184.625458
v 19.436340 79.046356 -184.585022
v 26.615387 73.670944 -184.131577
v 19.463745 68.261406 -184.625458
v 26.628906 68.278465 -184.151627
v -237.330734 54.049942 -169.232132
v -249.991943 56.902309 -182.148163
v -235.733765 54.142605 -193.306137
v 26.615387 73.670944 -184.131577
v 33.752594 79.080482 -183.638382
v 26.628906 68.278465 -184.151627
v 33.779999 68.295525 -183.678848
v -237.330734 54.049942 -169.232132
v -235.733765 54.142605 -193.306137
v -223.072540 51.290245 -180.390106
v 33.752594 79.080482 -183.638382
v 40.931641 73.705093 -183.184570
v 33.779999 68.295525 -183.678848
v 40.945343 68.312614 -183.205002
v 40.931641 73.705093 -183.184570
v 48.068848 79.114632 -182.691574
v 40.945343 68.312614 -183.205002
v 48.096252 68.329697 -182.731873
v -208.828796 54.206779 -191.527084
v -210.425751 54.114128 -167.452744
v -223.072540 51.290245 -180.390106
v 48.068848 79.114632 -182.691574
v 55.233643 73.739197 -182.238876
v 48.096252 68.329697 -182.731873
v 55.247345 68.346733 -182.259109
v -47.203186 54.597832 -183.679474
v -20.298294 54.661987 -181.900253
v -34.639618 53.159058 -169.341934
v -291.135712 53.910339 -172.778915
v -318.040710 53.846138 -174.558121
v -303.796936 56.762703 -185.694931
v 3.774689 54.719448 -180.308319
v -9.161453 57.477081 -167.640396
v -20.298294 54.661987 -181.900253
v -291.135712 53.910339 -172.778915
v -276.877533 51.150608 -183.937057
v -264.230835 53.974495 -170.999710
v -237.330734 54.049942 -169.232132
v -264.235718 53.985748 -171.011337
v -249.991943 56.902309 -182.148163
v -237.330734 54.049942 -169.232132
v -223.072540 51.290245 -180.390106
v -210.425751 54.114128 -167.452744
v -47.203186 54.597832 -183.679474
v -34.639618 53.159058 -169.341934
v -48.988068 54.494270 -156.773117
v -291.135712 53.910339 -172.778915
v -305.477051 52.407352 -160.220749
v -318.040710 53.846138 -174.558121
v -22.083099 54.558491 -154.993729
v -34.639618 53.159058 -169.341934
v -20.298294 54.661987 -181.900253
v -22.083099 54.558491 -154.993729
v -20.298294 54.661987 -181.900253
v -9.161453 57.477081 -167.640396
v -291.135712 53.910339 -172.778915
v -264.230835 53.974495 -170.999710
v -278.579285 55.309719 -158.430679
v 3.774689 54.719448 -180.308319
v 1.989807 54.615883 -153.401978
v -9.161453 57.477081 -167.640396
v 3.774689 54.719448 -180.308319
v 6.572403 68.207344 -180.070541
v 1.989807 54.615883 -153.401978
v 4.787521 68.103836 -153.164062
v -237.330734 54.049942 -169.232132
v -251.672058 52.547028 -156.673813
v -264.235718 53.985748 -171.011337
v -237.330734 54.049942 -169.232132
v -210.425751 54.114128 -167.452744
v -224.774292 55.449329 -154.883957
v -319.825592 53.742542 -147.651978
v -318.040710 53.846138 -174.558121
v -305.477051 52.407352 -160.220749
v -22.083099 54.558491 -154.993729
v -48.988068 54.494270 -156.773117
v -34.639618 53.159058 -169.341934
v -291.135712 53.910339 -172.778915
v -292.920624 53.806770 -145.872559
v -305.477051 52.407352 -160.220749
v -291.135712 53.910339 -172.778915
v -278.579285 55.309719 -158.430679
v -292.920624 53.806770 -145.872559
v -22.083099 54.558491 -154.993729
v -9.161453 57.477081 -167.640396
v 1.989807 54.615883 -153.401978
v -266.015625 53.870930 -144.093384
v -278.579285 55.309719 -158.430679
v -264.230835 53.974495 -170.999710
v -266.020599 53.882221 -144.105042
v -264.235718 53.985748 -171.011337
v -251.672058 52.547028 -156.673813
v -237.330734 54.049942 -169.232132
v -239.115631 53.946407 -142.325592
v -251.672058 52.547028 -156.673813
v -237.330734 54.049942 -169.232132
v -224.774292 55.449329 -154.883957
v -239.115631 53.946407 -142.325592
v -212.210648 54.010555 -140.546448
v -224.774292 55.449329 -154.883957
v -210.425751 54.114128 -167.452744
v -22.083099 54.558491 -154.993729
v -36.431641 55.893650 -142.424927
v -48.988068 54.494270 -156.773117
v -319.825592 53.742542 -147.651978
v -305.477051 52.407352 -160.220749
v -292.920624 53.806770 -145.872559
v -22.083099 54.558491 -154.993729
v 1.989807 54.615883 -153.401978
v -10.931824 51.697254 -140.755341
v -292.920624 53.806770 -145.872559
v -278.579285 55.309719 -158.430679
v -266.015625 53.870930 -144.093384
v -109.133141 164.823242 -164.816940
v -106.935265 164.826263 -164.074203
v -109.135307 165.674683 -164.813644
v -109.133141 164.823242 -164.816940
v -109.135307 165.674683 -164.813644
v -111.410011 164.815643 -164.369919
v -109.133141 164.823242 -164.816940
v -109.146126 163.616150 -164.580551
v -106.935265 164.826263 -164.074203
v -111.410011 164.815643 -164.369919
v -109.146126 163.616150 -164.580551
v -109.133141 164.823242 -164.816940
v -109.183372 162.393372 -163.976212
v -107.402718 162.395844 -163.375015
v -109.146126 163.616150 -164.580551
v -107.073769 163.618958 -163.874680
v -106.935265 164.826263 -164.074203
v -109.146126 163.616150 -164.580551
v -109.183372 162.393372 -163.976212
v -109.146126 163.616150 -164.580551
v -111.027870 162.387207 -163.614670
v -111.293602 163.608917 -164.153854
v -109.146126 163.616150 -164.580551
v -111.410011 164.815643 -164.369919
v -111.412178 165.667084 -164.367020
v -109.135307 165.674683 -164.813644
v -111.300911 166.503784 -164.142807
v -111.293602 163.608917 -164.153854
v -111.027870 162.387207 -163.614670
v -109.146126 163.616150 -164.580551
v -111.412178 165.667084 -164.367020
v -111.410011 164.815643 -164.369919
v -109.135307 165.674683 -164.813644
v -111.300911 166.503784 -164.142807
v -109.135307 165.674683 -164.813644
v -109.153435 166.511017 -164.569656
v -106.937431 165.677734 -164.070999
v -107.081078 166.513855 -163.863815
v -109.135307 165.674683 -164.813644
v -109.146126 163.616150 -164.580551
v -107.402718 162.395844 -163.375015
v -107.073769 163.618958 -163.874680
v -109.135307 165.674683 -164.813644
v -106.935265 164.826263 -164.074203
v -106.937431 165.677734 -164.070999
v -109.153435 166.511017 -164.569656
v -109.135307 165.674683 -164.813644
v -107.081078 166.513855 -163.863815
v -111.293602 163.608917 -164.153854
v -111.410011 164.815643 -164.369919
v -112.954597 163.599182 -162.699020
v -109.153435 166.511017 -164.569656
v -109.220970 167.599915 -163.588699
v -111.300911 166.503784 -164.142807
v -109.183372 162.393372 -163.976212
v -109.236656 161.183899 -163.131058
v -107.402718 162.395844 -163.375015
v -111.027870 162.387207 -163.614670
v -109.236656 161.183899 -163.131058
v -109.183372 162.393372 -163.976212
v -266.020599 53.882221 -144.105042
v -251.672058 52.547028 -156.673813
v -239.115631 53.946407 -142.325592
v -109.153435 166.511017 -164.569656
v -107.081078 166.513855 -163.863815
v -109.220970 167.599915 -163.588699
v -110.648781 161.179169 -162.854660
v -109.236656 161.183899 -163.131058
v -111.027870 162.387207 -163.614670
v -111.412178 165.667084 -164.367020
v -111.300911 166.503784 -164.142807
v -113.163704 165.656799 -162.832718
v -112.954597 163.599182 -162.699020
v -111.027870 162.387207 -163.614670
v -111.293602 163.608917 -164.153854
v -113.163704 165.656799 -162.832718
v -111.410011 164.815643 -164.369919
v -111.412178 165.667084 -164.367020
v -107.073769 163.618958 -163.874680
v -105.619453 163.616699 -162.213974
v -106.935265 164.826263 -164.074203
v -107.873329 161.185760 -162.671188
v -107.402718 162.395844 -163.375015
v -109.236656 161.183899 -163.131058
v -107.073769 163.618958 -163.874680
v -107.402718 162.395844 -163.375015
v -105.619453 163.616699 -162.213974
v -106.937431 165.677734 -164.070999
v -106.935265 164.826263 -164.074203
v -105.403755 165.675385 -162.319504
v -113.161537 164.805359 -162.835953
v -112.954597 163.599182 -162.699020
v -111.410011 164.815643 -164.369919
v -106.937431 165.677734 -164.070999
v -105.403755 165.675385 -162.319504
v -107.081078 166.513855 -163.863815
v -110.648781 161.179169 -162.854660
v -111.027870 162.387207 -163.614670
v -111.736000 161.172791 -161.902542
v -109.289330 160.087982 -162.299759
v -109.236656 161.183899 -163.131058
v -110.270042 160.084656 -162.094284
v -112.447273 162.378906 -162.371475
v -111.027870 162.387207 -163.614670
v -112.954597 163.599182 -162.699020
v -113.161537 164.805359 -162.835953
v -111.410011 164.815643 -164.369919
v -113.163704 165.656799 -162.832718
v -109.236656 161.183899 -163.131058
v -108.344215 160.089233 -161.967026
v -107.873329 161.185760 -162.671188
v -109.220970 167.599915 -163.588699
v -107.081078 166.513855 -163.863815
v -107.620766 167.602203 -163.056046
v -110.648781 161.179169 -162.854660
v -110.270042 160.084656 -162.094284
v -109.236656 161.183899 -163.131058
v -110.877632 167.594452 -163.271408
v -111.300911 166.503784 -164.142807
v -109.220970 167.599915 -163.588699
v -107.873329 161.185760 -162.671188
v -106.921471 161.184296 -161.584061
v -107.402718 162.395844 -163.375015
v -109.289330 160.087982 -162.299759
v -108.344215 160.089233 -161.967026
v -109.236656 161.183899 -163.131058
v -106.935265 164.826263 -164.074203
v -105.619453 163.616699 -162.213974
v -105.401604 164.823914 -162.322769
v -112.447273 162.378906 -162.371475
v -111.736000 161.172791 -161.902542
v -111.027870 162.387207 -163.614670
v -112.961891 166.494110 -162.688034
v -113.163704 165.656799 -162.832718
v -111.300911 166.503784 -164.142807
v -106.159950 162.393921 -161.955612
v -105.619453 163.616699 -162.213974
v -107.402718 162.395844 -163.375015
v -105.401604 164.823914 -162.322769
v -105.403755 165.675385 -162.319504
v -106.935265 164.826263 -164.074203
v -112.961891 166.494110 -162.688034
v -111.300911 166.503784 -164.142807
v -112.161156 167.586914 -162.147293
v -107.873329 161.185760 -162.671188
v -108.344215 160.089233 -161.967026
v -106.921471 161.184296 -161.584061
v -107.402718 162.395844 -163.375015
v -106.921471 161.184296 -161.584061
v -106.159950 162.393921 -161.955612
v -109.289330 160.087982 -162.299759
v -109.327553 159.234192 -161.694016
v -108.344215 160.089233 -161.967026
v -110.270042 160.084656 -162.094284
v -109.327553 159.234192 -161.694016
v -109.289330 160.087982 -162.299759
v -111.736000 161.172791 -161.902542
v -110.270042 160.084656 -162.094284
v -110.648781 161.179169 -162.854660
v -112.161156 167.586914 -162.147293
v -111.300911 166.503784 -164.142807
v -110.877632 167.594452 -163.271408
v -108.702477 159.234985 -161.467850
v -108.344215 160.089233 -161.967026
v -109.327553 159.234192 -161.694016
v -109.976982 159.231995 -161.551956
v -109.327553 159.234192 -161.694016
v -110.270042 160.084656 -162.094284
v -111.025063 160.080231 -161.433121
v -110.270042 160.084656 -162.094284
v -111.736000 161.172791 -161.902542
v -110.877632 167.594452 -163.271408
v -109.220970 167.599915 -163.588699
v -110.240654 168.201508 -161.960968
v -107.081078 166.513855 -163.863815
v -105.403755 165.675385 -162.319504
v -105.626762 166.511597 -162.203110
v -107.620766 167.602203 -163.056046
v -107.081078 166.513855 -163.863815
v -106.497017 167.600433 -161.772781
v -108.702477 159.234985 -161.467850
v -108.281273 159.234253 -160.956253
v -108.344215 160.089233 -161.967026
v -107.683159 160.088226 -161.212143
v -106.921471 161.184296 -161.584061
v -108.344215 160.089233 -161.967026
v -105.626762 166.511597 -162.203110
v -106.497017 167.600433 -161.772781
v -107.081078 166.513855 -163.863815
v -107.620766 167.602203 -163.056046
v -108.428078 168.205841 -161.841156
v -109.220970 167.599915 -163.588699
v -109.976982 159.231995 -161.551956
v -110.270042 160.084656 -162.094284
v -110.462029 159.229065 -161.100388
v -109.327553 159.234192 -161.694016
v -109.004463 158.508636 -160.964188
v -108.702477 159.234985 -161.467850
v -109.976982 159.231995 -161.551956
v -109.740822 158.506866 -161.012955
v -109.327553 159.234192 -161.694016
v -111.025063 160.080231 -161.433121
v -110.462029 159.229065 -161.100388
v -110.270042 160.084656 -162.094284
v -109.937401 156.377594 -160.977371
v -109.940010 157.370941 -160.973648
v -108.804649 156.380249 -160.902664
v -108.807076 157.373657 -160.898636
v -109.937401 156.377594 -160.977371
v -108.804649 156.380249 -160.902664
v -109.940010 157.370941 -160.973648
v -108.807076 157.373657 -160.898636
v -109.366066 158.508118 -161.087692
v -109.004463 158.508636 -160.964188
v -109.327553 159.234192 -161.694016
v -113.161537 164.805359 -162.835953
v -113.163704 165.656799 -162.832718
v -113.904747 164.795349 -160.637863
v -112.447273 162.378906 -162.371475
v -112.954597 163.599182 -162.699020
v -113.048912 162.370789 -160.590775
v -109.366066 158.508118 -161.087692
v -109.327553 159.234192 -161.694016
v -109.740822 158.506866 -161.012955
v -110.877632 167.594452 -163.271408
v -110.240654 168.201508 -161.960968
v -112.161156 167.586914 -162.147293
v -108.702477 159.234985 -161.467850
v -109.004463 158.508636 -160.964188
v -108.281273 159.234253 -160.956253
v -108.344215 160.089233 -161.967026
v -108.281273 159.234253 -160.956253
v -107.683159 160.088226 -161.212143
v -109.318367 168.204590 -162.141785
v -109.220970 167.599915 -163.588699
v -108.428078 168.205841 -161.841156
v -110.240654 168.201508 -161.960968
v -109.220970 167.599915 -163.588699
v -109.318367 168.204590 -162.141785
v -110.462029 159.229065 -161.100388
v -109.740822 158.506866 -161.012955
v -109.976982 159.231995 -161.551956
v -113.048912 162.370789 -160.590775
v -111.736000 161.172791 -161.902542
v -112.447273 162.378906 -162.371475
v -113.904747 164.795349 -160.637863
v -112.954597 163.599182 -162.699020
v -113.161537 164.805359 -162.835953
v -239.115631 53.946407 -142.325592
v -224.774292 55.449329 -154.883957
v -212.210648 54.010555 -140.546448
v -111.025063 160.080231 -161.433121
v -111.736000 161.172791 -161.902542
v -111.357994 160.075867 -160.487991
v -108.766502 158.508240 -160.692642
v -108.281273 159.234253 -160.956253
v -109.004463 158.508636 -160.964188
v -107.620766 167.602203 -163.056046
v -106.497017 167.600433 -161.772781
v -108.428078 168.205841 -161.841156
v -110.012596 158.505249 -160.774948
v -109.740822 158.506866 -161.012955
v -110.462029 159.229065 -161.100388
v -111.357994 160.075867 -160.487991
v -110.462029 159.229065 -161.100388
v -111.025063 160.080231 -161.433121
v -113.668312 166.484650 -160.615555
v -113.163704 165.656799 -162.832718
v -112.961891 166.494110 -162.688034
v -108.879753 156.375916 -159.769547
v -110.012596 156.373230 -159.844437
v -108.804649 156.380249 -160.902664
v -109.937401 156.377594 -160.977371
v -108.879753 156.375916 -159.769547
v -108.804649 156.380249 -160.902664
v -110.012596 156.373230 -159.844437
v -109.937401 156.377594 -160.977371
v -108.804649 156.380249 -160.902664
v -108.807076 157.373657 -160.898636
v -108.879753 156.375916 -159.769547
v -108.882286 157.369232 -159.766006
v -110.012596 156.373230 -159.844437
v -110.015129 157.366547 -159.840714
v -109.937401 156.377594 -160.977371
v -109.940010 157.370941 -160.973648
v -108.804649 156.380249 -160.902664
v -108.879753 156.375916 -159.769547
v -108.807076 157.373657 -160.898636
v -108.882286 157.369232 -159.766006
v -110.012596 156.373230 -159.844437
v -109.937401 156.377594 -160.977371
v -110.015129 157.366547 -159.840714
v -109.940010 157.370941 -160.973648
v -110.012596 158.505249 -160.774948
v -110.462029 159.229065 -161.100388
v -110.136238 158.503662 -160.413193
v -108.766502 158.508240 -160.692642
v -108.691841 158.507080 -160.317825
v -108.281273 159.234253 -160.956253
v -107.683159 160.088226 -161.212143
v -107.478020 160.085144 -160.231339
v -106.921471 161.184296 -161.584061
v -106.159950 162.393921 -161.955612
v -105.798714 162.388062 -160.111282
v -105.619453 163.616699 -162.213974
v -105.401604 164.823914 -162.322769
v -104.955330 164.816681 -160.046005
v -105.403755 165.675385 -162.319504
v -112.961891 166.494110 -162.688034
v -112.161156 167.586914 -162.147293
v -113.668312 166.484650 -160.615555
v -107.683159 160.088226 -161.212143
v -108.281273 159.234253 -160.956253
v -107.478020 160.085144 -160.231339
v -106.159950 162.393921 -161.955612
v -106.921471 161.184296 -161.584061
v -105.798714 162.388062 -160.111282
v -105.401604 164.823914 -162.322769
v -105.619453 163.616699 -162.213974
v -104.955330 164.816681 -160.046005
v -109.004463 158.508636 -160.964188
v -109.414040 158.505341 -160.365707
v -108.766502 158.508240 -160.692642
v -109.366066 158.508118 -161.087692
v -109.414040 158.505341 -160.365707
v -109.004463 158.508636 -160.964188
v -109.740822 158.506866 -161.012955
v -109.414040 158.505341 -160.365707
v -109.366066 158.508118 -161.087692
v -110.012596 158.505249 -160.774948
v -109.414040 158.505341 -160.365707
v -109.740822 158.506866 -161.012955
v -112.196236 161.166595 -160.539017
v -111.357994 160.075867 -160.487991
v -111.736000 161.172791 -161.902542
v -113.660927 163.589691 -160.626541
v -113.048912 162.370789 -160.590775
v -112.954597 163.599182 -162.699020
v -110.676094 159.226074 -160.446121
v -110.462029 159.229065 -161.100388
v -111.357994 160.075867 -160.487991
v -113.660927 163.589691 -160.626541
v -112.954597 163.599182 -162.699020
v -113.904747 164.795349 -160.637863
v -112.196236 161.166595 -160.539017
v -111.736000 161.172791 -161.902542
v -113.048912 162.370789 -160.590775
v -108.766502 158.508240 -160.692642
v -109.414040 158.505341 -160.365707
v -108.691841 158.507080 -160.317825
v -108.281273 159.234253 -160.956253
v -108.691841 158.507080 -160.317825
v -108.155571 159.232117 -160.279373
v -105.626762 166.511597 -162.203110
v -105.403755 165.675385 -162.319504
v -105.200325 166.504822 -160.055618
v -110.950310 168.197327 -161.339325
v -112.161156 167.586914 -162.147293
v -110.240654 168.201508 -161.960968
v -110.136238 158.503662 -160.413193
v -109.414040 158.505341 -160.365707
v -110.012596 158.505249 -160.774948
v -110.676094 159.226074 -160.446121
v -110.136238 158.503662 -160.413193
v -110.462029 159.229065 -161.100388
v -113.906914 165.646790 -160.634628
v -113.904747 164.795349 -160.637863
v -113.163704 165.656799 -162.832718
v -108.155571 159.232117 -160.279373
v -107.478020 160.085144 -160.231339
v -108.281273 159.234253 -160.956253
v -106.645271 161.179840 -160.171951
v -105.798714 162.388062 -160.111282
v -106.921471 161.184296 -161.584061
v -105.626762 166.511597 -162.203110
v -105.200325 166.504822 -160.055618
v -106.497017 167.600433 -161.772781
v -113.906914 165.646790 -160.634628
v -113.163704 165.656799 -162.832718
v -113.668312 166.484650 -160.615555
v -110.061470 158.502472 -160.038376
v -109.414040 158.505341 -160.365707
v -110.136238 158.503662 -160.413193
v -110.550392 159.223877 -159.769424
v -110.136238 158.503662 -160.413193
v -110.676094 159.226074 -160.446121
v -108.691841 158.507080 -160.317825
v -109.414040 158.505341 -160.365707
v -108.815376 158.505432 -159.956070
v -106.921471 161.184296 -161.584061
v -107.478020 160.085144 -160.231339
v -106.645271 161.179840 -160.171951
v -108.428078 168.205841 -161.841156
v -106.497017 167.600433 -161.772781
v -107.806694 168.204865 -161.131653
v -108.879753 156.375916 -159.769547
v -108.882286 157.369232 -159.766006
v -110.012596 156.373230 -159.844437
v -110.015129 157.366547 -159.840714
v -108.879753 156.375916 -159.769547
v -110.012596 156.373230 -159.844437
v -108.882286 157.369232 -159.766006
v -110.015129 157.366547 -159.840714
v -110.676094 159.226074 -160.446121
v -111.357994 160.075867 -160.487991
v -110.550392 159.223877 -159.769424
v -110.061470 158.502472 -160.038376
v -110.136238 158.503662 -160.413193
v -110.550392 159.223877 -159.769424
v -108.815376 158.505432 -159.956070
v -108.369652 159.229095 -159.625137
v -108.691841 158.507080 -160.317825
v -108.155571 159.232117 -160.279373
v -108.369652 159.229095 -159.625137
v -107.478020 160.085144 -160.231339
v -105.192940 163.609955 -160.066422
v -104.955330 164.816681 -160.046005
v -105.619453 163.616699 -162.213974
v -109.823509 158.502075 -159.766800
v -109.414040 158.505341 -160.365707
v -110.061470 158.502472 -160.038376
v -109.461922 158.502563 -159.643326
v -109.414040 158.505341 -160.365707
v -109.823509 158.502075 -159.766800
v -109.087151 158.503845 -159.718063
v -109.414040 158.505341 -160.365707
v -109.461922 158.502563 -159.643326
v -108.815376 158.505432 -159.956070
v -109.414040 158.505341 -160.365707
v -109.087151 158.503845 -159.718063
v -108.155571 159.232117 -160.279373
v -108.691841 158.507080 -160.317825
v -108.369652 159.229095 -159.625137
v -105.619453 163.616699 -162.213974
v -105.798714 162.388062 -160.111282
v -105.192940 163.609955 -160.066422
v -109.439278 168.438843 -160.328308
v -109.318367 168.204590 -162.141785
v -108.428078 168.205841 -161.841156
v -109.439278 168.438843 -160.328308
v -110.240654 168.201508 -161.960968
v -109.318367 168.204590 -162.141785
v -111.251228 168.193298 -160.449158
v -112.161156 167.586914 -162.147293
v -110.950310 168.197327 -161.339325
v -110.061470 158.502472 -160.038376
v -110.550392 159.223877 -159.769424
v -109.823509 158.502075 -159.766800
v -108.815376 158.505432 -159.956070
v -109.087151 158.503845 -159.718063
v -108.369652 159.229095 -159.625137
v -104.957497 165.668152 -160.042740
v -105.200325 166.504822 -160.055618
v -105.403755 165.675385 -162.319504
v -112.693993 167.579681 -160.546738
v -112.161156 167.586914 -162.147293
v -111.251228 168.193298 -160.449158
v -111.152840 160.072815 -159.507248
v -110.550392 159.223877 -159.769424
v -111.357994 160.075867 -160.487991
v -111.920128 161.162109 -159.126907
v -111.357994 160.075867 -160.487991
v -112.196236 161.166595 -160.539017
v -105.403755 165.675385 -162.319504
v -104.955330 164.816681 -160.046005
v -104.957497 165.668152 -160.042740
v -109.439278 168.438843 -160.328308
v -108.428078 168.205841 -161.841156
v -107.806694 168.204865 -161.131653
v -109.439278 168.438843 -160.328308
v -110.950310 168.197327 -161.339325
v -110.240654 168.201508 -161.960968
v -112.693993 167.579681 -160.546738
v -113.668312 166.484650 -160.615555
v -112.161156 167.586914 -162.147293
v -112.196236 161.166595 -160.539017
v -113.048912 162.370789 -160.590775
v -111.920128 161.162109 -159.126907
v -109.461922 158.502563 -159.643326
v -109.823509 158.502075 -159.766800
v -109.504112 159.223938 -159.031631
v -110.129204 159.223145 -159.257828
v -109.823509 158.502075 -159.766800
v -110.550392 159.223877 -159.769424
v -107.478020 160.085144 -160.231339
v -108.369652 159.229095 -159.625137
v -107.810936 160.080811 -159.286087
v -107.806694 168.204865 -161.131653
v -106.497017 167.600433 -161.772781
v -107.626076 168.201935 -160.209351
v -111.152840 160.072815 -159.507248
v -111.357994 160.075867 -160.487991
v -111.920128 161.162109 -159.126907
v -109.461922 158.502563 -159.643326
v -109.504112 159.223938 -159.031631
v -109.087151 158.503845 -159.718063
v -106.645271 161.179840 -160.171951
v -107.105598 161.173615 -158.808578
v -105.798714 162.388062 -160.111282
v -106.180153 167.595184 -160.116013
v -107.626076 168.201935 -160.209351
v -106.497017 167.600433 -161.772781
v -113.234489 163.582916 -158.479019
v -113.048912 162.370789 -160.590775
v -113.660927 163.589691 -160.626541
v -109.504112 159.223938 -159.031631
v -109.823509 158.502075 -159.766800
v -110.129204 159.223145 -159.257828
v -108.854683 159.226196 -159.173538
v -109.087151 158.503845 -159.718063
v -109.504112 159.223938 -159.031631
v -108.369652 159.229095 -159.625137
v -109.087151 158.503845 -159.718063
v -108.854683 159.226196 -159.173538
v -106.645271 161.179840 -160.171951
v -107.478020 160.085144 -160.231339
v -107.105598 161.173615 -158.808578
v -106.497017 167.600433 -161.772781
v -105.200325 166.504822 -160.055618
v -106.180153 167.595184 -160.116013
v -109.439278 168.438843 -160.328308
v -111.251228 168.193298 -160.449158
v -110.950310 168.197327 -161.339325
v -110.129204 159.223145 -159.257828
v -110.550392 159.223877 -159.769424
v -110.491783 160.071777 -158.752335
v -113.660927 163.589691 -160.626541
v -113.904747 164.795349 -160.637863
v -113.234489 163.582916 -158.479019
v -108.854683 159.226196 -159.173538
v -108.565956 160.076385 -158.624924
v -108.369652 159.229095 -159.625137
v -107.810936 160.080811 -159.286087
v -107.105598 161.173615 -158.808578
v -107.478020 160.085144 -160.231339
v -112.687767 162.364960 -158.746170
v -111.920128 161.162109 -159.126907
v -113.048912 162.370789 -160.590775
v -110.491783 160.071777 -158.752335
v -110.550392 159.223877 -159.769424
v -111.152840 160.072815 -159.507248
v -107.810936 160.080811 -159.286087
v -108.369652 159.229095 -159.625137
v -108.565956 160.076385 -158.624924
v -109.439278 168.438843 -160.328308
v -107.806694 168.204865 -161.131653
v -107.626076 168.201935 -160.209351
v -111.152840 160.072815 -159.507248
v -111.920128 161.162109 -159.126907
v -110.491783 160.071777 -158.752335
v -113.906914 165.646790 -160.634628
v -113.668312 166.484650 -160.615555
v -113.460640 165.639648 -158.357864
v -110.129204 159.223145 -159.257828
v -110.491783 160.071777 -158.752335
v -109.504112 159.223938 -159.031631
v -108.854683 159.226196 -159.173538
v -109.504112 159.223938 -159.031631
v -108.565956 160.076385 -158.624924
v -113.460640 165.639648 -158.357864
v -113.904747 164.795349 -160.637863
v -113.906914 165.646790 -160.634628
v -112.377220 167.574402 -158.890305
v -113.668312 166.484650 -160.615555
v -112.693993 167.579681 -160.546738
v -112.687767 162.364960 -158.746170
v -113.048912 162.370789 -160.590775
v -113.234489 163.582916 -158.479019
v -107.810936 160.080811 -159.286087
v -108.565956 160.076385 -158.624924
v -107.105598 161.173615 -158.808578
v -105.192940 163.609955 -160.066422
v -105.899361 163.600433 -157.993942
v -104.955330 164.816681 -160.046005
v -112.693993 167.579681 -160.546738
v -111.251228 168.193298 -160.449158
v -112.377220 167.574402 -158.890305
v -109.439278 168.438843 -160.328308
v -111.070610 168.190369 -159.526703
v -111.251228 168.193298 -160.449158
v -109.546684 160.073059 -158.419632
v -109.504112 159.223938 -159.031631
v -110.491783 160.071777 -158.752335
v -105.798714 162.388062 -160.111282
v -107.105598 161.173615 -158.808578
v -106.400444 162.379944 -158.330399
v -105.192940 163.609955 -160.066422
v -105.798714 162.388062 -160.111282
v -105.899361 163.600433 -157.993942
v -109.439278 168.438843 -160.328308
v -107.626076 168.201935 -160.209351
v -107.926994 168.197876 -159.318970
v -113.458488 164.788147 -158.360916
v -113.234489 163.582916 -158.479019
v -113.904747 164.795349 -160.637863
v -110.968163 161.160645 -158.039749
v -110.491783 160.071777 -158.752335
v -111.920128 161.162109 -159.126907
v -108.565956 160.076385 -158.624924
v -109.504112 159.223938 -159.031631
v -109.546684 160.073059 -158.419632
v -104.957497 165.668152 -160.042740
v -104.955330 164.816681 -160.046005
v -105.700706 165.658142 -157.844650
v -106.180153 167.595184 -160.116013
v -105.200325 166.504822 -160.055618
v -106.713081 167.587921 -158.515610
v -113.458488 164.788147 -158.360916
v -113.904747 164.795349 -160.637863
v -113.460640 165.639648 -158.357864
v -106.400444 162.379944 -158.330399
v -105.899361 163.600433 -157.993942
v -105.798714 162.388062 -160.111282
v -104.957497 165.668152 -160.042740
v -105.700706 165.658142 -157.844650
v -105.200325 166.504822 -160.055618
v -106.180153 167.595184 -160.116013
v -106.713081 167.587921 -158.515610
v -107.626076 168.201935 -160.209351
v -113.241890 166.477875 -158.468002
v -113.668312 166.484650 -160.615555
v -112.377220 167.574402 -158.890305
v -111.070610 168.190369 -159.526703
v -112.377220 167.574402 -158.890305
v -111.251228 168.193298 -160.449158
v -109.439278 168.438843 -160.328308
v -110.449226 168.189392 -158.817230
v -111.070610 168.190369 -159.526703
v -107.105598 161.173615 -158.808578
v -108.565956 160.076385 -158.624924
v -108.192726 161.167236 -157.856308
v -48.988068 54.494270 -156.773117
v -36.431641 55.893650 -142.424927
v -50.772964 54.390774 -129.866669
v -109.546684 160.073059 -158.419632
v -110.491783 160.071777 -158.752335
v -109.604927 161.162506 -157.579941
v -109.546684 160.073059 -158.419632
v -109.604927 161.162506 -157.579941
v -108.565956 160.076385 -158.624924
v -113.241890 166.477875 -158.468002
v -113.460640 165.639648 -158.357864
v -113.668312 166.484650 -160.615555
v -111.444908 162.362976 -157.327164
v -111.920128 161.162109 -159.126907
v -112.687767 162.364960 -158.746170
v -109.439278 168.438843 -160.328308
v -107.926994 168.197876 -159.318970
v -108.636650 168.193726 -158.697418
v -107.626076 168.201935 -160.209351
v -106.713081 167.587921 -158.515610
v -107.926994 168.197876 -159.318970
v -110.968163 161.160645 -158.039749
v -111.920128 161.162109 -159.126907
v -111.444908 162.362976 -157.327164
v -105.698448 164.806641 -157.847885
v -105.700706 165.658142 -157.844650
v -104.955330 164.816681 -160.046005
v -105.906746 166.495331 -157.983078
v -106.713081 167.587921 -158.515610
v -105.200325 166.504822 -160.055618
v -110.449226 168.189392 -158.817230
v -112.377220 167.574402 -158.890305
v -111.070610 168.190369 -159.526703
v -109.604927 161.162506 -157.579941
v -110.491783 160.071777 -158.752335
v -110.968163 161.160645 -158.039749
v -109.439278 168.438843 -160.328308
v -109.558937 168.190643 -158.516510
v -110.449226 168.189392 -158.817230
v -108.192726 161.167236 -157.856308
v -108.565956 160.076385 -158.624924
v -109.604927 161.162506 -157.579941
v -109.439278 168.438843 -160.328308
v -108.636650 168.193726 -158.697418
v -109.558937 168.190643 -158.516510
v -104.955330 164.816681 -160.046005
v -105.899361 163.600433 -157.993942
v -105.698448 164.806641 -157.847885
v -112.687767 162.364960 -158.746170
v -113.234489 163.582916 -158.479019
v -111.444908 162.362976 -157.327164
v -108.192726 161.167236 -157.856308
v -107.819862 162.371643 -157.087326
v -107.105598 161.173615 -158.808578
v -106.400444 162.379944 -158.330399
v -107.105598 161.173615 -158.808578
v -107.819862 162.371643 -157.087326
v -107.926994 168.197876 -159.318970
v -106.713081 167.587921 -158.515610
v -108.636650 168.193726 -158.697418
v -105.200325 166.504822 -160.055618
v -105.700706 165.658142 -157.844650
v -105.906746 166.495331 -157.983078
v -110.968163 161.160645 -158.039749
v -111.444908 162.362976 -157.327164
v -109.604927 161.162506 -157.579941
v -106.400444 162.379944 -158.330399
v -107.819862 162.371643 -157.087326
v -105.899361 163.600433 -157.993942
v -111.253380 167.572632 -157.606857
v -112.377220 167.574402 -158.890305
v -110.449226 168.189392 -158.817230
v -108.192726 161.167236 -157.856308
v -109.604927 161.162506 -157.579941
v -107.819862 162.371643 -157.087326
v -111.924721 164.785736 -156.609787
v -113.234489 163.582916 -158.479019
v -113.458488 164.788147 -158.360916
v -22.083099 54.558491 -154.993729
v -23.867981 54.454903 -128.087616
v -36.431641 55.893650 -142.424927
v -113.458488 164.788147 -158.360916
v -113.460640 165.639648 -158.357864
v -111.924721 164.785736 -156.609787
v -113.241890 166.477875 -158.468002
v -112.377220 167.574402 -158.890305
v -111.787575 166.475586 -156.807297
v -107.996513 167.580414 -157.391525
v -108.636650 168.193726 -158.697418
v -106.713081 167.587921 -158.515610
v -111.780174 163.580673 -156.818161
v -111.444908 162.362976 -157.327164
v -113.234489 163.582916 -158.479019
v -111.787575 166.475586 -156.807297
v -113.460640 165.639648 -158.357864
v -113.241890 166.477875 -158.468002
v -109.664360 162.365463 -156.725662
v -109.604927 161.162506 -157.579941
v -111.444908 162.362976 -157.327164
v -109.558937 168.190643 -158.516510
v -109.653175 167.574860 -157.074417
v -110.449226 168.189392 -158.817230
v -108.636650 168.193726 -158.697418
v -109.653175 167.574860 -157.074417
v -109.558937 168.190643 -158.516510
v -111.780174 163.580673 -156.818161
v -113.234489 163.582916 -158.479019
v -111.924721 164.785736 -156.609787
v -111.253380 167.572632 -157.606857
v -110.449226 168.189392 -158.817230
v -109.653175 167.574860 -157.074417
v -105.906746 166.495331 -157.983078
v -107.567741 166.485641 -156.528336
v -106.713081 167.587921 -158.515610
v -111.253380 167.572632 -157.606857
v -111.787575 166.475586 -156.807297
v -112.377220 167.574402 -158.890305
v -107.819862 162.371643 -157.087326
v -109.604927 161.162506 -157.579941
v -109.664360 162.365463 -156.725662
v -105.899361 163.600433 -157.993942
v -107.819862 162.371643 -157.087326
v -107.560341 163.590744 -156.539200
v -105.698448 164.806641 -157.847885
v -105.899361 163.600433 -157.993942
v -107.450066 164.796417 -156.313797
v -22.083099 54.558491 -154.993729
v -10.931824 51.697254 -140.755341
v -23.867981 54.454903 -128.087616
v -105.698448 164.806641 -157.847885
v -107.450066 164.796417 -156.313797
v -105.700706 165.658142 -157.844650
v -107.996513 167.580414 -157.391525
v -109.653175 167.574860 -157.074417
v -108.636650 168.193726 -158.697418
v -105.906746 166.495331 -157.983078
v -105.700706 165.658142 -157.844650
v -107.567741 166.485641 -156.528336
v -111.926979 165.637253 -156.606369
v -113.460640 165.639648 -158.357864
v -111.787575 166.475586 -156.807297
v -109.664360 162.365463 -156.725662
v -111.444908 162.362976 -157.327164
v -109.707817 163.583542 -156.112106
v -109.664360 162.365463 -156.725662
v -109.707817 163.583542 -156.112106
v -107.819862 162.371643 -157.087326
v -107.560341 163.590744 -156.539200
v -107.450066 164.796417 -156.313797
v -105.899361 163.600433 -157.993942
v -111.926979 165.637253 -156.606369
v -111.924721 164.785736 -156.609787
v -113.460640 165.639648 -158.357864
v -109.707817 163.583542 -156.112106
v -111.444908 162.362976 -157.327164
v -111.780174 163.580673 -156.818161
v -106.713081 167.587921 -158.515610
v -107.567741 166.485641 -156.528336
v -107.996513 167.580414 -157.391525
v -107.452232 165.647873 -156.310562
v -107.567741 166.485641 -156.528336
v -105.700706 165.658142 -157.844650
v -109.653175 167.574860 -157.074417
v -111.787575 166.475586 -156.807297
v -111.253380 167.572632 -157.606857
v -107.560341 163.590744 -156.539200
v -107.819862 162.371643 -157.087326
v -109.707817 163.583542 -156.112106
v -105.700706 165.658142 -157.844650
v -107.450066 164.796417 -156.313797
v -107.452232 165.647873 -156.310562
v -111.780174 163.580673 -156.818161
v -111.924721 164.785736 -156.609787
v -109.707817 163.583542 -156.112106
v -107.996513 167.580414 -157.391525
v -107.567741 166.485641 -156.528336
v -109.653175 167.574860 -157.074417
v 0.204926 54.512314 -126.495636
v -10.931824 51.697254 -140.755341
v 1.989807 54.615883 -153.401978
v -111.926979 165.637253 -156.606369
v -111.787575 166.475586 -156.807297
v -109.729012 165.640244 -155.863724
v -109.715218 166.478439 -156.101456
v -111.787575 166.475586 -156.807297
v -109.653175 167.574860 -157.074417
v -107.560341 163.590744 -156.539200
v -109.707817 163.583542 -156.112106
v -107.450066 164.796417 -156.313797
v -109.715218 166.478439 -156.101456
v -109.653175 167.574860 -157.074417
v -107.567741 166.485641 -156.528336
v -109.726845 164.788803 -155.866989
v -109.707817 163.583542 -156.112106
v -111.924721 164.785736 -156.609787
v -109.729012 165.640244 -155.863724
v -111.924721 164.785736 -156.609787
v -111.926979 165.637253 -156.606369
v -109.726845 164.788803 -155.866989
v -111.924721 164.785736 -156.609787
v -109.729012 165.640244 -155.863724
v -107.452232 165.647873 -156.310562
v -109.729012 165.640244 -155.863724
v -107.567741 166.485641 -156.528336
v -109.715218 166.478439 -156.101456
v -109.729012 165.640244 -155.863724
v -111.787575 166.475586 -156.807297
v -107.450066 164.796417 -156.313797
v -109.707817 163.583542 -156.112106
v -109.726845 164.788803 -155.866989
v -107.452232 165.647873 -156.310562
v -107.450066 164.796417 -156.313797
v -109.729012 165.640244 -155.863724
v -109.726845 164.788803 -155.866989
v -109.729012 165.640244 -155.863724
v -107.450066 164.796417 -156.313797
v -107.567741 166.485641 -156.528336
v -109.729012 165.640244 -155.863724
v -109.715218 166.478439 -156.101456
v 3.002808 68.000313 -126.257721
v 0.204926 54.512314 -126.495636
v 4.787521 68.103836 -153.164062
v 1.989807 54.615883 -153.401978
v -266.014008 53.878101 -144.097687
v -239.108948 53.942295 -142.318481
v -253.461090 56.696583 -129.744263
v -212.203979 54.006481 -140.539093
v -226.541687 51.084435 -127.986359
v -239.108948 53.942295 -142.318481
v -50.772964 54.390774 -129.866669
v -36.431641 55.893650 -142.424927
v -23.867981 54.454903 -128.087616
v 0.204926 54.512314 -126.495636
v -23.867981 54.454903 -128.087616
v -10.931824 51.697254 -140.755341
v -266.014008 53.878101 -144.097687
v -253.461090 56.696583 -129.744263
v -267.798798 53.774597 -117.191193
v -240.893829 53.838753 -115.411957
v -253.461090 56.696583 -129.744263
v -239.108948 53.942295 -142.318481
v -240.893829 53.838753 -115.411957
v -239.108948 53.942295 -142.318481
v -226.541687 51.084435 -127.986359
v -212.203979 54.006481 -140.539093
v -213.988861 53.902916 -113.632782
v -226.541687 51.084435 -127.986359
v -240.893829 53.838753 -115.411957
v -267.798798 53.774597 -117.191193
v -253.461090 56.696583 -129.744263
v -240.893829 53.838753 -115.411957
v -226.541687 51.084435 -127.986359
v -213.988861 53.902916 -113.632782
v -240.893829 53.838753 -115.411957
v -255.235168 52.335815 -102.853821
v -267.798798 53.774597 -117.191193
v -240.893829 53.838753 -115.411957
v -213.988861 53.902916 -113.632782
v -228.337402 55.238113 -101.063965
v -269.583679 53.671036 -90.284882
v -267.798798 53.774597 -117.191193
v -255.235168 52.335815 -102.853821
v -240.893829 53.838753 -115.411957
v -242.678726 53.735229 -88.505646
v -255.235168 52.335815 -102.853821
v -240.893829 53.838753 -115.411957
v -228.337402 55.238113 -101.063965
v -242.678726 53.735229 -88.505646
v -215.773743 53.799347 -86.726440
v -228.337402 55.238113 -101.063965
v -213.988861 53.902916 -113.632782
v -269.583679 53.671036 -90.284882
v -255.235168 52.335815 -102.853821
v -242.678726 53.735229 -88.505646
v -242.678726 53.735229 -88.505646
v -228.337402 55.238113 -101.063965
v -215.773743 53.799347 -86.726440
v -188.867065 53.856728 -84.949341
v -203.215607 55.191925 -72.380554
v -215.772125 53.792507 -86.728729
v -161.962097 53.920860 -83.170319
v -176.303421 52.417824 -70.612152
v -188.867065 53.856728 -84.949341
v -135.062347 53.984318 -81.386444
v -149.410889 55.319519 -68.817627
v -161.967316 53.920132 -83.165802
v -108.157387 54.048447 -79.607361
v -122.498711 52.545525 -67.049072
v -135.062347 53.984318 -81.386444
v -215.772125 53.792507 -86.728729
v -203.215607 55.191925 -72.380554
v -217.556931 53.688892 -59.822388
v -190.651947 53.753094 -58.043152
v -203.215607 55.191925 -72.380554
v -188.867065 53.856728 -84.949341
v -190.651947 53.753094 -58.043152
v -188.867065 53.856728 -84.949341
v -176.303421 52.417824 -70.612152
v -161.962097 53.920860 -83.170319
v -163.746979 53.817272 -56.263794
v -176.303421 52.417824 -70.612152
v -161.967316 53.920132 -83.165802
v -149.410889 55.319519 -68.817627
v -163.752213 53.816536 -56.259491
v -136.847229 53.880783 -54.479889
v -149.410889 55.319519 -68.817627
v -135.062347 53.984318 -81.386444
v -136.847229 53.880783 -54.479889
v -135.062347 53.984318 -81.386444
v -122.498711 52.545525 -67.049072
v -108.157387 54.048447 -79.607361
v -109.942268 53.944904 -52.700897
v -122.498711 52.545525 -67.049072
v -190.651947 53.753094 -58.043152
v -217.556931 53.688892 -59.822388
v -203.215607 55.191925 -72.380554
v -190.651947 53.753094 -58.043152
v -176.303421 52.417824 -70.612152
v -163.746979 53.817272 -56.263794
v -136.847229 53.880783 -54.479889
v -163.752213 53.816536 -56.259491
v -149.410889 55.319519 -68.817627
v -136.847229 53.880783 -54.479889
v -122.498711 52.545525 -67.049072
v -109.942268 53.944904 -52.700897
v -205.095169 67.891899 -248.123032
v -151.285217 68.020241 -244.564514
v -208.664856 67.684814 -194.310211
v -154.854919 67.813148 -190.751785
v -208.628464 53.838520 -194.361084
v -154.818527 53.966858 -190.802658
vn -0.0026 1.0000 0.0037
vn 0.0660 0.0039 -0.9978
vn 0.2361 0.0042 -0.9717
vn 0.2362 0.0042 -0.9717
vn -0.9978 -0.0023 -0.0662
vn 0.9965 0.0516 0.0663
vn -0.0162 0.9778 0.2091
vn 0.0651 0.1244 -0.9901
vn 0.0652 0.1244 -0.9901
vn -0.9964 0.0532 -0.0659
vn 0.0043 0.9949 -0.1008
vn 0.9942 0.0843 0.0663
vn -0.0658 0.1146 0.9912
vn 0.0110 0.9793 -0.2019
vn 0.0376 0.8014 -0.5969
vn -0.0657 0.1146 0.9912
vn 0.9978 0.0023 0.0662
vn 0.2260 0.9740 0.0187
vn 0.9759 0.2083 0.0655
vn -0.2311 0.9729 -0.0116
vn -0.1071 0.9942 -0.0033
vn -0.0418 0.7967 0.6029
vn 0.1018 0.9947 0.0106
vn -0.2081 0.9781 -0.0100
vn -0.0418 0.7968 0.6029
vn 0.2030 0.9790 0.0172
vn 0.0647 0.1662 -0.9840
vn 0.0375 0.8020 -0.5962
vn -0.9968 0.0454 -0.0659
vn 0.0645 0.1662 -0.9840
vn 0.9950 0.0745 0.0663
vn -0.0095 0.9941 0.1081
vn -0.0654 0.1584 0.9852
vn -0.0027 1.0000 0.0037
vn -0.0656 0.1584 0.9852
vn 0.0652 0.1284 -0.9896
vn 0.0651 0.1284 -0.9896
vn -0.9966 0.0491 -0.0659
vn 0.9956 0.0659 0.0663
vn -0.0657 0.1387 0.9882
vn -0.0658 0.1387 0.9881
vn -0.0660 -0.0039 0.9978
vn 0.1061 -0.0035 0.9943
vn 0.0234 -0.9475 -0.3190
vn 0.0376 0.8014 -0.5970
vn 0.3180 -0.9479 0.0174
vn -0.0092 0.9947 0.1026
vn 0.0498 0.6291 -0.7757
vn 0.0516 0.5964 -0.8011
vn -0.7898 0.6114 -0.0500
vn 0.7866 0.6151 0.0545
vn 0.7866 0.6151 0.0546
vn -0.0531 0.6230 0.7804
vn -0.4486 0.8934 -0.0263
vn 0.1079 0.9941 0.0110
vn -0.0547 0.5901 0.8055
vn -0.1123 0.9936 -0.0153
vn -0.0184 -0.9499 0.3120
vn -0.4104 0.9094 -0.0672
vn 0.0047 0.9943 -0.1069
vn 0.0118 0.9769 -0.2135
vn -0.4161 0.9091 0.0193
vn -0.2197 0.9755 -0.0108
vn 0.2159 0.9764 -0.0049
vn 0.0233 -0.9475 -0.3190
vn -0.0155 0.9799 0.1987
vn -0.3130 -0.9494 -0.0244
vn 0.0515 0.5963 -0.8011
vn 0.0498 0.6290 -0.7758
vn -0.7897 0.6115 -0.0500
vn 0.7866 0.6150 0.0545
vn 0.0498 0.6291 -0.7758
vn -0.0547 0.5902 0.8054
vn -0.0531 0.6230 0.7805
vn -0.7898 0.6113 -0.0500
vn 0.3180 -0.9479 0.0175
vn -0.0531 0.6229 0.7805
vn -0.3131 -0.9494 -0.0244
vn -0.4485 0.8934 -0.0263
vn -0.5656 0.8240 -0.0343
vn -0.2955 0.9552 -0.0159
vn -0.1085 0.9941 -0.0034
vn 0.1033 0.9946 0.0107
vn 0.5085 0.8602 0.0370
vn 0.3225 0.9462 0.0250
vn -0.2956 0.9552 -0.0159
vn -0.7982 0.6003 -0.0506
vn -0.1061 0.0034 -0.9943
vn -0.5621 0.8264 -0.0341
vn -0.1061 0.0035 -0.9943
vn -0.2007 0.9796 -0.0095
vn 0.7951 0.6040 0.0551
vn 0.5578 0.8290 0.0402
vn 0.1956 0.9805 0.0167
vn -0.0319 0.8927 0.4495
vn -0.9967 0.0470 -0.0659
vn 0.0650 0.1465 -0.9871
vn -0.9959 0.0614 -0.0658
vn 0.0649 0.1464 -0.9871
vn 0.9964 0.0537 0.0663
vn -0.9959 0.0614 -0.0659
vn -0.0658 0.1207 0.9905
vn -0.0659 0.1207 0.9905
vn -0.9954 0.0699 -0.0657
vn 0.9965 0.0499 0.0663
vn -0.0655 0.1585 0.9852
vn -0.0654 0.1585 0.9852
vn 0.0652 0.1224 -0.9903
vn -0.9947 0.0797 -0.0657
vn 0.9961 0.0578 0.0663
vn -0.9946 0.0798 -0.0657
vn -0.0659 0.1166 0.9910
vn -0.2362 -0.0043 0.9717
vn 0.0659 0.0039 -0.9978
vn -0.2361 -0.0042 0.9717
vn -0.0660 -0.0040 0.9978
vn -0.0657 0.1207 0.9905
vn -0.4524 0.8728 0.1829
vn 0.9966 0.0499 0.0663
vn -0.1345 0.9909 -0.0051
vn -0.2398 0.8725 0.4257
vn -0.0728 0.9086 0.4113
vn 0.0137 0.9088 0.4171
vn -0.0113 0.9907 0.1355
vn -0.0659 -0.0039 0.9978
vn -0.9967 0.0470 -0.0660
vn 0.0653 0.1224 -0.9903
vn 0.0651 0.1224 -0.9903
vn -0.9946 0.0797 -0.0657
vn -0.0658 0.1166 0.9910
vn -0.0215 0.9933 0.1134
vn -0.0111 0.9766 -0.2149
vn -0.2361 -0.0043 0.9717
vn -0.4419 0.0022 -0.8971
vn 0.0964 0.9953 0.0102
vn 0.5562 0.0045 -0.8310
vn -0.1132 0.9936 -0.0037
vn 0.1925 0.9811 0.0165
vn -0.0169 0.9752 0.2207
vn -0.5562 -0.0045 0.8310
vn 0.4419 -0.0022 0.8971
vn -0.0177 0.9725 0.2321
vn 0.0125 0.9743 -0.2249
vn 0.0126 0.9743 -0.2249
vn 0.0026 -1.0000 -0.0037
vn -0.1107 0.9866 -0.1198
vn -0.6520 0.1484 -0.7435
vn 0.0640 0.2098 -0.9756
vn 0.0640 0.2099 -0.9756
vn -0.9769 0.2038 -0.0640
vn -0.6020 0.7976 -0.0369
vn 0.5971 0.8010 0.0427
vn 0.5979 0.8005 0.0427
vn -0.0651 0.2022 0.9772
vn 0.3201 0.0045 -0.9474
vn -0.1927 0.0033 -0.9813
vn 0.3148 -0.1857 -0.9308
vn -0.1887 -0.1868 -0.9641
vn 0.2892 -0.4312 -0.8547
vn 0.3168 -0.1899 -0.9293
vn -0.1721 -0.4323 -0.8852
vn -0.1907 -0.1908 -0.9629
vn -0.1858 0.2773 -0.9426
vn -0.1746 -0.4291 -0.8862
vn -0.1925 0.0028 -0.9813
vn -0.1885 0.2713 -0.9439
vn 0.3071 0.2783 -0.9101
vn 0.2919 -0.4279 -0.8554
vn 0.3201 0.0044 -0.9474
vn 0.3099 0.2725 -0.9109
vn -0.6457 -0.1945 -0.7384
vn -0.1491 0.6567 -0.7392
vn 0.2657 -0.5600 -0.7847
vn -0.1574 -0.5610 -0.8127
vn 0.2421 0.6577 -0.7134
vn -0.1572 -0.5608 -0.8129
vn -0.6339 0.2777 -0.7218
vn -0.5936 -0.4295 -0.6806
vn -0.6589 0.0009 -0.7522
vn 0.7382 -0.1916 -0.6468
vn 0.2655 -0.5598 -0.7849
vn 0.6802 -0.4265 -0.5962
vn 0.7523 0.0044 -0.6588
vn -0.6456 -0.1946 -0.7385
vn 0.7223 0.2807 -0.6321
vn -0.5428 -0.5626 -0.6236
vn -0.1635 -0.5912 -0.7898
vn -0.6588 0.0012 -0.7523
vn 0.2569 -0.5979 -0.7593
vn 0.2386 0.6523 -0.7195
vn -0.1519 -0.5988 -0.7863
vn -0.1448 0.6513 -0.7449
vn 0.6230 -0.5600 -0.5462
vn 0.2688 -0.5903 -0.7611
vn 0.7383 -0.1915 -0.6467
vn -0.5429 -0.5626 -0.6236
vn -0.6339 0.2775 -0.7219
vn 0.6802 -0.4266 -0.5961
vn -0.5027 0.6502 -0.5696
vn 0.6026 -0.5981 -0.5284
vn 0.2748 -0.5645 -0.7783
vn -0.1673 -0.5655 -0.8076
vn -0.5248 -0.6006 -0.6032
vn 0.2804 -0.5692 -0.7729
vn -0.1737 -0.5703 -0.8028
vn -0.5247 -0.6006 -0.6032
vn -0.0773 0.9185 -0.3879
vn 0.7223 0.2806 -0.6321
vn 0.5703 0.6528 -0.4985
vn 0.6334 -0.5709 -0.5224
vn 0.6025 -0.5981 -0.5285
vn 0.1234 0.9189 -0.3746
vn -0.5563 -0.5736 -0.6013
vn 0.2672 -0.6217 -0.7363
vn -0.1653 -0.6225 -0.7650
vn -0.5304 -0.5891 -0.6096
vn -0.0658 -0.0039 0.9978
vn 0.0658 0.0039 -0.9978
vn 0.2523 -0.6281 -0.7361
vn -0.9473 -0.0012 -0.3203
vn -0.8535 -0.4328 -0.2903
vn -0.1501 -0.6290 -0.7628
vn -0.2649 0.9176 -0.2963
vn 0.6136 -0.6061 -0.5061
vn 0.6089 -0.5865 -0.5340
vn 0.1255 0.9184 -0.3753
vn -0.0793 0.9179 -0.3889
vn -0.5387 -0.6086 -0.5826
vn -0.7813 -0.5644 -0.2666
vn -0.9288 -0.1951 -0.3149
vn -0.7511 -0.6036 -0.2674
vn 0.6036 -0.5958 -0.5297
vn 0.2973 0.9190 -0.2591
vn -0.5259 -0.5983 -0.6045
vn -0.7521 -0.6022 -0.2677
vn -0.9109 0.2730 -0.3093
vn -0.9978 -0.0022 -0.0661
vn 0.9978 0.0022 0.0661
vn -0.9978 -0.0024 -0.0662
vn -0.7621 -0.5915 -0.2631
vn 0.7929 -0.5880 -0.1598
vn 0.7826 -0.6001 -0.1656
vn 0.8863 -0.4287 -0.1750
vn 0.9813 0.0032 -0.1923
vn -0.7213 0.6487 -0.2429
vn 0.7837 -0.5986 -0.1658
vn 0.8122 -0.5607 -0.1609
vn 0.9632 -0.1909 -0.1894
vn 0.0027 -1.0000 -0.0037
vn -0.7599 -0.5961 -0.2592
vn -0.8512 -0.4360 -0.2921
vn -0.7496 -0.6137 -0.2481
vn -0.9289 -0.1908 -0.3174
vn -0.7812 -0.5646 -0.2663
vn 0.7987 -0.5828 -0.1502
vn 0.9425 0.2773 -0.1863
vn 0.0026 -1.0000 -0.0036
vn -0.7691 -0.5864 -0.2543
vn 0.7786 -0.6102 -0.1465
vn 0.8121 -0.5610 -0.1606
vn 0.7440 0.6522 -0.1457
vn -0.9133 0.2671 -0.3076
vn -0.7957 -0.5879 0.1459
vn 0.7902 -0.5926 -0.1564
vn 0.0658 0.0037 -0.9978
vn -0.7754 -0.6152 0.1421
vn -0.7898 -0.5933 0.1557
vn 0.7652 -0.5896 0.2586
vn 0.7528 -0.6116 0.2435
vn 0.9635 -0.1865 -0.1919
vn 0.0025 -1.0000 -0.0037
vn 0.7721 -0.5843 0.2499
vn 0.8844 -0.4319 -0.1770
vn 0.0409 0.9913 -0.1253
vn -0.0288 0.9911 -0.1300
vn -0.3794 0.9169 -0.1241
vn -0.6005 -0.6028 0.5253
vn 0.5290 -0.6001 0.6000
vn 0.9447 0.2713 -0.1843
vn -0.3814 0.9162 -0.1228
vn -0.7806 -0.6038 0.1614
vn -0.7871 -0.5978 0.1520
vn 0.0998 0.9913 -0.0860
vn -0.0923 0.9908 -0.0987
vn -0.7185 0.6542 -0.2362
vn -0.8092 -0.5663 0.1564
vn -0.2490 -0.6348 0.7315
vn -0.6105 -0.6129 0.5017
vn 0.7553 -0.6002 0.2633
vn 0.3882 0.9187 -0.0731
vn -0.7795 -0.6053 0.1612
vn 0.1533 -0.6339 0.7581
vn 0.7841 -0.5625 0.2622
vn 0.3899 0.9181 -0.0717
vn -0.8821 -0.4378 0.1738
vn -0.2640 -0.6284 0.7317
vn 0.1683 -0.6273 0.7604
vn 0.5418 -0.6101 0.5781
vn 0.7629 -0.5942 0.2549
vn 0.7404 0.6576 -0.1395
vn -0.1316 0.9905 -0.0400
vn -0.6304 -0.5780 0.5182
vn -0.9625 -0.1929 0.1905
vn 0.5592 -0.5752 0.5970
vn 0.7542 -0.6017 0.2629
vn -0.8093 -0.5661 0.1567
vn -0.6059 -0.5936 0.5297
vn 0.5335 -0.5909 0.6052
vn 0.1310 0.9911 -0.0225
vn -0.5993 -0.6051 0.5240
vn -0.9460 0.2652 0.1863
vn -0.2774 -0.5764 0.7686
vn 0.1766 -0.5753 0.7987
vn -0.9813 -0.0032 0.1923
vn -0.7437 0.6527 0.1443
vn -0.8841 -0.4345 0.1717
vn 0.5279 -0.6024 0.5988
vn 0.9298 -0.1884 0.3161
vn -0.3947 0.9155 0.0784
vn -0.1362 0.9902 0.0298
vn -0.2718 -0.5716 0.7742
vn 0.7842 -0.5624 0.2624
vn 0.8535 -0.4337 0.2889
vn 0.1264 0.9909 0.0472
vn -0.9622 -0.1972 0.1880
vn -0.5994 -0.6051 0.5240
vn 0.1701 -0.5706 0.8034
vn 0.9473 0.0012 0.3203
vn 0.7152 0.6560 0.2411
vn 0.8557 -0.4305 0.2872
vn 0.9119 0.2694 0.3096
vn 0.3766 0.9173 0.1296
vn -0.7473 0.6472 0.1504
vn -0.3930 0.9161 0.0799
vn -0.1050 0.9901 0.0933
vn 0.5279 -0.6024 0.5987
vn -0.2656 -0.5974 0.7567
vn 0.1664 -0.5963 0.7853
vn -0.9440 0.2711 0.1883
vn -0.6199 -0.5672 0.5422
vn 0.0871 0.9905 0.1060
vn 0.3746 0.9179 0.1308
vn -0.6200 -0.5671 0.5421
vn 0.9473 0.0013 0.3203
vn 0.7179 0.6506 0.2477
vn -0.3021 0.9155 0.2658
vn -0.2537 -0.6050 0.7548
vn -0.0462 0.9901 0.1326
vn 0.1550 -0.6039 0.7818
vn 0.0236 0.9903 0.1372
vn 0.9298 -0.1928 0.3135
vn -0.6779 -0.4344 0.5931
vn 0.5458 -0.5644 0.6193
vn 0.5457 -0.5645 0.6193
vn 0.2601 0.9168 0.3031
vn 0.9096 0.2753 0.3113
vn -0.2626 -0.5669 0.7808
vn 0.5958 -0.4314 0.6774
vn 0.1602 -0.5659 0.8087
vn -0.7372 -0.2002 0.6454
vn -0.7523 -0.0043 0.6589
vn -0.5737 0.6462 0.5033
vn -0.6779 -0.4345 0.5930
vn -0.7237 0.2722 0.6342
vn -0.2629 -0.5672 0.7805
vn -0.1304 0.9149 0.3821
vn 0.0746 0.9153 0.3957
vn -0.7373 -0.2000 0.6453
vn -0.1282 0.9155 0.3814
vn 0.4994 0.6485 0.5745
vn 0.1604 -0.5662 0.8085
vn 0.6466 -0.1969 0.7370
vn 0.6589 -0.0011 0.7523
vn 0.0725 0.9160 0.3947
vn 0.6325 0.2754 0.7240
vn -0.7237 0.2723 0.6341
vn -0.2870 -0.4391 0.8514
vn 0.1744 -0.4380 0.8819
vn -0.7523 -0.0046 0.6588
vn -0.2897 -0.4359 0.8521
vn 0.4993 0.6486 0.5745
vn -0.2419 0.6457 0.7243
vn 0.1771 -0.4347 0.8830
vn 0.6589 -0.0012 0.7522
vn -0.3159 -0.1983 0.9278
vn 0.1413 0.6465 0.7497
vn -0.3086 0.2699 0.9121
vn -0.2455 0.6512 0.7181
vn 0.1919 -0.1973 0.9614
vn 0.1457 0.6520 0.7441
vn -0.3138 -0.1940 0.9295
vn -0.3201 -0.0047 0.9474
vn -0.3202 -0.0044 0.9474
vn 0.1845 0.2710 0.9447
vn -0.3113 0.2640 0.9129
vn 0.1896 -0.1928 0.9628
vn 0.1926 -0.0032 0.9813
vn 0.1926 -0.0033 0.9813
vn 0.1871 0.2652 0.9459
vn -0.0029 1.0000 0.0037
vn -0.0031 1.0000 0.0038
vn -0.0026 1.0000 0.0035
vn 0.0025 -1.0000 -0.0036
vn 0.9759 0.2083 0.0651
vn 0.0026 -1.0000 -0.0039
vn 0.0026 -1.0000 -0.0038
vn -0.0025 1.0000 0.0037
vn -0.0026 1.0000 0.0038
vn 0.0028 -1.0000 -0.0037
vn 0.0660 0.0038 -0.9978
vn -0.0000 -0.0000 1.0000
vn -0.9975 -0.0024 -0.0702
vn 0.9855 0.0020 0.1698
vn 0.0024 -1.0000 -0.0003
vn 0.1332 0.9840 -0.1184
vn 0.0315 -0.9994 -0.0125
vn -0.0026 1.0000 0.0036
vn -0.0025 1.0000 0.0036
vn 0.0649 0.1503 -0.9865
vn -0.0659 0.1147 0.9912
vn 0.0648 0.1662 -0.9840
vn -0.9968 0.0454 -0.0660
vn 0.0647 0.1661 -0.9840
vn -0.0655 0.1584 0.9852
vn 0.9950 0.0745 0.0662
vn -0.0657 0.1585 0.9852
vn -0.9966 0.0491 -0.0660
vn -0.0657 0.1426 0.9876
vn -0.0656 0.1426 0.9876
vn 0.0516 0.5963 -0.8011
vn -0.7897 0.6114 -0.0500
vn 0.0516 0.5964 -0.8010
vn -0.7897 0.6114 -0.0501
vn -0.0547 0.5900 0.8055
vn 0.0649 0.1465 -0.9871
vn 0.0646 0.1662 -0.9840
vn -0.9954 0.0699 -0.0658
vn 0.9965 0.0500 0.0664
vn -0.0656 0.1585 0.9852
vn -0.0658 0.1167 0.9910
vn -0.0658 0.1206 0.9905
vn 0.0660 0.0040 -0.9978
vn -0.0661 -0.0042 0.9978
vn 0.0660 0.0042 -0.9978
vn -0.9978 -0.0023 -0.0663
vn 0.9978 0.0024 0.0662
vn 0.9978 0.0023 0.0663
vn -0.0658 -0.0037 0.9978
vt 0.332968 0.551304
vt 0.393308 0.490964
vt 0.393308 0.551304
vt 0.400817 0.565491
vt 0.146230 0.267507
vt 0.145273 0.272290
vt 0.146230 0.272290
vt 0.594309 0.654260
vt 0.502561 0.240614
vt 0.502561 0.245397
vt 0.590009 0.654256
vt 0.504241 0.117656
vt 0.504241 0.112873
vt 0.585709 0.654252
vt 0.490964 0.312630
vt 0.551304 0.252290
vt 0.551304 0.312630
vt 0.987570 0.274487
vt 0.505922 0.220445
vt 0.505922 0.225228
vt 0.504241 0.317931
vt 0.504241 0.322714
vt 0.577110 0.654244
vt 0.572810 0.654240
vt 0.398351 0.452136
vt 0.397390 0.447451
vt 0.568511 0.654236
vt 0.368096 0.386585
vt 0.364270 0.381802
vt 0.364270 0.386585
vt 0.564211 0.654232
vt 0.401712 0.271334
vt 0.401712 0.268464
vt 0.401712 0.272290
vt 0.532815 0.247078
vt 0.532815 0.243252
vt 0.559912 0.654228
vt 0.555612 0.654224
vt 0.455498 0.383223
vt 0.451672 0.378440
vt 0.451672 0.383223
vt 0.449991 0.388525
vt 0.453817 0.393308
vt 0.449991 0.393308
vt 0.551312 0.654220
vt 0.547013 0.654216
vt 0.398351 0.540754
vt 0.398351 0.544581
vt 0.542713 0.654212
vt 0.542900 0.354650
vt 0.542900 0.350823
vt 0.538413 0.654207
vt 0.023531 0.020170
vt 0.023531 0.016343
vt 0.586143 0.664356
vt 0.283641 0.166564
vt 0.287394 0.170692
vt 0.283641 0.171442
vt 0.581844 0.664351
vt 0.067232 0.014662
vt 0.067232 0.018489
vt 0.577544 0.664347
vt 0.987570 0.060452
vt 0.989483 0.061408
vt 0.990440 0.060452
vt 0.573245 0.664343
vt 0.247078 0.969130
vt 0.227445 0.969824
vt 0.227445 0.949497
vt 0.987570 0.338981
vt 0.987570 0.343281
vt 0.560346 0.664331
vt 0.110933 0.008404
vt 0.109020 0.003621
vt 0.109020 0.008404
vt 0.556046 0.664327
vt 0.987570 0.010749
vt 0.990440 0.012662
vt 0.990440 0.010749
vt 0.551746 0.664323
vt 0.990440 0.102502
vt 0.988527 0.102502
vt 0.547447 0.664319
vt 0.987570 0.364779
vt 0.589291 0.677001
vt 0.987570 0.373378
vt 0.257163 0.386585
vt 0.254293 0.381802
vt 0.254293 0.386585
vt 0.230563 0.871448
vt 0.240124 0.898901
vt 0.230563 0.899230
vt 0.580692 0.676993
vt 0.576392 0.676989
vt 0.572092 0.676985
vt 0.771489 0.514644
vt 0.771489 0.546261
vt 0.757116 0.530931
vt 0.987570 0.390577
vt 0.987570 0.394876
vt 0.987570 0.106801
vt 0.990440 0.106801
vt 0.559194 0.676972
vt 0.554894 0.676968
vt 0.987570 0.407775
vt 0.990440 0.111101
vt 0.987570 0.111101
vt 0.546295 0.676960
vt 0.541995 0.676956
vt 0.458860 0.881549
vt 0.449269 0.895923
vt 0.449269 0.881549
vt 0.537696 0.676952
vt 0.880329 0.790720
vt 0.889872 0.817894
vt 0.880329 0.818552
vt 0.533396 0.676948
vt 0.987570 0.429273
vt 0.987570 0.433573
vt 0.565268 0.655488
vt 0.560968 0.655484
vt 0.987570 0.115401
vt 0.990440 0.115401
vt 0.556669 0.655480
vt 0.987570 0.450771
vt 0.987570 0.455071
vt 0.594213 0.668158
vt 0.589913 0.668154
vt 0.089137 0.857061
vt 0.102529 0.871410
vt 0.089137 0.885784
vt 0.987570 0.467970
vt 0.282375 0.376500
vt 0.256522 0.316136
vt 0.282375 0.316136
vt 0.581314 0.668145
vt 0.987570 0.476569
vt 0.572715 0.668137
vt 0.798436 0.758043
vt 0.798436 0.728339
vt 0.811829 0.742712
vt 0.987570 0.485168
vt 0.199375 0.079167
vt 0.225228 0.139507
vt 0.199375 0.139507
vt 0.564116 0.668129
vt 0.914358 0.451263
vt 0.904767 0.465637
vt 0.914358 0.479029
vt 0.559816 0.668125
vt 0.068967 0.880742
vt 0.068967 0.851994
vt 0.082359 0.866368
vt 0.987570 0.498067
vt 0.766447 0.808293
vt 0.740594 0.837041
vt 0.740594 0.808293
vt 0.987570 0.502367
vt 0.119337 0.126087
vt 0.114554 0.132784
vt 0.119337 0.132784
vt 0.546917 0.668113
vt 0.407508 0.857210
vt 0.407508 0.828463
vt 0.421882 0.842837
vt 0.987570 0.510966
vt 0.018489 0.891634
vt 0.008898 0.906008
vt 0.018489 0.919400
vt 0.538318 0.668105
vt 0.151272 0.218505
vt 0.151272 0.211808
vt 0.586048 0.678253
vt 0.200016 0.152953
vt 0.200016 0.146257
vt 0.254061 0.398351
vt 0.258844 0.391654
vt 0.258844 0.398351
vt 0.581748 0.678249
vt 0.577449 0.678245
vt 0.419998 0.801570
vt 0.435328 0.815944
vt 0.419998 0.830317
vt 0.987570 0.532465
vt 0.337842 0.348678
vt 0.333059 0.356331
vt 0.337842 0.356331
vt 0.568849 0.678236
vt 0.168080 0.075663
vt 0.168080 0.082359
vt 0.564550 0.678232
vt 0.693531 0.406924
vt 0.719384 0.467264
vt 0.693531 0.467264
vt 0.560250 0.678228
vt 0.026893 0.013446
vt 0.026893 0.005794
vt 0.555950 0.678224
vt 0.067232 0.010085
vt 0.067232 0.002432
vt 0.551651 0.678220
vt 0.777053 0.068913
vt 0.777053 0.039209
vt 0.793340 0.053583
vt 0.987570 0.558262
vt 0.070853 0.847125
vt 0.075636 0.839473
vt 0.075636 0.847125
vt 0.591140 0.683643
vt 0.072275 0.002432
vt 0.072275 0.010085
vt 0.586841 0.683639
vt 0.797479 0.899230
vt 0.797479 0.871464
vt 0.811829 0.885838
vt 0.987570 0.571161
vt 0.908129 0.790032
vt 0.917719 0.775658
vt 0.917719 0.803425
vt 0.655514 0.519369
vt 0.629661 0.459004
vt 0.655514 0.459004
vt 0.582361 0.661462
vt 0.578062 0.661458
vt 0.746277 0.859699
vt 0.746277 0.887465
vt 0.731903 0.874072
vt 0.987570 0.584060
vt 0.968143 0.907477
vt 0.968143 0.927804
vt 0.948510 0.927110
vt 0.987570 0.588360
vt 0.665599 0.944270
vt 0.645343 0.946293
vt 0.645343 0.925278
vt 0.987570 0.592660
vt 0.791659 0.891634
vt 0.782068 0.906008
vt 0.782068 0.891634
vt 0.553800 0.673998
vt 0.897836 0.322714
vt 0.909315 0.294948
vt 0.909315 0.322714
vt 0.549501 0.673994
vt 0.804388 0.794875
vt 0.805105 0.815190
vt 0.785459 0.815190
vt 0.987570 0.605559
vt 0.987570 0.609858
vt 0.552689 0.684379
vt 0.989508 0.166996
vt 0.987570 0.166996
vt 0.548389 0.684375
vt 0.655514 0.635344
vt 0.629661 0.574980
vt 0.655514 0.574980
vt 0.544090 0.684371
vt 0.899517 0.330245
vt 0.910996 0.358011
vt 0.899517 0.358011
vt 0.539790 0.684367
vt 0.989508 0.171296
vt 0.987570 0.171296
vt 0.583016 0.684327
vt 0.987570 0.635656
vt 0.897836 0.586601
vt 0.909315 0.558835
vt 0.909315 0.586601
vt 0.589940 0.661107
vt 0.585640 0.661103
vt 0.987570 0.648555
vt 0.987570 0.652855
vt 0.572741 0.661090
vt 0.568441 0.661086
vt 0.987570 0.665754
vt 0.989508 0.175595
vt 0.987570 0.175595
vt 0.899517 0.819359
vt 0.910996 0.847125
vt 0.899517 0.847125
vt 0.559842 0.661078
vt 0.555542 0.661074
vt 0.551243 0.661070
vt 0.173123 0.893315
vt 0.163532 0.907688
vt 0.173123 0.921081
vt 0.305266 0.689299
vt 0.331118 0.749639
vt 0.305266 0.749639
vt 0.546943 0.661066
vt 0.542643 0.661062
vt 0.470922 0.771489
vt 0.470922 0.739858
vt 0.485752 0.756601
vt 0.987570 0.691552
vt 0.989508 0.179895
vt 0.987570 0.179895
vt 0.586074 0.671206
vt 0.987570 0.700151
vt 0.987570 0.704451
vt 0.573175 0.671194
vt 0.568875 0.671190
vt 0.987570 0.717350
vt 0.560276 0.671182
vt 0.987570 0.725949
vt 0.551677 0.671173
vt 0.987570 0.734548
vt 0.593520 0.683855
vt 0.964782 0.352811
vt 0.964782 0.373139
vt 0.944472 0.373121
vt 0.987570 0.743148
vt 0.476421 0.811829
vt 0.476421 0.782125
vt 0.490795 0.797455
vt 0.987570 0.747447
vt 0.050424 0.894995
vt 0.040834 0.909369
vt 0.050424 0.922762
vt 0.580622 0.683843
vt 0.043701 0.127768
vt 0.038918 0.134464
vt 0.043701 0.134464
vt 0.576322 0.683839
vt 0.337201 0.689299
vt 0.363054 0.749639
vt 0.337201 0.749639
vt 0.572022 0.683835
vt 0.049003 0.129449
vt 0.053786 0.136145
vt 0.049003 0.136145
vt 0.567723 0.683831
vt 0.033616 0.139507
vt 0.033616 0.132811
vt 0.563423 0.683827
vt 0.104210 0.033616
vt 0.104210 0.026920
vt 0.102529 0.045382
vt 0.102529 0.038685
vt 0.559123 0.683823
vt 0.554824 0.683819
vt 0.643748 0.178916
vt 0.638965 0.186569
vt 0.643748 0.186569
vt 0.550524 0.683815
vt 0.299183 0.685768
vt 0.273330 0.625404
vt 0.299183 0.625404
vt 0.546224 0.683811
vt 0.306401 0.907688
vt 0.315991 0.893315
vt 0.315991 0.921081
vt 0.541925 0.683807
vt 0.198335 0.213462
vt 0.198335 0.205809
vt 0.400291 0.594075
vt 0.405074 0.601728
vt 0.400291 0.601728
vt 0.537625 0.683802
vt 0.533325 0.683798
vt 0.674224 0.937148
vt 0.692492 0.958059
vt 0.672135 0.958059
vt 0.987570 0.803343
vt 0.134464 0.171442
vt 0.134464 0.163789
vt 0.569497 0.662342
vt 0.065551 0.129422
vt 0.065551 0.121769
vt 0.565197 0.662338
vt 0.484072 0.744596
vt 0.469212 0.728810
vt 0.484072 0.712965
vt 0.987570 0.816242
vt 0.904273 0.023531
vt 0.883963 0.003221
vt 0.904273 0.003204
vt 0.987570 0.820541
vt 0.157996 0.894995
vt 0.148405 0.909369
vt 0.148405 0.894995
vt 0.552298 0.662326
vt 0.784008 0.298053
vt 0.798382 0.312427
vt 0.784008 0.327757
vt 0.987570 0.829141
vt 0.685768 0.586601
vt 0.659915 0.526236
vt 0.685768 0.526236
vt 0.594142 0.675008
vt 0.987570 0.837740
vt 0.391627 0.480710
vt 0.389714 0.475927
vt 0.389714 0.480710
vt 0.585543 0.675000
vt 0.581243 0.674996
vt 0.411797 0.864675
vt 0.402254 0.891850
vt 0.401299 0.863952
vt 0.576944 0.674992
vt 0.989484 0.218592
vt 0.987570 0.218592
vt 0.989484 0.222891
vt 0.987570 0.222891
vt 0.572644 0.674988
vt 0.568344 0.674984
vt 0.369136 0.689299
vt 0.394989 0.749639
vt 0.369136 0.749639
vt 0.564045 0.674980
vt 0.820233 0.893315
vt 0.810642 0.907688
vt 0.820233 0.921081
vt 0.559745 0.674976
vt 0.987570 0.872137
vt 0.987570 0.876437
vt 0.546846 0.674963
vt 0.542547 0.674959
vt 0.987570 0.889336
vt 0.581535 0.676220
vt 0.400031 0.425244
vt 0.397162 0.420460
vt 0.397162 0.425244
vt 0.531134 0.866356
vt 0.520636 0.893465
vt 0.520636 0.865633
vt 0.577236 0.676216
vt 0.572936 0.676212
vt 0.987570 0.906534
vt 0.564337 0.676204
vt 0.989484 0.227191
vt 0.987570 0.227191
vt 0.560037 0.676200
vt 0.989483 0.119700
vt 0.987570 0.119700
vt 0.990440 0.119700
vt 0.555737 0.676196
vt 0.494326 0.063030
vt 0.554666 0.002690
vt 0.554666 0.063030
vt 0.406523 0.565637
vt 0.870711 0.203228
vt 0.884103 0.216621
vt 0.870711 0.231951
vt 0.822953 0.363054
vt 0.848806 0.334331
vt 0.848806 0.363054
vt 0.987570 0.928033
vt 0.987570 0.932332
vt 0.987570 0.936632
vt 0.987570 0.940932
vt 0.582148 0.659434
vt 0.577849 0.659430
vt 0.987570 0.953831
vt 0.567484 0.688849
vt 0.987570 0.962430
vt 0.558885 0.688841
vt 0.752073 0.843615
vt 0.766447 0.858945
vt 0.752073 0.872337
vt 0.987570 0.971029
vt 0.953016 0.235313
vt 0.932706 0.215003
vt 0.953016 0.213632
vt 0.987570 0.975329
vt 0.987570 0.979629
vt 0.552476 0.682351
vt 0.915390 0.114307
vt 0.936208 0.095934
vt 0.936208 0.117656
vt 0.002150 0.989251
vt 0.284056 0.894995
vt 0.274465 0.909369
vt 0.284056 0.922762
vt 0.541761 0.686684
vt 0.851265 0.149418
vt 0.865614 0.163792
vt 0.851265 0.178165
vt 0.010749 0.989251
vt 0.307587 0.314570
vt 0.302804 0.319353
vt 0.307587 0.319353
vt 0.539962 0.685703
vt 0.494326 0.436169
vt 0.554666 0.375829
vt 0.554666 0.436169
vt 0.404049 0.570249
vt 0.166400 0.003526
vt 0.161709 0.007466
vt 0.161685 0.002583
vt 0.548562 0.685703
vt 0.723786 0.003531
vt 0.749639 0.063871
vt 0.723786 0.063871
vt 0.552861 0.685703
vt 0.494157 0.097487
vt 0.494157 0.092704
vt 0.495837 0.226909
vt 0.495837 0.222126
vt 0.557161 0.685703
vt 0.561461 0.685703
vt 0.942773 0.398351
vt 0.942773 0.378023
vt 0.963101 0.378023
vt 0.040846 0.989251
vt 0.497518 0.105891
vt 0.497518 0.101108
vt 0.570060 0.685703
vt 0.181786 0.260760
vt 0.186569 0.265567
vt 0.181786 0.265567
vt 0.574359 0.685703
vt 0.934370 0.954697
vt 0.954697 0.934370
vt 0.954697 0.954697
vt 0.053745 0.989251
vt 0.324395 0.008404
vt 0.320544 0.003621
vt 0.320544 0.008404
vt 0.582959 0.685703
vt 0.687449 0.689130
vt 0.661596 0.628765
vt 0.687449 0.628765
vt 0.584512 0.685899
vt 0.144549 0.262206
vt 0.144549 0.256441
vt 0.588811 0.685899
vt 0.909809 0.907688
vt 0.919400 0.893315
vt 0.919400 0.921081
vt 0.593111 0.685899
vt 0.297502 0.386585
vt 0.297502 0.382734
vt 0.198335 0.226909
vt 0.198335 0.221144
vt 0.198335 0.225952
vt 0.549322 0.680468
vt 0.553621 0.680468
vt 0.837041 0.036804
vt 0.837041 0.065551
vt 0.821710 0.051178
vt 0.083843 0.989251
vt 0.987570 0.066665
vt 0.989483 0.065708
vt 0.987570 0.065708
vt 0.562220 0.680468
vt 0.494326 0.502560
vt 0.554666 0.442221
vt 0.554666 0.502560
vt 0.403932 0.565222
vt 0.040339 0.139766
vt 0.040339 0.144549
vt 0.570820 0.680468
vt 0.200016 0.170021
vt 0.200016 0.174804
vt 0.233632 0.190190
vt 0.233632 0.194973
vt 0.575119 0.680468
vt 0.579419 0.680468
vt 0.990440 0.016962
vt 0.987570 0.018875
vt 0.990440 0.018875
vt 0.536130 0.679199
vt 0.181527 0.003621
vt 0.181527 0.008404
vt 0.219229 0.235572
vt 0.220185 0.240355
vt 0.220185 0.235572
vt 0.200016 0.183467
vt 0.200016 0.188250
vt 0.540430 0.679199
vt 0.544730 0.679199
vt 0.549029 0.679199
vt 0.628675 0.907634
vt 0.628675 0.879868
vt 0.642067 0.894242
vt 0.126839 0.989251
vt 0.496006 0.184888
vt 0.556346 0.124548
vt 0.556346 0.184888
vt 0.396065 0.569586
vt 0.709353 0.743234
vt 0.722746 0.759521
vt 0.709353 0.774851
vt 0.135438 0.989251
vt 0.807540 0.870657
vt 0.807540 0.841934
vt 0.821913 0.856308
vt 0.139738 0.989251
vt 0.987570 0.070964
vt 0.989483 0.071921
vt 0.990440 0.070964
vt 0.570527 0.679199
vt 0.782328 0.591643
vt 0.782328 0.561939
vt 0.796701 0.577270
vt 0.148337 0.989251
vt 0.987570 0.023175
vt 0.990440 0.025088
vt 0.990440 0.023175
vt 0.579127 0.679199
vt 0.379862 0.894995
vt 0.370271 0.909369
vt 0.370271 0.894995
vt 0.583426 0.679199
vt 0.161236 0.989251
vt 0.263422 0.006026
vt 0.267248 0.011766
vt 0.267248 0.006026
vt 0.165536 0.989251
vt 0.451837 0.736839
vt 0.761404 0.970811
vt 0.741771 0.971505
vt 0.741771 0.951178
vt 0.174135 0.989251
vt 0.178434 0.989251
vt 0.907634 0.100848
vt 0.894217 0.073082
vt 0.907634 0.073082
vt 0.182734 0.989251
vt 0.450349 0.737531
vt 0.689130 0.519369
vt 0.663277 0.459004
vt 0.689130 0.459004
vt 0.567380 0.666509
vt 0.195633 0.989251
vt 0.277333 0.292460
vt 0.273506 0.287677
vt 0.273506 0.292460
vt 0.199933 0.989251
vt 0.459396 0.731162
vt 0.905954 0.505922
vt 0.892537 0.478156
vt 0.905954 0.478156
vt 0.445009 0.731854
vt 0.212831 0.989251
vt 0.217131 0.989251
vt 0.723786 0.137995
vt 0.749639 0.198335
vt 0.723786 0.198335
vt 0.552706 0.687956
vt 0.225730 0.989251
vt 0.521049 0.368096
vt 0.517223 0.364245
vt 0.517223 0.368096
vt 0.230030 0.989251
vt 0.453364 0.730646
vt 0.769808 0.682725
vt 0.769808 0.714342
vt 0.755435 0.699012
vt 0.238629 0.989251
vt 0.921081 0.002488
vt 0.911490 0.016862
vt 0.921081 0.030254
vt 0.575970 0.658529
vt 0.939570 0.368096
vt 0.930004 0.344156
vt 0.939570 0.344156
vt 0.438775 0.746180
vt 0.684606 0.913925
vt 0.694172 0.937889
vt 0.684606 0.937889
vt 0.443075 0.746180
vt 0.141241 0.857061
vt 0.154634 0.871410
vt 0.141241 0.885784
vt 0.255828 0.989251
vt 0.667798 0.906269
vt 0.677364 0.931166
vt 0.667798 0.931166
vt 0.451674 0.746180
vt 0.731669 0.915605
vt 0.741235 0.939570
vt 0.731669 0.939570
vt 0.455974 0.746180
vt 0.800117 0.275652
vt 0.800117 0.245948
vt 0.813509 0.260322
vt 0.268727 0.989251
vt 0.259363 0.285328
vt 0.268929 0.309268
vt 0.259363 0.309268
vt 0.445886 0.746872
vt 0.549623 0.361373
vt 0.549623 0.357547
vt 0.450186 0.746872
vt 0.865614 0.894995
vt 0.856024 0.909369
vt 0.865614 0.922762
vt 0.562458 0.675266
vt 0.285925 0.989251
vt 0.290225 0.989251
vt 0.002690 0.547942
vt 0.063030 0.487602
vt 0.063030 0.547942
vt 0.033845 0.839441
vt 0.727788 0.763660
vt 0.727788 0.793340
vt 0.711501 0.779947
vt 0.298824 0.989251
vt 0.723786 0.408604
vt 0.749639 0.468944
vt 0.723786 0.468944
vt 0.583956 0.675266
vt 0.865668 0.605090
vt 0.865668 0.576342
vt 0.879061 0.590716
vt 0.307423 0.989251
vt 0.561389 0.813336
vt 0.535536 0.842083
vt 0.535536 0.813336
vt 0.311723 0.989251
vt 0.316022 0.989251
vt 0.320322 0.989251
vt 0.428605 0.699215
vt 0.402752 0.638850
vt 0.428605 0.638850
vt 0.553425 0.665114
vt 0.911490 0.500934
vt 0.921081 0.486560
vt 0.921081 0.514326
vt 0.557724 0.665114
vt 0.567185 0.858891
vt 0.567185 0.830144
vt 0.581558 0.844517
vt 0.333221 0.989251
vt 0.337521 0.989251
vt 0.341820 0.989251
vt 0.458657 0.806612
vt 0.473987 0.820986
vt 0.458657 0.835360
vt 0.346120 0.989251
vt 0.216824 0.939570
vt 0.209146 0.915630
vt 0.216824 0.915630
vt 0.449473 0.736033
vt 0.354719 0.989251
vt 0.359019 0.989251
vt 0.775372 0.707619
vt 0.775372 0.677915
vt 0.791659 0.692288
vt 0.363318 0.989251
vt 0.367618 0.989251
vt 0.371918 0.989251
vt 0.376217 0.989251
vt 0.380517 0.989251
vt 0.842861 0.900911
vt 0.842861 0.873145
vt 0.857210 0.887519
vt 0.384816 0.989251
vt 0.797428 0.907950
vt 0.805105 0.932846
vt 0.797428 0.932846
vt 0.453072 0.738098
vt 0.393416 0.989251
vt 0.397715 0.989251
vt 0.401712 0.530669
vt 0.400756 0.534496
vt 0.401712 0.534496
vt 0.456271 0.749276
vt 0.406315 0.989251
vt 0.410614 0.989251
vt 0.414914 0.989251
vt 0.419213 0.989251
vt 0.823594 0.861379
vt 0.823594 0.889146
vt 0.809221 0.875753
vt 0.423513 0.989251
vt 0.884103 0.894995
vt 0.874513 0.909369
vt 0.874513 0.894995
vt 0.578335 0.685953
vt 0.930211 0.557619
vt 0.937889 0.581558
vt 0.930211 0.581558
vt 0.450239 0.748760
vt 0.969824 0.152795
vt 0.969824 0.173123
vt 0.950191 0.172429
vt 0.436412 0.989251
vt 0.440712 0.989251
vt 0.445011 0.989251
vt 0.449311 0.989251
vt 0.453610 0.989251
vt 0.460540 0.699215
vt 0.434687 0.638850
vt 0.460540 0.638850
vt 0.557989 0.673263
vt 0.800063 0.945950
vt 0.779807 0.947974
vt 0.779807 0.926959
vt 0.462210 0.989251
vt 0.578197 0.470110
vt 0.560074 0.492476
vt 0.560074 0.452610
vt 0.614556 0.719787
vt 0.047116 0.789978
vt 0.047116 0.759318
vt 0.060509 0.773691
vt 0.470809 0.989251
vt 0.475109 0.989251
vt 0.479408 0.989251
vt 0.921081 0.521857
vt 0.911490 0.536231
vt 0.921081 0.549623
vt 0.723786 0.475837
vt 0.749639 0.536177
vt 0.723786 0.536177
vt 0.536199 0.671994
vt 0.540499 0.671994
vt 0.185318 0.788297
vt 0.185318 0.757503
vt 0.200016 0.775237
vt 0.492307 0.989251
vt 0.970787 0.646965
vt 0.971505 0.667279
vt 0.951859 0.667279
vt 0.496607 0.989251
vt 0.936208 0.655514
vt 0.925685 0.631574
vt 0.936208 0.631574
vt 0.442574 0.749934
vt 0.081922 0.913925
vt 0.092444 0.937889
vt 0.081922 0.937889
vt 0.446874 0.749934
vt 0.733127 0.769808
vt 0.733127 0.738177
vt 0.747958 0.754920
vt 0.509506 0.989251
vt 0.401712 0.551304
vt 0.401712 0.547477
vt 0.438252 0.904588
vt 0.448775 0.929485
vt 0.438252 0.929485
vt 0.455473 0.749934
vt 0.459772 0.749934
vt 0.594051 0.823594
vt 0.601728 0.793915
vt 0.601728 0.823594
vt 0.408481 0.746642
vt 0.922762 0.064678
vt 0.913171 0.079052
vt 0.922762 0.092444
vt 0.579195 0.671994
vt 0.305906 0.341203
vt 0.302080 0.336420
vt 0.305906 0.336420
vt 0.925685 0.488681
vt 0.936208 0.512645
vt 0.925685 0.512645
vt 0.456565 0.735659
vt 0.460865 0.735659
vt 0.539603 0.989251
vt 0.543903 0.989251
vt 0.907634 0.143676
vt 0.894217 0.171442
vt 0.894217 0.143676
vt 0.354212 0.913949
vt 0.364735 0.937889
vt 0.354212 0.937889
vt 0.456322 0.734450
vt 0.460621 0.734450
vt 0.966463 0.381385
vt 0.966463 0.401712
vt 0.946153 0.401695
vt 0.556802 0.989251
vt 0.723786 0.659044
vt 0.749639 0.719384
vt 0.723786 0.719384
vt 0.563149 0.659304
vt 0.265102 0.145533
vt 0.268929 0.151272
vt 0.265102 0.151272
vt 0.451737 0.742884
vt 0.569701 0.989251
vt 0.574000 0.989251
vt 0.490254 0.710804
vt 0.516007 0.708535
vt 0.516007 0.741235
vt 0.615796 0.718339
vt 0.905954 0.513453
vt 0.892537 0.541219
vt 0.892537 0.513453
vt 0.443645 0.747013
vt 0.586899 0.989251
vt 0.591199 0.989251
vt 0.358765 0.813509
vt 0.358765 0.783805
vt 0.373139 0.799136
vt 0.595499 0.989251
vt 0.911490 0.608505
vt 0.921081 0.594131
vt 0.921081 0.621898
vt 0.492476 0.702576
vt 0.466623 0.642212
vt 0.492476 0.642212
vt 0.557075 0.680752
vt 0.561375 0.680752
vt 0.528989 0.212973
vt 0.532815 0.216824
vt 0.528989 0.216824
vt 0.453161 0.738724
vt 0.612697 0.989251
vt 0.616997 0.989251
vt 0.821913 0.707619
vt 0.814236 0.677939
vt 0.814236 0.707619
vt 0.414897 0.754037
vt 0.625596 0.989251
vt 0.629896 0.989251
vt 0.634196 0.989251
vt 0.638495 0.989251
vt 0.973186 0.050424
vt 0.953571 0.032148
vt 0.973186 0.030778
vt 0.642795 0.989251
vt 0.835581 0.938829
vt 0.853849 0.959739
vt 0.833492 0.959739
vt 0.647095 0.989251
vt 0.922762 0.125187
vt 0.913171 0.139561
vt 0.913171 0.125187
vt 0.558228 0.668061
vt 0.727788 0.756362
vt 0.712929 0.740575
vt 0.727788 0.724730
vt 0.655694 0.989251
vt 0.524411 0.702576
vt 0.498558 0.642212
vt 0.524411 0.642212
vt 0.566827 0.668061
vt 0.963101 0.312630
vt 0.942791 0.292320
vt 0.963101 0.292302
vt 0.664293 0.989251
vt 0.921081 0.629428
vt 0.911490 0.643802
vt 0.921081 0.657195
vt 0.002721 0.692660
vt 0.028574 0.753000
vt 0.002721 0.753000
vt 0.575427 0.668061
vt 0.579726 0.668061
vt 0.409445 0.566431
vt 0.469785 0.506091
vt 0.469785 0.566431
vt 0.402987 0.570609
vt 0.784008 0.597236
vt 0.798382 0.611610
vt 0.784008 0.626940
vt 0.681492 0.989251
vt 0.978228 0.736388
vt 0.958629 0.754681
vt 0.958629 0.735053
vt 0.685791 0.989251
vt 0.922762 0.177292
vt 0.913171 0.191666
vt 0.922762 0.205058
vt 0.544895 0.657909
vt 0.870711 0.448626
vt 0.884103 0.462018
vt 0.870711 0.477349
vt 0.694391 0.989251
vt 0.496006 0.568112
vt 0.556346 0.507772
vt 0.556346 0.568112
vt 0.401937 0.575886
vt 0.821272 0.776532
vt 0.847125 0.747809
vt 0.847125 0.776532
vt 0.702990 0.989251
vt 0.034656 0.692660
vt 0.060509 0.753000
vt 0.034656 0.753000
vt 0.562094 0.657909
vt 0.175557 0.845295
vt 0.189931 0.860626
vt 0.175557 0.874018
vt 0.711589 0.989251
vt 0.951335 0.332799
vt 0.931025 0.312489
vt 0.951335 0.311119
vt 0.715889 0.989251
vt 0.556346 0.702576
vt 0.530493 0.642212
vt 0.556346 0.642212
vt 0.574993 0.657909
vt 0.645923 0.911050
vt 0.655514 0.896676
vt 0.655514 0.924443
vt 0.579292 0.657909
vt 0.145581 0.944624
vt 0.166400 0.926251
vt 0.166400 0.947974
vt 0.728788 0.989251
vt 0.731928 0.838548
vt 0.746277 0.852921
vt 0.731928 0.867295
vt 0.733088 0.989251
vt 0.987570 0.077177
vt 0.989483 0.076221
vt 0.987570 0.076221
vt 0.592191 0.657909
vt 0.334649 0.616855
vt 0.394989 0.556515
vt 0.394989 0.616855
vt 0.401343 0.571753
vt 0.942773 0.576516
vt 0.942773 0.556189
vt 0.963101 0.556189
vt 0.745987 0.989251
vt 0.990440 0.029388
vt 0.987570 0.031301
vt 0.990440 0.031301
vt 0.589568 0.681121
vt 0.574835 0.115976
vt 0.549982 0.114516
vt 0.574835 0.083346
vt 0.617013 0.724987
vt 0.937731 0.695853
vt 0.958059 0.675526
vt 0.958059 0.695853
vt 0.758886 0.989251
vt 0.842083 0.525918
vt 0.842083 0.554666
vt 0.826753 0.540292
vt 0.763185 0.989251
vt 0.174858 0.816871
vt 0.174858 0.787192
vt 0.188250 0.802522
vt 0.767485 0.989251
vt 0.556911 0.314310
vt 0.617251 0.253970
vt 0.617251 0.314310
vt 0.778212 0.644185
vt 0.778212 0.674003
vt 0.763477 0.661011
vt 0.771785 0.989251
vt 0.253855 0.909315
vt 0.253855 0.881549
vt 0.267248 0.895923
vt 0.776084 0.989251
vt 0.002690 0.618536
vt 0.063030 0.558196
vt 0.063030 0.618536
vt 0.759777 0.711298
vt 0.773170 0.727585
vt 0.759777 0.742916
vt 0.780384 0.989251
vt 0.810148 0.412348
vt 0.802470 0.442052
vt 0.802470 0.412348
vt 0.409376 0.733895
vt 0.854602 0.033616
vt 0.854602 0.004893
vt 0.868976 0.019267
vt 0.788983 0.989251
vt 0.793283 0.989251
vt 0.527308 0.228589
vt 0.531134 0.224738
vt 0.531134 0.228589
vt 0.797583 0.989251
vt 0.447286 0.739291
vt 0.414231 0.800063
vt 0.414231 0.770359
vt 0.428605 0.785689
vt 0.806182 0.989251
vt 0.810481 0.989251
vt 0.894217 0.178973
vt 0.907634 0.206739
vt 0.894217 0.206739
vt 0.814781 0.989251
vt 0.445798 0.739983
vt 0.631028 0.785486
vt 0.638706 0.815190
vt 0.638706 0.785486
vt 0.407274 0.728867
vt 0.273506 0.011766
vt 0.277333 0.006026
vt 0.277333 0.011766
vt 0.454397 0.739983
vt 0.647110 0.163476
vt 0.628206 0.181527
vt 0.628206 0.141661
vt 0.624349 0.719787
vt 0.836279 0.989251
vt 0.840579 0.989251
vt 0.844879 0.989251
vt 0.892537 0.592451
vt 0.905954 0.620217
vt 0.892537 0.620217
vt 0.849178 0.989251
vt 0.444066 0.739467
vt 0.919227 0.940495
vt 0.939570 0.918884
vt 0.939570 0.941251
vt 0.857778 0.989251
vt 0.862077 0.989251
vt 0.379862 0.254061
vt 0.376035 0.258844
vt 0.376035 0.254061
vt 0.866377 0.989251
vt 0.458167 0.747208
vt 0.874976 0.989251
vt 0.155850 0.273274
vt 0.159676 0.279014
vt 0.159676 0.273274
vt 0.879276 0.989251
vt 0.453624 0.746000
vt 0.556346 0.364735
vt 0.556346 0.360908
vt 0.457924 0.746000
vt 0.925685 0.596277
vt 0.936208 0.620217
vt 0.925685 0.620217
vt 0.443536 0.746692
vt 0.896475 0.989251
vt 0.907634 0.405074
vt 0.894217 0.377308
vt 0.907634 0.377308
vt 0.900774 0.989251
vt 0.457468 0.749273
vt 0.909373 0.989251
vt 0.913673 0.989251
vt 0.831998 0.969130
vt 0.812365 0.969824
vt 0.812365 0.949497
vt 0.177727 0.913925
vt 0.188250 0.937889
vt 0.177727 0.937889
vt 0.452924 0.748065
vt 0.922272 0.989251
vt 0.277333 0.304226
vt 0.273506 0.299443
vt 0.273506 0.304226
vt 0.926572 0.989251
vt 0.447136 0.748757
vt 0.498761 0.906269
vt 0.509284 0.931166
vt 0.498761 0.931166
vt 0.451436 0.748757
vt 0.939471 0.989251
vt 0.905954 0.655514
vt 0.892537 0.627748
vt 0.905954 0.627748
vt 0.943771 0.989251
vt 0.456183 0.742387
vt 0.532815 0.194973
vt 0.528989 0.191122
vt 0.528989 0.194973
vt 0.460483 0.742387
vt 0.925685 0.004609
vt 0.936208 0.028574
vt 0.925685 0.028574
vt 0.446096 0.743079
vt 0.774851 0.080997
vt 0.774851 0.112614
vt 0.760477 0.097284
vt 0.960969 0.989251
vt 0.965269 0.989251
vt 0.640387 0.937889
vt 0.629864 0.913949
vt 0.640387 0.913949
vt 0.458995 0.743079
vt 0.937889 0.400031
vt 0.928323 0.376092
vt 0.937889 0.376092
vt 0.445852 0.741871
vt 0.196708 0.857061
vt 0.210101 0.871410
vt 0.196708 0.885784
vt 0.928323 0.034864
vt 0.937889 0.058828
vt 0.928323 0.058828
vt 0.450151 0.741871
vt 0.840921 0.907950
vt 0.850487 0.932846
vt 0.840921 0.932846
vt 0.454451 0.741871
vt 0.930004 0.066799
vt 0.939570 0.090763
vt 0.930004 0.090763
vt 0.458751 0.741871
vt 0.758097 0.327757
vt 0.758097 0.298053
vt 0.771489 0.312427
vt 0.991067 0.989251
vt 0.002150 0.993551
vt 0.496356 0.191203
vt 0.505922 0.215143
vt 0.496356 0.215143
vt 0.450905 0.745123
vt 0.551304 0.243717
vt 0.551304 0.239890
vt 0.455205 0.745123
vt 0.015049 0.993551
vt 0.019348 0.993551
vt 0.515050 0.110468
vt 0.516007 0.114295
vt 0.516007 0.110468
vt 0.449417 0.745815
vt 0.027948 0.993551
vt 0.032247 0.993551
vt 0.067401 0.551304
vt 0.127741 0.490964
vt 0.127741 0.551304
vt 0.031095 0.835804
vt 0.040846 0.993551
vt 0.045146 0.993551
vt 0.795020 0.345140
vt 0.795020 0.374819
vt 0.778734 0.361427
vt 0.049446 0.993551
vt 0.928531 0.665190
vt 0.936208 0.689130
vt 0.928531 0.689130
vt 0.444651 0.749913
vt 0.058045 0.993551
vt 0.062345 0.993551
vt 0.247132 0.880742
vt 0.247132 0.851994
vt 0.260525 0.866368
vt 0.066644 0.993551
vt 0.070944 0.993551
vt 0.075243 0.993551
vt 0.079543 0.993551
vt 0.505922 0.815017
vt 0.480069 0.843764
vt 0.480069 0.815017
vt 0.083843 0.993551
vt 0.088142 0.993551
vt 0.923488 0.775167
vt 0.931166 0.800063
vt 0.923488 0.800063
vt 0.447219 0.749397
vt 0.096742 0.993551
vt 0.101041 0.993551
vt 0.607524 0.857210
vt 0.607524 0.828463
vt 0.621898 0.842837
vt 0.105341 0.993551
vt 0.109640 0.993551
vt 0.113940 0.993551
vt 0.118240 0.993551
vt 0.122539 0.993551
vt 0.126839 0.993551
vt 0.828434 0.068739
vt 0.843764 0.083113
vt 0.828434 0.097487
vt 0.107571 0.941251
vt 0.099894 0.917311
vt 0.107571 0.917311
vt 0.448238 0.739074
vt 0.431967 0.939570
vt 0.424289 0.915630
vt 0.431967 0.915630
vt 0.452537 0.739074
vt 0.139738 0.993551
vt 0.144037 0.993551
vt 0.148337 0.993551
vt 0.152637 0.993551
vt 0.777053 0.186569
vt 0.777053 0.156865
vt 0.793340 0.171239
vt 0.156936 0.993551
vt 0.161236 0.993551
vt 0.165536 0.993551
vt 0.169835 0.993551
vt 0.056245 0.905954
vt 0.056245 0.878187
vt 0.070594 0.892561
vt 0.925169 0.892823
vt 0.932846 0.917719
vt 0.925169 0.917719
vt 0.456137 0.741139
vt 0.178434 0.993551
vt 0.182734 0.993551
vt 0.187034 0.993551
vt 0.191333 0.993551
vt 0.195633 0.993551
vt 0.537857 0.345781
vt 0.536901 0.349607
vt 0.537857 0.349607
vt 0.199933 0.993551
vt 0.459396 0.735461
vt 0.208532 0.993551
vt 0.212831 0.993551
vt 0.868976 0.863060
vt 0.868976 0.890826
vt 0.854602 0.877434
vt 0.002407 0.917311
vt 0.010085 0.941251
vt 0.002407 0.941251
vt 0.453608 0.736154
vt 0.987570 0.002150
vt 0.991397 0.002150
vt 0.457907 0.736154
vt 0.968143 0.951178
vt 0.968143 0.971505
vt 0.948510 0.970811
vt 0.225730 0.993551
vt 0.230030 0.993551
vt 0.234330 0.993551
vt 0.238629 0.993551
vt 0.242929 0.993551
vt 0.247228 0.993551
vt 0.084040 0.950993
vt 0.063785 0.953016
vt 0.063785 0.932001
vt 0.603409 0.468429
vt 0.585286 0.490795
vt 0.585286 0.450929
vt 0.616740 0.721586
vt 0.928323 0.275243
vt 0.937889 0.299183
vt 0.928323 0.299183
vt 0.447374 0.750479
vt 0.774905 0.033616
vt 0.774905 0.002956
vt 0.788297 0.017329
vt 0.260127 0.993551
vt 0.264427 0.993551
vt 0.268727 0.993551
vt 0.928323 0.125627
vt 0.937889 0.149592
vt 0.928323 0.149592
vt 0.445886 0.751171
vt 0.894707 0.906269
vt 0.904273 0.931166
vt 0.894707 0.931166
vt 0.450186 0.751171
vt 0.348356 0.786616
vt 0.348356 0.755822
vt 0.363054 0.773556
vt 0.281625 0.993551
vt 0.930004 0.157563
vt 0.939570 0.181527
vt 0.930004 0.181527
vt 0.458785 0.751171
vt 0.531134 0.202888
vt 0.527308 0.206739
vt 0.531134 0.206739
vt 0.445642 0.749963
vt 0.706901 0.952871
vt 0.707619 0.973186
vt 0.687973 0.973186
vt 0.894217 0.443732
vt 0.907634 0.415966
vt 0.907634 0.443732
vt 0.939570 0.431967
vt 0.930004 0.408027
vt 0.939570 0.408027
vt 0.449942 0.749963
vt 0.454241 0.749963
vt 0.547942 0.939570
vt 0.537420 0.915630
vt 0.547942 0.915630
vt 0.458541 0.749963
vt 0.336161 0.003621
vt 0.332334 0.008404
vt 0.336161 0.008404
vt 0.444154 0.750655
vt 0.311723 0.993551
vt 0.316022 0.993551
vt 0.132346 0.913925
vt 0.142868 0.937889
vt 0.132346 0.937889
vt 0.455505 0.740849
vt 0.539568 0.909315
vt 0.552985 0.881549
vt 0.552985 0.909315
vt 0.459804 0.740849
vt 0.328921 0.993551
vt 0.333221 0.993551
vt 0.571770 0.771489
vt 0.571770 0.739858
vt 0.586601 0.756601
vt 0.991397 0.006449
vt 0.987570 0.006449
vt 0.455260 0.739640
vt 0.463464 0.907950
vt 0.473987 0.932846
vt 0.463464 0.932846
vt 0.459560 0.739640
vt 0.209636 0.280694
vt 0.213462 0.274955
vt 0.209636 0.274955
vt 0.445173 0.740333
vt 0.350419 0.993551
vt 0.354719 0.993551
vt 0.815917 0.097487
vt 0.823594 0.067807
vt 0.823594 0.097487
vt 0.413962 0.759829
vt 0.268929 0.388266
vt 0.265102 0.383483
vt 0.268929 0.383483
vt 0.925685 0.523978
vt 0.936208 0.547942
vt 0.925685 0.547942
vt 0.445961 0.741705
vt 0.450261 0.741705
vt 0.371918 0.993551
vt 0.376217 0.993551
vt 0.380517 0.993551
vt 0.384816 0.993551
vt 0.907634 0.663044
vt 0.894217 0.690811
vt 0.894217 0.663044
vt 0.584482 0.913949
vt 0.595005 0.937889
vt 0.584482 0.937889
vt 0.453072 0.742397
vt 0.454275 0.750139
vt 0.174804 0.947816
vt 0.174804 0.968143
vt 0.154494 0.968126
vt 0.397715 0.993551
vt 0.402015 0.993551
vt 0.281910 0.007707
vt 0.285737 0.013446
vt 0.281910 0.013446
vt 0.443432 0.736720
vt 0.410614 0.993551
vt 0.414914 0.993551
vt 0.520508 0.712485
vt 0.546261 0.710216
vt 0.546261 0.742916
vt 0.619994 0.727583
vt 0.601728 0.881549
vt 0.588311 0.909315
vt 0.588311 0.881549
vt 0.460630 0.736720
vt 0.427813 0.993551
vt 0.432112 0.993551
vt 0.797455 0.522730
vt 0.797455 0.493026
vt 0.811829 0.508357
vt 0.528989 0.234823
vt 0.532815 0.238674
vt 0.528989 0.238674
vt 0.456087 0.735511
vt 0.450456 0.825275
vt 0.442778 0.795596
vt 0.442778 0.825275
vt 0.416472 0.758520
vt 0.445011 0.993551
vt 0.449311 0.993551
vt 0.453610 0.993551
vt 0.457910 0.993551
vt 0.773170 0.974867
vt 0.753555 0.956591
vt 0.773170 0.955221
vt 0.462210 0.993551
vt 0.466509 0.993551
vt 0.470809 0.993551
vt 0.939791 0.878320
vt 0.958059 0.899230
vt 0.937702 0.899230
vt 0.754681 0.754681
vt 0.739822 0.738894
vt 0.754681 0.723050
vt 0.964782 0.107572
vt 0.944472 0.087261
vt 0.964782 0.087244
vt 0.069082 0.618536
vt 0.129422 0.558196
vt 0.129422 0.618536
vt 0.402045 0.562400
vt 0.784008 0.634214
vt 0.798382 0.648587
vt 0.784008 0.663918
vt 0.979909 0.460737
vt 0.960310 0.479029
vt 0.960310 0.459401
vt 0.479408 0.993551
vt 0.135474 0.618536
vt 0.195814 0.558196
vt 0.195814 0.618536
vt 0.870711 0.688981
vt 0.884103 0.702373
vt 0.870711 0.717703
vt 0.080038 0.852168
vt 0.105891 0.823445
vt 0.105891 0.852168
vt 0.857964 0.749490
vt 0.872338 0.764820
vt 0.857964 0.778212
vt 0.953016 0.458860
vt 0.932706 0.438550
vt 0.953016 0.437179
vt 0.370809 0.942943
vt 0.391627 0.924570
vt 0.391627 0.946293
vt 0.483708 0.993551
vt 0.399858 0.707296
vt 0.428605 0.764766
vt 0.399858 0.764766
vt 0.488007 0.993551
vt 0.577906 0.994747
vt 0.851265 0.186396
vt 0.865614 0.200769
vt 0.851265 0.215143
vt 0.201866 0.618536
vt 0.262206 0.558196
vt 0.262206 0.618536
vt 0.942773 0.635344
vt 0.942773 0.615017
vt 0.963101 0.615017
vt 0.304977 0.682407
vt 0.312630 0.626850
vt 0.312630 0.682407
vt 0.582206 0.994747
vt 0.606770 0.504241
vt 0.581917 0.502782
vt 0.606770 0.471611
vt 0.620388 0.730111
vt 0.941093 0.643748
vt 0.961420 0.623421
vt 0.961420 0.643748
vt 0.475929 0.564750
vt 0.487433 0.509193
vt 0.487433 0.564750
vt 0.590805 0.994747
vt 0.588282 0.815017
vt 0.588282 0.843764
vt 0.572951 0.829390
vt 0.801798 0.608451
vt 0.801798 0.578772
vt 0.815190 0.594102
vt 0.509506 0.993551
vt 0.512207 0.247078
vt 0.522730 0.191521
vt 0.521774 0.247078
vt 0.584629 0.994747
vt 0.268257 0.618536
vt 0.328597 0.558196
vt 0.328597 0.618536
vt 0.380124 0.465583
vt 0.391627 0.410026
vt 0.391627 0.465583
vt 0.588929 0.994747
vt 0.543419 0.630302
vt 0.552985 0.574745
vt 0.552985 0.630302
vt 0.449269 0.480710
vt 0.458860 0.425153
vt 0.458860 0.480710
vt 0.580468 0.992061
vt 0.584768 0.992061
vt 0.284056 0.760160
vt 0.284056 0.789978
vt 0.269320 0.776987
vt 0.531004 0.993551
vt 0.731204 0.907634
vt 0.731204 0.879868
vt 0.744596 0.894242
vt 0.559877 0.064711
vt 0.620217 0.004371
vt 0.620217 0.064711
vt 0.761458 0.623897
vt 0.774851 0.640183
vt 0.761458 0.655514
vt 0.813509 0.193843
vt 0.805832 0.223547
vt 0.805832 0.193843
vt 0.413989 0.739116
vt 0.854602 0.870657
vt 0.854602 0.841934
vt 0.868976 0.856308
vt 0.607524 0.800063
vt 0.607524 0.770359
vt 0.621898 0.785689
vt 0.807513 0.032486
vt 0.815190 0.062190
vt 0.815190 0.032486
vt 0.418288 0.739116
vt 0.605090 0.091201
vt 0.586186 0.109252
vt 0.586186 0.069387
vt 0.623908 0.728691
vt 0.307415 0.942176
vt 0.327757 0.920564
vt 0.327757 0.942931
vt 0.548203 0.993551
vt 0.021850 0.974173
vt 0.002217 0.974867
vt 0.002217 0.954539
vt 0.773170 0.200334
vt 0.773170 0.231951
vt 0.758796 0.216621
vt 0.267302 0.857061
vt 0.280694 0.871410
vt 0.267302 0.885784
vt 0.800117 0.347927
vt 0.800117 0.318223
vt 0.813509 0.332596
vt 0.004183 0.619214
vt 0.064523 0.558874
vt 0.064523 0.619214
vt 0.793340 0.535071
vt 0.793340 0.564750
vt 0.777053 0.551358
vt 0.121072 0.882422
vt 0.121072 0.853675
vt 0.134464 0.868049
vt 0.845445 0.147737
vt 0.819592 0.176484
vt 0.819592 0.147737
vt 0.656267 0.858891
vt 0.656267 0.830144
vt 0.670641 0.844517
vt 0.826753 0.551130
vt 0.842083 0.565504
vt 0.826753 0.579878
vt 0.553506 0.795021
vt 0.553506 0.765317
vt 0.569793 0.779690
vt 0.889924 0.904273
vt 0.889924 0.876507
vt 0.904273 0.890880
vt 0.889146 0.184015
vt 0.889146 0.211781
vt 0.874772 0.198389
vt 0.969824 0.411639
vt 0.969824 0.431967
vt 0.950191 0.431273
vt 0.352969 0.949312
vt 0.332714 0.951335
vt 0.332714 0.930321
vt 0.611813 0.209585
vt 0.593690 0.231951
vt 0.593690 0.192085
vt 0.068967 0.789978
vt 0.068967 0.759318
vt 0.082359 0.773691
vt 0.229018 0.788297
vt 0.229018 0.757503
vt 0.243717 0.775236
vt 0.974149 0.186424
vt 0.974867 0.206739
vt 0.955221 0.206739
vt 0.754978 0.448775
vt 0.754978 0.417143
vt 0.769808 0.433886
vt 0.815917 0.142868
vt 0.823594 0.113189
vt 0.823594 0.142868
vt 0.966463 0.559550
vt 0.966463 0.579878
vt 0.946153 0.579860
vt 0.554124 0.710804
vt 0.579878 0.708535
vt 0.579878 0.741235
vt 0.678118 0.813509
vt 0.678118 0.783805
vt 0.692491 0.799136
vt 0.825275 0.403393
vt 0.817598 0.373714
vt 0.817598 0.403393
vt 0.976547 0.857210
vt 0.956932 0.838934
vt 0.976547 0.837564
vt 0.580099 0.942190
vt 0.598366 0.963101
vt 0.578010 0.963101
vt 0.756362 0.653833
vt 0.741502 0.638046
vt 0.756362 0.622201
vt 0.966462 0.529454
vt 0.946152 0.509143
vt 0.966462 0.509126
vt 0.456252 0.772040
vt 0.470625 0.786413
vt 0.456252 0.801744
vt 0.981590 0.759920
vt 0.961991 0.778212
vt 0.961991 0.758584
vt 0.040393 0.858742
vt 0.053786 0.872134
vt 0.040393 0.887465
vt 0.337201 0.850487
vt 0.363054 0.821764
vt 0.363054 0.850487
vt 0.246868 0.016922
vt 0.173592 0.060654
vt 0.188364 0.002150
vt 0.320106 0.845295
vt 0.334480 0.860626
vt 0.320106 0.874018
vt 0.951335 0.825275
vt 0.931025 0.804965
vt 0.951335 0.803595
vt 0.271642 0.944624
vt 0.292460 0.926251
vt 0.292460 0.947974
vt 0.552502 0.993551
vt 0.730020 0.337519
vt 0.759724 0.394989
vt 0.730020 0.394989
vt 0.556802 0.993551
vt 0.577526 0.984673
vt 0.852946 0.221693
vt 0.867295 0.236066
vt 0.852946 0.250440
vt 0.561558 0.186569
vt 0.621898 0.126229
vt 0.621898 0.186569
vt 0.942773 0.668960
vt 0.942773 0.648633
vt 0.963101 0.648633
vt 0.546261 0.189832
vt 0.538626 0.244309
vt 0.539550 0.190673
vt 0.581826 0.984673
vt 0.615174 0.119337
vt 0.590321 0.117877
vt 0.615174 0.086707
vt 0.520892 0.964782
vt 0.541219 0.944454
vt 0.541219 0.964782
vt 0.135683 0.251164
vt 0.146230 0.195607
vt 0.146230 0.252121
vt 0.569701 0.993551
vt 0.845445 0.088909
vt 0.845445 0.117656
vt 0.830114 0.103283
vt 0.803478 0.309268
vt 0.803478 0.279589
vt 0.816871 0.294919
vt 0.987570 0.081477
vt 0.989483 0.082433
vt 0.990440 0.081477
vt 0.225514 0.272290
vt 0.236993 0.215777
vt 0.236993 0.272290
vt 0.574000 0.993551
vt 0.561558 0.379021
vt 0.621898 0.318681
vt 0.621898 0.379021
vt 0.181789 0.253801
vt 0.193293 0.197288
vt 0.192336 0.253801
vt 0.578300 0.993551
vt 0.490795 0.758479
vt 0.490795 0.788297
vt 0.476059 0.775306
vt 0.579657 0.248759
vt 0.588282 0.194002
vt 0.588249 0.247654
vt 0.289594 0.749639
vt 0.299183 0.692955
vt 0.299167 0.748520
vt 0.582600 0.993551
vt 0.586899 0.993551
vt 0.987570 0.035600
vt 0.990440 0.037514
vt 0.990440 0.035600
vt 0.443732 0.380496
vt 0.437036 0.437009
vt 0.437036 0.380496
vt 0.591199 0.993551
vt 0.682460 0.909315
vt 0.682460 0.881549
vt 0.695853 0.895923
vt 0.059960 0.021972
vt 0.059003 0.026755
vt 0.059960 0.026755
vt 0.242036 0.260784
vt 0.242036 0.265567
vt 0.922762 0.274779
vt 0.913171 0.289152
vt 0.913171 0.274779
vt 0.061366 0.019865
vt 0.061366 0.024648
vt 0.313848 0.201697
vt 0.324395 0.145183
vt 0.324395 0.201697
vt 0.595499 0.993551
vt 0.561558 0.445413
vt 0.621898 0.385073
vt 0.621898 0.445413
vt 0.509338 0.748276
vt 0.522730 0.764563
vt 0.509338 0.779893
vt 0.127741 0.274230
vt 0.127741 0.279014
vt 0.063414 0.010871
vt 0.063414 0.015654
vt 0.588282 0.702576
vt 0.562429 0.642212
vt 0.588282 0.642212
vt 0.273971 0.146489
vt 0.273971 0.151272
vt 0.453147 0.766447
vt 0.465583 0.709933
vt 0.464626 0.766447
vt 0.588687 0.981987
vt 0.924887 0.874529
vt 0.337842 0.148545
vt 0.330189 0.205058
vt 0.330189 0.148545
vt 0.582511 0.981987
vt 0.813509 0.464453
vt 0.805832 0.494157
vt 0.805832 0.464453
vt 0.926127 0.874529
vt 0.286955 0.373139
vt 0.297502 0.316625
vt 0.297502 0.373139
vt 0.434634 0.761404
vt 0.447094 0.704891
vt 0.447094 0.761404
vt 0.591111 0.981987
vt 0.573248 0.988703
vt 0.854602 0.285737
vt 0.854602 0.257014
vt 0.868976 0.271388
vt 0.066591 0.692660
vt 0.092444 0.753000
vt 0.066591 0.753000
vt 0.710980 0.896676
vt 0.701390 0.911050
vt 0.710980 0.924443
vt 0.129011 0.310949
vt 0.248759 0.285096
vt 0.248759 0.310949
vt 0.295332 0.184888
vt 0.299183 0.180105
vt 0.295332 0.180105
vt 0.215402 0.262440
vt 0.220185 0.267248
vt 0.215402 0.267248
vt 0.914225 0.922827
vt 0.644502 0.800063
vt 0.644502 0.770359
vt 0.658875 0.785689
vt 0.061967 0.028967
vt 0.061967 0.025116
vt 0.059110 0.017790
vt 0.059110 0.012026
vt 0.059110 0.016833
vt 0.175817 0.071980
vt 0.194973 0.190771
vt 0.175817 0.188858
vt 0.807513 0.755232
vt 0.815190 0.784936
vt 0.815190 0.755232
vt 0.060421 0.015739
vt 0.060421 0.009975
vt 0.563070 0.089520
vt 0.544165 0.107571
vt 0.544165 0.067706
vt 0.235313 0.003526
vt 0.230622 0.007466
vt 0.230598 0.002583
vt 0.169761 0.280694
vt 0.164978 0.275911
vt 0.164978 0.280694
vt 0.495837 0.236993
vt 0.495837 0.232210
vt 0.472133 0.943857
vt 0.492476 0.922245
vt 0.492476 0.944612
vt 0.497518 0.247078
vt 0.497518 0.242295
vt 0.064792 0.024196
vt 0.064792 0.019413
vt 0.923488 0.873028
vt 0.922762 0.365542
vt 0.913171 0.379916
vt 0.922762 0.393308
vt 0.915466 0.922827
vt 0.055467 0.972492
vt 0.035833 0.973186
vt 0.035833 0.952858
vt 0.098527 0.690980
vt 0.124380 0.751320
vt 0.098527 0.751320
vt 0.002951 0.331119
vt 0.122699 0.305266
vt 0.122699 0.331118
vt 0.774851 0.238992
vt 0.774851 0.270610
vt 0.760477 0.255279
vt 0.924729 0.873028
vt 0.620217 0.702576
vt 0.594364 0.642212
vt 0.620217 0.642212
vt 0.642795 0.993551
vt 0.397162 0.463902
vt 0.400031 0.459119
vt 0.397162 0.459119
vt 0.825769 0.911050
vt 0.835360 0.896676
vt 0.835360 0.924443
vt 0.892507 0.558769
vt 0.882009 0.585877
vt 0.882009 0.558045
vt 0.003907 0.482391
vt 0.122699 0.456538
vt 0.122699 0.482391
vt 0.067454 0.100344
vt 0.065541 0.100344
vt 0.068411 0.100344
vt 0.068228 0.107929
vt 0.066315 0.107929
vt 0.647095 0.993551
vt 0.651394 0.993551
vt 0.726107 0.866356
vt 0.716564 0.893530
vt 0.715610 0.865633
vt 0.361427 0.857061
vt 0.374819 0.871410
vt 0.361427 0.885784
vt 0.655694 0.993551
vt 0.456946 0.492476
vt 0.458860 0.487693
vt 0.456946 0.487693
vt 0.659994 0.993551
vt 0.068228 0.112229
vt 0.066315 0.112229
vt 0.065243 0.099923
vt 0.063330 0.099923
vt 0.664293 0.993551
vt 0.668593 0.993551
vt 0.672893 0.993551
vt 0.216878 0.815190
vt 0.216878 0.785486
vt 0.230270 0.799860
vt 0.677192 0.993551
vt 0.681492 0.993551
vt 0.922762 0.410924
vt 0.913171 0.425297
vt 0.913171 0.410924
vt 0.008553 0.682406
vt 0.068893 0.622066
vt 0.068893 0.682406
vt 0.095806 0.768703
vt 0.095806 0.798382
vt 0.079519 0.784990
vt 0.652152 0.702576
vt 0.626299 0.642212
vt 0.652152 0.642212
vt 0.442105 0.880742
vt 0.442105 0.851994
vt 0.455498 0.866368
vt 0.843764 0.228416
vt 0.817911 0.257163
vt 0.817911 0.228416
vt 0.924442 0.557154
vt 0.914852 0.571527
vt 0.924442 0.584920
vt 0.130462 0.692660
vt 0.156315 0.753000
vt 0.130462 0.753000
vt 0.842837 0.067232
vt 0.842837 0.038485
vt 0.857210 0.052859
vt 0.561648 0.069664
vt 0.566431 0.077317
vt 0.561648 0.077317
vt 0.828434 0.114121
vt 0.843764 0.128495
vt 0.828434 0.142868
vt 0.403393 0.524411
vt 0.398610 0.516758
vt 0.398610 0.524411
vt 0.069679 0.681236
vt 0.130019 0.620896
vt 0.130019 0.681236
vt 0.003362 0.010085
vt 0.003362 0.002432
vt 0.922087 0.879854
vt 0.008404 0.010085
vt 0.008404 0.002432
vt 0.011766 0.013446
vt 0.011766 0.005794
vt 0.059088 0.134491
vt 0.063871 0.141188
vt 0.059088 0.141188
vt 0.926387 0.879854
vt 0.777053 0.542900
vt 0.777053 0.513196
vt 0.793340 0.527570
vt 0.176484 0.010085
vt 0.171701 0.003389
vt 0.171701 0.010085
vt 0.059727 0.013891
vt 0.059727 0.007194
vt 0.178943 0.905954
vt 0.178943 0.878187
vt 0.193293 0.892561
vt 0.059727 0.025656
vt 0.059727 0.018960
vt 0.058060 0.011172
vt 0.058060 0.004475
vt 0.694391 0.993551
vt 0.306658 0.885784
vt 0.314310 0.857037
vt 0.314310 0.885784
vt 0.698690 0.993551
vt 0.579050 0.996762
vt 0.311989 0.020599
vt 0.337842 0.140347
vt 0.311989 0.140347
vt 0.707290 0.993551
vt 0.876918 0.507603
vt 0.887465 0.478856
vt 0.887465 0.507603
vt 0.711589 0.993551
vt 0.577174 0.996762
vt 0.880413 0.687449
vt 0.880413 0.678595
vt 0.889145 0.686084
vt 0.890826 0.219312
vt 0.890826 0.247078
vt 0.876453 0.233686
vt 0.917467 0.920477
vt 0.724488 0.993551
vt 0.608013 0.892507
vt 0.618536 0.863760
vt 0.618536 0.892507
vt 0.728788 0.993551
vt 0.581612 0.994076
vt 0.321034 0.379704
vt 0.321034 0.400031
vt 0.301400 0.399338
vt 0.922762 0.664725
vt 0.913171 0.679099
vt 0.922762 0.692491
vt 0.129808 0.268968
vt 0.102998 0.149220
vt 0.129808 0.149220
vt 0.653833 0.724427
vt 0.646180 0.716749
vt 0.653833 0.716749
vt 0.737387 0.993551
vt 0.878598 0.783255
vt 0.889146 0.754508
vt 0.889146 0.783255
vt 0.590212 0.994076
vt 0.745987 0.993551
vt 0.584036 0.994076
vt 0.974867 0.933832
vt 0.964319 0.941510
vt 0.964319 0.933832
vt 0.588336 0.994076
vt 0.758886 0.993551
vt 0.160171 0.887465
vt 0.169761 0.858717
vt 0.169761 0.887465
vt 0.763185 0.993551
vt 0.574371 0.986688
vt 0.134464 0.950993
vt 0.114209 0.953016
vt 0.114209 0.932001
vt 0.162397 0.690980
vt 0.188250 0.751320
vt 0.162397 0.751320
vt 0.386585 0.816871
vt 0.378908 0.787167
vt 0.386585 0.787167
vt 0.647110 0.542384
vt 0.628987 0.564750
vt 0.628987 0.524885
vt 0.771785 0.993551
vt 0.979909 0.087431
vt 0.969386 0.099892
vt 0.969386 0.087431
vt 0.882217 0.136145
vt 0.890826 0.107398
vt 0.890826 0.136145
vt 0.776084 0.993551
vt 0.587270 0.986688
vt 0.576794 0.986688
vt 0.774905 0.151272
vt 0.774905 0.120612
vt 0.788297 0.134986
vt 0.788983 0.993551
vt 0.882449 0.174804
vt 0.889146 0.146056
vt 0.889146 0.174804
vt 0.793283 0.993551
vt 0.576933 0.984002
vt 0.974867 0.283099
vt 0.964319 0.270639
vt 0.974867 0.270639
vt 0.581232 0.984002
vt 0.915030 0.920475
vt 0.024025 0.914412
vt 0.033616 0.900038
vt 0.033616 0.927804
vt 0.716023 0.063871
vt 0.690170 0.003506
vt 0.716023 0.003506
vt 0.810481 0.993551
vt 0.024750 0.890826
vt 0.035297 0.862079
vt 0.035297 0.890826
vt 0.814781 0.993551
vt 0.583656 0.984002
vt 0.154634 0.959999
vt 0.145043 0.952321
vt 0.154634 0.952321
vt 0.587955 0.984002
vt 0.922904 0.873100
vt 0.815917 0.410691
vt 0.823594 0.440371
vt 0.815917 0.440371
vt 0.371887 0.786616
vt 0.371887 0.755822
vt 0.386585 0.773556
vt 0.831980 0.993551
vt 0.877666 0.445413
vt 0.889146 0.416666
vt 0.889146 0.445413
vt 0.836279 0.993551
vt 0.582991 0.990718
vt 0.937889 0.337842
vt 0.932159 0.332732
vt 0.937889 0.326306
vt 0.587291 0.990718
vt 0.912677 0.029381
vt 0.901197 0.057147
vt 0.901197 0.029381
vt 0.110933 0.013473
vt 0.105193 0.020170
vt 0.105193 0.013473
vt 0.849178 0.993551
vt 0.875961 0.667279
vt 0.887465 0.638532
vt 0.887465 0.667279
vt 0.581115 0.990718
vt 0.857778 0.993551
vt 0.576954 0.988031
vt 0.972468 0.320889
vt 0.973186 0.341203
vt 0.953540 0.341203
vt 0.312829 0.219775
vt 0.338682 0.339523
vt 0.312829 0.339523
vt 0.866377 0.993551
vt 0.492476 0.914358
vt 0.480996 0.886591
vt 0.492476 0.886591
vt 0.068140 0.105965
vt 0.066202 0.105965
vt 0.870677 0.993551
vt 0.879555 0.406755
vt 0.889146 0.378007
vt 0.889146 0.406755
vt 0.874976 0.993551
vt 0.579377 0.988031
vt 0.889664 0.451674
vt 0.895404 0.462221
vt 0.889664 0.462221
vt 0.583677 0.988031
vt 0.574835 0.818552
vt 0.567158 0.788848
vt 0.574835 0.788848
vt 0.411813 0.734649
vt 0.068140 0.110265
vt 0.066202 0.110265
vt 0.912677 0.726915
vt 0.901197 0.754681
vt 0.901197 0.726915
vt 0.925719 0.871369
vt 0.896475 0.993551
vt 0.879812 0.542900
vt 0.887465 0.514152
vt 0.887465 0.542900
vt 0.900774 0.993551
vt 0.578312 0.980644
vt 0.909373 0.993551
vt 0.459899 0.255188
vt 0.485752 0.373979
vt 0.459899 0.373979
vt 0.913673 0.993551
vt 0.917973 0.993551
vt 0.574397 0.968430
vt 0.583963 0.979909
vt 0.574397 0.979909
vt 0.580735 0.980644
vt 0.578197 0.914358
vt 0.566717 0.886591
vt 0.578197 0.886591
vt 0.068140 0.114564
vt 0.066202 0.114564
vt 0.756658 0.485753
vt 0.756658 0.454121
vt 0.771489 0.470864
vt 0.926572 0.993551
vt 0.065155 0.102258
vt 0.063217 0.102258
vt 0.975591 0.886770
vt 0.966025 0.899230
vt 0.966025 0.886770
vt 0.589334 0.980644
vt 0.935171 0.993551
vt 0.817598 0.499774
vt 0.825275 0.529453
vt 0.817598 0.529453
vt 0.414524 0.732099
vt 0.943771 0.993551
vt 0.948070 0.993551
vt 0.920616 0.158490
vt 0.914876 0.168080
vt 0.914876 0.158490
vt 0.583297 0.977957
vt 0.815917 0.667279
vt 0.823594 0.637600
vt 0.823594 0.667279
vt 0.203377 0.898357
vt 0.193787 0.912731
vt 0.193787 0.898357
vt 0.324395 0.682407
vt 0.318656 0.682407
vt 0.318656 0.674754
vt 0.587597 0.977957
vt 0.960969 0.993551
vt 0.300864 0.947816
vt 0.300864 0.968143
vt 0.280554 0.968126
vt 0.965269 0.993551
vt 0.716023 0.200016
vt 0.690170 0.139651
vt 0.716023 0.139651
vt 0.042020 0.820233
vt 0.034343 0.790529
vt 0.042020 0.790529
vt 0.412102 0.738012
vt 0.280153 0.149415
vt 0.305906 0.147146
vt 0.305906 0.179846
vt 0.797455 0.687449
vt 0.797455 0.657745
vt 0.811829 0.673075
vt 0.194332 0.692660
vt 0.220185 0.753000
vt 0.194332 0.753000
vt 0.411797 0.900038
vt 0.402206 0.914412
vt 0.411797 0.927804
vt 0.817598 0.713236
vt 0.825275 0.742916
vt 0.817598 0.742916
vt 0.416401 0.738012
vt 0.904273 0.974867
vt 0.884658 0.956591
vt 0.904273 0.955221
vt 0.003621 0.808467
vt 0.008404 0.800814
vt 0.008404 0.808467
vt 0.914994 0.921702
vt 0.314310 0.010085
vt 0.309527 0.002432
vt 0.309527 0.010085
vt 0.077317 0.002432
vt 0.077317 0.010085
vt 0.134724 0.272290
vt 0.139507 0.265594
vt 0.139507 0.272290
vt 0.924256 0.871902
vt 0.082359 0.010085
vt 0.082359 0.002432
vt 0.943153 0.002621
vt 0.961420 0.023531
vt 0.941064 0.023531
vt 0.087402 0.010085
vt 0.087402 0.002432
vt 0.056736 0.013405
vt 0.056736 0.020101
vt 0.139507 0.184888
vt 0.134724 0.178192
vt 0.134724 0.184888
vt 0.620217 0.898357
vt 0.610626 0.912731
vt 0.620217 0.926123
vt 0.129011 0.341203
vt 0.248759 0.315350
vt 0.248759 0.341203
vt 0.054224 0.020562
vt 0.054224 0.013865
vt 0.053374 0.023462
vt 0.053374 0.016766
vt 0.704257 0.761404
vt 0.689397 0.745617
vt 0.704257 0.729773
vt 0.916234 0.921702
vt 0.097872 0.268968
vt 0.071063 0.149220
vt 0.097872 0.149220
vt 0.226268 0.690980
vt 0.252121 0.751320
vt 0.226268 0.751320
vt 0.566431 0.968143
vt 0.546121 0.947833
vt 0.566431 0.947816
vt 0.719384 0.586601
vt 0.693531 0.526236
vt 0.719384 0.526236
vt 0.523224 0.914412
vt 0.532815 0.900038
vt 0.532815 0.927804
vt 0.925497 0.871902
vt 0.995696 0.002150
vt 0.987570 0.087690
vt 0.989483 0.086733
vt 0.987570 0.086733
vt 0.787370 0.775401
vt 0.801744 0.789775
vt 0.787370 0.805105
vt 0.002951 0.361373
vt 0.122699 0.335520
vt 0.122699 0.361373
vt 0.990440 0.041813
vt 0.987570 0.043727
vt 0.990440 0.043727
vt 0.882009 0.831059
vt 0.891553 0.858234
vt 0.882009 0.858891
vt 0.684087 0.964978
vt 0.664488 0.983271
vt 0.664488 0.963643
vt 0.995696 0.006449
vt 0.301451 1.207847
vt 0.065541 0.104644
vt 0.068411 0.104644
vt 0.251480 0.019759
vt 0.277333 0.139507
vt 0.251480 0.139507
vt 0.397162 0.475668
vt 0.400031 0.470885
vt 0.397162 0.470885
vt 0.464195 0.873129
vt 0.473756 0.900582
vt 0.464195 0.900911
vt 0.287471 0.858742
vt 0.300864 0.872134
vt 0.287471 0.887465
vt 0.995696 0.015049
vt 0.068411 0.108943
vt 0.065541 0.108943
vt 0.130462 0.852168
vt 0.156315 0.823445
vt 0.156315 0.852168
vt 0.995696 0.019348
vt 0.995696 0.023648
vt 0.065541 0.113243
vt 0.068411 0.113243
vt 0.198103 0.240355
vt 0.200016 0.235572
vt 0.198103 0.235572
vt 0.995696 0.027948
vt 0.861326 0.396521
vt 0.875699 0.411851
vt 0.861326 0.425244
vt 0.953016 0.722746
vt 0.932706 0.702436
vt 0.953016 0.701066
vt 0.065426 0.100937
vt 0.063513 0.100937
vt 0.995696 0.032247
vt 0.995696 0.036547
vt 0.995696 0.040846
vt 0.995696 0.045146
vt 0.807818 0.942943
vt 0.828637 0.924570
vt 0.828637 0.946293
vt 0.851265 0.297329
vt 0.865614 0.311702
vt 0.851265 0.326076
vt 0.995696 0.049446
vt 0.285322 0.180011
vt 0.289074 0.184138
vt 0.285322 0.184888
vt 0.561558 0.569793
vt 0.621898 0.509453
vt 0.621898 0.569793
vt 0.946135 0.075636
vt 0.946135 0.055309
vt 0.966463 0.055309
vt 0.072275 0.014662
vt 0.072275 0.018489
vt 0.451672 0.400291
vt 0.455498 0.405074
vt 0.451672 0.405074
vt 0.620217 0.240355
vt 0.595363 0.238895
vt 0.620217 0.207725
vt 0.715865 0.964782
vt 0.736192 0.944454
vt 0.736192 0.964782
vt 0.449991 0.415159
vt 0.453817 0.410376
vt 0.449991 0.410376
vt 0.077317 0.018489
vt 0.077317 0.014662
vt 0.082359 0.018489
vt 0.082359 0.014662
vt 0.087402 0.014662
vt 0.087402 0.018489
vt 0.364270 0.398351
vt 0.368096 0.393568
vt 0.364270 0.393568
vt 0.843764 0.688956
vt 0.843764 0.717704
vt 0.828434 0.703330
vt 0.062776 0.063298
vt 0.061819 0.068081
vt 0.062776 0.068081
vt 0.070105 0.044901
vt 0.070105 0.049684
vt 0.801798 0.645429
vt 0.801798 0.615750
vt 0.815190 0.631080
vt 0.092444 0.018489
vt 0.092444 0.014662
vt 0.304226 0.003621
vt 0.304226 0.008404
vt 0.400031 0.486477
vt 0.400031 0.483607
vt 0.400031 0.487433
vt 0.411126 0.631983
vt 0.471466 0.571643
vt 0.471466 0.631983
vt 0.398351 0.413478
vt 0.397390 0.408792
vt 0.672322 0.760160
vt 0.672322 0.789978
vt 0.657586 0.776987
vt 0.070962 0.047009
vt 0.070962 0.051792
vt 0.064843 0.051139
vt 0.064843 0.055922
vt 0.324395 0.213462
vt 0.324395 0.208679
vt 0.066708 0.066228
vt 0.066708 0.071011
vt 0.505922 0.235313
vt 0.505922 0.230530
vt 0.995696 0.053745
vt 0.507603 0.245397
vt 0.507603 0.240614
vt 0.995696 0.058045
vt 0.894242 0.781574
vt 0.894242 0.753808
vt 0.907634 0.768182
vt 0.398351 0.509284
vt 0.398351 0.504501
vt 0.336161 0.366415
vt 0.335204 0.361632
vt 0.335204 0.366415
vt 0.342243 0.002951
vt 0.368096 0.122699
vt 0.342243 0.122699
vt 0.084040 0.796501
vt 0.076363 0.818552
vt 0.076363 0.788848
vt 0.303736 0.331118
vt 0.307587 0.326335
vt 0.303736 0.326335
vt 0.164978 0.264121
vt 0.169761 0.268929
vt 0.164978 0.268929
vt 0.475837 0.635344
vt 0.536177 0.575004
vt 0.536177 0.635344
vt 0.995696 0.062345
vt 0.764820 0.338160
vt 0.778212 0.354447
vt 0.764820 0.369777
vt 0.066911 0.064115
vt 0.066911 0.060264
vt 0.065185 0.044196
vt 0.065185 0.038432
vt 0.065185 0.043239
vt 0.436341 0.255188
vt 0.455498 0.373979
vt 0.436341 0.372066
vt 0.198335 0.200016
vt 0.198335 0.194252
vt 0.247078 0.003526
vt 0.242388 0.007466
vt 0.242364 0.002583
vt 0.319353 0.211781
vt 0.314570 0.206998
vt 0.314570 0.211781
vt 0.500880 0.225228
vt 0.500880 0.220445
vt 0.856283 0.358011
vt 0.856283 0.329289
vt 0.870657 0.343662
vt 0.065746 0.049571
vt 0.065746 0.044787
vt 0.500880 0.235313
vt 0.500880 0.230530
vt 0.995696 0.066644
vt 0.995696 0.070944
vt 0.995696 0.075243
vt 0.995696 0.079543
vt 0.496591 0.806786
vt 0.496591 0.777082
vt 0.510965 0.792412
vt 0.521049 0.089520
vt 0.502145 0.107571
vt 0.502145 0.067706
vt 0.343924 0.129011
vt 0.369777 0.248759
vt 0.343924 0.248759
vt 0.995696 0.083843
vt 0.995696 0.088142
vt 0.554493 0.942176
vt 0.574835 0.920564
vt 0.574835 0.942931
vt 0.995696 0.092442
vt 0.995696 0.096742
vt 0.494648 0.073955
vt 0.497518 0.069172
vt 0.494648 0.069172
vt 0.773170 0.869718
vt 0.762672 0.896826
vt 0.762672 0.868994
vt 0.129127 0.485752
vt 0.247919 0.459899
vt 0.247919 0.485752
vt 0.064470 0.105236
vt 0.062556 0.105236
vt 0.065426 0.105236
vt 0.065243 0.104223
vt 0.063330 0.104223
vt 0.124380 0.974173
vt 0.104746 0.974867
vt 0.104746 0.954539
vt 0.995696 0.101041
vt 0.995696 0.105341
vt 0.895869 0.029315
vt 0.886325 0.056490
vt 0.885371 0.028592
vt 0.995696 0.109640
vt 0.003129 0.020170
vt 0.005042 0.015387
vt 0.003129 0.015387
vt 0.995696 0.113940
vt 0.065243 0.108522
vt 0.063330 0.108522
vt 0.065243 0.112822
vt 0.063330 0.112822
vt 0.995696 0.118240
vt 0.995696 0.122539
vt 0.995696 0.126839
vt 0.773170 0.275970
vt 0.773170 0.307587
vt 0.758796 0.292257
vt 0.995696 0.131139
vt 0.995696 0.135438
vt 0.872391 0.238525
vt 0.885784 0.252874
vt 0.872391 0.267248
vt 0.400758 0.797276
vt 0.408435 0.820260
vt 0.400758 0.826956
vt 0.193346 0.816871
vt 0.193346 0.787167
vt 0.206739 0.801541
vt 0.380121 0.474738
vt 0.384904 0.482391
vt 0.380121 0.482391
vt 0.779893 0.820233
vt 0.772216 0.790529
vt 0.779893 0.790529
vt 0.401712 0.440371
vt 0.396929 0.432718
vt 0.396929 0.440371
vt 0.902592 0.949312
vt 0.882337 0.951335
vt 0.882337 0.930321
vt 0.015127 0.016808
vt 0.015127 0.009155
vt 0.925552 0.875169
vt 0.925482 0.873073
vt 0.018489 0.020170
vt 0.018489 0.012517
vt 0.068954 0.035230
vt 0.068954 0.027577
vt 0.917459 0.922831
vt 0.151532 0.223574
vt 0.156315 0.230270
vt 0.151532 0.230270
vt 0.913649 0.923341
vt 0.659602 0.821913
vt 0.667279 0.792209
vt 0.659602 0.792209
vt 0.258844 0.010085
vt 0.254061 0.003389
vt 0.254061 0.010085
vt 0.418574 0.882422
vt 0.418574 0.853675
vt 0.431967 0.868049
vt 0.063677 0.057018
vt 0.063677 0.050322
vt 0.102529 0.144549
vt 0.102529 0.137853
vt 0.063677 0.068784
vt 0.063677 0.062087
vt 0.845445 0.184715
vt 0.819592 0.213462
vt 0.819592 0.184715
vt 0.128421 0.371458
vt 0.180468 0.345605
vt 0.180468 0.371458
vt 0.711734 0.862253
vt 0.711734 0.833505
vt 0.726107 0.847879
vt 0.922911 0.873500
vt 0.519369 0.798957
vt 0.511691 0.828637
vt 0.519369 0.828637
vt 0.830114 0.374646
vt 0.845445 0.389019
vt 0.830114 0.403393
vt 0.065937 0.268968
vt 0.039128 0.149220
vt 0.065937 0.149220
vt 0.236993 0.927804
vt 0.216332 0.907519
vt 0.236993 0.903391
vt 0.778734 0.221866
vt 0.778734 0.192162
vt 0.795021 0.206536
vt 0.002951 0.300864
vt 0.122699 0.275011
vt 0.122699 0.300864
vt 0.914889 0.923257
vt 0.034002 0.268968
vt 0.007192 0.149220
vt 0.034002 0.149220
vt 0.810874 0.820233
vt 0.818552 0.790529
vt 0.810874 0.790529
vt 0.409106 0.752735
vt 0.369777 0.255071
vt 0.343924 0.374819
vt 0.343924 0.255071
vt 0.209198 0.907634
vt 0.209198 0.879868
vt 0.223547 0.894242
vt 0.924582 0.875798
vt 0.002951 0.365774
vt 0.122699 0.391627
vt 0.002951 0.391627
vt 0.921522 0.875756
vt 0.917712 0.876267
vt 0.115976 0.864741
vt 0.115976 0.892507
vt 0.101602 0.879115
vt 0.254347 0.485752
vt 0.373139 0.459899
vt 0.373139 0.485752
vt 0.625259 0.797276
vt 0.617582 0.826956
vt 0.625259 0.826956
vt 0.414460 0.762291
vt 0.358011 0.381385
vt 0.358011 0.401712
vt 0.338378 0.401019
vt 0.916038 0.239482
vt 0.904559 0.267248
vt 0.904559 0.239482
vt 0.926311 0.876183
vt 0.398351 0.002951
vt 0.372498 0.122699
vt 0.372498 0.002951
vt 0.130808 0.455498
vt 0.249599 0.436341
vt 0.247686 0.455498
vt 0.920659 0.875738
vt 0.400031 0.129011
vt 0.374178 0.248759
vt 0.374178 0.129011
vt 0.995696 0.195633
vt 0.375019 0.281964
vt 0.400872 0.401712
vt 0.375019 0.401712
vt 0.914358 0.882422
vt 0.902878 0.854656
vt 0.914358 0.854656
vt 0.065155 0.106558
vt 0.063217 0.106558
vt 0.267248 0.954354
vt 0.246992 0.956378
vt 0.246992 0.935363
vt 0.065155 0.110857
vt 0.063217 0.110857
vt 0.396670 0.891634
vt 0.385191 0.919400
vt 0.385191 0.891634
vt 0.921899 0.875654
vt 0.814236 0.579878
vt 0.821913 0.550174
vt 0.814236 0.550174
vt 0.411472 0.755125
vt 0.801798 0.031935
vt 0.801798 0.002231
vt 0.815190 0.016605
vt 0.995696 0.208532
vt 0.463261 0.002227
vt 0.489114 0.121018
vt 0.463261 0.121018
vt 0.995696 0.212831
vt 0.995696 0.217131
vt 0.300864 0.921081
vt 0.289385 0.893315
vt 0.300864 0.893315
vt 0.065155 0.115157
vt 0.063217 0.115157
vt 0.672322 0.157480
vt 0.654199 0.179846
vt 0.654199 0.139980
vt 0.995696 0.221431
vt 0.799136 0.193293
vt 0.799136 0.163589
vt 0.813509 0.178919
vt 0.068369 0.104075
vt 0.066431 0.104075
vt 0.995696 0.225730
vt 0.995696 0.230030
vt 0.995696 0.234330
vt 0.726108 0.798957
vt 0.718430 0.828637
vt 0.726108 0.828637
vt 0.411027 0.739915
vt 0.995696 0.242929
vt 0.977510 0.110788
vt 0.978228 0.131103
vt 0.958582 0.131103
vt 0.995696 0.247228
vt 0.612075 0.451006
vt 0.623578 0.462510
vt 0.612075 0.480710
vt 0.509284 0.341641
vt 0.490380 0.359692
vt 0.490380 0.319826
vt 0.714342 0.490279
vt 0.696220 0.512645
vt 0.696220 0.472780
vt 0.754978 0.524411
vt 0.754978 0.492779
vt 0.769808 0.509522
vt 0.249540 0.929485
vt 0.264870 0.905545
vt 0.270609 0.929485
vt 0.327757 0.949497
vt 0.327757 0.969824
vt 0.307447 0.969807
vt 0.037237 0.766447
vt 0.042020 0.758794
vt 0.042020 0.766447
vt 0.534496 0.339960
vt 0.515592 0.358011
vt 0.515592 0.318146
vt 0.923556 0.870812
vt 0.233632 0.210101
vt 0.228849 0.202448
vt 0.228849 0.210101
vt 0.092444 0.002432
vt 0.092444 0.010085
vt 0.153707 0.815190
vt 0.153707 0.785486
vt 0.168080 0.800817
vt 0.464942 0.127447
vt 0.490795 0.246238
vt 0.464942 0.246238
vt 0.215402 0.255482
vt 0.220185 0.248786
vt 0.220185 0.255482
vt 0.915534 0.920570
vt 0.742916 0.628105
vt 0.724793 0.650471
vt 0.724793 0.610606
vt 0.595461 0.713968
vt 0.097487 0.010085
vt 0.097487 0.002432
vt 0.925227 0.873111
vt 0.129011 0.375859
vt 0.248759 0.401712
vt 0.129011 0.401712
vt 0.028959 0.144589
vt 0.002150 0.024841
vt 0.028959 0.024841
vt 0.102529 0.010085
vt 0.102529 0.002432
vt 0.995696 0.268727
vt 0.002951 0.396029
vt 0.122699 0.421882
vt 0.002951 0.421882
vt 0.117656 0.137853
vt 0.117656 0.144549
vt 0.257163 0.152953
vt 0.252380 0.146257
vt 0.252380 0.152953
vt 0.402752 0.002951
vt 0.428605 0.122699
vt 0.402752 0.122699
vt 0.200016 0.164719
vt 0.200016 0.158023
vt 0.064501 0.049867
vt 0.064501 0.043171
vt 0.510965 0.346088
vt 0.510965 0.366415
vt 0.491331 0.365722
vt 0.995696 0.273026
vt 0.097872 0.142908
vt 0.071063 0.023160
vt 0.097872 0.023160
vt 0.569793 0.212219
vt 0.550889 0.230270
vt 0.550889 0.190404
vt 0.598809 0.717774
vt 0.302004 0.347750
vt 0.327757 0.345481
vt 0.327757 0.378181
vt 0.623800 0.942190
vt 0.642067 0.963101
vt 0.621711 0.963101
vt 0.682407 0.184888
vt 0.657553 0.183429
vt 0.682407 0.152259
vt 0.874280 0.751320
vt 0.874280 0.722572
vt 0.885784 0.739816
vt 0.995696 0.281625
vt 0.995696 0.285925
vt 0.995696 0.290225
vt 0.995696 0.294524
vt 0.504241 0.766447
vt 0.489382 0.750660
vt 0.504241 0.734815
vt 0.512104 0.070417
vt 0.537857 0.068148
vt 0.537857 0.100848
vt 0.915201 0.920844
vt 0.404433 0.129011
vt 0.430286 0.248759
vt 0.404433 0.248759
vt 0.924463 0.871002
vt 0.887052 0.259586
vt 0.896595 0.286760
vt 0.887052 0.287418
vt 0.482391 0.969824
vt 0.462081 0.949514
vt 0.482391 0.949497
vt 0.916441 0.920760
vt 0.995696 0.311723
vt 0.610132 0.741235
vt 0.585279 0.739775
vt 0.610132 0.708605
vt 0.281734 0.019759
vt 0.307587 0.139507
vt 0.281734 0.139507
vt 0.062556 0.109536
vt 0.065426 0.109536
vt 0.496329 0.119337
vt 0.499199 0.114554
vt 0.496329 0.114554
vt 0.499492 0.871448
vt 0.509052 0.898901
vt 0.499492 0.899230
vt 0.995696 0.316022
vt 0.065426 0.113836
vt 0.062556 0.113836
vt 0.790732 0.444283
vt 0.805105 0.458657
vt 0.790732 0.473987
vt 0.995696 0.320322
vt 0.995696 0.324622
vt 0.065770 0.102754
vt 0.068640 0.102754
vt 0.069116 0.071352
vt 0.071029 0.066569
vt 0.069116 0.066569
vt 0.995696 0.328921
vt 0.527231 0.324219
vt 0.552985 0.321950
vt 0.552985 0.354650
vt 0.586254 0.711730
vt 0.068640 0.107053
vt 0.066727 0.107053
vt 0.995696 0.337521
vt 0.995696 0.341820
vt 0.995696 0.346120
vt 0.568112 0.220993
vt 0.568112 0.248759
vt 0.553738 0.235367
vt 0.995696 0.350419
vt 0.640387 0.742916
vt 0.615533 0.741456
vt 0.640387 0.710286
vt 0.589602 0.719836
vt 0.995696 0.359019
vt 0.381597 0.858742
vt 0.394989 0.872134
vt 0.381597 0.887465
vt 0.293726 0.003526
vt 0.297478 0.007654
vt 0.293726 0.008404
vt 0.946135 0.169761
vt 0.946135 0.149434
vt 0.966463 0.149434
vt 0.824634 0.810148
vt 0.850487 0.781425
vt 0.850487 0.810148
vt 0.050424 0.140723
vt 0.050424 0.144549
vt 0.859645 0.497369
vt 0.874018 0.512699
vt 0.859645 0.526092
vt 0.951335 0.853849
vt 0.931025 0.833539
vt 0.951335 0.832168
vt 0.438225 0.462221
vt 0.442052 0.457438
vt 0.438225 0.457438
vt 0.438225 0.469204
vt 0.442052 0.473987
vt 0.438225 0.473987
vt 0.063136 0.033584
vt 0.063136 0.029757
vt 0.112614 0.144549
vt 0.112614 0.140723
vt 0.074500 0.037587
vt 0.074500 0.041414
vt 0.503593 0.944624
vt 0.524411 0.926251
vt 0.524411 0.947974
vt 0.438225 0.450456
vt 0.442052 0.445673
vt 0.438225 0.445673
vt 0.249188 0.788297
vt 0.249188 0.757503
vt 0.263886 0.775236
vt 0.852946 0.430112
vt 0.867295 0.444486
vt 0.852946 0.458860
vt 0.495837 0.084764
vt 0.495837 0.081895
vt 0.495837 0.085721
vt 0.405074 0.544581
vt 0.405074 0.540754
vt 0.563238 0.635344
vt 0.623578 0.575004
vt 0.623578 0.635344
vt 0.923642 0.871020
vt 0.078743 0.039601
vt 0.077782 0.034916
vt 0.944454 0.366415
vt 0.944454 0.346088
vt 0.964782 0.346088
vt 0.923962 0.871823
vt 0.066771 0.059528
vt 0.066771 0.054745
vt 0.061856 0.063373
vt 0.061856 0.058590
vt 0.751320 0.758479
vt 0.751320 0.788297
vt 0.736584 0.775306
vt 0.078840 0.966463
vt 0.099167 0.946135
vt 0.099167 0.966463
vt 0.068538 0.050930
vt 0.068538 0.046147
vt 0.068579 0.056650
vt 0.068579 0.051867
vt 0.275652 0.388266
vt 0.274695 0.383483
vt 0.274695 0.388266
vt 0.848806 0.393135
vt 0.848806 0.421882
vt 0.833476 0.407508
vt 0.005471 0.789978
vt 0.005471 0.759183
vt 0.020170 0.776917
vt 0.872391 0.604940
vt 0.885784 0.619290
vt 0.872391 0.633663
vt 0.336330 0.682407
vt 0.396670 0.622067
vt 0.396670 0.682407
vt 0.364735 0.947816
vt 0.364735 0.968143
vt 0.344424 0.968126
vt 0.968143 0.263886
vt 0.947833 0.243576
vt 0.968143 0.243559
vt 0.789978 0.387022
vt 0.789978 0.416839
vt 0.775242 0.403848
vt 0.895923 0.134464
vt 0.895923 0.106698
vt 0.909315 0.121072
vt 0.479411 0.265508
vt 0.854602 0.394989
vt 0.854602 0.366266
vt 0.868976 0.380640
vt 0.025641 0.791659
vt 0.025641 0.760864
vt 0.040339 0.778598
vt 0.995696 0.376217
vt 0.796701 0.019064
vt 0.796701 0.048743
vt 0.780414 0.035351
vt 0.003531 0.685768
vt 0.063871 0.625428
vt 0.063871 0.685768
vt 0.479411 0.274107
vt 0.626994 0.751638
vt 0.640387 0.767925
vt 0.626994 0.783255
vt 0.788297 0.718140
vt 0.788297 0.747958
vt 0.773561 0.734967
vt 0.995696 0.384816
vt 0.070594 0.979909
vt 0.050979 0.961633
vt 0.070594 0.960263
vt 0.856283 0.658875
vt 0.856283 0.630153
vt 0.870657 0.644526
vt 0.981590 0.865811
vt 0.961991 0.884103
vt 0.961991 0.864475
vt 0.857038 0.943857
vt 0.877380 0.922245
vt 0.877380 0.944612
vt 0.527773 0.768703
vt 0.527773 0.798382
vt 0.511486 0.784990
vt 0.266321 0.810148
vt 0.266321 0.780444
vt 0.280694 0.795774
vt 0.978228 0.719384
vt 0.958613 0.701108
vt 0.978228 0.699738
vt 0.323493 0.905954
vt 0.323493 0.878187
vt 0.337842 0.892561
vt 0.983271 0.674199
vt 0.963671 0.692491
vt 0.963671 0.672863
vt 0.922589 0.258089
vt 0.942931 0.236477
vt 0.942931 0.258844
vt 0.796701 0.094700
vt 0.796701 0.124380
vt 0.780414 0.110987
vt 0.995696 0.389116
vt 0.200016 0.975854
vt 0.180382 0.976547
vt 0.180382 0.956220
vt 0.851265 0.598193
vt 0.865614 0.612566
vt 0.851265 0.626940
vt 0.979909 0.603409
vt 0.960294 0.585133
vt 0.979909 0.583763
vt 0.995696 0.393416
vt 0.774851 0.474305
vt 0.774851 0.505922
vt 0.760477 0.490592
vt 0.142922 0.789978
vt 0.142922 0.759318
vt 0.156315 0.773691
vt 0.479411 0.291305
vt 0.858891 0.966659
vt 0.839292 0.984951
vt 0.839292 0.965323
vt 0.995696 0.402015
vt 0.038486 0.947218
vt 0.058828 0.925607
vt 0.058828 0.947974
vt 0.995696 0.406315
vt 0.479411 0.304204
vt 0.645483 0.858742
vt 0.658875 0.873091
vt 0.645483 0.887465
vt 0.803478 0.381543
vt 0.803478 0.351863
vt 0.816871 0.367193
vt 0.237047 0.816871
vt 0.237047 0.787167
vt 0.250440 0.801541
vt 0.774905 0.396670
vt 0.774905 0.366009
vt 0.788297 0.380383
vt 0.479411 0.308504
vt 0.336939 0.785486
vt 0.351288 0.800817
vt 0.336939 0.815190
vt 0.479411 0.312804
vt 0.479411 0.317103
vt 0.013500 0.818552
vt 0.013500 0.788872
vt 0.026893 0.804203
vt 0.828690 0.880742
vt 0.828690 0.851994
vt 0.842083 0.866368
vt 0.843764 0.300690
vt 0.817911 0.329438
vt 0.817911 0.300690
vt 0.863031 0.689130
vt 0.863031 0.660407
vt 0.877380 0.674781
vt 0.479411 0.321403
vt 0.206793 0.789978
vt 0.206793 0.759318
vt 0.220185 0.773691
vt 0.995696 0.432112
vt 0.515080 0.863934
vt 0.515080 0.835186
vt 0.529453 0.849560
vt 0.479411 0.330002
vt 0.828434 0.411623
vt 0.843764 0.425997
vt 0.828434 0.440371
vt 0.479411 0.334302
vt 0.434169 0.796701
vt 0.434169 0.766997
vt 0.450456 0.781371
vt 0.332853 0.400031
vt 0.332853 0.370352
vt 0.346246 0.385682
vt 0.995696 0.445011
vt 0.778734 0.776532
vt 0.778734 0.746828
vt 0.795021 0.761201
vt 0.427702 0.907634
vt 0.427702 0.879868
vt 0.442052 0.894242
vt 0.698566 0.946305
vt 0.719384 0.927932
vt 0.719384 0.949654
vt 0.892507 0.326884
vt 0.892507 0.354650
vt 0.878134 0.341257
vt 0.653833 0.546104
vt 0.653833 0.566431
vt 0.634199 0.565737
vt 0.780414 0.102529
vt 0.780414 0.072825
vt 0.796701 0.087199
vt 0.954697 0.730808
vt 0.934442 0.732831
vt 0.934442 0.711816
vt 0.110730 0.857210
vt 0.110730 0.828487
vt 0.126060 0.842861
vt 0.596037 0.947986
vt 0.616855 0.929613
vt 0.616855 0.951335
vt 0.872337 0.969824
vt 0.852027 0.949514
vt 0.872337 0.949497
vt 0.398351 0.949497
vt 0.398351 0.969824
vt 0.378040 0.969807
vt 0.975830 0.530989
vt 0.976547 0.551304
vt 0.956901 0.551304
vt 0.479411 0.342901
vt 0.864712 0.811679
vt 0.879061 0.826029
vt 0.864712 0.840402
vt 0.773170 0.744914
vt 0.773170 0.776532
vt 0.758796 0.761201
vt 0.479411 0.347201
vt 0.756658 0.574835
vt 0.756658 0.543203
vt 0.771489 0.559947
vt 0.102826 0.131103
vt 0.102826 0.099471
vt 0.117656 0.116214
vt 0.479411 0.351500
vt 0.566431 0.764766
vt 0.551571 0.748979
vt 0.566431 0.733134
vt 0.479411 0.355800
vt 0.479411 0.360099
vt 0.200016 0.258686
vt 0.200016 0.279014
vt 0.179706 0.278996
vt 0.689184 0.753318
vt 0.702576 0.769605
vt 0.689184 0.784936
vt 0.601728 0.746595
vt 0.601728 0.778212
vt 0.587354 0.762882
vt 0.799136 0.558027
vt 0.799136 0.528323
vt 0.813509 0.543653
vt 0.479411 0.364399
vt 0.151569 0.270610
vt 0.151569 0.238978
vt 0.166400 0.255721
vt 0.479411 0.368699
vt 0.479411 0.372998
vt 0.532815 0.766447
vt 0.517955 0.750660
vt 0.532815 0.734815
vt 0.479411 0.377298
vt 0.801744 0.084040
vt 0.787370 0.069667
vt 0.801744 0.054336
vt 0.479411 0.381598
vt 0.289152 0.754999
vt 0.302545 0.771286
vt 0.289152 0.786617
vt 0.421759 0.944454
vt 0.442052 0.964782
vt 0.421741 0.964782
vt 0.438911 0.479969
vt 0.457179 0.500880
vt 0.436823 0.500880
vt 0.652152 0.771489
vt 0.637293 0.755702
vt 0.652152 0.739858
vt 0.830114 0.500706
vt 0.845445 0.515080
vt 0.830114 0.529453
vt 0.953016 0.758043
vt 0.932706 0.737733
vt 0.953016 0.736363
vt 0.507603 0.971505
vt 0.487293 0.951195
vt 0.507603 0.951177
vt 0.828434 0.630128
vt 0.843764 0.644502
vt 0.828434 0.658875
vt 0.533569 0.778763
vt 0.547942 0.793137
vt 0.533569 0.808467
vt 0.954697 0.487433
vt 0.934387 0.467123
vt 0.954697 0.465753
vt 0.316745 0.815190
vt 0.316745 0.785486
vt 0.331118 0.800817
vt 0.479411 0.385897
vt 0.005096 0.860423
vt 0.018489 0.873815
vt 0.005096 0.889146
vt 0.806786 0.949497
vt 0.806786 0.969824
vt 0.786476 0.969807
vt 0.822953 0.847125
vt 0.848806 0.818403
vt 0.848806 0.847125
vt 0.479411 0.390197
vt 0.483144 0.850338
vt 0.497518 0.865668
vt 0.483144 0.879061
vt 0.847879 0.549623
vt 0.847879 0.520876
vt 0.862253 0.535249
vt 0.242036 0.956378
vt 0.221726 0.936068
vt 0.242036 0.934697
vt 0.745629 0.946305
vt 0.766447 0.927932
vt 0.766447 0.949655
vt 0.479411 0.394496
vt 0.852946 0.467090
vt 0.867295 0.481464
vt 0.852946 0.495837
vt 0.536930 0.848657
vt 0.551304 0.863987
vt 0.536930 0.877380
vt 0.479411 0.398796
vt 0.944454 0.430286
vt 0.944454 0.409959
vt 0.964782 0.409959
vt 0.849560 0.584920
vt 0.849560 0.556173
vt 0.863934 0.570546
vt 0.201539 0.966463
vt 0.221866 0.946135
vt 0.221866 0.966463
vt 0.847125 0.480536
vt 0.847125 0.509284
vt 0.831795 0.494910
vt 0.922362 0.878644
vt 0.926662 0.878602
vt 0.779690 0.502561
vt 0.779690 0.472857
vt 0.795021 0.488187
vt 0.583993 0.850338
vt 0.598366 0.865668
vt 0.583993 0.879061
vt 0.070763 0.685768
vt 0.131103 0.625428
vt 0.131103 0.685768
vt 0.699968 0.780444
vt 0.714342 0.794817
vt 0.699968 0.810148
vt 0.296575 0.815190
vt 0.296575 0.785486
vt 0.310949 0.800816
vt 0.923602 0.878560
vt 0.369307 0.971505
vt 0.369307 0.951195
vt 0.388266 0.952514
vt 0.151272 0.977534
vt 0.131639 0.978228
vt 0.131639 0.957901
vt 0.921637 0.876319
vt 0.077371 0.910996
vt 0.077371 0.883230
vt 0.090763 0.897603
vt 0.977510 0.213317
vt 0.978228 0.233632
vt 0.958582 0.233632
vt 0.911217 0.942190
vt 0.929485 0.963101
vt 0.909129 0.963101
vt 0.102583 0.756680
vt 0.115976 0.772967
vt 0.102583 0.788297
vt 0.177115 0.016922
vt 0.103839 0.060654
vt 0.162342 0.075426
vt 0.895923 0.240355
vt 0.895923 0.212589
vt 0.909315 0.226963
vt 0.423563 0.975854
vt 0.403929 0.976547
vt 0.403929 0.956220
vt 0.854602 0.744596
vt 0.854602 0.715874
vt 0.868976 0.730247
vt 0.975830 0.784790
vt 0.976547 0.805105
vt 0.956901 0.805105
vt 0.943153 0.096746
vt 0.961420 0.117656
vt 0.941064 0.117656
vt 0.733584 0.808467
vt 0.733584 0.778763
vt 0.747958 0.794093
vt 0.097541 0.910996
vt 0.097541 0.883230
vt 0.110933 0.897603
vt 0.521896 0.097657
vt 0.542900 0.118661
vt 0.521896 0.119337
vt 0.869030 0.114295
vt 0.869030 0.085547
vt 0.882422 0.099921
vt 0.966531 0.634321
vt 0.969824 0.615604
vt 0.969824 0.635344
vt 0.070594 0.899314
vt 0.070594 0.926123
vt 0.055264 0.913687
vt 0.925211 0.869493
vt 0.917189 0.919250
vt 0.874072 0.309119
vt 0.887465 0.322511
vt 0.874072 0.337842
vt 0.479411 0.428894
vt 0.867349 0.566431
vt 0.867349 0.537684
vt 0.880742 0.552057
vt 0.479411 0.433193
vt 0.282575 0.189520
vt 0.308428 0.309268
vt 0.282575 0.309268
vt 0.923321 0.879425
vt 0.431967 0.255071
vt 0.406114 0.374819
vt 0.406114 0.255071
vt 0.034540 0.002951
vt 0.061349 0.122699
vt 0.034540 0.122699
vt 0.919511 0.879935
vt 0.558081 0.860423
vt 0.571474 0.873815
vt 0.558081 0.889146
vt 0.129011 0.406114
vt 0.248759 0.431967
vt 0.129011 0.431967
vt 0.423563 0.889756
vt 0.418769 0.914358
vt 0.418769 0.889388
vt 0.845445 0.445240
vt 0.819592 0.473987
vt 0.819592 0.445240
vt 0.479411 0.446092
vt 0.463261 0.378727
vt 0.489114 0.497518
vt 0.463261 0.497518
vt 0.920751 0.879851
vt 0.256868 0.455498
vt 0.375660 0.436341
vt 0.373747 0.455498
vt 0.309322 0.754999
vt 0.322714 0.771286
vt 0.309322 0.786617
vt 0.255071 0.406114
vt 0.374819 0.431967
vt 0.255071 0.431967
vt 0.479411 0.454692
vt 0.925481 0.870038
vt 0.002951 0.426283
vt 0.122699 0.452136
vt 0.002951 0.452136
vt 0.038018 0.853849
vt 0.063871 0.825126
vt 0.063871 0.853849
vt 0.895923 0.724427
vt 0.895923 0.696660
vt 0.909315 0.711034
vt 0.230530 0.149220
vt 0.205496 0.178684
vt 0.204687 0.149948
vt 0.268929 0.818378
vt 0.243076 0.847125
vt 0.243076 0.818378
vt 0.194332 0.852168
vt 0.220185 0.823445
vt 0.220185 0.852168
vt 0.756362 0.898357
vt 0.746771 0.912731
vt 0.756362 0.926123
vt 0.927804 0.212589
vt 0.918213 0.226963
vt 0.918213 0.212589
vt 0.926123 0.310075
vt 0.916533 0.324449
vt 0.926123 0.337842
vt 0.927804 0.700022
vt 0.918213 0.714396
vt 0.918213 0.700022
vt 0.930517 0.198347
vt 0.951335 0.179974
vt 0.951335 0.201697
vt 0.926123 0.810955
vt 0.916533 0.825329
vt 0.926123 0.838721
vt 0.927804 0.735319
vt 0.918213 0.749693
vt 0.918213 0.735319
vt 0.406114 0.382088
vt 0.431967 0.500880
vt 0.406114 0.500880
vt 0.917459 0.919796
vt 0.251364 0.159266
vt 0.278173 0.279014
vt 0.251364 0.279014
vt 0.954697 0.606770
vt 0.934387 0.586460
vt 0.954697 0.585090
vt 0.458860 0.002951
vt 0.433007 0.122699
vt 0.433007 0.002951
vt 0.913649 0.920306
vt 0.434687 0.248759
vt 0.460540 0.129011
vt 0.460540 0.248759
vt 0.624332 0.848657
vt 0.638706 0.863987
vt 0.624332 0.877380
vt 0.479411 0.471890
vt 0.874072 0.347777
vt 0.887465 0.361170
vt 0.874072 0.376500
vt 0.275011 0.825126
vt 0.300864 0.853849
vt 0.275011 0.853849
vt 0.479411 0.476190
vt 0.479411 0.480490
vt 0.920895 0.874559
vt 0.479411 0.489089
vt 0.926609 0.873120
vt 0.479411 0.497688
vt 0.919739 0.873588
vt 0.924038 0.873546
vt 0.479411 0.510587
vt 0.479411 0.514887
vt 0.987570 0.092946
vt 0.989483 0.091989
vt 0.987570 0.091989
vt 0.479411 0.519186
vt 0.258203 0.753000
vt 0.284056 0.692660
vt 0.284056 0.753000
vt 0.769808 0.035297
vt 0.754949 0.019510
vt 0.769808 0.003665
vt 0.693531 0.653833
vt 0.719384 0.593468
vt 0.719384 0.653833
vt 0.725467 0.603409
vt 0.751320 0.543069
vt 0.751320 0.603409
vt 0.693531 0.722746
vt 0.719384 0.662381
vt 0.719384 0.722746
vt 0.727147 0.263886
vt 0.753000 0.203546
vt 0.753000 0.263886
vt 0.987570 0.097245
vt 0.989483 0.098202
vt 0.990440 0.097245
vt 0.944833 0.029513
vt 0.963101 0.050424
vt 0.942745 0.050424
vt 0.696893 0.131103
vt 0.722746 0.070738
vt 0.722746 0.131103
vt 0.919528 0.876549
vt 0.926224 0.868977
vt 0.302841 0.389947
vt 0.302841 0.358315
vt 0.317672 0.375058
vt 0.479411 0.532085
vt 0.977510 0.433502
vt 0.978228 0.453817
vt 0.958582 0.453817
vt 0.479411 0.536385
vt 0.002721 0.826807
vt 0.028574 0.855529
vt 0.002721 0.855529
vt 0.845445 0.625259
vt 0.819592 0.596512
vt 0.845445 0.596512
vt 0.392149 0.798382
vt 0.392149 0.768678
vt 0.408435 0.783052
vt 0.830114 0.665425
vt 0.845445 0.679799
vt 0.830114 0.694172
vt 0.851241 0.095806
vt 0.851241 0.067058
vt 0.865614 0.081432
vt 0.369136 0.825126
vt 0.394989 0.853849
vt 0.369136 0.853849
vt 0.869030 0.196654
vt 0.869030 0.167907
vt 0.882422 0.182280
vt 0.778266 0.860423
vt 0.791659 0.873815
vt 0.778266 0.889146
vt 0.990440 0.048026
vt 0.987570 0.049939
vt 0.990440 0.049939
vt 0.705938 0.847125
vt 0.680085 0.818378
vt 0.705938 0.818378
vt 0.848806 0.031935
vt 0.822953 0.003188
vt 0.848806 0.003188
vt 0.696893 0.267248
vt 0.722746 0.206883
vt 0.722746 0.267248
vt 0.341257 0.884103
vt 0.341257 0.855356
vt 0.354650 0.869730
vt 0.658234 0.754681
vt 0.684087 0.694341
vt 0.684087 0.754681
vt 0.696893 0.334480
vt 0.722746 0.274116
vt 0.722746 0.334480
vt 0.727147 0.332799
vt 0.753000 0.272459
vt 0.753000 0.332799
vt 0.696893 0.401712
vt 0.722746 0.341348
vt 0.722746 0.401712
vt 0.987570 0.054239
vt 0.990440 0.056152
vt 0.990440 0.054239
vt 0.728828 0.129422
vt 0.754681 0.069082
vt 0.754681 0.129422
vt 0.874072 0.858742
vt 0.887465 0.872134
vt 0.874072 0.887465
vt 0.869030 0.307587
vt 0.869030 0.278840
vt 0.882422 0.293214
vt 0.776532 0.433966
vt 0.776532 0.465583
vt 0.762158 0.450253
vt 0.127795 0.910996
vt 0.127795 0.883230
vt 0.141188 0.897603
vt 0.468944 0.977534
vt 0.449311 0.978228
vt 0.449311 0.957901
vt 0.943153 0.483331
vt 0.961420 0.504241
vt 0.941064 0.504241
vt 0.975830 0.811683
vt 0.976547 0.831998
vt 0.956901 0.831998
vt 0.566431 0.975854
vt 0.546797 0.976547
vt 0.546797 0.956220
vt 0.895923 0.815190
vt 0.895923 0.787424
vt 0.909315 0.801798
vt 0.113108 0.916092
vt 0.122699 0.901719
vt 0.122699 0.929485
vt 0.342884 0.903399
vt 0.333293 0.917773
vt 0.342884 0.931166
vt 0.944833 0.123639
vt 0.963101 0.144549
vt 0.942745 0.144549
vt 0.716517 0.916092
vt 0.726108 0.901719
vt 0.726108 0.929485
vt 0.977510 0.473842
vt 0.978228 0.494157
vt 0.958582 0.494157
vt 0.774851 0.903399
vt 0.765260 0.917773
vt 0.774851 0.931166
vt 0.919894 0.465637
vt 0.929485 0.451263
vt 0.929485 0.479029
vt 0.625259 0.977534
vt 0.605626 0.978228
vt 0.605626 0.957901
vt 0.931166 0.846252
vt 0.921575 0.860626
vt 0.931166 0.874018
vt 0.122753 0.756680
vt 0.136145 0.772967
vt 0.122753 0.788297
vt 0.673075 0.850338
vt 0.687449 0.865668
vt 0.673075 0.879061
vt 0.349661 0.910996
vt 0.349661 0.883230
vt 0.363054 0.897603
vt 0.849560 0.712661
vt 0.849560 0.683914
vt 0.863934 0.698287
vt 0.863006 0.033467
vt 0.877380 0.048797
vt 0.863006 0.062190
vt 0.851241 0.132784
vt 0.851241 0.104036
vt 0.865614 0.118410
vt 0.009436 0.949666
vt 0.030255 0.931294
vt 0.030255 0.953016
vt 0.416839 0.956378
vt 0.396529 0.936068
vt 0.416839 0.934697
vt 0.954697 0.786617
vt 0.934387 0.766306
vt 0.954697 0.764936
vt 0.864687 0.127592
vt 0.879061 0.142922
vt 0.864687 0.156315
vt 0.164516 0.818378
vt 0.179846 0.832752
vt 0.164516 0.847125
vt 0.875753 0.003212
vt 0.889146 0.016605
vt 0.875753 0.031935
vt 0.775891 0.826807
vt 0.801744 0.855530
vt 0.775891 0.855530
vt 0.956378 0.882422
vt 0.936068 0.862112
vt 0.956378 0.860742
vt 0.830114 0.714168
vt 0.845445 0.728542
vt 0.830114 0.742916
vt 0.317726 0.623897
vt 0.331118 0.640183
vt 0.317726 0.655514
vt 0.771489 0.073955
vt 0.756630 0.058169
vt 0.771489 0.042324
vt 0.769808 0.154634
vt 0.754949 0.138847
vt 0.769808 0.123002
vt 0.665895 0.623578
vt 0.665895 0.591947
vt 0.680726 0.608690
vt 0.943153 0.513585
vt 0.961420 0.534496
vt 0.941064 0.534496
vt 0.621898 0.746595
vt 0.621898 0.778212
vt 0.607524 0.762882
vt 0.166454 0.756680
vt 0.179846 0.772967
vt 0.166454 0.788297
vt 0.771489 0.193293
vt 0.756630 0.177506
vt 0.771489 0.161661
vt 0.754978 0.690811
vt 0.754978 0.659179
vt 0.769808 0.675922
vt 0.776532 0.561707
vt 0.776532 0.593324
vt 0.762158 0.577994
vt 0.756658 0.613494
vt 0.756658 0.581862
vt 0.771489 0.598605
vt 0.182559 0.951347
vt 0.203377 0.932974
vt 0.203377 0.954697
vt 0.266530 0.959594
vt 0.267248 0.979909
vt 0.247602 0.979909
vt 0.780414 0.257163
vt 0.780414 0.227459
vt 0.796701 0.241833
vt 0.982327 0.943884
vt 0.986626 0.943931
vt 0.990926 0.943978
vt 0.995225 0.944026
vt 0.202005 0.372478
vt 0.975311 0.946081
vt 0.193406 0.372496
vt 0.983909 0.946175
vt 0.202859 0.370570
vt 0.198559 0.370579
vt 0.996808 0.946316
vt 0.204647 0.370514
vt 0.200348 0.370523
vt 0.196048 0.370532
vt 0.978703 0.940772
vt 0.201427 0.365627
vt 0.987302 0.940866
vt 0.980735 0.933336
vt 0.985034 0.933383
vt 0.989334 0.933430
vt 0.436361 0.949666
vt 0.457179 0.931294
vt 0.457179 0.953016
vt 0.993633 0.933477
vt 0.989933 0.936101
vt 0.203111 0.361606
vt 0.198811 0.361615
vt 0.988412 0.937052
vt 0.992712 0.937099
vt 0.997011 0.937147
vt 0.196300 0.361568
vt 0.968149 0.942133
vt 0.972448 0.942180
vt 0.201453 0.359651
vt 0.981047 0.942274
vt 0.985346 0.942321
vt 0.203241 0.359595
vt 0.993945 0.942415
vt 0.987524 0.935036
vt 0.991823 0.935084
vt 0.996123 0.935131
vt 0.988066 0.945235
vt 0.992365 0.945282
vt 0.986895 0.932399
vt 0.991194 0.932446
vt 0.995494 0.932493
vt 0.205311 0.361963
vt 0.205086 0.364951
vt 0.990576 0.949875
vt 0.994876 0.949922
vt 0.988830 0.934452
vt 0.993130 0.934500
vt 0.997429 0.934547
vt 0.994089 0.944261
vt 0.998389 0.944308
vt 0.986973 0.942412
vt 0.991272 0.942459
vt 0.995572 0.942506
vt 0.985792 0.941097
vt 0.990092 0.941144
vt 0.208364 0.353618
vt 0.983137 0.942535
vt 0.987437 0.942582
vt 0.991736 0.942629
vt 0.996036 0.942676
vt 0.992495 0.943233
vt 0.996794 0.943280
vt 0.972580 0.945289
vt 0.976880 0.945336
vt 0.981179 0.945383
vt 0.137995 0.625428
vt 0.198335 0.685768
vt 0.198335 0.625428
vt 0.265567 0.685768
vt 0.205227 0.625428
vt 0.265567 0.625428
vt 0.985479 0.945430
vt 0.989778 0.945477
vt 0.206726 0.366769
vt 0.980295 0.948567
vt 0.984594 0.948614
vt 0.988893 0.948661
vt 0.993193 0.948708
vt 0.972729 0.935048
vt 0.977028 0.935096
vt 0.981328 0.935143
vt 0.985627 0.935190
vt 0.989927 0.935237
vt 0.582079 0.798382
vt 0.582079 0.768678
vt 0.598366 0.783052
vt 0.994226 0.935284
vt 0.998525 0.935331
vt 0.979844 0.943972
vt 0.984143 0.943972
vt 0.988443 0.943972
vt 0.193134 0.359667
vt 0.019348 0.997850
vt 0.023648 0.997850
vt 0.685768 0.006892
vt 0.625428 0.067232
vt 0.625428 0.006892
vt 0.685768 0.191781
vt 0.625428 0.252121
vt 0.685768 0.252121
vt 0.628790 0.134464
vt 0.689130 0.074124
vt 0.628790 0.074124
vt 0.689130 0.259013
vt 0.628790 0.319353
vt 0.628790 0.259013
vt 0.996867 0.946854
vt 0.983669 0.948798
vt 0.987969 0.948798
vt 0.200062 0.353827
vt 0.996568 0.948798
vt 0.985315 0.939725
vt 0.989614 0.939725
vt 0.993914 0.939725
vt 0.998214 0.939725
vt 0.066644 0.997850
vt 0.070944 0.997850
vt 0.075243 0.997850
vt 0.079543 0.997850
vt 0.991042 0.939600
vt 0.202872 0.365195
vt 0.971128 0.941561
vt 0.975427 0.941561
vt 0.979727 0.941561
vt 0.105341 0.997850
vt 0.988326 0.941561
vt 0.197506 0.357800
vt 0.980508 0.940597
vt 0.122539 0.997850
vt 0.970401 0.939541
vt 0.974700 0.939541
vt 0.979000 0.939541
vt 0.983299 0.939541
vt 0.987599 0.939541
vt 0.203237 0.362807
vt 0.152637 0.997850
vt 0.974170 0.934491
vt 0.161236 0.997850
vt 0.982769 0.934491
vt 0.987069 0.934491
vt 0.628790 0.326245
vt 0.689130 0.386585
vt 0.628790 0.386585
vt 0.628790 0.393477
vt 0.689130 0.453817
vt 0.689130 0.393477
vt 0.991369 0.934491
vt 0.995668 0.934491
vt 0.988290 0.934880
vt 0.992590 0.934880
vt 0.996889 0.934880
vt 0.195633 0.997850
vt 0.199933 0.997850
vt 0.204232 0.997850
vt 0.208532 0.997850
vt 0.980916 0.935231
vt 0.202808 0.357661
vt 0.207107 0.357661
vt 0.193355 0.359605
vt 0.998114 0.935231
vt 0.973900 0.937192
vt 0.978200 0.937192
vt 0.195866 0.359689
vt 0.986799 0.937192
vt 0.991099 0.937192
vt 0.995399 0.937192
vt 0.971810 0.943205
vt 0.193816 0.367374
vt 0.198116 0.367374
vt 0.966001 0.942149
vt 0.970301 0.942149
vt 0.974600 0.942149
vt 0.978900 0.942149
vt 0.983200 0.942149
vt 0.987499 0.942149
vt 0.991799 0.942149
vt 0.980258 0.946524
vt 0.984557 0.946524
vt 0.988857 0.946524
vt 0.203553 0.366426
vt 0.977351 0.935402
vt 0.981650 0.935402
vt 0.985950 0.935402
vt 0.990250 0.935402
vt 0.994549 0.935402
vt 0.198262 0.359225
vt 0.985787 0.945412
vt 0.990087 0.945412
vt 0.994386 0.945412
vt 0.998686 0.945412
vt 0.985488 0.947356
vt 0.989788 0.947356
vt 0.994088 0.947356
vt 0.199920 0.361254
vt 0.987134 0.938284
vt 0.208519 0.361254
vt 0.995733 0.938284
vt 0.976199 0.946698
vt 0.980499 0.946698
vt 0.984798 0.946698
vt 0.204914 0.357870
vt 0.993398 0.946698
vt 0.969184 0.948659
vt 0.973484 0.948659
vt 0.208134 0.362794
vt 0.982083 0.948659
vt 0.986382 0.948659
vt 0.206346 0.362877
vt 0.214477 0.366567
vt 0.973132 0.947321
vt 0.977431 0.947321
vt 0.981731 0.947321
vt 0.986031 0.947321
vt 0.990330 0.947321
vt 0.994630 0.947321
vt 0.195588 0.356636
vt 0.199888 0.356636
vt 0.970143 0.947172
vt 0.974443 0.947172
vt 0.978742 0.947172
vt 0.199034 0.358580
vt 0.987342 0.947172
vt 0.780414 0.294141
vt 0.780414 0.264437
vt 0.796701 0.278811
vt 0.980775 0.939595
vt 0.985075 0.939595
vt 0.201545 0.358664
vt 0.993674 0.939595
vt 0.200575 0.361425
vt 0.994274 0.942171
vt 0.998573 0.942171
vt 0.988454 0.942981
vt 0.992754 0.942981
vt 0.997054 0.942981
vt 0.977765 0.945346
vt 0.193575 0.360334
vt 0.967658 0.944290
vt 0.202175 0.360334
vt 0.976257 0.944290
vt 0.196087 0.360417
vt 0.984856 0.944290
vt 0.989156 0.944290
vt 0.974151 0.938218
vt 0.194883 0.356908
vt 0.982750 0.938218
vt 0.203482 0.356908
vt 0.972642 0.937162
vt 0.976942 0.937162
vt 0.981242 0.937162
vt 0.309065 0.818378
vt 0.324395 0.832752
vt 0.309065 0.847125
vt 0.985541 0.937162
vt 0.989841 0.937162
vt 0.994141 0.937162
vt 0.200840 0.358936
vt 0.205140 0.358936
vt 0.991199 0.941537
vt 0.995498 0.941537
vt 0.989838 0.948965
vt 0.994138 0.948965
vt 0.998437 0.948965
vt 0.987022 0.947021
vt 0.991322 0.947021
vt 0.995621 0.947021
vt 0.205601 0.366704
vt 0.983661 0.941030
vt 0.462975 0.867295
vt 0.462975 0.838548
vt 0.477348 0.852921
vt 0.987961 0.941030
vt 0.992261 0.941030
vt 0.204038 0.363809
vt 0.194360 0.368732
vt 0.198660 0.368732
vt 0.202959 0.368732
vt 0.996846 0.947372
vt 0.972633 0.949333
vt 0.201171 0.368816
vt 0.981232 0.949333
vt 0.194706 0.355170
vt 0.989832 0.949333
vt 0.203305 0.355170
vt 0.984099 0.936661
vt 0.988398 0.936661
vt 0.992698 0.936661
vt 0.694226 0.884103
vt 0.694226 0.855356
vt 0.707619 0.869729
vt 0.196956 0.362855
vt 0.972784 0.938622
vt 0.977084 0.938622
vt 0.981383 0.938622
vt 0.985683 0.938622
vt 0.989983 0.938622
vt 0.994282 0.938622
vt 0.194314 0.364883
vt 0.198613 0.364883
vt 0.968129 0.948557
vt 0.972428 0.948557
vt 0.976728 0.948557
vt 0.201125 0.364966
vt 0.847125 0.290779
vt 0.821272 0.262032
vt 0.847125 0.262032
vt 0.877434 0.055317
vt 0.890826 0.069667
vt 0.877434 0.084040
vt 0.801798 0.121018
vt 0.801798 0.091314
vt 0.815190 0.105688
vt 0.778212 0.312948
vt 0.778212 0.344565
vt 0.763839 0.329235
vt 0.897550 0.975854
vt 0.877916 0.976547
vt 0.877916 0.956220
vt 0.661334 0.905954
vt 0.661334 0.878187
vt 0.675683 0.892561
vt 0.890826 0.703384
vt 0.890826 0.731150
vt 0.876453 0.717757
vt 0.716023 0.500722
vt 0.716023 0.521049
vt 0.696389 0.520356
vt 0.956378 0.794678
vt 0.936122 0.796701
vt 0.936122 0.775687
vt 0.292460 0.378023
vt 0.292460 0.398351
vt 0.272150 0.398333
vt 0.056220 0.816871
vt 0.056220 0.787167
vt 0.070594 0.802497
vt 0.969824 0.023531
vt 0.949514 0.003221
vt 0.969824 0.003204
vt 0.795774 0.129972
vt 0.810148 0.144346
vt 0.795774 0.159676
vt 0.226006 0.840229
vt 0.240355 0.854602
vt 0.226006 0.868976
vt 0.944454 0.924443
vt 0.944454 0.904115
vt 0.964782 0.904115
vt 0.946135 0.082359
vt 0.966463 0.062032
vt 0.966463 0.082359
vt 0.848806 0.646936
vt 0.848806 0.675683
vt 0.833476 0.661310
vt 0.856283 0.811829
vt 0.856283 0.783106
vt 0.870657 0.797479
vt 0.794093 0.726108
vt 0.794093 0.696404
vt 0.808467 0.711734
vt 0.756883 0.798382
vt 0.756883 0.768678
vt 0.773170 0.783052
vt 0.375852 0.272302
vt 0.396670 0.253929
vt 0.396670 0.275652
vt 0.781371 0.445413
vt 0.781371 0.415709
vt 0.796701 0.431040
vt 0.431764 0.855529
vt 0.431764 0.826807
vt 0.447094 0.841180
vt 0.776532 0.600365
vt 0.776532 0.631983
vt 0.762158 0.616652
vt 0.538154 0.773170
vt 0.538154 0.741538
vt 0.552985 0.758281
vt 0.769808 0.425244
vt 0.754949 0.409457
vt 0.769808 0.393612
vt 0.329492 0.754999
vt 0.342884 0.771286
vt 0.329492 0.786617
vt 0.530300 0.349777
vt 0.551304 0.370781
vt 0.530300 0.371458
vt 0.110006 0.816871
vt 0.110006 0.787167
vt 0.124380 0.802497
vt 0.800063 0.238674
vt 0.785689 0.224301
vt 0.800063 0.208970
vt 0.130200 0.787167
vt 0.144549 0.802497
vt 0.130200 0.816871
vt 0.635141 0.820059
vt 0.650471 0.834433
vt 0.635141 0.848806
vt 0.958058 0.284056
vt 0.937748 0.263746
vt 0.958058 0.262376
vt 0.795774 0.382093
vt 0.810148 0.396467
vt 0.795774 0.411797
vt 0.658875 0.971505
vt 0.638565 0.951195
vt 0.658875 0.951177
vt 0.971996 0.183434
vt 0.974917 0.174669
vt 0.977839 0.180512
vt 0.971996 0.168824
vt 0.977839 0.187302
vt 0.977839 0.168824
vt 0.982458 0.182682
vt 0.980731 0.303482
vt 0.975973 0.327283
vt 0.975971 0.308242
vt 0.984992 0.301551
vt 0.980236 0.334868
vt 0.231339 0.177956
vt 0.204687 0.269277
vt 0.981237 0.159582
vt 0.981236 0.150343
vt 0.985857 0.154962
vt 0.976617 0.145724
vt 0.976617 0.164202
vt 0.973363 0.414215
vt 0.973369 0.356610
vt 0.981950 0.422806
vt 0.971996 0.141105
vt 0.982970 0.347013
vt 0.984901 0.248863
vt 0.975973 0.258542
vt 0.970692 0.258038
vt 0.975971 0.343527
vt 0.975973 0.336796
vt 0.981995 0.343527
vt 0.980564 0.261537
vt 0.118611 0.002150
vt 0.177115 0.269400
vt 0.806182 0.997850
vt 0.981113 0.241280
vt 0.982863 0.226084
vt 0.986064 0.246228
vt 0.982970 0.423814
vt 0.976130 0.242024
vt 0.036927 0.841020
vt 0.232096 0.075426
vt 0.246868 0.269400
vt 0.209729 0.268960
vt 0.405269 0.573019
vt 0.559482 0.254496
vt 0.559482 0.449031
vt 0.332968 0.490964
vt 0.145273 0.267507
vt 0.490964 0.252290
vt 0.398351 0.447254
vt 0.368096 0.381802
vt 0.401712 0.267507
vt 0.455498 0.378440
vt 0.453817 0.388525
vt 0.287418 0.165809
vt 0.987570 0.061408
vt 0.110933 0.003621
vt 0.987570 0.012662
vt 0.987570 0.102502
vt 0.257163 0.381802
vt 0.242036 0.871053
vt 0.458860 0.909315
vt 0.890826 0.789996
vt 0.256522 0.376500
vt 0.225228 0.079167
vt 0.904767 0.451263
vt 0.766447 0.837041
vt 0.114554 0.126087
vt 0.008898 0.891634
vt 0.254061 0.390698
vt 0.333059 0.348678
vt 0.719384 0.406924
vt 0.070853 0.838516
vt 0.908129 0.775658
vt 0.629661 0.519369
vt 0.791659 0.919400
vt 0.897836 0.294948
vt 0.629661 0.635344
vt 0.910996 0.330245
vt 0.897836 0.558835
vt 0.910996 0.819359
vt 0.163532 0.893315
vt 0.331118 0.689299
vt 0.040834 0.894995
vt 0.038918 0.127768
vt 0.363054 0.689299
vt 0.053786 0.129449
vt 0.638965 0.178916
vt 0.273330 0.685768
vt 0.306401 0.893315
vt 0.405074 0.594075
vt 0.157996 0.922762
vt 0.659915 0.586601
vt 0.391627 0.475927
vt 0.411797 0.892507
vt 0.394989 0.689299
vt 0.810642 0.893315
vt 0.400031 0.420460
vt 0.531134 0.894188
vt 0.494326 0.002690
vt 0.822953 0.334331
vt 0.274465 0.894995
vt 0.302804 0.314570
vt 0.494326 0.375829
vt 0.166400 0.008404
vt 0.749639 0.003531
vt 0.186569 0.259803
vt 0.324395 0.003621
vt 0.661596 0.689130
vt 0.909809 0.893315
vt 0.297502 0.381777
vt 0.990440 0.066665
vt 0.494326 0.442221
vt 0.232651 0.190190
vt 0.987570 0.016962
vt 0.219229 0.240355
vt 0.496006 0.124548
vt 0.987570 0.071921
vt 0.987570 0.025088
vt 0.379862 0.922762
vt 0.263422 0.011766
vt 0.894217 0.100848
vt 0.663277 0.519369
vt 0.277333 0.287677
vt 0.892537 0.505922
vt 0.749639 0.137995
vt 0.521049 0.364245
vt 0.911490 0.002488
vt 0.930004 0.368096
vt 0.694172 0.913925
vt 0.677364 0.906269
vt 0.741235 0.915605
vt 0.268929 0.285328
vt 0.856024 0.894995
vt 0.002690 0.487602
vt 0.749639 0.408604
vt 0.561389 0.842083
vt 0.402752 0.699215
vt 0.911490 0.486560
vt 0.209146 0.939570
vt 0.805105 0.907950
vt 0.400756 0.530669
vt 0.884103 0.922762
vt 0.937889 0.557619
vt 0.434687 0.699215
vt 0.911490 0.521857
vt 0.749639 0.475837
vt 0.925685 0.655514
vt 0.092444 0.913925
vt 0.448775 0.904588
vt 0.594051 0.793915
vt 0.913171 0.064678
vt 0.302080 0.341203
vt 0.936208 0.488681
vt 0.907634 0.171442
vt 0.364735 0.913949
vt 0.749639 0.659044
vt 0.268929 0.145533
vt 0.905954 0.541219
vt 0.911490 0.594131
vt 0.466623 0.702576
vt 0.532815 0.212973
vt 0.821913 0.677939
vt 0.922762 0.152953
vt 0.498558 0.702576
vt 0.911490 0.629428
vt 0.028574 0.692660
vt 0.409445 0.506091
vt 0.913171 0.177292
vt 0.496006 0.507772
vt 0.821272 0.747809
vt 0.060509 0.692660
vt 0.530493 0.702576
vt 0.645923 0.896676
vt 0.990440 0.077177
vt 0.334649 0.556515
vt 0.987570 0.029388
vt 0.556911 0.253970
vt 0.002690 0.558196
vt 0.810148 0.442052
vt 0.527308 0.224738
vt 0.907634 0.178973
vt 0.631028 0.815190
vt 0.273506 0.006026
vt 0.905954 0.592451
vt 0.379862 0.258844
vt 0.155850 0.279014
vt 0.936208 0.596277
vt 0.894217 0.405074
vt 0.188250 0.913925
vt 0.277333 0.299443
vt 0.509284 0.906269
vt 0.892537 0.655514
vt 0.532815 0.191122
vt 0.936208 0.004609
vt 0.629864 0.937889
vt 0.928323 0.400031
vt 0.937889 0.034864
vt 0.850487 0.907950
vt 0.939570 0.066799
vt 0.505922 0.191203
vt 0.515050 0.114295
vt 0.067401 0.490964
vt 0.936208 0.665190
vt 0.505922 0.843764
vt 0.931166 0.775167
vt 0.099894 0.941251
vt 0.424289 0.939570
vt 0.932846 0.892823
vt 0.536901 0.345781
vt 0.010085 0.917311
vt 0.937889 0.275243
vt 0.937889 0.125627
vt 0.904273 0.906269
vt 0.939570 0.157563
vt 0.527308 0.202888
vt 0.894217 0.415966
vt 0.930004 0.431967
vt 0.537420 0.939570
vt 0.332334 0.003621
vt 0.142868 0.913925
vt 0.539568 0.881549
vt 0.473987 0.907950
vt 0.213462 0.280694
vt 0.815917 0.067807
vt 0.265102 0.388266
vt 0.936208 0.523978
vt 0.907634 0.690811
vt 0.595005 0.913949
vt 0.285737 0.007707
vt 0.601728 0.909315
vt 0.532815 0.234823
vt 0.450456 0.795596
vt 0.069082 0.558196
vt 0.135474 0.558196
vt 0.080038 0.823445
vt 0.428605 0.707296
vt 0.201866 0.558196
vt 0.304977 0.626850
vt 0.475929 0.509193
vt 0.512207 0.191521
vt 0.268257 0.558196
vt 0.381080 0.410026
vt 0.543419 0.574745
vt 0.449269 0.425153
vt 0.559877 0.004371
vt 0.813509 0.223547
vt 0.807513 0.062190
vt 0.004183 0.558874
vt 0.845445 0.176484
vt 0.815917 0.113189
vt 0.825275 0.373714
vt 0.337201 0.821764
vt 0.759724 0.337519
vt 0.561558 0.126229
vt 0.546261 0.245397
vt 0.134726 0.195607
vt 0.987570 0.082433
vt 0.225514 0.215777
vt 0.561558 0.318681
vt 0.181789 0.197288
vt 0.579657 0.193194
vt 0.289594 0.693117
vt 0.987570 0.037514
vt 0.443732 0.437009
vt 0.059003 0.021972
vt 0.922762 0.302545
vt 0.313848 0.145183
vt 0.561558 0.385073
vt 0.062432 0.010871
vt 0.562429 0.702576
vt 0.453147 0.709933
vt 0.337842 0.205058
vt 0.813509 0.494157
vt 0.286955 0.316625
vt 0.435590 0.704891
vt 0.092444 0.692660
vt 0.701390 0.896676
vt 0.129011 0.285096
vt 0.299183 0.184888
vt 0.220185 0.261484
vt 0.061967 0.024159
vt 0.194973 0.071023
vt 0.807513 0.784936
vt 0.235313 0.008404
vt 0.169761 0.275911
vt 0.913171 0.365542
vt 0.124380 0.690980
vt 0.002951 0.305266
vt 0.594364 0.702576
vt 0.400031 0.463902
vt 0.825769 0.896676
vt 0.892507 0.586601
vt 0.003907 0.456538
vt 0.726107 0.894188
vt 0.458860 0.492476
vt 0.922762 0.438690
vt 0.008553 0.622066
vt 0.626299 0.702576
vt 0.843764 0.257163
vt 0.914852 0.557154
vt 0.156315 0.692660
vt 0.566431 0.069664
vt 0.403393 0.516758
vt 0.069679 0.620896
vt 0.063871 0.134491
vt 0.176484 0.003389
vt 0.306658 0.857037
vt 0.337842 0.020599
vt 0.876918 0.478856
vt 0.608013 0.863760
vt 0.913171 0.664725
vt 0.102998 0.268968
vt 0.878598 0.754508
vt 0.974867 0.946293
vt 0.160171 0.858717
vt 0.188250 0.690980
vt 0.378908 0.816871
vt 0.979909 0.100848
vt 0.882217 0.107398
vt 0.882449 0.146056
vt 0.964319 0.284056
vt 0.024025 0.900038
vt 0.690170 0.063871
vt 0.024750 0.862079
vt 0.145043 0.964782
vt 0.823594 0.410691
vt 0.877666 0.416666
vt 0.912677 0.057147
vt 0.875961 0.638532
vt 0.338682 0.219775
vt 0.480996 0.914358
vt 0.879555 0.378007
vt 0.899230 0.451674
vt 0.567158 0.818552
vt 0.912677 0.754681
vt 0.879812 0.514152
vt 0.485752 0.255188
vt 0.584920 0.968430
vt 0.566717 0.914358
vt 0.976547 0.899230
vt 0.825275 0.499774
vt 0.924443 0.168080
vt 0.815917 0.637600
vt 0.203377 0.926123
vt 0.690170 0.200016
vt 0.034343 0.820233
vt 0.220185 0.692660
vt 0.402206 0.900038
vt 0.825275 0.713236
vt 0.003621 0.799857
vt 0.314310 0.002432
vt 0.134724 0.264637
vt 0.139507 0.178192
vt 0.610626 0.898357
vt 0.129011 0.315350
vt 0.071063 0.268968
vt 0.252121 0.690980
vt 0.693531 0.586601
vt 0.523224 0.900038
vt 0.990440 0.087690
vt 0.002951 0.335520
vt 0.987570 0.041813
vt 0.892507 0.830336
vt 0.277333 0.019759
vt 0.400031 0.475668
vt 0.475668 0.872733
vt 0.130462 0.823445
vt 0.200016 0.240355
vt 0.062556 0.100937
vt 0.289098 0.179255
vt 0.561558 0.509453
vt 0.455498 0.400291
vt 0.453817 0.415159
vt 0.368096 0.398351
vt 0.061819 0.063298
vt 0.400031 0.482650
vt 0.411126 0.571643
vt 0.398351 0.408595
vt 0.063862 0.051139
vt 0.336161 0.361632
vt 0.368096 0.002951
vt 0.084040 0.818552
vt 0.307587 0.331118
vt 0.169761 0.263165
vt 0.475837 0.575004
vt 0.066911 0.059308
vt 0.455498 0.254231
vt 0.247078 0.008404
vt 0.319353 0.206998
vt 0.369777 0.129011
vt 0.497518 0.073955
vt 0.773170 0.897550
vt 0.129127 0.459899
vt 0.895869 0.057147
vt 0.005042 0.020170
vt 0.408435 0.797276
vt 0.384904 0.474738
vt 0.772216 0.820233
vt 0.401712 0.432718
vt 0.156315 0.223574
vt 0.667279 0.821913
vt 0.258844 0.003389
vt 0.845445 0.213462
vt 0.128421 0.345605
vt 0.511691 0.798957
vt 0.039128 0.268968
vt 0.002951 0.275011
vt 0.007192 0.268968
vt 0.818552 0.820233
vt 0.369777 0.374819
vt 0.122699 0.365774
vt 0.254347 0.459899
vt 0.617582 0.797276
vt 0.916038 0.267248
vt 0.398351 0.122699
vt 0.129852 0.436341
vt 0.400031 0.248759
vt 0.400872 0.281964
vt 0.902878 0.882422
vt 0.396670 0.919400
vt 0.821913 0.579878
vt 0.489114 0.002227
vt 0.289385 0.921081
vt 0.718430 0.798957
vt 0.037237 0.757837
vt 0.233632 0.202448
vt 0.490795 0.127447
vt 0.215402 0.247829
vt 0.248759 0.375859
vt 0.002150 0.144589
vt 0.122699 0.396029
vt 0.257163 0.146257
vt 0.428605 0.002951
vt 0.071063 0.142908
vt 0.430286 0.129011
vt 0.897550 0.258862
vt 0.307587 0.019759
vt 0.499199 0.119337
vt 0.510965 0.871053
vt 0.071029 0.071352
vt 0.065770 0.107053
vt 0.297502 0.002771
vt 0.824634 0.781425
vt 0.442052 0.462221
vt 0.442052 0.469204
vt 0.442052 0.450456
vt 0.495837 0.080938
vt 0.563238 0.575004
vt 0.078743 0.034718
vt 0.275652 0.383483
vt 0.336330 0.622067
vt 0.003531 0.625428
vt 0.843764 0.329438
vt 0.822953 0.818403
vt 0.070763 0.625428
vt 0.308428 0.189520
vt 0.431967 0.374819
vt 0.061349 0.002951
vt 0.248759 0.406114
vt 0.845445 0.473987
vt 0.489114 0.378727
vt 0.255912 0.436341
vt 0.374819 0.406114
vt 0.122699 0.426283
vt 0.038018 0.825126
vt 0.268929 0.847125
vt 0.194332 0.823445
vt 0.746771 0.898357
vt 0.927804 0.240355
vt 0.916533 0.310075
vt 0.927804 0.727788
vt 0.916533 0.810955
vt 0.927804 0.763085
vt 0.431967 0.382088
vt 0.278173 0.159266
vt 0.458860 0.122699
vt 0.434687 0.129011
vt 0.300864 0.825126
vt 0.990440 0.092946
vt 0.258203 0.692660
vt 0.693531 0.593468
vt 0.725467 0.543069
vt 0.693531 0.662381
vt 0.727147 0.203546
vt 0.987570 0.098202
vt 0.696893 0.070738
vt 0.028574 0.826807
vt 0.819592 0.625259
vt 0.394989 0.825126
vt 0.987570 0.048026
vt 0.680085 0.847125
vt 0.822953 0.031935
vt 0.696893 0.206883
vt 0.658234 0.694341
vt 0.696893 0.274116
vt 0.727147 0.272459
vt 0.696893 0.341348
vt 0.987570 0.056152
vt 0.728828 0.069082
vt 0.113108 0.901719
vt 0.333293 0.903399
vt 0.716517 0.901719
vt 0.765260 0.903399
vt 0.919894 0.451263
vt 0.921575 0.846252
vt 0.801744 0.826807
vt 0.137995 0.685768
vt 0.205227 0.685768
vt 0.685768 0.067232
vt 0.625428 0.191781
vt 0.689130 0.134464
vt 0.689130 0.319353
vt 0.689130 0.326245
vt 0.628790 0.453817
vt 0.821272 0.290779
s 0
usemtl Material.001
f 1/1/1 4/2/1 2/3/1
f 5/4/1 8/4/1 6/4/1
f 11/5/2 10/6/2 9/7/2
f 15/8/2 14/8/2 13/8/2
f 19/9/2 18/10/2 17/10/2
f 23/11/2 22/11/2 21/11/2
f 25/12/3 28/13/3 26/12/3
f 29/14/3 32/14/3 30/14/3
f 33/15/1 36/16/1 34/17/1
f 37/18/1 40/18/1 38/18/1
f 43/19/2 42/20/2 41/20/2
f 47/21/2 46/22/2 45/22/2
f 51/23/2 50/23/2 49/23/2
f 55/24/2 54/24/2 53/24/2
f 57/25/4 60/26/4 58/25/4
f 61/27/4 64/27/4 62/27/4
f 67/28/5 66/29/5 65/30/5
f 71/31/5 70/31/5 69/31/5
f 73/32/1 76/33/1 74/34/1
f 77/35/1 80/36/1 78/35/1
f 81/37/1 84/37/1 82/37/1
f 85/38/1 88/38/1 86/38/1
f 91/39/5 90/40/5 89/41/5
f 93/42/6 96/43/6 94/44/6
f 99/45/5 98/45/5 97/45/5
f 101/46/6 104/46/6 102/46/6
f 107/47/1 106/48/1 105/48/1
f 111/49/1 110/49/1 109/49/1
f 113/50/1 116/51/1 114/50/1
f 117/52/1 120/52/1 118/52/1
f 121/53/1 124/54/1 122/53/1
f 125/55/1 128/55/1 126/55/1
f 129/56/6 132/57/6 130/58/6
f 133/59/6 136/59/6 134/59/6
f 139/60/1 138/61/1 137/61/1
f 143/62/1 142/62/1 141/62/1
f 145/63/2 148/64/2 146/65/2
f 149/66/2 152/66/2 150/66/2
f 153/67/7 155/68/7 154/69/7
f 156/70/7 158/70/7 157/70/7
f 161/71/8 160/71/8 159/71/8
f 165/72/8 164/72/8 163/72/8
f 169/73/5 168/74/5 167/75/5
f 173/76/5 172/76/5 171/76/5
f 177/77/2 176/78/2 175/79/2
f 181/80/2 180/80/2 179/80/2
f 183/81/1 186/82/1 184/81/1
f 187/83/1 190/83/1 188/83/1
f 193/84/9 192/84/9 191/84/9
f 197/85/9 196/85/9 195/85/9
f 201/86/10 200/86/10 199/86/10
f 205/87/5 204/88/5 203/89/5
f 207/90/6 210/91/6 208/92/6
f 213/93/10 212/93/10 211/93/10
f 217/94/5 216/94/5 215/94/5
f 219/95/6 222/95/6 220/95/6
f 223/96/11 225/97/11 224/98/11
f 226/99/11 228/99/11 227/99/11
f 229/100/12 232/100/12 230/100/12
f 235/101/1 234/102/1 233/102/1
f 237/103/12 240/103/12 238/103/12
f 243/104/1 242/104/1 241/104/1
f 245/105/1 248/105/1 246/105/1
f 249/106/1 252/107/1 250/106/1
f 253/108/1 256/108/1 254/108/1
f 257/109/1 260/109/1 258/109/1
f 263/110/5 262/111/5 261/112/5
f 267/113/5 266/113/5 265/113/5
f 269/114/6 272/115/6 270/116/6
f 273/117/6 276/117/6 274/117/6
f 279/118/10 278/118/10 277/118/10
f 281/119/12 284/119/12 282/119/12
f 287/120/10 286/120/10 285/120/10
f 289/121/12 292/121/12 290/121/12
f 295/122/1 294/123/1 293/123/1
f 299/124/1 298/124/1 297/124/1
f 301/125/1 304/125/1 302/125/1
f 305/126/13 308/126/13 306/126/13
f 309/127/1 312/127/1 310/127/1
f 313/128/13 316/128/13 314/128/13
f 317/129/14 319/130/14 318/131/14
f 320/132/14 322/132/14 321/132/14
f 323/133/15 326/134/15 324/135/15
f 327/136/15 330/136/15 328/136/15
f 331/137/16 334/137/16 332/137/16
f 335/138/16 338/138/16 336/138/16
f 339/139/7 341/140/7 340/141/7
f 342/142/7 344/142/7 343/142/7
f 347/143/15 346/144/15 345/145/15
f 351/146/15 350/146/15 349/146/15
f 355/147/17 354/148/17 353/149/17
f 359/150/17 358/150/17 357/150/17
f 361/151/18 363/152/18 362/153/18
f 364/154/18 366/154/18 365/154/18
f 367/155/19 370/156/19 368/157/19
f 371/158/19 374/158/19 372/158/19
f 377/159/5 376/160/5 375/161/5
f 381/162/5 380/162/5 379/162/5
f 383/163/20 385/164/20 384/165/20
f 386/166/20 388/166/20 387/166/20
f 389/167/5 392/168/5 390/169/5
f 393/170/5 396/170/5 394/170/5
f 397/171/1 400/172/1 398/171/1
f 401/173/1 404/173/1 402/173/1
f 405/174/1 408/175/1 406/174/1
f 409/176/6 412/177/6 410/178/6
f 413/179/1 416/179/1 414/179/1
f 417/180/6 420/180/6 418/180/6
f 421/181/21 423/182/21 422/183/21
f 424/184/21 426/184/21 425/184/21
f 429/185/5 428/186/5 427/187/5
f 433/188/5 432/188/5 431/188/5
f 437/189/1 436/190/1 435/190/1
f 441/191/1 440/191/1 439/191/1
f 445/192/22 444/193/22 443/194/22
f 449/195/22 448/195/22 447/195/22
f 451/196/1 454/197/1 452/196/1
f 455/198/1 458/198/1 456/198/1
f 459/199/1 462/200/1 460/199/1
f 463/201/1 466/201/1 464/201/1
f 467/202/23 469/203/23 468/204/23
f 470/205/23 472/205/23 471/205/23
f 473/206/6 476/207/6 474/208/6
f 477/209/6 480/209/6 478/209/6
f 483/210/1 482/211/1 481/211/1
f 487/212/1 486/212/1 485/212/1
f 489/213/24 491/214/24 490/215/24
f 492/216/24 494/216/24 493/216/24
f 495/217/17 498/218/17 496/219/17
f 499/220/25 502/221/25 500/222/25
f 503/223/17 506/223/17 504/223/17
f 507/224/25 510/224/25 508/224/25
f 511/225/26 513/226/26 512/227/26
f 514/228/26 516/228/26 515/228/26
f 517/229/26 519/230/26 518/231/26
f 520/232/26 522/232/26 521/232/26
f 523/233/24 525/234/24 524/235/24
f 526/236/24 528/236/24 527/236/24
f 531/237/5 530/238/5 529/239/5
f 535/240/5 534/240/5 533/240/5
f 539/241/5 538/242/5 537/243/5
f 543/244/5 542/244/5 541/244/5
f 545/245/14 547/246/14 546/247/14
f 548/248/14 550/248/14 549/248/14
f 553/249/27 552/249/27 551/249/27
f 557/250/27 556/250/27 555/250/27
f 559/251/1 562/252/1 560/251/1
f 563/253/1 566/253/1 564/253/1
f 567/254/28 570/255/28 568/256/28
f 571/257/28 574/257/28 572/257/28
f 575/258/6 578/259/6 576/260/6
f 579/261/6 582/261/6 580/261/6
f 583/262/1 586/263/1 584/262/1
f 587/264/1 590/264/1 588/264/1
f 593/265/29 592/265/29 591/265/29
f 597/266/5 596/267/5 595/268/5
f 601/269/29 600/269/29 599/269/29
f 605/270/5 604/270/5 603/270/5
f 609/271/30 608/271/30 607/271/30
f 611/272/31 614/272/31 612/272/31
f 617/273/30 616/273/30 615/273/30
f 619/274/31 622/274/31 620/274/31
f 623/275/1 626/275/1 624/275/1
f 627/276/1 630/277/1 628/276/1
f 631/278/6 634/279/6 632/280/6
f 635/281/1 638/281/1 636/281/1
f 639/282/1 642/282/1 640/282/1
f 643/283/6 646/283/6 644/283/6
f 649/284/17 648/285/17 647/286/17
f 653/287/28 652/288/28 651/289/28
f 657/290/17 656/290/17 655/290/17
f 661/291/28 660/291/28 659/291/28
f 663/292/32 665/293/32 664/294/32
f 666/295/32 668/295/32 667/295/32
f 669/296/1 672/297/1 670/296/1
f 673/298/1 676/298/1 674/298/1
f 679/299/29 678/299/29 677/299/29
f 681/300/33 684/300/33 682/300/33
f 687/301/29 686/301/29 685/301/29
f 689/302/33 692/302/33 690/302/33
f 693/303/31 696/303/31 694/303/31
f 697/304/31 700/304/31 698/304/31
f 701/305/34 704/305/34 702/305/34
f 705/306/34 708/306/34 706/306/34
f 709/307/35 712/307/35 710/307/35
f 713/308/35 716/308/35 714/308/35
f 717/309/7 719/310/7 718/311/7
f 720/312/7 722/312/7 721/312/7
f 723/313/14 725/314/14 724/315/14
f 726/316/14 728/316/14 727/316/14
f 729/317/5 732/318/5 730/319/5
f 733/320/5 736/320/5 734/320/5
f 739/321/5 738/322/5 737/323/5
f 743/324/5 742/324/5 741/324/5
f 747/325/25 746/326/25 745/327/25
f 751/328/25 750/328/25 749/328/25
f 755/329/6 754/330/6 753/331/6
f 759/332/6 758/332/6 757/332/6
f 761/333/1 764/334/1 762/333/1
f 765/335/1 768/335/1 766/335/1
f 769/336/1 772/337/1 770/336/1
f 773/338/1 776/339/1 774/338/1
f 777/340/1 780/340/1 778/340/1
f 781/341/1 784/341/1 782/341/1
f 787/342/5 786/343/5 785/344/5
f 791/345/5 790/345/5 789/345/5
f 793/346/25 796/347/25 794/348/25
f 797/349/25 800/349/25 798/349/25
f 801/350/17 804/351/17 802/352/17
f 805/353/17 808/353/17 806/353/17
f 809/354/1 812/355/1 810/354/1
f 815/356/6 814/357/6 813/358/6
f 817/359/1 820/359/1 818/359/1
f 823/360/6 822/360/6 821/360/6
f 825/361/14 827/362/14 826/363/14
f 828/364/14 830/364/14 829/364/14
f 831/365/1 834/366/1 832/365/1
f 835/367/1 838/367/1 836/367/1
f 839/368/1 842/369/1 840/368/1
f 843/370/1 846/370/1 844/370/1
f 847/371/32 849/372/32 848/373/32
f 850/374/32 852/374/32 851/374/32
f 853/375/32 855/376/32 854/377/32
f 856/378/32 858/378/32 857/378/32
f 861/379/5 860/380/5 859/381/5
f 865/382/5 864/382/5 863/382/5
f 867/383/11 869/384/11 868/385/11
f 870/386/11 872/386/11 871/386/11
f 873/387/28 876/388/28 874/389/28
f 877/390/28 880/390/28 878/390/28
f 883/391/36 882/391/36 881/391/36
f 887/392/5 886/393/5 885/394/5
f 891/395/36 890/395/36 889/395/36
f 895/396/5 894/396/5 893/396/5
f 899/397/6 898/398/6 897/399/6
f 903/400/6 902/400/6 901/400/6
f 905/401/1 908/402/1 906/401/1
f 909/403/1 912/404/1 910/403/1
f 913/405/1 916/405/1 914/405/1
f 917/406/1 920/406/1 918/406/1
f 923/407/28 922/408/28 921/409/28
f 927/410/28 926/410/28 925/410/28
f 931/411/17 930/412/17 929/413/17
f 935/414/17 934/414/17 933/414/17
f 939/415/37 938/415/37 937/415/37
f 941/416/38 944/416/38 942/416/38
f 947/417/37 946/417/37 945/417/37
f 949/418/38 952/418/38 950/418/38
f 955/419/39 954/419/39 953/419/39
f 959/420/39 958/420/39 957/420/39
f 963/421/5 962/422/5 961/423/5
f 967/424/6 966/425/6 965/426/6
f 971/427/5 970/427/5 969/427/5
f 975/428/6 974/428/6 973/428/6
f 977/429/1 980/429/1 978/429/1
f 981/430/1 984/430/1 982/430/1
f 985/431/1 988/432/1 986/431/1
f 989/433/1 992/433/1 990/433/1
f 993/434/1 996/435/1 994/436/1
f 997/437/1 1000/437/1 998/437/1
f 1001/438/1 1004/439/1 1002/440/1
f 1005/441/1 1008/441/1 1006/441/1
f 1009/442/20 1011/443/20 1010/444/20
f 1012/445/19 1015/446/19 1013/447/19
f 1016/448/20 1018/448/20 1017/448/20
f 1019/449/19 1022/449/19 1020/449/19
f 1023/450/38 1026/450/38 1024/450/38
f 1029/451/39 1028/451/39 1027/451/39
f 1031/452/38 1034/452/38 1032/452/38
f 1037/453/39 1036/453/39 1035/453/39
f 1039/454/40 1042/454/40 1040/454/40
f 1043/455/40 1046/455/40 1044/455/40
f 1047/456/1 1050/456/1 1048/456/1
f 1051/457/1 1054/457/1 1052/457/1
f 1055/458/18 1057/459/18 1056/460/18
f 1058/461/18 1060/461/18 1059/461/18
f 1061/462/23 1063/463/23 1062/464/23
f 1064/465/23 1066/465/23 1065/465/23
f 1067/466/41 1070/466/41 1068/466/41
f 1071/467/41 1074/467/41 1072/467/41
f 1075/468/21 1077/469/21 1076/470/21
f 1078/471/21 1080/471/21 1079/471/21
f 1081/472/5 1084/473/5 1082/474/5
f 1085/475/5 1088/475/5 1086/475/5
f 1089/476/23 1091/477/23 1090/478/23
f 1092/479/23 1094/479/23 1093/479/23
f 1097/480/5 1096/481/5 1095/482/5
f 1101/483/5 1100/483/5 1099/483/5
f 1103/484/1 1106/485/1 1104/486/1
f 1107/487/1 1110/487/1 1108/487/1
f 1113/488/6 1112/489/6 1111/490/6
f 1117/491/6 1116/491/6 1115/491/6
f 1121/492/22 1120/493/22 1119/494/22
f 1125/495/22 1124/495/22 1123/495/22
f 1127/496/1 1130/497/1 1128/496/1
f 1131/498/1 1134/499/1 1132/498/1
f 1135/500/1 1138/500/1 1136/500/1
f 1139/501/1 1142/501/1 1140/501/1
f 1143/502/21 1145/503/21 1144/504/21
f 1146/505/21 1148/505/21 1147/505/21
f 1149/506/1 1152/507/1 1150/506/1
f 1153/508/1 1156/508/1 1154/508/1
f 1159/509/6 1158/510/6 1157/511/6
f 1163/512/6 1162/512/6 1161/512/6
f 1165/513/21 1167/514/21 1166/515/21
f 1168/516/21 1170/516/21 1169/516/21
f 1173/517/5 1172/518/5 1171/519/5
f 1177/520/5 1176/520/5 1175/520/5
f 1179/521/22 1182/522/22 1180/523/22
f 1183/524/22 1186/524/22 1184/524/22
f 1187/525/1 1190/526/1 1188/525/1
f 1191/527/1 1194/527/1 1192/527/1
f 1195/528/17 1198/529/17 1196/530/17
f 1199/531/17 1202/531/17 1200/531/17
f 1203/532/1 1206/533/1 1204/532/1
f 1207/534/1 1210/535/1 1208/536/1
f 1211/537/1 1214/537/1 1212/537/1
f 1215/538/1 1218/538/1 1216/538/1
f 1219/539/23 1221/540/23 1220/541/23
f 1222/542/23 1224/542/23 1223/542/23
f 1227/543/42 1226/544/42 1225/545/42
f 1231/546/42 1230/546/42 1229/546/42
f 1233/547/1 1236/548/1 1234/549/1
f 1237/550/1 1240/550/1 1238/550/1
f 1243/551/42 1242/552/42 1241/551/42
f 1247/553/42 1246/553/42 1245/553/42
f 1251/554/42 1250/555/42 1249/554/42
f 1253/556/43 1256/557/43 1254/557/43
f 1259/558/42 1258/558/42 1257/558/42
f 1261/559/43 1264/559/43 1262/559/43
f 1265/560/42 1268/561/42 1266/562/42
f 1269/563/42 1272/563/42 1270/563/42
f 1275/564/42 1274/565/42 1273/564/42
f 1279/566/42 1278/567/42 1277/568/42
f 1281/569/43 1284/570/43 1282/570/43
f 1287/571/42 1286/571/42 1285/571/42
f 1291/572/42 1290/572/42 1289/572/42
f 1293/573/43 1296/573/43 1294/573/43
f 1297/574/7 1299/575/7 1298/576/7
f 1300/577/7 1302/577/7 1301/577/7
f 1303/578/1 1306/579/1 1304/580/1
f 1307/581/1 1310/581/1 1308/581/1
f 1311/582/11 1313/583/11 1312/584/11
f 1314/585/11 1316/585/11 1315/585/11
f 1317/586/11 1319/587/11 1318/588/11
f 1320/589/11 1322/589/11 1321/589/11
f 1323/590/2 1326/591/2 1324/592/2
f 1327/593/2 1330/593/2 1328/593/2
f 1331/594/32 1333/595/32 1332/596/32
f 1334/597/32 1336/597/32 1335/597/32
f 1339/598/2 1338/599/2 1337/600/2
f 1343/601/2 1342/601/2 1341/601/2
f 1347/602/5 1346/603/5 1345/604/5
f 1351/605/5 1350/605/5 1349/605/5
f 1353/606/44 1356/606/44 1354/606/44
f 1357/607/2 1360/608/2 1358/609/2
f 1361/610/44 1364/610/44 1362/610/44
f 1365/611/2 1368/611/2 1366/611/2
f 1369/612/7 1371/613/7 1370/614/7
f 1372/615/7 1374/615/7 1373/615/7
f 1375/616/44 1378/616/44 1376/616/44
f 1379/617/2 1382/618/2 1380/619/2
f 1383/620/44 1386/620/44 1384/620/44
f 1387/621/2 1390/621/2 1388/621/2
f 1391/622/45 1394/623/45 1392/624/45
f 1395/625/45 1398/625/45 1396/625/45
f 1399/626/44 1402/626/44 1400/626/44
f 1403/627/2 1406/628/2 1404/629/2
f 1407/630/44 1410/630/44 1408/630/44
f 1411/631/2 1414/631/2 1412/631/2
f 1415/632/2 1418/633/2 1416/634/2
f 1419/635/2 1422/635/2 1420/635/2
f 1423/636/44 1426/636/44 1424/636/44
f 1427/637/44 1430/637/44 1428/637/44
f 1433/638/15 1432/639/15 1431/640/15
f 1437/641/15 1436/641/15 1435/641/15
f 1439/642/44 1442/642/44 1440/642/44
f 1443/643/2 1446/644/2 1444/645/2
f 1447/646/44 1450/646/44 1448/646/44
f 1451/647/2 1454/647/2 1452/647/2
f 1455/648/11 1457/649/11 1456/650/11
f 1458/651/11 1460/651/11 1459/651/11
f 1463/652/17 1462/653/17 1461/654/17
f 1467/655/17 1466/655/17 1465/655/17
f 1471/656/1 1470/657/1 1469/658/1
f 1475/659/1 1474/659/1 1473/659/1
f 1479/660/1 1478/661/1 1477/662/1
f 1483/663/1 1482/663/1 1481/663/1
f 1485/664/14 1487/665/14 1486/666/14
f 1488/667/14 1490/667/14 1489/667/14
f 1493/668/1 1492/669/1 1491/670/1
f 1497/671/1 1496/671/1 1495/671/1
f 1501/672/1 1500/673/1 1499/674/1
f 1505/675/1 1504/675/1 1503/675/1
f 1507/676/7 1509/677/7 1508/678/7
f 1510/679/7 1512/679/7 1511/679/7
f 1515/680/1 1514/681/1 1513/682/1
f 1519/683/1 1518/683/1 1517/683/1
f 1523/684/17 1522/685/17 1521/685/17
f 1527/686/17 1526/686/17 1525/686/17
f 1529/687/5 1532/688/5 1530/689/5
f 1533/690/5 1536/690/5 1534/690/5
f 1539/691/46 1538/691/46 1537/691/46
f 1543/692/46 1542/692/46 1541/692/46
f 1545/693/1 1548/694/1 1546/695/1
f 1549/696/1 1552/696/1 1550/696/1
f 1553/697/47 1555/698/47 1554/699/47
f 1556/700/47 1558/700/47 1557/700/47
f 1561/701/22 1560/702/22 1559/703/22
f 1565/704/22 1564/704/22 1563/704/22
f 1567/705/18 1569/706/18 1568/707/18
f 1570/708/18 1572/708/18 1571/708/18
f 1573/709/19 1576/710/19 1574/711/19
f 1577/712/19 1580/712/19 1578/712/19
f 1583/713/48 1582/713/48 1581/713/48
f 1587/714/48 1586/714/48 1585/714/48
f 1589/715/22 1592/716/22 1590/717/22
f 1593/718/22 1596/718/22 1594/718/22
f 1597/719/17 1600/720/17 1598/721/17
f 1601/722/17 1604/722/17 1602/722/17
f 1605/723/20 1607/724/20 1606/725/20
f 1608/726/20 1610/726/20 1609/726/20
f 1613/727/49 1612/727/49 1611/727/49
f 1617/728/49 1616/728/49 1615/728/49
f 1619/729/21 1621/730/21 1620/731/21
f 1622/732/21 1624/732/21 1623/732/21
f 1625/733/1 1628/734/1 1626/735/1
f 1629/736/1 1632/736/1 1630/736/1
f 1635/737/50 1634/737/50 1633/737/50
f 1639/738/50 1638/738/50 1637/738/50
f 1641/739/23 1643/740/23 1642/741/23
f 1644/742/23 1646/742/23 1645/742/23
f 1649/743/1 1648/743/1 1647/743/1
f 1653/744/1 1652/744/1 1651/744/1
f 1655/745/51 1658/745/51 1656/745/51
f 1659/746/51 1662/746/51 1660/746/51
f 1663/747/24 1665/748/24 1664/749/24
f 1666/750/24 1668/750/24 1667/750/24
f 1671/751/1 1670/752/1 1669/753/1
f 1675/754/1 1674/754/1 1673/754/1
f 1677/755/50 1680/755/50 1678/755/50
f 1681/756/50 1684/756/50 1682/756/50
f 1685/757/17 1688/758/17 1686/759/17
f 1689/760/17 1692/760/17 1690/760/17
f 1695/761/1 1694/761/1 1693/761/1
f 1699/762/1 1698/762/1 1697/762/1
f 1701/763/52 1704/763/52 1702/763/52
f 1705/764/52 1708/764/52 1706/764/52
f 1709/765/26 1711/766/26 1710/767/26
f 1712/768/26 1714/768/26 1713/768/26
f 1717/769/5 1716/770/5 1715/771/5
f 1721/772/5 1720/772/5 1719/772/5
f 1725/773/1 1724/774/1 1723/775/1
f 1729/776/1 1728/776/1 1727/776/1
f 1731/777/26 1733/778/26 1732/779/26
f 1734/780/26 1736/780/26 1735/780/26
f 1739/781/46 1738/781/46 1737/781/46
f 1743/782/46 1742/782/46 1741/782/46
f 1747/783/53 1746/783/53 1745/783/53
f 1751/784/53 1750/784/53 1749/784/53
f 1753/785/28 1756/786/28 1754/787/28
f 1757/788/28 1760/788/28 1758/788/28
f 1761/789/24 1763/790/24 1762/791/24
f 1764/792/24 1766/792/24 1765/792/24
f 1767/793/54 1769/794/54 1768/795/54
f 1770/796/54 1772/796/54 1771/796/54
f 1773/797/55 1775/798/55 1774/799/55
f 1776/800/55 1778/800/55 1777/800/55
f 1781/801/56 1780/801/56 1779/801/56
f 1785/802/56 1784/802/56 1783/802/56
f 1789/803/17 1788/804/17 1787/805/17
f 1793/806/28 1792/807/28 1791/808/28
f 1797/809/17 1796/809/17 1795/809/17
f 1801/810/28 1800/810/28 1799/810/28
f 1803/811/57 1805/812/57 1804/813/57
f 1806/814/57 1808/814/57 1807/814/57
f 1809/815/14 1811/816/14 1810/817/14
f 1812/818/14 1814/818/14 1813/818/14
f 1817/819/1 1816/820/1 1815/821/1
f 1821/822/1 1820/822/1 1819/822/1
f 1825/823/1 1824/824/1 1823/825/1
f 1829/826/1 1828/826/1 1827/826/1
f 1831/827/32 1833/828/32 1832/829/32
f 1834/830/32 1836/830/32 1835/830/32
f 1837/831/17 1840/832/17 1838/832/17
f 1843/833/1 1842/834/1 1841/835/1
f 1845/836/17 1848/836/17 1846/836/17
f 1851/837/1 1850/837/1 1849/837/1
f 1853/838/1 1856/839/1 1854/840/1
f 1857/841/1 1860/841/1 1858/841/1
f 1861/842/5 1864/843/5 1862/844/5
f 1865/845/5 1868/845/5 1866/845/5
f 1871/846/42 1870/847/42 1869/848/42
f 1875/849/1 1874/850/1 1873/851/1
f 1879/852/42 1878/852/42 1877/852/42
f 1883/853/1 1882/853/1 1881/853/1
f 1885/854/46 1888/854/46 1886/854/46
f 1889/855/46 1892/855/46 1890/855/46
f 1895/856/42 1894/857/42 1893/858/42
f 1897/859/1 1900/860/1 1898/861/1
f 1903/862/42 1902/862/42 1901/862/42
f 1905/863/1 1908/863/1 1906/863/1
f 1909/864/7 1911/865/7 1910/866/7
f 1912/867/7 1914/867/7 1913/867/7
f 1917/868/22 1916/869/22 1915/870/22
f 1921/871/22 1920/871/22 1919/871/22
f 1925/872/42 1924/873/42 1923/874/42
f 1929/875/42 1928/875/42 1927/875/42
f 1931/876/58 1934/876/58 1932/876/58
f 1935/877/58 1938/877/58 1936/877/58
f 1939/878/59 1941/879/59 1940/880/59
f 1942/881/59 1944/881/59 1943/881/59
f 1947/882/42 1946/883/42 1945/884/42
f 1951/885/42 1950/885/42 1949/885/42
f 1953/886/58 1956/886/58 1954/886/58
f 1957/887/58 1960/887/58 1958/887/58
f 1961/888/14 1963/889/14 1962/890/14
f 1964/891/14 1966/891/14 1965/891/14
f 1967/892/17 1970/893/17 1968/894/17
f 1971/895/25 1974/896/25 1972/897/25
f 1975/898/17 1978/898/17 1976/898/17
f 1979/899/25 1982/899/25 1980/899/25
f 1985/900/42 1984/901/42 1983/902/42
f 1989/903/42 1988/903/42 1987/903/42
f 1991/904/58 1994/904/58 1992/904/58
f 1995/905/58 1998/905/58 1996/905/58
f 1999/906/1 2002/907/1 2000/908/1
f 2003/909/1 2006/909/1 2004/909/1
f 2007/910/58 2010/910/58 2008/910/58
f 2011/911/58 2014/911/58 2012/911/58
f 2017/912/58 2016/912/58 2015/912/58
f 2021/913/58 2020/913/58 2019/913/58
f 2023/914/60 2025/915/60 2024/916/60
f 2026/917/60 2028/917/60 2027/917/60
f 2029/918/14 2031/919/14 2030/920/14
f 2032/921/14 2034/921/14 2033/921/14
f 2037/922/5 2036/923/5 2035/924/5
f 2041/925/5 2040/925/5 2039/925/5
f 2043/926/32 2045/927/32 2044/928/32
f 2046/929/32 2048/929/32 2047/929/32
f 2049/930/28 2052/931/28 2050/932/28
f 2053/933/28 2056/933/28 2054/933/28
f 2057/934/32 2059/935/32 2058/936/32
f 2060/937/32 2062/937/32 2061/937/32
f 2065/938/17 2064/939/17 2063/940/17
f 2069/941/28 2068/942/28 2067/943/28
f 2073/944/17 2072/944/17 2071/944/17
f 2077/945/28 2076/945/28 2075/945/28
f 2079/946/1 2082/947/1 2080/948/1
f 2083/949/1 2086/949/1 2084/949/1
f 2087/950/11 2089/951/11 2088/952/11
f 2090/953/11 2092/953/11 2091/953/11
f 2093/954/61 2095/955/61 2094/956/61
f 2096/957/61 2098/957/61 2097/957/61
f 2099/958/5 2102/959/5 2100/960/5
f 2103/961/5 2106/961/5 2104/961/5
f 2107/962/20 2109/963/20 2108/964/20
f 2110/965/20 2112/965/20 2111/965/20
f 2113/966/1 2116/967/1 2114/968/1
f 2117/969/1 2120/969/1 2118/969/1
f 2121/970/19 2124/971/19 2122/972/19
f 2125/973/19 2128/973/19 2126/973/19
f 2131/974/22 2130/975/22 2129/976/22
f 2135/977/22 2134/977/22 2133/977/22
f 2137/978/18 2139/979/18 2138/980/18
f 2140/981/18 2142/981/18 2141/981/18
f 2143/982/23 2145/983/23 2144/984/23
f 2146/985/23 2148/985/23 2147/985/23
f 2149/986/25 2152/987/25 2150/988/25
f 2153/989/25 2156/989/25 2154/989/25
f 2157/990/17 2160/991/17 2158/992/17
f 2161/993/17 2164/993/17 2162/993/17
f 2165/994/21 2167/995/21 2166/996/21
f 2168/997/21 2170/997/21 2169/997/21
f 2171/998/23 2173/999/23 2172/1000/23
f 2174/1001/23 2176/1001/23 2175/1001/23
f 2179/1002/42 2178/1003/42 2177/1004/42
f 2183/1005/42 2182/1005/42 2181/1005/42
f 2185/1006/1 2188/1007/1 2186/1008/1
f 2189/1009/1 2192/1009/1 2190/1009/1
f 2193/1010/21 2195/1011/21 2194/1012/21
f 2196/1013/21 2198/1013/21 2197/1013/21
f 2199/1014/42 2202/1015/42 2200/1016/42
f 2203/1017/42 2206/1017/42 2204/1017/42
f 2207/1018/62 2209/1019/62 2208/1020/62
f 2210/1021/62 2212/1021/62 2211/1021/62
f 2213/1022/21 2215/1023/21 2214/1024/21
f 2216/1025/21 2218/1025/21 2217/1025/21
f 2219/1026/23 2221/1027/23 2220/1028/23
f 2222/1029/23 2224/1029/23 2223/1029/23
f 2225/1030/63 2227/1031/63 2226/1032/63
f 2228/1033/63 2230/1033/63 2229/1033/63
f 2231/1034/1 2234/1035/1 2232/1036/1
f 2235/1037/64 2237/1038/64 2236/1039/64
f 2238/1040/64 2240/1040/64 2239/1040/64
f 2241/1041/7 2243/1042/7 2242/1043/7
f 2244/1044/7 2246/1044/7 2245/1044/7
f 2247/1045/1 2250/1046/1 2248/1047/1
f 2251/1048/11 2253/1049/11 2252/1050/11
f 2254/1051/11 2256/1051/11 2255/1051/11
f 2257/1052/1 2260/1053/1 2258/1054/1
f 2261/1055/1 2264/1055/1 2262/1055/1
f 2265/1056/11 2267/1057/11 2266/1058/11
f 2268/1059/11 2270/1059/11 2269/1059/11
f 2273/1060/44 2272/1060/44 2271/1060/44
f 2275/1061/2 2278/1062/2 2276/1063/2
f 2281/1064/44 2280/1064/44 2279/1064/44
f 2283/1065/2 2286/1065/2 2284/1065/2
f 2287/1066/32 2289/1067/32 2288/1068/32
f 2290/1069/32 2292/1069/32 2291/1069/32
f 2293/1070/65 2296/1070/65 2294/1070/65
f 2297/1071/2 2300/1072/2 2298/1073/2
f 2301/1074/65 2304/1074/65 2302/1074/65
f 2305/1075/2 2308/1075/2 2306/1075/2
f 2309/1076/1 2312/1077/1 2310/1078/1
f 2313/1079/1 2316/1079/1 2314/1079/1
f 2317/1080/2 2320/1081/2 2318/1082/2
f 2321/1083/2 2324/1083/2 2322/1083/2
f 2325/1084/54 2327/1085/54 2326/1086/54
f 2328/1087/54 2330/1087/54 2329/1087/54
f 2331/1088/44 2334/1088/44 2332/1088/44
f 2335/1089/44 2338/1089/44 2336/1089/44
f 2339/1090/44 2342/1090/44 2340/1090/44
f 2343/1091/2 2346/1092/2 2344/1093/2
f 2347/1094/44 2350/1094/44 2348/1094/44
f 2351/1095/2 2354/1095/2 2352/1095/2
f 2355/1096/66 2357/1097/66 2356/1098/66
f 2358/1099/66 2360/1099/66 2359/1099/66
f 2361/1100/44 2364/1100/44 2362/1100/44
f 2365/1101/2 2368/1102/2 2366/1103/2
f 2369/1104/44 2372/1104/44 2370/1104/44
f 2373/1105/2 2376/1105/2 2374/1105/2
f 2377/1106/44 2380/1106/44 2378/1106/44
f 2381/1107/2 2384/1108/2 2382/1109/2
f 2385/1110/44 2388/1110/44 2386/1110/44
f 2389/1111/2 2392/1111/2 2390/1111/2
f 2395/1112/5 2394/1113/5 2393/1112/5
f 2399/1114/5 2398/1114/5 2397/1114/5
f 2401/1115/1 2404/1116/1 2402/1117/1
f 2405/1118/1 2408/1118/1 2406/1118/1
f 2409/1119/44 2412/1119/44 2410/1119/44
f 2413/1120/2 2416/1121/2 2414/1122/2
f 2417/1123/44 2420/1123/44 2418/1123/44
f 2421/1124/2 2424/1124/2 2422/1124/2
f 2425/1125/67 2428/1125/67 2426/1125/67
f 2429/1126/67 2432/1126/67 2430/1126/67
f 2433/1127/7 2435/1128/7 2434/1129/7
f 2438/1130/1 2437/1131/1 2436/1132/1
f 2442/1133/1 2441/1133/1 2440/1133/1
f 2444/1134/44 2447/1134/44 2445/1134/44
f 2448/1135/2 2451/1136/2 2449/1137/2
f 2452/1138/44 2455/1138/44 2453/1138/44
f 2456/1139/2 2459/1139/2 2457/1139/2
f 2462/1140/1 2461/1141/1 2460/1142/1
f 2466/1143/1 2465/1143/1 2464/1143/1
f 2468/1144/44 2471/1144/44 2469/1144/44
f 2472/1145/2 2475/1146/2 2473/1147/2
f 2476/1148/44 2479/1148/44 2477/1148/44
f 2480/1149/2 2483/1149/2 2481/1149/2
f 2484/1150/2 2487/1151/2 2485/1152/2
f 2488/1153/2 2491/1153/2 2489/1153/2
f 2494/1154/1 2493/1155/1 2492/1156/1
f 2498/1157/1 2497/1157/1 2496/1157/1
f 2500/1158/11 2502/1159/11 2501/1160/11
f 2503/1161/44 2506/1161/44 2504/1161/44
f 2507/1162/44 2510/1162/44 2508/1162/44
f 2513/1163/1 2512/1164/1 2511/1165/1
f 2517/1166/1 2516/1166/1 2515/1166/1
f 2521/1167/1 2520/1168/1 2519/1169/1
f 2525/1170/1 2524/1170/1 2523/1170/1
f 2527/1171/14 2529/1172/14 2528/1173/14
f 2532/1174/1 2531/1175/1 2530/1176/1
f 2536/1177/1 2535/1177/1 2534/1177/1
f 2540/1178/1 2539/1179/1 2538/1180/1
f 2544/1181/1 2543/1181/1 2542/1181/1
f 2548/1182/1 2547/1183/1 2546/1184/1
f 2552/1185/1 2551/1185/1 2550/1185/1
f 2554/1186/7 2556/1187/7 2555/1188/7
f 2557/1189/68 2560/1189/68 2558/1189/68
f 2561/1190/68 2564/1190/68 2562/1190/68
f 2567/1191/1 2566/1192/1 2565/1193/1
f 2571/1194/1 2570/1194/1 2569/1194/1
f 2575/1195/17 2574/1196/17 2573/1196/17
f 2579/1197/17 2578/1197/17 2577/1197/17
f 2583/1198/46 2582/1198/46 2581/1198/46
f 2587/1199/46 2586/1199/46 2585/1199/46
f 2591/1200/5 2590/1201/5 2589/1202/5
f 2595/1203/5 2594/1203/5 2593/1203/5
f 2599/1204/69 2598/1204/69 2597/1204/69
f 2603/1205/69 2602/1205/69 2601/1205/69
f 2605/1206/1 2608/1207/1 2606/1208/1
f 2609/1209/1 2612/1209/1 2610/1209/1
f 2615/1210/67 2614/1210/67 2613/1210/67
f 2619/1211/67 2618/1211/67 2617/1211/67
f 2621/1212/47 2623/1213/47 2622/1214/47
f 2624/1215/47 2626/1215/47 2625/1215/47
f 2629/1216/1 2628/1217/1 2627/1218/1
f 2633/1219/1 2632/1219/1 2631/1219/1
f 2635/1220/70 2638/1220/70 2636/1220/70
f 2639/1221/70 2642/1221/70 2640/1221/70
f 2643/1222/18 2645/1223/18 2644/1224/18
f 2648/1225/1 2647/1225/1 2646/1225/1
f 2652/1226/1 2651/1226/1 2650/1226/1
f 2654/1227/71 2657/1227/71 2655/1227/71
f 2658/1228/71 2661/1228/71 2659/1228/71
f 2662/1229/19 2665/1230/19 2663/1231/19
f 2668/1232/72 2667/1232/72 2666/1232/72
f 2672/1233/72 2671/1233/72 2670/1233/72
f 2676/1234/1 2675/1235/1 2674/1236/1
f 2680/1237/1 2679/1237/1 2678/1237/1
f 2682/1238/50 2685/1238/50 2683/1238/50
f 2686/1239/50 2689/1239/50 2687/1239/50
f 2690/1240/20 2692/1241/20 2691/1242/20
f 2695/1243/1 2694/1243/1 2693/1243/1
f 2699/1244/1 2698/1244/1 2697/1244/1
f 2701/1245/68 2704/1245/68 2702/1245/68
f 2705/1246/68 2708/1246/68 2706/1246/68
f 2709/1247/52 2712/1247/52 2710/1247/52
f 2713/1248/52 2716/1248/52 2714/1248/52
f 2717/1249/21 2719/1250/21 2718/1251/21
f 2720/1252/1 2723/1253/1 2721/1254/1
f 2724/1255/1 2727/1255/1 2725/1255/1
f 2728/1256/1 2731/1257/1 2729/1258/1
f 2732/1259/1 2735/1259/1 2733/1259/1
f 2738/1260/73 2737/1260/73 2736/1260/73
f 2742/1261/73 2741/1261/73 2740/1261/73
f 2744/1262/50 2747/1262/50 2745/1262/50
f 2748/1263/50 2751/1263/50 2749/1263/50
f 2752/1264/23 2754/1265/23 2753/1266/23
f 2757/1267/1 2756/1267/1 2755/1267/1
f 2761/1268/1 2760/1268/1 2759/1268/1
f 2763/1269/51 2766/1269/51 2764/1269/51
f 2767/1270/51 2770/1270/51 2768/1270/51
f 2771/1271/24 2773/1272/24 2772/1273/24
f 2776/1274/1 2775/1275/1 2774/1276/1
f 2780/1277/1 2779/1277/1 2778/1277/1
f 2784/1278/74 2783/1278/74 2782/1278/74
f 2788/1279/74 2787/1279/74 2786/1279/74
f 2790/1280/75 2793/1280/75 2791/1280/75
f 2794/1281/75 2797/1281/75 2795/1281/75
f 2800/1282/1 2799/1282/1 2798/1282/1
f 2802/1283/17 2805/1284/17 2803/1285/17
f 2808/1286/1 2807/1286/1 2806/1286/1
f 2810/1287/17 2813/1287/17 2811/1287/17
f 2814/1288/71 2817/1288/71 2815/1288/71
f 2818/1289/71 2821/1289/71 2819/1289/71
f 2822/1290/26 2824/1291/26 2823/1292/26
f 2827/1293/1 2826/1294/1 2825/1295/1
f 2831/1296/1 2830/1296/1 2829/1296/1
f 2833/1297/5 2836/1298/5 2834/1297/5
f 2837/1299/5 2840/1299/5 2838/1299/5
f 2841/1300/26 2843/1301/26 2842/1302/26
f 2846/1303/76 2845/1303/76 2844/1303/76
f 2850/1304/76 2849/1304/76 2848/1304/76
f 2854/1305/77 2853/1305/77 2852/1305/77
f 2858/1306/77 2857/1306/77 2856/1306/77
f 2862/1307/78 2861/1307/78 2860/1307/78
f 2866/1308/78 2865/1308/78 2864/1308/78
f 2868/1309/24 2870/1310/24 2869/1311/24
f 2871/1312/79 2873/1313/79 2872/1314/79
f 2874/1315/79 2876/1315/79 2875/1315/79
f 2879/1316/1 2878/1317/1 2877/1318/1
f 2883/1319/1 2882/1319/1 2881/1319/1
f 2885/1320/55 2887/1321/55 2886/1322/55
f 2888/1323/55 2890/1323/55 2889/1323/55
f 2893/1324/56 2892/1324/56 2891/1324/56
f 2897/1325/56 2896/1325/56 2895/1325/56
f 2901/1326/1 2900/1327/1 2899/1328/1
f 2905/1329/1 2904/1329/1 2903/1329/1
f 2909/1330/1 2908/1331/1 2907/1332/1
f 2913/1333/1 2912/1333/1 2911/1333/1
f 2915/1334/57 2917/1335/57 2916/1336/57
f 2918/1337/57 2920/1337/57 2919/1337/57
f 2923/1338/1 2922/1339/1 2921/1340/1
f 2927/1341/1 2926/1341/1 2925/1341/1
f 2931/1342/42 2930/1343/42 2929/1344/42
f 2935/1345/42 2934/1345/42 2933/1345/42
f 2937/1346/14 2939/1347/14 2938/1348/14
f 2942/1349/42 2941/1350/42 2940/1351/42
f 2946/1352/1 2945/1353/1 2944/1354/1
f 2950/1355/42 2949/1355/42 2948/1355/42
f 2954/1356/1 2953/1356/1 2952/1356/1
f 2958/1357/1 2957/1358/1 2956/1359/1
f 2962/1360/1 2961/1360/1 2960/1360/1
f 2966/1361/42 2965/1362/42 2964/1363/42
f 2970/1364/42 2969/1364/42 2968/1364/42
f 2972/1365/58 2975/1365/58 2973/1365/58
f 2976/1366/58 2979/1366/58 2977/1366/58
f 2982/1367/1 2981/1368/1 2980/1369/1
f 2986/1370/1 2985/1370/1 2984/1370/1
f 2990/1371/42 2989/1372/42 2988/1373/42
f 2994/1374/42 2993/1374/42 2992/1374/42
f 2996/1375/58 2999/1375/58 2997/1375/58
f 3000/1376/58 3003/1376/58 3001/1376/58
f 3004/1377/32 3006/1378/32 3005/1379/32
f 3007/1380/17 3010/1381/17 3008/1381/17
f 3011/1382/17 3014/1382/17 3012/1382/17
f 3017/1383/1 3016/1384/1 3015/1385/1
f 3021/1386/1 3020/1386/1 3019/1386/1
f 3025/1387/42 3024/1388/42 3023/1389/42
f 3029/1390/42 3028/1390/42 3027/1390/42
f 3031/1391/58 3034/1391/58 3032/1391/58
f 3035/1392/58 3038/1392/58 3036/1392/58
f 3039/1393/1 3042/1394/1 3040/1395/1
f 3043/1396/1 3046/1396/1 3044/1396/1
f 3049/1397/42 3048/1398/42 3047/1399/42
f 3053/1400/1 3052/1401/1 3051/1402/1
f 3057/1403/42 3056/1403/42 3055/1403/42
f 3061/1404/1 3060/1404/1 3059/1404/1
f 3063/1405/58 3066/1405/58 3064/1405/58
f 3067/1406/58 3070/1406/58 3068/1406/58
f 3071/1407/46 3074/1407/46 3072/1407/46
f 3075/1408/46 3078/1408/46 3076/1408/46
f 3081/1409/42 3080/1410/42 3079/1411/42
f 3083/1412/1 3086/1413/1 3084/1414/1
f 3089/1415/42 3088/1415/42 3087/1415/42
f 3091/1416/1 3094/1416/1 3092/1416/1
f 3095/1417/7 3097/1418/7 3096/1419/7
f 3098/1420/58 3101/1420/58 3099/1420/58
f 3102/1421/58 3105/1421/58 3103/1421/58
f 3108/1422/42 3107/1423/42 3106/1424/42
f 3112/1425/42 3111/1425/42 3110/1425/42
f 3114/1426/58 3117/1426/58 3115/1426/58
f 3118/1427/58 3121/1427/58 3119/1427/58
f 3122/1428/59 3124/1429/59 3123/1430/59
f 3125/1431/59 3127/1431/59 3126/1431/59
f 3130/1432/42 3129/1433/42 3128/1434/42
f 3134/1435/42 3133/1435/42 3132/1435/42
f 3136/1436/58 3139/1436/58 3137/1436/58
f 3140/1437/58 3143/1437/58 3141/1437/58
f 3144/1438/14 3146/1439/14 3145/1440/14
f 3149/1441/42 3148/1442/42 3147/1443/42
f 3153/1444/42 3152/1444/42 3151/1444/42
f 3155/1445/1 3158/1446/1 3156/1447/1
f 3159/1448/1 3162/1448/1 3160/1448/1
f 3163/1449/58 3166/1449/58 3164/1449/58
f 3167/1450/58 3170/1450/58 3168/1450/58
f 3171/1451/58 3174/1451/58 3172/1451/58
f 3175/1452/58 3178/1452/58 3176/1452/58
f 3179/1453/60 3181/1454/60 3180/1455/60
f 3182/1456/60 3184/1456/60 3183/1456/60
f 3187/1457/58 3186/1457/58 3185/1457/58
f 3191/1458/58 3190/1458/58 3189/1458/58
f 3193/1459/14 3195/1460/14 3194/1461/14
f 3196/1462/32 3198/1463/32 3197/1464/32
f 3199/1465/32 3201/1466/32 3200/1467/32
f 3202/1468/1 3205/1469/1 3203/1470/1
f 3206/1471/1 3209/1471/1 3207/1471/1
f 3210/1472/11 3212/1473/11 3211/1474/11
f 3213/1475/61 3215/1476/61 3214/1477/61
f 3216/1478/61 3218/1478/61 3217/1478/61
f 3219/1479/1 3222/1480/1 3220/1481/1
f 3223/1482/20 3225/1483/20 3224/1484/20
f 3226/1485/19 3229/1486/19 3227/1487/19
f 3230/1488/18 3232/1489/18 3231/1490/18
f 3233/1491/23 3235/1492/23 3234/1493/23
f 3236/1494/21 3238/1495/21 3237/1496/21
f 3241/1497/5 3240/1497/5 3239/1497/5
f 3245/1498/5 3244/1499/5 3243/1500/5
f 3249/1501/5 3248/1501/5 3247/1501/5
f 3253/1502/5 3252/1502/5 3251/1502/5
f 3255/1503/23 3257/1504/23 3256/1505/23
f 3258/1506/1 3261/1507/1 3259/1508/1
f 3262/1509/21 3264/1510/21 3263/1511/21
f 3267/1512/80 3266/1513/80 3265/1514/80
f 3271/1515/80 3270/1515/80 3269/1515/80
f 3273/1516/62 3275/1517/62 3274/1518/62
f 3276/1519/62 3278/1519/62 3277/1519/62
f 3279/1520/21 3281/1521/21 3280/1522/21
f 3284/1523/81 3283/1524/81 3282/1525/81
f 3288/1526/81 3287/1526/81 3286/1526/81
f 3290/1527/23 3292/1528/23 3291/1529/23
f 3293/1530/63 3295/1531/63 3294/1532/63
f 3296/1533/63 3298/1533/63 3297/1533/63
f 3301/1534/82 3300/1535/82 3299/1536/82
f 3305/1537/82 3304/1537/82 3303/1537/82
f 3307/1538/1 3310/1539/1 3308/1540/1
f 3313/1541/83 3312/1542/83 3311/1543/83
f 3317/1544/83 3316/1544/83 3315/1544/83
f 3321/1545/84 3320/1546/84 3319/1547/84
f 3325/1548/85 3324/1549/85 3323/1550/85
f 3329/1551/84 3328/1551/84 3327/1551/84
f 3333/1552/85 3332/1552/85 3331/1552/85
f 3335/1553/64 3337/1554/64 3336/1555/64
f 3338/1556/64 3340/1556/64 3339/1556/64
f 3341/1557/7 3343/1558/7 3342/1559/7
f 3344/1560/1 3347/1561/1 3345/1562/1
f 3348/1563/11 3350/1564/11 3349/1565/11
f 3351/1566/1 3354/1567/1 3352/1568/1
f 3355/1569/1 3358/1569/1 3356/1569/1
f 3359/1570/11 3361/1571/11 3360/1572/11
f 3362/1573/32 3364/1574/32 3363/1575/32
f 3365/1576/1 3368/1577/1 3366/1578/1
f 3369/1579/1 3372/1579/1 3370/1579/1
f 3373/1580/79 3375/1581/79 3374/1582/79
f 3376/1583/79 3378/1583/79 3377/1583/79
f 3379/1584/66 3381/1585/66 3380/1586/66
f 3382/1587/66 3384/1587/66 3383/1587/66
f 3385/1588/7 3387/1589/7 3386/1590/7
f 3388/1591/11 3390/1592/11 3389/1593/11
f 3391/1594/14 3393/1595/14 3392/1596/14
f 3394/1597/7 3396/1598/7 3395/1599/7
f 3397/1600/1 3400/1601/1 3398/1602/1
f 3401/1603/47 3403/1604/47 3402/1605/47
f 3404/1606/18 3406/1607/18 3405/1608/18
f 3407/1609/19 3410/1610/19 3408/1611/19
f 3411/1612/20 3413/1613/20 3412/1614/20
f 3414/1615/21 3416/1616/21 3415/1617/21
f 3417/1618/23 3419/1619/23 3418/1620/23
f 3420/1621/24 3422/1622/24 3421/1623/24
f 3423/1624/26 3425/1625/26 3424/1626/26
f 3426/1627/26 3428/1628/26 3427/1629/26
f 3429/1630/24 3431/1631/24 3430/1632/24
f 3432/1633/54 3434/1634/54 3433/1635/54
f 3435/1636/55 3437/1637/55 3436/1638/55
f 3438/1639/57 3440/1640/57 3439/1641/57
f 3441/1642/14 3443/1643/14 3442/1644/14
f 3444/1645/32 3446/1646/32 3445/1647/32
f 3447/1648/1 3450/1649/1 3448/1650/1
f 3451/1651/7 3453/1652/7 3452/1653/7
f 3454/1654/59 3456/1655/59 3455/1656/59
f 3457/1657/14 3459/1658/14 3458/1659/14
f 3460/1660/1 3463/1661/1 3461/1662/1
f 3464/1663/60 3466/1664/60 3465/1665/60
f 3467/1666/14 3469/1667/14 3468/1668/14
f 3470/1669/32 3472/1670/32 3471/1671/32
f 3473/1672/32 3475/1673/32 3474/1674/32
f 3476/1675/11 3478/1676/11 3477/1677/11
f 3479/1678/61 3481/1679/61 3480/1680/61
f 3482/1681/20 3484/1682/20 3483/1683/20
f 3485/1684/19 3488/1685/19 3486/1686/19
f 3489/1687/1 3492/1688/1 3490/1689/1
f 3493/1690/18 3495/1691/18 3494/1692/18
f 3496/1693/23 3498/1694/23 3497/1695/23
f 3499/1696/21 3501/1697/21 3500/1698/21
f 3504/1699/5 3503/1699/5 3502/1699/5
f 3508/1700/5 3507/1701/5 3506/1702/5
f 3512/1703/5 3511/1703/5 3510/1703/5
f 3516/1704/5 3515/1704/5 3514/1704/5
f 3518/1705/23 3520/1706/23 3519/1707/23
f 3521/1708/1 3524/1709/1 3522/1710/1
f 3525/1711/21 3527/1712/21 3526/1713/21
f 3530/1714/80 3529/1715/80 3528/1716/80
f 3534/1717/80 3533/1717/80 3532/1717/80
f 3536/1718/62 3538/1719/62 3537/1720/62
f 3539/1721/21 3541/1722/21 3540/1723/21
f 3544/1724/86 3543/1725/86 3542/1726/86
f 3548/1727/86 3547/1727/86 3546/1727/86
f 3550/1728/23 3552/1729/23 3551/1730/23
f 3553/1731/63 3555/1732/63 3554/1733/63
f 3556/1734/2 3559/1735/2 3557/1736/2
f 3562/1737/82 3561/1738/82 3560/1739/82
f 3566/1740/82 3565/1740/82 3564/1740/82
f 3568/1741/1 3571/1742/1 3569/1743/1
f 3574/1744/83 3573/1745/83 3572/1746/83
f 3578/1747/83 3577/1747/83 3576/1747/83
f 3580/1748/64 3582/1749/64 3581/1750/64
f 3585/1751/84 3584/1752/84 3583/1753/84
f 3589/1754/85 3588/1755/85 3587/1756/85
f 3593/1757/84 3592/1757/84 3591/1757/84
f 3597/1758/85 3596/1758/85 3595/1758/85
f 3601/1759/2 3600/1760/2 3599/1761/2
f 3605/1762/87 3604/1763/87 3603/1764/87
f 3609/1765/87 3608/1765/87 3607/1765/87
f 3611/1766/7 3613/1767/7 3612/1768/7
f 3614/1769/2 3617/1770/2 3615/1771/2
f 3618/1772/88 3621/1773/88 3619/1773/88
f 3624/1774/5 3623/1775/5 3622/1776/5
f 3626/1777/2 3629/1778/2 3627/1778/2
f 3632/1779/89 3631/1780/89 3630/1781/89
f 3636/1782/89 3635/1782/89 3634/1782/89
f 3638/1783/1 3641/1784/1 3639/1785/1
f 3642/1786/11 3644/1787/11 3643/1788/11
f 3645/1789/2 3648/1790/2 3646/1790/2
f 3649/1791/90 3652/1792/90 3650/1792/90
f 3653/1793/45 3656/1794/45 3654/1795/45
f 3657/1796/2 3660/1797/2 3658/1797/2
f 3663/1798/91 3662/1799/91 3661/1800/91
f 3667/1801/91 3666/1801/91 3665/1801/91
f 3669/1802/2 3672/1802/2 3670/1802/2
f 3675/1803/92 3674/1804/92 3673/1805/92
f 3679/1806/92 3678/1806/92 3677/1806/92
f 3681/1807/1 3684/1808/1 3682/1809/1
f 3685/1810/5 3688/1810/5 3686/1810/5
f 3691/1811/93 3690/1812/93 3689/1813/93
f 3695/1814/94 3694/1815/94 3693/1816/94
f 3699/1817/93 3698/1817/93 3697/1817/93
f 3703/1818/94 3702/1818/94 3701/1818/94
f 3705/1819/11 3707/1820/11 3706/1821/11
f 3710/1822/45 3709/1823/45 3708/1824/45
f 3714/1825/17 3713/1826/17 3712/1827/17
f 3716/1828/95 3719/1829/95 3717/1830/95
f 3720/1831/17 3723/1832/17 3721/1833/17
f 3726/1834/96 3725/1835/96 3724/1836/96
f 3728/1837/17 3731/1837/17 3729/1837/17
f 3732/1838/32 3734/1839/32 3733/1840/32
f 3735/1841/1 3738/1842/1 3736/1841/1
f 3739/1843/1 3742/1844/1 3740/1845/1
f 3745/1846/42 3744/1847/42 3743/1848/42
f 3747/1849/1 3750/1850/1 3748/1851/1
f 3751/1852/1 3754/1853/1 3752/1852/1
f 3755/1854/54 3757/1855/54 3756/1856/54
f 3760/1857/96 3759/1858/96 3758/1859/96
f 3762/1860/17 3765/1861/17 3763/1862/17
f 3766/1863/1 3769/1864/1 3767/1863/1
f 3770/1865/66 3772/1866/66 3771/1867/66
f 3773/1868/1 3776/1869/1 3774/1868/1
f 3777/1870/1 3780/1871/1 3778/1870/1
f 3781/1872/2 3784/1872/2 3782/1872/2
f 3785/1873/5 3788/1874/5 3786/1875/5
f 3789/1876/5 3792/1876/5 3790/1876/5
f 3793/1877/7 3795/1878/7 3794/1879/7
f 3798/1880/22 3797/1881/22 3796/1882/22
f 3800/1883/95 3803/1884/95 3801/1885/95
f 3804/1886/11 3806/1887/11 3805/1888/11
f 3807/1889/17 3810/1889/17 3808/1889/17
f 3811/1890/25 3814/1891/25 3812/1892/25
f 3815/1893/97 3818/1893/97 3816/1893/97
f 3819/1894/17 3822/1895/17 3820/1896/17
f 3823/1897/17 3826/1898/17 3824/1899/17
f 3829/1900/96 3828/1901/96 3827/1902/96
f 3833/1903/42 3832/1904/42 3831/1905/42
f 3835/1906/1 3838/1907/1 3836/1908/1
f 3839/1909/1 3842/1910/1 3840/1909/1
f 3845/1911/98 3844/1911/98 3843/1911/98
f 3847/1912/99 3850/1912/99 3848/1912/99
f 3853/1913/96 3852/1914/96 3851/1915/96
f 3855/1916/14 3857/1917/14 3856/1918/14
f 3858/1919/100 3861/1919/100 3859/1919/100
f 3862/1920/17 3865/1921/17 3863/1922/17
f 3866/1923/1 3869/1923/1 3867/1923/1
f 3870/1924/1 3873/1925/1 3871/1924/1
f 3874/1926/1 3877/1927/1 3875/1926/1
f 3878/1928/100 3881/1928/100 3879/1928/100
f 3884/1929/101 3883/1929/101 3882/1929/101
f 3888/1930/102 3887/1930/102 3886/1930/102
f 3890/1931/7 3892/1932/7 3891/1933/7
f 3893/1934/1 3896/1934/1 3894/1934/1
f 3899/1935/103 3898/1935/103 3897/1935/103
f 3903/1936/5 3902/1937/5 3901/1938/5
f 3905/1939/1 3908/1940/1 3906/1941/1
f 3909/1942/47 3911/1943/47 3910/1944/47
f 3912/1945/28 3915/1946/28 3913/1947/28
f 3916/1948/18 3918/1949/18 3917/1950/18
f 3919/1951/19 3922/1952/19 3920/1953/19
f 3925/1954/17 3924/1955/17 3923/1956/17
f 3929/1957/28 3928/1958/28 3927/1959/28
f 3931/1960/20 3933/1961/20 3932/1962/20
f 3936/1963/96 3935/1964/96 3934/1965/96
f 3938/1966/21 3940/1967/21 3939/1968/21
f 3941/1969/17 3944/1970/17 3942/1971/17
f 3945/1972/1 3948/1973/1 3946/1974/1
f 3949/1975/1 3952/1976/1 3950/1975/1
f 3953/1977/2 3956/1977/2 3954/1977/2
f 3957/1978/1 3960/1979/1 3958/1978/1
f 3961/1980/1 3964/1981/1 3962/1980/1
f 3967/1982/96 3966/1983/96 3965/1984/96
f 3969/1985/5 3972/1985/5 3970/1985/5
f 3973/1986/23 3975/1987/23 3974/1988/23
f 3976/1989/17 3979/1990/17 3977/1991/17
f 3980/1992/1 3983/1993/1 3981/1992/1
f 3984/1994/24 3986/1995/24 3985/1996/24
f 3987/1997/1 3990/1998/1 3988/1997/1
f 3991/1999/1 3994/2000/1 3992/1999/1
f 3995/2001/42 3998/2001/42 3996/2001/42
f 3999/2002/42 4002/2003/42 4000/2004/42
f 4003/2005/42 4006/2005/42 4004/2005/42
f 4007/2006/42 4010/2006/42 4008/2006/42
f 4011/2007/95 4014/2008/95 4012/2009/95
f 4015/2010/42 4018/2010/42 4016/2010/42
f 4019/2011/42 4022/2012/42 4020/2013/42
f 4023/2014/42 4026/2014/42 4024/2014/42
f 4027/2015/42 4030/2015/42 4028/2015/42
f 4031/2016/1 4033/2017/1 4032/2018/1
f 4034/2019/26 4036/2020/26 4035/2021/26
f 4037/2022/17 4040/2022/17 4038/2022/17
f 4041/2023/42 4044/2023/42 4042/2023/42
f 4045/2024/42 4048/2025/42 4046/2026/42
f 4049/2027/42 4052/2027/42 4050/2027/42
f 4053/2028/42 4056/2028/42 4054/2028/42
f 4057/2029/26 4059/2030/26 4058/2031/26
f 4060/2032/5 4063/2033/5 4061/2034/5
f 4066/2035/42 4065/2036/42 4064/2037/42
f 4068/2038/42 4070/2039/42 4069/2040/42
f 4071/2041/42 4074/2041/42 4072/2041/42
f 4075/2042/42 4078/2043/42 4076/2044/42
f 4079/2045/42 4081/2045/42 4080/2045/42
f 4082/2046/42 4085/2046/42 4083/2046/42
f 4086/2047/42 4089/2047/42 4087/2047/42
f 4090/2048/42 4093/2049/42 4091/2050/42
f 4094/2051/42 4097/2051/42 4095/2051/42
f 4098/2052/42 4101/2052/42 4099/2052/42
f 4102/2053/42 4105/2054/42 4103/2055/42
f 4106/2056/42 4109/2056/42 4107/2056/42
f 4110/2057/42 4113/2057/42 4111/2057/42
f 4114/2058/24 4116/2059/24 4115/2060/24
f 4119/2061/25 4118/2062/25 4117/2063/25
f 4123/2064/1 4122/2065/1 4121/2066/1
f 4125/2067/54 4127/2068/54 4126/2069/54
f 4128/2070/42 4131/2070/42 4129/2070/42
f 4132/2071/42 4135/2072/42 4133/2073/42
f 4136/2074/42 4139/2075/42 4137/2076/42
f 4140/2077/42 4143/2077/42 4141/2077/42
f 4144/2078/42 4147/2078/42 4145/2078/42
f 4148/2079/42 4151/2079/42 4149/2079/42
f 4152/2080/55 4154/2081/55 4153/2082/55
f 4155/2083/42 4158/2083/42 4156/2083/42
f 4159/2084/42 4162/2085/42 4160/2086/42
f 4163/2087/42 4166/2087/42 4164/2087/42
f 4167/2088/42 4170/2088/42 4168/2088/42
f 4171/2089/42 4174/2090/42 4172/2091/42
f 4175/2092/42 4178/2092/42 4176/2092/42
f 4179/2093/2 4182/2093/2 4180/2093/2
f 4183/2094/17 4186/2095/17 4184/2096/17
f 4187/2097/25 4190/2098/25 4188/2099/25
f 4191/2100/42 4194/2100/42 4192/2100/42
f 4195/2101/42 4198/2102/42 4196/2103/42
f 4199/2104/42 4202/2104/42 4200/2104/42
f 4203/2105/42 4206/2105/42 4204/2105/42
f 4207/2106/42 4210/2107/42 4208/2108/42
f 4211/2109/42 4214/2109/42 4212/2109/42
f 4215/2110/5 4218/2110/5 4216/2110/5
f 4221/2111/1 4220/2112/1 4219/2113/1
f 4223/2114/57 4225/2115/57 4224/2116/57
f 4226/2117/42 4229/2117/42 4227/2117/42
f 4230/2118/42 4233/2119/42 4231/2120/42
f 4234/2121/42 4237/2121/42 4235/2121/42
f 4238/2122/42 4241/2122/42 4239/2122/42
f 4242/2123/42 4244/2124/42 4243/2125/42
f 4245/2126/42 4247/2126/42 4246/2126/42
f 4250/2127/96 4249/2128/96 4248/2129/96
f 4252/2130/42 4254/2131/42 4253/2132/42
f 4257/2133/42 4256/2133/42 4255/2133/42
f 4261/2134/42 4260/2135/42 4259/2136/42
f 4263/2137/42 4265/2137/42 4264/2137/42
f 4268/2138/42 4267/2138/42 4266/2138/42
f 4272/2139/42 4271/2139/42 4270/2139/42
f 4274/2140/14 4276/2141/14 4275/2142/14
f 4277/2143/95 4280/2144/95 4278/2145/95
f 4281/2146/27 4284/2146/27 4282/2146/27
f 4285/2147/17 4288/2148/17 4286/2149/17
f 4289/2150/1 4292/2151/1 4290/2150/1
f 4293/2152/42 4296/2152/42 4294/2152/42
f 4297/2153/42 4300/2154/42 4298/2155/42
f 4301/2156/42 4304/2156/42 4302/2156/42
f 4305/2157/42 4308/2157/42 4306/2157/42
f 4309/2158/42 4312/2159/42 4310/2160/42
f 4313/2161/42 4316/2161/42 4314/2161/42
f 4319/2162/1 4318/2163/1 4317/2164/1
f 4323/2165/1 4322/2165/1 4321/2165/1
f 4325/2166/1 4328/2167/1 4326/2166/1
f 4331/2168/96 4330/2169/96 4329/2170/96
f 4333/2171/17 4336/2171/17 4334/2171/17
f 4337/2172/42 4340/2172/42 4338/2172/42
f 4341/2173/42 4344/2174/42 4342/2175/42
f 4345/2176/42 4348/2176/42 4346/2176/42
f 4349/2177/42 4352/2177/42 4350/2177/42
f 4355/2178/104 4354/2178/104 4353/2178/104
f 4359/2179/42 4358/2180/42 4357/2181/42
f 4361/2182/105 4364/2182/105 4362/2182/105
f 4365/2183/27 4368/2183/27 4366/2183/27
f 4371/2184/42 4370/2185/42 4369/2186/42
f 4375/2187/42 4374/2187/42 4373/2187/42
f 4377/2188/17 4380/2189/17 4378/2190/17
f 4381/2191/1 4384/2192/1 4382/2191/1
f 4385/2193/32 4387/2194/32 4386/2195/32
f 4388/2196/1 4391/2196/1 4389/2196/1
f 4392/2197/1 4395/2198/1 4393/2197/1
f 4396/2199/42 4399/2200/42 4397/2201/42
f 4400/2202/42 4403/2202/42 4401/2202/42
f 4406/2203/106 4405/2203/106 4404/2203/106
f 4410/2204/1 4409/2205/1 4408/2206/1
f 4414/2207/1 4413/2207/1 4412/2207/1
f 4416/2208/105 4419/2208/105 4417/2208/105
f 4422/2209/104 4421/2209/104 4420/2209/104
f 4424/2210/42 4427/2211/42 4425/2212/42
f 4428/2213/42 4431/2213/42 4429/2213/42
f 4434/2214/1 4433/2215/1 4432/2216/1
f 4438/2217/5 4437/2218/5 4436/2219/5
f 4440/2220/42 4442/2221/42 4441/2222/42
f 4443/2223/42 4445/2223/42 4444/2223/42
f 4446/2224/1 4449/2224/1 4447/2224/1
f 4450/2225/7 4452/2226/7 4451/2227/7
f 4455/2228/107 4454/2228/107 4453/2228/107
f 4457/2229/28 4460/2230/28 4458/2231/28
f 4463/2232/1 4462/2233/1 4461/2234/1
f 4467/2235/1 4466/2235/1 4465/2235/1
f 4469/2236/59 4471/2237/59 4470/2238/59
f 4472/2239/14 4474/2240/14 4473/2241/14
f 4477/2242/28 4476/2243/28 4475/2244/28
f 4481/2245/17 4480/2246/17 4479/2247/17
f 4485/2248/1 4484/2249/1 4483/2250/1
f 4489/2251/1 4488/2251/1 4487/2251/1
f 4491/2252/60 4493/2253/60 4492/2254/60
f 4494/2255/96 4497/2256/96 4495/2257/96
f 4498/2258/2 4501/2258/2 4499/2258/2
f 4502/2259/17 4505/2260/17 4503/2261/17
f 4508/2262/1 4507/2263/1 4506/2263/1
f 4510/2264/96 4513/2265/96 4511/2266/96
f 4514/2267/5 4517/2267/5 4515/2267/5
f 4518/2268/1 4521/2269/1 4519/2268/1
f 4522/2270/14 4524/2271/14 4523/2272/14
f 4525/2273/1 4528/2274/1 4526/2273/1
f 4531/2275/1 4530/2276/1 4529/2276/1
f 4533/2277/17 4536/2278/17 4534/2279/17
f 4537/2280/5 4540/2281/5 4538/2282/5
f 4541/2283/95 4544/2284/95 4542/2285/95
f 4545/2286/1 4548/2287/1 4546/2286/1
f 4549/2288/1 4552/2289/1 4550/2288/1
f 4553/2290/32 4555/2291/32 4554/2292/32
f 4556/2293/17 4559/2293/17 4557/2293/17
f 4562/2294/42 4561/2295/42 4560/2296/42
f 4566/2297/22 4565/2298/22 4564/2299/22
f 4568/2300/32 4570/2301/32 4569/2302/32
f 4571/2303/22 4574/2304/22 4572/2305/22
f 4575/2306/17 4578/2307/17 4576/2308/17
f 4579/2309/2 4582/2309/2 4580/2309/2
f 4583/2310/5 4586/2310/5 4584/2310/5
f 4589/2311/42 4588/2312/42 4587/2313/42
f 4591/2314/11 4593/2315/11 4592/2316/11
f 4594/2317/95 4597/2318/95 4595/2319/95
f 4598/2320/42 4601/2321/42 4599/2322/42
f 4602/2323/96 4605/2324/96 4603/2325/96
f 4606/2326/61 4608/2327/61 4607/2328/61
f 4609/2329/108 4612/2329/108 4610/2329/108
f 4613/2330/17 4616/2330/17 4614/2330/17
f 4619/2331/1 4618/2332/1 4617/2332/1
f 4623/2333/42 4622/2334/42 4621/2335/42
f 4625/2336/17 4628/2337/17 4626/2338/17
f 4629/2339/96 4632/2340/96 4630/2341/96
f 4633/2342/20 4635/2343/20 4634/2344/20
f 4636/2345/108 4639/2345/108 4637/2345/108
f 4640/2346/1 4643/2347/1 4641/2346/1
f 4644/2348/19 4647/2349/19 4645/2350/19
f 4648/2351/109 4651/2351/109 4649/2351/109
f 4654/2352/110 4653/2352/110 4652/2352/110
f 4658/2353/1 4657/2354/1 4656/2354/1
f 4660/2355/17 4663/2356/17 4661/2357/17
f 4664/2358/1 4667/2358/1 4665/2358/1
f 4668/2359/18 4670/2360/18 4669/2361/18
f 4671/2362/23 4673/2363/23 4672/2364/23
f 4674/2365/1 4677/2366/1 4675/2365/1
f 4680/2367/110 4679/2367/110 4678/2367/110
f 4682/2368/111 4685/2368/111 4683/2368/111
f 4688/2369/112 4687/2369/112 4686/2369/112
f 4690/2370/1 4693/2370/1 4691/2370/1
f 4694/2371/21 4696/2372/21 4695/2373/21
f 4697/2374/23 4699/2375/23 4698/2376/23
f 4702/2377/112 4701/2377/112 4700/2377/112
f 4704/2378/96 4707/2379/96 4705/2380/96
f 4708/2381/1 4711/2382/1 4709/2383/1
f 4712/2384/21 4714/2385/21 4713/2386/21
f 4717/2387/1 4716/2388/1 4715/2388/1
f 4719/2389/96 4722/2390/96 4720/2391/96
f 4723/2392/62 4725/2393/62 4724/2394/62
f 4726/2395/21 4728/2396/21 4727/2397/21
f 4729/2398/17 4732/2399/17 4730/2400/17
f 4733/2401/1 4736/2402/1 4734/2401/1
f 4737/2403/1 4740/2404/1 4738/2403/1
f 4743/2405/1 4742/2406/1 4741/2406/1
f 4745/2407/17 4748/2408/17 4746/2409/17
f 4749/2410/23 4751/2411/23 4750/2412/23
f 4752/2413/2 4755/2414/2 4753/2415/2
f 4756/2416/90 4759/2417/90 4757/2417/90
f 4760/2418/63 4762/2419/63 4761/2420/63
f 4763/2421/1 4766/2422/1 4764/2421/1
f 4767/2423/2 4770/2424/2 4768/2424/2
f 4771/2425/1 4774/2426/1 4772/2427/1
f 4775/2428/1 4778/2429/1 4776/2430/1
f 4779/2431/113 4782/2432/113 4780/2431/113
f 4783/2433/64 4785/2434/64 4784/2435/64
f 4786/2436/114 4789/2437/114 4787/2437/114
f 4790/2438/90 4793/2439/90 4791/2439/90
f 4794/2440/42 4797/2441/42 4795/2440/42
f 4798/2442/2 4801/2443/2 4799/2443/2
f 4802/2444/42 4805/2445/42 4803/2444/42
f 4806/2446/2 4809/2446/2 4807/2446/2
f 4810/2447/115 4813/2448/115 4811/2447/115
f 4814/2449/5 4817/2449/5 4815/2449/5
f 4818/2450/7 4820/2451/7 4819/2452/7
f 4821/2453/42 4824/2454/42 4822/2453/42
f 4825/2455/42 4828/2456/42 4826/2457/42
f 4829/2458/95 4832/2459/95 4830/2460/95
f 4833/2461/1 4836/2462/1 4834/2463/1
f 4837/2464/17 4840/2465/17 4838/2466/17
f 4843/2467/96 4842/2468/96 4841/2469/96
f 4845/2470/1 4848/2471/1 4846/2472/1
f 4849/2473/17 4852/2473/17 4850/2473/17
f 4853/2474/11 4855/2475/11 4854/2476/11
f 4856/2477/1 4859/2478/1 4857/2477/1
f 4860/2479/1 4863/2480/1 4861/2481/1
f 4866/2482/42 4865/2483/42 4864/2484/42
f 4868/2485/1 4871/2486/1 4869/2485/1
f 4874/2487/96 4873/2488/96 4872/2489/96
f 4876/2490/17 4879/2491/17 4877/2492/17
f 4880/2493/1 4883/2494/1 4881/2493/1
f 4884/2495/11 4886/2496/11 4885/2497/11
f 4887/2498/1 4890/2499/1 4888/2498/1
f 4891/2500/1 4894/2501/1 4892/2500/1
f 4895/2502/2 4898/2502/2 4896/2502/2
f 4899/2503/2 4902/2503/2 4900/2503/2
f 4903/2504/2 4906/2504/2 4904/2504/2
f 4907/2505/5 4910/2505/5 4908/2505/5
f 4911/2506/32 4913/2507/32 4912/2508/32
f 4914/2509/79 4916/2510/79 4915/2511/79
f 4917/2512/95 4920/2513/95 4918/2514/95
f 4921/2515/2 4924/2515/2 4922/2515/2
f 4925/2516/2 4928/2516/2 4926/2516/2
f 4929/2517/66 4931/2518/66 4930/2519/66
f 4932/2520/17 4935/2520/17 4933/2520/17
f 4936/2521/97 4939/2521/97 4937/2521/97
f 4940/2522/17 4943/2523/17 4941/2524/17
f 4946/2525/96 4945/2526/96 4944/2527/96
f 4950/2528/116 4949/2529/116 4948/2530/116
f 4952/2531/1 4955/2532/1 4953/2533/1
f 4956/2534/1 4959/2535/1 4957/2534/1
f 4960/2536/7 4962/2537/7 4961/2538/7
f 4965/2539/98 4964/2539/98 4963/2539/98
f 4967/2540/99 4970/2540/99 4968/2540/99
f 4973/2541/96 4972/2542/96 4971/2543/96
f 4975/2544/100 4978/2544/100 4976/2544/100
f 4979/2545/17 4982/2546/17 4980/2547/17
f 4983/2548/1 4986/2548/1 4984/2548/1
f 4987/2549/1 4990/2550/1 4988/2549/1
f 4991/2551/1 4994/2552/1 4992/2551/1
f 4997/2553/117 4996/2553/117 4995/2553/117
f 4999/2554/100 5002/2554/100 5000/2554/100
f 5005/2555/98 5004/2555/98 5003/2555/98
f 5007/2556/11 5009/2557/11 5008/2558/11
f 5010/2559/1 5013/2559/1 5011/2559/1
f 5016/2560/102 5015/2560/102 5014/2560/102
f 5018/2561/14 5020/2562/14 5019/2563/14
f 5023/2564/1 5022/2565/1 5021/2566/1
f 5025/2567/7 5027/2568/7 5026/2569/7
f 5030/2570/96 5029/2571/96 5028/2572/96
f 5034/2573/1 5033/2574/1 5032/2575/1
f 5036/2576/17 5039/2577/17 5037/2578/17
f 5040/2579/7 5042/2580/7 5041/2581/7
f 5043/2582/1 5046/2583/1 5044/2582/1
f 5047/2584/2 5050/2584/2 5048/2584/2
f 5051/2585/114 5054/2585/114 5052/2585/114
f 5055/2586/1 5058/2587/1 5056/2586/1
f 5059/2588/1 5062/2589/1 5060/2588/1
f 5063/2590/2 5066/2590/2 5064/2590/2
f 5069/2591/96 5068/2592/96 5067/2593/96
f 5071/2594/5 5074/2594/5 5072/2594/5
f 5077/2595/1 5076/2596/1 5075/2597/1
f 5079/2598/17 5082/2599/17 5080/2600/17
f 5083/2601/18 5085/2602/18 5084/2603/18
f 5086/2604/1 5089/2605/1 5087/2604/1
f 5090/2606/1 5093/2607/1 5091/2606/1
f 5094/2608/1 5097/2609/1 5095/2608/1
f 5098/2610/19 5101/2611/19 5099/2612/19
f 5102/2613/95 5105/2614/95 5103/2615/95
f 5106/2616/20 5108/2617/20 5107/2618/20
f 5109/2619/17 5112/2619/17 5110/2619/17
f 5115/2620/1 5114/2621/1 5113/2622/1
f 5117/2623/21 5119/2624/21 5118/2625/21
f 5122/2626/42 5121/2627/42 5120/2628/42
f 5124/2629/118 5126/2630/118 5125/2631/118
f 5127/2632/23 5129/2633/23 5128/2634/23
f 5132/2635/5 5131/2636/5 5130/2637/5
f 5134/2638/17 5137/2638/17 5135/2638/17
f 5140/2639/5 5139/2640/5 5138/2641/5
f 5144/2642/1 5143/2643/1 5142/2644/1
f 5148/2645/1 5147/2645/1 5146/2645/1
f 5152/2646/79 5151/2647/79 5150/2648/79
f 5154/2649/24 5156/2650/24 5155/2651/24
f 5157/2652/17 5160/2652/17 5158/2652/17
f 5163/2653/79 5162/2654/79 5161/2655/79
f 5165/2656/2 5168/2656/2 5166/2656/2
f 5169/2657/5 5172/2657/5 5170/2657/5
f 5173/2658/26 5175/2659/26 5174/2660/26
f 5178/2661/5 5177/2662/5 5176/2663/5
f 5182/2664/1 5181/2665/1 5180/2666/1
f 5186/2667/1 5185/2667/1 5184/2667/1
f 5188/2668/26 5190/2669/26 5189/2670/26
f 5193/2671/96 5192/2672/96 5191/2673/96
f 5195/2674/17 5198/2674/17 5196/2674/17
f 5201/2675/54 5200/2676/54 5199/2677/54
f 5205/2678/5 5204/2679/5 5203/2680/5
f 5207/2681/17 5210/2681/17 5208/2681/17
f 5213/2682/79 5212/2683/79 5211/2684/79
f 5215/2685/27 5218/2685/27 5216/2685/27
f 5219/2686/95 5222/2687/95 5220/2688/95
f 5223/2689/17 5226/2690/17 5224/2691/17
f 5227/2692/1 5230/2693/1 5228/2692/1
f 5231/2694/24 5233/2695/24 5232/2696/24
f 5234/2697/1 5237/2698/1 5235/2697/1
f 5240/2699/96 5239/2700/96 5238/2701/96
f 5242/2702/17 5245/2702/17 5243/2702/17
f 5248/2703/1 5247/2704/1 5246/2705/1
f 5252/2706/1 5251/2706/1 5250/2706/1
f 5254/2707/26 5256/2708/26 5255/2709/26
f 5259/2710/104 5258/2710/104 5257/2710/104
f 5263/2711/42 5262/2712/42 5261/2713/42
f 5265/2714/105 5268/2714/105 5266/2714/105
f 5269/2715/27 5272/2715/27 5270/2715/27
f 5273/2716/17 5276/2717/17 5274/2718/17
f 5277/2719/1 5280/2720/1 5278/2719/1
f 5281/2721/95 5283/2722/95 5282/2723/95
f 5284/2724/34 5287/2724/34 5285/2724/34
f 5288/2725/24 5290/2726/24 5289/2727/24
f 5291/2728/1 5294/2729/1 5292/2728/1
f 5297/2730/35 5296/2730/35 5295/2730/35
f 5299/2731/119 5302/2731/119 5300/2731/119
f 5305/2732/104 5304/2732/104 5303/2732/104
f 5309/2733/1 5308/2734/1 5307/2735/1
f 5313/2736/1 5312/2736/1 5311/2736/1
f 5315/2737/1 5318/2737/1 5316/2737/1
f 5319/2738/14 5321/2739/14 5320/2740/14
f 5324/2741/106 5323/2741/106 5322/2741/106
f 5326/2742/120 5328/2743/120 5327/2744/120
f 5329/2745/95 5331/2746/95 5330/2747/95
f 5332/2748/95 5334/2749/95 5333/2750/95
f 5335/2751/32 5337/2752/32 5336/2753/32
f 5338/2754/121 5340/2755/121 5339/2756/121
f 5341/2757/7 5343/2758/7 5342/2759/7
f 5344/2760/96 5347/2761/96 5345/2762/96
f 5348/2763/95 5350/2764/95 5349/2765/95
f 5351/2766/2 5354/2766/2 5352/2766/2
f 5355/2767/17 5358/2768/17 5356/2769/17
f 5361/2770/1 5360/2771/1 5359/2771/1
f 5363/2772/14 5365/2773/14 5364/2774/14
f 5368/2775/5 5367/2776/5 5366/2777/5
f 5370/2778/96 5373/2779/96 5371/2780/96
f 5374/2781/5 5377/2781/5 5375/2781/5
f 5378/2782/95 5380/2783/95 5379/2784/95
f 5381/2785/95 5383/2785/95 5382/2785/95
f 5384/2786/1 5387/2787/1 5385/2786/1
f 5388/2788/17 5391/2788/17 5389/2788/17
f 5394/2789/79 5393/2790/79 5392/2791/79
f 5398/2792/5 5397/2793/5 5396/2794/5
f 5400/2795/1 5403/2796/1 5401/2795/1
f 5404/2797/17 5407/2797/17 5405/2797/17
f 5410/2798/54 5409/2799/54 5408/2800/54
f 5414/2801/1 5413/2802/1 5412/2802/1
f 5416/2803/17 5419/2804/17 5417/2805/17
f 5420/2806/95 5423/2807/95 5421/2808/95
f 5424/2809/1 5427/2810/1 5425/2809/1
f 5428/2811/1 5431/2812/1 5429/2811/1
f 5432/2813/14 5434/2814/14 5433/2815/14
f 5435/2816/17 5438/2816/17 5436/2816/17
f 5441/2817/42 5440/2818/42 5439/2819/42
f 5443/2820/95 5445/2821/95 5444/2822/95
f 5446/2823/95 5448/2823/95 5447/2823/95
f 5449/2824/122 5451/2825/122 5450/2826/122
f 5452/2827/14 5454/2828/14 5453/2829/14
f 5455/2830/123 5457/2831/123 5456/2832/123
f 5458/2833/124 5460/2834/124 5459/2835/124
f 5461/2836/42 5464/2836/42 5462/2836/42
f 5465/2837/42 5468/2837/42 5466/2837/42
f 5469/2838/2 5472/2838/2 5470/2838/2
f 5473/2839/5 5476/2839/5 5474/2839/5
f 5477/2840/32 5479/2841/32 5478/2842/32
f 5480/2843/122 5482/2844/122 5481/2845/122
f 5483/2846/42 5486/2846/42 5484/2846/42
f 5487/2847/95 5490/2848/95 5488/2849/95
f 5491/2850/125 5494/2850/125 5492/2850/125
f 5495/2851/126 5498/2852/126 5496/2853/126
f 5499/2854/32 5501/2855/32 5500/2856/32
f 5502/2857/17 5505/2857/17 5503/2857/17
f 5506/2858/127 5509/2858/127 5507/2858/127
f 5510/2859/123 5512/2860/123 5511/2861/123
f 5515/2862/42 5514/2863/42 5513/2864/42
f 5519/2865/1 5518/2866/1 5517/2866/1
f 5521/2867/17 5524/2868/17 5522/2869/17
f 5525/2870/96 5528/2871/96 5526/2872/96
f 5529/2873/128 5532/2873/128 5530/2873/128
f 5533/2874/1 5536/2875/1 5534/2874/1
f 5537/2876/11 5539/2877/11 5538/2878/11
f 5540/2879/111 5543/2879/111 5541/2879/111
f 5546/2880/110 5545/2880/110 5544/2880/110
f 5550/2881/1 5549/2882/1 5548/2882/1
f 5552/2883/17 5555/2884/17 5553/2885/17
f 5556/2886/1 5559/2886/1 5557/2886/1
f 5560/2887/122 5562/2888/122 5561/2889/122
f 5563/2890/122 5565/2890/122 5564/2890/122
f 5566/2891/1 5569/2892/1 5567/2891/1
f 5572/2893/110 5571/2893/110 5570/2893/110
f 5574/2894/129 5577/2894/129 5575/2894/129
f 5580/2895/130 5579/2895/130 5578/2895/130
f 5582/2896/14 5584/2897/14 5583/2898/14
f 5585/2899/1 5588/2899/1 5586/2899/1
f 5589/2900/123 5591/2901/123 5590/2902/123
f 5592/2903/123 5594/2903/123 5593/2903/123
f 5597/2904/112 5596/2904/112 5595/2904/112
f 5599/2905/20 5601/2906/20 5600/2907/20
f 5602/2908/96 5605/2909/96 5603/2910/96
f 5606/2911/32 5608/2912/32 5607/2913/32
f 5609/2914/19 5612/2915/19 5610/2916/19
f 5615/2917/1 5614/2918/1 5613/2918/1
f 5617/2919/18 5619/2920/18 5618/2921/18
f 5620/2922/23 5622/2923/23 5621/2924/23
f 5623/2925/17 5626/2926/17 5624/2927/17
f 5627/2928/96 5630/2929/96 5628/2930/96
f 5631/2931/1 5634/2932/1 5632/2931/1
f 5635/2933/1 5638/2934/1 5636/2933/1
f 5641/2935/1 5640/2936/1 5639/2936/1
f 5643/2937/21 5645/2938/21 5644/2939/21
f 5646/2940/17 5649/2941/17 5647/2942/17
f 5650/2943/131 5652/2944/131 5651/2945/131
f 5653/2946/23 5655/2947/23 5654/2948/23
f 5656/2949/1 5659/2950/1 5657/2951/1
f 5660/2952/1 5663/2953/1 5661/2952/1
f 5664/2954/1 5667/2955/1 5665/2956/1
f 5668/2957/42 5671/2957/42 5669/2957/42
f 5672/2958/115 5675/2959/115 5673/2958/115
f 5676/2960/21 5678/2961/21 5677/2962/21
f 5679/2963/42 5682/2963/42 5680/2963/42
f 5683/2964/42 5686/2965/42 5684/2964/42
f 5687/2966/42 5690/2967/42 5688/2966/42
f 5691/2968/132 5693/2969/132 5692/2970/132
f 5694/2971/21 5696/2972/21 5695/2973/21
f 5697/2974/133 5700/2975/133 5698/2974/133
f 5701/2976/125 5704/2977/125 5702/2976/125
f 5705/2978/42 5708/2979/42 5706/2980/42
f 5709/2981/23 5711/2982/23 5710/2983/23
f 5712/2984/131 5714/2985/131 5713/2986/131
f 5715/2987/24 5717/2988/24 5716/2989/24
f 5718/2990/1 5721/2991/1 5719/2992/1
f 5722/2993/26 5724/2994/26 5723/2995/26
f 5725/2996/23 5727/2997/23 5726/2998/23
f 5728/2999/132 5730/3000/132 5729/3001/132
f 5731/3002/7 5733/3003/7 5732/3004/7
f 5734/3005/134 5737/3005/134 5735/3005/134
f 5738/3006/21 5740/3007/21 5739/3008/21
f 5741/3009/131 5743/3010/131 5742/3011/131
f 5744/3012/131 5746/3012/131 5745/3012/131
f 5747/3013/135 5749/3014/135 5748/3015/135
f 5750/3016/1 5753/3017/1 5751/3018/1
f 5754/3019/136 5757/3019/136 5755/3019/136
f 5758/3020/11 5760/3021/11 5759/3022/11
f 5761/3023/132 5763/3024/132 5762/3025/132
f 5764/3026/132 5766/3026/132 5765/3026/132
f 5767/3027/137 5769/3028/137 5768/3029/137
f 5770/3030/11 5772/3031/11 5771/3032/11
f 5773/3033/63 5775/3034/63 5774/3035/63
f 5776/3036/138 5778/3037/138 5777/3038/138
f 5779/3039/135 5781/3040/135 5780/3041/135
f 5782/3042/32 5784/3043/32 5783/3044/32
f 5785/3045/137 5787/3046/137 5786/3047/137
f 5788/3048/7 5790/3049/7 5789/3050/7
f 5791/3051/63 5793/3052/63 5792/3053/63
f 5794/3054/138 5796/3055/138 5795/3056/138
f 5797/3057/135 5799/3058/135 5798/3059/135
f 5800/3060/135 5802/3060/135 5801/3060/135
f 5803/3061/7 5805/3062/7 5804/3063/7
f 5806/3064/11 5808/3065/11 5807/3066/11
f 5809/3067/137 5811/3068/137 5810/3069/137
f 5812/3070/137 5814/3070/137 5813/3070/137
f 5815/3071/11 5817/3072/11 5816/3073/11
f 5818/3074/60 5820/3075/60 5819/3076/60
f 5821/3077/134 5824/3077/134 5822/3077/134
f 5825/3078/63 5827/3079/63 5826/3080/63
f 5828/3081/63 5830/3081/63 5829/3081/63
f 5831/3082/138 5833/3083/138 5832/3084/138
f 5834/3085/138 5836/3085/138 5835/3085/138
f 5837/3086/136 5840/3086/136 5838/3086/136
f 5841/3087/14 5843/3088/14 5842/3089/14
f 5844/3090/139 5846/3091/139 5845/3092/139
f 5847/3093/7 5849/3094/7 5848/3095/7
f 5850/3096/60 5852/3097/60 5851/3098/60
f 5853/3099/134 5856/3099/134 5854/3099/134
f 5857/3100/32 5859/3101/32 5858/3102/32
f 5860/3103/136 5863/3103/136 5861/3103/136
f 5866/3104/5 5865/3104/5 5864/3104/5
f 5868/3105/139 5870/3106/139 5869/3107/139
f 5871/3108/18 5873/3109/18 5872/3110/18
f 5874/3111/19 5877/3112/19 5875/3113/19
f 5878/3114/14 5880/3115/14 5879/3116/14
f 5883/3117/1 5882/3117/1 5881/3117/1
f 5885/3118/60 5887/3119/60 5886/3120/60
f 5888/3121/60 5890/3121/60 5889/3121/60
f 5891/3122/20 5893/3123/20 5892/3124/20
f 5894/3125/17 5897/3125/17 5895/3125/17
f 5898/3126/21 5900/3127/21 5899/3128/21
f 5903/3129/1 5902/3129/1 5901/3129/1
f 5905/3130/11 5907/3131/11 5906/3132/11
f 5908/3133/139 5910/3134/139 5909/3135/139
f 5911/3136/139 5913/3136/139 5912/3136/139
f 5914/3137/23 5916/3138/23 5915/3139/23
f 5917/3140/24 5919/3141/24 5918/3142/24
f 5920/3143/32 5922/3144/32 5921/3145/32
f 5923/3146/26 5925/3147/26 5924/3148/26
f 5926/3149/26 5928/3150/26 5927/3151/26
f 5929/3152/11 5931/3153/11 5930/3154/11
f 5932/3155/24 5934/3156/24 5933/3157/24
f 5935/3158/23 5937/3159/23 5936/3160/23
f 5938/3161/32 5940/3162/32 5939/3163/32
f 5941/3164/21 5943/3165/21 5942/3166/21
f 5944/3167/24 5946/3168/24 5945/3169/24
f 5947/3170/14 5949/3171/14 5948/3172/14
f 5952/3173/5 5951/3173/5 5950/3173/5
f 5954/3174/26 5956/3175/26 5955/3176/26
f 5957/3177/21 5959/3178/21 5958/3179/21
f 5962/3180/1 5961/3180/1 5960/3180/1
f 5964/3181/32 5966/3182/32 5965/3183/32
f 5967/3184/23 5969/3185/23 5968/3186/23
f 5970/3187/17 5973/3187/17 5971/3187/17
f 5974/3188/23 5976/3189/23 5975/3190/23
f 5979/3191/1 5978/3191/1 5977/3191/1
f 5983/3192/5 5982/3192/5 5981/3192/5
f 5985/3193/7 5987/3194/7 5986/3195/7
f 5988/3196/21 5990/3197/21 5989/3198/21
f 5991/3199/21 5993/3200/21 5992/3201/21
f 5994/3202/14 5996/3203/14 5995/3204/14
f 5999/3205/1 5998/3205/1 5997/3205/1
f 6001/3206/23 6003/3207/23 6002/3208/23
f 6004/3209/17 6007/3209/17 6005/3209/17
f 6010/3210/140 6009/3210/140 6008/3210/140
f 6012/3211/23 6014/3212/23 6013/3213/23
f 6017/3214/1 6016/3214/1 6015/3214/1
f 6019/3215/11 6021/3216/11 6020/3217/11
f 6024/3218/141 6023/3218/141 6022/3218/141
f 6026/3219/21 6028/3220/21 6027/3221/21
f 6029/3222/7 6031/3223/7 6030/3224/7
f 6032/3225/14 6034/3226/14 6033/3227/14
f 6035/3228/32 6037/3229/32 6036/3230/32
f 6038/3231/32 6040/3232/32 6039/3233/32
f 6041/3234/11 6043/3235/11 6042/3236/11
f 6044/3237/32 6046/3238/32 6045/3239/32
f 6047/3240/32 6049/3241/32 6048/3242/32
f 6050/3243/11 6052/3244/11 6051/3245/11
f 6053/3246/11 6055/3247/11 6054/3248/11
f 6056/3249/11 6058/3250/11 6057/3251/11
f 6061/3252/140 6060/3252/140 6059/3252/140
f 6063/3253/20 6065/3254/20 6064/3255/20
f 6066/3256/7 6068/3257/7 6067/3258/7
f 6069/3259/19 6072/3260/19 6070/3261/19
f 6075/3262/141 6074/3262/141 6073/3262/141
f 6077/3263/18 6079/3264/18 6078/3265/18
f 6080/3266/142 6082/3267/142 6081/3268/142
f 6083/3269/23 6085/3270/23 6084/3271/23
f 6086/3272/21 6088/3273/21 6087/3274/21
f 6091/3275/140 6090/3275/140 6089/3275/140
f 6093/3276/23 6095/3277/23 6094/3278/23
f 6096/3279/143 6098/3280/143 6097/3281/143
f 6101/3282/141 6100/3282/141 6099/3282/141
f 6103/3283/21 6105/3284/21 6104/3285/21
f 6106/3286/142 6108/3287/142 6107/3288/142
f 6109/3289/21 6111/3290/21 6110/3291/21
f 6112/3292/23 6114/3293/23 6113/3294/23
f 6115/3295/2 6118/3295/2 6116/3295/2
f 6119/3296/2 6122/3296/2 6120/3296/2
f 6123/3297/21 6125/3298/21 6124/3299/21
f 6126/3300/144 6128/3301/144 6127/3302/144
f 6129/3303/1 6132/3304/1 6130/3305/1
f 6133/3306/23 6135/3307/23 6134/3308/23
f 6136/3309/26 6138/3310/26 6137/3311/26
f 6139/3312/2 6142/3312/2 6140/3312/2
f 6143/3313/24 6145/3314/24 6144/3315/24
f 6146/3316/26 6148/3317/26 6147/3318/26
f 6149/3319/2 6152/3319/2 6150/3319/2
f 6153/3320/7 6155/3321/7 6154/3322/7
f 6156/3323/24 6158/3324/24 6157/3325/24
f 6159/3326/24 6161/3327/24 6160/3328/24
f 6162/3329/11 6164/3330/11 6163/3331/11
f 6165/3332/145 6168/3333/145 6167/3334/145
f 6169/3335/26 6171/3336/26 6170/3337/26
f 6172/3338/26 6174/3339/26 6173/3340/26
f 6175/3341/11 6177/3342/11 6176/3343/11
f 6178/3344/24 6180/3345/24 6179/3346/24
f 6181/3347/24 6183/3348/24 6182/3349/24
f 6184/3350/32 6186/3351/32 6185/3352/32
f 6187/3353/26 6189/3354/26 6188/3355/26
f 6190/3356/32 6192/3357/32 6191/3358/32
f 6193/3359/144 6195/3360/144 6194/3361/144
f 6196/3362/146 6198/3363/146 6197/3364/146
f 6199/3365/14 6201/3366/14 6200/3367/14
f 6202/3368/2 6205/3368/2 6203/3368/2
f 6206/3369/2 6209/3369/2 6207/3369/2
f 6210/3370/142 6212/3371/142 6211/3372/142
f 6213/3373/134 6216/3373/134 6214/3373/134
f 6217/3374/144 6219/3375/144 6218/3376/144
f 6220/3377/136 6223/3377/136 6221/3377/136
f 6226/3378/5 6225/3379/5 6224/3380/5
f 6228/3381/17 6231/3381/17 6229/3381/17
f 6234/3382/54 6233/3383/54 6232/3384/54
f 6238/3385/5 6237/3386/5 6236/3387/5
f 6240/3388/17 6243/3388/17 6241/3388/17
f 6244/3389/142 6246/3390/142 6245/3391/142
f 6249/3392/54 6248/3393/54 6247/3394/54
f 6251/3395/147 6253/3396/147 6252/3397/147
f 6254/3398/148 6257/3399/148 6255/3400/148
f 6258/3401/134 6261/3401/134 6259/3401/134
f 6264/3402/5 6263/3403/5 6262/3404/5
f 6266/3405/17 6269/3405/17 6267/3405/17
f 6272/3406/5 6271/3407/5 6270/3408/5
f 6274/3409/32 6276/3410/32 6275/3411/32
f 6279/3412/54 6278/3413/54 6277/3414/54
f 6281/3415/136 6284/3415/136 6282/3415/136
f 6285/3416/17 6288/3416/17 6286/3416/17
f 6291/3417/54 6290/3418/54 6289/3419/54
f 6293/3420/149 6296/3421/149 6294/3422/149
f 6297/3423/14 6299/3424/14 6298/3425/14
f 6300/3426/19 6303/3427/19 6301/3428/19
f 6304/3429/149 6307/3430/149 6305/3431/149
f 6308/3432/148 6311/3433/148 6309/3434/148
f 6312/3435/2 6315/3436/2 6313/3437/2
f 6318/3438/2 6317/3439/2 6316/3440/2
f 6320/3441/2 6323/3442/2 6321/3443/2
f 6326/3444/2 6325/3445/2 6324/3446/2
f 6328/3447/23 6330/3448/23 6329/3449/23
f 6331/3450/2 6334/3451/2 6332/3452/2
f 6337/3453/2 6336/3454/2 6335/3455/2
f 6341/3456/5 6340/3457/5 6339/3458/5
f 6343/3459/17 6346/3459/17 6344/3459/17
f 6349/3460/5 6348/3461/5 6347/3462/5
f 6351/3463/21 6353/3464/21 6352/3465/21
f 6356/3466/79 6355/3467/79 6354/3468/79
f 6358/3469/17 6361/3469/17 6359/3469/17
f 6364/3470/79 6363/3471/79 6362/3472/79
f 6366/3473/20 6368/3474/20 6367/3475/20
f 6371/3476/5 6370/3476/5 6369/3476/5
f 6373/3477/18 6375/3478/18 6374/3479/18
f 6378/3480/150 6377/3481/150 6376/3482/150
f 6382/3483/1 6381/3483/1 6380/3483/1
f 6384/3484/17 6387/3484/17 6385/3484/17
f 6388/3485/42 6391/3485/42 6389/3485/42
f 6394/3486/1 6393/3486/1 6392/3486/1
f 6396/3487/42 6399/3487/42 6397/3487/42
f 6402/3488/5 6401/3488/5 6400/3488/5
f 6404/3489/125 6407/3489/125 6405/3489/125
f 6408/3490/42 6411/3490/42 6409/3490/42
f 6414/3491/1 6413/3491/1 6412/3491/1
f 6416/3492/17 6419/3492/17 6417/3492/17
f 6422/3493/5 6421/3494/5 6420/3495/5
f 6426/3496/1 6425/3496/1 6424/3496/1
f 6428/3497/151 6431/3498/151 6429/3499/151
f 6432/3500/11 6434/3501/11 6433/3502/11
f 6437/3503/152 6436/3504/152 6435/3505/152
f 6439/3506/151 6442/3507/151 6440/3508/151
f 6445/3509/152 6444/3510/152 6443/3511/152
f 6447/3512/151 6450/3513/151 6448/3514/151
f 6451/3515/17 6454/3516/17 6452/3517/17
f 6455/3518/7 6457/3519/7 6456/3520/7
f 6460/3521/153 6459/3522/153 6458/3523/153
f 6462/3524/42 6465/3524/42 6463/3524/42
f 6466/3525/125 6469/3525/125 6467/3525/125
f 6470/3526/11 6472/3527/11 6471/3528/11
f 6475/3529/140 6474/3529/140 6473/3529/140
f 6477/3530/7 6479/3531/7 6478/3532/7
f 6482/3533/141 6481/3533/141 6480/3533/141
f 6486/3534/154 6485/3535/154 6484/3536/154
f 6490/3537/154 6489/3538/154 6488/3539/154
f 6492/3540/21 6494/3541/21 6493/3542/21
f 6495/3543/23 6497/3544/23 6496/3545/23
f 6498/3546/18 6500/3547/18 6499/3548/18
f 6503/3549/154 6502/3550/154 6501/3551/154
f 6505/3552/20 6507/3553/20 6506/3554/20
f 6508/3555/144 6510/3556/144 6509/3557/144
f 6511/3558/5 6514/3559/5 6512/3560/5
f 6517/3561/154 6516/3562/154 6515/3563/154
f 6521/3564/150 6520/3565/150 6519/3566/150
f 6525/3567/151 6524/3568/151 6523/3569/151
f 6527/3570/142 6529/3571/142 6528/3572/142
f 6530/3573/152 6533/3574/152 6531/3575/152
f 6536/3576/151 6535/3577/151 6534/3578/151
f 6538/3579/152 6541/3580/152 6539/3581/152
f 6544/3582/151 6543/3583/151 6542/3584/151
f 6548/3585/17 6547/3586/17 6546/3587/17
f 6550/3588/153 6553/3589/153 6551/3590/153
f 6554/3591/144 6556/3592/144 6555/3593/144
f 6557/3594/142 6559/3595/142 6558/3596/142
f 6560/3597/32 6562/3598/32 6561/3599/32
f 6563/3600/24 6565/3601/24 6564/3602/24
f 6566/3603/14 6568/3604/14 6567/3605/14
f 6569/3606/26 6571/3607/26 6570/3608/26
f 6572/3609/26 6574/3610/26 6573/3611/26
f 6575/3612/24 6577/3613/24 6576/3614/24
f 6578/3615/24 6580/3616/24 6579/3617/24
f 6581/3618/42 6584/3619/42 6582/3620/42
f 6587/3621/42 6586/3622/42 6585/3623/42
f 6589/3624/26 6591/3625/26 6590/3626/26
f 6592/3627/42 6595/3628/42 6593/3629/42
f 6596/3630/26 6598/3631/26 6597/3632/26
f 6601/3633/42 6600/3634/42 6599/3635/42
f 6603/3636/42 6606/3637/42 6604/3638/42
f 6607/3639/24 6609/3640/24 6608/3641/24
f 6612/3642/42 6611/3643/42 6610/3644/42
f 6614/3645/32 6616/3646/32 6615/3647/32
f 6617/3648/142 6619/3649/142 6618/3650/142
f 6620/3651/14 6622/3652/14 6621/3653/14
f 6623/3654/144 6625/3655/144 6624/3656/144
f 6626/3657/142 6628/3658/142 6627/3659/142
f 6629/3660/144 6631/3661/144 6630/3662/144
f 6632/3663/23 6634/3664/23 6633/3665/23
f 6635/3666/32 6637/3667/32 6636/3668/32
f 6638/3669/21 6640/3670/21 6639/3671/21
f 6641/3672/20 6643/3673/20 6642/3674/20
f 6644/3675/11 6646/3676/11 6645/3677/11
f 6647/3678/18 6649/3679/18 6648/3680/18
f 6652/3681/150 6651/3682/150 6650/3683/150
f 6654/3684/32 6656/3685/32 6655/3686/32
f 6657/3687/11 6659/3688/11 6658/3689/11
f 6660/3690/23 6662/3691/23 6661/3692/23
f 6663/3693/11 6665/3694/11 6664/3695/11
f 6666/3696/21 6668/3697/21 6667/3698/21
f 6669/3699/21 6671/3700/21 6670/3701/21
f 6672/3702/7 6674/3703/7 6673/3704/7
f 6675/3705/23 6677/3706/23 6676/3707/23
f 6678/3708/23 6680/3709/23 6679/3710/23
f 6681/3711/21 6683/3712/21 6682/3713/21
f 6684/3714/21 6686/3715/21 6685/3716/21
f 6687/3717/23 6689/3718/23 6688/3719/23
f 6690/3720/11 6692/3721/11 6691/3722/11
f 6693/3723/11 6695/3724/11 6694/3725/11
f 6696/3726/7 6698/3727/7 6697/3728/7
f 6699/3729/32 6701/3730/32 6700/3731/32
f 6702/3732/155 6704/3732/155 6703/3732/155
f 6705/3733/156 6707/3733/156 6706/3733/156
f 6708/3734/157 6710/3734/157 6709/3734/157
f 6711/3735/158 6713/3735/158 6712/3735/158
f 6714/3736/159 6716/3736/159 6715/3736/159
f 6717/3737/160 6719/3737/160 6718/3737/160
f 6720/3738/161 6722/3738/161 6721/3738/161
f 6723/3739/162 6725/3739/162 6724/3739/162
f 6726/3740/163 6728/3740/163 6727/3740/163
f 6729/3741/164 6731/3741/164 6730/3741/164
f 6732/3742/165 6734/3742/165 6733/3742/165
f 6735/3743/166 6737/3743/166 6736/3743/166
f 6738/3744/167 6740/3744/167 6739/3744/167
f 6741/3745/168 6743/3745/168 6742/3745/168
f 6744/3746/169 6746/3746/169 6745/3746/169
f 6747/3747/170 6749/3747/170 6748/3747/170
f 6750/3748/171 6752/3748/171 6751/3748/171
f 6753/3749/172 6755/3749/172 6754/3749/172
f 6756/3750/173 6758/3750/173 6757/3750/173
f 6759/3751/174 6761/3751/174 6760/3751/174
f 6762/3752/11 6764/3753/11 6763/3754/11
f 6765/3755/175 6767/3755/175 6766/3755/175
f 6768/3756/176 6770/3756/176 6769/3756/176
f 6771/3757/177 6773/3757/177 6772/3757/177
f 6774/3758/178 6776/3758/178 6775/3758/178
f 6777/3759/179 6779/3759/179 6778/3759/179
f 6780/3760/180 6782/3760/180 6781/3760/180
f 6783/3761/181 6785/3761/181 6784/3761/181
f 6786/3762/182 6788/3762/182 6787/3762/182
f 6789/3763/183 6791/3763/183 6790/3763/183
f 6792/3764/184 6794/3764/184 6793/3764/184
f 6795/3765/185 6797/3765/185 6796/3765/185
f 6798/3766/186 6800/3766/186 6799/3766/186
f 6801/3767/187 6803/3767/187 6802/3767/187
f 6804/3768/178 6806/3768/178 6805/3768/178
f 6807/3769/188 6809/3769/188 6808/3769/188
f 6810/3770/189 6812/3770/189 6811/3770/189
f 6813/3771/190 6815/3771/190 6814/3771/190
f 6816/3772/191 6818/3772/191 6817/3772/191
f 6819/3773/192 6821/3773/192 6820/3773/192
f 6822/3774/193 6824/3774/193 6823/3774/193
f 6825/3775/194 6827/3775/194 6826/3775/194
f 6828/3776/195 6830/3776/195 6829/3776/195
f 6831/3777/196 6833/3777/196 6832/3777/196
f 6834/3778/197 6836/3778/197 6835/3778/197
f 6837/3779/198 6839/3779/198 6838/3779/198
f 6840/3780/183 6842/3780/183 6841/3780/183
f 6843/3781/199 6845/3781/199 6844/3781/199
f 6846/3782/200 6848/3782/200 6847/3782/200
f 6849/3783/193 6851/3783/193 6850/3783/193
f 6852/3784/201 6854/3784/201 6853/3784/201
f 6855/3785/202 6857/3785/202 6856/3785/202
f 6858/3786/203 6860/3786/203 6859/3786/203
f 6861/3787/199 6863/3787/199 6862/3787/199
f 6864/3788/204 6866/3788/204 6865/3788/204
f 6867/3789/205 6869/3789/205 6868/3789/205
f 6870/3790/206 6872/3790/206 6871/3790/206
f 6873/3791/207 6875/3791/207 6874/3791/207
f 6876/3792/208 6878/3792/208 6877/3792/208
f 6879/3793/209 6881/3793/209 6880/3793/209
f 6882/3794/210 6884/3794/210 6883/3794/210
f 6885/3795/211 6887/3795/211 6886/3795/211
f 6888/3796/209 6890/3796/209 6889/3796/209
f 6891/3797/212 6893/3797/212 6892/3797/212
f 6894/3798/213 6896/3798/213 6895/3798/213
f 6897/3799/214 6899/3799/214 6898/3799/214
f 6900/3800/215 6902/3800/215 6901/3800/215
f 6903/3801/216 6905/3801/216 6904/3801/216
f 6908/3802/217 6907/3803/217 6906/3804/217
f 6912/3805/218 6911/3806/218 6910/3807/218
f 6914/3808/219 6916/3808/219 6915/3808/219
f 6917/3809/220 6919/3809/220 6918/3809/220
f 6920/3810/221 6922/3810/221 6921/3810/221
f 6923/3811/222 6925/3811/222 6924/3811/222
f 6926/3812/223 6928/3812/223 6927/3812/223
f 6929/3813/224 6931/3813/224 6930/3813/224
f 6932/3814/225 6934/3814/225 6933/3814/225
f 6935/3815/226 6937/3815/226 6936/3815/226
f 6938/3816/227 6940/3816/227 6939/3816/227
f 6941/3817/228 6943/3817/228 6942/3817/228
f 6944/3818/229 6946/3818/229 6945/3818/229
f 6947/3819/230 6949/3819/230 6948/3819/230
f 6950/3820/32 6952/3821/32 6951/3822/32
f 6953/3823/231 6955/3823/231 6954/3823/231
f 6956/3824/232 6958/3824/232 6957/3824/232
f 6959/3825/233 6961/3825/233 6960/3825/233
f 6962/3826/234 6964/3826/234 6963/3826/234
f 6965/3827/235 6967/3827/235 6966/3827/235
f 6968/3828/236 6970/3828/236 6969/3828/236
f 6971/3829/1 6974/3829/1 6972/3829/1
f 6975/3830/145 6978/3830/145 6976/3830/145
f 6981/3831/237 6980/3832/237 6979/3833/237
f 6983/3834/17 6986/3835/17 6984/3836/17
f 6989/3837/238 6988/3838/238 6987/3839/238
f 6991/3840/239 6994/3841/239 6992/3842/239
f 6995/3843/240 6997/3843/240 6996/3843/240
f 6998/3844/241 7000/3844/241 6999/3844/241
f 7001/3845/242 7003/3845/242 7002/3845/242
f 7004/3846/243 7006/3846/243 7005/3846/243
f 7007/3847/244 7009/3847/244 7008/3847/244
f 7010/3848/245 7012/3848/245 7011/3848/245
f 7013/3849/246 7015/3849/246 7014/3849/246
f 7016/3850/247 7018/3850/247 7017/3850/247
f 7019/3851/248 7021/3851/248 7020/3851/248
f 7022/3852/145 7024/3852/145 7023/3852/145
f 7025/3853/249 7027/3853/249 7026/3853/249
f 7028/3854/145 7030/3854/145 7029/3854/145
f 7031/3855/249 7033/3855/249 7032/3855/249
f 7034/3856/250 7036/3856/250 7035/3856/250
f 7037/3857/251 7039/3857/251 7038/3857/251
f 7040/3858/252 7042/3858/252 7041/3858/252
f 7043/3859/253 7045/3859/253 7044/3859/253
f 7046/3860/254 7048/3860/254 7047/3860/254
f 7049/3861/249 7051/3861/249 7050/3861/249
f 7052/3862/255 7054/3862/255 7053/3862/255
f 7055/3863/256 7057/3863/256 7056/3863/256
f 7058/3864/223 7060/3864/223 7059/3864/223
f 7061/3865/257 7063/3865/257 7062/3865/257
f 7064/3866/258 7066/3866/258 7065/3866/258
f 7067/3867/220 7069/3867/220 7068/3867/220
f 7070/3868/259 7072/3868/259 7071/3868/259
f 7073/3869/260 7075/3869/260 7074/3869/260
f 7076/3870/261 7078/3870/261 7077/3870/261
f 7079/3871/262 7081/3871/262 7080/3871/262
f 7082/3872/257 7084/3872/257 7083/3872/257
f 7085/3873/263 7087/3873/263 7086/3873/263
f 7088/3874/257 7090/3874/257 7089/3874/257
f 7091/3875/264 7093/3875/264 7092/3875/264
f 7094/3876/233 7096/3876/233 7095/3876/233
f 7097/3877/265 7100/3878/265 7098/3879/265
f 7101/3880/42 7104/3881/42 7102/3882/42
f 7105/3883/266 7107/3883/266 7106/3883/266
f 7108/3884/267 7110/3884/267 7109/3884/267
f 7111/3885/268 7113/3885/268 7112/3885/268
f 7114/3886/269 7116/3886/269 7115/3886/269
f 7117/3887/270 7119/3887/270 7118/3887/270
f 7120/3888/271 7122/3888/271 7121/3888/271
f 7123/3889/145 7125/3889/145 7124/3889/145
f 7126/3890/249 7128/3890/249 7127/3890/249
f 7129/3891/249 7131/3891/249 7130/3891/249
f 7132/3892/272 7134/3892/272 7133/3892/272
f 7135/3893/273 7137/3893/273 7136/3893/273
f 7138/3894/274 7140/3894/274 7139/3894/274
f 7141/3895/275 7143/3895/275 7142/3895/275
f 7144/3896/276 7146/3896/276 7145/3896/276
f 7147/3897/277 7149/3897/277 7148/3897/277
f 7150/3898/278 7152/3898/278 7151/3898/278
f 7153/3899/279 7155/3899/279 7154/3899/279
f 7156/3900/280 7158/3900/280 7157/3900/280
f 7159/3901/281 7161/3901/281 7160/3901/281
f 7162/3902/282 7164/3902/282 7163/3902/282
f 7165/3903/244 7167/3903/244 7166/3903/244
f 7168/3904/283 7170/3904/283 7169/3904/283
f 7171/3905/284 7173/3905/284 7172/3905/284
f 7174/3906/285 7176/3906/285 7175/3906/285
f 7177/3907/286 7179/3907/286 7178/3907/286
f 7180/3908/287 7182/3908/287 7181/3908/287
f 7183/3909/288 7185/3909/288 7184/3909/288
f 7186/3910/289 7188/3910/289 7187/3910/289
f 7189/3911/290 7191/3911/290 7190/3911/290
f 7192/3912/291 7194/3912/291 7193/3912/291
f 7195/3913/292 7197/3913/292 7196/3913/292
f 7198/3914/293 7200/3914/293 7199/3914/293
f 7201/3915/294 7203/3915/294 7202/3915/294
f 7204/3916/295 7206/3916/295 7205/3916/295
f 7207/3917/296 7209/3917/296 7208/3917/296
f 7210/3918/297 7212/3918/297 7211/3918/297
f 7213/3919/298 7215/3919/298 7214/3919/298
f 7216/3920/299 7218/3920/299 7217/3920/299
f 7219/3921/300 7221/3921/300 7220/3921/300
f 7222/3922/301 7224/3922/301 7223/3922/301
f 7225/3923/302 7227/3923/302 7226/3923/302
f 7228/3924/303 7230/3924/303 7229/3924/303
f 7231/3925/304 7233/3925/304 7232/3925/304
f 7234/3926/305 7236/3926/305 7235/3926/305
f 7237/3927/306 7239/3927/306 7238/3927/306
f 7240/3928/307 7242/3928/307 7241/3928/307
f 7243/3929/308 7245/3929/308 7244/3929/308
f 7246/3930/309 7248/3930/309 7247/3930/309
f 7249/3931/310 7251/3931/310 7250/3931/310
f 7252/3932/311 7254/3932/311 7253/3932/311
f 7255/3933/312 7257/3933/312 7256/3933/312
f 7258/3934/313 7260/3934/313 7259/3934/313
f 7261/3935/314 7263/3935/314 7262/3935/314
f 7264/3936/315 7266/3936/315 7265/3936/315
f 7267/3937/316 7269/3937/316 7268/3937/316
f 7270/3938/317 7272/3938/317 7271/3938/317
f 7273/3939/318 7275/3939/318 7274/3939/318
f 7276/3940/319 7278/3940/319 7277/3940/319
f 7279/3941/320 7281/3941/320 7280/3941/320
f 7282/3942/321 7284/3942/321 7283/3942/321
f 7285/3943/322 7287/3943/322 7286/3943/322
f 7288/3944/323 7290/3944/323 7289/3944/323
f 7291/3945/324 7293/3945/324 7292/3945/324
f 7294/3946/325 7296/3946/325 7295/3946/325
f 7297/3947/326 7299/3947/326 7298/3947/326
f 7300/3948/327 7302/3948/327 7301/3948/327
f 7303/3949/328 7305/3949/328 7304/3949/328
f 7306/3950/329 7308/3950/329 7307/3950/329
f 7309/3951/314 7311/3951/314 7310/3951/314
f 7312/3952/330 7314/3952/330 7313/3952/330
f 7315/3953/331 7317/3953/331 7316/3953/331
f 7318/3954/332 7320/3954/332 7319/3954/332
f 7321/3955/333 7323/3955/333 7322/3955/333
f 7324/3956/334 7326/3956/334 7325/3956/334
f 7327/3957/335 7329/3957/335 7328/3957/335
f 7330/3958/336 7332/3958/336 7331/3958/336
f 7333/3959/21 7335/3960/21 7334/3961/21
f 7336/3962/337 7338/3962/337 7337/3962/337
f 7339/3963/338 7341/3963/338 7340/3963/338
f 7342/3964/339 7344/3964/339 7343/3964/339
f 7345/3965/340 7347/3965/340 7346/3965/340
f 7348/3966/341 7350/3966/341 7349/3966/341
f 7351/3967/342 7353/3967/342 7352/3967/342
f 7354/3968/343 7356/3968/343 7355/3968/343
f 7357/3969/344 7359/3969/344 7358/3969/344
f 7360/3970/345 7362/3970/345 7361/3970/345
f 7363/3971/346 7365/3971/346 7364/3971/346
f 7366/3972/347 7368/3972/347 7367/3972/347
f 7369/3973/348 7371/3973/348 7370/3973/348
f 7372/3974/349 7374/3974/349 7373/3974/349
f 7375/3975/350 7377/3975/350 7376/3975/350
f 7378/3976/351 7380/3976/351 7379/3976/351
f 7381/3977/352 7383/3977/352 7382/3977/352
f 7384/3978/353 7386/3978/353 7385/3978/353
f 7387/3979/354 7389/3979/354 7388/3979/354
f 7390/3980/355 7392/3980/355 7391/3980/355
f 7393/3981/356 7395/3981/356 7394/3981/356
f 7396/3982/357 7398/3982/357 7397/3982/357
f 7399/3983/358 7401/3983/358 7400/3983/358
f 7402/3984/346 7404/3984/346 7403/3984/346
f 7405/3985/359 7407/3985/359 7406/3985/359
f 7408/3986/360 7410/3986/360 7409/3986/360
f 7411/3987/23 7413/3988/23 7412/3989/23
f 7414/3990/361 7416/3990/361 7415/3990/361
f 7417/3991/362 7419/3991/362 7418/3991/362
f 7420/3992/355 7422/3992/355 7421/3992/355
f 7423/3993/363 7425/3993/363 7424/3993/363
f 7426/3994/364 7428/3994/364 7427/3994/364
f 7429/3995/365 7431/3995/365 7430/3995/365
f 7432/3996/366 7434/3996/366 7433/3996/366
f 7435/3997/367 7437/3997/367 7436/3997/367
f 7438/3998/368 7440/3998/368 7439/3998/368
f 7441/3999/369 7443/3999/369 7442/3999/369
f 7444/4000/370 7446/4000/370 7445/4000/370
f 7447/4001/362 7449/4001/362 7448/4001/362
f 7450/4002/371 7452/4002/371 7451/4002/371
f 7453/4003/358 7455/4003/358 7454/4003/358
f 7456/4004/372 7458/4004/372 7457/4004/372
f 7459/4005/18 7461/4006/18 7460/4007/18
f 7462/4008/373 7464/4008/373 7463/4008/373
f 7465/4009/374 7467/4009/374 7466/4009/374
f 7468/4010/375 7470/4010/375 7469/4010/375
f 7471/4011/376 7473/4011/376 7472/4011/376
f 7474/4012/377 7476/4012/377 7475/4012/377
f 7477/4013/378 7479/4013/378 7478/4013/378
f 7480/4014/372 7482/4014/372 7481/4014/372
f 7483/4015/379 7485/4015/379 7484/4015/379
f 7486/4016/380 7488/4016/380 7487/4016/380
f 7489/4017/381 7491/4017/381 7490/4017/381
f 7492/4018/375 7494/4018/375 7493/4018/375
f 7495/4019/382 7497/4019/382 7496/4019/382
f 7498/4020/383 7500/4020/383 7499/4020/383
f 7501/4021/384 7503/4021/384 7502/4021/384
f 7504/4022/385 7506/4022/385 7505/4022/385
f 7507/4023/386 7509/4023/386 7508/4023/386
f 7510/4024/20 7512/4025/20 7511/4026/20
f 7513/4027/387 7515/4027/387 7514/4027/387
f 7516/4028/388 7518/4028/388 7517/4028/388
f 7519/4029/389 7521/4029/389 7520/4029/389
f 7522/4030/390 7524/4030/390 7523/4030/390
f 7525/4031/391 7527/4031/391 7526/4031/391
f 7528/4032/392 7530/4032/392 7529/4032/392
f 7531/4033/393 7533/4033/393 7532/4033/393
f 7534/4034/394 7536/4034/394 7535/4034/394
f 7537/4035/395 7539/4035/395 7538/4035/395
f 7540/4036/396 7542/4036/396 7541/4036/396
f 7543/4037/397 7545/4037/397 7544/4037/397
f 7546/4038/398 7548/4038/398 7547/4038/398
f 7549/4039/399 7551/4039/399 7550/4039/399
f 7554/4040/150 7553/4041/150 7552/4042/150
f 7556/4043/14 7558/4044/14 7557/4045/14
f 7559/4046/7 7561/4047/7 7560/4048/7
f 7562/4049/32 7564/4050/32 7563/4051/32
f 7565/4052/14 7567/4053/14 7566/4054/14
f 7568/4055/24 7570/4056/24 7569/4057/24
f 7571/4058/26 7573/4059/26 7572/4060/26
f 7574/4061/26 7576/4062/26 7575/4063/26
f 7577/4064/24 7579/4065/24 7578/4066/24
f 7580/4067/7 7582/4068/7 7581/4069/7
f 7583/4070/14 7585/4071/14 7584/4072/14
f 7586/4073/32 7588/4074/32 7587/4075/32
f 7589/4076/11 7591/4077/11 7590/4078/11
f 7592/4079/23 7594/4080/23 7593/4081/23
f 7595/4082/21 7597/4083/21 7596/4084/21
f 7598/4085/21 7600/4086/21 7599/4087/21
f 7601/4088/23 7603/4089/23 7602/4090/23
f 7604/4091/11 7606/4092/11 7605/4093/11
f 7607/4094/32 7609/4095/32 7608/4096/32
f 7610/4097/11 7612/4098/11 7611/4099/11
f 7613/4100/32 7615/4101/32 7614/4102/32
f 7616/4103/11 7618/4104/11 7617/4105/11
f 7619/4106/32 7621/4107/32 7620/4108/32
f 7622/4109/21 7624/4110/21 7623/4111/21
f 7625/4112/23 7627/4113/23 7626/4114/23
f 7628/4115/23 7630/4116/23 7629/4117/23
f 7631/4118/21 7633/4119/21 7632/4120/21
f 7634/4121/21 7636/4122/21 7635/4123/21
f 7637/4124/23 7639/4125/23 7638/4126/23
f 7640/4127/23 7642/4128/23 7641/4129/23
f 7643/4130/21 7645/4131/21 7644/4132/21
f 7646/4133/32 7648/4134/32 7647/4135/32
f 7649/4136/11 7651/4137/11 7650/4138/11
f 7652/4139/32 7654/4140/32 7653/4141/32
f 7655/4142/11 7657/4143/11 7656/4144/11
f 6184/4145/400 6492/4146/400 6328/4147/400
f 6184/4145/401 6632/4148/401 6492/4146/401
f 6175/4149/402 6560/4150/402 6184/4151/402
f 7333/4152/249 6175/4153/249 6632/4154/249
f 7562/4155/249 6175/4153/249 7333/4152/249
f 6175/4153/403 7562/4155/403 6163/4156/403
f 6302/4157/404 6168/4158/404 6303/3427/404
f 7603/4159/405 7629/4160/405 7622/4161/405
f 7629/4160/405 7603/4159/405 7634/4162/405
f 7634/4162/271 7603/4159/271 7577/4163/271
f 7634/4162/406 7577/4163/406 6689/4148/406
f 6689/4164/407 7641/4165/407 6607/4166/407
f 6689/4148/406 7641/4167/406 7634/4162/406
f 7643/4168/408 6607/4166/408 7641/4165/408
f 7643/4169/249 6163/4170/249 7562/4171/249
f 6301/4172/400 6303/4173/400 6163/4174/400
f 6163/4170/409 7643/4169/409 6303/4175/409
f 7661/3333/410 7662/3334/410 7660/3334/410
f 6165/3332/411 7660/3334/411 7658/3332/411
f 6167/3334/411 7661/3333/411 7660/3334/411
f 6166/4176/411 7658/3332/411 7659/4176/411
f 6168/3333/411 7659/4176/411 7661/3333/411
f 7660/3334/412 7662/3334/412 6607/4177/412
f 6303/4177/413 7661/3333/413 7663/3333/413
f 6377/4178/407 7552/4178/407 6309/4178/407
f 7663/4179/414 7643/4180/414 7662/4181/414
f 6607/4166/415 7643/4168/415 7662/4182/415
f 7643/4180/416 7663/4179/416 6303/4183/416
f 4321/4184/145 4465/4184/145 5147/4184/145
f 5147/4184/145 4465/4184/145 5251/4184/145
f 4465/4184/145 4488/4184/145 5251/4184/145
f 5251/4184/145 4488/4184/145 5311/4184/145
f 3491/4185/1 3489/1687/1 3208/4186/1
f 4708/4187/145 5664/4187/145 3491/4187/145
f 5666/4188/417 6488/4188/417 6129/4188/417
f 6488/4188/417 5666/4188/417 6485/4188/417
f 5666/4189/1 5664/4190/1 3491/4190/1
f 6485/4190/418 5666/4189/418 3491/4190/418
f 3491/4187/417 3208/4187/417 6485/4187/417
f 1/1/1 3/4191/1 4/2/1
f 5/4/1 7/4/1 8/4/1
f 11/5/2 12/4192/2 10/6/2
f 15/8/2 16/8/2 14/8/2
f 19/9/2 20/9/2 18/10/2
f 23/11/2 24/11/2 22/11/2
f 25/12/419 27/13/419 28/13/419
f 29/14/419 31/14/419 32/14/419
f 33/15/1 35/4193/1 36/16/1
f 37/18/1 39/18/1 40/18/1
f 43/19/2 44/19/2 42/20/2
f 47/21/2 48/21/2 46/22/2
f 51/23/2 52/23/2 50/23/2
f 55/24/2 56/24/2 54/24/2
f 57/25/419 59/4194/419 60/26/419
f 61/27/419 63/27/419 64/27/419
f 67/28/5 68/4195/5 66/29/5
f 71/31/5 72/31/5 70/31/5
f 73/32/1 75/4196/1 76/33/1
f 77/35/1 79/36/1 80/36/1
f 81/37/1 83/37/1 84/37/1
f 85/38/1 87/38/1 88/38/1
f 91/39/5 92/4197/5 90/40/5
f 93/42/6 95/4198/6 96/43/6
f 99/45/5 100/45/5 98/45/5
f 101/46/6 103/46/6 104/46/6
f 107/47/1 108/47/1 106/48/1
f 111/49/1 112/49/1 110/49/1
f 113/50/1 115/51/1 116/51/1
f 117/52/1 119/52/1 120/52/1
f 121/53/1 123/54/1 124/54/1
f 125/55/1 127/55/1 128/55/1
f 129/56/6 131/4199/6 132/57/6
f 133/59/6 135/59/6 136/59/6
f 139/60/1 140/60/1 138/61/1
f 143/62/1 144/62/1 142/62/1
f 145/63/2 147/4200/2 148/64/2
f 149/66/2 151/66/2 152/66/2
f 161/71/9 162/71/9 160/71/9
f 165/72/9 166/72/9 164/72/9
f 169/73/5 170/4201/5 168/74/5
f 173/76/5 174/76/5 172/76/5
f 177/77/2 178/4202/2 176/78/2
f 181/80/2 182/80/2 180/80/2
f 183/81/1 185/4203/1 186/82/1
f 187/83/1 189/83/1 190/83/1
f 193/84/9 194/84/9 192/84/9
f 197/85/9 198/85/9 196/85/9
f 201/86/10 202/86/10 200/86/10
f 205/87/5 206/4204/5 204/88/5
f 207/90/6 209/4205/6 210/91/6
f 213/93/10 214/93/10 212/93/10
f 217/94/5 218/94/5 216/94/5
f 219/95/6 221/95/6 222/95/6
f 229/100/12 231/100/12 232/100/12
f 235/101/1 236/101/1 234/102/1
f 237/103/12 239/103/12 240/103/12
f 243/104/1 244/104/1 242/104/1
f 245/105/1 247/105/1 248/105/1
f 249/106/1 251/107/1 252/107/1
f 253/108/1 255/108/1 256/108/1
f 257/109/1 259/109/1 260/109/1
f 263/110/5 264/4206/5 262/111/5
f 267/113/5 268/113/5 266/113/5
f 269/114/6 271/4207/6 272/115/6
f 273/117/6 275/117/6 276/117/6
f 279/118/10 280/118/10 278/118/10
f 281/119/12 283/119/12 284/119/12
f 287/120/10 288/120/10 286/120/10
f 289/121/12 291/121/12 292/121/12
f 295/122/1 296/122/1 294/123/1
f 299/124/1 300/124/1 298/124/1
f 301/125/1 303/125/1 304/125/1
f 305/126/16 307/126/16 308/126/16
f 309/127/1 311/127/1 312/127/1
f 313/128/16 315/128/16 316/128/16
f 323/133/45 325/4208/45 326/134/45
f 327/136/45 329/136/45 330/136/45
f 331/137/420 333/137/420 334/137/420
f 335/138/420 337/138/420 338/138/420
f 347/143/45 348/4209/45 346/144/45
f 351/146/45 352/146/45 350/146/45
f 355/147/17 356/4210/17 354/148/17
f 359/150/17 360/150/17 358/150/17
f 367/155/19 369/4211/19 370/156/19
f 371/158/19 373/158/19 374/158/19
f 377/159/5 378/4212/5 376/160/5
f 381/162/5 382/162/5 380/162/5
f 389/167/5 391/4213/5 392/168/5
f 393/170/5 395/170/5 396/170/5
f 397/171/1 399/172/1 400/172/1
f 401/173/1 403/173/1 404/173/1
f 405/174/1 407/175/1 408/175/1
f 409/176/6 411/4214/6 412/177/6
f 413/179/1 415/179/1 416/179/1
f 417/180/6 419/180/6 420/180/6
f 429/185/5 430/4215/5 428/186/5
f 433/188/5 434/188/5 432/188/5
f 437/189/1 438/189/1 436/190/1
f 441/191/1 442/191/1 440/191/1
f 445/192/22 446/4216/22 444/193/22
f 449/195/22 450/195/22 448/195/22
f 451/196/1 453/197/1 454/197/1
f 455/198/1 457/198/1 458/198/1
f 459/199/1 461/200/1 462/200/1
f 463/201/1 465/201/1 466/201/1
f 473/206/6 475/4217/6 476/207/6
f 477/209/6 479/209/6 480/209/6
f 483/210/1 484/210/1 482/211/1
f 487/212/1 488/212/1 486/212/1
f 495/217/17 497/4218/17 498/218/17
f 499/220/22 501/4219/22 502/221/22
f 503/223/17 505/223/17 506/223/17
f 507/224/22 509/224/22 510/224/22
f 531/237/5 532/4220/5 530/238/5
f 535/240/5 536/240/5 534/240/5
f 539/241/5 540/4221/5 538/242/5
f 543/244/5 544/244/5 542/244/5
f 553/249/421 554/249/421 552/249/421
f 557/250/421 558/250/421 556/250/421
f 559/251/1 561/252/1 562/252/1
f 563/253/1 565/253/1 566/253/1
f 567/254/28 569/4222/28 570/255/28
f 571/257/28 573/257/28 574/257/28
f 575/258/6 577/4223/6 578/259/6
f 579/261/6 581/261/6 582/261/6
f 583/262/1 585/263/1 586/263/1
f 587/264/1 589/264/1 590/264/1
f 593/265/422 594/265/422 592/265/422
f 597/266/5 598/4224/5 596/267/5
f 601/269/422 602/269/422 600/269/422
f 605/270/5 606/270/5 604/270/5
f 609/271/423 610/271/423 608/271/423
f 611/272/31 613/272/31 614/272/31
f 617/273/423 618/273/423 616/273/423
f 619/274/31 621/274/31 622/274/31
f 623/275/1 625/275/1 626/275/1
f 627/276/1 629/277/1 630/277/1
f 631/278/6 633/4225/6 634/279/6
f 635/281/1 637/281/1 638/281/1
f 639/282/1 641/282/1 642/282/1
f 643/283/6 645/283/6 646/283/6
f 649/284/17 650/4226/17 648/285/17
f 653/287/28 654/4227/28 652/288/28
f 657/290/17 658/290/17 656/290/17
f 661/291/28 662/291/28 660/291/28
f 669/296/1 671/297/1 672/297/1
f 673/298/1 675/298/1 676/298/1
f 679/299/422 680/299/422 678/299/422
f 681/300/424 683/300/424 684/300/424
f 687/301/422 688/301/422 686/301/422
f 689/302/424 691/302/424 692/302/424
f 693/303/425 695/303/425 696/303/425
f 697/304/425 699/304/425 700/304/425
f 701/305/417 703/305/417 704/305/417
f 705/306/417 707/306/417 708/306/417
f 709/307/426 711/307/426 712/307/426
f 713/308/426 715/308/426 716/308/426
f 729/317/5 731/4228/5 732/318/5
f 733/320/5 735/320/5 736/320/5
f 739/321/5 740/4229/5 738/322/5
f 743/324/5 744/324/5 742/324/5
f 747/325/25 748/4230/25 746/326/25
f 751/328/25 752/328/25 750/328/25
f 755/329/6 756/4231/6 754/330/6
f 759/332/6 760/332/6 758/332/6
f 761/333/1 763/334/1 764/334/1
f 765/335/1 767/335/1 768/335/1
f 769/336/1 771/337/1 772/337/1
f 773/338/1 775/339/1 776/339/1
f 777/340/1 779/340/1 780/340/1
f 781/341/1 783/341/1 784/341/1
f 787/342/5 788/4232/5 786/343/5
f 791/345/5 792/345/5 790/345/5
f 793/346/25 795/4233/25 796/347/25
f 797/349/25 799/349/25 800/349/25
f 801/350/17 803/4234/17 804/351/17
f 805/353/17 807/353/17 808/353/17
f 809/354/1 811/355/1 812/355/1
f 815/356/6 816/4235/6 814/357/6
f 817/359/1 819/359/1 820/359/1
f 823/360/6 824/360/6 822/360/6
f 831/365/1 833/366/1 834/366/1
f 835/367/1 837/367/1 838/367/1
f 839/368/1 841/369/1 842/369/1
f 843/370/1 845/370/1 846/370/1
f 861/379/5 862/4236/5 860/380/5
f 865/382/5 866/382/5 864/382/5
f 873/387/28 875/4237/28 876/388/28
f 877/390/28 879/390/28 880/390/28
f 883/391/37 884/391/37 882/391/37
f 887/392/5 888/4238/5 886/393/5
f 891/395/37 892/395/37 890/395/37
f 895/396/5 896/396/5 894/396/5
f 899/397/6 900/4239/6 898/398/6
f 903/400/6 904/400/6 902/400/6
f 905/401/1 907/402/1 908/402/1
f 909/403/1 911/404/1 912/404/1
f 913/405/1 915/405/1 916/405/1
f 917/406/1 919/406/1 920/406/1
f 923/407/28 924/4240/28 922/408/28
f 927/410/28 928/410/28 926/410/28
f 931/411/17 932/4241/17 930/412/17
f 935/414/17 936/414/17 934/414/17
f 939/415/37 940/415/37 938/415/37
f 941/416/427 943/416/427 944/416/427
f 947/417/37 948/417/37 946/417/37
f 949/418/427 951/418/427 952/418/427
f 955/419/39 956/419/39 954/419/39
f 959/420/39 960/420/39 958/420/39
f 963/421/5 964/4242/5 962/422/5
f 967/424/6 968/4243/6 966/425/6
f 971/427/5 972/427/5 970/427/5
f 975/428/6 976/428/6 974/428/6
f 977/429/1 979/429/1 980/429/1
f 981/430/1 983/430/1 984/430/1
f 985/431/1 987/432/1 988/432/1
f 989/433/1 991/433/1 992/433/1
f 993/434/1 995/435/1 996/435/1
f 997/437/1 999/437/1 1000/437/1
f 1001/438/1 1003/4244/1 1004/439/1
f 1005/441/1 1007/441/1 1008/441/1
f 1012/445/19 1014/4245/19 1015/446/19
f 1019/449/19 1021/449/19 1022/449/19
f 1023/450/38 1025/450/38 1026/450/38
f 1029/451/39 1030/451/39 1028/451/39
f 1031/452/38 1033/452/38 1034/452/38
f 1037/453/39 1038/453/39 1036/453/39
f 1039/454/40 1041/454/40 1042/454/40
f 1043/455/40 1045/455/40 1046/455/40
f 1047/456/1 1049/456/1 1050/456/1
f 1051/457/1 1053/457/1 1054/457/1
f 1067/466/40 1069/466/40 1070/466/40
f 1071/467/40 1073/467/40 1074/467/40
f 1081/472/5 1083/4246/5 1084/473/5
f 1085/475/5 1087/475/5 1088/475/5
f 1097/480/5 1098/4247/5 1096/481/5
f 1101/483/5 1102/483/5 1100/483/5
f 1103/484/1 1105/4248/1 1106/485/1
f 1107/487/1 1109/487/1 1110/487/1
f 1113/488/6 1114/4249/6 1112/489/6
f 1117/491/6 1118/491/6 1116/491/6
f 1121/492/22 1122/4250/22 1120/493/22
f 1125/495/22 1126/495/22 1124/495/22
f 1127/496/1 1129/497/1 1130/497/1
f 1131/498/1 1133/499/1 1134/499/1
f 1135/500/1 1137/500/1 1138/500/1
f 1139/501/1 1141/501/1 1142/501/1
f 1149/506/1 1151/507/1 1152/507/1
f 1153/508/1 1155/508/1 1156/508/1
f 1159/509/6 1160/4251/6 1158/510/6
f 1163/512/6 1164/512/6 1162/512/6
f 1173/517/5 1174/4252/5 1172/518/5
f 1177/520/5 1178/520/5 1176/520/5
f 1179/521/22 1181/4253/22 1182/522/22
f 1183/524/22 1185/524/22 1186/524/22
f 1187/525/1 1189/526/1 1190/526/1
f 1191/527/1 1193/527/1 1194/527/1
f 1195/528/17 1197/4254/17 1198/529/17
f 1199/531/17 1201/531/17 1202/531/17
f 1203/532/1 1205/4255/1 1206/533/1
f 1207/534/1 1209/535/1 1210/535/1
f 1211/537/1 1213/537/1 1214/537/1
f 1215/538/1 1217/538/1 1218/538/1
f 1227/543/42 1228/4256/42 1226/544/42
f 1231/546/42 1232/546/42 1230/546/42
f 1233/547/1 1235/4257/1 1236/548/1
f 1237/550/1 1239/550/1 1240/550/1
f 1243/551/42 1244/552/42 1242/552/42
f 1247/553/42 1248/553/42 1246/553/42
f 1251/554/42 1252/555/42 1250/555/42
f 1253/556/428 1255/4258/428 1256/557/428
f 1259/558/42 1260/558/42 1258/558/42
f 1261/559/428 1263/559/428 1264/559/428
f 1265/560/42 1267/4259/42 1268/561/42
f 1269/563/42 1271/563/42 1272/563/42
f 1275/564/42 1276/565/42 1274/565/42
f 1279/566/125 1280/4260/125 1278/567/125
f 1281/569/429 1283/569/429 1284/570/429
f 1287/571/42 1288/571/42 1286/571/42
f 1291/572/125 1292/572/125 1290/572/125
f 1293/573/429 1295/573/429 1296/573/429
f 1303/578/1 1305/4261/1 1306/579/1
f 1307/581/1 1309/581/1 1310/581/1
f 1323/590/2 1325/4262/2 1326/591/2
f 1327/593/2 1329/593/2 1330/593/2
f 1339/598/2 1340/4263/2 1338/599/2
f 1343/601/2 1344/601/2 1342/601/2
f 1347/602/5 1348/4264/5 1346/603/5
f 1351/605/5 1352/605/5 1350/605/5
f 1353/606/44 1355/606/44 1356/606/44
f 1357/607/2 1359/4265/2 1360/608/2
f 1361/610/44 1363/610/44 1364/610/44
f 1365/611/2 1367/611/2 1368/611/2
f 1375/616/44 1377/616/44 1378/616/44
f 1379/617/2 1381/4266/2 1382/618/2
f 1383/620/44 1385/620/44 1386/620/44
f 1387/621/2 1389/621/2 1390/621/2
f 1391/622/45 1393/4267/45 1394/623/45
f 1395/625/45 1397/625/45 1398/625/45
f 1399/626/44 1401/626/44 1402/626/44
f 1403/627/2 1405/4268/2 1406/628/2
f 1407/630/44 1409/630/44 1410/630/44
f 1411/631/2 1413/631/2 1414/631/2
f 1415/632/2 1417/4269/2 1418/633/2
f 1419/635/2 1421/635/2 1422/635/2
f 1423/636/44 1425/636/44 1426/636/44
f 1427/637/44 1429/637/44 1430/637/44
f 1433/638/45 1434/4270/45 1432/639/45
f 1437/641/45 1438/641/45 1436/641/45
f 1439/642/44 1441/642/44 1442/642/44
f 1443/643/2 1445/4271/2 1446/644/2
f 1447/646/44 1449/646/44 1450/646/44
f 1451/647/2 1453/647/2 1454/647/2
f 1463/652/17 1464/4272/17 1462/653/17
f 1467/655/17 1468/655/17 1466/655/17
f 1471/656/1 1472/4273/1 1470/657/1
f 1475/659/1 1476/659/1 1474/659/1
f 1479/660/1 1480/4274/1 1478/661/1
f 1483/663/1 1484/663/1 1482/663/1
f 1493/668/1 1494/4275/1 1492/669/1
f 1497/671/1 1498/671/1 1496/671/1
f 1501/672/1 1502/4276/1 1500/673/1
f 1505/675/1 1506/675/1 1504/675/1
f 1515/680/1 1516/4277/1 1514/681/1
f 1519/683/1 1520/683/1 1518/683/1
f 1523/684/17 1524/684/17 1522/685/17
f 1527/686/17 1528/686/17 1526/686/17
f 1529/687/5 1531/4278/5 1532/688/5
f 1533/690/5 1535/690/5 1536/690/5
f 1539/691/46 1540/691/46 1538/691/46
f 1543/692/46 1544/692/46 1542/692/46
f 1545/693/1 1547/4279/1 1548/694/1
f 1549/696/1 1551/696/1 1552/696/1
f 1561/701/25 1562/4280/25 1560/702/25
f 1565/704/25 1566/704/25 1564/704/25
f 1573/709/19 1575/4281/19 1576/710/19
f 1577/712/19 1579/712/19 1580/712/19
f 1583/713/69 1584/713/69 1582/713/69
f 1587/714/69 1588/714/69 1586/714/69
f 1589/715/25 1591/4282/25 1592/716/25
f 1593/718/25 1595/718/25 1596/718/25
f 1597/719/17 1599/4283/17 1600/720/17
f 1601/722/17 1603/722/17 1604/722/17
f 1613/727/430 1614/727/430 1612/727/430
f 1617/728/430 1618/728/430 1616/728/430
f 1625/733/1 1627/4284/1 1628/734/1
f 1629/736/1 1631/736/1 1632/736/1
f 1635/737/431 1636/737/431 1634/737/431
f 1639/738/431 1640/738/431 1638/738/431
f 1649/743/1 1650/743/1 1648/743/1
f 1653/744/1 1654/744/1 1652/744/1
f 1655/745/52 1657/745/52 1658/745/52
f 1659/746/52 1661/746/52 1662/746/52
f 1671/751/1 1672/4285/1 1670/752/1
f 1675/754/1 1676/754/1 1674/754/1
f 1677/755/50 1679/755/50 1680/755/50
f 1681/756/50 1683/756/50 1684/756/50
f 1685/757/17 1687/4286/17 1688/758/17
f 1689/760/17 1691/760/17 1692/760/17
f 1695/761/1 1696/761/1 1694/761/1
f 1699/762/1 1700/762/1 1698/762/1
f 1701/763/71 1703/763/71 1704/763/71
f 1705/764/71 1707/764/71 1708/764/71
f 1717/769/5 1718/4287/5 1716/770/5
f 1721/772/5 1722/772/5 1720/772/5
f 1725/773/1 1726/4288/1 1724/774/1
f 1729/776/1 1730/776/1 1728/776/1
f 1739/781/46 1740/781/46 1738/781/46
f 1743/782/46 1744/782/46 1742/782/46
f 1747/783/77 1748/783/77 1746/783/77
f 1751/784/77 1752/784/77 1750/784/77
f 1753/785/28 1755/4289/28 1756/786/28
f 1757/788/28 1759/788/28 1760/788/28
f 1781/801/56 1782/801/56 1780/801/56
f 1785/802/56 1786/802/56 1784/802/56
f 1789/803/17 1790/4290/17 1788/804/17
f 1793/806/28 1794/4291/28 1792/807/28
f 1797/809/17 1798/809/17 1796/809/17
f 1801/810/28 1802/810/28 1800/810/28
f 1817/819/1 1818/4292/1 1816/820/1
f 1821/822/1 1822/822/1 1820/822/1
f 1825/823/1 1826/4293/1 1824/824/1
f 1829/826/1 1830/826/1 1828/826/1
f 1837/831/17 1839/831/17 1840/832/17
f 1843/833/1 1844/4294/1 1842/834/1
f 1845/836/17 1847/836/17 1848/836/17
f 1851/837/1 1852/837/1 1850/837/1
f 1853/838/1 1855/4295/1 1856/839/1
f 1857/841/1 1859/841/1 1860/841/1
f 1861/842/5 1863/4296/5 1864/843/5
f 1865/845/5 1867/845/5 1868/845/5
f 1871/846/42 1872/4297/42 1870/847/42
f 1875/849/1 1876/4298/1 1874/850/1
f 1879/852/42 1880/852/42 1878/852/42
f 1883/853/1 1884/853/1 1882/853/1
f 1885/854/76 1887/854/76 1888/854/76
f 1889/855/76 1891/855/76 1892/855/76
f 1895/856/42 1896/4299/42 1894/857/42
f 1897/859/1 1899/4300/1 1900/860/1
f 1903/862/42 1904/862/42 1902/862/42
f 1905/863/1 1907/863/1 1908/863/1
f 1917/868/25 1918/4301/25 1916/869/25
f 1921/871/25 1922/871/25 1920/871/25
f 1925/872/42 1926/4302/42 1924/873/42
f 1929/875/42 1930/875/42 1928/875/42
f 1931/876/58 1933/876/58 1934/876/58
f 1935/877/58 1937/877/58 1938/877/58
f 1947/882/42 1948/4303/42 1946/883/42
f 1951/885/42 1952/885/42 1950/885/42
f 1953/886/58 1955/886/58 1956/886/58
f 1957/887/58 1959/887/58 1960/887/58
f 1967/892/17 1969/4304/17 1970/893/17
f 1971/895/25 1973/4305/25 1974/896/25
f 1975/898/17 1977/898/17 1978/898/17
f 1979/899/25 1981/899/25 1982/899/25
f 1985/900/42 1986/4306/42 1984/901/42
f 1989/903/42 1990/903/42 1988/903/42
f 1991/904/58 1993/904/58 1994/904/58
f 1995/905/58 1997/905/58 1998/905/58
f 1999/906/1 2001/4307/1 2002/907/1
f 2003/909/1 2005/909/1 2006/909/1
f 2007/910/58 2009/910/58 2010/910/58
f 2011/911/58 2013/911/58 2014/911/58
f 2017/912/58 2018/912/58 2016/912/58
f 2021/913/58 2022/913/58 2020/913/58
f 2037/922/5 2038/4308/5 2036/923/5
f 2041/925/5 2042/925/5 2040/925/5
f 2049/930/28 2051/4309/28 2052/931/28
f 2053/933/28 2055/933/28 2056/933/28
f 2065/938/17 2066/4310/17 2064/939/17
f 2069/941/28 2070/4311/28 2068/942/28
f 2073/944/17 2074/944/17 2072/944/17
f 2077/945/28 2078/945/28 2076/945/28
f 2079/946/1 2081/4312/1 2082/947/1
f 2083/949/1 2085/949/1 2086/949/1
f 2099/958/5 2101/4313/5 2102/959/5
f 2103/961/5 2105/961/5 2106/961/5
f 2113/966/1 2115/4314/1 2116/967/1
f 2117/969/1 2119/969/1 2120/969/1
f 2121/970/19 2123/4315/19 2124/971/19
f 2125/973/19 2127/973/19 2128/973/19
f 2131/974/25 2132/4316/25 2130/975/25
f 2135/977/25 2136/977/25 2134/977/25
f 2149/986/25 2151/4317/25 2152/987/25
f 2153/989/25 2155/989/25 2156/989/25
f 2157/990/17 2159/4318/17 2160/991/17
f 2161/993/17 2163/993/17 2164/993/17
f 2179/1002/42 2180/4319/42 2178/1003/42
f 2183/1005/42 2184/1005/42 2182/1005/42
f 2185/1006/1 2187/4320/1 2188/1007/1
f 2189/1009/1 2191/1009/1 2192/1009/1
f 2199/1014/42 2201/4321/42 2202/1015/42
f 2203/1017/42 2205/1017/42 2206/1017/42
f 2231/1034/1 2233/4322/1 2234/1035/1
f 2247/1045/1 2249/4323/1 2250/1046/1
f 2257/1052/1 2259/4324/1 2260/1053/1
f 2261/1055/1 2263/1055/1 2264/1055/1
f 2273/1060/44 2274/1060/44 2272/1060/44
f 2275/1061/2 2277/4325/2 2278/1062/2
f 2281/1064/44 2282/1064/44 2280/1064/44
f 2283/1065/2 2285/1065/2 2286/1065/2
f 2293/1070/44 2295/1070/44 2296/1070/44
f 2297/1071/2 2299/4326/2 2300/1072/2
f 2301/1074/44 2303/1074/44 2304/1074/44
f 2305/1075/2 2307/1075/2 2308/1075/2
f 2309/1076/1 2311/4327/1 2312/1077/1
f 2313/1079/1 2315/1079/1 2316/1079/1
f 2317/1080/2 2319/4328/2 2320/1081/2
f 2321/1083/2 2323/1083/2 2324/1083/2
f 2331/1088/44 2333/1088/44 2334/1088/44
f 2335/1089/44 2337/1089/44 2338/1089/44
f 2339/1090/44 2341/1090/44 2342/1090/44
f 2343/1091/2 2345/4329/2 2346/1092/2
f 2347/1094/44 2349/1094/44 2350/1094/44
f 2351/1095/2 2353/1095/2 2354/1095/2
f 2361/1100/44 2363/1100/44 2364/1100/44
f 2365/1101/2 2367/4330/2 2368/1102/2
f 2369/1104/44 2371/1104/44 2372/1104/44
f 2373/1105/2 2375/1105/2 2376/1105/2
f 2377/1106/44 2379/1106/44 2380/1106/44
f 2381/1107/2 2383/4331/2 2384/1108/2
f 2385/1110/44 2387/1110/44 2388/1110/44
f 2389/1111/2 2391/1111/2 2392/1111/2
f 2395/1112/5 2396/1113/5 2394/1113/5
f 2399/1114/5 2400/1114/5 2398/1114/5
f 2401/1115/1 2403/4332/1 2404/1116/1
f 2405/1118/1 2407/1118/1 2408/1118/1
f 2409/1119/44 2411/1119/44 2412/1119/44
f 2413/1120/2 2415/4333/2 2416/1121/2
f 2417/1123/44 2419/1123/44 2420/1123/44
f 2421/1124/2 2423/1124/2 2424/1124/2
f 2425/1125/67 2427/1125/67 2428/1125/67
f 2429/1126/67 2431/1126/67 2432/1126/67
f 2438/1130/1 2439/4334/1 2437/1131/1
f 2442/1133/1 2443/1133/1 2441/1133/1
f 2444/1134/44 2446/1134/44 2447/1134/44
f 2448/1135/2 2450/4335/2 2451/1136/2
f 2452/1138/44 2454/1138/44 2455/1138/44
f 2456/1139/2 2458/1139/2 2459/1139/2
f 2462/1140/1 2463/4336/1 2461/1141/1
f 2466/1143/1 2467/1143/1 2465/1143/1
f 2468/1144/44 2470/1144/44 2471/1144/44
f 2472/1145/2 2474/4337/2 2475/1146/2
f 2476/1148/44 2478/1148/44 2479/1148/44
f 2480/1149/2 2482/1149/2 2483/1149/2
f 2484/1150/2 2486/4338/2 2487/1151/2
f 2488/1153/2 2490/1153/2 2491/1153/2
f 2494/1154/1 2495/4339/1 2493/1155/1
f 2498/1157/1 2499/1157/1 2497/1157/1
f 2503/1161/44 2505/1161/44 2506/1161/44
f 2507/1162/44 2509/1162/44 2510/1162/44
f 2513/1163/1 2514/4340/1 2512/1164/1
f 2517/1166/1 2518/1166/1 2516/1166/1
f 2521/1167/1 2522/4341/1 2520/1168/1
f 2525/1170/1 2526/1170/1 2524/1170/1
f 2532/1174/1 2533/4342/1 2531/1175/1
f 2536/1177/1 2537/1177/1 2535/1177/1
f 2540/1178/1 2541/4343/1 2539/1179/1
f 2544/1181/1 2545/1181/1 2543/1181/1
f 2548/1182/1 2549/4344/1 2547/1183/1
f 2552/1185/1 2553/1185/1 2551/1185/1
f 2557/1189/432 2559/1189/432 2560/1189/432
f 2561/1190/432 2563/1190/432 2564/1190/432
f 2567/1191/1 2568/4345/1 2566/1192/1
f 2571/1194/1 2572/1194/1 2570/1194/1
f 2575/1195/17 2576/1195/17 2574/1196/17
f 2579/1197/17 2580/1197/17 2578/1197/17
f 2583/1198/46 2584/1198/46 2582/1198/46
f 2587/1199/46 2588/1199/46 2586/1199/46
f 2591/1200/5 2592/4346/5 2590/1201/5
f 2595/1203/5 2596/1203/5 2594/1203/5
f 2599/1204/69 2600/1204/69 2598/1204/69
f 2603/1205/69 2604/1205/69 2602/1205/69
f 2605/1206/1 2607/4347/1 2608/1207/1
f 2609/1209/1 2611/1209/1 2612/1209/1
f 2615/1210/67 2616/1210/67 2614/1210/67
f 2619/1211/67 2620/1211/67 2618/1211/67
f 2629/1216/1 2630/4348/1 2628/1217/1
f 2633/1219/1 2634/1219/1 2632/1219/1
f 2635/1220/431 2637/1220/431 2638/1220/431
f 2639/1221/431 2641/1221/431 2642/1221/431
f 2648/1225/1 2649/1225/1 2647/1225/1
f 2652/1226/1 2653/1226/1 2651/1226/1
f 2654/1227/52 2656/1227/52 2657/1227/52
f 2658/1228/52 2660/1228/52 2661/1228/52
f 2662/1229/19 2664/4349/19 2665/1230/19
f 2668/1232/69 2669/1232/69 2667/1232/69
f 2672/1233/69 2673/1233/69 2671/1233/69
f 2676/1234/1 2677/4350/1 2675/1235/1
f 2680/1237/1 2681/1237/1 2679/1237/1
f 2682/1238/431 2684/1238/431 2685/1238/431
f 2686/1239/431 2688/1239/431 2689/1239/431
f 2695/1243/1 2696/1243/1 2694/1243/1
f 2699/1244/1 2700/1244/1 2698/1244/1
f 2701/1245/432 2703/1245/432 2704/1245/432
f 2705/1246/432 2707/1246/432 2708/1246/432
f 2709/1247/52 2711/1247/52 2712/1247/52
f 2713/1248/52 2715/1248/52 2716/1248/52
f 2720/1252/1 2722/4351/1 2723/1253/1
f 2724/1255/1 2726/1255/1 2727/1255/1
f 2728/1256/1 2730/4352/1 2731/1257/1
f 2732/1259/1 2734/1259/1 2735/1259/1
f 2738/1260/56 2739/1260/56 2737/1260/56
f 2742/1261/56 2743/1261/56 2741/1261/56
f 2744/1262/50 2746/1262/50 2747/1262/50
f 2748/1263/50 2750/1263/50 2751/1263/50
f 2757/1267/1 2758/1267/1 2756/1267/1
f 2761/1268/1 2762/1268/1 2760/1268/1
f 2763/1269/51 2765/1269/51 2766/1269/51
f 2767/1270/51 2769/1270/51 2770/1270/51
f 2776/1274/1 2777/4353/1 2775/1275/1
f 2780/1277/1 2781/1277/1 2779/1277/1
f 2784/1278/53 2785/1278/53 2783/1278/53
f 2788/1279/53 2789/1279/53 2787/1279/53
f 2790/1280/433 2792/1280/433 2793/1280/433
f 2794/1281/433 2796/1281/433 2797/1281/433
f 2800/1282/1 2801/1282/1 2799/1282/1
f 2802/1283/17 2804/4354/17 2805/1284/17
f 2808/1286/1 2809/1286/1 2807/1286/1
f 2810/1287/17 2812/1287/17 2813/1287/17
f 2814/1288/52 2816/1288/52 2817/1288/52
f 2818/1289/52 2820/1289/52 2821/1289/52
f 2827/1293/1 2828/4355/1 2826/1294/1
f 2831/1296/1 2832/1296/1 2830/1296/1
f 2833/1297/5 2835/1298/5 2836/1298/5
f 2837/1299/5 2839/1299/5 2840/1299/5
f 2846/1303/46 2847/1303/46 2845/1303/46
f 2850/1304/46 2851/1304/46 2849/1304/46
f 2854/1305/53 2855/1305/53 2853/1305/53
f 2858/1306/53 2859/1306/53 2857/1306/53
f 2862/1307/67 2863/1307/67 2861/1307/67
f 2866/1308/67 2867/1308/67 2865/1308/67
f 2879/1316/1 2880/4356/1 2878/1317/1
f 2883/1319/1 2884/1319/1 2882/1319/1
f 2893/1324/434 2894/1324/434 2892/1324/434
f 2897/1325/434 2898/1325/434 2896/1325/434
f 2901/1326/1 2902/4357/1 2900/1327/1
f 2905/1329/1 2906/1329/1 2904/1329/1
f 2909/1330/1 2910/4358/1 2908/1331/1
f 2913/1333/1 2914/1333/1 2912/1333/1
f 2923/1338/1 2924/4359/1 2922/1339/1
f 2927/1341/1 2928/1341/1 2926/1341/1
f 2931/1342/42 2932/4360/42 2930/1343/42
f 2935/1345/42 2936/1345/42 2934/1345/42
f 2942/1349/42 2943/4361/42 2941/1350/42
f 2946/1352/1 2947/4362/1 2945/1353/1
f 2950/1355/42 2951/1355/42 2949/1355/42
f 2954/1356/1 2955/1356/1 2953/1356/1
f 2958/1357/1 2959/4363/1 2957/1358/1
f 2962/1360/1 2963/1360/1 2961/1360/1
f 2966/1361/42 2967/4364/42 2965/1362/42
f 2970/1364/42 2971/1364/42 2969/1364/42
f 2972/1365/58 2974/1365/58 2975/1365/58
f 2976/1366/58 2978/1366/58 2979/1366/58
f 2982/1367/1 2983/4365/1 2981/1368/1
f 2986/1370/1 2987/1370/1 2985/1370/1
f 2990/1371/42 2991/4366/42 2989/1372/42
f 2994/1374/42 2995/1374/42 2993/1374/42
f 2996/1375/58 2998/1375/58 2999/1375/58
f 3000/1376/58 3002/1376/58 3003/1376/58
f 3007/1380/17 3009/1380/17 3010/1381/17
f 3011/1382/17 3013/1382/17 3014/1382/17
f 3017/1383/1 3018/4367/1 3016/1384/1
f 3021/1386/1 3022/1386/1 3020/1386/1
f 3025/1387/42 3026/4368/42 3024/1388/42
f 3029/1390/42 3030/1390/42 3028/1390/42
f 3031/1391/58 3033/1391/58 3034/1391/58
f 3035/1392/58 3037/1392/58 3038/1392/58
f 3039/1393/1 3041/4369/1 3042/1394/1
f 3043/1396/1 3045/1396/1 3046/1396/1
f 3049/1397/42 3050/4370/42 3048/1398/42
f 3053/1400/1 3054/4371/1 3052/1401/1
f 3057/1403/42 3058/1403/42 3056/1403/42
f 3061/1404/1 3062/1404/1 3060/1404/1
f 3063/1405/58 3065/1405/58 3066/1405/58
f 3067/1406/58 3069/1406/58 3070/1406/58
f 3071/1407/46 3073/1407/46 3074/1407/46
f 3075/1408/46 3077/1408/46 3078/1408/46
f 3081/1409/42 3082/4372/42 3080/1410/42
f 3083/1412/1 3085/4373/1 3086/1413/1
f 3089/1415/42 3090/1415/42 3088/1415/42
f 3091/1416/1 3093/1416/1 3094/1416/1
f 3098/1420/58 3100/1420/58 3101/1420/58
f 3102/1421/58 3104/1421/58 3105/1421/58
f 3108/1422/42 3109/4374/42 3107/1423/42
f 3112/1425/42 3113/1425/42 3111/1425/42
f 3114/1426/58 3116/1426/58 3117/1426/58
f 3118/1427/58 3120/1427/58 3121/1427/58
f 3130/1432/42 3131/4375/42 3129/1433/42
f 3134/1435/42 3135/1435/42 3133/1435/42
f 3136/1436/58 3138/1436/58 3139/1436/58
f 3140/1437/58 3142/1437/58 3143/1437/58
f 3149/1441/42 3150/4376/42 3148/1442/42
f 3153/1444/42 3154/1444/42 3152/1444/42
f 3155/1445/1 3157/4377/1 3158/1446/1
f 3159/1448/1 3161/1448/1 3162/1448/1
f 3163/1449/58 3165/1449/58 3166/1449/58
f 3167/1450/58 3169/1450/58 3170/1450/58
f 3171/1451/58 3173/1451/58 3174/1451/58
f 3175/1452/58 3177/1452/58 3178/1452/58
f 3187/1457/58 3188/1457/58 3186/1457/58
f 3191/1458/58 3192/1458/58 3190/1458/58
f 3202/1468/1 3204/4378/1 3205/1469/1
f 3206/1471/1 3208/1471/1 3209/1471/1
f 3219/1479/1 3221/4379/1 3222/1480/1
f 3226/1485/19 3228/4380/19 3229/1486/19
f 3241/1497/5 3242/1497/5 3240/1497/5
f 3245/1498/5 3246/4381/5 3244/1499/5
f 3249/1501/5 3250/1501/5 3248/1501/5
f 3253/1502/5 3254/1502/5 3252/1502/5
f 3258/1506/1 3260/4382/1 3261/1507/1
f 3267/1512/80 3268/4383/80 3266/1513/80
f 3271/1515/80 3272/1515/80 3270/1515/80
f 3284/1523/81 3285/4384/81 3283/1524/81
f 3288/1526/81 3289/1526/81 3287/1526/81
f 3301/1534/82 3302/4385/82 3300/1535/82
f 3305/1537/82 3306/1537/82 3304/1537/82
f 3307/1538/1 3309/4386/1 3310/1539/1
f 3313/1541/83 3314/4387/83 3312/1542/83
f 3317/1544/83 3318/1544/83 3316/1544/83
f 3321/1545/84 3322/4388/84 3320/1546/84
f 3325/1548/85 3326/4389/85 3324/1549/85
f 3329/1551/84 3330/1551/84 3328/1551/84
f 3333/1552/85 3334/1552/85 3332/1552/85
f 3344/1560/1 3346/4390/1 3347/1561/1
f 3351/1566/1 3353/4391/1 3354/1567/1
f 3355/1569/1 3357/1569/1 3358/1569/1
f 3365/1576/1 3367/4392/1 3368/1577/1
f 3369/1579/1 3371/1579/1 3372/1579/1
f 3397/1600/1 3399/4393/1 3400/1601/1
f 3407/1609/19 3409/4394/19 3410/1610/19
f 3447/1648/1 3449/4395/1 3450/1649/1
f 3460/1660/1 3462/4396/1 3463/1661/1
f 3485/1684/19 3487/4397/19 3488/1685/19
f 3489/1687/1 3491/4185/1 3492/1688/1
f 3504/1699/5 3505/1699/5 3503/1699/5
f 3508/1700/5 3509/4398/5 3507/1701/5
f 3512/1703/5 3513/1703/5 3511/1703/5
f 3516/1704/5 3517/1704/5 3515/1704/5
f 3521/1708/1 3523/4399/1 3524/1709/1
f 3530/1714/80 3531/4400/80 3529/1715/80
f 3534/1717/80 3535/1717/80 3533/1717/80
f 3544/1724/86 3545/4401/86 3543/1725/86
f 3548/1727/86 3549/1727/86 3547/1727/86
f 3556/1734/2 3558/4402/2 3559/1735/2
f 3562/1737/82 3563/4403/82 3561/1738/82
f 3566/1740/82 3567/1740/82 3565/1740/82
f 3568/1741/1 3570/4404/1 3571/1742/1
f 3574/1744/83 3575/4405/83 3573/1745/83
f 3578/1747/83 3579/1747/83 3577/1747/83
f 3585/1751/84 3586/4406/84 3584/1752/84
f 3589/1754/85 3590/4407/85 3588/1755/85
f 3593/1757/84 3594/1757/84 3592/1757/84
f 3597/1758/85 3598/1758/85 3596/1758/85
f 3601/1759/2 3602/4408/2 3600/1760/2
f 3605/1762/87 3606/4409/87 3604/1763/87
f 3609/1765/87 3610/1765/87 3608/1765/87
f 3614/1769/2 3616/4410/2 3617/1770/2
f 3618/1772/419 3620/1772/419 3621/1773/419
f 3624/1774/5 3625/4411/5 3623/1775/5
f 3626/1777/2 3628/1777/2 3629/1778/2
f 3632/1779/89 3633/4412/89 3631/1780/89
f 3636/1782/89 3637/1782/89 3635/1782/89
f 3638/1783/1 3640/4413/1 3641/1784/1
f 3645/1789/2 3647/1789/2 3648/1790/2
f 3649/1791/419 3651/4414/419 3652/1792/419
f 3653/1793/45 3655/4415/45 3656/1794/45
f 3657/1796/2 3659/1796/2 3660/1797/2
f 3663/1798/91 3664/4416/91 3662/1799/91
f 3667/1801/91 3668/1801/91 3666/1801/91
f 3669/1802/2 3671/1802/2 3672/1802/2
f 3675/1803/92 3676/4417/92 3674/1804/92
f 3679/1806/92 3680/1806/92 3678/1806/92
f 3681/1807/1 3683/4418/1 3684/1808/1
f 3685/1810/5 3687/1810/5 3688/1810/5
f 3691/1811/93 3692/4419/93 3690/1812/93
f 3695/1814/94 3696/4420/94 3694/1815/94
f 3699/1817/93 3700/1817/93 3698/1817/93
f 3703/1818/94 3704/1818/94 3702/1818/94
f 3710/1822/45 3711/4421/45 3709/1823/45
f 3714/1825/17 3715/4422/17 3713/1826/17
f 3716/1828/95 3718/4423/95 3719/1829/95
f 3720/1831/17 3722/4424/17 3723/1832/17
f 3726/1834/96 3727/4425/96 3725/1835/96
f 3728/1837/17 3730/1837/17 3731/1837/17
f 3735/1841/1 3737/4426/1 3738/1842/1
f 3739/1843/34 3741/1844/34 3742/1844/34
f 3745/1846/42 3746/4427/42 3744/1847/42
f 3747/1849/1 3749/4428/1 3750/1850/1
f 3751/1852/1 3753/1853/1 3754/1853/1
f 3760/1857/96 3761/4429/96 3759/1858/96
f 3762/1860/17 3764/4430/17 3765/1861/17
f 3766/1863/1 3768/1864/1 3769/1864/1
f 3773/1868/1 3775/1869/1 3776/1869/1
f 3777/1870/1 3779/1871/1 3780/1871/1
f 3781/1872/2 3783/1872/2 3784/1872/2
f 3785/1873/5 3787/4431/5 3788/1874/5
f 3789/1876/5 3791/1876/5 3792/1876/5
f 3798/1880/25 3799/4432/25 3797/1881/25
f 3800/1883/95 3802/4433/95 3803/1884/95
f 3807/1889/17 3809/1889/17 3810/1889/17
f 3811/1890/22 3813/4434/22 3814/1891/22
f 3815/1893/435 3817/1893/435 3818/1893/435
f 3819/1894/17 3821/4435/17 3822/1895/17
f 3823/1897/17 3825/4436/17 3826/1898/17
f 3829/1900/96 3830/4437/96 3828/1901/96
f 3833/1903/42 3834/4438/42 3832/1904/42
f 3835/1906/1 3837/1907/1 3838/1907/1
f 3839/1909/1 3841/1910/1 3842/1910/1
f 3845/1911/98 3846/1911/98 3844/1911/98
f 3847/1912/435 3849/1912/435 3850/1912/435
f 3853/1913/96 3854/4439/96 3852/1914/96
f 3858/1919/100 3860/1919/100 3861/1919/100
f 3862/1920/17 3864/4440/17 3865/1921/17
f 3866/1923/1 3868/1923/1 3869/1923/1
f 3870/1924/1 3872/1925/1 3873/1925/1
f 3874/1926/1 3876/1927/1 3877/1927/1
f 3878/1928/100 3880/1928/100 3881/1928/100
f 3884/1929/98 3885/1929/98 3883/1929/98
f 3888/1930/102 3889/1930/102 3887/1930/102
f 3893/1934/1 3895/1934/1 3896/1934/1
f 3899/1935/102 3900/1935/102 3898/1935/102
f 3903/1936/5 3904/4441/5 3902/1937/5
f 3905/1939/1 3907/4442/1 3908/1940/1
f 3912/1945/28 3914/4443/28 3915/1946/28
f 3919/1951/19 3921/4444/19 3922/1952/19
f 3925/1954/17 3926/4445/17 3924/1955/17
f 3929/1957/28 3930/4446/28 3928/1958/28
f 3936/1963/96 3937/4447/96 3935/1964/96
f 3941/1969/17 3943/4448/17 3944/1970/17
f 3945/1972/1 3947/4449/1 3948/1973/1
f 3949/1975/1 3951/1976/1 3952/1976/1
f 3953/1977/2 3955/1977/2 3956/1977/2
f 3957/1978/1 3959/1979/1 3960/1979/1
f 3961/1980/1 3963/1981/1 3964/1981/1
f 3967/1982/96 3968/4450/96 3966/1983/96
f 3969/1985/5 3971/1985/5 3972/1985/5
f 3976/1989/17 3978/4451/17 3979/1990/17
f 3980/1992/1 3982/1993/1 3983/1993/1
f 3987/1997/1 3989/1998/1 3990/1998/1
f 3991/1999/1 3993/2000/1 3994/2000/1
f 3995/2001/42 3997/2001/42 3998/2001/42
f 3999/2002/42 4001/4452/42 4002/2003/42
f 4003/2005/42 4005/2005/42 4006/2005/42
f 4007/2006/42 4009/2006/42 4010/2006/42
f 4011/2007/95 4013/4453/95 4014/2008/95
f 4015/2010/42 4017/2010/42 4018/2010/42
f 4019/2011/42 4021/4454/42 4022/2012/42
f 4023/2014/42 4025/2014/42 4026/2014/42
f 4027/2015/42 4029/2015/42 4030/2015/42
f 4037/2022/17 4039/2022/17 4040/2022/17
f 4041/2023/42 4043/2023/42 4044/2023/42
f 4045/2024/42 4047/4455/42 4048/2025/42
f 4049/2027/42 4051/2027/42 4052/2027/42
f 4053/2028/42 4055/2028/42 4056/2028/42
f 4060/2032/5 4062/4456/5 4063/2033/5
f 4066/2035/42 4067/4457/42 4065/2036/42
f 4071/2041/42 4073/2041/42 4074/2041/42
f 4075/2042/42 4077/4458/42 4078/2043/42
f 4082/2046/42 4084/2046/42 4085/2046/42
f 4086/2047/42 4088/2047/42 4089/2047/42
f 4090/2048/42 4092/4459/42 4093/2049/42
f 4094/2051/42 4096/2051/42 4097/2051/42
f 4098/2052/42 4100/2052/42 4101/2052/42
f 4102/2053/42 4104/4460/42 4105/2054/42
f 4106/2056/42 4108/2056/42 4109/2056/42
f 4110/2057/42 4112/2057/42 4113/2057/42
f 4119/2061/22 4120/4461/22 4118/2062/22
f 4123/2064/1 4124/4462/1 4122/2065/1
f 4128/2070/42 4130/2070/42 4131/2070/42
f 4132/2071/42 4134/4463/42 4135/2072/42
f 4136/2074/42 4138/4464/42 4139/2075/42
f 4140/2077/42 4142/2077/42 4143/2077/42
f 4144/2078/42 4146/2078/42 4147/2078/42
f 4148/2079/42 4150/2079/42 4151/2079/42
f 4155/2083/42 4157/2083/42 4158/2083/42
f 4159/2084/42 4161/4465/42 4162/2085/42
f 4163/2087/42 4165/2087/42 4166/2087/42
f 4167/2088/42 4169/2088/42 4170/2088/42
f 4171/2089/42 4173/4466/42 4174/2090/42
f 4175/2092/42 4177/2092/42 4178/2092/42
f 4179/2093/2 4181/2093/2 4182/2093/2
f 4183/2094/17 4185/4467/17 4186/2095/17
f 4187/2097/22 4189/4468/22 4190/2098/22
f 4191/2100/42 4193/2100/42 4194/2100/42
f 4195/2101/42 4197/4469/42 4198/2102/42
f 4199/2104/42 4201/2104/42 4202/2104/42
f 4203/2105/42 4205/2105/42 4206/2105/42
f 4207/2106/42 4209/4470/42 4210/2107/42
f 4211/2109/42 4213/2109/42 4214/2109/42
f 4215/2110/5 4217/2110/5 4218/2110/5
f 4221/2111/1 4222/4471/1 4220/2112/1
f 4226/2117/42 4228/2117/42 4229/2117/42
f 4230/2118/42 4232/4472/42 4233/2119/42
f 4234/2121/42 4236/2121/42 4237/2121/42
f 4238/2122/42 4240/2122/42 4241/2122/42
f 4250/2127/96 4251/4473/96 4249/2128/96
f 4257/2133/42 4258/2133/42 4256/2133/42
f 4261/2134/42 4262/4474/42 4260/2135/42
f 4268/2138/42 4269/2138/42 4267/2138/42
f 4272/2139/42 4273/2139/42 4271/2139/42
f 4277/2143/95 4279/4475/95 4280/2144/95
f 4281/2146/436 4283/2146/436 4284/2146/436
f 4285/2147/17 4287/4476/17 4288/2148/17
f 4289/2150/1 4291/2151/1 4292/2151/1
f 4293/2152/42 4295/2152/42 4296/2152/42
f 4297/2153/42 4299/4477/42 4300/2154/42
f 4301/2156/42 4303/2156/42 4304/2156/42
f 4305/2157/42 4307/2157/42 4308/2157/42
f 4309/2158/42 4311/4478/42 4312/2159/42
f 4313/2161/42 4315/2161/42 4316/2161/42
f 4319/2162/1 4320/4479/1 4318/2163/1
f 4323/2165/1 4324/2165/1 4322/2165/1
f 4325/2166/1 4327/2167/1 4328/2167/1
f 4331/2168/96 4332/4480/96 4330/2169/96
f 4333/2171/17 4335/2171/17 4336/2171/17
f 4337/2172/42 4339/2172/42 4340/2172/42
f 4341/2173/42 4343/4481/42 4344/2174/42
f 4345/2176/42 4347/2176/42 4348/2176/42
f 4349/2177/42 4351/2177/42 4352/2177/42
f 4355/2178/437 4356/2178/437 4354/2178/437
f 4359/2179/42 4360/4482/42 4358/2180/42
f 4361/2182/438 4363/2182/438 4364/2182/438
f 4365/2183/27 4367/2183/27 4368/2183/27
f 4371/2184/42 4372/4483/42 4370/2185/42
f 4375/2187/42 4376/2187/42 4374/2187/42
f 4377/2188/17 4379/4484/17 4380/2189/17
f 4381/2191/1 4383/2192/1 4384/2192/1
f 4388/2196/1 4390/2196/1 4391/2196/1
f 4392/2197/1 4394/2198/1 4395/2198/1
f 4396/2199/42 4398/4485/42 4399/2200/42
f 4400/2202/42 4402/2202/42 4403/2202/42
f 4406/2203/439 4407/2203/439 4405/2203/439
f 4410/2204/1 4411/4486/1 4409/2205/1
f 4414/2207/1 4415/2207/1 4413/2207/1
f 4416/2208/438 4418/2208/438 4419/2208/438
f 4422/2209/437 4423/2209/437 4421/2209/437
f 4424/2210/42 4426/4487/42 4427/2211/42
f 4428/2213/42 4430/2213/42 4431/2213/42
f 4434/2214/1 4435/4488/1 4433/2215/1
f 4438/2217/5 4439/4489/5 4437/2218/5
f 4446/2224/1 4448/2224/1 4449/2224/1
f 4455/2228/106 4456/2228/106 4454/2228/106
f 4457/2229/28 4459/4490/28 4460/2230/28
f 4463/2232/1 4464/4491/1 4462/2233/1
f 4467/2235/1 4468/2235/1 4466/2235/1
f 4477/2242/28 4478/4492/28 4476/2243/28
f 4481/2245/17 4482/4493/17 4480/2246/17
f 4485/2248/1 4486/4494/1 4484/2249/1
f 4489/2251/1 4490/2251/1 4488/2251/1
f 4494/2255/96 4496/4495/96 4497/2256/96
f 4498/2258/2 4500/2258/2 4501/2258/2
f 4502/2259/17 4504/4496/17 4505/2260/17
f 4508/2262/1 4509/2262/1 4507/2263/1
f 4510/2264/96 4512/4497/96 4513/2265/96
f 4514/2267/5 4516/2267/5 4517/2267/5
f 4518/2268/1 4520/2269/1 4521/2269/1
f 4525/2273/1 4527/2274/1 4528/2274/1
f 4531/2275/1 4532/2275/1 4530/2276/1
f 4533/2277/17 4535/4498/17 4536/2278/17
f 4537/2280/5 4539/4499/5 4540/2281/5
f 4541/2283/95 4543/4500/95 4544/2284/95
f 4545/2286/1 4547/2287/1 4548/2287/1
f 4549/2288/1 4551/2289/1 4552/2289/1
f 4556/2293/17 4558/2293/17 4559/2293/17
f 4562/2294/116 4563/4501/116 4561/2295/116
f 4566/2297/25 4567/4502/25 4565/2298/25
f 4571/2303/25 4573/4503/25 4574/2304/25
f 4575/2306/17 4577/4504/17 4578/2307/17
f 4579/2309/2 4581/2309/2 4582/2309/2
f 4583/2310/5 4585/2310/5 4586/2310/5
f 4589/2311/42 4590/4505/42 4588/2312/42
f 4594/2317/95 4596/4506/95 4597/2318/95
f 4598/2320/42 4600/4507/42 4601/2321/42
f 4602/2323/96 4604/4508/96 4605/2324/96
f 4609/2329/127 4611/2329/127 4612/2329/127
f 4613/2330/17 4615/2330/17 4616/2330/17
f 4619/2331/1 4620/2331/1 4618/2332/1
f 4623/2333/42 4624/4509/42 4622/2334/42
f 4625/2336/17 4627/4510/17 4628/2337/17
f 4629/2339/96 4631/4511/96 4632/2340/96
f 4636/2345/108 4638/2345/108 4639/2345/108
f 4640/2346/1 4642/2347/1 4643/2347/1
f 4644/2348/19 4646/4512/19 4647/2349/19
f 4648/2351/111 4650/2351/111 4651/2351/111
f 4654/2352/110 4655/2352/110 4653/2352/110
f 4658/2353/1 4659/2353/1 4657/2354/1
f 4660/2355/17 4662/4513/17 4663/2356/17
f 4664/2358/1 4666/2358/1 4667/2358/1
f 4674/2365/1 4676/4514/1 4677/2366/1
f 4680/2367/110 4681/2367/110 4679/2367/110
f 4682/2368/111 4684/2368/111 4685/2368/111
f 4688/2369/112 4689/2369/112 4687/2369/112
f 4690/2370/1 4692/2370/1 4693/2370/1
f 4702/2377/440 4703/2377/440 4701/2377/440
f 4704/2378/96 4706/4515/96 4707/2379/96
f 4708/2381/1 4710/4516/1 4711/2382/1
f 4717/2387/1 4718/2387/1 4716/2388/1
f 4719/2389/126 4721/4517/126 4722/2390/126
f 4729/2398/17 4731/4518/17 4732/2399/17
f 4733/2401/1 4735/2402/1 4736/2402/1
f 4737/2403/1 4739/2404/1 4740/2404/1
f 4743/2405/1 4744/2405/1 4742/2406/1
f 4745/2407/17 4747/4519/17 4748/2408/17
f 4752/2413/2 4754/4520/2 4755/2414/2
f 4756/2416/419 4758/2416/419 4759/2417/419
f 4763/2421/1 4765/2422/1 4766/2422/1
f 4767/2423/2 4769/2423/2 4770/2424/2
f 4771/2425/1 4773/4521/1 4774/2426/1
f 4775/2428/1 4777/4522/1 4778/2429/1
f 4779/2431/428 4781/4523/428 4782/2432/428
f 4786/2436/2 4788/2436/2 4789/2437/2
f 4790/2438/419 4792/4524/419 4793/2439/419
f 4794/2440/42 4796/2441/42 4797/2441/42
f 4798/2442/2 4800/2442/2 4801/2443/2
f 4802/2444/42 4804/2445/42 4805/2445/42
f 4806/2446/2 4808/2446/2 4809/2446/2
f 4810/2447/428 4812/2448/428 4813/2448/428
f 4814/2449/5 4816/2449/5 4817/2449/5
f 4821/2453/42 4823/2454/42 4824/2454/42
f 4825/2455/42 4827/4525/42 4828/2456/42
f 4829/2458/95 4831/4526/95 4832/2459/95
f 4833/2461/1 4835/4527/1 4836/2462/1
f 4837/2464/17 4839/4528/17 4840/2465/17
f 4843/2467/96 4844/4529/96 4842/2468/96
f 4845/2470/1 4847/4530/1 4848/2471/1
f 4849/2473/17 4851/2473/17 4852/2473/17
f 4856/2477/1 4858/4531/1 4859/2478/1
f 4860/2479/1 4862/2480/1 4863/2480/1
f 4866/2482/42 4867/4532/42 4865/2483/42
f 4868/2485/1 4870/2486/1 4871/2486/1
f 4874/2487/96 4875/4533/96 4873/2488/96
f 4876/2490/17 4878/4534/17 4879/2491/17
f 4880/2493/1 4882/2494/1 4883/2494/1
f 4887/2498/1 4889/2499/1 4890/2499/1
f 4891/2500/1 4893/2501/1 4894/2501/1
f 4895/2502/2 4897/2502/2 4898/2502/2
f 4899/2503/2 4901/2503/2 4902/2503/2
f 4903/2504/2 4905/2504/2 4906/2504/2
f 4907/2505/5 4909/2505/5 4910/2505/5
f 4917/2512/95 4919/4535/95 4920/2513/95
f 4921/2515/2 4923/2515/2 4924/2515/2
f 4925/2516/2 4927/2516/2 4928/2516/2
f 4932/2520/17 4934/2520/17 4935/2520/17
f 4936/2521/99 4938/2521/99 4939/2521/99
f 4940/2522/17 4942/4536/17 4943/2523/17
f 4946/2525/96 4947/4537/96 4945/2526/96
f 4950/2528/42 4951/4538/42 4949/2529/42
f 4952/2531/1 4954/2532/1 4955/2532/1
f 4956/2534/1 4958/2535/1 4959/2535/1
f 4965/2539/98 4966/2539/98 4964/2539/98
f 4967/2540/435 4969/2540/435 4970/2540/435
f 4973/2541/96 4974/4539/96 4972/2542/96
f 4975/2544/100 4977/2544/100 4978/2544/100
f 4979/2545/17 4981/4540/17 4982/2546/17
f 4983/2548/1 4985/2548/1 4986/2548/1
f 4987/2549/1 4989/2550/1 4990/2550/1
f 4991/2551/1 4993/2552/1 4994/2552/1
f 4997/2553/441 4998/2553/441 4996/2553/441
f 4999/2554/100 5001/2554/100 5002/2554/100
f 5005/2555/101 5006/2555/101 5004/2555/101
f 5010/2559/1 5012/2559/1 5013/2559/1
f 5016/2560/103 5017/2560/103 5015/2560/103
f 5023/2564/1 5024/4541/1 5022/2565/1
f 5030/2570/96 5031/4542/96 5029/2571/96
f 5034/2573/1 5035/4543/1 5033/2574/1
f 5036/2576/17 5038/4544/17 5039/2577/17
f 5043/2582/1 5045/2583/1 5046/2583/1
f 5047/2584/2 5049/2584/2 5050/2584/2
f 5051/2585/442 5053/2585/442 5054/2585/442
f 5055/2586/1 5057/2587/1 5058/2587/1
f 5059/2588/1 5061/2589/1 5062/2589/1
f 5063/2590/2 5065/2590/2 5066/2590/2
f 5069/2591/96 5070/4545/96 5068/2592/96
f 5071/2594/5 5073/2594/5 5074/2594/5
f 5077/2595/1 5078/4546/1 5076/2596/1
f 5079/2598/17 5081/4547/17 5082/2599/17
f 5086/2604/1 5088/2605/1 5089/2605/1
f 5090/2606/1 5092/2607/1 5093/2607/1
f 5094/2608/1 5096/2609/1 5097/2609/1
f 5098/2610/19 5100/4548/19 5101/2611/19
f 5102/2613/95 5104/4549/95 5105/2614/95
f 5109/2619/17 5111/2619/17 5112/2619/17
f 5115/2620/1 5116/4550/1 5114/2621/1
f 5122/2626/42 5123/4551/42 5121/2627/42
f 5132/2635/5 5133/4552/5 5131/2636/5
f 5134/2638/17 5136/2638/17 5137/2638/17
f 5140/2639/5 5141/4553/5 5139/2640/5
f 5144/2642/1 5145/4554/1 5143/2643/1
f 5148/2645/1 5149/2645/1 5147/2645/1
f 5152/2646/79 5153/4555/79 5151/2647/79
f 5157/2652/17 5159/2652/17 5160/2652/17
f 5163/2653/79 5164/4556/79 5162/2654/79
f 5165/2656/2 5167/2656/2 5168/2656/2
f 5169/2657/5 5171/2657/5 5172/2657/5
f 5178/2661/5 5179/4557/5 5177/2662/5
f 5182/2664/1 5183/4558/1 5181/2665/1
f 5186/2667/1 5187/2667/1 5185/2667/1
f 5193/2671/96 5194/4559/96 5192/2672/96
f 5195/2674/17 5197/2674/17 5198/2674/17
f 5201/2675/79 5202/4560/79 5200/2676/79
f 5205/2678/5 5206/4561/5 5204/2679/5
f 5207/2681/17 5209/2681/17 5210/2681/17
f 5213/2682/54 5214/4562/54 5212/2683/54
f 5215/2685/27 5217/2685/27 5218/2685/27
f 5219/2686/95 5221/4563/95 5222/2687/95
f 5223/2689/17 5225/4564/17 5226/2690/17
f 5227/2692/1 5229/2693/1 5230/2693/1
f 5234/2697/1 5236/2698/1 5237/2698/1
f 5240/2699/96 5241/4565/96 5239/2700/96
f 5242/2702/17 5244/2702/17 5245/2702/17
f 5248/2703/1 5249/4566/1 5247/2704/1
f 5252/2706/1 5253/2706/1 5251/2706/1
f 5259/2710/104 5260/2710/104 5258/2710/104
f 5263/2711/42 5264/4567/42 5262/2712/42
f 5265/2714/119 5267/2714/119 5268/2714/119
f 5269/2715/27 5271/2715/27 5272/2715/27
f 5273/2716/17 5275/4568/17 5276/2717/17
f 5277/2719/1 5279/2720/1 5280/2720/1
f 5284/2724/417 5286/2724/417 5287/2724/417
f 5291/2728/1 5293/2729/1 5294/2729/1
f 5297/2730/106 5298/2730/106 5296/2730/106
f 5299/2731/119 5301/2731/119 5302/2731/119
f 5305/2732/437 5306/2732/437 5304/2732/437
f 5309/2733/1 5310/4569/1 5308/2734/1
f 5313/2736/1 5314/2736/1 5312/2736/1
f 5315/2737/1 5317/2737/1 5318/2737/1
f 5324/2741/439 5325/2741/439 5323/2741/439
f 5344/2760/96 5346/4570/96 5347/2761/96
f 5351/2766/2 5353/2766/2 5354/2766/2
f 5355/2767/17 5357/4571/17 5358/2768/17
f 5361/2770/1 5362/2770/1 5360/2771/1
f 5368/2775/5 5369/4572/5 5367/2776/5
f 5370/2778/96 5372/4573/96 5373/2779/96
f 5374/2781/5 5376/2781/5 5377/2781/5
f 5384/2786/1 5386/2787/1 5387/2787/1
f 5388/2788/17 5390/2788/17 5391/2788/17
f 5394/2789/79 5395/4574/79 5393/2790/79
f 5398/2792/5 5399/4575/5 5397/2793/5
f 5400/2795/1 5402/2796/1 5403/2796/1
f 5404/2797/17 5406/2797/17 5407/2797/17
f 5410/2798/79 5411/4576/79 5409/2799/79
f 5414/2801/1 5415/2801/1 5413/2802/1
f 5416/2803/17 5418/4577/17 5419/2804/17
f 5420/2806/95 5422/4578/95 5423/2807/95
f 5424/2809/1 5426/2810/1 5427/2810/1
f 5428/2811/1 5430/2812/1 5431/2812/1
f 5435/2816/17 5437/2816/17 5438/2816/17
f 5441/2817/42 5442/4579/42 5440/2818/42
f 5461/2836/125 5463/2836/125 5464/2836/125
f 5465/2837/125 5467/2837/125 5468/2837/125
f 5469/2838/2 5471/2838/2 5472/2838/2
f 5473/2839/5 5475/2839/5 5476/2839/5
f 5483/2846/42 5485/2846/42 5486/2846/42
f 5487/2847/95 5489/4580/95 5490/2848/95
f 5491/2850/125 5493/2850/125 5494/2850/125
f 5495/2851/96 5497/4581/96 5498/2852/96
f 5502/2857/17 5504/2857/17 5505/2857/17
f 5506/2858/128 5508/2858/128 5509/2858/128
f 5515/2862/42 5516/4582/42 5514/2863/42
f 5519/2865/1 5520/2865/1 5518/2866/1
f 5521/2867/17 5523/4583/17 5524/2868/17
f 5525/2870/96 5527/4584/96 5528/2871/96
f 5529/2873/127 5531/2873/127 5532/2873/127
f 5533/2874/1 5535/2875/1 5536/2875/1
f 5540/2879/111 5542/2879/111 5543/2879/111
f 5546/2880/110 5547/2880/110 5545/2880/110
f 5550/2881/1 5551/2881/1 5549/2882/1
f 5552/2883/17 5554/4585/17 5555/2884/17
f 5556/2886/1 5558/2886/1 5559/2886/1
f 5566/2891/1 5568/4586/1 5569/2892/1
f 5572/2893/110 5573/2893/110 5571/2893/110
f 5574/2894/129 5576/2894/129 5577/2894/129
f 5580/2895/130 5581/2895/130 5579/2895/130
f 5585/2899/1 5587/2899/1 5588/2899/1
f 5597/2904/112 5598/2904/112 5596/2904/112
f 5602/2908/96 5604/4587/96 5605/2909/96
f 5609/2914/19 5611/4588/19 5612/2915/19
f 5615/2917/1 5616/2917/1 5614/2918/1
f 5623/2925/17 5625/4589/17 5626/2926/17
f 5627/2928/96 5629/4590/96 5630/2929/96
f 5631/2931/1 5633/2932/1 5634/2932/1
f 5635/2933/1 5637/2934/1 5638/2934/1
f 5641/2935/1 5642/2935/1 5640/2936/1
f 5646/2940/17 5648/4591/17 5649/2941/17
f 5656/2949/1 5658/4592/1 5659/2950/1
f 5660/2952/1 5662/2953/1 5663/2953/1
f 5664/2954/1 5666/4593/1 5667/2955/1
f 5668/2957/42 5670/2957/42 5671/2957/42
f 5672/2958/428 5674/4594/428 5675/2959/428
f 5679/2963/42 5681/2963/42 5682/2963/42
f 5683/2964/125 5685/2965/125 5686/2965/125
f 5687/2966/42 5689/2967/42 5690/2967/42
f 5697/2974/428 5699/2975/428 5700/2975/428
f 5701/2976/42 5703/2977/42 5704/2977/42
f 5705/2978/42 5707/4595/42 5708/2979/42
f 5718/2990/1 5720/4596/1 5721/2991/1
f 5734/3005/134 5736/3005/134 5737/3005/134
f 5750/3016/1 5752/4597/1 5753/3017/1
f 5754/3019/136 5756/3019/136 5757/3019/136
f 5821/3077/134 5823/3077/134 5824/3077/134
f 5837/3086/136 5839/3086/136 5840/3086/136
f 5853/3099/134 5855/3099/134 5856/3099/134
f 5860/3103/136 5862/3103/136 5863/3103/136
f 5866/3104/5 5867/3104/5 5865/3104/5
f 5874/3111/19 5876/4598/19 5877/3112/19
f 5883/3117/1 5884/3117/1 5882/3117/1
f 5894/3125/17 5896/3125/17 5897/3125/17
f 5903/3129/1 5904/3129/1 5902/3129/1
f 5952/3173/5 5953/3173/5 5951/3173/5
f 5962/3180/1 5963/3180/1 5961/3180/1
f 5970/3187/17 5972/3187/17 5973/3187/17
f 5979/3191/1 5980/3191/1 5978/3191/1
f 5983/3192/5 5984/3192/5 5982/3192/5
f 5999/3205/1 6000/3205/1 5998/3205/1
f 6004/3209/17 6006/3209/17 6007/3209/17
f 6010/3210/140 6011/3210/140 6009/3210/140
f 6017/3214/1 6018/3214/1 6016/3214/1
f 6024/3218/141 6025/3218/141 6023/3218/141
f 6061/3252/140 6062/3252/140 6060/3252/140
f 6069/3259/19 6071/4599/19 6072/3260/19
f 6075/3262/141 6076/3262/141 6074/3262/141
f 6091/3275/140 6092/3275/140 6090/3275/140
f 6101/3282/141 6102/3282/141 6100/3282/141
f 6115/3295/114 6117/3295/114 6118/3295/114
f 6119/3296/2 6121/3296/2 6122/3296/2
f 6129/3303/1 6131/4600/1 6132/3304/1
f 6139/3312/2 6141/3312/2 6142/3312/2
f 6149/3319/2 6151/3319/2 6152/3319/2
f 6165/3332/145 6166/4176/145 6168/3333/145
f 6202/3368/2 6204/3368/2 6205/3368/2
f 6206/3369/2 6208/3369/2 6209/3369/2
f 6213/3373/134 6215/3373/134 6216/3373/134
f 6220/3377/136 6222/3377/136 6223/3377/136
f 6226/3378/5 6227/4601/5 6225/3379/5
f 6228/3381/17 6230/3381/17 6231/3381/17
f 6234/3382/79 6235/4602/79 6233/3383/79
f 6238/3385/5 6239/4603/5 6237/3386/5
f 6240/3388/17 6242/3388/17 6243/3388/17
f 6249/3392/79 6250/4604/79 6248/3393/79
f 6254/3398/149 6256/4605/149 6257/3399/149
f 6258/3401/134 6260/3401/134 6261/3401/134
f 6264/3402/5 6265/4606/5 6263/3403/5
f 6266/3405/17 6268/3405/17 6269/3405/17
f 6272/3406/5 6273/4607/5 6271/3407/5
f 6279/3412/79 6280/4608/79 6278/3413/79
f 6281/3415/136 6283/3415/136 6284/3415/136
f 6285/3416/17 6287/3416/17 6288/3416/17
f 6291/3417/54 6292/4609/54 6290/3418/54
f 6293/3420/149 6295/4610/149 6296/3421/149
f 6300/3426/19 6302/4157/19 6303/3427/19
f 6304/3429/149 6306/4611/149 6307/3430/149
f 6308/3432/149 6310/4612/149 6311/3433/149
f 6312/3435/2 6314/4613/2 6315/3436/2
f 6318/3438/2 6319/4614/2 6317/3439/2
f 6320/3441/2 6322/4615/2 6323/3442/2
f 6326/3444/2 6327/4616/2 6325/3445/2
f 6331/3450/2 6333/4617/2 6334/3451/2
f 6337/3453/2 6338/4618/2 6336/3454/2
f 6341/3456/5 6342/4619/5 6340/3457/5
f 6343/3459/17 6345/3459/17 6346/3459/17
f 6349/3460/5 6350/4620/5 6348/3461/5
f 6356/3466/79 6357/4621/79 6355/3467/79
f 6358/3469/17 6360/3469/17 6361/3469/17
f 6364/3470/54 6365/4622/54 6363/3471/54
f 6371/3476/5 6372/3476/5 6370/3476/5
f 6378/3480/150 6379/4623/150 6377/3481/150
f 6382/3483/1 6383/3483/1 6381/3483/1
f 6384/3484/17 6386/3484/17 6387/3484/17
f 6388/3485/42 6390/3485/42 6391/3485/42
f 6394/3486/1 6395/3486/1 6393/3486/1
f 6396/3487/42 6398/3487/42 6399/3487/42
f 6402/3488/5 6403/3488/5 6401/3488/5
f 6404/3489/42 6406/3489/42 6407/3489/42
f 6408/3490/42 6410/3490/42 6411/3490/42
f 6414/3491/1 6415/3491/1 6413/3491/1
f 6416/3492/17 6418/3492/17 6419/3492/17
f 6422/3493/5 6423/4624/5 6421/3494/5
f 6426/3496/1 6427/3496/1 6425/3496/1
f 6428/3497/151 6430/4625/151 6431/3498/151
f 6437/3503/152 6438/4626/152 6436/3504/152
f 6439/3506/151 6441/4627/151 6442/3507/151
f 6445/3509/152 6446/4628/152 6444/3510/152
f 6447/3512/151 6449/4629/151 6450/3513/151
f 6451/3515/17 6453/4630/17 6454/3516/17
f 6460/3521/153 6461/4631/153 6459/3522/153
f 6462/3524/116 6464/3524/116 6465/3524/116
f 6466/3525/125 6468/3525/125 6469/3525/125
f 6475/3529/140 6476/3529/140 6474/3529/140
f 6482/3533/141 6483/3533/141 6481/3533/141
f 6486/3534/154 6487/4632/154 6485/3535/154
f 6490/3537/154 6491/4633/154 6489/3538/154
f 6503/3549/154 6504/4634/154 6502/3550/154
f 6511/3558/5 6513/4635/5 6514/3559/5
f 6517/3561/154 6518/4636/154 6516/3562/154
f 6521/3564/150 6522/4637/150 6520/3565/150
f 6525/3567/151 6526/4638/151 6524/3568/151
f 6530/3573/152 6532/4639/152 6533/3574/152
f 6536/3576/151 6537/4640/151 6535/3577/151
f 6538/3579/152 6540/4641/152 6541/3580/152
f 6544/3582/151 6545/4642/151 6543/3583/151
f 6548/3585/17 6549/4643/17 6547/3586/17
f 6550/3588/153 6552/4644/153 6553/3589/153
f 6581/3618/42 6583/4645/42 6584/3619/42
f 6587/3621/42 6588/4646/42 6586/3622/42
f 6592/3627/42 6594/4647/42 6595/3628/42
f 6601/3633/42 6602/4648/42 6600/3634/42
f 6603/3636/42 6605/4649/42 6606/3637/42
f 6612/3642/42 6613/4650/42 6611/3643/42
f 6652/3681/150 6653/4651/150 6651/3682/150
f 6908/3802/443 6909/4652/443 6907/3803/443
f 6912/3805/444 6913/4653/444 6911/3806/444
f 6971/3829/1 6973/3829/1 6974/3829/1
f 6975/3830/145 6977/3830/145 6978/3830/145
f 6981/3831/445 6982/4654/445 6980/3832/445
f 6983/3834/446 6985/4655/446 6986/3835/446
f 6989/3837/447 6990/4656/447 6988/3838/447
f 6991/3840/5 6993/4657/5 6994/3841/5
f 7097/3877/2 7099/4658/2 7100/3878/2
f 7101/3880/448 7103/4659/448 7104/3881/448
f 7554/4040/150 7555/4660/150 7553/4041/150
f 7661/3333/410 7663/3333/410 7662/3334/410
f 6165/3332/411 6167/3334/411 7660/3334/411
f 6167/3334/411 6168/3333/411 7661/3333/411
f 6166/4176/411 6165/3332/411 7658/3332/411
f 6168/3333/411 6166/4176/411 7659/4176/411
